
v -0.4437 -0.1692 -0.7995
v -0.4385 -0.1688 -0.8071
v -0.4377 -0.1588 -0.7994
v -0.4399 -0.1617 -0.8020
v -0.4375 -0.1540 -0.7994
v -0.4389 -0.1692 -0.7885
v -0.4339 -0.1617 -0.8090
v -0.4349 -0.1589 -0.7937
v -0.4326 -0.1693 -0.7739
v -0.4338 -0.1579 -0.7879
v -0.4313 -0.1551 -0.7821
v -0.4307 -0.1602 -0.7937
v -0.4269 -0.1605 -0.8171
v -0.4314 -0.1531 -0.7975
v -0.4330 -0.1609 -0.7812
v -0.4239 -0.1622 -0.7639
v -0.4292 -0.1594 -0.8025
v -0.4285 -0.1597 -0.8094
v -0.4328 -0.1703 -0.8035
v -0.4295 -0.1587 -0.7783
v -0.4259 -0.1569 -0.7715
v -0.4283 -0.1539 -0.8141
v -0.4271 -0.1687 -0.8186
v -0.4262 -0.1669 -0.8261
v -0.4258 -0.1546 -0.7771
v -0.4269 -0.1595 -0.7900
v -0.4248 -0.1529 -0.8092
v -0.4266 -0.1538 -0.7873
v -0.4259 -0.1603 -0.7990
v -0.4247 -0.1592 -0.7814
v -0.4267 -0.1695 -0.7653
v -0.4212 -0.1702 -0.7943
v -0.4210 -0.1611 -0.8247
v -0.4205 -0.1562 -0.8135
v -0.4233 -0.1577 -0.8186
v -0.4194 -0.1598 -0.8169
v -0.4223 -0.1694 -0.8344
v -0.4222 -0.1569 -0.8229
v -0.4178 -0.1571 -0.8228
v -0.4194 -0.1696 -0.7570
v -0.4186 -0.1604 -0.7862
v -0.4223 -0.1586 -0.7738
v -0.4160 -0.1603 -0.8193
v -0.4185 -0.1539 -0.7612
v -0.4198 -0.1141 -0.8301
v -0.4148 -0.1026 -0.8321
v -0.4161 -0.1605 -0.7564
v -0.4207 -0.1636 -0.8327
v -0.4262 -0.1704 -0.7813
v -0.4209 -0.1598 -0.8091
v -0.4180 -0.1538 -0.7662
v -0.4144 -0.1683 -0.7513
v -0.4172 -0.1543 -0.7703
v -0.4161 -0.1600 -0.7738
v -0.4156 -0.1594 -0.7665
v -0.4156 -0.1512 -0.8300
v -0.4158 -0.1584 -0.8299
v -0.4127 -0.1520 -0.8347
v -0.4107 -0.1604 -0.8090
v -0.4168 -0.1111 -0.8213
v -0.4143 -0.1590 -0.8266
v -0.4094 -0.1590 -0.7511
v -0.4167 -0.1032 -0.8249
v -0.4133 -0.1569 -0.8242
v -0.4060 -0.1067 -0.8134
v -0.4121 -0.1597 -0.8254
v -0.4136 -0.1565 -0.8217
v -0.4145 -0.1583 -0.7576
v -0.4127 -0.1514 -0.8227
v -0.4116 -0.1694 -0.8451
v -0.4122 -0.1579 -0.8249
v -0.4187 -0.1706 -0.8296
v -0.4139 -0.1155 -0.8216
v -0.4082 -0.1598 -0.8377
v -0.4127 -0.1561 -0.8230
v -0.4128 -0.1164 -0.8312
v -0.4124 -0.1237 -0.8315
v -0.4127 -0.1330 -0.8223
v -0.4117 -0.1544 -0.7651
v -0.4122 -0.1363 -0.8307
v -0.4120 -0.1545 -0.7582
v -0.4092 -0.1703 -0.7580
v -0.4109 -0.1486 -0.8307
v -0.4095 -0.1693 -0.7459
v -0.4083 -0.1604 -0.7718
v -0.4140 -0.1054 -0.8246
v -0.4123 -0.1169 -0.8272
v -0.4118 -0.1418 -0.8257
v -0.4103 -0.0968 -0.8277
v -0.4109 -0.1313 -0.8256
v -0.4100 -0.1490 -0.8269
v -0.4071 -0.1055 -0.8365
v -0.4082 -0.1024 -0.8271
v -0.4069 -0.1001 -0.7802
v -0.4097 -0.1018 -0.7732
v -0.4133 -0.1634 -0.8404
v -0.4077 -0.1593 -0.7667
v -0.4119 -0.1540 -0.7532
v -0.4055 -0.0942 -0.7711
v -0.4046 -0.1492 -0.8208
v -0.4093 -0.1525 -0.8184
v -0.4068 -0.1513 -0.8377
v -0.4058 -0.1702 -0.7779
v -0.4176 -0.1705 -0.8088
v -0.4072 -0.1598 -0.8209
v -0.4075 -0.1381 -0.8358
v -0.4053 -0.1690 -0.8523
v -0.4037 -0.1176 -0.8378
v -0.4044 -0.1549 -0.7572
v -0.4054 -0.1058 -0.8081
v -0.4072 -0.0915 -0.8346
v -0.4070 -0.1379 -0.8224
v -0.4055 -0.1267 -0.8215
v -0.4053 -0.1009 -0.8377
v -0.4095 -0.1591 -0.7589
v -0.4049 -0.1532 -0.7480
v -0.4053 -0.1588 -0.7473
v -0.4021 -0.1602 -0.8134
v -0.4026 -0.1602 -0.7621
v -0.4045 -0.1591 -0.7436
v -0.4034 -0.0924 -0.8291
v -0.4028 -0.1604 -0.7948
v -0.4011 -0.1591 -0.7538
v -0.3999 -0.1704 -0.7445
v -0.4050 -0.1521 -0.8137
v -0.4035 -0.1043 -0.7832
v -0.4083 -0.1124 -0.8090
v -0.4021 -0.0962 -0.8291
v -0.4062 -0.1061 -0.8191
v -0.4036 -0.1080 -0.8504
v -0.4088 -0.1049 -0.7754
v -0.4033 -0.1160 -0.8180
v -0.4024 -0.1506 -0.8387
v -0.3976 -0.1128 -0.7757
v -0.4015 -0.1497 -0.7676
v -0.4019 -0.1411 -0.8395
v -0.4048 -0.1084 -0.7713
v -0.4033 -0.1604 -0.7822
v -0.4001 -0.0991 -0.8462
v -0.3978 -0.1107 -0.8483
v -0.3969 -0.1388 -0.8084
v -0.4019 -0.0994 -0.8521
v -0.4015 -0.1058 -0.8393
v -0.4033 -0.1541 -0.8419
v -0.4018 -0.1268 -0.8392
v -0.4001 -0.1568 -0.7494
v -0.4024 -0.1686 -0.7370
v -0.4017 -0.1363 -0.8462
v -0.3992 -0.1101 -0.8538
v -0.4011 -0.1523 -0.7443
v -0.4025 -0.1007 -0.7668
v -0.4003 -0.1520 -0.8067
v -0.4017 -0.1069 -0.8450
v -0.4014 -0.0966 -0.8261
v -0.3983 -0.1597 -0.8089
v -0.4035 -0.1613 -0.8468
v -0.4000 -0.0987 -0.7816
v -0.4015 -0.1593 -0.7710
v -0.4018 -0.1495 -0.7726
v -0.3999 -0.1589 -0.7573
v -0.3957 -0.1506 -0.7626
v -0.3993 -0.0936 -0.8469
v -0.4017 -0.1268 -0.8454
v -0.3977 -0.0853 -0.8339
v -0.3963 -0.1586 -0.7785
v -0.3937 -0.1594 -0.8013
v -0.3942 -0.1602 -0.7513
v -0.3993 -0.0909 -0.8426
v -0.4042 -0.0881 -0.8339
v -0.3972 -0.1042 -0.7859
v -0.3988 -0.1133 -0.7733
v -0.3979 -0.1463 -0.7706
v -0.3987 -0.1231 -0.7710
v -0.3974 -0.1122 -0.7953
v -0.3950 -0.1599 -0.7321
v -0.3989 -0.1050 -0.7714
v -0.3991 -0.1319 -0.7710
v -0.3942 -0.1512 -0.7990
v -0.3969 -0.1491 -0.8093
v -0.3962 -0.1006 -0.7811
v -0.3965 -0.1479 -0.7766
v -0.3977 -0.0908 -0.7636
v -0.3971 -0.1702 -0.7624
v -0.3963 -0.0995 -0.8544
v -0.4001 -0.1042 -0.8545
v -0.3995 -0.1592 -0.7412
v -0.3963 -0.0934 -0.8258
v -0.3924 -0.0565 -0.8430
v -0.3898 -0.1602 -0.7844
v -0.3985 -0.0830 -0.7665
v -0.3982 -0.0553 -0.8490
v -0.3969 -0.0784 -0.8389
v -0.3918 -0.1326 -0.8482
v -0.4006 -0.1474 -0.8473
v -0.3998 -0.0883 -0.7752
v -0.3917 -0.1464 -0.8486
v -0.3966 -0.1630 -0.8571
v -0.3946 -0.0966 -0.8199
v -0.3944 -0.0962 -0.7671
v -0.3922 -0.1237 -0.7666
v -0.3959 -0.0495 -0.8510
v -0.3954 -0.1539 -0.7355
v -0.3941 -0.0752 -0.8450
v -0.3994 -0.1591 -0.8430
v -0.3978 -0.1554 -0.8479
v -0.3961 -0.1697 -0.7300
v -0.4060 -0.1703 -0.8217
v -0.3965 -0.1703 -0.7920
v -0.3911 -0.0902 -0.8497
v -0.3964 -0.0941 -0.8471
v -0.3984 -0.0906 -0.8533
v -0.3958 -0.1266 -0.8073
v -0.3954 -0.0613 -0.8487
v -0.3927 -0.1024 -0.7865
v -0.3965 -0.1064 -0.7987
v -0.3951 -0.0680 -0.8484
v -0.3964 -0.1698 -0.8605
v -0.3942 -0.0492 -0.8464
v -0.3934 -0.0843 -0.7609
v -0.3917 -0.1078 -0.8604
v -0.3904 -0.1064 -0.7960
v -0.3910 -0.1526 -0.7386
v -0.3958 -0.1019 -0.8133
v -0.3959 -0.1288 -0.8487
v -0.3948 -0.1393 -0.7768
v -0.3944 -0.1703 -0.8081
v -0.3933 -0.0784 -0.8358
v -0.3889 -0.1622 -0.8665
v -0.4006 -0.1170 -0.8464
v -0.3932 -0.1016 -0.7772
v -0.3897 -0.0502 -0.8431
v -0.3886 -0.1526 -0.7286
v -0.3939 -0.1127 -0.7675
v -0.3897 -0.0905 -0.8550
v -0.3958 -0.1164 -0.8051
v -0.3924 -0.0617 -0.8524
v -0.3927 -0.1598 -0.7614
v -0.3964 -0.0887 -0.8344
v -0.3916 -0.0991 -0.7653
v -0.3909 -0.0553 -0.8516
v -0.3922 -0.0647 -0.8531
v -0.3934 -0.1102 -0.7903
v -0.3872 -0.1382 -0.7829
v -0.3881 -0.1084 -0.8551
v -0.3925 -0.1385 -0.7653
v -0.3993 -0.1704 -0.8385
v -0.3929 -0.1705 -0.8500
v -0.3929 -0.0789 -0.7717
v -0.3935 -0.1598 -0.7465
v -0.3904 -0.1506 -0.7562
v -0.3901 -0.1610 -0.8616
v -0.3929 -0.1245 -0.8512
v -0.3922 -0.1327 -0.7660
v -0.3964 -0.1068 -0.8045
v -0.3931 -0.0787 -0.8494
v -0.3931 -0.0734 -0.7615
v -0.3896 -0.1387 -0.7546
v -0.3881 -0.0668 -0.8532
v -0.3886 -0.0884 -0.7645
v -0.3810 -0.1703 -0.7982
v -0.3909 -0.0890 -0.7759
v -0.3884 -0.0874 -0.8544
v -0.3849 -0.0566 -0.8505
v -0.3890 -0.0985 -0.7579
v -0.3883 -0.1698 -0.7204
v -0.3895 -0.1118 -0.7818
v -0.3900 -0.1157 -0.7900
v -0.3880 -0.1088 -0.7866
v -0.3890 -0.0744 -0.8544
v -0.3909 -0.1109 -0.8492
v -0.3887 -0.0823 -0.8522
v -0.3893 -0.0791 -0.8529
v -0.3881 -0.1594 -0.8497
v -0.3896 -0.1487 -0.7829
v -0.3889 -0.0838 -0.8535
v -0.3897 -0.0972 -0.8573
v -0.3875 -0.1596 -0.7939
v -0.3870 -0.1515 -0.7884
v -0.3884 -0.1051 -0.7569
v -0.3874 -0.1488 -0.7970
v -0.3889 -0.1037 -0.7820
v -0.3851 -0.1608 -0.7896
v -0.3884 -0.0812 -0.8526
v -0.3871 -0.0798 -0.8521
v -0.3908 -0.1032 -0.7619
v -0.3886 -0.1325 -0.7563
v -0.3886 -0.0845 -0.8542
v -0.3879 -0.1517 -0.8581
v -0.3865 -0.1590 -0.7379
v -0.3892 -0.1041 -0.7920
v -0.3914 -0.0665 -0.8434
v -0.3867 -0.0815 -0.8540
v -0.3888 -0.0790 -0.8519
v -0.3883 -0.1178 -0.8504
v -0.3873 -0.0679 -0.7661
v -0.3873 -0.1119 -0.7845
v -0.3841 -0.0915 -0.8539
v -0.3866 -0.1423 -0.7587
v -0.3870 -0.0648 -0.7565
v -0.3831 -0.0543 -0.8442
v -0.3851 -0.1474 -0.8512
v -0.3875 -0.1233 -0.7552
v -0.3893 -0.1606 -0.7253
v -0.3874 -0.0891 -0.8589
v -0.3873 -0.0836 -0.8587
v -0.3873 -0.1062 -0.7881
v -0.3865 -0.1133 -0.8491
v -0.3847 -0.0880 -0.8659
v -0.3825 -0.1395 -0.7490
v -0.3873 -0.0935 -0.7517
v -0.3891 -0.1695 -0.8694
v -0.3869 -0.1170 -0.7969
v -0.3874 -0.0806 -0.8609
v -0.3877 -0.1474 -0.7619
v -0.3864 -0.1348 -0.7536
v -0.3830 -0.1705 -0.8678
v -0.3826 -0.1287 -0.8541
v -0.3830 -0.0873 -0.8592
v -0.3831 -0.1028 -0.7889
v -0.3850 -0.1347 -0.7941
v -0.3848 -0.1015 -0.7931
v -0.3824 -0.1018 -0.7844
v -0.3837 -0.0809 -0.7603
v -0.3863 -0.1231 -0.8510
v -0.3902 -0.0712 -0.8418
v -0.3875 -0.1542 -0.8517
v -0.3873 -0.1597 -0.8557
v -0.3849 -0.1559 -0.7874
v -0.3858 -0.0869 -0.7700
v -0.3845 -0.1704 -0.7322
v -0.3814 -0.0924 -0.7771
v -0.3856 -0.1538 -0.7318
v -0.3828 -0.0755 -0.7692
v -0.3877 -0.0791 -0.8373
v -0.3854 -0.0829 -0.8528
v -0.3881 -0.1247 -0.7984
v -0.3857 -0.0766 -0.8592
v -0.3845 -0.1591 -0.7272
v -0.3848 -0.1687 -0.7157
v -0.3818 -0.0624 -0.8443
v -0.3875 -0.0721 -0.8413
v -0.3872 -0.1561 -0.8568
v -0.3867 -0.0731 -0.7566
v -0.3919 -0.1206 -0.7799
v -0.3844 -0.0713 -0.8502
v -0.3835 -0.0828 -0.8623
v -0.3842 -0.1595 -0.7196
v -0.3843 -0.1510 -0.8622
v -0.3813 -0.1249 -0.7880
v -0.3830 -0.1168 -0.7878
v -0.3817 -0.0564 -0.7593
v -0.3796 -0.1463 -0.7511
v -0.3806 -0.0739 -0.8299
v -0.3840 -0.0992 -0.7997
v -0.3845 -0.1128 -0.8580
v -0.3828 -0.0941 -0.8007
v -0.3834 -0.1590 -0.7510
v -0.3854 -0.0474 -0.8491
v -0.3840 -0.0829 -0.8591
v -0.3835 -0.0580 -0.7542
v -0.3816 -0.1481 -0.7883
v -0.3830 -0.0914 -0.7570
v -0.3836 -0.0840 -0.7529
v -0.3851 -0.0776 -0.8531
v -0.3815 -0.1574 -0.8540
v -0.3841 -0.0950 -0.8075
v -0.3818 -0.1628 -0.8761
v -0.3803 -0.1448 -0.8565
v -0.3843 -0.1007 -0.8632
v -0.3798 -0.0961 -0.7934
v -0.3831 -0.1690 -0.8791
v -0.3812 -0.0890 -0.7489
v -0.3822 -0.1151 -0.7538
v -0.3804 -0.0417 -0.7566
v -0.3828 -0.1561 -0.8681
v -0.3834 -0.1268 -0.7532
v -0.3802 -0.1089 -0.8681
v -0.3824 -0.1077 -0.8620
v -0.3808 -0.0687 -0.8449
v -0.3831 -0.1703 -0.8315
v -0.3834 -0.0511 -0.7594
v -0.3785 -0.0654 -0.7655
v -0.3762 -0.1703 -0.8472
v -0.3815 -0.1370 -0.7882
v -0.3802 -0.0626 -0.7523
v -0.3742 -0.0981 -0.7883
v -0.3820 -0.0923 -0.8566
v -0.3805 -0.1525 -0.8672
v -0.3813 -0.1541 -0.7175
v -0.3815 -0.0802 -0.7500
v -0.3809 -0.1460 -0.8665
v -0.3801 -0.1392 -0.8619
v -0.3820 -0.0747 -0.8419
v -0.3819 -0.0824 -0.8247
v -0.3733 -0.1704 -0.8830
v -0.3843 -0.1703 -0.7552
v -0.3771 -0.1294 -0.8677
v -0.3825 -0.1224 -0.7547
v -0.3830 -0.0923 -0.7462
v -0.3810 -0.0501 -0.7512
v -0.3808 -0.1235 -0.8663
v -0.3815 -0.1237 -0.7456
v -0.3753 -0.1235 -0.8688
v -0.3800 -0.0728 -0.8340
v -0.3787 -0.1534 -0.7217
v -0.3806 -0.0861 -0.7553
v -0.3822 -0.1334 -0.7458
v -0.3806 -0.1596 -0.7161
v -0.3799 -0.1502 -0.8568
v -0.3807 -0.0970 -0.8684
v -0.3791 -0.1138 -0.8616
v -0.3788 -0.1285 -0.7456
v -0.3811 -0.1517 -0.7442
v -0.3781 -0.1485 -0.8679
v -0.3797 -0.1578 -0.8664
v -0.3801 -0.0756 -0.7572
v -0.3729 -0.1015 -0.8620
v -0.3808 -0.1498 -0.8618
v -0.3774 -0.0929 -0.8670
v -0.3721 -0.1447 -0.7435
v -0.3795 -0.0461 -0.7618
v -0.3782 -0.1599 -0.7450
v -0.3766 -0.1200 -0.7469
v -0.3776 -0.0681 -0.7545
v -0.3802 -0.0922 -0.8608
v -0.3751 -0.1602 -0.8763
v -0.3769 -0.1700 -0.7075
v -0.3778 -0.1597 -0.7123
v -0.3784 -0.1011 -0.8600
v -0.3774 -0.1384 -0.7388
v -0.3799 -0.1350 -0.8679
v -0.3741 -0.1690 -0.8895
v -0.3767 -0.0381 -0.7565
v -0.3775 -0.1563 -0.8571
v -0.3777 -0.1596 -0.7274
v -0.3784 -0.1595 -0.8633
v -0.3725 -0.0780 -0.8291
v -0.3771 -0.0764 -0.7483
v -0.3753 -0.1543 -0.8618
v -0.3738 -0.1303 -0.8595
v -0.3768 -0.1187 -0.8599
v -0.3809 -0.1703 -0.8150
v -0.3803 -0.1291 -0.8626
v -0.3775 -0.1638 -0.7079
v -0.3814 -0.0992 -0.7954
v -0.3765 -0.1211 -0.8765
v -0.3754 -0.1239 -0.7390
v -0.3751 -0.0476 -0.7618
v -0.3758 -0.1540 -0.7118
v -0.3760 -0.1568 -0.7428
v -0.3781 -0.1025 -0.7486
v -0.3756 -0.1602 -0.8707
v -0.3751 -0.1557 -0.7197
v -0.3749 -0.0953 -0.7844
v -0.3800 -0.0806 -0.8432
v -0.3745 -0.1549 -0.8584
v -0.3766 -0.1531 -0.8747
v -0.3731 -0.1462 -0.8779
v -0.3757 -0.1528 -0.8596
v -0.3756 -0.0813 -0.7508
v -0.3783 -0.0820 -0.7446
v -0.3735 -0.1299 -0.7426
v -0.3761 -0.0922 -0.7928
v -0.3753 -0.1476 -0.8586
v -0.3763 -0.1588 -0.7175
v -0.3759 -0.1555 -0.7177
v -0.3833 -0.1703 -0.7826
v -0.3773 -0.1607 -0.7347
v -0.3757 -0.0942 -0.7882
v -0.3750 -0.0997 -0.8711
v -0.3759 -0.1574 -0.7178
v -0.3746 -0.0719 -0.8257
v -0.3778 -0.0936 -0.8001
v -0.3758 -0.0955 -0.8661
v -0.3779 -0.0867 -0.8117
v -0.3753 -0.1588 -0.7195
v -0.3772 -0.0731 -0.7638
v -0.3767 -0.0657 -0.7442
v -0.3761 -0.1158 -0.8704
v -0.3754 -0.1615 -0.8832
v -0.3734 -0.1506 -0.7357
v -0.3755 -0.1031 -0.8708
v -0.3730 -0.1064 -0.8806
v -0.3742 -0.1407 -0.8595
v -0.3767 -0.1597 -0.8612
v -0.3759 -0.0537 -0.7486
v -0.3766 -0.0897 -0.7452
v -0.3738 -0.1703 -0.7606
v -0.3749 -0.1552 -0.8680
v -0.3737 -0.1383 -0.8678
v -0.3810 -0.0855 -0.8525
v -0.3716 -0.1204 -0.7418
v -0.3748 -0.1009 -0.8698
v -0.3716 -0.1588 -0.7174
v -0.3731 -0.1287 -0.8803
v -0.3754 -0.1015 -0.8767
v -0.3729 -0.0441 -0.7550
v -0.3736 -0.0958 -0.8715
v -0.3751 -0.0964 -0.7407
v -0.3773 -0.1704 -0.7182
v -0.3763 -0.1312 -0.8718
v -0.3638 -0.1703 -0.7288
v -0.3706 -0.1703 -0.8285
v -0.3727 -0.0945 -0.7918
v -0.3728 -0.1531 -0.8650
v -0.3730 -0.0766 -0.7474
v -0.3748 -0.0968 -0.7921
v -0.3725 -0.0873 -0.7472
v -0.3725 -0.0958 -0.7888
v -0.3756 -0.1342 -0.8768
v -0.3710 -0.1533 -0.8633
v -0.3726 -0.1538 -0.7162
v -0.3779 -0.0883 -0.8586
v -0.3733 -0.1549 -0.8818
v -0.3717 -0.1307 -0.8667
v -0.3734 -0.1284 -0.8670
v -0.3728 -0.1294 -0.8663
v -0.3719 -0.1589 -0.7381
v -0.3744 -0.0563 -0.7605
v -0.3712 -0.0743 -0.8156
v -0.3716 -0.1341 -0.7375
v -0.3737 -0.1265 -0.8605
v -0.3725 -0.1130 -0.7410
v -0.3783 -0.1703 -0.7759
v -0.3694 -0.0871 -0.7986
v -0.3706 -0.1276 -0.8667
v -0.3701 -0.1249 -0.8663
v -0.3718 -0.1253 -0.8668
v -0.3706 -0.1272 -0.7371
v -0.3705 -0.1541 -0.8633
v -0.3704 -0.0868 -0.8399
v -0.3724 -0.1287 -0.8610
v -0.3707 -0.0496 -0.7542
v -0.3700 -0.0589 -0.7519
v -0.3662 -0.1120 -0.7369
v -0.3716 -0.1541 -0.8786
v -0.3693 -0.1002 -0.8787
v -0.3722 -0.1517 -0.8643
v -0.3685 -0.1603 -0.7011
v -0.3731 -0.0951 -0.8617
v -0.3701 -0.0916 -0.7867
v -0.3666 -0.1540 -0.8821
v -0.3719 -0.1597 -0.7078
v -0.3683 -0.1148 -0.8801
v -0.3682 -0.0981 -0.7394
v -0.3708 -0.1013 -0.8698
v -0.3689 -0.1557 -0.8643
v -0.3701 -0.1200 -0.8688
v -0.3712 -0.0634 -0.7619
v -0.3711 -0.0971 -0.8701
v -0.3667 -0.1590 -0.7094
v -0.3679 -0.1540 -0.7302
v -0.3691 -0.0670 -0.7568
v -0.3669 -0.1479 -0.8748
v -0.3684 -0.1524 -0.8617
v -0.3679 -0.0874 -0.7419
v -0.3690 -0.1311 -0.8622
v -0.3698 -0.1269 -0.8595
v -0.3694 -0.1229 -0.8663
v -0.3670 -0.1444 -0.7390
v -0.3704 -0.1248 -0.8635
v -0.3693 -0.1435 -0.8559
v -0.3651 -0.0967 -0.8681
v -0.3673 -0.0890 -0.7307
v -0.3656 -0.1539 -0.8589
v -0.3693 -0.1283 -0.8533
v -0.3715 -0.0776 -0.7374
v -0.3678 -0.1182 -0.8673
v -0.3693 -0.1528 -0.8548
v -0.3694 -0.0853 -0.7916
v -0.3697 -0.1692 -0.6982
v -0.3711 -0.0839 -0.7769
v -0.3675 -0.1368 -0.8624
v -0.3673 -0.1703 -0.8015
v -0.3635 -0.1703 -0.8179
v -0.3634 -0.1703 -0.7612
v -0.3692 -0.0662 -0.7436
v -0.3682 -0.1587 -0.8866
v -0.3699 -0.0627 -0.7581
v -0.3674 -0.1491 -0.7282
v -0.3674 -0.1340 -0.8779
v -0.3659 -0.0682 -0.7484
v -0.3669 -0.1473 -0.8597
v -0.3708 -0.1035 -0.7378
v -0.3672 -0.1185 -0.8696
v -0.3682 -0.1256 -0.8679
v -0.3661 -0.1249 -0.8629
v -0.3637 -0.0752 -0.7738
v -0.3656 -0.0909 -0.7375
v -0.3563 -0.1255 -0.8560
v -0.3667 -0.1591 -0.7278
v -0.3664 -0.1517 -0.8675
v -0.3659 -0.1017 -0.8736
v -0.3673 -0.1053 -0.8676
v -0.3648 -0.1293 -0.8740
v -0.3612 -0.1629 -0.6921
v -0.3667 -0.1597 -0.8676
v -0.3658 -0.1050 -0.8786
v -0.3649 -0.1610 -0.8923
v -0.3690 -0.1143 -0.8678
v -0.3683 -0.1534 -0.7061
v -0.3658 -0.0769 -0.8194
v -0.3661 -0.1321 -0.8668
v -0.3691 -0.0876 -0.8558
v -0.3668 -0.0712 -0.7530
v -0.3670 -0.1102 -0.8684
v -0.3669 -0.1589 -0.8756
v -0.3664 -0.1596 -0.7114
v -0.3674 -0.0723 -0.8188
v -0.3655 -0.1016 -0.7369
v -0.3634 -0.1602 -0.8819
v -0.3650 -0.1412 -0.8688
v -0.3648 -0.0865 -0.7854
v -0.3646 -0.1240 -0.8704
v -0.3658 -0.1703 -0.8590
v -0.3639 -0.0870 -0.8329
v -0.3662 -0.1257 -0.8501
v -0.3667 -0.1582 -0.7242
v -0.3641 -0.1556 -0.7042
v -0.3657 -0.1313 -0.7374
v -0.3670 -0.1178 -0.7368
v -0.3634 -0.0807 -0.7337
v -0.3589 -0.0891 -0.7284
v -0.3635 -0.0973 -0.7321
v -0.3652 -0.1685 -0.8995
v -0.3652 -0.1165 -0.8715
v -0.3627 -0.1232 -0.8715
v -0.3629 -0.1550 -0.8896
v -0.3659 -0.1705 -0.7095
v -0.3632 -0.0988 -0.7242
v -0.3626 -0.1341 -0.8439
v -0.3632 -0.1602 -0.7188
v -0.3613 -0.1262 -0.7305
v -0.3572 -0.1547 -0.8492
v -0.3681 -0.1703 -0.7435
v -0.3625 -0.1143 -0.8675
v -0.3634 -0.0789 -0.8035
v -0.3623 -0.1589 -0.7287
v -0.3577 -0.1705 -0.6949
v -0.3610 -0.1397 -0.7303
v -0.3621 -0.1467 -0.7300
v -0.3639 -0.0630 -0.7672
v -0.3625 -0.0770 -0.7480
v -0.3504 -0.1703 -0.7768
v -0.3640 -0.1702 -0.8723
v -0.3636 -0.0888 -0.8671
v -0.3623 -0.1525 -0.6986
v -0.3644 -0.0746 -0.7387
v -0.3631 -0.0722 -0.8153
v -0.3633 -0.0848 -0.7918
v -0.3614 -0.1590 -0.8589
v -0.3569 -0.0711 -0.8020
v -0.3608 -0.1535 -0.7224
v -0.3590 -0.0817 -0.8208
v -0.3655 -0.1457 -0.8478
v -0.3580 -0.1170 -0.8734
v -0.3614 -0.0783 -0.7872
v -0.3633 -0.1703 -0.8412
v -0.3594 -0.0626 -0.7660
v -0.3609 -0.0702 -0.8078
v -0.3617 -0.1103 -0.7311
v -0.3606 -0.1589 -0.7224
v -0.3597 -0.1608 -0.8961
v -0.3593 -0.1549 -0.7042
v -0.3603 -0.1053 -0.7285
v -0.3562 -0.1041 -0.8623
v -0.3601 -0.1706 -0.8905
v -0.3588 -0.1591 -0.8885
v -0.3555 -0.1703 -0.8332
v -0.3598 -0.1597 -0.8663
v -0.3601 -0.1602 -0.7068
v -0.3604 -0.1033 -0.8691
v -0.3565 -0.0863 -0.7427
v -0.3598 -0.0738 -0.7998
v -0.3557 -0.1469 -0.7265
v -0.3582 -0.0779 -0.8120
v -0.3648 -0.1703 -0.7806
v -0.3601 -0.0976 -0.8709
v -0.3564 -0.0945 -0.7252
v -0.3592 -0.0691 -0.7845
v -0.3603 -0.1047 -0.7183
v -0.3581 -0.1290 -0.8707
v -0.3586 -0.1576 -0.6960
v -0.3614 -0.0677 -0.7628
v -0.3577 -0.0627 -0.7712
v -0.3593 -0.1596 -0.8722
v -0.3563 -0.0727 -0.7936
v -0.3571 -0.1284 -0.8669
v -0.3572 -0.0581 -0.7813
v -0.3562 -0.0770 -0.7915
v -0.3586 -0.0637 -0.7829
v -0.3568 -0.1555 -0.8670
v -0.3570 -0.1440 -0.8679
v -0.3586 -0.1528 -0.8392
v -0.3562 -0.1260 -0.8362
v -0.3567 -0.0737 -0.7870
v -0.3547 -0.0790 -0.7551
v -0.3563 -0.0586 -0.7927
v -0.3524 -0.1305 -0.8626
v -0.3565 -0.0509 -0.7829
v -0.3547 -0.0585 -0.7879
v -0.3532 -0.1593 -0.7258
v -0.3559 -0.1067 -0.7260
v -0.3580 -0.1600 -0.8555
v -0.3582 -0.1138 -0.8616
v -0.3562 -0.1698 -0.9062
v -0.3525 -0.1556 -0.6977
v -0.3563 -0.1589 -0.8973
v -0.3535 -0.0781 -0.8028
v -0.3562 -0.0722 -0.7899
v -0.3530 -0.1604 -0.8877
v -0.3587 -0.1694 -0.6885
v -0.3575 -0.0762 -0.7800
v -0.3523 -0.0749 -0.7885
v -0.3529 -0.1495 -0.8636
v -0.3528 -0.0529 -0.7874
v -0.3590 -0.1480 -0.7218
v -0.3555 -0.1554 -0.8389
v -0.3533 -0.0636 -0.7795
v -0.3567 -0.1451 -0.8731
v -0.3560 -0.0654 -0.7936
v -0.3544 -0.0921 -0.7345
v -0.3548 -0.1300 -0.8752
v -0.3514 -0.0481 -0.7834
v -0.3535 -0.0696 -0.7782
v -0.3520 -0.1703 -0.7562
v -0.3506 -0.1625 -0.9074
v -0.3532 -0.0890 -0.7290
v -0.3537 -0.1382 -0.8315
v -0.3538 -0.1528 -0.8164
v -0.3541 -0.1326 -0.8149
v -0.3517 -0.0961 -0.8608
v -0.3528 -0.0714 -0.7953
v -0.3536 -0.1470 -0.8215
v -0.3524 -0.0743 -0.7882
v -0.3554 -0.1627 -0.9042
v -0.3549 -0.0654 -0.7898
v -0.3515 -0.0639 -0.7875
v -0.3506 -0.0592 -0.7808
v -0.3500 -0.0551 -0.7938
v -0.3579 -0.0900 -0.8716
v -0.3510 -0.1702 -0.7252
v -0.3522 -0.1336 -0.8230
v -0.3514 -0.1058 -0.7209
v -0.3486 -0.0897 -0.8623
v -0.3516 -0.1278 -0.8235
v -0.3523 -0.1132 -0.8538
v -0.3494 -0.0616 -0.7745
v -0.3514 -0.1071 -0.7288
v -0.3544 -0.1596 -0.6986
v -0.3519 -0.1597 -0.8648
v -0.3532 -0.1604 -0.7212
v -0.3546 -0.0519 -0.7924
v -0.3553 -0.0960 -0.7203
v -0.3534 -0.1520 -0.8315
v -0.3495 -0.1307 -0.8097
v -0.3495 -0.0719 -0.7890
v -0.3517 -0.1546 -0.8363
v -0.3513 -0.1088 -0.7287
v -0.3528 -0.1531 -0.8982
v -0.3514 -0.1242 -0.7272
v -0.3470 -0.1348 -0.8728
v -0.3554 -0.1542 -0.6918
v -0.3496 -0.1261 -0.8763
v -0.3526 -0.0944 -0.7384
v -0.3495 -0.1682 -0.9130
v -0.3537 -0.1402 -0.8154
v -0.3473 -0.1460 -0.7328
v -0.3509 -0.1507 -0.8247
v -0.3519 -0.0653 -0.7876
v -0.3522 -0.1595 -0.8757
v -0.3504 -0.1249 -0.8453
v -0.3483 -0.1590 -0.6958
v -0.3510 -0.1377 -0.8638
v -0.3517 -0.0657 -0.7825
v -0.3518 -0.0863 -0.8174
v -0.3539 -0.1166 -0.7269
v -0.3560 -0.0677 -0.7678
v -0.3501 -0.1423 -0.8115
v -0.3509 -0.1529 -0.8105
v -0.3503 -0.0737 -0.7962
v -0.3534 -0.0878 -0.8240
v -0.3499 -0.1550 -0.9063
v -0.3527 -0.1596 -0.8950
v -0.3515 -0.0511 -0.7787
v -0.3498 -0.0597 -0.7830
v -0.3499 -0.1591 -0.8368
v -0.3474 -0.0757 -0.7886
v -0.3507 -0.1702 -0.7072
v -0.3508 -0.0662 -0.7883
v -0.3515 -0.0630 -0.7803
v -0.3494 -0.0886 -0.8371
v -0.3481 -0.1432 -0.8202
v -0.3533 -0.1703 -0.8008
v -0.3459 -0.1544 -0.8352
v -0.3517 -0.0555 -0.7863
v -0.3491 -0.1426 -0.8750
v -0.3504 -0.1603 -0.7062
v -0.3503 -0.1081 -0.7298
v -0.3506 -0.1083 -0.7287
v -0.3487 -0.0760 -0.7649
v -0.3490 -0.1500 -0.7273
v -0.3495 -0.0665 -0.7920
v -0.3466 -0.1087 -0.7329
v -0.3487 -0.1702 -0.8615
v -0.3451 -0.0608 -0.7836
v -0.3477 -0.0676 -0.7826
v -0.3491 -0.0436 -0.7802
v -0.3541 -0.0922 -0.8713
v -0.3427 -0.1603 -0.8586
v -0.3519 -0.1028 -0.7165
v -0.3462 -0.0756 -0.7416
v -0.3550 -0.1311 -0.7267
v -0.3548 -0.1408 -0.7270
v -0.3505 -0.0830 -0.7376
v -0.3462 -0.1598 -0.8664
v -0.3527 -0.1268 -0.8138
v -0.3484 -0.0935 -0.8260
v -0.3497 -0.1264 -0.8285
v -0.3486 -0.1691 -0.6798
v -0.3498 -0.1592 -0.9012
v -0.3447 -0.1545 -0.9065
v -0.3473 -0.1702 -0.9059
v -0.3505 -0.1547 -0.9024
v -0.3493 -0.1095 -0.7298
v -0.3443 -0.1702 -0.6903
v -0.3455 -0.1445 -0.8665
v -0.3476 -0.1529 -0.6904
v -0.3449 -0.0770 -0.7940
v -0.3483 -0.0337 -0.7651
v -0.3470 -0.0463 -0.7745
v -0.3463 -0.1481 -0.8060
v -0.3470 -0.1530 -0.8058
v -0.3503 -0.0976 -0.7352
v -0.3466 -0.1291 -0.8580
v -0.3573 -0.0885 -0.8471
v -0.3470 -0.1063 -0.8485
v -0.3473 -0.1601 -0.8747
v -0.3481 -0.0475 -0.7815
v -0.3453 -0.0857 -0.7554
v -0.3469 -0.1075 -0.7283
v -0.3465 -0.1038 -0.7300
v -0.3483 -0.0735 -0.7852
v -0.3461 -0.1454 -0.8065
v -0.3441 -0.0502 -0.7719
v -0.3430 -0.1391 -0.8064
v -0.3440 -0.1229 -0.8800
v -0.3479 -0.0425 -0.7663
v -0.3450 -0.0517 -0.7856
v -0.3481 -0.0544 -0.7734
v -0.3489 -0.0678 -0.7717
v -0.3485 -0.0826 -0.7265
v -0.3477 -0.1372 -0.8291
v -0.3458 -0.1703 -0.8192
v -0.3475 -0.1702 -0.8450
v -0.3462 -0.1531 -0.8296
v -0.3391 -0.1175 -0.8548
v -0.3460 -0.1179 -0.8715
v -0.3474 -0.0536 -0.7640
v -0.3481 -0.1529 -0.8197
v -0.3421 -0.0694 -0.7326
v -0.3504 -0.1702 -0.7406
v -0.3434 -0.1303 -0.8362
v -0.3442 -0.0903 -0.7502
v -0.3456 -0.0397 -0.7733
v -0.3437 -0.1479 -0.7312
v -0.3462 -0.0531 -0.7700
v -0.3526 -0.1598 -0.6867
v -0.3472 -0.1267 -0.8194
v -0.3453 -0.1315 -0.8663
v -0.3453 -0.1285 -0.8713
v -0.3458 -0.1598 -0.9070
v -0.3435 -0.1464 -0.8039
v -0.3437 -0.1702 -0.6763
v -0.3465 -0.1369 -0.7332
v -0.3460 -0.1192 -0.8798
v -0.3457 -0.1544 -0.8719
v -0.3455 -0.0587 -0.7700
v -0.3465 -0.0992 -0.7165
v -0.3438 -0.0599 -0.7642
v -0.3458 -0.0362 -0.7616
v -0.3499 -0.1602 -0.8451
v -0.3439 -0.1519 -0.8042
v -0.3451 -0.0597 -0.7770
v -0.3373 -0.1165 -0.8433
v -0.3448 -0.0448 -0.7704
v -0.3446 -0.0945 -0.8573
v -0.3453 -0.1132 -0.8430
v -0.3448 -0.0990 -0.8269
v -0.3457 -0.1253 -0.8352
v -0.3462 -0.1309 -0.8203
v -0.3411 -0.0681 -0.7645
v -0.3445 -0.1526 -0.8102
v -0.3457 -0.0642 -0.7695
v -0.3430 -0.0627 -0.7700
v -0.3447 -0.0914 -0.7377
v -0.3431 -0.1266 -0.8048
v -0.3394 -0.1702 -0.8299
v -0.3361 -0.1602 -0.9100
v -0.3397 -0.0783 -0.7434
v -0.3434 -0.0641 -0.7635
v -0.3351 -0.1703 -0.7794
v -0.3413 -0.0362 -0.7743
v -0.3430 -0.1481 -0.8366
v -0.3440 -0.0715 -0.7782
v -0.3402 -0.1498 -0.8147
v -0.3464 -0.1264 -0.7329
v -0.3441 -0.1408 -0.8035
v -0.3419 -0.0897 -0.7506
v -0.3414 -0.0897 -0.8514
v -0.3431 -0.1518 -0.8027
v -0.3435 -0.1468 -0.6820
v -0.3395 -0.1366 -0.7970
v -0.3440 -0.0990 -0.7398
v -0.3407 -0.1256 -0.8376
v -0.3400 -0.1373 -0.8226
v -0.3456 -0.1051 -0.7326
v -0.3440 -0.1583 -0.6831
v -0.3427 -0.1076 -0.7286
v -0.3430 -0.0959 -0.8300
v -0.3417 -0.1548 -0.6907
v -0.3413 -0.1645 -0.6737
v -0.3447 -0.1597 -0.7318
v -0.3428 -0.0928 -0.7397
v -0.3397 -0.1252 -0.7273
v -0.3462 -0.1166 -0.7318
v -0.3382 -0.0843 -0.7955
v -0.3412 -0.1601 -0.9031
v -0.3423 -0.0605 -0.7764
v -0.3419 -0.0525 -0.7810
v -0.3414 -0.0487 -0.7739
v -0.3411 -0.1703 -0.7958
v -0.3440 -0.1080 -0.7213
v -0.3442 -0.0694 -0.7776
v -0.3385 -0.0696 -0.7724
v -0.3418 -0.1609 -0.9161
v -0.3359 -0.0894 -0.8439
v -0.3425 -0.0389 -0.7764
v -0.3398 -0.1453 -0.7965
v -0.3369 -0.0810 -0.7814
v -0.3391 -0.0582 -0.7803
v -0.3392 -0.0923 -0.7446
v -0.3439 -0.1607 -0.8922
v -0.3379 -0.1606 -0.6999
v -0.3413 -0.1606 -0.7219
v -0.3400 -0.1303 -0.8531
v -0.3422 -0.1125 -0.8371
v -0.3436 -0.0943 -0.8157
v -0.3410 -0.1275 -0.7322
v -0.3411 -0.1006 -0.7343
v -0.3385 -0.1492 -0.8019
v -0.3399 -0.0534 -0.7749
v -0.3418 -0.0983 -0.8441
v -0.3380 -0.1091 -0.7279
v -0.3445 -0.0837 -0.7980
v -0.3395 -0.1114 -0.8369
v -0.3410 -0.0885 -0.8331
v -0.3383 -0.1216 -0.8743
v -0.3387 -0.1452 -0.6828
v -0.3402 -0.0860 -0.7233
v -0.3397 -0.1703 -0.7341
v -0.3414 -0.1589 -0.8386
v -0.3439 -0.1521 -0.6873
v -0.3358 -0.1434 -0.8316
v -0.3392 -0.1539 -0.7978
v -0.3390 -0.0840 -0.7889
v -0.3395 -0.0977 -0.7239
v -0.3423 -0.1690 -0.9225
v -0.3361 -0.0898 -0.7274
v -0.3373 -0.1450 -0.8231
v -0.3415 -0.1256 -0.8201
v -0.3336 -0.1194 -0.8664
v -0.3406 -0.0325 -0.7573
v -0.3392 -0.1521 -0.8269
v -0.3412 -0.1471 -0.8070
v -0.3373 -0.1312 -0.7360
v -0.3360 -0.1228 -0.8236
v -0.3388 -0.1548 -0.8476
v -0.3406 -0.1124 -0.7303
v -0.3392 -0.1153 -0.7285
v -0.3403 -0.0579 -0.7597
v -0.3387 -0.1596 -0.6911
v -0.3386 -0.1292 -0.8263
v -0.3402 -0.1302 -0.8465
v -0.3411 -0.0901 -0.8025
v -0.3390 -0.0289 -0.7726
v -0.3412 -0.1702 -0.8918
v -0.3355 -0.1599 -0.8566
v -0.3394 -0.1593 -0.8533
v -0.3393 -0.1433 -0.8465
v -0.3384 -0.1071 -0.8347
v -0.3385 -0.1376 -0.8273
v -0.3386 -0.1218 -0.7986
v -0.3369 -0.0970 -0.8381
v -0.3368 -0.0566 -0.7773
v -0.3374 -0.1207 -0.7368
v -0.3390 -0.1600 -0.8230
v -0.3391 -0.1266 -0.7970
v -0.3392 -0.0278 -0.7640
v -0.3380 -0.1257 -0.7328
v -0.3397 -0.0624 -0.7479
v -0.3370 -0.1246 -0.8356
v -0.3374 -0.1003 -0.8251
v -0.3398 -0.0459 -0.7594
v -0.3331 -0.1702 -0.7625
v -0.3378 -0.0866 -0.7986
v -0.3374 -0.1518 -0.8561
v -0.3374 -0.1238 -0.7354
v -0.3374 -0.1143 -0.7991
v -0.3378 -0.1547 -0.6807
v -0.3392 -0.1595 -0.8433
v -0.3375 -0.1540 -0.8218
v -0.3350 -0.1079 -0.7305
v -0.3360 -0.1468 -0.6884
v -0.3347 -0.1305 -0.8449
v -0.3369 -0.1497 -0.8091
v -0.3372 -0.1497 -0.8211
v -0.3363 -0.1380 -0.8332
v -0.3355 -0.1218 -0.7369
v -0.3373 -0.1213 -0.7345
v -0.3343 -0.0843 -0.7328
v -0.3390 -0.0384 -0.7565
v -0.3389 -0.1397 -0.7322
v -0.3273 -0.1702 -0.8909
v -0.3349 -0.0925 -0.7334
v -0.3365 -0.1489 -0.7377
v -0.3340 -0.1469 -0.6839
v -0.3368 -0.1538 -0.6898
v -0.3346 -0.1454 -0.8030
v -0.3340 -0.0199 -0.7693
v -0.3361 -0.0290 -0.7584
v -0.3372 -0.1583 -0.6808
v -0.3364 -0.0530 -0.7775
v -0.3359 -0.1530 -0.8326
v -0.3381 -0.1165 -0.8310
v -0.3387 -0.1406 -0.8543
v -0.3357 -0.1226 -0.8309
v -0.3390 -0.0900 -0.7354
v -0.3321 -0.1702 -0.6966
v -0.3335 -0.1233 -0.8650
v -0.3374 -0.1506 -0.7286
v -0.3340 -0.0937 -0.8439
v -0.3354 -0.1602 -0.8329
v -0.3363 -0.1155 -0.8244
v -0.3362 -0.0616 -0.7558
v -0.3311 -0.1017 -0.7388
v -0.3374 -0.1534 -0.8090
v -0.3362 -0.1401 -0.7366
v -0.3352 -0.0525 -0.7517
v -0.3357 -0.1593 -0.9204
v -0.3401 -0.1007 -0.8211
v -0.3299 -0.1605 -0.8424
v -0.3364 -0.0587 -0.7376
v -0.3359 -0.0489 -0.7774
v -0.3348 -0.1692 -0.6661
v -0.3349 -0.1524 -0.6810
v -0.3376 -0.0219 -0.7625
v -0.3342 -0.1425 -0.7296
v -0.3340 -0.1548 -0.8136
v -0.3327 -0.1384 -0.7371
v -0.3360 -0.1102 -0.7385
v -0.3332 -0.0684 -0.7480
v -0.3332 -0.1493 -0.7317
v -0.3349 -0.1224 -0.7293
v -0.3398 -0.1274 -0.8660
v -0.3361 -0.1173 -0.8373
v -0.3313 -0.1262 -0.8440
v -0.3310 -0.0852 -0.7382
v -0.3364 -0.1516 -0.8041
v -0.3322 -0.1206 -0.7411
v -0.3336 -0.0916 -0.7937
v -0.3327 -0.0762 -0.7290
v -0.3339 -0.0608 -0.7511
v -0.3329 -0.0765 -0.7707
v -0.3288 -0.0553 -0.7789
v -0.3314 -0.1492 -0.6697
v -0.3369 -0.0681 -0.7613
v -0.3337 -0.1231 -0.7389
v -0.3360 -0.1599 -0.7274
v -0.3325 -0.1538 -0.9111
v -0.3309 -0.0916 -0.8371
v -0.3320 -0.0530 -0.7809
v -0.3340 -0.1441 -0.6773
v -0.3371 -0.1398 -0.7299
v -0.3343 -0.0803 -0.7382
v -0.3311 -0.1362 -0.7332
v -0.3328 -0.1211 -0.8372
v -0.3316 -0.1320 -0.7407
v -0.3296 -0.1603 -0.8195
v -0.3344 -0.0792 -0.7489
v -0.3315 -0.1209 -0.7330
v -0.3341 -0.0637 -0.7787
v -0.3314 -0.0649 -0.7323
v -0.3325 -0.1483 -0.7345
v -0.3327 -0.0351 -0.7480
v -0.3319 -0.1225 -0.8019
v -0.3337 -0.1227 -0.8049
v -0.3294 -0.0732 -0.7495
v -0.3319 -0.0583 -0.7542
v -0.3290 -0.0269 -0.7586
v -0.3350 -0.1545 -0.8015
v -0.3307 -0.0300 -0.7536
v -0.3382 -0.0747 -0.7560
v -0.3207 -0.1703 -0.7388
v -0.3330 -0.0692 -0.7560
v -0.3299 -0.1062 -0.8146
v -0.3313 -0.0484 -0.7433
v -0.3331 -0.1343 -0.8017
v -0.3305 -0.1138 -0.8028
v -0.3338 -0.1587 -0.6768
v -0.3342 -0.0293 -0.7747
v -0.3332 -0.0753 -0.7452
v -0.3327 -0.1578 -0.6831
v -0.3376 -0.1605 -0.8727
v -0.3291 -0.1592 -0.6703
v -0.3305 -0.1016 -0.8054
v -0.3314 -0.1221 -0.8097
v -0.3351 -0.1268 -0.8593
v -0.3327 -0.0410 -0.7804
v -0.3335 -0.1605 -0.8977
v -0.3436 -0.1702 -0.8745
v -0.3338 -0.1309 -0.8572
v -0.3317 -0.1396 -0.7399
v -0.3307 -0.0944 -0.8001
v -0.3329 -0.0480 -0.7514
v -0.3319 -0.0413 -0.7518
v -0.3312 -0.1143 -0.8087
v -0.3314 -0.1558 -0.8052
v -0.3349 -0.0697 -0.7690
v -0.3312 -0.1085 -0.8321
v -0.3341 -0.0162 -0.7695
v -0.3315 -0.1591 -0.8050
v -0.3321 -0.1593 -0.8109
v -0.3316 -0.1485 -0.7389
v -0.3310 -0.1559 -0.8042
v -0.3315 -0.1086 -0.7355
v -0.3302 -0.1226 -0.7416
v -0.3343 -0.1243 -0.7361
v -0.3334 -0.1704 -0.9203
v -0.3307 -0.1374 -0.6820
v -0.3340 -0.1702 -0.8613
v -0.3284 -0.1595 -0.6856
v -0.3309 -0.0699 -0.7543
v -0.3263 -0.1702 -0.9089
v -0.3336 -0.1512 -0.8451
v -0.3271 -0.1693 -0.6628
v -0.3348 -0.1689 -0.9276
v -0.3301 -0.1260 -0.7390
v -0.3313 -0.0737 -0.7433
v -0.3323 -0.0227 -0.7735
v -0.3275 -0.1208 -0.8438
v -0.3304 -0.1463 -0.7350
v -0.3282 -0.1347 -0.8491
v -0.3296 -0.0650 -0.7510
v -0.3320 -0.1492 -0.8020
v -0.3320 -0.0124 -0.7666
v -0.3293 -0.1544 -0.8075
v -0.3300 -0.1254 -0.7340
v -0.3302 -0.1130 -0.8282
v -0.3315 -0.0200 -0.7636
v -0.3291 -0.0281 -0.7729
v -0.3280 -0.0718 -0.7389
v -0.3325 -0.1143 -0.8145
v -0.3312 -0.1500 -0.8556
v -0.3260 -0.1554 -0.8075
v -0.3312 -0.0702 -0.7623
v -0.3307 -0.1616 -0.6658
v -0.3246 -0.0364 -0.7558
v -0.3274 -0.0611 -0.7762
v -0.3294 -0.1273 -0.8545
v -0.3294 -0.1592 -0.8546
v -0.3260 -0.0998 -0.7974
v -0.3251 -0.1186 -0.8473
v -0.3305 -0.1582 -0.9210
v -0.3307 -0.0623 -0.7502
v -0.3284 -0.1064 -0.8249
v -0.3295 -0.0206 -0.7688
v -0.3287 -0.0925 -0.7380
v -0.3299 -0.1272 -0.7412
v -0.3245 -0.1239 -0.7396
v -0.3285 -0.0707 -0.7563
v -0.3280 -0.1540 -0.9150
v -0.3284 -0.1152 -0.8065
v -0.3289 -0.0695 -0.7612
v -0.3263 -0.1062 -0.8061
v -0.3287 -0.1435 -0.8480
v -0.3292 -0.1703 -0.8504
v -0.3265 -0.1195 -0.8572
v -0.3291 -0.1496 -0.7353
v -0.3349 -0.1702 -0.7199
v -0.3273 -0.1530 -0.8499
v -0.3287 -0.0664 -0.7466
v -0.3267 -0.1506 -0.7281
v -0.3340 -0.1703 -0.7461
v -0.3298 -0.0347 -0.7804
v -0.3264 -0.1605 -0.7164
v -0.3214 -0.1143 -0.8103
v -0.3260 -0.1242 -0.8528
v -0.3294 -0.1333 -0.6760
v -0.3280 -0.1507 -0.8567
v -0.3291 -0.1434 -0.6728
v -0.3261 -0.1330 -0.6765
v -0.3263 -0.0682 -0.7358
v -0.3290 -0.0617 -0.7517
v -0.3256 -0.1600 -0.8073
v -0.3305 -0.1434 -0.6836
v -0.3256 -0.1473 -0.8075
v -0.3253 -0.1496 -0.7395
v -0.3258 -0.0740 -0.7588
v -0.3206 -0.0842 -0.7650
v -0.3282 -0.1333 -0.7422
v -0.3256 -0.0223 -0.7635
v -0.3248 -0.1597 -0.8474
v -0.3274 -0.1597 -0.9151
v -0.3225 -0.1440 -0.6799
v -0.3261 -0.0709 -0.7453
v -0.3218 -0.1063 -0.8159
v -0.3236 -0.1439 -0.6748
v -0.3271 -0.0580 -0.7545
v -0.3254 -0.1163 -0.7470
v -0.3280 -0.1423 -0.7425
v -0.3268 -0.1703 -0.8102
v -0.3248 -0.0777 -0.7473
v -0.3249 -0.1215 -0.7363
v -0.3257 -0.1596 -0.8576
v -0.3278 -0.1616 -0.7433
v -0.3274 -0.1097 -0.7441
v -0.3265 -0.1521 -0.7443
v -0.3281 -0.0818 -0.7424
v -0.3297 -0.0455 -0.7519
v -0.3228 -0.1450 -0.7486
v -0.3256 -0.1429 -0.7351
v -0.3280 -0.1532 -0.8470
v -0.3238 -0.0776 -0.7445
v -0.3209 -0.1098 -0.7483
v -0.3237 -0.1066 -0.7418
v -0.3219 -0.0613 -0.7402
v -0.3284 -0.1603 -0.6895
v -0.3188 -0.1703 -0.6986
v -0.3241 -0.1599 -0.9247
v -0.3242 -0.0647 -0.7487
v -0.3244 -0.1521 -0.6787
v -0.3263 -0.1510 -0.6861
v -0.3222 -0.1552 -0.8497
v -0.3248 -0.1352 -0.7353
v -0.3250 -0.0666 -0.7580
v -0.3308 -0.0899 -0.7865
v -0.3282 -0.1702 -0.7091
v -0.3258 -0.0461 -0.7754
v -0.3200 -0.1601 -0.6686
v -0.3304 -0.1604 -0.8604
v -0.3225 -0.1217 -0.8492
v -0.3297 -0.1600 -0.9106
v -0.3262 -0.1391 -0.8076
v -0.3303 -0.1704 -0.6776
v -0.3222 -0.0819 -0.7433
v -0.3221 -0.1149 -0.8047
v -0.3230 -0.0593 -0.7580
v -0.3254 -0.0940 -0.7395
v -0.3265 -0.1242 -0.8068
v -0.3256 -0.0547 -0.7375
v -0.3231 -0.1596 -0.7269
v -0.3239 -0.0278 -0.7677
v -0.3195 -0.0612 -0.7657
v -0.3243 -0.1594 -0.6737
v -0.3237 -0.0317 -0.7596
v -0.3251 -0.0828 -0.7367
v -0.3250 -0.1239 -0.7450
v -0.3205 -0.0613 -0.7544
v -0.3223 -0.1449 -0.6680
v -0.3232 -0.1535 -0.7436
v -0.3251 -0.1606 -0.6678
v -0.3255 -0.1690 -0.9317
v -0.3219 -0.1065 -0.8035
v -0.3134 -0.1702 -0.9231
v -0.3200 -0.1702 -0.7597
v -0.3239 -0.1605 -0.8331
v -0.3213 -0.1542 -0.6693
v -0.3230 -0.1512 -0.8577
v -0.3263 -0.1702 -0.7927
v -0.3221 -0.0456 -0.7416
v -0.3146 -0.0460 -0.7497
v -0.3229 -0.1129 -0.8188
v -0.3180 -0.1604 -0.8584
v -0.3165 -0.0415 -0.7656
v -0.3209 -0.1596 -0.9114
v -0.3174 -0.1238 -0.7495
v -0.3230 -0.0457 -0.7582
v -0.3229 -0.1615 -0.7481
v -0.3213 -0.0592 -0.7451
v -0.3209 -0.1522 -0.7313
v -0.3193 -0.1627 -0.9292
v -0.3209 -0.1594 -0.8538
v -0.3245 -0.0887 -0.7341
v -0.3209 -0.0909 -0.7747
v -0.3216 -0.1603 -0.7002
v -0.3139 -0.1703 -0.7266
v -0.3145 -0.1702 -0.8430
v -0.3282 -0.1702 -0.8376
v -0.3220 -0.1603 -0.8826
v -0.3218 -0.1600 -0.6811
v -0.3188 -0.0865 -0.7390
v -0.3202 -0.1334 -0.8009
v -0.3198 -0.0879 -0.7452
v -0.3171 -0.1582 -0.7544
v -0.3181 -0.0543 -0.7451
v -0.3160 -0.1690 -0.6633
v -0.3186 -0.0682 -0.7475
v -0.3165 -0.0556 -0.7646
v -0.3198 -0.0755 -0.7467
v -0.3193 -0.1603 -0.7310
v -0.3215 -0.1702 -0.8746
v -0.3204 -0.0572 -0.7494
v -0.3208 -0.1467 -0.8008
v -0.3188 -0.1540 -0.8019
v -0.3191 -0.1604 -0.8489
v -0.3201 -0.1239 -0.7978
v -0.3189 -0.0499 -0.7614
v -0.3193 -0.1694 -0.9327
v -0.3188 -0.0698 -0.7527
v -0.3140 -0.0742 -0.7504
v -0.3161 -0.0337 -0.7655
v -0.3166 -0.0747 -0.7659
v -0.3203 -0.1541 -0.9167
v -0.3154 -0.1606 -0.7171
v -0.3172 -0.1067 -0.8088
v -0.3214 -0.1591 -0.9175
v -0.3166 -0.1596 -0.7012
v -0.3211 -0.1702 -0.7769
v -0.3143 -0.1605 -0.6869
v -0.3126 -0.1068 -0.7934
v -0.3211 -0.1304 -0.7507
v -0.3198 -0.1013 -0.7901
v -0.3186 -0.0890 -0.9006
v -0.3133 -0.1597 -0.6918
v -0.3211 -0.0347 -0.7722
v -0.3169 -0.1622 -0.7520
v -0.3205 -0.1614 -0.7430
v -0.3199 -0.1605 -0.7408
v -0.3176 -0.0511 -0.7437
v -0.3202 -0.1199 -0.7513
v -0.3134 -0.1069 -0.8018
v -0.3189 -0.1702 -0.8281
v -0.3133 -0.0741 -0.7577
v -0.3160 -0.1702 -0.8593
v -0.3176 -0.1472 -0.7954
v -0.3182 -0.0852 -0.9013
v -0.3116 -0.1702 -0.8988
v -0.3185 -0.1601 -0.8019
v -0.3149 -0.1354 -0.7549
v -0.3129 -0.0830 -0.9027
v -0.3155 -0.1112 -0.7554
v -0.3149 -0.1000 -0.7489
v -0.3105 -0.1561 -0.7432
v -0.3142 -0.1628 -0.6660
v -0.3092 -0.1702 -0.8161
v -0.3141 -0.1149 -0.7919
v -0.3144 -0.0909 -0.7689
v -0.3143 -0.1541 -0.9085
v -0.3154 -0.1688 -0.9336
v -0.3171 -0.0571 -0.7675
v -0.3088 -0.1228 -0.7849
v -0.3134 -0.0650 -0.7698
v -0.3159 -0.0654 -0.7545
v -0.3102 -0.0568 -0.7502
v -0.3133 -0.1598 -0.9133
v -0.3121 -0.0761 -0.8957
v -0.3036 -0.1702 -0.6964
v -0.3059 -0.1702 -0.7974
v -0.3134 -0.1027 -0.7840
v -0.3169 -0.1605 -0.8249
v -0.3139 -0.1122 -0.8059
v -0.3161 -0.1603 -0.8701
v -0.3090 -0.1062 -0.7526
v -0.3135 -0.1086 -0.7485
v -0.3139 -0.0847 -0.7493
v -0.3097 -0.1604 -0.7059
v -0.3131 -0.1567 -0.7503
v -0.3125 -0.1593 -0.9074
v -0.3121 -0.1599 -0.7555
v -0.3095 -0.1703 -0.7124
v -0.3072 -0.1702 -0.9105
v -0.3127 -0.1152 -0.7980
v -0.3111 -0.0625 -0.7504
v -0.3159 -0.1293 -0.7548
v -0.3128 -0.1604 -0.6727
v -0.3114 -0.0971 -0.7718
v -0.3128 -0.0935 -0.9015
v -0.3097 -0.0867 -0.9070
v -0.3086 -0.1602 -0.8895
v -0.3104 -0.1132 -0.7574
v -0.3077 -0.0870 -0.8903
v -0.3123 -0.1596 -0.8207
v -0.3112 -0.0646 -0.8999
v -0.3084 -0.0656 -0.8871
v -0.3054 -0.1630 -0.6636
v -0.3116 -0.0085 -0.8999
v -0.3107 -0.0845 -0.7577
v -0.3105 -0.0122 -0.8952
v -0.3098 -0.1401 -0.7547
v -0.3092 -0.0723 -0.7738
v -0.3109 -0.0776 -0.7577
v -0.3113 -0.0785 -0.9014
v -0.3103 -0.0526 -0.7496
v -0.3088 -0.1216 -0.7562
v -0.3093 -0.1606 -0.8394
v -0.3076 -0.1604 -0.8536
v -0.3107 -0.1012 -0.7595
v -0.3141 -0.1593 -0.7340
v -0.3085 -0.0922 -0.7608
v -0.3108 -0.1064 -0.7583
v -0.3074 -0.1092 -0.7567
v -0.3127 -0.0500 -0.7576
v -0.3103 -0.1481 -0.7890
v -0.3038 -0.1550 -0.7541
v -0.3122 -0.1604 -0.9255
v -0.3098 -0.0916 -0.7544
v -0.3135 -0.1601 -0.8101
v -0.3090 -0.1702 -0.6834
v -0.3045 -0.0664 -0.7681
v -0.3083 -0.0028 -0.9030
v -0.3078 -0.1375 -0.7834
v -0.3057 -0.0726 -0.9095
v -0.3093 -0.1292 -0.7550
v -0.3081 -0.0562 -0.7583
v -0.3070 -0.1703 -0.7746
v -0.3106 -0.1473 -0.7552
v -0.3073 -0.1701 -0.6625
v -0.3054 -0.0062 -0.9106
v -0.3070 -0.1341 -0.7615
v -0.3085 -0.0033 -0.8939
v -0.3109 -0.1603 -0.9025
v -0.3079 -0.0148 -0.9000
v -0.3074 -0.0313 -0.9026
v -0.3112 -0.1599 -0.7912
v -0.3055 -0.1696 -0.9337
v -0.3045 -0.1600 -0.6932
v -0.3081 -0.0224 -0.8972
v -0.3084 -0.0499 -0.8991
v -0.3036 -0.1702 -0.8646
v -0.3047 -0.0143 -0.9068
v -0.3084 -0.0596 -0.7637
v -0.3078 -0.1570 -0.7871
v -0.3045 -0.0626 -0.7553
v -0.3063 -0.1467 -0.7634
v -0.3072 -0.1551 -0.8218
v -0.2997 -0.1600 -0.7138
v -0.3024 -0.1577 -0.8137
v -0.3057 -0.1083 -0.7944
v -0.3056 -0.0744 -0.7566
v -0.3051 -0.1538 -0.7589
v -0.3107 -0.1544 -0.6985
v -0.3135 -0.0803 -0.8935
v -0.3035 -0.1123 -0.7577
v -0.3078 -0.0409 -0.9024
v -0.3083 -0.0084 -0.8894
v -0.3061 -0.0288 -0.8915
v -0.3122 -0.0921 -0.8962
v -0.3012 -0.0110 -0.8851
v -0.3046 -0.0880 -0.9114
v -0.3062 -0.1702 -0.7541
v -0.3027 -0.1483 -0.7627
v -0.3064 -0.1095 -0.7633
v -0.3057 -0.1488 -0.8955
v -0.3054 -0.0470 -0.8921
v -0.3080 -0.0565 -0.9060
v -0.3068 -0.1404 -0.7623
v -0.3006 -0.1703 -0.9241
v -0.3032 -0.0822 -0.8885
v -0.3070 -0.1246 -0.7608
v -0.3021 -0.1585 -0.8888
v -0.3052 -0.0768 -0.7763
v -0.3025 -0.1152 -0.7869
v -0.3015 -0.1603 -0.8782
v -0.3054 -0.1058 -0.7802
v -0.3043 -0.0936 -0.9043
v -0.3047 -0.0842 -0.7639
v -0.3018 -0.1257 -0.9025
v -0.3038 -0.1590 -0.8981
v -0.3015 -0.1310 -0.7653
v -0.3039 -0.0151 -0.8898
v -0.3071 -0.1702 -0.8814
v -0.3060 -0.1464 -0.7810
v -0.3032 -0.0644 -0.7614
v -0.3002 -0.1038 -0.7680
v -0.3006 -0.0333 -0.9091
v -0.3010 -0.1597 -0.7597
v -0.2995 -0.0907 -0.9137
v -0.2993 -0.1600 -0.8023
v -0.3000 -0.1596 -0.9013
v -0.3036 -0.1168 -0.7633
v -0.3038 -0.0932 -0.7773
v -0.3029 -0.0071 -0.8959
v -0.3046 -0.1599 -0.8287
v -0.3045 -0.1324 -0.9014
v -0.3009 -0.0504 -0.9094
v -0.3029 -0.0055 -0.8856
v -0.2956 -0.0333 -0.8878
v -0.3019 -0.1448 -0.8964
v -0.3022 -0.0030 -0.8907
v -0.3046 -0.1605 -0.7940
v -0.2949 -0.0039 -0.8899
v -0.2956 -0.0084 -0.8932
v -0.3025 -0.1597 -0.7806
v -0.2993 -0.0797 -0.7594
v -0.2997 -0.1420 -0.8906
v -0.3020 -0.0901 -0.8986
v -0.3014 -0.1213 -0.8964
v -0.3013 -0.1282 -0.8912
v -0.2988 -0.1060 -0.7809
v -0.2978 -0.1583 -0.8295
v -0.3009 -0.1505 -0.7807
v -0.3022 -0.0566 -0.8850
v -0.3027 -0.1348 -0.8983
v -0.2994 -0.1051 -0.8933
v -0.3022 -0.0032 -0.9059
v -0.3003 -0.1157 -0.8735
v -0.3030 -0.1703 -0.7363
v -0.3040 -0.1159 -0.7800
v -0.3046 -0.1603 -0.7019
v -0.3009 -0.0843 -0.8931
v -0.2969 -0.1146 -0.8667
v -0.3003 -0.1601 -0.8185
v -0.3002 -0.0729 -0.8835
v -0.2971 -0.1362 -0.7716
v -0.2971 -0.1306 -0.9064
v -0.3035 -0.1632 -0.9310
v -0.2978 -0.0520 -0.8797
v -0.2976 -0.1464 -0.7714
v -0.2999 -0.1604 -0.6854
v -0.2981 -0.0741 -0.7705
v -0.2984 -0.0714 -0.7602
v -0.3001 -0.1548 -0.7571
v -0.2964 -0.1499 -0.9051
v -0.2958 -0.1157 -0.7706
v -0.2976 -0.1702 -0.8470
v -0.2994 -0.1689 -0.6584
v -0.2939 -0.0536 -0.8865
v -0.2972 -0.1104 -0.8758
v -0.2961 -0.0787 -0.9125
v -0.3010 -0.0094 -0.9028
v -0.3007 -0.1406 -0.9003
v -0.2923 -0.1116 -0.8786
v -0.2998 -0.0620 -0.9123
v -0.2964 -0.1242 -0.9064
v -0.2983 -0.1606 -0.9287
v -0.2994 -0.1461 -0.9000
v -0.2970 -0.1218 -0.7715
v -0.2985 -0.0652 -0.8807
v -0.2957 -0.1109 -0.7677
v -0.2968 -0.1610 -0.6641
v -0.2951 -0.1703 -0.7409
v -0.2936 -0.1587 -0.9037
v -0.3002 -0.1099 -0.8988
v -0.3000 -0.1701 -0.6711
v -0.2943 -0.1505 -0.7683
v -0.2939 -0.1357 -0.8887
v -0.2956 -0.1131 -0.8887
v -0.2966 -0.1500 -0.8871
v -0.2938 -0.0813 -0.7626
v -0.2959 -0.1598 -0.8758
v -0.2958 -0.1590 -0.8851
v -0.2976 -0.1592 -0.8080
v -0.2963 -0.0144 -0.9094
v -0.2952 -0.1606 -0.9111
v -0.2926 -0.0905 -0.9184
v -0.2954 -0.0831 -0.9128
v -0.2973 -0.0889 -0.9014
v -0.2973 -0.1084 -0.7842
v -0.2964 -0.1190 -0.8754
v -0.2927 -0.1002 -0.7880
v -0.2982 -0.1703 -0.8957
v -0.2961 -0.1693 -0.9340
v -0.2993 -0.1547 -0.7334
v -0.2988 -0.0494 -0.8878
v -0.2977 -0.0970 -0.7696
v -0.2985 -0.0058 -0.9127
v -0.2958 -0.1406 -0.8763
v -0.2981 -0.0965 -0.8911
v -0.2962 -0.1598 -0.7671
v -0.2942 -0.1599 -0.7633
v -0.2927 -0.1612 -0.8068
v -0.2974 -0.0994 -0.9008
v -0.2975 -0.0872 -0.7820
v -0.2956 -0.1389 -0.8865
v -0.2945 -0.1077 -0.8714
v -0.3008 -0.0826 -0.7798
v -0.2971 -0.1080 -0.8795
v -0.2949 -0.1351 -0.9035
v -0.2922 -0.1424 -0.8814
v -0.2936 -0.1211 -0.8780
v -0.2959 -0.0561 -0.8779
v -0.2943 -0.1600 -0.8698
v -0.2958 -0.0040 -0.8855
v -0.2922 -0.0108 -0.8854
v -0.2960 -0.1198 -0.9019
v -0.2994 -0.0264 -0.9093
v -0.2929 -0.1279 -0.9033
v -0.2900 -0.0684 -0.9104
v -0.2950 -0.1325 -0.8857
v -0.2930 -0.1225 -0.8825
v -0.2964 -0.1545 -0.8759
v -0.2918 -0.1131 -0.7747
v -0.2923 -0.0240 -0.8888
v -0.2977 -0.1604 -0.8632
v -0.2941 -0.1605 -0.8208
v -0.2944 -0.0734 -0.8860
v -0.2941 -0.1607 -0.6981
v -0.2953 -0.1600 -0.7735
v -0.2974 -0.1605 -0.8408
v -0.2935 -0.1545 -0.7982
v -0.2956 -0.0089 -0.9045
v -0.2942 -0.0469 -0.8778
v -0.2947 -0.0850 -0.8882
v -0.2923 -0.1013 -0.8842
v -0.2940 -0.1251 -0.8885
v -0.2916 -0.0853 -0.9019
v -0.2944 -0.1313 -0.8704
v -0.2919 -0.0948 -0.8852
v -0.2903 -0.1051 -0.7792
v -0.2923 -0.1702 -0.8215
v -0.2911 -0.0842 -0.7742
v -0.2900 -0.1207 -0.8848
v -0.2919 -0.1570 -0.8782
v -0.2909 -0.0089 -0.8969
v -0.2945 -0.1301 -0.8789
v -0.2935 -0.0982 -0.8796
v -0.2950 -0.0940 -0.7857
v -0.2914 -0.0806 -0.8986
v -0.2947 -0.1532 -0.7592
v -0.2870 -0.1557 -0.8031
v -0.2918 -0.1074 -0.7728
v -0.2934 -0.1606 -0.7873
v -0.2940 -0.0032 -0.9070
v -0.2921 -0.0103 -0.9119
v -0.2895 -0.1043 -0.8782
v -0.2917 -0.0868 -0.7648
v -0.2942 -0.1557 -0.7221
v -0.2941 -0.1461 -0.8704
v -0.2903 -0.1159 -0.8847
v -0.2905 -0.1621 -0.6568
v -0.2927 -0.1576 -0.7559
v -0.2867 -0.0044 -0.9065
v -0.2946 -0.1201 -0.8707
v -0.2926 -0.1555 -0.8687
v -0.2892 -0.0961 -0.8746
v -0.2919 -0.1576 -0.8139
v -0.2945 -0.1563 -0.8040
v -0.2892 -0.0925 -0.8805
v -0.2851 -0.0524 -0.8725
v -0.2916 -0.1702 -0.9144
v -0.2865 -0.1595 -0.9308
v -0.2925 -0.1063 -0.8832
v -0.2868 -0.0921 -0.7796
v -0.2899 -0.0824 -0.9015
v -0.2870 -0.1605 -0.7688
v -0.2846 -0.1552 -0.7141
v -0.2908 -0.1111 -0.8615
v -0.2878 -0.0714 -0.8771
v -0.2900 -0.1685 -0.6518
v -0.2896 -0.0629 -0.8789
v -0.2916 -0.0413 -0.8742
v -0.2935 -0.0132 -0.8880
v -0.2894 -0.0481 -0.8829
v -0.2931 -0.0852 -0.9169
v -0.2898 -0.0979 -0.7679
v -0.2903 -0.1495 -0.9085
v -0.2879 -0.1604 -0.8297
v -0.2890 -0.0408 -0.8684
v -0.2900 -0.0897 -0.9032
v -0.2856 -0.1028 -0.8701
v -0.2844 -0.1050 -0.8595
v -0.2920 -0.1702 -0.6830
v -0.2891 -0.0538 -0.8902
v -0.2980 -0.1702 -0.8344
v -0.2880 -0.0035 -0.8904
v -0.2901 -0.0351 -0.8678
v -0.2862 -0.0865 -0.9063
v -0.2872 -0.1168 -0.8697
v -0.2891 -0.0820 -0.9014
v -0.2892 -0.0375 -0.9050
v -0.2875 -0.0223 -0.8952
v -0.2867 -0.0130 -0.8970
v -0.2881 -0.0035 -0.8990
v -0.2970 -0.1703 -0.7202
v -0.2907 -0.0419 -0.8903
v -0.2924 -0.1702 -0.7890
v -0.2906 -0.1702 -0.8081
v -0.2881 -0.0293 -0.8729
v -0.2824 -0.1006 -0.7751
v -0.2870 -0.0385 -0.8975
v -0.2891 -0.0192 -0.9055
v -0.2876 -0.1591 -0.9070
v -0.2872 -0.0504 -0.8964
v -0.2847 -0.0342 -0.8659
v -0.2900 -0.1662 -0.9347
v -0.2884 -0.1160 -0.8610
v -0.2835 -0.1603 -0.6840
v -0.2891 -0.1703 -0.6586
v -0.2881 -0.0118 -0.9072
v -0.2793 -0.1057 -0.8493
v -0.2902 -0.1604 -0.8461
v -0.2881 -0.1582 -0.8081
v -0.2901 -0.1702 -0.7105
v -0.2887 -0.1703 -0.8753
v -0.2880 -0.0772 -0.9087
v -0.2843 -0.0048 -0.8943
v -0.2856 -0.1544 -0.8619
v -0.2846 -0.0284 -0.8780
v -0.2845 -0.0952 -0.7707
v -0.2819 -0.1703 -0.6999
v -0.2827 -0.0102 -0.9010
v -0.2818 -0.1482 -0.9128
v -0.2849 -0.1548 -0.7924
v -0.2858 -0.1601 -0.8585
v -0.2823 -0.1603 -0.8071
v -0.2885 -0.1593 -0.8393
v -0.2858 -0.1050 -0.7727
v -0.2923 -0.0936 -0.9122
v -0.2846 -0.0280 -0.8661
v -0.2863 -0.1454 -0.9065
v -0.2857 -0.0209 -0.8721
v -0.2819 -0.1596 -0.9101
v -0.2882 -0.0554 -0.9070
v -0.2854 -0.1555 -0.8338
v -0.2848 -0.1602 -0.6548
v -0.2863 -0.1599 -0.7864
v -0.2839 -0.0908 -0.9236
v -0.2866 -0.0835 -0.8744
v -0.2813 -0.0844 -0.9223
v -0.2873 -0.1703 -0.7553
v -0.2834 -0.1704 -0.9277
v -0.2944 -0.1702 -0.7688
v -0.2845 -0.0685 -0.9039
v -0.2839 -0.0935 -0.8690
v -0.2852 -0.0113 -0.8910
v -0.2850 -0.1166 -0.9066
v -0.2837 -0.0475 -0.8560
v -0.2820 -0.1270 -0.9091
v -0.2840 -0.0581 -0.8969
v -0.2848 -0.1687 -0.6410
v -0.2781 -0.1556 -0.7260
v -0.2842 -0.0978 -0.7828
v -0.2857 -0.0417 -0.8600
v -0.2795 -0.1581 -0.7095
v -0.2854 -0.1350 -0.9083
v -0.2746 -0.1600 -0.8437
v -0.2796 -0.1284 -0.8686
v -0.2807 -0.1702 -0.6707
v -0.2808 -0.0516 -0.8924
v -0.2889 -0.0826 -0.9115
v -0.2827 -0.1616 -0.6443
v -0.2848 -0.0530 -0.8577
v -0.2829 -0.1525 -0.8694
v -0.2819 -0.0474 -0.8690
v -0.2761 -0.1703 -0.8675
v -0.2838 -0.0234 -0.8744
v -0.2816 -0.0185 -0.8706
v -0.2808 -0.1595 -0.7843
v -0.2740 -0.1702 -0.7998
v -0.2855 -0.1597 -0.9210
v -0.2788 -0.1557 -0.8287
v -0.2784 -0.1171 -0.8674
v -0.2803 -0.0928 -0.9149
v -0.2807 -0.1602 -0.8193
v -0.2821 -0.0745 -0.9102
v -0.2817 -0.1587 -0.7359
v -0.2860 -0.1702 -0.8559
v -0.2806 -0.1692 -0.6307
v -0.2798 -0.1309 -0.9138
v -0.2827 -0.0943 -0.9090
v -0.2806 -0.1597 -0.7774
v -0.2842 -0.1555 -0.7329
v -0.2863 -0.0373 -0.8764
v -0.2869 -0.1573 -0.7464
v -0.2811 -0.1689 -0.6111
v -0.2850 -0.1600 -0.7530
v -0.2818 -0.0599 -0.8535
v -0.2827 -0.1697 -0.9361
v -0.2773 -0.1602 -0.7697
v -0.2781 -0.0642 -0.8451
v -0.2770 -0.0311 -0.8760
v -0.2819 -0.1702 -0.8358
v -0.2752 -0.1703 -0.6313
v -0.2785 -0.1592 -0.7958
v -0.2765 -0.1158 -0.8392
v -0.2807 -0.1556 -0.8529
v -0.2807 -0.0970 -0.8622
v -0.2796 -0.1428 -0.8689
v -0.2763 -0.1533 -0.8654
v -0.2804 -0.0638 -0.9023
v -0.2738 -0.1573 -0.9284
v -0.2796 -0.1619 -0.6345
v -0.2752 -0.1596 -0.6306
v -0.2791 -0.1433 -0.6119
v -0.2755 -0.1382 -0.6129
v -0.2830 -0.1598 -0.7004
v -0.2779 -0.0275 -0.8705
v -0.2789 -0.1703 -0.9014
v -0.2787 -0.1540 -0.6113
v -0.2710 -0.1538 -0.8551
v -0.2806 -0.0880 -0.9098
v -0.2792 -0.0648 -0.8622
v -0.2777 -0.1600 -0.7152
v -0.2806 -0.1050 -0.9116
v -0.2823 -0.1703 -0.8903
v -0.2726 -0.1602 -0.9167
v -0.2768 -0.0931 -0.9254
v -0.2746 -0.1328 -0.9159
v -0.2772 -0.0602 -0.8566
v -0.2771 -0.1552 -0.7192
v -0.2751 -0.1702 -0.6850
v -0.2792 -0.1691 -0.6213
v -0.2753 -0.0386 -0.8708
v -0.2781 -0.0662 -0.8501
v -0.2756 -0.1441 -0.6178
v -0.2785 -0.1626 -0.6110
v -0.2772 -0.0833 -0.9190
v -0.2734 -0.1588 -0.7878
v -0.2755 -0.1602 -0.7279
v -0.2798 -0.1705 -0.6476
v -0.2741 -0.1552 -0.8448
v -0.2761 -0.1037 -0.8553
v -0.2781 -0.1702 -0.7812
v -0.2776 -0.1594 -0.8329
v -0.2763 -0.1460 -0.9128
v -0.2740 -0.0538 -0.8549
v -0.2779 -0.0331 -0.8792
v -0.2773 -0.1552 -0.7026
v -0.2777 -0.0407 -0.8664
v -0.2754 -0.1350 -0.6083
v -0.2801 -0.0546 -0.8501
v -0.2722 -0.1408 -0.6148
v -0.2742 -0.1091 -0.8422
v -0.2765 -0.1630 -0.9380
v -0.2756 -0.1426 -0.6273
v -0.2732 -0.1527 -0.6318
v -0.2833 -0.1603 -0.6651
v -0.2708 -0.1562 -0.7737
v -0.2736 -0.1504 -0.6156
v -0.2752 -0.1545 -0.6254
v -0.2737 -0.1541 -0.9164
v -0.2749 -0.1432 -0.6203
v -0.2724 -0.0385 -0.8843
v -0.2728 -0.1481 -0.6225
v -0.2735 -0.1587 -0.6046
v -0.2745 -0.1551 -0.8215
v -0.2712 -0.1390 -0.6266
v -0.2742 -0.1472 -0.6039
v -0.2783 -0.0853 -0.8617
v -0.2722 -0.1604 -0.8152
v -0.2675 -0.1604 -0.6881
v -0.2701 -0.1409 -0.6207
v -0.2695 -0.1597 -0.7834
v -0.2747 -0.1596 -0.7431
v -0.2747 -0.0843 -0.9264
v -0.2706 -0.1551 -0.7031
v -0.2680 -0.1132 -0.8438
v -0.2740 -0.1521 -0.7464
v -0.2738 -0.1465 -0.7381
v -0.2774 -0.0572 -0.8619
v -0.2719 -0.0880 -0.9147
v -0.2721 -0.0638 -0.8546
v -0.2735 -0.0654 -0.8580
v -0.2740 -0.1279 -0.9152
v -0.2737 -0.0740 -0.8388
v -0.2733 -0.1433 -0.6184
v -0.2701 -0.0519 -0.8987
v -0.2672 -0.1576 -0.9369
v -0.2738 -0.1592 -0.6212
v -0.2728 -0.0989 -0.8503
v -0.2755 -0.1549 -0.7727
v -0.2700 -0.0472 -0.8637
v -0.2720 -0.1599 -0.8214
v -0.2721 -0.0958 -0.8546
v -0.2729 -0.1545 -0.6194
v -0.2699 -0.1602 -0.7090
v -0.2763 -0.1177 -0.8426
v -0.2720 -0.1592 -0.6968
v -0.2744 -0.1689 -0.6048
v -0.2719 -0.1702 -0.8391
v -0.2717 -0.1597 -0.7687
v -0.2681 -0.1299 -0.9177
v -0.2648 -0.1603 -0.6623
v -0.2723 -0.1387 -0.7459
v -0.2685 -0.0937 -0.9274
v -0.2720 -0.1602 -0.7188
v -0.2795 -0.1703 -0.7280
v -0.2723 -0.1604 -0.6418
v -0.2715 -0.1430 -0.8581
v -0.2733 -0.0801 -0.8575
v -0.2684 -0.0820 -0.8308
v -0.2724 -0.1601 -0.7383
v -0.2686 -0.1703 -0.8813
v -0.2722 -0.1508 -0.7379
v -0.2723 -0.1439 -0.6196
v -0.2699 -0.1345 -0.6073
v -0.2696 -0.1433 -0.6323
v -0.2736 -0.1703 -0.9109
v -0.2718 -0.0331 -0.8765
v -0.2704 -0.1330 -0.7462
v -0.2676 -0.1510 -0.6106
v -0.2833 -0.1146 -0.8508
v -0.2678 -0.1690 -0.9406
v -0.2737 -0.0753 -0.8431
v -0.2699 -0.1593 -0.7753
v -0.2636 -0.0330 -0.8818
v -0.2704 -0.1434 -0.6053
v -0.2656 -0.1358 -0.8523
v -0.2692 -0.1203 -0.8469
v -0.2778 -0.1702 -0.7642
v -0.2739 -0.1604 -0.7598
v -0.2674 -0.1535 -0.6310
v -0.2706 -0.1379 -0.7402
v -0.2698 -0.0762 -0.8522
v -0.2714 -0.0808 -0.8405
v -0.2712 -0.1328 -0.6109
v -0.2669 -0.0805 -0.8448
v -0.2731 -0.1702 -0.7409
v -0.2726 -0.1595 -0.7477
v -0.2690 -0.0991 -0.9169
v -0.2691 -0.1448 -0.8474
v -0.2689 -0.1476 -0.9183
v -0.2724 -0.0877 -0.9311
v -0.2687 -0.1503 -0.8450
v -0.2729 -0.0732 -0.9140
v -0.2692 -0.1317 -0.8491
v -0.2665 -0.1299 -0.8419
v -0.2685 -0.1182 -0.8540
v -0.2737 -0.1702 -0.8112
v -0.2678 -0.1599 -0.6064
v -0.2677 -0.1231 -0.8514
v -0.2673 -0.1600 -0.7387
v -0.2654 -0.1595 -0.9203
v -0.2696 -0.1605 -0.8060
v -0.2654 -0.1451 -0.6090
v -0.2693 -0.0671 -0.8414
v -0.2706 -0.1181 -0.9165
v -0.2671 -0.1595 -0.7502
v -0.2680 -0.1058 -0.8466
v -0.2676 -0.0933 -0.8463
v -0.2680 -0.1590 -0.6324
v -0.2679 -0.0758 -0.8476
v -0.2691 -0.1677 -0.5980
v -0.2621 -0.0749 -0.8406
v -0.2679 -0.1401 -0.6105
v -0.2678 -0.1564 -0.6073
v -0.2670 -0.0753 -0.8336
v -0.2701 -0.1428 -0.7490
v -0.2685 -0.1506 -0.6205
v -0.2646 -0.0449 -0.8696
v -0.2682 -0.0328 -0.8846
v -0.2684 -0.0489 -0.8598
v -0.2673 -0.1553 -0.8400
v -0.2651 -0.1590 -0.6365
v -0.2659 -0.1702 -0.6654
v -0.2678 -0.1418 -0.6225
v -0.2637 -0.1690 -0.5899
v -0.2679 -0.1543 -0.6151
v -0.2678 -0.1569 -0.6133
v -0.2672 -0.1419 -0.6001
v -0.2681 -0.0691 -0.8500
v -0.2631 -0.1597 -0.6148
v -0.2684 -0.1506 -0.6030
v -0.2664 -0.1705 -0.9314
v -0.2692 -0.1705 -0.6183
v -0.2651 -0.1599 -0.7011
v -0.2672 -0.1584 -0.6101
v -0.2636 -0.1268 -0.8522
v -0.2629 -0.1338 -0.7429
v -0.2683 -0.1378 -0.7481
v -0.2664 -0.1563 -0.6049
v -0.2676 -0.0858 -0.8332
v -0.2691 -0.1255 -0.8553
v -0.2680 -0.1370 -0.8432
v -0.2675 -0.1315 -0.7408
v -0.2656 -0.1615 -0.5984
v -0.2653 -0.1459 -0.8404
v -0.2648 -0.0562 -0.8557
v -0.2647 -0.1443 -0.6309
v -0.2675 -0.0645 -0.8499
v -0.2648 -0.1218 -0.8387
v -0.2684 -0.1537 -0.8493
v -0.2549 -0.1703 -0.9193
v -0.2644 -0.1138 -0.9199
v -0.2713 -0.1467 -0.7370
v -0.2595 -0.1600 -0.6293
v -0.2656 -0.1450 -0.6331
v -0.2645 -0.1493 -0.6368
v -0.2619 -0.0847 -0.8267
v -0.2644 -0.0859 -0.8409
v -0.2666 -0.1547 -0.6091
v -0.2621 -0.1604 -0.7532
v -0.2642 -0.1424 -0.7431
v -0.2664 -0.1405 -0.9185
v -0.2640 -0.1511 -0.8527
v -0.2655 -0.1588 -0.6277
v -0.2698 -0.1702 -0.7055
v -0.2640 -0.1488 -0.6305
v -0.2665 -0.0907 -0.9350
v -0.2625 -0.1491 -0.6049
v -0.2590 -0.1591 -0.5977
v -0.2647 -0.1600 -0.8332
v -0.2649 -0.1438 -0.6067
v -0.2608 -0.1517 -0.6172
v -0.2669 -0.0707 -0.8476
v -0.2651 -0.1514 -0.6374
v -0.2649 -0.1519 -0.8313
v -0.2656 -0.0984 -0.8400
v -0.2663 -0.1604 -0.7974
v -0.2630 -0.1530 -0.6282
v -0.2604 -0.1597 -0.6380
v -0.2622 -0.1475 -0.7498
v -0.2606 -0.1703 -0.8468
v -0.2637 -0.1449 -0.8348
v -0.2623 -0.1541 -0.7482
v -0.2653 -0.1326 -0.8340
v -0.2593 -0.1361 -0.8308
v -0.2652 -0.0878 -0.9182
v -0.2666 -0.1702 -0.7525
v -0.2600 -0.1463 -0.6340
v -0.2611 -0.0619 -0.8502
v -0.2626 -0.0689 -0.8470
v -0.2631 -0.1469 -0.9212
v -0.2626 -0.1594 -0.6045
v -0.2664 -0.1531 -0.5981
v -0.2668 -0.1703 -0.8605
v -0.2553 -0.0938 -0.8253
v -0.2628 -0.1590 -0.7451
v -0.2617 -0.0905 -0.8326
v -0.2622 -0.1465 -0.7445
v -0.2635 -0.1447 -0.6401
v -0.2575 -0.1577 -0.9267
v -0.2604 -0.1523 -0.7383
v -0.2649 -0.1426 -0.7392
v -0.2636 -0.0644 -0.9124
v -0.2649 -0.1246 -0.9210
v -0.2602 -0.1553 -0.6073
v -0.2675 -0.1603 -0.6758
v -0.2623 -0.1604 -0.6492
v -0.2563 -0.1600 -0.6565
v -0.2603 -0.1702 -0.7678
v -0.2650 -0.0842 -0.9264
v -0.2576 -0.1696 -0.5823
v -0.2588 -0.0939 -0.9347
v -0.2627 -0.1551 -0.6265
v -0.2593 -0.1703 -0.6387
v -0.2621 -0.1702 -0.6479
v -0.2601 -0.1526 -0.9255
v -0.2604 -0.0846 -0.8209
v -0.2626 -0.1604 -0.7270
v -0.2620 -0.1598 -0.7380
v -0.2622 -0.0910 -0.8233
v -0.2601 -0.1532 -0.6343
v -0.2583 -0.1596 -0.6408
v -0.2641 -0.1702 -0.7849
v -0.2618 -0.1511 -0.6427
v -0.2592 -0.1601 -0.6392
v -0.2603 -0.1600 -0.6045
v -0.2612 -0.1479 -0.6440
v -0.2596 -0.1242 -0.8319
v -0.2538 -0.0846 -0.8322
v -0.2544 -0.1703 -0.8676
v -0.2588 -0.0440 -0.8622
v -0.2573 -0.1529 -0.6219
v -0.2568 -0.0519 -0.8447
v -0.2608 -0.1605 -0.7094
v -0.2519 -0.1702 -0.7765
v -0.2588 -0.1601 -0.5928
v -0.2593 -0.1438 -0.5926
v -0.2561 -0.1445 -0.6488
v -0.2594 -0.0975 -0.8328
v -0.2600 -0.1092 -0.8329
v -0.2561 -0.1703 -0.8963
v -0.2618 -0.0479 -0.8506
v -0.2591 -0.1592 -0.6153
v -0.2509 -0.0699 -0.9241
v -0.2530 -0.1703 -0.6695
v -0.2539 -0.1583 -0.6492
v -0.2493 -0.1702 -0.8820
v -0.2541 -0.1702 -0.7958
v -0.2586 -0.0809 -0.8329
v -0.2622 -0.1706 -0.6080
v -0.2566 -0.1506 -0.6444
v -0.2607 -0.1601 -0.7699
v -0.2511 -0.1599 -0.5977
v -0.2546 -0.1495 -0.6438
v -0.2573 -0.1501 -0.6462
v -0.2569 -0.1202 -0.9251
v -0.2585 -0.0409 -0.8836
v -0.2564 -0.1456 -0.9252
v -0.2587 -0.0898 -0.8186
v -0.2541 -0.1703 -0.5982
v -0.2536 -0.0439 -0.8470
v -0.2577 -0.1604 -0.8222
v -0.2576 -0.0791 -0.9272
v -0.2550 -0.1482 -0.6091
v -0.2556 -0.0783 -0.8400
v -0.2574 -0.1483 -0.5927
v -0.2522 -0.1472 -0.5932
v -0.2569 -0.1427 -0.5993
v -0.2497 -0.1603 -0.7623
v -0.2567 -0.1325 -0.9253
v -0.2562 -0.1589 -0.5973
v -0.2567 -0.1547 -0.6017
v -0.2564 -0.1488 -0.5969
v -0.2551 -0.0925 -0.8320
v -0.2567 -0.1507 -0.6478
v -0.2578 -0.0862 -0.9389
v -0.2542 -0.1495 -0.5894
v -0.2558 -0.0321 -0.8919
v -0.2589 -0.1545 -0.6292
v -0.2550 -0.1587 -0.6058
v -0.2567 -0.1501 -0.6147
v -0.2564 -0.1577 -0.5919
v -0.2510 -0.1418 -0.5895
v -0.2556 -0.1444 -0.6562
v -0.2580 -0.1603 -0.7870
v -0.2556 -0.1598 -0.8324
v -0.2564 -0.0691 -0.8432
v -0.2530 -0.0358 -0.8857
v -0.2570 -0.0934 -0.9231
v -0.2551 -0.1603 -0.7421
v -0.2555 -0.0909 -0.8340
v -0.2564 -0.1557 -0.6508
v -0.2582 -0.1594 -0.6456
v -0.2591 -0.1456 -0.8321
v -0.2535 -0.0900 -0.9430
v -0.2549 -0.1501 -0.6481
v -0.2568 -0.0436 -0.8747
v -0.2552 -0.1702 -0.8147
v -0.2447 -0.1604 -0.7040
v -0.2547 -0.0603 -0.8443
v -0.2536 -0.1435 -0.5878
v -0.2576 -0.0391 -0.8943
v -0.2572 -0.0849 -0.9349
v -0.2521 -0.0437 -0.8718
v -0.2471 -0.0942 -0.9410
v -0.2550 -0.0419 -0.8549
v -0.2622 -0.1702 -0.8255
v -0.2531 -0.0900 -0.8373
v -0.2557 -0.1614 -0.9421
v -0.2573 -0.1470 -0.6388
v -0.2573 -0.1082 -0.9247
v -0.2527 -0.1582 -0.5957
v -0.2533 -0.1705 -0.5850
v -0.2531 -0.1493 -0.9293
v -0.2516 -0.1518 -0.6357
v -0.2454 -0.0406 -0.9030
v -0.2561 -0.1505 -0.8311
v -0.2537 -0.1448 -0.8380
v -0.2523 -0.1603 -0.5819
v -0.2520 -0.1114 -0.8378
v -0.2561 -0.0557 -0.9097
v -0.2549 -0.1604 -0.6960
v -0.2512 -0.1416 -0.6515
v -0.2522 -0.1590 -0.5893
v -0.2540 -0.0863 -0.9238
v -0.2555 -0.1537 -0.6571
v -0.2544 -0.1702 -0.6837
v -0.2592 -0.1702 -0.7151
v -0.2514 -0.1458 -0.6470
v -0.2527 -0.1519 -0.5824
v -0.2527 -0.1554 -0.9308
v -0.2525 -0.1489 -0.5905
v -0.2519 -0.1446 -0.5810
v -0.2528 -0.1702 -0.7002
v -0.2509 -0.1689 -0.5718
v -0.2521 -0.0426 -0.8823
v -0.2525 -0.1522 -0.5874
v -0.2532 -0.1002 -0.8350
v -0.2510 -0.1483 -0.6027
v -0.2575 -0.1641 -0.5842
v -0.2500 -0.1445 -0.6596
v -0.2462 -0.1703 -0.6540
v -0.2523 -0.1533 -0.5977
v -0.2480 -0.1471 -0.9266
v -0.2495 -0.0337 -0.8968
v -0.2515 -0.1593 -0.5947
v -0.2506 -0.1479 -0.6251
v -0.2501 -0.1361 -0.8380
v -0.2484 -0.1476 -0.5810
v -0.2510 -0.1401 -0.8333
v -0.2517 -0.1598 -0.6611
v -0.2563 -0.0475 -0.8417
v -0.2542 -0.1604 -0.6672
v -0.2551 -0.1697 -0.9421
v -0.2482 -0.0910 -0.8377
v -0.2481 -0.1500 -0.6171
v -0.2515 -0.1599 -0.6355
v -0.2515 -0.1507 -0.5948
v -0.2524 -0.1599 -0.6461
v -0.2478 -0.1585 -0.6536
v -0.2489 -0.1454 -0.5920
v -0.2515 -0.1599 -0.5936
v -0.2497 -0.0783 -0.8424
v -0.2475 -0.0845 -0.8298
v -0.2527 -0.1543 -0.5995
v -0.2489 -0.0890 -0.8373
v -0.2479 -0.1658 -0.5697
v -0.2504 -0.0384 -0.8501
v -0.2513 -0.1536 -0.6473
v -0.2492 -0.1577 -0.5908
v -0.2496 -0.1702 -0.7529
v -0.2495 -0.0431 -0.8643
v -0.2488 -0.1703 -0.8440
v -0.2475 -0.1594 -0.5960
v -0.2459 -0.0853 -0.8367
v -0.2491 -0.1566 -0.5956
v -0.2514 -0.1604 -0.7178
v -0.2470 -0.1485 -0.6019
v -0.2444 -0.1603 -0.5754
v -0.2473 -0.0905 -0.8400
v -0.2473 -0.1604 -0.8306
v -0.2476 -0.1597 -0.6605
v -0.2486 -0.1517 -0.5932
v -0.2508 -0.1603 -0.8060
v -0.2517 -0.1604 -0.6782
v -0.2479 -0.0844 -0.9401
v -0.2530 -0.1702 -0.7393
v -0.2463 -0.0326 -0.8920
v -0.2485 -0.1566 -0.9295
v -0.2501 -0.0927 -0.8374
v -0.2449 -0.1502 -0.6636
v -0.2414 -0.1702 -0.8251
v -0.2498 -0.1475 -0.8366
v -0.2503 -0.0509 -0.8468
v -0.2463 -0.1591 -0.6651
v -0.2479 -0.1378 -0.9257
v -0.2479 -0.0883 -0.9255
v -0.2477 -0.1510 -0.6598
v -0.2478 -0.0924 -0.9360
v -0.2435 -0.1100 -0.9200
v -0.2432 -0.0939 -0.8329
v -0.2470 -0.1431 -0.6550
v -0.2460 -0.1580 -0.6602
v -0.2489 -0.1109 -0.9261
v -0.2452 -0.1595 -0.9246
v -0.2473 -0.1234 -0.9249
v -0.2444 -0.0437 -0.8500
v -0.2467 -0.1436 -0.6587
v -0.2426 -0.1039 -0.8435
v -0.2568 -0.1702 -0.7290
v -0.2465 -0.1544 -0.5896
v -0.2440 -0.1603 -0.7758
v -0.2455 -0.1497 -0.5817
v -0.2460 -0.0880 -0.8262
v -0.2393 -0.1601 -0.9258
v -0.2450 -0.1413 -0.6624
v -0.2458 -0.1392 -0.6665
v -0.2451 -0.1594 -0.6572
v -0.2464 -0.1586 -0.6684
v -0.2521 -0.1261 -0.8363
v -0.2473 -0.1548 -0.5801
v -0.2433 -0.0898 -0.8397
v -0.2398 -0.1597 -0.6583
v -0.2449 -0.1422 -0.5814
v -0.2443 -0.1589 -0.6601
v -0.2452 -0.1489 -0.5802
v -0.2407 -0.1703 -0.9223
v -0.2444 -0.1607 -0.9427
v -0.2459 -0.1691 -0.9440
v -0.2439 -0.1578 -0.5811
v -0.2409 -0.1438 -0.6552
v -0.2422 -0.0938 -0.8426
v -0.2457 -0.1703 -0.9361
v -0.2471 -0.1396 -0.5852
v -0.2471 -0.0811 -0.9236
v -0.2461 -0.1375 -0.8371
v -0.2434 -0.1579 -0.5910
v -0.2456 -0.1467 -0.9234
v -0.2407 -0.0856 -0.9475
v -0.2390 -0.0415 -0.9081
v -0.2446 -0.1554 -0.9338
v -0.2408 -0.0516 -0.9149
v -0.2456 -0.0476 -0.8449
v -0.2415 -0.1488 -0.5921
v -0.2478 -0.0418 -0.8600
v -0.2444 -0.0774 -0.8465
v -0.2432 -0.1702 -0.7167
v -0.2450 -0.1541 -0.8391
v -0.2421 -0.0375 -0.8574
v -0.2419 -0.1496 -0.6231
v -0.2441 -0.1458 -0.5891
v -0.2457 -0.1702 -0.5699
v -0.2426 -0.0906 -0.9492
v -0.2458 -0.0393 -0.8884
v -0.2399 -0.0343 -0.8941
v -0.2375 -0.0771 -0.9369
v -0.2407 -0.0757 -0.9239
v -0.2429 -0.1456 -0.5826
v -0.2414 -0.1487 -0.5810
v -0.2444 -0.1463 -0.5761
v -0.2405 -0.1512 -0.5724
v -0.2475 -0.1471 -0.6713
v -0.2409 -0.1478 -0.6738
v -0.2469 -0.1703 -0.6340
v -0.2441 -0.1491 -0.5780
v -0.2427 -0.1491 -0.5787
v -0.2415 -0.1349 -0.8422
v -0.2427 -0.1500 -0.5833
v -0.2491 -0.0417 -0.8726
v -0.2467 -0.0978 -0.9240
v -0.2427 -0.1420 -0.8383
v -0.2400 -0.1287 -0.9140
v -0.2439 -0.1318 -0.6624
v -0.2446 -0.1520 -0.6398
v -0.2427 -0.1595 -0.5827
v -0.2423 -0.1487 -0.5780
v -0.2414 -0.1489 -0.5784
v -0.2424 -0.1487 -0.5776
v -0.2422 -0.0277 -0.9023
v -0.2395 -0.1372 -0.9129
v -0.2404 -0.0317 -0.8979
v -0.2414 -0.1603 -0.6527
v -0.2447 -0.1423 -0.6760
v -0.2429 -0.1419 -0.5801
v -0.2473 -0.0864 -0.9288
v -0.2417 -0.1551 -0.6733
v -0.2422 -0.1587 -0.5839
v -0.2398 -0.1611 -0.5695
v -0.2365 -0.0518 -0.8811
v -0.2420 -0.1483 -0.6751
v -0.2412 -0.1308 -0.6685
v -0.2406 -0.1551 -0.6738
v -0.2425 -0.1558 -0.6555
v -0.2395 -0.1594 -0.8417
v -0.2465 -0.1703 -0.6220
v -0.2397 -0.0432 -0.8641
v -0.2423 -0.0339 -0.9025
v -0.2441 -0.1135 -0.8414
v -0.2401 -0.0395 -0.8923
v -0.2401 -0.1603 -0.7501
v -0.2381 -0.0471 -0.8496
v -0.2403 -0.1412 -0.6766
v -0.2385 -0.1321 -0.6614
v -0.2416 -0.0671 -0.9142
v -0.2384 -0.1498 -0.5782
v -0.2400 -0.1599 -0.6451
v -0.2340 -0.1603 -0.7142
v -0.2427 -0.1213 -0.8412
v -0.2367 -0.1437 -0.5775
v -0.2406 -0.0759 -0.9129
v -0.2379 -0.1600 -0.5848
v -0.2448 -0.0459 -0.8805
v -0.2402 -0.1550 -0.6713
v -0.2412 -0.1494 -0.6760
v -0.2392 -0.0197 -0.9029
v -0.2434 -0.1604 -0.6849
v -0.2392 -0.1618 -0.9441
v -0.2388 -0.0581 -0.8728
v -0.2324 -0.1603 -0.8068
v -0.2409 -0.1399 -0.6697
v -0.2401 -0.1464 -0.5725
v -0.2366 -0.0939 -0.8361
v -0.2415 -0.0863 -0.9157
v -0.2353 -0.0939 -0.9119
v -0.2355 -0.1468 -0.8434
v -0.2375 -0.1691 -0.9454
v -0.2393 -0.0499 -0.8525
v -0.2389 -0.1480 -0.5780
v -0.2401 -0.1596 -0.5767
v -0.2371 -0.1352 -0.6667
v -0.2395 -0.1532 -0.9265
v -0.2430 -0.1702 -0.8096
v -0.2371 -0.1702 -0.7320
v -0.2354 -0.0734 -0.9119
v -0.2452 -0.0604 -0.8507
v -0.2377 -0.1099 -0.8429
v -0.2384 -0.0841 -0.9428
v -0.2392 -0.1286 -0.8419
v -0.2412 -0.1594 -0.6752
v -0.2372 -0.1081 -0.9134
v -0.2405 -0.1527 -0.5827
v -0.2279 -0.1603 -0.7291
v -0.2391 -0.1466 -0.9121
v -0.2373 -0.1475 -0.6681
v -0.2394 -0.0263 -0.9070
v -0.2388 -0.0919 -0.9441
v -0.2397 -0.0333 -0.9092
v -0.2420 -0.1603 -0.7307
v -0.2435 -0.1703 -0.9038
v -0.2421 -0.0635 -0.9242
v -0.2365 -0.0862 -0.9366
v -0.2348 -0.0798 -0.9322
v -0.2383 -0.1559 -0.9401
v -0.2336 -0.1308 -0.9144
v -0.2410 -0.1702 -0.7903
v -0.2382 -0.1501 -0.5843
v -0.2399 -0.1703 -0.6072
v -0.2437 -0.1604 -0.7986
v -0.2374 -0.1431 -0.6725
v -0.2337 -0.0193 -0.9013
v -0.2346 -0.1046 -0.8483
v -0.2368 -0.1576 -0.5776
v -0.2388 -0.1036 -0.9159
v -0.2363 -0.0994 -0.9150
v -0.2374 -0.0612 -0.9125
v -0.2352 -0.0701 -0.9321
v -0.2374 -0.1496 -0.6576
v -0.2344 -0.1487 -0.5681
v -0.2429 -0.1703 -0.5890
v -0.2386 -0.1703 -0.8706
v -0.2298 -0.1702 -0.6557
v -0.2399 -0.1702 -0.7022
v -0.2397 -0.0260 -0.8979
v -0.2329 -0.1595 -0.5672
v -0.2379 -0.1482 -0.9212
v -0.2371 -0.1398 -0.6656
v -0.2339 -0.1488 -0.5706
v -0.2414 -0.0535 -0.8740
v -0.2351 -0.0840 -0.9120
v -0.2321 -0.1532 -0.5626
v -0.2373 -0.0419 -0.8552
v -0.2360 -0.1187 -0.9175
v -0.2345 -0.1484 -0.5736
v -0.2267 -0.1498 -0.5867
v -0.2337 -0.1502 -0.5771
v -0.2336 -0.1702 -0.6907
v -0.2386 -0.1165 -0.9145
v -0.2325 -0.0407 -0.8962
v -0.2336 -0.1603 -0.8389
v -0.2352 -0.0528 -0.9084
v -0.2377 -0.1411 -0.6600
v -0.2303 -0.1702 -0.6330
v -0.2382 -0.1481 -0.6309
v -0.2279 -0.1603 -0.6727
v -0.2359 -0.1604 -0.7900
v -0.2395 -0.1702 -0.7700
v -0.2302 -0.0611 -0.8597
v -0.2345 -0.1424 -0.5682
v -0.2315 -0.1434 -0.6652
v -0.2354 -0.1703 -0.6665
v -0.2340 -0.1303 -0.8468
v -0.2337 -0.1702 -0.7561
v -0.2327 -0.0512 -0.9192
v -0.2363 -0.0708 -0.8527
v -0.2351 -0.0473 -0.8701
v -0.2322 -0.1703 -0.9108
v -0.2377 -0.1483 -0.6140
v -0.2349 -0.1495 -0.5709
v -0.2364 -0.0803 -0.8489
v -0.2346 -0.0523 -0.8652
v -0.2331 -0.0622 -0.9267
v -0.2339 -0.0656 -0.8675
v -0.2351 -0.0421 -0.8594
v -0.2381 -0.1693 -0.5626
v -0.2349 -0.0199 -0.9050
v -0.2332 -0.0721 -0.9265
v -0.2333 -0.1488 -0.5720
v -0.2309 -0.1705 -0.9408
v -0.2371 -0.0847 -0.8417
v -0.2331 -0.1594 -0.6648
v -0.2309 -0.1577 -0.8000
v -0.2330 -0.1398 -0.9132
v -0.2289 -0.1702 -0.5905
v -0.2316 -0.0625 -0.9193
v -0.2321 -0.0517 -0.8593
v -0.2318 -0.0341 -0.8985
v -0.2363 -0.1511 -0.6473
v -0.2346 -0.1702 -0.7429
v -0.2300 -0.1500 -0.9145
v -0.2329 -0.1575 -0.5768
v -0.2323 -0.1445 -0.5645
v -0.2304 -0.1703 -0.7843
v -0.2331 -0.0335 -0.9078
v -0.2160 -0.1702 -0.5976
v -0.2342 -0.1534 -0.5779
v -0.2339 -0.1503 -0.6003
v -0.2311 -0.1481 -0.5692
v -0.2309 -0.1641 -0.5595
v -0.2284 -0.0484 -0.9092
v -0.2334 -0.1364 -0.8440
v -0.2321 -0.0304 -0.8995
v -0.2282 -0.0327 -0.9047
v -0.2313 -0.0272 -0.9058
v -0.2340 -0.0843 -0.8374
v -0.2306 -0.0937 -0.8405
v -0.2382 -0.1603 -0.8207
v -0.2337 -0.0893 -0.8336
v -0.2316 -0.1575 -0.5721
v -0.2241 -0.1506 -0.6393
v -0.2303 -0.0482 -0.8549
v -0.2301 -0.1517 -0.5730
v -0.2313 -0.1119 -0.9179
v -0.2310 -0.1598 -0.9111
v -0.2315 -0.1702 -0.6775
v -0.2305 -0.1548 -0.9086
v -0.2324 -0.1464 -0.9120
v -0.2301 -0.0580 -0.9203
v -0.2324 -0.1052 -0.9079
v -0.2339 -0.1235 -0.9141
v -0.2285 -0.1599 -0.8298
v -0.2264 -0.0489 -0.8909
v -0.2333 -0.1198 -0.8448
v -0.2305 -0.1598 -0.7891
v -0.2318 -0.0919 -0.8491
v -0.2293 -0.1702 -0.8045
v -0.2293 -0.1581 -0.5681
v -0.2289 -0.1593 -0.5724
v -0.2273 -0.0834 -0.8478
v -0.2280 -0.1465 -0.8513
v -0.2312 -0.1557 -0.9134
v -0.2290 -0.1702 -0.6450
v -0.2254 -0.0418 -0.8959
v -0.2241 -0.1702 -0.7028
v -0.2292 -0.1517 -0.5706
v -0.2299 -0.1515 -0.6478
v -0.2308 -0.1598 -0.6494
v -0.2317 -0.0453 -0.9042
v -0.2174 -0.1703 -0.7453
v -0.2316 -0.1603 -0.7638
v -0.2312 -0.1702 -0.8606
v -0.2294 -0.0544 -0.9136
v -0.2266 -0.1599 -0.9028
v -0.2250 -0.1488 -0.5718
v -0.2241 -0.1474 -0.6241
v -0.2297 -0.0462 -0.9145
v -0.2279 -0.0694 -0.8580
v -0.2273 -0.0509 -0.8994
v -0.2290 -0.0468 -0.8632
v -0.2297 -0.1156 -0.9190
v -0.2290 -0.1438 -0.5668
v -0.2303 -0.0521 -0.8846
v -0.2268 -0.1556 -0.5578
v -0.2327 -0.1603 -0.6914
v -0.2270 -0.1596 -0.9164
v -0.2283 -0.1379 -0.8504
v -0.2285 -0.0743 -0.8609
v -0.2304 -0.1268 -0.9102
v -0.2256 -0.1695 -0.9477
v -0.2272 -0.1393 -0.8462
v -0.2282 -0.0404 -0.9107
v -0.2251 -0.1574 -0.9139
v -0.2303 -0.0718 -0.9037
v -0.2270 -0.0784 -0.8563
v -0.2293 -0.0911 -0.8511
v -0.2285 -0.1434 -0.5584
v -0.2319 -0.1702 -0.5732
v -0.2278 -0.0859 -0.9007
v -0.2224 -0.0935 -0.8516
v -0.2252 -0.1596 -0.8002
v -0.2302 -0.1361 -0.9066
v -0.2278 -0.1590 -0.8459
v -0.2224 -0.1604 -0.7050
v -0.2287 -0.0583 -0.9015
v -0.2273 -0.0614 -0.8765
v -0.2269 -0.1120 -0.9086
v -0.2271 -0.1393 -0.5642
v -0.2262 -0.1256 -0.8519
v -0.2306 -0.1454 -0.8449
v -0.2273 -0.1194 -0.9104
v -0.2239 -0.1470 -0.8463
v -0.2254 -0.0374 -0.9042
v -0.2257 -0.0423 -0.9049
v -0.2271 -0.1583 -0.9208
v -0.2162 -0.1604 -0.6917
v -0.2236 -0.0553 -0.8859
v -0.2332 -0.1703 -0.8385
v -0.2255 -0.1602 -0.6436
v -0.2278 -0.0985 -0.9028
v -0.2229 -0.0902 -0.8539
v -0.2236 -0.1407 -0.5630
v -0.2247 -0.1702 -0.8488
v -0.2234 -0.1285 -0.8963
v -0.2227 -0.1492 -0.9171
v -0.2274 -0.1580 -0.9455
v -0.2270 -0.1053 -0.9003
v -0.2187 -0.0632 -0.8789
v -0.2219 -0.0492 -0.9003
v -0.2258 -0.1509 -0.9216
v -0.2259 -0.1570 -0.7940
v -0.2138 -0.1479 -0.6128
v -0.2224 -0.1499 -0.5606
v -0.2223 -0.1604 -0.8145
v -0.2254 -0.1522 -0.5671
v -0.2288 -0.1604 -0.6564
v -0.2206 -0.1578 -0.8203
v -0.2240 -0.1593 -0.5596
v -0.2231 -0.0766 -0.8932
v -0.2152 -0.1407 -0.8586
v -0.2213 -0.1539 -0.5596
v -0.2257 -0.1551 -0.8304
v -0.2309 -0.1702 -0.8811
v -0.2256 -0.1543 -0.9375
v -0.2242 -0.0570 -0.8947
v -0.2232 -0.0655 -0.8926
v -0.2203 -0.0848 -0.8463
v -0.2208 -0.1703 -0.7615
v -0.2258 -0.1604 -0.7781
v -0.2214 -0.1487 -0.8531
v -0.2195 -0.1703 -0.7905
v -0.2211 -0.1047 -0.8905
v -0.2196 -0.0566 -0.8847
v -0.2273 -0.1702 -0.7192
v -0.2249 -0.1697 -0.5553
v -0.2229 -0.0871 -0.8846
v -0.2224 -0.0950 -0.8838
v -0.2213 -0.0742 -0.8835
v -0.2177 -0.1067 -0.6936
v -0.2235 -0.1207 -0.9086
v -0.2218 -0.0963 -0.8914
v -0.2241 -0.1051 -0.6885
v -0.2180 -0.1594 -0.9467
v -0.2225 -0.0818 -0.8921
v -0.2229 -0.1450 -0.5675
v -0.2202 -0.1598 -0.8945
v -0.2211 -0.0910 -0.8420
v -0.2278 -0.1702 -0.8924
v -0.2261 -0.1703 -0.9271
v -0.2271 -0.1703 -0.6188
v -0.2213 -0.1603 -0.7521
v -0.2213 -0.1068 -0.8558
v -0.2211 -0.1331 -0.8846
v -0.2211 -0.1151 -0.8847
v -0.2189 -0.1596 -0.7918
v -0.2173 -0.1452 -0.9245
v -0.2184 -0.1535 -0.5608
v -0.2199 -0.0545 -0.8967
v -0.2210 -0.1069 -0.8872
v -0.2217 -0.1451 -0.5605
v -0.2187 -0.1604 -0.7694
v -0.2208 -0.1498 -0.5664
v -0.2231 -0.1461 -0.8963
v -0.2208 -0.0635 -0.8904
v -0.2182 -0.1059 -0.8807
v -0.2214 -0.1593 -0.9290
v -0.2169 -0.1131 -0.6861
v -0.2169 -0.1703 -0.5543
v -0.2208 -0.1134 -0.9082
v -0.2151 -0.0909 -0.8455
v -0.2212 -0.0902 -0.8556
v -0.2198 -0.1457 -0.5620
v -0.2192 -0.1477 -0.8824
v -0.2138 -0.1703 -0.8605
v -0.2196 -0.1595 -0.8397
v -0.2179 -0.1509 -0.9165
v -0.2204 -0.0470 -0.8941
v -0.2197 -0.1498 -0.5558
v -0.2138 -0.0970 -0.8784
v -0.2210 -0.1604 -0.7204
v -0.2187 -0.0722 -0.8711
v -0.2126 -0.1604 -0.7130
v -0.2173 -0.1492 -0.8882
v -0.2213 -0.1113 -0.8975
v -0.2138 -0.1085 -0.6755
v -0.2169 -0.1560 -0.8887
v -0.2153 -0.1603 -0.7593
v -0.2156 -0.0622 -0.8907
v -0.2171 -0.1102 -0.8907
v -0.2133 -0.1482 -0.5599
v -0.2203 -0.1489 -0.5605
v -0.2161 -0.0925 -0.8375
v -0.2172 -0.1702 -0.7283
v -0.2176 -0.1371 -0.8882
v -0.2184 -0.1628 -0.5559
v -0.2200 -0.1595 -0.9178
v -0.2202 -0.1606 -0.7394
v -0.2189 -0.0951 -0.8583
v -0.2186 -0.0783 -0.8615
v -0.2182 -0.1702 -0.6685
v -0.2082 -0.1568 -0.7711
v -0.2211 -0.1702 -0.8227
v -0.2205 -0.1018 -0.8365
v -0.2170 -0.0863 -0.8768
v -0.2176 -0.1603 -0.6675
v -0.2185 -0.1600 -0.8846
v -0.2215 -0.0687 -0.8862
v -0.2170 -0.1524 -0.8377
v -0.2139 -0.1603 -0.8458
v -0.2162 -0.1575 -0.7528
v -0.2104 -0.1702 -0.8029
v -0.2095 -0.0757 -0.8814
v -0.2209 -0.1231 -0.8847
v -0.2121 -0.1570 -0.7548
v -0.2156 -0.0563 -0.8886
v -0.2145 -0.0900 -0.8593
v -0.2143 -0.1703 -0.8851
v -0.2157 -0.1595 -0.9269
v -0.2108 -0.1583 -0.5529
v -0.2149 -0.1545 -0.5643
v -0.2141 -0.1705 -0.9431
v -0.2172 -0.1602 -0.7997
v -0.2174 -0.1595 -0.5613
v -0.2191 -0.1595 -0.6359
v -0.2120 -0.1703 -0.6948
v -0.2115 -0.1702 -0.6198
v -0.2122 -0.1702 -0.6557
v -0.2119 -0.1604 -0.6514
v -0.2139 -0.1420 -0.8755
v -0.2150 -0.1515 -0.6294
v -0.2181 -0.0983 -0.8880
v -0.2136 -0.1090 -0.8732
v -0.2162 -0.0976 -0.8319
v -0.2156 -0.0953 -0.8757
v -0.2156 -0.1573 -0.8898
v -0.2198 -0.1607 -0.9118
v -0.2165 -0.1702 -0.5823
v -0.2166 -0.1604 -0.7451
v -0.2204 -0.1001 -0.6872
v -0.2174 -0.1592 -0.8522
v -0.2190 -0.1689 -0.9483
v -0.2114 -0.1481 -0.5787
v -0.2140 -0.0791 -0.8623
v -0.2154 -0.0721 -0.8734
v -0.2217 -0.1577 -0.7816
v -0.2149 -0.1215 -0.8598
v -0.2146 -0.1176 -0.9014
v -0.2172 -0.1426 -0.5578
v -0.2140 -0.1600 -0.8819
v -0.2146 -0.1049 -0.8366
v -0.2147 -0.1167 -0.8365
v -0.2130 -0.0965 -0.6914
v -0.2200 -0.1480 -0.5983
v -0.2183 -0.1216 -0.8971
v -0.2128 -0.1445 -0.8425
v -0.2152 -0.1454 -0.8356
v -0.2134 -0.1025 -0.8739
v -0.2138 -0.1347 -0.8418
v -0.2113 -0.0942 -0.8720
v -0.2127 -0.1022 -0.8276
v -0.2144 -0.1595 -0.8775
v -0.2035 -0.1702 -0.6096
v -0.2110 -0.1466 -0.9210
v -0.2169 -0.1276 -0.8893
v -0.2188 -0.1524 -0.8532
v -0.2160 -0.0839 -0.8552
v -0.2110 -0.1513 -0.5534
v -0.2108 -0.0677 -0.8794
v -0.2143 -0.1224 -0.8741
v -0.2145 -0.1334 -0.8360
v -0.2113 -0.0865 -0.8448
v -0.2153 -0.1107 -0.8985
v -0.2102 -0.1602 -0.9209
v -0.2139 -0.1542 -0.8255
v -0.2142 -0.1006 -0.6800
v -0.2133 -0.1137 -0.6906
v -0.2138 -0.1591 -0.7870
v -0.2101 -0.1502 -0.5698
v -0.2134 -0.1680 -0.5520
v -0.2168 -0.1038 -0.6937
v -0.2104 -0.1703 -0.6815
v -0.2172 -0.1703 -0.9047
v -0.2119 -0.1531 -0.8854
v -0.2146 -0.1571 -0.8403
v -0.2098 -0.0877 -0.8706
v -0.2114 -0.1027 -0.6859
v -0.2163 -0.1049 -0.6762
v -0.2155 -0.1703 -0.8409
v -0.2136 -0.1587 -0.7820
v -0.2097 -0.1122 -0.8911
v -0.2096 -0.1609 -0.9469
v -0.2135 -0.1575 -0.8831
v -0.2154 -0.1703 -0.9166
v -0.2121 -0.1184 -0.8424
v -0.2150 -0.1702 -0.6390
v -0.2123 -0.1437 -0.5547
v -0.2120 -0.1512 -0.9245
v -0.2107 -0.1595 -0.5589
v -0.2070 -0.1595 -0.5620
v -0.2107 -0.1533 -0.8298
v -0.2167 -0.1703 -0.7707
v -0.2063 -0.1605 -0.6377
v -0.2098 -0.1571 -0.7451
v -0.2105 -0.1269 -0.8433
v -0.2134 -0.1159 -0.8894
v -0.2092 -0.1548 -0.8885
v -0.2107 -0.0840 -0.8599
v -0.2137 -0.1167 -0.6872
v -0.2113 -0.1379 -0.8439
v -0.2085 -0.1007 -0.8661
v -0.2086 -0.1177 -0.8955
v -0.2089 -0.1082 -0.8640
v -0.2072 -0.1029 -0.6797
v -0.2116 -0.1560 -0.9373
v -0.2093 -0.1103 -0.6940
v -0.2082 -0.1047 -0.8314
v -0.2090 -0.1591 -0.8674
v -0.2062 -0.0949 -0.6921
v -0.2078 -0.1527 -0.8232
v -0.2114 -0.1596 -0.9193
v -0.2103 -0.1602 -0.7625
v -0.2042 -0.1575 -0.7667
v -0.2118 -0.1073 -0.8428
v -0.2107 -0.1599 -0.6254
v -0.2095 -0.1205 -0.8636
v -0.2092 -0.1183 -0.8486
v -0.2090 -0.1341 -0.8657
v -0.2093 -0.1258 -0.8928
v -0.2110 -0.1620 -0.5557
v -0.2061 -0.1504 -0.8494
v -0.2098 -0.1597 -0.8912
v -0.2033 -0.0950 -0.8243
v -0.2022 -0.1604 -0.7036
v -0.2077 -0.1551 -0.8465
v -0.2100 -0.0960 -0.8255
v -0.2071 -0.1599 -0.7561
v -0.2093 -0.1604 -0.8835
v -0.2014 -0.1702 -0.7274
v -0.2136 -0.1702 -0.8134
v -0.2081 -0.0810 -0.8442
v -0.2073 -0.1585 -0.8212
v -0.2076 -0.0737 -0.8738
v -0.2088 -0.1490 -0.8634
v -0.2082 -0.1598 -0.6911
v -0.2084 -0.1444 -0.8325
v -0.2096 -0.0998 -0.6748
v -0.2084 -0.1175 -0.6908
v -0.2095 -0.0802 -0.8661
v -0.1977 -0.1703 -0.8564
v -0.2087 -0.1696 -0.5511
v -0.2081 -0.1436 -0.6908
v -0.2135 -0.0947 -0.8540
v -0.2079 -0.1541 -0.6917
v -0.2088 -0.0961 -0.6866
v -0.2108 -0.0852 -0.8512
v -0.2080 -0.1288 -0.6906
v -0.2085 -0.0933 -0.8336
v -0.2074 -0.1464 -0.8233
v -0.2062 -0.1595 -0.7466
v -0.2015 -0.1338 -0.6959
v -0.2003 -0.1703 -0.5583
v -0.2094 -0.1596 -0.5680
v -0.2080 -0.1415 -0.8489
v -0.2063 -0.1162 -0.6844
v -0.2038 -0.1532 -0.8169
v -0.2085 -0.1045 -0.7013
v -0.2062 -0.0814 -0.8765
v -0.2086 -0.0906 -0.8655
v -0.2061 -0.1033 -0.8462
v -0.2107 -0.1604 -0.6771
v -0.1977 -0.1572 -0.9411
v -0.2069 -0.1600 -0.8625
v -0.2086 -0.1066 -0.6998
v -0.2042 -0.1599 -0.6828
v -0.2055 -0.1444 -0.5512
v -0.2054 -0.1703 -0.8704
v -0.2051 -0.1604 -0.7754
v -0.2063 -0.1498 -0.5526
v -0.2055 -0.0955 -0.6812
v -0.2047 -0.0891 -0.8526
v -0.2075 -0.1333 -0.8313
v -0.2056 -0.1602 -0.5552
v -0.2037 -0.1328 -0.6828
v -0.2116 -0.1703 -0.5682
v -0.2023 -0.1597 -0.6144
v -0.2038 -0.0953 -0.8585
v -0.2053 -0.1233 -0.9220
v -0.2040 -0.1702 -0.7932
v -0.2073 -0.1604 -0.8124
v -0.2063 -0.1606 -0.5523
v -0.2018 -0.1048 -0.7058
v -0.2070 -0.1155 -0.6763
v -0.1986 -0.1702 -0.8151
v -0.2002 -0.1505 -0.5473
v -0.2016 -0.1475 -0.5812
v -0.2069 -0.1134 -0.8307
v -0.2044 -0.1575 -0.7595
v -0.2061 -0.1026 -0.8176
v -0.2011 -0.1575 -0.7380
v -0.2039 -0.1145 -0.8518
v -0.2033 -0.1386 -0.8519
v -0.2063 -0.1522 -0.5641
v -0.1954 -0.1604 -0.7674
v -0.2049 -0.1322 -0.9183
v -0.2021 -0.1345 -0.8231
v -0.1994 -0.1134 -0.7013
v -0.2027 -0.0985 -0.8539
v -0.2060 -0.1518 -0.6180
v -0.2025 -0.1179 -0.9149
v -0.2053 -0.1478 -0.9187
v -0.2015 -0.1604 -0.7266
v -0.2034 -0.1276 -0.8514
v -0.2027 -0.1593 -0.5733
v -0.2007 -0.1526 -0.5767
v -0.2044 -0.1247 -0.6831
v -0.2023 -0.1443 -0.6827
v -0.2030 -0.1703 -0.9277
v -0.2029 -0.0805 -0.8663
v -0.2032 -0.1595 -0.5654
v -0.2041 -0.1069 -0.8535
v -0.2058 -0.1599 -0.7342
v -0.1911 -0.1702 -0.6021
v -0.2043 -0.1595 -0.9181
v -0.1961 -0.1506 -0.9228
v -0.2045 -0.1578 -0.8262
v -0.2013 -0.1448 -0.6958
v -0.2044 -0.0977 -0.6958
v -0.2001 -0.1597 -0.9154
v -0.1983 -0.0977 -0.8511
v -0.2027 -0.0742 -0.8479
v -0.2032 -0.1447 -0.8249
v -0.2020 -0.1244 -0.8212
v -0.2022 -0.1174 -0.8199
v -0.2032 -0.1325 -0.9238
v -0.2024 -0.1702 -0.6488
v -0.2062 -0.1059 -0.6628
v -0.2003 -0.0833 -0.8574
v -0.2045 -0.1435 -0.9224
v -0.2044 -0.1121 -0.9222
v -0.2017 -0.1439 -0.5544
v -0.2043 -0.1703 -0.8338
v -0.2008 -0.1602 -0.9227
v -0.1983 -0.0937 -0.8607
v -0.2018 -0.1588 -0.8486
v -0.2013 -0.1703 -0.6711
v -0.2011 -0.1702 -0.7812
v -0.2036 -0.1001 -0.6662
v -0.1993 -0.0821 -0.8482
v -0.1942 -0.1603 -0.6165
v -0.2002 -0.1127 -0.8187
v -0.2013 -0.1194 -0.6815
v -0.2020 -0.0884 -0.8692
v -0.2023 -0.1480 -0.9163
v -0.1985 -0.1540 -0.8093
v -0.2014 -0.1451 -0.8521
v -0.1971 -0.1600 -0.5777
v -0.2011 -0.1265 -0.8480
v -0.2035 -0.1541 -0.6824
v -0.2010 -0.1238 -0.6959
v -0.2127 -0.0958 -0.8427
v -0.2024 -0.1524 -0.5596
v -0.2011 -0.1485 -0.8121
v -0.2035 -0.1547 -0.9223
v -0.2025 -0.1470 -0.5888
v -0.2001 -0.1544 -0.5626
v -0.2009 -0.1337 -0.8165
v -0.2006 -0.0976 -0.6725
v -0.2021 -0.1049 -0.8212
v -0.2016 -0.1056 -0.9160
v -0.2022 -0.0773 -0.8487
v -0.2014 -0.1018 -0.9220
v -0.2008 -0.1583 -0.8220
v -0.1976 -0.1143 -0.6620
v -0.2011 -0.1118 -0.8489
v -0.2010 -0.1031 -0.6721
v -0.1997 -0.1537 -0.5664
v -0.1958 -0.1602 -0.6758
v -0.2036 -0.1602 -0.9092
v -0.2023 -0.1001 -0.6908
v -0.2024 -0.1606 -0.8562
v -0.1964 -0.1596 -0.5616
v -0.1996 -0.1702 -0.7649
v -0.2030 -0.1604 -0.8942
v -0.1993 -0.0701 -0.8501
v -0.1991 -0.1030 -0.8581
v -0.2007 -0.0976 -0.9159
v -0.2010 -0.1495 -0.5621
v -0.1981 -0.1460 -0.5611
v -0.2010 -0.0748 -0.8435
v -0.2029 -0.0997 -0.8120
v -0.2015 -0.1158 -0.6967
v -0.2009 -0.1595 -0.6960
v -0.1971 -0.0886 -0.8627
v -0.1969 -0.1094 -0.9162
v -0.1950 -0.1374 -0.6884
v -0.1987 -0.1503 -0.6082
v -0.1991 -0.1584 -0.7569
v -0.1994 -0.1124 -0.9149
v -0.1982 -0.1173 -0.6752
v -0.1961 -0.0984 -0.9116
v -0.2018 -0.1597 -0.9298
v -0.2048 -0.0836 -0.8388
v -0.2001 -0.1435 -0.8481
v -0.1939 -0.1311 -0.8085
v -0.1954 -0.0981 -0.8023
v -0.2033 -0.1703 -0.7468
v -0.1974 -0.1167 -0.8513
v -0.1976 -0.1001 -0.6600
v -0.1984 -0.1441 -0.5494
v -0.1990 -0.1593 -0.5488
v -0.1994 -0.0961 -0.8111
v -0.2005 -0.1692 -0.9474
v -0.2007 -0.1604 -0.6260
v -0.1987 -0.1557 -0.6955
v -0.2008 -0.0994 -0.7008
v -0.1986 -0.0925 -0.8568
v -0.1945 -0.1062 -0.9128
v -0.1943 -0.0550 -0.8124
v -0.1972 -0.0547 -0.8261
v -0.1945 -0.1446 -0.5642
v -0.1886 -0.1702 -0.6460
v -0.1984 -0.1452 -0.8158
v -0.1958 -0.1591 -0.9230
v -0.1952 -0.1553 -0.7500
v -0.1939 -0.0634 -0.8481
v -0.1981 -0.1362 -0.5617
v -0.1963 -0.1493 -0.5528
v -0.1956 -0.1312 -0.6865
v -0.1979 -0.1170 -0.9060
v -0.2004 -0.1372 -0.9098
v -0.1958 -0.1703 -0.6876
v -0.1929 -0.1131 -0.7064
v -0.1957 -0.0717 -0.8458
v -0.1958 -0.1494 -0.8549
v -0.1977 -0.1583 -0.7401
v -0.1982 -0.1202 -0.9237
v -0.1964 -0.1545 -0.5613
v -0.2070 -0.1702 -0.7121
v -0.1987 -0.0972 -0.6807
v -0.1958 -0.1056 -0.6491
v -0.1985 -0.1133 -0.9260
v -0.1942 -0.1627 -0.9462
v -0.1946 -0.1553 -0.6901
v -0.1947 -0.1053 -0.8104
v -0.1951 -0.1155 -0.6705
v -0.1960 -0.1375 -0.9227
v -0.1953 -0.1251 -0.9246
v -0.1953 -0.1499 -0.6866
v -0.1962 -0.1503 -0.5575
v -0.1920 -0.1475 -0.7993
v -0.1944 -0.0912 -0.8632
v -0.1968 -0.0908 -0.8582
v -0.1969 -0.0097 -0.8259
v -0.1904 -0.1592 -0.5700
v -0.1986 -0.1605 -0.8024
v -0.1947 -0.1192 -0.6864
v -0.1947 -0.1438 -0.8544
v -0.1947 -0.1593 -0.8534
v -0.1981 -0.1204 -0.8108
v -0.1958 -0.0111 -0.8152
v -0.1940 -0.1536 -0.6755
v -0.1966 -0.0919 -0.8202
v -0.1922 -0.1122 -0.9082
v -0.2005 -0.1694 -0.5461
v -0.1923 -0.1571 -0.7438
v -0.1944 -0.0044 -0.8249
v -0.1949 -0.1119 -0.9154
v -0.1933 -0.1115 -0.9142
v -0.1947 -0.1602 -0.6057
v -0.1944 -0.1598 -0.7383
v -0.1969 -0.0603 -0.8225
v -0.1957 -0.0649 -0.8531
v -0.2010 -0.1605 -0.8786
v -0.1953 -0.1586 -0.8136
v -0.1971 -0.1591 -0.7478
v -0.1953 -0.1475 -0.6890
v -0.1899 -0.1702 -0.7413
v -0.1954 -0.1702 -0.8904
v -0.1952 -0.1115 -0.9143
v -0.1953 -0.0849 -0.8199
v -0.1934 -0.1184 -0.8994
v -0.1951 -0.0795 -0.8169
v -0.1949 -0.1558 -0.7589
v -0.1948 -0.1022 -0.9220
v -0.1961 -0.0941 -0.9194
v -0.1955 -0.0578 -0.8537
v -0.1961 -0.1537 -0.6846
v -0.1918 -0.1552 -0.6725
v -0.1903 -0.0960 -0.8661
v -0.1958 -0.1605 -0.6662
v -0.1931 -0.1003 -0.8562
v -0.1937 -0.1386 -0.9291
v -0.1948 -0.0913 -0.8508
v -0.1929 -0.1047 -0.7122
v -0.1938 -0.0637 -0.8141
v -0.1922 -0.1703 -0.9023
v -0.1952 -0.1467 -0.9018
v -0.1909 -0.1310 -0.8526
v -0.1947 -0.1259 -0.8992
v -0.1933 -0.0991 -0.6990
v -0.1961 -0.1032 -0.6867
v -0.1941 -0.1600 -0.9024
v -0.1981 -0.1702 -0.5871
v -0.1946 -0.1198 -0.9249
v -0.1915 -0.1503 -0.5836
v -0.1891 -0.1555 -0.7020
v -0.1906 -0.1447 -0.8049
v -0.1919 -0.0798 -0.8296
v -0.1982 -0.1702 -0.8795
v -0.1945 -0.0987 -0.7044
v -0.1954 -0.0472 -0.8267
v -0.1894 -0.1704 -0.5464
v -0.1953 -0.0483 -0.8151
v -0.1888 -0.0060 -0.8338
v -0.1909 -0.0927 -0.9231
v -0.1935 -0.1531 -0.8981
v -0.1948 -0.0591 -0.8312
v -0.1926 -0.0984 -0.6722
v -0.1943 -0.1043 -0.6628
v -0.1922 -0.1350 -0.5679
v -0.1935 -0.1342 -0.5546
v -0.1940 -0.1515 -0.9021
v -0.1950 -0.0519 -0.8197
v -0.1928 -0.1028 -0.7989
v -0.1935 -0.0165 -0.8239
v -0.1925 -0.0922 -0.8594
v -0.1933 -0.0291 -0.8191
v -0.1880 -0.1703 -0.9233
v -0.1941 -0.1604 -0.6509
v -0.1935 -0.0469 -0.8532
v -0.1895 -0.1558 -0.8000
v -0.1897 -0.1192 -0.6767
v -0.1892 -0.0451 -0.8114
v -0.1909 -0.0516 -0.8502
v -0.1968 -0.1492 -0.5957
v -0.1936 -0.0702 -0.8523
v -0.1935 -0.0381 -0.8244
v -0.1910 -0.1585 -0.9039
v -0.1949 -0.0447 -0.8202
v -0.1886 -0.1119 -0.8556
v -0.1915 -0.1021 -0.9132
v -0.1960 -0.1050 -0.8553
v -0.1892 -0.1600 -0.8014
v -0.1937 -0.1126 -0.9307
v -0.1910 -0.1703 -0.8301
v -0.1895 -0.1702 -0.7271
v -0.1921 -0.1595 -0.8981
v -0.1931 -0.1405 -0.8984
v -0.1933 -0.1031 -0.6944
v -0.1835 -0.1019 -0.6864
v -0.1913 -0.1427 -0.6716
v -0.1938 -0.0045 -0.8174
v -0.1924 -0.1174 -0.8525
v -0.1883 -0.1589 -0.7501
v -0.1923 -0.1604 -0.7178
v -0.1919 -0.1703 -0.5719
v -0.1942 -0.1117 -0.9195
v -0.1919 -0.1586 -0.8068
v -0.1918 -0.0156 -0.8146
v -0.1879 -0.1551 -0.7534
v -0.1879 -0.0536 -0.8086
v -0.1916 -0.1026 -0.9191
v -0.1909 -0.0826 -0.8118
v -0.1911 -0.1507 -0.5988
v -0.1907 -0.0323 -0.8291
v -0.1907 -0.1431 -0.6769
v -0.1917 -0.1000 -0.6504
v -0.1986 -0.1403 -0.8480
v -0.1924 -0.1703 -0.7061
v -0.1925 -0.1590 -0.9313
v -0.1922 -0.0123 -0.8310
v -0.1916 -0.1593 -0.5997
v -0.1917 -0.1349 -0.6718
v -0.1899 -0.0911 -0.8588
v -0.1883 -0.1518 -0.8995
v -0.1826 -0.1598 -0.5759
v -0.1936 -0.1088 -0.9200
v -0.1855 -0.1053 -0.7972
v -0.1901 -0.1018 -0.9074
v -0.1897 -0.0455 -0.8312
v -0.1908 -0.1069 -0.9064
v -0.1915 -0.1286 -0.5602
v -0.1905 -0.1226 -0.6701
v -0.1906 -0.1550 -0.8587
v -0.1910 -0.0467 -0.8569
v -0.1920 -0.1601 -0.7022
v -0.1894 -0.1034 -0.6574
v -0.1921 -0.1703 -0.6606
v -0.1871 -0.1703 -0.7683
v -0.1885 -0.1604 -0.6318
v -0.1925 -0.1540 -0.9305
v -0.1889 -0.1532 -0.6794
v -0.1888 -0.0896 -0.8559
v -0.1897 -0.1471 -0.9045
v -0.1920 -0.1204 -0.8060
v -0.1870 -0.1166 -0.9032
v -0.1901 -0.1483 -0.6717
v -0.1888 -0.1179 -0.6658
v -0.1889 -0.1423 -0.8548
v -0.1894 -0.1579 -0.9316
v -0.1903 -0.0525 -0.8320
v -0.1866 -0.0890 -0.8618
v -0.1917 -0.0693 -0.8268
v -0.1895 -0.0563 -0.8586
v -0.1806 -0.1703 -0.9085
v -0.1933 -0.1578 -0.5547
v -0.1914 -0.1256 -0.9318
v -0.1905 -0.0642 -0.8612
v -0.1897 -0.1304 -0.6752
v -0.1907 -0.1591 -0.5434
v -0.1890 -0.1479 -0.9039
v -0.1886 -0.0998 -0.8621
v -0.1887 -0.0994 -0.7096
v -0.1904 -0.1605 -0.7853
v -0.1892 -0.1113 -0.9098
v -0.1888 -0.1063 -0.9107
v -0.1856 -0.0616 -0.8352
v -0.1914 -0.0816 -0.8543
v -0.1983 -0.1702 -0.6339
v -0.1886 -0.1038 -0.9283
v -0.1872 -0.1553 -0.6774
v -0.1890 -0.0710 -0.8583
v -0.1906 -0.0068 -0.8091
v -0.1897 -0.1251 -0.9002
v -0.1884 -0.1698 -0.9461
v -0.1848 -0.0897 -0.8590
v -0.1890 -0.1468 -0.9043
v -0.1822 -0.0831 -0.8097
v -0.1878 -0.1604 -0.8708
v -0.1866 -0.0939 -0.9219
v -0.1934 -0.1151 -0.6869
v -0.1930 -0.0989 -0.6628
v -0.1906 -0.1530 -0.5687
v -0.1870 -0.0995 -0.6446
v -0.1891 -0.1581 -0.6681
v -0.1886 -0.1448 -0.8598
v -0.1863 -0.1034 -0.6515
v -0.1865 -0.1484 -0.9028
v -0.1828 -0.0060 -0.8071
v -0.1870 -0.1383 -0.9017
v -0.1808 -0.0960 -0.9125
v -0.1866 -0.1473 -0.9051
v -0.1914 -0.1124 -0.9033
v -0.1857 -0.1461 -0.9033
v -0.1878 -0.1445 -0.9180
v -0.1872 -0.1150 -0.6774
v -0.1854 -0.0714 -0.8330
v -0.1870 -0.1140 -0.7111
v -0.1919 -0.1604 -0.6864
v -0.1858 -0.1390 -0.6749
v -0.1874 -0.1596 -0.9015
v -0.1847 -0.1603 -0.7431
v -0.1869 -0.0491 -0.8533
v -0.1885 -0.1131 -0.9324
v -0.1859 -0.1286 -0.5548
v -0.1864 -0.1518 -0.5884
v -0.1871 -0.1206 -0.7794
v -0.1832 -0.1011 -0.6515
v -0.1845 -0.0589 -0.8523
v -0.1873 -0.1344 -0.5710
v -0.1894 -0.0692 -0.8427
v -0.1845 -0.1256 -0.7718
v -0.1878 -0.1481 -0.6763
v -0.1850 -0.1479 -0.7897
v -0.1865 -0.1051 -0.9212
v -0.1855 -0.1597 -0.8586
v -0.1848 -0.1499 -0.9274
v -0.1885 -0.1158 -0.6529
v -0.1860 -0.1004 -0.9196
v -0.1818 -0.1599 -0.7807
v -0.1879 -0.1603 -0.8913
v -0.1880 -0.0088 -0.8229
v -0.1865 -0.1592 -0.9258
v -0.1905 -0.1702 -0.8000
v -0.1755 -0.1695 -0.9447
v -0.1877 -0.1388 -0.9312
v -0.1897 -0.0169 -0.8303
v -0.1905 -0.0959 -0.9094
v -0.1861 -0.1236 -0.9310
v -0.1857 -0.0115 -0.8352
v -0.1847 -0.1122 -0.9140
v -0.1858 -0.1235 -0.8601
v -0.1841 -0.1703 -0.8677
v -0.1840 -0.1586 -0.7931
v -0.1853 -0.1040 -0.7184
v -0.1851 -0.1034 -0.6995
v -0.1907 -0.1385 -0.5528
v -0.1840 -0.1115 -0.8623
v -0.1851 -0.0966 -0.7888
v -0.1903 -0.0229 -0.8131
v -0.1873 -0.1687 -0.5390
v -0.1864 -0.1596 -0.5867
v -0.1809 -0.0440 -0.8109
v -0.1856 -0.1359 -0.7746
v -0.1835 -0.1594 -0.6749
v -0.1876 -0.1551 -0.8600
v -0.1855 -0.1295 -0.6699
v -0.1856 -0.0655 -0.8527
v -0.1853 -0.1034 -0.7884
v -0.1849 -0.1294 -0.6740
v -0.1846 -0.1103 -0.7166
v -0.1864 -0.1556 -0.7644
v -0.1884 -0.1550 -0.6725
v -0.1866 -0.1483 -0.9192
v -0.1854 -0.1207 -0.6730
v -0.1849 -0.1702 -0.6131
v -0.1867 -0.0045 -0.8130
v -0.1866 -0.1030 -0.6787
v -0.1863 -0.1604 -0.9199
v -0.1883 -0.0582 -0.8480
v -0.1925 -0.0930 -0.9138
v -0.1868 -0.0976 -0.6585
v -0.1845 -0.1194 -0.6678
v -0.1843 -0.1526 -0.9050
v -0.1825 -0.0938 -0.7960
v -0.1840 -0.1429 -0.9262
v -0.1798 -0.1149 -0.6774
v -0.1782 -0.1552 -0.7015
v -0.1915 -0.1705 -0.9386
v -0.1858 -0.1098 -0.9214
v -0.1790 -0.1022 -0.9099
v -0.1828 -0.1144 -0.6419
v -0.1811 -0.0049 -0.8341
v -0.1783 -0.1702 -0.8802
v -0.1854 -0.1603 -0.6598
v -0.1896 -0.0379 -0.8124
v -0.1899 -0.0932 -0.8085
v -0.1885 -0.0042 -0.8280
v -0.1852 -0.1601 -0.5912
v -0.1828 -0.1202 -0.7924
v -0.1859 -0.0926 -0.8663
v -0.1856 -0.1199 -0.9223
v -0.1842 -0.1564 -0.5453
v -0.1821 -0.1150 -0.9253
v -0.1812 -0.0991 -0.9169
v -0.1828 -0.0620 -0.8390
v -0.1828 -0.1354 -0.7705
v -0.1831 -0.1418 -0.8595
v -0.1846 -0.1279 -0.7825
v -0.1882 -0.0595 -0.8083
v -0.1824 -0.1276 -0.8648
v -0.1828 -0.1605 -0.9430
v -0.1826 -0.1106 -0.9153
v -0.1789 -0.1708 -0.5460
v -0.1838 -0.1343 -0.8592
v -0.1848 -0.1285 -0.9046
v -0.1849 -0.1590 -0.7672
v -0.1810 -0.1599 -0.8979
v -0.1834 -0.0616 -0.8088
v -0.1880 -0.1703 -0.8419
v -0.1797 -0.1477 -0.9043
v -0.1836 -0.0982 -0.7043
v -0.1841 -0.1548 -0.8961
v -0.1815 -0.0708 -0.8554
v -0.1824 -0.1171 -0.6556
v -0.1793 -0.1597 -0.8916
v -0.1814 -0.0743 -0.8658
v -0.1835 -0.1103 -0.7769
v -0.1822 -0.1395 -0.7824
v -0.1872 -0.1468 -0.5491
v -0.1870 -0.1059 -0.6381
v -0.1833 -0.1486 -0.7762
v -0.1824 -0.1594 -0.7754
v -0.1899 -0.1702 -0.6245
v -0.1862 -0.0610 -0.8449
v -0.1827 -0.1601 -0.7103
v -0.1837 -0.1703 -0.8213
v -0.1827 -0.0089 -0.8159
v -0.1838 -0.0993 -0.6941
v -0.1818 -0.1042 -0.7820
v -0.1827 -0.1132 -0.9209
v -0.1817 -0.1395 -0.7742
v -0.1813 -0.1027 -0.6455
v -0.1814 -0.1007 -0.7789
v -0.1803 -0.1373 -0.7893
v -0.1841 -0.0077 -0.8277
v -0.1808 -0.0382 -0.8319
v -0.1847 -0.0647 -0.8595
v -0.1824 -0.1392 -0.5753
v -0.1801 -0.0632 -0.8352
v -0.1763 -0.0987 -0.6998
v -0.1796 -0.1410 -0.9116
v -0.1805 -0.1343 -0.5427
v -0.1846 -0.1703 -0.6967
v -0.1791 -0.0240 -0.8319
v -0.1813 -0.1532 -0.7827
v -0.1780 -0.0966 -0.6451
v -0.1839 -0.1551 -0.6628
v -0.1775 -0.1538 -0.5789
v -0.1812 -0.1446 -0.7922
v -0.1832 -0.1496 -0.8946
v -0.1772 -0.1182 -0.9081
v -0.1862 -0.1160 -0.7720
v -0.1825 -0.1703 -0.6764
v -0.1828 -0.1153 -0.6698
v -0.1814 -0.1185 -0.7122
v -0.1823 -0.0526 -0.8344
v -0.1805 -0.1581 -0.7887
v -0.1806 -0.1559 -0.6551
v -0.1751 -0.1605 -0.7507
v -0.1841 -0.1564 -0.6957
v -0.1809 -0.1559 -0.7095
v -0.1803 -0.1500 -0.5419
v -0.1808 -0.1480 -0.7138
v -0.1789 -0.1597 -0.7714
v -0.1798 -0.1373 -0.7842
v -0.1810 -0.1580 -0.7528
v -0.1770 -0.0965 -0.8649
v -0.1800 -0.1320 -0.5740
v -0.1829 -0.0969 -0.8706
v -0.1811 -0.0469 -0.8346
v -0.1814 -0.1702 -0.7535
v -0.1795 -0.1606 -0.6389
v -0.1793 -0.1605 -0.9260
v -0.1773 -0.0935 -0.7883
v -0.1686 -0.1703 -0.6915
v -0.1774 -0.1372 -0.7735
v -0.1821 -0.0966 -0.7127
v -0.1794 -0.1163 -0.7072
v -0.1876 -0.1149 -0.7026
v -0.1808 -0.1025 -0.7069
v -0.1810 -0.1267 -0.7137
v -0.1776 -0.1057 -0.7851
v -0.1801 -0.1585 -0.8632
v -0.1795 -0.1575 -0.7812
v -0.1816 -0.0676 -0.8093
v -0.1780 -0.1246 -0.7078
v -0.1773 -0.0987 -0.7083
v -0.1784 -0.1561 -0.7729
v -0.1785 -0.0045 -0.8284
v -0.1799 -0.1593 -0.6708
v -0.1783 -0.1615 -0.5369
v -0.1805 -0.0446 -0.8318
v -0.1749 -0.0519 -0.8112
v -0.1703 -0.1703 -0.6279
v -0.1820 -0.1474 -0.7842
v -0.1775 -0.1061 -0.7752
v -0.1770 -0.1464 -0.9068
v -0.1791 -0.0679 -0.8477
v -0.1751 -0.0540 -0.8334
v -0.1800 -0.0123 -0.8341
v -0.1817 -0.1594 -0.9052
v -0.1779 -0.1424 -0.7872
v -0.1730 -0.1327 -0.8667
v -0.1830 -0.0140 -0.8091
v -0.1794 -0.1475 -0.7667
v -0.1796 -0.1599 -0.7158
v -0.1794 -0.0331 -0.8108
v -0.1795 -0.1173 -0.7157
v -0.1733 -0.1703 -0.7754
v -0.1801 -0.1499 -0.7605
v -0.1770 -0.1165 -0.7841
v -0.1801 -0.1569 -0.5415
v -0.1755 -0.1009 -0.7790
v -0.1752 -0.1553 -0.7078
v -0.1773 -0.0092 -0.8232
v -0.1757 -0.1702 -0.8094
v -0.1787 -0.1152 -0.6478
v -0.1783 -0.1282 -0.5667
v -0.1706 -0.0467 -0.8149
v -0.1770 -0.1030 -0.6773
v -0.1781 -0.1509 -0.9014
v -0.1779 -0.1092 -0.9100
v -0.1759 -0.1703 -0.7178
v -0.1784 -0.1186 -0.9120
v -0.1772 -0.0858 -0.8005
v -0.1780 -0.0952 -0.7805
v -0.1795 -0.1391 -0.7153
v -0.1762 -0.1288 -0.7815
v -0.1790 -0.1006 -0.7180
v -0.1777 -0.1389 -0.9072
v -0.1792 -0.1601 -0.6502
v -0.1779 -0.1295 -0.9071
v -0.1775 -0.1021 -0.8690
v -0.1822 -0.0828 -0.8608
v -0.1792 -0.1598 -0.6982
v -0.1746 -0.1596 -0.7160
v -0.1766 -0.1172 -0.6582
v -0.1775 -0.1483 -0.7792
v -0.1783 -0.1451 -0.7745
v -0.1763 -0.0992 -0.7225
v -0.1774 -0.1703 -0.5805
v -0.1795 -0.1423 -0.7089
v -0.1780 -0.1088 -0.7819
v -0.1768 -0.1147 -0.8676
v -0.1807 -0.1059 -0.7199
v -0.1763 -0.1355 -0.5790
v -0.1766 -0.1156 -0.6620
v -0.1769 -0.1377 -0.7785
v -0.1756 -0.1213 -0.6491
v -0.1772 -0.1228 -0.6537
v -0.1787 -0.0724 -0.8610
v -0.1765 -0.1691 -0.5357
v -0.1787 -0.0580 -0.8069
v -0.1823 -0.0979 -0.6489
v -0.1778 -0.1044 -0.7233
v -0.1757 -0.1022 -0.7119
v -0.1768 -0.1585 -0.8687
v -0.1768 -0.1499 -0.9049
v -0.1728 -0.1497 -0.7595
v -0.1796 -0.1153 -0.7704
v -0.1772 -0.1229 -0.8675
v -0.1799 -0.1549 -0.7586
v -0.1803 -0.1005 -0.6353
v -0.1786 -0.1298 -0.7708
v -0.1782 -0.1028 -0.7019
v -0.1755 -0.1600 -0.8732
v -0.1740 -0.1184 -0.8663
v -0.1754 -0.1323 -0.7835
v -0.1777 -0.1617 -0.9101
v -0.1758 -0.1603 -0.5842
v -0.1761 -0.0992 -0.6803
v -0.1791 -0.1428 -0.8680
v -0.1745 -0.1587 -0.7567
v -0.1747 -0.1121 -0.7780
v -0.1757 -0.1368 -0.6522
v -0.1739 -0.0093 -0.8105
v -0.1733 -0.1031 -0.7035
v -0.1763 -0.1539 -0.7812
v -0.1806 -0.1703 -0.5910
v -0.1751 -0.1552 -0.6496
v -0.1758 -0.0144 -0.8306
v -0.1764 -0.0772 -0.8586
v -0.1738 -0.1001 -0.6272
v -0.1818 -0.0464 -0.8079
v -0.1767 -0.1136 -0.7848
v -0.1771 -0.1225 -0.7157
v -0.1723 -0.0852 -0.7876
v -0.1811 -0.1702 -0.7854
v -0.1757 -0.1538 -0.7790
v -0.1738 -0.1284 -0.6483
v -0.1764 -0.1025 -0.6665
v -0.1737 -0.1548 -0.7731
v -0.1773 -0.1574 -0.7820
v -0.1749 -0.1482 -0.6487
v -0.1756 -0.1562 -0.5460
v -0.1745 -0.1346 -0.7082
v -0.1762 -0.0044 -0.8163
v -0.1851 -0.1703 -0.5625
v -0.1737 -0.1387 -0.6476
v -0.1765 -0.1598 -0.5785
v -0.1779 -0.1240 -0.7854
v -0.1755 -0.1703 -0.6498
v -0.1721 -0.1703 -0.8918
v -0.1736 -0.1604 -0.8824
v -0.1753 -0.1464 -0.7076
v -0.1719 -0.0964 -0.7140
v -0.1714 -0.1450 -0.5710
v -0.1718 -0.1544 -0.6519
v -0.1744 -0.0460 -0.8300
v -0.1737 -0.1045 -0.7833
v -0.1782 -0.0190 -0.8112
v -0.1734 -0.0795 -0.8645
v -0.1755 -0.0834 -0.8698
v -0.1735 -0.1346 -0.5468
v -0.1729 -0.0070 -0.8323
v -0.1735 -0.0351 -0.8156
v -0.1683 -0.1703 -0.9148
v -0.1731 -0.1158 -0.6408
v -0.1757 -0.0608 -0.8321
v -0.1738 -0.1602 -0.6623
v -0.1757 -0.1400 -0.7836
v -0.1710 -0.1328 -0.7829
v -0.1755 -0.1010 -0.6547
v -0.1736 -0.1026 -0.8662
v -0.1676 -0.1525 -0.7777
v -0.1716 -0.0947 -0.8698
v -0.1739 -0.1593 -0.6451
v -0.1740 -0.1503 -0.8936
v -0.1742 -0.1578 -0.7730
v -0.1705 -0.0124 -0.8260
v -0.1724 -0.1347 -0.7765
v -0.1779 -0.1540 -0.9095
v -0.1724 -0.1598 -0.7213
v -0.1729 -0.1202 -0.7713
v -0.1723 -0.0259 -0.8246
v -0.1707 -0.0516 -0.8173
v -0.1720 -0.0183 -0.8184
v -0.1709 -0.1007 -0.7250
v -0.1755 -0.1497 -0.8704
v -0.1767 -0.1557 -0.6571
v -0.1681 -0.1154 -0.6245
v -0.1718 -0.1557 -0.7120
v -0.1808 -0.1604 -0.6000
v -0.1760 -0.1619 -0.9172
v -0.1724 -0.1209 -0.8668
v -0.1718 -0.1273 -0.7122
v -0.1732 -0.1218 -0.7786
v -0.1723 -0.1423 -0.8671
v -0.1736 -0.1702 -0.7409
v -0.1738 -0.0972 -0.7181
v -0.1723 -0.0379 -0.8247
v -0.1722 -0.1325 -0.8855
v -0.1742 -0.1276 -0.8812
v -0.1751 -0.1032 -0.6385
v -0.1748 -0.0738 -0.8128
v -0.1695 -0.0114 -0.8166
v -0.1735 -0.1517 -0.7786
v -0.1718 -0.1468 -0.9296
v -0.1716 -0.1470 -0.6464
v -0.1737 -0.0669 -0.8393
v -0.1713 -0.1510 -0.8990
v -0.1763 -0.1059 -0.6239
v -0.1723 -0.1500 -0.7669
v -0.1723 -0.1436 -0.7130
v -0.1732 -0.0051 -0.8123
v -0.1715 -0.0042 -0.8227
v -0.1714 -0.1028 -0.6962
v -0.1724 -0.1162 -0.8850
v -0.1723 -0.1290 -0.5582
v -0.1729 -0.1162 -0.7073
v -0.1726 -0.1592 -0.8940
v -0.1707 -0.0848 -0.7925
v -0.1785 -0.1595 -0.6822
v -0.1756 -0.1077 -0.7819
v -0.1692 -0.0572 -0.8290
v -0.1722 -0.1565 -0.7033
v -0.1744 -0.1156 -0.6316
v -0.1720 -0.1458 -0.9181
v -0.1717 -0.1558 -0.7677
v -0.1667 -0.1260 -0.8772
v -0.1694 -0.1356 -0.6501
v -0.1712 -0.0591 -0.8122
v -0.1701 -0.1177 -0.7119
v -0.1710 -0.1231 -0.7205
v -0.1716 -0.0617 -0.8269
v -0.1701 -0.1029 -0.6321
v -0.1703 -0.1532 -0.7619
v -0.1717 -0.1329 -0.7209
v -0.1721 -0.1178 -0.7167
v -0.1730 -0.1506 -0.7228
v -0.1784 -0.1703 -0.8559
v -0.1714 -0.1249 -0.9264
v -0.1749 -0.0963 -0.6502
v -0.1699 -0.1597 -0.9379
v -0.1740 -0.0977 -0.6890
v -0.1711 -0.1604 -0.9298
v -0.1726 -0.0979 -0.6357
v -0.1710 -0.1344 -0.9168
v -0.1694 -0.1649 -0.9437
v -0.1704 -0.1210 -0.6514
v -0.1737 -0.1703 -0.8381
v -0.1706 -0.1380 -0.6540
v -0.1680 -0.1341 -0.5702
v -0.1708 -0.0782 -0.8529
v -0.1665 -0.1555 -0.7727
v -0.1700 -0.1206 -0.7136
v -0.1665 -0.0710 -0.8082
v -0.1689 -0.0468 -0.8235
v -0.1720 -0.0443 -0.8191
v -0.1697 -0.1253 -0.9148
v -0.1715 -0.1478 -0.7190
v -0.1706 -0.1213 -0.9172
v -0.1694 -0.1593 -0.6390
v -0.1708 -0.0689 -0.8150
v -0.1708 -0.1544 -0.9297
v -0.1724 -0.1240 -0.6560
v -0.1697 -0.0651 -0.8324
v -0.1715 -0.1287 -0.6554
v -0.1687 -0.1517 -0.7274
v -0.1676 -0.0580 -0.8199
v -0.1707 -0.1396 -0.9298
v -0.1737 -0.1605 -0.6232
v -0.1687 -0.1441 -0.6502
v -0.1728 -0.1112 -0.7203
v -0.1720 -0.0617 -0.8151
v -0.1700 -0.1000 -0.6718
v -0.1809 -0.1605 -0.7299
v -0.1677 -0.1174 -0.7060
v -0.1647 -0.1292 -0.7134
v -0.1708 -0.1603 -0.9186
v -0.1684 -0.1187 -0.9286
v -0.1688 -0.1158 -0.6354
v -0.1673 -0.0987 -0.6290
v -0.1728 -0.0906 -0.7822
v -0.1663 -0.1463 -0.9129
v -0.1648 -0.1148 -0.6864
v -0.1682 -0.1531 -0.6498
v -0.1670 -0.0984 -0.6767
v -0.1673 -0.0781 -0.7902
v -0.1702 -0.0958 -0.7245
v -0.1729 -0.1159 -0.8803
v -0.1674 -0.1227 -0.7822
v -0.1666 -0.1600 -0.6590
v -0.1726 -0.1561 -0.7769
v -0.1709 -0.1590 -0.9014
v -0.1692 -0.1188 -0.6423
v -0.1722 -0.1703 -0.6716
v -0.1749 -0.1149 -0.6984
v -0.1660 -0.1604 -0.5997
v -0.1722 -0.1319 -0.8793
v -0.1664 -0.1326 -0.8744
v -0.1683 -0.1236 -0.8847
v -0.1710 -0.1532 -0.6452
v -0.1689 -0.1008 -0.7843
v -0.1669 -0.1225 -0.9375
v -0.1700 -0.1045 -0.7272
v -0.1636 -0.1074 -0.7288
v -0.1640 -0.1600 -0.7677
v -0.1694 -0.1477 -0.9374
v -0.1656 -0.1583 -0.9370
v -0.1663 -0.1147 -0.7124
v -0.1723 -0.1703 -0.9337
v -0.1695 -0.1068 -0.8700
v -0.1691 -0.1525 -0.7146
v -0.1675 -0.1165 -0.8740
v -0.1704 -0.1481 -0.7812
v -0.1669 -0.1394 -0.7819
v -0.1682 -0.1291 -0.9374
v -0.1677 -0.1599 -0.7739
v -0.1739 -0.1702 -0.7646
v -0.1701 -0.1596 -0.6916
v -0.1685 -0.1585 -0.7692
v -0.1694 -0.0635 -0.8158
v -0.1695 -0.1524 -0.8719
v -0.1658 -0.1593 -0.6529
v -0.1664 -0.1193 -0.7146
v -0.1720 -0.1452 -0.5496
v -0.1671 -0.0986 -0.8764
v -0.1652 -0.1587 -0.7614
v -0.1695 -0.0858 -0.8676
v -0.1677 -0.1104 -0.8834
v -0.1629 -0.1012 -0.7100
v -0.1675 -0.1553 -0.9129
v -0.1622 -0.1608 -0.7528
v -0.1699 -0.1152 -0.6542
v -0.1651 -0.1607 -0.5346
v -0.1692 -0.1546 -0.5388
v -0.1699 -0.1328 -0.7141
v -0.1644 -0.1384 -0.7130
v -0.1705 -0.1687 -0.5342
v -0.1635 -0.1703 -0.8583
v -0.1656 -0.1294 -0.9148
v -0.1710 -0.1604 -0.7402
v -0.1659 -0.1040 -0.6937
v -0.1684 -0.0917 -0.8735
v -0.1667 -0.1026 -0.6651
v -0.1663 -0.1026 -0.6486
v -0.1691 -0.1596 -0.8739
v -0.1675 -0.1612 -0.9136
v -0.1643 -0.1453 -0.5640
v -0.1638 -0.1594 -0.5773
v -0.1628 -0.1329 -0.5634
v -0.1640 -0.1152 -0.6276
v -0.1666 -0.1002 -0.6179
v -0.1635 -0.0970 -0.7251
v -0.1661 -0.1149 -0.6586
v -0.1667 -0.1361 -0.8749
v -0.1626 -0.1061 -0.6080
v -0.1636 -0.1027 -0.7814
v -0.1689 -0.0737 -0.8456
v -0.1658 -0.1223 -0.8756
v -0.1604 -0.1392 -0.7311
v -0.1684 -0.1426 -0.8731
v -0.1681 -0.1607 -0.7133
v -0.1620 -0.1031 -0.7322
v -0.1687 -0.1590 -0.7065
v -0.1684 -0.1569 -0.5518
v -0.1613 -0.1235 -0.7858
v -0.1644 -0.1192 -0.6337
v -0.1670 -0.1028 -0.6293
v -0.1627 -0.0967 -0.6353
v -0.1648 -0.1161 -0.8759
v -0.1734 -0.1702 -0.6035
v -0.1672 -0.0839 -0.7854
v -0.1645 -0.1340 -0.8758
v -0.1649 -0.1196 -0.8879
v -0.1600 -0.1703 -0.7221
v -0.1693 -0.1059 -0.6147
v -0.1663 -0.1703 -0.9014
v -0.1689 -0.1422 -0.9140
v -0.1574 -0.0934 -0.7844
v -0.1660 -0.1096 -0.8789
v -0.1636 -0.1025 -0.6255
v -0.1665 -0.1388 -0.9385
v -0.1653 -0.1058 -0.8766
v -0.1617 -0.0956 -0.8730
v -0.1690 -0.0968 -0.7086
v -0.1681 -0.1450 -0.7241
v -0.1646 -0.1550 -0.6322
v -0.1596 -0.1704 -0.9290
v -0.1656 -0.1702 -0.7929
v -0.1665 -0.1110 -0.7824
v -0.1668 -0.1595 -0.5677
v -0.1644 -0.1237 -0.6301
v -0.1647 -0.0672 -0.8303
v -0.1630 -0.1507 -0.5582
v -0.1638 -0.0866 -0.8561
v -0.1638 -0.1702 -0.9406
v -0.1619 -0.1582 -0.6459
v -0.1653 -0.1702 -0.8246
v -0.1594 -0.1702 -0.5834
v -0.1634 -0.1262 -0.8866
v -0.1687 -0.0996 -0.7178
v -0.1655 -0.1368 -0.8824
v -0.1646 -0.0938 -0.8681
v -0.1573 -0.1603 -0.7629
v -0.1622 -0.0611 -0.8122
v -0.1646 -0.1347 -0.8874
v -0.1607 -0.1187 -0.6392
v -0.1643 -0.1355 -0.5541
v -0.1631 -0.1542 -0.5469
v -0.1625 -0.0671 -0.8231
v -0.1670 -0.1599 -0.7269
v -0.1653 -0.0916 -0.7874
v -0.1621 -0.1010 -0.6094
v -0.1634 -0.0963 -0.7022
v -0.1611 -0.0752 -0.7888
v -0.1611 -0.1702 -0.5975
v -0.1643 -0.1705 -0.5419
v -0.1588 -0.1668 -0.5348
v -0.1637 -0.1589 -0.5650
v -0.1610 -0.1363 -0.8730
v -0.1635 -0.1600 -0.7736
v -0.1626 -0.1033 -0.6905
v -0.1618 -0.1414 -0.9146
v -0.1649 -0.1537 -0.6378
v -0.1629 -0.1598 -0.7822
v -0.1639 -0.1471 -0.6323
v -0.1632 -0.1157 -0.6459
v -0.1603 -0.1703 -0.6379
v -0.1595 -0.1391 -0.6229
v -0.1613 -0.1478 -0.6245
v -0.1635 -0.1174 -0.9309
v -0.1637 -0.1594 -0.6295
v -0.1671 -0.1703 -0.7055
v -0.1611 -0.1141 -0.8819
v -0.1634 -0.1156 -0.9242
v -0.1576 -0.1447 -0.6363
v -0.1653 -0.0768 -0.7969
v -0.1606 -0.1003 -0.8766
v -0.1636 -0.1550 -0.7746
v -0.1649 -0.1170 -0.7019
v -0.1614 -0.1007 -0.6178
v -0.1625 -0.1135 -0.6159
v -0.1624 -0.1198 -0.8754
v -0.1585 -0.1596 -0.5372
v -0.1577 -0.1007 -0.6547
v -0.1624 -0.1597 -0.6986
v -0.1688 -0.0972 -0.6408
v -0.1662 -0.1703 -0.5639
v -0.1620 -0.1282 -0.8668
v -0.1592 -0.1599 -0.7703
v -0.1610 -0.1132 -0.8719
v -0.1625 -0.1326 -0.9359
v -0.1613 -0.1291 -0.8733
v -0.1597 -0.1576 -0.5575
v -0.1566 -0.0991 -0.8702
v -0.1632 -0.1527 -0.7822
v -0.1646 -0.1024 -0.6620
v -0.1578 -0.0952 -0.6280
v -0.1616 -0.1408 -0.7081
v -0.1590 -0.1328 -0.7060
v -0.1599 -0.0684 -0.7949
v -0.1621 -0.1569 -0.7708
v -0.1600 -0.1594 -0.5675
v -0.1607 -0.1341 -0.5585
v -0.1692 -0.1605 -0.6705
v -0.1594 -0.0940 -0.8612
v -0.1643 -0.1323 -0.6321
v -0.1612 -0.1296 -0.7897
v -0.1587 -0.1328 -0.8814
v -0.1652 -0.0613 -0.8202
v -0.1610 -0.1042 -0.8701
v -0.1591 -0.1173 -0.9311
v -0.1609 -0.1619 -0.7037
v -0.1628 -0.1571 -0.6970
v -0.1630 -0.1596 -0.8718
v -0.1607 -0.1190 -0.7913
v -0.1616 -0.1406 -0.8684
v -0.1611 -0.1225 -0.8743
v -0.1613 -0.1130 -0.8647
v -0.1599 -0.1385 -0.8628
v -0.1622 -0.1703 -0.6624
v -0.1627 -0.1530 -0.7082
v -0.1633 -0.1184 -0.7283
v -0.1563 -0.0795 -0.8523
v -0.1610 -0.1472 -0.8733
v -0.1625 -0.1543 -0.6446
v -0.1590 -0.1257 -0.6225
v -0.1608 -0.1337 -0.7857
v -0.1579 -0.1184 -0.6944
v -0.1594 -0.1164 -0.6222
v -0.1601 -0.1464 -0.5692
v -0.1616 -0.0841 -0.8498
v -0.1562 -0.1317 -0.7932
v -0.1535 -0.1150 -0.6463
v -0.1667 -0.0920 -0.7212
v -0.1635 -0.0983 -0.6267
v -0.1585 -0.1251 -0.8799
v -0.1601 -0.1421 -0.7909
v -0.1609 -0.0677 -0.8320
v -0.1622 -0.1489 -0.7113
v -0.1558 -0.1299 -0.5628
v -0.1602 -0.1557 -0.7869
v -0.1606 -0.1448 -0.8669
v -0.1565 -0.1188 -0.9343
v -0.1551 -0.1310 -0.9144
v -0.1604 -0.1457 -0.7849
v -0.1568 -0.1237 -0.9125
v -0.1596 -0.1580 -0.7921
v -0.1568 -0.1450 -0.7898
v -0.1579 -0.1169 -0.9214
v -0.1611 -0.1518 -0.7323
v -0.1568 -0.0688 -0.7916
v -0.1575 -0.0667 -0.8024
v -0.1569 -0.1009 -0.7025
v -0.1610 -0.1702 -0.8828
v -0.1596 -0.1586 -0.6854
v -0.1591 -0.0952 -0.7261
v -0.1591 -0.1598 -0.9140
v -0.1493 -0.1604 -0.5871
v -0.1565 -0.1107 -0.9277
v -0.1589 -0.1193 -0.9156
v -0.1576 -0.1307 -0.8590
v -0.1601 -0.0858 -0.7909
v -0.1529 -0.1573 -0.6810
v -0.1573 -0.0900 -0.7194
v -0.1566 -0.1591 -0.9148
v -0.1588 -0.0980 -0.6686
v -0.1542 -0.1573 -0.6443
v -0.1593 -0.1436 -0.7050
v -0.1597 -0.1031 -0.6845
v -0.1607 -0.1366 -0.5661
v -0.1592 -0.1595 -0.6229
v -0.1561 -0.1541 -0.6233
v -0.1573 -0.1615 -0.9074
v -0.1527 -0.1468 -0.9374
v -0.1618 -0.0683 -0.8387
v -0.1588 -0.1135 -0.7868
v -0.1592 -0.1150 -0.6771
v -0.1585 -0.1529 -0.9148
v -0.1625 -0.1702 -0.8719
v -0.1488 -0.1154 -0.6708
v -0.1572 -0.1487 -0.7040
v -0.1579 -0.1139 -0.7909
v -0.1547 -0.1148 -0.8553
v -0.1506 -0.0987 -0.6614
v -0.1585 -0.1702 -0.7590
v -0.1600 -0.1506 -0.9370
v -0.1552 -0.1448 -0.5690
v -0.1595 -0.0872 -0.7256
v -0.1555 -0.1606 -0.7726
v -0.1491 -0.0856 -0.7260
v -0.1563 -0.0631 -0.8402
v -0.1615 -0.1702 -0.8116
v -0.1563 -0.1455 -0.6231
v -0.1500 -0.1703 -0.8215
v -0.1545 -0.1468 -0.8625
v -0.1548 -0.0590 -0.8022
v -0.1588 -0.0945 -0.6219
v -0.1581 -0.1043 -0.8617
v -0.1575 -0.0968 -0.6939
v -0.1575 -0.0836 -0.7213
v -0.1552 -0.1169 -0.9260
v -0.1571 -0.1259 -0.7013
v -0.1606 -0.0699 -0.8491
v -0.1549 -0.1702 -0.7497
v -0.1569 -0.1539 -0.6363
v -0.1534 -0.0942 -0.8540
v -0.1569 -0.1581 -0.6372
v -0.1547 -0.1702 -0.6181
v -0.1534 -0.1439 -0.6957
v -0.1587 -0.1229 -0.7066
v -0.1558 -0.1118 -0.9227
v -0.1602 -0.1603 -0.6155
v -0.1546 -0.1155 -0.7966
v -0.1566 -0.0627 -0.7966
v -0.1549 -0.1424 -0.5563
v -0.1582 -0.1596 -0.8632
v -0.1523 -0.1703 -0.8985
v -0.1551 -0.1060 -0.7881
v -0.1557 -0.1599 -0.6896
v -0.1543 -0.0596 -0.8345
v -0.1545 -0.1573 -0.7947
v -0.1548 -0.0696 -0.8177
v -0.1491 -0.1703 -0.7213
v -0.1527 -0.1150 -0.6618
v -0.1601 -0.1029 -0.6455
v -0.1552 -0.1703 -0.5695
v -0.1553 -0.0745 -0.7930
v -0.1529 -0.0521 -0.7933
v -0.1554 -0.1161 -0.6230
v -0.1504 -0.1704 -0.5537
v -0.1548 -0.1385 -0.7023
v -0.1550 -0.1334 -0.6988
v -0.1554 -0.1343 -0.6359
v -0.1531 -0.0599 -0.7914
v -0.1565 -0.0529 -0.7988
v -0.1532 -0.1538 -0.5626
v -0.1560 -0.1203 -0.6361
v -0.1520 -0.0623 -0.8429
v -0.1568 -0.1014 -0.7846
v -0.1521 -0.1258 -0.6933
v -0.1561 -0.0675 -0.8243
v -0.1539 -0.1402 -0.5645
v -0.1548 -0.1584 -0.6597
v -0.1584 -0.1703 -0.8375
v -0.1560 -0.1149 -0.6387
v -0.1550 -0.1026 -0.6156
v -0.1539 -0.1626 -0.9374
v -0.1579 -0.1180 -0.7023
v -0.1505 -0.1360 -0.6271
v -0.1563 -0.0597 -0.8071
v -0.1512 -0.1606 -0.8866
v -0.1515 -0.1603 -0.6012
v -0.1550 -0.1030 -0.6347
v -0.1478 -0.1703 -0.8476
v -0.1519 -0.1002 -0.6507
v -0.1546 -0.1053 -0.7945
v -0.1503 -0.0870 -0.7901
v -0.1555 -0.1516 -0.6959
v -0.1546 -0.0453 -0.7971
v -0.1563 -0.0626 -0.8123
v -0.1542 -0.0991 -0.7326
v -0.1452 -0.1704 -0.9264
v -0.1569 -0.1597 -0.6680
v -0.1475 -0.0680 -0.8087
v -0.1516 -0.1026 -0.6689
v -0.1478 -0.0750 -0.7213
v -0.1553 -0.1460 -0.9125
v -0.1555 -0.1574 -0.5590
v -0.1455 -0.1594 -0.5580
v -0.1521 -0.0638 -0.7936
v -0.1522 -0.1223 -0.6981
v -0.1530 -0.1534 -0.9127
v -0.1539 -0.1420 -0.7957
v -0.1530 -0.1592 -0.5634
v -0.1557 -0.1517 -0.8650
v -0.1573 -0.1000 -0.6305
v -0.1492 -0.1619 -0.6876
v -0.1540 -0.1001 -0.8664
v -0.1585 -0.1702 -0.7732
v -0.1558 -0.1702 -0.7373
v -0.1535 -0.1598 -0.7367
v -0.1546 -0.0811 -0.7891
v -0.1502 -0.1482 -0.6975
v -0.1529 -0.0968 -0.6241
v -0.1520 -0.1026 -0.7393
v -0.1483 -0.1064 -0.7967
v -0.1554 -0.1238 -0.9368
v -0.1489 -0.1384 -0.9170
v -0.1483 -0.0469 -0.7968
v -0.1418 -0.1703 -0.9081
v -0.1537 -0.1373 -0.6980
v -0.1506 -0.1587 -0.9179
v -0.1524 -0.1481 -0.9134
v -0.1531 -0.1601 -0.9147
v -0.1553 -0.0969 -0.6195
v -0.1524 -0.0927 -0.7089
v -0.1539 -0.1597 -0.6965
v -0.1497 -0.1604 -0.7526
v -0.1521 -0.1596 -0.9067
v -0.1511 -0.0459 -0.8015
v -0.1509 -0.0562 -0.8362
v -0.1508 -0.1035 -0.6187
v -0.1499 -0.1434 -0.5604
v -0.1470 -0.1019 -0.6228
v -0.1499 -0.1378 -0.6967
v -0.1496 -0.1438 -0.9032
v -0.1499 -0.1507 -0.6890
v -0.1511 -0.1702 -0.8627
v -0.1519 -0.1471 -0.9092
v -0.1434 -0.1702 -0.6045
v -0.1502 -0.1436 -0.9371
v -0.1501 -0.1326 -0.9373
v -0.1477 -0.1223 -0.9360
v -0.1504 -0.1011 -0.6943
v -0.1509 -0.1217 -0.9166
v -0.1551 -0.1542 -0.7903
v -0.1526 -0.1302 -0.7004
v -0.1503 -0.1173 -0.6926
v -0.1534 -0.1444 -0.8543
v -0.1509 -0.1598 -0.6448
v -0.1532 -0.1153 -0.6841
v -0.1508 -0.1215 -0.6273
v -0.1504 -0.1398 -0.6287
v -0.1514 -0.1566 -0.6307
v -0.1504 -0.1508 -0.6277
v -0.1523 -0.1601 -0.8554
v -0.1508 -0.0770 -0.7248
v -0.1474 -0.1027 -0.6429
v -0.1488 -0.1695 -0.9359
v -0.1511 -0.1572 -0.9161
v -0.1518 -0.1573 -0.5459
v -0.1507 -0.1703 -0.6463
v -0.1518 -0.1603 -0.6253
v -0.1500 -0.1502 -0.7397
v -0.1529 -0.1054 -0.8534
v -0.1481 -0.0965 -0.8527
v -0.1481 -0.0820 -0.7910
v -0.1500 -0.1595 -0.9166
v -0.1470 -0.0984 -0.6284
v -0.1539 -0.1034 -0.6793
v -0.1508 -0.1397 -0.9123
v -0.1505 -0.1002 -0.8612
v -0.1477 -0.0693 -0.8227
v -0.1484 -0.1342 -0.6929
v -0.1501 -0.1156 -0.6280
v -0.1488 -0.1547 -0.9036
v -0.1506 -0.0532 -0.8024
v -0.1507 -0.0590 -0.8038
v -0.1493 -0.1685 -0.5417
v -0.1544 -0.1307 -0.7364
v -0.1464 -0.1621 -0.6816
v -0.1485 -0.1543 -0.9155
v -0.1498 -0.1278 -0.6905
v -0.1490 -0.1488 -0.9075
v -0.1489 -0.1191 -0.6853
v -0.1486 -0.1502 -0.9162
v -0.1492 -0.1559 -0.9163
v -0.1492 -0.1529 -0.9076
v -0.1493 -0.0667 -0.8502
v -0.1500 -0.0872 -0.8538
v -0.1489 -0.1456 -0.6867
v -0.1438 -0.1385 -0.6824
v -0.1497 -0.1451 -0.9145
v -0.1470 -0.0607 -0.8373
v -0.1568 -0.1703 -0.6833
v -0.1489 -0.1466 -0.9098
v -0.1509 -0.1566 -0.8524
v -0.1475 -0.1519 -0.7950
v -0.1480 -0.1492 -0.6935
v -0.1573 -0.1604 -0.8777
v -0.1484 -0.1395 -0.6906
v -0.1478 -0.0989 -0.7369
v -0.1398 -0.1319 -0.7483
v -0.1466 -0.1371 -0.9368
v -0.1506 -0.0608 -0.8324
v -0.1432 -0.1281 -0.6822
v -0.1442 -0.0978 -0.6458
v -0.1477 -0.1211 -0.9244
v -0.1456 -0.1573 -0.6724
v -0.1494 -0.0705 -0.7964
v -0.1488 -0.1260 -0.6939
v -0.1479 -0.1594 -0.9226
v -0.1458 -0.1554 -0.9156
v -0.1487 -0.1523 -0.9156
v -0.1470 -0.1366 -0.9095
v -0.1457 -0.1573 -0.6846
v -0.1451 -0.1597 -0.6485
v -0.1476 -0.1369 -0.9298
v -0.1443 -0.0953 -0.8429
v -0.1427 -0.0699 -0.7265
v -0.1474 -0.1271 -0.9355
v -0.1461 -0.1449 -0.8460
v -0.1454 -0.1379 -0.9221
v -0.1464 -0.1450 -0.9363
v -0.1460 -0.1022 -0.8535
v -0.1467 -0.0578 -0.7937
v -0.1457 -0.1601 -0.5718
v -0.1427 -0.0964 -0.6765
v -0.1469 -0.1624 -0.9349
v -0.1433 -0.1598 -0.8966
v -0.1425 -0.0649 -0.8332
v -0.1459 -0.1470 -0.9121
v -0.1495 -0.0712 -0.8542
v -0.1505 -0.1703 -0.6706
v -0.1435 -0.1703 -0.8856
v -0.1472 -0.1506 -0.9128
v -0.1540 -0.1703 -0.9139
v -0.1392 -0.0746 -0.7264
v -0.1464 -0.0600 -0.8008
v -0.1478 -0.0809 -0.7202
v -0.1514 -0.0963 -0.6866
v -0.1456 -0.1557 -0.9176
v -0.1463 -0.1318 -0.9027
v -0.1427 -0.1398 -0.9180
v -0.1473 -0.1057 -0.6233
v -0.1463 -0.1485 -0.8532
v -0.1482 -0.0862 -0.7954
v -0.1467 -0.0782 -0.8003
v -0.1460 -0.1550 -0.9238
v -0.1460 -0.1525 -0.9367
v -0.1454 -0.1588 -0.9044
v -0.1438 -0.1601 -0.6322
v -0.1451 -0.1304 -0.8029
v -0.1436 -0.1076 -0.7982
v -0.1450 -0.1459 -0.9203
v -0.1461 -0.1215 -0.8027
v -0.1488 -0.1703 -0.7878
v -0.1444 -0.1702 -0.7734
v -0.1427 -0.1606 -0.7711
v -0.1457 -0.1590 -0.9291
v -0.1453 -0.1412 -0.8035
v -0.1462 -0.1391 -0.9032
v -0.1472 -0.1557 -0.6388
v -0.1437 -0.1112 -0.8417
v -0.1366 -0.0848 -0.8165
v -0.1458 -0.0918 -0.7906
v -0.1448 -0.1166 -0.6835
v -0.1461 -0.1364 -0.8465
v -0.1423 -0.0950 -0.6923
v -0.1414 -0.1043 -0.6255
v -0.1461 -0.1174 -0.8468
v -0.1379 -0.1700 -0.9162
v -0.1434 -0.1027 -0.6681
v -0.1448 -0.1134 -0.8024
v -0.1458 -0.1591 -0.8438
v -0.1440 -0.1550 -0.9188
v -0.1448 -0.0986 -0.6553
v -0.1437 -0.0674 -0.8428
v -0.1446 -0.1475 -0.9014
v -0.1440 -0.1514 -0.9160
v -0.1419 -0.1495 -0.8955
v -0.1462 -0.1593 -0.7998
v -0.1455 -0.1042 -0.8448
v -0.1432 -0.1302 -0.9092
v -0.1454 -0.0866 -0.8014
v -0.1432 -0.1599 -0.6568
v -0.1404 -0.1314 -0.9046
v -0.1455 -0.0677 -0.7986
v -0.1442 -0.1013 -0.6849
v -0.1426 -0.1594 -0.9157
v -0.1490 -0.1083 -0.7392
v -0.1453 -0.1559 -0.6329
v -0.1400 -0.1676 -0.9314
v -0.1415 -0.1550 -0.8409
v -0.1463 -0.1703 -0.5822
v -0.1414 -0.0696 -0.8064
v -0.1410 -0.1360 -0.7995
v -0.1391 -0.1361 -0.9071
v -0.1443 -0.1174 -0.6787
v -0.1411 -0.1257 -0.7997
v -0.1426 -0.1686 -0.5488
v -0.1444 -0.1440 -0.9159
v -0.1469 -0.0779 -0.8205
v -0.1419 -0.1475 -0.8458
v -0.1418 -0.1480 -0.9146
v -0.1462 -0.0740 -0.8424
v -0.1459 -0.0864 -0.8412
v -0.1434 -0.1016 -0.6405
v -0.1407 -0.1153 -0.6477
v -0.1379 -0.1605 -0.7544
v -0.1426 -0.1436 -0.7979
v -0.1396 -0.1520 -0.8935
v -0.1390 -0.1590 -0.8922
v -0.1369 -0.1015 -0.7494
v -0.1447 -0.1013 -0.7924
v -0.1400 -0.1174 -0.6827
v -0.1367 -0.1698 -0.5591
v -0.1419 -0.0700 -0.6909
v -0.1366 -0.1601 -0.8835
v -0.1426 -0.0954 -0.7954
v -0.1413 -0.1702 -0.7559
v -0.1397 -0.0902 -0.6957
v -0.1414 -0.0893 -0.7342
v -0.1408 -0.0672 -0.7224
v -0.1407 -0.0980 -0.8459
v -0.1412 -0.1023 -0.6569
v -0.1417 -0.1624 -0.6761
v -0.1421 -0.1489 -0.6822
v -0.1415 -0.0844 -0.6903
v -0.1416 -0.0980 -0.6345
v -0.1514 -0.1607 -0.7877
v -0.1397 -0.0682 -0.8387
v -0.1388 -0.1451 -0.9043
v -0.1417 -0.1583 -0.8034
v -0.1422 -0.1702 -0.7393
v -0.1437 -0.1442 -0.9010
v -0.1403 -0.1601 -0.8368
v -0.1377 -0.1537 -0.8004
v -0.1436 -0.1604 -0.8653
v -0.1400 -0.1126 -0.6820
v -0.1355 -0.1071 -0.7499
v -0.1372 -0.1527 -0.8390
v -0.1413 -0.0830 -0.7102
v -0.1402 -0.1131 -0.8366
v -0.1426 -0.1260 -0.8405
v -0.1407 -0.1631 -0.5529
v -0.1423 -0.1703 -0.6931
v -0.1398 -0.1563 -0.6453
v -0.1414 -0.1031 -0.7472
v -0.1401 -0.1165 -0.8444
v -0.1345 -0.0823 -0.8312
v -0.1401 -0.0902 -0.7999
v -0.1379 -0.1416 -0.9084
v -0.1373 -0.1702 -0.6261
v -0.1368 -0.1435 -0.9140
v -0.1372 -0.1197 -0.8323
v -0.1373 -0.1025 -0.6614
v -0.1426 -0.1223 -0.7439
v -0.1368 -0.0761 -0.8043
v -0.1351 -0.1463 -0.6413
v -0.1394 -0.1389 -0.6465
v -0.1480 -0.1702 -0.8044
v -0.1349 -0.1703 -0.7869
v -0.1470 -0.1703 -0.7077
v -0.1390 -0.0795 -0.6943
v -0.1389 -0.1557 -0.6494
v -0.1367 -0.1009 -0.6756
v -0.1408 -0.1599 -0.7461
v -0.1384 -0.1595 -0.9033
v -0.1388 -0.1458 -0.6479
v -0.1387 -0.1154 -0.6517
v -0.1339 -0.1188 -0.6779
v -0.1399 -0.1604 -0.9241
v -0.1361 -0.1238 -0.6417
v -0.1409 -0.1604 -0.6171
v -0.1368 -0.0962 -0.8342
v -0.1368 -0.1496 -0.7495
v -0.1388 -0.1310 -0.6494
v -0.1396 -0.1578 -0.6623
v -0.1359 -0.1478 -0.9078
v -0.1423 -0.1135 -0.6305
v -0.1328 -0.1606 -0.5846
v -0.1373 -0.1176 -0.6629
v -0.1388 -0.1159 -0.6406
v -0.1354 -0.0688 -0.6966
v -0.1353 -0.1561 -0.6407
v -0.1359 -0.1636 -0.5611
v -0.1399 -0.1453 -0.8387
v -0.1332 -0.0990 -0.6381
v -0.1369 -0.0973 -0.6676
v -0.1346 -0.1618 -0.6685
v -0.1371 -0.1649 -0.9109
v -0.1345 -0.1461 -0.8329
v -0.1382 -0.1373 -0.8371
v -0.1347 -0.1589 -0.8893
v -0.1367 -0.1580 -0.9122
v -0.1357 -0.1689 -0.9106
v -0.1399 -0.1021 -0.8450
v -0.1349 -0.1590 -0.6602
v -0.1379 -0.0732 -0.7204
v -0.1386 -0.0738 -0.8263
v -0.1357 -0.1501 -0.6892
v -0.1387 -0.1041 -0.8363
v -0.1340 -0.0662 -0.6819
v -0.1306 -0.1702 -0.7660
v -0.1341 -0.1703 -0.8954
v -0.1404 -0.1086 -0.6303
v -0.1367 -0.1687 -0.9261
v -0.1378 -0.0904 -0.8255
v -0.1377 -0.0733 -0.6878
v -0.1374 -0.1530 -0.9032
v -0.1378 -0.1579 -0.7807
v -0.1347 -0.0896 -0.8294
v -0.1350 -0.0778 -0.8086
v -0.1332 -0.1510 -0.6510
v -0.1358 -0.1470 -0.8881
v -0.1308 -0.1604 -0.7686
v -0.1335 -0.1453 -0.8951
v -0.1410 -0.0683 -0.6889
v -0.1316 -0.1703 -0.8741
v -0.1342 -0.0999 -0.8378
v -0.1384 -0.0938 -0.8055
v -0.1344 -0.1044 -0.8299
v -0.1374 -0.1586 -0.8310
v -0.1294 -0.1604 -0.8392
v -0.1347 -0.0953 -0.8280
v -0.1328 -0.1502 -0.6663
v -0.1357 -0.1551 -0.8832
v -0.1351 -0.1524 -0.8899
v -0.1367 -0.1501 -0.8990
v -0.1335 -0.1589 -0.8903
v -0.1346 -0.0718 -0.8312
v -0.1290 -0.1561 -0.7814
v -0.1329 -0.1618 -0.5705
v -0.1327 -0.1483 -0.8904
v -0.1365 -0.0983 -0.6450
v -0.1343 -0.0842 -0.6987
v -0.1352 -0.1338 -0.6414
v -0.1335 -0.1607 -0.8528
v -0.1353 -0.1601 -0.6382
v -0.1340 -0.1582 -0.8924
v -0.1326 -0.1114 -0.6721
v -0.1328 -0.0966 -0.6632
v -0.1347 -0.1252 -0.8036
v -0.1348 -0.1577 -0.8903
v -0.1351 -0.1434 -0.8850
v -0.1311 -0.1329 -0.7524
v -0.1358 -0.0652 -0.7255
v -0.1390 -0.1703 -0.6467
v -0.1358 -0.1478 -0.8018
v -0.1315 -0.1569 -0.8945
v -0.1375 -0.1702 -0.5696
v -0.1288 -0.1703 -0.7011
v -0.1367 -0.1703 -0.8362
v -0.1321 -0.1363 -0.6502
v -0.1334 -0.0834 -0.8083
v -0.1304 -0.1538 -0.8063
v -0.1340 -0.1452 -0.8903
v -0.1299 -0.1537 -0.6441
v -0.1313 -0.1337 -0.8242
v -0.1345 -0.1599 -0.7763
v -0.1334 -0.1350 -0.6680
v -0.1349 -0.1036 -0.6531
v -0.1282 -0.1440 -0.8824
v -0.1314 -0.1423 -0.6701
v -0.1334 -0.1028 -0.8009
v -0.1331 -0.1449 -0.8267
v -0.1337 -0.0723 -0.7311
v -0.1374 -0.1397 -0.6885
v -0.1349 -0.0931 -0.6853
v -0.1286 -0.1013 -0.7560
v -0.1328 -0.0650 -0.7203
v -0.1340 -0.1414 -0.8040
v -0.1344 -0.1594 -0.7853
v -0.1329 -0.1505 -0.8936
v -0.1337 -0.1594 -0.8084
v -0.1322 -0.1596 -0.8951
v -0.1347 -0.1702 -0.8563
v -0.1315 -0.1185 -0.6418
v -0.1311 -0.1266 -0.6672
v -0.1366 -0.1702 -0.8022
v -0.1330 -0.1262 -0.6506
v -0.1311 -0.1511 -0.8908
v -0.1329 -0.0961 -0.8026
v -0.1312 -0.1691 -0.5650
v -0.1302 -0.1662 -0.9022
v -0.1276 -0.0911 -0.6774
v -0.1304 -0.1060 -0.8066
v -0.1328 -0.1009 -0.8095
v -0.1337 -0.1329 -0.6712
v -0.1297 -0.1599 -0.7552
v -0.1363 -0.1594 -0.7937
v -0.1370 -0.1139 -0.8007
v -0.1315 -0.0865 -0.7482
v -0.1279 -0.1498 -0.8927
v -0.1319 -0.0399 -0.7586
v -0.1281 -0.0996 -0.6501
v -0.1339 -0.1560 -0.6517
v -0.1300 -0.1139 -0.7535
v -0.1279 -0.0982 -0.8277
v -0.1301 -0.0732 -0.7109
v -0.1311 -0.0691 -0.7531
v -0.1307 -0.1188 -0.6530
v -0.1333 -0.0806 -0.7360
v -0.1332 -0.1588 -0.8241
v -0.1316 -0.1437 -0.8918
v -0.1283 -0.1455 -0.8214
v -0.1299 -0.1136 -0.8080
v -0.1310 -0.0884 -0.7410
v -0.1286 -0.1703 -0.7500
v -0.1272 -0.1599 -0.7819
v -0.1294 -0.1157 -0.6394
v -0.1360 -0.1494 -0.6743
v -0.1280 -0.1601 -0.6453
v -0.1252 -0.1702 -0.6070
v -0.1287 -0.1697 -0.9000
v -0.1342 -0.1434 -0.6895
v -0.1316 -0.1017 -0.6702
v -0.1290 -0.1606 -0.8680
v -0.1315 -0.1517 -0.8310
v -0.1313 -0.0745 -0.7534
v -0.1261 -0.0656 -0.7139
v -0.1281 -0.0419 -0.7651
v -0.1300 -0.1027 -0.8297
v -0.1291 -0.1592 -0.8802
v -0.1319 -0.1498 -0.6830
v -0.1311 -0.0354 -0.7614
v -0.1294 -0.0804 -0.7467
v -0.1311 -0.0830 -0.7529
v -0.1284 -0.1427 -0.6816
v -0.1219 -0.1249 -0.6853
v -0.1298 -0.1190 -0.6474
v -0.1305 -0.1392 -0.6938
v -0.1302 -0.0662 -0.7139
v -0.1297 -0.1377 -0.6687
v -0.1269 -0.1702 -0.6323
v -0.1299 -0.1446 -0.6449
v -0.1302 -0.1267 -0.6440
v -0.1302 -0.0936 -0.8218
v -0.1302 -0.1183 -0.8091
v -0.1283 -0.1607 -0.8922
v -0.1295 -0.1616 -0.6601
v -0.1241 -0.1681 -0.8944
v -0.1213 -0.1703 -0.8149
v -0.1298 -0.1189 -0.6713
v -0.1259 -0.1464 -0.8724
v -0.1285 -0.1270 -0.6935
v -0.1278 -0.0699 -0.7179
v -0.1252 -0.1047 -0.7589
v -0.1314 -0.0744 -0.7625
v -0.1295 -0.0863 -0.8150
v -0.1306 -0.0969 -0.7482
v -0.1297 -0.0579 -0.6871
v -0.1289 -0.1176 -0.8207
v -0.1279 -0.1413 -0.8890
v -0.1283 -0.1311 -0.6703
v -0.1292 -0.1365 -0.8096
v -0.1291 -0.1479 -0.6703
v -0.1307 -0.1049 -0.6328
v -0.1295 -0.0758 -0.7362
v -0.1298 -0.1119 -0.6680
v -0.1284 -0.1595 -0.8166
v -0.1276 -0.1120 -0.8127
v -0.1294 -0.1272 -0.8087
v -0.1279 -0.1526 -0.7591
v -0.1261 -0.1619 -0.5768
v -0.1269 -0.0787 -0.7523
v -0.1297 -0.1217 -0.7545
v -0.1278 -0.0609 -0.7621
v -0.1282 -0.0661 -0.7556
v -0.1238 -0.0631 -0.6979
v -0.1345 -0.0693 -0.7270
v -0.1298 -0.1142 -0.6595
v -0.1309 -0.1486 -0.8810
v -0.1268 -0.0907 -0.8115
v -0.1349 -0.1703 -0.6640
v -0.1272 -0.0480 -0.7516
v -0.1281 -0.0457 -0.7615
v -0.1286 -0.1703 -0.6802
v -0.1359 -0.1219 -0.6878
v -0.1289 -0.0395 -0.7478
v -0.1272 -0.1604 -0.5954
v -0.1251 -0.1467 -0.6634
v -0.1237 -0.1521 -0.8098
v -0.1284 -0.1167 -0.6662
v -0.1292 -0.1038 -0.8225
v -0.1288 -0.0912 -0.7565
v -0.1274 -0.1428 -0.8131
v -0.1274 -0.1067 -0.7719
v -0.1270 -0.1424 -0.8153
v -0.1267 -0.1433 -0.8147
v -0.1274 -0.1318 -0.6688
v -0.1268 -0.1223 -0.6722
v -0.1295 -0.1591 -0.8115
v -0.1251 -0.1428 -0.7720
v -0.1306 -0.1087 -0.6384
v -0.1304 -0.1087 -0.8231
v -0.1235 -0.1504 -0.8737
v -0.1246 -0.1591 -0.8101
v -0.1267 -0.0822 -0.7435
v -0.1261 -0.1343 -0.8153
v -0.1320 -0.1703 -0.7203
v -0.1256 -0.0334 -0.7570
v -0.1239 -0.0324 -0.7646
v -0.1286 -0.0678 -0.7649
v -0.1237 -0.0812 -0.7334
v -0.1276 -0.1361 -0.7748
v -0.1275 -0.1406 -0.6692
v -0.1256 -0.1513 -0.8216
v -0.1273 -0.1597 -0.7802
v -0.1249 -0.1382 -0.8209
v -0.1265 -0.1465 -0.7755
v -0.1251 -0.1451 -0.8905
v -0.1262 -0.1534 -0.8756
v -0.1289 -0.0708 -0.6797
v -0.1260 -0.1486 -0.6748
v -0.1244 -0.0996 -0.6424
v -0.1260 -0.1102 -0.8164
v -0.1267 -0.0787 -0.7619
v -0.1137 -0.1702 -0.6227
v -0.1300 -0.1703 -0.5913
v -0.1257 -0.0730 -0.7050
v -0.1261 -0.1302 -0.8186
v -0.1291 -0.0965 -0.6575
v -0.1249 -0.0748 -0.7698
v -0.1268 -0.0499 -0.6878
v -0.1335 -0.1703 -0.8213
v -0.1260 -0.1254 -0.6667
v -0.1255 -0.0591 -0.6827
v -0.1260 -0.1545 -0.7780
v -0.1237 -0.1028 -0.7774
v -0.1242 -0.1438 -0.6755
v -0.1229 -0.0704 -0.7112
v -0.1254 -0.1472 -0.8844
v -0.1258 -0.1598 -0.7761
v -0.1214 -0.0669 -0.7685
v -0.1240 -0.1319 -0.6601
v -0.1261 -0.1439 -0.8100
v -0.1250 -0.1608 -0.6576
v -0.1265 -0.0656 -0.6758
v -0.1221 -0.0808 -0.6698
v -0.1230 -0.1597 -0.8201
v -0.1200 -0.1596 -0.8557
v -0.1249 -0.0671 -0.7045
v -0.1257 -0.1169 -0.8247
v -0.1248 -0.1155 -0.8143
v -0.1243 -0.1016 -0.6611
v -0.1273 -0.1518 -0.6589
v -0.1229 -0.0949 -0.8186
v -0.1245 -0.0682 -0.7465
v -0.1256 -0.1212 -0.8145
v -0.1223 -0.0785 -0.7469
v -0.1232 -0.0971 -0.7548
v -0.1251 -0.0940 -0.7573
v -0.1249 -0.1220 -0.8219
v -0.1264 -0.0750 -0.7266
v -0.1211 -0.1703 -0.8381
v -0.1263 -0.1506 -0.8823
v -0.1223 -0.1120 -0.6508
v -0.1297 -0.1703 -0.5799
v -0.1198 -0.1017 -0.8196
v -0.1198 -0.0391 -0.7429
v -0.1212 -0.1600 -0.6512
v -0.1252 -0.1589 -0.8838
v -0.1217 -0.1596 -0.7636
v -0.1224 -0.1332 -0.8248
v -0.1249 -0.1182 -0.6461
v -0.1199 -0.1408 -0.7704
v -0.1231 -0.1500 -0.8783
v -0.1246 -0.1042 -0.6372
v -0.1222 -0.0959 -0.8148
v -0.1244 -0.0550 -0.6904
v -0.1239 -0.1036 -0.8149
v -0.1273 -0.1254 -0.7709
v -0.1242 -0.1099 -0.6606
v -0.1218 -0.0331 -0.7484
v -0.1241 -0.1053 -0.8178
v -0.1235 -0.0919 -0.7632
v -0.1243 -0.0592 -0.6917
v -0.1220 -0.1499 -0.7774
v -0.1221 -0.1108 -0.8136
v -0.1217 -0.1378 -0.6702
v -0.1255 -0.1691 -0.5719
v -0.1231 -0.1446 -0.8704
v -0.1208 -0.1487 -0.8651
v -0.1250 -0.1300 -0.8140
v -0.1220 -0.1533 -0.8681
v -0.1231 -0.1503 -0.8730
v -0.1233 -0.1510 -0.8736
v -0.1216 -0.0929 -0.6691
v -0.1224 -0.1277 -0.6701
v -0.1231 -0.0968 -0.6494
v -0.1240 -0.1469 -0.6697
v -0.1258 -0.1405 -0.7583
v -0.1188 -0.1133 -0.7778
v -0.1235 -0.1498 -0.7723
v -0.1231 -0.0985 -0.6401
v -0.1273 -0.0330 -0.7514
v -0.1238 -0.0364 -0.7710
v -0.1244 -0.1533 -0.8870
v -0.1230 -0.1593 -0.8713
v -0.1254 -0.0838 -0.7683
v -0.1232 -0.1341 -0.6726
v -0.1248 -0.0753 -0.7445
v -0.1202 -0.0938 -0.6431
v -0.1226 -0.1475 -0.7594
v -0.1204 -0.1458 -0.8558
v -0.1212 -0.1011 -0.6415
v -0.1190 -0.1383 -0.8165
v -0.1206 -0.0638 -0.6812
v -0.1235 -0.0658 -0.7071
v -0.1272 -0.1603 -0.6104
v -0.1203 -0.1280 -0.8136
v -0.1187 -0.1050 -0.8155
v -0.1217 -0.1527 -0.7730
v -0.1240 -0.0613 -0.7482
v -0.1193 -0.1701 -0.8834
v -0.1222 -0.1504 -0.7718
v -0.1234 -0.1609 -0.8276
v -0.1266 -0.1114 -0.7770
v -0.1211 -0.1030 -0.7681
v -0.1216 -0.1600 -0.7782
v -0.1203 -0.1518 -0.8771
v -0.1210 -0.0988 -0.6438
v -0.1237 -0.1112 -0.8222
v -0.1194 -0.1612 -0.5832
v -0.1186 -0.1548 -0.8126
v -0.1216 -0.0789 -0.7679
v -0.1230 -0.1591 -0.8618
v -0.1194 -0.1655 -0.8849
v -0.1251 -0.1433 -0.8200
v -0.1217 -0.1412 -0.8155
v -0.1224 -0.1082 -0.6429
v -0.1220 -0.1554 -0.8196
v -0.1248 -0.1287 -0.7779
v -0.1216 -0.1176 -0.7691
v -0.1212 -0.1166 -0.8251
v -0.1194 -0.0814 -0.7763
v -0.1198 -0.0378 -0.7637
v -0.1225 -0.1242 -0.6693
v -0.1181 -0.0622 -0.6918
v -0.1223 -0.0435 -0.7679
v -0.1104 -0.0334 -0.7479
v -0.1225 -0.1703 -0.7350
v -0.1208 -0.1403 -0.7767
v -0.1218 -0.1463 -0.8641
v -0.1213 -0.1597 -0.7748
v -0.1191 -0.1527 -0.7703
v -0.1150 -0.1042 -0.6374
v -0.1211 -0.0708 -0.6697
v -0.1217 -0.0553 -0.7679
v -0.1213 -0.1442 -0.8751
v -0.1200 -0.1532 -0.8554
v -0.1171 -0.1342 -0.7565
v -0.1187 -0.0781 -0.7203
v -0.1229 -0.0996 -0.7716
v -0.1206 -0.1505 -0.7712
v -0.1212 -0.1515 -0.7710
v -0.1182 -0.1703 -0.6717
v -0.1186 -0.0993 -0.7589
v -0.1190 -0.1576 -0.8660
v -0.1200 -0.1401 -0.7750
v -0.1174 -0.1703 -0.6426
v -0.1201 -0.1415 -0.6721
v -0.1210 -0.1361 -0.7676
v -0.1176 -0.0993 -0.6435
v -0.1207 -0.1702 -0.7909
v -0.1164 -0.1235 -0.7553
v -0.1148 -0.0669 -0.7692
v -0.1211 -0.1414 -0.7607
v -0.1197 -0.1430 -0.8176
v -0.1178 -0.1688 -0.5769
v -0.1163 -0.1230 -0.7750
v -0.1176 -0.1242 -0.8111
v -0.1195 -0.1502 -0.8727
v -0.1274 -0.1703 -0.6529
v -0.1193 -0.1370 -0.8211
v -0.1166 -0.1260 -0.6756
v -0.1198 -0.1452 -0.7694
v -0.1183 -0.1084 -0.8186
v -0.1177 -0.1008 -0.6530
v -0.1205 -0.0370 -0.7540
v -0.1186 -0.1488 -0.7642
v -0.1189 -0.1505 -0.8115
v -0.1183 -0.1479 -0.8131
v -0.1197 -0.0983 -0.6332
v -0.1164 -0.1413 -0.8613
v -0.1187 -0.1503 -0.6497
v -0.1196 -0.1475 -0.8760
v -0.1195 -0.1169 -0.8095
v -0.1173 -0.0896 -0.7359
v -0.1198 -0.1322 -0.7687
v -0.1163 -0.1518 -0.7560
v -0.1149 -0.1348 -0.6483
v -0.1197 -0.0443 -0.7463
v -0.1192 -0.1577 -0.7634
v -0.1193 -0.1283 -0.7586
v -0.1161 -0.1341 -0.7751
v -0.1113 -0.1470 -0.8048
v -0.1176 -0.1595 -0.8053
v -0.1200 -0.0892 -0.7430
v -0.1176 -0.1605 -0.8459
v -0.1184 -0.1409 -0.8202
v -0.1144 -0.1029 -0.7705
v -0.1204 -0.1492 -0.8093
v -0.1188 -0.1096 -0.6530
v -0.1163 -0.1602 -0.6445
v -0.1134 -0.0769 -0.7447
v -0.1158 -0.0376 -0.7560
v -0.1172 -0.1373 -0.6765
v -0.1229 -0.1386 -0.6862
v -0.1166 -0.1387 -0.7736
v -0.1245 -0.1605 -0.6300
v -0.1195 -0.1301 -0.8253
v -0.1136 -0.0916 -0.6625
v -0.1181 -0.1704 -0.8630
v -0.1212 -0.1143 -0.7585
v -0.1163 -0.1344 -0.8109
v -0.1209 -0.0921 -0.7706
v -0.1146 -0.1490 -0.6448
v -0.1178 -0.0744 -0.7718
v -0.1181 -0.0671 -0.7050
v -0.1190 -0.1588 -0.8150
v -0.1092 -0.1604 -0.8132
v -0.1160 -0.0904 -0.7733
v -0.1166 -0.1500 -0.8686
v -0.1176 -0.1550 -0.8057
v -0.1177 -0.0330 -0.7668
v -0.1140 -0.0662 -0.7470
v -0.1160 -0.1418 -0.7547
v -0.1163 -0.1035 -0.6430
v -0.1167 -0.1021 -0.6459
v -0.1173 -0.1506 -0.7585
v -0.1136 -0.0952 -0.7652
v -0.1172 -0.1012 -0.6484
v -0.1117 -0.1602 -0.6020
v -0.1177 -0.0899 -0.6444
v -0.1164 -0.1548 -0.8108
v -0.1150 -0.1593 -0.8557
v -0.1154 -0.1393 -0.8216
v -0.1177 -0.1580 -0.8741
v -0.1159 -0.1527 -0.8239
v -0.1130 -0.0696 -0.6758
v -0.1141 -0.1269 -0.8180
v -0.1158 -0.1146 -0.7547
v -0.1152 -0.0682 -0.7090
v -0.1147 -0.0394 -0.7725
v -0.1175 -0.1459 -0.8092
v -0.1143 -0.0963 -0.7451
v -0.1159 -0.1487 -0.8199
v -0.1187 -0.0659 -0.6974
v -0.1158 -0.1314 -0.7549
v -0.1156 -0.1090 -0.7710
v -0.1148 -0.1414 -0.8189
v -0.1164 -0.1020 -0.7771
v -0.1166 -0.1530 -0.7739
v -0.1151 -0.1487 -0.7539
v -0.1157 -0.1460 -0.8550
v -0.1159 -0.1605 -0.7909
v -0.1154 -0.1072 -0.6486
v -0.1151 -0.1016 -0.6471
v -0.1144 -0.1043 -0.6471
v -0.1175 -0.1448 -0.8647
v -0.1118 -0.1690 -0.5808
v -0.1148 -0.1483 -0.7529
v -0.1152 -0.1039 -0.6468
v -0.1168 -0.1063 -0.7578
v -0.1146 -0.1503 -0.8112
v -0.1184 -0.1431 -0.7550
v -0.1116 -0.1463 -0.7489
v -0.1142 -0.1606 -0.8215
v -0.1112 -0.1452 -0.8574
v -0.1100 -0.1297 -0.7638
v -0.1143 -0.1590 -0.8513
v -0.1147 -0.0980 -0.6285
v -0.1123 -0.0876 -0.7267
v -0.1114 -0.1182 -0.8190
v -0.1154 -0.1440 -0.8238
v -0.1127 -0.1502 -0.8570
v -0.1107 -0.0458 -0.7489
v -0.1149 -0.1471 -0.7528
v -0.1154 -0.1317 -0.7720
v -0.1122 -0.1455 -0.7756
v -0.1135 -0.0742 -0.7089
v -0.1141 -0.0686 -0.7436
v -0.1141 -0.1703 -0.6900
v -0.1124 -0.1518 -0.8560
v -0.1090 -0.0980 -0.7385
v -0.1149 -0.1255 -0.8141
v -0.1114 -0.1595 -0.8086
v -0.1159 -0.1578 -0.8652
v -0.1111 -0.1562 -0.8241
v -0.1146 -0.1018 -0.6481
v -0.1117 -0.0976 -0.6481
v -0.1125 -0.0375 -0.7437
v -0.1131 -0.0807 -0.6495
v -0.1111 -0.1487 -0.8563
v -0.1119 -0.1328 -0.8194
v -0.1133 -0.1492 -0.7520
v -0.0993 -0.1703 -0.7870
v -0.1133 -0.1508 -0.7529
v -0.1149 -0.1299 -0.7604
v -0.1140 -0.0445 -0.7686
v -0.1077 -0.1452 -0.8500
v -0.1109 -0.1602 -0.8621
v -0.1150 -0.1488 -0.8523
v -0.1126 -0.1462 -0.8638
v -0.1121 -0.1333 -0.7505
v -0.1104 -0.1533 -0.8180
v -0.1123 -0.1069 -0.6439
v -0.1133 -0.0609 -0.6949
v -0.1103 -0.1601 -0.8380
v -0.1137 -0.1365 -0.7516
v -0.1093 -0.1702 -0.6547
v -0.1110 -0.0817 -0.7725
v -0.1134 -0.1584 -0.8211
v -0.1164 -0.1599 -0.7730
v -0.1108 -0.0597 -0.7481
v -0.1096 -0.1595 -0.6378
v -0.1095 -0.1491 -0.6373
v -0.1150 -0.1703 -0.5896
v -0.1103 -0.1327 -0.7500
v -0.1153 -0.0847 -0.6730
v -0.1128 -0.0334 -0.7690
v -0.1110 -0.1585 -0.8011
v -0.1074 -0.0737 -0.7137
v -0.1118 -0.1596 -0.7511
v -0.1119 -0.1044 -0.6312
v -0.1119 -0.1343 -0.7498
v -0.1086 -0.0933 -0.6514
v -0.1163 -0.1158 -0.6500
v -0.1119 -0.0332 -0.7521
v -0.1110 -0.1387 -0.7501
v -0.1117 -0.0341 -0.7617
v -0.1111 -0.1215 -0.7494
v -0.1103 -0.0768 -0.6766
v -0.1170 -0.1702 -0.7031
v -0.1119 -0.1702 -0.8207
v -0.1113 -0.1339 -0.7495
v -0.1083 -0.0588 -0.7020
v -0.1029 -0.1603 -0.7809
v -0.1110 -0.1592 -0.8551
v -0.1095 -0.1332 -0.7467
v -0.1108 -0.0570 -0.6932
v -0.1108 -0.1547 -0.8565
v -0.1069 -0.1599 -0.8221
v -0.1055 -0.1698 -0.8624
v -0.1106 -0.1479 -0.8193
v -0.1108 -0.1124 -0.7489
v -0.1076 -0.0432 -0.7643
v -0.1121 -0.0776 -0.7680
v -0.1104 -0.0862 -0.6361
v -0.1089 -0.0806 -0.7131
v -0.1112 -0.0980 -0.7451
v -0.1152 -0.1703 -0.7500
v -0.1106 -0.1481 -0.8087
v -0.0990 -0.1703 -0.7133
v -0.1059 -0.1633 -0.8581
v -0.1080 -0.1462 -0.8171
v -0.1082 -0.1516 -0.8509
v -0.1135 -0.1090 -0.7630
v -0.1084 -0.0722 -0.6539
v -0.1109 -0.1688 -0.8732
v -0.1110 -0.1487 -0.8248
v -0.1087 -0.0750 -0.7008
v -0.1081 -0.1112 -0.6405
v -0.1126 -0.0840 -0.7227
v -0.1081 -0.1655 -0.8676
v -0.1110 -0.0644 -0.6877
v -0.1134 -0.1703 -0.7716
v -0.1105 -0.0665 -0.7684
v -0.1101 -0.1534 -0.7508
v -0.1088 -0.1490 -0.8396
v -0.1097 -0.1487 -0.7487
v -0.1141 -0.0805 -0.7431
v -0.1088 -0.0714 -0.6952
v -0.1060 -0.1703 -0.6062
v -0.1106 -0.1362 -0.7485
v -0.1067 -0.0682 -0.6832
v -0.1107 -0.1360 -0.7785
v -0.1091 -0.0756 -0.7068
v -0.1080 -0.1499 -0.8225
v -0.1086 -0.1588 -0.8198
v -0.1077 -0.1460 -0.7463
v -0.1109 -0.1603 -0.6165
v -0.1059 -0.0695 -0.7482
v -0.1085 -0.1436 -0.7492
v -0.1001 -0.1702 -0.6347
v -0.0971 -0.1703 -0.7655
v -0.1117 -0.0911 -0.7435
v -0.1077 -0.0909 -0.7718
v -0.1094 -0.1126 -0.7652
v -0.1054 -0.1521 -0.7480
v -0.1067 -0.1592 -0.8305
v -0.1079 -0.1462 -0.6413
v -0.1079 -0.1590 -0.7763
v -0.1051 -0.0795 -0.7052
v -0.1063 -0.0780 -0.7649
v -0.1072 -0.0749 -0.7696
v -0.1059 -0.1118 -0.7479
v -0.1009 -0.1330 -0.7771
v -0.1082 -0.1229 -0.6410
v -0.1017 -0.0860 -0.7425
v -0.1055 -0.0400 -0.7491
v -0.1074 -0.1555 -0.8075
v -0.1032 -0.1346 -0.7500
v -0.1072 -0.1061 -0.6383
v -0.1031 -0.1077 -0.6445
v -0.1067 -0.1531 -0.8308
v -0.1061 -0.0537 -0.7561
v -0.1052 -0.0872 -0.6570
v -0.1062 -0.0333 -0.7527
v -0.1015 -0.1217 -0.6459
v -0.1087 -0.0558 -0.7655
v -0.1061 -0.1560 -0.8139
v -0.1057 -0.0370 -0.7674
v -0.1033 -0.0797 -0.7442
v -0.1079 -0.1703 -0.7317
v -0.1089 -0.0787 -0.7479
v -0.1067 -0.1017 -0.7427
v -0.1072 -0.1600 -0.7938
v -0.1096 -0.0835 -0.7175
v -0.1052 -0.1201 -0.7647
v -0.1060 -0.1703 -0.6629
v -0.1058 -0.1318 -0.7526
v -0.1066 -0.0778 -0.7535
v -0.1040 -0.1472 -0.8315
v -0.1070 -0.1110 -0.7423
v -0.1062 -0.1588 -0.7440
v -0.1065 -0.0660 -0.7536
v -0.1078 -0.1703 -0.8472
v -0.1068 -0.0502 -0.6958
v -0.1043 -0.0727 -0.7073
v -0.1052 -0.0750 -0.7487
v -0.1061 -0.1467 -0.8104
v -0.1060 -0.0926 -0.6310
v -0.1055 -0.1411 -0.5995
v -0.1020 -0.0552 -0.7000
v -0.1049 -0.1558 -0.8050
v -0.1016 -0.0760 -0.6682
v -0.1075 -0.1384 -0.6411
v -0.1059 -0.0692 -0.7147
v -0.1054 -0.1579 -0.8059
v -0.1010 -0.0699 -0.6604
v -0.1051 -0.0615 -0.7061
v -0.1033 -0.1213 -0.7395
v -0.1068 -0.1295 -0.7650
v -0.1054 -0.1475 -0.8253
v -0.0990 -0.1689 -0.8503
v -0.1044 -0.1549 -0.8011
v -0.1049 -0.1513 -0.8051
v -0.1026 -0.1476 -0.8445
v -0.1042 -0.1488 -0.8121
v -0.1134 -0.1703 -0.7152
v -0.1081 -0.1468 -0.7994
v -0.1049 -0.1580 -0.8087
v -0.1058 -0.0753 -0.6983
v -0.1037 -0.1705 -0.8089
v -0.1046 -0.1684 -0.5865
v -0.1039 -0.0641 -0.6846
v -0.1032 -0.1495 -0.8244
v -0.1028 -0.0734 -0.6967
v -0.1043 -0.1542 -0.8233
v -0.1011 -0.0791 -0.7617
v -0.1050 -0.1015 -0.7654
v -0.1012 -0.0780 -0.7515
v -0.1035 -0.1242 -0.7505
v -0.1024 -0.1530 -0.8224
v -0.1062 -0.1260 -0.7442
v -0.1048 -0.0741 -0.6436
v -0.1023 -0.1529 -0.7469
v -0.1045 -0.1332 -0.7471
v -0.1038 -0.1520 -0.8354
v -0.1064 -0.0705 -0.6800
v -0.1029 -0.0719 -0.6956
v -0.1056 -0.0332 -0.7599
v -0.1034 -0.1425 -0.7409
v -0.1023 -0.1703 -0.8294
v -0.1053 -0.0667 -0.7642
v -0.1061 -0.0437 -0.7544
v -0.1036 -0.1151 -0.7401
v -0.1022 -0.0381 -0.7568
v -0.1046 -0.1507 -0.7510
v -0.1022 -0.1493 -0.7502
v -0.1032 -0.1571 -0.8229
v -0.1037 -0.0990 -0.6415
v -0.1001 -0.1438 -0.7517
v -0.1033 -0.0805 -0.7060
v -0.1024 -0.1588 -0.8227
v -0.1068 -0.1050 -0.7447
v -0.1053 -0.1595 -0.8244
v -0.1039 -0.1341 -0.7389
v -0.1039 -0.1429 -0.6458
v -0.1042 -0.1513 -0.8273
v -0.1026 -0.1467 -0.7770
v -0.1027 -0.1488 -0.8012
v -0.1053 -0.1540 -0.7946
v -0.1054 -0.0978 -0.6276
v -0.1045 -0.0838 -0.7129
v -0.1029 -0.1431 -0.7472
v -0.1032 -0.0722 -0.7001
v -0.0998 -0.1169 -0.7438
v -0.1034 -0.0933 -0.7418
v -0.1029 -0.1589 -0.6011
v -0.1023 -0.1292 -0.7540
v -0.1034 -0.1468 -0.8237
v -0.1053 -0.1453 -0.8371
v -0.1015 -0.0724 -0.6961
v -0.0995 -0.0747 -0.7659
v -0.1035 -0.1093 -0.7666
v -0.0975 -0.1175 -0.6486
v -0.1027 -0.0732 -0.6954
v -0.1006 -0.0748 -0.6945
v -0.1004 -0.1527 -0.7524
v -0.1013 -0.1349 -0.7357
v -0.1023 -0.1584 -0.8033
v -0.1041 -0.0655 -0.6567
v -0.1033 -0.1595 -0.6414
v -0.1013 -0.1593 -0.7896
v -0.1042 -0.0983 -0.7333
v -0.1027 -0.1491 -0.6010
v -0.0990 -0.1399 -0.5971
v -0.1017 -0.1215 -0.7442
v -0.1017 -0.1377 -0.6036
v -0.1028 -0.1026 -0.6314
v -0.1067 -0.1620 -0.5915
v -0.1006 -0.1474 -0.8059
v -0.0995 -0.1079 -0.7500
v -0.0908 -0.1604 -0.6394
v -0.1031 -0.0939 -0.7654
v -0.1037 -0.1527 -0.7410
v -0.1017 -0.1280 -0.7375
v -0.1000 -0.0792 -0.7671
v -0.1015 -0.1507 -0.7498
v -0.0984 -0.1505 -0.8408
v -0.1007 -0.0836 -0.6365
v -0.0988 -0.1295 -0.7393
v -0.1013 -0.1313 -0.7565
v -0.1023 -0.1578 -0.8351
v -0.1010 -0.1255 -0.7555
v -0.1030 -0.0816 -0.7713
v -0.1009 -0.0980 -0.7495
v -0.1015 -0.1330 -0.6462
v -0.0995 -0.0770 -0.7640
v -0.0990 -0.1026 -0.7607
v -0.1058 -0.0827 -0.6543
v -0.1019 -0.1118 -0.7356
v -0.1009 -0.1600 -0.7379
v -0.1005 -0.1320 -0.7351
v -0.0999 -0.1609 -0.8256
v -0.0958 -0.1680 -0.8309
v -0.1004 -0.1560 -0.8019
v -0.1007 -0.1580 -0.7741
v -0.1013 -0.1548 -0.7383
v -0.0989 -0.1613 -0.8365
v -0.1006 -0.0766 -0.7667
v -0.1006 -0.1134 -0.7599
v -0.1023 -0.1330 -0.7382
v -0.1007 -0.0680 -0.7577
v -0.0979 -0.1621 -0.8229
v -0.1007 -0.1293 -0.7362
v -0.1032 -0.0875 -0.7310
v -0.1032 -0.1442 -0.6067
v -0.0980 -0.1098 -0.7558
v -0.1001 -0.0927 -0.6472
v -0.0984 -0.1300 -0.7324
v -0.0957 -0.1439 -0.7711
v -0.0993 -0.1462 -0.8171
v -0.0985 -0.1552 -0.8197
v -0.1017 -0.1042 -0.7454
v -0.0985 -0.1467 -0.7904
v -0.1007 -0.1508 -0.8281
v -0.1009 -0.0749 -0.7557
v -0.0997 -0.1567 -0.8225
v -0.1017 -0.0718 -0.6924
v -0.1008 -0.1321 -0.6005
v -0.1014 -0.1581 -0.6083
v -0.1000 -0.1535 -0.8341
v -0.1017 -0.1703 -0.5944
v -0.0995 -0.1468 -0.8373
v -0.0968 -0.1601 -0.6135
v -0.1014 -0.0614 -0.6889
v -0.1013 -0.1605 -0.8438
v -0.0961 -0.1512 -0.7816
v -0.0995 -0.1012 -0.7405
v -0.0990 -0.0789 -0.7664
v -0.0966 -0.0811 -0.7702
v -0.0990 -0.0897 -0.7503
v -0.1038 -0.1596 -0.7510
v -0.0992 -0.0920 -0.6366
v -0.1014 -0.0817 -0.6585
v -0.1012 -0.0570 -0.6931
v -0.0987 -0.0785 -0.7673
v -0.0958 -0.1339 -0.7444
v -0.1013 -0.1487 -0.6449
v -0.0950 -0.1487 -0.5953
v -0.0984 -0.1073 -0.7358
v -0.0972 -0.1596 -0.5966
v -0.0966 -0.1573 -0.8100
v -0.0993 -0.0916 -0.7559
v -0.1022 -0.1300 -0.7621
v -0.0956 -0.1123 -0.7324
v -0.1013 -0.1540 -0.8081
v -0.0998 -0.0851 -0.7540
v -0.0983 -0.0945 -0.7446
v -0.0965 -0.0813 -0.7588
v -0.0963 -0.1689 -0.8399
v -0.0955 -0.1470 -0.8158
v -0.0978 -0.0908 -0.7682
v -0.0970 -0.1703 -0.7997
v -0.0998 -0.1434 -0.7340
v -0.0936 -0.1258 -0.7360
v -0.0975 -0.1599 -0.7422
v -0.0971 -0.0643 -0.6773
v -0.0985 -0.1351 -0.7306
v -0.0814 -0.1702 -0.6298
v -0.0965 -0.0718 -0.6811
v -0.0990 -0.1603 -0.8084
v -0.0953 -0.1628 -0.8098
v -0.0977 -0.0685 -0.7050
v -0.1010 -0.1380 -0.6448
v -0.0982 -0.1284 -0.7215
v -0.0952 -0.0501 -0.6679
v -0.0974 -0.1370 -0.7200
v -0.0959 -0.1303 -0.5977
v -0.0987 -0.1604 -0.7984
v -0.0948 -0.1368 -0.7246
v -0.0961 -0.0836 -0.7663
v -0.0960 -0.1599 -0.7730
v -0.0976 -0.1606 -0.8171
v -0.0960 -0.1379 -0.7390
v -0.0961 -0.1328 -0.7340
v -0.0977 -0.1410 -0.6488
v -0.1021 -0.1703 -0.6957
v -0.0945 -0.1405 -0.6121
v -0.0972 -0.1408 -0.6060
v -0.0986 -0.1703 -0.6707
v -0.0956 -0.1347 -0.7288
v -0.0986 -0.1298 -0.7369
v -0.0935 -0.0626 -0.6726
v -0.0942 -0.0818 -0.6419
v -0.0982 -0.0675 -0.6839
v -0.0968 -0.0851 -0.6504
v -0.0957 -0.1353 -0.7336
v -0.0946 -0.1597 -0.7790
v -0.0955 -0.1352 -0.7558
v -0.0996 -0.1461 -0.7403
v -0.0939 -0.0707 -0.6641
v -0.0956 -0.1525 -0.8138
v -0.0936 -0.1362 -0.7358
v -0.0940 -0.1116 -0.6485
v -0.0931 -0.1703 -0.6099
v -0.0929 -0.1599 -0.7479
v -0.0980 -0.0838 -0.7041
v -0.0953 -0.1688 -0.5934
v -0.0925 -0.1145 -0.7384
v -0.0935 -0.0889 -0.7381
v -0.0920 -0.0641 -0.6940
v -0.0942 -0.1676 -0.8201
v -0.0981 -0.1466 -0.6504
v -0.0938 -0.1703 -0.7222
v -0.0997 -0.0581 -0.6630
v -0.0993 -0.1324 -0.6042
v -0.0932 -0.1594 -0.6125
v -0.0946 -0.0638 -0.6987
v -0.0943 -0.1434 -0.5939
v -0.0952 -0.1268 -0.7248
v -0.0929 -0.1339 -0.7313
v -0.0948 -0.1577 -0.7673
v -0.0960 -0.1262 -0.7183
v -0.0943 -0.1028 -0.6490
v -0.0946 -0.1593 -0.7563
v -0.0972 -0.1583 -0.7333
v -0.0939 -0.1377 -0.6442
v -0.0932 -0.1536 -0.7717
v -0.0938 -0.1276 -0.6463
v -0.0959 -0.1519 -0.7311
v -0.0936 -0.1443 -0.7506
v -0.0933 -0.0465 -0.6670
v -0.0933 -0.1443 -0.7419
v -0.0932 -0.1702 -0.6578
v -0.0890 -0.1259 -0.7295
v -0.0927 -0.1228 -0.6438
v -0.0963 -0.1600 -0.6481
v -0.0920 -0.1319 -0.6005
v -0.0900 -0.1603 -0.7656
v -0.0940 -0.1513 -0.7432
v -0.0952 -0.1022 -0.7347
v -0.0933 -0.1449 -0.7582
v -0.0903 -0.0702 -0.6980
v -0.0948 -0.1262 -0.7309
v -0.0924 -0.1370 -0.7526
v -0.0929 -0.0763 -0.6547
v -0.0940 -0.1500 -0.7914
v -0.0923 -0.1410 -0.5966
v -0.0921 -0.1356 -0.7658
v -0.0909 -0.0692 -0.6725
v -0.0892 -0.1199 -0.6474
v -0.0948 -0.1496 -0.7399
v -0.0891 -0.1343 -0.7398
v -0.0928 -0.1492 -0.7629
v -0.0931 -0.1687 -0.8039
v -0.0882 -0.1605 -0.6192
v -0.0905 -0.1556 -0.7545
v -0.0918 -0.0756 -0.6826
v -0.0936 -0.1649 -0.5965
v -0.0898 -0.1519 -0.5991
v -0.0894 -0.1690 -0.7935
v -0.0937 -0.1629 -0.7944
v -0.0997 -0.0857 -0.7235
v -0.0898 -0.1487 -0.7282
v -0.0926 -0.0842 -0.6989
v -0.0906 -0.1348 -0.7108
v -0.0942 -0.1245 -0.7494
v -0.0924 -0.1419 -0.6032
v -0.0911 -0.1603 -0.7557
v -0.0892 -0.1532 -0.7196
v -0.0943 -0.1420 -0.7243
v -0.0914 -0.1559 -0.7864
v -0.0928 -0.1429 -0.6125
v -0.0920 -0.1477 -0.7797
v -0.0920 -0.0907 -0.6514
v -0.0888 -0.1508 -0.7818
v -0.0920 -0.0813 -0.6929
v -0.0947 -0.0559 -0.6550
v -0.0930 -0.1514 -0.6510
v -0.0925 -0.0750 -0.6437
v -0.0906 -0.1519 -0.7779
v -0.1020 -0.1604 -0.6290
v -0.0919 -0.1340 -0.7140
v -0.0892 -0.1595 -0.7229
v -0.0860 -0.0839 -0.6518
v -0.0825 -0.1703 -0.7749
v -0.0903 -0.1271 -0.7119
v -0.0960 -0.1702 -0.7355
v -0.0909 -0.1550 -0.7718
v -0.0911 -0.1589 -0.7748
v -0.0906 -0.1554 -0.7798
v -0.0908 -0.1180 -0.6551
v -0.0890 -0.0953 -0.6569
v -0.0900 -0.1418 -0.7177
v -0.0887 -0.1469 -0.6586
v -0.0873 -0.1038 -0.7236
v -0.0855 -0.0683 -0.6907
v -0.0886 -0.1569 -0.7797
v -0.0835 -0.1157 -0.7289
v -0.0893 -0.1460 -0.7737
v -0.0906 -0.1527 -0.6078
v -0.0897 -0.1476 -0.7823
v -0.0885 -0.0687 -0.6471
v -0.0864 -0.0873 -0.7296
v -0.0859 -0.1480 -0.7227
v -0.0891 -0.1496 -0.6054
v -0.0834 -0.1298 -0.7124
v -0.0908 -0.1452 -0.6079
v -0.0882 -0.1558 -0.7805
v -0.0979 -0.1703 -0.6812
v -0.0890 -0.1335 -0.6508
v -0.0889 -0.0697 -0.6594
v -0.0834 -0.1540 -0.7674
v -0.0918 -0.0957 -0.7379
v -0.0896 -0.0630 -0.6676
v -0.0886 -0.1555 -0.7421
v -0.0898 -0.1419 -0.6560
v -0.0887 -0.1602 -0.6541
v -0.0913 -0.1592 -0.7416
v -0.0878 -0.1424 -0.7550
v -0.0828 -0.1275 -0.7179
v -0.0875 -0.0854 -0.6953
v -0.0921 -0.1168 -0.7495
v -0.0878 -0.1703 -0.7031
v -0.0890 -0.1445 -0.7395
v -0.0848 -0.0544 -0.6543
v -0.0835 -0.1596 -0.7446
v -0.0826 -0.1482 -0.6174
v -0.0871 -0.1434 -0.6013
v -0.0840 -0.1689 -0.7864
v -0.0871 -0.1616 -0.6027
v -0.0843 -0.1385 -0.7127
v -0.0958 -0.1702 -0.7485
v -0.0876 -0.1493 -0.6110
v -0.0866 -0.1219 -0.7528
v -0.0849 -0.1447 -0.7802
v -0.0874 -0.1482 -0.6042
v -0.0885 -0.1451 -0.6041
v -0.0861 -0.0666 -0.6608
v -0.0834 -0.1694 -0.6002
v -0.0845 -0.1504 -0.6084
v -0.0865 -0.0813 -0.6953
v -0.0878 -0.0817 -0.6849
v -0.0866 -0.1533 -0.6036
v -0.0854 -0.1595 -0.6065
v -0.0878 -0.0895 -0.7396
v -0.0858 -0.0614 -0.6510
v -0.0871 -0.1120 -0.7217
v -0.0884 -0.0572 -0.6707
v -0.0845 -0.0633 -0.6591
v -0.0810 -0.1449 -0.6096
v -0.0879 -0.0703 -0.6863
v -0.0855 -0.1600 -0.7549
v -0.0809 -0.1237 -0.7482
v -0.0851 -0.1314 -0.7531
v -0.0834 -0.1347 -0.7431
v -0.0833 -0.1525 -0.7521
v -0.0828 -0.1516 -0.7151
v -0.0866 -0.0463 -0.6743
v -0.0871 -0.1270 -0.6527
v -0.0821 -0.0860 -0.6894
v -0.0868 -0.1254 -0.7406
v -0.0861 -0.1593 -0.7693
v -0.0851 -0.0751 -0.6578
v -0.0819 -0.1186 -0.6625
v -0.0842 -0.0788 -0.6884
v -0.0855 -0.1601 -0.7373
v -0.0821 -0.0799 -0.6584
v -0.0853 -0.0881 -0.6584
v -0.0815 -0.0848 -0.6531
v -0.0859 -0.1441 -0.6129
v -0.0841 -0.0870 -0.7162
v -0.0819 -0.0644 -0.6588
v -0.0829 -0.1372 -0.6519
v -0.0897 -0.1581 -0.6070
v -0.0853 -0.1579 -0.6575
v -0.0826 -0.0585 -0.6580
v -0.0899 -0.1092 -0.6565
v -0.0833 -0.0643 -0.6634
v -0.0827 -0.1454 -0.7159
v -0.0802 -0.1323 -0.6575
v -0.0835 -0.1532 -0.6176
v -0.0854 -0.1702 -0.6494
v -0.0821 -0.1414 -0.6626
v -0.0806 -0.1601 -0.7585
v -0.0823 -0.1478 -0.7738
v -0.0835 -0.0717 -0.6704
v -0.0839 -0.1594 -0.7144
v -0.0805 -0.0757 -0.6576
v -0.0852 -0.0587 -0.6761
v -0.0839 -0.1451 -0.7440
v -0.0799 -0.1430 -0.7446
v -0.0829 -0.1218 -0.6509
v -0.0779 -0.0984 -0.7164
v -0.0839 -0.1480 -0.7675
v -0.0830 -0.1537 -0.7831
v -0.0806 -0.0903 -0.7316
v -0.0809 -0.1529 -0.7758
v -0.0847 -0.1612 -0.7815
v -0.0800 -0.0828 -0.6587
v -0.0816 -0.1200 -0.7557
v -0.0822 -0.1161 -0.7559
v -0.0807 -0.1592 -0.6159
v -0.0822 -0.1413 -0.7501
v -0.0782 -0.1250 -0.6568
v -0.0814 -0.0665 -0.6703
v -0.0751 -0.1381 -0.6580
v -0.0815 -0.0758 -0.6630
v -0.0824 -0.0880 -0.6882
v -0.0787 -0.1702 -0.7070
v -0.0786 -0.1604 -0.6499
v -0.0782 -0.0758 -0.6769
v -0.0790 -0.1341 -0.7436
v -0.0773 -0.0936 -0.7256
v -0.0800 -0.0583 -0.6802
v -0.0799 -0.1597 -0.7447
v -0.0856 -0.0458 -0.6601
v -0.0793 -0.0699 -0.6717
v -0.0754 -0.1699 -0.6077
v -0.0817 -0.1156 -0.7438
v -0.0789 -0.0892 -0.6622
v -0.0786 -0.1546 -0.7187
v -0.0796 -0.1501 -0.6629
v -0.0818 -0.0605 -0.6650
v -0.0777 -0.1703 -0.6901
v -0.0784 -0.1196 -0.6568
v -0.0808 -0.0477 -0.6569
v -0.0803 -0.1258 -0.7350
v -0.0802 -0.0758 -0.6740
v -0.0784 -0.1510 -0.6199
v -0.0773 -0.1689 -0.7789
v -0.0737 -0.0814 -0.6654
v -0.0787 -0.1275 -0.7416
v -0.0786 -0.1498 -0.6152
v -0.0766 -0.1223 -0.7457
v -0.0796 -0.1606 -0.7487
v -0.0787 -0.0867 -0.7038
v -0.0788 -0.0674 -0.6688
v -0.0796 -0.1118 -0.7112
v -0.0791 -0.1034 -0.7131
v -0.0789 -0.1651 -0.7789
v -0.0783 -0.1288 -0.7211
v -0.0790 -0.0723 -0.6657
v -0.0742 -0.1703 -0.6769
v -0.0742 -0.0745 -0.6722
v -0.0770 -0.1063 -0.6666
v -0.0735 -0.1152 -0.7160
v -0.0765 -0.0752 -0.6722
v -0.0776 -0.0945 -0.6928
v -0.0801 -0.0680 -0.6798
v -0.0784 -0.0832 -0.6793
v -0.0793 -0.1467 -0.7695
v -0.0770 -0.1471 -0.7592
v -0.0795 -0.1597 -0.7723
v -0.0828 -0.1702 -0.7311
v -0.0750 -0.1172 -0.7499
v -0.0785 -0.1513 -0.6123
v -0.0772 -0.0536 -0.6605
v -0.0774 -0.0870 -0.6944
v -0.0748 -0.0469 -0.6685
v -0.0754 -0.1482 -0.6239
v -0.0784 -0.1442 -0.6190
v -0.0818 -0.1702 -0.6103
v -0.0676 -0.1443 -0.7118
v -0.0760 -0.1533 -0.6242
v -0.0716 -0.1056 -0.7059
v -0.0737 -0.1581 -0.6224
v -0.0761 -0.1244 -0.7046
v -0.0755 -0.1598 -0.6257
v -0.0751 -0.1263 -0.6614
v -0.0715 -0.1293 -0.7081
v -0.0748 -0.1107 -0.7044
v -0.0753 -0.1493 -0.7047
v -0.0730 -0.1146 -0.7071
v -0.0720 -0.1423 -0.6716
v -0.0754 -0.0891 -0.6836
v -0.0721 -0.1517 -0.6206
v -0.0755 -0.1450 -0.6236
v -0.0750 -0.1498 -0.6279
v -0.0751 -0.1459 -0.6152
v -0.0732 -0.0807 -0.6713
v -0.0735 -0.1527 -0.6165
v -0.0742 -0.1598 -0.6666
v -0.0685 -0.1500 -0.6706
v -0.0721 -0.0549 -0.6658
v -0.0766 -0.1598 -0.7224
v -0.0735 -0.1689 -0.7741
v -0.0758 -0.0940 -0.6892
v -0.0710 -0.1606 -0.6197
v -0.0747 -0.1596 -0.7040
v -0.0748 -0.0992 -0.6953
v -0.0758 -0.1277 -0.7382
v -0.0703 -0.1124 -0.6964
v -0.0726 -0.1479 -0.7628
v -0.0725 -0.1488 -0.6207
v -0.0783 -0.1704 -0.7628
v -0.0756 -0.1589 -0.6163
v -0.0725 -0.0740 -0.6870
v -0.0693 -0.1497 -0.6971
v -0.0667 -0.1702 -0.7360
v -0.0756 -0.1383 -0.7034
v -0.0725 -0.1591 -0.7517
v -0.0732 -0.1664 -0.6091
v -0.0671 -0.0980 -0.6883
v -0.0693 -0.1171 -0.7421
v -0.0692 -0.1021 -0.7001
v -0.0726 -0.1703 -0.7501
v -0.0720 -0.0615 -0.6655
v -0.0707 -0.1232 -0.7366
v -0.0712 -0.1702 -0.6480
v -0.0747 -0.1414 -0.7221
v -0.0733 -0.1576 -0.7640
v -0.0722 -0.1595 -0.6307
v -0.0716 -0.0894 -0.6982
v -0.0729 -0.1594 -0.7085
v -0.0715 -0.1458 -0.6197
v -0.0747 -0.0889 -0.7227
v -0.0731 -0.0829 -0.6839
v -0.0689 -0.1606 -0.7338
v -0.0692 -0.1700 -0.6137
v -0.0724 -0.1185 -0.6678
v -0.0688 -0.1265 -0.6669
v -0.0720 -0.1484 -0.7226
v -0.0759 -0.1470 -0.6687
v -0.0664 -0.1598 -0.7121
v -0.0708 -0.1459 -0.7543
v -0.0691 -0.0911 -0.7168
v -0.0721 -0.0546 -0.6746
v -0.0702 -0.1211 -0.6608
v -0.0713 -0.1273 -0.7241
v -0.0685 -0.1102 -0.6697
v -0.0676 -0.1381 -0.6637
v -0.0765 -0.1604 -0.6331
v -0.0694 -0.1467 -0.6308
v -0.0702 -0.1329 -0.6655
v -0.0675 -0.1685 -0.7668
v -0.0688 -0.0677 -0.6686
v -0.0664 -0.1157 -0.7266
v -0.0723 -0.1488 -0.7490
v -0.0717 -0.0948 -0.6683
v -0.0593 -0.1604 -0.6509
v -0.0659 -0.0979 -0.7082
v -0.0679 -0.1173 -0.6718
v -0.0667 -0.0849 -0.6925
v -0.0713 -0.1417 -0.6265
v -0.0669 -0.1329 -0.7136
v -0.0683 -0.1401 -0.7192
v -0.0695 -0.1541 -0.7210
v -0.0682 -0.1494 -0.7544
v -0.0678 -0.1429 -0.6208
v -0.0682 -0.0844 -0.6758
v -0.0632 -0.1011 -0.6910
v -0.0676 -0.1556 -0.6197
v -0.0660 -0.0948 -0.7027
v -0.0664 -0.0954 -0.6762
v -0.0680 -0.1042 -0.6736
v -0.0666 -0.1273 -0.7175
v -0.0676 -0.0979 -0.6723
v -0.0673 -0.0856 -0.6695
v -0.0657 -0.1502 -0.6293
v -0.0680 -0.1605 -0.6485
v -0.0646 -0.1161 -0.7344
v -0.0634 -0.0927 -0.7106
v -0.0687 -0.1578 -0.7576
v -0.0645 -0.1183 -0.6887
v -0.0667 -0.1588 -0.6312
v -0.0677 -0.0602 -0.6713
v -0.0675 -0.1384 -0.7553
v -0.0681 -0.1601 -0.7209
v -0.0670 -0.1599 -0.6941
v -0.0656 -0.1339 -0.7547
v -0.0690 -0.1396 -0.7473
v -0.0671 -0.1444 -0.7460
v -0.0678 -0.1531 -0.6299
v -0.0648 -0.1265 -0.7243
v -0.0677 -0.1328 -0.7483
v -0.0691 -0.1272 -0.7297
v -0.0631 -0.1174 -0.7139
v -0.0649 -0.1461 -0.6344
v -0.0651 -0.1472 -0.6764
v -0.0678 -0.1196 -0.6741
v -0.0671 -0.1178 -0.7102
v -0.0637 -0.0769 -0.6732
v -0.0663 -0.1284 -0.6746
v -0.0662 -0.0668 -0.6814
v -0.0632 -0.1301 -0.6689
v -0.0635 -0.1510 -0.6264
v -0.0722 -0.1702 -0.6636
v -0.0658 -0.1399 -0.6747
v -0.0710 -0.1702 -0.7245
v -0.0602 -0.1605 -0.7244
v -0.0668 -0.1631 -0.6204
v -0.0665 -0.1703 -0.6277
v -0.0679 -0.1586 -0.7440
v -0.0647 -0.1499 -0.6311
v -0.0641 -0.1508 -0.6323
v -0.0611 -0.1475 -0.6291
v -0.0637 -0.0916 -0.6954
v -0.0628 -0.1372 -0.6698
v -0.0625 -0.0691 -0.6749
v -0.0616 -0.1027 -0.6875
v -0.0649 -0.1198 -0.7358
v -0.0622 -0.1475 -0.7571
v -0.0640 -0.0883 -0.7082
v -0.0589 -0.1435 -0.7494
v -0.0654 -0.1460 -0.7418
v -0.0608 -0.1527 -0.6377
v -0.0620 -0.1502 -0.6315
v -0.0614 -0.1474 -0.6860
v -0.0611 -0.1214 -0.6677
v -0.0674 -0.1334 -0.6926
v -0.0627 -0.1370 -0.7517
v -0.0586 -0.1182 -0.7281
v -0.0593 -0.1429 -0.6809
v -0.0635 -0.1684 -0.6185
v -0.0619 -0.1688 -0.7585
v -0.0596 -0.1105 -0.6818
v -0.0546 -0.1703 -0.7306
v -0.0580 -0.1583 -0.7346
v -0.0617 -0.1509 -0.6356
v -0.0597 -0.1508 -0.6361
v -0.0618 -0.1603 -0.7012
v -0.0603 -0.1362 -0.6802
v -0.0588 -0.0838 -0.6763
v -0.0634 -0.1071 -0.6779
v -0.0620 -0.1444 -0.6318
v -0.0606 -0.1595 -0.6868
v -0.0586 -0.1662 -0.6247
v -0.0600 -0.1604 -0.6662
v -0.0595 -0.0959 -0.6822
v -0.0602 -0.1602 -0.6758
v -0.0596 -0.1236 -0.6812
v -0.0595 -0.0956 -0.6977
v -0.0599 -0.1545 -0.7462
v -0.0592 -0.1700 -0.6239
v -0.0594 -0.1618 -0.7497
v -0.0589 -0.1496 -0.7506
v -0.0497 -0.1603 -0.6885
v -0.0541 -0.1049 -0.6886
v -0.0613 -0.1464 -0.7465
v -0.0589 -0.1525 -0.6767
v -0.0627 -0.1702 -0.7133
v -0.0600 -0.1041 -0.6986
v -0.0595 -0.1002 -0.6832
v -0.0536 -0.1697 -0.7475
v -0.0613 -0.1608 -0.7556
v -0.0595 -0.1493 -0.6390
v -0.0625 -0.1578 -0.6299
v -0.0553 -0.1491 -0.6809
v -0.0547 -0.1448 -0.6412
v -0.0548 -0.1177 -0.7223
v -0.0565 -0.1702 -0.6752
v -0.0556 -0.0898 -0.6794
v -0.0581 -0.1702 -0.6572
v -0.0562 -0.1470 -0.6333
v -0.0583 -0.1210 -0.7211
v -0.0557 -0.1532 -0.6336
v -0.0563 -0.1507 -0.7314
v -0.0584 -0.1600 -0.6396
v -0.0559 -0.1505 -0.6381
v -0.0554 -0.1599 -0.6808
v -0.0577 -0.1458 -0.7352
v -0.0532 -0.1587 -0.6386
v -0.0576 -0.0831 -0.6897
v -0.0519 -0.1460 -0.7263
v -0.0566 -0.0795 -0.6800
v -0.0553 -0.1011 -0.6998
v -0.0557 -0.1547 -0.6415
v -0.0537 -0.1506 -0.7297
v -0.0482 -0.1603 -0.6731
v -0.0518 -0.1586 -0.7254
v -0.0528 -0.1703 -0.6410
v -0.0622 -0.1702 -0.6986
v -0.0483 -0.1688 -0.7404
v -0.0524 -0.1467 -0.7375
v -0.0550 -0.1461 -0.6462
v -0.0504 -0.1600 -0.7186
v -0.0524 -0.1698 -0.6299
v -0.0487 -0.1592 -0.7234
v -0.0511 -0.1605 -0.7090
v -0.0525 -0.1512 -0.7317
v -0.0513 -0.1506 -0.7254
v -0.0509 -0.1027 -0.6835
v -0.0525 -0.1511 -0.7280
v -0.0545 -0.1598 -0.6476
v -0.0476 -0.1501 -0.7303
v -0.0487 -0.1702 -0.6628
v -0.0503 -0.1446 -0.6379
v -0.0475 -0.1489 -0.7248
v -0.0504 -0.0903 -0.6842
v -0.0532 -0.1510 -0.7393
v -0.0575 -0.1702 -0.6860
v -0.0514 -0.1405 -0.6438
v -0.0504 -0.1547 -0.7176
v -0.0487 -0.1475 -0.7230
v -0.0480 -0.1515 -0.7270
v -0.0467 -0.1517 -0.7241
v -0.0531 -0.1635 -0.6333
v -0.0499 -0.1530 -0.6380
v -0.0494 -0.1451 -0.7183
v -0.0481 -0.0979 -0.6955
v -0.0505 -0.1601 -0.7359
v -0.0473 -0.1605 -0.6572
v -0.0474 -0.1526 -0.7323
v -0.0466 -0.1457 -0.7253
v -0.0458 -0.0998 -0.6882
v -0.0479 -0.1448 -0.6486
v -0.0480 -0.1490 -0.6505
v -0.0446 -0.1591 -0.6520
v -0.0457 -0.1436 -0.6419
v -0.0456 -0.1424 -0.7254
v -0.0477 -0.1684 -0.6329
v -0.0452 -0.1526 -0.6463
v -0.0452 -0.1606 -0.6480
v -0.0455 -0.1595 -0.7260
v -0.0456 -0.1558 -0.7244
v -0.0467 -0.1626 -0.6397
v -0.0452 -0.1455 -0.6464
v -0.0431 -0.1658 -0.7328
v -0.0413 -0.1412 -0.7209
v -0.0437 -0.1458 -0.6553
v -0.0446 -0.1508 -0.7154
v -0.0381 -0.1705 -0.7085
v -0.0400 -0.1618 -0.7253
v -0.0428 -0.1488 -0.7264
v -0.0435 -0.1590 -0.7147
v -0.0440 -0.1453 -0.7155
v -0.0387 -0.1518 -0.7237
v -0.0390 -0.1496 -0.6520
v -0.0389 -0.1604 -0.6935
v -0.0389 -0.1703 -0.6896
v -0.0392 -0.1456 -0.7183
v -0.0392 -0.1689 -0.6417
v -0.0385 -0.1698 -0.7270
v -0.0395 -0.1429 -0.7248
v -0.0405 -0.1603 -0.6484
v -0.0376 -0.1702 -0.6525
v -0.0394 -0.1541 -0.6596
v -0.0384 -0.1509 -0.6578
v -0.0379 -0.1518 -0.7064
v -0.0392 -0.1599 -0.7059
v -0.0350 -0.1522 -0.6533
v -0.0420 -0.1704 -0.7203
v -0.0381 -0.1447 -0.6581
v -0.0375 -0.1598 -0.6610
v -0.0380 -0.1486 -0.6604
v -0.0331 -0.1599 -0.6936
v -0.0313 -0.1679 -0.6494
v -0.0359 -0.1470 -0.7031
v -0.0346 -0.1504 -0.6622
v -0.0357 -0.1528 -0.7154
v -0.0329 -0.1465 -0.7110
v -0.0359 -0.1502 -0.6602
v -0.0332 -0.1499 -0.6616
v -0.0349 -0.1493 -0.6560
v -0.0359 -0.1612 -0.7149
v -0.0327 -0.1532 -0.6666
v -0.0319 -0.1512 -0.7030
v -0.0304 -0.1492 -0.6604
v -0.0336 -0.1503 -0.7078
v -0.0317 -0.1448 -0.6639
v -0.0341 -0.1455 -0.6545
v -0.0315 -0.1686 -0.7169
v -0.0312 -0.1458 -0.7074
v -0.0298 -0.1451 -0.6995
v -0.0320 -0.1533 -0.6932
v -0.0268 -0.1685 -0.7113
v -0.0353 -0.1604 -0.6712
v -0.0320 -0.1584 -0.7008
v -0.0310 -0.1523 -0.6990
v -0.0311 -0.1496 -0.6984
v -0.0325 -0.1604 -0.6840
v -0.0308 -0.1505 -0.6611
v -0.0261 -0.1471 -0.7016
v -0.0311 -0.1428 -0.6948
v -0.0296 -0.1452 -0.6693
v -0.0284 -0.1457 -0.6595
v -0.0312 -0.1482 -0.6662
v -0.0304 -0.1588 -0.6682
v -0.0285 -0.1554 -0.6740
v -0.0271 -0.1402 -0.6647
v -0.0274 -0.1586 -0.6782
v -0.0299 -0.1528 -0.7072
v -0.0283 -0.1521 -0.6835
v -0.0251 -0.1690 -0.6552
v -0.0305 -0.1603 -0.7070
v -0.0282 -0.1570 -0.7022
v -0.0287 -0.1485 -0.6746
v -0.0249 -0.1418 -0.6611
v -0.0244 -0.1445 -0.6697
v -0.0286 -0.1463 -0.6843
v -0.0244 -0.1441 -0.6794
v -0.0254 -0.1502 -0.6858
v -0.0296 -0.1602 -0.6577
v -0.0269 -0.1503 -0.6752
v -0.0264 -0.1585 -0.6856
v -0.0259 -0.1507 -0.6884
v -0.0336 -0.1703 -0.6707
v -0.0266 -0.1597 -0.6926
v -0.0262 -0.1414 -0.6995
v -0.0260 -0.1531 -0.6904
v -0.0263 -0.1497 -0.6910
v -0.0261 -0.1453 -0.6913
v -0.0265 -0.1529 -0.7013
v -0.0238 -0.1588 -0.6925
v -0.0240 -0.1589 -0.6916
v -0.0223 -0.1462 -0.6998
v -0.0224 -0.1516 -0.6777
v -0.0240 -0.1513 -0.6695
v -0.0241 -0.1507 -0.6897
v -0.0225 -0.1580 -0.6739
v -0.0264 -0.1703 -0.6626
v -0.0232 -0.1520 -0.6913
v -0.0208 -0.1526 -0.6667
v -0.0234 -0.1603 -0.6687
v -0.0183 -0.1698 -0.6802
v -0.0228 -0.1484 -0.6697
v -0.0214 -0.1462 -0.6853
v -0.0215 -0.1612 -0.6979
v -0.0229 -0.1599 -0.6917
v -0.0220 -0.1606 -0.6825
v -0.0252 -0.1704 -0.6916
v -0.0213 -0.1527 -0.6871
v -0.0221 -0.1571 -0.6915
v -0.0201 -0.1558 -0.6982
v -0.0210 -0.1626 -0.6629
v -0.0229 -0.1418 -0.6941
v -0.0219 -0.1437 -0.6658
v -0.0227 -0.1492 -0.6820
v -0.0231 -0.1498 -0.6599
v -0.0219 -0.1472 -0.6923
v -0.0217 -0.1697 -0.7032
v -0.0185 -0.1683 -0.6622
v -0.0192 -0.1648 -0.6946
v -0.0173 -0.1692 -0.6921
v -0.0180 -0.1697 -0.6726
v -0.3751 -0.1532 -0.8665
v -0.3688 -0.1572 -0.7333
v -0.2323 -0.1602 -0.9254
v -0.2348 -0.1556 -0.9224
v -0.2314 -0.1517 -0.9183
v -0.2261 -0.1540 -0.5672
v -0.1975 -0.1467 -0.9088
v -0.2016 -0.1579 -0.9169
v -0.1820 -0.1195 -0.9137
v -0.1839 -0.1300 -0.9276
v -0.1264 -0.1433 -0.8161
v -0.1262 -0.1411 -0.8172
v -0.1002 -0.0713 -0.6951
v -0.0862 -0.0723 -0.6949
v -0.0955 -0.0718 -0.6999
v -0.2694 -0.0757 -0.8461
v -0.2701 -0.0732 -0.8471
v -0.2165 -0.1586 -0.8852
v -0.2160 -0.1586 -0.8850
v -0.2158 -0.1585 -0.8848
v -0.2164 -0.1596 -0.8841
v -0.1906 -0.0913 -0.8593
v -0.1906 -0.0918 -0.8607
v -0.1882 -0.1123 -0.9110
v -0.1888 -0.1107 -0.9102
v -0.1066 -0.1303 -0.7506
v -0.1040 -0.1294 -0.7525
v -0.1040 -0.1303 -0.7525
v -0.1031 -0.1288 -0.7530
v -0.0899 -0.1572 -0.7784
v -0.0910 -0.1575 -0.7789
v -0.2698 -0.0762 -0.8452


vt 0.10691 0.37127
vt 0.10899 0.37225
vt 0.10703 0.37364
f 1/1 4/2 2/3
vt 0.22359 0.00654
vt 0.22724 0.00537
vt 0.22685 0.00706
f 1/4 2/5 19/6
vt 0.03427 0.50495
vt 0.03397 0.50790
vt 0.03153 0.50642
f 1/7 6/8 3/9
vt 0.03251 0.50493
f 1/7 3/9 4/10
vt 0.03184 0.50746
f 3/9 6/8 8/11
vt 0.22269 0.00923
f 1/4 19/6 6/12
vt 0.10898 0.37485
f 2/3 4/2 7/13
vt 0.03016 0.50614
vt 0.03115 0.50744
f 5/14 3/9 8/15
vt 0.19827 0.27286
vt 0.19849 0.27351
vt 0.19655 0.27265
f 4/16 3/17 7/18
vt 0.03418 0.51183
vt 0.03195 0.51030
f 6/8 9/19 15/20
vt 0.22375 0.01303
vt 0.22107 0.01318
f 6/12 49/21 9/22
vt 0.02988 0.50709
f 5/14 8/15 14/23
vt 0.03092 0.50913
f 8/11 6/8 10/24
vt 0.19703 0.27460
f 3/17 17/25 7/18
f 6/8 15/20 10/24
vt 0.10706 0.37805
f 2/3 7/13 23/26
vt 0.10994 0.37234
vt 0.11125 0.37232
vt 0.11003 0.37379
f 3/27 5/28 17/29
vt 0.03032 0.51048
f 15/20 11/30 10/24
vt 0.11100 0.37350
f 5/28 14/31 17/29
vt 0.10938 0.37790
f 7/13 13/32 23/26
vt 0.19537 0.27386
f 7/18 17/25 18/33
vt 0.20051 0.27673
vt 0.19890 0.27639
vt 0.19995 0.27561
f 10/34 12/35 8/36
vt 0.11021 0.37624
f 7/13 18/37 13/32
vt 0.97447 0.02555
vt 0.97557 0.02598
vt 0.97547 0.02649
f 10/38 28/39 26/40
vt 0.19902 0.27792
f 10/34 26/41 12/35
vt 0.96169 0.05347
vt 0.96126 0.05221
vt 0.96298 0.05202
f 8/42 12/43 14/44
vt 0.23088 0.00513
f 2/5 23/45 19/6
vt 0.97276 0.05252
vt 0.97282 0.05102
vt 0.97394 0.05192
f 11/46 28/47 10/48
vt 0.03136 0.51127
f 15/20 20/49 11/30
vt 0.03177 0.51161
f 9/19 20/50 15/20
vt 0.22736 0.01132
f 19/6 32/51 6/12
vt 0.03441 0.51456
vt 0.03240 0.51564
f 9/19 31/52 16/53
vt 0.11268 0.97589
vt 0.11381 0.97548
vt 0.11352 0.97647
f 11/54 20/55 30/56
f 49/21 6/12 32/51
vt 0.96123 0.05108
f 14/44 12/43 29/57
vt 0.11119 0.37713
f 18/37 22/58 13/32
vt 0.96179 0.05112
f 17/59 14/44 29/57
vt 0.19687 0.27630
f 17/25 29/60 18/33
vt 0.97018 0.57256
vt 0.97123 0.57205
vt 0.97168 0.57361
f 18/61 27/62 22/63
vt 0.23102 0.00898
f 23/45 104/64 19/6
vt 0.03086 0.51226
vt 0.03084 0.51363
f 20/65 9/19 21/66
f 12/35 26/41 29/60
vt 0.22064 0.01636
f 9/22 49/21 31/67
vt 0.95386 0.00015
vt 0.95415 0.00102
vt 0.95328 0.00043
f 20/68 21/69 25/70
vt 0.11242 0.97656
vt 0.11363 0.97682
f 28/71 11/54 30/72
vt 0.97652 0.67671
vt 0.97607 0.67592
vt 0.97683 0.67557
f 20/73 25/74 30/75
vt 0.03065 0.51426
f 9/19 16/53 21/76
vt 0.19793 0.28038
f 29/60 26/41 41/77
vt 0.23252 0.00354
vt 0.23493 0.00438
f 24/78 72/79 23/45
vt 0.23507 0.00274
f 24/78 37/80 72/79
vt 0.10765 0.38000
vt 0.10835 0.38232
vt 0.10675 0.38255
f 24/81 48/82 37/83
vt 0.11045 0.37852
f 13/32 22/58 35/84
vt 0.10804 0.37888
f 23/85 13/32 24/81
f 19/6 104/64 32/51
vt 0.97036 0.53370
vt 0.97139 0.53495
vt 0.97032 0.53540
f 22/86 27/87 34/88
vt 0.97005 0.53470
f 22/86 34/88 35/89
vt 0.96965 0.12134
vt 0.96820 0.12249
vt 0.96812 0.12101
f 28/90 30/91 26/92
f 23/45 72/79 104/64
vt 0.98281 0.79854
vt 0.98297 0.79944
vt 0.98204 0.79901
f 21/93 42/94 25/95
vt 0.03062 0.51618
f 16/53 51/96 21/76
vt 0.19391 0.27537
f 18/33 29/60 50/97
vt 0.97864 0.80078
vt 0.97941 0.80051
vt 0.97920 0.80138
f 25/98 42/99 30/100
vt 0.98609 0.42446
vt 0.98621 0.42523
vt 0.98604 0.42485
f 35/101 34/102 36/103
vt 0.11024 0.37885
vt 0.11029 0.38005
f 35/104 38/105 13/32
vt 0.10933 0.38016
f 13/32 33/106 24/81
f 13/32 38/105 33/106
vt 0.96500 0.14758
vt 0.96364 0.14807
vt 0.96369 0.14745
f 27/107 18/108 50/109
vt 0.19981 0.28022
f 26/41 30/110 41/77
vt 0.03443 0.51796
f 31/52 40/111 16/53
vt 0.20098 0.28213
f 42/112 41/77 30/110
vt 0.95459 0.61513
vt 0.95393 0.61601
vt 0.95359 0.61393
f 38/113 35/114 39/115
vt 0.19049 0.27108
vt 0.19064 0.27194
vt 0.18865 0.27083
f 24/116 33/117 48/118
vt 0.98423 0.42773
vt 0.98494 0.42790
vt 0.98425 0.42870
f 38/119 39/120 33/121
vt 0.96449 0.14658
f 27/107 50/109 34/122
vt 0.23599 0.00853
f 72/79 207/123 104/64
vt 0.95439 0.00255
vt 0.95326 0.00348
vt 0.95342 0.00245
f 21/124 53/125 42/126
vt 0.95430 0.00380
f 51/127 53/125 21/124
vt 0.96367 0.14638
f 50/109 36/128 34/122
vt 0.97734 0.62375
vt 0.97799 0.62339
vt 0.97776 0.62400
f 35/129 36/130 43/131
vt 0.07872 0.97539
vt 0.07932 0.97659
vt 0.07827 0.97649
f 42/132 53/133 54/134
vt 0.03007 0.51731
f 16/53 44/135 51/96
vt 0.03126 0.51792
f 16/53 68/136 44/135
vt 0.85569 0.97775
vt 0.85498 0.97668
vt 0.85587 0.97618
f 35/137 43/138 67/139
vt 0.95367 0.61525
vt 0.95290 0.61391
f 35/140 67/141 39/115
f 29/60 41/77 50/97
vt 0.20005 0.28339
f 41/77 42/112 54/142
vt 0.71311 0.55549
vt 0.71306 0.55352
vt 0.71513 0.55363
f 45/143 60/144 63/145
vt 0.03189 0.51876
f 16/53 47/146 68/136
f 16/53 40/111 47/146
vt 0.58598 0.01897
vt 0.58563 0.01589
vt 0.58728 0.01556
f 45/147 63/148 46/149
vt 0.19040 0.27281
vt 0.18929 0.27276
f 33/117 39/150 61/151
f 33/117 61/151 48/118
vt 0.18779 0.27168
f 48/118 61/151 57/152
vt 0.19248 0.27461
vt 0.19174 0.27729
f 36/153 50/97 59/154
vt 0.71156 0.55291
f 60/144 45/143 73/155
vt 0.10851 0.38525
vt 0.10689 0.38670
f 48/82 96/156 70/157
f 48/82 70/157 37/83
vt 0.03406 0.52006
f 40/111 52/158 47/146
vt 0.19883 0.28541
f 41/77 54/142 85/159
vt 0.71437 0.55285
f 63/145 60/144 86/160
vt 0.23948 0.00259
f 37/80 70/161 72/79
vt 0.97733 0.42955
vt 0.97779 0.42946
vt 0.97796 0.43013
f 53/162 51/163 55/164
vt 0.22736 0.01782
f 31/67 49/21 103/165
vt 0.35044 0.87974
vt 0.35109 0.88031
vt 0.34990 0.88165
f 45/166 87/167 73/168
vt 0.19066 0.27410
f 36/153 59/154 43/169
vt 0.58948 0.01658
f 46/149 92/170 45/147
vt 0.96821 0.40139
vt 0.96938 0.40120
vt 0.96840 0.40278
f 51/171 44/172 79/173
vt 0.97743 0.89749
vt 0.97810 0.89845
vt 0.97736 0.89896
f 53/174 55/175 54/176
vt 0.22067 0.01981
vt 0.22269 0.02131
vt 0.22045 0.02141
f 40/177 82/178 52/179
vt 0.20126 0.28504
f 55/180 85/159 54/142
vt 0.58702 0.03156
vt 0.58693 0.02977
vt 0.58836 0.02982
f 57/181 56/182 58/183
f 31/67 82/178 40/177
f 41/77 59/154 50/97
vt 0.19304 0.28186
f 41/77 122/184 59/154
vt 0.95341 0.61292
vt 0.95374 0.61292
f 39/115 64/185 61/186
vt 0.35135 0.87949
f 45/166 76/187 87/167
vt 0.95291 0.61317
f 39/115 67/141 75/188
vt 0.58739 0.01908
f 45/147 92/170 76/189
vt 0.18587 0.27049
f 48/118 57/152 96/190
vt 0.86438 0.69685
vt 0.86221 0.69894
vt 0.86228 0.69685
f 57/191 69/192 56/193
f 49/21 32/51 103/165
vt 0.96700 0.71074
vt 0.96696 0.71133
vt 0.96596 0.71068
f 68/194 115/195 44/196
vt 0.97604 0.75756
vt 0.97575 0.75687
vt 0.97684 0.75714
f 51/197 79/198 55/199
vt 0.86203 0.69837
f 56/193 69/192 91/200
vt 0.86438 0.69765
vt 0.86402 0.69853
f 57/191 61/201 71/202
vt 0.86354 0.69834
f 69/192 57/191 64/203
f 57/191 71/202 64/203
vt 0.96620 0.71203
f 44/196 115/195 79/204
vt 0.92490 0.39650
vt 0.92428 0.39682
vt 0.92472 0.39475
f 63/205 86/206 89/207
vt 0.99128 0.16130
vt 0.99128 0.16183
vt 0.99099 0.16169
f 47/208 62/209 68/210
vt 0.95316 0.61302
f 39/115 75/188 64/211
vt 0.03149 0.52115
f 47/146 52/158 62/212
vt 0.71305 0.55014
f 60/144 65/213 86/160
vt 0.98476 0.57946
vt 0.98508 0.58013
vt 0.98435 0.57999
f 64/214 66/215 61/216
vt 0.85498 0.97548
f 43/138 66/217 67/139
vt 0.19983 0.28642
f 55/180 97/218 85/159
vt 0.98161 0.74000
vt 0.98159 0.74109
vt 0.98106 0.74107
f 46/219 63/220 89/221
vt 0.22045 0.02359
f 52/179 82/178 84/222
vt 0.86353 0.69878
f 69/192 64/203 75/223
vt 0.97891 0.59422
vt 0.97900 0.59302
vt 0.97946 0.59345
f 68/224 98/225 81/226
vt 0.71113 0.54963
f 60/144 73/155 127/227
vt 0.27564 0.82383
vt 0.27533 0.82253
vt 0.27644 0.82212
f 91/228 83/229 56/230
vt 0.86453 0.69855
f 71/202 61/201 66/231
vt 0.98508 0.57938
f 64/214 67/232 66/215
vt 0.98873 0.86816
vt 0.98900 0.86838
vt 0.98867 0.86845
f 64/233 71/234 67/235
vt 0.18876 0.27569
vt 0.18869 0.27372
f 43/169 105/236 66/237
f 31/67 103/165 82/178
vt 0.58992 0.03203
f 57/181 58/183 74/238
vt 0.58597 0.02446
vt 0.58758 0.02526
vt 0.58636 0.02596
f 78/239 80/240 88/241
vt 0.18538 0.27189
f 96/190 57/152 74/242
vt 0.86386 0.69869
f 67/243 71/202 75/223
vt 0.27531 0.82150
f 56/230 83/229 58/244
vt 0.70910 0.73488
vt 0.71122 0.73473
vt 0.71048 0.73598
f 78/245 88/246 112/247
vt 0.58685 0.02373
f 78/239 90/248 80/240
vt 0.86249 0.70039
f 69/192 75/223 101/249
f 60/144 127/227 65/213
vt 0.03102 0.51925
vt 0.03037 0.52046
f 68/250 62/212 98/251
vt 0.58727 0.02720
f 88/241 80/240 83/252
vt 0.58717 0.02000
vt 0.58758 0.01955
vt 0.58774 0.02161
f 87/253 76/254 77/255
f 43/169 59/154 105/236
vt 0.85645 0.52528
vt 0.85699 0.52904
vt 0.85620 0.52718
f 86/256 65/257 129/258
f 80/240 90/248 77/255
vt 0.03217 0.52225
f 62/212 52/158 117/259
vt 0.70639 0.73383
vt 0.70702 0.73651
vt 0.70423 0.73430
f 77/260 113/261 87/262
vt 0.23211 0.01667
f 32/51 104/64 208/263
vt 0.70842 0.73483
f 90/264 113/261 77/260
vt 0.72569 0.97560
vt 0.72537 0.97646
vt 0.72445 0.97629
f 81/265 109/266 115/267
vt 0.72443 0.97567
f 81/265 115/267 68/268
vt 0.19569 0.28432
f 41/77 138/269 122/184
vt 0.97678 0.75616
f 55/199 79/198 97/270
f 41/77 85/159 138/269
f 75/223 71/202 101/249
vt 0.58959 0.02572
vt 0.58796 0.02866
f 80/240 106/271 83/272
f 80/240 77/255 106/271
vt 0.27374 0.82121
f 58/244 83/229 102/273
f 32/51 208/263 103/165
vt 0.59035 0.01498
f 46/149 114/274 92/170
vt 0.92369 0.39593
f 86/206 93/275 89/207
vt 0.86440 0.70039
f 66/231 105/276 71/202
vt 0.58751 0.01389
vt 0.58931 0.01229
f 46/149 89/277 111/278
vt 0.59004 0.03003
f 58/183 102/279 74/238
f 46/149 111/278 114/274
vt 0.03434 0.52222
f 52/158 84/280 117/259
f 71/202 105/276 101/249
vt 0.71317 0.73371
vt 0.71356 0.73524
f 83/281 91/282 88/246
vt 0.48158 0.64502
vt 0.48173 0.64565
vt 0.48062 0.64530
f 86/283 129/284 93/285
vt 0.22194 0.02600
f 82/178 124/286 84/222
vt 0.74788 0.28191
vt 0.74960 0.28180
vt 0.74802 0.28274
f 95/287 94/288 131/289
vt 0.10867 0.38951
f 70/157 96/156 156/290
vt 0.10691 0.38963
f 70/157 156/290 107/291
vt 0.96721 0.71197
vt 0.96697 0.71337
f 79/204 115/292 97/293
vt 0.22611 0.02278
f 103/165 183/294 82/178
vt 0.59071 0.01979
f 76/254 92/170 108/295
f 76/254 108/295 77/255
vt 0.27614 0.82500
vt 0.27583 0.82636
vt 0.27483 0.82603
f 69/296 101/297 100/298
vt 0.97482 0.07675
vt 0.97417 0.07800
vt 0.97390 0.07690
f 78/299 112/300 90/301
vt 0.35151 0.88466
vt 0.34940 0.88611
f 73/168 132/302 127/303
vt 0.70552 0.96101
vt 0.70652 0.96055
vt 0.70578 0.96235
f 81/304 98/305 109/306
vt 0.74841 0.27972
f 95/287 99/307 94/288
vt 0.24077 0.00631
f 70/161 246/308 72/79
vt 0.71243 0.54818
f 127/227 110/309 65/213
vt 0.23579 0.01369
f 207/123 226/310 104/64
f 69/296 100/298 91/228
vt 0.07083 0.43041
vt 0.06821 0.42998
vt 0.06969 0.42826
f 95/311 151/312 99/313
vt 0.03151 0.52375
f 117/259 84/280 120/314
vt 0.58980 0.02913
f 83/272 106/271 102/315
vt 0.07075 0.43116
vt 0.06962 0.43198
f 131/316 137/317 95/311
vt 0.35110 0.88092
f 87/318 132/302 73/168
vt 0.71353 0.73696
f 88/246 91/282 100/319
vt 0.70417 0.73756
f 87/262 113/261 132/320
vt 0.20157 0.28784
vt 0.19963 0.28855
f 115/321 119/322 97/218
vt 0.86245 0.70226
f 101/249 105/276 125/323
vt 0.18942 0.27996
f 59/154 122/184 155/324
vt 0.92379 0.39499
vt 0.92383 0.39387
f 89/207 93/325 128/326
vt 0.92449 0.39198
f 89/207 128/326 121/327
vt 0.18256 0.27107
f 96/190 74/242 156/328
f 106/271 77/255 108/295
f 72/79 246/308 207/123
vt 0.71034 0.73607
f 88/246 100/319 112/329
vt 0.97109 0.08690
vt 0.97146 0.08854
vt 0.97018 0.08770
f 89/330 121/331 111/332
vt 0.48156 0.64736
vt 0.47898 0.64673
f 93/285 129/333 154/334
vt 0.75055 0.28327
f 131/289 94/288 126/335
vt 0.59175 0.03033
f 102/279 144/336 74/238
vt 0.99212 0.52894
vt 0.99212 0.52838
vt 0.99232 0.52873
f 111/337 121/338 169/339
f 90/264 112/329 113/261
vt 0.22018 0.02659
f 84/222 124/286 147/340
vt 0.27293 0.82130
vt 0.27244 0.82077
f 102/273 133/341 144/342
vt 0.18913 0.27815
f 59/154 118/343 105/236
f 85/159 97/218 119/322
vt 0.20311 0.29095
vt 0.20107 0.29059
vt 0.20305 0.28948
f 117/344 123/345 62/346
vt 0.09150 0.97685
vt 0.09247 0.97562
vt 0.09277 0.97699
f 62/347 109/348 98/349
vt 0.71065 0.74096
f 112/329 141/350 113/261
f 92/170 114/274 108/295
vt 0.27543 0.82779
f 101/297 125/351 100/298
vt 0.59142 0.02244
f 106/271 108/295 145/352
f 137/317 151/312 95/311
vt 0.03409 0.52538
f 84/280 147/353 120/314
f 59/154 155/324 118/343
vt 0.09163 0.97564
f 62/347 123/354 109/348
vt 0.24206 0.00248
f 107/355 246/308 70/161
vt 0.75057 0.27859
f 94/288 99/307 195/356
vt 0.59248 0.01218
f 111/278 168/357 114/274
vt 0.59074 0.01034
f 111/278 169/358 168/357
vt 0.03020 0.52320
vt 0.03093 0.52315
f 116/359 117/360 120/314
vt 0.02984 0.52433
f 116/359 120/314 150/361
vt 0.59122 0.02916
f 102/315 106/271 133/362
vt 0.18259 0.27251
f 156/328 74/242 204/363
vt 0.59215 0.03170
f 74/238 144/336 204/364
f 112/329 100/319 141/350
vt 0.75123 0.28156
f 94/288 157/365 126/335
vt 0.20226 0.29095
f 123/345 117/344 146/366
vt 0.35106 0.88873
f 127/303 132/302 235/367
f 104/64 226/310 208/263
vt 0.86450 0.70302
f 105/276 118/368 125/323
vt 0.59147 0.01644
f 108/295 114/274 143/369
vt 0.70629 0.96317
vt 0.70570 0.96343
f 109/306 123/370 160/371
vt 0.06664 0.42710
f 99/313 151/312 182/372
f 124/286 82/178 183/294
vt 0.41778 0.96273
vt 0.41698 0.96344
vt 0.41706 0.96286
f 169/373 121/374 164/375
vt 0.47985 0.64570
vt 0.47894 0.64598
f 93/376 154/334 128/377
vt 0.19754 0.28711
f 138/269 85/159 158/378
vt 0.48055 0.64813
vt 0.47871 0.64944
f 154/334 129/379 198/380
vt 0.03148 0.52485
f 120/314 147/353 186/381
vt 0.71106 0.54532
f 127/227 215/382 110/309
vt 0.97720 0.78710
vt 0.97817 0.78726
vt 0.97748 0.78818
f 115/383 109/384 160/385
vt 0.20035 0.28900
vt 0.20000 0.28931
f 115/386 160/387 119/322
vt 0.74952 0.27670
f 195/356 99/307 190/388
vt 0.91669 0.41656
vt 0.91584 0.41535
vt 0.91662 0.41412
f 137/389 131/390 134/391
vt 0.06716 0.42508
f 99/313 182/372 190/392
vt 0.59353 0.01709
vt 0.59346 0.01557
vt 0.59503 0.01603
f 130/393 142/394 185/395
f 114/274 168/357 143/369
vt 0.24434 0.00521
f 107/355 247/396 246/308
vt 0.90126 0.01084
vt 0.90045 0.01232
vt 0.90042 0.01002
f 65/397 223/398 129/399
vt 0.59145 0.02660
f 106/271 145/352 136/400
f 120/314 186/381 150/361
vt 0.59185 0.02890
vt 0.59341 0.02842
f 144/336 133/401 194/402
vt 0.24560 0.00236
f 107/355 217/403 247/396
f 94/288 195/356 157/365
vt 0.91480 0.41480
f 131/390 126/404 134/391
f 106/271 136/400 133/362
vt 0.27494 0.83018
vt 0.27403 0.82961
f 125/351 152/405 179/406
vt 0.59204 0.02711
f 133/401 136/407 194/402
vt 0.10822 0.39224
vt 0.10679 0.39283
f 107/291 197/408 217/409
vt 0.91040 0.81767
vt 0.90976 0.81651
vt 0.91104 0.81547
f 137/410 176/411 151/412
vt 0.97274 0.44753
vt 0.97366 0.44701
vt 0.97352 0.44777
f 117/413 116/414 146/415
vt 0.59295 0.02525
f 194/402 136/407 148/416
vt 0.59327 0.01963
vt 0.59275 0.02248
f 229/417 163/418 145/352
f 229/417 145/352 108/295
vt 0.59211 0.01774
f 229/417 108/295 143/419
vt 0.95367 0.53666
vt 0.95367 0.53912
vt 0.95292 0.53675
f 163/420 148/421 145/422
vt 0.91205 0.44898
vt 0.91228 0.45027
vt 0.91071 0.44995
f 130/423 149/424 140/425
vt 0.91050 0.44896
f 130/423 140/425 153/426
f 107/291 156/290 197/408
f 100/298 125/351 179/406
vt 0.64533 0.93088
vt 0.64545 0.93346
vt 0.64421 0.93334
f 142/427 130/428 153/429
vt 0.64353 0.93188
f 142/427 153/429 139/430
vt 0.59259 0.01682
f 143/419 153/431 229/417
vt 0.70934 0.54512
f 127/227 174/432 215/382
vt 0.63269 0.90258
vt 0.63395 0.90318
vt 0.63146 0.90309
f 135/433 159/434 158/435
vt 0.02883 0.97571
vt 0.02964 0.97573
vt 0.02902 0.97667
f 116/436 150/437 146/438
vt 0.70705 0.74142
f 113/261 212/439 132/320
vt 0.59184 0.02448
f 148/440 136/400 145/352
vt 0.91717 0.41504
f 137/389 134/391 171/441
vt 0.86437 0.70457
f 125/323 118/368 155/442
vt 0.64401 0.93097
vt 0.64503 0.92902
f 142/427 139/443 211/444
f 85/159 119/322 158/378
vt 0.48014 0.65041
f 129/379 223/445 198/380
vt 0.34949 0.89054
f 127/303 235/367 174/446
vt 0.85800 0.53036
vt 0.85695 0.53232
f 110/447 254/448 65/257
vt 0.64385 0.93320
vt 0.64320 0.93343
f 153/449 143/450 139/430
vt 0.59565 0.01737
f 130/393 185/395 149/451
vt 0.86234 0.70459
f 125/323 155/442 152/452
vt 0.64397 0.92935
f 139/443 162/453 211/444
vt 0.71346 0.74062
f 100/319 179/454 141/350
vt 0.59311 0.03114
f 144/336 205/455 204/364
vt 0.84004 0.04500
vt 0.84247 0.04485
vt 0.84027 0.04715
f 135/456 158/457 161/458
vt 0.85803 0.53386
f 110/447 215/459 254/448
vt 0.92375 0.39274
vt 0.92365 0.39087
f 121/327 128/460 238/461
vt 0.20185 0.29127
vt 0.20010 0.29246
f 123/345 146/462 167/463
vt 0.59452 0.02300
f 163/418 224/464 148/416
vt 0.59406 0.03072
f 144/336 194/402 205/465
vt 0.59210 0.01587
f 139/466 143/369 168/357
vt 0.59414 0.01791
f 153/431 140/467 229/417
vt 0.64371 0.92991
f 139/443 210/468 162/453
vt 0.91522 0.41272
f 126/404 170/469 134/391
vt 0.06862 0.43273
vt 0.06633 0.43337
vt 0.06813 0.43120
f 137/470 233/471 176/472
vt 0.06832 0.43400
f 137/470 171/473 233/471
vt 0.75164 0.28242
vt 0.75252 0.28371
f 126/335 157/474 170/475
vt 0.59412 0.01474
vt 0.59569 0.01440
f 185/395 142/476 184/477
vt 0.97020 0.32658
vt 0.97188 0.32666
vt 0.97149 0.32800
f 150/478 186/479 249/480
vt 0.39359 0.69563
vt 0.39227 0.69395
vt 0.39262 0.69153
f 157/481 195/482 261/483
vt 0.19787 0.29093
f 119/322 237/484 158/378
vt 0.25335 0.97581
vt 0.25382 0.97652
vt 0.25286 0.97703
f 128/485 154/486 187/487
f 113/261 141/350 212/439
vt 0.20010 0.29038
f 119/322 160/488 237/484
vt 0.72748 0.76730
vt 0.72636 0.76716
vt 0.72674 0.76607
f 135/489 172/490 159/491
vt 0.86423 0.70711
f 155/442 166/492 152/452
vt 0.63174 0.90546
f 158/435 159/434 165/493
vt 0.59504 0.01251
f 142/476 211/494 184/477
vt 0.72509 0.76596
f 159/491 172/490 181/495
vt 0.21995 0.02985
f 206/496 147/340 124/286
vt 0.19486 0.28633
f 138/269 158/378 165/497
vt 0.03174 0.52800
vt 0.03139 0.52553
f 147/353 175/498 186/499
vt 0.47776 0.64782
f 154/334 198/380 187/500
vt 0.92448 0.38937
f 121/327 238/461 164/501
vt 0.18978 0.28209
f 155/324 122/184 166/502
vt 0.06519 0.42507
f 190/392 182/372 219/503
vt 0.63447 0.90503
f 159/434 181/504 165/493
vt 0.41793 0.96155
vt 0.41682 0.96214
vt 0.41770 0.96048
f 169/505 164/506 192/507
vt 0.86210 0.70745
f 152/452 166/492 178/508
vt 0.19252 0.28647
f 138/269 189/509 122/184
vt 0.80493 0.76923
vt 0.80491 0.76623
vt 0.80795 0.76538
f 177/510 173/511 344/512
vt 0.03010 0.97683
f 150/437 249/513 146/438
vt 0.03452 0.52834
f 147/353 206/514 175/498
vt 0.59189 0.00914
vt 0.59240 0.00851
f 168/357 169/515 192/516
vt 0.06790 0.43647
f 171/473 173/517 233/471
vt 0.06776 0.43909
vt 0.06729 0.44310
vt 0.06523 0.44079
f 177/518 172/519 245/520
vt 0.47807 0.64641
vt 0.47637 0.64696
f 128/521 187/500 238/522
f 123/345 167/463 160/488
vt 0.80514 0.76361
f 173/511 171/523 344/512
vt 0.03009 0.97717
vt 0.02915 0.97726
f 146/438 249/524 167/525
vt 0.59544 0.02817
f 194/402 196/526 205/465
vt 0.59349 0.01411
vt 0.59427 0.01298
f 139/527 168/357 210/528
vt 0.90126 0.01398
f 65/397 254/529 223/398
vt 0.27420 0.83299
f 152/405 178/530 179/406
f 163/418 229/417 224/464
vt 0.59445 0.02495
f 148/416 224/464 193/531
vt 0.59434 0.02603
f 148/416 193/531 196/532
vt 0.70403 0.74215
f 132/320 212/439 235/533
vt 0.17924 0.27064
f 156/328 204/363 197/534
vt 0.94345 0.88329
vt 0.94428 0.88390
vt 0.94331 0.88386
f 157/535 180/536 170/537
vt 0.80482 0.77262
vt 0.80665 0.77079
vt 0.80607 0.77302
f 172/538 225/539 181/540
vt 0.39446 0.69472
f 157/481 261/483 180/541
f 148/416 196/532 194/402
vt 0.03003 0.52735
f 186/499 175/498 202/542
f 177/510 225/539 172/538
vt 0.59418 0.00187
vt 0.59394 0.00000
vt 0.59485 0.00025
f 191/543 218/544 201/545
vt 0.41688 0.96031
f 192/507 164/506 227/546
vt 0.85178 0.96040
vt 0.85303 0.96007
vt 0.85312 0.96093
f 211/547 162/548 210/549
vt 0.91007 0.81407
f 151/412 176/411 199/550
vt 0.23302 0.02128
f 103/165 467/551 183/294
vt 0.46662 0.64256
vt 0.46710 0.64482
vt 0.46505 0.64344
f 191/552 188/553 218/554
vt 0.80637 0.76308
f 171/523 134/555 344/512
vt 0.72713 0.76920
f 135/489 161/556 172/490
vt 0.59522 0.00853
f 168/357 192/516 255/557
f 177/510 344/512 225/539
vt 0.06565 0.43657
f 177/518 200/558 173/517
f 173/517 200/558 233/471
vt 0.59566 0.00152
f 191/543 201/545 240/559
vt 0.46850 0.64331
f 191/552 213/560 188/553
vt 0.84268 0.04800
f 158/457 237/561 161/458
vt 0.91115 0.81339
f 151/412 199/550 182/562
vt 0.06554 0.42943
f 176/472 233/471 239/563
vt 0.06650 0.42866
f 176/472 239/563 199/564
vt 0.94349 0.88534
f 170/537 180/536 214/565
f 138/269 165/497 189/509
f 160/488 167/463 237/484
vt 0.75183 0.27579
f 195/356 190/388 248/566
vt 0.70920 0.54321
f 215/382 174/432 242/567
vt 0.97714 0.06247
vt 0.97802 0.06231
vt 0.97781 0.06340
f 202/568 222/569 186/570
vt 0.59770 0.01695
f 149/451 185/395 220/571
vt 0.06533 0.42212
f 190/392 219/503 256/572
vt 0.22734 0.02685
f 183/294 396/573 124/286
vt 0.59632 0.03166
vt 0.59381 0.03194
f 205/465 273/574 204/575
vt 0.59757 0.01399
f 185/395 184/477 276/576
vt 0.59579 0.00298
vt 0.59465 0.00349
f 191/543 236/577 213/578
vt 0.91041 0.45199
f 140/425 149/424 270/579
vt 0.27280 0.83414
f 178/530 280/580 179/406
vt 0.63449 0.90749
f 181/504 274/581 165/493
vt 0.91291 0.45257
vt 0.91160 0.45328
f 220/582 244/583 149/424
vt 0.47033 0.64340
f 216/584 188/553 213/560
vt 0.59462 0.00538
vt 0.59607 0.00453
f 216/585 213/578 241/586
vt 0.75193 0.27774
f 195/356 248/566 261/587
vt 0.47004 0.64513
f 216/584 291/588 188/553
vt 0.59569 0.02172
f 224/464 229/417 252/589
vt 0.92491 0.38721
vt 0.92376 0.38911
f 227/590 164/501 238/591
vt 0.24278 0.01102
f 246/308 380/592 207/123
vt 0.59568 0.01172
f 168/357 255/557 209/593
vt 0.19000 0.28382
f 122/184 189/509 277/594
vt 0.63144 0.90812
f 165/493 274/581 189/595
vt 0.99312 0.95593
vt 0.99331 0.95593
vt 0.99317 0.95634
f 211/596 234/597 184/598
vt 0.06528 0.43910
f 177/518 245/520 253/599
f 191/543 240/559 236/577
vt 0.59380 0.00759
f 192/516 203/600 255/557
vt 0.85267 0.96204
f 211/547 210/549 209/601
vt 0.72609 0.76850
f 172/490 161/556 314/602
vt 0.59733 0.01607
f 185/395 276/603 220/571
vt 0.10870 0.39592
f 197/408 228/604 217/409
vt 0.10864 0.39378
f 197/408 251/605 228/604
vt 0.17861 0.27353
f 204/363 273/606 197/534
vt 0.75084 0.27374
f 190/388 256/607 248/566
f 166/502 122/184 277/594
vt 0.46562 0.64507
f 188/553 231/608 218/554
vt 0.80939 0.77047
f 344/512 243/609 225/539
vt 0.59439 0.00759
f 255/557 203/610 216/585
f 177/518 253/599 200/558
vt 0.47201 0.64351
f 203/611 291/588 216/584
f 103/165 208/263 467/551
vt 0.90992 0.81277
f 182/562 199/550 259/612
vt 0.22281 0.03167
f 206/496 124/286 330/613
vt 0.85173 0.96265
f 211/547 209/601 234/614
vt 0.59692 0.03034
f 205/465 196/526 326/615
f 205/465 326/615 273/574
f 168/357 209/593 210/528
vt 0.03421 0.53125
vt 0.03195 0.53067
f 175/498 265/616 303/617
vt 0.59667 0.01231
f 184/477 234/618 276/576
vt 0.91630 0.41185
f 134/391 170/469 266/619
vt 0.06341 0.44324
f 245/520 172/519 314/620
vt 0.59566 0.01902
f 140/467 270/621 229/417
vt 0.84311 0.97568
vt 0.84433 0.97604
vt 0.84337 0.97649
f 203/622 192/623 325/624
f 149/424 244/583 270/579
vt 0.80885 0.77311
f 181/540 225/539 274/625
vt 0.91145 0.81281
vt 0.91093 0.81094
f 182/626 259/612 219/627
f 206/514 265/616 175/498
vt 0.64962 0.19280
vt 0.64979 0.19416
vt 0.64835 0.19378
f 201/628 218/629 240/630
vt 0.92385 0.38670
f 227/590 238/591 334/631
vt 0.75244 0.27277
f 256/607 295/632 248/566
vt 0.84420 0.97702
f 192/623 227/633 325/624
vt 0.85838 0.53596
vt 0.85742 0.53578
f 215/459 242/634 221/635
vt 0.59465 0.00353
vt 0.59601 0.00378
f 213/636 236/637 241/586
vt 0.35010 0.89313
f 174/446 235/367 267/638
vt 0.34949 0.89246
f 174/446 267/638 242/639
vt 0.80872 0.76289
f 134/555 266/640 344/512
vt 0.71333 0.74508
f 179/454 280/641 141/350
f 274/625 225/539 243/609
f 215/459 221/635 254/448
vt 0.82906 0.94996
vt 0.82744 0.94905
vt 0.82886 0.94770
f 186/642 222/643 289/644
vt 0.20261 0.29363
vt 0.20109 0.29663
vt 0.20102 0.29359
f 186/645 289/646 249/647
vt 0.23996 0.01494
f 207/123 442/648 226/310
f 207/123 380/592 442/648
vt 0.91564 0.41139
f 170/469 268/649 266/619
vt 0.59683 0.00547
f 241/586 258/650 216/585
vt 0.91512 0.41048
f 170/469 306/651 268/649
vt 0.47251 0.64429
vt 0.47130 0.64581
f 203/652 325/653 291/588
vt 0.59607 0.02046
f 229/417 294/654 252/589
f 216/585 258/650 255/557
vt 0.02983 0.52992
f 202/542 175/498 232/655
vt 0.39515 0.69371
f 180/541 261/483 230/656
vt 0.84028 0.04951
f 161/458 237/561 250/657
vt 0.70655 0.74479
vt 0.70438 0.74514
f 212/439 336/658 312/659
f 212/439 312/659 235/533
vt 0.84318 0.97719
f 227/633 341/660 325/624
vt 0.09646 0.96066
vt 0.09608 0.96329
vt 0.09526 0.96058
f 202/661 232/662 222/663
vt 0.70938 0.74630
f 212/439 141/350 320/664
vt 0.06314 0.42189
f 256/572 219/503 343/665
vt 0.47441 0.65090
f 198/380 394/666 187/500
vt 0.06483 0.42631
vt 0.06599 0.42805
f 259/667 199/668 239/563
vt 0.23660 0.01844
f 226/310 260/669 208/263
vt 0.10687 0.39633
f 228/604 311/670 217/409
vt 0.89977 0.01443
f 223/398 254/529 366/671
vt 0.35162 0.89252
f 235/367 312/672 267/638
vt 0.92455 0.38574
f 227/590 334/631 341/673
vt 0.06483 0.43072
f 233/471 285/674 239/563
vt 0.75403 0.28387
vt 0.75430 0.28446
f 170/475 214/675 306/676
vt 0.94450 0.88475
vt 0.94499 0.88554
f 180/677 281/678 214/565
f 229/417 270/621 294/654
vt 0.59580 0.02366
vt 0.59839 0.02295
f 196/526 193/679 317/680
vt 0.59730 0.02825
f 196/526 317/680 301/681
vt 0.85778 0.53686
f 221/635 242/634 290/682
vt 0.21974 0.03337
f 206/496 330/613 265/683
vt 0.17734 0.27177
vt 0.17684 0.27072
f 197/534 327/684 251/685
vt 0.72723 0.77197
vt 0.72610 0.77099
f 161/556 250/686 314/687
vt 0.06320 0.43112
f 233/471 279/688 285/674
vt 0.48001 0.65275
vt 0.48043 0.65395
vt 0.47947 0.65404
f 254/689 221/690 354/691
vt 0.06439 0.43872
vt 0.06281 0.43903
f 253/692 245/520 286/693
vt 0.98867 0.89351
vt 0.98888 0.89359
vt 0.98893 0.89417
f 241/694 236/695 258/696
vt 0.63259 0.90947
f 189/595 274/581 328/697
vt 0.19791 0.29437
f 249/647 357/698 167/463
f 175/498 303/617 232/655
vt 0.06452 0.43052
vt 0.06407 0.42986
f 285/699 279/688 264/700
vt 0.06471 0.43699
vt 0.06241 0.43632
f 233/471 200/701 302/702
vt 0.06263 0.44081
f 286/693 245/520 257/703
vt 0.94380 0.88695
f 214/565 281/678 306/704
vt 0.86215 0.71074
f 178/508 166/492 278/705
vt 0.59667 0.00851
vt 0.59664 0.00952
f 255/557 293/706 271/707
vt 0.70741 0.54242
vt 0.70774 0.54132
f 242/567 267/708 296/709
vt 0.70889 0.54143
f 242/567 296/709 268/710
vt 0.95643 0.10685
vt 0.95606 0.10636
vt 0.95687 0.10566
f 224/711 252/712 324/713
vt 0.59567 0.02261
vt 0.59689 0.02140
f 224/714 324/715 193/679
vt 0.77631 0.90306
vt 0.77672 0.90497
vt 0.77501 0.90436
f 231/716 188/717 300/718
vt 0.47878 0.65361
f 254/689 354/691 366/719
vt 0.97021 0.60634
vt 0.97017 0.60459
vt 0.97126 0.60478
f 240/720 218/721 358/722
f 233/471 302/702 279/688
vt 0.47578 0.64781
f 187/500 394/666 238/723
vt 0.47873 0.65173
f 223/445 366/724 198/380
vt 0.59706 0.01080
vt 0.59719 0.01175
f 209/593 262/725 234/726
vt 0.70911 0.54158
vt 0.71034 0.54193
f 242/567 268/727 290/728
vt 0.95633 0.10222
vt 0.95731 0.10273
vt 0.95678 0.10413
f 270/729 307/730 294/731
f 255/557 271/707 209/593
vt 0.95607 0.10543
f 294/731 324/713 252/732
vt 0.71862 0.92897
vt 0.71879 0.93098
vt 0.71764 0.93096
f 245/733 298/734 257/735
vt 0.75100 0.27206
f 256/607 299/736 295/632
vt 0.06278 0.44180
f 245/520 314/620 298/737
vt 0.39306 0.68925
f 261/483 329/738 230/656
vt 0.91599 0.41067
f 268/649 296/739 266/619
vt 0.59694 0.01006
f 209/593 271/707 275/740
f 209/593 275/740 262/725
vt 0.06272 0.42739
f 259/667 239/563 362/741
vt 0.27349 0.83633
f 178/530 278/742 280/580
vt 0.06162 0.43954
f 286/693 257/703 315/743
f 212/439 320/664 336/658
vt 0.59711 0.00721
f 255/557 258/650 269/744
vt 0.64651 0.19351
vt 0.64788 0.19530
f 236/745 240/630 263/746
vt 0.98604 0.10125
vt 0.98595 0.10041
vt 0.98645 0.10092
f 236/747 263/748 258/749
f 124/286 396/573 330/613
vt 0.09519 0.96300
f 222/663 232/662 332/750
f 253/692 286/693 200/701
vt 0.86437 0.70972
f 166/492 277/751 278/705
f 196/526 301/681 326/615
vt 0.47797 0.65374
vt 0.47550 0.65442
f 198/380 366/752 475/753
vt 0.19045 0.28635
f 189/509 282/754 277/594
vt 0.95663 0.33607
vt 0.95756 0.33659
vt 0.95616 0.33740
f 218/755 231/756 358/757
vt 0.06324 0.41948
f 256/572 343/665 299/758
f 293/706 255/557 269/744
vt 0.59681 0.00836
f 293/706 269/744 272/759
vt 0.59831 0.01161
f 276/576 234/618 304/760
vt 0.24994 0.00345
f 217/403 316/761 247/396
vt 0.59876 0.00918
vt 0.59820 0.00975
vt 0.59698 0.00910
f 313/762 305/763 272/764
f 313/762 272/764 269/744
vt 0.59722 0.01003
f 272/764 305/763 287/765
vt 0.97610 0.77916
vt 0.97630 0.78050
vt 0.97603 0.78044
f 272/766 287/767 275/768
vt 0.39023 0.68985
vt 0.38907 0.68695
vt 0.39065 0.68711
f 248/769 295/770 333/771
f 248/769 333/771 261/483
vt 0.23274 0.02370
f 183/294 467/551 524/772
f 183/294 524/772 396/573
vt 0.19819 0.29719
f 249/647 289/646 422/773
f 249/647 422/773 357/698
f 324/715 317/680 193/679
f 200/701 286/693 302/702
vt 0.70971 0.54118
f 290/728 268/727 306/774
vt 0.06200 0.42784
vt 0.06336 0.42907
f 279/688 310/775 264/776
vt 0.97589 0.77967
f 275/768 283/777 272/766
vt 0.97579 0.77940
f 272/766 283/777 271/778
vt 0.59861 0.00820
f 313/762 269/744 337/779
vt 0.82754 0.94630
f 222/643 332/780 289/644
f 198/380 475/753 394/666
vt 0.59715 0.01024
f 262/725 275/740 287/781
f 197/534 273/606 327/684
vt 0.59817 0.03225
vt 0.59823 0.03126
vt 0.59856 0.03200
f 327/782 342/783 251/784
vt 0.85687 0.53670
f 221/635 290/682 321/785
vt 0.97894 0.23110
vt 0.97885 0.22996
vt 0.97938 0.23084
f 287/786 305/787 292/788
vt 0.98672 0.94796
vt 0.98707 0.94777
vt 0.98683 0.94827
f 275/789 271/790 292/791
vt 0.59994 0.01489
f 276/576 369/792 220/571
vt 0.24928 0.00184
f 311/793 316/761 217/403
vt 0.47480 0.64824
vt 0.47356 0.64737
f 238/794 394/666 334/795
vt 0.68284 0.77745
vt 0.68276 0.77324
vt 0.68505 0.77484
f 230/796 329/797 331/798
vt 0.03121 0.53082
f 303/617 338/799 232/655
vt 0.72779 0.47152
vt 0.72720 0.47114
vt 0.72773 0.47094
f 275/800 292/801 283/802
vt 0.97566 0.77934
f 271/778 284/803 272/766
vt 0.59682 0.00928
vt 0.59745 0.00966
f 271/707 283/804 335/805
vt 0.98716 0.94853
f 271/790 335/806 292/791
vt 0.59687 0.00886
f 271/707 293/706 284/807
vt 0.05934 0.43019
f 279/688 451/808 310/775
vt 0.25031 0.93573
vt 0.25093 0.93469
vt 0.25113 0.93594
f 264/809 362/810 285/811
vt 0.35103 0.89478
f 267/638 312/672 350/812
vt 0.91073 0.45375
vt 0.91011 0.45299
f 270/579 244/813 307/814
vt 0.84248 0.05195
f 237/561 357/815 250/657
vt 0.68453 0.77813
f 230/796 331/798 281/816
vt 0.63412 0.90943
f 274/581 278/817 328/697
f 237/484 167/463 357/698
f 141/350 280/641 320/664
vt 0.24939 0.93421
f 264/809 310/818 362/810
vt 0.60026 0.03163
f 251/784 342/783 415/819
vt 0.71038 0.54007
f 290/728 306/774 319/820
vt 0.71080 0.54075
f 290/728 319/820 321/821
vt 0.70709 0.54139
f 267/708 350/822 296/709
vt 0.71805 0.93360
f 257/735 298/734 309/823
vt 0.75155 0.26927
f 299/736 360/824 295/632
vt 0.59787 0.02951
f 326/615 301/681 288/825
vt 0.86325 0.71150
f 278/705 277/751 328/826
vt 0.72753 0.47041
vt 0.72762 0.47066
f 272/827 284/828 292/801
vt 0.15190 0.98892
vt 0.15199 0.98918
vt 0.15174 0.98898
f 272/829 292/830 293/831
vt 0.72762 0.47099
f 284/828 283/832 292/801
vt 0.17556 0.27142
vt 0.17450 0.27031
f 251/685 415/833 228/834
vt 0.98696 0.96463
vt 0.98686 0.96408
vt 0.98714 0.96433
f 283/835 284/836 335/837
vt 0.63989 0.19432
vt 0.64002 0.19487
vt 0.63975 0.19423
f 292/838 335/839 287/840
vt 0.90981 0.81157
vt 0.91009 0.80974
f 219/627 259/841 323/842
vt 0.63819 0.19422
vt 0.63895 0.19439
vt 0.63799 0.19525
f 234/843 262/844 297/845
vt 0.23618 0.97618
vt 0.23572 0.97720
vt 0.23532 0.97577
f 234/846 297/847 304/848
f 246/308 247/396 380/592
vt 0.83982 0.05157
f 250/657 357/815 352/849
vt 0.15189 0.98967
f 293/831 292/830 364/850
vt 0.91086 0.80808
f 219/627 323/842 343/851
vt 0.27454 0.83758
vt 0.27257 0.83705
vt 0.27344 0.83719
f 274/852 361/853 278/854
vt 0.59758 0.03029
f 288/825 342/855 326/615
vt 0.60038 0.01132
f 276/576 304/760 308/856
f 276/576 308/856 369/792
vt 0.64003 0.19513
f 287/840 335/857 262/844
vt 0.06054 0.44081
f 257/703 309/858 315/743
vt 0.94718 0.25298
vt 0.94898 0.25291
vt 0.94695 0.25404
f 288/859 301/860 348/861
vt 0.81155 0.76675
f 243/609 344/512 349/862
vt 0.10862 0.39934
vt 0.10689 0.39966
f 311/670 367/863 371/864
vt 0.59859 0.02982
vt 0.59978 0.02962
f 288/865 348/866 342/783
vt 0.59992 0.01678
f 220/571 369/792 378/867
f 305/763 313/762 304/760
vt 0.06038 0.42863
f 310/775 451/808 399/868
vt 0.06111 0.43741
f 286/693 376/869 302/702
vt 0.06177 0.43453
f 302/702 373/870 279/688
vt 0.80973 0.76290
vt 0.81120 0.76424
f 266/640 296/871 350/872
f 266/640 350/872 344/512
vt 0.77620 0.90675
f 188/717 291/873 300/718
vt 0.03425 0.53338
f 303/617 265/616 339/874
vt 0.85638 0.53541
vt 0.85667 0.53755
vt 0.85540 0.53618
f 221/875 321/876 354/877
vt 0.64274 0.19419
vt 0.64362 0.19566
vt 0.64183 0.19503
f 269/878 345/879 364/880
vt 0.81130 0.77311
f 274/625 243/609 361/881
f 304/760 313/762 308/856
f 239/563 285/674 362/741
vt 0.77448 0.90290
f 231/716 300/718 358/882
vt 0.59672 0.01969
vt 0.59688 0.01863
f 294/883 307/884 324/715
vt 0.64506 0.19432
f 269/878 258/885 345/879
vt 0.65029 0.19545
f 240/630 358/886 263/746
vt 0.23510 0.97722
f 304/848 297/847 387/887
vt 0.77011 0.98883
vt 0.77011 0.98948
vt 0.76975 0.98898
f 304/888 387/889 318/890
vt 0.38185 0.97722
vt 0.38085 0.97707
vt 0.38161 0.97605
f 269/891 364/892 337/893
vt 0.97900 0.31617
vt 0.97877 0.31794
vt 0.97863 0.31697
f 291/894 325/895 340/896
vt 0.97947 0.22974
f 305/787 359/897 292/788
vt 0.91279 0.45479
f 244/583 220/582 378/898
vt 0.84053 0.05379
f 357/815 413/899 352/849
vt 0.59723 0.00865
vt 0.59757 0.00864
f 335/805 284/900 364/901
vt 0.94473 0.88748
f 281/678 322/902 306/704
f 342/783 348/866 415/819
vt 0.72648 0.77470
f 250/686 352/903 314/687
vt 0.06112 0.43924
f 286/693 315/904 376/869
vt 0.47225 0.64674
vt 0.47193 0.64803
f 341/905 334/795 404/906
vt 0.25281 0.00107
f 311/793 371/907 316/761
vt 0.97364 0.06579
vt 0.97259 0.06710
vt 0.97229 0.06562
f 232/908 338/909 332/910
vt 0.59733 0.00832
f 293/706 364/911 284/900
f 261/483 333/771 329/738
vt 0.20443 0.29998
vt 0.20420 0.30081
vt 0.20317 0.29958
f 303/912 347/913 338/914
vt 0.68637 0.77762
f 281/816 331/798 322/915
vt 0.75280 0.26913
f 295/632 360/824 351/916
vt 0.97100 0.16849
vt 0.97006 0.16904
vt 0.97036 0.16783
f 304/917 318/918 305/919
vt 0.98037 0.72531
vt 0.97994 0.72536
vt 0.98003 0.72411
f 302/920 398/921 373/922
vt 0.20010 0.29947
f 289/646 468/923 422/773
vt 0.06302 0.42409
f 259/667 362/741 323/924
vt 0.59848 0.03120
f 326/615 365/925 273/574
vt 0.94867 0.25487
f 348/861 301/860 409/926
vt 0.82915 0.94661
f 332/780 338/927 289/644
vt 0.96469 0.12775
vt 0.96450 0.12960
vt 0.96373 0.12889
f 310/928 399/929 372/930
vt 0.96389 0.12729
f 310/928 372/930 362/931
f 278/742 361/853 280/580
vt 0.86475 0.71111
f 277/751 282/932 328/826
vt 0.85544 0.53795
f 321/876 445/933 354/877
vt 0.59756 0.01732
vt 0.59992 0.01713
vt 0.59891 0.01823
f 244/934 378/935 355/936
vt 0.24735 0.00906
f 247/396 316/761 383/937
f 311/670 228/604 367/863
vt 0.20256 0.29912
f 338/938 468/923 289/646
vt 0.59752 0.01803
vt 0.59817 0.01856
vt 0.59734 0.01877
f 244/939 355/940 307/941
vt 0.98006 0.19632
vt 0.98088 0.19643
vt 0.98025 0.19722
f 326/942 342/943 365/944
vt 0.47902 0.65540
vt 0.47780 0.65549
f 366/719 354/945 356/946
vt 0.71281 0.74799
f 280/641 361/947 320/664
f 263/746 345/879 258/885
vt 0.03159 0.53314
f 303/617 339/874 347/948
vt 0.71012 0.74815
f 320/664 361/947 384/949
vt 0.05937 0.43922
f 309/858 407/950 315/743
vt 0.77580 0.90812
vt 0.77629 0.90945
vt 0.77448 0.90855
f 325/951 341/952 379/953
vt 0.72573 0.47203
vt 0.72670 0.47018
f 292/801 359/954 364/955
vt 0.77471 0.90667
f 340/956 325/951 379/953
vt 0.60016 0.01022
f 308/856 313/762 346/957
vt 0.63136 0.90994
f 189/595 328/697 282/958
vt 0.64032 0.19522
vt 0.63954 0.19674
f 262/844 335/959 491/960
vt 0.17730 0.27272
vt 0.17673 0.27385
f 327/961 273/606 365/962
vt 0.98939 0.81399
vt 0.98923 0.81353
vt 0.98967 0.81353
f 327/963 365/964 342/965
vt 0.22155 0.03607
f 265/683 330/613 500/966
vt 0.72636 0.47218
vt 0.72584 0.47339
f 305/967 318/968 359/954
vt 0.97021 0.28203
vt 0.97061 0.28041
vt 0.97083 0.28188
f 313/969 337/970 346/971
vt 0.94412 0.88797
f 306/704 322/902 319/972
vt 0.06099 0.41873
f 343/665 385/973 299/758
vt 0.88349 0.31971
vt 0.88306 0.32263
vt 0.88230 0.32075
f 341/974 404/975 393/976
vt 0.70662 0.74803
f 336/658 320/664 349/977
f 336/658 349/977 312/659
vt 0.17209 0.27177
vt 0.17198 0.26947
f 228/834 452/978 367/979
vt 0.59937 0.02752
f 301/681 317/680 368/980
vt 0.21959 0.03494
f 339/981 265/683 500/966
vt 0.60147 0.01277
f 369/792 308/856 410/982
vt 0.97103 0.28108
vt 0.97105 0.28167
f 337/970 359/983 346/984
vt 0.72585 0.47070
f 359/954 337/985 364/955
vt 0.85676 0.53848
vt 0.85585 0.53835
f 321/876 319/986 370/987
vt 0.47193 0.65015
f 334/795 353/988 404/906
vt 0.77525 0.90632
f 291/989 340/956 300/718
vt 0.75380 0.27116
f 295/632 351/916 382/990
vt 0.06086 0.43674
vt 0.06038 0.43598
f 376/991 398/992 302/702
vt 0.05919 0.43640
f 376/991 402/993 398/992
vt 0.81166 0.77008
f 243/609 384/994 361/881
vt 0.91008 0.80912
vt 0.91003 0.80809
f 343/851 323/995 416/996
vt 0.60136 0.03089
f 348/866 375/997 415/819
f 344/512 350/872 349/862
f 334/795 394/666 353/988
vt 0.17412 0.27252
f 228/834 415/833 436/998
f 228/834 436/998 452/978
vt 0.05692 0.44056
f 407/950 309/858 430/999
f 335/959 364/880 491/960
vt 0.06181 0.42058
f 343/665 424/1000 385/973
vt 0.20330 0.30051
vt 0.20288 0.30045
f 338/914 347/1001 405/1002
vt 0.70467 0.74797
f 312/659 349/977 350/1003
vt 0.64410 0.19691
vt 0.64117 0.19813
f 345/879 379/1004 455/1005
vt 0.91051 0.80656
f 343/851 416/996 424/1006
vt 0.03459 0.53632
vt 0.03291 0.53647
f 339/874 427/1007 444/1008
vt 0.06108 0.42527
vt 0.05904 0.42453
vt 0.06060 0.42423
f 363/1009 461/1010 390/1011
vt 0.06285 0.41492
vt 0.06113 0.41500
vt 0.06249 0.41364
f 381/1012 400/1013 374/1014
vt 0.47900 0.65570
vt 0.47901 0.65668
f 354/1015 445/1016 356/946
vt 0.12580 0.97705
vt 0.12523 0.97593
vt 0.12630 0.97601
f 347/1017 389/1018 405/1019
vt 0.60035 0.02018
f 324/715 307/884 441/1020
vt 0.06105 0.43397
f 279/688 373/1021 451/808
vt 0.64678 0.19690
f 263/746 340/1022 345/879
vt 0.38888 0.68424
f 333/771 295/770 382/1023
vt 0.06212 0.41749
f 360/1024 299/758 385/973
vt 0.77481 0.91011
f 341/952 393/1025 379/953
f 364/880 345/879 455/1005
vt 0.60159 0.02987
f 375/997 348/866 388/1026
vt 0.05867 0.43772
f 376/991 412/1027 402/993
vt 0.64822 0.19683
f 358/886 300/1028 263/746
vt 0.70493 0.00050
vt 0.70554 0.00021
vt 0.70468 0.00128
f 262/1029 491/1030 297/1031
f 364/880 455/1005 491/960
f 243/609 349/862 384/994
f 345/879 340/1022 379/1004
f 208/263 260/669 467/551
f 226/310 442/648 260/669
vt 0.20164 0.30087
f 468/923 338/938 435/1032
vt 0.70704 0.00154
vt 0.70498 0.00276
f 297/1031 513/1033 387/1034
vt 0.71204 0.53761
vt 0.71196 0.53951
f 319/820 469/1035 370/1036
vt 0.13079 0.95999
vt 0.13101 0.96102
vt 0.13011 0.96103
f 346/1037 419/1038 308/1039
vt 0.23069 0.02776
f 524/772 488/1040 396/573
f 321/876 370/987 445/933
vt 0.03208 0.53459
f 339/874 408/1041 347/948
f 339/874 444/1008 408/1041
f 315/904 407/950 376/869
vt 0.05910 0.44274
f 314/620 352/1042 298/737
f 360/1024 385/973 400/1013
vt 0.13100 0.96250
vt 0.13003 0.96272
f 308/1039 419/1043 410/1044
vt 0.95863 0.13237
vt 0.95967 0.13452
vt 0.95892 0.13505
f 398/1045 402/1046 423/1047
vt 0.06023 0.42632
f 461/1010 363/1009 372/1048
vt 0.60057 0.01874
vt 0.59960 0.01894
f 355/936 411/1049 441/1050
vt 0.06132 0.42659
vt 0.06086 0.42625
vt 0.06135 0.42632
f 362/1051 372/1052 406/1053
vt 0.75279 0.26746
vt 0.75314 0.26603
vt 0.75431 0.26635
f 381/1054 374/1055 421/1056
vt 0.60170 0.01386
vt 0.60178 0.01730
f 369/792 410/1057 377/1058
vt 0.96274 0.07250
vt 0.96145 0.07203
vt 0.96248 0.07102
f 307/1059 355/1060 441/1061
vt 0.72457 0.47373
f 359/954 318/968 419/1062
vt 0.72481 0.47264
f 359/954 419/1062 346/1063
vt 0.75389 0.26893
f 381/1054 519/1064 351/916
f 297/1031 491/1030 513/1033
f 263/746 300/1028 340/1022
vt 0.60051 0.01746
f 369/792 377/1058 378/1065
vt 0.24990 0.93152
vt 0.25092 0.93200
vt 0.25021 0.93255
f 363/1066 406/1067 372/1068
vt 0.60066 0.02943
f 348/866 418/1069 388/1026
f 247/396 383/937 380/592
vt 0.21950 0.03820
f 339/981 500/966 427/1070
vt 0.06132 0.42527
f 362/741 406/1071 323/924
f 324/715 441/1020 317/680
f 320/664 384/949 349/977
vt 0.59936 0.02904
f 409/1072 301/681 368/980
vt 0.03163 0.53426
vt 0.03020 0.53382
f 347/948 408/1073 389/1074
f 355/936 378/935 411/1049
vt 0.05950 0.44133
f 298/737 352/1042 309/1075
vt 0.22845 0.03256
f 330/613 396/573 635/1076
vt 0.94482 0.23138
vt 0.94410 0.23042
vt 0.94468 0.22996
f 338/1077 405/1078 435/1079
vt 0.94746 0.25537
f 348/861 409/926 418/1080
vt 0.71055 0.53932
f 319/820 386/1081 469/1035
vt 0.02750 0.97579
vt 0.02843 0.97577
vt 0.02776 0.97697
f 319/1082 322/1083 386/1084
vt 0.96358 0.12999
f 399/929 487/1085 372/930
vt 0.89976 0.01626
vt 0.90102 0.01754
vt 0.90028 0.01859
f 366/1086 356/1087 473/1088
vt 0.68785 0.77565
f 322/915 331/798 454/1089
vt 0.05954 0.42297
vt 0.06046 0.42363
f 461/1010 438/1090 390/1091
vt 0.39106 0.68488
f 329/738 333/771 477/1092
vt 0.71850 0.93617
vt 0.71748 0.93604
f 309/823 420/1093 430/1094
vt 0.72531 0.47517
f 318/968 425/1095 419/1062
vt 0.72660 0.47486
f 318/968 387/1096 425/1095
vt 0.47794 0.65756
f 445/1016 473/1097 356/946
vt 0.84199 0.05523
f 357/815 450/1098 413/899
vt 0.06234 0.41650
f 351/1099 360/1024 381/1012
f 407/950 412/1027 376/869
f 381/1012 360/1024 400/1013
vt 0.64250 0.19731
f 455/1005 379/1004 393/1100
vt 0.60138 0.02799
f 418/1069 391/1101 388/1026
f 351/916 519/1064 382/990
vt 0.60092 0.01947
f 377/1058 411/1102 378/1065
vt 0.60137 0.02150
f 377/1058 401/1103 411/1102
vt 0.17071 0.27068
f 367/979 452/978 426/1104
vt 0.98072 0.75643
vt 0.98065 0.75743
vt 0.98043 0.75639
f 390/1105 460/1106 363/1107
vt 0.84841 0.88469
vt 0.84924 0.88760
vt 0.84842 0.88753
f 443/1108 391/1109 392/1110
vt 0.60102 0.02320
vt 0.60179 0.02480
f 443/1111 431/1112 391/1101
vt 0.24480 0.01412
f 380/592 503/1113 442/648
vt 0.98017 0.75729
f 363/1107 460/1106 406/1114
vt 0.06167 0.42255
f 323/924 406/1071 416/1115
vt 0.25508 0.00212
f 371/907 395/1116 316/761
vt 0.68313 0.76911
vt 0.68702 0.77224
f 329/797 477/1117 572/1118
vt 0.68850 0.77660
f 322/915 454/1089 386/1119
vt 0.60230 0.02311
f 443/1111 401/1103 397/1120
f 443/1111 397/1120 431/1112
vt 0.84924 0.88286
vt 0.84750 0.88207
vt 0.84800 0.88041
f 401/1121 441/1122 411/1123
vt 0.05857 0.42650
f 372/1048 487/1124 461/1010
vt 0.84910 0.88977
vt 0.84853 0.89062
vt 0.84709 0.88992
f 391/1125 418/1126 464/1127
vt 0.07585 0.97627
vt 0.07668 0.97591
vt 0.07625 0.97769
f 425/1128 387/1129 429/1130
f 391/1125 464/1127 392/1110
vt 0.10692 0.40371
f 367/863 432/1131 371/864
vt 0.10906 0.40206
f 367/863 480/1132 432/1131
vt 0.05997 0.42750
vt 0.05723 0.42839
f 399/1133 451/808 499/1134
vt 0.24960 0.93042
vt 0.25000 0.92913
vt 0.25054 0.93011
f 390/1135 438/1136 460/1137
vt 0.84282 0.05457
f 357/815 422/1138 450/1098
vt 0.75474 0.26761
f 381/1054 421/1056 448/1139
vt 0.03164 0.53555
f 408/1041 444/1008 428/1140
vt 0.47698 0.65507
vt 0.47700 0.65692
f 366/1141 473/1142 475/753
vt 0.88781 0.87045
vt 0.88877 0.86927
vt 0.88895 0.87069
f 375/1143 388/1144 415/1145
vt 0.60217 0.02806
f 391/1101 431/1112 414/1146
vt 0.60210 0.02917
f 388/1026 391/1101 414/1147
vt 0.97966 0.06522
vt 0.97944 0.06641
vt 0.97902 0.06586
f 389/1148 408/1149 471/1150
vt 0.97876 0.06556
f 389/1148 471/1150 466/1151
f 331/798 329/797 572/1118
vt 0.15779 0.97642
vt 0.15700 0.97689
vt 0.15774 0.97568
f 421/1152 374/1153 448/1154
f 333/771 382/1023 477/1092
vt 0.05952 0.41716
f 400/1013 385/973 486/1155
vt 0.97876 0.06502
f 389/1148 466/1151 405/1156
vt 0.06165 0.41203
vt 0.06098 0.41211
f 374/1157 400/1013 433/1158
vt 0.64288 0.19803
vt 0.64217 0.20243
f 455/1005 393/1159 437/1160
vt 0.64333 0.20089
f 393/1159 404/1161 437/1160
vt 0.25594 0.00075
f 371/907 432/1162 395/1116
vt 0.60307 0.01936
f 401/1103 377/1058 479/1163
vt 0.60285 0.02148
f 401/1103 479/1163 403/1164
vt 0.06113 0.43594
vt 0.05837 0.43514
f 373/1021 398/1165 423/1166
f 381/1054 448/1139 519/1064
vt 0.71304 0.53784
f 370/1036 469/1035 463/1167
f 401/1121 443/1108 441/1122
vt 0.15658 0.97576
f 374/1153 433/1168 448/1154
vt 0.05658 0.43636
f 402/993 412/1027 447/1169
vt 0.05868 0.41951
f 385/973 478/1170 486/1155
vt 0.60224 0.02643
f 431/1112 490/1171 414/1146
vt 0.49199 0.74452
vt 0.48874 0.74536
vt 0.48990 0.74333
f 491/1172 604/1173 513/1174
vt 0.84686 0.88796
f 392/1110 464/1127 484/1175
f 401/1103 403/1164 397/1120
vt 0.70759 0.00377
f 387/1034 513/1033 540/1176
vt 0.91951 0.09749
vt 0.92032 0.09870
vt 0.91916 0.09869
f 385/1177 424/1178 478/1179
vt 0.05959 0.41608
vt 0.06013 0.41469
f 400/1013 486/1180 533/1181
vt 0.94870 0.25595
f 418/1080 409/926 459/1182
vt 0.97753 0.26686
vt 0.97828 0.26758
vt 0.97741 0.26752
f 408/1183 428/1184 465/1185
vt 0.25488 0.00615
f 316/761 395/1116 645/1186
vt 0.06054 0.41382
f 400/1013 533/1181 497/1187
vt 0.70529 0.00496
f 387/1034 540/1176 429/1188
vt 0.97853 0.06626
f 471/1150 408/1149 476/1189
vt 0.03448 0.54025
f 427/1007 571/1190 444/1008
vt 0.97886 0.06644
f 408/1149 465/1191 476/1189
f 373/1021 423/1166 451/808
f 400/1013 497/1187 433/1158
f 396/573 488/1040 635/1076
vt 0.88945 0.86952
f 388/1144 5769/1192 415/1145
vt 0.47151 0.65232
f 353/988 394/666 472/1193
vt 0.60297 0.01493
f 410/1057 493/1194 377/1058
vt 0.16997 0.26944
f 367/979 426/1104 480/1195
vt 0.60082 0.02856
vt 0.60007 0.02946
f 368/980 464/1196 409/1197
vt 0.72563 0.47738
vt 0.72369 0.47647
f 425/1095 429/1198 474/1199
vt 0.84732 0.89118
f 418/1126 459/1200 464/1127
vt 0.05713 0.43810
f 407/950 462/1201 412/1027
vt 0.88378 0.32347
vt 0.88307 0.32555
f 353/1202 472/1203 404/975
vt 0.05722 0.43882
f 430/999 462/1204 407/950
vt 0.25184 0.00865
f 316/761 645/1186 615/1205
vt 0.05657 0.44219
f 309/1075 352/1042 420/1206
f 383/937 316/761 615/1205
vt 0.88847 0.86820
vt 0.88914 0.86817
f 414/1207 5769/1208 388/1144
vt 0.88908 0.86538
f 414/1207 490/1209 5769/1208
vt 0.03026 0.53619
f 428/1140 444/1008 449/1210
vt 0.05945 0.42400
f 416/1115 406/1071 460/1211
vt 0.60233 0.01315
vt 0.60374 0.01356
f 410/1057 419/1212 498/1213
vt 0.71028 0.95075
vt 0.71110 0.95026
vt 0.71048 0.95141
f 370/1214 507/1215 445/1216
vt 0.95954 0.13704
f 402/1046 447/1217 423/1047
vt 0.20296 0.30165
vt 0.20272 0.30291
vt 0.20249 0.30217
f 405/1218 453/1219 435/1220
vt 0.97211 0.19077
vt 0.97346 0.19064
vt 0.97283 0.19146
f 428/1221 449/1222 471/1223
vt 0.72407 0.47509
f 419/1224 425/1095 474/1199
vt 0.60319 0.01611
f 377/1058 493/1194 482/1225
vt 0.97220 0.19147
f 428/1221 471/1223 465/1226
vt 0.90305 0.97723
vt 0.90232 0.97694
vt 0.90282 0.97588
f 434/1227 485/1228 439/1229
vt 0.84661 0.88511
f 443/1108 392/1110 440/1230
vt 0.05580 0.43925
f 430/999 521/1231 462/1204
vt 0.71053 0.94966
f 370/1214 463/1232 507/1215
vt 0.17387 0.27350
f 436/998 485/1233 452/978
vt 0.88985 0.86970
f 415/1145 5769/1192 439/1234
vt 0.88970 0.87069
f 415/1145 439/1234 436/1235
vt 0.60113 0.02211
f 317/680 441/1020 522/1236
vt 0.60127 0.02335
f 317/680 522/1236 440/1237
vt 0.60347 0.01462
f 410/1057 498/1213 470/1238
f 410/1057 470/1238 493/1194
vt 0.24015 0.02043
f 260/669 442/648 574/1239
vt 0.90238 0.97599
f 485/1228 436/1240 439/1229
vt 0.98601 0.53255
vt 0.98619 0.53199
vt 0.98641 0.53235
f 434/1241 459/1242 456/1243
vt 0.20327 0.30321
f 405/1218 466/1244 453/1219
f 377/1058 482/1225 479/1163
vt 0.70696 0.00556
f 429/1188 540/1176 417/1245
vt 0.98970 0.88609
vt 0.99004 0.88643
vt 0.98979 0.88661
f 485/1246 434/1247 456/1248
vt 0.98621 0.53156
f 434/1241 439/1249 459/1242
vt 0.60389 0.02360
vt 0.60430 0.02088
vt 0.60565 0.02300
f 501/1250 446/1251 495/1252
vt 0.97355 0.19143
f 449/1222 466/1253 471/1223
vt 0.88844 0.86449
vt 0.88815 0.86273
f 431/1254 397/1255 490/1209
f 412/1027 462/1201 447/1169
vt 0.35267 0.85439
vt 0.35159 0.85417
vt 0.35186 0.85205
f 446/1256 403/1257 479/1258
vt 0.35215 0.85648
f 446/1256 501/1259 403/1257
vt 0.68779 0.76973
f 477/1117 588/1260 572/1118
vt 0.60111 0.02658
f 368/980 484/1261 464/1196
vt 0.47206 0.65420
f 394/666 475/753 520/1262
vt 0.60367 0.01886
vt 0.60441 0.01556
vt 0.60579 0.01665
f 479/1263 496/1264 483/1265
f 479/1263 483/1265 446/1251
vt 0.35243 0.84934
vt 0.35151 0.84857
f 496/1266 479/1258 482/1267
vt 0.60457 0.02470
f 501/1250 495/1252 510/1268
vt 0.47545 0.65879
f 473/1142 525/1269 475/753
vt 0.95903 0.34698
vt 0.96003 0.34875
vt 0.95863 0.34848
f 438/1270 461/1271 460/1272
vt 0.92024 0.09929
vt 0.92043 0.10103
f 478/1179 424/1273 506/1274
vt 0.60407 0.03005
vt 0.60463 0.03200
vt 0.60405 0.03181
f 457/1275 426/1276 452/1277
vt 0.94382 0.22818
vt 0.94460 0.22841
f 435/1079 453/1278 476/1279
vt 0.99247 0.37724
vt 0.99263 0.37742
vt 0.99247 0.37789
f 459/1280 409/1281 456/1282
vt 0.60370 0.02674
vt 0.60523 0.02804
f 457/1275 490/1283 458/1284
vt 0.84682 0.88377
f 441/1122 443/1108 522/1285
vt 0.46649 0.98930
vt 0.46644 0.98890
vt 0.46677 0.98897
f 476/1286 453/1287 471/1288
vt 0.23898 0.96359
vt 0.23839 0.96345
vt 0.23871 0.96213
f 419/1289 474/1290 498/1291
vt 0.60096 0.03049
f 409/1197 464/1196 456/1292
f 490/1283 510/1268 458/1284
vt 0.24421 0.01778
f 442/648 503/1113 575/1293
f 392/1110 484/1175 440/1230
vt 0.88817 0.86154
vt 0.88851 0.86197
f 397/1255 403/1294 516/1295
f 487/1124 399/1133 499/1134
vt 0.05801 0.42652
f 487/1124 499/1134 508/1296
vt 0.35149 0.84743
f 496/1266 482/1267 470/1297
vt 0.97281 0.19181
vt 0.97303 0.19226
vt 0.97252 0.19199
f 471/1298 453/1299 465/1300
vt 0.64361 0.20261
f 404/1161 472/1301 437/1160
vt 0.47878 0.65821
vt 0.47827 0.65912
f 445/1302 507/1303 473/1097
vt 0.72720 0.77582
vt 0.72656 0.77782
f 413/1304 420/1305 352/903
vt 0.35270 0.85798
vt 0.35105 0.85859
f 510/1306 490/1307 501/1259
vt 0.97926 0.80257
vt 0.97935 0.80318
vt 0.97879 0.80216
f 459/1308 439/1309 464/1310
f 260/669 574/1239 467/551
vt 0.84139 0.05510
vt 0.84025 0.05709
f 450/1311 481/1312 413/899
vt 0.06059 0.42039
vt 0.05830 0.42280
f 424/1313 416/1115 506/1314
vt 0.95863 0.13699
f 423/1047 447/1217 492/1315
f 394/666 520/1262 472/1193
vt 0.19823 0.29977
f 468/923 518/1316 422/773
vt 0.05822 0.42186
vt 0.05601 0.42295
f 478/1170 506/1317 567/1318
vt 0.63980 0.20159
f 455/1005 437/1160 531/1319
vt 0.60132 0.02565
f 317/680 484/1320 368/980
vt 0.93677 0.91527
vt 0.93655 0.91359
vt 0.93715 0.91485
f 463/1321 570/1322 504/1323
vt 0.35265 0.86320
vt 0.35157 0.86421
vt 0.35149 0.86351
f 457/1324 452/1325 489/1326
vt 0.20401 0.30457
vt 0.20289 0.30408
f 449/1327 512/1328 466/1244
vt 0.97880 0.80323
f 439/1309 456/1329 464/1310
f 317/680 440/1237 484/1320
f 466/1244 512/1328 453/1219
vt 0.03164 0.53719
f 444/1008 543/1330 449/1210
f 460/1211 506/1314 416/1115
vt 0.83956 0.05533
f 420/1331 413/899 481/1312
vt 0.35133 0.86168
f 457/1324 5769/1332 490/1307
vt 0.35084 0.85574
f 501/1259 516/1333 403/1257
vt 0.95998 0.35023
vt 0.95943 0.35023
f 461/1271 487/1334 508/1335
f 461/1271 508/1335 460/1272
f 442/648 575/1293 574/1239
vt 0.84672 0.88426
f 443/1108 440/1230 532/1336
f 443/1108 532/1336 522/1285
f 457/1324 489/1326 5769/1332
vt 0.11046 0.40139
vt 0.11092 0.40223
f 480/1132 426/1337 514/1338
f 470/1238 498/1213 496/1264
vt 0.88877 0.86243
vt 0.88927 0.86257
f 397/1255 516/1339 517/1340
vt 0.60247 0.03113
vt 0.60133 0.03190
f 456/1292 489/1341 485/1342
vt 0.60277 0.03201
f 485/1342 489/1341 452/1343
vt 0.97250 0.19235
vt 0.97272 0.19240
f 476/1344 465/1300 494/1345
vt 0.63966 0.20041
f 491/960 455/1005 531/1346
vt 0.60162 0.03035
f 489/1341 456/1292 439/1347
vt 0.71170 0.94965
f 507/1215 463/1232 386/1348
vt 0.03182 0.53966
f 444/1008 571/1190 539/1349
vt 0.88928 0.86353
f 397/1255 515/1350 490/1209
f 397/1255 517/1340 515/1350
vt 0.84150 0.05731
f 450/1311 518/1351 481/1312
f 465/1300 453/1299 494/1345
vt 0.60553 0.03039
f 457/1275 536/1352 426/1276
vt 0.71095 0.94901
f 463/1232 504/1353 386/1348
vt 0.20261 0.30288
vt 0.20010 0.30369
f 435/1032 476/1354 618/1355
vt 0.60582 0.02057
f 446/1251 483/1265 544/1356
vt 0.94333 0.22704
vt 0.94464 0.22696
f 453/1278 512/1357 494/1358
vt 0.05694 0.43302
f 451/808 423/1166 523/1359
vt 0.72335 0.47810
vt 0.72209 0.47741
f 474/1199 493/1360 550/1361
vt 0.67692 0.98956
vt 0.67659 0.98912
vt 0.67692 0.98883
f 439/1362 505/1363 489/1364
f 495/1252 446/1251 544/1356
vt 0.23655 0.02537
f 467/551 677/1365 524/772
vt 0.98923 0.72256
vt 0.98923 0.72189
vt 0.98954 0.72231
f 426/1366 536/1367 514/1368
vt 0.35039 0.86287
vt 0.35101 0.86295
f 489/1326 505/1369 5769/1370
vt 0.72286 0.47801
f 493/1360 470/1371 550/1361
f 444/1008 539/1349 543/1330
vt 0.84238 0.05699
f 422/1138 518/1372 450/1098
vt 0.71232 0.53593
f 463/1167 469/1035 541/1373
vt 0.71420 0.53550
f 463/1167 541/1373 570/1374
vt 0.35062 0.84789
f 470/1297 482/1267 546/1375
vt 0.35067 0.84743
f 470/1297 546/1375 550/1376
vt 0.39043 0.68377
vt 0.38935 0.68196
f 477/1377 382/1023 549/1378
vt 0.60150 0.02228
f 440/1237 522/1236 558/1379
vt 0.98463 0.55364
vt 0.98446 0.55366
vt 0.98436 0.55295
f 386/1380 509/1381 507/1382
vt 0.98488 0.77648
vt 0.98428 0.77690
vt 0.98431 0.77660
f 469/1383 386/1384 504/1385
vt 0.68895 0.77608
f 386/1119 454/1089 509/1386
vt 0.98445 0.78313
vt 0.98471 0.78377
vt 0.98446 0.78408
f 5769/1387 505/1388 538/1389
vt 0.60191 0.03004
vt 0.60254 0.02998
f 439/1347 538/1390 511/1391
vt 0.98393 0.78121
vt 0.98381 0.78175
vt 0.98327 0.78177
f 439/1392 511/1393 505/1394
vt 0.05780 0.42583
f 460/1211 508/1395 506/1314
vt 0.18965 0.95998
vt 0.18952 0.96035
vt 0.18922 0.96004
f 482/1396 493/1397 546/1398
vt 0.22646 0.03647
f 330/613 502/1399 500/966
vt 0.22220 0.04014
f 500/966 629/1400 427/1070
f 435/1032 618/1355 468/923
vt 0.18835 0.96144
f 493/1397 417/1401 546/1398
vt 0.71149 0.53716
vt 0.71198 0.53692
f 469/1035 509/1402 541/1403
vt 0.38749 0.68132
f 382/1023 519/1404 549/1378
vt 0.73355 0.98954
vt 0.73378 0.98915
vt 0.73382 0.98941
f 469/1405 504/1406 509/1407
vt 0.49177 0.74861
f 491/1172 531/1408 604/1173
vt 0.72230 0.47673
f 474/1199 550/1361 498/1409
f 380/592 383/937 503/1113
f 331/798 572/1118 454/1089
f 330/613 635/1076 502/1399
vt 0.60573 0.02506
f 510/1268 581/1410 458/1284
vt 0.71025 0.94690
vt 0.71077 0.94609
f 504/1353 570/1411 650/1412
vt 0.47761 0.65957
f 473/1097 507/1303 504/1413
vt 0.35026 0.85635
f 501/1259 490/1307 515/1414
vt 0.71162 0.53789
vt 0.71165 0.53754
f 507/1415 509/1402 504/1416
f 473/1097 504/1413 525/1269
vt 0.35050 0.85579
f 516/1417 501/1259 515/1414
f 457/1275 458/1284 536/1352
vt 0.47289 0.65911
vt 0.47288 0.65533
f 475/753 637/1418 520/1419
vt 0.38328 0.67881
vt 0.38551 0.67877
vt 0.38508 0.68041
f 433/1420 497/1421 448/1422
vt 0.23966 0.96120
vt 0.23817 0.96166
f 496/1423 498/1291 550/1424
vt 0.49293 0.71595
vt 0.49236 0.71759
vt 0.49099 0.71693
f 486/1425 478/1426 534/1427
vt 0.05684 0.43175
f 451/808 523/1359 584/1428
vt 0.88376 0.32831
vt 0.88258 0.32835
f 520/1429 609/1430 472/1203
vt 0.10952 0.40497
f 480/1132 578/1431 432/1131
vt 0.18860 0.96013
f 417/1401 594/1432 546/1398
vt 0.68952 0.77472
f 454/1089 541/1433 509/1386
vt 0.97872 0.83428
vt 0.97936 0.83442
vt 0.97878 0.83533
f 447/1434 462/1435 529/1436
vt 0.05656 0.43520
f 423/1166 492/1437 523/1359
vt 0.29888 0.97603
vt 0.29757 0.97608
vt 0.29812 0.97548
f 449/1438 608/1439 512/1440
vt 0.71868 0.93798
f 420/1093 560/1441 430/1094
vt 0.29832 0.97726
f 449/1438 543/1442 608/1439
vt 0.98867 0.54653
vt 0.98895 0.54602
vt 0.98899 0.54641
f 440/1443 558/1444 532/1445
vt 0.20235 0.30417
f 476/1354 494/1446 618/1355
vt 0.05567 0.43069
f 451/808 584/1447 499/1134
vt 0.88924 0.86212
vt 0.88961 0.86207
f 516/1448 526/1449 517/1340
vt 0.05641 0.43314
vt 0.05627 0.43516
vt 0.05527 0.43475
f 523/1450 492/1451 621/1452
vt 0.60610 0.01492
f 496/1264 537/1453 483/1265
f 475/753 525/1269 637/1418
vt 0.05582 0.42898
f 499/1134 584/1447 545/1454
vt 0.92465 0.44940
vt 0.92381 0.44959
vt 0.92449 0.44793
f 430/1455 560/1456 521/1457
vt 0.23899 0.96010
f 496/1423 550/1424 537/1458
vt 0.72750 0.77881
vt 0.72647 0.77998
f 481/1459 560/1460 420/1305
f 447/1169 621/1452 492/1451
vt 0.71328 0.53403
f 570/1374 541/1373 613/1461
vt 0.03048 0.97879
vt 0.03065 0.97975
vt 0.03034 0.98015
f 518/1462 5770/1463 552/1464
vt 0.84123 0.05938
f 518/1351 552/1465 481/1312
vt 0.19861 0.30113
f 518/1316 468/923 5770/1466
vt 0.11026 0.40369
f 480/1132 514/1338 578/1467
vt 0.98377 0.78228
f 511/1393 530/1468 505/1394
vt 0.05030 0.74346
vt 0.05094 0.74329
vt 0.05053 0.74443
f 522/1469 561/1470 558/1471
vt 0.21927 0.04200
f 427/1070 629/1400 571/1472
vt 0.47494 0.66112
f 504/1413 650/1473 525/1269
vt 0.96806 0.30244
vt 0.96908 0.30215
vt 0.96916 0.30375
f 514/1474 536/1475 542/1476
f 510/1268 495/1252 581/1410
vt 0.68385 0.76629
f 477/1117 549/1477 588/1260
vt 0.24887 0.01290
f 383/937 658/1478 503/1113
f 454/1089 572/1118 541/1433
vt 0.05631 0.42061
f 567/1318 577/1479 478/1170
vt 0.05525 0.42181
f 567/1318 648/1480 577/1479
vt 0.88925 0.86144
vt 0.88949 0.86145
f 516/1448 528/1481 527/1482
vt 0.99192 0.69928
vt 0.99179 0.69948
vt 0.99176 0.69881
f 516/1483 515/1484 528/1485
f 516/1448 527/1482 526/1449
vt 0.98726 0.81963
vt 0.98723 0.82031
vt 0.98713 0.82031
f 528/1486 515/1487 526/1488
vt 0.98682 0.81985
f 528/1486 526/1488 586/1489
vt 0.98691 0.81957
f 528/1486 586/1489 559/1490
vt 0.99356 0.31530
vt 0.99358 0.31576
vt 0.99342 0.31570
f 528/1491 559/1492 527/1493
vt 0.91933 0.10218
vt 0.92034 0.10336
f 567/1494 506/1274 556/1495
vt 0.25933 0.00313
f 432/1162 667/1496 395/1116
vt 0.05549 0.43921
vt 0.05528 0.43722
f 521/1497 529/1498 462/1201
vt 0.72637 0.48491
vt 0.72642 0.48569
vt 0.72543 0.48482
f 522/1499 532/1500 561/1501
vt 0.83221 0.36205
vt 0.83361 0.36213
vt 0.83200 0.36395
f 458/1502 554/1503 536/1504
vt 0.94397 0.22605
f 512/1357 608/1505 494/1358
vt 0.49133 0.71433
f 534/1427 533/1506 486/1425
vt 0.34993 0.86319
vt 0.35007 0.86226
f 505/1369 530/1507 538/1508
vt 0.38913 0.68002
vt 0.38999 0.68083
f 519/1404 534/1509 579/1510
f 519/1404 579/1510 549/1378
vt 0.97625 0.47193
vt 0.97569 0.47236
vt 0.97570 0.47164
f 499/1511 545/1512 508/1513
vt 0.38734 0.67916
f 519/1404 448/1422 533/1514
f 519/1404 533/1514 534/1509
f 447/1169 529/1498 621/1452
f 448/1422 497/1421 533/1514
vt 0.83979 0.05974
f 481/1312 552/1465 580/1515
vt 0.34969 0.86329
f 530/1507 547/1516 538/1508
vt 0.49201 0.71948
f 478/1426 577/1517 534/1427
vt 0.05493 0.43265
f 523/1450 621/1452 535/1518
f 523/1450 535/1518 584/1447
vt 0.99035 0.78194
vt 0.99038 0.78224
vt 0.99023 0.78266
f 527/1519 586/1520 526/1521
vt 0.34964 0.86301
f 538/1508 547/1516 511/1522
vt 0.99440 0.26177
vt 0.99444 0.26177
vt 0.99440 0.26190
f 515/1523 517/1524 526/1525
vt 0.92363 0.44681
f 521/1457 560/1456 620/1526
vt 0.99079 0.98910
vt 0.99082 0.98968
vt 0.99058 0.98935
f 532/1527 558/1528 557/1529
vt 0.96850 0.30370
f 514/1474 542/1476 578/1530
vt 0.03142 0.53805
vt 0.03002 0.53887
f 543/1531 539/1349 601/1532
vt 0.05201 0.74413
f 561/1470 587/1533 558/1471
vt 0.05493 0.43119
f 584/1447 535/1518 610/1534
vt 0.05499 0.43815
f 521/1497 620/1535 529/1498
vt 0.23296 0.02975
f 488/1040 576/1536 635/1076
vt 0.71042 0.00303
f 540/1176 513/1033 646/1537
vt 0.20192 0.82686
vt 0.20268 0.82728
vt 0.20174 0.82718
f 511/1538 555/1539 530/1540
vt 0.05569 0.42834
vt 0.05609 0.42566
f 508/1395 545/1541 556/1542
vt 0.48564 0.74383
f 513/1174 604/1173 646/1543
vt 0.64374 0.20563
f 472/1301 609/1544 437/1160
f 506/1314 508/1395 556/1542
f 383/937 615/1205 658/1478
f 467/551 574/1239 677/1365
vt 0.48770 0.74940
f 604/1173 531/1408 836/1545
vt 0.05176 0.74306
f 561/1470 559/1546 587/1533
vt 0.72589 0.48657
f 532/1500 557/1547 561/1501
vt 0.19929 0.30287
f 468/923 591/1548 5770/1466
vt 0.72762 0.49264
vt 0.72730 0.49355
vt 0.72594 0.49269
f 511/1549 547/1550 592/1551
vt 0.72729 0.49229
f 511/1549 592/1551 555/1552
f 618/1355 591/1548 468/923
f 500/966 502/1399 629/1400
vt 0.72389 0.48362
vt 0.72461 0.48451
vt 0.72414 0.48536
f 548/1553 559/1554 586/1555
f 524/772 677/1365 488/1040
vt 0.83325 0.36452
f 536/1504 554/1503 607/1556
vt 0.05532 0.42491
vt 0.05371 0.42615
f 567/1318 556/1557 564/1558
vt 0.72315 0.48366
f 548/1553 586/1555 585/1559
vt 0.72301 0.48177
f 548/1553 585/1559 600/1560
vt 0.30766 0.97655
vt 0.30656 0.97622
vt 0.30778 0.97561
f 543/1561 601/1562 551/1563
vt 0.83223 0.35267
vt 0.83479 0.35459
vt 0.83195 0.35687
f 544/1564 627/1565 495/1566
vt 0.97203 0.70705
vt 0.97236 0.70538
vt 0.97272 0.70716
f 548/1567 600/1568 568/1569
vt 0.97256 0.70786
f 548/1567 568/1569 559/1570
vt 0.20195 0.82792
f 530/1540 555/1539 547/1571
vt 0.96997 0.30282
f 536/1475 607/1572 542/1476
vt 0.23808 0.96006
f 537/1458 550/1424 593/1573
vt 0.83288 0.35815
f 458/1502 581/1574 554/1503
vt 0.05466 0.43532
f 621/1452 529/1498 620/1575
vt 0.98802 0.43677
vt 0.98777 0.43733
vt 0.98780 0.43685
f 559/1576 561/1577 527/1578
vt 0.83231 0.34844
vt 0.83302 0.34990
vt 0.83152 0.35005
f 537/1579 598/1580 483/1581
vt 0.72822 0.78189
f 481/1459 580/1582 560/1460
vt 0.64270 0.20563
f 437/1160 609/1544 602/1583
vt 0.68633 0.76610
f 549/1477 642/1584 588/1260
vt 0.27557 0.93374
vt 0.27439 0.93134
vt 0.27580 0.92973
f 562/1585 573/1586 566/1587
vt 0.78075 0.50197
vt 0.78161 0.49960
vt 0.78352 0.50154
f 562/1588 655/1589 569/1590
vt 0.27566 0.93642
vt 0.27440 0.93477
f 569/1591 583/1592 562/1585
vt 0.70876 0.00721
f 417/1245 540/1176 594/1593
vt 0.27459 0.92937
f 566/1587 573/1586 558/1594
vt 0.72237 0.47847
vt 0.72249 0.48006
vt 0.72082 0.47912
f 546/1595 594/1596 593/1597
vt 0.99203 0.59300
vt 0.99176 0.59321
vt 0.99176 0.59275
f 527/1598 561/1599 586/1600
f 562/1585 583/1592 573/1586
f 546/1595 593/1597 550/1361
vt 0.77662 0.50139
vt 0.77824 0.49815
f 566/1601 631/1602 562/1588
vt 0.20607 0.82223
vt 0.20714 0.82139
vt 0.20514 0.82371
f 557/1603 558/1604 573/1605
vt 0.39246 0.67935
vt 0.39174 0.68096
f 579/1510 582/1606 553/1607
vt 0.72630 0.49434
f 547/1550 597/1608 592/1551
vt 0.71010 0.00531
f 540/1176 563/1609 594/1593
f 562/1588 631/1602 655/1589
vt 0.04976 0.74595
vt 0.04989 0.74724
f 566/1610 558/1471 617/1611
f 540/1176 646/1537 563/1609
vt 0.25940 0.00061
f 432/1162 625/1612 667/1496
f 558/1471 587/1533 617/1611
f 534/1509 582/1606 579/1510
vt 0.72677 0.49117
f 555/1552 592/1551 583/1613
vt 0.77599 0.49981
f 566/1601 617/1614 631/1602
vt 0.72694 0.78242
f 580/1582 641/1615 560/1460
vt 0.68509 0.76596
f 549/1477 579/1616 642/1584
vt 0.49044 0.71955
f 577/1517 582/1617 534/1427
vt 0.27523 0.93673
vt 0.27459 0.93644
f 569/1591 565/1618 555/1619
f 569/1591 555/1619 583/1592
vt 0.97437 0.78319
vt 0.97483 0.78374
vt 0.97453 0.78398
f 543/1620 551/1621 608/1622
f 483/1581 598/1580 544/1564
vt 0.03263 0.54304
f 539/1349 571/1190 596/1623
vt 0.70621 0.01192
vt 0.70717 0.01088
vt 0.70737 0.01207
f 559/1624 568/1625 585/1626
vt 0.64131 0.20679
f 602/1583 654/1627 437/1160
vt 0.05468 0.42670
f 556/1542 545/1541 589/1628
vt 0.72602 0.48857
vt 0.72446 0.48733
f 557/1547 573/1629 603/1630
vt 0.20239 0.30644
vt 0.20039 0.30552
f 494/1446 608/1631 632/1632
f 494/1446 632/1632 618/1355
vt 0.83413 0.35685
f 495/1566 627/1565 595/1633
vt 0.72451 0.48542
vt 0.72451 0.48717
f 586/1634 561/1501 603/1635
f 495/1566 595/1633 581/1574
vt 0.72469 0.48981
f 583/1613 592/1551 612/1636
vt 0.39340 0.68020
f 553/1607 582/1606 605/1637
vt 0.91935 0.10526
vt 0.92068 0.10512
f 564/1638 556/1495 589/1639
vt 0.97448 0.48982
vt 0.97501 0.49100
vt 0.97400 0.49121
f 578/1640 542/1641 611/1642
vt 0.05502 0.42980
vt 0.05436 0.42979
f 545/1541 584/1643 610/1644
f 557/1547 603/1635 561/1501
vt 0.83353 0.34896
f 537/1579 593/1645 598/1580
f 573/1629 583/1613 612/1636
vt 0.20161 0.82789
vt 0.20282 0.82856
vt 0.20146 0.82871
f 547/1646 565/1647 597/1648
vt 0.72317 0.48498
f 586/1555 614/1649 585/1559
vt 0.05310 0.74735
f 587/1533 590/1650 617/1611
vt 0.83413 0.36427
f 607/1556 554/1503 597/1651
vt 0.69010 0.77269
f 572/1118 613/1652 541/1433
vt 0.05365 0.42373
f 567/1318 622/1653 648/1480
vt 0.72269 0.48690
f 603/1630 595/1654 586/1555
vt 0.47138 0.65582
vt 0.47090 0.65828
f 520/1655 637/1418 660/1656
vt 0.88289 0.33197
vt 0.88242 0.33048
f 520/1429 660/1657 649/1658
vt 0.71519 0.53285
f 570/1374 613/1461 657/1659
vt 0.64065 0.20403
f 437/1160 616/1660 531/1319
vt 0.05328 0.74294
f 559/1546 614/1661 587/1533
vt 0.70762 0.01285
f 559/1624 585/1626 614/1662
vt 0.83494 0.36311
f 597/1651 554/1503 592/1663
vt 0.70730 0.00996
vt 0.70807 0.01020
f 568/1625 600/1664 636/1665
vt 0.70798 0.01083
f 568/1625 636/1665 585/1666
vt 0.72252 0.48109
f 594/1596 606/1667 593/1597
vt 0.84244 0.05983
vt 0.84247 0.06088
f 552/1465 591/1668 638/1669
f 573/1629 612/1636 603/1630
f 564/1558 622/1653 567/1318
f 437/1160 654/1627 616/1660
vt 0.10916 0.40622
f 578/1431 599/1670 432/1131
vt 0.83476 0.36005
f 581/1574 612/1671 554/1503
vt 0.97879 0.50354
vt 0.97922 0.50243
vt 0.97924 0.50330
f 606/1672 594/1673 636/1674
f 545/1541 610/1644 589/1628
vt 0.72200 0.48293
f 600/1560 585/1559 626/1675
f 547/1571 555/1539 565/1647
vt 0.98411 0.54192
vt 0.98366 0.54260
vt 0.98340 0.54194
f 539/1676 619/1677 601/1678
f 572/1118 588/1260 613/1652
vt 0.93631 0.91234
vt 0.93586 0.91099
vt 0.93714 0.91102
f 570/1679 657/1680 650/1681
vt 0.10703 0.40752
f 432/1131 599/1670 625/1682
f 488/1040 677/1365 576/1536
vt 0.70827 0.00894
f 600/1664 606/1683 636/1665
vt 0.84105 0.05998
vt 0.84121 0.06216
f 580/1515 552/1684 653/1685
f 600/1560 626/1675 606/1667
vt 0.49176 0.75147
f 531/1408 616/1686 836/1545
vt 0.20290 0.30706
vt 0.20214 0.30859
f 551/1687 671/1688 608/1631
vt 0.83448 0.35309
f 627/1565 544/1564 626/1689
vt 0.52267 0.93024
vt 0.52102 0.93341
vt 0.52129 0.92965
f 569/1690 634/1691 565/1692
vt 0.88261 0.32913
f 520/1429 649/1658 609/1693
vt 0.71011 0.00754
vt 0.70906 0.00894
f 594/1593 672/1694 636/1695
vt 0.83393 0.35236
f 544/1564 598/1580 626/1696
vt 0.03001 0.54173
vt 0.03079 0.54038
f 539/1349 647/1697 619/1698
vt 0.49153 0.72182
f 577/1517 648/1699 582/1617
vt 0.22103 0.04484
f 629/1400 639/1700 571/1472
vt 0.72082 0.48146
f 606/1667 626/1675 598/1701
f 581/1574 595/1633 612/1671
vt 0.05433 0.43292
vt 0.05239 0.43224
f 535/1702 661/1703 610/1644
vt 0.83978 0.06255
f 580/1515 653/1685 717/1704
f 592/1663 554/1503 612/1671
vt 0.97491 0.80422
vt 0.97513 0.80562
vt 0.97422 0.80545
f 607/1705 611/1706 542/1707
vt 0.72280 0.48531
f 595/1654 614/1708 586/1555
vt 0.68852 0.76614
f 588/1260 642/1584 685/1709
vt 0.63983 0.20523
f 616/1660 654/1627 782/1710
vt 0.72036 0.48025
f 598/1711 593/1597 606/1667
vt 0.21962 0.04587
f 571/1472 639/1700 712/1712
vt 0.11069 0.40590
f 599/1670 578/1431 628/1713
f 594/1593 563/1609 672/1694
vt 0.77265 0.06019
vt 0.77243 0.06135
vt 0.77216 0.06000
f 585/1714 636/1715 626/1716
vt 0.48893 0.71772
vt 0.48914 0.71886
vt 0.48618 0.71826
f 579/1717 553/1718 684/1719
vt 0.48597 0.71692
f 579/1717 684/1719 659/1720
vt 0.17067 0.27442
vt 0.16814 0.27468
vt 0.16891 0.27260
f 597/1721 686/1722 607/1723
vt 0.71219 0.00401
f 563/1609 646/1537 741/1724
vt 0.83433 0.35578
f 595/1633 627/1565 614/1725
f 612/1636 595/1654 603/1630
vt 0.98450 0.79844
vt 0.98477 0.79926
vt 0.98432 0.79920
f 552/1726 638/1727 653/1728
vt 0.48770 0.71877
f 553/1718 605/1729 684/1719
vt 0.03447 0.54446
f 571/1190 712/1730 596/1623
vt 0.98628 0.48925
vt 0.98590 0.48878
vt 0.98632 0.48815
f 591/1731 618/1732 662/1733
vt 0.19900 0.30453
vt 0.19848 0.30370
f 591/1548 662/1734 638/1735
vt 0.39497 0.67931
f 605/1637 582/1606 643/1736
vt 0.24889 0.01614
f 503/1113 658/1478 669/1737
vt 0.92037 0.10690
f 564/1638 589/1639 624/1738
vt 0.78353 0.49663
f 655/1589 694/1739 569/1590
vt 0.96023 0.08082
vt 0.95947 0.08191
vt 0.95882 0.08042
f 601/1740 619/1741 551/1742
vt 0.05417 0.43834
vt 0.05443 0.44205
vt 0.05176 0.44069
f 620/1743 560/1744 640/1745
vt 0.64377 0.20714
vt 0.64234 0.20648
f 602/1583 649/1746 654/1747
f 602/1583 609/1544 649/1746
vt 0.05404 0.43506
f 535/1702 621/1748 661/1703
vt 0.72763 0.78471
f 580/1582 717/1749 641/1615
vt 0.05200 0.43681
f 620/1743 640/1745 633/1750
vt 0.19954 0.30492
f 632/1632 662/1751 618/1355
vt 0.05174 0.42596
f 622/1653 564/1558 623/1752
vt 0.03127 0.54269
f 539/1349 683/1753 647/1697
vt 0.05310 0.42885
f 589/1628 610/1644 624/1754
f 503/1113 669/1737 575/1293
f 395/1116 667/1496 645/1186
vt 0.26336 0.00070
f 625/1612 706/1755 667/1496
vt 0.90628 0.49131
vt 0.90580 0.48829
vt 0.90682 0.48917
f 579/1756 659/1757 642/1758
vt 0.98063 0.54650
vt 0.98045 0.54775
vt 0.97984 0.54669
f 578/1759 668/1760 628/1761
f 539/1349 596/1623 683/1753
vt 0.52088 0.93213
f 565/1692 634/1691 704/1762
vt 0.97893 0.01102
vt 0.97954 0.01028
vt 0.97938 0.01142
f 619/1763 647/1764 664/1765
vt 0.20306 0.82989
f 565/1647 651/1766 597/1648
vt 0.49009 0.72208
f 582/1617 648/1699 643/1767
vt 0.95869 0.08246
f 551/1742 619/1741 671/1768
vt 0.05148 0.44263
f 560/1744 641/1769 640/1745
vt 0.16725 0.27002
vt 0.16708 0.27203
vt 0.16480 0.27152
f 578/1770 611/1771 668/1772
vt 0.05230 0.42848
vt 0.05142 0.42897
f 564/1558 624/1773 630/1774
vt 0.71152 0.00601
f 563/1609 678/1775 672/1694
vt 0.77609 0.49513
f 617/1614 695/1776 631/1602
vt 0.47144 0.66041
f 637/1418 674/1777 660/1656
f 620/1743 633/1750 621/1748
vt 0.24296 0.02339
f 677/1365 574/1239 794/1778
f 607/1723 686/1722 611/1771
f 661/1703 621/1748 633/1750
vt 0.70848 0.01317
vt 0.70835 0.01468
f 614/1662 627/1779 682/1780
vt 0.05484 0.74361
f 614/1661 682/1781 587/1533
vt 0.77065 0.06099
f 636/1715 656/1782 626/1716
f 563/1609 741/1724 678/1775
f 525/1269 650/1473 637/1418
vt 0.10875 0.40833
f 625/1682 599/1670 663/1783
vt 0.05165 0.43072
f 610/1644 661/1703 665/1784
f 610/1644 665/1784 624/1754
vt 0.52289 0.93468
f 569/1690 694/1785 634/1691
vt 0.20436 0.83101
f 565/1647 704/1786 651/1766
f 564/1558 630/1774 623/1752
vt 0.48771 0.75309
f 616/1686 792/1787 836/1545
vt 0.91951 0.10797
vt 0.92036 0.10713
vt 0.92060 0.10889
f 630/1788 624/1789 665/1790
vt 0.70915 0.01132
vt 0.71027 0.01189
f 626/1791 656/1792 627/1779
vt 0.16951 0.27606
f 597/1721 670/1793 686/1722
vt 0.99261 0.70453
vt 0.99247 0.70494
vt 0.99247 0.70424
f 653/1794 638/1795 662/1796
vt 0.05274 0.75088
vt 0.04994 0.75194
f 617/1611 772/1797 695/1798
vt 0.22493 0.04360
f 629/1400 789/1799 639/1700
vt 0.17123 0.27685
f 597/1721 651/1800 670/1793
f 608/1631 671/1688 632/1632
vt 0.49082 0.75508
f 616/1686 782/1801 792/1787
vt 0.48771 0.72043
vt 0.48849 0.72458
vt 0.48601 0.72180
f 643/1802 673/1803 697/1804
vt 0.48819 0.71985
f 643/1802 697/1804 605/1805
vt 0.91922 0.10908
f 630/1788 665/1790 681/1806
vt 0.88377 0.33286
vt 0.88290 0.33400
f 674/1807 652/1808 660/1657
f 617/1611 590/1650 772/1797
f 643/1767 648/1699 673/1803
vt 0.97679 0.21710
vt 0.97583 0.21676
vt 0.97654 0.21583
f 599/1809 628/1810 668/1811
vt 0.16508 0.26964
vt 0.16345 0.26986
f 599/1812 668/1772 663/1813
f 574/1239 575/1293 794/1778
vt 0.90648 0.48695
f 642/1758 659/1757 685/1814
vt 0.95992 0.08292
f 619/1741 664/1815 671/1768
vt 0.23439 0.03304
f 576/1536 726/1816 635/1076
vt 0.64447 0.20925
vt 0.64298 0.20909
f 649/1746 660/1817 676/1818
vt 0.48632 0.71849
f 605/1805 697/1804 684/1819
vt 0.48468 0.71789
f 659/1720 684/1719 778/1820
vt 0.77213 0.06348
f 636/1715 705/1821 656/1782
vt 0.05430 0.74490
f 587/1533 682/1781 688/1822
vt 0.69036 0.76980
f 613/1652 588/1260 713/1823
vt 0.71427 0.53218
f 613/1461 713/1824 657/1659
vt 0.04975 0.43044
vt 0.04913 0.42792
f 681/1825 754/1826 630/1774
vt 0.49193 0.72375
f 648/1699 622/1827 673/1803
vt 0.05051 0.43401
f 661/1703 633/1750 777/1828
vt 0.17135 0.27868
f 651/1800 704/1829 670/1793
vt 0.93690 0.90944
f 657/1680 690/1830 650/1681
vt 0.10869 0.41048
f 625/1682 663/1783 736/1831
vt 0.10673 0.41086
f 625/1682 736/1831 706/1832
vt 0.23880 0.02904
f 677/1365 794/1778 644/1833
vt 0.03174 0.54596
f 596/1623 712/1730 868/1834
vt 0.49150 0.72626
f 622/1827 623/1835 673/1803
f 587/1533 688/1822 590/1650
vt 0.25294 0.01520
f 615/1205 855/1836 658/1478
f 677/1365 644/1833 576/1536
vt 0.16385 0.27296
f 611/1771 686/1722 711/1837
vt 0.22844 0.03980
f 502/1399 742/1838 629/1400
vt 0.05026 0.42753
f 630/1774 754/1826 679/1839
f 630/1774 679/1839 623/1752
vt 0.05024 0.44085
vt 0.04994 0.43765
f 640/1745 814/1840 813/1841
f 640/1745 813/1841 633/1750
vt 0.72543 0.56277
vt 0.72523 0.56055
vt 0.72809 0.56279
f 705/1842 636/1843 666/1844
vt 0.19787 0.30707
vt 0.19892 0.30551
f 632/1632 752/1845 662/1846
vt 0.04994 0.44264
f 641/1769 675/1847 640/1745
f 576/1536 644/1833 726/1816
vt 0.72812 0.56058
f 636/1843 672/1848 666/1844
f 655/1589 631/1602 694/1739
f 663/1813 668/1772 711/1837
vt 0.23165 0.03666
f 726/1816 862/1849 635/1076
vt 0.71323 0.00487
f 741/1724 809/1850 678/1775
vt 0.64246 0.20771
f 649/1746 676/1818 654/1851
vt 0.70980 0.01559
f 682/1780 627/1779 723/1852
vt 0.25596 0.01150
f 645/1186 805/1853 615/1205
vt 0.72610 0.78453
f 717/1749 675/1854 641/1615
vt 0.10984 0.40911
f 663/1783 708/1855 736/1831
vt 0.72989 0.56048
f 672/1848 678/1856 666/1844
vt 0.98690 0.62061
vt 0.98715 0.62139
vt 0.98672 0.62139
f 686/1857 670/1858 692/1859
vt 0.71491 0.53120
vt 0.71566 0.53149
f 657/1659 713/1860 696/1861
vt 0.25963 0.00978
f 667/1496 1121/1862 645/1186
vt 0.05032 0.43136
f 661/1703 703/1863 665/1784
vt 0.47230 0.66276
f 650/1473 690/1864 637/1418
vt 0.95869 0.08366
f 664/1815 750/1865 671/1768
vt 0.05016 0.43650
f 633/1750 761/1866 777/1828
f 635/1076 862/1849 502/1399
f 633/1750 813/1841 761/1866
f 632/1632 671/1688 752/1845
vt 0.88374 0.33438
vt 0.88380 0.33581
f 674/1867 687/1868 652/1808
f 675/1847 814/1840 640/1745
vt 0.03123 0.54294
f 596/1623 868/1834 683/1869
f 627/1779 656/1792 723/1852
vt 0.24819 0.02102
f 669/1737 854/1870 575/1293
vt 0.97069 0.93610
vt 0.97093 0.93715
vt 0.97015 0.93732
f 657/1871 696/1872 690/1873
vt 0.96020 0.08390
vt 0.95939 0.08375
f 664/1815 647/1874 683/1875
vt 0.48313 0.74768
f 646/1543 604/1173 745/1876
vt 0.48351 0.74422
f 646/1543 745/1876 741/1877
vt 0.92275 0.05538
vt 0.92218 0.05621
vt 0.92046 0.05474
f 665/1878 703/1879 681/1880
f 664/1815 683/1875 750/1865
vt 0.04881 0.42974
f 681/1825 811/1881 754/1826
f 502/1399 862/1849 742/1838
vt 0.93107 0.03560
vt 0.92921 0.03559
vt 0.92820 0.03380
f 717/1882 653/1883 702/1884
vt 0.89653 0.61572
vt 0.89656 0.61856
vt 0.89561 0.61562
f 682/1885 720/1886 688/1887
f 611/1771 711/1837 668/1772
f 615/1205 805/1853 855/1836
vt 0.20033 0.31071
f 671/1688 798/1888 752/1845
vt 0.03023 0.54452
f 683/1869 868/1834 763/1889
vt 0.06209 0.41856
vt 0.06231 0.42022
vt 0.06030 0.42026
f 691/1890 680/1891 725/1892
vt 0.92846 0.45110
vt 0.92831 0.44950
vt 0.92986 0.45005
f 691/1893 689/1894 701/1895
vt 0.89592 0.61991
f 720/1886 693/1896 688/1887
vt 0.73018 0.56392
f 666/1844 678/1856 732/1897
f 637/1418 690/1864 674/1777
vt 0.64425 0.21107
f 660/1817 652/1898 676/1818
vt 0.76783 0.06315
f 656/1782 705/1821 858/1899
vt 0.64005 0.20926
vt 0.63910 0.20816
f 654/1627 776/1900 782/1901
vt 0.97723 0.13323
vt 0.97808 0.13339
vt 0.97759 0.13450
f 683/1902 763/1903 750/1904
vt 0.47104 0.66228
f 674/1777 690/1864 687/1905
f 658/1478 855/1836 669/1737
vt 0.92829 0.45330
vt 0.92910 0.45450
vt 0.92826 0.45484
f 680/1906 696/1907 713/1908
f 661/1703 777/1828 703/1863
vt 0.93073 0.03256
f 717/1882 702/1884 802/1909
vt 0.92804 0.03526
f 662/1910 702/1884 653/1883
vt 0.92993 0.45382
f 680/1906 710/1911 696/1907
vt 0.86116 0.90303
vt 0.86179 0.90443
vt 0.86071 0.90622
f 678/1912 809/1913 732/1914
vt 0.05431 0.74609
f 688/1822 699/1915 590/1650
vt 0.70751 0.01924
f 682/1780 723/1852 720/1916
vt 0.49006 0.72672
f 623/1835 722/1917 673/1803
vt 0.70547 0.02104
vt 0.70636 0.01918
f 720/1916 692/1918 693/1919
vt 0.70557 0.02279
f 720/1916 686/1920 692/1918
vt 0.06043 0.41865
f 691/1890 725/1892 719/1921
vt 0.88303 0.33594
f 652/1808 687/1868 733/1922
vt 0.77946 0.49389
f 695/1776 729/1923 631/1602
vt 0.48952 0.72656
vt 0.48802 0.72697
f 673/1803 722/1924 765/1925
vt 0.16217 0.26978
vt 0.16216 0.27141
f 708/1926 663/1813 784/1927
vt 0.52204 0.93578
f 694/1785 718/1928 634/1691
vt 0.64272 0.21154
f 676/1818 652/1898 709/1929
f 645/1186 1121/1862 805/1853
vt 0.89615 0.62435
vt 0.89423 0.62422
vt 0.89569 0.62318
f 670/1930 751/1931 692/1932
vt 0.89424 0.62151
f 693/1896 692/1932 715/1933
vt 0.47092 0.66343
f 687/1905 690/1864 710/1934
vt 0.06162 0.41706
vt 0.06005 0.41509
vt 0.06167 0.41495
f 689/1935 785/1936 700/1937
vt 0.03003 0.94849
vt 0.03022 0.94735
vt 0.03042 0.94936
f 737/1938 698/1939 721/1940
vt 0.64165 0.20910
f 654/1627 676/1941 776/1900
vt 0.02976 0.95101
vt 0.03015 0.95119
f 710/1942 721/1940 687/1943
f 693/1896 715/1933 688/1887
f 692/1932 751/1931 715/1933
vt 0.93004 0.45243
f 691/1893 770/1944 680/1906
vt 0.62472 0.95973
vt 0.62567 0.96089
vt 0.62443 0.96091
f 694/1945 755/1946 758/1947
vt 0.46950 0.66280
vt 0.46878 0.66335
f 721/1948 710/1934 737/1949
vt 0.49086 0.72732
f 623/1835 679/1950 722/1917
vt 0.92858 0.44787
f 689/1894 700/1951 701/1895
vt 0.46673 0.66257
vt 0.46677 0.66359
vt 0.46531 0.66288
f 698/1952 701/1953 753/1954
f 737/1949 701/1953 698/1952
vt 0.89406 0.61824
vt 0.89389 0.61613
f 688/1887 774/1955 699/1956
vt 0.78349 0.49388
f 694/1739 729/1923 755/1957
f 688/1887 715/1933 774/1955
vt 0.20260 0.31145
f 671/1688 750/1958 798/1888
f 694/1739 631/1602 729/1923
vt 0.92995 0.44857
f 700/1951 716/1959 701/1895
vt 0.06125 0.42193
f 680/1891 713/1960 725/1892
vt 0.48403 0.71923
f 684/1819 697/1804 778/1961
vt 0.97839 0.13410
f 750/1904 763/1903 707/1962
vt 0.92021 0.05587
vt 0.92051 0.05667
f 811/1963 681/1880 744/1964
vt 0.92054 0.05723
f 703/1879 744/1965 681/1880
vt 0.48245 0.71762
f 778/1820 851/1966 659/1720
vt 0.69041 0.76777
f 588/1260 685/1709 725/1967
vt 0.11127 0.40981
f 708/1855 760/1968 736/1831
vt 0.78431 0.49450
vt 0.78469 0.49569
f 694/1739 758/1969 718/1970
f 663/1813 711/1837 784/1927
f 629/1400 742/1838 789/1799
f 604/1173 836/1545 745/1876
vt 0.93009 0.45279
f 680/1906 770/1944 710/1971
f 588/1260 725/1967 713/1823
vt 0.97073 0.93809
f 696/1872 735/1972 690/1873
vt 0.98749 0.12675
vt 0.98786 0.12718
vt 0.98742 0.12738
f 696/1973 710/1974 735/1975
vt 0.03425 0.54799
f 868/1834 712/1730 820/1976
vt 0.19652 0.30620
f 662/1846 752/1845 702/1977
vt 0.05578 0.74850
f 699/1915 835/1978 590/1650
vt 0.76688 0.06146
f 656/1782 858/1899 876/1979
vt 0.47165 0.66322
vt 0.47157 0.66405
f 690/1980 714/1981 710/1934
vt 0.16826 0.27826
f 670/1793 704/1829 751/1982
vt 0.16615 0.27549
f 686/1722 771/1983 711/1837
vt 0.04733 0.42986
vt 0.04709 0.42844
f 754/1826 811/1984 879/1985
vt 0.48928 0.72734
f 722/1924 834/1986 765/1925
vt 0.92950 0.44758
f 700/1951 724/1987 716/1959
vt 0.03130 0.95072
f 687/1943 721/1940 733/1988
vt 0.03065 0.94558
vt 0.03106 0.94685
f 698/1939 753/1989 740/1990
f 698/1939 740/1990 721/1940
vt 0.71143 0.01468
f 723/1852 656/1792 764/1991
vt 0.97457 0.16306
vt 0.97503 0.16428
vt 0.97413 0.16430
f 700/1992 785/1993 724/1994
vt 0.98715 0.21253
vt 0.98672 0.21196
vt 0.98741 0.21196
f 722/1995 679/1996 728/1997
vt 0.46530 0.66362
f 753/1954 701/1953 716/1998
f 691/1890 719/1921 689/1935
vt 0.06071 0.41730
f 689/1935 739/1999 785/1936
vt 0.78629 0.64801
vt 0.78582 0.64760
vt 0.78621 0.64662
f 679/2000 754/2001 728/2002
vt 0.70733 0.02341
f 686/1920 720/1916 771/2003
vt 0.46837 0.66428
f 737/1949 738/2004 701/1953
vt 0.69026 0.76614
f 685/1709 719/2005 725/1967
vt 0.72568 0.56536
f 705/1842 666/1844 747/2006
vt 0.46920 0.66376
f 710/1934 770/2007 737/1949
vt 0.70912 0.01911
f 720/1916 723/1852 797/2008
vt 0.70735 0.97678
vt 0.70666 0.97733
vt 0.70681 0.97587
f 708/2009 784/2010 760/2011
vt 0.20663 0.83130
vt 0.20693 0.83285
f 704/1786 634/2012 882/2013
vt 0.77325 0.96281
vt 0.77236 0.96287
vt 0.77341 0.96150
f 709/2014 776/2015 676/2016
vt 0.26509 0.00248
f 706/1755 823/2017 667/1496
vt 0.93013 0.45130
f 691/1893 701/1895 738/2018
f 854/1870 794/1778 575/1293
vt 0.16537 0.27669
f 711/1837 771/1983 838/2019
vt 0.10882 0.41219
f 736/1831 727/2020 706/1832
vt 0.90552 0.48468
vt 0.90722 0.48447
f 685/1814 748/2021 719/2022
vt 0.20760 0.83225
f 634/2012 718/2023 882/2013
vt 0.91726 0.16676
vt 0.91587 0.16683
vt 0.91720 0.16497
f 730/2024 734/2025 767/2026
vt 0.78534 0.49459
f 718/1970 758/1969 787/2027
vt 0.91728 0.16274
vt 0.91535 0.16310
f 731/2028 767/2026 743/2029
vt 0.11092 0.41076
f 736/1831 760/1968 824/2030
vt 0.04887 0.42396
vt 0.05017 0.42628
f 754/1826 852/2031 728/2032
vt 0.72572 0.84910
vt 0.72491 0.85183
vt 0.72442 0.84963
f 703/2033 777/2034 759/2035
vt 0.72437 0.84906
f 703/2033 759/2035 749/2036
vt 0.06044 0.41828
f 689/1935 719/1921 791/2037
vt 0.53229 0.74154
vt 0.53263 0.74199
vt 0.53236 0.74204
f 690/2038 735/2039 714/2040
f 767/2026 734/2025 743/2029
vt 0.77631 0.49246
f 695/1776 819/2041 729/1923
vt 0.77939 0.49253
f 729/1923 819/2041 853/2042
vt 0.92267 0.05759
f 703/1879 749/2043 744/1965
vt 0.91682 0.16122
f 731/2028 743/2029 817/2044
vt 0.64438 0.21232
vt 0.64410 0.21350
f 733/2045 781/2046 652/1898
f 652/1898 781/2046 709/1929
vt 0.93017 0.45172
vt 0.93005 0.45204
f 691/1893 738/2047 770/2048
f 685/1814 659/1757 748/2021
vt 0.96499 0.52900
vt 0.96476 0.52952
vt 0.96409 0.52875
f 689/2049 791/2050 739/2051
vt 0.81417 0.79737
vt 0.81530 0.79578
vt 0.81614 0.79680
f 731/2052 817/2053 756/2054
vt 0.91689 0.16841
vt 0.91477 0.16747
f 734/2025 730/2055 769/2056
vt 0.72614 0.78535
vt 0.72443 0.78552
f 717/2057 802/2058 675/1854
f 734/2025 769/2056 743/2029
vt 0.10715 0.41352
f 706/1832 727/2020 766/2059
vt 0.17419 0.28272
vt 0.17344 0.28400
vt 0.17179 0.28227
f 718/2060 787/2061 882/2062
vt 0.91520 0.16141
f 743/2029 746/2063 817/2044
f 720/1916 797/2008 771/2003
vt 0.22298 0.04848
f 712/1712 639/1700 826/2064
vt 0.11078 0.41195
f 736/1831 824/2030 783/2065
vt 0.48235 0.71597
f 659/1720 851/1966 748/2066
vt 0.77218 0.06665
vt 0.76893 0.06828
f 747/2067 857/2068 705/1821
f 590/1650 835/1978 772/1797
vt 0.78747 0.64676
vt 0.78695 0.64392
f 722/2069 728/2002 815/2070
vt 0.23258 0.04017
f 742/1838 862/1849 961/2071
vt 0.95371 0.26862
vt 0.95345 0.27026
vt 0.95299 0.26970
f 724/2072 796/2073 716/2074
f 704/1829 882/2062 751/1982
vt 0.71315 0.01335
f 656/1792 876/2075 764/1991
vt 0.16518 0.94632
vt 0.16681 0.94681
vt 0.16518 0.94756
f 707/2076 763/2077 773/2078
vt 0.99123 0.95884
vt 0.99125 0.95922
vt 0.99105 0.95893
f 710/2079 757/2080 735/2081
vt 0.92595 0.29121
vt 0.92580 0.29140
vt 0.92511 0.29059
f 710/2082 714/2083 757/2084
vt 0.99142 0.91778
vt 0.99158 0.91805
vt 0.99147 0.91815
f 737/2085 770/2086 790/2087
vt 0.46883 0.66442
f 737/1949 790/2088 738/2004
vt 0.64697 0.21303
vt 0.64950 0.21375
vt 0.64599 0.21425
f 721/2089 740/2090 803/2091
vt 0.90114 0.38565
vt 0.90285 0.38653
vt 0.90288 0.38838
f 730/2092 780/2093 893/2094
vt 0.16765 0.28100
f 882/2062 810/2095 751/1982
vt 0.72760 0.56748
f 666/1844 837/2096 747/2006
vt 0.48315 0.72033
f 697/1804 801/2097 778/1961
f 666/1844 732/1897 837/2096
vt 0.03017 0.54644
f 763/1889 868/1834 828/2098
f 639/1700 789/1799 826/2064
f 736/1831 783/2065 727/2020
vt 0.64564 0.21344
f 721/2089 803/2091 733/2099
vt 0.58269 0.07680
vt 0.58454 0.07717
vt 0.58366 0.07937
f 723/2100 762/2101 797/2102
vt 0.48299 0.74729
f 741/1877 745/1876 809/2103
vt 0.81437 0.80293
vt 0.81454 0.80019
vt 0.81571 0.80015
f 730/2104 767/2105 779/2106
f 778/1961 801/2097 851/1966
vt 0.90688 0.48383
f 748/2021 791/2107 719/2022
vt 0.99312 0.80267
vt 0.99328 0.80221
vt 0.99329 0.80267
f 775/2108 786/2109 791/2110
vt 0.72482 0.85885
vt 0.72463 0.86059
vt 0.72238 0.86023
f 814/2111 675/2112 768/2113
vt 0.64113 0.21461
f 709/1929 781/2046 955/2114
vt 0.81441 0.79840
f 731/2115 756/2054 767/2105
vt 0.92520 0.28794
vt 0.92519 0.28899
vt 0.92427 0.28929
f 738/2116 790/2117 803/2118
vt 0.63918 0.21442
f 709/1929 985/2119 776/1900
vt 0.72398 0.84940
f 749/2036 759/2035 799/2120
vt 0.58348 0.07511
f 723/2100 764/2121 762/2101
vt 0.20200 0.31329
f 750/1958 773/2122 798/1888
vt 0.26620 0.00067
f 706/1755 766/2123 823/2017
vt 0.96368 0.52926
f 791/2050 786/2124 739/2051
vt 0.16570 0.94776
f 763/2077 828/2125 773/2078
vt 0.95435 0.27141
vt 0.95332 0.27263
f 796/2073 786/2126 738/2127
vt 0.92093 0.38601
vt 0.92126 0.38835
vt 0.91986 0.38748
f 746/2128 743/2129 891/2130
vt 0.86192 0.90839
f 809/1913 887/2131 732/1914
f 705/1821 857/2068 858/1899
vt 0.72438 0.78490
f 675/1854 802/2058 768/2132
vt 0.95687 0.46458
vt 0.95632 0.46450
vt 0.95656 0.46364
f 750/2133 707/2134 773/2135
vt 0.91200 0.26746
vt 0.91054 0.27008
vt 0.91025 0.26581
f 715/2136 816/2137 827/2138
vt 0.97446 0.16527
f 785/1993 839/2139 724/1994
vt 0.92184 0.05789
f 749/2043 800/2140 744/1965
vt 0.72360 0.84999
f 777/2034 825/2141 759/2035
vt 0.53542 0.74255
vt 0.53610 0.74301
vt 0.53570 0.74372
f 775/2142 791/2143 807/2144
vt 0.92147 0.39229
vt 0.91999 0.39059
f 743/2129 769/2145 793/2146
vt 0.96470 0.53048
vt 0.96400 0.53066
f 775/2147 770/2148 786/2124
vt 0.81579 0.80314
f 730/2104 779/2106 780/2149
vt 0.92495 0.28526
vt 0.92497 0.28649
vt 0.92358 0.28561
f 716/2150 796/2151 740/2152
vt 0.92372 0.28508
f 716/2150 740/2152 753/2153
vt 0.96366 0.53005
f 786/2124 770/2148 738/2154
vt 0.96375 0.53125
f 770/2148 775/2147 790/2155
vt 0.90031 0.38721
vt 0.89931 0.38600
f 730/2092 860/2156 769/2157
vt 0.05105 0.42409
vt 0.05005 0.42516
f 815/2158 728/2159 852/2031
f 733/2099 803/2091 781/2046
vt 0.78340 0.49215
f 755/1957 729/1923 856/2160
vt 0.98624 0.88904
vt 0.98647 0.88888
vt 0.98641 0.88926
f 800/2161 799/2162 759/2163
f 738/2116 803/2118 796/2151
vt 0.19531 0.30933
f 798/1888 945/2164 752/1845
vt 0.91157 0.26389
f 715/2136 827/2138 774/2165
vt 0.53314 0.74328
f 714/2040 735/2039 843/2166
vt 0.53258 0.74294
f 714/2040 843/2166 788/2167
f 743/2129 793/2146 891/2130
f 752/1845 945/2164 702/1977
f 767/2105 756/2054 779/2106
vt 0.99235 0.26855
vt 0.99212 0.26891
vt 0.99212 0.26839
f 714/2168 788/2169 757/2170
f 754/1826 879/1985 852/2031
vt 0.87557 0.54755
vt 0.87739 0.54564
vt 0.87773 0.54712
f 817/2171 746/2172 869/2173
vt 0.97659 0.42198
vt 0.97579 0.42211
vt 0.97596 0.42091
f 775/2174 807/2175 790/2176
vt 0.25166 0.02003
f 669/1737 898/2177 854/1870
vt 0.97465 0.83553
vt 0.97519 0.83710
vt 0.97415 0.83627
f 760/2178 784/2179 821/2180
vt 0.92272 0.05775
vt 0.92283 0.05836
vt 0.92240 0.05799
f 759/2181 825/2182 800/2183
vt 0.72267 0.84956
f 749/2036 799/2120 804/2184
f 730/2092 893/2094 860/2156
vt 0.58415 0.08432
vt 0.58287 0.08402
vt 0.58494 0.08257
f 838/2185 771/2186 877/2187
f 790/2117 757/2084 803/2118
vt 0.91194 0.26993
f 715/2136 751/2188 816/2137
vt 0.19455 0.30663
f 702/1977 945/2164 923/2189
vt 0.92801 0.03124
f 702/1884 923/2190 802/1909
vt 0.81757 0.80182
f 779/2106 832/2191 780/2149
vt 0.97390 0.83565
f 760/2178 821/2180 824/2192
vt 0.19901 0.31454
f 773/2122 944/2193 798/1888
vt 0.16017 0.27117
vt 0.16102 0.27389
f 821/2194 784/1927 943/2195
vt 0.48620 0.72775
vt 0.48542 0.72666
f 765/1925 914/2196 864/2197
f 765/1925 864/2197 673/1803
vt 0.72316 0.84804
f 749/2036 804/2184 842/2198
vt 0.62434 0.96265
f 758/1947 755/1946 795/2199
vt 0.53474 0.74170
vt 0.53490 0.74333
vt 0.53372 0.74209
f 790/2200 807/2201 757/2202
vt 0.64716 0.21426
f 740/2090 796/2203 803/2091
vt 0.92010 0.39320
f 769/2145 860/2204 793/2146
f 771/2186 797/2102 877/2187
f 735/2039 757/2202 843/2166
vt 0.82461 0.77172
vt 0.82474 0.77150
vt 0.82560 0.77145
f 799/2205 800/2206 841/2207
f 799/2120 825/2141 804/2184
vt 0.82526 0.77197
f 799/2205 841/2207 825/2208
vt 0.72290 0.85262
f 777/2034 926/2209 825/2141
vt 0.48387 0.72328
f 697/1804 673/1803 840/2210
vt 0.22004 0.04950
f 712/1712 826/2064 820/2211
vt 0.63773 0.21145
f 776/1900 948/2212 782/1901
f 729/1923 853/2042 856/2160
vt 0.95439 0.26949
f 796/2073 724/2072 849/2213
f 709/1929 955/2114 985/2119
vt 0.92488 0.29174
f 757/2084 788/2214 803/2118
vt 0.78926 0.64493
vt 0.78912 0.64717
f 722/2069 896/2215 834/2216
vt 0.05982 0.41707
vt 0.05927 0.41692
f 785/1936 739/2217 884/2218
vt 0.05220 0.75409
vt 0.05041 0.75493
f 695/1798 890/2219 819/2220
f 695/1798 772/1797 890/2219
vt 0.82472 0.77108
f 800/2206 749/2221 841/2207
f 815/2070 896/2215 722/2069
vt 0.90407 0.38779
f 780/2093 833/2222 893/2094
vt 0.95446 0.27046
f 786/2126 796/2073 806/2223
vt 0.95439 0.26858
f 724/2072 839/2224 849/2213
f 711/1837 943/2195 784/1927
f 796/2073 849/2213 806/2223
vt 0.92046 0.05923
f 800/2140 825/2182 933/2225
f 800/2140 933/2225 744/1965
vt 0.72227 0.85817
vt 0.72502 0.85614
f 814/2111 875/2226 813/2227
f 757/2202 807/2201 843/2166
vt 0.05976 0.41416
vt 0.05835 0.41348
vt 0.05951 0.41252
f 839/2228 831/2229 808/2230
vt 0.63780 0.20874
f 782/1901 948/2212 818/2231
vt 0.48733 0.72747
vt 0.48785 0.72807
f 765/2232 834/2233 914/2196
vt 0.91938 0.38582
f 746/2128 891/2130 869/2234
vt 0.82536 0.77042
f 749/2221 842/2235 841/2207
vt 0.64322 0.21510
f 781/2046 829/2236 955/2114
vt 0.62568 0.96274
f 755/1946 856/2237 795/2199
vt 0.16662 0.27881
f 751/1982 810/2095 816/2238
vt 0.95205 0.01451
vt 0.95242 0.01491
vt 0.95057 0.01560
f 739/2239 786/2240 884/2241
vt 0.91193 0.26184
vt 0.91008 0.26220
f 699/2242 774/2165 870/2243
vt 0.72447 0.85408
f 777/2034 761/2244 926/2209
vt 0.81811 0.79910
f 779/2106 756/2054 846/2245
vt 0.81752 0.80090
f 779/2106 844/2246 832/2191
vt 0.81744 0.80310
f 780/2149 832/2191 833/2247
vt 0.72567 0.56875
f 837/2096 888/2248 747/2006
vt 0.91975 0.67811
vt 0.91951 0.67435
vt 0.92033 0.67383
f 809/2249 745/2250 887/2251
vt 0.48389 0.72235
f 697/1804 840/2252 801/2097
vt 0.71352 0.01442
f 876/2075 847/2253 764/1991
vt 0.95220 0.01612
f 786/2240 806/2254 884/2241
vt 0.72253 0.84848
f 804/2184 917/2255 842/2198
vt 0.72255 0.85520
f 813/2227 907/2256 761/2244
vt 0.90517 0.48401
f 748/2021 884/2257 791/2107
vt 0.23964 0.03550
f 726/1816 644/1833 1005/2258
vt 0.24452 0.02689
f 794/1778 932/2259 644/1833
vt 0.05825 0.41809
vt 0.05753 0.42008
vt 0.05685 0.41865
f 748/2260 851/2261 894/2262
vt 0.27132 0.96203
vt 0.27122 0.96344
vt 0.27062 0.96220
f 824/2263 822/2264 783/2265
f 761/2244 907/2256 926/2209
vt 0.87903 0.54811
f 817/2171 869/2173 971/2266
vt 0.04890 0.42010
f 815/2158 852/2031 861/2267
vt 0.05119 0.42127
f 815/2158 861/2267 812/2268
vt 0.05824 0.41582
f 785/1936 884/2218 850/2269
vt 0.78673 0.64134
f 815/2070 812/2270 896/2215
vt 0.92365 0.29220
f 803/2118 788/2214 829/2271
vt 0.98448 0.46223
vt 0.98435 0.46160
vt 0.98497 0.46158
f 783/2272 822/2273 872/2274
vt 0.98501 0.46210
f 783/2272 872/2274 727/2275
vt 0.91964 0.38926
f 793/2146 916/2276 891/2130
vt 0.82341 0.55032
vt 0.82640 0.55139
vt 0.82337 0.55176
f 830/2277 903/2278 848/2279
f 875/2226 814/2111 768/2113
vt 0.53433 0.74536
f 807/2201 905/2280 843/2166
f 803/2091 829/2236 781/2046
vt 0.05522 0.74653
vt 0.05731 0.74693
f 699/2281 870/2282 835/1978
f 825/2141 926/2209 804/2184
vt 0.63687 0.20957
f 818/2231 948/2212 889/2283
vt 0.45877 0.98949
vt 0.45913 0.98883
vt 0.45913 0.98951
f 758/2284 795/2285 787/2286
vt 0.05691 0.41245
vt 0.05563 0.41056
vt 0.05675 0.40988
f 848/2287 881/2288 830/2289
f 813/2227 875/2226 907/2256
vt 0.81821 0.79576
f 817/2053 897/2290 756/2054
vt 0.72986 0.56933
f 732/1897 953/2291 837/2096
vt 0.86093 0.91107
f 732/1914 887/2131 953/2292
vt 0.03037 0.54732
f 828/2098 868/1834 963/2293
vt 0.72246 0.84714
f 834/2294 842/2198 917/2255
vt 0.90556 0.48353
f 791/2107 884/2257 929/2295
vt 0.05792 0.41176
f 808/2230 831/2229 865/2296
f 776/1900 985/2119 948/2212
f 839/2228 785/1936 831/2229
vt 0.10881 0.41375
f 766/2059 727/2020 872/2297
vt 0.26357 0.00663
f 667/1496 823/2017 987/2298
vt 0.23075 0.04407
f 789/1799 742/1838 1190/2299
f 798/1888 944/2193 945/2164
vt 0.48334 0.75139
f 836/1545 792/1787 910/2300
vt 0.48492 0.72523
f 673/1803 864/2301 840/2210
f 779/2106 846/2245 844/2246
vt 0.91909 0.05737
f 744/1965 933/2225 811/2302
vt 0.05619 0.41552
f 848/2287 859/2303 881/2288
vt 0.92168 0.05924
f 825/2182 841/2304 933/2225
vt 0.58522 0.07537
f 764/2121 871/2305 762/2101
vt 0.77242 0.06981
f 747/2067 888/2306 857/2068
vt 0.82365 0.76898
vt 0.82490 0.76816
f 834/2307 896/2308 842/2235
vt 0.72188 0.84728
f 834/2294 917/2255 914/2309
vt 0.44888 0.64940
vt 0.44777 0.64747
vt 0.44994 0.64865
f 811/2310 933/2311 879/2312
vt 0.82310 0.55557
vt 0.82333 0.55309
vt 0.82507 0.55526
f 859/2313 848/2314 845/2315
f 850/2269 831/2229 785/1936
vt 0.82486 0.55383
f 886/2316 848/2279 903/2278
vt 0.78873 0.64071
f 812/2270 900/2317 896/2215
vt 0.82398 0.55741
vt 0.82422 0.55644
f 878/2318 859/2313 867/2319
vt 0.48657 0.75546
f 792/1787 782/1801 957/2320
vt 0.05804 0.41731
vt 0.05729 0.41716
f 850/2269 884/2321 878/2322
f 859/2313 845/2315 867/2319
vt 0.03186 0.54863
f 868/1834 820/1976 918/2323
vt 0.05734 0.41710
vt 0.05727 0.41550
f 850/2269 878/2324 867/2325
vt 0.53671 0.74458
f 791/2143 929/2326 807/2144
vt 0.53233 0.74363
vt 0.53190 0.74697
f 788/2327 843/2166 940/2328
vt 0.71935 0.98883
vt 0.71969 0.98945
vt 0.71935 0.98946
f 850/2329 867/2330 845/2331
vt 0.05628 0.42209
vt 0.05490 0.41974
f 801/2332 892/2333 851/2261
f 711/1837 838/2019 943/2195
f 742/1838 961/2071 1190/2299
f 884/2321 748/2260 878/2322
vt 0.00360 0.97592
vt 0.00411 0.97734
vt 0.00297 0.97720
f 808/2334 865/2335 938/2336
vt 0.87777 0.53850
vt 0.87863 0.53990
vt 0.87658 0.54135
f 782/2337 818/2338 957/2339
vt 0.05755 0.41313
f 831/2229 886/2340 865/2296
vt 0.93017 0.03087
f 802/1909 923/2190 866/2341
vt 0.05657 0.41798
f 894/2262 895/2342 748/2260
f 669/1737 855/1836 898/2177
f 667/1496 987/2298 1121/1862
vt 0.16370 0.27917
f 838/2019 1114/2343 943/2195
vt 0.87967 0.54140
vt 0.87835 0.54217
f 818/2338 889/2344 920/2345
vt 0.53508 0.74552
f 807/2144 934/2346 905/2280
vt 0.91919 0.39296
f 860/2204 1017/2347 793/2146
vt 0.87605 0.55106
f 817/2171 971/2266 897/2348
f 748/2260 895/2342 878/2322
vt 0.10858 0.41569
f 872/2297 936/2349 766/2059
vt 0.91577 0.40584
vt 0.91626 0.40509
vt 0.91779 0.40451
f 839/2350 808/2351 938/2352
vt 0.72328 0.78493
vt 0.72292 0.78552
f 768/2353 802/2058 866/2354
vt 0.05641 0.41658
vt 0.05567 0.41675
f 878/2355 880/2356 859/2303
vt 0.10693 0.41677
f 766/2059 936/2349 968/2357
vt 0.26968 0.00011
f 766/2123 968/2358 823/2017
vt 0.81850 0.80138
f 833/2247 832/2191 873/2359
vt 0.03118 0.54852
f 963/2293 868/1834 918/2360
f 848/2314 886/2316 845/2315
vt 0.23617 0.03879
f 726/1816 1194/2361 862/1849
vt 0.15826 0.27213
f 943/2195 928/2362 821/2194
vt 0.05246 0.42148
f 892/2333 801/2332 1103/2363
vt 0.05386 0.41325
f 859/2303 1004/2364 881/2288
vt 0.81899 0.80281
f 833/2247 873/2359 911/2365
f 797/2102 762/2101 877/2187
f 807/2144 929/2326 934/2346
vt 0.88837 0.67663
vt 0.88838 0.67349
vt 0.89059 0.67478
f 853/2366 819/2367 863/2368
vt 0.88856 0.68096
vt 0.89063 0.67956
vt 0.89010 0.68167
f 856/2369 904/2370 795/2371
vt 0.58562 0.07978
f 762/2101 827/2372 877/2187
vt 0.88938 0.67329
f 819/2367 890/2373 863/2368
vt 0.05390 0.42460
f 840/2374 1103/2363 801/2332
vt 0.05720 0.41452
f 850/2269 845/2375 831/2229
vt 0.82082 0.94996
vt 0.82066 0.94933
vt 0.82096 0.94825
f 917/2376 950/2377 914/2378
f 856/2369 853/2366 904/2370
f 836/1545 910/2300 745/1876
vt 0.58606 0.07638
f 762/2101 870/2379 827/2372
f 843/2166 905/2280 940/2328
f 762/2101 871/2305 870/2379
f 774/2165 827/2138 870/2243
vt 0.82612 0.54961
f 903/2278 830/2277 986/2380
vt 0.92426 0.29245
f 788/2214 966/2381 829/2271
vt 0.81850 0.79970
f 844/2246 908/2382 873/2359
vt 0.31207 0.92921
vt 0.31357 0.92943
vt 0.31225 0.93109
f 764/2383 847/2384 871/2385
vt 0.04675 0.42491
f 852/2031 879/1985 960/2386
vt 0.90457 0.38850
vt 0.90409 0.38838
f 833/2222 911/2387 883/2388
vt 0.90324 0.38828
f 833/2222 883/2388 893/2389
vt 0.69407 0.96292
vt 0.69340 0.96210
vt 0.69417 0.96183
f 832/2390 883/2391 873/2392
vt 0.22038 0.05155
f 820/2211 826/2064 874/2393
vt 0.53038 0.74545
f 788/2327 940/2328 966/2394
vt 0.90975 0.26872
f 816/2137 877/2395 827/2138
vt 0.99094 0.74618
vt 0.99094 0.74662
vt 0.99058 0.74660
f 877/2396 816/2397 838/2398
f 838/2019 816/2238 1114/2343
vt 0.87482 0.31610
vt 0.87358 0.31772
vt 0.87186 0.31588
f 830/2399 999/2400 986/2401
vt 0.74442 0.78341
vt 0.74346 0.78421
vt 0.74392 0.78092
f 768/2402 866/2403 875/2404
vt 0.91500 0.40753
vt 0.91641 0.40808
f 849/2405 839/2350 930/2406
vt 0.05346 0.41634
f 880/2356 981/2407 859/2303
vt 0.03309 0.55078
f 820/1976 922/2408 918/2323
vt 0.05632 0.41812
vt 0.05523 0.41848
vt 0.05546 0.41739
f 894/2409 901/2410 880/2411
vt 0.82395 0.55893
vt 0.82358 0.55819
vt 0.82418 0.55825
f 894/2412 880/2413 895/2414
f 839/2350 938/2352 930/2406
vt 0.96832 0.07229
vt 0.96930 0.07314
vt 0.96830 0.07345
f 832/2415 893/2416 883/2417
vt 0.82754 0.77077
f 841/2207 842/2235 933/2418
vt 0.91495 0.41002
f 849/2405 930/2406 806/2419
vt 0.96810 0.07139
vt 0.96861 0.07170
f 832/2415 844/2420 975/2421
vt 0.63371 0.98913
vt 0.63399 0.98883
vt 0.63395 0.98942
f 844/2422 846/2423 908/2424
vt 0.74223 0.77189
vt 0.74267 0.77341
vt 0.74109 0.77277
f 917/2425 804/2426 919/2427
vt 0.90145 0.38952
f 893/2094 906/2428 860/2156
vt 0.90017 0.38870
f 860/2156 906/2428 1017/2429
vt 0.77054 0.07124
f 888/2306 885/2430 857/2068
vt 0.05801 0.74607
vt 0.05867 0.74782
f 871/2431 1065/2432 870/2282
f 878/2318 895/2414 880/2413
vt 0.03454 0.54970
f 820/1976 874/2433 922/2408
vt 0.81830 0.79688
f 756/2054 897/2434 846/2245
vt 0.91228 0.76336
vt 0.91210 0.76475
vt 0.91124 0.76327
f 869/2435 891/2436 971/2437
vt 0.95713 0.46305
vt 0.95583 0.46187
vt 0.95622 0.46084
f 773/2438 828/2439 921/2440
vt 0.95745 0.46124
f 773/2438 921/2440 982/2441
vt 0.05730 0.41338
f 831/2229 845/2375 886/2442
vt 0.24253 0.03151
f 644/1833 932/2259 902/2443
vt 0.25903 0.01445
f 805/1853 1121/1862 1141/2444
vt 0.16814 0.28280
f 882/2062 989/2445 810/2095
vt 0.97814 0.01535
vt 0.97755 0.01532
vt 0.97818 0.01447
f 821/2446 928/2447 824/2448
vt 0.96673 0.75804
vt 0.96703 0.75878
vt 0.96637 0.75919
f 844/2449 873/2450 975/2451
f 794/1778 854/1870 932/2259
vt 0.20092 0.31626
f 773/2122 982/2452 944/2193
f 870/2282 1065/2432 835/1978
vt 0.74272 0.78155
f 875/2404 866/2403 1023/2453
vt 0.05084 0.41894
f 812/2268 861/2267 1001/2454
vt 0.97769 0.01403
f 824/2448 928/2447 822/2455
f 894/2262 851/2261 892/2333
vt 0.89116 0.68254
vt 0.88944 0.68301
f 795/2371 962/2456 787/2457
vt 0.17125 0.28522
f 882/2062 787/2061 962/2458
f 853/2366 863/2368 904/2370
vt 0.94854 0.36226
vt 0.94756 0.36319
vt 0.94802 0.36086
f 886/2459 931/2460 865/2461
vt 0.04877 0.41693
f 861/2267 1053/2462 1001/2454
vt 0.02808 0.54882
vt 0.02973 0.54789
f 918/2360 912/2463 963/2464
vt 0.96942 0.07182
f 832/2415 975/2465 893/2416
vt 0.63602 0.21154
f 889/2283 948/2212 1051/2466
vt 0.91207 0.76879
vt 0.91023 0.76881
vt 0.91081 0.76656
f 793/2467 970/2468 916/2469
vt 0.74260 0.77544
f 804/2426 926/2470 919/2427
vt 0.05383 0.75430
f 772/1797 915/2471 890/2219
vt 0.97886 0.23203
vt 0.97943 0.23155
vt 0.97938 0.23230
f 896/2472 924/2473 1038/2474
vt 0.82075 0.80081
f 908/2382 939/2475 873/2359
vt 0.82166 0.94671
vt 0.82055 0.94674
f 864/2476 914/2378 942/2477
vt 0.05310 0.42546
vt 0.05204 0.42588
f 864/2478 909/2479 840/2374
vt 0.25787 0.01772
f 805/1853 1187/2480 855/1836
vt 0.23002 0.04771
f 789/1799 1190/2299 1248/2481
vt 0.74235 0.77878
vt 0.74329 0.77787
f 875/2404 949/2482 907/2483
f 875/2404 1023/2453 949/2482
vt 0.82572 0.55461
f 886/2316 903/2278 931/2484
vt 0.97598 0.58600
vt 0.97697 0.58591
vt 0.97579 0.58697
f 872/2485 822/2486 928/2487
vt 0.74389 0.78748
vt 0.74168 0.78530
f 866/2403 923/2488 1041/2489
vt 0.77277 0.07164
vt 0.77126 0.07276
f 888/2306 947/2490 1066/2491
f 888/2306 1066/2491 885/2430
vt 0.88059 0.54471
f 920/2345 889/2344 991/2492
vt 0.15824 0.27040
vt 0.15580 0.27174
vt 0.15574 0.26945
f 872/2493 899/2494 936/2495
vt 0.05336 0.41130
f 881/2288 1004/2364 1022/2496
f 872/2493 928/2362 899/2494
vt 0.91908 0.67205
f 745/2250 910/2497 887/2251
vt 0.21594 0.97608
vt 0.21597 0.97833
vt 0.21542 0.97813
f 897/2498 908/2499 846/2500
vt 0.05379 0.40938
f 830/2289 881/2288 973/2501
vt 0.82070 0.79827
f 908/2382 897/2290 913/2502
f 873/2359 939/2475 911/2365
vt 0.16611 0.95000
vt 0.16521 0.95020
vt 0.16575 0.94868
f 963/2503 921/2504 828/2505
vt 0.05538 0.41892
f 894/2262 892/2333 901/2506
vt 0.89013 0.67331
vt 0.89118 0.67354
f 890/2507 915/2508 863/2368
vt 0.75641 0.02086
vt 0.75646 0.02260
vt 0.75501 0.02245
f 889/2509 1051/2510 1003/2511
vt 0.79027 0.64484
f 896/2215 900/2317 924/2512
vt 0.72630 0.57135
vt 0.72593 0.56978
f 837/2096 956/2513 888/2514
vt 0.74119 0.77412
f 919/2427 926/2470 979/2515
vt 0.45031 0.64598
f 879/2312 933/2311 967/2516
f 795/2371 904/2370 962/2456
vt 0.98458 0.27666
vt 0.98481 0.27699
vt 0.98428 0.27745
f 888/2517 956/2518 947/2519
vt 0.95090 0.01718
f 884/2241 806/2254 941/2520
f 840/2374 909/2479 1103/2363
vt 0.31307 0.93179
f 871/2385 847/2384 958/2521
vt 0.05544 0.75218
f 772/1797 835/1978 984/2522
vt 0.82198 0.94595
vt 0.82154 0.94544
f 864/2523 942/2477 909/2524
vt 0.94692 0.36078
f 865/2461 931/2460 938/2525
vt 0.05383 0.41777
f 901/2410 1045/2526 880/2411
f 726/1816 1005/2258 1194/2361
vt 0.69398 0.96047
f 873/2392 883/2391 951/2527
vt 0.90292 0.38894
vt 0.90305 0.38934
f 893/2528 975/2529 906/2428
vt 0.26635 0.00956
f 1121/1862 987/2298 1024/2530
vt 0.87479 0.31857
f 830/2399 973/2531 999/2400
vt 0.82060 0.79532
f 897/2290 998/2532 913/2502
vt 0.91673 0.40978
f 806/2419 930/2406 941/2533
vt 0.74099 0.77788
f 907/2483 949/2482 925/2534
vt 0.03435 0.55332
f 874/2433 1055/2535 922/2408
vt 0.79135 0.64360
f 924/2512 900/2317 942/2536
vt 0.82741 0.76637
vt 0.82766 0.76847
f 896/2308 969/2537 967/2538
f 896/2308 967/2538 842/2235
vt 0.27086 0.00218
f 823/2017 968/2358 1139/2539
vt 0.64166 0.21618
f 829/2236 927/2540 955/2114
vt 0.82548 0.76701
f 896/2308 1038/2541 969/2537
f 907/2483 925/2534 926/2470
vt 0.91765 0.40663
f 938/2352 931/2542 930/2406
f 842/2235 967/2538 933/2418
vt 0.02931 0.55010
vt 0.02789 0.54967
f 912/2463 1010/2543 959/2544
f 912/2463 918/2360 1010/2543
f 957/2339 818/2338 920/2345
vt 0.95600 0.14986
vt 0.95731 0.14958
vt 0.95667 0.15112
f 912/2545 959/2546 963/2547
vt 0.48348 0.75404
f 792/1787 937/2548 910/2300
f 908/2382 913/2502 939/2475
vt 0.04672 0.42136
f 852/2031 960/2386 1072/2549
vt 0.79132 0.64554
f 914/2550 924/2512 942/2536
vt 0.20384 0.31699
vt 0.20436 0.31793
vt 0.20289 0.31865
f 918/2551 922/2552 1032/2553
f 957/2320 937/2548 792/1787
vt 0.16975 0.28478
f 882/2062 962/2458 1011/2554
f 837/2096 953/2291 956/2513
vt 0.74289 0.76985
vt 0.74145 0.77046
vt 0.74250 0.76825
f 914/2555 950/2556 924/2557
vt 0.82049 0.80285
f 911/2365 939/2475 965/2558
vt 0.05041 0.42265
f 1103/2363 909/2479 1090/2559
vt 0.64035 0.21590
f 955/2114 927/2540 1006/2560
vt 0.74177 0.78785
f 923/2488 1079/2561 1041/2489
vt 0.91068 0.77018
f 793/2467 1017/2562 970/2468
f 859/2303 981/2407 1004/2364
vt 0.95730 0.15163
vt 0.95812 0.15122
f 921/2563 963/2547 1028/2564
vt 0.05342 0.41950
f 901/2506 892/2333 1077/2565
f 772/1797 984/2522 915/2471
f 882/2062 1011/2554 989/2445
vt 0.74057 0.77539
f 979/2515 926/2470 980/2566
vt 0.74018 0.77326
f 919/2427 979/2515 954/2567
vt 0.94713 0.69283
vt 0.94775 0.69356
vt 0.94694 0.69367
f 829/2568 966/2569 927/2570
vt 0.91765 0.40831
f 930/2406 931/2542 952/2571
vt 0.22675 0.04956
f 826/2064 789/1799 1039/2572
vt 0.19307 0.30916
f 923/2189 945/2164 1079/2573
f 852/2031 1072/2549 861/2267
vt 0.74181 0.78345
f 866/2403 1041/2489 1058/2574
f 862/1849 1194/2361 961/2071
vt 0.05664 0.75038
f 835/1978 946/2575 984/2522
vt 0.20302 0.32020
f 922/2552 1110/2576 1032/2553
vt 0.05324 0.41070
f 973/2501 881/2288 1022/2577
vt 0.05434 0.41706
f 880/2411 1045/2526 981/2578
vt 0.10968 0.41785
f 936/2349 1050/2579 968/2357
vt 0.90977 0.76399
f 971/2437 891/2436 983/2580
vt 0.31221 0.93223
f 871/2385 958/2521 1065/2581
vt 0.66836 0.97684
vt 0.66890 0.97780
vt 0.66850 0.97853
f 901/2582 1077/2583 1045/2584
vt 0.05334 0.42017
f 1103/2363 1077/2585 892/2333
vt 0.05838 0.75022
f 835/1978 1118/2586 946/2575
vt 0.74067 0.76732
f 924/2557 950/2556 1038/2587
vt 0.16004 0.60545
vt 0.15925 0.60568
vt 0.15916 0.60431
f 917/2588 1013/2589 950/2590
vt 0.25551 0.02062
f 898/2177 855/1836 1299/2591
vt 0.95000 0.01699
f 929/2592 884/2241 941/2520
vt 0.13990 0.96022
vt 0.14081 0.96015
vt 0.14097 0.96194
f 917/2593 919/2594 1013/2595
vt 0.58410 0.07283
vt 0.58611 0.07345
vt 0.58403 0.07374
f 876/2596 958/2597 847/2598
vt 0.74169 0.78233
f 866/2403 1084/2599 1023/2453
f 866/2403 1058/2574 1084/2599
vt 0.03134 0.54994
f 918/2360 1032/2600 1010/2543
vt 0.89940 0.46112
vt 0.89972 0.45908
vt 0.90079 0.45897
f 863/2601 915/2602 1002/2603
vt 0.75460 0.02040
f 889/2509 1003/2511 991/2604
vt 0.45363 0.64606
f 879/2312 967/2516 960/2605
vt 0.53568 0.74764
f 934/2346 935/2606 905/2280
f 789/1799 1248/2481 1039/2572
vt 0.15855 0.61531
vt 0.15775 0.61304
vt 0.15933 0.61221
f 1023/2607 976/2608 949/2609
vt 0.76594 0.06405
f 858/1899 958/2610 876/1979
vt 0.98856 0.25612
vt 0.98818 0.25676
vt 0.98807 0.25612
f 930/2611 952/2612 941/2613
vt 0.22338 0.05392
f 826/2064 1255/2614 874/2393
vt 0.05575 0.75353
f 915/2471 984/2522 1015/2615
vt 0.89980 0.46861
vt 0.89983 0.46502
vt 0.90167 0.46678
f 962/2616 904/2617 1034/2618
vt 0.64100 0.21455
f 955/2619 1006/2560 985/2119
vt 0.90149 0.46873
f 962/2616 1034/2618 1043/2620
vt 0.15776 0.27485
f 928/2362 1120/2621 899/2494
vt 0.87555 0.55222
vt 0.87603 0.55297
f 998/2622 897/2348 993/2623
vt 0.90986 0.76314
f 971/2437 983/2580 977/2624
vt 0.72588 0.57090
vt 0.72516 0.57209
vt 0.72496 0.57114
f 947/2625 1035/2626 1066/2627
vt 0.15781 0.94560
vt 0.15890 0.94564
vt 0.15918 0.94741
f 911/2628 965/2629 1101/2630
vt 0.15749 0.94586
f 911/2628 1101/2630 883/2631
f 835/1978 1065/2432 1118/2586
vt 0.19749 0.90331
vt 0.19911 0.90266
vt 0.19903 0.90361
f 946/2632 1118/2633 1122/2634
vt 0.92013 0.66928
f 910/2497 1042/2635 887/2251
vt 0.72752 0.57201
f 956/2513 953/2291 991/2636
vt 0.78699 0.64100
vt 0.78668 0.63659
f 812/2637 1001/2638 900/2317
vt 0.90130 0.46240
f 904/2617 863/2601 1018/2639
vt 0.90170 0.46400
f 904/2617 1018/2639 964/2640
vt 0.95065 0.70987
vt 0.95080 0.70885
vt 0.95162 0.71011
f 949/2641 1000/2642 925/2643
vt 0.96875 0.91398
vt 0.96947 0.91448
vt 0.96912 0.91472
f 934/2644 1092/2645 935/2646
vt 0.90256 0.39058
f 975/2529 1016/2647 906/2428
vt 0.98807 0.77445
vt 0.98861 0.77429
vt 0.98831 0.77494
f 1011/2648 978/2649 989/2650
vt 0.82658 0.55623
vt 0.82795 0.55495
f 952/2651 931/2484 1054/2652
vt 0.82927 0.55301
f 931/2484 1119/2653 1054/2652
vt 0.19686 0.90375
vt 0.19800 0.90617
vt 0.19645 0.90695
f 984/2654 1036/2655 990/2656
f 984/2654 946/2632 1036/2655
f 931/2484 903/2278 1119/2653
vt 0.10703 0.41947
f 968/2357 1050/2579 1147/2657
vt 0.04667 0.41856
f 861/2267 1072/2549 1093/2658
f 891/2436 916/2469 983/2580
vt 0.25040 0.02663
f 854/1870 1222/2659 932/2259
vt 0.27011 0.00601
f 823/2017 1139/2539 1144/2660
f 805/1853 1141/2444 1187/2480
f 863/2601 1002/2603 1018/2639
vt 0.76585 0.06653
f 857/2068 972/2661 858/1899
vt 0.77280 0.81246
vt 0.77155 0.80982
vt 0.77298 0.80838
f 974/2662 964/2663 992/2664
vt 0.69488 0.96129
vt 0.69485 0.95985
f 873/2665 951/2527 1029/2666
vt 0.96668 0.76112
f 873/2450 1029/2667 975/2451
vt 0.05076 0.41002
f 973/2501 1022/2577 1095/2668
vt 0.74045 0.77711
f 926/2470 925/2534 1064/2669
f 926/2470 1064/2669 980/2566
vt 0.91774 0.40964
f 952/2571 995/2670 941/2533
vt 0.77348 0.81375
vt 0.77307 0.81463
f 1012/2671 997/2672 974/2662
vt 0.15855 0.61123
f 949/2609 976/2608 1000/2673
vt 0.81419 0.02413
vt 0.81520 0.02337
vt 0.81429 0.02601
f 992/2674 970/2675 974/2676
vt 0.87934 0.55130
f 897/2348 971/2266 1117/2677
vt 0.87847 0.55269
f 897/2348 1117/2677 1097/2678
vt 0.98528 0.81104
vt 0.98520 0.81015
vt 0.98565 0.81077
f 1035/2679 947/2680 956/2681
vt 0.87812 0.54452
f 991/2492 994/2682 920/2345
vt 0.82339 0.53504
vt 0.82589 0.53711
vt 0.82346 0.53855
f 939/2683 1155/2684 965/2685
vt 0.69320 0.96072
f 951/2527 883/2391 1069/2686
vt 0.15018 0.96008
vt 0.15150 0.95980
vt 0.15019 0.96110
f 999/2687 1057/2688 986/2689
vt 0.81489 0.01910
vt 0.81443 0.01616
vt 0.81544 0.01581
f 983/2690 1035/2691 1044/2692
vt 0.48398 0.75592
f 957/2320 1081/2693 937/2548
f 928/2362 943/2195 1120/2621
vt 0.19697 0.90810
vt 0.19869 0.90943
f 978/2694 990/2656 1007/2695
vt 0.19765 0.91142
f 978/2694 1007/2695 989/2696
vt 0.73982 0.76841
f 1038/2587 950/2556 1025/2697
vt 0.15803 0.60530
f 950/2590 1013/2589 1136/2698
vt 0.87395 0.31946
f 973/2531 1031/2699 999/2400
f 990/2656 1036/2655 1007/2695
vt 0.16656 0.28289
vt 0.16472 0.28312
f 810/2095 988/2700 1251/2701
vt 0.63620 0.21412
f 948/2212 985/2119 1106/2702
f 810/2095 1251/2701 816/2238
vt 0.96659 0.02261
vt 0.96714 0.02117
vt 0.96770 0.02170
f 959/2703 1014/2704 963/2705
vt 0.86216 0.91289
f 953/2292 887/2131 1042/2706
vt 0.91691 0.40974
vt 0.91757 0.41002
f 941/2707 995/2670 929/2708
vt 0.15842 0.94698
f 883/2631 1101/2630 1069/2709
f 816/2238 1251/2701 1114/2343
vt 0.14131 0.96064
f 954/2710 1013/2595 919/2594
vt 0.94697 0.43180
vt 0.94774 0.43122
vt 0.94757 0.43288
f 921/2711 1028/2712 982/2713
vt 0.82773 0.55596
f 952/2651 1054/2652 1033/2714
vt 0.82803 0.54993
f 986/2380 1111/2715 903/2278
f 904/2617 964/2640 1034/2618
vt 0.95821 0.14988
f 963/2547 1014/2716 1028/2564
vt 0.77112 0.81286
f 997/2672 1034/2717 974/2662
vt 0.31292 0.93416
f 958/2521 1040/2718 1065/2581
vt 0.82356 0.53283
vt 0.82580 0.53285
f 913/2719 1108/2720 939/2683
vt 0.73013 0.57147
f 953/2291 994/2721 991/2636
vt 0.15948 0.60858
vt 0.15849 0.61013
vt 0.15791 0.60990
f 980/2722 1020/2723 996/2724
vt 0.15997 0.60772
f 980/2722 996/2724 979/2725
f 644/1833 902/2443 1005/2258
vt 0.24705 0.03048
f 902/2443 932/2259 1280/2726
f 823/2017 1144/2660 987/2298
f 861/2267 1093/2658 1053/2462
f 810/2095 989/2445 988/2700
vt 0.22033 0.05448
f 874/2393 1255/2614 1055/2727
f 974/2662 1034/2717 964/2663
vt 0.05104 0.41155
f 1022/2496 1004/2364 1126/2728
vt 0.16833 0.28694
f 962/2458 1052/2729 1011/2554
vt 0.81617 0.01765
f 983/2690 1044/2692 977/2730
vt 0.77282 0.80222
vt 0.77335 0.80570
vt 0.77228 0.80382
f 1035/2731 983/2732 1037/2733
vt 0.05092 0.41745
vt 0.05125 0.41526
f 1001/2734 1053/2462 1049/2735
vt 0.87609 0.54478
f 957/2339 920/2345 1081/2736
f 946/2632 1122/2634 1036/2655
vt 0.15174 0.96099
f 1057/2688 1030/2737 986/2689
vt 0.45322 0.64428
f 967/2516 969/2738 960/2605
f 948/2212 1106/2702 1051/2466
vt 0.58865 0.07282
vt 0.58900 0.07370
f 958/2597 972/2739 1040/2740
vt 0.82549 0.76610
vt 0.82687 0.76480
f 969/2537 1038/2741 1021/2742
vt 0.27215 0.00059
f 968/2358 1147/2743 1139/2539
vt 0.92474 0.27137
vt 0.92492 0.27461
vt 0.92397 0.27407
f 990/2744 978/2745 1145/2746
vt 0.81573 0.02676
vt 0.81579 0.02564
f 1012/2747 974/2676 1017/2748
f 854/1870 898/2177 1222/2659
vt 0.97644 0.74812
vt 0.97648 0.74949
vt 0.97573 0.74893
f 980/2749 1064/2750 1020/2751
vt 0.82779 0.55721
f 952/2651 1033/2714 995/2752
vt 0.94156 0.85698
vt 0.94199 0.85908
vt 0.94105 0.85681
f 993/2753 1097/2754 1009/2755
vt 0.92417 0.27598
f 978/2745 1011/2756 1145/2746
vt 0.17146 0.28776
f 962/2458 1043/2757 1052/2729
vt 0.97922 0.90122
vt 0.97874 0.90225
vt 0.97855 0.90077
f 1045/2758 1099/2759 981/2760
f 958/2610 858/1899 972/2661
vt 0.15732 0.60691
f 979/2725 996/2724 1061/2761
vt 0.15796 0.61087
f 1000/2673 976/2608 1008/2762
vt 0.81540 0.02587
f 974/2676 970/2675 1017/2763
vt 0.82414 0.52916
vt 0.82616 0.52939
vt 0.82375 0.53102
f 993/2764 1096/2765 998/2766
vt 0.77078 0.81452
f 1034/2717 997/2672 1043/2767
vt 0.05083 0.41370
f 1004/2364 1125/2768 1126/2728
vt 0.90965 0.76601
f 916/2469 992/2769 983/2580
vt 0.89970 0.39001
f 906/2428 1016/2647 1017/2770
vt 0.03253 0.55452
f 922/2408 1055/2535 1167/2771
vt 0.03240 0.55160
f 922/2408 1167/2771 1110/2772
f 913/2719 998/2766 1108/2720
vt 0.19923 0.31861
f 982/2452 1238/2773 944/2193
f 916/2469 970/2468 992/2769
vt 0.87485 0.31969
vt 0.87466 0.32088
vt 0.87385 0.32004
f 973/2774 1095/2775 1031/2776
vt 0.91055 0.08626
vt 0.90973 0.08349
vt 0.91126 0.08484
f 979/2777 1061/2778 1013/2779
vt 0.53408 0.74938
f 905/2280 935/2606 1074/2780
vt 0.91136 0.08605
f 979/2777 1013/2779 954/2781
vt 0.19906 0.91161
f 989/2696 1007/2695 988/2782
vt 0.15714 0.61564
f 1023/2607 1048/2783 976/2608
vt 0.05577 0.75409
f 915/2471 1015/2615 1067/2784
vt 0.05581 0.75459
vt 0.05434 0.75525
f 915/2471 1067/2785 1002/2786
vt 0.92479 0.26797
vt 0.92359 0.26983
vt 0.92364 0.26791
f 984/2787 1186/2788 1015/2789
f 984/2787 990/2744 1186/2788
vt 0.05048 0.42632
f 909/2479 942/2790 1090/2559
vt 0.88050 0.54866
f 971/2266 977/2791 1117/2677
vt 0.15676 0.60432
f 950/2590 1136/2698 1046/2792
vt 0.78865 0.63705
f 900/2317 1001/2638 1062/2793
f 987/2298 1144/2660 1024/2530
vt 0.94862 0.13240
vt 0.94732 0.13035
vt 0.94839 0.12992
f 1010/2794 1027/2795 959/2796
f 897/2348 1097/2678 993/2623
vt 0.95087 0.07476
vt 0.95189 0.07508
vt 0.95026 0.07594
f 1020/2797 1064/2798 1019/2799
vt 0.79052 0.63969
f 900/2317 1090/2800 942/2536
f 1020/2723 1000/2673 996/2724
f 996/2724 1000/2673 1008/2762
vt 0.99428 0.85365
vt 0.99428 0.85397
vt 0.99419 0.85378
f 996/2801 1008/2802 1019/2803
vt 0.98698 0.38044
vt 0.98684 0.37989
vt 0.98690 0.38032
f 1000/2804 1020/2805 1138/2806
vt 0.96610 0.39356
vt 0.96720 0.39280
vt 0.96643 0.39424
f 975/2807 1029/2808 1016/2809
vt 0.75301 0.02224
f 991/2604 1003/2511 1130/2810
vt 0.81503 0.02816
vt 0.81762 0.02727
f 997/2811 1012/2747 1059/2812
vt 0.77208 0.80580
f 983/2732 1002/2813 1037/2733
vt 0.99428 0.84704
vt 0.99419 0.84699
vt 0.99428 0.84671
f 1008/2814 1138/2815 1020/2816
vt 0.99419 0.28002
vt 0.99419 0.27973
vt 0.99433 0.27984
f 1008/2817 1020/2818 1019/2819
vt 0.95955 0.07482
vt 0.95944 0.07706
vt 0.95863 0.07580
f 966/2820 1071/2821 927/2822
vt 0.15135 0.96219
f 1030/2737 1150/2823 986/2689
vt 0.91910 0.66921
f 910/2497 937/2824 1042/2635
f 990/2744 1145/2746 1186/2788
vt 0.95738 0.44303
vt 0.95754 0.44476
vt 0.95612 0.44391
f 999/2825 1031/2826 1057/2827
vt 0.52945 0.74799
f 966/2394 940/2328 1247/2828
vt 0.77184 0.80736
f 992/2664 964/2663 1018/2829
f 992/2664 1018/2829 983/2732
vt 0.82579 0.76371
f 1038/2741 1085/2830 1021/2742
vt 0.45637 0.64325
f 960/2605 969/2738 1072/2831
vt 0.86080 0.91402
f 953/2292 1042/2706 994/2832
vt 0.15416 0.26973
f 936/2495 899/2494 1050/2833
vt 0.82558 0.52726
f 1009/2834 1096/2765 993/2764
vt 0.15597 0.60974
f 996/2724 1070/2835 1061/2761
f 981/2407 1049/2735 1004/2364
f 1022/2577 1126/2728 1095/2668
vt 0.15850 0.28026
f 943/2195 1114/2343 1300/2836
vt 0.19332 0.31351
f 945/2164 944/2193 1196/2837
vt 0.78916 0.63898
f 900/2317 1062/2793 1112/2838
vt 0.96682 0.39524
vt 0.96746 0.39355
f 1047/2839 1016/2809 1069/2840
vt 0.15729 0.94808
f 1047/2841 1069/2709 1101/2630
vt 0.15878 0.60188
f 950/2590 1046/2792 1025/2842
f 983/2732 1018/2829 1002/2813
vt 0.85229 0.59060
vt 0.85155 0.59084
vt 0.85126 0.58993
f 925/2843 1000/2844 1064/2845
vt 0.75305 0.02411
f 1003/2511 1176/2846 1130/2810
vt 0.05902 0.74953
f 1065/2432 1040/2847 1118/2586
vt 0.82733 0.55911
vt 0.82689 0.55817
vt 0.82836 0.55917
f 934/2848 929/2849 1092/2850
vt 0.15551 0.61535
f 1048/2783 1123/2851 976/2608
vt 0.74606 0.26576
vt 0.74726 0.26771
vt 0.74550 0.26791
f 1035/2852 1159/2853 1044/2854
f 929/2849 995/2752 1092/2850
f 939/2683 1108/2720 1155/2684
vt 0.53607 0.74915
f 935/2606 1129/2855 1074/2780
vt 0.78638 0.63375
vt 0.78774 0.63501
f 1049/2856 1073/2857 1001/2638
vt 0.95171 0.07637
f 1064/2798 1091/2858 1019/2799
vt 0.82524 0.53870
f 965/2685 1155/2684 1101/2859
vt 0.94695 0.13274
f 1010/2794 1028/2860 1027/2795
vt 0.15692 0.61024
f 996/2724 1019/2861 1070/2835
vt 0.72726 0.57401
f 991/2636 1130/2862 956/2513
vt 0.93806 0.10806
vt 0.93850 0.10967
vt 0.93681 0.10965
f 1057/2863 1160/2864 1030/2865
vt 0.85091 0.59575
vt 0.85130 0.59782
vt 0.85050 0.59760
f 1058/2866 1041/2867 1063/2868
vt 0.91108 0.08350
f 1061/2778 1136/2869 1013/2779
vt 0.81862 0.02828
f 997/2811 1059/2812 1133/2870
f 1001/2638 1073/2857 1062/2793
vt 0.20233 0.31847
vt 0.20132 0.31891
f 1010/2871 1032/2553 1113/2872
vt 0.20149 0.31795
f 1010/2871 1113/2872 1028/2873
vt 0.15681 0.61071
f 976/2608 1078/2874 1008/2762
f 940/2328 905/2280 1074/2780
f 900/2317 1112/2838 1090/2800
vt 0.94683 0.75268
vt 0.94703 0.75088
vt 0.94827 0.75227
f 1026/2875 1048/2876 1094/2877
vt 0.19947 0.90678
f 1036/2655 1164/2878 1007/2695
vt 0.76841 0.81405
vt 0.76710 0.81292
vt 0.76778 0.81155
f 1011/2879 1233/2880 1145/2881
vt 0.05527 0.75575
vt 0.05408 0.75643
f 1002/2786 1087/2882 1037/2883
vt 0.81813 0.01557
f 1044/2692 1163/2884 977/2730
vt 0.05152 0.41983
vt 0.05225 0.41782
f 1077/2565 1105/2885 1045/2886
vt 0.50833 0.88088
vt 0.51003 0.88003
vt 0.50890 0.88225
f 935/2887 1092/2888 1129/2889
vt 0.17404 0.28926
vt 0.17481 0.29225
vt 0.17295 0.29168
f 997/2890 1133/2891 1089/2892
vt 0.63815 0.21712
f 985/2119 1006/2560 1124/2893
vt 0.95007 0.70811
vt 0.94999 0.70678
vt 0.95059 0.70737
f 1008/2894 1078/2895 1138/2896
vt 0.05108 0.41687
f 981/2407 1099/2897 1049/2735
f 855/1836 1187/2480 1299/2591
vt 0.81733 0.02558
vt 0.81734 0.02663
f 1017/2748 1016/2898 1059/2899
f 1017/2748 1059/2899 1012/2747
vt 0.72518 0.57321
vt 0.72595 0.57491
f 1035/2900 956/2513 1159/2901
vt 0.96592 0.02154
f 959/2703 1027/2902 1014/2704
f 826/2064 1039/2572 1255/2614
f 998/2766 1096/2765 1108/2720
vt 0.15563 0.61306
f 976/2608 1088/2903 1078/2874
vt 0.98185 0.88377
vt 0.98122 0.88398
vt 0.98146 0.88305
f 951/2904 1069/2905 1029/2906
vt 0.96938 0.55399
vt 0.96963 0.55519
vt 0.96820 0.55543
f 1050/2907 899/2908 1080/2909
vt 0.52891 0.74664
f 966/2394 1247/2828 1071/2910
f 1004/2364 1049/2735 1125/2768
vt 0.97123 0.30700
vt 0.97035 0.30782
vt 0.97037 0.30592
f 1131/2911 1160/2912 1156/2913
vt 0.95896 0.07902
f 927/2822 1071/2821 1124/2914
vt 0.64022 0.21658
vt 0.63925 0.21697
f 1006/2560 927/2915 1124/2916
vt 0.14999 0.96264
f 986/2689 1150/2823 1111/2917
f 1016/2809 1029/2808 1069/2840
vt 0.94810 0.75176
f 1048/2876 1152/2918 1094/2877
vt 0.86176 0.91475
vt 0.86049 0.91492
f 994/2832 1081/2919 920/2920
vt 0.11116 0.41659
vt 0.11109 0.41766
f 1050/2579 1080/2921 1182/2922
vt 0.82855 0.55686
vt 0.82845 0.55633
vt 0.82905 0.55647
f 995/2923 1033/2924 1082/2925
vt 0.94773 0.42916
vt 0.94881 0.42916
f 1028/2712 1014/2926 1027/2927
f 956/2513 1130/2862 1159/2901
vt 0.02337 0.98883
vt 0.02379 0.98883
vt 0.02364 0.98950
f 1073/2928 1175/2929 1062/2930
vt 0.96629 0.94916
vt 0.96715 0.94925
vt 0.96702 0.95060
f 1016/2931 1047/2932 1059/2933
f 1002/2786 1067/2785 1087/2882
vt 0.82878 0.55532
f 1033/2714 1054/2652 1082/2934
vt 0.94886 0.43258
f 982/2713 1028/2712 1113/2935
f 982/2452 1113/2872 1238/2773
vt 0.16898 0.29005
f 1052/2729 1043/2757 1277/2936
vt 0.15656 0.61778
vt 0.15558 0.61758
f 1026/2937 1134/2938 1048/2783
f 1036/2655 1122/2634 1164/2878
vt 0.15806 0.59823
vt 0.15873 0.59994
vt 0.15734 0.59977
f 1085/2939 1038/2940 1068/2941
vt 0.82927 0.55082
f 1111/2715 1195/2942 903/2278
vt 0.87362 0.32153
f 1031/2776 1095/2775 1102/2943
vt 0.90540 0.31856
vt 0.90747 0.31828
vt 0.90643 0.31959
f 1056/2944 1243/2945 1113/2946
vt 0.97089 0.30802
f 1131/2911 1030/2947 1160/2912
vt 0.77249 0.07384
vt 0.77145 0.07398
f 1066/2491 1035/2948 1087/2949
vt 0.63588 0.21631
f 985/2119 1116/2950 1106/2702
vt 0.90491 0.31647
vt 0.90677 0.31600
vt 0.90502 0.31789
f 1083/2951 1206/2952 1056/2953
vt 0.70910 0.64732
vt 0.71158 0.64797
vt 0.70980 0.64973
f 1083/2954 1056/2955 1076/2956
vt 0.96521 0.55627
vt 0.96520 0.55699
vt 0.96392 0.55583
f 1048/2957 1023/2958 1086/2959
vt 0.96482 0.55571
f 1048/2957 1086/2959 1060/2960
f 943/2195 1300/2836 1120/2621
vt 0.15592 0.59829
f 1085/2939 1068/2941 1229/2961
vt 0.15688 0.94923
vt 0.15890 0.94938
f 1059/2962 1047/2841 1157/2963
vt 0.96459 0.55752
f 1023/2958 1084/2964 1086/2959
f 976/2608 1123/2851 1088/2903
vt 0.77141 0.80320
f 1035/2731 1037/2733 1087/2965
vt 0.81716 0.01760
vt 0.81977 0.01726
f 977/2966 1163/2884 1117/2967
f 1048/2783 1134/2938 1123/2851
f 932/2259 1222/2659 1280/2726
f 994/2832 1042/2706 1081/2919
vt 0.91847 0.78740
vt 0.91770 0.78826
vt 0.91738 0.78720
f 1026/2968 1094/2969 1134/2970
f 903/2278 1195/2942 1119/2653
vt 0.98235 0.12330
vt 0.98284 0.12402
vt 0.98241 0.12465
f 995/2971 1082/2972 1075/2973
vt 0.74194 0.27308
vt 0.74384 0.27238
vt 0.74321 0.27374
f 1009/2974 1127/2975 1109/2976
vt 0.93986 0.85745
vt 0.93976 0.86026
f 1009/2977 1097/2754 1127/2978
vt 0.91819 0.79006
vt 0.91597 0.79008
vt 0.91763 0.78897
f 1041/2979 1193/2980 1063/2981
f 1078/2874 1070/2835 1019/2861
vt 0.95027 0.07694
f 1019/2799 1091/2858 1078/2982
f 1056/2944 1206/2952 1243/2945
f 1032/2553 1110/2576 1113/2872
vt 0.95593 0.29892
vt 0.95708 0.30006
vt 0.95619 0.30009
f 1077/2983 1103/2984 1105/2985
vt 0.25561 0.02449
f 1222/2659 898/2177 1343/2986
vt 0.59043 0.08424
vt 0.59031 0.08217
vt 0.59125 0.08151
f 988/2987 1007/2988 1164/2989
vt 0.15584 0.61233
f 1078/2874 1088/2990 1070/2835
vt 0.45462 0.64299
f 969/2738 1021/2991 1072/2831
vt 0.05068 0.41203
f 1126/2728 1125/2768 1230/2992
vt 0.16649 0.28681
f 1011/2554 1052/2729 1213/2993
vt 0.76654 0.81385
f 1011/2879 1213/2994 1233/2880
vt 0.82926 0.55458
f 1054/2652 1119/2995 1082/2934
vt 0.59059 0.07621
vt 0.59010 0.07447
vt 0.59193 0.07504
f 1122/2996 1118/2997 1170/2998
vt 0.53643 0.75080
f 1129/2855 1166/2999 1074/2780
vt 0.78817 0.63395
f 1049/2856 1099/3000 1073/2857
vt 0.91985 0.66736
f 937/2824 1081/3001 1042/2635
vt 0.15438 0.27314
f 899/2494 1120/2621 1253/3002
vt 0.71277 0.64927
f 1110/3003 1076/2956 1056/2955
vt 0.76884 0.80566
vt 0.76664 0.80916
vt 0.76696 0.80634
f 1015/3004 1186/3005 1153/3006
f 1025/2842 1068/2941 1038/2940
vt 0.82404 0.76159
vt 0.82511 0.75996
vt 0.82429 0.76236
f 1062/3007 1192/3008 1112/3009
vt 0.95790 0.30092
vt 0.95768 0.30134
f 1103/2984 1090/3010 1098/3011
vt 0.95711 0.30108
f 1103/2984 1098/3011 1143/3012
vt 0.91006 0.08094
f 1136/2869 1061/2778 1227/3013
vt 0.90542 0.31460
vt 0.90637 0.31411
f 1083/2951 1199/3014 1140/3015
vt 0.04891 0.41386
f 1053/2462 1107/3016 1049/2735
vt 0.76856 0.80437
f 1015/3004 1153/3006 1067/3017
vt 0.75487 0.02391
f 1051/3018 1176/2846 1003/2511
vt 0.75522 0.02625
f 1051/3018 1106/3019 1176/2846
vt 0.95169 0.70692
f 1000/2642 1138/2896 1158/3020
vt 0.95187 0.70843
f 1000/2642 1158/3020 1064/3021
vt 0.20443 0.32283
vt 0.20314 0.32231
f 1110/2576 1167/3022 1115/3023
f 1043/2757 997/2890 1089/2892
f 1043/2757 1089/2892 1277/2936
vt 0.77102 0.07306
vt 0.76907 0.07256
f 1066/3024 1151/3025 885/2430
vt 0.11058 0.41855
f 1050/2579 1182/2922 1174/3026
vt 0.90515 0.31916
vt 0.90501 0.32003
f 1056/3027 1113/2946 1110/3028
f 1049/2735 1107/3016 1125/2768
vt 0.84940 0.59064
vt 0.84958 0.58980
f 1064/2845 1158/3029 1091/3030
vt 0.82896 0.55732
f 1092/2850 995/2752 1075/3031
vt 0.15881 0.94877
f 1047/2841 1101/2630 1128/3032
f 1047/2841 1128/3032 1157/2963
vt 0.95757 0.44551
vt 0.95728 0.44596
vt 0.95655 0.44524
f 1031/3033 1100/3034 1057/3035
vt 0.82675 0.76131
f 1021/2742 1085/2830 1162/3036
vt 0.82674 0.52702
f 1009/2834 1109/3037 1096/2765
vt 0.82345 0.75906
vt 0.82384 0.76069
f 1175/3038 1192/3008 1062/3039
f 1083/2951 1140/3015 1206/2952
vt 0.20010 0.31940
f 1113/2872 1142/3040 1238/2773
f 985/2119 1124/2893 1116/2950
vt 0.04678 0.41558
f 1053/2462 1093/2658 1261/3041
vt 0.23752 0.04293
f 961/2071 1104/3042 1190/2299
vt 0.26432 0.01415
f 1121/1862 1024/2530 1312/3043
vt 0.12339 0.93432
vt 0.12378 0.93281
vt 0.12365 0.93461
f 1048/3044 1060/3045 1152/3046
vt 0.93954 0.10925
f 1057/2863 1100/3047 1160/2864
vt 0.98422 0.27294
vt 0.98436 0.27196
vt 0.98475 0.27242
f 1073/3048 1099/3049 1175/3050
vt 0.51118 0.88140
f 1092/2888 1169/3051 1129/2889
vt 0.15688 0.60226
f 1046/2792 1178/3052 1025/2842
f 961/2071 1194/2361 1104/3042
vt 0.70809 0.64892
f 1083/2954 1076/2956 1201/3053
vt 0.82653 0.53910
vt 0.82652 0.53998
f 1101/2859 1135/3054 1132/3055
vt 0.97176 0.27791
vt 0.97179 0.27869
vt 0.97033 0.27857
f 899/3056 1253/3057 1080/3058
vt 0.81981 0.02706
f 1059/2812 1157/3059 1133/2870
vt 0.82545 0.76202
f 1112/3009 1192/3008 1149/3060
vt 0.68676 0.64847
vt 0.68752 0.64692
vt 0.68781 0.64837
f 1111/3061 1150/3062 1161/3063
f 1025/2842 1178/3052 1068/2941
vt 0.95644 0.30125
f 1103/2984 1143/3012 1181/3064
vt 0.95640 0.30059
f 1103/2984 1181/3064 1105/3065
vt 0.76995 0.80226
vt 0.77044 0.80314
vt 0.76805 0.80279
f 1066/3066 1087/3067 1151/3068
vt 0.71222 0.65111
f 1110/3003 1115/3069 1076/2956
vt 0.87235 0.32080
f 1031/2776 1102/2943 1100/3070
vt 0.16556 0.28448
f 988/2700 1171/3071 1251/2701
vt 0.59185 0.08393
f 988/2987 1164/2989 1171/3072
vt 0.45637 0.64156
f 1021/2991 1162/3073 1072/2831
vt 0.31183 0.93559
vt 0.31259 0.93501
vt 0.31239 0.93647
f 1118/3074 1040/3075 1188/3076
vt 0.15522 0.61166
f 1088/2990 1179/3077 1070/2835
vt 0.68474 0.65540
vt 0.68529 0.65209
vt 0.68737 0.65372
f 1082/3078 1119/3079 1249/3080
f 1085/2830 1149/3060 1162/3036
vt 0.15693 0.59640
f 1085/2939 1229/2961 1149/3081
vt 0.85090 0.59464
vt 0.84933 0.59420
f 1084/3082 1058/2866 1086/3083
vt 0.95012 0.07784
f 1078/2982 1091/2858 1137/3084
vt 0.84978 0.59738
vt 0.84939 0.59668
f 1063/2868 1094/3085 1152/3086
f 1063/2868 1152/3086 1058/2866
vt 0.73967 0.78775
f 1041/2489 1079/2561 1262/3087
vt 0.12411 0.93100
vt 0.12476 0.93100
f 1060/3045 1086/3088 1088/3089
vt 0.97620 0.17754
vt 0.97691 0.17823
vt 0.97601 0.17822
f 1101/3090 1132/3091 1128/3092
vt 0.52828 0.74811
vt 0.52835 0.74690
f 1247/2828 1172/3093 1071/3094
vt 0.24501 0.03482
f 902/2443 1329/3095 1005/2258
f 898/2177 1299/2591 1343/2986
vt 0.15987 0.28406
f 1251/2701 1373/3096 1114/2343
f 1101/2859 1155/2684 1135/3054
vt 0.12506 0.93374
f 1060/3045 1123/3097 1152/3046
vt 0.05071 0.41991
vt 0.04978 0.41865
f 1105/2885 1143/3098 1154/3099
f 1105/2885 1154/3099 1045/2886
vt 0.95948 0.07860
vt 0.95931 0.07971
f 1071/3100 1172/3101 1124/2914
vt 0.10941 0.42031
f 1147/2657 1050/2579 1240/3102
vt 0.91659 0.78811
f 1094/2969 1063/2981 1189/3103
f 1094/2969 1189/3103 1134/2970
vt 0.53535 0.75273
f 1074/2780 1166/2999 1209/3104
vt 0.82001 0.01540
f 1117/2967 1163/2884 1127/3105
vt 0.19082 0.31187
f 1079/2573 1196/2837 1262/3106
vt 0.59298 0.07709
f 1164/2989 1122/2996 1153/3107
vt 0.94134 0.86051
f 1097/2754 1117/3108 1127/2978
f 1087/3067 1067/3017 1151/3068
vt 0.15932 0.94874
f 1128/3032 1135/3109 1157/2963
vt 0.97035 0.62974
vt 0.97040 0.62876
vt 0.97095 0.62997
f 1030/3110 1131/3111 1177/3112
vt 0.95589 0.30099
f 1105/3065 1181/3064 1184/3113
vt 0.50768 0.88589
vt 0.50896 0.88525
vt 0.50796 0.88637
f 1105/3114 1184/3115 1143/3116
vt 0.98258 0.39198
vt 0.98220 0.39121
vt 0.98254 0.39140
f 1088/3117 1148/3118 1179/3119
vt 0.95035 0.70601
f 1138/2896 1078/2895 1148/3120
vt 0.12411 0.92981
f 1086/3088 1158/3121 1088/3089
vt 0.12451 0.93526
f 1134/3122 1152/3046 1123/3097
vt 0.98334 0.39832
vt 0.98388 0.39801
vt 0.98343 0.39858
f 1132/3123 1133/3124 1128/3125
vt 0.68438 0.65844
vt 0.68571 0.65618
vt 0.68627 0.65787
f 1092/3126 1075/3127 1169/3128
vt 0.90506 0.08334
vt 0.90670 0.08229
vt 0.90540 0.08433
f 1125/3129 1107/3130 1230/3131
vt 0.15244 0.27017
vt 0.15218 0.27078
vt 0.15052 0.27121
f 1050/3132 1174/3133 1240/3134
vt 0.17464 0.29496
f 1133/2891 1205/3135 1089/2892
vt 0.05024 0.41791
f 1099/2897 1045/2886 1175/3136
vt 0.53040 0.75230
f 940/2328 1074/2780 1295/3137
vt 0.76603 0.07065
f 857/2068 1188/3138 972/2661
f 1045/2886 1154/3099 1175/3136
f 1121/1862 1312/3043 1141/2444
f 1079/2573 945/2164 1196/2837
vt 0.03410 0.55548
f 1167/2771 1055/2535 1146/3139
vt 0.97751 0.14859
vt 0.97752 0.14782
vt 0.97818 0.14834
f 1078/3140 1137/3141 1148/3142
vt 0.97026 0.63026
f 1150/3143 1030/3110 1177/3112
vt 0.98027 0.36711
vt 0.97997 0.36651
vt 0.98061 0.36608
f 1112/3144 1149/3145 1098/3146
vt 0.97604 0.82606
vt 0.97566 0.82561
vt 0.97623 0.82569
f 1112/3147 1098/3148 1090/3149
vt 0.59209 0.07299
f 972/2739 1188/3150 1040/2740
vt 0.68602 0.65024
f 1119/3079 1195/3151 1249/3080
vt 0.12453 0.92923
f 1088/3089 1158/3121 1148/3152
vt 0.70590 0.64733
f 1083/2954 1201/3053 1199/3153
vt 0.15438 0.60647
f 1061/2761 1070/2835 1227/3154
f 1060/3045 1088/3089 1123/3097
vt 0.74435 0.27321
f 1127/2975 1183/3155 1109/2976
vt 0.05052 0.42033
vt 0.04944 0.42099
f 1143/3156 1098/3157 1154/3099
vt 0.15567 0.59570
f 1149/3081 1229/2961 1216/3158
f 1170/2998 1118/2997 1188/3150
vt 0.74005 0.78599
f 1041/2489 1262/3087 1193/3159
vt 0.98966 0.00211
vt 0.98944 0.00262
vt 0.98923 0.00211
f 1160/3160 1100/3161 1212/3162
vt 0.27463 0.00138
f 1147/2743 1273/3163 1139/2539
vt 0.22103 0.05749
f 1055/2727 1255/2614 1146/3164
f 1063/2981 1193/2980 1189/3103
vt 0.95165 0.07817
f 1091/2858 1224/3165 1137/3084
vt 0.45865 0.64068
vt 0.45965 0.64227
f 1072/2831 1203/3166 1093/3167
vt 0.15729 0.60620
vt 0.15452 0.60561
f 1136/3168 1236/3169 1046/2792
f 1114/2343 1373/3096 1300/2836
f 1149/3060 1192/3008 1162/3036
vt 0.87265 0.96013
vt 0.87189 0.96000
vt 0.87235 0.95998
f 1148/3170 1158/3171 1138/3172
f 1053/2462 1261/3041 1107/3016
vt 0.51049 0.88315
f 1129/2889 1169/3051 1166/3173
vt 0.97047 0.27992
f 1080/3058 1253/3057 1182/3174
vt 0.17615 0.29426
f 1132/3175 1205/3135 1133/2891
vt 0.32150 0.97588
vt 0.32114 0.97710
vt 0.32061 0.97641
f 1134/3176 1189/3177 1152/3178
f 1082/3078 1249/3080 1075/3127
vt 0.96833 0.82703
vt 0.96959 0.82852
vt 0.96820 0.82832
f 1174/3179 1182/3180 1214/3181
vt 0.82791 0.53472
f 1108/2720 1254/3182 1155/2684
vt 0.87038 0.31628
vt 0.86946 0.31770
vt 0.86869 0.31597
f 1111/3183 1161/3184 1195/3185
vt 0.15351 0.60828
f 1070/2835 1220/3186 1227/3154
vt 0.97125 0.65884
vt 0.97026 0.65922
vt 0.97031 0.65730
f 1160/3187 1177/3188 1156/3189
vt 0.82743 0.53857
vt 0.82650 0.53888
f 1155/2684 1157/3190 1135/3191
f 1122/2996 1170/2998 1153/3107
vt 0.70911 0.97555
vt 0.70890 0.97671
vt 0.70797 0.97610
f 1140/3192 1199/3193 1202/3194
vt 0.97105 0.62815
f 1131/3111 1156/3195 1177/3112
f 940/2328 1295/3137 1247/2828
vt 0.90748 0.32021
f 1113/2946 1243/2945 1142/3196
vt 0.82800 0.54010
f 1132/3055 1135/3054 1205/3197
vt 0.98407 0.39878
f 1128/3125 1133/3124 1165/3198
vt 0.76620 0.81185
f 1145/2881 1233/2880 1191/3199
vt 0.76711 0.07236
f 885/2430 1151/3025 1173/3200
vt 0.74431 0.27194
vt 0.74485 0.27060
f 1127/3201 1163/3202 1183/3155
vt 0.53676 0.75162
f 1166/2999 1184/3203 1209/3104
vt 0.75579 0.02665
vt 0.75638 0.02749
vt 0.75560 0.02878
f 1106/3204 1116/3205 1185/3206
vt 0.82697 0.53923
vt 0.82812 0.53903
f 1128/3207 1165/3208 1135/3054
vt 0.98015 0.36649
vt 0.98008 0.36569
f 1098/3146 1149/3209 1216/3210
vt 0.82024 0.02753
f 1133/2870 1157/3059 1165/3211
vt 0.82950 0.29102
vt 0.82880 0.29259
vt 0.82725 0.29000
f 1126/3212 1230/3213 1168/3214
f 1162/3073 1203/3166 1072/2831
vt 0.97175 0.27956
f 1253/3057 1214/3215 1182/3174
vt 0.32023 0.97679
f 1152/3178 1189/3177 1232/3216
vt 0.82804 0.53055
f 1096/2765 1260/3217 1108/2720
vt 0.95458 0.93362
vt 0.95312 0.93502
vt 0.95323 0.93379
f 1068/3218 1294/3219 1267/3220
vt 0.95456 0.93585
f 1068/3218 1178/3221 1294/3219
vt 0.82806 0.53736
f 1155/2684 1254/3182 1207/3222
f 857/2068 885/2430 1173/3200
vt 0.59296 0.08006
f 1153/3107 1186/3223 1164/2989
f 1135/3054 1165/3208 1205/3197
vt 0.82784 0.52780
f 1096/2765 1183/3224 1260/3217
vt 0.59292 0.08207
f 1164/2989 1186/3223 1191/3225
f 1164/2989 1191/3225 1171/3072
vt 0.76699 0.80453
f 1153/3006 1198/3226 1067/3017
vt 0.83015 0.28982
f 1095/3227 1126/3212 1168/3214
f 1145/2881 1191/3199 1186/3005
vt 0.70608 0.64835
f 1199/3153 1201/3053 1202/3228
vt 0.72752 0.57565
f 1130/2862 1176/3229 1159/2901
f 1109/3037 1183/3224 1096/2765
vt 0.96736 0.39862
vt 0.96685 0.39833
vt 0.96711 0.39792
f 1175/3230 1154/3231 1204/3232
vt 0.76739 0.80378
f 1067/3017 1198/3226 1252/3233
vt 0.75826 0.56048
vt 0.76016 0.56083
vt 0.75842 0.56110
f 1143/3234 1246/3235 1181/3236
vt 0.91477 0.87298
vt 0.91656 0.87432
vt 0.91473 0.87461
f 1140/3237 1215/3238 1206/3239
vt 0.84825 0.59588
f 1086/3083 1058/2866 1232/3240
vt 0.84934 0.59665
f 1152/3241 1232/3240 1058/2866
vt 0.92851 0.53048
vt 0.92943 0.53003
vt 0.92812 0.53104
f 1148/3242 1180/3243 1179/3244
vt 0.15362 0.61053
f 1070/2835 1268/3245 1220/3186
vt 0.50988 0.88625
f 1184/3115 1246/3246 1143/3116
vt 0.75885 0.56282
f 1181/3236 1246/3235 1209/3247
f 902/2443 1280/2726 1329/3095
f 1070/2835 1179/3077 1268/3245
vt 0.98383 0.51033
vt 0.98360 0.51146
vt 0.98322 0.51043
f 1137/3248 1180/3249 1148/3250
f 1067/3017 1252/3233 1151/3068
vt 0.53651 0.75246
f 1209/3104 1184/3203 1181/3251
f 1108/2720 1260/3217 1254/3182
vt 0.95393 0.93546
f 1178/3221 1259/3252 1294/3219
vt 0.15417 0.61633
vt 0.15185 0.61648
vt 0.15457 0.61336
f 1221/3253 1231/3254 1211/3255
vt 0.63669 0.21888
vt 0.63542 0.21822
f 1124/2893 1172/3256 1274/3257
vt 0.16921 0.29318
f 1089/2892 1371/3258 1277/2936
vt 0.84805 0.59371
f 1086/3083 1232/3240 1245/3259
vt 0.04789 0.42032
f 1098/3157 1216/3260 1154/3099
vt 0.10701 0.42216
f 1147/2657 1240/3102 1273/3261
vt 0.76660 0.80532
f 1153/3006 1170/3262 1198/3226
vt 0.82818 0.28800
f 1095/3227 1168/3214 1102/3263
vt 0.51202 0.88479
f 1166/3173 1169/3051 1264/3264
vt 0.96237 0.04844
vt 0.96309 0.05052
vt 0.96185 0.05057
f 1200/3265 1225/3266 1171/3267
vt 0.46252 0.63997
f 1093/3167 1203/3166 1261/3268
vt 0.95076 0.07898
f 1137/3084 1224/3165 1180/3269
f 1157/3190 1155/2684 1207/3222
f 1157/3190 1207/3222 1165/3208
vt 0.63491 0.21737
f 1116/2950 1274/3257 1185/3270
f 1124/2893 1274/3257 1116/2950
vt 0.97652 0.64933
vt 0.97569 0.65002
vt 0.97607 0.64928
f 1200/3271 1171/3272 1191/3273
vt 0.53292 0.75356
f 1074/2780 1209/3104 1210/3274
f 1074/2780 1210/3274 1295/3137
vt 0.15693 0.60263
vt 0.15571 0.60206
f 1178/3275 1046/2792 1259/3276
vt 0.15520 0.60635
f 1136/3168 1227/3277 1236/3169
vt 0.93917 0.11093
vt 0.93756 0.11082
f 1160/2864 1212/3278 1177/3279
vt 0.74738 0.27151
f 1044/2854 1159/2853 1283/3280
vt 0.95522 0.46091
vt 0.95450 0.46154
vt 0.95348 0.46109
f 1229/3281 1068/3282 1267/3283
vt 0.91605 0.87132
f 1140/3237 1202/3284 1215/3238
vt 0.17154 0.29692
f 1089/2892 1205/3135 1418/3285
vt 0.19566 0.31781
f 944/2193 1296/3286 1196/2837
vt 0.20314 0.32341
f 1167/3022 1272/3287 1115/3023
vt 0.97869 0.45257
vt 0.97922 0.45311
vt 0.97874 0.45404
f 1228/3288 1271/3289 1226/3290
vt 0.04681 0.41330
f 1107/3016 1261/3041 1281/3291
vt 0.82449 0.75897
vt 0.82431 0.75846
f 1175/3292 1204/3293 1192/3008
vt 0.68793 0.64904
vt 0.68937 0.65068
f 1161/3294 1336/3295 1195/3151
vt 0.59161 0.07471
vt 0.59310 0.07384
f 1170/3296 1188/3150 1198/3297
vt 0.15330 0.61878
vt 0.15356 0.62141
vt 0.15156 0.62117
f 1228/3298 1226/3299 1289/3300
vt 0.82761 0.28717
vt 0.82553 0.28740
vt 0.82590 0.28596
f 1100/3301 1263/3302 1212/3303
vt 0.68971 0.64872
f 1161/3063 1150/3062 1263/3304
vt 0.16432 0.28487
f 1171/3071 1225/3305 1251/2701
vt 0.90886 0.08372
f 1107/3130 1281/3306 1230/3131
f 1075/3127 1249/3080 1169/3128
vt 0.84775 0.59067
f 1091/3030 1158/3029 1224/3307
vt 0.74654 0.27354
f 1163/3202 1197/3308 1183/3155
vt 0.15293 0.27256
f 1174/3133 1214/3309 1240/3134
vt 0.92822 0.53530
vt 0.92929 0.53715
vt 0.92833 0.53768
f 1221/3310 1208/3311 1228/3312
f 1221/3253 1228/3298 1231/3254
vt 0.96486 0.38698
vt 0.96422 0.38785
vt 0.96375 0.38636
f 1167/3313 1146/3314 1272/3315
vt 0.96314 0.04851
f 1200/3265 1279/3316 1225/3266
f 1158/3029 1086/3083 1245/3259
f 1158/3029 1245/3259 1224/3307
vt 0.68927 0.64713
f 1150/3062 1177/3317 1263/3304
vt 0.70805 0.65094
vt 0.70868 0.64973
f 1076/2956 1270/3318 1201/3319
f 1163/3202 1044/2854 1283/3280
f 1249/3080 1195/3151 1336/3295
vt 0.72610 0.57847
f 1159/2901 1176/3229 1283/3320
f 857/2068 1173/3200 1188/3138
vt 0.82743 0.28813
f 1168/3214 1100/3321 1102/3263
vt 0.82627 0.28842
f 1100/3301 1266/3322 1263/3302
vt 0.96721 0.87283
vt 0.96650 0.87373
vt 0.96654 0.87162
f 1219/3323 1204/3324 1258/3325
vt 0.15453 0.59703
f 1229/2961 1223/3326 1216/3158
vt 0.26243 0.01843
f 1141/2444 1312/3043 1345/3327
vt 0.91551 0.78744
f 1189/3103 1193/2980 1208/3328
vt 0.52781 0.75065
f 1172/3093 1247/2828 1333/3329
vt 0.92840 0.53277
f 1179/3244 1180/3243 1211/3330
vt 0.70979 0.65196
f 1076/2956 1278/3331 1270/3318
vt 0.71208 0.65248
f 1115/3069 1272/3332 1278/3331
f 1115/3069 1278/3331 1076/2956
vt 0.82632 0.29251
f 1230/3213 1288/3333 1168/3214
vt 0.84850 0.59783
vt 0.84741 0.59768
f 1189/3334 1208/3335 1232/3240
vt 0.75301 0.02725
f 1106/3019 1217/3336 1176/2846
vt 0.10867 0.42281
f 1240/3102 1292/3337 1273/3261
vt 0.15217 0.27843
f 1253/3002 1120/2621 1432/3338
vt 0.91596 0.78624
vt 0.91490 0.78649
f 1228/3339 1208/3328 1271/3340
f 1106/3019 1185/3206 1217/3336
vt 0.22993 0.05180
f 1255/2614 1039/2572 1239/3341
vt 0.91502 0.87907
vt 0.91509 0.87674
vt 0.91635 0.87915
f 1142/3342 1243/3343 1301/3344
vt 0.04844 0.41835
f 1154/3099 1216/3260 1241/3345
vt 0.24182 0.03866
f 1005/2258 1276/3346 1194/2361
f 1039/2572 1248/2481 1239/3341
vt 0.92135 0.52679
vt 0.92031 0.52739
vt 0.91992 0.52443
f 1201/3347 1218/3348 1202/3349
vt 0.98557 0.50401
vt 0.98583 0.50475
vt 0.98521 0.50439
f 1219/3350 1313/3351 1204/3352
vt 0.69000 0.64750
f 1177/3317 1212/3353 1263/3304
f 1211/3255 1268/3245 1179/3077
vt 0.51014 0.88529
f 1166/3173 1264/3264 1184/3354
vt 0.52929 0.72824
vt 0.52787 0.72671
vt 0.53052 0.72809
f 1183/3355 1257/3356 1260/3357
f 1194/2361 1276/3346 1104/3042
vt 0.53309 0.72577
vt 0.53474 0.72825
f 1260/3357 1303/3358 1254/3359
vt 0.19965 0.31978
vt 0.19970 0.32171
f 1142/3360 1301/3361 1238/2773
f 1100/3321 1168/3214 1266/3322
vt 0.82663 0.75781
f 1192/3008 1204/3293 1290/3362
f 1161/3294 1263/3304 1336/3295
vt 0.94715 0.17536
vt 0.94819 0.17598
vt 0.94755 0.17678
f 1204/3363 1313/3364 1290/3365
vt 0.96393 0.00110
vt 0.96526 0.00234
vt 0.96371 0.00227
f 1201/3366 1270/3367 1218/3368
vt 0.92988 0.53355
f 1211/3330 1245/3369 1221/3310
vt 0.91495 0.87515
f 1206/3370 1215/3238 1243/3343
vt 0.15149 0.61223
f 1211/3255 1332/3371 1268/3245
f 1211/3255 1231/3254 1332/3371
vt 0.96608 0.39787
f 1154/3231 1241/3372 1204/3232
vt 0.91932 0.52760
f 1202/3349 1218/3348 1215/3373
vt 0.92996 0.53511
f 1221/3310 1232/3374 1208/3311
vt 0.79074 0.96027
vt 0.79084 0.96188
vt 0.78970 0.96122
f 1200/3375 1191/3376 1244/3377
f 1238/2773 1296/3286 944/2193
f 1089/2892 1418/3285 1371/3258
vt 0.04720 0.41943
f 1216/3260 1308/3378 1241/3345
f 1046/2792 1236/3169 1259/3276
vt 0.15310 0.60620
f 1227/3277 1235/3379 1236/3169
f 1163/3202 1283/3280 1197/3308
f 1221/3310 1245/3369 1232/3374
vt 0.27632 0.00257
f 1273/3163 1319/3380 1139/2539
vt 0.23651 0.04684
f 1190/2299 1104/3042 1297/3381
f 1329/3095 1276/3346 1005/2258
f 1141/2444 1345/3327 1187/2480
vt 0.79026 0.96272
f 1191/3376 1233/3382 1244/3377
vt 0.96768 0.91729
vt 0.96610 0.91711
vt 0.96724 0.91615
f 1233/3383 1213/3384 1244/3385
vt 0.94726 0.17450
vt 0.94840 0.17413
f 1219/3386 1258/3387 1313/3364
vt 0.46063 0.63877
f 1261/3268 1203/3166 1237/3388
vt 0.27544 0.94614
vt 0.27747 0.94711
vt 0.27556 0.94841
f 1193/3389 1262/3390 1291/3391
vt 0.15245 0.60637
f 1227/3154 1220/3186 1235/3392
vt 0.53711 0.72817
vt 0.53903 0.72568
vt 0.53941 0.72821
f 1207/3393 1315/3394 1165/3395
vt 0.72780 0.57908
f 1176/3229 1217/3396 1283/3320
vt 0.54062 0.72774
f 1165/3395 1315/3394 1205/3397
vt 0.71349 0.65432
vt 0.71192 0.65304
f 1272/3332 1146/3398 1250/3399
vt 0.15158 0.60924
f 1268/3245 1341/3400 1220/3186
vt 0.76621 0.80291
vt 0.76701 0.80206
f 1151/3068 1252/3401 1173/3402
f 1228/3298 1289/3300 1231/3254
vt 0.95885 0.77790
vt 0.95931 0.77572
vt 0.96035 0.77784
f 1225/3403 1279/3404 1293/3405
vt 0.74543 0.27485
f 1183/3155 1197/3308 1257/3406
vt 0.04800 0.42177
vt 0.04721 0.42214
f 1223/3407 1234/3408 1216/3260
vt 0.84740 0.59240
f 1245/3259 1211/3409 1224/3307
vt 0.36605 0.94829
vt 0.36382 0.94781
vt 0.36571 0.94652
f 1226/3410 1271/3411 1339/3412
vt 0.36613 0.94734
f 1226/3410 1339/3412 1338/3413
vt 0.95450 0.45942
f 1229/3281 1267/3283 1256/3414
vt 0.95502 0.45952
f 1229/3281 1256/3414 1223/3415
vt 0.27565 0.00554
f 1139/2539 1319/3380 1275/3416
vt 0.63653 0.21916
vt 0.63642 0.22103
vt 0.63583 0.21972
f 1172/3417 1333/3418 1274/3419
vt 0.82364 0.29131
f 1168/3214 1288/3333 1285/3420
vt 0.22897 0.05693
f 1255/2614 1239/3341 1419/3421
vt 0.93004 0.52998
f 1180/3243 1224/3422 1211/3330
f 1184/3354 1264/3264 1246/3246
vt 0.96612 0.39663
f 1241/3372 1269/3423 1204/3232
vt 0.92133 0.53172
vt 0.91992 0.53209
vt 0.92000 0.52997
f 1265/3424 1301/3425 1242/3426
vt 0.18776 0.30788
vt 0.18639 0.30936
vt 0.18636 0.30778
f 1226/3427 1338/3428 1289/3429
vt 0.15149 0.60340
f 1236/3169 1353/3430 1259/3276
vt 0.26867 0.01558
f 1024/2530 1482/3431 1312/3043
vt 0.04775 0.42259
vt 0.04684 0.42314
f 1223/3432 1256/3433 1234/3408
vt 0.20166 0.32286
vt 0.19939 0.32528
f 1265/3434 1386/3435 1301/3361
vt 0.96719 0.39624
f 1204/3232 1269/3423 1258/3436
vt 0.45911 0.63945
f 1162/3437 1237/3388 1203/3166
vt 0.15104 0.27328
f 1214/3309 1327/3438 1240/3134
f 1248/2481 1190/2299 1297/3381
vt 0.53034 0.72507
f 1257/3356 1317/3439 1260/3357
vt 0.94331 0.44414
vt 0.94412 0.44229
vt 0.94546 0.44496
f 1242/3440 1218/3441 1278/3442
vt 0.96850 0.66023
vt 0.96896 0.65867
vt 0.96934 0.66054
f 1259/3443 1302/3444 1294/3445
vt 0.69030 0.65737
f 1169/3128 1249/3080 1361/3446
vt 0.15478 0.59733
vt 0.15458 0.59848
vt 0.15359 0.59649
f 1234/3447 1256/3448 1310/3449
vt 0.97895 0.37156
vt 0.97950 0.37227
vt 0.97898 0.37225
f 1200/3450 1244/3451 1279/3452
vt 0.76605 0.07237
f 1173/3200 1252/3453 1188/3138
vt 0.95297 0.45958
vt 0.95408 0.45925
f 1267/3283 1302/3454 1256/3455
vt 0.91668 0.87787
f 1243/3343 1215/3238 1242/3456
vt 0.16472 0.29173
f 1052/2729 1277/2936 1406/3457
vt 0.59431 0.07324
f 1198/3297 1188/3150 1252/3458
f 1120/2621 1300/2836 1432/3338
vt 0.15238 0.27459
f 1214/3309 1253/3002 1286/3459
f 1243/3343 1242/3456 1301/3344
vt 0.22380 0.05981
f 1255/2614 1307/3460 1146/3164
vt 0.82724 0.75866
f 1162/3036 1192/3008 1237/3461
vt 0.16479 0.28782
f 1052/2729 1316/3462 1213/2993
f 1052/2729 1406/3457 1316/3462
vt 0.75504 0.03051
vt 0.75325 0.02981
f 1185/3206 1274/3463 1326/3464
f 1185/3206 1326/3464 1217/3336
vt 0.94436 0.44644
f 1242/3440 1278/3442 1265/3465
f 1247/2828 1295/3137 1333/3329
vt 0.19687 0.32204
f 1301/3361 1330/3466 1238/2773
vt 0.96810 0.65828
f 1259/3443 1304/3467 1302/3444
vt 0.15190 0.27338
f 1214/3309 1286/3459 1327/3468
vt 0.94867 0.17478
f 1258/3387 1269/3469 1313/3364
vt 0.25953 0.02220
f 1187/2480 1298/3470 1299/2591
vt 0.19089 0.31563
f 1196/2837 1296/3286 1325/3471
vt 0.76111 0.56474
f 1209/3247 1246/3235 1323/3472
f 1218/3348 1242/3426 1215/3373
vt 0.71305 0.65618
vt 0.71171 0.65523
f 1146/3398 1307/3473 1355/3474
vt 0.94565 0.44286
f 1218/3441 1270/3475 1278/3442
f 1303/3358 1260/3357 1317/3439
vt 0.15120 0.61030
vt 0.15262 0.60991
f 1268/3245 1287/3476 1341/3477
f 1192/3008 1290/3362 1237/3461
vt 0.96596 0.91591
f 1244/3385 1213/3384 1293/3478
vt 0.46347 0.63708
f 1237/3388 1340/3479 1261/3268
vt 0.50731 0.95995
vt 0.50740 0.96249
vt 0.50614 0.96068
f 1263/3480 1266/3481 1322/3482
vt 0.53684 0.72585
f 1254/3359 1314/3483 1207/3393
vt 0.96253 0.63366
vt 0.96263 0.63480
vt 0.96128 0.63408
f 1327/3484 1286/3485 1324/3486
vt 0.15464 0.59659
vt 0.15443 0.59562
f 1234/3487 1310/3449 1216/3488
vt 0.68939 0.65825
f 1264/3489 1169/3128 1361/3446
vt 0.91441 0.78890
f 1208/3328 1193/2980 1291/3490
f 1208/3328 1291/3490 1271/3340
vt 0.96587 0.91631
f 1213/3384 1316/3491 1293/3478
vt 0.54064 0.72568
f 1205/3397 1315/3394 1349/3492
vt 0.17417 0.29749
f 1205/3135 1349/3493 1418/3285
f 1139/2539 1275/3416 1144/2660
vt 0.98672 0.92211
vt 0.98716 0.92236
vt 0.98672 0.92310
f 1268/3494 1332/3495 1287/3496
vt 0.25224 0.03348
f 1222/2659 1369/3497 1280/2726
vt 0.16434 0.28670
vt 0.16259 0.28607
f 1225/3305 1293/3498 1284/3499
f 1225/3305 1284/3499 1251/2701
f 1254/3359 1303/3358 1314/3483
f 1262/3106 1196/2837 1325/3471
vt 0.97937 0.37296
f 1279/3452 1244/3451 1293/3500
vt 0.90857 0.08678
f 1230/3131 1281/3306 1282/3501
vt 0.90529 0.08645
f 1230/3131 1282/3501 1288/3502
vt 0.30627 0.96384
vt 0.30570 0.96415
vt 0.30572 0.96263
f 1272/3503 1250/3504 1278/3505
vt 0.96150 0.63150
vt 0.96274 0.63162
vt 0.96179 0.63315
f 1267/3506 1294/3507 1302/3508
f 1251/2701 1284/3499 1373/3096
vt 0.46501 0.63831
f 1261/3268 1340/3479 1281/3509
vt 0.36373 0.94577
f 1271/3411 1291/3510 1339/3412
f 1207/3393 1314/3483 1315/3394
vt 0.46130 0.63793
f 1237/3388 1290/3511 1340/3479
vt 0.20177 0.32462
f 1265/3434 1250/3512 1386/3435
vt 0.15370 0.60003
f 1256/3448 1304/3513 1310/3449
vt 0.25530 0.02895
f 1343/2986 1356/3514 1222/2659
vt 0.71187 0.65356
f 1146/3398 1355/3474 1250/3515
vt 0.75877 0.56641
f 1209/3247 1323/3472 1210/3516
vt 0.94579 0.44672
f 1265/3465 1278/3442 1250/3517
vt 0.69145 0.65071
f 1336/3295 1263/3304 1322/3518
vt 0.82619 0.28870
f 1168/3214 1285/3420 1266/3519
vt 0.18466 0.30830
f 1289/3429 1338/3428 1337/3520
f 1238/2773 1330/3466 1296/3286
vt 0.97733 0.75932
vt 0.97805 0.76041
vt 0.97719 0.76021
f 1256/3521 1302/3522 1304/3523
vt 0.82453 0.29386
f 1288/3333 1318/3524 1285/3420
vt 0.15001 0.60666
f 1220/3186 1341/3400 1352/3525
f 1220/3186 1352/3525 1235/3392
vt 0.15336 0.59444
f 1216/3488 1310/3449 1308/3526
vt 0.76352 0.56141
f 1246/3235 1264/3527 1323/3472
vt 0.15264 0.59243
vt 0.15415 0.59348
vt 0.15219 0.59465
f 1269/3528 1241/3529 1320/3530
vt 0.36547 0.94554
f 1339/3412 1291/3510 1311/3531
vt 0.14918 0.62003
f 1289/3300 1305/3532 1231/3254
f 1304/3513 1259/3276 1353/3430
f 1255/2614 1419/3421 1307/3460
f 1253/3002 1432/3338 1286/3459
vt 0.82639 0.75739
vt 0.82710 0.75689
f 1313/3533 1306/3534 1290/3362
vt 0.46237 0.63729
f 1290/3511 1306/3535 1340/3479
vt 0.14964 0.62115
f 1289/3300 1337/3536 1305/3532
vt 0.15278 0.59427
f 1241/3529 1308/3537 1320/3530
vt 0.69069 0.65590
f 1249/3080 1309/3538 1361/3446
vt 0.24751 0.03808
f 1329/3095 1426/3539 1276/3346
vt 0.23463 0.05071
f 1248/2481 1297/3381 1381/3540
vt 0.18891 0.31196
f 1262/3106 1325/3471 1311/3541
vt 0.10700 0.42386
f 1273/3261 1292/3337 1319/3542
vt 0.27761 0.94872
f 1262/3390 1311/3543 1291/3391
f 1330/3466 1301/3361 1386/3435
vt 0.96166 0.63615
f 1286/3485 1359/3544 1324/3486
vt 0.74655 0.27800
f 1257/3406 1197/3308 1383/3545
vt 0.72754 0.58179
f 1217/3396 1326/3546 1283/3320
vt 0.69099 0.65378
f 1249/3080 1336/3295 1285/3547
vt 0.24360 0.04255
f 1276/3346 1461/3548 1104/3042
vt 0.19563 0.32106
f 1296/3286 1330/3466 1335/3549
vt 0.15163 0.59899
f 1304/3513 1376/3550 1310/3449
vt 0.82371 0.28911
f 1266/3519 1285/3420 1322/3551
vt 0.18730 0.31252
vt 0.18722 0.31044
f 1311/3541 1409/3552 1339/3553
vt 0.14968 0.61181
f 1332/3371 1385/3554 1287/3476
vt 0.15157 0.27680
f 1286/3459 1432/3338 1379/3555
f 1293/3498 1316/3462 1284/3499
vt 0.53685 0.72383
f 1314/3483 1303/3358 1346/3556
vt 0.15122 0.59380
f 1269/3528 1320/3530 1364/3557
vt 0.14774 0.27353
f 1327/3438 1416/3558 1240/3134
f 1248/2481 1381/3540 1239/3341
vt 0.27120 0.01101
f 1144/2660 1348/3559 1024/2530
vt 0.15104 0.60580
f 1235/3379 1375/3560 1236/3169
vt 0.20111 0.32632
f 1250/3512 1355/3561 1386/3435
vt 0.96231 0.63704
f 1286/3485 1379/3562 1359/3544
vt 0.75344 0.03204
f 1274/3463 1342/3563 1326/3464
f 1249/3080 1285/3547 1309/3538
vt 0.45378 0.51711
vt 0.45187 0.51454
vt 0.45409 0.51626
f 1334/3564 1453/3565 1347/3566
vt 0.90537 0.08763
vt 0.90714 0.08774
f 1318/3567 1288/3502 1413/3568
vt 0.14929 0.61391
f 1332/3371 1231/3254 1350/3569
vt 0.74726 0.27562
f 1197/3308 1372/3570 1383/3545
f 1197/3308 1283/3280 1372/3570
vt 0.15174 0.59597
f 1310/3449 1376/3550 1321/3571
vt 0.52757 0.72537
vt 0.52772 0.72273
f 1317/3439 1257/3572 1357/3573
vt 0.53105 0.75449
f 1295/3137 1210/3274 1358/3574
vt 0.19444 0.31874
f 1296/3286 1335/3549 1328/3575
f 1369/3497 1222/2659 1356/3514
f 1299/2591 1298/3470 1343/2986
vt 0.16144 0.28918
f 1316/3462 1407/3576 1284/3499
vt 0.72631 0.58290
f 1283/3320 1326/3546 1372/3577
vt 0.75594 0.03241
vt 0.75696 0.03369
vt 0.75464 0.03419
f 1274/3578 1333/3579 1331/3580
vt 0.14845 0.27129
f 1292/3581 1240/3134 1416/3558
vt 0.48154 0.84775
vt 0.48039 0.84864
vt 0.48024 0.84761
f 1313/3582 1384/3583 1306/3584
vt 0.26610 0.01983
f 1312/3043 1440/3585 1345/3327
vt 0.10723 0.42491
f 1319/3542 1292/3337 1360/3586
vt 0.74533 0.27898
f 1257/3406 1383/3545 1357/3587
vt 0.46479 0.63538
f 1281/3509 1340/3479 1282/3588
vt 0.52827 0.75366
f 1295/3137 1370/3589 1333/3329
f 1288/3502 1282/3501 1413/3568
vt 0.48205 0.84846
vt 0.48307 0.84826
vt 0.48231 0.84980
f 1313/3590 1269/3591 1364/3592
vt 0.03657 0.59123
vt 0.03693 0.59275
vt 0.03540 0.59111
f 1347/3593 1351/3594 1334/3595
vt 0.98681 0.50512
vt 0.98724 0.50562
vt 0.98672 0.50602
f 1320/3596 1308/3597 1321/3598
vt 0.82359 0.29494
f 1318/3524 1309/3599 1285/3420
f 1187/2480 1345/3327 1298/3470
f 1296/3286 1328/3575 1325/3471
vt 0.14902 0.61731
f 1231/3254 1305/3532 1427/3600
vt 0.76410 0.56367
f 1323/3472 1264/3527 1363/3601
f 1304/3513 1353/3430 1376/3550
f 1353/3430 1236/3169 1375/3560
f 1310/3449 1321/3571 1308/3526
f 1311/3541 1325/3471 1409/3552
vt 0.45223 0.51763
f 1334/3564 1458/3602 1453/3565
vt 0.53422 0.71973
f 1303/3358 1422/3603 1346/3556
vt 0.15032 0.27550
f 1327/3438 1366/3604 1416/3558
vt 0.53002 0.72018
f 1317/3439 1357/3573 1362/3605
vt 0.91035 0.07874
vt 0.90977 0.07626
vt 0.91127 0.07685
f 1235/3606 1352/3607 1375/3608
f 1313/3582 1364/3592 1384/3583
vt 0.18583 0.31037
f 1339/3553 1409/3552 1338/3609
vt 0.96261 0.20827
vt 0.96128 0.20782
vt 0.96259 0.20639
f 1327/3610 1324/3611 1366/3612
vt 0.98055 0.22637
vt 0.98037 0.22785
vt 0.97975 0.22681
f 1328/3613 1335/3614 1452/3615
f 1024/2530 1348/3559 1482/3431
vt 0.53771 0.72304
f 1314/3483 1346/3616 1315/3394
vt 0.75918 0.56905
f 1210/3516 1323/3472 1358/3617
vt 0.69149 0.65530
vt 0.69343 0.65568
vt 0.69152 0.65631
f 1318/3618 1413/3619 1309/3620
vt 0.23272 0.05524
f 1239/3341 1368/3621 1419/3421
f 1336/3295 1322/3518 1285/3547
vt 0.14793 0.62029
f 1305/3532 1380/3622 1427/3600
vt 0.69277 0.65838
f 1361/3446 1309/3620 1442/3623
f 1332/3371 1350/3569 1385/3554
vt 0.15016 0.59563
f 1320/3530 1344/3624 1364/3557
f 1231/3254 1427/3600 1350/3569
f 1303/3358 1317/3439 1422/3603
vt 0.52947 0.75483
f 1295/3137 1358/3574 1387/3625
vt 0.54070 0.72190
f 1349/3492 1315/3394 1435/3626
vt 0.97857 0.07617
vt 0.97953 0.07663
vt 0.97865 0.07727
f 1320/3627 1321/3628 1344/3629
vt 0.98218 0.95924
vt 0.98270 0.95897
vt 0.98265 0.95990
f 1385/3630 1424/3631 1287/3632
vt 0.75658 0.03618
f 1333/3579 1370/3633 1331/3580
vt 0.24076 0.04703
f 1104/3042 1461/3548 1518/3634
vt 0.14818 0.60932
f 1341/3400 1405/3635 1352/3525
vt 0.75077 0.38442
vt 0.74877 0.38522
vt 0.74947 0.38385
f 1458/3636 1334/3637 1388/3638
vt 0.76455 0.56207
f 1264/3527 1361/3639 1363/3601
vt 0.14622 0.27216
f 1292/3581 1416/3558 1360/3640
f 1276/3346 1426/3539 1461/3548
vt 0.18457 0.31128
f 1338/3609 1409/3552 1354/3641
f 1280/2726 1369/3497 1426/3539
vt 0.18517 0.30989
f 1338/3609 1354/3641 1337/3642
vt 0.72737 0.58390
f 1326/3546 1342/3643 1372/3577
f 1329/3095 1280/2726 1426/3539
vt 0.15439 0.28161
f 1300/2836 1373/3096 1390/3644
f 1274/3463 1331/3580 1342/3563
vt 0.14784 0.62034
f 1305/3532 1337/3536 1380/3645
vt 0.18370 0.30930
f 1337/3642 1354/3641 1378/3646
f 1370/3589 1295/3137 1387/3625
vt 0.97666 0.19171
vt 0.97598 0.19308
vt 0.97542 0.19191
f 1453/3647 1351/3648 1347/3649
vt 0.78502 0.94811
vt 0.78459 0.95193
vt 0.78462 0.94927
f 1350/3650 1427/3651 1400/3652
vt 0.27443 0.00941
f 1144/2660 1382/3653 1348/3559
vt 0.14884 0.60949
vt 0.15018 0.60980
f 1287/3476 1405/3654 1341/3655
vt 0.14833 0.61160
f 1287/3476 1424/3656 1405/3654
vt 0.16902 0.29500
f 1371/3258 1418/3285 1393/3657
f 1275/3416 1382/3653 1144/2660
vt 0.53700 0.72137
f 1346/3556 1422/3603 1414/3658
vt 0.46207 0.63595
vt 0.46299 0.63444
f 1340/3479 1306/3659 1404/3660
f 1422/3603 1317/3439 1362/3605
vt 0.81029 0.97687
vt 0.80917 0.97776
vt 0.80920 0.97655
f 1452/3661 1377/3662 1328/3663
vt 0.03836 0.59062
vt 0.03936 0.59116
vt 0.03780 0.59165
f 1453/3664 1367/3665 1351/3666
vt 0.03622 0.59405
f 1334/3595 1351/3594 1389/3667
f 1309/3620 1413/3619 1442/3623
vt 0.27781 0.00383
f 1319/3380 1360/3668 1275/3416
vt 0.26386 0.02472
f 1298/3470 1345/3327 1536/3669
f 1312/3043 1482/3431 1440/3585
f 1277/2936 1371/3258 1406/3457
vt 0.46028 0.63460
vt 0.46178 0.63434
f 1306/3659 1384/3670 1365/3671
vt 0.19199 0.31902
f 1328/3575 1377/3672 1325/3471
vt 0.17490 0.30132
vt 0.17302 0.30203
f 1349/3493 1435/3673 1501/3674
f 1316/3462 1406/3457 1407/3576
vt 0.14945 0.60500
f 1353/3430 1375/3560 1374/3675
f 1306/3659 1365/3671 1404/3660
vt 0.03499 0.59336
f 1334/3595 1389/3667 1388/3676
f 1284/3499 1407/3576 1373/3096
vt 0.96122 0.20539
f 1324/3611 1359/3677 1366/3612
vt 0.40868 0.93560
vt 0.40954 0.93369
vt 0.40942 0.93583
f 1378/3678 1380/3679 1337/3680
f 1432/3338 1300/2836 1390/3644
vt 0.69043 0.65976
vt 0.69250 0.66048
f 1363/3681 1361/3446 1420/3682
f 1104/3042 1518/3634 1297/3381
vt 0.26128 0.02733
f 1298/3470 1675/3683 1343/2986
vt 0.75742 0.03917
vt 0.75539 0.03827
f 1370/3633 1387/3684 1475/3685
f 1361/3446 1442/3623 1420/3682
vt 0.98650 0.93488
vt 0.98655 0.93547
vt 0.98606 0.93526
f 1344/3686 1321/3687 1402/3688
vt 0.75329 0.03488
f 1342/3563 1331/3580 1449/3689
f 1340/3479 1404/3660 1282/3588
vt 0.96255 0.20530
f 1366/3612 1359/3677 1379/3690
vt 0.76411 0.56807
f 1323/3472 1472/3691 1358/3617
vt 0.03867 0.59259
f 1351/3666 1367/3665 1403/3692
vt 0.76399 0.56616
f 1323/3472 1363/3601 1401/3693
f 1323/3472 1401/3693 1472/3691
vt 0.44993 0.51620
f 1458/3602 1392/3694 1453/3565
vt 0.22848 0.06125
vt 0.22527 0.06162
f 1307/3460 1555/3695 1428/3696
vt 0.48272 0.85178
vt 0.48145 0.85247
f 1364/3592 1344/3697 1450/3698
vt 0.14963 0.60064
f 1376/3550 1353/3430 1417/3699
f 1239/3341 1381/3540 1368/3621
vt 0.98777 0.50724
vt 0.98777 0.50838
vt 0.98742 0.50788
f 1282/3700 1404/3701 1413/3702
vt 0.14970 0.59698
f 1321/3571 1376/3550 1402/3703
vt 0.18120 0.31035
f 1354/3641 1415/3704 1378/3646
vt 0.53766 0.72132
f 1346/3616 1414/3705 1315/3394
vt 0.91024 0.07458
f 1352/3607 1391/3706 1375/3608
f 1379/3555 1432/3338 1366/3604
vt 0.53990 0.72047
f 1435/3626 1315/3394 1443/3707
f 1315/3394 1414/3705 1443/3707
vt 0.14844 0.60697
f 1352/3525 1405/3635 1391/3708
vt 0.40853 0.93410
vt 0.40862 0.93285
f 1380/3679 1378/3709 1415/3710
vt 0.14886 0.61264
vt 0.14846 0.61354
f 1385/3711 1350/3712 1424/3656
f 1351/3594 1403/3692 1389/3667
vt 0.75455 0.03521
f 1370/3633 1475/3685 1331/3713
vt 0.16905 0.29702
f 1418/3285 1448/3714 1393/3657
vt 0.48082 0.85015
f 1364/3592 1450/3698 1384/3715
f 1307/3460 1419/3421 1555/3695
vt 0.80838 0.96299
vt 0.80800 0.96190
vt 0.80908 0.96165
f 1360/3716 1527/3717 1436/3718
vt 0.14481 0.27412
f 1360/3640 1416/3558 1527/3719
vt 0.18831 0.31953
f 1325/3471 1377/3672 1447/3720
vt 0.04254 0.59208
f 1367/3665 1394/3721 1403/3692
vt 0.14961 0.59656
vt 0.14846 0.59648
f 1402/3722 1450/3723 1344/3624
vt 0.45006 0.50996
vt 0.45185 0.51280
f 1453/3565 1395/3724 1367/3725
vt 0.14867 0.60591
f 1375/3560 1412/3726 1374/3675
vt 0.16599 0.29491
f 1393/3657 1494/3727 1371/3258
vt 0.71097 0.65746
f 1355/3474 1307/3473 1396/3728
vt 0.20055 0.32672
vt 0.19929 0.32824
f 1355/3729 1396/3730 1386/3435
f 1349/3493 1501/3674 1418/3285
vt 0.71251 0.65812
f 1307/3473 1428/3731 1396/3728
vt 0.72731 0.58673
vt 0.72577 0.58590
f 1372/3577 1449/3732 1383/3733
vt 0.14599 0.61855
vt 0.14780 0.61699
f 1380/3645 1451/3734 1427/3735
vt 0.14939 0.59691
vt 0.14924 0.59869
vt 0.14679 0.59854
f 1402/3736 1398/3737 1477/3738
f 1402/3722 1477/3738 1450/3723
vt 0.69369 0.65770
f 1442/3623 1413/3619 1425/3739
vt 0.45297 0.51008
vt 0.45236 0.50675
f 1394/3740 1395/3724 1439/3741
vt 0.04668 0.59255
vt 0.04494 0.59403
f 1394/3721 1439/3742 1466/3743
f 1367/3725 1395/3724 1394/3740
vt 0.99163 0.35489
vt 0.99138 0.35453
vt 0.99163 0.35433
f 1375/3744 1391/3745 1412/3746
vt 0.84349 0.92933
vt 0.84465 0.92897
vt 0.84467 0.93050
f 1397/3747 1431/3748 1421/3749
f 1325/3471 1447/3720 1409/3552
vt 0.93688 0.31180
vt 0.93809 0.31240
vt 0.93734 0.31397
f 1397/3750 1399/3751 1456/3752
f 1372/3577 1342/3643 1449/3732
vt 0.93592 0.31283
f 1397/3750 1456/3752 1431/3753
vt 0.76168 0.57195
vt 0.75900 0.57121
f 1358/3617 1492/3754 1387/3755
vt 0.96695 0.24347
vt 0.96629 0.24566
vt 0.96605 0.24392
f 1393/3756 1448/3757 1446/3758
vt 0.27849 0.00786
f 1275/3416 1468/3759 1382/3653
vt 0.16198 0.29381
f 1406/3457 1610/3760 1407/3576
vt 0.15747 0.28922
f 1407/3576 1605/3761 1373/3096
vt 0.53672 0.71891
f 1422/3603 1483/3762 1414/3658
f 1394/3721 1466/3743 1403/3692
vt 0.46008 0.63219
f 1384/3670 1444/3763 1365/3671
vt 0.97121 0.44255
vt 0.97016 0.44340
vt 0.97006 0.44185
f 1452/3764 1520/3765 1377/3766
vt 0.14808 0.61475
f 1350/3712 1400/3767 1424/3656
vt 0.14849 0.60497
vt 0.14659 0.60572
vt 0.14828 0.60331
f 1411/3768 1463/3769 1408/3770
vt 0.47978 0.97548
vt 0.48074 0.97580
vt 0.47972 0.97672
f 1411/3771 1412/3772 1463/3773
vt 0.84408 0.93265
f 1397/3747 1421/3749 1429/3774
vt 0.69483 0.65627
vt 0.69473 0.65709
f 1413/3619 1404/3775 1425/3776
f 1358/3617 1472/3691 1492/3754
vt 0.14880 0.60215
vt 0.14792 0.60077
vt 0.14887 0.60105
f 1408/3777 1410/3778 1417/3779
vt 0.84232 0.93077
vt 0.84265 0.92922
f 1397/3747 1433/3780 1399/3781
vt 0.96692 0.15826
vt 0.96597 0.15743
vt 0.96689 0.15590
f 1393/3782 1446/3783 1494/3784
vt 0.04033 0.59530
f 1403/3692 1423/3785 1389/3667
f 1417/3779 1410/3778 1398/3737
vt 0.19371 0.32277
f 1335/3549 1330/3466 1437/3786
f 1398/3737 1410/3778 1477/3738
vt 0.18426 0.31555
f 1409/3552 1574/3787 1354/3641
vt 0.14943 0.59832
f 1402/3703 1376/3550 1398/3788
f 1376/3550 1417/3699 1398/3788
f 1403/3692 1466/3743 1423/3785
f 1397/3747 1429/3774 1433/3780
vt 0.14801 0.60757
f 1391/3708 1405/3635 1454/3789
vt 0.08639 0.95195
vt 0.08702 0.94981
vt 0.08757 0.95325
f 1408/3790 1417/3791 1374/3792
vt 0.08647 0.95388
f 1408/3790 1374/3792 1411/3793
vt 0.27934 0.00494
f 1360/3668 1436/3794 1275/3416
f 1343/2986 1675/3683 1356/3514
vt 0.03591 0.59594
f 1389/3667 1460/3795 1388/3676
f 1353/3430 1374/3675 1417/3699
vt 0.19421 0.32529
f 1386/3435 1530/3796 1330/3466
vt 0.74864 0.38116
vt 0.75012 0.38145
f 1388/3638 1460/3797 1476/3798
vt 0.46210 0.63332
f 1404/3660 1365/3671 1425/3799
f 1298/3470 1536/3669 1675/3683
vt 0.52799 0.71816
f 1357/3573 1519/3800 1362/3605
vt 0.27340 0.01431
f 1348/3559 1382/3653 1572/3801
vt 0.88358 0.13414
vt 0.88341 0.13669
vt 0.88244 0.13764
f 1414/3802 1483/3803 1512/3804
vt 0.14660 0.60985
f 1424/3656 1470/3805 1405/3635
vt 0.08740 0.95447
f 1411/3793 1374/3792 1412/3806
vt 0.45102 0.50458
vt 0.45277 0.50565
f 1395/3724 1465/3807 1439/3808
vt 0.46191 0.63230
f 1365/3671 1444/3763 1425/3809
vt 0.74711 0.28223
f 1357/3587 1383/3545 1473/3810
vt 0.75479 0.03835
f 1331/3580 1475/3811 1449/3689
vt 0.69038 0.66171
vt 0.69057 0.66063
f 1401/3812 1363/3813 1420/3682
f 1275/3416 1436/3794 1468/3759
f 1536/3669 1345/3327 1440/3585
vt 0.14418 0.27579
f 1416/3558 1546/3814 1527/3719
vt 0.14715 0.27990
f 1416/3558 1366/3604 1565/3815
vt 0.74580 0.28377
f 1357/3587 1473/3810 1519/3816
vt 0.14632 0.61284
f 1424/3656 1400/3767 1430/3817
f 1409/3552 1447/3720 1574/3787
vt 0.14595 0.61457
f 1427/3735 1467/3818 1400/3767
vt 0.14560 0.61639
f 1427/3735 1445/3819 1467/3818
vt 0.97646 0.71556
vt 0.97559 0.71583
vt 0.97601 0.71499
f 1391/3820 1454/3821 1412/3822
f 1430/3817 1400/3767 1467/3818
vt 0.84216 0.93277
f 1433/3780 1429/3774 1441/3823
vt 0.14479 0.62026
f 1380/3645 1487/3824 1451/3734
f 1424/3656 1430/3817 1470/3805
f 1427/3735 1451/3734 1445/3819
f 1388/3638 1476/3798 1458/3636
vt 0.23882 0.05155
f 1381/3540 1297/3381 1685/3825
vt 0.05412 0.59222
vt 0.05227 0.59327
vt 0.05230 0.59226
f 1438/3826 1434/3827 1457/3828
f 1423/3785 1460/3795 1389/3667
vt 0.04961 0.59311
f 1434/3827 1455/3829 1457/3828
vt 0.45161 0.49941
vt 0.45290 0.50308
f 1457/3830 1455/3831 1465/3807
f 1371/3258 1494/3727 1406/3457
vt 0.19366 0.32056
vt 0.19444 0.32185
vt 0.19362 0.32203
f 1452/3832 1335/3833 1437/3834
vt 0.45383 0.49574
vt 0.45132 0.49543
vt 0.45237 0.49500
f 1433/3835 1481/3836 1399/3837
vt 0.15519 0.28539
f 1390/3644 1373/3096 1474/3838
vt 0.05686 0.59247
vt 0.05714 0.59463
f 1433/3839 1441/3840 1438/3826
f 1455/3831 1439/3808 1465/3807
f 1373/3096 1605/3761 1474/3838
vt 0.17027 0.30148
f 1501/3674 1489/3841 1418/3285
vt 0.45331 0.49765
f 1433/3835 1438/3842 1481/3836
vt 0.53810 0.71784
f 1414/3705 1512/3843 1443/3707
f 1438/3826 1441/3840 1434/3827
vt 0.24902 0.04184
f 1426/3539 1733/3844 1461/3548
vt 0.40987 0.93058
f 1380/3679 1415/3710 1487/3845
vt 0.48084 0.97686
f 1463/3773 1412/3772 1454/3846
vt 0.45756 0.63232
f 1384/3670 1450/3847 1444/3763
vt 0.14461 0.61180
f 1470/3805 1430/3817 1480/3848
vt 0.69414 0.65904
f 1425/3739 1444/3849 1442/3623
f 1482/3431 1348/3559 1572/3801
vt 0.44865 0.50714
f 1395/3724 1513/3850 1465/3807
f 1439/3742 1455/3829 1466/3743
vt 0.84828 0.09267
vt 0.85064 0.09132
vt 0.85000 0.09285
f 1421/3851 1431/3852 1493/3853
vt 0.84847 0.09471
vt 0.84731 0.09424
f 1421/3851 1516/3854 1429/3855
vt 0.05385 0.59614
f 1441/3840 1597/3856 1434/3827
vt 0.85210 0.09228
f 1431/3852 1500/3857 1493/3853
vt 0.93626 0.31569
f 1456/3752 1497/3858 1431/3753
vt 0.98304 0.59458
vt 0.98264 0.59369
vt 0.98319 0.59405
f 1392/3859 1458/3860 1521/3861
vt 0.17520 0.30536
f 1435/3673 1504/3862 1501/3674
f 1330/3466 1530/3796 1437/3786
vt 0.19172 0.32093
f 1377/3672 1520/3863 1447/3720
vt 0.45172 0.49503
f 1399/3837 1481/3836 1456/3864
vt 0.75976 0.57432
f 1387/3755 1492/3754 1475/3865
vt 0.69310 0.66286
f 1401/3812 1420/3682 1531/3866
vt 0.69060 0.66322
f 1401/3812 1531/3866 1472/3867
vt 0.04679 0.59610
f 1455/3829 1496/3868 1466/3743
f 1438/3842 1457/3830 1481/3836
vt 0.18554 0.31886
f 1574/3787 1447/3720 1638/3869
vt 0.54059 0.71799
f 1435/3626 1443/3707 1504/3870
vt 0.14382 0.60194
f 1410/3778 1576/3871 1477/3738
vt 0.44866 0.51448
f 1392/3694 1469/3872 1453/3565
vt 0.93782 0.31613
f 1497/3858 1456/3752 1459/3873
vt 0.16893 0.29974
f 1448/3714 1418/3285 1563/3874
vt 0.14450 0.60381
f 1410/3778 1408/3770 1485/3875
f 1410/3778 1485/3875 1576/3871
vt 0.72590 0.58922
f 1383/3733 1449/3732 1473/3876
vt 0.14632 0.60923
vt 0.14699 0.60668
f 1405/3635 1470/3877 1454/3878
f 1416/3558 1565/3815 1546/3814
vt 0.14492 0.61711
f 1445/3819 1451/3734 1462/3879
vt 0.15177 0.28091
f 1432/3338 1390/3644 1479/3880
f 1463/3769 1485/3875 1408/3770
vt 0.15304 0.28244
f 1390/3644 1474/3838 1471/3881
vt 0.05171 0.59592
f 1434/3827 1597/3856 1486/3882
f 1434/3827 1486/3882 1455/3829
f 1421/3851 1493/3853 1516/3854
vt 0.14340 0.60580
f 1463/3769 1550/3883 1485/3875
vt 0.76419 0.57024
f 1472/3691 1587/3884 1492/3754
vt 0.44807 0.53404
vt 0.44756 0.53643
vt 0.44598 0.53625
f 1464/3885 1479/3886 1471/3887
vt 0.97091 0.44416
vt 0.97009 0.44464
f 1452/3888 1437/3889 1520/3765
vt 0.97002 0.43815
vt 0.97097 0.43858
vt 0.97037 0.43994
f 1463/3890 1454/3891 1491/3892
vt 0.14569 0.60772
f 1463/3769 1491/3893 1550/3883
f 1390/3644 1471/3881 1479/3880
vt 0.85308 0.09152
f 1431/3852 1497/3894 1500/3857
vt 0.75298 0.03864
f 1449/3689 1475/3811 1569/3895
vt 0.04346 0.59698
f 1466/3743 1544/3896 1423/3785
vt 0.75284 0.38431
vt 0.75302 0.38254
vt 0.75343 0.38394
f 1392/3897 1521/3898 1469/3899
vt 0.44632 0.53340
f 1471/3887 1506/3900 1464/3885
f 1395/3724 1453/3565 1469/3872
vt 0.40429 0.85434
vt 0.40501 0.85388
vt 0.40595 0.85414
f 1456/3901 1481/3902 1459/3903
vt 0.52319 0.97857
vt 0.52255 0.97889
vt 0.52284 0.97699
f 1445/3904 1462/3905 1467/3906
vt 0.24334 0.04758
f 1518/3634 1461/3548 1552/3907
vt 0.15028 0.28074
f 1432/3338 1479/3880 1490/3908
vt 0.71143 0.66015
f 1428/3731 1537/3909 1396/3728
vt 0.40857 0.93081
f 1415/3710 1533/3910 1487/3845
vt 0.44914 0.52918
vt 0.44721 0.52779
vt 0.44849 0.52604
f 1495/3911 1509/3912 1508/3913
vt 0.75188 0.38178
f 1458/3636 1476/3798 1507/3914
vt 0.75230 0.38209
f 1458/3636 1507/3914 1521/3915
vt 0.55322 0.64740
vt 0.55444 0.64743
vt 0.55338 0.65004
f 1464/3916 1547/3917 1479/3918
vt 0.44814 0.52993
f 1495/3911 1514/3919 1509/3912
vt 0.44763 0.51190
vt 0.44674 0.50947
f 1395/3724 1524/3920 1549/3921
vt 0.69392 0.66086
f 1444/3849 1484/3922 1442/3623
vt 0.44868 0.50472
f 1465/3807 1513/3850 1575/3923
f 1366/3604 1432/3338 1565/3815
f 1443/3707 1512/3843 1504/3870
vt 0.19042 0.32387
f 1520/3863 1437/3786 1608/3924
vt 0.19783 0.33019
f 1386/3435 1396/3730 1551/3925
vt 0.17709 0.94651
vt 0.17866 0.94607
vt 0.17901 0.94684
f 1495/3926 1508/3927 1478/3928
f 1466/3743 1496/3868 1544/3896
vt 0.74857 0.37882
f 1460/3797 1488/3929 1476/3798
f 1442/3623 1484/3922 1420/3682
vt 0.16876 0.30049
f 1418/3285 1489/3841 1563/3930
vt 0.45731 0.62990
f 1444/3763 1450/3847 1532/3931
f 1437/3786 1530/3796 1608/3924
vt 0.76085 0.57580
f 1492/3754 1510/3932 1475/3865
vt 0.25994 0.03116
f 1356/3514 1675/3683 1621/3933
vt 0.17211 0.30546
f 1504/3862 1633/3934 1501/3674
vt 0.45648 0.97567
vt 0.45697 0.97657
vt 0.45619 0.97697
f 1446/3935 1448/3936 1523/3937
vt 0.22639 0.06353
f 1428/3696 1555/3695 1537/3938
f 1395/3724 1469/3872 1524/3920
vt 0.96498 0.78761
vt 0.96397 0.78965
vt 0.96411 0.78787
f 1464/3939 1506/3940 1499/3941
vt 0.84745 0.09602
f 1429/3855 1516/3854 1577/3942
vt 0.14541 0.61463
vt 0.14460 0.61655
f 1467/3943 1462/3944 1480/3848
vt 0.14621 0.60803
f 1470/3877 1491/3945 1454/3878
vt 0.96642 0.70002
vt 0.96724 0.70112
vt 0.96610 0.70161
f 1493/3946 1541/3947 1516/3948
f 1467/3943 1480/3848 1430/3817
vt 0.55408 0.64631
f 1464/3916 1499/3949 1547/3917
vt 0.52972 0.71517
f 1362/3605 1519/3800 1548/3950
vt 0.88288 0.14031
f 1483/3803 1529/3951 1512/3804
vt 0.84261 0.93424
f 1429/3774 1564/3952 1441/3823
vt 0.53688 0.71555
f 1483/3762 1422/3603 1529/3953
vt 0.48317 0.85537
vt 0.48117 0.85427
f 1450/3698 1477/3954 1505/3955
vt 0.70973 0.65919
f 1396/3728 1537/3909 1551/3956
vt 0.45509 0.63036
f 1450/3847 1505/3957 1532/3931
vt 0.16746 0.29623
vt 0.16437 0.29612
vt 0.16505 0.29559
f 1446/3958 1511/3959 1494/3960
vt 0.69080 0.66521
f 1472/3867 1531/3866 1587/3961
vt 0.55645 0.64767
f 1479/3918 1547/3917 1534/3962
vt 0.55489 0.65035
f 1479/3918 1534/3962 1490/3963
vt 0.75348 0.03948
f 1475/3811 1510/3964 1569/3895
f 1470/3805 1480/3848 1491/3893
f 1362/3605 1548/3950 1422/3603
vt 0.16721 0.29804
f 1446/3958 1523/3965 1511/3959
vt 0.80772 0.95996
vt 0.80910 0.96016
f 1436/3718 1527/3966 1573/3967
vt 0.25348 0.03800
f 1426/3539 1369/3497 1687/3968
vt 0.17789 0.94862
f 1495/3926 1478/3928 1526/3969
vt 0.28142 0.00694
f 1436/3794 1573/3970 1468/3759
f 1432/3338 1490/3908 1565/3815
vt 0.44816 0.53170
vt 0.44624 0.53170
vt 0.44808 0.53002
f 1542/3971 1506/3972 1514/3973
vt 0.53362 0.71522
f 1422/3603 1548/3950 1525/3974
vt 0.23836 0.05498
f 1381/3540 1704/3975 1368/3621
vt 0.72750 0.59055
f 1449/3732 1569/3976 1473/3876
vt 0.44764 0.53263
f 1542/3971 1499/3977 1506/3972
vt 0.45904 0.63096
f 1444/3763 1532/3931 1484/3978
f 1422/3603 1525/3974 1529/3953
vt 0.44888 0.51533
vt 0.44976 0.51749
vt 0.44756 0.51856
f 1521/3979 1507/3980 1579/3981
vt 0.44592 0.50676
f 1395/3724 1592/3982 1513/3850
vt 0.44874 0.50017
f 1457/3830 1465/3807 1498/3983
vt 0.27852 0.01169
f 1468/3759 1651/3984 1382/3653
vt 0.85431 0.09325
f 1497/3894 1594/3985 1500/3857
vt 0.44514 0.53407
f 1471/3887 1559/3986 1506/3900
vt 0.15259 0.28483
f 1471/3881 1474/3838 1562/3987
vt 0.40646 0.85210
f 1459/3903 1481/3902 1663/3988
f 1297/3381 1518/3634 1685/3825
f 1494/3727 1511/3959 1406/3457
vt 0.94474 0.79335
vt 0.94401 0.79200
vt 0.94488 0.79080
f 1469/3989 1607/3990 1524/3991
vt 0.76424 0.57188
f 1587/3884 1584/3992 1492/3754
vt 0.14239 0.61740
f 1462/3879 1451/3734 1556/3993
vt 0.75004 0.37730
vt 0.75130 0.38025
f 1476/3798 1719/3994 1568/3995
vt 0.75124 0.38102
f 1476/3798 1568/3995 1507/3996
vt 0.49332 0.94805
vt 0.49160 0.94849
vt 0.49317 0.94591
f 1493/3997 1503/3998 1541/3999
vt 0.88478 0.14169
vt 0.88276 0.14140
f 1462/4000 1556/4001 1529/3951
f 1354/3641 1574/3787 1415/3704
f 1514/3919 1506/3972 1509/3912
vt 0.14275 0.61620
f 1462/3944 1529/4002 1480/3848
vt 0.44684 0.50574
f 1592/3982 1528/4003 1513/3850
f 1381/3540 1685/3825 1704/3975
vt 0.03861 0.59774
f 1460/3795 1423/3785 1540/4004
vt 0.55432 0.63063
vt 0.55562 0.63299
vt 0.55413 0.63375
f 1507/4005 1583/4006 1515/4007
vt 0.55470 0.63601
f 1515/4007 1583/4006 1554/4008
vt 0.45691 0.97811
f 1448/3936 1563/4009 1523/3937
vt 0.94344 0.79366
f 1469/3989 1521/4010 1607/3990
vt 0.96695 0.70219
f 1541/3947 1612/4011 1516/3948
f 1476/3798 1488/3929 1719/3994
f 1465/3807 1575/3923 1498/3983
vt 0.44894 0.52258
vt 0.44788 0.52109
f 1554/4012 1508/3913 1515/4013
vt 0.26811 0.02515
f 1440/3585 1768/4014 1536/3669
vt 0.44670 0.51513
f 1521/3979 1579/3981 1614/4015
vt 0.69480 0.66223
f 1420/3682 1484/3922 1532/4016
vt 0.96460 0.61901
vt 0.96395 0.61871
vt 0.96417 0.61761
f 1493/4017 1500/4018 1502/4019
vt 0.49254 0.94867
f 1493/3997 1502/4020 1503/3998
f 1496/3868 1455/3829 1486/3882
vt 0.48369 0.85905
vt 0.48189 0.85712
f 1477/3954 1576/4021 1637/4022
vt 0.16544 0.29873
f 1523/3965 1606/4023 1511/3959
vt 0.55408 0.63897
vt 0.55597 0.63888
vt 0.55536 0.63994
f 1508/4024 1596/4025 1478/4026
vt 0.85339 0.09408
f 1500/3857 1594/3985 1502/4027
vt 0.44812 0.50644
f 1575/3923 1513/3850 1538/4028
vt 0.05709 0.59652
f 1441/3840 1564/4029 1597/3856
f 1515/4013 1579/3981 1507/3980
vt 0.23250 0.06041
f 1419/3421 1673/4030 1555/3695
vt 0.44598 0.52328
f 1508/3913 1509/3912 1558/4031
f 1508/3913 1558/4031 1515/4013
f 1508/4024 1554/4008 1596/4025
vt 0.69384 0.66176
f 1420/3682 1532/4032 1531/3866
vt 0.55477 0.64490
vt 0.55573 0.64638
vt 0.55401 0.64621
f 1542/4033 1547/4034 1499/4035
vt 0.25760 0.03433
f 1356/3514 1688/4036 1369/3497
f 1419/3421 1368/3621 1673/4030
vt 0.66441 0.97752
vt 0.66410 0.97578
vt 0.66462 0.97575
f 1514/4037 1495/4038 1589/4039
vt 0.55588 0.62989
f 1507/4005 1568/4040 1583/4006
vt 0.48133 0.85600
vt 0.48143 0.85515
f 1477/3954 1560/4041 1505/4042
vt 0.15543 0.28859
f 1474/3838 1605/3761 1593/4043
vt 0.14290 0.60721
f 1491/3893 1480/3848 1535/4044
vt 0.14253 0.61316
f 1480/3848 1529/4002 1525/4045
vt 0.95317 0.14101
vt 0.95408 0.14117
vt 0.95366 0.14310
f 1513/4046 1528/4047 1538/4048
f 1491/3893 1535/4044 1550/3883
vt 0.44381 0.52393
vt 0.44196 0.52335
vt 0.44358 0.52294
f 1517/4049 1522/4050 1539/4051
f 1406/3457 1511/3959 1610/3760
f 1382/3653 1651/3984 1572/3801
f 1386/3435 1551/3925 1530/3796
vt 0.15940 0.29425
f 1610/3760 1702/4052 1407/3576
f 1395/3724 1549/3921 1592/3982
vt 0.55399 0.64333
vt 0.55611 0.64355
f 1542/4033 1514/4053 1589/4054
vt 0.14241 0.61984
f 1487/3824 1580/4055 1451/3734
vt 0.14301 0.60915
f 1480/3848 1548/4056 1535/4044
vt 0.44914 0.49740
f 1481/3836 1457/3830 1604/4057
vt 0.44955 0.49479
f 1481/3836 1604/4057 1663/4058
vt 0.76424 0.57445
f 1492/3754 1628/4059 1510/3932
vt 0.03706 0.59785
f 1460/3795 1540/4004 1567/4060
f 1423/3785 1544/3896 1540/4004
vt 0.52802 0.71500
f 1519/3800 1535/4061 1548/3950
f 1492/3754 1584/3992 1628/4059
f 1556/3993 1451/3734 1580/4055
vt 0.34428 0.83994
vt 0.34401 0.83906
vt 0.34545 0.83864
f 1527/4062 1546/4063 1573/4064
f 1457/3830 1498/3983 1604/4057
vt 0.84422 0.93451
f 1429/3774 1577/4065 1564/3952
vt 0.83955 0.21543
vt 0.84064 0.21415
vt 0.84215 0.21466
f 1517/4066 1539/4067 1543/4068
vt 0.17677 0.94848
f 1495/3926 1526/3969 1589/4069
vt 0.17523 0.30815
f 1633/3934 1504/3862 1609/4070
vt 0.93616 0.31703
f 1459/3873 1594/4071 1497/3858
vt 0.17960 0.94848
f 1478/3928 1545/4072 1526/3969
vt 0.74752 0.28643
f 1519/3816 1473/3810 1603/4073
vt 0.98195 0.88965
vt 0.98099 0.88924
vt 0.98171 0.88869
f 1489/4074 1648/4075 1563/4076
vt 0.40868 0.92922
f 1487/3845 1533/3910 1630/4077
vt 0.17836 0.30963
vt 0.17720 0.31043
vt 0.17682 0.30937
f 1487/4078 1581/4079 1580/4080
f 1356/3514 1621/3933 1688/4036
vt 0.27135 0.02051
f 1482/3431 1705/4081 1440/3585
vt 0.16808 0.29933
vt 0.16733 0.30048
f 1606/4023 1523/4082 1647/4083
vt 0.44496 0.52965
f 1509/3912 1506/3972 1557/4084
vt 0.84053 0.21653
f 1517/4066 1543/4068 1570/4085
vt 0.44253 0.52160
f 1539/4051 1522/4050 1586/4086
f 1523/4082 1563/3930 1647/4083
vt 0.44222 0.52486
f 1517/4049 1644/4087 1522/4050
vt 0.55668 0.65009
f 1534/3962 1553/4088 1490/3963
vt 0.76374 0.57619
f 1510/3932 1628/4059 1571/4089
vt 0.24782 0.04610
f 1461/3548 1733/3844 1731/4090
vt 0.54058 0.71522
f 1504/3870 1512/3843 1609/4091
vt 0.72634 0.59323
f 1473/3876 1569/3976 1603/4092
vt 0.97452 0.43271
vt 0.97475 0.43395
vt 0.97394 0.43271
f 1545/4093 1478/4094 1596/4095
vt 0.17911 0.31532
vt 0.17854 0.31219
f 1415/3704 1775/4096 1642/4097
vt 0.93733 0.31744
f 1459/3873 1595/4098 1594/4071
vt 0.03675 0.59965
f 1460/3795 1567/4060 1665/4099
vt 0.49046 0.94724
f 1541/3999 1503/3998 1625/4100
f 1687/3968 1733/3844 1426/3539
vt 0.17963 0.31052
vt 0.17911 0.31141
vt 0.17813 0.31113
f 1533/4101 1642/4102 1630/4103
f 1461/3548 1731/4090 1552/3907
vt 0.15437 0.28706
f 1474/3838 1593/4043 1561/4104
f 1407/3576 1702/4052 1605/3761
vt 0.98807 0.78453
vt 0.98841 0.78487
vt 0.98807 0.78549
f 1485/4105 1550/4106 1632/4107
vt 0.22829 0.06615
f 1537/3938 1555/3695 1699/4108
f 1482/3431 1572/3801 1705/4081
vt 0.14833 0.28161
f 1490/3908 1553/4109 1565/3815
vt 0.44372 0.53611
vt 0.44455 0.53528
f 1471/3887 1562/4110 1559/4111
vt 0.56478 0.75258
vt 0.56656 0.75510
vt 0.56490 0.75800
f 1544/4112 1599/4113 1540/4114
f 1480/3848 1525/4045 1548/4056
vt 0.45455 0.62859
f 1505/3957 1560/4115 1532/3931
f 1533/4101 1415/3704 1642/4097
f 1529/3951 1556/4001 1512/3804
vt 0.98113 0.40404
vt 0.98192 0.40356
vt 0.98190 0.40461
f 1517/4116 1570/4117 1644/4118
vt 0.75105 0.37880
f 1568/3995 1719/3994 1617/4119
vt 0.40741 0.85216
f 1459/3903 1663/3988 1595/4120
vt 0.03520 0.59763
f 1460/3795 1665/4099 1488/4121
vt 0.84945 0.09692
f 1577/3942 1516/3854 1634/4122
f 1477/3954 1637/4022 1560/4041
vt 0.96383 0.60502
vt 0.96485 0.60425
vt 0.96500 0.60560
f 1612/4123 1634/4124 1516/4125
vt 0.44457 0.50853
f 1549/3921 1661/4126 1592/3982
vt 0.44427 0.52126
vt 0.44400 0.52225
f 1588/4127 1539/4128 1586/4086
vt 0.45678 0.62872
vt 0.45569 0.62782
vt 0.45631 0.62767
f 1532/4129 1622/4130 1531/4131
f 1474/3838 1561/4104 1562/3987
vt 0.95433 0.14156
vt 0.95478 0.14169
f 1528/4132 1613/4133 1538/4048
vt 0.74609 0.28713
f 1519/3816 1603/4073 1535/4134
vt 0.16791 0.30173
f 1563/3930 1582/4135 1647/4083
vt 0.74860 0.37630
f 1719/3994 1488/3929 1566/4136
f 1501/3674 1633/3934 1489/3841
f 1520/3863 1608/3924 1447/3720
vt 0.40999 0.92925
f 1487/3845 1630/4077 1581/4137
vt 0.93230 0.39720
vt 0.93383 0.39683
vt 0.93260 0.39828
f 1564/4138 1577/4139 1635/4140
vt 0.44616 0.51133
f 1521/3979 1614/4015 1607/4141
vt 0.56504 0.74923
vt 0.56759 0.75137
f 1496/4142 1724/4143 1544/4112
vt 0.94466 0.78905
vt 0.94438 0.78975
vt 0.94363 0.78985
f 1549/4144 1524/4145 1607/4146
vt 0.94428 0.78860
f 1549/4144 1607/4146 1661/4147
vt 0.44518 0.52668
f 1557/4084 1616/4148 1509/3912
vt 0.49172 0.94542
f 1541/3999 1625/4100 1612/4149
vt 0.48218 0.85934
f 1576/4021 1666/4150 1637/4022
vt 0.84388 0.43206
vt 0.84242 0.43022
vt 0.84382 0.42770
f 1575/4151 1686/4152 1498/4153
vt 0.94790 0.73253
vt 0.94696 0.73479
vt 0.94682 0.73299
f 1489/4154 1611/4155 1648/4156
vt 0.94795 0.73530
f 1489/4154 1633/4157 1611/4155
vt 0.53809 0.71440
f 1512/3843 1556/4158 1609/4091
vt 0.96598 0.04257
vt 0.96707 0.04321
vt 0.96624 0.04411
f 1588/4159 1543/4160 1539/4161
vt 0.34497 0.83753
f 1573/4064 1546/4063 1696/4162
vt 0.44580 0.50403
f 1528/4003 1592/3982 1613/4163
vt 0.44474 0.53367
vt 0.44305 0.53141
f 1559/4164 1562/4110 1590/4165
f 1559/4164 1590/4165 1506/3972
vt 0.94994 0.45422
vt 0.95123 0.45321
vt 0.95087 0.45539
f 1526/4166 1598/4167 1589/4168
vt 0.44201 0.53485
vt 0.44080 0.53245
vt 0.44267 0.53093
f 1602/4169 1639/4170 1578/4171
vt 0.44174 0.53649
vt 0.44044 0.53636
f 1561/4172 1593/4173 1602/4169
vt 0.44301 0.52786
vt 0.44163 0.52818
f 1626/4174 1578/4171 1618/4175
vt 0.40063 0.84916
vt 0.40162 0.84774
vt 0.40323 0.84757
f 1564/4176 1635/4177 1700/4178
f 1578/4171 1639/4170 1618/4175
f 1415/3704 1574/3787 1775/4096
vt 0.43993 0.53500
f 1602/4169 1645/4179 1639/4170
f 1440/3585 1705/4081 1768/4014
vt 0.96897 0.37358
vt 0.96879 0.37459
vt 0.96831 0.37493
f 1588/4180 1653/4181 1558/4182
vt 0.84127 0.21976
vt 0.84032 0.21742
vt 0.84160 0.21722
f 1626/4183 1644/4184 1591/4185
f 1687/3968 1369/3497 1688/4036
vt 0.19113 0.32894
f 1530/3796 1551/3925 1698/4186
vt 0.44498 0.53091
f 1506/3972 1585/4187 1557/4084
vt 0.70897 0.66156
f 1537/3909 1641/4188 1551/3956
f 1602/4169 1593/4173 1645/4179
f 1570/4085 1591/4185 1644/4184
f 1626/4174 1618/4175 1644/4087
vt 0.76285 0.57616
f 1571/4089 1620/4189 1510/3932
vt 0.94366 0.57768
vt 0.94390 0.58107
vt 0.94318 0.57875
f 1547/4190 1721/4191 1534/4192
vt 0.44461 0.53054
f 1585/4193 1506/3972 1590/4165
vt 0.97567 0.89875
vt 0.97644 0.89763
vt 0.97666 0.89858
f 1563/4194 1648/4195 1582/4196
vt 0.98960 0.37774
vt 0.98923 0.37831
vt 0.98923 0.37773
f 1596/4197 1598/4198 1545/4199
vt 0.72830 0.59137
vt 0.72822 0.59257
f 1510/4200 1620/4201 1569/3976
vt 0.69496 0.66332
vt 0.69482 0.66426
vt 0.69455 0.66395
f 1532/4202 1560/4203 1622/4204
vt 0.96607 0.04168
f 1588/4159 1558/4205 1543/4160
vt 0.03541 0.60014
f 1488/4121 1665/4099 1566/4206
vt 0.90120 0.19920
vt 0.89966 0.20038
vt 0.89958 0.19877
f 1588/4207 1636/4208 1653/4209
vt 0.44465 0.52881
f 1616/4148 1557/4084 1600/4210
vt 0.14174 0.60455
f 1485/3875 1632/4211 1576/3871
vt 0.44462 0.52121
f 1558/4031 1653/4212 1515/4013
vt 0.69351 0.66597
f 1531/3866 1622/4213 1587/3961
vt 0.90144 0.20099
f 1588/4207 1586/4214 1636/4208
vt 0.14316 0.27989
f 1565/3815 1761/4215 1546/3814
f 1570/4085 1543/4068 1591/4185
vt 0.71017 0.66323
f 1537/3909 1660/4216 1641/4188
vt 0.22695 0.06739
f 1537/3938 1699/4108 1660/4217
vt 0.75154 0.37730
f 1617/4119 1719/3994 1678/4218
vt 0.69060 0.66645
f 1587/3961 1622/4213 1584/4219
vt 0.14140 0.27760
f 1546/3814 1761/4215 1652/4220
vt 0.27860 0.01693
f 1572/3801 1651/3984 1799/4221
f 1530/3796 1698/4186 1608/3924
vt 0.14130 0.61875
f 1580/4055 1609/4222 1556/3993
vt 0.43981 0.52210
f 1522/4050 1658/4223 1586/4086
vt 0.55761 0.63019
f 1568/4040 1670/4224 1583/4006
vt 0.44337 0.52810
f 1585/4193 1626/4225 1600/4210
vt 0.33509 0.97675
vt 0.33514 0.97570
vt 0.33589 0.97649
f 1585/4226 1600/4227 1557/4228
vt 0.56530 0.73944
vt 0.56785 0.74066
vt 0.56548 0.74274
f 1564/4229 1692/4230 1597/4231
vt 0.84038 0.22275
vt 0.84176 0.22305
f 1578/4232 1626/4183 1590/4233
vt 0.93433 0.39829
f 1577/4139 1634/4234 1635/4140
f 1509/3912 1616/4148 1558/4031
f 1569/3976 1620/4201 1603/4092
vt 0.69032 0.66830
vt 0.69303 0.66833
f 1628/4235 1584/4219 1654/4236
vt 0.95032 0.45267
f 1526/4166 1545/4237 1598/4167
vt 0.16229 0.29830
f 1511/3959 1668/4238 1610/3760
vt 0.83997 0.22669
vt 0.84115 0.22747
vt 0.83992 0.22828
f 1602/4239 1624/4240 1561/4241
vt 0.55701 0.62890
f 1568/4040 1617/4242 1670/4224
vt 0.97566 0.93389
vt 0.97573 0.93322
vt 0.97631 0.93282
f 1600/4243 1601/4244 1616/4245
vt 0.44389 0.52582
f 1600/4210 1626/4225 1601/4246
vt 0.56779 0.74614
f 1692/4230 1681/4247 1597/4231
f 1585/4193 1590/4165 1626/4225
vt 0.44134 0.52603
f 1644/4087 1618/4175 1679/4248
vt 0.56540 0.74608
f 1496/4142 1486/4249 1681/4247
f 1578/4232 1590/4233 1602/4239
f 1486/4249 1597/4231 1681/4247
vt 0.43896 0.52310
f 1522/4050 1697/4250 1658/4223
vt 0.96387 0.93926
vt 0.96488 0.93897
vt 0.96390 0.94078
f 1503/4251 1502/4252 1625/4253
f 1544/4112 1724/4143 1599/4113
vt 0.55655 0.64335
vt 0.55948 0.64346
f 1589/4254 1746/4255 1542/4033
vt 0.44274 0.50528
f 1592/3982 1650/4256 1613/4163
vt 0.17457 0.31080
f 1580/4080 1581/4079 1656/4257
vt 0.44517 0.51788
vt 0.44377 0.51696
f 1614/4015 1619/4258 1649/4259
f 1580/4080 1656/4257 1609/4070
vt 0.28285 0.01053
f 1468/3759 1573/3970 1732/4260
vt 0.24408 0.05339
f 1552/3907 1888/4261 1518/3634
vt 0.26495 0.03017
f 1536/3669 1783/4262 1675/3683
f 1584/4219 1622/4213 1654/4236
vt 0.44365 0.51094
f 1607/4141 1614/4015 1659/4263
vt 0.56740 0.75755
f 1540/4114 1599/4113 1706/4264
vt 0.56641 0.75905
vt 0.56511 0.75926
f 1540/4114 1751/4265 1567/4266
f 1540/4114 1706/4264 1751/4265
f 1579/3981 1619/4258 1614/4015
vt 0.18775 0.32562
f 1608/3924 1797/4267 1447/3720
vt 0.86863 0.13795
vt 0.86977 0.13715
vt 0.87128 0.13832
f 1522/4268 1644/4269 1679/4270
vt 0.86948 0.13981
f 1522/4268 1679/4270 1697/4271
vt 0.97404 0.14494
vt 0.97493 0.14418
vt 0.97498 0.14583
f 1627/4272 1619/4273 1615/4274
vt 0.15318 0.28705
f 1561/4104 1624/4275 1562/3987
vt 0.97345 0.26944
vt 0.97220 0.27004
vt 0.97199 0.26906
f 1630/4276 1642/4277 1581/4278
vt 0.44458 0.50227
f 1613/4163 1650/4256 1662/4279
vt 0.56748 0.73926
f 1564/4229 1700/4280 1692/4230
vt 0.55874 0.64621
f 1547/4034 1542/4033 1721/4281
vt 0.44484 0.52000
f 1515/4013 1615/4282 1579/3981
vt 0.74687 0.28768
f 1535/4134 1603/4073 1550/4283
vt 0.84243 0.21824
f 1591/4185 1601/4284 1626/4183
vt 0.72770 0.59387
f 1603/4092 1620/4201 1632/4285
vt 0.18284 0.87952
vt 0.18371 0.88128
vt 0.18252 0.88068
f 1567/4286 1751/4287 1665/4288
vt 0.84352 0.43340
f 1575/4151 1538/4289 1686/4152
vt 0.96730 0.04176
vt 0.96700 0.04245
f 1558/4205 1640/4290 1543/4291
vt 0.44040 0.53090
f 1618/4175 1639/4170 1789/4292
vt 0.55847 0.64770
f 1534/3962 1667/4293 1553/4088
vt 0.34359 0.83658
f 1546/4063 1652/4294 1696/4162
f 1579/3981 1615/4282 1619/4258
f 1511/3959 1606/4023 1668/4238
f 1468/3759 1732/4260 1651/3984
f 1724/4143 1496/4142 1681/4247
vt 0.17728 0.31446
f 1642/4097 1775/4096 1777/4295
vt 0.45302 0.62762
vt 0.45351 0.62574
f 1560/4115 1637/4296 1622/4297
vt 0.90017 0.20327
f 1586/4214 1671/4298 1636/4208
f 1609/4070 1656/4257 1633/3934
vt 0.98132 0.32198
vt 0.98185 0.32276
vt 0.98120 0.32314
f 1647/4299 1582/4300 1703/4301
vt 0.84278 0.21773
vt 0.84367 0.21727
f 1601/4302 1591/4185 1623/4303
vt 0.43824 0.52684
f 1618/4175 1748/4304 1679/4248
vt 0.96404 0.60298
f 1612/4123 1625/4305 1634/4124
vt 0.55688 0.64112
f 1589/4254 1598/4306 1746/4255
vt 0.98667 0.04058
vt 0.98706 0.03973
vt 0.98720 0.04044
f 1627/4307 1615/4308 1636/4309
vt 0.97310 0.00098
vt 0.97279 0.00190
vt 0.97237 0.00168
f 1629/4310 1617/4311 1655/4312
f 1607/4141 1659/4263 1661/4126
vt 0.55702 0.63833
vt 0.55923 0.63797
f 1598/4306 1596/4313 1737/4314
vt 0.44392 0.52544
f 1616/4148 1623/4315 1558/4031
vt 0.16892 0.30197
vt 0.16982 0.30350
vt 0.16755 0.30376
f 1648/4316 1611/4317 1631/4318
vt 0.48367 0.86096
f 1576/4021 1632/4319 1666/4150
vt 0.14161 0.60609
f 1632/4211 1550/3883 1603/4320
vt 0.44426 0.51881
vt 0.44058 0.51968
vt 0.44246 0.51797
f 1627/4321 1671/4322 1646/4323
f 1618/4175 1789/4292 1748/4304
vt 0.94719 0.73671
f 1633/4157 1714/4324 1611/4155
vt 0.84292 0.42508
f 1498/4153 1686/4152 1604/4325
vt 0.17780 0.31216
f 1581/4079 1642/4326 1656/4257
f 1515/4013 1653/4212 1615/4282
f 1591/4185 1543/4068 1623/4303
vt 0.44099 0.52065
f 1586/4086 1658/4223 1671/4327
vt 0.14703 0.28204
f 1553/4109 1693/4328 1565/3815
vt 0.34456 0.63318
vt 0.34268 0.63340
vt 0.34497 0.63116
f 1613/4329 1662/4330 1664/4331
vt 0.27570 0.01863
f 1572/3801 1799/4221 1806/4332
vt 0.23798 0.05883
f 1368/3621 1704/3975 1711/4333
f 1368/3621 1711/4333 1673/4030
vt 0.23244 0.06523
f 1555/3695 1673/4030 1749/4334
vt 0.15611 0.29264
f 1593/4043 1605/3761 1715/4335
vt 0.44977 0.62686
vt 0.45044 0.62527
f 1666/4336 1710/4337 1637/4296
vt 0.43627 0.53582
f 1593/4173 1715/4338 1645/4179
vt 0.84145 0.22605
f 1602/4239 1590/4233 1624/4339
vt 0.84211 0.43369
f 1538/4289 1674/4340 1686/4152
vt 0.85427 0.09577
f 1502/4027 1594/3985 1676/4341
vt 0.97088 0.68296
vt 0.97078 0.68469
vt 0.97004 0.68427
f 1627/4342 1646/4343 1649/4344
vt 0.97024 0.68238
f 1627/4342 1649/4344 1619/4345
vt 0.34549 0.63290
vt 0.34615 0.63063
f 1613/4346 1664/4331 1538/4347
vt 0.84376 0.21591
f 1543/4068 1640/4348 1623/4303
vt 0.98409 0.80842
vt 0.98381 0.80789
vt 0.98416 0.80769
f 1582/4349 1648/4350 1703/4351
vt 0.96496 0.94134
f 1625/4253 1502/4252 1684/4352
vt 0.44318 0.52029
f 1627/4321 1636/4353 1671/4322
vt 0.84362 0.21845
f 1616/4354 1601/4302 1623/4303
f 1554/4008 1737/4314 1596/4313
f 1615/4282 1653/4212 1636/4353
vt 0.92492 0.87039
vt 0.92457 0.86799
vt 0.92523 0.86877
f 1617/4355 1678/4356 1655/4357
vt 0.44408 0.52378
f 1558/4031 1623/4315 1640/4358
vt 0.93618 0.33848
vt 0.93783 0.33887
vt 0.93622 0.34019
f 1594/4359 1595/4360 1676/4361
vt 0.93426 0.40045
f 1635/4140 1634/4234 1643/4362
vt 0.44193 0.53528
f 1562/4110 1624/4363 1590/4165
f 1685/3825 1518/3634 1888/4261
vt 0.43857 0.52042
f 1658/4223 1672/4364 1671/4327
vt 0.56026 0.63155
vt 0.56114 0.63465
f 1583/4006 1771/4365 1805/4366
vt 0.18133 0.31885
f 1574/3787 1773/4367 1775/4096
vt 0.16028 0.29651
f 1610/3760 1668/4238 1717/4368
vt 0.16927 0.30631
f 1611/4317 1714/4369 1631/4318
vt 0.84066 0.42463
vt 0.84303 0.42203
f 1604/4325 1682/4370 1663/4371
f 1583/4006 1670/4224 1771/4365
f 1610/3760 1717/4368 1702/4052
vt 0.94793 0.73713
f 1633/4157 1727/4372 1714/4324
f 1661/4126 1650/4256 1592/3982
vt 0.44232 0.51425
f 1614/4015 1649/4259 1729/4373
vt 0.85225 0.09702
f 1502/4027 1676/4341 1684/4374
f 1572/3801 1806/4332 1705/4081
vt 0.25494 0.04245
f 1687/3968 1824/4375 1733/3844
vt 0.18522 0.32249
f 1447/3720 1797/4267 1657/4376
f 1614/4015 1729/4373 1659/4263
vt 0.69272 0.66999
f 1628/4235 1654/4236 1743/4377
vt 0.55748 0.62801
f 1617/4242 1680/4378 1670/4224
vt 0.24798 0.05192
f 1731/4090 1919/4379 1552/3907
vt 0.96451 0.83716
vt 0.96367 0.83696
vt 0.96401 0.83521
f 1645/4380 1754/4381 1639/4382
vt 0.97271 0.00056
vt 0.97219 0.00083
f 1629/4383 1655/4312 1680/4384
vt 0.96504 0.60280
f 1634/4124 1625/4305 1684/4385
f 1583/4006 1737/4314 1554/4008
f 1598/4306 1737/4314 1746/4255
f 1542/4033 1746/4255 1721/4281
f 1642/4326 1777/4295 1656/4257
f 1447/3720 1657/4376 1638/3869
vt 0.55836 0.64692
f 1534/3962 1721/4386 1667/4293
vt 0.34132 0.63424
vt 0.34177 0.63175
f 1662/4330 1677/4387 1774/4388
vt 0.93235 0.40001
f 1635/4140 1643/4362 1700/4389
vt 0.93777 0.34139
f 1595/4360 1736/4390 1676/4361
vt 0.44344 0.50040
vt 0.44246 0.50237
f 1677/4391 1662/4279 1669/4392
vt 0.85060 0.09837
f 1634/4122 1684/4374 1643/4393
vt 0.84025 0.42198
f 1682/4370 1683/4394 1663/4371
vt 0.19492 0.33289
f 1551/3925 1838/4395 1698/4186
vt 0.98114 0.23568
vt 0.98158 0.23631
vt 0.98123 0.23710
f 1553/4396 1667/4397 1693/4398
vt 0.55696 0.62807
vt 0.55664 0.62758
f 1617/4399 1629/4400 1680/4378
vt 0.40716 0.84942
f 1595/4120 1663/3988 1736/4401
vt 0.34674 0.62972
f 1538/4347 1664/4331 1674/4402
vt 0.19756 0.33260
f 1551/3925 1641/4403 1838/4395
f 1702/4052 1715/4335 1605/3761
f 1574/3787 1638/3869 1773/4367
vt 0.33964 0.63296
f 1677/4387 1689/4404 1774/4388
vt 0.44287 0.50252
f 1662/4279 1650/4256 1669/4405
vt 0.43678 0.52256
f 1658/4223 1697/4250 1903/4406
f 1604/4325 1686/4152 1682/4370
vt 0.84053 0.43273
f 1686/4152 1674/4340 1694/4407
f 1664/4331 1662/4330 1774/4388
vt 0.16755 0.30269
vt 0.16672 0.30248
f 1648/4408 1631/4318 1703/4409
vt 0.70833 0.66282
f 1641/4188 1660/4216 1726/4410
vt 0.44064 0.50213
f 1677/4391 1669/4392 1744/4411
vt 0.17084 0.30729
f 1633/3934 1656/4257 1727/4412
vt 0.40581 0.84893
f 1663/3988 1683/4413 1736/4401
vt 0.16495 0.29956
vt 0.16308 0.30172
f 1606/4023 1647/4414 1765/4415
f 1606/4023 1765/4415 1668/4238
vt 0.43709 0.53457
f 1645/4179 1715/4338 1708/4416
vt 0.93379 0.02899
vt 0.93432 0.02755
vt 0.93517 0.02942
f 1620/4417 1571/4418 1743/4419
f 1583/4006 1805/4366 1737/4314
vt 0.28461 0.00888
f 1573/3970 1779/4420 1732/4260
vt 0.74933 0.37340
f 1719/3994 1566/4136 1728/4421
f 1555/3695 1749/4334 1699/4108
vt 0.56029 0.64095
f 1746/4255 1737/4314 1739/4422
vt 0.34586 0.83650
f 1573/4064 1696/4162 1779/4423
vt 0.95329 0.76025
vt 0.95292 0.75836
vt 0.95401 0.75889
f 1717/4424 1668/4425 1725/4426
vt 0.65711 0.87945
vt 0.65708 0.88164
vt 0.65531 0.88057
f 1645/4427 1708/4428 1754/4429
vt 0.69050 0.67028
f 1628/4235 1743/4377 1571/4430
vt 0.44220 0.50002
f 1677/4391 1744/4411 1695/4431
vt 0.93303 0.03030
vt 0.93356 0.03185
vt 0.93247 0.03099
f 1620/4432 1718/4433 1632/4434
vt 0.23644 0.06333
f 1673/4030 1711/4333 1812/4435
vt 0.98055 0.61840
vt 0.98004 0.61908
vt 0.97998 0.61787
f 1677/4436 1695/4437 1689/4438
f 1552/3907 1919/4379 1888/4261
vt 0.34604 0.62749
f 1674/4402 1664/4331 1750/4439
vt 0.56914 0.74961
f 1681/4247 1694/4440 1724/4143
vt 0.16604 0.30044
f 1703/4409 1765/4415 1647/4441
vt 0.98877 0.39031
vt 0.98904 0.38990
vt 0.98895 0.39049
f 1655/4442 1678/4443 1680/4444
vt 0.14472 0.28262
f 1693/4328 1723/4445 1565/3815
vt 0.45272 0.62611
f 1637/4296 1710/4337 1622/4446
vt 0.84017 0.42933
f 1686/4152 1694/4407 1691/4447
vt 0.25161 0.04614
f 1731/4090 1733/3844 1911/4448
f 1536/3669 1768/4014 1783/4262
f 1565/3815 1723/4445 1761/4215
f 1682/4370 1686/4152 1691/4447
vt 0.18253 0.88437
f 1665/4288 1751/4287 1730/4449
vt 0.03713 0.60302
f 1665/4099 1730/4450 1566/4206
vt 0.35532 0.62467
vt 0.35374 0.62558
vt 0.35289 0.62414
f 1751/4451 1706/4452 1766/4453
vt 0.55891 0.62915
f 1680/4378 1678/4454 1670/4224
vt 0.43547 0.52018
f 1658/4223 1903/4406 1701/4455
vt 0.08621 0.94829
vt 0.08452 0.94807
vt 0.08581 0.94699
f 1689/4456 1720/4457 1757/4458
vt 0.97098 0.62371
vt 0.97022 0.62186
vt 0.97118 0.62221
f 1620/4459 1690/4460 1718/4461
vt 0.93466 0.03106
f 1620/4417 1743/4419 1690/4462
vt 0.19734 0.33471
f 1641/4403 1726/4463 1838/4395
vt 0.56951 0.74251
f 1681/4247 1692/4230 1682/4464
vt 0.56949 0.74642
f 1681/4247 1682/4464 1691/4465
vt 0.45211 0.62459
vt 0.45156 0.62467
f 1654/4466 1622/4297 1710/4467
vt 0.44755 0.62565
vt 0.44796 0.62513
f 1666/4336 1632/4468 1718/4469
f 1666/4336 1718/4469 1710/4337
vt 0.44133 0.50393
f 1669/4405 1650/4256 1755/4470
vt 0.83991 0.42253
f 1682/4370 1692/4471 1683/4394
vt 0.40559 0.84740
f 1683/4413 1700/4178 1712/4472
vt 0.56961 0.75083
f 1694/4440 1740/4473 1724/4143
vt 0.43782 0.51787
f 1646/4323 1671/4322 1788/4474
f 1694/4440 1681/4247 1691/4465
vt 0.56898 0.73894
f 1700/4280 1683/4475 1692/4230
vt 0.84034 0.43443
f 1674/4340 1740/4476 1694/4407
vt 0.08450 0.94982
f 1689/4456 1695/4477 1720/4457
vt 0.22811 0.07034
f 1660/4217 1699/4108 1821/4478
vt 0.26181 0.03701
f 1688/4036 1621/3933 1930/4479
vt 0.85371 0.09731
f 1684/4374 1676/4341 1707/4480
vt 0.03537 0.60270
f 1566/4206 1730/4450 1728/4481
f 1670/4224 1678/4454 1771/4365
vt 0.56096 0.64715
vt 0.55954 0.64885
f 1667/4293 1713/4482 1693/4483
vt 0.33920 0.63119
f 1689/4404 1709/4484 1774/4388
vt 0.93619 0.34233
f 1676/4361 1736/4390 1707/4485
vt 0.17367 0.31534
f 1656/4257 1777/4295 1912/4486
vt 0.97054 0.68612
f 1646/4343 1735/4487 1649/4344
f 1683/4413 1712/4472 1736/4401
vt 0.70732 0.66526
f 1726/4410 1660/4216 1752/4488
vt 0.75121 0.37399
f 1719/3994 1764/4489 1678/4218
vt 0.44039 0.51691
f 1646/4323 1788/4474 1735/4490
vt 0.43439 0.53446
f 1708/4416 1715/4338 1787/4491
f 1643/4393 1684/4374 1707/4480
f 1661/4126 1659/4263 1650/4256
f 1675/3683 1783/4262 1621/3933
vt 0.56856 0.75580
vt 0.56827 0.75630
f 1599/4113 1734/4492 1706/4493
vt 0.34407 0.83414
f 1696/4162 1652/4294 1835/4494
vt 0.44090 0.50383
vt 0.43942 0.50357
f 1744/4411 1669/4495 1738/4496
f 1673/4030 1812/4435 1749/4334
vt 0.22596 0.07040
f 1660/4217 1821/4478 1741/4497
f 1658/4223 1701/4455 1672/4364
vt 0.18152 0.32130
f 1657/4376 1742/4498 1638/3869
vt 0.08552 0.94595
f 1757/4458 1720/4457 1722/4499
vt 0.94321 0.58142
vt 0.94319 0.58332
f 1667/4500 1721/4191 1713/4501
vt 0.18516 0.32450
f 1797/4267 1745/4502 1657/4376
vt 0.17145 0.31042
f 1656/4257 1772/4503 1727/4412
f 1685/3825 1888/4261 1704/3975
f 1696/4162 1835/4494 1779/4423
f 1638/3869 1742/4498 1773/4367
vt 0.87280 0.14065
f 1679/4270 1763/4504 1697/4271
vt 0.43965 0.50513
f 1669/4495 1753/4505 1738/4496
vt 0.17007 0.30883
f 1727/4412 1772/4503 1759/4506
vt 0.34688 0.62877
vt 0.34794 0.62733
f 1674/4507 1750/4439 1740/4508
vt 0.75243 0.96579
vt 0.75179 0.96504
vt 0.75281 0.96459
f 1703/4509 1631/4510 1716/4511
vt 0.56096 0.62966
f 1771/4365 1678/4454 1802/4512
vt 0.08447 0.94592
f 1720/4457 1758/4513 1722/4499
vt 0.92343 0.86534
vt 0.92470 0.86588
f 1678/4356 1764/4514 1802/4515
f 1608/3924 1698/4186 1797/4267
f 1649/4259 1735/4490 1729/4373
vt 0.16570 0.30392
f 1703/4409 1716/4516 1765/4415
vt 0.55952 0.64315
vt 0.56168 0.64219
f 1746/4517 1739/4422 1770/4518
vt 0.56031 0.65028
f 1693/4483 1713/4482 1723/4519
vt 0.70907 0.66623
f 1660/4216 1741/4520 1752/4488
vt 0.95673 0.20306
vt 0.95575 0.20229
vt 0.95677 0.20001
f 1717/4521 1725/4522 1825/4523
vt 0.93280 0.40232
f 1700/4389 1643/4362 1712/4524
vt 0.16783 0.30675
f 1631/4318 1714/4369 1785/4525
vt 0.33774 0.63181
f 1689/4404 1757/4526 1709/4484
vt 0.44893 0.62407
f 1718/4469 1690/4527 1710/4337
vt 0.95379 0.75734
f 1725/4426 1668/4425 1762/4528
vt 0.35110 0.62587
f 1706/4452 1734/4529 1766/4453
vt 0.18378 0.88462
f 1751/4287 1818/4530 1730/4449
vt 0.28161 0.01601
f 1651/3984 1899/4531 1799/4221
vt 0.24163 0.06006
f 1704/3975 1998/4532 1711/4333
vt 0.43780 0.52373
vt 0.44030 0.52406
f 1748/4304 1763/4533 1679/4534
vt 0.56941 0.75440
f 1599/4113 1724/4143 1734/4535
vt 0.93431 0.40234
f 1707/4536 1712/4524 1643/4362
vt 0.34003 0.63075
f 1709/4484 1828/4537 1774/4388
vt 0.69457 0.66915
vt 0.69421 0.67055
f 1654/4236 1710/4538 1690/4539
vt 0.98894 0.81556
vt 0.98894 0.81662
vt 0.98867 0.81604
f 1654/4540 1690/4541 1743/4542
vt 0.75246 0.96377
f 1631/4510 1785/4543 1716/4511
vt 0.57011 0.75254
f 1724/4143 1740/4544 1734/4535
vt 0.90111 0.20572
vt 0.89983 0.20789
f 1672/4545 1823/4546 1671/4298
vt 0.43956 0.53254
vt 0.43821 0.53381
vt 0.43787 0.53098
f 1639/4547 1754/4548 1789/4549
vt 0.15680 0.29793
f 1702/4052 1717/4368 1747/4550
vt 0.18031 0.31858
f 1773/4367 1767/4551 1775/4096
f 1651/3984 1732/4260 1899/4531
vt 0.17016 0.30710
vt 0.16993 0.30860
f 1727/4552 1759/4553 1714/4369
vt 0.13926 0.28076
f 1652/4220 1761/4215 1792/4554
vt 0.56990 0.75355
f 1740/4544 1791/4555 1734/4535
vt 0.43810 0.51429
f 1729/4373 1850/4556 1659/4263
f 1729/4373 1735/4490 1850/4556
vt 0.43909 0.50847
f 1659/4263 1850/4556 1803/4557
f 1774/4388 1750/4439 1664/4331
vt 0.96129 0.91762
vt 0.96277 0.91854
vt 0.96127 0.91830
f 1669/4558 1755/4559 1753/4560
vt 0.56328 0.64887
f 1723/4519 1713/4482 1842/4561
f 1659/4263 1803/4557 1650/4256
vt 0.43702 0.50554
f 1753/4505 1832/4562 1738/4496
vt 0.25948 0.03936
f 1688/4036 1760/4563 1687/3968
vt 0.22510 0.07235
f 1741/4497 1821/4478 1769/4564
f 1702/4052 1747/4550 1715/4335
f 1930/4479 1760/4563 1688/4036
vt 0.93754 0.34336
f 1736/4390 1712/4565 1707/4485
vt 0.18267 0.32299
f 1657/4376 1811/4566 1742/4498
vt 0.70820 0.66904
vt 0.70663 0.66776
f 1741/4520 1769/4567 1793/4568
vt 0.33693 0.63252
vt 0.33645 0.63168
f 1722/4569 1758/4570 1757/4526
f 1752/4488 1741/4520 1793/4568
vt 0.43802 0.50693
f 1753/4505 1778/4571 1832/4562
vt 0.95298 0.75531
f 1668/4425 1765/4572 1762/4528
vt 0.44097 0.66479
vt 0.44003 0.66655
vt 0.43889 0.66435
f 1695/4573 1744/4574 1830/4575
vt 0.18601 0.32639
f 1797/4267 1829/4576 1745/4502
vt 0.17244 0.31260
f 1656/4257 1912/4486 1780/4577
vt 0.15960 0.29969
f 1717/4368 1825/4578 1747/4550
vt 0.75104 0.37357
f 1719/3994 1728/4421 1764/4579
vt 0.43405 0.52267
f 1903/4406 1878/4580 1701/4455
vt 0.94784 0.25725
vt 0.94721 0.25963
vt 0.94692 0.25721
f 1725/4581 1762/4582 1825/4583
vt 0.27679 0.02324
vt 0.27248 0.02465
f 1705/4081 1894/4584 1756/4585
f 1705/4081 1756/4585 1768/4014
f 1749/4334 1821/4478 1699/4108
vt 0.35544 0.62141
f 1766/4453 1818/4586 1751/4451
vt 0.44256 0.66358
vt 0.44200 0.66196
f 1720/4587 1695/4573 1798/4588
vt 0.94346 0.74014
vt 0.94407 0.73898
vt 0.94497 0.74107
f 1709/4589 1757/4590 1782/4591
vt 0.94381 0.58478
f 1713/4501 1721/4191 1826/4592
vt 0.17731 0.31849
f 1777/4295 1775/4096 1855/4593
vt 0.56188 0.64628
f 1746/4255 1826/4594 1721/4281
vt 0.94562 0.73951
f 1757/4590 1798/4595 1782/4591
vt 0.34968 0.62536
f 1734/4529 1791/4596 1766/4453
vt 0.19902 0.33721
vt 0.19744 0.33989
f 1752/4597 1889/4598 1726/4463
f 1733/3844 1824/4375 1911/4448
vt 0.22578 0.07462
f 1769/4564 1821/4478 1784/4599
f 1695/4573 1830/4575 1798/4588
vt 0.43881 0.66775
vt 0.43624 0.66763
f 1738/4600 1827/4601 1744/4574
vt 0.43552 0.50800
f 1832/4562 1778/4571 1781/4602
vt 0.94404 0.74151
f 1709/4589 1782/4591 1828/4603
vt 0.43879 0.50619
f 1650/4256 1803/4557 1861/4604
vt 0.34210 0.62743
f 1774/4388 1844/4605 1750/4439
vt 0.86925 0.14319
f 1697/4271 1763/4504 1903/4606
vt 0.44431 0.66134
f 1758/4607 1720/4587 1798/4588
vt 0.03676 0.60498
f 1728/4481 1730/4450 1856/4608
vt 0.03543 0.60408
f 1728/4481 1856/4608 1808/4609
vt 0.34608 0.62403
f 1740/4508 1750/4439 1868/4610
vt 0.43577 0.51940
f 1671/4322 1823/4611 1788/4474
vt 0.16807 0.30919
f 1714/4369 1759/4553 1819/4612
f 1735/4490 1788/4474 1850/4556
vt 0.91499 0.20589
vt 0.91699 0.20637
vt 0.91513 0.20709
f 1753/4613 1861/4614 1778/4615
vt 0.18424 0.32358
f 1657/4376 1745/4502 1811/4616
f 1746/4255 1770/4518 1826/4594
vt 0.91667 0.20481
vt 0.91703 0.20566
f 1755/4617 1861/4618 1753/4613
f 1704/3975 1888/4261 1998/4532
vt 0.43608 0.50876
f 1778/4571 1815/4619 1781/4602
f 1656/4257 1780/4577 1772/4503
vt 0.43839 0.66785
vt 0.43733 0.66895
f 1738/4620 1832/4621 1827/4601
f 1806/4332 1894/4584 1705/4081
f 1740/4508 1868/4610 1791/4596
vt 0.19964 0.33944
f 1752/4597 1793/4622 1889/4598
vt 0.18004 0.31890
f 1775/4096 1767/4623 1855/4593
vt 0.74939 0.37153
f 1764/4579 1728/4421 1808/4624
f 1650/4256 1861/4604 1755/4470
vt 0.65469 0.88299
f 1754/4429 1708/4428 1790/4625
vt 0.91483 0.20830
vt 0.91597 0.20877
vt 0.91527 0.20970
f 1778/4626 1810/4627 1815/4628
f 1687/3968 1760/4563 1824/4375
vt 0.32916 0.96362
vt 0.32903 0.96217
vt 0.33005 0.96244
f 1773/4629 1742/4630 1820/4631
vt 0.32972 0.96441
f 1773/4629 1820/4631 1767/4632
vt 0.56463 0.63293
f 1771/4365 1921/4633 1805/4366
vt 0.57438 0.88887
vt 0.57497 0.88688
vt 0.57639 0.88894
f 1776/4634 1817/4635 1813/4636
vt 0.22069 0.07801
vt 0.22320 0.07610
vt 0.22446 0.07857
f 1776/4637 1813/4638 1966/4639
vt 0.43133 0.53525
f 1715/4338 1747/4640 1787/4491
vt 0.43632 0.51263
f 1850/4556 1891/4641 1803/4557
vt 0.26775 0.03150
f 1768/4014 1881/4642 1783/4262
vt 0.97016 0.69126
vt 0.97013 0.68951
vt 0.97106 0.69018
f 1772/4643 1780/4644 1872/4645
vt 0.26709 0.03627
f 1621/3933 1783/4262 2140/4646
f 1621/3933 2140/4646 1930/4479
vt 0.94506 0.73767
f 1757/4590 1758/4647 1798/4595
vt 0.14141 0.28321
f 1761/4215 1807/4648 1792/4554
vt 0.97073 0.36852
vt 0.97121 0.36965
vt 0.97025 0.37011
f 1745/4649 1804/4650 1811/4651
f 1714/4369 1819/4612 1785/4525
vt 0.43241 0.52254
f 1701/4455 1878/4580 1786/4652
vt 0.90106 0.20909
f 1672/4545 1701/4653 1823/4546
vt 0.13817 0.27866
f 1652/4220 1792/4554 1835/4654
vt 0.56416 0.63840
f 1737/4314 1938/4655 1739/4422
vt 0.70714 0.67036
f 1769/4567 1813/4656 1793/4568
vt 0.96191 0.92446
vt 0.96292 0.92618
vt 0.96195 0.92565
f 1778/4657 1861/4658 1810/4659
vt 0.16793 0.31138
f 1772/4503 1854/4660 1759/4506
vt 0.43586 0.53375
f 1754/4548 1790/4661 1789/4549
vt 0.65751 0.88488
f 1708/4428 1787/4662 1790/4625
vt 0.35250 0.62144
f 1791/4596 1926/4663 1766/4453
vt 0.28716 0.01314
f 1732/4260 1779/4420 1965/4664
vt 0.17601 0.31789
f 1855/4593 1920/4665 1777/4295
vt 0.56286 0.64713
f 1713/4482 1826/4666 1842/4561
vt 0.18953 0.33386
f 1698/4186 1838/4395 2039/4667
vt 0.34051 0.62954
f 1774/4388 1828/4668 1844/4605
vt 0.64588 0.44533
vt 0.64744 0.44467
vt 0.64748 0.44722
f 1817/4669 1776/4670 1880/4671
vt 0.18636 0.32853
vt 0.18628 0.32625
f 1797/4267 1879/4672 1829/4673
vt 0.03633 0.60662
f 1808/4609 1856/4608 1924/4674
vt 0.20029 0.34151
f 1793/4622 1794/4675 1889/4598
vt 0.22444 0.07390
f 1769/4676 1784/4599 1813/4638
vt 0.70540 0.67007
f 1813/4656 1870/4677 1793/4568
vt 0.64019 0.44492
vt 0.64328 0.44515
vt 0.64154 0.44727
f 1795/4678 1800/4679 1849/4680
vt 0.95396 0.75600
vt 0.95390 0.75431
f 1762/4681 1765/4572 1847/4682
vt 0.34597 0.83546
vt 0.34577 0.83190
f 1779/4683 1835/4494 1904/4684
vt 0.28861 0.01101
f 1779/4420 1904/4685 1965/4664
f 1761/4215 1723/4445 1807/4648
vt 0.97006 0.51722
vt 0.97074 0.51639
vt 0.97065 0.51897
f 1770/4686 1739/4687 1865/4688
vt 0.75153 0.37189
f 1764/4579 1808/4624 1862/4689
vt 0.22074 0.08046
f 1776/4637 1966/4639 1880/4690
vt 0.92434 0.86333
vt 0.92467 0.86451
f 1764/4514 1862/4691 1802/4692
vt 0.18045 0.32156
vt 0.17784 0.32003
f 1767/4623 1820/4693 1893/4694
f 1818/4586 1766/4453 1926/4663
vt 0.70603 0.66855
f 1793/4568 1870/4677 1794/4695
f 1744/4574 1827/4601 1830/4575
vt 0.16331 0.30674
vt 0.16203 0.30430
f 1716/4516 1935/4696 1851/4697
vt 0.43867 0.66272
f 1798/4588 1830/4575 1814/4698
vt 0.27305 0.02797
f 1756/4585 2027/4699 1768/4014
f 1767/4623 1893/4694 1855/4593
vt 0.65781 0.88759
vt 0.65534 0.88586
f 1787/4662 1822/4700 1801/4701
vt 0.57478 0.88451
vt 0.57462 0.88170
vt 0.57648 0.88366
f 1800/4702 1795/4703 1840/4704
vt 0.18254 0.88662
f 1730/4449 1818/4530 1856/4705
vt 0.57479 0.87970
vt 0.57546 0.88014
f 1795/4703 1831/4706 1796/4707
vt 0.56378 0.62967
f 1771/4365 1862/4708 1921/4633
f 1771/4365 1802/4512 1862/4708
vt 0.63798 0.44627
f 1795/4678 1849/4680 1831/4709
vt 0.43401 0.53064
f 1789/4549 1790/4661 1890/4710
f 1765/4415 1716/4516 1851/4697
f 1789/4549 1890/4710 1748/4304
vt 0.56319 0.64348
f 1770/4518 1809/4711 1826/4594
vt 0.56349 0.65042
f 1723/4519 1842/4561 1807/4712
vt 0.43142 0.53408
f 1747/4640 1822/4713 1787/4491
vt 0.57761 0.88735
f 1813/4636 1817/4635 1870/4714
vt 0.97437 0.14121
vt 0.97388 0.14011
vt 0.97487 0.13973
f 1772/4715 1872/4716 1906/4717
f 1787/4662 1801/4701 1790/4625
vt 0.95282 0.75426
f 1765/4572 1874/4718 1847/4682
f 1791/4596 1868/4610 1926/4663
vt 0.16794 0.30970
f 1759/4506 1854/4660 1819/4719
vt 0.43274 0.52071
f 1701/4455 1786/4652 1834/4720
vt 0.43526 0.50935
vt 0.43451 0.51022
f 1815/4721 1905/4722 1781/4602
vt 0.23455 0.06930
f 1749/4334 1956/4723 1821/4478
vt 0.44041 0.66165
f 1798/4588 1814/4698 1782/4724
vt 0.43421 0.51791
f 1788/4474 1823/4611 1871/4725
f 1726/4463 1889/4598 1838/4395
vt 0.18701 0.33134
f 1698/4186 1852/4726 1797/4267
vt 0.18454 0.32760
f 1829/4576 1857/4727 1745/4502
vt 0.57645 0.88189
f 1796/4707 1816/4728 1795/4703
vt 0.43701 0.50840
f 1803/4557 1891/4641 1864/4729
vt 0.56281 0.64112
f 1739/4422 1938/4655 1865/4730
vt 0.64466 0.44737
f 1817/4669 1880/4671 1846/4731
f 1817/4669 1846/4731 1800/4679
vt 0.16972 0.31282
f 1772/4503 1906/4732 1854/4660
f 1795/4703 1816/4728 1840/4704
f 1797/4267 1852/4726 1879/4672
vt 0.16069 0.30295
f 1874/4733 1765/4415 1851/4697
vt 0.43356 0.52544
f 1748/4304 1974/4734 1763/4533
f 1737/4314 1805/4366 1938/4655
vt 0.91617 0.20936
f 1810/4627 1863/4735 1815/4628
vt 0.56313 0.64154
vt 0.56346 0.64237
f 1770/4518 1865/4736 1809/4737
vt 0.32898 0.96009
vt 0.33002 0.95994
f 1742/4630 1811/4738 1887/4739
f 1742/4630 1887/4739 1820/4631
vt 0.90102 0.06131
vt 0.90103 0.06307
vt 0.89974 0.06173
f 1782/4740 1900/4741 1828/4742
f 1806/4332 1799/4221 1894/4584
f 1783/4262 1881/4642 2140/4646
vt 0.15682 0.30206
f 1747/4550 1825/4578 2003/4743
vt 0.25166 0.05078
f 1731/4090 1911/4448 2020/4744
vt 0.57738 0.88511
f 1817/4635 1800/4702 1876/4745
vt 0.18355 0.32379
vt 0.18335 0.32622
f 1804/4746 1745/4502 1877/4747
vt 0.97121 0.37131
f 1804/4650 1887/4748 1811/4651
vt 0.43516 0.51749
f 1788/4474 1871/4725 1875/4749
vt 0.18406 0.32649
f 1745/4502 1857/4727 1877/4750
f 1800/4702 1840/4704 1876/4745
vt 0.43784 0.66564
vt 0.43702 0.66531
f 1830/4751 1827/4601 1873/4752
f 1750/4439 1844/4605 1868/4610
vt 0.43299 0.51055
f 1781/4602 1905/4722 1866/4753
vt 0.57623 0.88063
f 1816/4728 1796/4707 1833/4754
vt 0.34044 0.62650
f 1828/4668 1952/4755 1844/4605
vt 0.64020 0.44788
f 1831/4709 1849/4680 1908/4756
vt 0.90423 0.48219
vt 0.90231 0.48163
vt 0.90388 0.48150
f 1836/4757 1845/4758 1843/4759
vt 0.70819 0.93458
vt 0.70822 0.93297
vt 0.70908 0.93455
f 1870/4760 1841/4761 1794/4762
vt 0.43812 0.51760
vt 0.43500 0.51698
f 1788/4763 1875/4764 1850/4556
vt 0.89937 0.21107
f 1701/4653 1940/4765 1823/4546
vt 0.70959 0.93271
f 1841/4761 1837/4766 1794/4762
vt 0.90134 0.48325
f 1836/4757 1841/4767 1845/4758
vt 0.94443 0.83951
vt 0.94385 0.83955
vt 0.94472 0.83838
f 1816/4768 1833/4769 1843/4770
vt 0.70841 0.92977
f 1841/4761 1836/4771 1837/4766
vt 0.43923 0.66037
f 1782/4724 1814/4698 1900/4772
f 1731/4090 2020/4744 1919/4379
vt 0.96227 0.92668
vt 0.96136 0.92665
f 1810/4659 1861/4773 1863/4774
vt 0.57763 0.88617
f 1876/4745 1870/4775 1817/4635
vt 0.97450 0.13906
f 1906/4717 1872/4716 1839/4776
f 1768/4014 2027/4699 1881/4642
f 1777/4295 1920/4665 1912/4486
vt 0.57557 0.87903
f 1796/4707 1831/4706 1917/4777
vt 0.64176 0.44727
f 1800/4679 1846/4731 1849/4778
vt 0.74873 0.37022
vt 0.75011 0.36908
f 1808/4624 1924/4779 1886/4780
vt 0.56470 0.64720
f 1826/4666 1923/4781 1842/4561
vt 0.98220 0.88582
vt 0.98266 0.88570
vt 0.98232 0.88651
f 1843/4782 1896/4783 1816/4784
vt 0.95612 0.19922
vt 0.95676 0.19752
f 1825/4523 1762/4785 1874/4786
vt 0.16708 0.30694
vt 0.16445 0.30915
f 1935/4696 1785/4787 2010/4788
f 1748/4304 1890/4710 1974/4734
vt 0.65602 0.88759
f 1822/4700 1983/4789 1801/4701
vt 0.95572 0.19747
f 1762/4785 1847/4790 1874/4786
vt 0.13617 0.28036
f 1792/4554 1869/4791 1835/4654
vt 0.56527 0.64488
f 1826/4594 1809/4711 1995/4792
vt 0.94459 0.83631
vt 0.94533 0.83672
f 1843/4770 1848/4793 1836/4794
f 1732/4260 1965/4664 1899/4531
f 1785/4787 1819/4719 2010/4788
vt 0.87281 0.14477
f 1763/4504 1929/4795 1903/4606
f 1803/4557 1864/4729 1861/4604
vt 0.98224 0.88498
f 1843/4782 1845/4796 1896/4783
vt 0.89954 0.48308
vt 0.90046 0.48217
f 1841/4767 1870/4797 1876/4798
vt 0.57686 0.88229
f 1816/4728 1867/4799 1840/4704
vt 0.98274 0.88639
f 1816/4784 1896/4783 1867/4800
vt 0.86969 0.14619
vt 0.87170 0.14642
f 1878/4801 1903/4606 1910/4802
vt 0.43474 0.51129
f 1891/4641 1915/4803 1864/4729
vt 0.94413 0.83875
f 1833/4769 1867/4804 1843/4770
vt 0.43802 0.66398
f 1830/4575 1873/4805 1814/4698
vt 0.90104 0.21134
f 1701/4653 1834/4806 1940/4765
vt 0.28239 0.02256
f 1799/4221 1899/4531 2074/4807
f 1808/4624 1886/4780 1862/4689
vt 0.43319 0.50830
vt 0.43453 0.50741
f 1781/4602 1937/4808 1832/4809
f 1781/4602 1866/4753 1937/4808
vt 0.23186 0.07372
f 1821/4478 2048/4810 1784/4599
f 1867/4804 1848/4793 1843/4770
vt 0.94355 0.83760
f 1867/4804 1853/4811 1848/4793
vt 0.18165 0.32411
f 1804/4746 1877/4747 1887/4812
vt 0.88782 0.72333
vt 0.88895 0.72147
vt 0.88912 0.72350
f 1855/4813 1859/4814 1920/4815
vt 0.89148 0.79231
vt 0.89006 0.79029
vt 0.89118 0.79083
f 1855/4816 1895/4817 1859/4818
vt 0.17142 0.31392
f 1912/4486 1882/4819 1780/4577
f 1841/4767 1876/4798 1845/4758
vt 0.18570 0.32815
f 1829/4576 1879/4820 1857/4727
vt 0.95241 0.30530
vt 0.95017 0.30443
vt 0.95165 0.30341
f 1786/4821 1858/4822 1834/4823
vt 0.43538 0.67064
vt 0.43363 0.67115
f 1832/4824 1937/4825 1827/4601
vt 0.35562 0.61737
f 1818/4586 1926/4663 2043/4826
vt 0.71031 0.93023
f 1837/4766 1836/4771 1898/4827
vt 0.70954 0.92894
f 1836/4771 1848/4828 1898/4827
vt 0.88948 0.71926
vt 0.89037 0.71932
f 1859/4814 1860/4829 1949/4830
vt 0.61954 0.98893
vt 0.61914 0.98943
vt 0.61914 0.98883
f 1861/4831 1864/4832 1863/4833
vt 0.63908 0.44766
vt 0.63762 0.44729
f 1831/4709 1908/4834 1897/4835
vt 0.96590 0.42950
vt 0.96665 0.42941
vt 0.96630 0.43051
f 1905/4836 1815/4837 5785/4838
vt 0.56616 0.64033
f 1938/4655 2037/4839 1865/4730
vt 0.89056 0.78873
f 1859/4818 1895/4817 1860/4840
vt 0.18378 0.88910
f 1818/4530 2043/4841 1856/4705
vt 0.89980 0.06482
f 1828/4742 1900/4741 1952/4842
vt 0.97029 0.68856
f 1780/4644 1882/4843 1872/4645
f 1813/4638 1784/4599 1966/4639
vt 0.94360 0.83810
f 1867/4804 1896/4844 1853/4811
vt 0.95099 0.30594
f 1786/4821 1878/4845 1858/4822
vt 0.64549 0.44808
f 1880/4671 1931/4846 1846/4731
vt 0.43609 0.50804
f 1864/4729 1915/4803 1863/4847
f 1825/4578 1874/4733 2003/4743
vt 0.74616 0.38757
vt 0.74638 0.38952
vt 0.74527 0.38801
f 1840/4848 1902/4849 1876/4850
f 1819/4719 1854/4660 2010/4788
vt 0.19852 0.34261
f 1889/4598 1794/4675 1942/4851
vt 0.43293 0.53345
f 1790/4661 1801/4852 1890/4710
vt 0.56447 0.64661
f 1826/4594 1995/4792 1923/4853
vt 0.70995 0.93420
f 1794/4762 1837/4766 1942/4854
f 1850/4556 1875/4764 1891/4641
vt 0.85346 0.50140
vt 0.85384 0.50337
vt 0.85144 0.50207
f 1849/4855 1846/4856 1902/4857
vt 0.67052 0.94753
vt 0.67109 0.94694
vt 0.67128 0.94861
f 1866/4858 1905/4859 1916/4860
vt 0.74887 0.38759
vt 0.75019 0.38761
vt 0.74929 0.38922
f 1833/4861 1796/4862 1946/4863
vt 0.89024 0.79237
f 1895/4817 1855/4816 1893/4864
vt 0.88993 0.71776
f 1860/4829 1885/4865 1949/4830
vt 0.89185 0.78773
vt 0.89022 0.78627
vt 0.89160 0.78644
f 1860/4866 1914/4867 1885/4868
vt 0.90053 0.48168
vt 0.90112 0.48073
f 1845/4758 1876/4869 1950/4870
vt 0.96758 0.43028
vt 0.96699 0.43076
f 1815/4837 1863/4871 1962/4872
vt 0.72854 0.97597
vt 0.72786 0.97709
vt 0.72747 0.97621
f 1831/4873 1897/4874 1917/4875
vt 0.43225 0.51957
f 1823/4611 1940/4876 1871/4725
vt 0.17446 0.31846
f 1920/4665 1939/4877 1912/4486
vt 0.97824 0.54989
vt 0.97734 0.55020
vt 0.97781 0.54940
f 1872/4878 1882/4879 1839/4880
vt 0.19173 0.33719
f 1838/4395 1884/4881 2039/4667
vt 0.98021 0.66579
vt 0.98013 0.66479
vt 0.98065 0.66459
f 1809/4882 1865/4883 1883/4884
vt 0.74900 0.36754
f 1924/4779 2000/4885 1886/4780
vt 0.24577 0.06014
f 1888/4261 2161/4886 1998/4532
f 1838/4395 1889/4598 1884/4881
vt 0.75120 0.38825
f 1796/4862 1917/4887 1946/4863
vt 0.74799 0.38680
f 1867/4888 1833/4861 1902/4849
f 1867/4888 1902/4849 1840/4848
vt 0.88970 0.78881
f 1860/4840 1895/4817 1986/4889
vt 0.95007 0.30573
f 1878/4845 1910/4890 1858/4822
vt 0.43585 0.66613
vt 0.43586 0.66569
f 1827/4601 1979/4891 1953/4892
f 1827/4601 1953/4892 1873/4752
f 1749/4334 1812/4435 1956/4723
f 1903/4606 1929/4795 1910/4802
vt 0.18236 0.88846
f 1856/4705 2043/4841 1924/4893
vt 0.56486 0.64183
f 1865/4730 2037/4839 1883/4894
vt 0.96421 0.87786
vt 0.96373 0.87894
vt 0.96366 0.87685
f 1871/4895 1941/4896 1875/4897
f 1698/4186 2039/4667 1852/4726
vt 0.34989 0.61991
f 1926/4663 1868/4610 2036/4898
vt 0.56603 0.63719
f 1805/4366 1985/4899 1938/4655
f 1805/4366 1921/4633 1985/4899
vt 0.85240 0.49928
f 1849/4855 1902/4857 1908/4900
vt 0.89096 0.71794
f 1885/4865 1971/4901 1949/4830
vt 0.43240 0.51234
vt 0.43010 0.51258
f 1916/4902 1892/4903 1866/4753
vt 0.43361 0.52349
f 1974/4734 1929/4904 1763/4533
f 1860/4840 1986/4889 1914/4867
f 1809/4711 1883/4894 1995/4792
f 1815/4837 1962/4872 5785/4838
vt 0.43227 0.50920
f 1866/4753 1948/4905 1937/4808
vt 0.22393 0.08218
f 1880/4690 1966/4639 2083/4906
vt 0.17705 0.32123
f 1893/4694 1820/4693 1933/4907
vt 0.85220 0.50307
f 1846/4856 1947/4908 1902/4857
vt 0.90236 0.48083
f 1845/4758 1950/4870 1896/4909
vt 0.97714 0.55019
vt 0.97731 0.54898
f 1882/4910 1906/4911 1839/4880
vt 0.89092 0.78505
f 1885/4868 1914/4867 1901/4912
vt 0.96909 0.57972
vt 0.96814 0.58016
vt 0.96848 0.57952
f 1876/4913 1959/4914 1950/4915
vt 0.43422 0.50906
f 1915/4803 1962/4916 1863/4847
vt 0.74484 0.38824
f 1902/4849 1959/4917 1876/4850
f 1711/4333 1998/4532 1812/4435
vt 0.67221 0.94708
vt 0.67288 0.94820
f 1905/4859 5800/4918 1918/4919
vt 0.97080 0.41685
vt 0.97074 0.41846
vt 0.97040 0.41783
f 1895/4920 1893/4921 1933/4922
vt 0.88777 0.32663
vt 0.88882 0.32535
vt 0.88861 0.32629
f 1859/4923 1949/4924 2013/4925
vt 0.27162 0.03212
f 1881/4642 2027/4699 2014/4926
vt 0.94998 0.30274
f 1834/4823 1858/4822 1940/4927
vt 0.43044 0.51335
f 1916/4902 1973/4928 1892/4903
vt 0.89063 0.71628
f 1901/4929 1971/4901 1885/4865
vt 0.43292 0.51728
f 1871/4725 1940/4876 1941/4930
vt 0.88972 0.78481
f 1901/4912 1914/4867 1976/4931
vt 0.13921 0.28395
f 1807/4648 1934/4932 1792/4554
vt 0.77733 0.07396
vt 0.77654 0.07519
vt 0.77623 0.07444
f 1896/4933 1957/4934 1853/4935
vt 0.25599 0.04883
f 1824/4375 2042/4936 1911/4448
vt 0.85308 0.50421
f 1846/4856 1931/4937 1947/4908
vt 0.34232 0.62245
f 1844/4605 2135/4938 1868/4610
vt 0.43377 0.66872
f 1827/4601 1937/4825 1981/4939
vt 0.16892 0.31597
f 1912/4486 2085/4940 1882/4819
vt 0.94380 0.83610
f 1848/4793 1853/4811 1957/4941
vt 0.56589 0.65024
f 1842/4561 1934/4942 1807/4712
f 1756/4585 1894/4584 2027/4699
vt 0.25862 0.04447
f 1824/4375 2056/4943 2042/4936
f 1824/4375 1760/4563 2056/4943
vt 0.17807 0.32437
f 1820/4693 1887/4812 2051/4944
vt 0.65692 0.88907
f 1983/4789 1822/4700 1954/4945
vt 0.93964 0.19352
vt 0.94008 0.19099
vt 0.94065 0.19365
f 1837/4946 1898/4947 1913/4948
f 1902/4849 1833/4861 1946/4863
vt 0.23056 0.07622
f 1784/4599 2047/4949 1966/4639
vt 0.94138 0.19227
f 1898/4947 1999/4950 1913/4948
vt 0.94036 0.19472
f 1837/4946 1913/4948 1942/4951
f 1882/4819 2085/4940 1906/4732
vt 0.24905 0.05769
f 1888/4261 2243/4952 2161/4886
f 1888/4261 1919/4379 2243/4952
f 1820/4693 2051/4944 1933/4907
vt 0.41008 0.94918
vt 0.40940 0.94817
vt 0.41004 0.94721
f 1986/4953 2035/4954 1914/4955
vt 0.43260 0.51602
f 1891/4641 1941/4956 1915/4803
vt 0.96802 0.94949
vt 0.96825 0.94920
vt 0.96887 0.94949
f 5785/4957 1962/4958 1981/4959
vt 0.96860 0.95049
f 5785/4957 1981/4959 2006/4960
vt 0.43193 0.52831
f 1890/4710 1909/4961 1974/4734
f 1875/4764 1941/4956 1891/4641
vt 0.22052 0.08332
f 1880/4690 2083/4906 1944/4962
vt 0.67243 0.94618
vt 0.67301 0.94579
vt 0.67302 0.94683
f 5785/4963 2006/4964 1943/4965
vt 0.74492 0.38910
f 1902/4849 1960/4966 1959/4917
vt 0.42993 0.51138
f 1866/4753 1892/4903 1948/4967
vt 0.56590 0.62960
f 1862/4708 2019/4968 1921/4633
vt 0.75228 0.37152
vt 0.75267 0.36979
f 1862/4969 1886/4780 2019/4970
f 1784/4599 2048/4810 2047/4949
vt 0.64716 0.44970
f 1880/4671 1944/4971 1931/4846
f 5800/4918 5785/4963 1943/4965
f 1905/4859 1918/4919 1916/4860
vt 0.43291 0.67262
vt 0.43135 0.67147
f 1948/4972 1945/4973 1937/4825
vt 0.15291 0.73969
vt 0.15278 0.73720
vt 0.15400 0.73857
f 1873/4974 1951/4975 1814/4976
f 1894/4584 1799/4221 2074/4807
vt 0.89049 0.72104
vt 0.89165 0.72073
f 1859/4977 2013/4978 1920/4815
vt 0.43200 0.52703
vt 0.43039 0.52861
vt 0.43022 0.52639
f 1927/4979 1975/4980 1928/4981
vt 0.26314 0.90632
vt 0.26299 0.90994
vt 0.26238 0.90806
f 1927/4982 1922/4983 1975/4984
vt 0.97633 0.38705
vt 0.97651 0.38879
vt 0.97592 0.38812
f 1879/4985 1967/4986 1857/4987
vt 0.43630 0.66123
f 1900/4772 1814/4698 1951/4988
vt 0.43787 0.65815
f 1900/4772 1951/4988 1907/4989
vt 0.77857 0.07490
f 1896/4933 1950/4990 1957/4934
vt 0.42957 0.53354
f 1822/4713 1747/4640 1954/4991
vt 0.43185 0.52524
f 1927/4979 1928/4981 1932/4992
vt 0.94467 0.83504
f 1848/4793 1957/4941 1898/4993
vt 0.18131 0.32835
f 1887/4812 1877/4747 2067/4994
vt 0.85105 0.50043
f 1908/4900 1902/4857 1936/4995
vt 0.85157 0.50380
f 1931/4937 1968/4996 1947/4908
vt 0.74537 0.39047
f 1902/4849 1992/4997 1960/4966
f 1821/4478 1956/4723 2048/4810
vt 0.43269 0.52474
f 1974/4734 1932/4998 1929/4904
vt 0.35422 0.61562
f 1926/4663 2096/4999 2043/4826
vt 0.42954 0.52403
vt 0.43201 0.52383
f 1932/4992 1982/5000 1910/5001
vt 0.26303 0.90311
vt 0.26368 0.90261
vt 0.26389 0.90389
f 1910/5002 1929/5003 1932/5004
vt 0.85163 0.49675
vt 0.85106 0.49834
f 1897/5005 1908/4900 1946/5006
vt 0.85100 0.49672
f 1897/5005 1946/5006 1917/5007
f 1932/4992 1928/4981 1982/5000
vt 0.74454 0.38987
f 1960/4966 1992/4997 1968/5008
vt 0.74800 0.39013
f 1902/4849 1946/4863 1936/5009
vt 0.43078 0.53331
vt 0.43050 0.53238
f 1983/5010 1954/4991 1925/5011
vt 0.43361 0.50979
f 1915/4803 2006/5012 1962/4916
vt 0.43339 0.51114
f 1915/4803 1943/5013 2006/5012
vt 0.26263 0.91136
vt 0.26324 0.91259
f 1925/5014 1922/4983 1983/5015
vt 0.18392 0.32912
f 1879/4672 1852/4726 1967/5016
vt 0.15759 0.30582
f 1874/4733 1851/4697 2095/5017
vt 0.78347 0.95996
vt 0.78488 0.96098
vt 0.78338 0.96206
f 1916/5018 1991/5019 1973/5020
vt 0.43114 0.52196
f 1910/5001 1982/5000 1858/5021
vt 0.26287 0.04416
f 1760/4563 1930/4479 2081/5022
vt 0.43067 0.51734
f 1941/4930 1940/4876 2009/5023
vt 0.97475 0.52702
vt 0.97402 0.52800
vt 0.97397 0.52671
f 1857/5024 1967/5025 1877/5026
vt 0.56794 0.64844
f 1842/4561 2049/5027 1934/4942
vt 0.64195 0.44893
vt 0.64298 0.45028
vt 0.64020 0.44992
f 1964/5028 2026/5029 1961/5030
vt 0.99197 0.53110
vt 0.99176 0.53065
vt 0.99197 0.53052
f 1999/5031 1898/5032 1988/5033
vt 0.65478 0.88759
f 1801/4701 1983/4789 1996/5034
vt 0.85164 0.50256
f 1947/4908 1992/5035 1902/4857
vt 0.43121 0.53204
f 1801/4852 1996/5036 1890/4710
vt 0.85116 0.49948
f 1908/4900 1936/5037 1946/5006
vt 0.42911 0.53098
vt 0.43119 0.53071
f 1925/5011 1978/5038 1922/5039
vt 0.80948 0.64160
vt 0.80934 0.64286
vt 0.80868 0.64077
f 1944/5040 1977/5041 1931/5042
vt 0.13640 0.28426
f 1869/4791 1792/4554 2033/5043
f 1922/5039 1978/5038 1975/4980
vt 0.28725 0.01796
f 1899/4531 1965/4664 1984/5044
vt 0.95609 0.80635
vt 0.95641 0.80437
vt 0.95742 0.80478
f 1964/5045 1961/5046 2004/5047
vt 0.64358 0.44970
f 1964/5028 1972/5048 2026/5029
vt 0.94360 0.83468
f 1898/4993 1957/4941 1980/5049
vt 0.94117 0.19097
vt 0.94044 0.19140
f 1898/4947 1980/5050 1988/5051
vt 0.03718 0.60796
vt 0.03714 0.60889
f 1924/4674 2043/5052 2136/5053
vt 0.03564 0.60851
f 1924/4674 2136/5053 2000/5054
vt 0.42692 0.53467
f 1747/4640 2003/5055 1954/4991
f 1909/4961 1890/4710 1996/5036
vt 0.43264 0.67016
f 1937/4825 2006/5056 1981/4939
vt 0.17256 0.31904
f 1912/4486 1993/5057 2085/4940
vt 0.26462 0.90813
f 1922/4983 1927/4982 1909/5058
vt 0.43235 0.51273
f 1915/4803 1941/4956 1918/5059
vt 0.43428 0.66764
vt 0.43481 0.66654
f 1827/4601 1981/5060 1979/5061
vt 0.90088 0.06651
f 1900/4741 1907/5062 1952/4842
vt 0.15015 0.74022
vt 0.15011 0.73773
f 1873/4974 1953/5063 2064/5064
vt 0.34308 0.83181
vt 0.34370 0.82909
f 1835/4494 1869/5065 2142/5066
f 1915/4803 1918/5059 1943/5013
vt 0.78490 0.96020
f 1916/5018 1918/5067 1991/5019
f 1835/4494 2142/5066 1904/4684
vt 0.17556 0.32223
f 1933/4907 2051/4944 2052/5068
f 1952/4755 2135/4938 1844/4605
f 1911/4448 2042/4936 2020/4744
vt 0.97415 0.49366
vt 0.97445 0.49201
vt 0.97474 0.49241
f 1954/5069 1978/5070 1925/5071
vt 0.42906 0.53350
vt 0.42708 0.53257
vt 0.42880 0.53178
f 1954/5072 2008/5073 1978/5074
vt 0.89038 0.83923
vt 0.89022 0.83762
vt 0.89192 0.83902
f 1913/5075 2007/5076 1942/5077
vt 0.19710 0.34266
f 1889/4598 1942/4851 1955/5078
vt 0.97406 0.68059
vt 0.97489 0.68184
vt 0.97389 0.68191
f 1901/5079 1976/5080 1970/5081
vt 0.88956 0.32239
vt 0.89109 0.32308
vt 0.88909 0.32384
f 1901/5082 1970/5083 1971/5084
f 1954/5072 2003/5055 2008/5073
vt 0.56623 0.63890
f 2037/4839 1938/4655 1985/5085
vt 0.56875 0.64251
f 1883/4894 2103/5086 1995/4792
f 1760/4563 2081/5022 2056/4943
vt 0.64758 0.45235
vt 0.64551 0.45027
f 1944/4971 1958/5087 1977/5088
vt 0.80726 0.63890
vt 0.80816 0.63989
vt 0.80629 0.63944
f 1960/5089 1968/5090 1963/5091
vt 0.77944 0.07726
f 1950/4990 2011/5092 1957/4934
vt 0.43100 0.51386
f 1941/4956 2009/5023 1991/5093
f 1940/4876 1858/5021 2009/5023
vt 0.88911 0.79013
vt 0.88928 0.79242
vt 0.88816 0.79204
f 1895/5094 1933/5095 2052/5096
vt 0.95704 0.80777
vt 0.95632 0.80754
vt 0.95739 0.80764
f 1947/5097 1972/5098 1992/5099
f 1968/5090 1931/5042 1963/5091
vt 0.19389 0.34039
f 1889/4598 2040/5100 1884/4881
vt 0.16485 0.31298
f 2010/4788 1854/4660 2118/5101
vt 0.07673 0.64430
vt 0.07725 0.64553
vt 0.07582 0.64581
f 1950/5102 1959/5103 2005/5104
f 1937/4825 1945/4973 2006/5056
vt 0.24056 0.06774
f 1812/4435 1998/4532 2160/5105
f 1941/4956 1991/5093 1918/5059
vt 0.43179 0.52562
f 1932/4998 1974/4734 1969/5106
f 1842/4561 1923/4781 2049/5027
vt 0.43631 0.50349
vt 0.43501 0.50540
vt 0.43390 0.50310
f 1953/5107 1979/5108 2075/5109
vt 0.97053 0.28977
vt 0.97106 0.28959
vt 0.97014 0.29106
f 1947/5110 1968/5111 1972/5112
vt 0.26640 0.03997
f 2140/4646 2131/5113 1930/4479
f 1812/4435 2160/5105 1956/4723
f 1887/4812 2067/4994 2051/4944
vt 0.40975 0.94567
f 1914/4955 2035/4954 1976/5114
vt 0.56696 0.64717
f 1923/4781 2024/5115 2049/5027
vt 0.85074 0.50340
vt 0.84872 0.50245
vt 0.84999 0.50225
f 1960/5116 2005/5117 1959/5118
vt 0.22029 0.08512
f 1944/4962 2083/4906 1958/5119
vt 0.97391 0.03632
vt 0.97471 0.03541
vt 0.97468 0.03718
f 2017/5120 1928/5121 1975/5122
f 1873/4974 2064/5064 1951/4975
f 1906/4732 2085/4940 1854/4660
vt 0.07540 0.64375
f 1950/5102 2005/5104 2011/5123
vt 0.89180 0.83770
f 1942/5077 2007/5076 1955/5124
f 1877/4747 1967/5016 2067/4994
vt 0.43184 0.52694
f 1974/4734 1909/4961 1969/5125
f 1851/4697 1935/4696 2095/5017
vt 0.88950 0.83894
vt 0.88987 0.83844
f 1913/5075 1999/5126 2007/5127
f 1972/5098 1964/5045 1992/5099
vt 0.43243 0.50886
f 2006/5012 2023/5128 1962/4916
vt 0.42756 0.53153
f 2008/5073 2015/5129 1978/5074
vt 0.77798 0.07750
f 1957/4934 2011/5092 1999/5130
vt 0.18282 0.33231
f 1852/4726 2155/5131 1967/5016
vt 0.34728 0.61895
f 1868/4610 2154/5132 2036/4898
vt 0.88799 0.83843
vt 0.88910 0.83752
vt 0.88871 0.83884
f 1988/5133 1989/5134 1999/5135
vt 0.42770 0.53048
f 1975/4980 1978/5038 2015/5136
vt 0.64153 0.45310
f 1961/5030 2026/5029 2099/5137
vt 0.56852 0.63558
f 1921/4633 2144/5138 1985/4899
vt 0.95737 0.80612
f 1964/5045 2001/5139 1992/5099
f 1926/4663 2036/4898 2096/4999
f 1912/4486 1939/4877 1993/5057
vt 0.89065 0.32530
f 1971/5084 1994/5140 1949/4924
f 1964/5045 2004/5047 2001/5139
vt 0.42831 0.52710
f 1975/4980 2015/5136 2017/5141
vt 0.26476 0.90500
f 1927/4982 1969/5142 1909/5058
vt 0.25189 0.05627
f 1919/4379 2220/5143 2243/4952
vt 0.84966 0.50421
f 1960/5116 1963/5144 2005/5117
f 1899/4531 1984/5044 2074/4807
vt 0.89072 0.72390
f 1920/4815 2013/4978 1939/5145
vt 0.40875 0.94597
f 1976/5114 2035/4954 1970/5146
f 1932/5004 1969/5142 1927/4982
vt 0.43418 0.50798
vt 0.43296 0.50683
f 1981/5147 2022/5148 1979/5108
vt 0.26467 0.91155
f 1909/5058 1996/5149 1922/4983
vt 0.56835 0.63132
f 1921/4633 2019/4968 2122/5150
vt 0.74979 0.36561
f 1886/4780 2000/4885 2045/5151
f 1792/4554 1934/4932 2033/5043
vt 0.43621 0.65917
f 1951/4988 2130/5152 1907/4989
vt 0.18855 0.33836
f 1884/4881 2186/5153 2039/4667
vt 0.88806 0.83658
f 1988/5133 2032/5154 1989/5134
vt 0.97059 0.29146
f 1972/5112 1968/5111 2025/5155
vt 0.90507 0.97606
vt 0.90521 0.97694
vt 0.90408 0.97636
f 1949/5156 1994/5157 2013/5158
vt 0.42701 0.51476
f 1892/4903 1973/4928 2053/5159
f 1962/4916 2023/5128 1981/5147
vt 0.88872 0.78893
vt 0.88791 0.79018
vt 0.88849 0.78815
f 1986/5160 2034/5161 2035/5162
vt 0.77678 0.07685
f 1957/4934 1999/5130 1980/5163
vt 0.11835 0.95009
vt 0.11756 0.95159
vt 0.11697 0.95111
f 2007/5164 1999/5165 2011/5166
vt 0.40843 0.94811
f 2035/4954 1994/5167 1970/5146
f 1981/5147 2023/5128 2022/5148
vt 0.19531 0.34309
f 1889/4598 2058/5168 2040/5100
vt 0.55299 0.96345
vt 0.55424 0.96205
vt 0.55372 0.96375
f 1939/5169 2016/5170 1993/5171
vt 0.80868 0.64538
vt 0.80814 0.64393
f 1977/5041 2069/5172 2002/5173
vt 0.74541 0.39219
vt 0.74444 0.39050
f 1992/4997 2038/5174 1968/5175
f 1971/5084 1970/5083 1994/5140
vt 0.56625 0.64658
f 1923/4853 1995/4792 2024/5176
vt 0.80798 0.64268
f 1931/5042 1977/5041 2025/5177
vt 0.80714 0.64236
f 1931/5042 2059/5178 1963/5091
vt 0.27707 0.02893
f 2027/4699 1894/4584 2063/5179
vt 0.25529 0.05409
f 2020/4744 2204/5180 1919/4379
f 1895/5094 2052/5096 2034/5161
f 1895/5094 2034/5161 1986/5160
f 1955/5078 2058/5168 1889/4598
vt 0.89077 0.32668
vt 0.89011 0.32605
f 1994/5140 2031/5181 2013/5182
f 1858/5021 1982/5000 2009/5023
f 1967/5016 2155/5131 2067/4994
vt 0.43248 0.51002
vt 0.43044 0.50869
f 2006/5183 2120/5184 2023/5128
vt 0.07421 0.64568
f 2011/5123 2005/5104 2065/5185
vt 0.97401 0.96661
vt 0.97504 0.96634
vt 0.97476 0.96712
f 2011/5186 2065/5187 2046/5188
vt 0.42782 0.51320
f 1892/4903 2053/5159 1990/5189
vt 0.34032 0.62276
f 1952/4755 2111/5190 2135/4938
f 1977/5041 2002/5173 2025/5177
vt 0.88893 0.83587
f 2032/5154 2060/5191 1989/5134
f 2017/5141 1982/5000 1928/4981
vt 0.42869 0.51481
f 2009/5023 2030/5192 1991/5093
f 1892/4903 1990/5189 1948/4967
vt 0.72671 0.28703
vt 0.72713 0.28579
vt 0.72878 0.28749
f 1973/5193 2030/5194 2053/5195
vt 0.13436 0.28436
f 2033/5043 2164/5196 1869/4791
vt 0.91626 0.63236
vt 0.91458 0.63469
vt 0.91472 0.63167
f 1961/5197 2101/5198 2004/5199
vt 0.97810 0.87229
vt 0.97755 0.87303
vt 0.97778 0.87201
f 1994/5200 2035/5201 2031/5202
vt 0.42639 0.52783
f 2017/5141 2015/5136 2018/5203
vt 0.37841 0.94975
vt 0.37802 0.94756
vt 0.37952 0.94854
f 1989/5204 2060/5205 2143/5206
vt 0.78121 0.07721
vt 0.77964 0.07932
f 1997/5207 2054/5208 2011/5092
vt 0.77992 0.07697
f 1997/5207 2011/5092 2046/5209
f 1922/4983 1996/5149 1983/5015
vt 0.19604 0.34316
f 1955/5078 2012/5210 2058/5168
vt 0.89019 0.83536
f 2007/5076 2057/5211 1955/5124
vt 0.78461 0.96241
f 1973/5020 1991/5019 2030/5212
vt 0.22364 0.08580
f 1958/5119 2083/4906 2093/5213
vt 0.18579 0.33659
f 1852/4726 2218/5214 2155/5131
vt 0.76737 0.83438
vt 0.76689 0.83461
vt 0.76674 0.83294
f 1988/5215 1980/5216 2021/5217
vt 0.55410 0.96021
f 1939/5169 2013/5218 2016/5170
vt 0.74719 0.39197
f 1992/4997 2001/5219 2038/5174
f 1883/4894 2037/4839 2103/5086
vt 0.42630 0.53141
f 2008/5073 2127/5220 2015/5129
vt 0.89989 0.06885
f 1952/4842 1907/5062 2111/5221
vt 0.77758 0.07921
vt 0.77721 0.07785
f 1999/5130 2021/5222 1980/5223
vt 0.03694 0.61128
vt 0.03551 0.61052
f 2000/5054 2109/5224 2045/5225
vt 0.89127 0.83550
vt 0.89136 0.83627
f 1955/5124 2126/5226 2012/5227
vt 0.42564 0.53300
f 2008/5073 2150/5228 2127/5220
f 1979/5108 2022/5148 2075/5109
vt 0.78136 0.07977
f 1997/5207 2012/5229 2054/5208
vt 0.42644 0.53031
f 2015/5136 2127/5230 2018/5203
vt 0.64556 0.45257
f 1977/5088 1958/5087 2069/5231
vt 0.55432 0.96356
f 2016/5170 2029/5232 1993/5171
vt 0.37971 0.95005
f 1989/5204 2143/5206 2021/5233
vt 0.37924 0.95101
f 1989/5204 2021/5233 1999/5234
vt 0.56864 0.64641
f 1995/4792 2091/5235 2024/5176
f 1874/4733 2095/5017 2003/4743
vt 0.42805 0.51686
f 2009/5023 2072/5236 2030/5192
vt 0.97129 0.29154
f 1968/5111 2038/5237 2025/5155
vt 0.94052 0.00145
vt 0.94160 0.00078
vt 0.94086 0.00236
f 2026/5238 1972/5239 2002/5240
vt 0.64415 0.45351
f 2026/5029 2115/5241 2099/5137
vt 0.42701 0.52448
f 1982/5000 2017/5141 2061/5242
vt 0.17766 0.32851
f 2067/4994 2210/5243 2051/4944
vt 0.72998 0.28587
f 2053/5195 2030/5194 2028/5244
f 1852/4726 2039/4667 2218/5214
vt 0.64032 0.45262
f 1961/5030 2099/5137 2070/5245
vt 0.89039 0.32957
vt 0.89148 0.32844
vt 0.89103 0.33044
f 2029/5246 2034/5247 2052/5248
vt 0.96659 0.79373
vt 0.96607 0.79201
vt 0.96679 0.79078
f 2029/5249 2016/5250 2031/5251
vt 0.76831 0.83260
f 1988/5215 2021/5217 2032/5252
vt 0.19848 0.34404
vt 0.19730 0.34497
f 1997/5253 1987/5254 2012/5210
f 1930/4479 2131/5113 2081/5022
vt 0.24417 0.06454
f 1998/4532 2161/4886 2167/5255
vt 0.19118 0.34012
f 1884/4881 2040/5100 2041/5256
f 1931/5042 2025/5177 2059/5178
vt 0.89590 0.66699
vt 0.89499 0.66648
vt 0.89470 0.66507
f 1997/5257 2046/5258 2112/5259
vt 0.89621 0.66529
f 1997/5257 2112/5259 1987/5260
vt 0.99089 0.53334
vt 0.99058 0.53302
vt 0.99089 0.53282
f 2053/5261 2050/5262 1990/5263
vt 0.22118 0.08879
f 1958/5119 2093/5213 2146/5264
f 2031/5181 2034/5247 2029/5246
vt 0.11697 0.94929
f 2011/5166 2054/5265 2007/5164
vt 0.73269 0.41142
vt 0.73406 0.41137
vt 0.73339 0.41190
f 2006/5266 1945/5267 2120/5268
vt 0.96254 0.82372
vt 0.96157 0.82371
vt 0.96224 0.82230
f 1948/5269 1990/5270 2082/5271
f 1998/4532 2167/5255 2160/5105
vt 0.43561 0.65776
f 1907/4989 2130/5152 2090/5272
f 1955/5124 2057/5211 2126/5226
vt 0.68318 0.97748
vt 0.68354 0.97646
vt 0.68368 0.97728
f 2012/5273 2126/5274 2055/5275
vt 0.96618 0.79053
f 2031/5251 2016/5250 2013/5276
vt 0.29172 0.01316
f 1904/4685 2187/5277 1965/4664
vt 0.56871 0.64995
f 1934/4942 2049/5027 2033/5278
vt 0.42781 0.52025
f 2009/5023 1982/5000 2073/5279
vt 0.56865 0.63902
f 1985/4899 2089/5280 2037/4839
vt 0.17338 0.32279
vt 0.17368 0.32026
f 2052/5068 2123/5281 2029/5282
f 1854/4660 2085/4940 2118/5101
f 1919/4379 2204/5180 2220/5143
vt 0.42574 0.51433
vt 0.42632 0.51313
f 2053/5159 2092/5283 2050/5284
vt 0.15203 0.73465
f 1951/4975 2064/5064 2130/5285
vt 0.64620 0.45476
f 1958/5087 2173/5286 2069/5231
f 2000/5054 2136/5053 2109/5224
f 2008/5073 2003/5055 2150/5228
f 1881/4642 2014/4926 2140/4646
vt 0.64389 0.45211
f 2026/5029 2002/5287 2115/5241
f 2012/5210 1987/5254 2058/5168
vt 0.96244 0.18837
vt 0.96175 0.19014
vt 0.96172 0.18886
f 2025/5288 2002/5289 1972/5290
vt 0.13292 0.28244
f 1869/4791 2164/5196 2142/5291
vt 0.21982 0.08845
f 1958/5119 2146/5264 2044/5292
vt 0.74441 0.39239
vt 0.74465 0.39259
vt 0.74433 0.39309
f 2025/5293 2038/5294 2059/5295
f 2073/5279 2072/5236 2009/5023
f 2039/4667 2186/5153 2218/5214
vt 0.91618 0.63473
f 2070/5296 2101/5198 1961/5197
f 1993/5057 2029/5282 2123/5281
vt 0.84851 0.50445
f 1963/5144 2076/5297 2005/5117
vt 0.11829 0.94826
f 2007/5164 2054/5265 2057/5298
vt 0.88809 0.83366
vt 0.88892 0.83531
f 2032/5154 2071/5299 2060/5300
vt 0.23225 0.07968
f 1966/4639 2047/4949 2297/5301
vt 0.34597 0.82892
f 1904/4684 2142/5066 2187/5302
vt 0.76724 0.83045
f 2032/5252 2021/5217 2143/5303
vt 0.89122 0.83315
f 2057/5211 2125/5304 2126/5226
vt 0.42577 0.53461
f 2003/5055 2119/5305 2150/5228
vt 0.14814 0.74066
f 1953/5063 2075/5306 2064/5064
vt 0.89194 0.32651
f 2031/5181 2035/5307 2034/5247
vt 0.43135 0.50379
f 2022/5148 2066/5308 2075/5109
vt 0.64778 0.45516
f 1958/5087 2044/5309 2173/5286
vt 0.28100 0.02692
f 1894/4584 2080/5310 2063/5179
f 1995/4792 2103/5086 2091/5235
vt 0.74590 0.39401
f 2038/5174 2105/5311 2059/5295
vt 0.89494 0.66617
vt 0.89441 0.66619
f 2046/5312 2065/5313 2112/5259
f 2027/4699 2063/5179 2014/4926
vt 0.25952 0.04865
f 2042/4936 2056/4943 2068/5314
f 2020/4744 2042/4936 2204/5180
vt 0.91534 0.63766
f 2101/5198 2070/5296 2116/5315
vt 0.75205 0.36650
f 1886/4780 2158/5316 2019/4970
f 2023/5128 2120/5184 2022/5148
f 1886/4780 2045/5151 2158/5316
f 1982/5000 2061/5242 2073/5279
f 1985/4899 2144/5138 2089/5280
vt 0.43099 0.50239
f 2075/5109 2066/5308 2185/5317
vt 0.35154 0.61496
f 2036/4898 2077/5318 2096/4999
vt 0.73557 0.40930
vt 0.73601 0.41117
f 1948/5319 2082/5320 1945/5267
f 2001/5219 2105/5311 2038/5174
vt 0.56837 0.64732
f 2024/5115 2091/5321 2049/5027
vt 0.76864 0.82964
f 2032/5252 2143/5303 2071/5322
vt 0.74780 0.39461
f 2001/5219 2106/5323 2105/5311
vt 0.42792 0.51544
f 2072/5236 2107/5324 2030/5192
vt 0.80517 0.64008
f 1963/5091 2059/5178 2076/5325
vt 0.43591 0.65711
f 1907/4989 2090/5272 2121/5326
vt 0.29249 0.01623
f 1965/4664 2266/5327 1984/5044
vt 0.89005 0.83441
vt 0.89019 0.83346
f 2057/5211 2088/5328 2108/5329
f 2057/5211 2108/5329 2125/5304
vt 0.35595 0.61405
f 2136/5330 2043/4826 2096/4999
vt 0.78122 0.08132
f 2012/5229 2055/5331 2054/5208
f 2036/4898 2154/5132 2077/5318
f 2017/5141 2018/5203 2061/5242
vt 0.19368 0.34202
f 2058/5168 2126/5332 2040/5100
f 2144/5138 1921/4633 2122/5150
f 1868/4610 2135/4938 2154/5132
vt 0.19463 0.34297
f 2058/5168 2055/5333 2126/5332
vt 0.74861 0.39112
f 2001/5219 2004/5334 2106/5323
vt 0.96118 0.82212
f 2082/5271 1990/5270 2062/5335
vt 0.15952 0.31054
f 2010/4788 2217/5336 1935/4696
vt 0.14545 0.74127
vt 0.14604 0.74007
f 2075/5306 2185/5337 2094/5338
f 1965/4664 2187/5277 2266/5327
vt 0.15493 0.30417
f 2003/4743 2095/5017 2119/5339
vt 0.11724 0.94716
vt 0.11778 0.94679
f 2057/5298 2084/5340 2088/5341
vt 0.72864 0.28460
f 2030/5194 2107/5342 2028/5244
vt 0.56962 0.64753
f 2049/5027 2091/5321 2147/5343
vt 0.27353 0.03502
f 2014/4926 2063/5179 2206/5344
vt 0.37949 0.94656
f 2060/5205 2087/5345 2143/5206
vt 0.37869 0.94676
f 2060/5205 2084/5346 2087/5345
vt 0.64193 0.45439
f 2099/5137 2115/5241 2110/5347
vt 0.37848 0.94630
f 2060/5205 2088/5348 2084/5346
vt 0.74479 0.39495
f 2059/5295 2105/5311 2104/5349
vt 0.94080 0.00249
vt 0.94133 0.00340
vt 0.94011 0.00403
f 2002/5350 2104/5351 2115/5352
vt 0.74914 0.39402
f 2004/5334 2101/5353 2106/5323
vt 0.84766 0.50316
f 2005/5117 2076/5297 2065/5354
vt 0.22997 0.08228
f 1966/4639 2328/5355 2083/4906
vt 0.15401 0.73301
vt 0.15247 0.73214
f 2090/5356 2130/5285 2169/5357
vt 0.73522 0.41224
f 1945/5267 2082/5320 2098/5358
vt 0.88932 0.83397
f 2060/5300 2071/5299 2088/5359
f 1894/4584 2074/4807 2080/5310
vt 0.23805 0.07097
f 1956/4723 2160/5105 2078/5360
vt 0.58873 0.65435
vt 0.58629 0.65476
vt 0.58865 0.65015
f 2061/5361 2253/5362 2073/5363
vt 0.73045 0.28775
f 2092/5364 2053/5195 2028/5244
f 2010/4788 2118/5101 2217/5336
vt 0.03592 0.61281
f 2045/5225 2109/5224 2128/5365
f 2054/5265 2084/5340 2057/5298
f 2052/5068 2051/4944 2123/5281
vt 0.58875 0.64665
vt 0.58709 0.64730
vt 0.58860 0.64497
f 2072/5366 2171/5367 2107/5368
vt 0.80714 0.64451
f 2002/5173 2069/5172 2104/5369
vt 0.96408 0.50286
vt 0.96418 0.50083
vt 0.96508 0.50146
f 2076/5370 2114/5371 2065/5372
vt 0.14805 0.73801
f 2064/5064 2075/5306 2139/5373
vt 0.56910 0.62907
f 2122/5150 2019/4968 2158/5374
vt 0.89194 0.83293
vt 0.89223 0.83453
f 2125/5304 2079/5375 2126/5376
vt 0.73738 0.40930
vt 0.73899 0.40947
vt 0.73716 0.41208
f 1990/5377 2050/5378 2062/5379
f 1966/4639 2297/5301 2328/5355
vt 0.19188 0.34154
f 2041/5256 2040/5100 2079/5380
vt 0.58873 0.64783
f 2072/5381 2073/5363 2171/5367
f 2147/5343 2033/5278 2049/5027
f 2037/4839 2089/5280 2103/5086
f 1956/4723 2078/5360 2048/4810
f 2056/4943 2081/5022 2068/5314
vt 0.18959 0.34003
f 1884/4881 2041/5256 2184/5382
vt 0.80599 0.64535
f 2059/5178 2104/5369 2086/5383
vt 0.91618 0.63708
f 2070/5296 2134/5384 2116/5315
vt 0.88933 0.83285
f 2088/5359 2071/5299 2129/5385
vt 0.77947 0.08378
vt 0.77901 0.08193
f 2054/5208 2202/5386 2084/5387
f 1884/4881 2184/5382 2186/5153
vt 0.80577 0.64320
f 2059/5178 2113/5388 2076/5325
vt 0.58833 0.65706
f 2061/5361 2018/5389 2253/5362
vt 0.74671 0.39563
f 2105/5311 2106/5323 2176/5390
vt 0.58785 0.64468
f 2107/5368 2171/5367 2124/5391
vt 0.80884 0.64716
vt 0.80765 0.64725
f 2069/5172 2173/5392 2157/5393
f 2055/5331 2202/5386 2054/5208
vt 0.84812 0.80755
vt 0.85001 0.80713
vt 0.84751 0.80884
f 2114/5394 2076/5395 2097/5396
vt 0.85011 0.80940
f 2076/5395 2113/5397 2097/5396
vt 0.64124 0.45382
f 2099/5137 2100/5398 2070/5245
vt 0.16820 0.31975
f 1993/5057 2102/5399 2085/4940
f 1993/5057 2123/5281 2102/5399
vt 0.64259 0.45527
f 2115/5241 2170/5400 2110/5347
vt 0.19448 0.34527
f 1987/5254 2190/5401 2058/5168
f 2040/5100 2126/5332 2079/5380
vt 0.17307 0.32780
f 2051/4944 2210/5243 2381/5402
f 2051/4944 2381/5402 2123/5281
vt 0.75233 0.36480
f 2158/5316 2045/5151 2318/5403
vt 0.43042 0.51069
vt 0.42947 0.51059
f 1945/5404 2098/5405 2120/5184
vt 0.80681 0.64639
f 2104/5369 2069/5172 2195/5406
vt 0.64042 0.45465
f 2070/5245 2100/5398 2134/5407
vt 0.58660 0.65877
f 2018/5389 2183/5408 2253/5362
vt 0.43055 0.50630
f 2022/5148 2133/5409 2066/5308
f 2022/5148 2120/5184 2133/5409
f 2140/4646 2014/4926 2206/5344
vt 0.78130 0.08329
f 2055/5331 2192/5410 2202/5386
vt 0.90143 0.06920
f 1907/5062 2121/5411 2111/5221
vt 0.07196 0.64626
vt 0.07251 0.64411
f 2065/5185 2180/5412 2112/5413
vt 0.34083 0.62047
f 2111/5190 2178/5414 2135/4938
vt 0.97599 0.75473
vt 0.97648 0.75572
vt 0.97580 0.75592
f 2121/5415 2090/5416 2169/5417
vt 0.88948 0.83287
f 2108/5329 2129/5418 2125/5304
vt 0.84910 0.81125
f 2113/5397 2198/5419 2097/5396
f 2069/5172 2157/5393 2195/5406
vt 0.99390 0.52762
vt 0.99390 0.52792
vt 0.99369 0.52774
f 2088/5420 2087/5421 2108/5422
vt 0.37882 0.94550
f 2088/5348 2129/5423 2087/5345
vt 0.37888 0.94630
vt 0.37877 0.94600
f 2084/5424 2108/5425 2087/5345
vt 0.11698 0.94608
vt 0.11775 0.94619
f 2084/5340 2129/5426 2108/5427
vt 0.88880 0.83259
f 2071/5299 2117/5428 2129/5385
vt 0.95979 0.17972
vt 0.95909 0.17958
vt 0.95988 0.17759
f 2159/5429 2125/5430 2117/5431
vt 0.89609 0.66229
f 1987/5260 2112/5259 2190/5432
vt 0.19250 0.34310
f 2055/5333 2190/5401 2192/5433
vt 0.96003 0.18109
vt 0.95874 0.18101
f 2041/5434 2079/5435 2159/5429
vt 0.07853 0.65201
vt 0.07767 0.65296
vt 0.07794 0.65167
f 2106/5436 2191/5437 2176/5438
vt 0.34281 0.61816
f 2154/5132 2135/4938 2149/5439
vt 0.23642 0.07560
f 2048/4810 2175/5440 2047/4949
f 2048/4810 2078/5360 2175/5440
f 1935/4696 2217/5336 2095/5017
vt 0.43069 0.50534
f 2066/5308 2133/5409 2227/5441
vt 0.96606 0.55739
vt 0.96684 0.55684
vt 0.96699 0.55800
f 2099/5442 2106/5443 2100/5444
vt 0.73638 0.41292
f 2082/5320 2062/5445 2098/5358
vt 0.95877 0.17834
f 2117/5431 2125/5430 2129/5446
f 2058/5168 2190/5401 2055/5333
vt 0.07100 0.64427
f 2112/5413 2180/5412 2148/5447
vt 0.58830 0.65955
f 2018/5389 2127/5448 2183/5408
vt 0.82479 0.49508
vt 0.82520 0.49107
vt 0.82614 0.49404
f 2092/5449 2247/5450 2050/5451
vt 0.17501 0.97590
vt 0.17500 0.97716
vt 0.17397 0.97625
f 2075/5452 2094/5453 2139/5454
vt 0.58727 0.66019
vt 0.58697 0.66054
vt 0.58628 0.66008
f 2127/5455 2150/5456 2151/5457
vt 0.28656 0.02348
f 1984/5044 2382/5458 2074/4807
vt 0.58781 0.66187
vt 0.58733 0.66445
vt 0.58402 0.66279
f 2150/5459 2119/5460 2281/5461
vt 0.07905 0.65287
f 2106/5436 2099/5462 2191/5437
vt 0.76652 0.39562
vt 0.76641 0.39403
vt 0.76912 0.39460
f 2098/5463 2196/5464 2120/5465
vt 0.74860 0.36322
vt 0.75004 0.36179
f 2045/5151 2128/5466 2138/5467
vt 0.64439 0.45498
f 2115/5241 2157/5468 2170/5400
f 2159/5429 2079/5435 2125/5430
f 2059/5178 2086/5383 2113/5388
vt 0.96629 0.55851
vt 0.96587 0.55827
f 2100/5444 2165/5469 2134/5470
vt 0.07513 0.64756
f 2065/5185 2114/5471 2180/5412
vt 0.15045 0.73436
f 2064/5064 2137/5472 2130/5285
vt 0.64762 0.45835
f 2044/5309 2168/5473 2173/5286
vt 0.57025 0.64935
f 2033/5278 2147/5343 2164/5474
vt 0.73558 0.41433
f 2098/5358 2062/5445 2196/5475
vt 0.21939 0.09178
f 2044/5292 2146/5264 2168/5476
vt 0.74519 0.39522
vt 0.74556 0.39575
f 2104/5477 2105/5311 2145/5478
vt 0.80606 0.64566
f 2195/5406 2086/5479 2104/5369
vt 0.80886 0.64791
f 2173/5392 2152/5480 2157/5393
vt 0.15379 0.30622
f 2119/5339 2095/5017 2214/5481
vt 0.17911 0.33273
f 2067/4994 2132/5482 2210/5243
vt 0.73862 0.41317
f 2062/5379 2050/5378 2197/5483
vt 0.57004 0.63589
f 2122/5150 2237/5484 2144/5138
vt 0.89397 0.66246
f 2112/5259 2148/5485 2190/5432
vt 0.57014 0.64553
f 2091/5235 2103/5086 2229/5486
vt 0.76792 0.82900
f 2071/5322 2143/5303 2162/5487
vt 0.77867 0.08321
f 2084/5387 2202/5386 2129/5488
vt 0.94044 0.00585
vt 0.93964 0.00538
f 2115/5352 2203/5489 2157/5490
vt 0.77167 0.39421
vt 0.77141 0.39106
f 2133/5491 2120/5465 2368/5492
vt 0.58616 0.65047
f 2073/5363 2253/5362 2153/5493
f 2073/5363 2153/5493 2171/5367
vt 0.94141 0.00445
f 2115/5352 2104/5351 2145/5494
vt 0.94118 0.00502
f 2115/5352 2145/5494 2179/5495
vt 0.76983 0.82759
vt 0.76839 0.82783
f 2117/5496 2071/5322 2156/5497
vt 0.91442 0.63642
f 2101/5198 2116/5315 2194/5498
vt 0.84730 0.81087
f 2198/5419 2172/5499 2097/5396
vt 0.82383 0.49333
f 2092/5449 2028/5500 2247/5450
vt 0.75127 0.36268
f 2045/5151 2138/5467 2232/5501
vt 0.74874 0.39602
vt 0.74790 0.39460
f 2101/5353 2100/5502 2106/5503
vt 0.98323 0.69813
vt 0.98351 0.69734
vt 0.98386 0.69758
f 2127/5504 2151/5505 2183/5506
vt 0.64135 0.45447
f 2134/5407 2165/5507 2110/5347
vt 0.58665 0.64440
f 2124/5391 2171/5367 2141/5508
f 2045/5151 2232/5501 2318/5403
vt 0.34960 0.61321
f 2154/5132 2383/5509 2077/5318
vt 0.40541 0.77659
vt 0.40328 0.77759
vt 0.40477 0.77655
f 2158/5510 2318/5511 2268/5512
vt 0.07924 0.65355
vt 0.07847 0.65380
f 2110/5513 2165/5514 2099/5462
vt 0.26081 0.05247
f 2068/5314 2429/5515 2042/4936
vt 0.15959 0.31353
f 2118/5101 2391/5516 2217/5336
f 2105/5311 2176/5390 2145/5478
vt 0.77828 0.08226
vt 0.77729 0.08366
vt 0.77757 0.08089
f 2087/5517 2162/5518 2143/5519
vt 0.94354 0.32458
vt 0.94385 0.32294
vt 0.94525 0.32450
f 2041/5520 2159/5521 2184/5522
vt 0.57048 0.63245
f 2122/5150 2303/5523 2237/5484
vt 0.43114 0.88853
vt 0.43197 0.88660
vt 0.43211 0.88823
f 2066/5524 2227/5525 2185/5526
vt 0.57043 0.62985
f 2122/5150 2158/5374 2230/5527
f 2122/5150 2230/5527 2303/5523
vt 0.57042 0.64872
f 2147/5343 2222/5528 2164/5474
vt 0.77416 0.39251
f 2133/5491 2368/5492 2227/5529
f 2120/5465 2196/5464 2368/5492
vt 0.84856 0.81157
f 2198/5419 2176/5530 2172/5499
vt 0.07581 0.64912
vt 0.07289 0.64858
f 2114/5471 2097/5531 2189/5532
f 2110/5347 2170/5400 2134/5407
vt 0.74911 0.39704
f 2101/5353 2194/5533 2100/5502
f 2144/5138 2237/5484 2089/5280
f 2099/5462 2165/5514 2191/5437
f 2071/5322 2162/5487 2156/5497
f 2087/5517 2129/5488 2162/5518
vt 0.17403 0.97722
f 2139/5454 2094/5453 2201/5534
vt 0.72819 0.28413
vt 0.72852 0.28225
f 2107/5342 2124/5535 2223/5536
vt 0.94346 0.65339
vt 0.94393 0.65129
vt 0.94438 0.65333
f 2152/5537 2170/5538 2157/5539
vt 0.97889 0.55929
vt 0.97919 0.55977
vt 0.97868 0.56001
f 2124/5540 2199/5541 2223/5542
f 2130/5285 2137/5472 2169/5357
vt 0.64671 0.45971
f 2168/5473 2200/5543 2173/5286
vt 0.24946 0.06302
f 2167/5255 2161/4886 2280/5544
vt 0.24113 0.07511
f 2078/5360 2433/5545 2175/5440
vt 0.26796 0.04344
f 2131/5113 2365/5546 2081/5022
f 2067/4994 2155/5131 2132/5482
vt 0.16429 0.31813
f 2085/4940 2245/5547 2118/5101
vt 0.57019 0.64035
f 2103/5086 2089/5280 2239/5548
f 2089/5280 2237/5484 2239/5548
vt 0.19318 0.97565
vt 0.19374 0.97631
vt 0.19328 0.97727
f 2124/5549 2141/5550 2199/5551
vt 0.14854 0.73546
f 2064/5064 2205/5552 2137/5472
f 2064/5064 2139/5373 2205/5552
f 2129/5488 2202/5386 2162/5518
vt 0.18274 0.33692
f 2218/5214 2349/5553 2155/5131
vt 0.64362 0.45577
vt 0.64511 0.45640
vt 0.64267 0.45619
f 2170/5554 2152/5555 2163/5556
vt 0.41075 0.94573
vt 0.41196 0.94617
vt 0.41073 0.94742
f 2139/5557 2201/5558 2278/5559
vt 0.35566 0.61169
f 2096/4999 2219/5560 2136/5330
vt 0.74618 0.39571
vt 0.74576 0.39651
f 2145/5478 2176/5561 2209/5562
f 2135/4938 2178/5414 2149/5439
vt 0.18316 0.89209
vt 0.18315 0.89531
vt 0.18230 0.89279
f 2136/5563 2219/5564 2109/5565
f 2180/5412 2114/5471 2189/5532
vt 0.14717 0.73618
f 2139/5373 2278/5566 2205/5552
vt 0.58547 0.65755
f 2183/5408 2181/5567 2253/5362
vt 0.64174 0.45591
vt 0.64059 0.45663
f 2170/5568 2163/5556 2166/5569
vt 0.94327 0.64899
vt 0.94381 0.64875
f 2166/5570 2134/5571 2170/5538
vt 0.85052 0.81178
f 2113/5397 2086/5572 2198/5419
vt 0.89862 0.97704
vt 0.89784 0.97635
vt 0.89820 0.97566
f 2151/5573 2226/5574 2183/5575
vt 0.57015 0.64665
f 2091/5235 2229/5486 2177/5576
vt 0.19454 0.97666
vt 0.19470 0.97855
vt 0.19391 0.97758
f 2091/5577 2177/5578 2147/5579
vt 0.13213 0.28558
f 2142/5291 2164/5196 2274/5580
vt 0.17465 0.97762
f 2094/5453 2240/5581 2201/5534
vt 0.76962 0.82613
f 2117/5496 2156/5497 2174/5582
vt 0.07614 0.65128
vt 0.07533 0.65217
f 2097/5531 2172/5583 2211/5584
vt 0.99438 0.03739
vt 0.99419 0.03739
vt 0.99421 0.03715
f 2145/5585 2195/5586 2179/5587
vt 0.98932 0.41114
vt 0.98952 0.41133
vt 0.98938 0.41140
f 2145/5588 2086/5589 2195/5590
vt 0.73070 0.28344
f 2028/5244 2107/5342 2234/5591
vt 0.96716 0.55890
f 2100/5444 2194/5592 2165/5469
vt 0.41154 0.94891
f 2201/5558 2282/5593 2278/5559
f 2115/5352 2179/5495 2203/5489
vt 0.58600 0.66061
vt 0.58548 0.66087
f 2151/5594 2150/5459 2226/5595
vt 0.98957 0.41086
f 2145/5588 2209/5596 2086/5589
vt 0.82414 0.49119
f 2028/5500 2234/5597 2247/5450
vt 0.98614 0.54281
vt 0.98626 0.54360
vt 0.98605 0.54364
f 2176/5598 2198/5599 2209/5600
vt 0.74907 0.36017
f 2128/5466 2286/5601 2138/5467
f 2150/5459 2281/5461 2226/5595
f 2118/5101 2245/5547 2391/5516
vt 0.94446 0.65286
vt 0.94525 0.65300
vt 0.94528 0.65341
f 2157/5602 2203/5603 2195/5604
vt 0.94558 0.32261
f 2159/5521 2231/5605 2184/5522
f 2173/5286 2200/5543 2152/5555
vt 0.18857 0.34103
f 2184/5382 2215/5606 2186/5153
vt 0.64374 0.45712
f 2152/5555 2254/5607 2163/5556
vt 0.58376 0.65129
f 2153/5493 2253/5362 2331/5608
vt 0.94379 0.32052
f 2159/5521 2117/5609 2231/5605
vt 0.74502 0.39653
vt 0.74505 0.39670
f 2086/5610 2209/5562 2179/5611
vt 0.98488 0.08215
vt 0.98450 0.08312
vt 0.98416 0.08221
f 2137/5612 2205/5613 2302/5614
vt 0.94164 0.00541
f 2179/5495 2209/5615 2203/5489
vt 0.91663 0.63877
vt 0.91540 0.63943
vt 0.91613 0.63802
f 2166/5616 2267/5617 2134/5618
vt 0.76836 0.82655
f 2156/5497 2235/5619 2174/5582
vt 0.56986 0.62867
f 2158/5374 2268/5620 2230/5527
vt 0.03711 0.61423
f 2128/5365 2109/5224 2219/5621
f 2134/5618 2267/5617 2116/5315
vt 0.58241 0.66419
f 2281/5461 2119/5460 2327/5622
vt 0.58535 0.64522
f 2141/5508 2171/5367 2223/5623
vt 0.64209 0.45705
f 2166/5569 2163/5556 2182/5624
vt 0.14435 0.73860
vt 0.14473 0.73742
f 2094/5338 2276/5625 2240/5626
f 2163/5556 2254/5607 2182/5624
vt 0.15001 0.30560
f 2119/5339 2214/5481 2327/5627
vt 0.82603 0.49119
f 2050/5451 2247/5450 2197/5628
vt 0.58611 0.64402
vt 0.58550 0.64434
f 2199/5629 2141/5508 2213/5630
vt 0.21989 0.09346
f 2168/5476 2146/5264 2285/5631
vt 0.73657 0.41437
f 2196/5475 2062/5445 2208/5632
vt 0.99058 0.21859
vt 0.99061 0.21812
vt 0.99087 0.21829
f 2223/5633 2199/5634 2188/5635
vt 0.16875 0.32422
f 2123/5281 2333/5636 2102/5399
vt 0.58621 0.64468
vt 0.58573 0.64473
f 2223/5637 2188/5638 2141/5508
vt 0.27139 0.04048
f 2131/5113 2140/4646 2225/5639
vt 0.94551 0.32057
f 2117/5609 2174/5640 2231/5605
f 2185/5337 2276/5625 2094/5338
f 2097/5531 2211/5584 2189/5532
vt 0.28100 0.03147
f 2063/5179 2080/5310 2403/5641
f 2206/5344 2225/5639 2140/4646
vt 0.13383 0.28559
f 2164/5196 2222/5642 2274/5580
f 2141/5508 2188/5638 2213/5630
vt 0.80647 0.64623
vt 0.80552 0.64679
f 2086/5383 2179/5643 2207/5644
vt 0.07734 0.65258
vt 0.07676 0.65288
f 2176/5645 2191/5437 2172/5646
vt 0.07718 0.65365
f 2191/5437 2165/5514 2216/5647
vt 0.19009 0.34576
f 2192/5433 2190/5401 2339/5648
vt 0.07776 0.65428
f 2165/5514 2244/5649 2216/5647
vt 0.97263 0.42490
vt 0.97294 0.42535
vt 0.97214 0.42568
f 2183/5650 2269/5651 2181/5652
vt 0.90111 0.07133
vt 0.89972 0.07149
f 2111/5221 2221/5653 2178/5654
vt 0.03593 0.61594
f 2128/5365 2219/5621 2286/5655
vt 0.78068 0.08587
f 2192/5410 2193/5656 2202/5386
vt 0.18890 0.34396
vt 0.19019 0.34262
f 2192/5433 2315/5657 2193/5658
vt 0.74777 0.39705
vt 0.74678 0.39851
f 2165/5659 2194/5533 2244/5660
f 2179/5643 2195/5406 2207/5644
vt 0.73713 0.41474
f 2062/5379 2197/5483 2208/5661
vt 0.15058 0.73349
vt 0.14999 0.73343
f 2137/5662 2302/5663 2169/5357
vt 0.24725 0.06673
f 2167/5255 2405/5664 2160/5105
vt 0.14474 0.94671
vt 0.14424 0.94744
vt 0.14427 0.94595
f 2227/5665 2276/5666 2185/5667
f 2111/5221 2121/5411 2221/5653
vt 0.22843 0.08674
f 2083/4906 2390/5668 2093/5213
vt 0.40274 0.54615
vt 0.40409 0.54531
vt 0.40398 0.54809
f 2147/5669 2177/5670 2222/5671
vt 0.40313 0.54104
vt 0.40380 0.53840
vt 0.40397 0.54260
f 2103/5672 2239/5673 2229/5674
vt 0.64466 0.45774
f 2254/5607 2152/5555 2263/5675
vt 0.64575 0.45851
f 2200/5543 2212/5676 2152/5555
vt 0.34580 0.82683
f 2142/5066 2262/5677 2187/5302
vt 0.34339 0.82674
f 2142/5066 2261/5678 2262/5677
vt 0.58323 0.64823
f 2153/5493 2242/5679 2171/5367
vt 0.14635 0.73366
f 2302/5663 2205/5552 2329/5680
vt 0.58388 0.65932
f 2226/5595 2304/5681 2183/5408
vt 0.74995 0.39723
vt 0.74925 0.39865
f 2116/5682 2284/5683 2194/5533
vt 0.76892 0.82573
f 2174/5582 2235/5619 2241/5684
vt 0.95872 0.11782
vt 0.95942 0.11754
vt 0.95923 0.11887
f 2174/5685 2241/5686 2231/5687
vt 0.77656 0.08434
f 2162/5518 2202/5386 2156/5688
vt 0.77704 0.08584
f 2156/5688 2202/5386 2235/5689
vt 0.58482 0.65808
f 2183/5408 2304/5681 2269/5690
vt 0.98034 0.47838
vt 0.98068 0.47888
vt 0.97999 0.47872
f 2216/5691 2203/5692 2209/5693
f 2153/5493 2331/5608 2242/5679
vt 0.74679 0.39724
vt 0.74570 0.39789
f 2216/5694 2244/5660 2203/5695
vt 0.91454 0.63880
f 2116/5315 2267/5617 2284/5696
f 2042/4936 2429/5515 2204/5180
vt 0.07002 0.64408
vt 0.06813 0.64427
f 2148/5697 2180/5412 2307/5698
vt 0.76659 0.39201
f 2196/5464 2279/5699 2368/5492
vt 0.85034 0.81296
f 2086/5572 2207/5700 2198/5419
vt 0.73068 0.28205
f 2223/5536 2234/5701 2107/5342
f 2047/4949 2175/5440 2297/5301
f 2191/5437 2216/5647 2172/5646
vt 0.43488 0.65660
vt 0.43415 0.65630
vt 0.43420 0.65459
f 2169/5702 2345/5703 2287/5704
vt 0.43596 0.65575
f 2169/5702 2287/5704 2121/5705
vt 0.98633 0.54407
f 2198/5599 2207/5706 2209/5600
f 2083/4906 2328/5355 2390/5668
vt 0.26457 0.04787
f 2068/5314 2081/5022 2388/5707
f 2085/4940 2102/5399 2245/5547
vt 0.13043 0.28411
f 2142/5291 2274/5580 2261/5708
vt 0.91660 0.63977
vt 0.91579 0.64044
f 2267/5617 2166/5709 2257/5710
vt 0.64104 0.45757
vt 0.64015 0.45781
f 2166/5569 2182/5711 2257/5712
f 2202/5386 2193/5656 2235/5689
vt 0.22422 0.08996
f 2146/5264 2093/5213 2402/5713
vt 0.95610 0.86827
vt 0.95699 0.86998
vt 0.95589 0.86909
f 2182/5714 2254/5715 2246/5716
vt 0.84944 0.81272
vt 0.84977 0.81477
f 2209/5717 2207/5700 2270/5718
vt 0.34603 0.61478
f 2154/5132 2149/5439 2275/5719
vt 0.35374 0.60991
f 2077/5318 2289/5720 2096/4999
vt 0.80623 0.64761
vt 0.80509 0.64849
f 2195/5406 2203/5721 2270/5722
f 2195/5406 2270/5722 2207/5644
vt 0.89398 0.66041
f 2148/5485 2307/5723 2190/5432
vt 0.29392 0.01468
f 2187/5277 2262/5724 2266/5327
vt 0.64783 0.46129
f 2200/5543 2168/5473 2285/5725
f 2172/5646 2216/5647 2211/5584
vt 0.58283 0.64544
f 2171/5367 2265/5726 2223/5623
vt 0.95883 0.12102
vt 0.95955 0.12159
vt 0.95920 0.12210
f 2184/5727 2236/5728 2215/5729
vt 0.95916 0.12020
f 2184/5727 2231/5730 2236/5728
vt 0.84828 0.81330
f 2209/5717 2270/5718 2216/5731
vt 0.40244 0.52597
vt 0.40508 0.52730
vt 0.40205 0.52841
f 2268/5732 2356/5733 2230/5734
vt 0.18742 0.34043
vt 0.18572 0.33947
f 2186/5153 2228/5735 2252/5736
f 2186/5153 2252/5736 2218/5214
f 2154/5132 2275/5719 2383/5509
vt 0.80856 0.64996
vt 0.80786 0.65192
vt 0.80750 0.65051
f 2152/5737 2212/5738 2263/5739
f 2192/5433 2339/5648 2315/5657
vt 0.58379 0.65363
f 2253/5362 2341/5740 2331/5608
f 2171/5367 2242/5679 2265/5726
f 2205/5552 2278/5566 2329/5680
f 2186/5153 2215/5606 2228/5735
vt 0.90256 0.22625
vt 0.90118 0.22452
vt 0.90268 0.22514
f 2295/5741 2249/5742 2250/5743
vt 0.15393 0.31010
f 2095/5017 2479/5744 2214/5481
vt 0.40529 0.54499
f 2229/5674 2271/5745 2177/5670
vt 0.40307 0.53099
vt 0.40484 0.53434
vt 0.40266 0.53500
f 2303/5746 2233/5747 2237/5748
f 2365/5546 2388/5707 2081/5022
vt 0.90072 0.22710
f 2295/5741 2224/5749 2249/5742
vt 0.64098 0.45916
f 2182/5711 2293/5750 2257/5712
vt 0.90156 0.22871
f 2295/5741 2252/5751 2224/5749
f 2177/5670 2271/5745 2222/5671
vt 0.92896 0.05270
vt 0.92833 0.05107
vt 0.93022 0.05141
f 2295/5752 2250/5753 2316/5754
vt 0.28054 0.03504
f 2206/5344 2063/5179 2513/5755
vt 0.06817 0.64719
f 2307/5698 2180/5412 2426/5756
f 2194/5533 2284/5683 2244/5660
vt 0.25649 0.05915
f 2220/5143 2204/5180 2461/5757
vt 0.64158 0.45846
f 2182/5711 2259/5758 2293/5750
vt 0.58348 0.65713
f 2253/5362 2181/5567 2300/5759
vt 0.07588 0.65536
f 2216/5647 2277/5760 2211/5584
vt 0.97714 0.15810
vt 0.97768 0.15819
vt 0.97771 0.15852
f 2182/5761 2246/5762 2259/5763
f 2167/5255 2280/5544 2405/5664
vt 0.97049 0.90826
vt 0.97077 0.90679
vt 0.97107 0.90819
f 2199/5764 2255/5765 2188/5766
vt 0.29079 0.02014
f 1984/5044 2266/5327 2260/5767
vt 0.24415 0.07353
f 2078/5360 2487/5768 2433/5545
vt 0.25380 0.06098
f 2220/5143 2366/5769 2243/4952
f 2155/5131 2349/5553 2132/5482
f 2217/5336 2479/5744 2095/5017
f 2217/5336 2391/5516 2479/5744
vt 0.97291 0.42636
vt 0.97232 0.42779
f 2181/5652 2269/5770 2300/5771
vt 0.19372 0.97822
vt 0.19342 0.97880
f 2213/5772 2255/5773 2199/5551
vt 0.90065 0.07366
f 2221/5653 2314/5774 2178/5654
vt 0.73716 0.41759
f 2196/5475 2208/5661 2452/5775
vt 0.73499 0.41638
f 2196/5475 2452/5775 2279/5776
vt 0.32504 0.98883
vt 0.32504 0.98946
vt 0.32463 0.98914
f 2189/5777 2283/5778 2180/5779
vt 0.84766 0.81474
f 2216/5731 2270/5718 2277/5780
vt 0.43536 0.65318
f 2121/5705 2287/5704 2221/5781
vt 0.72913 0.27937
f 2223/5536 2265/5782 2234/5701
vt 0.64002 0.45931
f 2293/5750 2317/5783 2257/5712
vt 0.77065 0.82353
vt 0.77038 0.82228
vt 0.77166 0.82190
f 2250/5784 2353/5785 2316/5786
f 2078/5360 2160/5105 2487/5768
vt 0.27577 0.03923
f 2206/5344 2513/5755 2559/5787
vt 0.07107 0.65111
f 2189/5532 2211/5584 2440/5788
vt 0.40552 0.54850
f 2222/5671 2271/5745 2238/5789
f 2146/5264 2402/5713 2285/5631
vt 0.64349 0.45814
vt 0.64214 0.45864
vt 0.64222 0.45787
f 2254/5790 2298/5791 2246/5792
vt 0.18877 0.34226
f 2193/5658 2315/5657 2251/5793
vt 0.96012 0.12197
f 2215/5729 2236/5728 2251/5794
vt 0.07044 0.64825
f 2426/5756 2180/5412 2283/5795
f 2219/5560 2096/4999 2289/5720
vt 0.18793 0.34175
f 2228/5735 2215/5606 2258/5796
vt 0.80597 0.64802
vt 0.80567 0.64866
f 2203/5797 2244/5798 2270/5722
f 2161/4886 2243/4952 2280/5544
vt 0.15986 0.31699
f 2391/5516 2245/5547 2428/5799
vt 0.16420 0.32314
f 2102/5399 2512/5800 2245/5547
vt 0.98154 0.67634
vt 0.98150 0.67718
vt 0.98113 0.67665
f 2188/5801 2255/5802 2213/5803
vt 0.78002 0.08736
vt 0.77712 0.08624
f 2193/5656 2326/5804 2235/5805
vt 0.13391 0.28740
vt 0.13268 0.28828
f 2222/5642 2238/5806 2248/5807
f 2222/5642 2248/5807 2274/5580
f 2077/5318 2383/5509 2289/5720
vt 0.94996 0.37935
vt 0.95117 0.38062
vt 0.95020 0.38103
f 2201/5808 2240/5809 2282/5810
vt 0.78101 0.08672
f 2251/5811 2326/5804 2193/5656
vt 0.03732 0.61610
f 2286/5655 2219/5621 2272/5812
vt 0.90056 0.22963
f 2228/5813 2224/5749 2252/5751
vt 0.40369 0.77570
vt 0.40194 0.77489
f 2268/5814 2318/5511 2290/5815
vt 0.34067 0.61761
f 2178/5414 2330/5816 2149/5439
vt 0.89930 0.07379
f 2178/5654 2314/5774 2330/5817
vt 0.96365 0.41313
vt 0.96375 0.41018
vt 0.96489 0.41195
f 2238/5818 2271/5819 2364/5820
vt 0.90066 0.22604
f 2249/5742 2224/5749 2241/5821
f 2230/5734 2356/5733 2303/5746
vt 0.58320 0.65538
f 2253/5362 2371/5822 2341/5740
vt 0.95628 0.75678
vt 0.95644 0.75521
vt 0.95726 0.75772
f 2231/5823 2241/5824 2224/5825
f 2237/5748 2233/5747 2239/5673
vt 0.25928 0.05658
f 2204/5180 2429/5515 2435/5826
f 2093/5213 2390/5668 2402/5713
vt 0.95625 0.75927
f 2231/5823 2224/5825 2236/5827
vt 0.76896 0.82445
vt 0.76881 0.82521
f 2235/5619 2249/5828 2241/5829
vt 0.14959 0.73147
f 2169/5357 2302/5663 2345/5830
vt 0.18805 0.34214
f 2251/5793 2258/5831 2215/5606
vt 0.18741 0.34315
f 2251/5793 2256/5832 2258/5831
vt 0.76829 0.38902
f 2368/5492 2279/5699 2437/5833
vt 0.89981 0.22885
vt 0.89954 0.22932
f 2236/5834 2228/5813 2258/5835
vt 0.95678 0.75946
f 2236/5827 2224/5825 2228/5836
vt 0.43438 0.65165
f 2221/5781 2287/5704 2288/5837
vt 0.58517 0.66096
vt 0.58143 0.66066
f 2226/5838 2358/5839 2304/5681
f 2123/5281 2381/5402 2333/5636
vt 0.64760 0.46353
f 2200/5543 2285/5725 2447/5840
vt 0.07852 0.65723
vt 0.07894 0.65804
vt 0.07856 0.65819
f 2246/5841 2298/5842 2299/5843
vt 0.89619 0.65825
f 2190/5432 2307/5723 2339/5844
f 2220/5143 2461/5757 2366/5769
vt 0.99312 0.48889
vt 0.99326 0.48918
vt 0.99312 0.48948
f 2261/5845 2350/5846 2262/5847
vt 0.40343 0.52416
vt 0.40543 0.52428
f 2356/5733 2268/5848 2343/5849
vt 0.82480 0.48715
f 2234/5597 2480/5850 2247/5450
vt 0.97053 0.29810
vt 0.97124 0.29809
vt 0.97028 0.29900
f 2251/5851 2236/5852 2326/5853
vt 0.18354 0.89752
vt 0.18248 0.89799
f 2219/5564 2370/5854 2272/5855
f 2251/5793 2315/5657 2256/5832
vt 0.96386 0.75524
vt 0.96493 0.75325
vt 0.96505 0.75515
f 2250/5856 2324/5857 2353/5858
vt 0.90216 0.22405
vt 0.90161 0.22185
f 2250/5859 2249/5742 2306/5860
vt 0.90149 0.07334
f 2221/5653 2288/5861 2314/5774
vt 0.92862 0.05571
vt 0.93018 0.05434
f 2252/5862 2295/5752 2346/5863
vt 0.93035 0.05489
f 2252/5862 2346/5863 2319/5864
vt 0.64258 0.46063
f 2298/5791 2254/5790 2294/5865
vt 0.28468 0.03077
f 2080/5310 2074/4807 2584/5866
vt 0.40743 0.53940
f 2229/5674 2239/5673 2305/5867
vt 0.34375 0.82538
vt 0.34583 0.82502
f 2262/5677 2350/5868 2359/5869
vt 0.93041 0.05270
f 2316/5754 2296/5870 2295/5752
vt 0.29617 0.01607
f 2262/5724 2359/5871 2266/5327
vt 0.96358 0.75344
f 2306/5872 2324/5857 2250/5856
vt 0.40809 0.54181
f 2229/5674 2305/5867 2313/5873
f 2229/5674 2313/5873 2271/5745
vt 0.64160 0.45920
f 2259/5758 2298/5874 2293/5750
vt 0.97842 0.15878
vt 0.97800 0.15935
f 2259/5763 2292/5875 2298/5876
vt 0.12937 0.28555
f 2274/5580 2386/5877 2261/5708
vt 0.07268 0.65491
f 2211/5584 2277/5760 2469/5878
vt 0.35568 0.60937
f 2219/5560 2289/5720 2370/5879
vt 0.97136 0.29855
f 2326/5853 2236/5852 2258/5880
vt 0.07043 0.64830
f 2189/5532 2440/5788 2283/5881
f 2253/5362 2300/5759 2371/5822
f 2063/5179 2403/5641 2513/5755
vt 0.17920 0.33777
f 2349/5553 2526/5882 2132/5482
vt 0.17482 0.33282
f 2210/5243 2132/5482 2340/5883
f 2210/5243 2340/5883 2381/5402
vt 0.07784 0.65734
f 2246/5841 2299/5843 2301/5884
vt 0.96528 0.40951
vt 0.96480 0.40976
vt 0.96477 0.40932
f 2246/5885 2301/5886 2259/5887
vt 0.97838 0.15824
f 2259/5763 2291/5888 2292/5875
vt 0.18416 0.33954
f 2218/5214 2372/5889 2349/5553
f 2218/5214 2252/5736 2372/5889
vt 0.75199 0.36039
f 2232/5501 2138/5467 2384/5890
vt 0.75078 0.35959
f 2138/5467 2286/5601 2379/5891
vt 0.14338 0.73645
f 2276/5625 2334/5892 2240/5626
vt 0.31147 0.96164
vt 0.31089 0.96083
vt 0.31115 0.95996
f 2278/5893 2282/5894 2329/5895
f 2226/5595 2281/5461 2358/5839
vt 0.77409 0.38922
f 2227/5529 2368/5492 2360/5896
vt 0.93044 0.05303
f 2295/5752 2296/5897 2346/5863
vt 0.75082 0.39865
vt 0.75059 0.39968
vt 0.74983 0.39992
f 2267/5898 2257/5899 2291/5900
vt 0.64544 0.46143
vt 0.64547 0.46023
f 2200/5543 2321/5901 2212/5902
vt 0.76752 0.82532
f 2235/5619 2264/5903 2249/5828
vt 0.07800 0.65795
f 2299/5843 2292/5904 2301/5884
vt 0.74766 0.40097
vt 0.74604 0.40060
f 2244/5660 2374/5905 2320/5906
vt 0.64188 0.45924
f 2298/5791 2294/5865 2311/5907
vt 0.40842 0.54438
f 2271/5745 2313/5873 2376/5908
vt 0.40460 0.52204
f 2268/5848 2337/5909 2343/5849
vt 0.98756 0.03273
vt 0.98806 0.03237
vt 0.98806 0.03280
f 2316/5910 2323/5911 2296/5912
f 2267/5898 2291/5900 2284/5683
vt 0.95074 0.38281
f 2282/5810 2240/5809 2414/5913
vt 0.14927 0.30733
f 2214/5481 2422/5914 2327/5627
vt 0.22344 0.09545
f 2285/5631 2402/5713 2539/5915
vt 0.93103 0.05188
vt 0.93083 0.05282
f 2316/5754 2335/5916 2323/5917
f 2131/5113 2225/5639 2365/5546
vt 0.73869 0.41813
f 2197/5483 2477/5918 2208/5661
vt 0.75021 0.39999
vt 0.75056 0.40086
vt 0.74941 0.40032
f 2257/5919 2317/5920 2291/5921
vt 0.40321 0.77414
vt 0.40291 0.77180
f 2268/5922 2290/5815 2337/5923
f 1984/5044 2260/5767 2382/5458
f 2206/5344 2559/5787 2225/5639
vt 0.24634 0.07037
f 2160/5105 2419/5924 2487/5768
f 2243/4952 2366/5769 2280/5544
f 2068/5314 2388/5707 2429/5515
f 2102/5399 2333/5636 2512/5800
vt 0.77823 0.08871
f 2235/5805 2326/5804 2400/5925
vt 0.77661 0.08741
f 2235/5805 2400/5925 2264/5926
vt 0.43310 0.88367
vt 0.43295 0.88616
f 2227/5525 2360/5927 2276/5928
f 2405/5664 2419/5924 2160/5105
vt 0.80632 0.65049
f 2263/5739 2212/5738 2308/5929
vt 0.73946 0.41419
f 2197/5483 2247/5930 2477/5918
vt 0.96439 0.40980
vt 0.96434 0.40853
f 2259/5887 2301/5931 2291/5932
vt 0.22363 0.95973
vt 0.22382 0.95986
vt 0.22345 0.96004
f 2298/5933 2311/5934 2293/5935
vt 0.80345 0.25385
vt 0.80157 0.25526
vt 0.80210 0.25270
f 2345/5936 2322/5937 2287/5938
vt 0.97823 0.15935
f 2298/5876 2292/5875 2309/5939
vt 0.99440 0.20191
vt 0.99440 0.20174
vt 0.99450 0.20177
f 2298/5940 2309/5941 2299/5942
f 2074/4807 2382/5458 2584/5866
vt 0.80585 0.64988
f 2244/5798 2320/5943 2270/5722
vt 0.74833 0.40020
f 2244/5660 2284/5683 2301/5944
f 2244/5660 2301/5944 2374/5905
vt 0.30268 0.87910
vt 0.30380 0.88084
vt 0.30224 0.88003
f 2271/5945 2408/5946 2364/5947
vt 0.97285 0.42819
f 2269/5770 2304/5948 2300/5771
vt 0.97014 0.50172
vt 0.97096 0.50105
vt 0.97070 0.50254
f 2254/5949 2263/5950 2362/5951
vt 0.97017 0.50249
f 2254/5949 2362/5951 2294/5952
vt 0.97095 0.29981
f 2258/5880 2256/5953 2326/5853
vt 0.34079 0.61573
f 2330/5816 2380/5954 2149/5439
vt 0.76755 0.82346
f 2249/5828 2264/5903 2424/5955
vt 0.74891 0.40090
f 2291/5921 2317/5920 2292/5956
vt 0.97152 0.50202
f 2263/5950 2395/5957 2362/5951
vt 0.64093 0.46086
f 2317/5783 2293/5750 2354/5958
vt 0.30584 0.87997
f 2376/5959 2408/5946 2271/5945
vt 0.90035 0.22176
f 2249/5742 2336/5960 2306/5860
vt 0.89949 0.22381
f 2249/5742 2424/5961 2336/5960
vt 0.43323 0.65299
f 2287/5704 2332/5962 2288/5837
vt 0.96359 0.40911
f 2284/5963 2291/5932 2301/5931
f 2208/5661 2477/5918 2452/5775
vt 0.14418 0.94832
vt 0.14468 0.94947
vt 0.14405 0.95024
f 2276/5964 2360/5965 2334/5966
vt 0.80362 0.25631
f 2345/5936 2411/5967 2322/5937
vt 0.73551 0.41874
f 2279/5776 2452/5775 2442/5968
vt 0.06555 0.64413
f 2307/5698 2426/5756 2460/5969
vt 0.93077 0.05611
f 2252/5862 2319/5864 2372/5970
vt 0.07907 0.65981
vt 0.07774 0.65915
vt 0.07883 0.65856
f 2294/5971 2338/5972 2311/5973
vt 0.07832 0.65863
f 2292/5904 2299/5843 2310/5974
vt 0.97852 0.15935
f 2292/5875 2310/5975 2309/5939
vt 0.93104 0.05345
f 2323/5917 2335/5916 2347/5976
vt 0.99382 0.15951
vt 0.99374 0.15965
vt 0.99369 0.15956
f 2311/5977 2299/5978 2309/5979
f 2311/5973 2338/5972 2299/5843
f 2299/5843 2338/5972 2310/5974
vt 0.97818 0.15950
f 2309/5939 2310/5975 2311/5980
f 2200/5543 2447/5840 2321/5901
vt 0.22399 0.95997
vt 0.22358 0.96105
f 2293/5935 2311/5981 2354/5982
vt 0.27132 0.94904
vt 0.27094 0.94723
vt 0.27199 0.94703
f 2314/5983 2406/5984 2312/5985
vt 0.26983 0.04722
f 2388/5707 2365/5546 2498/5986
vt 0.96450 0.41332
f 2238/5818 2364/5820 2248/5987
f 2211/5584 2469/5878 2440/5788
vt 0.33887 0.61754
vt 0.33854 0.61603
f 2312/5988 2378/5989 2330/5816
vt 0.12753 0.28867
f 2274/5580 2248/5807 2585/5990
f 2301/5944 2292/5956 2374/5905
vt 0.98125 0.77946
vt 0.98127 0.77916
vt 0.98184 0.77984
f 2232/5991 2384/5992 2318/5993
f 2372/5970 2319/5864 2347/5976
vt 0.97153 0.50101
vt 0.97180 0.50136
f 2263/5950 2308/5994 2320/5995
vt 0.27260 0.94846
vt 0.27282 0.94908
f 2312/5996 2330/5997 2314/5983
vt 0.80503 0.65055
f 2320/5943 2344/5998 2270/5722
vt 0.34298 0.61582
f 2149/5439 2273/5999 2275/5719
f 2214/5481 2479/5744 2422/5914
vt 0.40648 0.53282
f 2233/5747 2303/5746 2396/6000
f 2274/5580 2585/5990 2386/5877
f 2320/5943 2308/5929 2344/5998
f 2149/5439 2380/5954 2273/5999
vt 0.23346 0.08681
f 2328/5355 2611/6001 2390/5668
vt 0.93061 0.05363
f 2347/5976 2319/5864 2323/6002
vt 0.97911 0.57140
vt 0.97885 0.57199
vt 0.97896 0.57005
f 2319/6003 2325/6004 2296/6005
vt 0.98133 0.55311
vt 0.98109 0.55193
vt 0.98145 0.55178
f 2319/6006 2296/6007 2323/6008
vt 0.89406 0.65706
f 2307/5723 2460/6009 2339/5844
vt 0.34235 0.82525
f 2261/5678 2386/6010 2350/5868
vt 0.40720 0.53631
f 2239/5673 2420/6011 2305/5867
f 2263/5950 2320/5995 2395/5957
vt 0.23824 0.08090
f 2175/5440 2504/6012 2297/5301
f 2330/5816 2378/5989 2380/5954
vt 0.22417 0.95993
vt 0.22463 0.96047
f 2311/5981 2310/6013 2361/6014
f 2311/5981 2361/6014 2354/5982
vt 0.77107 0.82074
f 2316/5786 2353/5785 2335/6015
vt 0.84785 0.81700
f 2277/5780 2270/5718 2389/6016
vt 0.97361 0.01784
vt 0.97221 0.01783
vt 0.97287 0.01651
f 2306/6017 2336/6018 2324/6019
vt 0.40602 0.53078
f 2303/5746 2356/5733 2397/6020
vt 0.58232 0.64952
f 2242/5679 2331/5608 2369/6021
vt 0.80115 0.25306
f 2287/5938 2322/5937 2332/6022
vt 0.73145 0.27973
vt 0.73191 0.28133
f 2234/5701 2355/6023 2480/6024
vt 0.58505 0.98920
vt 0.58516 0.98968
vt 0.58487 0.98961
f 2310/6025 2338/6026 2361/6027
vt 0.99390 0.94631
vt 0.99369 0.94647
vt 0.99369 0.94619
f 2319/6028 2346/6029 2325/6030
vt 0.29484 0.02203
f 2260/5767 2266/5327 2610/6031
vt 0.39970 0.77701
f 2318/5511 2385/6032 2290/5815
vt 0.74868 0.40201
f 2292/5956 2338/6033 2374/5905
vt 0.80657 0.65252
f 2212/5738 2362/6034 2308/5929
vt 0.14645 0.73158
f 2345/5830 2302/5663 2438/6035
vt 0.22035 0.09654
f 2285/5631 2539/5915 2447/6036
vt 0.27194 0.90450
vt 0.27202 0.90297
vt 0.27348 0.90343
f 2347/6037 2335/6038 2392/6039
f 2239/5673 2233/5747 2420/6011
vt 0.75052 0.40242
f 2317/5920 2342/6040 2292/5956
vt 0.27204 0.90660
vt 0.27245 0.90699
vt 0.27255 0.90805
f 2347/6041 2325/6042 2372/6043
vt 0.40567 0.52287
f 2343/5849 2337/5909 2367/6044
vt 0.95906 0.60969
vt 0.95896 0.60756
vt 0.96004 0.60840
f 2353/6045 2324/6046 2363/6047
vt 0.85043 0.81712
f 2270/5718 2344/6048 2389/6016
vt 0.97865 0.57010
f 2325/6004 2347/6049 2296/6005
vt 0.77624 0.08884
f 2264/5926 2400/5925 2424/6050
vt 0.40603 0.52645
f 2356/5733 2343/5849 2412/6051
vt 0.40752 0.52928
f 2356/5733 2357/6052 2397/6020
vt 0.27245 0.90476
f 2296/6053 2347/6037 2392/6039
vt 0.29654 0.01819
f 2359/5871 2451/6054 2266/5327
f 2234/5701 2265/5782 2355/6023
vt 0.33669 0.61681
f 2312/5988 2348/6055 2378/5989
vt 0.27310 0.90685
f 2325/6042 2346/6056 2372/6043
f 2303/5746 2397/6020 2396/6000
vt 0.80766 0.65406
f 2212/5738 2321/6057 2362/6034
vt 0.27426 0.90469
f 2296/6053 2392/6039 2377/6058
f 2296/6053 2377/6058 2346/6056
f 2204/5180 2435/5826 2461/5757
vt 0.26559 0.05125
f 2388/5707 2465/6059 2429/5515
f 2302/5663 2329/5680 2438/6035
vt 0.27138 0.94558
f 2312/5985 2406/5984 2348/6060
vt 0.76596 0.38978
f 2279/5699 2442/6061 2437/5833
vt 0.76931 0.82109
f 2353/5785 2392/6062 2335/6015
vt 0.40203 0.77037
vt 0.39994 0.77186
f 2398/6063 2337/5923 2457/6064
f 2138/5467 2379/5891 2384/5890
vt 0.80341 0.25746
f 2411/5967 2351/6065 2322/5937
vt 0.82586 0.48605
f 2247/5450 2480/5850 2477/6066
vt 0.58329 0.65095
vt 0.58273 0.65292
vt 0.58084 0.65284
f 2331/6067 2341/6068 2495/6069
vt 0.40569 0.52000
f 2337/5909 2398/6070 2367/6044
vt 0.96040 0.60966
f 2363/6047 2409/6071 2353/6045
vt 0.41262 0.94913
vt 0.41209 0.95041
f 2282/5593 2414/6072 2446/6073
vt 0.64619 0.46522
f 2321/5901 2447/5840 2471/6074
vt 0.64553 0.46282
f 2321/5901 2471/6074 2407/6075
vt 0.80579 0.65218
f 2308/5929 2362/6034 2395/6076
f 2308/5929 2395/6076 2344/5998
vt 0.15558 0.31414
f 2391/5516 2352/6077 2479/5744
vt 0.39895 0.52996
vt 0.39938 0.52868
vt 0.40049 0.52986
f 2286/6078 2272/6079 2379/6080
vt 0.40719 0.53378
f 2396/6000 2373/6081 2233/5747
vt 0.07822 0.66137
f 2294/5971 2441/6082 2338/5972
vt 0.43226 0.65336
vt 0.43182 0.65093
f 2332/5962 2524/6083 2421/6084
vt 0.74673 0.40297
f 2374/5905 2395/6085 2320/5906
f 2080/5310 2584/5866 2403/5641
vt 0.74944 0.40205
f 2292/5956 2361/6086 2338/6033
f 2292/5956 2342/6040 2361/6086
f 2337/5923 2290/5815 2457/6064
f 2233/5747 2373/6081 2420/6011
vt 0.24018 0.07851
f 2175/5440 2433/5545 2404/6087
vt 0.40762 0.53766
f 2305/5867 2420/6011 2492/6088
f 2175/5440 2404/6087 2504/6012
vt 0.58056 0.64839
f 2242/5679 2369/6021 2394/6089
vt 0.29034 0.02423
f 2260/5767 2439/6090 2382/5458
f 2260/5767 2610/6031 2439/6090
vt 0.23558 0.08321
f 2328/5355 2425/6091 2611/6001
vt 0.92014 0.45214
vt 0.92096 0.45502
vt 0.92067 0.45608
f 2317/6092 2354/6093 2431/6094
vt 0.58223 0.65002
f 2331/6067 2495/6069 2369/6095
vt 0.80648 0.65474
f 2321/6057 2407/6096 2362/6034
vt 0.40821 0.54052
f 2313/5873 2305/5867 2387/6097
vt 0.35148 0.61031
f 2383/5509 2399/6098 2289/5720
vt 0.58094 0.65761
vt 0.58243 0.65674
f 2304/5681 2473/6099 2300/6100
vt 0.83219 0.37970
vt 0.83447 0.38187
vt 0.83187 0.38175
f 2345/6101 2438/6102 2411/6103
vt 0.22462 0.96213
f 2354/5982 2361/6014 2416/6104
vt 0.40947 0.53220
f 2396/6000 2491/6105 2373/6081
vt 0.40058 0.52772
f 2370/6106 2379/6080 2272/6079
vt 0.41124 0.95040
f 2282/5593 2446/6073 2329/6107
vt 0.39969 0.77467
f 2290/5815 2385/6032 2449/6108
vt 0.64474 0.46054
vt 0.64479 0.46339
f 2294/5865 2362/6109 2407/6110
vt 0.64302 0.46437
f 2294/5865 2407/6110 2413/6111
f 2283/5795 2440/5788 2426/5756
vt 0.79968 0.25450
f 2322/5937 2524/6112 2332/6022
vt 0.33660 0.61573
f 2348/6055 2448/6113 2378/5989
f 2132/5482 2526/5882 2340/5883
vt 0.88794 0.74147
vt 0.88905 0.74171
vt 0.88825 0.74401
f 2313/6114 2455/6115 2376/6116
vt 0.15005 0.31027
f 2422/5914 2479/5744 2493/6117
vt 0.78093 0.08875
f 2326/5804 2256/6118 2400/5925
f 2297/5301 2425/6091 2328/5355
vt 0.07862 0.66216
f 2294/5971 2401/6119 2441/6082
vt 0.39986 0.77894
f 2318/5511 2384/6120 2385/6032
f 2242/5679 2394/6089 2265/5726
vt 0.16014 0.32151
f 2245/5547 2590/6121 2428/5799
vt 0.25334 0.06561
f 2280/5544 2595/6122 2405/5664
vt 0.91953 0.45466
f 2317/6092 2431/6094 2342/6123
vt 0.73164 0.27754
f 2265/5782 2478/6124 2355/6023
vt 0.88909 0.73934
f 2313/6114 2387/6125 2455/6115
vt 0.18555 0.34578
f 2256/5832 2315/5657 2577/6126
vt 0.78076 0.09067
f 2256/6118 2453/6127 2400/5925
vt 0.80488 0.65230
f 2344/5998 2395/6076 2463/6128
vt 0.13128 0.28985
f 2248/5807 5771/6129 2585/5990
vt 0.88832 0.73532
vt 0.88933 0.73584
vt 0.88874 0.73694
f 2420/6130 2415/6131 2492/6132
vt 0.22368 0.96327
f 2354/5982 2416/6104 2401/6133
vt 0.14379 0.73507
f 2240/5626 2334/5892 2414/6134
vt 0.76983 0.82183
vt 0.76823 0.82177
f 2353/6135 2409/6136 2392/6062
vt 0.83154 0.38349
vt 0.83434 0.38358
f 2351/6137 2411/6103 2443/6138
vt 0.27557 0.90795
f 2372/6043 2346/6056 2453/6139
vt 0.97738 0.84015
vt 0.97799 0.83989
vt 0.97843 0.84084
f 2348/6140 2406/6141 2393/6142
vt 0.97757 0.84088
f 2348/6140 2393/6142 2448/6143
vt 0.96022 0.60722
f 2336/6144 2363/6047 2324/6046
vt 0.43323 0.64942
f 2332/5962 2459/6145 2288/5837
vt 0.34300 0.82287
f 2350/5868 2567/6146 2359/5869
vt 0.40586 0.52494
vt 0.40667 0.52337
vt 0.40711 0.52643
f 2343/6147 2367/6148 2412/6149
vt 0.07680 0.66022
f 2338/5972 2441/6082 2418/6150
vt 0.74816 0.40311
f 2374/5905 2338/6033 2468/6151
f 2374/5905 2468/6151 2395/6085
f 2473/6099 2304/5681 2358/5839
f 2245/5547 2512/5800 2590/6121
f 2349/5553 2372/5889 2526/5882
vt 0.07622 0.65795
vt 0.07352 0.65930
f 2389/6152 2417/6153 2277/5760
vt 0.15199 0.31459
f 2479/5744 2352/6077 2575/6154
vt 0.96678 0.11911
vt 0.96704 0.12130
vt 0.96603 0.11991
f 2336/6155 2424/6156 2363/6157
vt 0.17051 0.33101
vt 0.16680 0.33047
f 2381/5402 2375/6158 2658/6159
f 2356/5733 2412/6149 2357/6052
vt 0.34881 0.61140
f 2383/5509 2444/6160 2399/6098
vt 0.84874 0.81928
f 2389/6016 2344/6048 2468/6161
vt 0.74951 0.40373
f 2361/6086 2342/6040 2416/6162
vt 0.64152 0.46261
vt 0.64026 0.46289
f 2401/6163 2431/6164 2354/5958
vt 0.34027 0.61508
f 2380/5954 2378/5989 2466/6165
f 2266/5327 2451/6054 2610/6031
vt 0.22744 0.09242
f 2402/5713 2456/6166 2539/5915
vt 0.88805 0.73854
f 2305/6167 2492/6132 2387/6125
vt 0.43431 0.64977
f 2288/5837 2459/6145 2314/6168
f 2332/5962 2421/6084 2459/6145
vt 0.34336 0.61330
f 2275/5719 2273/5999 2518/6169
vt 0.34584 0.61236
f 2275/5719 2518/6169 2436/6170
vt 0.64192 0.46277
f 2294/5865 2413/6111 2401/6171
vt 0.27517 0.04502
f 2225/5639 2663/6172 2365/5546
vt 0.96070 0.60864
vt 0.96097 0.60942
f 2363/6173 2424/6174 2409/6071
vt 0.22427 0.96296
f 2416/6104 2410/6175 2401/6133
f 2280/5544 2366/5769 2595/6122
vt 0.07780 0.66111
f 2441/6082 2416/6176 2418/6150
vt 0.84768 0.81870
f 2389/6016 2468/6161 2418/6177
vt 0.83150 0.38552
f 2351/6137 2443/6138 2445/6178
f 2346/6056 2377/6058 2453/6139
vt 0.58253 0.65532
f 2371/6179 2495/6069 2341/6068
vt 0.58055 0.65584
f 2371/6179 2434/6180 2495/6069
vt 0.28759 0.02900
f 2584/5866 2382/5458 2609/6181
vt 0.40217 0.52747
f 2379/6080 2370/6106 2384/6182
vt 0.77111 0.38641
f 2368/5492 2437/5833 2430/6183
f 2275/5719 2436/6170 2383/5509
f 2290/5815 2449/6108 2457/6064
vt 0.40163 0.52573
f 2370/6106 2289/6184 2384/6182
vt 0.84986 0.81971
f 2344/6048 2463/6185 2468/6161
vt 0.77356 0.38673
f 2360/5896 2368/5492 2458/6186
f 2300/6100 2473/6099 2371/6179
vt 0.40492 0.51245
vt 0.40633 0.51196
vt 0.40589 0.51376
f 2380/6187 2466/6188 2273/6189
vt 0.07701 0.65964
f 2338/5972 2418/6150 2468/6190
f 2371/6179 2473/6099 2434/6180
vt 0.43587 0.64943
vt 0.43419 0.64862
f 2406/6191 2314/6168 2474/6192
vt 0.93746 0.35996
vt 0.93832 0.35833
vt 0.93931 0.35932
f 2364/6193 5772/6194 2248/6195
f 2383/5509 2436/6170 2444/6160
vt 0.43390 0.88324
vt 0.43440 0.88152
f 2334/6196 2360/5927 2483/6197
vt 0.18495 0.34304
f 2256/5832 2577/6126 2453/6198
f 2368/5492 2430/6183 2458/6186
vt 0.30601 0.88152
f 2376/5959 2489/6199 2408/5946
vt 0.83405 0.38189
f 2411/6103 2438/6200 2443/6138
vt 0.18744 0.34665
f 2315/5657 2339/5648 2509/6201
vt 0.64050 0.46407
f 2401/6163 2464/6202 2431/6164
vt 0.40925 0.52249
f 2398/6070 2535/6203 2367/6148
vt 0.07798 0.66141
f 2441/6082 2410/6204 2416/6176
vt 0.40659 0.51742
vt 0.40944 0.51854
f 2398/6070 2423/6205 2546/6206
vt 0.40647 0.53221
vt 0.40709 0.53074
f 2396/6207 2397/6208 2491/6105
vt 0.40541 0.51012
vt 0.40611 0.50821
vt 0.40680 0.50989
f 2378/6209 2448/6210 2476/6211
vt 0.39974 0.76929
vt 0.40150 0.76819
f 2398/6063 2514/6212 2423/6213
f 2398/6063 2457/6064 2514/6212
vt 0.40274 0.52322
vt 0.40309 0.52586
f 2289/6184 2399/6214 2385/6215
vt 0.76740 0.82104
f 2392/6062 2409/6136 2432/6216
f 2289/6184 2385/6215 2384/6182
vt 0.57911 0.66395
f 2281/5461 2544/6217 2358/5839
f 2402/5713 2390/5668 2456/6166
vt 0.57991 0.64487
f 2265/5726 2394/6089 2497/6218
vt 0.93734 0.35683
f 2364/6193 5773/6219 5772/6194
vt 0.93637 0.35858
f 2364/6193 2408/6220 5773/6219
f 2315/5657 2509/6201 2577/6126
vt 0.14281 0.73395
vt 0.14402 0.73357
f 2414/6134 2483/6221 2446/6222
vt 0.88818 0.73306
vt 0.88989 0.73379
f 2373/6223 2485/6224 2420/6130
vt 0.15703 0.31552
f 2391/5516 2428/5799 2454/6225
f 2391/5516 2454/6225 2352/6077
vt 0.43337 0.88078
f 2360/5927 2458/6226 2483/6197
vt 0.43692 0.64725
f 2406/6191 2474/6192 2393/6227
vt 0.27593 0.90398
f 2392/6039 2432/6228 2377/6058
f 2297/5301 2504/6012 2425/6091
f 2365/5546 2663/6172 2498/5986
f 2381/5402 2340/5883 2375/6158
f 2381/5402 2658/6159 2333/5636
vt 0.80037 0.25798
f 2351/6065 2547/6229 2322/5937
vt 0.14355 0.95149
vt 0.14424 0.95230
f 2414/6230 2334/5966 2483/6231
vt 0.18204 0.34260
f 2372/5889 2453/6198 2427/6232
f 2369/6095 2495/6069 2394/6089
vt 0.26305 0.05797
f 2429/5515 2589/6233 2435/5826
f 2367/6148 2535/6203 2412/6149
vt 0.06616 0.65122
f 2440/5788 2517/6234 2426/5756
vt 0.83361 0.38691
f 2445/6178 2443/6138 2430/6235
vt 0.27958 0.03881
f 2559/5787 2513/5755 2564/6236
f 2277/5760 2417/6153 2469/5878
vt 0.14384 0.73219
f 2329/5680 2446/6222 2521/6237
vt 0.76695 0.82260
f 2424/6238 2432/6216 2409/6136
vt 0.58083 0.66394
f 2281/5461 2327/6239 2544/6217
vt 0.80274 0.25818
f 2351/6065 2445/6240 2547/6229
f 2382/5458 2439/6090 2609/6181
vt 0.72969 0.27630
f 2265/5782 2497/6241 2478/6124
vt 0.40633 0.51178
f 2466/6242 2378/6209 2476/6211
vt 0.89610 0.65578
f 2460/6009 2509/6243 2339/5844
vt 0.07804 0.66241
f 2401/6119 2470/6244 2441/6082
vt 0.07762 0.66145
vt 0.07689 0.66099
f 2416/6176 2450/6245 2484/6246
f 2416/6176 2484/6246 2418/6150
f 2314/6168 2459/6145 2474/6192
f 2398/6070 2546/6206 2535/6203
vt 0.22447 0.96361
f 2401/6133 2410/6175 2470/6247
vt 0.30499 0.88246
f 2408/5946 2489/6199 5773/6248
vt 0.01491 0.74488
vt 0.01447 0.74380
vt 0.01477 0.74276
f 2489/6249 2376/6250 2455/6251
vt 0.14460 0.73196
f 2329/5680 2521/6252 2438/6035
vt 0.39972 0.76746
f 2423/6213 2514/6212 2472/6253
f 2377/6058 2432/6228 2453/6139
f 2410/6204 2441/6082 2450/6245
vt 0.40415 0.52349
f 2385/6215 2399/6214 2449/6254
vt 0.34155 0.61439
f 2273/5999 2466/6255 2518/6169
vt 0.76620 0.38678
f 2442/6061 2536/6256 2437/5833
vt 0.89063 0.73479
f 2420/6130 2522/6257 2415/6131
vt 0.25726 0.06570
f 2366/5769 2461/5757 2654/6258
vt 0.40390 0.52072
f 2399/6214 2444/6259 2449/6254
vt 0.83163 0.38851
f 2445/6178 2430/6235 2529/6260
f 2388/5707 2498/5986 2465/6059
vt 0.92012 0.45715
f 2431/6094 2523/6261 2342/6123
vt 0.25076 0.06970
f 2405/5664 2595/6122 2506/6262
vt 0.74699 0.40519
f 2395/6085 2468/6151 2481/6263
vt 0.95993 0.04062
vt 0.95924 0.04259
vt 0.95845 0.04039
f 2373/6264 2491/6265 2485/6266
f 2401/6171 2413/6111 2464/6202
f 2350/5868 2386/6010 2567/6146
vt 0.73724 0.42115
f 2452/5775 2501/6267 2442/5968
f 2405/5664 2506/6262 2419/5924
vt 0.74940 0.40432
vt 0.74983 0.40527
f 2450/6268 2416/6162 2470/6269
vt 0.22449 0.96288
f 2450/6270 2470/6247 2410/6175
f 2416/6162 2342/6040 2470/6269
vt 0.58034 0.65584
vt 0.57794 0.65438
f 2434/6271 2550/6272 2495/6069
vt 0.77667 0.09089
f 2400/5925 2453/6127 2432/6273
vt 0.06361 0.64783
f 2460/5969 2426/5756 2482/6274
vt 0.83643 0.38363
vt 0.83491 0.38300
f 2438/6102 2521/6275 2443/6276
f 2225/5639 2559/5787 2663/6172
vt 0.43180 0.87975
vt 0.43326 0.87963
f 2443/6277 2521/6278 2458/6226
vt 0.15909 0.31901
vt 0.15870 0.31767
f 2428/5799 2496/6279 2572/6280
vt 0.99015 0.69054
vt 0.99015 0.68948
vt 0.99031 0.68975
f 2355/6281 2478/6282 2480/6283
vt 0.41107 0.53011
f 2357/6052 2561/6284 2397/6208
vt 0.40131 0.76742
vt 0.40074 0.76596
f 2423/6285 2472/6253 2510/6286
vt 0.40511 0.51753
vt 0.40551 0.51920
f 2444/6259 2436/6287 2490/6288
f 2400/5925 2432/6273 2424/6050
f 2420/6130 2485/6224 2522/6257
vt 0.75096 0.40590
f 2342/6040 2523/6289 2470/6269
vt 0.76854 0.38626
f 2437/5833 2519/6290 2430/6183
vt 0.40807 0.51516
f 2423/6205 2510/6291 2546/6206
vt 0.41092 0.52639
f 2357/6052 2412/6149 2540/6292
f 2453/6198 2577/6126 2427/6232
vt 0.12967 0.96098
vt 0.12943 0.96310
vt 0.12846 0.96162
f 2524/6293 2494/6294 2421/6295
vt 0.43546 0.64718
f 2393/6227 2474/6192 2448/6296
vt 0.64762 0.46675
f 2447/5840 2596/6297 2471/6074
vt 0.84064 0.21352
vt 0.83989 0.21247
vt 0.84218 0.21293
f 2460/6298 2508/6299 2509/6300
vt 0.43436 0.64715
f 2474/6192 2476/6301 2448/6296
vt 0.14617 0.30729
f 2327/5627 2422/5914 2544/6302
f 2412/6149 2535/6203 2540/6292
vt 0.30615 0.88273
f 2489/6199 2462/6303 5773/6248
vt 0.74707 0.40423
f 2463/6304 2395/6085 2481/6263
vt 0.98809 0.81445
vt 0.98856 0.81420
vt 0.98848 0.81479
f 2463/6305 2481/6306 2500/6307
vt 0.01665 0.74177
vt 0.01519 0.74485
f 2455/6251 2543/6308 2489/6309
vt 0.74863 0.40420
f 2468/6151 2484/6310 2481/6263
vt 0.26576 0.05687
f 2429/5515 2465/6059 2762/6311
f 2366/5769 2654/6258 2595/6122
vt 0.07708 0.66215
f 2441/6082 2470/6244 2507/6312
f 2441/6082 2507/6312 2450/6245
vt 0.57927 0.65848
f 2473/6099 2358/5839 2532/6313
vt 0.57863 0.65795
f 2434/6271 2528/6314 2550/6272
vt 0.85033 0.82142
f 2463/6185 2500/6315 2468/6161
f 2372/5889 2427/6232 2526/5882
vt 0.15680 0.31799
vt 0.15675 0.31614
f 2428/5799 2572/6316 2454/6317
vt 0.40515 0.52097
f 2444/6259 2457/6318 2449/6254
f 2491/6105 2397/6208 2561/6284
vt 0.74908 0.40449
vt 0.74873 0.40562
f 2450/6319 2507/6320 2484/6310
f 2357/6052 2540/6292 2561/6284
f 2484/6310 2507/6320 2481/6263
vt 0.02009 0.74471
f 2543/6308 2624/6321 2489/6309
vt 0.34212 0.61355
f 2518/6169 2466/6255 2533/6322
f 2452/5775 2477/5918 2501/6267
vt 0.01447 0.74027
vt 0.01471 0.73831
vt 0.01651 0.73961
f 2387/6323 2492/6324 2530/6325
vt 0.16139 0.98910
vt 0.16171 0.98883
vt 0.16165 0.98955
f 2466/6326 2476/6327 2474/6328
vt 0.77665 0.97567
vt 0.77676 0.97649
vt 0.77574 0.97636
f 2466/6329 2474/6330 2475/6331
vt 0.17090 0.33423
f 2375/6158 2340/5883 2641/6332
vt 0.77655 0.97722
f 2474/6330 2459/6333 2475/6331
f 2387/6323 2543/6308 2455/6251
f 2387/6323 2530/6325 2543/6308
vt 0.16445 0.32761
f 2333/5636 2658/6159 2612/6334
f 2389/6152 2418/6150 2417/6153
vt 0.92098 0.45742
f 2431/6094 2464/6335 2523/6261
vt 0.73658 0.42101
vt 0.73518 0.42215
f 2442/5968 2501/6336 2536/6337
vt 0.01513 0.74755
vt 0.01607 0.74712
vt 0.01552 0.74858
f 2503/6338 2488/6339 2486/6340
vt 0.64019 0.46595
f 2464/6202 2413/6111 2538/6341
f 2426/5756 2517/6234 2482/6274
vt 0.83546 0.38455
f 2443/6138 2458/6342 2430/6235
vt 0.01425 0.73703
vt 0.01642 0.73701
f 2492/6324 2415/6343 2552/6344
vt 0.23157 0.09350
f 2390/5668 2467/6345 2456/6166
vt 0.79967 0.25596
f 2322/5937 2547/6229 2524/6346
f 2428/5799 2590/6121 2496/6279
vt 0.96180 0.07973
vt 0.96254 0.08070
vt 0.96148 0.08163
f 2415/6347 2522/6348 2552/6349
vt 0.07762 0.66312
f 2470/6244 2576/6350 2507/6312
f 2390/5668 2611/6001 2467/6345
f 2333/5636 2612/6334 2512/5800
vt 0.12627 0.28728
f 2386/5877 2585/5990 2567/6351
vt 0.34102 0.61398
f 2466/6255 2475/6352 2533/6322
f 2444/6259 2490/6288 2457/6318
vt 0.97324 0.41869
vt 0.97303 0.41970
vt 0.97235 0.41895
f 2486/6353 2527/6354 2503/6355
vt 0.13397 0.29305
vt 0.13152 0.29518
vt 0.13211 0.29273
f 2486/6356 2697/6357 2527/6358
f 2413/6111 2407/6110 2471/6074
vt 0.74915 0.40650
f 2470/6269 2523/6289 2576/6359
vt 0.40637 0.51796
f 2436/6287 2514/6360 2490/6288
vt 0.01675 0.73831
f 2492/6324 2552/6344 2530/6361
vt 0.40963 0.53276
vt 0.41060 0.53410
vt 0.40852 0.53408
f 2491/6362 2548/6363 2485/6364
vt 0.92123 0.45914
vt 0.92009 0.45843
f 2464/6335 2538/6365 2549/6366
vt 0.74775 0.40597
f 2481/6263 2507/6320 2499/6367
vt 0.06981 0.65789
f 2440/5788 2469/5878 2714/6368
f 2446/6222 2483/6221 2521/6237
vt 0.33829 0.90305
vt 0.33956 0.90296
vt 0.33894 0.90424
f 2489/6369 2488/6370 2462/6371
vt 0.39924 0.77108
f 2457/6064 2490/6372 2514/6212
vt 0.57995 0.66026
f 2358/5839 2544/6217 2551/6373
vt 0.83300 0.38891
f 2430/6235 2519/6374 2529/6260
vt 0.84821 0.82112
f 2468/6161 2500/6315 2484/6375
f 2358/5839 2551/6373 2532/6313
f 2458/6226 2521/6278 2483/6197
vt 0.74526 0.94606
vt 0.74631 0.94539
vt 0.74606 0.94666
f 2464/6376 2549/6377 2523/6378
vt 0.34586 0.82199
f 2359/5869 2567/6146 2531/6379
vt 0.29902 0.01783
f 2359/5871 2531/6380 2451/6054
vt 0.34021 0.90386
f 2488/6370 2503/6381 2462/6371
vt 0.01794 0.74856
f 2486/6340 2488/6339 2515/6382
vt 0.58004 0.65685
f 2434/6383 2473/6099 2532/6313
vt 0.38949 0.98905
vt 0.38912 0.98951
vt 0.38912 0.98883
f 2434/6384 2532/6385 2528/6386
f 2403/5641 2584/5866 2513/5755
vt 0.26911 0.05211
f 2498/5986 2592/6387 2465/6059
f 2429/5515 2762/6311 2589/6233
vt 0.17430 0.33709
f 2340/5883 2526/5882 2545/6388
vt 0.55981 0.97655
vt 0.55928 0.97728
vt 0.55874 0.97662
f 2421/6389 2494/6390 2505/6391
vt 0.97459 0.19828
vt 0.97447 0.20000
vt 0.97395 0.19850
f 2481/6392 2499/6393 2500/6394
f 2489/6309 2624/6321 2488/6339
vt 0.22149 0.10050
f 2447/6036 2539/5915 2596/6395
vt 0.57629 0.64894
f 2394/6089 2495/6069 2613/6396
vt 0.29501 0.02636
f 2610/6031 2754/6397 2439/6090
vt 0.41202 0.53197
f 2561/6284 2568/6398 2491/6105
vt 0.13453 0.29549
f 2486/6356 2515/6399 2697/6357
vt 0.40649 0.51595
f 2436/6287 2518/6400 2514/6360
vt 0.97651 0.72064
vt 0.97678 0.72144
vt 0.97594 0.72112
f 2503/6401 2527/6402 2534/6403
vt 0.57806 0.66036
f 2551/6373 2502/6404 2532/6313
vt 0.64357 0.46643
f 2413/6111 2471/6074 2525/6405
vt 0.64200 0.46651
f 2413/6111 2525/6406 2538/6341
vt 0.43178 0.64868
f 2421/6084 2505/6407 2459/6145
vt 0.06341 0.64497
f 2460/5969 2482/6274 2508/6408
vt 0.29227 0.02851
f 2439/6090 2743/6409 2609/6181
vt 0.26058 0.06207
f 2435/5826 2511/6410 2461/5757
vt 0.07574 0.66291
f 2418/6150 2516/6411 2417/6153
vt 0.40951 0.53433
f 2485/6364 2548/6363 2522/6412
vt 0.17573 0.34105
f 2526/5882 2557/6413 2545/6388
f 2479/5744 2575/6154 2493/6117
vt 0.79821 0.25472
vt 0.79772 0.25384
f 2524/6112 2558/6414 2494/6415
vt 0.57421 0.65854
f 2550/6272 2528/6314 2581/6416
f 2488/6339 2624/6321 2515/6382
vt 0.80309 0.25937
vt 0.80220 0.26078
f 2445/6417 2529/6418 2547/6229
vt 0.07639 0.66139
f 2484/6419 2516/6411 2418/6150
vt 0.57874 0.64441
f 2497/6218 2394/6089 2537/6420
vt 0.43258 0.64761
f 2459/6145 2505/6407 2475/6421
f 2502/6404 2528/6314 2532/6313
vt 0.30468 0.88455
f 5773/6248 2462/6303 2571/6422
vt 0.40984 0.51628
f 2510/6291 2520/6423 2546/6206
vt 0.39909 0.76802
f 2472/6253 2514/6212 2518/6424
f 2491/6362 2568/6398 2548/6363
vt 0.73028 0.27497
f 2497/6241 2537/6425 2478/6124
vt 0.73838 0.42249
f 2477/5918 2588/6426 2501/6267
f 2437/5833 2536/6256 2519/6290
vt 0.92980 0.84222
vt 0.92935 0.84049
vt 0.93142 0.84095
f 5773/6427 2571/6428 2556/6429
vt 0.39999 0.76581
vt 0.39933 0.76627
f 2510/6430 2472/6253 2555/6431
vt 0.74820 0.40672
f 2499/6367 2507/6320 5774/6432
vt 0.40714 0.51376
vt 0.40766 0.51555
f 2518/6400 2533/6433 2472/6434
vt 0.06589 0.65570
f 2440/5788 2714/6368 2573/6435
f 2469/5878 2417/6153 2714/6368
vt 0.84205 0.21067
f 2509/6300 2508/6299 2560/6436
f 2507/6320 2576/6359 5774/6432
vt 0.84903 0.82294
f 2484/6375 2500/6315 5774/6437
f 2495/6069 2550/6272 2613/6396
vt 0.41149 0.51766
f 2520/6423 2586/6438 2546/6206
vt 0.40766 0.51169
vt 0.40887 0.51270
f 2475/6439 2554/6440 2533/6433
vt 0.34024 0.90438
vt 0.33918 0.90580
f 2503/6441 2566/6442 2462/6371
vt 0.34090 0.90542
f 2503/6441 2534/6443 2566/6442
vt 0.02008 0.73958
f 2530/6325 2565/6444 2543/6308
vt 0.83195 0.39020
f 2529/6260 2519/6374 2536/6445
vt 0.15534 0.31693
f 2454/6225 2542/6446 2352/6077
vt 0.16036 0.32452
f 2512/5800 2622/6447 2590/6121
vt 0.57542 0.64552
f 2537/6420 2394/6089 2659/6448
vt 0.97870 0.24293
vt 0.97925 0.24214
vt 0.97879 0.24354
f 2510/6449 2555/6450 2520/6451
vt 0.15582 0.31673
f 2454/6317 2572/6316 2542/6452
vt 0.15832 0.31822
vt 0.15856 0.32155
f 2496/6453 2706/6454 2572/6316
vt 0.18098 0.34574
f 2427/6232 2577/6126 2666/6455
f 2440/5788 2573/6435 2517/6234
vt 0.82380 0.48497
vt 0.82444 0.48282
f 2480/5850 2478/6456 2608/6457
f 2352/6077 2542/6446 2575/6154
vt 0.40889 0.51409
f 2533/6433 2555/6458 2472/6434
vt 0.24519 0.07810
f 2433/5545 2661/6459 2404/6087
vt 0.30599 0.88479
f 2462/6303 2566/6460 2571/6422
vt 0.30050 0.02105
f 2451/6054 2682/6461 2610/6031
vt 0.73101 0.27375
f 2478/6124 2537/6425 2541/6462
f 2439/6090 2754/6397 2743/6409
f 2480/5850 2608/6457 2477/6066
vt 0.01778 0.73852
f 2530/6325 2601/6463 2565/6444
vt 0.83998 0.20969
f 2508/6299 2482/6464 2560/6436
vt 0.41296 0.52337
f 2535/6203 2580/6465 2540/6292
vt 0.73289 0.27491
f 2478/6124 2541/6462 2608/6466
vt 0.28897 0.03322
f 2609/6181 2678/6467 2584/5866
vt 0.43143 0.64801
f 2505/6407 2554/6468 2475/6421
f 2554/6440 2555/6458 2533/6433
vt 0.85035 0.82319
f 2500/6315 2499/6469 5774/6437
f 2340/5883 2545/6388 2641/6332
vt 0.57841 0.66077
f 2551/6373 2544/6217 2553/6470
vt 0.41260 0.52016
f 2535/6203 2546/6206 2587/6471
vt 0.27490 0.04846
f 2498/5986 2663/6172 2800/6472
vt 0.82597 0.48181
f 2477/6066 2608/6457 2588/6473
f 2451/6054 2531/6380 2682/6461
vt 0.64540 0.46703
f 2471/6074 2579/6474 2525/6405
f 2496/6279 2590/6121 2706/6454
vt 0.74701 0.94700
vt 0.74634 0.94882
f 2523/6378 2606/6475 2576/6476
f 2523/6378 2549/6377 2606/6475
f 2394/6089 2613/6396 2659/6448
vt 0.15095 0.31347
f 2575/6154 2578/6477 2493/6117
vt 0.95613 0.45962
vt 0.95579 0.45872
vt 0.95642 0.45863
f 2537/6478 2562/6479 2541/6480
vt 0.56562 0.96116
vt 0.56546 0.96282
vt 0.56426 0.96174
f 2502/6481 2551/6482 2553/6483
vt 0.91979 0.45929
f 2549/6366 2538/6365 2563/6484
vt 0.57742 0.64415
f 2537/6420 2659/6448 2562/6485
vt 0.01810 0.73727
f 2552/6344 2601/6486 2530/6361
vt 0.14625 0.30998
f 2422/5914 2636/6487 2544/6302
vt 0.79821 0.25686
f 2524/6346 2547/6229 2558/6488
vt 0.27994 0.04228
f 2559/5787 2564/6236 2749/6489
vt 0.97934 0.24359
f 2520/6451 2555/6450 2570/6490
vt 0.99355 0.60664
vt 0.99355 0.60718
vt 0.99341 0.60688
f 2520/6491 2570/6492 2586/6493
vt 0.97286 0.11500
vt 0.97244 0.11685
vt 0.97204 0.11532
f 2527/6494 2657/6495 2534/6496
vt 0.96592 0.49750
vt 0.96643 0.49503
vt 0.96717 0.49726
f 2493/6497 2578/6498 2583/6499
vt 0.96641 0.43715
vt 0.96580 0.43753
vt 0.96583 0.43584
f 2494/6500 2638/6501 2505/6502
f 2528/6314 2502/6404 2581/6416
f 2422/5914 2493/6117 2636/6487
vt 0.79704 0.14222
vt 0.79599 0.14141
vt 0.79853 0.14076
f 2525/6503 2579/6504 2574/6505
vt 0.25171 0.07378
f 2419/5924 2686/6506 2487/5768
f 2526/5882 2427/6232 2557/6413
vt 0.73403 0.42278
vt 0.73482 0.42507
vt 0.73322 0.42277
f 2536/6507 2660/6508 2529/6509
vt 0.79914 0.26051
f 2529/6418 2642/6510 2547/6229
vt 0.12836 0.29118
f 5771/6129 2627/6511 2585/5990
vt 0.01479 0.73588
vt 0.01691 0.73510
vt 0.01845 0.73536
f 2522/6512 2548/6513 2630/6514
f 2522/6512 2630/6514 2552/6344
f 2543/6308 2565/6444 2624/6321
vt 0.41387 0.53332
f 2548/6363 2568/6398 2645/6515
vt 0.84805 0.82308
f 2484/6375 5774/6437 2576/6516
vt 0.84746 0.82241
f 2484/6375 2576/6516 2516/6517
vt 0.22844 0.09661
f 2539/5915 2456/6166 2698/6518
vt 0.89260 0.70132
vt 0.89238 0.70239
vt 0.89127 0.70202
f 2549/6519 2563/6520 2606/6521
vt 0.33901 0.90706
f 2566/6442 2534/6443 2637/6522
vt 0.80038 0.14208
f 2525/6503 2574/6505 2538/6523
f 2433/5545 2487/5768 2661/6459
vt 0.22665 0.10054
f 2539/5915 2845/6524 2596/6395
vt 0.34507 0.82102
f 2531/6379 2567/6146 2702/6525
vt 0.07149 0.66380
f 2417/6153 2516/6411 2703/6526
f 2471/6074 2596/6297 2579/6474
vt 0.24001 0.08493
f 2425/6091 2756/6527 2611/6001
vt 0.18737 0.34904
f 2509/6201 2560/6528 2577/6126
f 2535/6203 2587/6471 2580/6465
vt 0.80104 0.14044
f 2538/6523 2574/6505 2563/6529
vt 0.57592 0.66216
f 2544/6217 2726/6530 2553/6470
vt 0.41399 0.52855
f 2561/6284 2540/6292 2602/6531
vt 0.41352 0.52572
f 2540/6292 2605/6532 2602/6531
vt 0.13092 0.29161
f 5771/6129 2556/6533 2627/6511
f 2546/6206 2586/6438 2587/6471
f 2419/5924 2506/6262 2686/6506
vt 0.15390 0.31872
f 2542/6446 2683/6534 2575/6154
f 2540/6292 2580/6465 2605/6532
f 2465/6059 2592/6387 2762/6311
f 2539/5915 2698/6518 2845/6524
vt 0.13030 0.29392
f 2527/6358 2697/6357 2657/6535
vt 0.98597 0.56268
vt 0.98598 0.56147
vt 0.98634 0.56258
f 2586/6536 2570/6537 2619/6538
vt 0.14383 0.30990
f 2544/6302 2636/6487 2670/6539
vt 0.96632 0.43896
f 2494/6500 2558/6540 2638/6501
vt 0.34310 0.82126
f 2567/6146 2604/6541 2702/6525
vt 0.14171 0.59215
vt 0.14221 0.59104
vt 0.14499 0.59193
f 2493/6542 2583/6543 2636/6544
f 2552/6344 2630/6514 2601/6486
vt 0.01846 0.73782
vt 0.02028 0.73799
f 2565/6444 2601/6545 2715/6546
f 2427/6232 2666/6455 2557/6413
vt 0.84215 0.20809
f 2482/6464 2685/6547 2560/6436
vt 0.79669 0.25163
vt 0.79589 0.25294
vt 0.79547 0.25079
f 2505/6548 2638/6549 2554/6550
vt 0.93119 0.83843
f 2571/6428 2627/6551 2556/6429
vt 0.90718 0.91720
vt 0.90700 0.92072
vt 0.90575 0.91807
f 2548/6552 2645/6553 2630/6554
vt 0.02109 0.74845
f 2515/6382 2624/6321 2607/6555
vt 0.73293 0.42589
f 2529/6509 2660/6508 2642/6556
vt 0.79882 0.25806
f 2547/6229 2642/6510 2569/6557
f 2547/6229 2569/6557 2558/6488
vt 0.12431 0.28831
f 2567/6351 2585/5990 2604/6558
vt 0.80010 0.14052
f 2563/6529 2574/6505 2621/6559
vt 0.79726 0.14082
f 2579/6504 2582/6560 2574/6505
vt 0.24391 0.08198
f 2404/6087 2661/6459 2688/6561
vt 0.57646 0.66067
f 2502/6404 2591/6562 2581/6416
vt 0.23689 0.08971
f 2467/6345 2611/6001 2687/6563
vt 0.15643 0.32017
f 2706/6454 2616/6564 2572/6316
vt 0.98241 0.42294
vt 0.98233 0.42239
vt 0.98283 0.42212
f 2586/6565 2619/6566 2625/6567
vt 0.79918 0.14074
f 2574/6505 2652/6568 2621/6559
vt 0.06331 0.65196
f 2482/6274 2517/6234 2691/6569
vt 0.56435 0.96078
vt 0.56435 0.95993
f 2502/6481 2553/6570 2591/6571
vt 0.64566 0.46868
f 2596/6297 2656/6572 2579/6474
vt 0.57602 0.64420
f 2562/6485 2659/6448 2632/6573
f 2435/5826 2589/6233 2511/6410
vt 0.57410 0.65307
f 2550/6272 2707/6574 2613/6396
vt 0.12373 0.54144
vt 0.12421 0.53922
vt 0.12482 0.54105
f 2603/6575 2600/6576 2628/6577
vt 0.41508 0.53129
f 2561/6284 2593/6578 2568/6398
vt 0.98945 0.31838
vt 0.98923 0.31794
vt 0.98945 0.31738
f 2536/6579 2727/6580 2660/6581
vt 0.33462 0.57417
vt 0.33499 0.57047
vt 0.33596 0.57377
f 2603/6582 2748/6583 2700/6584
vt 0.33277 0.57258
f 2603/6582 2628/6585 2748/6583
vt 0.18306 0.35023
f 2577/6126 2560/6528 2689/6586
vt 0.64484 0.46689
vt 0.64319 0.46733
f 2579/6587 2656/6572 2582/6588
f 2568/6398 2593/6578 2645/6515
vt 0.50188 0.95863
vt 0.50133 0.95707
vt 0.50192 0.95643
f 2542/6589 2572/6590 2616/6591
vt 0.41329 0.51932
f 2587/6471 2586/6438 2625/6592
vt 0.16497 0.33004
f 2658/6159 2699/6593 2612/6334
vt 0.57651 0.66105
f 2726/6530 2591/6594 2553/6470
vt 0.41603 0.52925
f 2561/6284 2692/6595 2593/6578
vt 0.41184 0.51497
f 2555/6458 2554/6440 2638/6596
vt 0.41081 0.51571
f 2555/6458 2638/6596 2570/6597
vt 0.73682 0.42463
f 2501/6267 2588/6426 2727/6598
f 2501/6267 2727/6598 2536/6337
vt 0.07619 0.66411
vt 0.07575 0.66494
f 2576/6599 2623/6600 2516/6411
vt 0.15571 0.31990
f 2542/6446 2616/6601 2683/6534
vt 0.90532 0.92110
f 2645/6553 2733/6602 2630/6554
vt 0.24940 0.07692
f 2487/5768 2686/6506 2742/6603
vt 0.14317 0.30801
f 2544/6302 2670/6539 2701/6604
f 2516/6411 2623/6600 2703/6526
vt 0.89001 0.70230
vt 0.89012 0.70289
f 2576/6605 2606/6521 2623/6606
vt 0.41573 0.52804
vt 0.41532 0.52446
vt 0.41781 0.52542
f 2598/6607 2597/6608 2665/6609
vt 0.94150 0.62713
vt 0.94003 0.62748
vt 0.94139 0.62508
f 2598/6610 2602/6611 2597/6612
vt 0.41440 0.52436
vt 0.41513 0.52228
f 2605/6613 2599/6614 2597/6608
vt 0.41420 0.52065
f 2587/6471 2668/6615 2580/6465
f 2587/6471 2625/6592 2668/6615
vt 0.94022 0.62346
f 2597/6612 2602/6611 2605/6616
vt 0.41414 0.52303
f 2580/6465 2668/6615 2605/6617
f 2605/6617 2668/6615 2599/6614
vt 0.14889 0.31093
vt 0.15035 0.31376
vt 0.14797 0.31410
f 2583/6618 2578/6619 2735/6620
vt 0.30106 0.01959
f 2531/6380 2702/6621 2682/6461
f 2425/6091 2504/6012 2756/6527
vt 0.25619 0.07114
f 2506/6262 2595/6122 2999/6622
vt 0.57551 0.66409
f 2544/6217 2701/6623 2726/6530
vt 0.79877 0.13991
f 2574/6505 2623/6624 2652/6568
vt 0.28421 0.03849
f 2584/5866 2635/6625 2513/5755
vt 0.95585 0.45786
vt 0.95612 0.45722
f 2541/6480 2562/6626 2632/6627
vt 0.99051 0.25462
vt 0.99015 0.25485
vt 0.99015 0.25434
f 2621/6628 2633/6629 2563/6630
f 2577/6126 2689/6586 2666/6455
f 2461/5757 2511/6410 2654/6258
vt 0.13498 0.29861
f 2515/6399 2607/6631 2697/6357
vt 0.12475 0.29159
f 2585/5990 2627/6511 2775/6632
f 2584/5866 2678/6467 2635/6625
f 2404/6087 2688/6561 2504/6012
vt 0.15687 0.32175
f 2706/6454 2738/6633 2616/6564
vt 0.30448 0.88686
f 2566/6460 2617/6634 2571/6422
vt 0.64770 0.46905
f 2596/6297 2629/6635 2656/6572
f 2602/6531 2692/6595 2561/6284
vt 0.41717 0.53652
vt 0.41664 0.53394
vt 0.42031 0.53553
f 2674/6636 2615/6637 2730/6638
vt 0.41610 0.53176
vt 0.41761 0.53118
f 2620/6639 2626/6640 2615/6637
vt 0.08311 0.96001
vt 0.08406 0.96193
vt 0.08289 0.96142
f 2602/6641 2598/6642 2692/6643
vt 0.64054 0.46722
vt 0.64143 0.46727
vt 0.64197 0.46847
f 2621/6644 2652/6645 2639/6646
vt 0.89152 0.70372
f 2606/6521 2563/6520 2633/6647
f 2606/6521 2633/6647 2623/6606
vt 0.41616 0.53036
f 2692/6595 2620/6648 2593/6578
vt 0.92895 0.46851
vt 0.92996 0.47110
vt 0.92871 0.47167
f 2601/6649 2708/6650 2715/6651
f 2582/6588 2656/6572 2639/6646
vt 0.79827 0.13984
f 2574/6505 2618/6652 2623/6624
vt 0.30610 0.88619
f 2566/6460 2637/6653 2617/6634
f 2417/6153 2703/6526 2714/6368
vt 0.92811 0.83825
f 2627/6551 2571/6428 2617/6654
vt 0.82426 0.48090
f 2608/6457 2631/6655 2588/6473
vt 0.41307 0.51857
vt 0.41212 0.51705
vt 0.41451 0.51896
f 2625/6656 2619/6657 2649/6658
vt 0.27351 0.05132
f 2498/5986 2672/6659 2592/6387
f 2559/5787 2749/6489 2663/6172
vt 0.16178 0.32735
f 2512/5800 2648/6660 2622/6447
vt 0.96415 0.93198
vt 0.96424 0.93344
vt 0.96372 0.93220
f 2621/6661 2709/6662 2633/6663
f 2550/6272 2581/6416 2707/6574
vt 0.14501 0.58994
f 2583/6543 2669/6664 2636/6544
vt 0.34110 0.90757
f 2534/6443 2657/6665 2637/6522
vt 0.44363 0.82382
vt 0.44116 0.82409
vt 0.44312 0.82133
f 2615/6666 2766/6667 2620/6668
vt 0.14650 0.31113
f 2583/6618 2735/6620 2669/6669
vt 0.83993 0.20565
f 2482/6464 2691/6670 2685/6547
vt 0.18762 0.35189
f 2560/6528 2685/6671 2689/6586
vt 0.44363 0.82903
vt 0.44355 0.83365
vt 0.44223 0.83013
f 2614/6672 2634/6673 2655/6674
vt 0.41880 0.54301
vt 0.41744 0.53919
vt 0.42090 0.54118
f 2634/6675 2614/6676 2690/6677
vt 0.64035 0.46843
f 2639/6646 2709/6678 2621/6644
vt 0.44219 0.83364
f 2634/6673 2644/6679 2655/6674
vt 0.12608 0.53889
f 2628/6577 2600/6576 2737/6680
vt 0.44260 0.82090
vt 0.44197 0.82201
f 2593/6681 2620/6668 2650/6682
vt 0.41556 0.53266
f 2593/6578 2650/6683 2645/6515
vt 0.89080 0.70432
f 2623/6606 2633/6647 2652/6684
vt 0.44350 0.82624
f 2615/6666 2674/6685 2766/6667
vt 0.02262 0.73925
f 2715/6546 2725/6686 2565/6444
vt 0.44188 0.82766
f 2614/6672 2655/6674 2725/6687
f 2614/6672 2725/6687 2674/6685
vt 0.12269 0.54107
vt 0.12312 0.53990
f 2603/6575 2700/6688 2741/6689
vt 0.12335 0.53873
f 2603/6575 2741/6690 2600/6576
vt 0.79666 0.25479
vt 0.79586 0.25604
f 2638/6549 2558/6691 2676/6692
vt 0.41851 0.52796
f 2598/6607 2665/6609 2695/6693
vt 0.02113 0.73665
f 2601/6486 2630/6514 2708/6694
f 2512/5800 2612/6334 2648/6660
f 2456/6166 2467/6345 2698/6518
f 2570/6597 2638/6596 2619/6657
vt 0.14630 0.59112
f 2636/6544 2669/6664 2745/6695
vt 0.91319 0.97625
vt 0.91420 0.97698
vt 0.91357 0.97695
f 2639/6696 2618/6697 2582/6698
vt 0.73109 0.27282
vt 0.73217 0.27135
f 2632/6699 2813/6700 2541/6462
f 2513/5755 2635/6625 2564/6236
f 2498/5986 2800/6472 2672/6659
f 2504/6012 2688/6561 2756/6527
vt 0.16420 0.32922
f 2612/6334 2699/6593 2671/6701
vt 0.79754 0.14048
vt 0.79745 0.13984
f 2582/6702 2618/6703 2574/6505
vt 0.73316 0.27285
f 2541/6462 2631/6704 2608/6466
f 2591/6594 2726/6530 2581/6416
f 2599/6614 2665/6609 2597/6608
vt 0.57441 0.64411
f 2632/6573 2659/6448 2677/6705
vt 0.08376 0.96417
vt 0.08295 0.96415
f 2598/6642 2695/6706 2640/6707
f 2598/6642 2640/6707 2692/6643
vt 0.12364 0.28976
f 2585/5990 2752/6708 2604/6558
f 2585/5990 2775/6632 2752/6708
vt 0.91388 0.97576
f 2639/6696 2652/6709 2618/6697
f 2375/6158 2641/6332 2658/6159
vt 0.22283 0.10240
f 2596/6395 2845/6524 2629/6710
vt 0.14393 0.57489
vt 0.14472 0.57257
vt 0.14647 0.57353
f 2664/6711 2653/6712 2921/6713
vt 0.15953 0.32319
vt 0.15950 0.32442
f 2590/6714 2622/6715 2706/6454
vt 0.08563 0.61000
vt 0.08406 0.60871
vt 0.08538 0.60745
f 2664/6716 2694/6717 2653/6718
f 2609/6181 2743/6409 2678/6467
vt 0.41466 0.51731
f 2619/6657 2638/6596 2676/6719
f 2487/5768 2742/6603 2661/6459
f 2674/6636 2730/6638 2614/6676
vt 0.17067 0.33745
f 2641/6332 2545/6388 2643/6720
vt 0.02263 0.74246
f 2624/6321 2565/6444 2655/6721
f 2541/6462 2813/6700 2631/6704
vt 0.95699 0.15467
vt 0.95683 0.15574
vt 0.95596 0.15507
f 2558/6722 2569/6723 2594/6724
f 2619/6657 2676/6719 2649/6658
f 2615/6637 2626/6640 2730/6638
f 2614/6676 2730/6638 2690/6677
vt 0.33618 0.57129
f 2700/6584 2748/6583 2736/6725
vt 0.44309 0.83668
vt 0.44199 0.83563
f 2667/6726 2647/6727 2634/6673
vt 0.33390 0.56979
f 2748/6583 2628/6585 2646/6728
vt 0.66647 0.26815
vt 0.66908 0.26838
vt 0.66849 0.27013
f 2702/6729 2604/6730 2752/6731
vt 0.14932 0.31815
f 2575/6154 2683/6534 2850/6732
vt 0.79703 0.25503
vt 0.79686 0.25657
f 2558/6733 2594/6734 2676/6692
vt 0.41885 0.54507
vt 0.42158 0.54605
vt 0.41907 0.54658
f 2634/6735 2722/6736 2667/6737
vt 0.12714 0.29320
f 2627/6511 2679/6738 2775/6632
vt 0.98123 0.50314
vt 0.98169 0.50371
vt 0.98106 0.50458
f 2612/6739 2671/6740 2648/6741
vt 0.89228 0.70440
vt 0.89123 0.70563
f 2633/6647 2709/6742 2651/6743
vt 0.44167 0.82241
f 2620/6668 2766/6667 2650/6744
vt 0.41660 0.52281
f 2599/6614 2828/6745 2665/6609
vt 0.23337 0.98883
vt 0.23337 0.99021
vt 0.23318 0.98932
f 2599/6746 2673/6747 2828/6748
vt 0.06764 0.66311
f 2714/6368 2703/6526 2925/6749
f 2652/6684 2633/6647 2651/6743
f 2578/6619 2575/6154 2735/6620
vt 0.07271 0.66602
f 2623/6600 2739/6750 2703/6526
f 2644/6679 2634/6673 2647/6727
f 2595/6122 2654/6258 2999/6622
vt 0.02247 0.74485
vt 0.02251 0.74696
f 2624/6321 2644/6751 2647/6752
f 2624/6321 2647/6752 2607/6555
vt 0.08228 0.60980
f 2664/6716 2721/6753 2694/6717
vt 0.64718 0.47052
f 2629/6635 2740/6754 2656/6572
vt 0.64425 0.47077
f 2656/6572 2680/6755 2639/6646
vt 0.95593 0.45517
vt 0.95659 0.45627
f 2632/6627 2677/6756 2813/6757
vt 0.64039 0.47012
f 2639/6646 2757/6758 2709/6678
vt 0.02260 0.74793
f 2607/6555 2647/6752 2696/6759
f 2565/6444 2725/6686 2655/6721
vt 0.07586 0.66626
vt 0.07428 0.66625
f 2623/6600 2618/6760 2681/6761
vt 0.73531 0.42636
f 2660/6508 2704/6762 2642/6556
vt 0.44178 0.83602
f 2667/6726 2696/6763 2647/6727
vt 0.27115 0.05775
f 2592/6387 2907/6764 2762/6311
f 2999/6622 2686/6506 2506/6262
vt 0.17759 0.34519
f 2557/6413 2666/6455 2831/6765
vt 0.17041 0.34149
f 2557/6413 2794/6766 2545/6388
vt 0.13672 0.30102
vt 0.13744 0.30361
vt 0.13639 0.30247
f 2667/6767 2722/6768 2710/6769
f 2624/6321 2655/6721 2644/6751
vt 0.79822 0.26091
vt 0.79761 0.25850
f 2642/6510 2705/6770 2569/6771
vt 0.02247 0.74853
f 2607/6555 2696/6759 2792/6772
vt 0.34115 0.90882
f 2637/6522 2657/6665 2781/6773
f 2634/6675 2690/6677 2722/6736
vt 0.15795 0.32633
f 2622/6715 2662/6774 2706/6454
vt 0.79575 0.13961
vt 0.79710 0.13846
vt 0.79711 0.13981
f 2684/6775 2681/6776 2618/6777
vt 0.88944 0.70502
f 2652/6684 2651/6743 2618/6778
vt 0.02165 0.73492
f 2630/6514 2733/6779 2708/6694
vt 0.27248 0.87916
vt 0.27369 0.87978
vt 0.27275 0.88256
f 2664/6780 2711/6781 2721/6782
vt 0.93342 0.03231
vt 0.93472 0.03372
vt 0.93235 0.03555
f 2617/6783 2758/6784 2627/6785
vt 0.42028 0.52734
f 2695/6693 2665/6609 2720/6786
vt 0.42015 0.53169
f 2626/6640 2693/6787 2730/6638
vt 0.31252 0.98963
vt 0.31231 0.98924
vt 0.31250 0.98906
f 2696/6788 2667/6789 5786/6790
vt 0.14510 0.57542
f 2664/6711 2921/6713 2711/6791
f 2620/6648 2692/6595 2626/6640
vt 0.73828 0.42552
f 2588/6426 2816/6792 2727/6598
vt 0.14634 0.31359
f 2735/6620 2761/6793 2669/6669
f 2545/6388 2794/6766 2643/6720
vt 0.88798 0.70561
f 2618/6778 2651/6743 2684/6794
f 2660/6508 2727/6598 2704/6762
vt 0.41539 0.52223
vt 0.41568 0.52089
vt 0.41810 0.52234
f 2599/6795 2668/6796 2673/6797
vt 0.15679 0.32288
f 2738/6633 2706/6454 2750/6798
vt 0.98178 0.50443
f 2671/6740 2675/6799 2648/6741
vt 0.79635 0.25933
f 2569/6771 2705/6770 2729/6800
vt 0.17024 0.63300
vt 0.16953 0.63053
vt 0.17189 0.63219
f 2669/6801 2761/6802 2717/6803
vt 0.31220 0.98884
vt 0.31252 0.98883
f 2667/6789 5789/6804 5788/6805
f 2667/6789 5788/6805 5786/6790
vt 0.99129 0.20481
vt 0.99118 0.20532
vt 0.99099 0.20481
f 2710/6806 2753/6807 5789/6808
vt 0.14666 0.57682
f 2921/6713 2784/6809 2711/6791
f 2564/6236 2635/6625 2749/6489
vt 0.41894 0.53043
f 2626/6640 2718/6810 2693/6787
vt 0.12853 0.29544
f 2697/6357 2781/6811 2657/6535
vt 0.30571 0.88817
f 2617/6634 2637/6653 2724/6812
vt 0.14538 0.58767
vt 0.14681 0.58751
f 2717/6813 2716/6814 2669/6664
vt 0.16559 0.33696
f 2641/6332 2643/6720 2872/6815
vt 0.97636 0.30858
vt 0.97589 0.30784
vt 0.97634 0.30791
f 2792/6816 2696/6817 2767/6818
f 2669/6664 2716/6814 2745/6695
f 2623/6600 2681/6761 2739/6750
vt 0.93350 0.03601
f 2627/6785 2758/6784 2679/6819
vt 0.16006 0.32767
f 2622/6447 2648/6660 2782/6820
vt 0.73356 0.42738
f 2642/6556 2704/6762 2705/6821
vt 0.22402 0.10467
f 2845/6524 2811/6822 2629/6710
vt 0.23659 0.09344
f 2687/6563 2723/6823 2467/6345
vt 0.28096 0.04603
f 2749/6489 2902/6824 2663/6172
vt 0.26037 0.06898
f 2654/6258 2799/6825 2999/6622
vt 0.16512 0.33426
f 2658/6159 2641/6332 2882/6826
f 2641/6332 2872/6815 2882/6826
f 2569/6771 2676/6692 2594/6734
f 2569/6771 2729/6800 2676/6692
vt 0.82576 0.47895
f 2588/6473 2631/6655 2816/6827
vt 0.79572 0.13656
f 2684/6775 2823/6828 2681/6776
vt 0.41509 0.52023
f 2625/6829 2649/6658 2668/6796
vt 0.15575 0.32201
f 2616/6601 2738/6830 2683/6534
vt 0.15974 0.32642
f 2622/6447 2782/6831 2662/6774
vt 0.90667 0.92302
f 2645/6553 2650/6832 2733/6602
vt 0.79779 0.19559
vt 0.79616 0.19781
vt 0.79616 0.19510
f 2700/6833 2747/6834 2741/6835
f 2756/6527 2687/6563 2611/6001
vt 0.44008 0.82311
f 2650/6744 2766/6667 2751/6836
vt 0.96842 0.58533
vt 0.96863 0.58682
vt 0.96810 0.58741
f 2671/6837 2699/6838 2764/6839
vt 0.12587 0.54057
vt 0.12684 0.53963
f 2628/6840 2737/6680 2769/6841
f 2626/6640 2692/6595 2718/6810
vt 0.93555 0.03616
f 2679/6819 2758/6784 2734/6842
vt 0.57220 0.64936
f 2613/6396 2707/6574 2773/6843
vt 0.18810 0.35576
vt 0.18472 0.35422
f 2685/6671 2785/6844 2763/6845
vt 0.14533 0.58402
f 2717/6813 2731/6846 2716/6814
vt 0.14634 0.58475
f 2716/6814 2731/6846 2719/6847
vt 0.92421 0.15732
vt 0.92484 0.15581
vt 0.92478 0.15718
f 2600/6848 2776/6849 2737/6850
f 2668/6796 2649/6658 2673/6797
vt 0.16331 0.32863
vt 0.16347 0.33127
vt 0.16203 0.32896
f 2671/6851 2764/6852 2675/6853
vt 0.64551 0.47055
f 2656/6572 2740/6754 2790/6854
vt 0.89253 0.70652
f 2709/6742 2757/6855 2651/6743
vt 0.64501 0.47016
f 2680/6755 2656/6572 2790/6856
vt 0.26385 0.06455
f 2589/6233 2967/6857 2511/6410
vt 0.13174 0.30217
f 2607/6631 2944/6858 2697/6357
vt 0.73481 0.42797
f 2704/6762 2809/6859 2705/6821
vt 0.14513 0.57640
vt 0.14507 0.57960
f 2711/6860 2784/6809 2712/6861
f 2648/6660 2675/6853 2782/6820
vt 0.14666 0.58000
vt 0.14533 0.58264
f 2712/6861 2755/6862 2731/6863
vt 0.12408 0.53861
vt 0.12414 0.53580
f 2600/6864 2741/6690 2834/6865
vt 0.47974 0.84727
vt 0.47970 0.84923
vt 0.47798 0.84813
f 2741/6866 2747/6867 2713/6868
vt 0.41849 0.52868
f 2692/6595 2640/6869 2718/6810
vt 0.41983 0.52949
f 2695/6693 2720/6786 2718/6870
vt 0.17532 0.63214
vt 0.17528 0.62970
f 2731/6871 2717/6803 2842/6872
vt 0.97293 0.25811
vt 0.97276 0.26002
vt 0.97219 0.25863
f 2695/6873 2718/6874 2640/6875
vt 0.33192 0.57182
f 2628/6585 2769/6876 2646/6728
vt 0.93545 0.03501
f 2734/6842 2758/6784 2781/6877
vt 0.84226 0.20417
f 2685/6547 2691/6670 2785/6878
vt 0.97294 0.96179
vt 0.97313 0.96307
vt 0.97220 0.96269
f 2696/6879 2753/6880 2744/6881
vt 0.12457 0.53779
f 2600/6864 2834/6865 2776/6882
vt 0.57204 0.64461
f 2659/6448 2829/6883 2677/6705
vt 0.33771 0.90915
f 2637/6522 2781/6773 2724/6884
vt 0.08304 0.60726
f 2694/6717 2818/6885 2653/6718
f 2731/6846 2755/6862 2719/6847
vt 0.97324 0.47005
vt 0.97298 0.47172
vt 0.97216 0.47088
f 2704/6886 2727/6887 2768/6888
vt 0.93511 0.03250
f 2617/6783 2724/6889 2758/6784
vt 0.57219 0.64687
f 2659/6448 2613/6396 2771/6890
vt 0.14381 0.31141
f 2636/6487 2745/6891 2670/6539
vt 0.27424 0.88232
f 2721/6782 2711/6781 2777/6892
vt 0.97598 0.30689
f 2696/6817 2744/6893 2767/6818
f 2517/6234 2573/6435 2691/6569
vt 0.28795 0.03808
f 2678/6467 2837/6894 2635/6625
f 2706/6454 2662/6774 2750/6798
vt 0.64228 0.47068
f 2639/6646 2680/6755 2728/6895
vt 0.92831 0.47326
vt 0.93027 0.47389
f 2725/6896 2715/6651 2789/6897
vt 0.16468 0.33230
f 2699/6593 2658/6159 2764/6898
vt 0.13386 0.30130
f 2607/6631 2792/6899 2944/6858
vt 0.18019 0.63208
vt 0.18099 0.62929
f 2712/6900 2731/6871 2857/6901
vt 0.93018 0.47241
f 2715/6651 2708/6902 2789/6897
vt 0.12111 0.29347
f 2752/6708 2775/6632 2832/6903
vt 0.14697 0.57085
f 2921/6713 2653/6712 2732/6904
f 2712/6861 2784/6809 2755/6862
vt 0.22296 0.10320
f 2740/6905 2629/6710 2811/6822
vt 0.08371 0.60457
f 2653/6718 2818/6885 2963/6906
f 2639/6646 2728/6895 2757/6758
vt 0.08568 0.60546
f 2653/6718 2963/6906 2732/6907
vt 0.13931 0.31014
f 2701/6604 2670/6539 2941/6908
vt 0.33609 0.56868
f 2736/6725 2748/6583 2807/6909
vt 0.88848 0.70717
f 2684/6794 2651/6743 2759/6910
vt 0.02348 0.73671
f 2733/6779 2772/6911 2708/6694
vt 0.42061 0.52544
f 2665/6609 2746/6912 2720/6786
f 2685/6671 2763/6845 2689/6586
vt 0.14719 0.58272
vt 0.14718 0.58495
f 2719/6847 2765/6913 2770/6914
f 2719/6847 2755/6862 2765/6913
vt 0.73292 0.42791
vt 0.73319 0.42947
f 2705/6915 2809/6859 2803/6916
vt 0.12345 0.53592
f 2834/6865 2741/6690 2827/6917
vt 0.79760 0.19824
f 2700/6833 2736/6918 2747/6834
vt 0.41740 0.52020
f 2649/6658 2729/6919 2673/6797
vt 0.90493 0.92332
f 2650/6832 2751/6920 2733/6602
f 2719/6847 2770/6914 2716/6814
vt 0.57192 0.66403
f 2701/6623 2833/6921 2726/6530
vt 0.99009 0.77082
vt 0.98970 0.77126
vt 0.98970 0.77077
f 2705/6922 2803/6923 2729/6924
vt 0.20228 0.36769
vt 0.20159 0.36948
vt 0.19965 0.36794
f 2684/6925 2759/6926 2823/6927
vt 0.12874 0.29901
f 2697/6357 2944/6858 2939/6928
vt 0.15802 0.32808
f 2662/6774 2782/6831 2783/6929
vt 0.73148 0.27029
vt 0.73294 0.26846
f 2677/6930 2847/6931 2813/6700
vt 0.41848 0.52404
f 2665/6609 2828/6932 2746/6912
f 2731/6871 2842/6872 2857/6901
vt 0.18344 0.63194
f 2712/6900 2857/6901 2711/6933
vt 0.01843 0.87977
vt 0.01824 0.88216
vt 0.01721 0.88008
f 2694/6934 2796/6935 2818/6936
vt 0.17207 0.63033
f 2717/6803 2806/6937 2842/6872
vt 0.20040 0.36961
f 2823/6927 2759/6926 2760/6938
vt 0.02398 0.73526
f 2733/6779 2751/6939 2772/6911
vt 0.43973 0.82680
f 2725/6687 2789/6940 2674/6685
vt 0.08084 0.60811
f 2694/6717 2721/6753 2796/6941
vt 0.47804 0.84945
f 2747/6867 2815/6942 2713/6868
f 2674/6685 2789/6940 2766/6667
f 2649/6658 2676/6719 2729/6919
vt 0.82470 0.47760
f 2631/6655 2841/6943 2816/6827
vt 0.33218 0.56814
f 2646/6728 2769/6876 2853/6944
f 2575/6154 2850/6732 2735/6620
vt 0.14952 0.32189
f 2683/6534 3016/6945 2850/6732
vt 0.73392 0.27022
f 2631/6704 2813/6700 2841/6946
vt 0.12418 0.29512
f 2775/6632 2679/6738 2962/6947
vt 0.27292 0.05462
f 2592/6387 2672/6659 2849/6948
f 2659/6448 2771/6890 2829/6883
f 2592/6387 2849/6948 2907/6764
vt 0.24924 0.08091
f 2661/6459 2742/6603 2906/6949
vt 0.13895 0.30791
f 2701/6604 2941/6908 2833/6950
vt 0.79825 0.13632
f 2681/6776 2823/6828 2739/6951
vt 0.12770 0.60380
vt 0.12741 0.60509
vt 0.12607 0.60438
f 2713/6952 2815/6953 2779/6954
vt 0.42209 0.52901
f 2718/6870 2771/6955 2693/6787
vt 0.57223 0.65268
f 2707/6574 2786/6956 2773/6843
vt 0.66613 0.27189
f 2702/6729 2752/6731 2973/6957
vt 0.30413 0.02283
f 2702/6621 2973/6958 2682/6461
vt 0.13514 0.30320
f 2722/6768 2798/6959 2710/6769
vt 0.57194 0.65769
f 2581/6416 2788/6960 2707/6574
vt 0.42423 0.54560
f 2722/6736 2690/6677 2778/6961
vt 0.14903 0.58654
vt 0.14965 0.58915
f 2716/6814 2824/6962 2791/6963
f 2716/6814 2791/6963 2745/6695
vt 0.42230 0.53112
f 2693/6787 2773/6964 2730/6638
vt 0.07981 0.60924
f 2721/6753 2859/6965 2796/6941
f 2661/6459 2906/6949 2688/6561
vt 0.57185 0.66116
f 2726/6530 2833/6921 2804/6966
f 2718/6870 2720/6786 2771/6955
vt 0.42349 0.53849
f 2730/6638 2788/6967 2690/6677
vt 0.89107 0.70699
f 2651/6743 2728/6968 2759/6910
vt 0.79754 0.20029
vt 0.79621 0.19959
f 2736/6918 2807/6969 2774/6970
f 2651/6743 2757/6855 2728/6968
f 2658/6159 2882/6826 2764/6898
vt 0.14786 0.58531
f 2716/6814 2770/6971 2824/6962
vt 0.88813 0.70771
vt 0.88899 0.70808
f 2790/6972 2759/6910 2680/6973
vt 0.33900 0.90954
f 2724/6884 2781/6773 2758/6974
vt 0.16073 0.32973
f 2782/6820 2675/6853 2797/6975
vt 0.16227 0.33046
vt 0.16233 0.33179
f 2675/6853 2764/6976 2820/6977
vt 0.33462 0.56569
f 2748/6583 2646/6728 2897/6978
vt 0.14744 0.58110
vt 0.14852 0.57993
vt 0.14764 0.58218
f 2755/6979 2787/6980 2765/6981
f 2693/6787 2771/6955 2773/6964
vt 0.26823 0.06147
f 2589/6233 2762/6311 2943/6982
f 2589/6233 2943/6982 2967/6857
vt 0.17509 0.34559
f 2831/6765 2835/6983 2557/6413
vt 0.96920 0.91861
vt 0.96983 0.91848
vt 0.96979 0.91972
f 2753/6984 2710/6985 2798/6986
vt 0.96832 0.91915
f 2753/6984 2798/6986 2744/6987
f 2765/6981 2787/6980 2770/6971
f 2613/6396 2773/6843 2771/6890
vt 0.06336 0.65591
f 2691/6569 2573/6435 2869/6988
vt 0.14875 0.59050
f 2745/6695 2791/6963 2795/6989
vt 0.41951 0.52150
f 2729/6919 2803/6990 2673/6797
vt 0.98753 0.46878
vt 0.98782 0.46918
vt 0.98742 0.46966
f 2675/6991 2820/6992 2797/6993
vt 0.84002 0.20167
f 2691/6670 2869/6994 2785/6878
vt 0.42324 0.53495
f 2730/6638 2786/6995 2788/6967
vt 0.42449 0.54257
f 2690/6677 2804/6996 2778/6961
f 2770/6971 2787/6980 2824/6962
vt 0.96425 0.38076
vt 0.96422 0.38213
vt 0.96357 0.38151
f 2728/6997 2680/6998 2759/6999
vt 0.02335 0.73847
f 2708/6694 2772/6911 2789/7000
vt 0.17131 0.62829
f 2761/6802 2819/7001 2717/6803
vt 0.16954 0.62845
f 2761/6802 2780/7002 2819/7001
f 2730/6638 2773/6964 2786/6995
f 2663/6172 2902/6824 2800/6472
vt 0.14195 0.31163
f 2670/6539 2745/6891 2905/7003
vt 0.73650 0.42691
f 2727/6598 2816/6792 2768/7004
vt 0.14718 0.57765
f 2784/6809 2787/7005 2755/6862
vt 0.14862 0.57547
f 2784/6809 2921/6713 2830/7006
vt 0.73505 0.42837
vt 0.73581 0.42735
f 2768/7004 2809/7007 2704/7008
vt 0.18349 0.62962
f 2711/6933 2857/6901 2777/7009
vt 0.17682 0.35047
f 2666/6455 2689/6586 3051/7010
f 2781/6811 2697/6357 2939/6928
f 2726/6530 2804/6966 2581/6416
vt 0.15876 0.32904
f 2782/6831 2858/7011 2783/6929
vt 0.96845 0.92024
f 2744/6987 2798/6986 2767/7012
vt 0.08555 0.60452
f 2732/6907 2963/6906 2801/7013
vt 0.24459 0.08540
f 2688/6561 2896/7014 2756/6527
vt 0.29982 0.02647
f 2610/6031 2682/6461 2878/7015
vt 0.73073 0.26790
vt 0.73169 0.26870
vt 0.73092 0.27002
f 2829/7016 2847/7017 2677/7018
vt 0.76643 0.44596
vt 0.76796 0.44522
vt 0.76831 0.44563
f 2769/7019 2737/7020 2808/7021
vt 0.76763 0.44772
vt 0.76620 0.44956
f 2769/7019 2825/7022 2853/7023
f 2610/6031 2878/7015 2754/6397
vt 0.28682 0.04254
f 2635/6625 2810/7024 2749/6489
vt 0.23324 0.09926
f 2467/6345 3064/7025 2698/6518
f 2738/6830 3016/6945 2683/6534
f 2690/6677 2788/6967 2804/6996
vt 0.33339 0.56850
f 2646/7026 2853/6944 2897/6978
f 2748/6583 2897/6978 2807/6909
vt 0.42176 0.52657
f 2771/6955 2720/6786 2829/7027
vt 0.13442 0.30581
f 2722/6768 3034/7028 2798/6959
f 2511/6410 2967/6857 2654/6258
vt 0.27404 0.88570
f 2721/6782 2777/6892 2929/7029
f 2707/6574 2788/6960 2786/6956
f 2746/6912 2829/7027 2720/6786
vt 0.43926 0.82521
f 2789/6940 2772/7030 2766/6667
vt 0.12250 0.53833
vt 0.12120 0.53864
vt 0.12285 0.53534
f 2741/7031 2713/7032 2827/7033
f 2581/6416 2804/6966 2788/6960
vt 0.14742 0.31615
vt 0.14630 0.31471
f 2735/6620 2802/7034 2761/7035
vt 0.13826 0.30663
f 2722/6768 2778/7036 3034/7028
vt 0.27269 0.88587
f 2721/6782 2929/7029 2859/7037
vt 0.24252 0.08935
f 2687/6563 2756/6527 3180/7038
f 2670/6539 2905/7003 2941/6908
vt 0.14739 0.56915
vt 0.14940 0.56793
f 2732/6904 2801/7039 2931/7040
vt 0.17415 0.34287
f 2557/6413 2805/7041 2794/6766
vt 0.18599 0.35773
f 2785/6844 2974/7042 2763/6845
vt 0.93225 0.22119
vt 0.93273 0.22086
vt 0.93299 0.22174
f 2780/7043 2761/7044 2886/7045
f 2557/6413 2835/6983 2805/7041
vt 0.79636 0.19879
vt 0.79618 0.19959
f 2736/7046 2774/7047 2747/6834
vt 0.15652 0.32389
vt 0.15632 0.32623
f 2750/7048 2838/7049 2738/6830
vt 0.18862 0.35970
f 2785/6844 2846/7050 2974/7042
vt 0.73845 0.42901
f 2768/7004 2816/6792 2898/7051
vt 0.50174 0.95177
vt 0.50140 0.94933
vt 0.50197 0.94955
f 2750/7052 2662/7053 2838/7054
f 2751/6836 2766/6667 2772/7030
f 2654/6258 2967/6857 2799/6825
f 2666/6455 3051/7010 2831/6765
f 2769/7019 2808/7021 2825/7022
vt 0.12765 0.29519
vt 0.12535 0.29675
f 2679/6738 2734/7055 2903/7056
f 2679/6738 2903/7056 2962/6947
vt 0.12069 0.53724
vt 0.12132 0.53663
f 2713/7032 2779/7057 2888/7058
vt 0.47808 0.85112
f 2815/6942 2747/6867 2840/7059
f 2845/6524 2698/6518 3064/7025
vt 0.47969 0.85133
f 2747/6867 2774/7060 2840/7059
vt 0.15039 0.57655
f 2787/6980 2784/6809 2881/7061
vt 0.79611 0.20243
f 2807/6969 2936/7062 2774/7047
vt 0.90584 0.14209
vt 0.90586 0.14495
vt 0.90492 0.14253
f 2717/7063 2819/7064 2806/7065
vt 0.19889 0.36960
f 2823/6927 2760/6938 2880/7066
vt 0.06402 0.65864
f 2714/6368 2957/7067 2573/6435
vt 0.73582 0.42968
f 2809/7007 2879/7068 2803/6916
vt 0.07762 0.60846
f 2859/6965 2951/7069 2796/6941
vt 0.96971 0.92053
f 2792/7070 2767/7012 2798/6986
f 2798/6959 2944/6858 2792/6899
vt 0.67420 0.62006
vt 0.67588 0.62219
vt 0.67355 0.62155
f 2808/7071 2876/7072 2825/7073
vt 0.12518 0.53743
vt 0.12683 0.53585
f 2737/6680 2776/7074 2952/7075
vt 0.67704 0.62021
f 2808/7071 2817/7076 2876/7072
vt 0.84222 0.20026
f 2785/6878 2869/6994 2846/7077
vt 0.68590 0.62012
vt 0.68595 0.62223
vt 0.68435 0.62266
f 2805/7078 2835/7079 2919/7080
vt 0.68383 0.62013
f 2805/7078 2919/7080 2814/7081
vt 0.12680 0.53739
f 2737/6680 2952/7075 2808/7082
vt 0.25369 0.07852
f 2742/6603 2686/6506 2992/7083
vt 0.14792 0.59138
vt 0.14856 0.59074
vt 0.15005 0.59125
f 2745/7084 2795/7085 2905/7086
vt 0.12684 0.29687
f 2781/6811 2939/6928 2884/7087
vt 0.29129 0.03758
f 2678/6467 3070/7088 2837/6894
f 2837/6894 2810/7024 2635/6625
f 2756/6527 2896/7014 3180/7038
vt 0.42525 0.54566
f 2778/6961 2804/6996 2833/7089
f 2713/7032 2888/7058 2827/7033
vt 0.64491 0.47212
f 2790/6854 2740/6754 2851/7090
vt 0.33622 0.56595
f 2807/6909 2897/6978 2908/7091
vt 0.14604 0.31537
f 2761/7035 2802/7034 2886/7092
vt 0.68185 0.62259
f 2814/7081 2919/7080 2877/7093
f 2781/6811 2884/7087 2734/7055
vt 0.14727 0.31663
f 2735/6620 2850/6732 2802/7094
vt 0.82383 0.47795
vt 0.82327 0.47642
f 2813/7095 2847/7096 2841/6943
vt 0.01695 0.88343
f 2796/6935 2793/7097 2818/6936
f 2762/6311 2907/6764 2943/6982
vt 0.64748 0.47185
f 2740/6754 2811/7098 2851/7090
vt 0.13771 0.53764
vt 0.13482 0.53787
vt 0.13498 0.53570
f 2814/7099 2812/7100 2887/7101
vt 0.01846 0.88517
f 2796/6935 2951/7102 2793/7097
vt 0.67829 0.62243
f 2817/7076 2844/7103 2876/7072
vt 0.68106 0.62039
f 2812/7104 2814/7081 2877/7093
vt 0.90477 0.14521
f 2819/7064 2892/7105 2806/7065
f 2749/6489 2810/7024 2902/6824
f 2784/6809 2830/7006 2881/7061
vt 0.07068 0.66567
f 2703/6526 2739/6750 2875/7106
vt 0.79568 0.13419
f 2739/6951 2823/6828 2874/7107
vt 0.15089 0.59016
f 2791/6963 2905/7108 2795/6989
vt 0.13044 0.53779
vt 0.13188 0.53573
f 2817/7109 2821/7110 2812/7100
f 2778/7036 2833/6950 3034/7028
vt 0.64553 0.47163
vt 0.64491 0.47177
f 2790/7111 2851/7090 2843/7112
vt 0.22706 0.10488
f 2811/6822 2845/6524 2822/7113
vt 0.72967 0.26717
vt 0.73135 0.26625
f 2829/7016 2746/7114 2913/7115
vt 0.96014 0.45869
vt 0.95935 0.46073
vt 0.95920 0.45907
f 2863/7116 2760/7117 2922/7118
vt 0.20233 0.37030
vt 0.20168 0.37132
f 2790/7119 2843/7120 2759/6926
f 2759/6926 2843/7120 2760/6938
f 2812/7104 2844/7103 2817/7076
f 2812/7104 2877/7093 2844/7103
f 2809/7007 2768/7004 2879/7068
vt 0.16930 0.62636
f 2780/7002 2826/7121 2819/7001
vt 0.72882 0.26583
f 2746/7114 2828/7122 2913/7115
vt 0.12903 0.53556
f 2817/7109 2920/7123 2821/7110
vt 0.90394 0.96247
vt 0.90379 0.96056
vt 0.90521 0.96134
f 2760/7124 2863/7125 2880/7126
vt 0.93596 0.34741
vt 0.93624 0.34526
vt 0.93690 0.34775
f 2851/7127 2839/7128 2843/7129
vt 0.17193 0.62774
f 2806/6937 2892/7130 2842/6872
vt 0.47959 0.85392
f 2840/7059 2774/7060 2936/7131
vt 0.15010 0.57907
f 2787/6980 2881/7061 2861/7132
vt 0.14940 0.56930
f 2732/6904 2931/7040 2909/7133
vt 0.41998 0.52379
f 2673/6797 2803/6990 2828/7134
vt 0.15974 0.33005
f 2782/6820 2797/6975 2858/7135
vt 0.79767 0.20329
f 2807/6969 2908/7136 2936/7062
vt 0.27839 0.05109
f 2800/6472 2854/7137 2672/6659
vt 0.15012 0.58293
f 2824/6962 2787/6980 2873/7138
vt 0.15030 0.58576
f 2824/6962 2873/7138 2862/7139
f 2787/6980 2861/7132 2873/7138
f 2643/6720 2794/6766 2872/6815
vt 0.17059 0.62475
f 2819/7001 2826/7121 2923/7140
vt 0.79751 0.13319
f 2739/6951 2874/7107 2875/7141
vt 0.17954 0.35399
f 2763/6845 3090/7142 2689/6586
vt 0.06512 0.66258
f 2714/6368 2925/6749 3096/7143
vt 0.82622 0.47565
f 2816/6827 2841/6943 2898/7144
vt 0.12180 0.53590
vt 0.12212 0.53432
f 2888/7145 2976/7146 2827/7033
vt 0.29401 0.03583
f 2743/6409 3039/7147 2678/6467
f 2944/6858 2798/6959 3034/7028
vt 0.16316 0.33461
f 2764/6852 2860/7148 2820/6977
vt 0.16452 0.33450
f 2882/7149 2860/7148 2764/6852
vt 0.64737 0.47427
f 2851/7090 2811/7098 3025/7150
vt 0.29706 0.03395
f 2743/6409 2754/6397 3057/7151
vt 0.93605 0.34391
vt 0.93715 0.34367
f 2839/7128 2836/7152 2901/7153
vt 0.15096 0.58765
f 2824/6962 2862/7139 2916/7154
f 2824/6962 2916/7154 2791/6963
vt 0.64261 0.47207
vt 0.64216 0.47415
vt 0.64039 0.47244
f 2839/7155 2855/7156 2836/7157
f 2678/6467 3039/7147 3070/7088
f 2732/6904 2909/7133 2921/6713
vt 0.14637 0.31769
f 2850/6732 2933/7158 2802/7094
vt 0.50184 0.94772
f 2662/7053 2783/7159 2838/7054
vt 0.18317 0.62590
f 2777/7009 2857/6901 2929/7160
vt 0.33224 0.56583
f 2897/6978 2853/6944 2934/7161
vt 0.95857 0.45939
f 2760/7117 2843/7162 2922/7118
vt 0.06883 0.66506
f 2875/7106 2856/7163 2703/6526
vt 0.17967 0.62685
f 2857/6901 2842/6872 2894/7164
vt 0.17187 0.34323
f 2794/6766 2805/7041 2953/7165
vt 0.12512 0.53555
f 2776/7074 2834/7166 2952/7075
vt 0.13934 0.53782
vt 0.13924 0.53548
f 2805/7167 2814/7099 2953/7168
vt 0.40655 0.77769
vt 0.40701 0.77449
vt 0.40781 0.77692
f 2865/7169 2848/7170 2895/7171
vt 0.40747 0.78012
f 2865/7169 2895/7171 2899/7172
vt 0.08419 0.60192
vt 0.08512 0.60296
f 2963/6906 2950/7173 2801/7174
f 2812/7100 2821/7110 2887/7101
f 2573/6435 2957/7067 2869/6988
f 2734/7055 2884/7087 2903/7056
vt 0.75236 0.02914
vt 0.75072 0.02733
vt 0.75203 0.02542
f 2848/7175 2870/7176 2900/7177
vt 0.25806 0.07528
f 2686/6506 2999/6622 3130/7178
f 2743/6409 3057/7151 3039/7147
f 2775/6632 2962/6947 2832/6903
vt 0.93225 0.22258
vt 0.93322 0.22371
vt 0.93213 0.22441
f 2780/7179 2933/7180 2826/7181
vt 0.75264 0.03437
vt 0.75230 0.03591
vt 0.74950 0.03300
f 2899/7182 2871/7183 2991/7184
vt 0.75205 0.03146
f 2899/7182 2991/7184 2865/7185
vt 0.14797 0.56820
vt 0.14914 0.56714
f 2801/7186 2891/7187 2931/7040
vt 0.14616 0.31638
f 2802/7094 2933/7158 2886/7188
vt 0.90507 0.14804
f 2819/7064 2983/7189 2892/7105
vt 0.12729 0.53793
f 2817/7109 2808/7190 2920/7123
vt 0.40689 0.78206
vt 0.40763 0.78336
vt 0.40678 0.78442
f 2871/7191 2924/7192 2884/7193
vt 0.52230 0.94536
vt 0.52203 0.94674
vt 0.52111 0.94649
f 2888/7194 2779/7195 2940/7196
f 2848/7175 2865/7185 2870/7176
vt 0.13338 0.31009
f 2833/6950 3190/7197 3034/7028
vt 0.64446 0.47406
f 2839/7155 2851/7090 2971/7198
vt 0.42249 0.52308
f 2828/7134 2803/6990 2879/7199
vt 0.42257 0.52530
f 2828/7134 2879/7199 2913/7200
vt 0.90610 0.14706
f 2819/7064 2923/7201 2983/7189
f 2808/7190 2952/7075 2920/7123
vt 0.15070 0.57407
f 2881/7061 2830/7006 2868/7202
vt 0.47821 0.85402
f 2840/7059 2936/7131 2928/7203
vt 0.15748 0.32812
vt 0.15601 0.32979
f 2783/7204 2864/7205 2838/7049
vt 0.75206 0.03902
vt 0.75110 0.03601
f 2871/7183 2884/7206 2914/7207
vt 0.95939 0.45773
f 2863/7116 2922/7118 2948/7208
vt 0.90034 0.94871
vt 0.90115 0.94920
vt 0.90063 0.95030
f 2827/7209 2976/7210 2852/7211
vt 0.12362 0.53350
vt 0.12437 0.53390
f 2827/6917 2852/7212 2867/7213
f 2827/6917 2867/7213 2834/6865
f 2768/7004 2898/7051 2879/7068
f 2886/7045 2933/7180 2780/7179
vt 0.19667 0.36827
f 2880/7066 2874/7214 2823/6927
vt 0.19494 0.36857
f 2880/7066 2917/7215 2874/7214
vt 0.30207 0.03037
f 2878/7015 3089/7216 2754/6397
vt 0.17492 0.34850
f 2831/6765 3051/7010 2938/7217
f 2831/6765 2938/7217 2835/6983
vt 0.24909 0.08495
f 2688/6561 2906/6949 3149/7218
vt 0.01819 0.88728
f 2951/7102 2972/7219 2793/7097
f 2714/6368 3096/7143 2957/7067
vt 0.23770 0.09749
f 2723/6823 2883/7220 2467/6345
vt 0.24242 0.09297
f 2687/6563 3180/7038 3325/7221
f 2829/7016 2913/7115 2847/6931
f 2703/6526 2856/7163 2925/6749
vt 0.15880 0.33119
f 2797/6975 2958/7222 2858/7135
f 2871/7183 2914/7207 2991/7184
vt 0.40843 0.78232
f 2871/7191 2899/7172 2885/7223
vt 0.12687 0.29853
f 2884/7087 2939/6928 2889/7224
vt 0.15775 0.98902
vt 0.15741 0.98941
vt 0.15725 0.98883
f 2801/7225 2950/7226 2891/7227
f 2800/6472 2902/6824 2854/7137
vt 0.15286 0.57284
f 2881/7061 2868/7202 2904/7228
vt 0.27709 0.05585
f 2672/6659 3235/7229 2849/6948
vt 0.30438 0.02646
f 2682/6461 3280/7230 2878/7015
vt 0.17483 0.62705
f 2842/6872 2892/7130 2866/7231
f 2865/7185 2991/7184 2870/7176
vt 0.12594 0.53410
f 2834/7166 2867/7232 2952/7075
vt 0.90515 0.07252
vt 0.90633 0.07602
vt 0.90524 0.07628
f 2861/7233 2918/7234 2873/7235
vt 0.75059 0.02376
f 2870/7176 2930/7236 2900/7177
vt 0.27250 0.88809
vt 0.27389 0.88971
f 2951/7237 2859/7037 3005/7238
vt 0.93827 0.34564
f 2839/7128 2901/7153 2922/7239
vt 0.13802 0.53505
f 2814/7099 2887/7101 2975/7240
vt 0.15134 0.32714
f 2838/7049 3175/7241 2738/6830
vt 0.40839 0.78461
f 2924/7192 2903/7242 2884/7193
f 2871/7191 2885/7223 2924/7192
vt 0.15288 0.58869
f 2791/6963 2995/7243 2905/7108
vt 0.33604 0.56359
f 2908/7091 2897/6978 2969/7244
vt 0.97243 0.78227
vt 0.97304 0.78327
vt 0.97217 0.78312
f 2863/7245 2948/7246 2937/7247
vt 0.18102 0.62554
f 2857/6901 2911/7248 2929/7160
f 2843/7129 2839/7128 2922/7239
vt 0.12749 0.60698
f 2815/6953 2840/7249 2779/6954
vt 0.67443 0.62323
f 2825/7073 2876/7072 2912/7250
vt 0.75133 0.02256
f 2900/7177 2930/7236 2932/7251
vt 0.12777 0.60988
vt 0.12608 0.60820
f 2928/7252 3000/7253 2840/7249
vt 0.66793 0.27367
f 2752/6731 3003/7254 2973/6957
f 2791/6963 2916/7154 2995/7243
vt 0.13857 0.31228
f 2905/7003 3019/7255 2941/6908
vt 0.97012 0.05811
vt 0.97104 0.05683
vt 0.97113 0.05862
f 2868/7256 2830/7257 2890/7258
vt 0.79323 0.90308
vt 0.79447 0.90291
vt 0.79434 0.90626
f 2888/7259 2940/7260 3061/7261
f 2839/7155 2971/7198 2855/7156
vt 0.75081 0.03937
vt 0.75139 0.03886
f 2884/7206 2889/7262 5776/7263
vt 0.79278 0.90469
f 2888/7259 3061/7261 2976/7264
vt 0.12456 0.53159
f 2867/7213 2852/7212 2993/7265
vt 0.74997 0.02575
f 2870/7176 2959/7266 2930/7236
vt 0.64027 0.47413
f 2836/7157 2855/7156 2970/7267
vt 0.40716 0.77112
vt 0.40909 0.77120
f 2900/7268 3002/7269 2848/7170
vt 0.17775 0.62659
f 2842/6872 2893/7270 2894/7164
vt 0.90511 0.95997
f 2863/7125 2937/7271 2880/7126
vt 0.40868 0.77904
f 2899/7172 2895/7171 3007/7272
vt 0.76766 0.45099
f 2853/7023 2825/7022 2960/7273
vt 0.75021 0.02142
f 2930/7236 2947/7274 2932/7251
vt 0.76614 0.45407
f 2853/7023 2960/7273 2934/7275
vt 0.90650 0.07937
vt 0.90512 0.07956
f 2873/7235 3129/7276 2862/7277
vt 0.90504 0.07039
vt 0.90616 0.07160
f 2861/7233 2881/7278 2935/7279
f 2894/7164 2911/7248 2857/6901
f 2688/6561 3149/7218 2896/7014
f 2682/6461 2973/6958 3280/7230
f 2842/6872 2866/7231 2893/7270
vt 0.82418 0.47467
f 2841/6943 2847/7096 3013/7280
f 2814/7099 2975/7240 2953/7168
f 2861/7233 2935/7279 2918/7234
vt 0.17748 0.62623
vt 0.17887 0.62360
vt 0.17936 0.62576
f 2893/7281 3020/7282 2894/7283
vt 0.17503 0.62547
f 2893/7281 2927/7284 3020/7282
vt 0.76558 0.96268
vt 0.76588 0.96482
vt 0.76510 0.96409
f 2893/7285 2866/7286 2927/7287
f 2754/6397 3089/7216 3057/7151
vt 0.15200 0.57274
f 2904/7228 2868/7202 2977/7288
vt 0.97173 0.58126
vt 0.97086 0.58295
vt 0.97042 0.58149
f 2836/7289 2970/7290 2901/7291
vt 0.73364 0.26644
vt 0.73446 0.26822
f 2847/6931 2904/7292 3013/7293
vt 0.66905 0.27193
f 2752/6731 2832/7294 3003/7254
f 2840/7249 3000/7253 2779/6954
f 2686/6506 3130/7178 2992/7083
f 2467/6345 2883/7220 3064/7025
f 2672/6659 2854/7137 3235/7229
f 2738/6830 3175/7241 3016/6945
vt 0.14681 0.32045
f 2850/6732 3035/7295 2933/7158
vt 0.40865 0.77320
f 2848/7170 2997/7296 2895/7171
vt 0.05655 0.76746
vt 0.05774 0.76945
vt 0.05568 0.76986
f 2876/7297 2844/7298 2989/7299
vt 0.15087 0.57383
f 2830/7006 2921/6713 2890/7300
f 2873/7235 2918/7234 3129/7276
vt 0.18659 0.36101
f 2974/7042 2846/7050 2910/7301
vt 0.07414 0.60746
vt 0.07667 0.60751
f 2951/7069 2966/7302 2972/7303
vt 0.23155 0.10370
f 2845/6524 3064/7025 3117/7304
vt 0.67380 0.62500
f 2825/7073 2912/7250 2960/7305
vt 0.22502 0.10774
f 2811/6822 2822/7113 3025/7306
vt 0.16900 0.62373
f 2923/7140 2826/7121 2915/7307
vt 0.15020 0.57794
vt 0.15137 0.57912
vt 0.15015 0.58201
f 2935/7308 2968/7309 2918/7310
vt 0.74799 0.02727
f 2870/7176 2991/7184 2990/7311
vt 0.15194 0.57558
f 2881/7061 2904/7228 2946/7312
vt 0.90644 0.08071
f 2862/7277 3129/7276 2964/7313
vt 0.05512 0.76627
f 2912/7314 2876/7297 2989/7299
vt 0.17172 0.62490
f 2892/7130 2983/7315 2927/7284
f 2892/7130 2927/7284 2866/7231
vt 0.96520 0.95549
vt 0.96392 0.95498
vt 0.96509 0.95429
f 2868/7316 2890/7317 2977/7318
vt 0.93313 0.22629
f 2826/7181 2933/7180 3035/7319
f 2848/7170 3002/7269 2997/7296
vt 0.73770 0.43010
f 2879/7068 2898/7051 2954/7320
vt 0.08042 0.60725
vt 0.07805 0.60602
f 2793/7321 3023/7322 2818/6885
vt 0.16165 0.33448
f 2860/7148 2996/7323 2820/6977
vt 0.18228 0.35899
f 2763/6845 3151/7324 3090/7142
f 2833/6950 2941/6908 3190/7197
vt 0.73319 0.26641
f 2847/6931 2913/7115 2954/7325
vt 0.15759 0.32973
f 2783/7204 2858/7326 2864/7205
vt 0.08332 0.60284
f 2963/6906 2994/7327 2950/7173
vt 0.33464 0.56083
f 2897/6978 3001/7328 2969/7244
vt 0.90566 0.08110
f 2862/7277 2964/7313 2916/7329
vt 0.16028 0.33342
f 2797/6975 3036/7330 2958/7222
f 2797/6975 2820/6977 3036/7330
f 2850/6732 3016/6945 3035/7295
vt 0.05862 0.77176
f 2844/7298 2877/7331 2989/7299
vt 0.01651 0.88596
f 2793/7097 2972/7219 3023/7332
vt 0.93214 0.22713
f 2826/7181 3035/7319 2915/7333
vt 0.97416 0.38808
vt 0.97516 0.38727
vt 0.97510 0.38797
f 2881/7334 3103/7335 2935/7336
vt 0.79678 0.20403
f 2908/7136 3080/7337 2936/7062
f 2849/6948 3235/7229 2907/6764
vt 0.42467 0.52486
f 2879/7199 2954/7338 2913/7200
vt 0.83973 0.19815
f 2869/6994 2957/7339 2846/7077
vt 0.13718 0.93953
vt 0.13809 0.93821
vt 0.13793 0.93957
f 2924/7340 2885/7341 2984/7342
vt 0.13769 0.94012
f 2924/7340 2984/7342 2903/7343
vt 0.15020 0.56582
f 2891/7187 2945/7344 2931/7040
vt 0.97434 0.38676
f 2881/7334 2946/7345 3103/7335
f 2847/6931 2954/7325 2904/7292
vt 0.17545 0.62237
f 2927/7284 2965/7346 3020/7282
f 3005/7238 2859/7037 2929/7029
vt 0.06031 0.77403
vt 0.05828 0.77455
f 2877/7331 2919/7347 3009/7348
vt 0.17935 0.62361
f 2894/7283 3020/7349 2911/7248
vt 0.95616 0.12535
vt 0.95707 0.12389
vt 0.95808 0.12524
f 2880/7350 2926/7351 2942/7352
vt 0.75004 0.02434
f 2930/7236 2959/7266 2955/7353
vt 0.16198 0.33596
f 2882/7149 2872/6815 3031/7354
vt 0.96657 0.09285
vt 0.96644 0.09481
vt 0.96596 0.09326
f 2882/7355 3031/7356 2860/7357
vt 0.15286 0.58714
f 2916/7154 3018/7358 2995/7243
vt 0.74854 0.02176
f 2947/7274 2930/7236 2961/7359
vt 0.40670 0.76679
vt 0.40785 0.76613
vt 0.40770 0.76817
f 2947/7360 3046/7361 2932/7362
f 2723/6823 2687/6563 3325/7221
f 2900/7268 2932/7362 3002/7269
vt 0.95654 0.12464
f 2937/7363 2926/7351 2880/7350
vt 0.52221 0.94879
f 2940/7196 2779/7195 3000/7364
vt 0.52094 0.94846
f 2940/7196 3000/7364 3062/7365
vt 0.12594 0.61121
f 3000/7253 2928/7252 3079/7366
vt 0.64467 0.47524
f 2851/7090 3025/7150 2971/7367
vt 0.73426 0.26707
f 2904/7292 2977/7368 3013/7293
vt 0.95658 0.12311
vt 0.95697 0.12264
f 2937/7369 2948/7370 2926/7351
vt 0.15023 0.56971
vt 0.15175 0.57167
f 2921/6713 2909/7371 3054/7372
vt 0.90124 0.95046
vt 0.90084 0.95164
f 2852/7211 2976/7373 3071/7374
vt 0.79742 0.20542
f 3080/7337 2908/7136 2969/7375
vt 0.76781 0.45266
f 2934/7275 2960/7273 3006/7376
vt 0.24696 0.08871
f 2896/7014 2982/7377 3180/7038
vt 0.08176 0.59992
f 2963/6906 3222/7378 2994/7327
vt 0.26560 0.06839
f 2967/6857 3038/7379 2799/6825
vt 0.16552 0.34062
f 2872/6815 2794/6766 3116/7380
vt 0.12818 0.30228
f 2944/6858 3063/7381 2939/6928
vt 0.19807 0.37167
f 2917/7215 2880/7066 2942/7382
vt 0.95016 0.46129
vt 0.95092 0.46139
vt 0.95029 0.46328
f 2916/7383 2964/7384 3018/7385
vt 0.08508 0.60063
vt 0.08491 0.60150
vt 0.08406 0.59858
f 2945/7386 2891/7387 2986/7388
vt 0.28299 0.04943
f 2902/6824 3106/7389 2854/7137
vt 0.28596 0.04757
f 2810/7024 3311/7390 2902/6824
f 2841/6943 3013/7280 2898/7144
f 2822/7113 2845/6524 3117/7304
f 2818/6885 3023/7322 2963/6906
vt 0.97336 0.46778
vt 0.97245 0.46832
vt 0.97238 0.46771
f 2901/7391 3010/7392 2922/7393
vt 0.06613 0.66621
f 2856/7163 3066/7394 2925/6749
vt 0.74897 0.03560
f 2914/7207 5775/7395 2991/7184
f 2837/6894 3070/7088 2810/7024
vt 0.97566 0.79833
vt 0.97629 0.79823
vt 0.97601 0.79956
f 2948/7396 2922/7397 3010/7398
vt 0.84411 0.60929
vt 0.84455 0.61057
vt 0.84345 0.60964
f 2948/7399 3010/7400 2949/7401
vt 0.16273 0.33518
vt 0.16168 0.33506
f 2860/7148 3031/7402 2996/7403
vt 0.95531 0.13149
vt 0.95469 0.13340
vt 0.95382 0.13165
f 2919/7404 3022/7405 3048/7406
vt 0.79855 0.13270
vt 0.79805 0.12988
f 2856/7407 2875/7141 3066/7408
vt 0.40948 0.77232
f 3002/7269 3065/7409 2997/7296
vt 0.13751 0.92945
vt 0.13783 0.93150
vt 0.13685 0.93228
f 2997/7410 3008/7411 2895/7412
vt 0.05926 0.77548
f 2919/7347 3048/7413 3009/7348
vt 0.79551 0.13130
f 2875/7141 2874/7107 2917/7414
vt 0.12383 0.29731
f 2903/7056 2984/7415 2962/6947
vt 0.12330 0.53232
vt 0.12359 0.53042
f 2852/7212 3071/7416 3055/7417
f 2852/7212 3055/7417 2993/7265
vt 0.68424 0.62581
f 2919/7080 2835/7079 3022/7418
vt 0.08400 0.60089
f 2950/7173 2994/7419 2891/7387
f 2891/7387 2994/7419 2986/7388
vt 0.05699 0.72948
vt 0.05905 0.72737
vt 0.06111 0.72935
f 2887/7420 3037/7421 2975/7422
vt 0.05208 0.72951
vt 0.05374 0.72714
vt 0.05412 0.72932
f 2920/7423 2989/7424 2821/7425
vt 0.98807 0.71345
vt 0.98852 0.71367
vt 0.98807 0.71418
f 2926/7426 2948/7427 2998/7428
vt 0.33260 0.56374
f 2897/6978 2934/7429 3001/7328
vt 0.05609 0.72706
f 2821/7425 2956/7430 2887/7420
vt 0.15282 0.59014
f 2905/7108 2995/7243 3019/7431
f 2742/6603 2992/7083 2906/6949
vt 0.84223 0.19722
f 2957/7339 3030/7432 2846/7077
vt 0.84225 0.70099
vt 0.84324 0.70128
vt 0.84373 0.70257
f 2948/7433 2949/7434 2981/7435
vt 0.05750 0.77343
f 2877/7331 3009/7348 3037/7436
vt 0.05658 0.77227
f 2877/7331 3037/7436 2956/7437
f 2877/7331 2956/7437 2989/7299
f 2858/7326 2958/7222 2864/7205
vt 0.12509 0.60541
vt 0.12449 0.60729
vt 0.12258 0.60597
f 2940/7438 3062/7439 3110/7440
vt 0.93687 0.15002
vt 0.93627 0.14864
vt 0.93715 0.14729
f 2940/7441 3110/7442 3061/7443
vt 0.37169 0.63465
vt 0.37476 0.63624
vt 0.37082 0.63556
f 2867/7444 3381/7445 2952/7446
vt 0.95806 0.12388
f 2926/7351 2998/7447 2942/7352
vt 0.64465 0.47737
f 2971/7367 3025/7150 3171/7448
vt 0.27257 0.88957
vt 0.27265 0.89057
f 2951/7449 3005/7238 2966/7450
f 2870/7176 2990/7311 2959/7266
vt 0.15250 0.57590
f 2935/7308 3103/7451 2968/7309
vt 0.97340 0.46898
f 2901/7391 2970/7452 3010/7392
vt 0.05354 0.76727
f 2912/7314 2989/7299 3017/7453
vt 0.90611 0.14989
vt 0.90495 0.15205
f 2923/7454 3068/7455 2983/7189
vt 0.15167 0.56595
f 2931/7040 2945/7344 3097/7456
vt 0.06115 0.72744
f 2975/7422 3037/7421 3004/7457
vt 0.26290 0.07144
f 2799/6825 3107/7458 2999/6622
vt 0.15160 0.56427
vt 0.15180 0.56589
f 2945/7344 3033/7459 3097/7460
vt 0.07932 0.60288
f 2963/6906 3069/7461 3222/7378
f 2921/6713 3054/7372 2890/7300
vt 0.66592 0.27477
f 2973/6957 3003/7254 3186/7462
vt 0.68593 0.62560
f 2835/7079 2938/7463 3022/7418
f 2689/6586 3090/7142 3051/7010
vt 0.28280 0.05277
f 2854/7137 3106/7389 3328/7464
f 2896/7014 3149/7218 2982/7377
vt 0.15253 0.57505
vt 0.15399 0.57369
f 2946/7465 2904/7228 3173/7466
vt 0.13801 0.93459
f 2895/7412 3008/7411 3007/7467
vt 0.06346 0.66263
f 2957/7067 3096/7143 3125/7468
vt 0.47856 0.85748
f 2936/7131 3193/7469 2928/7203
vt 0.18883 0.36296
f 2846/7050 3030/7470 2910/7301
vt 0.74966 0.02474
vt 0.74853 0.02398
f 2955/7471 2978/7472 2930/7236
vt 0.39948 0.96248
vt 0.40047 0.96205
vt 0.40034 0.96419
f 2932/7473 3045/7474 3002/7475
vt 0.07967 0.59663
vt 0.07759 0.59524
vt 0.08042 0.59579
f 3032/7476 2979/7477 2980/7478
vt 0.18290 0.62243
f 2911/7248 3005/7479 2929/7160
vt 0.08525 0.60010
vt 0.08521 0.59859
f 2945/7480 2986/7388 3033/7481
vt 0.84600 0.70147
f 2949/7434 2987/7482 2981/7435
vt 0.97655 0.38340
vt 0.97581 0.38328
vt 0.97629 0.38180
f 3036/7483 2985/7484 2958/7485
f 2887/7420 2956/7430 3037/7421
vt 0.84064 0.60957
vt 0.84115 0.61262
f 2987/7486 2949/7401 3248/7487
vt 0.96967 0.30888
vt 0.96951 0.31047
vt 0.96886 0.30934
f 2959/7488 3118/7489 2955/7490
vt 0.89779 0.57868
vt 0.89727 0.57761
vt 0.89759 0.57664
f 2959/7491 3028/7492 3118/7493
vt 0.74613 0.02990
f 2991/7184 3060/7494 2990/7311
vt 0.74680 0.03583
f 5775/7395 3058/7495 2991/7184
f 2930/7236 2978/7472 2961/7359
vt 0.12203 0.29675
f 2962/6947 3131/7496 2832/6903
vt 0.22998 0.94552
vt 0.23200 0.94580
vt 0.22982 0.94720
f 2912/7497 3017/7498 2960/7499
vt 0.07767 0.59785
f 3032/7476 3056/7500 2979/7477
vt 0.84004 0.61151
f 2987/7486 3248/7487 3082/7501
vt 0.93527 0.43689
vt 0.93436 0.43914
vt 0.93251 0.43839
f 2855/7502 2971/7503 3167/7504
vt 0.82544 0.47425
f 3013/7280 2954/7505 2898/7144
vt 0.16871 0.34382
f 2953/7165 3147/7506 2794/6766
vt 0.93350 0.43642
vt 0.93457 0.43505
f 2855/7502 2988/7507 2970/7508
vt 0.80645 0.68719
vt 0.80776 0.68828
vt 0.80526 0.68822
f 2980/7509 3078/7510 3032/7511
vt 0.96365 0.95366
vt 0.96468 0.95383
f 2890/7317 3054/7512 2977/7513
vt 0.24117 0.09635
f 2723/6823 3267/7514 2883/7220
vt 0.33607 0.56022
vt 0.33602 0.56251
f 3001/7328 3128/7515 2969/7516
vt 0.07905 0.59501
f 2980/7478 2979/7477 3084/7517
vt 0.97243 0.46902
f 3010/7392 2970/7452 2988/7518
vt 0.41106 0.77107
f 3002/7269 3105/7519 3065/7409
vt 0.89570 0.57984
vt 0.89517 0.57860
f 2990/7520 3024/7521 2959/7491
vt 0.12752 0.61345
f 2928/7252 3193/7522 3079/7366
f 2821/7425 2989/7424 2956/7430
f 2820/6977 2996/7323 3036/7330
vt 0.15340 0.57188
vt 0.15403 0.57170
f 2954/7523 3012/7524 2904/7228
f 2963/6906 3023/7322 3069/7461
vt 0.84092 0.70165
f 2948/7433 2981/7435 2998/7525
f 2838/7049 2864/7205 3175/7241
vt 0.76777 0.45459
f 2934/7275 3006/7376 3159/7526
vt 0.13743 0.93667
f 2899/7527 3007/7467 2885/7341
vt 0.01658 0.88966
f 2972/7219 3288/7528 3023/7332
vt 0.04990 0.72926
vt 0.04972 0.72625
vt 0.05069 0.72650
f 2952/7529 3192/7530 3017/7531
vt 0.64720 0.47860
f 3025/7150 3252/7532 3171/7448
vt 0.89689 0.57800
f 2959/7491 3040/7533 3028/7492
vt 0.23111 0.10702
f 2822/7113 3500/7534 3025/7306
vt 0.93304 0.84290
vt 0.93302 0.84173
vt 0.93428 0.84209
f 3014/7535 3021/7536 3113/7537
f 2925/6749 3066/7394 3096/7143
f 2855/7502 3167/7504 2988/7507
vt 0.13939 0.53258
f 2953/7168 2975/7240 3147/7538
vt 0.98106 0.78018
vt 0.98192 0.77986
vt 0.98183 0.78073
f 2946/7539 3052/7540 3103/7541
f 2983/7315 2965/7346 2927/7284
f 2959/7491 3024/7521 3040/7533
f 3020/7349 3005/7479 2911/7248
vt 0.47989 0.85759
f 2936/7131 3080/7542 3193/7469
vt 0.84647 0.70374
f 2987/7482 3081/7543 2981/7435
vt 0.82511 0.47394
f 2954/7505 3013/7280 3012/7544
vt 0.74583 0.03418
f 2991/7184 3058/7495 3109/7545
vt 0.83939 0.61069
f 2987/7486 3082/7501 3143/7546
vt 0.93434 0.84340
f 3014/7535 3113/7537 3027/7547
vt 0.23170 0.94850
vt 0.22989 0.94907
f 2960/7499 3093/7548 3006/7549
vt 0.37076 0.63879
f 2952/7446 3381/7445 3192/7550
vt 0.80525 0.68515
vt 0.80539 0.68447
vt 0.80685 0.68483
f 3074/7551 3100/7552 3072/7553
vt 0.79302 0.90685
f 2976/7264 3061/7261 3071/7554
vt 0.17064 0.62042
f 2923/7140 2915/7307 3011/7555
f 2952/7529 3017/7531 2920/7423
vt 0.27269 0.89262
f 2966/7450 3005/7238 3085/7556
vt 0.15897 0.33185
vt 0.15942 0.33341
vt 0.15751 0.33170
f 2958/7557 2985/7558 3044/7559
vt 0.74808 0.02019
f 2947/7274 2961/7359 3272/7560
vt 0.39956 0.96041
f 2932/7473 3046/7561 3045/7474
vt 0.40887 0.77333
vt 0.40987 0.77339
vt 0.40959 0.77480
f 2997/7562 3065/7563 3008/7564
vt 0.99031 0.02985
vt 0.99015 0.02941
vt 0.99057 0.02941
f 2946/7565 3173/7566 3052/7567
f 3117/7304 3500/7534 2822/7113
vt 0.26980 0.06751
f 2943/6982 3373/7568 2967/6857
f 2967/6857 3373/7568 3038/7379
f 2723/6823 3325/7221 3267/7514
f 2763/6845 2974/7042 3151/7324
f 2960/7499 3017/7498 3093/7548
vt 0.93305 0.22868
f 2915/7333 3035/7319 3119/7569
vt 0.74900 0.02538
f 2955/7471 3040/7570 2978/7472
f 2920/7423 3017/7531 2989/7424
vt 0.83971 0.19478
vt 0.84207 0.19498
f 2957/7339 3125/7571 3133/7572
vt 0.17863 0.62140
f 3020/7349 3156/7573 3005/7479
vt 0.15065 0.56814
vt 0.15281 0.56900
f 2931/7574 3097/7460 3179/7575
f 2931/7574 3179/7575 2909/7371
vt 0.77328 0.91008
vt 0.77162 0.90893
vt 0.77177 0.90800
f 3021/7576 3014/7577 3086/7578
vt 0.77364 0.90949
f 3021/7576 3086/7578 3120/7579
vt 0.15101 0.58603
vt 0.15315 0.58326
f 3129/7580 2918/7310 3059/7581
vt 0.84128 0.70427
vt 0.83965 0.70218
f 2998/7525 3194/7582 2942/7583
f 3020/7282 2965/7346 3156/7573
vt 0.37368 0.63490
f 2867/7444 2993/7584 3381/7445
vt 0.68467 0.62708
f 3022/7418 2938/7463 3049/7585
vt 0.89410 0.57962
f 2990/7520 3204/7586 3024/7521
vt 0.74577 0.02782
f 2990/7311 3060/7494 3042/7587
f 2998/7525 2981/7435 3194/7582
vt 0.52159 0.95161
f 3000/7364 3079/7588 3062/7365
vt 0.80581 0.68604
f 3072/7553 3084/7589 3074/7551
f 2968/7309 3059/7581 2918/7310
vt 0.93235 0.84492
vt 0.93210 0.84325
f 3014/7535 3132/7590 3086/7591
f 2962/6947 2984/7415 3131/7496
vt 0.98302 0.84139
vt 0.98253 0.84113
vt 0.98280 0.84090
f 3040/7592 2955/7593 3028/7594
vt 0.74865 0.02529
f 3040/7570 3029/7595 2978/7472
f 2957/7339 3133/7572 3030/7432
f 2991/7184 3109/7545 3060/7494
vt 0.93257 0.43697
f 2988/7507 3167/7504 3010/7596
vt 0.74610 0.02652
f 2990/7311 3042/7587 3204/7597
vt 0.25425 0.08353
f 2906/6949 2992/7083 3355/7598
vt 0.05992 0.72697
f 3037/7421 3009/7599 3004/7457
vt 0.93214 0.22922
f 2915/7333 3119/7569 3092/7600
vt 0.16883 0.62055
f 2915/7307 3092/7601 3011/7555
vt 0.92258 0.64673
vt 0.92161 0.64822
vt 0.92121 0.64645
f 2947/7602 3272/7603 3046/7604
vt 0.98220 0.84089
vt 0.98244 0.84053
f 3118/7605 3138/7606 2955/7593
vt 0.15451 0.57194
vt 0.15570 0.57317
f 2904/7228 3012/7607 3050/7608
vt 0.84337 0.61429
f 2949/7401 3010/7400 3321/7609
f 2949/7401 3321/7609 3248/7487
vt 0.15265 0.57619
vt 0.15253 0.57801
f 2968/7309 3103/7610 3114/7611
vt 0.13845 0.53177
f 2975/7240 3067/7612 3147/7538
vt 0.95957 0.63235
vt 0.96007 0.63423
vt 0.95870 0.63420
f 5775/7613 3155/7614 3058/7615
vt 0.74710 0.02123
f 2961/7359 3239/7616 3272/7560
vt 0.16013 0.33465
f 2996/7323 3026/7617 3036/7330
vt 0.80880 0.68639
f 3072/7553 3162/7618 3084/7589
f 2955/7593 3138/7606 3028/7594
f 2878/7015 3280/7230 3089/7216
vt 0.25786 0.07885
f 2992/7083 3130/7178 3345/7619
f 2902/6824 3311/7390 3106/7389
vt 0.12921 0.30589
f 3034/7028 3232/7620 2944/6858
vt 0.01838 0.89028
f 2972/7219 2966/7621 3288/7528
vt 0.91081 0.55563
vt 0.91110 0.55744
vt 0.91058 0.55728
f 2977/7622 3087/7623 3013/7624
vt 0.33211 0.56072
f 2934/7429 3229/7625 3001/7328
vt 0.07561 0.60301
vt 0.07746 0.60437
f 3023/7322 3124/7626 3041/7627
vt 0.97020 0.58954
vt 0.97011 0.58757
vt 0.97103 0.58901
f 3036/7628 3115/7629 2985/7630
vt 0.89668 0.57771
f 3040/7533 3024/7521 3029/7631
vt 0.12196 0.53226
vt 0.12201 0.53084
vt 0.12271 0.53124
f 3071/7632 3174/7633 3055/7634
vt 0.15483 0.59012
f 3019/7431 2995/7243 3145/7635
vt 0.19521 0.37130
f 2917/7215 2942/7382 3015/7636
vt 0.80545 0.69316
vt 0.80533 0.69061
vt 0.80747 0.69119
f 3043/7637 3056/7638 3164/7639
vt 0.15451 0.33189
f 2958/7222 3308/7640 2864/7205
f 2906/6949 3355/7598 3149/7218
vt 0.80582 0.68913
f 3056/7638 3032/7641 3164/7639
vt 0.08548 0.59629
f 3033/7481 2986/7388 3047/7642
vt 0.17161 0.62115
f 2983/7315 3068/7643 2965/7346
vt 0.80511 0.69564
f 3043/7637 3164/7639 3041/7644
vt 0.07415 0.60588
f 3023/7322 3288/7645 3124/7626
vt 0.30652 0.02557
f 2973/6958 3186/7646 3280/7230
vt 0.80769 0.69415
vt 0.80578 0.69625
f 3041/7644 3069/7647 3023/7648
vt 0.15100 0.58701
vt 0.15290 0.58676
f 2964/7649 3129/7580 3018/7650
f 3041/7644 3164/7639 3069/7647
f 2909/7371 3179/7575 3054/7372
vt 0.84663 0.61259
f 3010/7400 3167/7651 3321/7609
vt 0.83154 0.96309
vt 0.83235 0.96104
vt 0.83242 0.96284
f 2969/7652 3148/7653 3080/7654
vt 0.40920 0.77820
vt 0.41086 0.77863
vt 0.40938 0.78184
f 3007/7655 3053/7656 2885/7657
vt 0.05841 0.77631
f 3009/7348 3048/7413 3004/7658
vt 0.40902 0.76808
f 3002/7269 3045/7659 3105/7519
vt 0.40939 0.78439
vt 0.41142 0.78306
vt 0.41173 0.78441
f 2984/7660 3152/7661 3131/7662
f 2875/7141 2917/7414 3066/7408
f 2984/7660 2885/7657 3152/7661
vt 0.74808 0.02310
f 2978/7472 3102/7663 2961/7359
vt 0.91250 0.55587
f 2977/7622 3054/7664 3087/7623
vt 0.14793 0.32411
vt 0.14760 0.32278
f 3016/6945 3104/7665 3119/7666
vt 0.08438 0.59510
vt 0.08566 0.59400
f 3047/7642 3095/7667 3091/7668
vt 0.98312 0.84052
f 3028/7594 3138/7606 3029/7669
f 3007/7655 3008/7564 3053/7656
vt 0.74661 0.03695
vt 0.74591 0.03765
f 3083/7670 3077/7671 3058/7495
vt 0.74670 0.03952
f 3083/7670 3063/7672 3077/7671
vt 0.17516 0.35109
f 2938/7217 3051/7010 3196/7673
f 3058/7495 3077/7671 3109/7545
f 2885/7657 3053/7656 3152/7661
vt 0.15174 0.56205
vt 0.15201 0.55934
vt 0.15306 0.55940
f 3047/7674 3091/7675 3146/7676
vt 0.07753 0.60236
f 3041/7627 3124/7626 3043/7677
vt 0.23147 0.94945
f 3006/7549 3093/7548 3266/7678
vt 0.94821 0.31273
vt 0.94780 0.31400
vt 0.94689 0.31169
f 2980/7679 3084/7680 3162/7681
vt 0.16069 0.34043
f 2872/6815 3629/7682 3031/7354
vt 0.12866 0.30355
f 3063/7381 2944/6858 3108/7683
vt 0.08374 0.59951
f 2994/7684 3222/7378 2986/7388
vt 0.80741 0.68919
f 3032/7641 3078/7685 3164/7639
vt 0.23772 0.10189
f 3064/7025 2883/7220 3481/7686
f 2974/7042 2910/7301 3151/7324
vt 0.16079 0.33543
vt 0.16024 0.33529
f 2996/7403 3031/7687 3026/7688
vt 0.93614 0.14547
f 3110/7442 3247/7689 3061/7443
vt 0.15527 0.58730
f 2995/7243 3197/7690 3145/7635
f 2904/7228 3050/7608 3173/7466
f 3028/7492 3029/7631 3118/7493
vt 0.27622 0.06080
f 2907/6764 3235/7229 3490/7691
f 2999/6622 3107/7458 3130/7178
vt 0.17151 0.34577
vt 0.16796 0.34473
vt 0.17101 0.34400
f 3004/7692 3067/7693 2975/7694
vt 0.16855 0.34668
f 3004/7692 3362/7695 3067/7693
vt 0.90603 0.15314
f 2923/7454 3011/7696 3068/7455
vt 0.22704 0.10955
f 3025/7306 3500/7534 3073/7697
f 2799/6825 3038/7379 3107/7458
vt 0.68552 0.62834
f 2938/7463 3196/7698 3049/7585
vt 0.95057 0.77991
vt 0.95021 0.77864
vt 0.95131 0.77869
f 3083/7699 3058/7700 3188/7701
vt 0.86431 0.54626
vt 0.86468 0.54650
vt 0.86301 0.54754
f 3072/7702 3100/7703 3141/7704
vt 0.41182 0.77478
f 3008/7564 3065/7563 3168/7705
f 2995/7243 3018/7358 3197/7690
vt 0.93415 0.84617
f 3014/7535 3027/7547 3075/7706
vt 0.15342 0.56161
f 3047/7674 3146/7676 3165/7707
vt 0.80578 0.82096
vt 0.80543 0.82241
vt 0.80328 0.82111
f 3113/7708 3021/7709 3184/7710
vt 0.74578 0.03945
f 3063/7672 3108/7711 3077/7671
vt 0.90718 0.16594
vt 0.90681 0.16465
vt 0.90735 0.16135
f 2958/7712 3044/7713 3308/7714
vt 0.40864 0.76618
vt 0.40982 0.76579
f 3046/7715 3076/7716 3045/7659
vt 0.05897 0.77751
vt 0.05817 0.77702
f 3048/7413 3210/7717 3004/7718
f 2980/7509 3162/7618 3078/7510
vt 0.15271 0.57933
f 2968/7309 3114/7719 3059/7581
f 3043/7677 3124/7626 3056/7500
vt 0.15732 0.33410
f 2985/7558 3121/7720 3044/7559
vt 0.15409 0.56403
f 3047/7674 3169/7721 3033/7459
f 3008/7564 3168/7705 3053/7656
vt 0.83953 0.70474
f 2942/7583 3194/7582 3015/7722
f 3065/7563 3105/7519 3168/7705
vt 0.30074 0.03499
f 3057/7151 3089/7216 3166/7723
vt 0.84833 0.00142
vt 0.84852 0.00332
vt 0.84715 0.00422
f 3027/7724 3289/7725 3075/7726
vt 0.07655 0.59697
f 2979/7477 3056/7500 3301/7727
f 2944/6858 3232/7620 3108/7683
vt 0.12487 0.61025
vt 0.12357 0.61079
f 3062/7439 3079/7728 3269/7729
vt 0.79752 0.20664
vt 0.79750 0.20841
vt 0.79689 0.20750
f 2969/7730 3128/7731 3148/7732
vt 0.80604 0.82422
vt 0.80568 0.82749
vt 0.80383 0.82575
f 3086/7733 3088/7734 3251/7735
vt 0.86888 0.19443
vt 0.86945 0.19168
vt 0.87115 0.19602
f 3088/7736 3086/7737 3126/7738
vt 0.91033 0.55721
vt 0.90990 0.55772
f 3013/7739 3087/7623 3012/7740
vt 0.86960 0.19767
f 3088/7736 3126/7738 3098/7741
f 3016/6945 3119/7666 3035/7295
vt 0.80443 0.82361
f 3086/7733 3251/7735 3120/7742
vt 0.15402 0.56593
f 3097/7460 3183/7743 3179/7575
vt 0.91950 0.64688
f 3046/7604 3272/7603 3076/7744
vt 0.23021 0.94955
f 3006/7549 3266/7678 3144/7745
vt 0.80616 0.82959
vt 0.80534 0.83184
vt 0.80351 0.83007
f 3098/7746 3100/7747 3287/7748
vt 0.74542 0.03072
f 3060/7494 3109/7545 3185/7749
f 3098/7746 3287/7748 3088/7734
vt 0.27154 0.06322
f 2943/6982 3150/7750 3373/7568
vt 0.95992 0.63472
f 3058/7615 3155/7614 3188/7751
vt 0.04969 0.72310
f 3017/7531 3192/7530 3207/7752
vt 0.96914 0.03718
vt 0.96832 0.03798
vt 0.96873 0.03688
f 2961/7753 3102/7754 3239/7755
vt 0.41096 0.76809
f 3045/7659 3181/7756 3105/7519
vt 0.89481 0.57589
f 3029/7631 3242/7757 3118/7493
vt 0.07857 0.59345
vt 0.07877 0.59454
f 3074/7758 3084/7759 2979/7477
vt 0.86926 0.19950
vt 0.87143 0.19961
f 3100/7760 3098/7741 3141/7761
vt 0.68266 0.62724
f 3022/7418 3049/7585 3158/7762
vt 0.74779 0.97698
vt 0.74870 0.97587
vt 0.74877 0.97755
f 3138/7763 3102/7764 3029/7765
vt 0.80944 0.68483
f 3072/7553 3141/7766 3162/7618
vt 0.15815 0.33476
f 3036/7330 3026/7617 3115/7767
f 3014/7535 3075/7706 3132/7590
vt 0.12100 0.29721
f 2832/6903 3131/7496 3161/7768
vt 0.68244 0.62653
f 3022/7418 3158/7762 3112/7769
vt 0.41209 0.78346
f 3152/7661 3161/7770 3131/7662
vt 0.67360 0.62676
vt 0.67514 0.62788
vt 0.67390 0.62879
f 3006/7771 3144/7772 3159/7773
vt 0.74810 0.97548
f 3138/7763 3123/7774 3102/7764
vt 0.92379 0.19940
vt 0.92474 0.19847
vt 0.92381 0.20096
f 3112/7775 3127/7776 3022/7777
vt 0.95299 0.13333
f 3048/7406 3022/7405 3153/7778
vt 0.39128 0.95956
vt 0.39160 0.96090
vt 0.39076 0.95978
f 3074/7779 3094/7780 3100/7781
vt 0.95072 0.78210
vt 0.95153 0.78164
f 3063/7782 3083/7699 3099/7783
vt 0.06137 0.72642
vt 0.06083 0.72436
vt 0.06244 0.72554
f 3048/7784 3153/7785 3210/7786
f 3047/7674 3165/7707 3169/7721
vt 0.98008 0.12171
vt 0.98056 0.12196
vt 0.98045 0.12262
f 3103/7787 3101/7788 3114/7789
vt 0.96906 0.03933
vt 0.96874 0.04032
f 2978/7790 3029/7791 3102/7754
vt 0.09043 0.82142
vt 0.09117 0.82258
vt 0.09041 0.82349
f 2987/7792 3143/7793 3081/7794
vt 0.76629 0.45767
f 2934/7275 3159/7526 3229/7795
vt 0.79309 0.90919
f 3071/7554 3061/7261 3174/7796
vt 0.23629 0.10475
f 3064/7025 3443/7797 3117/7304
f 3064/7025 3481/7686 3443/7797
f 2907/6764 3150/7750 2943/6982
f 3016/6945 3175/7241 3104/7665
vt 0.12158 0.60923
f 3062/7439 3111/7798 3110/7440
vt 0.85025 0.00053
vt 0.85262 0.00036
vt 0.85235 0.00166
f 3113/7799 3184/7800 3268/7801
vt 0.99138 0.07431
vt 0.99166 0.07400
vt 0.99166 0.07451
f 3012/7802 3292/7803 3050/7804
f 3027/7724 3113/7799 3289/7725
vt 0.08348 0.59671
f 3047/7642 2986/7388 3271/7805
vt 0.27387 0.89455
f 3085/7556 3005/7238 3139/7806
f 3088/7734 3287/7748 3251/7735
vt 0.68098 0.62734
vt 0.67880 0.62723
vt 0.68044 0.62674
f 3112/7807 3134/7808 3127/7809
vt 0.05049 0.72330
f 3017/7531 3207/7752 3093/7810
vt 0.77102 0.50600
vt 0.77115 0.50744
vt 0.77026 0.50759
f 3042/7811 3060/7812 3185/7813
vt 0.80325 0.83199
f 3100/7747 3094/7814 3287/7748
f 2872/6815 3116/7380 3629/7682
vt 0.87185 0.19165
f 3086/7737 3238/7815 3126/7738
vt 0.77005 0.50398
vt 0.76923 0.50509
f 3204/7816 3042/7811 3157/7817
vt 0.22638 0.11188
f 3025/7306 3073/7697 3252/7818
vt 0.80326 0.82267
f 3021/7709 3120/7819 3184/7710
f 3047/7642 3271/7805 3095/7667
vt 0.92492 0.20117
f 3022/7777 3127/7776 3153/7820
f 2854/7137 3328/7464 3235/7229
vt 0.79545 0.12838
f 2917/7414 3253/7821 3066/7408
vt 0.97500 0.48493
vt 0.97385 0.48495
vt 0.97484 0.48402
f 3118/7822 3281/7823 3138/7824
vt 0.87133 0.19093
f 3086/7737 3132/7825 3238/7815
f 3042/7811 3185/7813 3157/7817
vt 0.91110 0.55816
f 3087/7623 5791/7826 3012/7740
vt 0.92380 0.19593
vt 0.92494 0.19477
f 3134/7827 3170/7828 3127/7776
vt 0.76775 0.45780
f 3159/7526 3316/7829 3229/7795
vt 0.07536 0.59611
vt 0.07537 0.59462
f 2979/7477 3301/7830 3122/7831
vt 0.07662 0.59260
f 3074/7758 2979/7477 3094/7832
vt 0.94257 0.41797
vt 0.94103 0.41746
vt 0.94261 0.41746
f 3204/7833 3142/7834 3024/7835
vt 0.15412 0.58643
f 3129/7580 3160/7836 3018/7650
vt 0.97086 0.58731
f 2985/7630 3115/7629 3121/7837
vt 0.29561 0.04137
f 3039/7147 3285/7838 3070/7088
vt 0.90647 0.16187
f 3308/7714 3044/7713 3263/7839
vt 0.47948 0.85979
f 3080/7542 3148/7840 3193/7469
vt 0.33446 0.55681
vt 0.33622 0.55916
f 3001/7328 3322/7841 3128/7842
vt 0.20067 0.37440
vt 0.20026 0.37716
vt 0.19896 0.37464
f 2971/7843 3171/7844 3167/7845
vt 0.95185 0.77889
f 3083/7699 3188/7701 3172/7846
vt 0.98257 0.97591
vt 0.98302 0.97512
vt 0.98302 0.97605
f 3033/7847 3169/7848 3097/7849
vt 0.95114 0.46474
vt 0.95034 0.46558
f 3018/7385 3160/7850 3197/7851
vt 0.92400 0.19270
f 3134/7827 3144/7852 3170/7828
vt 0.18715 0.36716
f 2910/7301 3030/7470 3545/7853
vt 0.09045 0.82489
f 3143/7793 3221/7854 3081/7794
f 3045/7659 3076/7716 3181/7756
vt 0.85028 0.00180
f 3113/7799 3233/7855 3289/7725
vt 0.91165 0.55796
f 3087/7623 3135/7856 5791/7826
vt 0.17606 0.35412
f 3051/7010 3286/7857 3196/7673
vt 0.77089 0.51172
vt 0.77093 0.51521
vt 0.76984 0.51529
f 3109/7858 3077/7859 3136/7860
vt 0.15176 0.33081
f 3175/7241 2864/7205 3324/7861
vt 0.19250 0.37163
vt 0.19129 0.36872
f 2917/7215 3137/7862 3253/7863
f 2917/7215 3015/7636 3137/7862
vt 0.77065 0.51741
f 3077/7859 3108/7864 3136/7860
vt 0.41201 0.77944
f 3053/7656 3237/7865 3152/7661
vt 0.94911 0.32903
vt 0.94841 0.33043
vt 0.94764 0.32948
f 3123/7866 3138/7867 3226/7868
vt 0.80161 0.82291
f 3184/7710 3120/7819 3406/7869
vt 0.13533 0.31302
f 2941/6908 3019/7255 3227/7870
vt 0.08525 0.59385
vt 0.08429 0.59424
f 3091/7871 3095/7667 3214/7872
vt 0.69640 0.97668
vt 0.69498 0.97671
vt 0.69556 0.97573
f 3091/7873 3214/7874 3146/7875
vt 0.89485 0.57717
f 3024/7521 5792/7876 3029/7631
vt 0.15489 0.33240
f 3044/7559 3121/7720 3263/7877
vt 0.15561 0.58106
f 3059/7581 3114/7719 3243/7878
vt 0.81035 0.68900
f 3078/7685 3178/7879 3164/7639
vt 0.18268 0.61810
f 3005/7479 3156/7573 3139/7880
vt 0.74771 0.02267
vt 0.74646 0.02275
f 3102/7881 3140/7882 3239/7616
vt 0.93987 0.41592
vt 0.94101 0.41636
vt 0.93986 0.41703
f 3102/7883 3177/7884 3140/7885
vt 0.16868 0.61847
f 3092/7601 3245/7886 3011/7555
vt 0.16533 0.34397
f 3147/7506 3327/7887 2794/6766
vt 0.29188 0.04288
f 3070/7088 3244/7888 2810/7024
vt 0.05580 0.77843
f 3004/7718 3210/7717 3362/7889
f 3129/7580 3059/7581 3160/7836
f 3097/7460 3169/7721 3183/7743
vt 0.96631 0.70845
vt 0.96756 0.70887
vt 0.96621 0.70992
f 3123/7890 3230/7891 3102/7892
vt 0.16759 0.62202
vt 0.16723 0.62004
vt 0.16782 0.61960
f 3119/7893 3104/7894 3092/7895
vt 0.07207 0.60837
vt 0.06932 0.60667
f 2966/7302 3085/7896 3250/7897
vt 0.76923 0.51136
f 3109/7858 3201/7898 3185/7813
f 3029/7631 5792/7876 3242/7757
vt 0.94003 0.41721
f 3142/7834 3140/7899 3177/7884
vt 0.70944 0.38845
vt 0.71038 0.38884
vt 0.70874 0.39162
f 3076/7900 3191/7901 3181/7902
vt 0.67823 0.62815
f 3134/7808 3258/7903 3144/7772
vt 0.84226 0.19289
f 3133/7572 3125/7571 3290/7904
vt 0.84663 0.70560
f 3081/7543 3221/7905 2981/7435
vt 0.18942 0.36500
vt 0.18978 0.36800
f 3133/7906 3290/7907 3545/7853
f 3133/7906 3545/7853 3030/7470
vt 0.08185 0.59755
f 2986/7388 3326/7908 3271/7805
vt 0.17847 0.61688
f 3156/7573 2965/7346 3291/7909
vt 0.66772 0.27616
f 3003/7254 3303/7910 3186/7462
vt 0.12495 0.52908
f 2993/7265 3055/7417 3209/7911
vt 0.15292 0.59137
vt 0.15504 0.59039
vt 0.15580 0.59142
f 3019/7912 3145/7913 3227/7914
f 3190/7197 2941/6908 3227/7870
vt 0.68480 0.62805
f 3196/7698 3264/7915 3049/7585
f 3098/7741 3126/7738 3141/7761
vt 0.15879 0.33700
f 3031/7354 3629/7682 3213/7916
f 3116/7380 2794/6766 3327/7887
vt 0.41233 0.77196
f 3105/7519 3215/7917 3168/7705
vt 0.33210 0.55655
f 3001/7328 3229/7625 3283/7918
vt 0.15318 0.57453
vt 0.15631 0.57748
f 3103/7451 3052/7919 3249/7920
vt 0.07490 0.59698
f 3301/7727 3056/7500 3310/7921
f 3180/7038 2982/7377 3325/7221
f 3090/7142 3286/7857 3051/7010
vt 0.70753 0.40591
vt 0.70822 0.40174
vt 0.70922 0.40503
f 3152/7922 3237/7923 3228/7924
vt 0.70780 0.40691
f 3152/7922 3228/7924 3161/7925
vt 0.41234 0.77641
f 3053/7656 3168/7705 3240/7926
vt 0.06404 0.66565
f 3096/7143 3066/7394 3217/7927
f 3134/7808 3112/7807 3258/7903
f 3053/7656 3240/7926 3237/7865
vt 0.70738 0.39334
vt 0.70792 0.39434
f 3105/7928 3181/7902 3215/7929
vt 0.01847 0.89480
f 2966/7621 3250/7930 3288/7528
vt 0.92081 0.19674
vt 0.92025 0.19673
vt 0.92058 0.19487
f 3049/7931 3264/7932 3158/7933
vt 0.33605 0.55763
f 3322/7841 3195/7934 3128/7842
vt 0.97388 0.48385
f 3138/7824 3281/7823 3226/7935
vt 0.12699 0.30396
f 3108/7683 3232/7620 3212/7936
vt 0.76930 0.51740
f 3108/7864 3212/7937 3136/7860
vt 0.15404 0.57119
f 3054/7372 3179/7575 3154/7938
vt 0.15632 0.57466
f 3052/7919 3173/7939 3249/7920
vt 0.37678 0.63463
f 2993/7584 3209/7940 3381/7445
vt 0.94243 0.41677
vt 0.94269 0.41677
f 3024/7835 3176/7941 5792/7942
vt 0.89627 0.57520
f 3118/7493 3242/7757 3281/7943
vt 0.07337 0.60248
f 3124/7626 3288/7645 3189/7944
vt 0.47806 0.85984
f 3193/7469 3148/7840 3273/7945
vt 0.67596 0.62875
f 3144/7772 3258/7903 3274/7946
vt 0.06126 0.72328
f 3153/7785 3182/7947 3210/7786
vt 0.91248 0.55776
vt 0.91161 0.55847
f 3135/7856 3154/7948 3163/7949
vt 0.15404 0.57775
f 3114/7719 3101/7950 3243/7878
vt 0.79749 0.20936
vt 0.79632 0.20973
vt 0.79599 0.20799
f 3128/7951 3198/7952 3148/7953
vt 0.83946 0.61357
f 3082/7501 3248/7487 3216/7954
f 3103/7451 3249/7920 3101/7950
vt 0.16335 0.34349
f 3116/7380 3408/7955 3629/7682
vt 0.17033 0.61709
f 3245/7886 3225/7956 3011/7555
vt 0.84526 0.70724
f 2981/7435 3221/7905 3340/7957
vt 0.93264 0.84717
f 3132/7590 3075/7706 3241/7958
vt 0.91923 0.64858
f 3076/7744 3272/7603 3191/7959
vt 0.15970 0.33629
f 3031/7354 3213/7916 3026/7960
vt 0.94805 0.32841
f 3123/7866 3226/7868 3230/7961
vt 0.29889 0.97778
vt 0.29890 0.97692
vt 0.29975 0.97786
f 3113/7962 3268/7963 3233/7964
vt 0.92534 0.19716
f 3127/7776 3170/7828 3211/7965
vt 0.92066 0.19303
vt 0.91949 0.19260
f 3112/7966 3158/7933 3211/7967
vt 0.07460 0.59884
f 3056/7500 3124/7626 3387/7968
f 3062/7439 3269/7729 3111/7798
vt 0.84607 0.61576
f 3167/7651 3294/7969 3321/7609
vt 0.12303 0.52956
vt 0.12336 0.52760
f 3174/7970 3246/7971 3055/7417
f 3078/7510 3162/7618 3178/7879
vt 0.87317 0.19746
f 3141/7761 3126/7738 3338/7972
vt 0.11912 0.29425
vt 0.11768 0.29631
f 3003/7973 2832/6903 3303/7974
f 3120/7742 3251/7735 3406/7869
vt 0.06038 0.72392
vt 0.05842 0.72377
vt 0.05929 0.72310
f 3153/7975 3127/7976 3224/7977
vt 0.79483 0.90943
f 3174/7796 3061/7261 3313/7978
f 2981/7435 3340/7957 3194/7582
f 3176/7941 3142/7834 3177/7884
vt 0.13929 0.52925
f 3147/7538 3067/7612 3327/7979
f 3096/7143 3217/7927 3125/7468
f 3001/7328 3283/7918 3322/7841
vt 0.93999 0.41408
f 3177/7884 3102/7883 3230/7980
vt 0.06912 0.60802
f 3085/7896 3260/7981 3250/7897
vt 0.91996 0.18962
f 3258/7982 3112/7966 3211/7967
vt 0.91929 0.19682
vt 0.91949 0.19530
f 3264/7932 3182/7983 3224/7984
f 3264/7932 3224/7984 3158/7933
f 3153/7785 3224/7977 3182/7947
vt 0.29965 0.97652
f 3268/7963 3329/7985 3233/7964
f 3144/7772 3274/7946 3159/7773
vt 0.15571 0.58392
f 3160/7836 3059/7581 3306/7986
vt 0.27274 0.89621
f 3085/7556 3139/7806 3260/7987
vt 0.97268 0.19372
vt 0.97226 0.19493
vt 0.97239 0.19299
f 3082/7988 3216/7989 3143/7990
vt 0.76897 0.51387
vt 0.76906 0.51410
vt 0.76837 0.51398
f 3155/7991 3172/7992 3203/7993
f 3156/7573 3291/7909 3139/7880
vt 0.70775 0.39731
vt 0.70861 0.39740
f 3168/7994 3215/7929 3240/7995
vt 0.05647 0.72258
f 3127/7976 3211/7996 3224/7977
vt 0.05529 0.77976
f 3362/7889 3210/7717 3437/7997
vt 0.98511 0.71187
vt 0.98549 0.71178
vt 0.98518 0.71252
f 3172/7998 3188/7999 3199/8000
vt 0.98682 0.32507
vt 0.98711 0.32556
vt 0.98686 0.32578
f 3172/8001 3199/8002 3203/8003
f 3109/7858 3136/7860 3201/7898
vt 0.45747 0.84944
vt 0.45626 0.85069
vt 0.45661 0.84855
f 3271/8004 3220/8005 3095/8006
vt 0.15428 0.56443
vt 0.15512 0.56494
f 3183/7743 3169/8007 3339/8008
vt 0.07921 0.60094
f 3069/7461 3208/8009 3222/7378
f 2986/7388 3222/7378 3326/7908
vt 0.80988 0.69184
f 3069/7647 3164/7639 3208/8010
vt 0.76874 0.50869
f 3185/7813 3201/7898 3307/8011
f 2864/7205 3308/7640 3324/7861
vt 0.83993 0.61616
f 3216/7954 3248/7487 3344/8012
vt 0.09203 0.82236
vt 0.09412 0.82225
vt 0.09292 0.82617
f 3143/8013 3216/8014 3420/8015
vt 0.15605 0.56921
f 3179/7575 3183/7743 3436/8016
vt 0.92523 0.19187
f 3144/7852 3266/8017 3170/7828
vt 0.91242 0.55927
f 3163/7949 3154/7948 3187/8018
vt 0.77082 0.90641
vt 0.77093 0.90513
vt 0.77166 0.90479
f 3132/8019 3241/8020 3238/8021
vt 0.90480 0.15637
f 3011/7696 3351/8022 3068/7455
vt 0.90556 0.15626
f 3011/7696 3225/8023 3351/8022
f 3164/7639 3178/7879 3208/8010
f 3079/7366 3193/7522 3269/7729
vt 0.29075 0.04650
f 2810/7024 3593/8024 3311/7390
vt 0.28209 0.05684
f 3235/7229 3328/7464 3418/8025
vt 0.26390 0.07612
f 3107/7458 3425/8026 3130/7178
f 2907/6764 3490/7691 3150/7750
f 3327/7887 3408/7955 3116/7380
f 3034/7028 3190/7197 3232/7620
vt 0.13378 0.31311
f 3190/7197 3227/7870 3385/8027
vt 0.18936 0.37137
f 3253/7863 3137/7862 3472/8028
f 3387/7968 3310/7921 3056/7500
vt 0.76877 0.51364
f 3155/7991 3203/7993 3188/8029
vt 0.19910 0.37786
f 3171/7844 3294/8030 3167/7845
vt 0.15560 0.59062
f 3227/7914 3145/7913 3257/8031
vt 0.37034 0.64199
vt 0.37195 0.64341
f 3207/8032 3192/7550 3278/8033
f 3070/7088 3285/7838 3244/7888
f 2810/7024 3244/7888 3593/8024
vt 0.06236 0.72213
f 3210/7786 3182/7947 3256/8034
vt 0.12490 0.52805
f 3055/7417 3246/7971 3262/8035
f 3055/7417 3262/8035 3209/7911
vt 0.98324 0.70001
vt 0.98376 0.70035
vt 0.98341 0.70081
f 3128/8036 3195/8037 3198/8038
vt 0.76916 0.50209
vt 0.76637 0.50277
f 3142/8039 3204/7816 3424/8040
vt 0.46637 0.54458
vt 0.46729 0.54564
vt 0.46596 0.54673
f 3146/8041 3214/8042 3165/8043
vt 0.76884 0.51429
vt 0.76863 0.51368
f 3136/7860 3199/8044 3205/8045
vt 0.15529 0.57124
f 3179/7575 3187/8046 3154/7938
vt 0.15056 0.32977
f 3175/7241 3324/7861 3231/8047
vt 0.64510 0.48097
f 3171/7448 3252/7532 3393/8048
f 3243/7878 3101/7950 3249/7920
f 3158/7933 3224/7984 3211/7967
vt 0.80120 0.82097
f 3406/7869 3200/8049 3184/7710
vt 0.45509 0.84840
f 3095/8006 3220/8005 3214/8050
vt 0.05422 0.72301
vt 0.05120 0.72176
vt 0.05382 0.72198
f 3170/8051 3266/8052 3261/8053
f 3136/7860 3205/8045 3201/7898
vt 0.81047 0.68639
f 3141/7766 3358/8054 3162/7618
vt 0.92213 0.64947
vt 0.91983 0.65077
f 3239/8055 3202/8056 3272/7603
vt 0.15671 0.56658
f 3183/7743 3339/8008 3318/8057
vt 0.97788 0.07695
vt 0.97814 0.07762
vt 0.97739 0.07763
f 3188/8058 3203/8059 3205/8060
vt 0.98562 0.71242
f 3188/7999 3205/8061 3199/8000
vt 0.14835 0.32643
f 3175/7241 3245/8062 3104/7665
f 3185/7813 3307/8011 3157/7817
vt 0.79750 0.12782
f 3066/7408 3253/7821 3217/8063
vt 0.46531 0.54871
vt 0.46654 0.54913
f 3169/8064 3165/8043 3339/8065
vt 0.17901 0.35941
f 3151/7324 3374/8066 3090/7142
vt 0.11988 0.60618
vt 0.12116 0.60747
f 3247/8067 3110/7440 3330/8068
vt 0.22926 0.11165
f 3500/7534 3305/8069 3073/7697
f 3110/7440 3111/7798 3330/8068
vt 0.17170 0.34751
vt 0.16992 0.35066
vt 0.16717 0.34732
f 3210/8070 3575/8071 3437/8072
vt 0.84014 0.19178
f 3125/7571 3217/8073 3290/7904
vt 0.94181 0.41445
f 3230/7980 3304/8074 3177/7884
vt 0.17148 0.61684
f 2965/7346 3068/7643 3351/8075
vt 0.07412 0.59522
f 3122/7831 3301/7830 3455/8076
f 3178/7879 3162/7618 3358/8054
vt 0.70990 0.39331
f 3181/7902 3281/8077 3215/7929
vt 0.76792 0.51541
f 3136/7860 3275/8078 3199/8044
vt 0.17341 0.61591
f 2965/7346 3336/8079 3291/7909
vt 0.88373 0.01052
vt 0.88267 0.01347
vt 0.88211 0.01250
f 3265/8080 3270/8081 3234/8082
f 3136/7860 3212/7937 3275/8078
vt 0.07484 0.59247
f 3094/7832 2979/7477 3486/8083
f 3059/7581 3243/7878 3306/7986
vt 0.06590 0.61412
vt 0.06460 0.61418
vt 0.06546 0.61154
f 3218/8084 3223/8085 3354/8086
vt 0.45770 0.85050
vt 0.45715 0.85063
f 3220/8005 3271/8087 3326/8088
vt 0.68598 0.63148
vt 0.68486 0.63089
f 3196/7698 3286/8089 3349/8090
vt 0.94253 0.41554
f 3177/7884 3304/8074 3242/8091
vt 0.15902 0.33558
vt 0.15755 0.33556
f 3115/7767 3026/8092 3368/8093
vt 0.47888 0.86173
f 3273/7945 3148/7840 3219/8094
f 3170/8051 3261/8053 3211/7996
f 2832/6903 3161/7768 3303/7974
vt 0.94321 0.91213
vt 0.94336 0.91050
vt 0.94429 0.91262
f 3050/8095 3371/8096 3173/8097
vt 0.71106 0.39071
f 3181/7902 3191/7901 3230/8098
vt 0.71018 0.39172
f 3181/7902 3230/8098 3226/8099
vt 0.33587 0.55492
f 3322/7841 3465/8100 3195/7934
vt 0.79331 0.91120
f 3313/7978 3379/8101 3174/7796
f 3179/7575 3436/8016 3187/8046
vt 0.79765 0.21121
vt 0.79621 0.21217
vt 0.79690 0.21063
f 3195/8102 3334/8103 3198/8104
f 3093/7810 3207/7752 3266/8052
vt 0.85435 0.00225
f 3268/7801 3184/7800 3200/8105
vt 0.97134 0.67398
vt 0.97027 0.67444
vt 0.97023 0.67268
f 3289/8106 3233/8107 3337/8108
vt 0.84034 0.50733
vt 0.84143 0.50929
vt 0.83983 0.51132
f 3218/8109 3300/8110 3255/8111
vt 0.88223 0.01096
f 3265/8080 3234/8082 3228/8112
vt 0.73931 0.90448
vt 0.73930 0.90629
vt 0.73853 0.90340
f 3196/8113 3349/8114 3264/8115
vt 0.12807 0.31059
f 3232/7620 3190/7197 3506/8116
vt 0.06500 0.61698
f 3218/8084 3255/8117 3223/8085
vt 0.13831 0.52889
f 3067/7612 3363/8118 3327/7979
vt 0.81063 0.68497
f 3358/8054 3141/7766 3372/8119
vt 0.84219 0.19148
f 3217/8073 3253/8120 3290/7904
vt 0.17683 0.35713
f 3433/8121 3286/7857 3090/7142
vt 0.66594 0.27783
f 3186/7462 3303/7910 3236/8122
vt 0.70985 0.40323
f 3237/7923 3277/8123 3228/7924
f 3204/7816 3157/7817 3424/8040
vt 0.01697 0.89415
f 3250/7930 3276/8124 3288/7528
vt 0.12142 0.29838
vt 0.12033 0.30054
f 3234/8125 3375/8126 3161/7768
vt 0.76737 0.51375
f 3201/7898 3205/8045 3312/8127
vt 0.70996 0.39361
vt 0.71025 0.39529
f 3215/7929 3281/8128 3295/8129
vt 0.15721 0.58990
f 3145/7635 3197/7690 3257/8130
vt 0.83951 0.50620
vt 0.84096 0.50458
f 3354/8131 3319/8132 3218/8109
vt 0.73763 0.90380
vt 0.73780 0.90296
f 3264/8115 3256/8133 3182/8134
vt 0.12207 0.52938
vt 0.12160 0.52779
vt 0.12276 0.52753
f 3174/8135 3379/8136 3246/8137
vt 0.76841 0.49904
vt 0.76847 0.50015
vt 0.76667 0.49905
f 3239/8138 3140/8139 3202/8140
vt 0.88241 0.00842
f 3265/8080 3228/8112 3277/8141
vt 0.15640 0.57253
vt 0.15769 0.57334
f 3050/7608 3292/8142 3371/8143
vt 0.07037 0.60318
f 3288/7645 3427/8144 3189/7944
vt 0.87341 0.19382
f 3126/7738 3238/7815 3346/8145
vt 0.81037 0.68454
f 3141/7766 3394/8146 3372/8119
vt 0.87314 0.19948
f 3141/7761 3338/7972 3394/8147
vt 0.70966 0.39850
f 3237/7923 3240/7995 5778/8148
f 3181/7902 3226/8099 3281/8077
vt 0.16726 0.61780
f 3104/7894 3245/8149 3092/7895
vt 0.47946 0.86117
f 3198/8150 3219/8094 3148/7840
f 3221/7854 3143/8013 3420/8015
vt 0.12291 0.30101
f 3234/8125 3270/8151 3375/8126
vt 0.15609 0.58596
f 3160/7836 3306/7986 3299/8152
vt 0.15843 0.33640
vt 0.15615 0.33581
f 3026/8092 3213/8153 3368/8154
vt 0.97071 0.58613
f 3121/7837 3115/7629 3464/8155
vt 0.76814 0.51411
f 3199/8044 3275/8078 3203/8156
vt 0.80150 0.83171
f 3287/7748 3094/7814 3254/8157
vt 0.46763 0.54776
f 3165/8043 3220/8158 3339/8065
vt 0.71247 0.39023
f 3230/8098 3191/7901 3296/8159
vt 0.15502 0.58669
f 3197/8160 3160/7836 3299/8152
vt 0.70922 0.40743
f 3161/7925 3228/7924 3234/8161
f 3183/7743 3318/8057 3436/8016
vt 0.39185 0.96304
vt 0.39119 0.96314
f 3094/7780 3486/8162 3254/8163
vt 0.84086 0.51186
f 3255/8111 3300/8110 3320/8164
f 2965/7346 3351/8075 3336/8079
vt 0.93725 0.14420
f 3061/7443 3247/7689 3313/8165
f 3090/7142 3374/8066 3433/8121
vt 0.80167 0.82903
f 3251/7735 3287/7748 3409/8166
vt 0.80178 0.82649
f 3251/7735 3409/8166 3513/8167
vt 0.08003 0.59765
f 3222/7378 3297/8168 3326/7908
f 3126/7738 3346/8145 3338/7972
f 3165/8043 3214/8042 3220/8158
vt 0.91921 0.19039
f 3258/7982 3211/7967 3261/8169
vt 0.45722 0.85214
f 3259/8170 3220/8005 3326/8088
f 3073/7697 3305/8069 3252/7818
vt 0.84813 0.00604
f 3075/7726 3289/7725 3284/8171
vt 0.16758 0.61776
vt 0.16831 0.61662
f 3245/8172 3359/8173 3225/7956
vt 0.12692 0.61549
vt 0.12320 0.61533
f 3273/8174 3493/8175 3193/7522
vt 0.16015 0.58839
f 3197/7690 3541/8176 3257/8130
vt 0.83945 0.70744
f 3194/7582 3137/8177 3015/7722
vt 0.84126 0.70878
f 3194/7582 3350/8178 3137/8177
vt 0.89560 0.57423
f 3281/7943 3242/7757 3332/8179
f 3215/7929 3295/8129 3240/7995
vt 0.15798 0.59099
f 3257/8031 3385/8180 3227/7914
f 3130/7178 3425/8026 3345/7619
f 3387/7968 3124/7626 3189/7944
vt 0.15223 0.94628
vt 0.15122 0.94848
vt 0.14949 0.94730
f 3233/8181 3329/8182 3417/8183
vt 0.15053 0.94549
f 3233/8181 3417/8183 3337/8184
vt 0.12643 0.30587
vt 0.12535 0.30435
f 3212/7936 3309/8185 3403/8186
vt 0.71089 0.40785
vt 0.71069 0.40469
vt 0.71447 0.40604
f 3270/8187 3265/8188 3534/8189
vt 0.09591 0.82591
f 3216/8014 3571/8190 3420/8015
vt 0.12723 0.61769
vt 0.12475 0.61834
f 3219/8191 3525/8192 3273/8174
vt 0.14882 0.32859
f 3231/8047 3359/8193 3175/7241
vt 0.79581 0.21082
f 3198/7952 3334/8103 3219/8194
f 3253/7863 3472/8028 3290/7907
vt 0.17237 0.35117
f 3210/8070 3256/8195 3575/8071
vt 0.18105 0.36383
f 2910/7301 3624/8196 3151/7324
vt 0.76784 0.46082
vt 0.76605 0.46147
f 3229/7795 3419/8197 3283/8198
vt 0.15664 0.58647
vt 0.15886 0.58652
f 3197/7690 3299/8199 3474/8200
vt 0.88440 0.00227
vt 0.88350 0.00089
vt 0.88425 0.00018
f 3293/8201 3295/8202 3332/8203
f 3248/7487 3321/7609 3344/8012
f 3237/7923 5778/8148 3277/8123
vt 0.91996 0.18668
vt 0.91921 0.18733
f 3274/8204 3258/7982 3266/8205
vt 0.04974 0.72064
f 3207/7752 3356/8206 3266/8052
vt 0.36993 0.64455
f 3207/8032 3278/8033 3356/8207
vt 0.46727 0.54865
f 3220/8158 3259/8208 3339/8065
vt 0.77162 0.90374
vt 0.77276 0.90323
f 3238/8021 3241/8209 3402/8210
vt 0.15484 0.33474
f 3121/7720 3464/8211 3263/7877
vt 0.06743 0.60805
f 3250/7897 3260/7981 3331/8212
vt 0.87351 0.19080
f 3238/7815 3402/8213 3346/8145
vt 0.76645 0.50079
f 3142/8039 3424/8040 3282/8214
f 3142/8039 3282/8214 3140/8139
f 3175/7241 3359/8193 3245/8062
vt 0.12414 0.52625
f 3246/7971 3447/8215 3262/8035
f 3115/7767 3368/8154 3464/8211
vt 0.93359 0.84774
f 3241/7958 3075/7706 3284/8216
vt 0.29922 0.04021
f 3039/7147 3057/7151 3505/8217
f 3039/7147 3505/8217 3285/7838
vt 0.05293 0.72143
f 3266/8052 3258/8218 3261/8053
vt 0.91159 0.55985
vt 0.91075 0.56035
f 3163/8219 3187/8018 3292/8220
vt 0.26894 0.07171
f 3038/7379 3373/7568 3551/8221
vt 0.28821 0.05119
f 3106/7389 3603/8222 3328/7464
f 3107/7458 3038/7379 3551/8221
f 2910/7301 3545/7853 3624/8196
vt 0.76634 0.50545
f 3157/7817 3353/8223 3424/8040
f 3272/7603 3202/8056 3191/7959
f 3251/7735 3513/8167 3406/7869
vt 0.45713 0.85230
vt 0.45694 0.85439
vt 0.45607 0.85308
f 3259/8224 3315/8225 3339/8226
vt 0.37686 0.63956
f 3381/7445 3650/8227 3192/7550
vt 0.06353 0.61681
f 3255/8117 3298/8228 3223/8085
vt 0.24171 0.10069
f 2883/7220 3725/8229 3481/7686
vt 0.07510 0.59400
f 2979/7477 3122/8230 3486/8083
vt 0.73770 0.90555
f 3256/8133 3264/8115 3392/8231
f 3197/7690 3474/8200 3541/8176
vt 0.51676 0.73706
vt 0.51672 0.73612
vt 0.51759 0.73596
f 3259/8232 3326/8233 3400/8234
vt 0.51737 0.73699
f 3259/8232 3400/8234 3315/8235
vt 0.06644 0.60709
f 3331/8212 3335/8236 3250/7897
vt 0.84236 0.51204
f 3320/8164 3300/8110 3367/8237
f 3192/7550 3650/8227 3278/8033
f 3264/8115 3349/8114 3392/8231
vt 0.79771 0.21464
f 3195/8102 3465/8238 3334/8103
vt 0.06477 0.60974
vt 0.06592 0.60996
f 3354/8086 3462/8239 3319/8240
vt 0.93608 0.14325
f 3313/8165 3247/7689 3382/8241
vt 0.07894 0.59780
f 3222/7378 3341/8242 3297/8168
vt 0.71302 0.38946
f 3191/7901 3202/8243 3296/8159
vt 0.15737 0.58215
f 3243/7878 3249/7920 3302/8244
vt 0.16592 0.34673
vt 0.16497 0.34496
f 3067/7693 3279/8245 3363/8246
vt 0.12018 0.60766
vt 0.12118 0.60985
vt 0.11875 0.61049
f 3330/8247 3111/8248 3597/8249
f 3240/7995 3295/8129 5778/8148
vt 0.96785 0.61557
vt 0.96872 0.61629
vt 0.96832 0.61691
f 3255/8250 3333/8251 3298/8252
vt 0.91939 0.18610
f 3274/8204 3266/8205 3356/8253
vt 0.12613 0.61811
f 3219/8191 3456/8254 3525/8192
vt 0.71068 0.39424
f 3281/8128 3332/8255 3295/8129
vt 0.71033 0.39630
vt 0.71136 0.39441
vt 0.71264 0.39578
f 3293/8256 3332/8257 5777/8258
vt 0.89448 0.57510
f 3242/7757 3304/8259 3332/8179
vt 0.12747 0.30739
f 3232/7620 3317/8260 3309/8185
vt 0.76747 0.51721
f 3212/7937 3403/8261 3275/8078
f 3232/7620 3309/8185 3212/7936
vt 0.97780 0.07823
vt 0.97714 0.07875
f 3205/8060 3203/8262 3312/8263
vt 0.64399 0.47887
vt 0.64387 0.48001
f 3171/8264 3393/8048 3414/8265
vt 0.19896 0.37936
f 3171/7844 3414/8266 3294/8030
vt 0.96897 0.61448
f 3255/8250 3320/8267 3333/8251
vt 0.15633 0.58427
f 3243/7878 3302/8244 3306/8268
vt 0.07904 0.59969
f 3222/7378 3208/8269 3341/8242
f 3306/8268 3474/8200 3299/8199
vt 0.09098 0.82709
f 3420/8015 3370/8270 3221/7854
vt 0.36752 0.64785
vt 0.36825 0.64477
vt 0.36986 0.64734
f 3316/8271 3159/8272 3449/8273
vt 0.25548 0.08657
f 3355/7598 3649/8274 3149/7218
f 2992/7083 3345/7619 3355/7598
vt 0.25047 0.09054
f 3149/7218 3504/8275 2982/7377
vt 0.27585 0.06449
f 3150/7750 3490/7691 3411/8276
vt 0.76828 0.50876
f 3307/8277 3353/8223 3157/7817
vt 0.88285 0.00499
f 3293/8201 5778/8278 3295/8202
vt 0.12150 0.61260
f 3269/7729 3422/8279 3111/7798
vt 0.09485 0.82146
vt 0.09749 0.82144
f 3216/8280 3344/8281 3571/8190
vt 0.11787 0.60664
vt 0.11749 0.60508
f 3247/8067 3467/8282 3382/8283
vt 0.90490 0.16012
f 3308/7714 3263/7839 3407/8284
vt 0.12548 0.52800
vt 0.12549 0.52684
vt 0.12713 0.52698
f 3262/8285 3447/8286 3410/8287
vt 0.12601 0.52945
f 3262/8285 3410/8287 3209/8288
f 3193/7522 3493/8175 3269/7729
f 3232/7620 3506/8116 3317/8260
f 3106/7389 3311/7390 3603/8222
f 3306/8268 3302/8244 3474/8200
vt 0.38313 0.96264
vt 0.38419 0.96102
vt 0.38442 0.96258
f 3263/8289 3412/8290 3407/8291
vt 0.46567 0.55193
vt 0.46631 0.54962
vt 0.46702 0.55131
f 3318/8292 3339/8293 3453/8294
vt 0.68493 0.63292
f 3286/8089 3360/8295 3349/8090
vt 0.06350 0.61421
f 3223/8085 3298/8228 3466/8296
vt 0.84189 0.51499
vt 0.84007 0.51537
vt 0.84132 0.51307
f 3397/8297 3323/8298 3320/8299
f 3194/7582 3340/7957 3350/8178
vt 0.97034 0.75626
vt 0.97101 0.75699
vt 0.97016 0.75736
f 3289/8300 3337/8301 3391/8302
vt 0.95763 0.89504
vt 0.95662 0.89439
vt 0.95751 0.89432
f 3275/8303 3312/8304 3203/8305
vt 0.95733 0.89722
vt 0.95609 0.89555
f 3275/8303 3403/8306 3423/8307
f 3275/8303 3423/8307 3312/8304
vt 0.06656 0.60566
f 3250/7897 3335/8236 3428/8308
vt 0.84700 0.70755
f 3221/7905 3370/8309 3340/7957
vt 0.38299 0.96096
f 3263/8289 3464/8310 3412/8290
vt 0.15857 0.58995
f 3257/8130 3541/8176 3385/8311
vt 0.94117 0.26246
vt 0.94017 0.26000
vt 0.94104 0.26006
f 3323/8312 3333/8313 3320/8314
vt 0.17726 0.61444
f 3336/8079 3503/8315 3291/7909
vt 0.96532 0.09264
vt 0.96376 0.09384
vt 0.96470 0.09122
f 3314/8316 3317/8317 3352/8318
vt 0.71362 0.40222
f 3265/8188 3343/8319 3534/8189
f 3140/8139 3282/8214 3202/8140
vt 0.81120 0.69008
f 3208/8010 3178/7879 3341/8320
vt 0.84417 0.61706
f 3321/7609 3294/7969 3364/8321
vt 0.84151 0.51623
f 3323/8298 3397/8297 3347/8322
vt 0.12278 0.52594
f 3246/8137 3431/8323 3447/8215
f 3254/8157 3409/8166 3287/7748
vt 0.16768 0.61628
vt 0.16882 0.61520
f 3225/7956 3359/8324 3347/8325
vt 0.66816 0.27808
vt 0.66720 0.27944
f 3303/7910 3596/8326 3601/8327
vt 0.37778 0.63538
f 3209/7940 3357/8328 3381/7445
vt 0.13174 0.31250
f 3190/7197 3385/8027 3459/8329
vt 0.07024 0.60553
f 3288/7645 3276/8330 3427/8144
f 3229/7795 3316/7829 3419/8197
vt 0.06386 0.61185
f 3223/8085 3462/8331 3354/8086
vt 0.84285 0.50409
f 3218/8109 3319/8132 3445/8332
vt 0.84230 0.50971
f 3300/8110 3430/8333 3367/8237
vt 0.93639 0.72553
vt 0.93808 0.72636
vt 0.93644 0.72666
f 3241/8334 3284/8335 3402/8336
f 3161/7768 3375/8126 3303/7974
vt 0.17038 0.61554
f 3225/7956 3347/8325 3397/8337
f 3067/7693 3362/7695 3279/8245
vt 0.84143 0.51665
vt 0.83989 0.51802
f 3323/8298 3347/8338 3324/8339
vt 0.15866 0.57488
f 3249/7920 3173/7939 3435/8340
vt 0.96499 0.09377
f 3309/8341 3317/8317 3314/8316
vt 0.33443 0.55177
f 3322/7841 3564/8342 3465/8100
vt 0.27376 0.89798
vt 0.27273 0.89634
f 3139/7806 3384/8343 3260/8344
f 3149/7218 3649/8274 3504/8275
vt 0.29728 0.04627
f 3244/7888 3894/8345 3593/8024
f 3117/7304 3443/7797 3500/7534
vt 0.28093 0.06231
f 3235/7229 3418/8025 3743/8346
f 3235/7229 3743/8346 3490/7691
f 3151/7324 3624/8196 3374/8066
f 3269/7729 3493/8175 3422/8279
vt 0.73986 0.90897
vt 0.73879 0.90885
f 3349/8114 3360/8347 3542/8348
vt 0.37746 0.63660
f 3381/7445 3357/8328 3380/8349
vt 0.15197 0.33211
f 3308/7640 3366/8350 3324/7861
vt 0.84610 0.61714
f 3294/7969 3414/8351 3364/8321
vt 0.94129 0.26520
vt 0.94000 0.26463
f 3323/8312 3324/8352 3390/8353
vt 0.84905 0.38786
vt 0.84915 0.38945
vt 0.84796 0.38925
f 3326/8354 3297/8355 3400/8356
f 2883/7220 3267/7514 3725/8229
vt 0.36935 0.64493
f 3159/8272 3274/8357 3449/8273
vt 0.84152 0.50289
vt 0.84222 0.50271
f 3319/8132 3335/8358 3331/8359
f 3319/8132 3331/8359 3445/8332
vt 0.93993 0.26197
f 3323/8312 3390/8353 3441/8360
vt 0.90572 0.15835
f 3225/8023 3397/8361 3351/8022
vt 0.06596 0.60983
vt 0.06510 0.60838
f 3319/8362 3398/8363 3335/8236
f 3323/8312 3441/8360 3333/8313
vt 0.15525 0.33739
f 3368/8154 3213/7916 3361/8364
vt 0.96888 0.70250
vt 0.96815 0.70271
vt 0.96814 0.70059
f 3247/8365 3330/8366 3342/8367
vt 0.96908 0.70062
f 3247/8365 3342/8367 3467/8368
vt 0.96381 0.09129
f 3352/8318 3317/8317 3530/8369
vt 0.15927 0.56951
f 3436/8016 3318/8057 3515/8370
vt 0.95600 0.27904
vt 0.95627 0.27774
vt 0.95817 0.27821
f 3314/8371 3352/8372 3423/8373
vt 0.13030 0.31200
f 3190/7197 3459/8329 3468/8374
vt 0.45588 0.85564
f 3339/8226 3315/8225 3453/8375
vt 0.89504 0.41207
vt 0.89672 0.41289
vt 0.89632 0.41466
f 3178/8376 3358/8377 3401/8378
vt 0.68595 0.63426
f 3286/8089 3433/8379 3360/8295
f 3273/8174 3525/8192 3493/8175
vt 0.84974 0.00592
f 3284/8171 3289/7725 3391/8380
vt 0.15884 0.58070
f 3302/8244 3249/7920 3463/8381
vt 0.47894 0.86247
vt 0.47901 0.86380
vt 0.47804 0.86279
f 3219/8382 3334/8383 3456/8384
f 3506/8116 3190/7197 3468/8374
vt 0.30912 0.02884
f 3186/7646 3236/8385 3280/7230
f 3223/8085 3466/8296 3462/8331
vt 0.17242 0.35263
f 3256/8195 3392/8386 3575/8071
vt 0.94408 0.90976
f 3173/8097 3371/8096 3435/8387
vt 0.71246 0.39341
f 3230/8098 3296/8159 3304/8388
vt 0.95696 0.28038
f 3314/8371 3423/8373 3309/8389
vt 0.22751 0.11392
f 3252/7818 3305/8069 3454/8390
vt 0.76633 0.51143
f 3201/7898 3312/8127 3432/8391
f 3319/8362 3462/8239 3398/8363
vt 0.01689 0.89624
f 3250/7930 3376/8392 3276/8124
vt 0.33184 0.55306
f 3283/7918 3579/8393 3322/7841
vt 0.71324 0.39687
vt 0.71392 0.39592
f 3343/8319 5777/8394 3426/8395
vt 0.12759 0.52809
f 3209/8288 3410/8287 3357/8396
f 3321/7609 3364/8321 3344/8012
vt 0.30744 0.03133
f 3089/7216 3280/7230 3664/8397
vt 0.12210 0.52681
f 3246/8137 3379/8136 3431/8398
vt 0.90000 0.45782
vt 0.89998 0.45727
vt 0.90140 0.45710
f 3301/8399 3310/8400 3455/8401
vt 0.71445 0.40814
f 3270/8187 3534/8189 3471/8402
vt 0.27255 0.89816
f 3260/8344 3384/8343 3331/8403
vt 0.12147 0.30299
f 3270/8151 3546/8404 3375/8126
vt 0.15773 0.57267
f 3187/8046 3436/8016 3369/8405
vt 0.97246 0.56249
vt 0.97283 0.56307
vt 0.97232 0.56340
f 3122/8406 3455/8407 3395/8408
vt 0.93703 0.14223
f 3313/8165 3382/8241 3389/8409
vt 0.05048 0.72035
vt 0.05013 0.71884
f 3274/8410 3356/8206 3449/8411
vt 0.13938 0.52816
vt 0.13785 0.52824
vt 0.13924 0.52714
f 3327/8412 3363/8413 3408/8414
vt 0.71406 0.39280
f 3304/8388 3424/8415 3426/8395
vt 0.85440 0.00475
f 3200/8105 3567/8416 3268/7801
vt 0.84158 0.51784
f 3324/8339 3347/8338 3386/8417
vt 0.94006 0.26581
f 3324/8352 3366/8418 3390/8353
f 3322/7841 3579/8393 3564/8342
vt 0.18023 0.61395
f 3291/7909 3487/8419 3139/7880
vt 0.71226 0.39509
f 5777/8420 3332/8257 3426/8395
vt 0.84056 0.51849
f 3231/8421 3324/8339 3386/8417
vt 0.89385 0.41319
f 3341/8422 3178/8376 3401/8378
f 3280/7230 3236/8385 3664/8397
vt 0.05946 0.90324
vt 0.05963 0.90487
vt 0.05810 0.90319
f 3122/8423 3395/8424 3486/8425
vt 0.12306 0.30443
f 3270/8151 3471/8426 3546/8404
vt 0.09636 0.90365
vt 0.09496 0.90517
vt 0.09504 0.90280
f 3357/8427 3388/8428 3380/8429
vt 0.09627 0.90596
f 3357/8427 3383/8430 3388/8428
vt 0.18252 0.61455
f 3139/7880 3487/8419 3384/8431
f 3304/8388 3426/8395 3332/8257
vt 0.96625 0.81127
vt 0.96693 0.81018
vt 0.96706 0.81210
f 3347/8432 3359/8433 3480/8434
vt 0.15654 0.34033
f 3629/7682 3695/8435 3213/7916
vt 0.91232 0.56173
f 3292/8220 3187/8018 3369/8436
vt 0.84315 0.50634
f 3300/8110 3218/8109 3413/8437
vt 0.13596 0.52769
f 3363/8413 3365/8438 3408/8414
vt 0.27359 0.06664
f 3150/7750 3411/8276 3672/8439
vt 0.13277 0.52824
vt 0.13339 0.52711
f 3365/8438 3444/8440 3429/8441
f 3311/7390 3593/8024 3603/8222
vt 0.91033 0.56154
f 3292/8220 3369/8436 3371/8442
vt 0.76648 0.50873
f 3201/7898 3434/8443 3307/8277
f 3201/7898 3432/8391 3434/8443
vt 0.12984 0.52771
f 3444/8440 3383/8444 3429/8441
vt 0.15916 0.58347
f 3474/8200 3302/8244 3405/8445
vt 0.93961 0.26008
f 3333/8313 3441/8360 3378/8446
vt 0.84246 0.51315
f 3320/8299 3367/8237 3523/8447
vt 0.09537 0.91018
f 3383/8430 3444/8448 3388/8428
f 3320/8299 3523/8447 3397/8297
f 3150/7750 3672/8439 3373/7568
f 3107/7458 3551/8221 3425/8026
vt 0.24723 0.09621
f 3325/7221 2982/7377 3396/8449
vt 0.01797 0.89696
f 3250/7930 3428/8450 3376/8392
vt 0.79497 0.91159
f 3313/7978 3389/8451 3379/8101
vt 0.42301 0.57367
vt 0.42246 0.57424
vt 0.42194 0.57213
f 3298/8452 3333/8453 3466/8454
vt 0.09635 0.91157
vt 0.09556 0.91404
f 3365/8455 3363/8456 3444/8448
vt 0.12082 0.61139
f 3111/8248 3473/8457 3597/8249
f 3213/7916 3695/8435 3361/8364
f 3057/7151 3166/7723 3505/8217
vt 0.85000 0.00716
f 3284/8171 3391/8380 3517/8458
vt 0.96892 0.64691
vt 0.96801 0.64719
vt 0.96819 0.64601
f 3329/8459 3268/8460 3499/8461
f 3304/8388 3296/8159 3424/8415
vt 0.42150 0.57386
f 3333/8453 3378/8462 3466/8454
f 3218/8109 3445/8332 3413/8437
vt 0.91977 0.75259
vt 0.92007 0.75568
vt 0.91916 0.75514
f 3111/8463 3422/8464 3473/8465
vt 0.73805 0.90765
f 3349/8114 3522/8466 3392/8231
f 3542/8348 3522/8466 3349/8114
vt 0.47782 0.86449
f 3456/8384 3334/8383 3348/8467
vt 0.12882 0.52649
f 3383/8444 3357/8396 3488/8468
vt 0.76777 0.46320
f 3283/8198 3419/8197 3520/8469
vt 0.90713 0.67842
vt 0.90680 0.67992
vt 0.90527 0.67930
f 3456/8470 3348/8471 3595/8472
f 3357/8396 3410/8287 3488/8468
vt 0.90782 0.15968
vt 0.90691 0.15881
f 3366/8473 3308/7714 3390/8474
vt 0.64729 0.48156
f 3252/7532 3454/8475 3393/8048
vt 0.13896 0.52637
f 3408/8414 3365/8438 3438/8476
vt 0.71462 0.40352
f 3343/8319 3399/8477 3534/8189
vt 0.12537 0.52443
f 3410/8287 3447/8286 3626/8478
f 3291/7909 3503/8315 3487/8419
vt 0.84647 0.70897
f 3370/8309 3448/8479 3340/7957
f 3307/8277 3434/8443 3353/8223
vt 0.97128 0.75855
f 3337/8301 3417/8480 3391/8302
vt 0.90572 0.15898
f 3308/7714 3494/8481 3390/8474
f 3308/7714 3407/8284 3494/8481
vt 0.19068 0.37256
f 3137/7862 3502/8482 3472/8028
f 3236/8122 3303/7910 3601/8327
vt 0.15003 0.33018
vt 0.14949 0.33021
f 3231/8047 3386/8483 3495/8484
vt 0.84319 0.50313
f 3331/8359 3384/8485 3445/8332
vt 0.96632 0.81198
f 3347/8432 3480/8434 3386/8486
vt 0.79612 0.21483
f 3465/8238 3556/8487 3334/8103
vt 0.84814 0.39070
f 3297/8355 3562/8488 3400/8356
vt 0.36912 0.64827
f 3316/8271 3449/8273 3439/8489
f 3359/8193 3231/8047 3495/8484
vt 0.95608 0.89500
f 3312/8304 3423/8307 3460/8490
vt 0.06776 0.60499
f 3276/8330 3376/8491 3427/8144
vt 0.51811 0.73408
vt 0.52020 0.73414
f 3400/8234 3562/8492 3606/8493
vt 0.89819 0.41514
f 3358/8377 3511/8494 3401/8378
vt 0.36992 0.64740
f 3449/8495 3356/8207 3278/8033
vt 0.11602 0.29989
f 3303/7974 3375/8126 3596/8496
vt 0.90197 0.45508
f 3455/8401 3310/8400 3627/8497
f 3267/7514 3325/7221 3396/8449
vt 0.16630 0.35052
f 3437/8072 3575/8071 3673/8498
vt 0.11775 0.60768
f 3330/8247 3597/8249 3342/8499
vt 0.85323 0.00456
f 3268/7801 3567/8416 3499/8500
vt 0.17199 0.61499
f 3336/8079 3351/8075 3404/8501
vt 0.84901 0.39086
f 3297/8355 3341/8502 3562/8488
vt 0.39076 0.96419
f 3254/8163 3486/8162 3421/8503
vt 0.93747 0.72850
f 3402/8336 3284/8335 3517/8504
vt 0.05369 0.77978
f 3437/7997 3279/8505 3362/7889
vt 0.23217 0.87946
vt 0.23418 0.87956
vt 0.23327 0.88112
f 3371/8506 3369/8507 3435/8508
vt 0.76623 0.51356
f 3312/8127 3399/8509 3432/8391
vt 0.09467 0.91274
f 3363/8456 3507/8510 3444/8448
vt 0.45650 0.85678
f 3453/8375 3315/8225 3484/8511
vt 0.06541 0.60735
f 3335/8236 3398/8363 3415/8512
vt 0.67333 0.63456
vt 0.67399 0.63322
vt 0.67484 0.63372
f 3419/8513 3316/8514 3452/8515
f 3244/7888 3285/7838 3894/8345
vt 0.91474 0.13424
vt 0.91591 0.13396
vt 0.91498 0.13564
f 3316/8516 3439/8517 3452/8518
vt 0.95838 0.27975
f 3309/8389 3423/8373 3403/8519
vt 0.90466 0.15820
f 3397/8361 3404/8520 3351/8022
vt 0.89438 0.41472
f 3341/8422 3401/8378 3521/8521
vt 0.06713 0.82079
vt 0.06571 0.82396
vt 0.06280 0.82098
f 3364/8522 3679/8523 3344/8524
vt 0.06875 0.82235
f 3364/8522 3497/8525 3679/8523
vt 0.42214 0.57968
vt 0.42053 0.57762
vt 0.42171 0.57745
f 3390/8526 3440/8527 3441/8528
vt 0.05907 0.88792
vt 0.05992 0.88530
vt 0.06010 0.88834
f 3367/8529 3430/8530 3523/8531
vt 0.84270 0.51328
vt 0.84326 0.51374
f 3397/8297 3523/8532 3404/8533
vt 0.37785 0.63731
f 3380/8534 3650/8227 3381/7445
vt 0.71464 0.39522
f 3426/8395 3424/8415 3353/8535
vt 0.06898 0.82096
f 3414/8536 3497/8525 3364/8522
vt 0.12343 0.52464
f 3431/8323 3457/8537 3447/8215
vt 0.93242 0.13506
vt 0.93420 0.13566
vt 0.93350 0.13737
f 3200/8538 3406/8539 3478/8540
vt 0.71396 0.39090
f 3202/8243 3282/8541 3296/8159
vt 0.17306 0.35577
vt 0.17039 0.35506
f 3392/8386 3522/8542 3819/8543
vt 0.51868 0.73670
f 3400/8234 3606/8493 3315/8544
vt 0.09784 0.82368
f 3344/8281 3516/8545 3571/8190
vt 0.11624 0.60728
f 3467/8282 3479/8546 3382/8283
vt 0.83959 0.70889
f 3137/8177 3350/8178 3502/8547
vt 0.15483 0.33558
vt 0.15389 0.33595
f 3464/8211 3368/8548 3475/8549
f 3296/8159 3282/8541 3424/8415
vt 0.15374 0.33636
f 3368/8154 3361/8364 3475/8550
vt 0.76626 0.51463
f 3312/8127 3460/8551 3399/8509
vt 0.26329 0.08045
vt 0.26022 0.08313
f 3345/7619 3787/8552 3377/8553
f 3340/7957 3448/8479 3350/8178
f 3383/8444 3488/8468 3429/8441
f 3302/8244 3463/8381 3405/8445
vt 0.16447 0.34583
f 3363/8246 3279/8245 3416/8554
vt 0.89838 0.41313
f 3372/8555 3511/8494 3358/8377
vt 0.73980 0.91071
f 3360/8347 3482/8556 3542/8348
f 3345/7619 3425/8026 3787/8552
f 3345/7619 3377/8553 3355/7598
vt 0.84865 0.39244
f 3341/8502 3521/8557 3562/8488
vt 0.93613 0.14174
f 3382/8241 3458/8558 3389/8409
vt 0.09447 0.90798
f 3444/8448 3498/8559 3388/8428
vt 0.17657 0.35862
f 3433/8121 3374/8066 3529/8560
vt 0.79314 0.91228
f 3379/8101 3389/8451 3431/8561
vt 0.89224 0.23519
vt 0.89216 0.23849
vt 0.89036 0.23642
f 3387/8562 3189/8563 3557/8564
vt 0.15886 0.57821
f 3249/7920 3446/8565 3463/8381
vt 0.12489 0.52535
f 3447/8286 3457/8566 3626/8478
vt 0.12195 0.52492
f 3431/8323 3442/8567 3457/8537
vt 0.17483 0.61363
f 3503/8315 3336/8079 3470/8568
vt 0.09458 0.90302
f 3380/8429 3388/8428 3572/8569
vt 0.67492 0.63504
f 3452/8515 3451/8570 3419/8513
vt 0.87240 0.20856
vt 0.87041 0.20609
vt 0.87252 0.20555
f 3254/8571 3518/8572 3409/8573
vt 0.05820 0.88385
vt 0.05835 0.88196
vt 0.05977 0.88525
f 3300/8574 3413/8575 3430/8576
vt 0.12715 0.52618
f 3410/8287 3626/8478 3591/8577
vt 0.16748 0.61594
vt 0.16775 0.61391
vt 0.16862 0.61358
f 3359/8578 3495/8579 3480/8580
vt 0.86170 0.54984
vt 0.86236 0.55000
vt 0.86287 0.55199
f 3372/8581 3394/8582 3511/8583
vt 0.11550 0.60473
f 3382/8283 3479/8546 3458/8584
vt 0.76607 0.46523
f 3283/8198 3520/8469 3579/8585
vt 0.96913 0.64513
f 3329/8459 3499/8461 3417/8586
vt 0.09429 0.91394
f 3507/8510 3363/8456 3416/8587
vt 0.13768 0.52645
f 3365/8438 3429/8441 3438/8588
vt 0.16437 0.34760
f 3279/8245 3578/8589 3416/8554
vt 0.15991 0.59082
f 3385/8311 3541/8176 3459/8590
vt 0.89264 0.23322
vt 0.88922 0.23324
f 3310/8591 3387/8562 3627/8592
vt 0.10049 0.96208
vt 0.09871 0.96246
vt 0.10030 0.96042
f 3412/8593 3461/8594 3407/8595
vt 0.68468 0.63503
f 3360/8295 3433/8379 3482/8596
vt 0.42031 0.56551
vt 0.42191 0.56804
vt 0.41975 0.56749
f 3398/8597 3462/8598 3476/8599
vt 0.87611 0.01208
vt 0.87766 0.01218
vt 0.87649 0.01480
f 3402/8600 3483/8601 3346/8602
vt 0.42138 0.57543
vt 0.42027 0.57457
vt 0.42146 0.57450
f 3441/8603 3450/8604 3378/8605
vt 0.71465 0.39911
vt 0.71444 0.40043
f 3343/8319 3434/8606 3432/8607
vt 0.93227 0.13801
f 3200/8538 3478/8540 3567/8608
f 3343/8319 3426/8395 3434/8606
vt 0.87129 0.20882
f 3254/8571 3421/8609 3518/8572
vt 0.51995 0.73637
f 3315/8544 3606/8493 3484/8610
vt 0.84334 0.50360
f 3384/8485 3576/8611 3445/8332
vt 0.87303 0.20020
vt 0.87227 0.20154
vt 0.87123 0.20011
f 3406/8612 3513/8613 3478/8614
vt 0.46695 0.55202
vt 0.46704 0.55365
f 3318/8292 3453/8615 3514/8616
vt 0.09159 0.82848
vt 0.09057 0.82840
f 3370/8270 3605/8617 3448/8618
vt 0.98136 0.00102
vt 0.98111 0.00025
vt 0.98151 0.00015
f 3386/8619 3480/8620 3491/8621
vt 0.42204 0.57070
vt 0.42060 0.56967
f 3466/8622 3536/8623 3462/8598
vt 0.06269 0.82315
f 3344/8524 3679/8523 3516/8624
vt 0.42098 0.57932
f 3390/8526 3646/8625 3440/8527
vt 0.97824 0.98360
vt 0.97743 0.98362
vt 0.97743 0.98267
f 3390/8626 3531/8627 3646/8628
vt 0.42144 0.57626
f 3440/8527 3450/8604 3441/8629
f 3370/8270 3420/8015 3605/8617
f 3290/7907 3472/8028 3545/7853
vt 0.15907 0.57941
f 3463/8381 3446/8565 3469/8630
vt 0.15872 0.57546
f 3249/7920 3435/8631 3446/8565
vt 0.38414 0.95977
f 3464/8310 3461/8632 3412/8290
vt 0.71489 0.40170
f 3399/8477 3343/8319 3432/8633
vt 0.41987 0.56344
vt 0.41903 0.56403
vt 0.41873 0.56245
f 3335/8634 3415/8635 3428/8636
vt 0.41915 0.57535
f 3450/8604 3440/8527 3523/8637
vt 0.94885 0.12310
vt 0.94702 0.12220
vt 0.94867 0.12100
f 3352/8638 3530/8639 3423/8640
vt 0.58078 0.68718
vt 0.58166 0.68767
vt 0.58019 0.68789
f 3410/8641 3591/8642 3488/8643
vt 0.33600 0.55159
f 3564/8342 3485/8644 3465/8100
f 3409/8573 3518/8572 3513/8613
vt 0.97389 0.28572
vt 0.97427 0.28469
vt 0.97440 0.28563
f 3390/8645 3494/8646 3531/8647
vt 0.76601 0.50633
f 3434/8443 3426/8648 3353/8223
vt 0.47789 0.86728
f 3334/8383 3599/8649 3348/8467
vt 0.47913 0.86682
f 3334/8383 3556/8650 3599/8649
vt 0.06056 0.88308
f 3413/8575 3549/8651 3430/8576
vt 0.87631 0.02070
vt 0.87614 0.01896
vt 0.87859 0.02073
f 3394/8652 3338/8653 3511/8654
vt 0.71572 0.40492
f 3534/8189 3399/8477 3460/8655
vt 0.98562 0.78743
vt 0.98556 0.78789
vt 0.98531 0.78759
f 3386/8656 3491/8657 3495/8658
vt 0.09975 0.95973
vt 0.09866 0.96060
f 3494/8659 3407/8595 3565/8660
vt 0.18169 0.61347
f 3384/8431 3487/8419 3576/8661
vt 0.17266 0.61358
f 3404/8501 3523/8662 3470/8568
f 3404/8501 3470/8568 3336/8079
vt 0.16015 0.57246
f 3436/8016 3515/8370 3528/8663
vt 0.97013 0.75901
f 3417/8480 3568/8664 3391/8302
vt 0.64361 0.48291
f 3414/8265 3393/8048 3689/8665
vt 0.23441 0.88167
f 3369/8507 3526/8666 3435/8508
vt 0.96822 0.64481
f 3499/8461 3568/8667 3417/8586
vt 0.60615 0.97641
vt 0.60688 0.97763
vt 0.60600 0.97732
f 3431/8668 3389/8669 3458/8670
vt 0.05822 0.88040
vt 0.05964 0.88043
f 3445/8671 3476/8672 3413/8575
vt 0.42053 0.57913
f 3440/8527 3646/8625 3491/8673
vt 0.87924 0.01899
f 3338/8653 3346/8602 3553/8674
vt 0.18424 0.37020
f 3624/8196 3545/7853 3651/8675
f 3355/7598 3377/8553 3649/8274
f 3407/8595 3461/8594 3565/8660
vt 0.93607 0.72807
f 3402/8336 3517/8504 3483/8676
vt 0.91628 0.13555
f 3452/8518 3439/8517 3618/8677
vt 0.30458 0.03610
f 3089/7216 3519/8678 3166/7723
f 2982/7377 3504/8275 3396/8449
vt 0.11794 0.30142
f 3375/8126 3598/8679 3596/8496
vt 0.87242 0.43404
vt 0.87206 0.43484
vt 0.87174 0.43148
f 3444/8680 3507/8681 3498/8682
vt 0.57994 0.68993
vt 0.57606 0.69073
f 3488/8643 3548/8683 3429/8684
vt 0.15362 0.33507
vt 0.15196 0.33605
f 3464/8685 3475/8549 3589/8686
f 3462/8598 3536/8623 3476/8599
vt 0.41995 0.57864
f 3440/8527 3491/8673 3480/8687
vt 0.11927 0.61441
f 3473/8457 3640/8688 3597/8249
vt 0.68573 0.63621
f 3433/8379 3529/8689 3482/8596
f 3436/8016 3528/8663 3369/8405
vt 0.86943 0.81828
vt 0.86975 0.81978
vt 0.86911 0.81885
f 3431/8690 3458/8691 3552/8692
vt 0.36995 0.65038
f 3439/8489 3449/8273 3687/8693
vt 0.11440 0.60272
vt 0.11394 0.60356
vt 0.11409 0.60237
f 3431/8694 3552/8695 3442/8696
vt 0.91618 0.13731
f 3452/8518 3618/8677 3620/8697
vt 0.67573 0.63404
vt 0.67656 0.63551
f 3452/8698 3492/8699 3451/8570
vt 0.06762 0.60353
f 3427/8144 3376/8491 3574/8700
vt 0.41780 0.56511
f 3415/8635 3398/8597 3512/8701
vt 0.88913 0.23518
f 3557/8564 3616/8702 3387/8562
vt 0.16099 0.59091
f 3459/8590 3541/8176 3468/8703
f 3338/8653 3553/8674 3511/8654
vt 0.24957 0.95198
vt 0.24878 0.95099
vt 0.24945 0.95159
f 3428/8704 3636/8705 3376/8706
vt 0.86208 0.52803
vt 0.86208 0.52341
vt 0.86463 0.52609
f 3350/8707 3448/8708 3509/8709
f 3413/8575 3476/8672 3549/8651
vt 0.57625 0.69250
vt 0.57217 0.69445
f 3429/8684 3566/8710 3438/8711
vt 0.22898 0.11597
f 3454/8390 3305/8069 3692/8712
vt 0.23329 0.88384
f 3446/8713 3435/8508 3526/8666
vt 0.23395 0.88476
f 3446/8713 3526/8666 3469/8714
vt 0.05863 0.87931
f 3445/8671 3576/8715 3476/8672
vt 0.46619 0.55476
f 3318/8292 3514/8616 3515/8716
vt 0.30236 0.03931
f 3166/7723 3731/8717 3505/8217
vt 0.07021 0.59864
f 3427/8144 3609/8718 3189/7944
vt 0.45574 0.85636
vt 0.45543 0.85834
f 3453/8719 3484/8511 3514/8720
vt 0.97259 0.78525
vt 0.97214 0.78398
vt 0.97330 0.78420
f 3378/8721 3450/8722 3533/8723
f 3437/8072 3673/8498 3578/8589
vt 0.99044 0.25084
vt 0.99015 0.25027
vt 0.99044 0.25022
f 3437/8724 3578/8725 3279/8726
vt 0.06028 0.88724
f 3523/8531 3430/8530 3450/8727
vt 0.67889 0.63473
f 3452/8698 3477/8728 3492/8699
vt 0.94857 0.12005
f 3423/8640 3530/8639 3460/8729
vt 0.86256 0.53023
f 3350/8707 3509/8709 3502/8730
vt 0.67337 0.63707
f 3451/8570 3520/8731 3419/8513
vt 0.69390 0.94719
vt 0.69140 0.94853
vt 0.69158 0.94683
f 3530/8732 3317/8733 3573/8734
vt 0.42001 0.57375
f 3378/8462 3533/8735 3466/8454
vt 0.15918 0.57481
f 3369/8405 3528/8663 3526/8736
vt 0.76790 0.46541
f 3579/8585 3520/8469 3634/8737
vt 0.23317 0.89022
vt 0.23289 0.88713
vt 0.23362 0.88799
f 3405/8738 3463/8739 3547/8740
vt 0.87932 0.01536
f 3346/8602 3483/8601 3537/8741
vt 0.41876 0.57774
f 3480/8687 3668/8742 3440/8527
vt 0.12050 0.30540
f 3471/8426 3701/8743 3546/8404
vt 0.12545 0.30850
f 3506/8116 3573/8744 3317/8260
vt 0.87057 0.42933
vt 0.87215 0.42821
f 3498/8682 3548/8745 3388/8746
vt 0.23354 0.88649
f 3463/8739 3469/8747 3547/8740
vt 0.06118 0.90344
vt 0.06159 0.90599
f 3395/8424 3455/8748 3584/8749
vt 0.23191 0.89276
vt 0.23269 0.89257
f 3474/8750 3405/8738 3550/8751
vt 0.84773 0.39306
f 3521/8557 3619/8752 3562/8488
vt 0.41851 0.56605
f 3398/8597 3576/8753 3512/8701
vt 0.79682 0.21561
vt 0.79606 0.21703
f 3556/8487 3465/8754 3588/8755
vt 0.85229 0.00667
f 3391/8380 3568/8756 3517/8458
vt 0.41924 0.57649
f 3440/8527 3668/8742 3669/8757
vt 0.96990 0.98883
vt 0.97019 0.98948
vt 0.96990 0.98962
f 3474/8758 3550/8759 3541/8760
vt 0.06171 0.88644
vt 0.06070 0.88704
f 3430/8530 3533/8761 3450/8762
vt 0.07267 0.59985
f 3189/7944 3609/8718 3557/8763
vt 0.91506 0.13937
f 3477/8764 3452/8518 3620/8697
vt 0.79682 0.21619
f 3465/8754 3485/8765 3588/8755
vt 0.71710 0.40740
f 3534/8189 3647/8766 3471/8402
vt 0.95852 0.38835
vt 0.95959 0.38690
vt 0.95950 0.38885
f 3342/8767 3569/8768 3467/8769
vt 0.24974 0.95152
vt 0.24972 0.95007
f 3376/8770 3636/8705 3489/8771
f 3523/8637 3440/8527 3669/8757
vt 0.37890 0.63840
f 3650/8227 3380/8534 3572/8772
f 3429/8684 3548/8683 3566/8710
vt 0.23140 0.11547
f 3305/8069 3771/8773 3692/8712
vt 0.91461 0.14064
vt 0.91452 0.14264
f 3501/8774 3477/8764 3496/8775
vt 0.67985 0.63573
f 3477/8728 3501/8776 3492/8699
vt 0.86869 0.96213
vt 0.86834 0.96056
vt 0.86950 0.96083
f 3464/8777 3589/8778 3461/8779
f 3398/8597 3476/8599 3576/8753
vt 0.84822 0.36024
vt 0.84806 0.35822
vt 0.84869 0.35899
f 3376/8780 3489/8781 3574/8782
vt 0.11233 0.60289
f 3442/8696 3552/8695 3642/8783
vt 0.16081 0.34429
f 3408/7955 3535/8784 3629/7682
vt 0.16224 0.34455
f 3438/8785 3535/8784 3408/7955
vt 0.86963 0.20126
f 3513/8613 3539/8786 3478/8614
vt 0.99300 0.89743
vt 0.99280 0.89717
vt 0.99300 0.89697
f 3495/8787 3491/8788 3559/8789
vt 0.16914 0.61243
f 3495/8579 3559/8790 3480/8580
vt 0.51936 0.73236
f 3606/8493 3562/8492 3712/8791
vt 0.90254 0.45500
f 3455/8401 3627/8497 3584/8792
vt 0.73348 0.17739
vt 0.73220 0.17557
vt 0.73433 0.17511
f 3618/8793 3439/8794 3687/8795
vt 0.28731 0.05568
f 3603/8222 3752/8796 3328/7464
vt 0.64686 0.48343
f 3454/8475 3692/8797 3393/8048
f 3466/8454 3533/8735 3536/8623
vt 0.05800 0.90653
f 3486/8425 3395/8424 3421/8798
vt 0.41741 0.56126
f 3415/8635 3636/8799 3428/8636
vt 0.37690 0.64407
f 3278/8033 3650/8227 3638/8800
vt 0.90990 0.21853
vt 0.91082 0.21838
vt 0.91017 0.22076
f 3643/8801 3570/8802 3555/8803
vt 0.86931 0.20872
f 3421/8609 3611/8804 3518/8572
vt 0.19736 0.37934
vt 0.19731 0.38205
f 3497/8805 3414/8266 3689/8806
vt 0.87142 0.42651
f 3388/8746 3548/8745 3572/8807
vt 0.23538 0.11048
f 3305/8069 3802/8808 3771/8773
vt 0.12206 0.52371
f 3457/8537 3442/8567 3540/8809
vt 0.16860 0.61278
vt 0.16843 0.61235
f 3491/8810 3646/8811 3559/8790
vt 0.37160 0.65015
f 3449/8273 3278/8033 3708/8812
f 3346/8602 3537/8741 3553/8674
vt 0.12337 0.52258
f 3457/8537 3540/8809 3658/8813
vt 0.91538 0.32672
vt 0.91443 0.32609
vt 0.91583 0.32550
f 3456/8814 3595/8815 3525/8816
vt 0.18076 0.61137
f 3487/8419 3503/8315 3744/8817
vt 0.06761 0.60018
f 3427/8144 3791/8818 3609/8718
f 3392/8386 3819/8543 3575/8071
vt 0.11699 0.60920
f 3467/8282 3569/8819 3479/8546
vt 0.11462 0.60401
vt 0.11419 0.60485
f 3458/8820 3508/8821 3552/8695
vt 0.68014 0.63574
vt 0.68258 0.63537
vt 0.68196 0.63622
f 3501/8822 3496/8823 3561/8824
vt 0.98562 0.45738
vt 0.98574 0.45826
vt 0.98528 0.45748
f 3484/8825 3606/8826 3514/8827
vt 0.73860 0.91099
f 3482/8556 3510/8828 3542/8348
vt 0.12120 0.52355
f 3442/8567 3642/8829 3540/8809
vt 0.91570 0.14405
vt 0.91457 0.14458
f 3496/8775 3510/8830 3482/8831
f 3576/8661 3487/8419 3744/8817
vt 0.87005 0.42668
f 3572/8807 3548/8745 3585/8832
vt 0.93276 0.46872
vt 0.93400 0.46887
vt 0.93248 0.46944
f 3451/8833 3602/8834 3520/8835
vt 0.17694 0.36138
f 3374/8066 3615/8836 3529/8560
vt 0.06055 0.88161
f 3549/8651 3476/8672 3536/8837
f 3443/7797 3802/8808 3500/7534
vt 0.90696 0.68308
vt 0.90538 0.68256
f 3599/8838 3801/8839 3348/8471
vt 0.86543 0.52303
f 3448/8708 3605/8840 3509/8709
f 3348/8471 3801/8839 3595/8472
vt 0.93646 0.73045
f 3483/8676 3517/8504 3532/8841
vt 0.68411 0.63694
f 3496/8823 3482/8596 3655/8842
vt 0.86992 0.82253
vt 0.86889 0.82210
f 3458/8691 3479/8843 3739/8844
vt 0.87929 0.01197
f 3483/8601 3532/8845 3537/8741
f 3482/8596 3529/8689 3655/8842
vt 0.91626 0.13993
f 3496/8775 3477/8764 3604/8846
f 3496/8775 3604/8846 3510/8830
vt 0.17466 0.61257
f 3470/8568 3524/8847 3503/8315
vt 0.12879 0.31336
f 3468/8374 3700/8848 3506/8116
f 3620/8697 3604/8846 3477/8764
f 3387/8562 3616/8702 3627/8592
f 3496/8823 3655/8842 3561/8824
vt 0.89539 0.41669
f 3521/8521 3401/8378 3577/8849
vt 0.86579 0.53025
f 3502/8730 3509/8709 3745/8850
f 3418/8025 3328/7464 3752/8796
vt 0.99120 0.71491
vt 0.99099 0.71528
vt 0.99099 0.71457
f 3470/8851 3523/8852 3524/8853
vt 0.92538 0.75307
vt 0.92409 0.75355
vt 0.92507 0.75136
f 3501/8854 3583/8855 3492/8856
vt 0.19437 0.38162
vt 0.19458 0.37962
f 3497/8805 3763/8857 3719/8858
vt 0.12111 0.61547
f 3493/8175 3628/8859 3422/8279
vt 0.18834 0.37528
f 3502/8482 3703/8860 3472/8028
vt 0.52080 0.73653
vt 0.52245 0.73620
f 3514/8861 3606/8493 3682/8862
vt 0.86877 0.82024
f 3458/8691 3739/8844 3508/8863
vt 0.16989 0.61261
f 3480/8580 3559/8790 3668/8864
vt 0.16143 0.57159
f 3515/8370 3697/8865 3528/8663
vt 0.42015 0.57997
vt 0.41979 0.57920
vt 0.41994 0.57894
f 3646/8866 3527/8867 3559/8868
vt 0.12096 0.61358
vt 0.12074 0.61526
vt 0.12078 0.61208
f 3422/8869 3628/8870 3473/8871
vt 0.16148 0.34663
f 3438/8785 3716/8872 3535/8784
vt 0.86986 0.20002
f 3539/8786 3558/8873 3478/8614
vt 0.91096 0.22304
vt 0.90987 0.22253
f 3555/8803 3554/8874 3652/8875
vt 0.41689 0.56420
f 3415/8635 3656/8876 3636/8799
vt 0.84856 0.39431
f 3521/8557 3587/8877 3619/8752
vt 0.16388 0.34619
vt 0.16263 0.34628
f 3416/8878 3578/8589 3544/8879
vt 0.16169 0.58900
f 3468/8703 3541/8176 3676/8880
vt 0.12133 0.61729
f 3525/8192 3698/8881 3493/8175
f 3430/8530 3549/8651 3533/8761
f 3499/8500 3567/8416 3568/8756
vt 0.61661 0.11528
vt 0.61427 0.11503
vt 0.61612 0.11307
f 3592/8882 3535/8883 3666/8884
vt 0.71779 0.40527
f 3460/8655 3563/8885 3534/8189
vt 0.05937 0.90711
f 3395/8424 3538/8886 3421/8798
vt 0.11762 0.61004
f 3597/8249 3569/8887 3342/8499
f 3513/8613 3518/8572 3539/8786
vt 0.91117 0.22026
f 3570/8802 3654/8888 3555/8803
vt 0.33188 0.55018
f 3579/8393 3543/8889 3564/8342
vt 0.87183 0.43733
vt 0.87071 0.43744
f 3507/8681 3416/8890 3544/8891
vt 0.87060 0.43401
f 3507/8681 3544/8891 3566/8892
vt 0.58151 0.68871
f 3488/8643 3591/8642 3608/8893
f 3488/8643 3608/8893 3548/8683
vt 0.57356 0.69484
f 3566/8710 3544/8894 3438/8711
vt 0.89462 0.41598
f 3521/8521 3577/8849 3587/8895
vt 0.93295 0.47108
f 3520/8835 3602/8834 3648/8896
vt 0.17980 0.36818
f 3651/8675 3927/8897 3624/8196
vt 0.97576 0.91230
vt 0.97670 0.91199
vt 0.97598 0.91338
f 3494/8898 3565/8899 3607/8900
f 3507/8681 3566/8892 3498/8682
vt 0.41978 0.57053
f 3536/8623 3533/8735 3549/8901
vt 0.15826 0.34390
f 3629/7682 3535/8784 3765/8902
f 3624/8196 3615/8836 3374/8066
vt 0.28557 0.05918
f 3418/8025 3752/8796 3907/8903
vt 0.97216 0.63340
vt 0.97273 0.63286
vt 0.97229 0.63418
f 3531/8904 3494/8905 3671/8906
vt 0.15923 0.57814
vt 0.16073 0.57591
vt 0.15974 0.58007
f 3469/8907 3665/8908 3547/8909
f 3166/7723 3519/8678 3731/8717
vt 0.29439 0.04895
f 3894/8345 3693/8910 3593/8024
f 3089/7216 3664/8397 3519/8678
vt 0.94705 0.12033
f 3460/8729 3530/8639 3563/8911
vt 0.92530 0.74946
vt 0.92429 0.74930
f 3451/8912 3492/8856 3602/8913
f 3500/7534 3802/8808 3305/8069
vt 0.96175 0.68633
vt 0.96229 0.68618
vt 0.96147 0.68796
f 3658/8914 3626/8915 3457/8916
vt 0.42136 0.58050
vt 0.42060 0.58107
f 3531/8917 3671/8918 3646/8866
f 3555/8803 3654/8888 3554/8874
vt 0.11209 0.60369
f 3552/8695 3849/8919 3642/8783
vt 0.29977 0.04430
f 3285/7838 3505/8217 3869/8920
vt 0.15106 0.76957
vt 0.15117 0.77084
vt 0.14868 0.77176
f 3562/8921 3619/8922 3890/8923
vt 0.86918 0.20692
f 3518/8572 3611/8804 3553/8924
vt 0.84749 0.39514
f 3587/8877 3747/8925 3619/8752
f 3526/8736 3665/8908 3469/8907
vt 0.73449 0.17628
f 3618/8793 3687/8795 3602/8926
vt 0.61752 0.11436
f 3592/8882 3666/8884 3613/8927
vt 0.12873 0.52427
vt 0.12718 0.52487
f 3626/8478 3586/8928 3591/8929
vt 0.33421 0.54845
vt 0.33585 0.54853
f 3564/8342 3730/8930 3706/8931
f 3564/8342 3706/8931 3485/8644
vt 0.73792 0.90944
vt 0.73710 0.91044
f 3522/8932 3542/8348 3645/8933
vt 0.34827 0.95989
vt 0.34773 0.96105
vt 0.34741 0.96004
f 3559/8934 3527/8935 3668/8936
vt 0.13910 0.52439
vt 0.13689 0.52405
vt 0.13714 0.52248
f 3535/8937 3592/8938 3621/8939
vt 0.13937 0.52217
f 3535/8937 3621/8939 3765/8940
vt 0.88012 0.01366
f 3537/8741 3532/8845 3539/8941
vt 0.84204 0.58460
vt 0.84183 0.58666
vt 0.84022 0.58630
f 3623/8942 3560/8943 3580/8944
vt 0.92530 0.75426
vt 0.92514 0.75690
vt 0.92400 0.75591
f 3501/8945 3561/8946 3625/8947
f 3501/8945 3625/8947 3583/8855
vt 0.31058 0.03166
f 3664/8397 3236/8385 3750/8948
vt 0.46718 0.55603
vt 0.46630 0.55714
f 3515/8716 3682/8949 3697/8950
vt 0.69373 0.94561
f 3573/8734 3563/8951 3530/8732
f 3534/8189 3563/8885 3647/8766
vt 0.99138 0.75021
vt 0.99162 0.75001
vt 0.99162 0.75058
f 3570/8952 3643/8953 3683/8954
f 3267/7514 3396/8449 3725/8229
vt 0.87988 0.02058
f 3511/8654 3553/8674 3611/8955
vt 0.41777 0.56514
f 3512/8956 3656/8876 3415/8635
vt 0.68580 0.63836
f 3529/8689 3615/8957 3655/8842
f 3498/8682 3566/8892 3548/8745
f 3497/8805 3689/8806 3763/8857
vt 0.86856 0.20430
f 3553/8924 3537/8958 3518/8572
f 3473/8871 3628/8870 3640/8688
vt 0.06908 0.82517
f 3497/8525 3719/8959 3679/8523
vt 0.57322 0.69639
f 3438/8711 3544/8894 3718/8960
vt 0.16275 0.34776
f 3438/8785 3718/8961 3716/8872
vt 0.79770 0.21758
vt 0.79585 0.21847
f 3485/8962 3722/8963 3588/8755
vt 0.88874 0.23415
f 3616/8702 3675/8964 3627/8592
vt 0.17306 0.61191
f 3523/8662 3669/8965 3524/8847
vt 0.58142 0.68924
f 3548/8683 3608/8893 3585/8966
f 3526/8736 3528/8663 3665/8908
vt 0.86871 0.20000
f 3558/8873 3539/8786 3532/8967
vt 0.69162 0.94531
f 3573/8734 3647/8968 3563/8951
vt 0.16199 0.59100
f 3468/8703 3676/8880 3700/8969
f 3518/8572 3537/8958 3539/8786
vt 0.95618 0.54270
vt 0.95613 0.54066
vt 0.95726 0.54127
f 3475/8970 3681/8971 3589/8972
vt 0.18239 0.61260
vt 0.18260 0.61237
f 3576/8973 3744/8817 3512/8974
vt 0.11966 0.30334
f 3375/8126 3546/8404 3632/8975
vt 0.63128 0.97626
vt 0.63023 0.97619
vt 0.63125 0.97571
f 3581/8976 3565/8977 3589/8978
vt 0.27573 0.07085
f 3373/7568 3672/8439 3900/8979
vt 0.24313 0.10440
f 3481/7686 3725/8229 3770/8980
f 3449/8273 3708/8812 3687/8693
f 3375/8126 3632/8975 3598/8679
vt 0.25574 0.09053
f 3649/8274 3835/8981 3504/8275
f 3546/8404 3701/8743 3632/8975
vt 0.96945 0.92422
vt 0.96819 0.92537
vt 0.96877 0.92357
f 3581/8982 3607/8983 3565/8984
vt 0.86571 0.55300
vt 0.86424 0.55352
f 3511/8583 3611/8985 3610/8986
vt 0.16012 0.58617
vt 0.16206 0.58621
f 3541/8176 3550/8987 3715/8988
vt 0.64484 0.48368
f 3393/8048 3692/8797 3688/8989
vt 0.16377 0.35101
f 3578/8589 3673/8498 3828/8990
vt 0.40521 0.97632
vt 0.40621 0.97631
vt 0.40582 0.97715
f 3494/8991 3607/8992 3671/8993
vt 0.37922 0.63987
f 3572/8772 3630/8994 3650/8227
vt 0.17225 0.35792
f 3522/8542 3645/8995 3819/8543
vt 0.89832 0.41777
f 3401/8378 3511/8494 3610/8996
vt 0.83962 0.58301
f 3580/8944 3600/8997 3623/8942
vt 0.12745 0.52113
f 3586/8928 3626/8478 3837/8998
vt 0.13169 0.52432
vt 0.13505 0.52294
vt 0.13552 0.52449
f 3590/8999 3740/9000 3613/9001
vt 0.06753 0.60233
f 3427/8144 3574/9002 3791/8818
vt 0.81012 0.90229
vt 0.81014 0.90126
vt 0.81078 0.90170
f 3552/9003 3508/9004 3755/9005
vt 0.67397 0.63724
vt 0.67343 0.63918
f 3520/8731 3648/9006 3634/9007
vt 0.24887 0.94975
f 3489/8771 3636/8705 3726/9008
vt 0.84402 0.58703
f 3623/8942 3661/9009 3560/8943
f 3689/8665 3393/8048 3688/8989
vt 0.37927 0.63790
vt 0.38043 0.63754
vt 0.37989 0.63919
f 3572/9010 3585/9011 3630/9012
vt 0.19076 0.37643
f 3502/8482 3745/9013 3703/8860
vt 0.14905 0.76942
f 3562/8921 3890/8923 3712/9014
vt 0.79771 0.22100
f 3485/8962 3706/9015 3722/8963
vt 0.47907 0.86862
f 3599/8649 3556/8650 3588/9016
vt 0.86910 0.95968
f 3461/8779 3589/8778 3565/9017
f 3490/7691 3743/8346 3411/8276
vt 0.62170 0.11310
vt 0.62141 0.11427
f 3613/8927 3690/9018 3590/9019
f 3613/8927 3666/8884 3690/9018
vt 0.13019 0.52462
vt 0.12951 0.52448
f 3690/9020 3586/9021 3590/8999
vt 0.93369 0.13963
f 3478/8540 3558/9022 3567/8608
vt 0.37650 0.64719
f 3278/8033 3892/9023 3708/8812
vt 0.89687 0.41773
f 3401/8378 3610/8996 3538/9024
vt 0.84017 0.58957
vt 0.83994 0.58717
vt 0.84204 0.58883
f 3632/9025 3580/9026 3617/9027
f 3514/8616 3682/8949 3515/8716
vt 0.82782 0.00787
vt 0.82645 0.00644
vt 0.82756 0.00403
f 3580/9028 3732/9029 3600/9030
vt 0.90284 0.15787
vt 0.90206 0.15939
vt 0.90060 0.15776
f 3555/9031 3652/9032 3582/9033
vt 0.12122 0.61925
f 3525/8192 3811/9034 3698/8881
f 3542/8348 3510/8828 3645/8933
vt 0.82813 0.00128
vt 0.82684 0.00172
f 3594/9035 3600/9030 3612/9036
vt 0.82758 0.00054
f 3594/9035 3612/9036 3614/9037
vt 0.84114 0.58020
vt 0.83999 0.58134
f 3594/9038 3623/8942 3600/9039
vt 0.13636 0.52403
f 3613/9001 3740/9000 3592/9040
vt 0.12356 0.30711
f 3647/9041 3701/8743 3471/8426
vt 0.06304 0.82640
f 3679/8523 3762/9042 3516/8624
vt 0.96882 0.54480
vt 0.96939 0.54624
vt 0.96857 0.54702
f 3581/9043 3589/9044 3681/9045
vt 0.96824 0.54532
f 3581/9043 3681/9045 3674/9046
vt 0.95952 0.38662
vt 0.95898 0.38518
vt 0.95960 0.38509
f 3569/9047 3597/9048 3696/9049
vt 0.90105 0.45127
vt 0.90128 0.45070
vt 0.90261 0.45264
f 3587/9050 3577/9051 3622/9052
vt 0.99273 0.33965
vt 0.99269 0.34005
vt 0.99247 0.33965
f 3591/9053 3586/9054 3608/9055
f 3493/8175 3698/8881 3628/8859
vt 0.65256 0.32314
vt 0.65320 0.32420
vt 0.65095 0.32410
f 3552/9056 3755/9057 3849/9058
vt 0.84087 0.57915
vt 0.84231 0.57860
f 3614/9059 3633/9060 3594/9038
f 3545/7853 3472/8028 3651/8675
vt 0.07193 0.59920
vt 0.07244 0.59843
f 3557/9061 3609/8718 3616/9062
vt 0.91502 0.32455
vt 0.91591 0.32388
f 3525/8816 3595/9063 3699/9064
vt 0.15228 0.33961
f 3361/8364 3686/9065 3475/8550
f 3373/7568 3900/8979 3551/8221
f 3285/7838 3869/8920 3894/8345
vt 0.24856 0.10129
f 3396/8449 3923/9066 3725/8229
vt 0.73453 0.18625
vt 0.73410 0.18165
vt 0.73489 0.18364
f 3510/9067 3604/9068 3625/9069
vt 0.17751 0.61157
f 3524/8847 3644/9070 3503/8315
f 3278/8033 3638/8800 3892/9023
f 3593/8024 3693/8910 3603/8222
vt 0.16209 0.57867
f 3547/8909 3665/8908 3667/9071
vt 0.84415 0.58151
f 3623/8942 3594/9038 3670/9072
vt 0.18389 0.61194
f 3512/8974 3744/8817 3656/9073
vt 0.33283 0.55029
f 3564/8342 3543/9074 3730/8930
vt 0.96935 0.92533
f 3581/8982 3674/9075 3607/8983
f 3401/8378 3538/9024 3577/8849
f 3560/8943 3661/9009 3617/9027
vt 0.10374 0.94550
vt 0.10410 0.94731
vt 0.10258 0.94657
f 3554/9076 3756/9077 3652/9078
f 3617/9027 3580/9026 3560/8943
f 3590/8999 3586/8928 3837/8998
vt 0.82763 0.01146
vt 0.82599 0.01025
f 3632/9079 3685/9080 3580/9028
vt 0.84133 0.59055
f 3617/9027 3598/9081 3632/9025
vt 0.90514 0.68479
f 3599/8838 3723/9082 3801/8839
vt 0.90474 0.68173
f 3595/8472 3801/8839 3699/9083
vt 0.91257 0.22224
f 3554/8874 3654/8888 3754/9084
vt 0.90200 0.15458
f 3555/9031 3582/9033 3643/9085
vt 0.84838 0.35567
vt 0.84921 0.35700
f 3489/8781 3641/9086 3574/9087
vt 0.90210 0.45296
f 3627/9088 3587/9050 3622/9052
vt 0.84972 0.39641
vt 0.84817 0.39726
f 3627/9089 3824/9090 3587/8877
vt 0.16312 0.34765
f 3578/8589 3718/9091 3544/8879
vt 0.52284 0.73332
f 3682/8862 3606/8493 3749/9092
vt 0.47803 0.86907
f 3588/9016 3635/9093 3599/8649
f 3676/8880 3541/8176 3715/8988
vt 0.93798 0.73080
f 3517/8504 3568/9094 3532/8841
vt 0.05815 0.90826
f 3538/8886 3610/9095 3421/8798
f 3600/9030 3732/9029 3612/9036
vt 0.06111 0.90820
f 3395/8424 3584/8749 3622/9096
f 3395/8424 3622/9096 3538/8886
vt 0.92379 0.75029
f 3602/8913 3492/8856 3618/9097
vt 0.16274 0.58027
vt 0.16040 0.58344
f 3547/8909 3713/9098 3405/9099
vt 0.06182 0.90686
f 3627/9100 3622/9096 3584/8749
vt 0.61379 0.11258
f 3535/8883 3716/9101 3666/8884
vt 0.76777 0.46796
f 3579/8585 3634/8737 3705/9102
vt 0.76630 0.46800
f 3579/8585 3705/9102 3543/9103
vt 0.92366 0.75217
f 3492/8856 3620/9104 3618/9097
f 3492/8856 3583/8855 3620/9104
vt 0.88176 0.52606
vt 0.87983 0.52476
vt 0.88129 0.52296
f 3614/9105 3789/9106 3633/9107
vt 0.84197 0.59049
vt 0.84405 0.59032
f 3598/9108 3617/9027 3596/9109
vt 0.12373 0.62123
f 3525/8192 3699/9110 3811/9034
vt 0.98457 0.33776
vt 0.98458 0.33857
vt 0.98422 0.33770
f 3621/9111 3592/9112 3740/9113
vt 0.25133 0.09604
f 3504/8275 3782/9114 3396/8449
vt 0.09413 0.82872
f 3420/8015 3571/8190 3605/9115
vt 0.11617 0.61054
f 3569/8819 3696/9116 3479/8546
vt 0.11781 0.61215
f 3597/8249 3640/8688 3776/9117
vt 0.62486 0.11341
vt 0.62511 0.11266
f 3586/9118 3690/9018 3608/9119
vt 0.05768 0.90753
f 3611/9120 3421/8798 3610/9095
f 3547/8909 3667/9071 3713/9098
f 3550/8987 3405/9099 3715/8988
vt 0.97890 0.71472
vt 0.97922 0.71532
vt 0.97895 0.71597
f 3642/9121 3707/9122 3540/9123
vt 0.73378 0.17892
vt 0.73492 0.18139
f 3604/9068 3620/9124 3583/9125
vt 0.41488 0.56165
f 3636/8799 3656/8876 3766/9126
vt 0.93453 0.47100
f 3648/8896 3602/8834 3781/9127
f 3578/8589 3828/8990 3718/9091
f 3503/8315 3644/9070 3744/8817
vt 0.26810 0.07835
f 3425/8026 3551/8221 3729/9128
vt 0.38104 0.63886
f 3630/9012 3585/9011 3663/9129
vt 0.10231 0.94838
f 3652/9078 3756/9077 3709/9130
vt 0.16885 0.61117
vt 0.16766 0.61161
vt 0.16826 0.61019
f 3527/9131 3646/9132 3793/9133
f 3604/9068 3583/9125 3625/9069
vt 0.90680 0.68526
f 3599/8838 3635/9134 3723/9082
vt 0.12234 0.52314
vt 0.12118 0.52178
vt 0.12239 0.52243
f 3540/9135 3707/9136 3658/9137
vt 0.07255 0.59680
f 3616/9062 3609/8718 3675/9138
vt 0.86743 0.52616
vt 0.86745 0.52968
f 3509/8709 3702/9139 3773/9140
f 3509/8709 3773/9140 3745/8850
vt 0.30921 0.03480
f 3750/8948 3742/9141 3664/8397
vt 0.84409 0.58924
f 3617/9027 3661/9009 3662/9142
f 3617/9027 3662/9142 3596/9109
vt 0.84421 0.57968
f 3594/9038 3633/9060 3657/9143
vt 0.84452 0.58357
f 3623/8942 3670/9072 3736/9144
f 3623/8942 3736/9144 3661/9009
vt 0.93237 0.14061
f 3567/8608 3558/9022 3568/9145
vt 0.16283 0.57570
f 3665/8908 3737/9146 3667/9071
vt 0.16244 0.57350
f 3665/8908 3528/8663 3680/9147
vt 0.82619 0.00331
f 3612/9036 3732/9029 3694/9148
vt 0.24872 0.94898
vt 0.24973 0.94801
f 3489/8771 3726/9149 3641/9150
vt 0.73533 0.18585
f 3510/9067 3625/9069 3639/9151
vt 0.73521 0.18772
f 3510/9067 3639/9151 3677/9152
vt 0.82566 0.00780
f 3580/9028 3685/9080 3637/9153
vt 0.37910 0.64179
f 3650/8227 3630/8994 3794/9154
f 3594/9038 3657/9143 3670/9072
f 3580/9028 3637/9153 3732/9029
vt 0.92478 0.75856
vt 0.92381 0.75847
f 3561/8946 3655/9155 3639/9156
f 3561/8946 3639/9156 3625/8947
vt 0.93346 0.14096
f 3568/9145 3558/9022 3532/9157
vt 0.95857 0.79627
vt 0.95915 0.79690
vt 0.95918 0.79830
f 3715/9158 3839/9159 3676/9160
vt 0.86895 0.42639
vt 0.86897 0.42573
f 3585/8832 3678/9161 3663/9162
vt 0.86957 0.42743
f 3585/8832 3608/9163 3678/9161
vt 0.09805 0.82479
vt 0.09809 0.82685
f 3516/9164 3762/9165 3571/8190
vt 0.62238 0.11231
f 3690/9018 3631/9166 3608/9119
vt 0.16549 0.35392
f 3575/8071 3819/8543 3870/9167
vt 0.90013 0.15336
vt 0.90088 0.15289
f 3643/9085 3734/9168 3683/9169
vt 0.84980 0.39735
f 3627/9089 3675/9170 3824/9090
f 3587/8877 3824/9090 3747/8925
vt 0.27465 0.07354
f 3551/8221 3900/8979 3919/9171
vt 0.73771 0.91161
f 3510/8828 3677/9172 3645/8933
f 3524/8847 3669/8965 3644/9070
vt 0.73733 0.17532
f 3602/8926 3687/8795 3781/9173
vt 0.17770 0.36433
f 3624/8196 3786/9174 3615/8836
vt 0.68454 0.63908
f 3655/8842 3615/8957 3778/9175
vt 0.95911 0.38398
f 3597/9048 3776/9176 3696/9049
f 3575/8071 3870/9167 3673/8498
vt 0.13344 0.51996
f 3590/8999 3714/9177 3740/9000
vt 0.82649 0.01194
f 3632/9079 3701/9178 3685/9080
vt 0.15116 0.33705
f 3475/8550 3686/9065 3681/9179
vt 0.62374 0.11212
f 3631/9166 3678/9180 3608/9119
vt 0.91278 0.21922
vt 0.91158 0.22048
f 3570/8802 3728/9181 3654/9182
vt 0.84964 0.35437
f 3641/9086 3791/9183 3574/9087
vt 0.16199 0.35005
f 3718/8961 3827/9184 3716/8872
vt 0.88010 0.52213
vt 0.88083 0.52046
f 3633/9107 3785/9185 3657/9186
vt 0.96225 0.68482
f 3658/8914 3659/9187 3626/8915
f 3528/8663 3697/8865 3680/9147
vt 0.15004 0.33487
vt 0.14954 0.33607
f 3674/9188 3681/9179 3660/9189
vt 0.89509 0.41777
f 3577/8849 3538/9024 3622/9190
vt 0.87861 0.52654
f 3614/9105 3875/9191 3789/9106
vt 0.61835 0.11213
f 3666/8884 3691/9192 3690/9018
vt 0.61578 0.11027
f 3666/8884 3716/9101 3836/9193
vt 0.90041 0.15975
f 3652/9032 3653/9194 3582/9033
vt 0.10516 0.94680
f 3756/9077 3554/9076 3760/9195
f 3519/8678 3664/8397 3742/9141
vt 0.28379 0.94552
vt 0.28493 0.94599
vt 0.28329 0.94751
f 3639/9196 3655/9197 3840/9198
vt 0.91271 0.22340
f 3554/8874 3754/9084 3760/9199
vt 0.28481 0.94858
f 3655/9197 3778/9200 3840/9198
f 3443/7797 3481/7686 3770/8980
vt 0.34625 0.96156
f 3668/8936 3527/8935 3810/9201
vt 0.41737 0.57922
vt 0.41597 0.57735
f 3668/8742 3810/9202 3860/9203
vt 0.24068 0.10771
f 3802/8808 3443/7797 3753/9204
f 3361/8364 3695/8435 3686/9065
vt 0.62080 0.11189
f 3690/9018 3691/9205 3631/9166
vt 0.41555 0.55951
f 3636/8799 3766/9126 3726/9206
f 3443/7797 3770/8980 3753/9204
vt 0.27853 0.06788
f 3672/8439 3411/8276 3994/9207
vt 0.16683 0.61042
f 3646/9132 3671/9208 3793/9133
vt 0.37520 0.65183
f 3892/9023 3939/9209 3708/8812
vt 0.14911 0.33398
vt 0.14824 0.33508
f 3671/9210 3674/9188 3775/9211
vt 0.40639 0.97689
f 3671/8993 3607/8992 3674/9212
vt 0.15058 0.77309
f 3890/8923 3619/8922 3747/9213
vt 0.11502 0.30116
vt 0.11436 0.30042
f 3596/8496 3662/9214 3601/9215
vt 0.82516 0.00059
f 3614/9037 3612/9036 3875/9216
vt 0.52091 0.73200
f 3606/8493 3846/9217 3749/9092
vt 0.18346 0.61032
f 3744/8817 3711/9218 3656/9073
vt 0.90055 0.16055
f 3652/9032 3709/9219 3653/9194
f 3590/8999 3837/8998 3714/9177
vt 0.99024 0.50946
vt 0.99045 0.50971
vt 0.99027 0.50983
f 3635/9220 3588/9221 3722/9222
vt 0.16259 0.58330
f 3405/9099 3713/9098 3653/9223
vt 0.13712 0.51990
f 3621/8939 3740/9000 3865/9224
vt 0.12566 0.31494
f 3573/8744 3506/8116 4085/9225
f 3629/7682 3765/8902 3695/8435
vt 0.89983 0.15623
f 3643/9085 3582/9033 3713/9226
vt 0.81019 0.89940
vt 0.81125 0.89880
f 3739/9227 3684/9228 3508/9004
vt 0.52366 0.73612
vt 0.52427 0.73596
f 3682/9229 3749/9092 3757/9230
vt 0.11620 0.61381
f 3776/9117 3640/8688 3884/9231
vt 0.61717 0.11065
f 3666/8884 3836/9193 3854/9232
f 3665/8908 3680/9147 3737/9146
f 3674/9188 3660/9189 3775/9211
vt 0.16267 0.58417
f 3405/9099 3653/9223 3709/9233
vt 0.12053 0.61755
f 3628/8870 3698/9234 3640/8688
vt 0.73721 0.18755
f 3639/9151 3751/9235 3677/9152
vt 0.73757 0.18644
f 3639/9151 3840/9236 3751/9235
vt 0.68457 0.64074
f 3615/8957 3741/9237 3778/9175
vt 0.68580 0.64142
f 3615/8957 3786/9238 3741/9237
vt 0.91222 0.60977
vt 0.91260 0.61135
vt 0.91183 0.61189
f 3582/9239 3653/9240 3727/9241
f 3715/8988 3405/9099 3709/9233
f 3755/9005 3508/9004 3684/9228
vt 0.09648 0.82895
f 3571/8190 3704/9242 3605/9115
vt 0.18334 0.37621
f 3703/8860 3873/9243 3472/8028
vt 0.86878 0.82452
f 3739/8844 3479/8843 3768/9244
f 3666/8884 3854/9232 3691/9192
vt 0.11971 0.30889
f 3701/8743 3647/9041 3888/9245
vt 0.06685 0.82750
f 3679/8523 3748/9246 3762/9042
vt 0.91148 0.21681
f 3570/8802 3683/9247 3728/9181
vt 0.16296 0.57832
f 3737/9146 3724/9248 3667/9071
vt 0.26111 0.08718
f 3377/8553 4080/9249 3649/8274
vt 0.29133 0.05435
f 3603/8222 3959/9250 3752/8796
f 3418/8025 3907/8903 3743/8346
vt 0.27199 0.07597
f 3551/8221 3919/9171 3995/9251
vt 0.94834 0.72705
vt 0.94705 0.72678
vt 0.94779 0.72502
f 3732/9252 3777/9253 3694/9254
f 3603/8222 3693/8910 3959/9250
vt 0.24887 0.94794
f 3726/9149 3769/9255 3641/9150
f 3649/8274 4080/9249 3835/8981
vt 0.87017 0.82497
f 3479/8843 3696/9256 3768/9244
vt 0.52031 0.73207
f 3606/8493 3712/9257 3846/9217
vt 0.98023 0.85270
vt 0.98010 0.85456
vt 0.97983 0.85303
f 3701/9258 3872/9259 3685/9260
vt 0.33205 0.54786
f 3543/8889 3796/9261 3730/8930
vt 0.57551 0.69841
vt 0.57527 0.69926
vt 0.57411 0.69711
f 3828/9262 3800/9263 3718/9264
vt 0.58623 0.24230
vt 0.58743 0.24219
vt 0.58702 0.24401
f 3689/9265 3688/9266 3798/9267
vt 0.14913 0.33848
f 3681/9179 3758/9268 3660/9189
vt 0.37011 0.65347
f 3687/8693 3708/8812 3781/9269
vt 0.67477 0.28103
vt 0.67815 0.28104
vt 0.67640 0.28243
f 3736/9270 3670/9271 3806/9272
vt 0.11847 0.61763
f 3640/8688 3698/9234 3881/9273
vt 0.12263 0.31432
f 3573/8744 3966/9274 3647/9041
vt 0.41751 0.57508
f 3668/8742 3860/9203 3669/9275
f 3509/8709 3605/8840 3702/9139
f 3506/8116 3700/8848 4085/9225
vt 0.93220 0.47248
vt 0.93263 0.47397
f 3634/9276 3648/8896 3721/9277
f 3411/8276 3743/8346 3994/9207
vt 0.12412 0.62344
vt 0.12277 0.62302
f 3699/9110 3801/9278 3940/9279
vt 0.16287 0.58245
f 3653/9223 3713/9098 3807/9280
vt 0.16691 0.60968
f 3793/9133 3671/9208 3775/9281
f 3647/9041 3966/9274 3888/9245
vt 0.46733 0.55753
f 3682/8949 3738/9282 3697/8950
vt 0.34775 0.96137
vt 0.34726 0.96232
f 3527/9283 3793/9284 3810/9201
f 3573/8744 4085/9225 3966/9274
f 3624/8196 3927/8897 3786/9174
vt 0.67426 0.64063
vt 0.67321 0.64168
f 3634/9007 3721/9285 3705/9286
f 3472/8028 3873/9243 3651/8675
vt 0.33337 0.54731
vt 0.33435 0.54585
f 3730/8930 3796/9287 3710/9288
vt 0.89966 0.15519
f 3643/9085 3724/9289 3734/9168
f 3643/9085 3713/9226 3724/9289
f 3654/9182 3728/9181 3754/9084
vt 0.18606 0.61003
f 3656/9073 3711/9218 3733/9290
vt 0.18645 0.61150
f 3656/9073 3733/9290 3766/9291
vt 0.65369 0.32689
vt 0.65116 0.32925
f 3755/9057 3684/9292 4011/9293
vt 0.46752 0.55868
vt 0.46611 0.55875
f 3697/8950 3738/9294 3680/9295
f 3667/9071 3724/9248 3713/9098
f 3621/8939 3865/9224 3765/8940
vt 0.46696 0.55996
f 3680/9295 3738/9294 3792/9296
vt 0.46521 0.57009
vt 0.46635 0.57029
vt 0.46531 0.57171
f 3709/9297 3774/9298 3715/9299
vt 0.91958 0.50919
vt 0.92004 0.50935
vt 0.92006 0.50994
f 3658/9300 3707/9301 3871/9302
vt 0.91980 0.51077
f 3658/9300 3871/9302 3717/9303
vt 0.10306 0.94864
f 3709/9130 3756/9077 3727/9304
vt 0.12301 0.52000
vt 0.12426 0.52108
f 3658/8813 3717/9305 3659/9306
f 3681/9179 3686/9065 3758/9268
vt 0.16327 0.35059
f 3718/8961 3800/9307 3827/9184
f 3719/8959 3748/9246 3679/8523
vt 0.47903 0.86973
vt 0.47876 0.87091
vt 0.47805 0.87026
f 3722/9308 3735/9309 3635/9310
vt 0.33536 0.54592
f 3730/8930 3767/9311 3706/8931
vt 0.67558 0.64120
f 3705/9286 3721/9285 3746/9312
vt 0.67210 0.28110
vt 0.67102 0.28299
f 3661/9313 3736/9270 3901/9314
vt 0.66906 0.28153
f 3661/9313 3901/9314 3662/9315
vt 0.41556 0.57391
vt 0.41726 0.57069
f 3669/9275 3842/9316 3644/9317
vt 0.23139 0.11768
f 3692/8712 3771/8773 3772/9318
vt 0.19547 0.38417
f 3689/8806 3798/9319 3763/8857
f 3650/8227 3794/9154 3638/8800
vt 0.16340 0.57384
f 3737/9146 3680/9147 3792/9320
vt 0.87798 0.52116
f 3785/9185 3858/9321 3657/9186
vt 0.16197 0.58889
vt 0.16287 0.59051
vt 0.16220 0.59114
f 3676/9322 3829/9323 3700/9324
vt 0.76638 0.47041
vt 0.76775 0.47000
f 3796/9325 3543/9103 3844/9326
vt 0.52503 0.73337
f 3757/9230 3749/9092 3820/9327
vt 0.97029 0.02472
vt 0.97143 0.02456
vt 0.97101 0.02592
f 3683/9328 3734/9329 3788/9330
vt 0.86763 0.52421
f 3702/9139 3605/8840 3885/9331
f 3672/8439 3994/9207 3900/8979
vt 0.16836 0.35802
f 3645/8995 3978/9332 3819/8543
vt 0.07054 0.59583
f 3675/9138 3609/8718 3759/9333
vt 0.84858 0.39910
f 3675/9170 3759/9334 3824/9090
vt 0.17331 0.35956
vt 0.16964 0.36027
f 3677/9335 3958/9336 3645/8995
f 3425/8026 3729/9128 3787/8552
vt 0.84876 0.35343
f 3641/9086 3815/9337 3791/9183
vt 0.98962 0.84550
vt 0.98923 0.84544
vt 0.98962 0.84498
f 3641/9338 3769/9339 3815/9340
f 3725/8229 3923/9066 3770/8980
vt 0.45520 0.86071
vt 0.45537 0.86297
vt 0.45454 0.86351
f 3682/9341 3757/9342 3738/9343
vt 0.46524 0.56908
vt 0.46640 0.56796
vt 0.46526 0.56979
f 3653/9344 3807/9345 3727/9346
vt 0.86877 0.82750
f 3696/9256 3914/9347 3768/9244
vt 0.89937 0.15691
f 3582/9033 3797/9348 3713/9226
f 3709/9297 3727/9346 3774/9298
vt 0.66577 0.28182
f 3236/8122 3601/8327 3750/9349
vt 0.12789 0.31512
f 3700/8848 3829/9350 4085/9225
vt 0.16336 0.58770
f 3676/9322 3839/9351 3829/9323
vt 0.91240 0.60509
vt 0.91237 0.60708
vt 0.91097 0.60622
f 3734/9352 3724/9353 3788/9354
vt 0.79569 0.21976
f 3722/8963 3706/9015 3735/9355
vt 0.14968 0.77366
f 3890/8923 3747/9213 3853/9356
vt 0.98437 0.90902
vt 0.98461 0.90952
vt 0.98421 0.90981
f 3732/9357 3637/9358 3777/9359
vt 0.82403 0.00105
f 3612/9036 3861/9360 3875/9216
vt 0.41538 0.57093
vt 0.41448 0.56812
f 3644/9317 3720/9361 3891/9362
f 3504/8275 3835/8981 3782/9114
vt 0.79652 0.22169
f 3706/9015 3795/9363 3735/9355
vt 0.47875 0.54960
vt 0.47839 0.55089
vt 0.47644 0.55060
f 3824/9364 3764/9365 3747/9366
vt 0.67807 0.28210
f 3806/9272 3670/9271 4002/9367
vt 0.41637 0.56689
f 3644/9317 3891/9362 3744/9368
f 3626/8478 3659/9306 3837/8998
vt 0.77399 0.53813
vt 0.77392 0.54002
vt 0.77211 0.53941
f 3637/9369 3685/9370 3893/9371
f 3543/9103 3705/9102 3844/9326
vt 0.12016 0.52249
vt 0.11914 0.52235
vt 0.11839 0.52089
f 3642/9372 3849/9373 3903/9374
vt 0.11998 0.52165
f 3642/9372 3903/9374 3707/9375
f 3673/8498 3870/9167 3828/8990
vt 0.93428 0.47336
f 3648/8896 3761/9376 3721/9277
vt 0.91935 0.62566
vt 0.91984 0.62356
vt 0.92084 0.62417
f 3728/9377 3683/9378 3788/9379
f 3727/9346 3807/9345 3774/9298
vt 0.46596 0.57345
f 3715/9299 3774/9298 3839/9380
vt 0.58941 0.24184
vt 0.58912 0.24349
f 3692/9381 3772/9382 3688/9266
vt 0.62011 0.11163
vt 0.61950 0.10993
f 3691/9383 3854/9232 3813/9384
vt 0.46573 0.56427
vt 0.46717 0.56357
vt 0.46608 0.56520
f 3724/9385 3805/9386 3797/9387
f 3730/8930 3710/9288 3767/9311
vt 0.62564 0.11214
vt 0.62457 0.10900
vt 0.62687 0.11143
f 3678/9388 3925/9389 3663/9390
vt 0.91479 0.77774
vt 0.91452 0.77390
vt 0.91620 0.77451
f 3773/9391 3702/9392 3845/9393
vt 0.82564 0.00313
f 3694/9394 3861/9360 3612/9036
vt 0.46592 0.56158
f 3724/9385 3737/9395 3805/9386
vt 0.68259 0.64291
vt 0.68169 0.64120
f 3741/9237 3784/9396 3780/9397
f 3551/8221 3995/9251 3729/9128
vt 0.67926 0.28127
f 3670/9271 3657/9398 4002/9367
vt 0.90638 0.68561
vt 0.90595 0.68651
f 3723/9082 3635/9399 3850/9400
vt 0.62169 0.10909
f 3691/9383 3813/9384 3814/9401
vt 0.91209 0.60780
f 3724/9353 3797/9402 3788/9354
vt 0.09788 0.82838
f 3762/9165 3818/9403 3571/8190
vt 0.17388 0.36158
f 3677/9335 3751/9404 3958/9336
vt 0.67878 0.64131
f 3780/9397 3784/9396 3821/9405
vt 0.46567 0.56589
vt 0.46651 0.56635
f 3713/9406 3797/9387 3832/9407
vt 0.77282 0.54089
f 3685/9370 3872/9408 3893/9371
f 3633/9107 3789/9106 3785/9185
f 3644/9317 3842/9316 3720/9361
vt 0.65197 0.32599
f 3755/9057 4011/9293 3879/9409
vt 0.90982 0.61128
f 3727/9241 3823/9410 3582/9239
vt 0.87873 0.52210
f 3785/9185 3826/9411 3858/9321
f 3688/9266 3772/9382 3798/9267
vt 0.62321 0.11137
f 3631/9412 3925/9389 3678/9388
vt 0.38139 0.64146
vt 0.38009 0.64106
f 3630/9012 3963/9413 3794/9414
f 3630/9012 3663/9129 3963/9413
vt 0.47807 0.87088
f 3635/9310 3735/9309 3850/9415
f 3741/9237 3786/9238 3784/9396
f 3648/8896 3781/9127 3761/9376
vt 0.87041 0.82699
f 3696/9256 3776/9416 3914/9347
vt 0.14924 0.33702
f 3660/9189 3758/9268 3816/9417
vt 0.92005 0.62749
f 3728/9377 3788/9379 3754/9418
vt 0.14639 0.76994
f 3890/8923 3918/9419 3712/9014
vt 0.98457 0.91086
f 3777/9359 3637/9358 3982/9420
vt 0.06938 0.82783
f 3719/8959 3808/9421 3748/9246
vt 0.86781 0.52285
f 3605/8840 3704/9422 3885/9331
vt 0.96506 0.32777
vt 0.96359 0.32791
vt 0.96379 0.32642
f 3850/9423 3735/9424 3795/9425
vt 0.30740 0.03909
f 3519/8678 3742/9141 4122/9426
vt 0.46562 0.56743
f 3713/9427 3832/9407 3807/9345
vt 0.06763 0.59864
f 3791/8818 3867/9428 3609/8718
f 3631/9412 3691/9383 3814/9401
f 3631/9412 3814/9401 3925/9389
vt 0.15157 0.77516
f 3747/9213 3764/9429 3853/9356
vt 0.98390 0.73477
vt 0.98322 0.73454
vt 0.98377 0.73391
f 3775/9430 3660/9431 3816/9432
vt 0.06304 0.82800
f 3762/9042 3748/9246 3818/9433
vt 0.66783 0.28375
f 3601/8327 3962/9434 3750/9349
vt 0.14967 0.34217
f 3686/9065 4013/9435 3758/9268
f 3740/9000 3714/9177 3865/9224
vt 0.11932 0.30624
f 3872/9436 3701/8743 3888/9245
f 3519/8678 4122/9426 3731/8717
vt 0.41566 0.58030
f 3810/9202 3856/9437 3860/9203
f 3811/9034 3699/9110 3940/9279
vt 0.81030 0.89759
f 3739/9227 3768/9438 3684/9228
vt 0.91557 0.77135
f 3702/9392 3885/9439 3845/9393
vt 0.10499 0.94858
f 3727/9304 3756/9077 3823/9440
vt 0.67355 0.64322
f 3705/9286 3746/9312 3844/9441
f 3756/9077 3760/9195 3823/9440
vt 0.65047 0.32614
f 3849/9058 3755/9057 3879/9442
vt 0.82520 0.00826
vt 0.82470 0.00901
vt 0.82386 0.00745
f 3637/9443 3893/9444 3982/9445
f 3669/9275 3860/9203 3842/9316
vt 0.67989 0.64362
f 3821/9405 3784/9396 3783/9446
vt 0.28696 0.06337
f 3743/8346 3907/8903 4247/9447
vt 0.96524 0.32654
f 3850/9423 3795/9425 3912/9448
vt 0.89382 0.77999
vt 0.89605 0.77959
vt 0.89413 0.78289
f 3746/9449 3952/9450 3821/9451
vt 0.66810 0.28180
f 3601/8327 3662/9452 3962/9434
vt 0.37926 0.64337
f 3794/9154 3843/9453 3638/8800
vt 0.23881 0.11148
f 3802/8808 3753/9204 3941/9454
vt 0.89429 0.77914
f 3746/9449 3721/9455 3952/9450
vt 0.12454 0.51599
f 3659/9306 3717/9305 4176/9456
f 3659/9306 4176/9456 3837/8998
vt 0.41718 0.58125
f 3779/9457 3856/9437 3810/9202
vt 0.82411 0.00505
vt 0.82373 0.00341
f 3694/9394 3777/9458 3859/9459
vt 0.91576 0.77780
f 3773/9391 3845/9393 3817/9460
vt 0.96609 0.65740
vt 0.96607 0.65616
vt 0.96728 0.65701
f 3775/9461 3779/9462 3793/9463
vt 0.14675 0.33686
vt 0.14629 0.33350
f 3775/9211 3904/9464 3779/9465
vt 0.67614 0.64368
f 3821/9405 3783/9446 3841/9466
f 3821/9405 3841/9466 3746/9312
f 3645/8995 3958/9336 3978/9332
vt 0.92174 0.62931
vt 0.91984 0.62980
f 3754/9418 3823/9467 3760/9468
vt 0.89422 0.78698
vt 0.89613 0.78643
f 3780/9469 3821/9451 3790/9470
f 3746/9312 3841/9466 3844/9441
vt 0.46759 0.56123
f 3737/9395 3792/9296 3825/9471
f 3737/9395 3825/9471 3805/9386
vt 0.19048 0.37808
vt 0.18949 0.37810
f 3745/9013 3773/9472 3817/9473
vt 0.12028 0.61874
f 3698/9234 3811/9474 3881/9273
f 3745/9013 3817/9473 3703/8860
vt 0.66832 0.28332
f 3662/9315 3901/9314 3962/9475
vt 0.91037 0.60900
f 3797/9402 3582/9239 3851/9476
vt 0.13098 0.51765
f 3837/8998 4065/9477 3714/9177
vt 0.19209 0.38413
f 3798/9319 4046/9478 3763/8857
vt 0.91505 0.32056
vt 0.91607 0.31975
vt 0.91570 0.32184
f 3723/9479 3968/9480 3801/9481
vt 0.15374 0.34450
f 3765/8902 3996/9482 3695/8435
vt 0.41319 0.55972
f 3726/9206 3766/9126 3877/9483
vt 0.41404 0.55788
f 3726/9206 3877/9483 3769/9484
f 3571/8190 3818/9403 3704/9242
vt 0.87933 0.20781
vt 0.88020 0.21007
vt 0.87644 0.20872
f 3918/9485 3838/9486 3712/9487
vt 0.28516 0.94969
vt 0.28353 0.94992
f 3778/9200 3741/9488 3920/9489
vt 0.87875 0.21142
f 3712/9487 3838/9486 3846/9490
vt 0.37221 0.65516
f 3781/9269 3708/8812 3848/9491
vt 0.67349 0.28357
f 3901/9314 3736/9270 4026/9492
vt 0.94328 0.61296
vt 0.94415 0.61274
vt 0.94396 0.61394
f 3903/9493 3871/9494 3707/9495
vt 0.11827 0.30718
f 3888/9245 3880/9496 3872/9436
vt 0.12084 0.62170
f 3811/9034 3940/9279 3799/9497
vt 0.79795 0.22344
f 3706/9015 3767/9498 3795/9363
vt 0.92940 0.05982
vt 0.92920 0.06342
vt 0.92842 0.05875
f 3833/9499 3803/9500 3805/9501
vt 0.91490 0.77063
vt 0.91598 0.76982
f 3704/9502 3855/9503 3885/9439
vt 0.92903 0.06676
vt 0.92827 0.06528
f 3803/9500 3831/9504 3774/9505
vt 0.30470 0.04270
f 3731/8717 3932/9506 3505/8217
vt 0.46875 0.56380
vt 0.47002 0.56897
vt 0.46771 0.56789
f 3833/9507 3876/9508 3803/9509
vt 0.92880 0.05656
f 3833/9499 3805/9501 3825/9510
vt 0.62590 0.10794
f 3663/9390 3925/9389 3963/9511
vt 0.14804 0.33655
f 3775/9211 3804/9512 3904/9464
vt 0.98336 0.19238
vt 0.98351 0.19135
vt 0.98411 0.19229
f 3775/9513 3816/9514 3804/9515
vt 0.46555 0.57672
vt 0.46854 0.57504
f 3829/9516 3839/9380 3990/9517
vt 0.46727 0.57146
vt 0.46853 0.57114
f 3831/9518 3803/9509 3834/9519
vt 0.92827 0.06116
f 3803/9500 3832/9520 3805/9501
vt 0.61343 0.10889
f 3827/9521 3836/9193 3716/9101
vt 0.19138 0.38006
f 3719/8858 3763/8857 3808/9522
vt 0.92837 0.06347
f 3803/9500 3774/9505 3807/9523
vt 0.81101 0.89660
f 3768/9438 3868/9524 3684/9228
f 3803/9500 3807/9523 3832/9520
vt 0.14993 0.77601
f 3764/9429 3956/9525 3853/9356
vt 0.24860 0.94678
vt 0.24895 0.94555
vt 0.24974 0.94614
f 3769/9526 3866/9527 3815/9528
vt 0.87053 0.60842
vt 0.86899 0.60669
vt 0.87053 0.60596
f 3820/9529 3809/9530 3757/9531
vt 0.96754 0.65540
f 3779/9462 3810/9532 3793/9463
f 3832/9407 3797/9387 3805/9386
vt 0.18094 0.37288
f 3651/8675 3967/9533 3927/8897
vt 0.97363 0.04272
vt 0.97222 0.04370
vt 0.97242 0.04239
f 3789/9534 3874/9535 3785/9536
vt 0.96629 0.40722
vt 0.96671 0.40526
vt 0.96670 0.40716
f 3822/9537 3720/9538 3842/9539
vt 0.41477 0.58107
f 3779/9457 3862/9540 3856/9437
vt 0.14284 0.33463
vt 0.14380 0.33219
f 3779/9465 4216/9541 3862/9542
vt 0.93455 0.47299
f 3781/9127 3960/9543 3761/9376
vt 0.09786 0.83012
f 3704/9242 3818/9403 3855/9544
vt 0.41466 0.57282
vt 0.41298 0.57355
vt 0.41399 0.56979
f 3822/9545 3847/9546 3830/9547
vt 0.96600 0.40429
f 3822/9537 3830/9548 3720/9538
vt 0.26961 0.97600
vt 0.27043 0.97660
vt 0.26976 0.97718
f 3796/9549 3961/9550 3710/9551
vt 0.46777 0.57288
f 3831/9518 3834/9519 3857/9552
vt 0.96284 0.33565
vt 0.96278 0.33695
vt 0.96153 0.33589
f 3850/9553 3912/9554 3812/9555
f 3582/9239 3823/9410 3851/9476
vt 0.84922 0.35182
vt 0.85035 0.35054
f 3791/9183 3815/9556 3867/9557
vt 0.06890 0.59545
f 3759/9333 3609/8718 3965/9558
vt 0.13928 0.51740
f 3865/9224 3996/9559 3765/8940
vt 0.90504 0.68637
f 3723/9082 3850/9400 3991/9560
vt 0.17803 0.36697
f 3786/9174 3927/8897 3886/9561
vt 0.41157 0.55724
f 3769/9484 3877/9483 3942/9562
vt 0.06749 0.59677
f 3609/8718 3867/9563 3965/9558
vt 0.12026 0.62103
f 3811/9474 3799/9564 3881/9273
f 3778/9200 3920/9489 3840/9198
f 3736/9270 3806/9272 4026/9492
f 3779/9465 3904/9464 4216/9541
vt 0.89420 0.78912
vt 0.89622 0.78882
f 3741/9565 3780/9469 3920/9566
vt 0.37992 0.64350
f 3794/9414 3963/9413 3843/9567
vt 0.25500 0.09616
f 3835/8981 4047/9568 3782/9114
vt 0.29556 0.05431
f 3693/8910 3969/9569 3959/9250
vt 0.26795 0.08398
f 3787/8552 3729/9128 4249/9570
f 3396/8449 3782/9114 3923/9066
vt 0.86914 0.60539
f 3757/9531 3809/9530 3738/9571
vt 0.87827 0.52486
f 3789/9106 3875/9191 3864/9572
vt 0.41614 0.56484
vt 0.41443 0.56477
vt 0.41406 0.56240
f 3711/9573 3954/9574 3733/9575
f 3876/9508 3834/9519 3803/9509
vt 0.94098 0.22249
vt 0.94122 0.22658
vt 0.93996 0.22418
f 3818/9576 3748/9577 3930/9578
vt 0.86905 0.60802
f 3820/9529 3993/9579 3809/9530
vt 0.94794 0.15840
vt 0.94723 0.15919
vt 0.94727 0.15737
f 3836/9580 3896/9581 3854/9582
vt 0.84764 0.40048
f 3759/9334 3975/9583 3824/9090
vt 0.84814 0.40144
f 3759/9334 3965/9584 3975/9583
vt 0.12323 0.62644
f 3801/9278 3968/9585 3940/9279
vt 0.57654 0.69989
vt 0.57683 0.70121
f 3800/9263 3828/9586 3934/9587
vt 0.46741 0.57530
f 3829/9516 3990/9517 3931/9588
vt 0.41594 0.56552
vt 0.41457 0.56594
f 3711/9589 3744/9368 3954/9590
vt 0.11742 0.52118
f 3849/9373 3915/9591 3903/9374
vt 0.46672 0.57196
f 3774/9298 3831/9592 3839/9380
vt 0.41448 0.57600
f 3822/9545 3852/9593 3847/9546
vt 0.98016 0.31605
vt 0.98043 0.31688
vt 0.98009 0.31731
f 3822/9594 3842/9595 3852/9596
vt 0.01757 0.66046
vt 0.01755 0.66190
vt 0.01505 0.66074
f 3767/9597 3710/9598 3961/9599
vt 0.47993 0.55145
f 3764/9365 3824/9364 3937/9600
vt 0.46875 0.56163
vt 0.47030 0.56140
f 3825/9601 3913/9602 3833/9507
vt 0.11397 0.61183
vt 0.11311 0.61039
vt 0.11415 0.60901
f 3914/9603 3868/9604 3768/9605
vt 0.77148 0.54060
f 3872/9408 3880/9606 3893/9371
vt 0.23667 0.11575
f 3802/8808 3945/9607 3771/8773
vt 0.92807 0.06772
vt 0.92888 0.06816
f 3839/9608 3831/9504 3857/9609
vt 0.11733 0.61639
f 3884/9231 3640/8688 3881/9610
vt 0.96867 0.96232
vt 0.96894 0.96111
vt 0.96945 0.96093
f 3850/9611 3812/9612 3991/9613
vt 0.93446 0.47421
f 3721/9277 3761/9376 3952/9614
vt 0.79602 0.22289
f 3795/9363 3767/9498 3961/9615
vt 0.74014 0.18740
f 3840/9236 3922/9616 3751/9235
vt 0.96428 0.48974
vt 0.96359 0.48858
vt 0.96477 0.48824
f 3789/9617 3864/9618 3926/9619
vt 0.15069 0.77793
f 3764/9429 3937/9620 3956/9525
vt 0.92182 0.62676
f 3754/9418 3788/9379 3851/9621
vt 0.96615 0.40347
vt 0.96662 0.40340
f 3830/9548 3897/9622 3891/9623
vt 0.91564 0.31787
f 3723/9479 3991/9624 3968/9480
vt 0.77354 0.53240
vt 0.77276 0.53271
vt 0.77331 0.53112
f 3694/9625 3859/9626 3861/9627
vt 0.41384 0.57996
f 3856/9437 4031/9628 3860/9203
vt 0.41451 0.56948
f 3891/9362 3720/9361 3830/9629
vt 0.65355 0.32988
f 3684/9292 3868/9630 4011/9293
vt 0.68587 0.64374
f 3786/9238 3886/9631 3784/9396
f 3797/9402 3851/9476 3788/9354
vt 0.96464 0.32554
f 3912/9448 3795/9425 4010/9632
vt 0.41489 0.57648
f 3842/9316 3860/9203 3852/9633
vt 0.97020 0.15075
vt 0.97095 0.15278
vt 0.97017 0.15176
f 3766/9634 3733/9635 3877/9636
f 3744/9368 3891/9362 3954/9590
f 3651/8675 3873/9243 3967/9533
vt 0.16413 0.35400
f 3828/8990 3870/9167 3934/9637
vt 0.16365 0.35393
f 3800/9307 3934/9638 3827/9184
f 3816/9417 3758/9268 3804/9512
vt 0.52408 0.73141
f 3749/9092 3921/9639 3820/9327
vt 0.96430 0.16489
vt 0.96402 0.16345
vt 0.96517 0.16476
f 3785/9640 3874/9641 3826/9642
vt 0.46718 0.57336
f 3839/9380 3857/9643 3990/9517
vt 0.52327 0.73124
f 3749/9092 3846/9644 3921/9639
vt 0.41401 0.57749
f 3860/9203 4031/9628 3863/9645
vt 0.61852 0.10903
f 3813/9384 3854/9232 3883/9646
vt 0.89954 0.66530
vt 0.89954 0.66331
vt 0.90155 0.66370
f 3817/9647 3845/9648 3951/9649
vt 0.29786 0.05049
f 3693/8910 4023/9650 3969/9569
vt 0.01590 0.66359
vt 0.01471 0.66398
vt 0.01364 0.66243
f 3796/9651 3844/9652 4017/9653
vt 0.47133 0.57311
f 3834/9519 4034/9654 3857/9552
vt 0.16496 0.35618
f 3819/8543 3878/9655 3870/9167
vt 0.74044 0.18626
f 3840/9236 3920/9656 3922/9616
vt 0.46904 0.55988
f 3792/9296 3738/9294 3809/9657
f 3796/9651 4017/9653 3961/9599
vt 0.06602 0.93906
vt 0.06720 0.93856
vt 0.06692 0.93965
f 3862/9658 4031/9659 3856/9660
vt 0.97322 0.04431
f 3789/9534 3926/9661 3874/9535
vt 0.68435 0.64396
f 3886/9631 3887/9662 3784/9396
vt 0.14667 0.77118
f 3918/9419 3890/8923 3906/9663
vt 0.12199 0.52016
vt 0.12061 0.52061
vt 0.12179 0.51838
f 3717/9664 3871/9665 3976/9666
f 3754/9418 3851/9621 3823/9467
vt 0.67364 0.64402
f 3844/9441 3841/9466 3944/9667
vt 0.68219 0.64400
f 3784/9396 3908/9668 3783/9446
vt 0.89641 0.78347
f 3952/9450 3948/9669 3821/9451
f 3804/9512 3758/9268 3904/9464
vt 0.94037 0.22754
vt 0.93994 0.22620
f 3748/9577 3808/9670 3983/9671
vt 0.37916 0.64654
f 3638/8800 4036/9672 3892/9023
vt 0.47187 0.56459
f 3833/9507 3898/9673 3876/9508
vt 0.41356 0.55722
vt 0.41201 0.55555
f 3769/9674 3942/9562 3866/9675
vt 0.37025 0.65635
f 3781/9269 3848/9491 3960/9676
vt 0.79791 0.94596
vt 0.79902 0.94549
vt 0.79885 0.94663
f 3852/9677 3860/9678 3863/9679
vt 0.17460 0.36431
vt 0.17272 0.36350
f 3751/9404 3922/9680 3882/9681
vt 0.25987 0.09106
f 3835/8981 4080/9249 4119/9682
f 3505/8217 3932/9506 3869/8920
f 3784/9396 3887/9662 3908/9668
vt 0.67224 0.28384
f 3901/9314 4026/9492 3889/9683
vt 0.67937 0.28187
vt 0.67986 0.28359
vt 0.67871 0.28375
f 3657/9684 3858/9685 4002/9686
vt 0.96374 0.32542
f 3795/9425 3961/9687 4010/9632
vt 0.41154 0.56893
vt 0.41325 0.56826
f 3830/9547 3928/9688 3897/9689
f 3843/9453 4036/9672 3638/8800
vt 0.61390 0.10631
f 3836/9193 3827/9521 4012/9690
vt 0.87001 0.82913
vt 0.86883 0.82965
f 3776/9416 3884/9691 4126/9692
f 3776/9416 4126/9692 3914/9347
vt 0.06647 0.93771
f 3862/9658 3936/9693 4031/9659
vt 0.14180 0.33282
f 3862/9542 4216/9541 3936/9694
vt 0.76010 0.97612
vt 0.75972 0.97762
vt 0.75999 0.97562
f 3883/9695 3946/9696 3813/9697
vt 0.31171 0.03822
f 3742/9141 3977/9698 4122/9426
f 3731/8717 4122/9426 3932/9506
vt 0.91977 0.51153
vt 0.92020 0.51319
vt 0.91941 0.51439
f 3717/9699 3976/9700 4000/9701
vt 0.62362 0.10749
f 3925/9389 3814/9401 3917/9702
vt 0.41334 0.56632
f 3954/9590 3891/9362 3933/9703
f 3945/9607 3802/8808 3941/9454
vt 0.61800 0.10774
vt 0.61902 0.10784
f 3883/9646 3896/9704 3946/9705
vt 0.73952 0.17576
vt 0.74049 0.17524
vt 0.74097 0.17647
f 3761/9706 3960/9707 3952/9708
vt 0.61720 0.10810
vt 0.61786 0.10878
f 3854/9232 3896/9709 3883/9710
f 3748/9577 3983/9671 3930/9578
vt 0.01308 0.66426
f 3844/9652 3944/9711 4017/9653
vt 0.84929 0.34989
f 3815/9556 3929/9712 3867/9557
vt 0.11564 0.61629
f 3884/9231 3881/9610 4055/9713
vt 0.61609 0.10649
vt 0.61637 0.10814
f 3836/9193 3973/9714 3896/9715
f 3836/9193 4012/9690 3973/9714
vt 0.46835 0.56062
f 3825/9716 3792/9296 3809/9657
vt 0.12292 0.51627
f 3717/9305 4000/9717 4176/9456
vt 0.13660 0.51611
f 3865/9224 4049/9718 3996/9559
vt 0.16218 0.35277
f 3934/9638 4012/9719 3827/9184
f 3780/9469 3790/9470 3920/9566
f 3830/9547 3847/9546 3928/9688
vt 0.67496 0.28396
f 3806/9272 4027/9720 4026/9492
vt 0.88275 0.20446
vt 0.88357 0.20521
vt 0.88359 0.20644
f 3825/9721 3809/9722 3993/9723
vt 0.88217 0.20673
f 3825/9721 3993/9723 3913/9724
vt 0.06253 0.82822
vt 0.06483 0.82881
vt 0.06163 0.82968
f 3818/9725 3930/9726 3855/9727
vt 0.17210 0.36253
f 3751/9404 4035/9728 3958/9336
f 3693/8910 3894/8345 4023/9650
f 3790/9470 3821/9451 3948/9669
vt 0.95460 0.40542
vt 0.95489 0.40795
vt 0.95362 0.40647
f 3942/9729 3877/9730 3997/9731
vt 0.91685 0.37876
vt 0.91573 0.37916
vt 0.91669 0.37733
f 3815/9732 3866/9733 3929/9734
vt 0.95316 0.40795
f 3877/9730 3972/9735 3997/9731
vt 0.94817 0.16156
vt 0.94681 0.16088
f 3896/9581 3973/9736 3998/9737
f 3834/9519 3876/9508 4034/9654
vt 0.89935 0.66023
vt 0.89994 0.65857
vt 0.90131 0.65975
f 3845/9738 3885/9739 3957/9740
vt 0.06735 0.59494
f 3867/9563 3911/9741 3965/9558
vt 0.86885 0.61013
f 3820/9529 4057/9742 3993/9579
vt 0.87004 0.61108
f 3820/9529 3921/9743 4057/9742
vt 0.46953 0.57377
f 3857/9643 3910/9744 3990/9517
vt 0.01319 0.66746
vt 0.01125 0.66562
f 3841/9745 4037/9746 3944/9711
vt 0.48165 0.55006
f 3937/9600 3824/9364 3975/9747
f 3819/8543 3978/9332 3878/9655
vt 0.62003 0.10724
f 3813/9384 3946/9748 3814/9401
vt 0.66010 0.94903
vt 0.66105 0.94707
vt 0.66139 0.94811
f 3853/9749 3906/9750 3890/9751
vt 0.64863 0.32575
f 3849/9058 3879/9442 3915/9752
f 3835/8981 4119/9682 4047/9568
vt 0.47301 0.56199
f 3833/9507 3913/9602 4050/9753
vt 0.37771 0.65052
f 3939/9209 3892/9023 3895/9754
vt 0.11766 0.30837
f 3880/9496 3888/9245 4009/9755
vt 0.96527 0.16324
f 3826/9642 3874/9641 3916/9756
vt 0.92419 0.20192
vt 0.92454 0.20585
vt 0.92365 0.20385
f 3857/9757 4034/9758 3910/9759
vt 0.62230 0.10653
f 3917/9702 3814/9401 4032/9760
vt 0.97015 0.15274
f 3733/9635 3972/9761 3877/9636
vt 0.96150 0.45245
vt 0.96249 0.45155
vt 0.96243 0.45304
f 3806/9762 4002/9763 4027/9764
f 3751/9404 3882/9681 4035/9728
vt 0.18893 0.38031
vt 0.18573 0.38010
f 3817/9473 3989/9765 4112/9766
vt 0.96141 0.33739
f 3812/9555 3912/9554 3999/9767
vt 0.14880 0.77400
vt 0.14816 0.77413
vt 0.14816 0.77357
f 3853/9768 3935/9769 3906/9770
vt 0.18990 0.38071
f 3808/9522 3763/8857 3983/9771
vt 0.14561 0.77272
f 3906/9663 3953/9772 3918/9419
vt 0.28993 0.05937
f 3752/8796 3959/9250 3909/9773
f 3848/9491 3708/8812 3939/9209
f 3817/9473 4112/9766 3703/8860
vt 0.11542 0.51933
f 3915/9591 4042/9774 3903/9374
vt 0.41229 0.57652
f 3847/9546 3852/9593 3988/9775
vt 0.12019 0.62336
f 3940/9279 3970/9776 3799/9497
vt 0.90149 0.66527
f 3817/9647 3951/9649 3989/9777
vt 0.01262 0.67679
vt 0.01074 0.67671
vt 0.01216 0.67521
f 3886/9778 4048/9779 3887/9780
vt 0.26607 0.08799
f 3377/8553 3787/8552 4232/9781
vt 0.27023 0.08067
f 3729/9128 3995/9251 3938/9782
vt 0.01303 0.67077
vt 0.01246 0.67276
vt 0.01096 0.66983
f 3783/9783 3908/9784 3964/9785
f 3783/9783 3964/9785 3841/9745
vt 0.94415 0.60973
f 3903/9493 3905/9786 3871/9494
vt 0.90018 0.66126
f 3845/9738 3957/9740 3902/9787
f 3845/9648 3902/9787 3951/9649
vt 0.88115 0.21354
f 3846/9490 3838/9486 3921/9788
f 3897/9689 3933/9703 3891/9362
vt 0.12858 0.31768
f 3829/9350 3931/9789 4085/9225
vt 0.87752 0.52354
f 3826/9411 3916/9790 3858/9321
vt 0.66587 0.28493
f 3962/9434 4044/9791 3750/9349
vt 0.11740 0.51849
f 3976/9666 3871/9665 3905/9792
vt 0.31275 0.03552
f 3742/9141 3750/8948 4044/9793
vt 0.84831 0.34747
vt 0.84990 0.34837
f 3929/9712 3950/9794 3911/9795
vt 0.79791 0.94812
f 3852/9677 3863/9679 3988/9796
vt 0.58944 0.24679
f 3772/9382 4064/9797 3798/9267
f 3752/8796 3909/9773 3907/8903
vt 0.23444 0.11786
f 3771/8773 4064/9798 3772/9318
f 3929/9712 3911/9795 3867/9557
vt 0.64855 0.32579
vt 0.64668 0.32735
vt 0.64743 0.32607
f 3915/9799 3981/9800 4042/9801
vt 0.17609 0.36795
f 3886/9561 3927/8897 4048/9802
vt 0.91708 0.37472
vt 0.91506 0.37643
f 3950/9803 3929/9734 3949/9804
vt 0.90099 0.65736
f 3885/9739 3855/9805 3957/9740
vt 0.46782 0.57696
vt 0.46842 0.57596
vt 0.47078 0.57750
f 3931/9806 3990/9807 4041/9808
vt 0.87752 0.52697
vt 0.87633 0.52598
f 3875/9191 3861/9809 4030/9810
vt 0.61847 0.10594
f 3946/9705 3896/9704 3924/9811
vt 0.61971 0.10658
f 3946/9705 3924/9811 4006/9812
f 3864/9572 3875/9191 4030/9810
vt 0.91456 0.31768
vt 0.91504 0.31621
f 3812/9813 3999/9814 3991/9624
vt 0.97494 0.37499
vt 0.97395 0.37470
vt 0.97455 0.37367
f 3864/9815 3916/9816 3926/9817
f 3864/9572 4030/9810 3916/9790
vt 0.47183 0.57670
f 4041/9808 3990/9807 4082/9818
f 3833/9507 4050/9753 3898/9673
vt 0.41173 0.56606
f 3897/9689 3928/9688 3971/9819
vt 0.98440 0.37205
vt 0.98433 0.37096
vt 0.98486 0.37113
f 3897/9820 3971/9821 3933/9822
vt 0.24320 0.11056
f 3770/8980 4180/9823 3753/9204
f 3870/9167 3878/9655 3934/9637
f 3787/8552 4249/9570 4232/9781
f 3729/9128 3938/9782 4249/9570
f 3753/9204 4180/9823 3941/9454
vt 0.27524 0.07826
f 3995/9251 3919/9171 4220/9824
f 3695/8435 3996/9482 3686/9065
vt 0.28349 0.06674
f 3743/8346 4247/9447 4142/9825
vt 0.38106 0.64347
vt 0.38117 0.64542
f 3843/9567 3963/9826 4033/9827
f 3743/8346 4142/9825 3994/9207
vt 0.40954 0.55595
f 3942/9562 4095/9828 3866/9675
vt 0.91549 0.37427
f 3950/9803 3949/9804 3943/9829
vt 0.88173 0.20782
f 3918/9485 4118/9830 3838/9486
vt 0.98910 0.89709
vt 0.98867 0.89709
vt 0.98883 0.89643
f 3917/9831 3986/9832 3925/9833
vt 0.87046 0.83130
f 4126/9692 3884/9691 4055/9834
vt 0.91628 0.37266
f 3950/9803 3943/9829 3974/9835
vt 0.47465 0.57114
f 3898/9673 4153/9836 3876/9508
f 3771/8773 3945/9607 4064/9798
f 3714/9177 4049/9718 3865/9224
vt 0.96404 0.16256
f 3874/9641 3926/9837 3916/9756
vt 0.77210 0.53739
vt 0.77138 0.53793
f 3982/9838 3893/9371 4008/9839
vt 0.62469 0.10597
f 3963/9511 3925/9389 3986/9840
vt 0.14819 0.77508
f 3853/9768 3956/9525 3935/9841
vt 0.65980 0.94641
vt 0.66046 0.94606
f 3906/9750 3935/9842 3953/9843
vt 0.11912 0.31394
f 3888/9245 3966/9274 4115/9844
f 3837/8998 4176/9456 4065/9477
vt 0.91543 0.37804
f 3929/9734 3866/9733 3985/9845
vt 0.14377 0.77127
f 3918/9419 3953/9772 4074/9846
vt 0.11688 0.61887
f 4055/9713 3881/9610 3980/9847
vt 0.11793 0.62083
f 3799/9564 3899/9848 3881/9273
vt 0.11965 0.62356
f 3799/9564 3970/9849 3899/9848
vt 0.62029 0.10751
f 3814/9401 3946/9850 4032/9760
f 3377/8553 4232/9781 4080/9249
f 3703/8860 4112/9766 3873/9243
vt 0.77054 0.54039
f 3893/9371 3880/9606 4045/9851
vt 0.94068 0.23112
vt 0.93987 0.23189
vt 0.93986 0.23048
f 3914/9852 4029/9853 3868/9854
vt 0.88338 0.20899
vt 0.88209 0.20968
f 3913/9724 4057/9855 4050/9856
vt 0.62141 0.10680
vt 0.62023 0.10633
f 3947/9857 3946/9748 4006/9858
vt 0.98107 0.81523
vt 0.98154 0.81467
vt 0.98138 0.81580
f 3947/9859 4032/9860 3946/9861
vt 0.06397 0.83035
f 3855/9727 3930/9726 3957/9862
vt 0.06909 0.82934
vt 0.06565 0.83038
f 3983/9863 4018/9864 3930/9726
f 3714/9177 4065/9477 4049/9718
vt 0.28155 0.07063
f 3994/9207 4143/9865 3900/8979
vt 0.37951 0.64547
vt 0.38033 0.64709
f 4036/9866 3843/9567 4070/9867
vt 0.01035 0.67398
f 3887/9780 4040/9868 3908/9784
vt 0.84740 0.34539
vt 0.84874 0.34523
f 3974/9869 4015/9870 3950/9794
vt 0.88090 0.20722
f 3918/9485 4074/9871 4118/9830
vt 0.97321 0.30428
vt 0.97210 0.30365
vt 0.97259 0.30266
f 3930/9872 4018/9873 3957/9874
vt 0.45550 0.93206
vt 0.45629 0.93038
vt 0.45691 0.93313
f 3971/9875 4001/9876 3933/9877
vt 0.96253 0.33783
f 3912/9554 4010/9878 3999/9767
vt 0.41356 0.56572
vt 0.41014 0.56499
f 3954/9574 3933/9879 4200/9880
vt 0.62353 0.10520
vt 0.62425 0.10601
f 3917/9702 3955/9881 3986/9882
vt 0.14838 0.77790
f 3956/9525 4058/9883 3935/9841
vt 0.84849 0.40251
vt 0.84778 0.40290
f 3911/9884 4063/9885 3965/9584
vt 0.11879 0.31010
f 3888/9245 4014/9886 4009/9755
vt 0.77135 0.53050
f 3859/9626 4030/9887 3861/9627
vt 0.88178 0.21153
f 3921/9788 3838/9486 4075/9888
vt 0.16997 0.36444
f 3958/9336 4035/9728 4102/9889
vt 0.62284 0.10629
f 3917/9702 4032/9890 3955/9881
f 3887/9780 4048/9779 4040/9868
vt 0.84960 0.34694
f 3911/9795 3950/9794 4062/9891
vt 0.85020 0.34778
f 3911/9795 4062/9891 4063/9892
vt 0.01041 0.67097
f 3908/9784 4038/9893 3964/9785
vt 0.74072 0.18364
vt 0.74084 0.18047
vt 0.74319 0.18225
f 3790/9894 3948/9895 4038/9896
f 3841/9745 3964/9785 4037/9746
vt 0.58681 0.24754
f 3798/9267 4064/9797 4046/9897
vt 0.74258 0.18710
f 3922/9616 3920/9656 4039/9898
vt 0.25380 0.10306
f 3782/9114 4047/9568 4239/9899
vt 0.24824 0.10644
f 3923/9066 4025/9900 3770/8980
vt 0.18852 0.38290
f 3763/8857 3984/9901 3983/9771
vt 0.41067 0.55410
f 3866/9675 4095/9828 3985/9902
f 3742/9141 4044/9793 3977/9698
vt 0.64750 0.32820
f 3879/9442 4125/9903 3915/9752
vt 0.17479 0.36669
vt 0.17225 0.36583
f 3922/9680 4039/9904 4148/9905
vt 0.91541 0.37759
f 3929/9734 3985/9906 3949/9804
vt 0.74297 0.18514
f 3920/9656 3790/9894 4040/9907
f 3920/9656 4040/9907 4039/9898
vt 0.57895 0.70361
vt 0.57829 0.70391
vt 0.57753 0.70244
f 3878/9908 4066/9909 3934/9910
vt 0.94697 0.16304
f 3973/9736 4084/9911 3998/9737
vt 0.90251 0.66125
f 3951/9649 3902/9787 4018/9912
f 3915/9752 4125/9903 3981/9800
vt 0.74304 0.18013
f 3948/9895 3964/9913 4038/9896
f 3922/9680 4148/9905 3882/9681
f 3790/9894 4038/9896 4040/9907
vt 0.74326 0.17543
f 3952/9708 3960/9707 4060/9914
vt 0.48326 0.54949
vt 0.48399 0.55195
f 3975/9747 3965/9915 3979/9916
f 3782/9114 4239/9899 3923/9066
vt 0.98111 0.82434
vt 0.98174 0.82447
vt 0.98108 0.82502
f 3942/9917 3997/9918 4052/9919
vt 0.77062 0.53984
f 3893/9371 4045/9851 4067/9920
vt 0.66018 0.94550
f 3953/9843 3935/9842 4016/9921
vt 0.77155 0.53593
vt 0.77029 0.53498
f 3777/9922 3982/9838 4003/9923
vt 0.77082 0.54139
vt 0.76973 0.54083
f 3880/9606 4009/9924 4007/9925
f 3880/9606 4007/9925 4045/9851
vt 0.06962 0.83039
vt 0.06873 0.83029
f 3983/9863 3989/9926 3951/9927
vt 0.77097 0.53861
f 3893/9371 4099/9928 4008/9839
f 3843/9567 4033/9827 4070/9867
f 3950/9794 4015/9870 4062/9891
vt 0.14730 0.77589
f 3935/9841 4058/9883 4090/9929
f 3763/8857 4046/9478 3984/9901
f 3952/9708 3964/9913 3948/9895
vt 0.48092 0.55214
f 3937/9930 3975/9747 3979/9916
f 3879/9442 4011/9293 4125/9903
vt 0.41144 0.57949
f 3863/9645 4031/9628 4083/9931
vt 0.01359 0.66003
vt 0.01418 0.65888
f 3961/9599 4017/9932 4010/9933
vt 0.11886 0.51549
f 3905/9792 4208/9934 3976/9666
vt 0.16353 0.35743
vt 0.16289 0.35562
f 3934/9638 4066/9935 3992/9936
vt 0.30403 0.04714
f 3869/8920 3932/9506 4120/9937
f 3869/8920 4120/9937 3894/8345
f 3686/9065 3996/9482 4013/9435
vt 0.17551 0.37174
f 3927/8897 4260/9938 4048/9802
vt 0.97217 0.53858
vt 0.97247 0.53734
vt 0.97273 0.53855
f 3924/9939 3896/9940 3998/9941
vt 0.12025 0.62567
f 3968/9585 4043/9942 3940/9279
f 3940/9279 4043/9942 3970/9776
vt 0.11618 0.51829
f 3903/9374 4042/9774 3905/9943
vt 0.62106 0.10508
f 4006/9858 4059/9944 3947/9857
f 3983/9771 3984/9901 3989/9765
vt 0.57770 0.82711
vt 0.57652 0.82886
vt 0.57715 0.82557
f 3987/9945 4014/9946 4024/9947
f 3913/9724 3993/9723 4057/9855
f 3934/9638 3992/9936 4012/9719
vt 0.48465 0.54930
f 3965/9915 4063/9948 3979/9916
vt 0.67930 0.28534
f 4002/9686 3858/9685 4028/9949
vt 0.88067 0.90844
vt 0.88077 0.90730
vt 0.88181 0.90889
f 4014/9950 3987/9951 4009/9952
vt 0.98374 0.85148
vt 0.98383 0.85260
vt 0.98320 0.85204
f 3947/9953 4059/9954 4032/9955
vt 0.65350 0.33270
f 3868/9630 4029/9956 4011/9293
f 3908/9784 4040/9868 4038/9893
vt 0.41206 0.55958
vt 0.41112 0.56050
vt 0.41058 0.55915
f 3997/9957 3972/9958 4052/9959
vt 0.40906 0.56337
vt 0.41047 0.56226
f 3733/9575 4205/9960 4151/9961
vt 0.77140 0.53725
vt 0.77074 0.53708
f 3982/9838 4008/9962 4078/9963
vt 0.61635 0.10404
f 3973/9714 4012/9690 4022/9964
f 3907/8903 3909/9773 4247/9447
vt 0.40887 0.57084
f 3928/9688 3847/9546 4141/9965
f 3876/9508 4153/9836 4034/9654
vt 0.87991 0.90643
vt 0.88045 0.90582
f 3987/9951 4024/9966 4008/9967
vt 0.27874 0.07494
f 3919/9171 3900/8979 4206/9968
vt 0.57629 0.82743
f 4014/9946 4073/9969 4024/9947
vt 0.62587 0.10468
f 3963/9511 3986/9840 4033/9970
vt 0.12436 0.62924
vt 0.12248 0.62921
vt 0.12431 0.62792
f 3999/9971 4054/9972 3991/9973
vt 0.11369 0.61499
vt 0.11319 0.61327
f 3914/9603 4126/9974 4029/9975
vt 0.01132 0.66388
f 3944/9711 4037/9746 4060/9976
vt 0.40200 0.97585
vt 0.40127 0.97665
vt 0.40119 0.97548
f 3935/9977 4090/9978 4016/9979
vt 0.11761 0.62039
f 3980/9847 3881/9273 3899/9980
vt 0.47518 0.56574
f 3898/9673 4050/9753 4156/9981
f 3838/9486 4118/9830 4075/9888
f 3983/9863 3951/9927 4018/9864
vt 0.40994 0.56682
f 3971/9819 3928/9688 4001/9982
vt 0.40932 0.57647
f 3988/9775 4146/9983 3847/9546
vt 0.91481 0.37532
f 3943/9829 3949/9804 4111/9984
f 3956/9525 3937/9620 4058/9883
vt 0.12850 0.51373
f 4065/9477 4176/9456 4243/9985
vt 0.77225 0.53313
f 3859/9986 3777/9922 4003/9923
vt 0.94802 0.16381
f 3973/9736 4022/9987 4084/9911
f 3733/9575 3954/9574 4205/9960
vt 0.30882 0.04277
f 4122/9426 4005/9988 3932/9506
vt 0.40996 0.54913
vt 0.41030 0.55076
vt 0.40874 0.54950
f 3974/9989 3943/9990 4004/9991
vt 0.98227 0.16897
vt 0.98276 0.16929
vt 0.98266 0.16988
f 4006/9992 4020/9993 4059/9994
vt 0.12248 0.62729
f 3991/9973 4054/9972 3968/9995
vt 0.88216 0.90793
f 3987/9951 4045/9996 4009/9952
vt 0.90144 0.66048
f 3957/9997 4018/9912 3902/9787
f 4036/9672 3895/9754 3892/9023
vt 0.97208 0.11007
vt 0.97222 0.10863
vt 0.97268 0.10982
f 4017/9998 4019/9999 4010/10000
vt 0.47296 0.57470
f 3990/9517 3910/9744 4131/10001
vt 0.12924 0.32082
vt 0.12542 0.32029
f 3931/9789 4041/10002 4224/10003
vt 0.87544 0.52387
f 3916/9790 4093/10004 3858/9321
vt 0.97260 0.10901
f 4010/10000 4019/9999 3999/10005
vt 0.88192 0.90713
f 4045/9996 3987/9951 4067/10006
f 3954/9574 4200/9880 4205/9960
vt 0.40928 0.55241
f 3943/9990 4111/10007 4004/9991
f 3931/9789 4224/10003 4085/9225
vt 0.88109 0.90613
f 4008/9967 4099/10008 3987/9951
vt 0.12170 0.51609
f 3976/9666 4208/9934 4087/10009
vt 0.06702 0.93553
vt 0.06722 0.93730
f 3936/9693 4083/10010 4031/10011
f 3900/8979 4143/9865 4206/9968
f 4112/9766 3989/9765 3984/9901
vt 0.36188 0.97699
vt 0.36079 0.97606
vt 0.36199 0.97558
f 3974/10012 4004/10013 4015/10014
vt 0.92005 0.61096
vt 0.92094 0.61348
vt 0.91974 0.61357
f 3889/10015 4135/10016 3901/10017
vt 0.01131 0.66193
f 4017/9653 3944/9711 4130/10018
vt 0.87960 0.90510
vt 0.87975 0.90349
vt 0.88055 0.90469
f 4024/10019 4056/10020 4078/10021
f 4153/9836 3898/9673 4156/9981
vt 0.88142 0.90625
f 3987/9951 4099/10008 4121/10022
vt 0.00539 0.97834
vt 0.00624 0.97692
vt 0.00617 0.97850
f 3955/10023 4032/10024 4096/10025
vt 0.57724 0.82344
vt 0.57719 0.82545
vt 0.57555 0.82442
f 4056/10026 4024/10027 4021/10028
vt 0.88018 0.90563
f 4008/10029 4024/10019 4078/10021
vt 0.74338 0.17757
f 3964/9913 3952/9708 4037/10030
vt 0.92001 0.61459
f 3901/10017 4135/10016 3962/10031
vt 0.98471 0.83850
vt 0.98439 0.83890
vt 0.98441 0.83800
f 3924/10032 4020/10033 4006/10034
vt 0.12368 0.62963
f 3999/9971 4019/10035 4054/9972
f 3944/9711 4060/9976 4130/10018
vt 0.47118 0.57366
f 4034/10036 4131/10001 3910/9744
f 4003/9923 3982/9838 4078/9963
vt 0.41160 0.57729
f 3863/9645 4083/9931 3988/10037
f 3733/9575 4151/9961 3972/9958
f 3916/9790 4030/9810 4093/10004
vt 0.97713 0.05882
vt 0.97749 0.05772
vt 0.97777 0.05917
f 3882/10038 4148/10039 4035/10040
vt 0.91991 0.60495
vt 0.92070 0.60558
vt 0.92044 0.60679
f 4002/10041 4106/10042 4027/10043
vt 0.40824 0.55536
f 3985/9902 4095/9828 4173/10044
vt 0.11687 0.30821
vt 0.11607 0.30847
vt 0.11645 0.30802
f 4009/10045 4053/10046 4007/10047
vt 0.16525 0.35950
f 3978/9332 3958/9336 4094/10048
vt 0.24254 0.11495
f 3945/9607 3941/9454 4337/10049
vt 0.92025 0.61503
f 3962/10031 4135/10016 4114/10050
vt 0.12211 0.51690
f 4000/10051 3976/9666 4087/10009
f 3994/9207 4142/9825 4143/9865
f 3938/9782 3995/9251 4220/9824
f 3770/8980 4025/9900 4180/9823
f 3927/8897 3967/9533 4260/9938
vt 0.14449 0.33979
f 3758/9268 4013/9435 4144/10052
vt 0.67320 0.28482
vt 0.67277 0.28571
vt 0.67212 0.28478
f 4026/10053 4109/10054 3889/10055
vt 0.37435 0.65915
f 3960/9676 3848/9491 4269/10056
vt 0.88347 0.21069
f 4057/9855 4110/10057 4050/9856
vt 0.12015 0.62861
f 4054/9972 4215/10058 3968/9995
vt 0.36978 0.65948
f 4060/10059 3960/9676 4269/10056
vt 0.57618 0.82503
f 4024/10027 4081/10060 4021/10028
vt 0.88257 0.90826
f 4009/9952 4045/9996 4053/10061
vt 0.79879 0.95082
vt 0.79756 0.95073
f 3988/9796 4196/10062 4146/10063
vt 0.25756 0.09841
f 4119/9682 4334/10064 4047/9568
vt 0.26184 0.09556
f 4119/9682 4461/10065 4334/10064
f 3859/9986 4003/9923 4030/9887
f 3952/9708 4060/9914 4037/10030
f 3888/9245 4115/9844 4014/9886
vt 0.47200 0.57602
f 3990/9517 4131/10001 4082/10066
vt 0.61434 0.10227
f 4022/9964 4012/9690 4101/10067
vt 0.86943 0.61246
f 3921/9743 4051/10068 4057/9742
vt 0.17270 0.36758
f 4039/9904 4177/10069 4148/9905
vt 0.57544 0.82755
f 4014/9946 4061/10070 4073/9969
vt 0.88155 0.90643
f 3987/9951 4121/10071 4067/10006
vt 0.52512 0.73074
vt 0.52297 0.72986
vt 0.52552 0.72926
f 3921/10072 4075/10073 4051/10074
f 3904/9464 3758/9268 4144/10052
vt 0.77018 0.53955
vt 0.76994 0.53913
f 3893/9371 4067/10075 4099/10076
vt 0.97781 0.68016
vt 0.97729 0.68032
vt 0.97738 0.67923
f 3955/10077 4096/10078 3986/10079
vt 0.61323 0.10368
f 4012/9690 3992/10080 4101/10067
vt 0.00957 0.67620
f 4048/9779 4039/10081 4040/9868
vt 0.61723 0.10585
vt 0.62005 0.10531
f 3924/9811 3998/10082 4020/10083
vt 0.01349 0.66088
vt 0.01218 0.66114
vt 0.01217 0.66040
f 4017/10084 4130/10085 4019/10086
vt 0.97985 0.15670
vt 0.98002 0.15637
vt 0.98049 0.15705
f 4045/10087 4072/10088 4053/10089
vt 0.66776 0.28589
f 3962/9434 4114/10090 4044/9791
vt 0.11755 0.62319
f 3899/9848 3970/9849 4162/10091
vt 0.76980 0.54000
vt 0.76995 0.54037
f 4007/9925 4072/10092 4045/10093
vt 0.76942 0.54010
f 4007/9925 4127/10094 4072/10092
vt 0.88123 0.21489
vt 0.88000 0.21622
vt 0.87984 0.21457
f 3937/10095 4188/10096 4058/10097
vt 0.97351 0.76018
vt 0.97328 0.76073
vt 0.97286 0.75931
f 4024/10098 4073/10099 4081/10100
vt 0.92050 0.60446
f 4002/10041 4028/10101 4106/10042
vt 0.41085 0.55288
vt 0.41027 0.55339
f 3949/10102 3985/10103 4111/10007
vt 0.57591 0.82215
f 4056/10026 4021/10028 4100/10104
vt 0.40843 0.55848
f 3942/9562 4052/9959 4133/10105
f 3942/9562 4133/10105 4095/9828
vt 0.48167 0.55483
f 3937/9930 3979/9916 4188/10106
vt 0.47452 0.57769
f 4041/9808 4082/9818 4160/10107
vt 0.47447 0.57361
f 4034/9654 4153/9836 4107/10108
vt 0.76865 0.53693
f 4078/9963 4140/10109 4003/9923
vt 0.11513 0.62042
f 3980/9847 4158/10110 4055/9713
vt 0.15654 0.96077
vt 0.15706 0.96203
vt 0.15648 0.96445
f 3980/10111 3899/10112 4211/10113
vt 0.11687 0.61889
vt 0.11631 0.62321
f 3980/10114 4211/10115 4158/10110
vt 0.51535 0.72709
vt 0.51412 0.72666
vt 0.51540 0.72605
f 3953/10116 4016/10117 4079/10118
vt 0.13929 0.33323
f 3936/9694 4216/9541 4167/10119
vt 0.57487 0.82297
f 4021/10028 4147/10120 4100/10104
vt 0.93290 0.23972
vt 0.93330 0.24177
vt 0.93232 0.24041
f 3936/10121 4167/10122 4083/10123
vt 0.97233 0.76007
f 4081/10100 4073/10099 4121/10124
vt 0.97538 0.32602
vt 0.97434 0.32676
vt 0.97436 0.32569
f 4016/10125 4090/10126 4079/10127
vt 0.51847 0.72943
vt 0.51917 0.72686
f 4075/10073 4118/10128 4191/10129
vt 0.61783 0.10321
f 4022/9964 4101/10067 4076/10130
vt 0.62261 0.10535
vt 0.62132 0.10448
vt 0.62305 0.10446
f 4032/10131 4059/10132 4096/10133
vt 0.88195 0.90385
f 4078/10021 4056/10020 4187/10134
f 3978/9332 4094/10048 3878/9655
vt 0.48543 0.54564
vt 0.48658 0.54650
vt 0.48512 0.54767
f 4015/10135 4004/10136 4062/10137
vt 0.62305 0.10401
vt 0.62536 0.10312
vt 0.62500 0.10375
f 4068/10138 4070/10139 4033/10140
vt 0.93630 0.21213
vt 0.93682 0.20988
vt 0.93712 0.21146
f 4068/10141 4033/10142 4096/10143
vt 0.45772 0.93171
f 3933/9877 4001/9876 4200/10144
vt 0.65167 0.33455
f 4029/9956 4154/10145 4011/9293
vt 0.87999 0.90539
vt 0.88003 0.90611
vt 0.87920 0.90567
f 4081/10146 4069/10147 4021/10148
vt 0.57596 0.82661
f 4073/9969 4061/10070 4069/10149
vt 0.77039 0.53855
vt 0.76990 0.53836
f 4121/10150 4099/10076 4071/10151
f 4021/10028 4069/10149 4061/10070
vt 0.11999 0.62689
f 3968/9585 4193/10152 4043/9942
vt 0.12013 0.62746
f 3968/9995 4215/10058 4193/10153
vt 0.14922 0.34524
f 4013/9435 3996/9482 4253/10154
vt 0.92447 0.20906
vt 0.92365 0.20730
f 4034/9758 4107/10155 4131/10156
vt 0.92043 0.60982
vt 0.92089 0.60822
f 4026/10157 4027/10043 4089/10158
vt 0.37533 0.65718
f 3848/9491 3939/9209 4194/10159
vt 0.86872 0.83384
vt 0.86893 0.83122
f 4055/9834 4113/10160 4126/10161
vt 0.37207 0.66064
f 4060/10059 4269/10056 4266/10162
vt 0.40861 0.56849
f 3928/9688 4159/10163 4001/9982
vt 0.14506 0.77363
vt 0.14427 0.77300
f 3953/9772 4079/10164 4074/10165
vt 0.62393 0.10461
f 3986/9840 4096/10166 4033/9970
vt 0.62215 0.10374
vt 0.62064 0.10344
vt 0.61971 0.10139
f 4068/10167 4086/10168 4077/10169
vt 0.16794 0.36314
f 3958/9336 4102/9889 4171/10170
vt 0.93608 0.21658
vt 0.93661 0.21546
vt 0.93617 0.21824
f 4076/10171 4086/10172 4022/10173
vt 0.93732 0.21805
f 4022/10173 4086/10172 4084/10174
vt 0.11788 0.31182
f 4115/9844 4136/10175 4014/9886
vt 0.17192 0.36393
vt 0.17128 0.36499
f 4035/10176 4148/10177 4102/9889
vt 0.52145 0.97572
vt 0.52145 0.97675
vt 0.52114 0.97616
f 4072/10178 4127/10179 4067/10180
vt 0.52279 0.72657
f 4075/10073 4192/10181 4051/10074
vt 0.97020 0.41259
vt 0.97070 0.41315
vt 0.97014 0.41369
f 4078/10182 4081/10183 4071/10184
f 4086/10168 4076/10130 4077/10169
f 4071/10151 4140/10109 4078/9963
vt 0.57450 0.82566
f 4021/10028 4061/10070 4164/10185
vt 0.93721 0.21384
f 4068/10141 4096/10143 4059/10186
f 3985/10103 4173/10044 4111/10007
vt 0.97938 0.34822
vt 0.97869 0.34766
vt 0.97928 0.34775
f 4014/10187 4136/10188 4061/10189
vt 0.57471 0.82424
f 4021/10028 4221/10190 4147/10120
vt 0.17469 0.36761
vt 0.17304 0.36807
f 4039/10191 4048/9802 4137/10192
vt 0.62262 0.10110
f 4077/10169 4091/10193 4068/10138
vt 0.61893 0.10409
f 4020/10083 3998/10082 4086/10194
f 4068/10138 4091/10193 4070/10139
vt 0.97095 0.41413
f 4071/10184 4081/10183 4121/10195
vt 0.00762 0.67546
vt 0.00772 0.67655
f 4177/10196 4039/10081 4137/10197
f 4068/10141 4059/10186 4086/10172
f 4075/10073 4191/10129 4192/10181
vt 0.37881 0.65436
f 3895/9754 4268/10198 3939/9209
vt 0.00116 0.95430
vt 0.00197 0.95504
vt 0.00153 0.95687
f 4036/10199 4070/10200 4184/10201
vt 0.58095 0.70601
vt 0.57922 0.70542
f 3878/9908 4094/10202 4066/10203
vt 0.88224 0.21275
f 4050/9856 4110/10057 4168/10204
vt 0.76951 0.54071
vt 0.76881 0.54000
f 4007/10205 4161/10206 4127/10094
f 4021/10028 4164/10185 4221/10190
vt 0.38022 0.64955
f 3895/9754 4036/9672 4184/10207
vt 0.87563 0.52083
f 3858/9321 4093/10004 4028/10208
vt 0.11453 0.30767
vt 0.11506 0.30785
f 4053/10046 4097/10209 4007/10210
vt 0.47622 0.56201
f 4050/9753 4168/10211 4156/9981
vt 0.99312 0.45713
vt 0.99334 0.45686
vt 0.99334 0.45724
f 4073/10212 4069/10213 4121/10214
vt 0.61696 0.10472
f 3998/10082 4084/10215 4086/10194
vt 0.62061 0.10438
f 4020/10083 4086/10194 4059/10216
vt 0.13133 0.51224
f 4065/9477 4243/9985 4088/10217
vt 0.01196 0.65971
vt 0.01145 0.65971
vt 0.01092 0.65910
f 4019/10218 4155/10219 4054/10220
f 4065/9477 4088/10217 4049/9718
vt 0.88125 0.90506
f 4081/10146 4117/10221 4069/10147
vt 0.97018 0.70425
vt 0.97077 0.70535
vt 0.97043 0.70608
f 4082/10222 4131/10223 4179/10224
vt 0.67508 0.28553
f 4026/10053 4089/10225 4109/10054
vt 0.29564 0.05894
f 3959/9250 4339/10226 3909/9773
f 3941/9454 4180/9823 4337/10049
f 3904/9464 4144/10052 4216/9541
vt 0.67645 0.28479
vt 0.67754 0.28549
f 4027/10227 4106/10228 4089/10225
vt 0.92374 0.20925
f 4131/10156 4107/10155 4189/10229
vt 0.76891 0.54075
vt 0.76783 0.54062
vt 0.76840 0.54001
f 4007/10230 4097/10231 4134/10232
vt 0.52240 0.97598
vt 0.52250 0.97698
vt 0.52158 0.97719
f 4007/10233 4134/10234 4161/10235
vt 0.14455 0.77478
f 4079/10164 4163/10236 4074/10165
vt 0.13934 0.51298
f 3996/9559 4049/9718 4253/10237
vt 0.00885 0.66315
f 4060/9976 4266/10238 4130/10018
vt 0.88157 0.90614
f 4069/10147 4117/10221 4121/10239
vt 0.76876 0.53433
f 4003/9923 4108/10240 4030/9887
vt 0.47445 0.56003
vt 0.47450 0.56123
vt 0.47215 0.56041
f 4051/10241 4110/10242 4057/10243
f 4048/9802 4260/9938 4137/10192
vt 0.97881 0.12851
vt 0.97854 0.12752
vt 0.97917 0.12755
f 4081/10244 4078/10245 4117/10246
vt 0.40882 0.57341
f 4141/9965 3847/9546 4138/10247
vt 0.48604 0.54988
f 4062/10137 4004/10136 4124/10248
vt 0.76915 0.53014
f 4030/9887 4108/10240 4093/10249
vt 0.92002 0.76806
vt 0.91930 0.76902
vt 0.91943 0.76654
f 4043/10250 4092/10251 3970/10252
f 4062/10137 4124/10248 4063/9948
vt 0.40974 0.57738
f 4083/9931 4196/10253 3988/10037
vt 0.81118 0.89313
vt 0.81024 0.89147
vt 0.81132 0.89010
f 4029/10254 4126/10255 4174/10256
vt 0.40985 0.56061
f 3972/9958 4151/9961 4132/10257
vt 0.23747 0.11809
f 4064/9798 3945/9607 4186/10258
vt 0.98005 0.04557
vt 0.98002 0.04455
vt 0.98039 0.04506
f 4132/10259 4133/10260 4052/10261
vt 0.40806 0.56090
f 4132/10257 4170/10262 4133/10105
f 3847/9546 4146/9983 4138/10247
vt 0.52536 0.72653
f 4192/10181 4104/10263 4051/10074
f 3972/9958 4132/10257 4052/9959
vt 0.51869 0.72784
vt 0.51856 0.72687
f 4191/10129 4118/10264 4163/10265
vt 0.64819 0.33137
f 4011/9293 4228/10266 4125/9903
vt 0.98077 0.15593
f 4053/10089 4072/10088 4098/10267
f 4141/9965 4159/10163 3928/9688
vt 0.57464 0.82833
f 4061/10070 4136/10268 4164/10185
vt 0.97394 0.32553
f 4090/10126 4116/10269 4079/10127
vt 0.67032 0.28575
f 3889/10055 4109/10054 4135/10270
vt 0.88349 0.21370
f 4168/10204 4110/10057 4283/10271
f 4063/9948 4124/10248 3979/9916
vt 0.61305 0.10166
f 3992/10080 4066/10272 4101/10067
vt 0.47535 0.57637
f 4082/9818 4179/10273 4160/10107
vt 0.13850 0.33643
f 4216/9541 4377/10274 4167/10119
vt 0.24633 0.98949
vt 0.24654 0.98894
vt 0.24673 0.98949
f 4067/10275 4121/10276 4098/10277
vt 0.97079 0.41218
vt 0.97099 0.41276
f 4078/10182 4187/10278 4117/10279
vt 0.30794 0.04691
f 3932/9506 4005/9988 4291/10280
f 4080/9249 4232/9781 4119/9682
vt 0.30423 0.05194
f 3894/8345 4120/9937 4305/10281
f 3894/8345 4305/10281 4023/9650
vt 0.98037 0.15605
f 4072/10088 4067/10282 4098/10267
vt 0.88071 0.90296
f 4056/10020 4100/10283 4187/10134
vt 0.38079 0.64796
f 4070/9867 4152/10284 4184/10207
vt 0.57472 0.82102
f 4100/10104 4147/10120 4128/10285
vt 0.11433 0.51736
f 4042/9774 4123/10286 3905/9943
vt 0.13003 0.32406
vt 0.12588 0.32494
f 4041/10002 4160/10287 4324/10288
vt 0.76960 0.53986
vt 0.76903 0.53987
f 4067/10289 4127/10290 4099/10076
vt 0.76694 0.53123
vt 0.76720 0.52994
f 4093/10249 4106/10291 4028/10292
vt 0.40831 0.55173
f 4004/9991 4111/10007 4124/10293
vt 0.06628 0.93511
vt 0.06637 0.93388
f 4167/10294 4219/10295 4083/10010
vt 0.11404 0.51874
vt 0.11324 0.51730
f 4042/9774 3981/10296 4105/10297
vt 0.14534 0.77665
vt 0.14657 0.77642
f 4058/9883 4116/10298 4090/10299
vt 0.88244 0.90594
f 4121/10239 4117/10221 4165/10300
vt 0.92374 0.11850
vt 0.92430 0.11737
vt 0.92527 0.11789
f 4109/10301 4103/10302 4108/10303
vt 0.92349 0.11928
vt 0.92438 0.11997
f 4109/10304 4108/10303 4140/10305
f 4003/9923 4140/10109 4108/10240
vt 0.96914 0.51726
vt 0.96825 0.51566
vt 0.96971 0.51567
f 4100/10306 4128/10307 4169/10308
vt 0.29338 0.06265
f 3909/9773 4339/10226 4512/10309
vt 0.76738 0.53412
vt 0.76602 0.53363
f 4103/10310 4089/10311 4106/10291
vt 0.87008 0.83462
f 4055/9834 4158/10312 4113/10160
vt 0.92432 0.11479
f 4103/10302 4106/10313 4108/10303
f 4041/10002 4324/10288 4224/10003
f 3959/9250 3969/9569 4339/10226
vt 0.91970 0.76992
f 4043/10250 4193/10314 4092/10251
vt 0.66632 0.28799
f 4114/10090 4178/10315 4044/9791
vt 0.65360 0.33574
f 4029/9956 4174/10316 4154/10145
vt 0.76760 0.53943
vt 0.76640 0.54035
f 4134/10317 4097/10231 4145/10318
vt 0.00874 0.66172
f 4130/10018 4266/10238 4292/10319
vt 0.76586 0.53612
f 4103/10310 4109/10320 4089/10311
vt 0.01011 0.66063
f 4019/10086 4130/10085 4155/10321
vt 0.98457 0.62975
vt 0.98466 0.63073
vt 0.98423 0.63025
f 4071/10322 4099/10323 4165/10324
vt 0.97587 0.65528
vt 0.97604 0.65428
vt 0.97644 0.65464
f 4053/10325 4098/10326 4127/10327
vt 0.97633 0.65510
f 4053/10325 4127/10327 4175/10328
vt 0.51719 0.72883
vt 0.51740 0.72643
f 4074/10329 4163/10330 4118/10128
vt 0.99341 0.22395
vt 0.99350 0.22361
vt 0.99364 0.22395
f 4099/10331 4127/10332 4098/10333
vt 0.98450 0.63115
f 4099/10323 4098/10334 4165/10324
vt 0.13641 0.51143
f 4253/10237 4049/9718 4262/10335
f 3932/9506 4291/10280 4120/9937
f 4269/10056 3848/9491 4194/10159
vt 0.11282 0.30902
vt 0.11269 0.30706
f 4097/10209 4258/10336 4145/10337
vt 0.12307 0.51245
f 4000/9717 4234/10338 4176/9456
vt 0.92004 0.51622
vt 0.91948 0.51811
f 4000/9701 4087/10339 4234/10340
vt 0.92055 0.49803
vt 0.92065 0.49932
vt 0.91968 0.49787
f 4001/10341 4159/10342 4139/10343
vt 0.16605 0.36266
f 4171/10170 4264/10344 3958/9336
vt 0.62609 0.10155
f 4070/10139 4091/10193 4152/10345
f 4085/9225 4224/10003 3966/9274
vt 0.76905 0.53805
f 4071/10151 4165/10346 4140/10109
vt 0.92546 0.11481
f 4106/10313 4093/10347 4108/10303
vt 0.15730 0.96344
f 3899/10112 4162/10348 4211/10113
vt 0.66942 0.28660
f 4135/10270 4145/10349 4114/10090
vt 0.11889 0.62556
f 3970/9849 4092/10350 4162/10091
vt 0.11488 0.31026
f 4097/10209 4053/10046 4175/10351
f 4097/10209 4175/10351 4258/10336
vt 0.47690 0.56842
f 4156/9981 4230/10352 4153/9836
f 4042/9774 4105/10297 4123/10286
vt 0.28890 0.06611
f 4247/9447 4366/10353 4142/9825
f 3958/9336 4264/10344 4094/10048
vt 0.97578 0.65352
vt 0.97611 0.65347
f 4121/10354 4165/10355 4098/10326
vt 0.88217 0.90265
f 4187/10134 4100/10283 4129/10356
vt 0.76604 0.53777
f 4145/10318 4135/10357 4134/10317
vt 0.47696 0.56042
f 4051/10241 4210/10358 4110/10242
vt 0.61645 0.10110
f 4076/10130 4101/10067 4213/10359
vt 0.97792 0.90016
vt 0.97737 0.89966
vt 0.97770 0.89924
f 4132/10360 4151/10361 4170/10362
vt 0.76742 0.53688
f 4134/10317 4135/10357 4140/10363
vt 0.40948 0.55607
f 4095/10364 4133/10105 4173/10044
vt 0.40824 0.55369
f 4173/10044 4124/10365 4111/10007
vt 0.58807 0.25083
f 4046/9897 4064/9797 4231/10366
vt 0.65006 0.33326
f 4011/9293 4207/10367 4228/10266
vt 0.58033 0.70710
f 4066/10203 4094/10202 4212/10368
f 4047/9568 4334/10064 4239/9899
vt 0.87014 0.61538
vt 0.86902 0.61536
f 4051/10068 4104/10369 4210/10370
vt 0.92085 0.50413
vt 0.92077 0.50720
vt 0.91951 0.50573
f 4138/10371 4146/10372 4182/10373
vt 0.14630 0.77836
f 4058/9883 4286/10374 4116/10298
vt 0.28302 0.07491
f 4206/9968 4143/9865 4290/10375
vt 0.97655 0.65494
f 4175/10328 4127/10327 4161/10376
vt 0.14686 0.34418
f 4013/9435 4253/10154 4195/10377
vt 0.76608 0.53651
f 4109/10378 4140/10363 4135/10357
vt 0.92417 0.12266
vt 0.92507 0.12076
vt 0.92522 0.12303
f 4134/10379 4140/10380 4161/10381
vt 0.48567 0.55254
f 3979/9916 4124/10248 4181/10382
vt 0.88253 0.90488
f 4117/10221 4187/10134 4190/10383
vt 0.47693 0.56413
f 4156/9981 4168/10211 4149/10384
f 4076/10130 4213/10359 4077/10169
f 4117/10221 4190/10383 4165/10300
vt 0.18872 0.38457
f 4046/9478 4231/10385 3984/9901
vt 0.87723 0.21536
f 4188/10096 4286/10386 4058/10097
f 4154/10145 4207/10367 4011/9293
f 4049/9718 4088/10217 4262/10335
vt 0.47697 0.56580
f 4156/9981 4149/10384 4235/10387
vt 0.92560 0.12159
f 4140/10380 4165/10388 4161/10381
vt 0.94429 0.75794
vt 0.94581 0.75940
vt 0.94338 0.76009
f 4100/10389 4238/10390 4129/10391
vt 0.68368 0.72187
vt 0.68249 0.72246
vt 0.68318 0.72154
f 3981/10392 4209/10393 4105/10394
vt 0.12173 0.51359
f 4087/10009 4208/9934 4234/10395
vt 0.01033 0.66132
f 4130/10085 4292/10396 4155/10321
vt 0.62596 0.10070
f 4152/10345 4091/10193 4201/10397
vt 0.31346 0.03772
f 4044/9793 4178/10398 3977/9698
vt 0.24058 0.11725
f 3945/9607 4337/10049 4202/10399
vt 0.37714 0.65640
f 3939/9209 4268/10198 4256/10400
vt 0.26637 0.09340
f 4119/9682 4464/10401 4461/10065
vt 0.31123 0.04177
f 4122/9426 3977/9698 4157/10402
vt 0.27358 0.08427
f 4220/9824 4487/10403 3938/9782
f 3923/9066 4239/9899 4025/9900
vt 0.30002 0.05508
f 4023/9650 4305/10281 4363/10404
f 4023/9650 4363/10404 3969/9569
vt 0.48425 0.55701
f 4188/10106 3979/9916 4150/10405
vt 0.51827 0.72654
vt 0.51760 0.72474
f 4163/10406 4217/10407 4191/10129
vt 0.91948 0.50282
vt 0.92092 0.50128
f 4138/10371 4185/10408 4141/10409
vt 0.47750 0.56149
f 4110/10242 4210/10358 4283/10410
vt 0.40701 0.55474
vt 0.40661 0.55554
f 4124/10411 4173/10044 4181/10412
vt 0.47635 0.56709
f 4230/10352 4156/9981 4235/10413
vt 0.87238 0.58241
vt 0.87236 0.58387
vt 0.87065 0.58149
f 4147/10414 4221/10415 4183/10416
vt 0.58963 0.24962
f 4064/9797 4186/10417 4231/10366
vt 0.92417 0.21184
f 4107/10155 4273/10418 4189/10229
vt 0.87249 0.58042
vt 0.87212 0.58233
f 4128/10419 4147/10420 4183/10416
vt 0.81007 0.88788
f 4126/10255 4113/10421 4174/10256
f 3895/9754 4184/10207 4268/10198
vt 0.06721 0.93218
f 4219/10295 4223/10422 4083/10010
vt 0.14553 0.77499
vt 0.14439 0.77526
f 4079/10423 4116/10298 4163/10424
vt 0.57393 0.82535
vt 0.57235 0.82604
vt 0.57362 0.82466
f 4164/10425 4166/10426 4221/10427
vt 0.66841 0.28742
f 4114/10090 4145/10428 4178/10315
f 4141/10409 4185/10408 4159/10342
vt 0.61306 0.09995
f 4066/10272 4212/10429 4101/10067
vt 0.17715 0.37896
f 3967/9533 4467/10430 4260/9938
vt 0.40424 0.56043
f 4133/10105 4170/10262 4341/10431
f 4122/9426 4157/10402 4005/9988
vt 0.46110 0.57702
vt 0.45946 0.57674
vt 0.46191 0.57637
f 4161/10432 4165/10433 4175/10434
vt 0.40758 0.57874
f 4083/9931 4335/10435 4196/10253
vt 0.47717 0.57392
f 4107/10108 4153/9836 4273/10436
vt 0.95656 0.54915
vt 0.95749 0.55052
vt 0.95622 0.55029
f 4169/10437 4183/10438 4100/10439
f 4136/10268 4166/10426 4164/10425
f 4013/9435 4195/10377 4144/10052
f 3919/9171 4206/9968 4220/9824
vt 0.57308 0.82870
f 4166/10426 4136/10268 4115/10440
vt 0.13039 0.32681
f 4160/10287 4222/10441 4324/10288
vt 0.98409 0.79469
vt 0.98383 0.79552
vt 0.98326 0.79507
f 4149/10442 4229/10443 4235/10444
vt 0.87113 0.58018
f 4128/10419 4183/10416 4172/10445
vt 0.97724 0.89896
f 4170/10362 4151/10361 4237/10446
vt 0.28623 0.06966
f 4142/9825 4366/10353 4248/10447
vt 0.97550 0.34829
vt 0.97406 0.34795
vt 0.97477 0.34690
f 4128/10448 4172/10449 4169/10450
vt 0.40557 0.55806
f 4133/10105 4244/10451 4173/10044
vt 0.65102 0.33764
f 4174/10316 4355/10452 4154/10145
vt 0.00995 0.65922
vt 0.00849 0.65898
f 4054/10453 4155/10321 4215/10454
vt 0.47597 0.57685
vt 0.47661 0.57808
f 4160/10107 4179/10455 4222/10456
vt 0.48183 0.55703
f 4188/10106 4150/10405 4294/10457
f 4142/9825 4248/10447 4143/9865
f 3938/9782 4487/10403 4249/9570
vt 0.61628 0.09857
f 4101/10067 4398/10458 4213/10359
vt 0.64494 0.32824
vt 0.64627 0.32891
vt 0.64530 0.33000
f 3981/10459 4125/10460 4285/10461
vt 0.95744 0.55196
f 4100/10439 4183/10438 4238/10462
f 4138/10371 4182/10373 4185/10408
vt 0.91911 0.49996
f 4159/10342 4378/10463 4139/10343
vt 0.11905 0.31571
f 4115/9844 3966/9274 4198/10464
vt 0.86896 0.83699
f 4113/10160 4158/10312 4275/10465
vt 0.88248 0.21593
f 4168/10204 4283/10271 4288/10466
vt 0.14386 0.77639
f 4163/10424 4116/10298 4217/10467
vt 0.38042 0.65253
f 4184/10207 4327/10468 4268/10198
f 4125/9903 4228/10266 4285/10461
vt 0.85951 0.14554
vt 0.85937 0.14807
vt 0.85733 0.14553
f 4077/10469 4213/10470 4354/10471
vt 0.40988 0.56599
vt 0.40887 0.56693
f 4001/10472 4139/10473 4200/9880
vt 0.11477 0.51660
f 3905/9792 4123/10474 4208/9934
vt 0.87677 0.22012
f 4188/10096 4294/10475 4286/10386
vt 0.38128 0.64852
vt 0.38167 0.64912
f 4184/10207 4152/10476 4225/10477
vt 0.91946 0.50726
f 4146/10372 4196/10478 4182/10373
vt 0.47923 0.56240
f 4168/10211 4288/10479 4149/10384
vt 0.40755 0.56206
f 4151/9961 4205/9960 4237/10480
vt 0.12027 0.31792
f 4224/10003 4204/10481 3966/9274
vt 0.16936 0.36575
f 4102/9889 4148/10177 4233/10482
f 3939/9209 4256/10400 4194/10159
vt 0.47532 0.57456
f 4131/10001 4189/10483 4179/10273
f 3909/9773 4512/10309 4247/9447
vt 0.18597 0.38346
f 3984/9901 4272/10484 4112/9766
vt 0.87072 0.58408
f 4221/10415 4218/10485 4183/10416
vt 0.11477 0.62269
f 4158/10110 4211/10115 4242/10486
vt 0.62583 0.10026
vt 0.62730 0.10002
f 4152/10345 4201/10487 4225/10488
vt 0.13729 0.33369
f 4167/10119 4377/10274 4219/10489
f 3945/9607 4202/10399 4186/10258
vt 0.11898 0.62667
vt 0.11703 0.62703
f 4092/10350 4193/10490 4321/10491
vt 0.45870 0.57608
f 4165/10433 4190/10492 4175/10434
vt 0.16874 0.36524
f 4102/9889 4233/10482 4251/10493
vt 0.57144 0.82678
f 4166/10426 4115/10440 4197/10494
vt 0.40712 0.56893
vt 0.40633 0.56579
f 4139/10473 4378/10495 4351/10496
vt 0.11722 0.62691
f 4162/10091 4092/10350 4321/10497
vt 0.81117 0.88678
f 4174/10256 4113/10421 4252/10498
vt 0.58116 0.70768
f 4094/10202 4264/10499 4212/10368
vt 0.87018 0.83775
f 4158/10312 4242/10500 4275/10465
f 3873/9243 4467/10430 3967/9533
vt 0.40855 0.58033
f 4083/9931 4223/10501 4335/10435
vt 0.98422 0.16014
vt 0.98459 0.15954
vt 0.98474 0.16037
f 4139/10502 4351/10503 4200/10504
vt 0.47864 0.56477
f 4149/10384 4288/10479 4229/10505
vt 0.57105 0.82869
f 4115/10440 4198/10506 4197/10494
f 4159/10342 4185/10408 4378/10463
vt 0.57141 0.82465
f 4221/10427 4166/10426 4303/10507
f 4119/9682 4232/9781 4464/10401
vt 0.16806 0.36386
f 4102/9889 4251/10493 4171/10508
f 4133/10105 4341/10431 4244/10451
vt 0.81458 0.44139
vt 0.81679 0.44331
vt 0.81611 0.44441
f 4203/10509 4250/10510 4214/10511
vt 0.46157 0.57461
f 4190/10492 4281/10512 4175/10434
vt 0.64372 0.32892
f 3981/10459 4285/10461 4209/10513
f 3966/9274 4204/10481 4198/10464
vt 0.16980 0.36788
f 4148/9905 4177/10069 4271/10514
vt 0.98781 0.41960
vt 0.98796 0.42030
vt 0.98748 0.42010
f 4170/10515 4237/10516 4307/10517
vt 0.64470 0.33502
vt 0.64541 0.33639
vt 0.64385 0.33605
f 4203/10518 4295/10519 4304/10520
vt 0.47813 0.57168
f 4230/10352 4279/10521 4153/9836
vt 0.81796 0.44624
vt 0.81746 0.44717
f 4214/10511 4207/10522 4154/10523
vt 0.12417 0.51102
f 4176/9456 4226/10524 4243/9985
vt 0.85957 0.14256
vt 0.85710 0.14061
vt 0.85909 0.13922
f 4091/10525 4465/10526 4201/10527
vt 0.64854 0.33525
f 4203/10518 4214/10528 4295/10519
vt 0.65367 0.33856
f 4174/10316 4252/10529 4355/10452
vt 0.40666 0.57693
f 4196/10253 4335/10435 4358/10530
vt 0.45763 0.57656
vt 0.45655 0.57661
vt 0.45746 0.57491
f 4187/10531 4129/10532 4240/10533
f 4187/10531 4240/10533 4190/10492
f 3984/9901 4231/10385 4272/10484
f 4091/10525 4354/10471 4465/10526
vt 0.11240 0.51739
vt 0.11209 0.51643
f 4105/10297 4209/10534 4333/10535
vt 0.40602 0.56308
f 4170/10262 4307/10536 4341/10431
vt 0.64861 0.33445
f 4207/10367 4322/10537 4228/10266
vt 0.87564 0.21948
f 4294/10475 4298/10538 4286/10386
f 4091/10525 4077/10469 4354/10471
f 4214/10511 4250/10510 4207/10522
f 4101/10067 4212/10429 4398/10458
f 4193/10490 4215/10058 4321/10491
f 4181/10412 4173/10044 4244/10451
vt 0.95780 0.54920
f 4169/10437 4172/10539 4183/10438
vt 0.47781 0.57703
f 4179/10455 4227/10540 4222/10456
vt 0.52559 0.72330
f 4104/10263 4192/10181 4261/10541
vt 0.86989 0.61858
f 4104/10369 4261/10542 4210/10370
vt 0.18049 0.38009
f 4112/9766 4267/10543 3873/9243
vt 0.16369 0.35954
vt 0.16588 0.36286
vt 0.16395 0.36270
f 4212/10544 4264/10545 4276/10546
vt 0.14139 0.33884
f 4216/9541 4144/10052 4297/10547
vt 0.47730 0.57612
f 4179/10273 4189/10483 4227/10548
vt 0.47757 0.56990
vt 0.48222 0.57119
f 4279/10549 4230/10352 4345/10550
vt 0.31331 0.03967
f 3977/9698 4178/10398 4293/10551
f 4214/10528 4154/10145 4355/10452
vt 0.12095 0.63018
vt 0.12015 0.63059
vt 0.11954 0.63030
f 4155/10552 4444/10553 4215/10554
vt 0.11663 0.62461
f 4162/10091 4321/10497 4211/10555
vt 0.31043 0.04352
f 4005/9988 4157/10402 4282/10556
vt 0.40831 0.57463
f 4196/10253 4358/10530 4182/10557
vt 0.00488 0.67622
f 4137/10197 4325/10558 4177/10196
f 4200/9880 4351/10496 4205/9960
vt 0.38081 0.65079
f 4225/10559 4327/10468 4184/10207
vt 0.17017 0.36869
f 4137/10192 4260/9938 4325/10560
vt 0.12184 0.32263
f 4224/10003 4324/10288 4404/10561
vt 0.47995 0.56688
f 4230/10352 4235/10387 4241/10562
vt 0.97812 0.20375
vt 0.97793 0.20476
vt 0.97708 0.20364
f 4229/10563 4241/10564 4235/10565
vt 0.21727 0.87965
vt 0.21685 0.88290
vt 0.21496 0.88114
f 4213/10566 4398/10567 4411/10568
vt 0.52383 0.72225
f 4192/10181 4298/10569 4261/10541
vt 0.11354 0.61851
vt 0.11353 0.62167
vt 0.11299 0.62017
f 4113/10570 4275/10571 4252/10572
vt 0.85707 0.14838
f 4213/10470 4287/10573 4354/10471
vt 0.81654 0.43996
f 4203/10509 4270/10574 4250/10510
f 4176/9456 4234/10338 4226/10524
vt 0.16955 0.36625
f 4148/9905 4271/10514 4233/10575
vt 0.56993 0.82697
f 4197/10494 4198/10506 4314/10576
vt 0.48621 0.55512
f 4181/10382 4299/10577 3979/9916
vt 0.13514 0.33411
f 4377/10274 4361/10578 4219/10489
vt 0.58978 0.25262
f 4186/10417 4202/10579 4231/10366
vt 0.52166 0.72227
f 4192/10181 4236/10580 4298/10569
vt 0.51882 0.72234
f 4192/10181 4191/10129 4317/10581
f 4192/10181 4317/10581 4236/10580
vt 0.66763 0.28967
f 4145/10428 4258/10582 4178/10315
f 3979/9916 4299/10577 4150/10405
vt 0.16820 0.36542
vt 0.16633 0.36343
f 4171/10508 4251/10583 4264/10584
vt 0.62551 0.09809
f 4201/10487 4257/10585 4225/10488
vt 0.11441 0.31137
f 4175/10351 4277/10586 4258/10336
vt 0.94558 0.76029
f 4129/10391 4238/10390 4240/10587
f 4190/10492 4240/10533 4281/10512
vt 0.24625 0.11434
f 4180/9823 4545/10588 4337/10049
vt 0.27048 0.08896
f 4249/9570 4338/10589 4232/9781
vt 0.89049 0.28446
vt 0.89052 0.28695
vt 0.88869 0.28670
f 4194/10590 4256/10591 4259/10592
vt 0.11690 0.62562
f 4211/10555 4321/10497 4348/10593
vt 0.13981 0.33855
f 4216/9541 4297/10547 4359/10594
vt 0.40825 0.57217
vt 0.40647 0.57227
f 4185/10595 4329/10596 4378/10495
vt 0.14429 0.77858
f 4286/10374 4317/10597 4116/10298
vt 0.24845 0.11188
f 4180/9823 4025/9900 4506/10598
vt 0.47903 0.57792
f 4222/10456 4227/10540 4309/10599
vt 0.00456 0.67522
f 4177/10196 4325/10558 4271/10600
vt 0.89031 0.28884
f 4256/10591 4263/10601 4259/10592
vt 0.94305 0.60606
vt 0.94367 0.60605
vt 0.94401 0.60703
f 4105/10602 4457/10603 4123/10604
vt 0.11327 0.51597
f 4105/10297 4333/10535 4457/10605
vt 0.81463 0.43970
f 4203/10509 4304/10606 4270/10574
vt 0.68072 0.72410
vt 0.68084 0.72257
f 4209/10393 4357/10607 4333/10608
vt 0.47701 0.57446
f 4189/10483 4273/10609 4227/10548
vt 0.88898 0.28469
f 4194/10590 4259/10592 4269/10610
f 4116/10298 4317/10597 4217/10467
vt 0.87005 0.58311
f 4218/10485 4238/10611 4183/10416
vt 0.86938 0.58483
f 4218/10485 4265/10612 4238/10611
vt 0.83448 0.18063
vt 0.83515 0.17828
vt 0.83501 0.18231
f 4246/10613 4263/10614 4255/10615
vt 0.88991 0.29398
vt 0.88827 0.29322
vt 0.89017 0.29112
f 4255/10616 4245/10617 4246/10618
vt 0.89019 0.29546
vt 0.88971 0.29582
f 4251/10619 4233/10620 4255/10616
f 4180/9823 4506/10598 4545/10588
f 4273/10436 4153/9836 4279/10521
vt 0.00872 0.66099
vt 0.00753 0.66057
f 4155/10321 4292/10621 4444/10622
vt 0.46336 0.57459
f 4175/10434 4281/10512 4277/10623
vt 0.61304 0.09672
f 4212/10429 4276/10624 4398/10458
f 4216/9541 4359/10594 4377/10274
vt 0.21483 0.87918
f 4213/10566 4411/10568 4287/10625
vt 0.81899 0.44355
f 4207/10522 4250/10510 4322/10626
f 4230/10352 4241/10562 4345/10550
vt 0.48649 0.55384
f 4181/10382 4244/10627 4299/10577
f 4217/10407 4317/10581 4191/10129
f 4182/10557 4329/10596 4185/10595
vt 0.11553 0.62555
f 4211/10115 4348/10628 4242/10486
vt 0.12112 0.51036
f 4234/10395 4208/9934 4437/10629
vt 0.12216 0.51199
f 4234/10395 4437/10629 4199/10630
vt 0.88828 0.29569
f 4233/10620 4271/10631 4255/10616
f 4143/9865 4248/10447 4290/10375
f 3873/9243 4267/10543 4467/10430
vt 0.17410 0.37594
f 4260/9938 4467/10430 4597/10632
f 3977/9698 4293/10551 4157/10402
f 4214/10528 4355/10452 4295/10519
vt 0.64313 0.33035
f 4209/10513 4285/10461 4357/10633
vt 0.88836 0.28960
f 4246/10618 4323/10634 4263/10601
f 4263/10601 4323/10634 4259/10592
vt 0.64322 0.33824
f 4304/10520 4295/10519 4289/10635
vt 0.93296 0.24337
vt 0.93327 0.24569
vt 0.93219 0.24492
f 4219/10636 4361/10637 4223/10638
vt 0.95398 0.30453
vt 0.95418 0.30647
vt 0.95298 0.30550
f 4237/10639 4369/10640 4307/10641
vt 0.58830 0.25351
f 4231/10366 4202/10579 4272/10642
vt 0.87088 0.58548
vt 0.87026 0.58637
f 4315/10643 4296/10644 4265/10612
vt 0.48010 0.56125
f 4210/10358 4306/10645 4283/10410
vt 0.87029 0.58828
vt 0.86926 0.58804
f 4254/10646 4281/10647 4296/10644
f 3969/9569 4363/10404 4339/10226
vt 0.18348 0.38299
f 4112/9766 4319/10648 4267/10543
vt 0.66605 0.28980
f 4258/10582 4293/10649 4178/10315
vt 0.83534 0.18530
vt 0.83659 0.18373
f 4251/10650 4255/10615 4300/10651
vt 0.86889 0.61782
f 4210/10370 4261/10542 4306/10652
vt 0.87048 0.58476
f 4218/10485 4315/10653 4265/10612
vt 0.95126 0.95036
vt 0.95007 0.95289
vt 0.94989 0.95025
f 4221/10654 4303/10655 4218/10656
vt 0.11627 0.51345
f 4208/9934 4123/10474 4389/10657
vt 0.56986 0.82481
f 4303/10507 4166/10426 4343/10658
vt 0.86884 0.58951
f 4281/10647 4254/10646 4277/10659
vt 0.37480 0.66074
f 4266/10162 4269/10056 4397/10660
vt 0.57081 0.82639
vt 0.57031 0.82622
f 4166/10426 4197/10661 4360/10662
vt 0.14252 0.34273
f 4144/10052 4195/10377 4302/10663
vt 0.12780 0.32851
f 4324/10288 4222/10441 4310/10664
vt 0.14180 0.34059
f 4144/10052 4302/10663 4346/10665
vt 0.25262 0.10954
f 4025/9900 4239/9899 4400/10666
vt 0.12846 0.50899
f 4243/9985 4453/10667 4088/10217
vt 0.11875 0.31713
f 4204/10481 4280/10668 4198/10464
vt 0.48112 0.56262
f 4288/10479 4308/10669 4229/10505
vt 0.11411 0.51489
f 4123/10474 4353/10670 4389/10657
vt 0.14144 0.34024
f 4144/10052 4346/10671 4297/10547
vt 0.86878 0.58337
f 4238/10611 4265/10612 4240/10672
vt 0.12267 0.51085
f 4234/10338 4199/10673 4226/10524
f 4296/10644 4281/10647 4265/10612
vt 0.45796 0.57303
vt 0.45810 0.57113
vt 0.45907 0.57271
f 4218/10674 4303/10675 4315/10676
vt 0.47958 0.57416
f 4279/10521 4278/10677 4273/10436
f 4123/10474 4457/10605 4353/10670
vt 0.47961 0.57491
f 4227/10548 4273/10609 4278/10678
vt 0.68869 0.96032
vt 0.68830 0.96198
vt 0.68726 0.95961
f 4258/10679 4277/10680 4293/10681
vt 0.83550 0.17419
vt 0.83609 0.17710
f 4256/10682 4367/10683 4263/10614
vt 0.45942 0.57376
f 4281/10512 4240/10533 4265/10684
vt 0.16684 0.36603
f 4264/10584 4251/10583 4383/10685
vt 0.16524 0.36407
f 4264/10545 4284/10686 4276/10546
vt 0.11767 0.62926
f 4215/10058 4274/10687 4321/10491
vt 0.40583 0.56410
f 4205/9960 4369/10688 4237/10480
vt 0.64521 0.33351
f 4228/10266 4386/10689 4285/10461
vt 0.12608 0.50920
f 4243/9985 4226/10524 4384/10690
vt 0.40244 0.56263
f 4307/10536 4460/10691 4341/10431
vt 0.94364 0.46367
vt 0.94446 0.46196
vt 0.94448 0.46441
f 4309/10692 4227/10693 4405/10694
f 4246/10618 4245/10617 4323/10634
f 4272/10484 4319/10648 4112/9766
vt 0.83658 0.18529
f 4251/10650 4300/10651 4383/10695
vt 0.24273 0.11697
f 4202/10399 4337/10049 4370/10696
vt 0.88305 0.21756
vt 0.88239 0.21818
f 4288/10466 4409/10697 4308/10698
vt 0.13103 0.32917
f 4222/10441 4309/10699 4310/10664
vt 0.25726 0.10386
f 4334/10064 4421/10700 4239/9899
vt 0.97542 0.78638
vt 0.97541 0.78734
vt 0.97463 0.78704
f 4197/10701 4314/10702 4360/10703
vt 0.86883 0.83868
f 4242/10500 4328/10704 4275/10465
vt 0.26122 0.09942
f 4461/10065 4661/10705 4334/10064
vt 0.87562 0.21754
f 4286/10386 4298/10538 4236/10706
vt 0.68718 0.96212
vt 0.68700 0.96133
f 4282/10707 4157/10708 4277/10680
vt 0.83612 0.17999
f 4255/10615 4263/10614 4340/10709
f 4157/10708 4293/10681 4277/10680
f 4255/10616 4271/10631 4245/10617
vt 0.88352 0.21682
f 4288/10466 4283/10271 4306/10710
vt 0.28025 0.07870
f 4220/9824 4206/9968 4395/10711
vt 0.00495 0.66146
f 4266/10238 4481/10712 4292/10319
vt 0.48024 0.57628
f 4227/10548 4278/10678 4405/10713
vt 0.56958 0.82560
f 4166/10426 4320/10714 4343/10658
f 4166/10426 4360/10662 4320/10714
vt 0.48168 0.56260
vt 0.48351 0.56410
f 4229/10505 4308/10715 4482/10716
f 4250/10510 4270/10574 4322/10626
f 4182/10557 4358/10530 4329/10596
vt 0.56975 0.82875
vt 0.56976 0.82851
f 4198/10506 4280/10717 4330/10718
f 4198/10506 4330/10718 4314/10576
vt 0.13927 0.50882
f 4253/10237 4262/10335 4376/10719
vt 0.81054 0.88516
vt 0.81139 0.88434
f 4252/10498 4275/10720 4403/10721
f 4241/10562 4229/10505 4482/10716
vt 0.48588 0.55588
vt 0.48592 0.55656
f 4150/10405 4299/10722 4436/10723
vt 0.20302 0.90318
vt 0.20433 0.90291
vt 0.20297 0.90565
f 4201/10724 4465/10725 4257/10726
vt 0.11839 0.62953
vt 0.11783 0.63051
f 4274/10727 4215/10554 4444/10728
vt 0.61613 0.09592
f 4398/10458 4276/10624 4312/10729
vt 0.52514 0.72202
f 4298/10569 4311/10730 4261/10541
vt 0.88800 0.28495
f 4259/10592 4364/10731 4269/10610
vt 0.85630 0.14679
f 4287/10573 4402/10732 4354/10471
vt 0.48105 0.57423
f 4278/10677 4279/10521 4352/10733
vt 0.16954 0.37246
f 4260/9938 4698/10734 4325/10560
vt 0.64322 0.33288
f 4285/10461 4419/10735 4357/10633
vt 0.19419 0.93259
vt 0.19459 0.93048
vt 0.19500 0.93204
f 4313/10736 4301/10737 4314/10738
vt 0.71187 0.87912
vt 0.71244 0.88116
vt 0.71124 0.87960
f 4301/10739 4459/10740 4331/10741
vt 0.71430 0.87970
f 4301/10739 4313/10742 4459/10740
vt 0.19423 0.93398
vt 0.19516 0.93380
f 4204/10743 4313/10736 4280/10744
f 4255/10615 4340/10709 4300/10651
f 4247/9447 4512/10309 4366/10353
f 4260/9938 4597/10632 4698/10734
vt 0.83658 0.17482
f 4256/10682 4388/10745 4367/10683
vt 0.93255 0.24611
f 4361/10637 4342/10746 4223/10638
vt 0.40430 0.56564
f 4307/10536 4374/10747 4460/10691
vt 0.65347 0.34136
f 4252/10529 4403/10748 4355/10452
f 4288/10466 4306/10710 4409/10697
vt 0.94352 0.46530
f 4309/10692 4405/10694 4390/10749
f 4205/9960 4351/10496 4369/10688
vt 0.14496 0.34555
f 4195/10377 4376/10750 4302/10663
vt 0.62762 0.09665
f 4225/10488 4257/10585 4327/10751
vt 0.92792 0.41877
vt 0.92900 0.41934
vt 0.92793 0.41946
f 4307/10752 4369/10753 4374/10754
vt 0.87044 0.62058
vt 0.86911 0.62030
f 4261/10542 4311/10755 4385/10756
vt 0.11858 0.51200
f 4208/9934 4394/10757 4437/10629
f 4204/10481 4224/10003 4404/10561
f 4279/10521 4345/10550 4352/10733
vt 0.38069 0.65494
f 4268/10198 4327/10468 4446/10758
f 4025/9900 4400/10666 4506/10598
vt 0.87593 0.22105
f 4311/10759 4298/10538 4294/10475
vt 0.19576 0.93374
f 4313/10736 4314/10738 4316/10760
f 4313/10736 4316/10760 4280/10744
vt 0.98720 0.78443
vt 0.98673 0.78525
vt 0.98672 0.78448
f 4315/10761 4360/10762 4296/10763
f 4243/9985 4384/10690 4453/10667
f 4195/10377 4253/10154 4376/10750
f 4005/9988 4282/10556 4291/10280
vt 0.89939 0.36936
vt 0.90007 0.36744
vt 0.90023 0.37036
f 4263/10764 4367/10765 4340/10766
vt 0.58841 0.25590
vt 0.58967 0.25530
f 4319/10767 4272/10642 4370/10768
f 4249/9570 4487/10403 4338/10589
vt 0.00455 0.66342
f 4266/10238 4397/10769 4481/10712
vt 0.48219 0.55861
vt 0.48405 0.55962
f 4294/10770 4150/10405 4424/10771
vt 0.87568 0.21513
f 4286/10386 4236/10706 4317/10772
vt 0.81492 0.43761
f 4304/10606 4438/10773 4270/10574
vt 0.46006 0.57274
vt 0.45962 0.57045
vt 0.46116 0.57000
f 4296/10774 4360/10775 4336/10776
vt 0.46192 0.57307
f 4296/10774 4336/10776 4254/10777
vt 0.56951 0.82852
f 4314/10576 4330/10718 4316/10778
f 4285/10461 4386/10689 4419/10735
vt 0.37636 0.66021
f 4269/10056 4364/10779 4397/10660
vt 0.64458 0.33980
f 4289/10635 4295/10519 4500/10780
vt 0.48242 0.55981
f 4294/10770 4424/10771 4311/10781
vt 0.46396 0.57128
vt 0.46336 0.57373
f 4254/10777 4371/10782 4277/10783
vt 0.16580 0.36458
f 4264/10584 4383/10685 4284/10784
vt 0.93984 0.76578
vt 0.93972 0.76159
vt 0.94060 0.76282
f 4292/10785 4481/10786 4444/10787
f 4120/9937 4291/10280 4305/10281
vt 0.98287 0.48903
vt 0.98266 0.48975
vt 0.98247 0.48927
f 4280/10788 4326/10789 4330/10790
vt 0.37858 0.65783
f 4256/10400 4268/10198 4388/10791
vt 0.13963 0.34032
vt 0.13972 0.33897
f 4297/10547 4318/10792 4359/10793
vt 0.19579 0.93071
vt 0.19617 0.93145
f 4301/10737 4320/10794 4368/10795
f 4301/10737 4368/10795 4314/10738
vt 0.97444 0.78796
f 4314/10702 4368/10796 4360/10703
f 4208/9934 4389/10657 4394/10757
f 4306/10652 4261/10542 4385/10756
f 4295/10519 4355/10452 4500/10780
vt 0.21771 0.88490
vt 0.21654 0.88492
f 4312/10797 4443/10798 4398/10567
vt 0.16457 0.36525
f 4276/10546 4284/10686 4427/10799
vt 0.12984 0.51011
vt 0.13152 0.50978
f 4088/10217 4453/10800 4332/10801
vt 0.71571 0.87972
vt 0.71549 0.88171
f 4204/10802 4410/10803 4313/10742
vt 0.19422 0.92944
vt 0.19544 0.92972
f 4301/10737 4331/10804 4343/10805
vt 0.46465 0.57403
f 4282/10806 4277/10783 4371/10782
vt 0.11824 0.31680
vt 0.11795 0.31714
f 4326/10807 4280/10668 4316/10808
f 4301/10737 4343/10805 4320/10794
vt 0.40447 0.55894
f 4244/10451 4341/10431 4299/10809
vt 0.56175 0.96192
vt 0.56028 0.96022
vt 0.56171 0.96050
f 4331/10810 4440/10811 4343/10812
f 4202/10579 4370/10768 4272/10642
vt 0.82022 0.43982
f 4270/10574 4507/10813 4322/10626
vt 0.12249 0.50850
f 4226/10524 4199/10673 4356/10814
f 4206/9968 4290/10375 4395/10711
vt 0.11509 0.51294
f 4353/10670 4445/10815 4389/10657
vt 0.00483 0.66623
vt 0.00346 0.66679
vt 0.00430 0.66424
f 4259/10816 4423/10817 4364/10818
vt 0.64762 0.33514
f 4228/10266 4322/10819 4386/10689
vt 0.95079 0.95415
vt 0.95022 0.95425
f 4303/10655 4343/10820 4391/10821
vt 0.64232 0.33714
vt 0.64089 0.33809
f 4304/10822 4289/10635 4438/10823
vt 0.13157 0.33122
vt 0.12890 0.33208
f 4309/10699 4390/10824 4604/10825
f 4309/10699 4604/10825 4310/10664
vt 0.62152 0.09669
vt 0.61949 0.09676
vt 0.62056 0.09622
f 4375/10826 4350/10827 4347/10828
f 4088/10217 4332/10801 4262/10335
vt 0.81713 0.43864
vt 0.81966 0.43801
f 4270/10574 4456/10829 4529/10830
vt 0.98466 0.63843
vt 0.98434 0.63806
vt 0.98441 0.63756
f 4330/10831 4326/10832 4336/10833
vt 0.90135 0.37245
vt 0.89972 0.37454
f 4340/10766 4422/10834 4300/10835
vt 0.19572 0.93335
vt 0.19637 0.93349
f 4330/10836 4336/10837 4316/10760
vt 0.00468 0.66890
vt 0.00299 0.67136
f 4323/10838 4422/10839 4423/10817
vt 0.00412 0.67271
vt 0.00395 0.67480
vt 0.00270 0.67430
f 4245/10840 4271/10841 4344/10842
f 4245/10840 4422/10839 4323/10838
f 4323/10838 4423/10817 4259/10816
f 4271/10841 4325/10558 4344/10842
f 4297/10547 4346/10671 4318/10792
vt 0.30992 0.04697
f 4291/10280 4282/10556 4401/10843
vt 0.18068 0.38301
f 4319/10648 4451/10844 4267/10543
vt 0.11963 0.32001
f 4204/10481 4404/10561 4410/10845
vt 0.97243 0.10258
vt 0.97220 0.10092
vt 0.97296 0.10151
f 4284/10846 4383/10847 4427/10848
vt 0.39551 0.93520
vt 0.39550 0.93315
vt 0.39723 0.93482
f 4287/10849 4411/10850 4402/10851
vt 0.86990 0.83998
vt 0.86871 0.84123
f 4242/10500 4348/10852 4509/10853
f 4242/10500 4509/10853 4328/10704
vt 0.92883 0.42173
f 4374/10754 4369/10753 4373/10854
vt 0.56074 0.96226
vt 0.55985 0.96194
f 4331/10810 4459/10855 4349/10856
vt 0.11762 0.31664
vt 0.11702 0.31661
f 4326/10857 4316/10808 4362/10858
vt 0.98284 0.49041
vt 0.98250 0.49034
f 4326/10789 4362/10859 4336/10860
vt 0.61830 0.09619
vt 0.62016 0.09561
f 4347/10828 4350/10861 4420/10862
vt 0.46201 0.57023
f 4254/10777 4336/10776 4362/10863
vt 0.45931 0.57122
vt 0.45888 0.57020
f 4315/10864 4303/10675 4360/10865
vt 0.48336 0.56112
vt 0.48254 0.56214
f 4306/10645 4385/10866 4409/10867
f 4529/10830 4507/10813 4270/10574
vt 0.48399 0.56273
f 4482/10716 4308/10715 4471/10868
vt 0.81050 0.88349
f 4403/10721 4275/10720 4328/10869
vt 0.11452 0.62714
vt 0.11547 0.62690
f 4321/10491 4382/10870 4348/10871
vt 0.13733 0.50764
f 4262/10335 4450/10872 4376/10719
vt 0.46492 0.57062
f 4282/10806 4371/10782 4401/10873
vt 0.40374 0.55970
f 4299/10809 4341/10431 4436/10874
vt 0.93365 0.05892
vt 0.93358 0.06082
vt 0.93257 0.05936
f 4333/10875 4357/10876 4457/10877
vt 0.14001 0.34207
f 4346/10665 4302/10663 4520/10878
f 4331/10810 4349/10856 4440/10811
vt 0.28999 0.07166
f 4366/10353 4652/10879 4248/10447
vt 0.11712 0.31712
f 4316/10808 4426/10880 4362/10858
f 4313/10742 4410/10803 4459/10740
vt 0.92469 0.21605
vt 0.92437 0.21730
vt 0.92399 0.21420
f 4352/10881 4392/10882 4278/10883
vt 0.85494 0.14503
f 4402/10732 4418/10884 4354/10471
vt 0.62296 0.09550
f 4347/10828 4365/10885 4375/10826
vt 0.37998 0.65522
vt 0.37939 0.65642
f 4268/10198 4446/10886 4458/10887
vt 0.27853 0.08310
f 4220/9824 4395/10711 4629/10888
vt 0.12404 0.51033
vt 0.12361 0.50721
f 4226/10889 4434/10890 4384/10690
vt 0.86953 0.84188
f 4348/10852 4382/10891 4509/10853
f 4226/10524 4356/10814 4434/10890
vt 0.13373 0.50741
f 4262/10335 4332/10801 4579/10892
vt 0.65030 0.34069
f 4355/10452 4372/10893 4500/10780
vt 0.64650 0.33520
f 4386/10689 4322/10819 4507/10894
vt 0.56114 0.95985
f 4440/10811 4391/10895 4343/10812
vt 0.93251 0.06196
f 4457/10877 4357/10876 4433/10896
vt 0.40470 0.56653
f 4351/10496 4373/10897 4369/10688
vt 0.45766 0.56943
f 4303/10675 4391/10898 4360/10865
vt 0.40474 0.57341
f 4329/10596 4358/10530 4449/10899
vt 0.62135 0.09549
f 4347/10828 4420/10862 4477/10900
vt 0.19678 0.93389
f 4316/10760 4336/10837 4426/10901
f 4362/10863 4371/10782 4254/10777
f 4347/10828 4477/10900 4365/10885
vt 0.11491 0.62965
f 4274/10687 4502/10902 4321/10491
vt 0.97592 0.14927
vt 0.97566 0.14806
vt 0.97654 0.14747
f 4346/10903 4495/10904 4318/10905
vt 0.88312 0.21942
vt 0.88240 0.22077
f 4308/10698 4409/10906 4471/10907
vt 0.85471 0.14164
f 4354/10471 4432/10908 4465/10526
vt 0.62316 0.09614
vt 0.62433 0.09589
f 4375/10909 4365/10885 4430/10910
vt 0.61563 0.09319
f 4276/10624 4533/10911 4312/10729
vt 0.26128 0.10358
f 4661/10705 4648/10912 4334/10064
vt 0.91950 0.52012
vt 0.92013 0.52194
vt 0.91937 0.52302
f 4199/10913 4437/10914 4356/10915
vt 0.13941 0.34125
f 4346/10665 4520/10878 4495/10916
vt 0.89954 0.37617
vt 0.90133 0.37563
f 4383/10917 4300/10835 4344/10918
vt 0.94390 0.46686
f 4390/10749 4405/10694 4494/10919
f 4220/9824 4629/10888 4487/10403
vt 0.87019 0.62288
f 4311/10755 4424/10920 4385/10756
vt 0.40572 0.58041
f 4223/10501 4342/10921 4335/10435
f 4403/10748 4372/10893 4355/10452
vt 0.89983 0.93333
vt 0.89963 0.93467
vt 0.89815 0.93427
f 4435/10922 4406/10923 4387/10924
f 4232/9781 4338/10589 4464/10401
vt 0.29929 0.06162
f 4363/10404 4542/10925 4339/10226
vt 0.48399 0.56666
f 4345/10550 4241/10562 4439/10926
vt 0.45851 0.56945
f 4360/10865 4391/10898 4320/10927
vt 0.50415 0.84863
vt 0.50198 0.84885
vt 0.50370 0.84751
f 4381/10928 4466/10929 4412/10930
vt 0.89823 0.93246
f 4435/10922 4387/10924 4490/10931
vt 0.18183 0.38327
f 4319/10648 4568/10932 4451/10844
vt 0.40388 0.57793
f 4358/10530 4335/10435 4523/10933
f 4241/10562 4482/10716 4439/10926
vt 0.45843 0.56921
f 4320/10927 4391/10898 4380/10934
vt 0.11872 0.51044
vt 0.11714 0.50936
vt 0.11949 0.50827
f 4379/10935 4414/10936 4472/10937
f 4268/10198 4458/10887 4388/10791
vt 0.21481 0.88403
f 4398/10567 4501/10938 4411/10568
vt 0.11771 0.51162
f 4394/10757 4389/10657 4379/10939
vt 0.93276 0.73877
vt 0.93346 0.73942
vt 0.93275 0.74135
f 4430/10940 4478/10941 4375/10942
vt 0.62582 0.09465
f 4365/10885 4470/10943 4430/10910
vt 0.40429 0.56866
vt 0.40284 0.56889
f 4374/10747 4393/10944 4448/10945
vt 0.92813 0.42199
vt 0.92877 0.42408
f 4374/10946 4373/10854 4393/10947
vt 0.48295 0.57470
f 4278/10678 4392/10948 4405/10713
vt 0.81136 0.88211
f 4328/10869 4532/10949 4403/10721
vt 0.30486 0.05696
f 4363/10404 4701/10950 4542/10925
vt 0.90001 0.36536
vt 0.90141 0.36545
f 4367/10765 4388/10951 4417/10952
vt 0.90717 0.97744
vt 0.90660 0.97601
vt 0.90737 0.97589
f 4359/10953 4318/10954 4396/10955
vt 0.90131 0.37719
f 4383/10917 4344/10918 4399/10956
vt 0.19710 0.93104
f 4320/10794 4380/10957 4368/10795
vt 0.40445 0.56971
f 4378/10495 4329/10596 4393/10958
vt 0.11691 0.51085
f 4379/10939 4389/10657 4485/10959
vt 0.16680 0.36683
vt 0.16716 0.36856
f 4383/10960 4399/10961 4427/10799
vt 0.81629 0.43701
f 4270/10574 4564/10962 4456/10829
f 4270/10574 4438/10773 4564/10962
vt 0.84660 0.69443
vt 0.84578 0.69451
vt 0.84423 0.69320
f 4387/10963 4455/10964 4490/10965
vt 0.26094 0.93473
vt 0.25969 0.93383
vt 0.26157 0.93260
f 4381/10966 4412/10967 4408/10968
f 4351/10496 4378/10495 4373/10897
vt 0.50358 0.84927
f 4381/10928 4463/10969 4466/10929
vt 0.62540 0.09617
f 4327/10751 4257/10585 4430/10970
f 4422/10834 4344/10918 4300/10835
f 4274/10687 4444/10728 4502/10902
vt 0.24552 0.11681
f 4337/10049 4568/10971 4370/10696
vt 0.68035 0.72635
vt 0.67963 0.72660
f 4419/10972 4407/10973 4357/10607
vt 0.62336 0.09436
f 4365/10885 4513/10974 4470/10943
vt 0.48316 0.57453
f 4352/10733 4345/10550 4392/10975
vt 0.48602 0.55772
f 4150/10405 4436/10976 4424/10771
vt 0.40421 0.57047
f 4393/10944 4425/10977 4448/10945
f 4245/10840 4344/10842 4422/10839
vt 0.13896 0.34064
f 4359/10594 4396/10978 4377/10274
vt 0.75798 0.85503
vt 0.75738 0.85476
vt 0.75861 0.85375
f 4414/10979 4379/10980 4413/10981
vt 0.45983 0.56930
vt 0.45994 0.56876
f 4360/10775 4368/10982 4380/10983
f 4360/10775 4380/10983 4336/10776
vt 0.29996 0.96138
vt 0.29946 0.96249
vt 0.29980 0.96194
f 4365/10984 4477/10985 4513/10986
vt 0.64312 0.34115
f 4289/10635 4500/10780 4525/10987
f 4325/10560 4698/10734 4399/10961
vt 0.29465 0.06649
f 4366/10353 4429/10988 4652/10879
vt 0.37037 0.93171
vt 0.37097 0.93269
vt 0.37060 0.93438
f 4375/10989 4420/10990 4350/10991
vt 0.37133 0.93124
f 4375/10989 4441/10992 4420/10990
f 4354/10471 4418/10884 4432/10908
vt 0.00217 0.67609
f 4325/10558 4399/10993 4344/10842
vt 0.11942 0.51070
f 4394/10757 4379/10994 4437/10629
f 4339/10226 4542/10925 4512/10309
vt 0.29963 0.96415
vt 0.29953 0.96329
f 4420/10995 4441/10996 4477/10985
vt 0.59095 0.82079
vt 0.59086 0.82169
vt 0.58829 0.82124
f 4435/10997 4504/10998 4406/10999
f 4374/10747 4448/10945 4460/10691
vt 0.93372 0.06319
f 4357/10876 4407/11000 4433/10896
vt 0.61317 0.09442
f 4276/10624 4427/11001 4533/10911
vt 0.83485 0.92944
vt 0.83504 0.93217
vt 0.83359 0.93099
f 4402/11002 4415/11003 4696/11004
vt 0.39753 0.93245
f 4411/10850 4415/11005 4402/10851
f 4342/10921 4523/10933 4335/10435
vt 0.48215 0.57789
vt 0.48332 0.57862
vt 0.48108 0.57822
f 4494/11006 4447/11007 4390/11008
vt 0.50231 0.84741
f 4412/10930 4466/10929 4583/11009
f 4379/10994 4472/10937 4437/10629
vt 0.35419 0.84761
vt 0.35634 0.84728
vt 0.35470 0.84834
f 4381/11010 4408/11011 4463/11012
vt 0.62763 0.09504
f 4327/10751 4430/10970 4446/11013
vt 0.90151 0.36809
f 4367/10765 4423/11014 4340/10766
f 4367/10765 4417/10952 4423/11014
vt 0.20655 0.90589
f 4465/10725 4416/11015 4257/10726
vt 0.00298 0.66437
f 4423/10817 4417/11016 4364/10818
f 4378/10495 4393/10958 4373/10897
vt 0.46225 0.56865
f 4362/10863 4426/11017 4371/10782
vt 0.37857 0.66029
vt 0.37781 0.65921
f 4388/10791 4552/11018 4417/11019
f 4398/10567 4443/10798 4501/10938
vt 0.40436 0.57146
f 4393/10958 4329/10596 4425/11020
f 4321/10491 4502/10902 4382/10870
vt 0.13202 0.33346
f 4390/10824 4447/11021 4604/10825
f 4329/10596 4449/10899 4425/11020
f 4340/10766 4423/11014 4422/10834
f 4430/10970 4470/10943 4446/11013
vt 0.04274 0.93413
vt 0.04189 0.93269
vt 0.04250 0.93089
f 4406/11022 4452/11023 4589/11024
vt 0.58961 0.25788
f 4370/10768 4568/11025 4319/10767
vt 0.25244 0.90341
vt 0.25321 0.90440
vt 0.25152 0.90559
f 4353/11026 4457/11027 4541/11028
f 4389/10657 4445/10815 4485/10959
vt 0.94393 0.45463
vt 0.94379 0.45340
vt 0.94430 0.45303
f 4446/11029 4560/11030 4458/11031
f 4334/10064 4648/10912 4421/10700
vt 0.28773 0.07718
f 4248/10447 4855/11032 4290/10375
f 4363/10404 4305/10281 4701/10950
vt 0.83423 0.92902
f 4418/11033 4402/11002 4696/11004
vt 0.40238 0.56138
f 4341/10431 4460/10691 4436/11034
vt 0.11603 0.50678
f 4414/10936 4504/11035 4472/10937
vt 0.46448 0.56846
f 4426/11017 4428/11036 4371/10782
vt 0.39584 0.93071
f 4415/11005 4411/10850 4501/11037
f 4364/10779 4417/11019 4552/11018
vt 0.04428 0.93402
f 4387/11038 4406/11022 4589/11024
vt 0.04422 0.93094
f 4387/11038 4589/11024 4535/11039
vt 0.90001 0.93049
f 4435/10922 4490/10931 4510/11040
vt 0.13491 0.34118
f 4361/10578 4377/10274 4744/11041
vt 0.64095 0.33953
f 4289/10635 4525/10987 4514/11042
vt 0.75804 0.85216
f 4413/10981 4379/10980 4485/11043
vt 0.45737 0.56924
vt 0.45702 0.56794
vt 0.45790 0.56784
f 4391/11044 4440/11045 4498/11046
vt 0.37117 0.92880
f 4375/10989 4478/11047 4441/10992
vt 0.40367 0.58033
f 4342/10921 4469/11048 4523/10933
vt 0.40455 0.58123
f 4342/10921 4479/11049 4469/11048
vt 0.40434 0.57571
vt 0.40266 0.57524
vt 0.40398 0.57342
f 4442/11050 4486/11051 4449/11052
vt 0.58818 0.82250
f 4406/10999 4504/10998 4452/11053
vt 0.40448 0.57580
f 4449/10899 4358/10530 4442/11054
vt 0.82228 0.62012
vt 0.82139 0.62231
vt 0.82131 0.62070
f 4414/11055 4413/11056 4452/11057
f 4523/10933 4442/11054 4358/10530
vt 0.40477 0.57728
vt 0.40346 0.57756
f 4523/11058 4473/11059 4442/11050
vt 0.20310 0.90687
vt 0.20334 0.90784
f 4430/11060 4257/10726 4478/11061
f 4289/10635 4514/11042 4438/10823
vt 0.25102 0.90298
f 4353/11026 4541/11028 4445/11062
f 4371/10782 4428/11036 4401/10873
f 4442/11050 4473/11059 4486/11051
vt 0.16466 0.36883
f 4399/10961 4548/11063 4427/10799
vt 0.45850 0.56901
f 4391/11044 4498/11046 4380/11064
f 4248/10447 4652/10879 4855/11032
vt 0.97566 0.14736
f 4318/10905 4495/10904 4396/11065
vt 0.21756 0.88749
vt 0.21658 0.88704
f 4312/10797 4533/11066 4468/11067
vt 0.11581 0.63075
f 4444/10728 4555/11068 4502/10902
vt 0.80996 0.88124
f 4328/10869 4509/11069 4532/10949
vt 0.61706 0.09564
vt 0.61727 0.09365
vt 0.61898 0.09508
f 4443/11070 4468/11071 4493/11072
vt 0.25320 0.90734
f 4457/11027 4433/11073 4541/11028
f 4377/10274 4396/10978 4744/11041
vt 0.25183 0.90777
f 4433/11073 4640/11074 4541/11028
vt 0.48391 0.57407
f 4345/10550 4616/11075 4392/10948
vt 0.48455 0.57028
f 4439/10926 4508/11076 4345/10550
vt 0.48563 0.56467
f 4482/10716 4503/11077 4439/10926
vt 0.90055 0.93133
f 4435/10922 4510/11040 4504/11078
vt 0.71387 0.88321
f 4459/10740 4410/10803 4499/11079
vt 0.90336 0.14671
vt 0.90301 0.14996
vt 0.89998 0.14721
f 4418/11080 4696/11081 4432/11082
vt 0.71189 0.88388
vt 0.71138 0.88222
f 4459/10740 4431/11083 4349/11084
vt 0.33304 0.94835
vt 0.33203 0.94923
vt 0.33222 0.94626
f 4388/11085 4458/11086 4544/11087
vt 0.64315 0.33506
f 4419/10735 4386/10689 4596/11088
vt 0.63860 0.33860
f 4438/10823 4514/11042 4511/11089
vt 0.40235 0.57179
f 4449/11052 4536/11090 4425/10977
vt 0.48545 0.56709
vt 0.48518 0.56798
f 4439/10926 4448/11091 4536/11092
vt 0.28304 0.08139
f 4395/10711 4840/11093 4629/10888
vt 0.88196 0.37334
vt 0.88305 0.37106
vt 0.88322 0.37513
f 4462/11094 4463/11095 4454/11096
vt 0.94405 0.46818
vt 0.94325 0.46830
f 4494/10919 4619/11097 4447/11098
vt 0.48339 0.57646
f 4405/10713 4392/10948 4494/11099
vt 0.11620 0.50802
f 4414/10936 4452/11100 4504/11035
vt 0.13154 0.50966
f 4332/11101 4453/10667 4579/10892
vt 0.88191 0.37633
f 4454/11096 4455/11102 4462/11094
vt 0.12085 0.50792
f 4437/10629 4472/10937 4539/11103
f 4425/10977 4536/11090 4448/10945
vt 0.11752 0.50496
f 4472/10937 4504/11035 4587/11104
vt 0.26688 0.09727
f 4461/10065 4464/10401 4644/11105
vt 0.50369 0.85067
vt 0.50229 0.85140
f 4463/11106 4462/11107 4466/10929
vt 0.48542 0.56283
f 4471/10868 4562/11108 4482/10716
vt 0.26007 0.93053
f 4412/10967 4584/11109 4408/10968
vt 0.50332 0.85625
vt 0.50093 0.85505
f 4455/11110 4601/11111 4462/11107
vt 0.71547 0.88449
f 4410/10803 4586/11112 4499/11079
vt 0.83175 0.84746
vt 0.83194 0.84921
vt 0.83016 0.84809
f 4412/11113 4488/11114 4489/11115
f 4257/10726 4416/11015 4478/11061
vt 0.88344 0.37679
f 4455/11102 4454/11096 4490/11116
vt 0.00265 0.66115
f 4397/10769 4618/11117 4481/10712
vt 0.37113 0.93549
vt 0.37193 0.93382
vt 0.37118 0.93599
f 4443/11118 4493/11119 4501/11120
vt 0.48424 0.57232
f 4345/10550 4496/11121 4616/11075
vt 0.61313 0.09259
f 4427/11001 4524/11122 4533/10911
vt 0.83346 0.84992
f 4412/11113 4583/11123 4488/11114
f 4366/10353 4512/10309 4429/10988
f 4512/10309 4542/10925 4429/10988
vt 0.25812 0.10852
f 4421/10700 4505/11124 4239/9899
f 4239/9899 4505/11124 4400/10666
f 4337/10049 4545/10588 4568/10971
f 4312/10797 4468/11067 4443/10798
vt 0.13272 0.33555
vt 0.13308 0.33426
f 4361/10578 4484/11125 4479/11126
f 4262/10335 4579/10892 4450/10872
vt 0.12270 0.50679
f 4356/10814 4645/11127 4434/10890
vt 0.12617 0.50670
f 4384/10690 4702/11128 4453/10667
vt 0.86876 0.62644
vt 0.86984 0.62740
vt 0.86906 0.63215
f 4474/11129 4605/11130 4559/11131
vt 0.65334 0.34468
vt 0.65075 0.34363
f 4403/10748 4532/11132 4575/11133
vt 0.37236 0.93065
vt 0.37189 0.93139
f 4441/10992 4576/11134 4477/11135
vt 0.81465 0.43669
vt 0.81439 0.43498
vt 0.81557 0.43618
f 4438/11136 4511/11137 4557/11138
vt 0.37222 0.92909
f 4478/11047 4625/11139 4441/10992
vt 0.33337 0.94682
f 4388/11085 4544/11087 4552/11140
vt 0.84132 0.18244
vt 0.84010 0.18082
vt 0.84112 0.17974
f 4485/11141 4445/11142 4491/11143
f 4345/10550 4508/11076 4496/11121
vt 0.58637 0.82385
vt 0.58701 0.82380
f 4589/11144 4452/11053 4537/11145
vt 0.86905 0.63337
vt 0.87061 0.63266
vt 0.86952 0.63458
f 4559/11146 4620/11147 4492/11148
vt 0.74385 0.21986
vt 0.74419 0.22302
vt 0.74178 0.22279
f 4559/11149 4492/11150 4650/11151
vt 0.26610 0.95999
vt 0.26533 0.96060
vt 0.26465 0.95979
f 4349/11152 4519/11153 4440/11154
vt 0.11333 0.62821
vt 0.11332 0.62647
f 4382/10870 4577/11155 4509/11156
vt 0.14161 0.34536
f 4376/10750 4550/11157 4302/10663
vt 0.16500 0.37124
f 4698/10734 4692/11158 4399/10961
vt 0.40258 0.57413
f 4449/11052 4486/11051 4571/11159
vt 0.91115 0.62426
vt 0.91151 0.62607
vt 0.91023 0.62677
f 4349/11160 4431/11161 4637/11162
vt 0.48648 0.55887
vt 0.48639 0.56034
f 4436/10976 4460/11163 4534/11164
f 4436/10976 4534/11164 4424/10771
vt 0.48415 0.56253
f 4409/10867 4385/10866 4471/11165
vt 0.12001 0.32289
f 4410/10845 4404/10561 4586/11166
vt 0.50217 0.85659
f 4455/11110 4387/11167 4601/11111
vt 0.62135 0.09261
f 4493/11072 4468/11071 4522/11168
vt 0.40296 0.57780
vt 0.40288 0.57755
f 4473/11059 4476/11169 4475/11170
f 4559/11131 4605/11130 4620/11147
vt 0.39697 0.93040
vt 0.39719 0.93137
f 4501/11037 4517/11171 4415/11172
vt 0.62771 0.09261
f 4446/11013 4470/10943 4560/11173
vt 0.62152 0.09490
f 4513/10974 4477/11174 4522/11168
f 4302/10663 4550/11157 4520/10878
vt 0.48416 0.57421
f 4392/10948 4616/11175 4494/11099
f 4493/11072 4522/11168 4477/11174
vt 0.37675 0.66083
f 4364/10779 4552/11018 4397/11176
f 4508/11076 4439/10926 4536/11092
vt 0.12180 0.50799
f 4437/10629 4539/11103 4356/11177
f 4439/10926 4503/11077 4448/11091
vt 0.40150 0.56636
f 4448/10945 4558/11178 4460/10691
vt 0.71298 0.88400
f 4459/10740 4499/11079 4483/11179
f 4403/10748 4575/11133 4372/10893
f 4336/10776 4380/10983 4426/11017
vt 0.25931 0.93171
f 4584/11109 4412/10967 4489/11180
vt 0.30955 0.04971
f 4291/10280 4401/10843 4428/11181
vt 0.99312 0.45116
vt 0.99337 0.45111
vt 0.99337 0.45144
f 4475/11182 4476/11183 5779/11184
vt 0.40232 0.57709
f 4475/11170 5780/11185 4473/11059
f 4384/10690 4434/10890 4702/11128
vt 0.81968 0.62163
f 4413/11056 4537/11186 4452/11057
vt 0.50074 0.85651
f 4387/11167 4535/11187 4601/11111
vt 0.37224 0.93559
f 4501/11120 4493/11119 4578/11188
f 4473/11059 5780/11185 4486/11051
f 4399/10961 4692/11158 4548/11063
vt 0.30860 0.05247
f 4305/10281 4291/10280 4602/11189
f 4459/10740 4483/11179 4431/11083
vt 0.88356 0.22237
vt 0.88281 0.22259
f 4471/10907 4546/11190 4562/11191
vt 0.50045 0.84715
f 4583/11009 4466/10929 4561/11192
vt 0.13913 0.50615
f 4450/10872 4550/11193 4376/10719
vt 0.86961 0.63608
vt 0.87000 0.63763
f 4480/11194 4492/11148 4497/11195
f 4438/11136 4557/11138 4564/10962
vt 0.17784 0.38310
f 4267/10543 4451/10844 4611/11196
vt 0.20659 0.90311
f 4465/10725 4432/11197 4416/11015
vt 0.87036 0.71644
vt 0.87096 0.71787
vt 0.86938 0.71666
f 4472/11198 4563/11199 4539/11200
f 4449/11052 4571/11159 4536/11090
vt 0.64336 0.33577
f 4386/10689 4529/11201 4596/11088
vt 0.48612 0.56295
f 4482/10716 4562/11108 4558/11202
vt 0.94063 0.76114
f 4444/10787 4481/10786 4555/11203
vt 0.91016 0.62390
f 4349/11160 4637/11162 4519/11204
vt 0.88569 0.37377
f 4463/11095 4636/11205 4454/11096
vt 0.46005 0.56689
f 4380/10983 4498/11046 4585/11206
vt 0.26436 0.96057
f 4519/11153 4498/11207 4440/11154
vt 0.74461 0.22901
vt 0.74412 0.22953
vt 0.74415 0.22780
f 4495/11208 4520/11209 4515/11210
vt 0.87033 0.62501
f 4605/11130 4474/11129 4516/11211
vt 0.86917 0.62485
f 4474/11129 4641/11212 4516/11211
vt 0.46376 0.56560
f 4426/11017 4615/11213 4428/11036
f 4441/10992 4625/11139 4576/11134
vt 0.26141 0.93082
f 4408/10968 4584/11109 4627/11214
vt 0.40358 0.58190
f 4479/11049 4484/11215 4469/11048
vt 0.83983 0.17925
f 4445/11142 4541/11216 4491/11143
vt 0.40099 0.56422
f 4460/10691 4558/11178 4556/11217
vt 0.74428 0.21459
vt 0.74255 0.21736
vt 0.74240 0.21345
f 4474/11218 4621/11219 4606/11220
vt 0.83441 0.93418
f 4415/11003 4517/11221 4696/11004
vt 0.11949 0.50530
f 4472/10937 4587/11104 4563/11222
vt 0.12182 0.50748
f 4645/11127 4356/11177 4538/11223
vt 0.38031 0.65686
vt 0.38133 0.65748
vt 0.38028 0.65943
f 4458/11224 4560/11225 4544/11226
f 4395/10711 4290/10375 4840/11093
f 4382/10870 4502/10902 4577/11155
vt 0.84207 0.18199
f 4485/11141 4491/11143 4686/11227
vt 0.48651 0.56235
f 4471/11165 4385/10866 4546/11228
vt 0.40175 0.56825
f 4448/10945 4503/11229 4558/11178
vt 0.48407 0.56067
vt 0.48627 0.56102
f 4424/11230 4534/11231 4385/10866
vt 0.49968 0.85026
f 4466/10929 4462/11107 4680/11232
vt 0.25129 0.11518
f 4506/10598 4806/11233 4545/10588
vt 0.67966 0.72866
f 4419/10972 4596/11234 4407/10973
vt 0.87089 0.63502
f 4492/11148 4620/11147 4630/11235
vt 0.74428 0.22613
vt 0.74312 0.22681
f 4497/11236 4515/11210 4581/11237
vt 0.74352 0.22506
f 4497/11236 4581/11237 4480/11238
vt 0.13581 0.50652
f 4579/10892 4591/11239 4450/10872
f 4480/11238 4650/11151 4492/11150
vt 0.64468 0.33545
f 4386/10689 4507/11240 4529/11201
f 4474/11218 4559/11149 4621/11219
vt 0.88559 0.37674
f 4490/11116 4454/11096 4521/11241
vt 0.12404 0.32957
f 4324/10288 4310/10664 4687/11242
vt 0.16422 0.36650
f 4427/10799 4548/11063 4524/11243
f 4482/10716 4558/11202 4503/11077
vt 0.40229 0.58128
f 4469/11048 4484/11215 4612/11244
vt 0.27655 0.08910
f 4487/10403 4939/11245 4338/10589
vt 0.11493 0.63043
f 4555/11068 4593/11246 4502/10902
vt 0.48689 0.55980
f 4534/11164 4460/11163 4556/11247
vt 0.62591 0.08893
f 4470/10943 4522/11168 4816/11248
f 4513/10974 4522/11168 4470/10943
vt 0.13048 0.33378
f 4604/10825 4447/11021 4527/11249
vt 0.83293 0.85155
f 4583/11123 4561/11250 4488/11114
vt 0.87111 0.63872
vt 0.87070 0.63989
f 4497/11195 4565/11251 4515/11252
vt 0.88398 0.37011
vt 0.88563 0.37014
f 4408/11253 4627/11254 4463/11095
vt 0.64763 0.88302
vt 0.64748 0.88137
vt 0.64804 0.88225
f 4530/11255 4610/11256 4622/11257
f 4515/11210 4520/11209 4581/11237
vt 0.64588 0.88419
vt 0.64647 0.88213
vt 0.64717 0.88448
f 4536/11258 4531/11259 4540/11260
vt 0.89816 0.92977
f 4490/10931 4521/11261 4510/11040
vt 0.64628 0.88681
f 4508/11262 4536/11258 4540/11260
vt 0.74363 0.21286
f 4474/11218 4606/11220 4641/11263
vt 0.94023 0.75988
f 4481/10786 4618/11264 4555/11203
f 4463/11095 4627/11254 4636/11205
vt 0.43772 0.89041
vt 0.43662 0.89040
vt 0.43706 0.88858
f 5780/11265 4617/11266 4486/11267
vt 0.93250 0.06462
f 4433/10896 4407/11000 4518/11268
vt 0.26587 0.96198
vt 0.26447 0.96230
f 4519/11153 4543/11269 4585/11270
vt 0.64740 0.34317
f 4372/10893 4526/11271 4500/10780
f 4454/11096 4636/11205 4521/11241
vt 0.74236 0.22052
f 4650/11151 4677/11272 4559/11149
vt 0.81876 0.62231
f 4413/11056 4485/11273 4537/11186
f 4426/11017 4380/10983 4585/11206
vt 0.61597 0.08980
f 4524/11122 4673/11274 4533/10911
f 4497/11195 4492/11148 4630/11235
f 4497/11195 4630/11235 4565/11251
vt 0.64796 0.88350
f 4530/11255 4622/11275 4540/11260
vt 0.27138 0.09420
f 4338/10589 4771/11276 4464/10401
vt 0.97512 0.80747
vt 0.97405 0.80622
vt 0.97518 0.80603
f 4447/11277 4619/11278 4527/11279
vt 0.64451 0.34329
f 4500/10780 4635/11280 4525/10987
vt 0.91118 0.62770
f 4431/11161 4569/11281 4637/11162
vt 0.37039 0.97717
vt 0.36967 0.97786
vt 0.36947 0.97649
f 4530/11282 4540/11283 4531/11284
vt 0.37009 0.97629
f 4530/11282 4531/11284 4610/11285
vt 0.13236 0.33805
f 4361/10578 4685/11286 4484/11125
f 4519/11153 4585/11270 4498/11207
vt 0.12291 0.32704
f 4324/10288 4687/11242 4528/11287
vt 0.82849 0.84893
vt 0.82832 0.84765
f 4489/11115 4713/11288 4584/11289
vt 0.64821 0.88769
f 4508/11262 4540/11260 4551/11290
vt 0.98598 0.43804
vt 0.98661 0.43823
vt 0.98609 0.43867
f 4539/11291 4538/11292 4356/11293
vt 0.84371 0.17904
f 4491/11143 4676/11294 4686/11227
vt 0.13947 0.34330
f 4550/11157 4632/11295 4520/10878
vt 0.11560 0.50490
vt 0.11606 0.50431
f 4504/11035 4510/11296 4613/11297
f 4504/11035 4613/11297 4587/11104
f 4267/10543 4611/11196 4467/10430
vt 0.46162 0.56746
f 4426/11017 4585/11206 4549/11298
vt 0.27337 0.09088
f 4338/10589 4822/11299 4771/11276
f 4493/11119 4477/11135 4576/11134
vt 0.37265 0.93343
f 4493/11119 4576/11134 4567/11300
vt 0.13383 0.50600
f 4579/10892 4655/11301 4591/11239
vt 0.64697 0.88911
f 4508/11262 4551/11290 4496/11302
f 4372/10893 4575/11133 4526/11271
vt 0.12833 0.33520
f 4604/10825 4527/11249 4756/11303
vt 0.13861 0.34260
f 4396/10978 4495/10916 4607/11304
f 4493/11119 4567/11300 4578/11188
vt 0.96127 0.51896
vt 0.96174 0.51817
vt 0.96178 0.51852
f 4431/11305 4483/11306 4573/11307
vt 0.64868 0.88551
f 4540/11260 4699/11308 4551/11290
vt 0.68317 0.73526
vt 0.68377 0.73664
vt 0.68188 0.73593
f 4514/11309 4525/11310 4595/11311
f 4291/10280 4428/11181 4602/11189
f 4385/10866 4534/11231 4546/11228
vt 0.46196 0.56652
f 4426/11017 4549/11312 4615/11213
vt 0.81070 0.87935
vt 0.81103 0.88013
f 4509/11069 4577/11313 4532/11314
vt 0.85501 0.19375
vt 0.85591 0.19478
vt 0.85483 0.19489
f 4515/11315 4607/11316 4495/11317
vt 0.89953 0.14985
f 4432/11082 4696/11081 4416/11318
vt 0.87127 0.62829
f 4605/11130 4580/11319 4620/11147
vt 0.71316 0.88417
f 4483/11179 4499/11079 4574/11320
vt 0.71387 0.88553
f 4499/11079 4586/11112 4572/11321
vt 0.49897 0.84862
f 4466/10929 4547/11322 4561/11192
f 4499/11079 4572/11321 4574/11320
vt 0.95736 0.26369
vt 0.95629 0.26231
vt 0.95743 0.26133
f 4514/11323 4557/11324 4511/11325
vt 0.11966 0.50374
f 4563/11222 4587/11104 4704/11326
vt 0.61337 0.09043
f 4524/11122 4548/11327 4673/11274
vt 0.13627 0.50491
f 4450/10872 4591/11239 4668/11328
vt 0.36986 0.97548
f 4610/11285 4531/11284 4562/11329
vt 0.74294 0.22773
f 4520/11209 4600/11330 4581/11237
vt 0.00242 0.66356
f 4397/10769 4552/11331 4618/11117
vt 0.12378 0.97585
vt 0.12408 0.97724
vt 0.12323 0.97711
f 4488/11332 4561/11333 4667/11334
vt 0.16949 0.37801
f 4597/10632 4870/11335 4698/10734
vt 0.74213 0.22414
f 4650/11151 4480/11238 4553/11336
vt 0.60195 0.96023
vt 0.60180 0.96149
vt 0.60132 0.96114
f 4543/11337 4554/11338 4585/11339
vt 0.12072 0.32468
f 4586/11166 4404/10561 4646/11340
vt 0.43758 0.88096
vt 0.43709 0.88297
vt 0.43640 0.88152
f 4562/11341 4531/11342 4566/11343
vt 0.25300 0.90991
f 4433/11073 4518/11344 4640/11074
vt 0.13043 0.50639
f 4579/10892 4453/10667 4682/11345
vt 0.12210 0.32564
f 4404/10561 4324/10288 4614/11346
vt 0.85562 0.19208
f 4515/11315 4565/11347 4607/11316
vt 0.17261 0.38078
f 4467/10430 4721/11348 4597/10632
f 4506/10598 4400/10666 4806/11233
vt 0.43718 0.88471
vt 0.43693 0.88715
vt 0.43590 0.88586
f 4536/11349 4571/11350 4598/11351
vt 0.98324 0.16248
vt 0.98344 0.16180
vt 0.98354 0.16268
f 4519/11352 4554/11353 4543/11354
vt 0.38118 0.65993
f 4544/11226 4560/11225 4691/11355
f 4470/10943 4816/11248 4560/11173
vt 0.64860 0.88377
f 4540/11260 4622/11356 4699/11308
vt 0.95594 0.26348
f 4514/11323 4564/11357 4557/11324
vt 0.21693 0.88991
f 4533/11066 4673/11358 4468/11067
vt 0.71265 0.88639
vt 0.71147 0.88458
f 4431/11083 4570/11359 4569/11360
vt 0.96814 0.80977
vt 0.96878 0.80854
vt 0.96915 0.81068
f 4489/11361 4488/11362 4624/11363
vt 0.68151 0.73265
vt 0.68002 0.73329
vt 0.68078 0.73115
f 4564/11364 4626/11365 4456/11366
vt 0.99099 0.05158
vt 0.99099 0.05097
vt 0.99124 0.05118
f 4496/11367 4551/11368 4662/11369
vt 0.43685 0.87945
f 4558/11370 4562/11341 4566/11343
vt 0.39705 0.92911
f 4517/11171 4501/11037 4649/11371
vt 0.93339 0.06529
f 4407/11000 4596/11372 4518/11268
vt 0.39621 0.92923
f 4501/11037 4578/11373 4649/11371
f 4514/11309 4595/11311 4564/11364
vt 0.46176 0.56635
vt 0.46165 0.56303
f 4549/11374 4585/11206 4726/11375
vt 0.26093 0.92942
f 4627/11214 4584/11109 4732/11376
vt 0.11391 0.62975
f 4502/10902 4609/11377 4577/11155
vt 0.43517 0.88325
f 4531/11342 4675/11378 4566/11343
vt 0.11654 0.50451
vt 0.11696 0.50237
f 4587/11104 4613/11379 4623/11380
vt 0.00116 0.66210
f 4552/11331 4544/11381 4618/11117
vt 0.71176 0.88626
f 4569/11360 4570/11359 4631/11382
vt 0.68015 0.72958
vt 0.67853 0.72997
f 4529/11383 4707/11384 4596/11234
f 4529/11383 4456/11366 4707/11384
vt 0.89950 0.92917
f 4521/11261 4706/11385 4510/11040
vt 0.96807 0.81109
f 4489/11361 4624/11363 4713/11386
f 4500/10780 4526/11271 4635/11280
f 4453/10667 4702/11128 4682/11345
vt 0.87279 0.23923
vt 0.87133 0.24082
vt 0.86930 0.24046
f 4614/11387 4638/11388 4592/11389
vt 0.87074 0.23899
f 4614/11387 4592/11389 4570/11390
f 4338/10589 4939/11245 4822/11299
vt 0.74301 0.22943
f 4520/11209 4632/11391 4600/11330
vt 0.13842 0.50500
f 4550/11193 4450/10872 4681/11392
vt 0.40295 0.57955
f 4523/10933 4469/11048 4690/11393
vt 0.83974 0.17869
vt 0.84067 0.17621
f 4541/11394 4640/11395 4491/11143
vt 0.74240 0.22733
vt 0.74242 0.22693
f 4581/11237 4643/11396 4603/11397
vt 0.60140 0.96239
f 4554/11338 4608/11398 4585/11339
vt 0.99369 0.14264
vt 0.99393 0.14240
vt 0.99393 0.14268
f 4572/11399 4573/11400 4574/11401
f 4361/10578 4744/11041 4685/11286
vt 0.71304 0.88469
f 4431/11083 4573/11402 4572/11321
f 4431/11083 4572/11321 4570/11359
vt 0.33993 0.78151
vt 0.33923 0.78195
vt 0.33933 0.78134
f 4502/11403 4593/11404 4582/11405
f 4324/10288 4528/11287 4614/11346
vt 0.98867 0.82253
vt 0.98896 0.82275
vt 0.98880 0.82312
f 4581/11406 4600/11407 4643/11408
vt 0.86967 0.23899
f 4570/11390 4592/11389 4631/11409
vt 0.17890 0.38414
f 4611/11196 4451/10844 4657/11410
vt 0.91203 0.78381
vt 0.91169 0.78610
vt 0.91029 0.78380
f 4606/11411 4621/11412 4738/11413
vt 0.68270 0.73873
f 4525/11310 4635/11414 4595/11311
vt 0.20493 0.97715
vt 0.20443 0.97870
vt 0.20470 0.97614
f 4588/11415 4567/11416 4576/11417
vt 0.96243 0.51715
vt 0.96279 0.51802
f 4554/11418 4674/11419 4483/11306
vt 0.99369 0.20730
vt 0.99395 0.20733
vt 0.99369 0.20756
f 4483/11420 4574/11421 4554/11422
vt 0.48425 0.57288
vt 0.48521 0.57263
f 4496/11423 4662/11424 4616/11175
vt 0.43635 0.87947
f 4558/11370 4566/11343 4599/11425
f 4559/11149 4677/11272 4621/11219
vt 0.45845 0.56640
vt 0.45850 0.56379
vt 0.45893 0.56508
f 4519/11426 4674/11427 4554/11428
vt 0.59312 0.82173
vt 0.59423 0.82354
vt 0.59314 0.82305
f 4510/11429 4706/11430 4613/11431
vt 0.61678 0.09030
f 4468/11071 4673/11432 4522/11168
vt 0.85621 0.19350
f 4565/11347 4600/11433 4607/11316
vt 0.48564 0.57435
f 4616/11175 4656/11434 4494/11099
vt 0.38463 0.62889
vt 0.38587 0.62953
vt 0.38460 0.62932
f 4502/11435 4590/11436 4609/11437
vt 0.64676 0.87982
vt 0.64757 0.87971
f 4562/11438 4665/11439 4610/11256
f 4305/10281 4602/11189 4701/10950
vt 0.60221 0.96247
vt 0.60232 0.96298
f 4554/11440 4574/11441 4608/11398
vt 0.83151 0.46088
vt 0.83249 0.46032
vt 0.83321 0.46170
f 4538/11442 4539/11443 4645/11444
vt 0.43691 0.88719
vt 0.43564 0.88674
f 4571/11445 4486/11267 4598/11446
vt 0.11179 0.62544
vt 0.11152 0.62826
f 4532/11447 4577/11155 4666/11448
vt 0.95142 0.16141
vt 0.95114 0.16321
vt 0.95002 0.16212
f 4480/11449 4581/11450 4630/11451
vt 0.90589 0.27136
vt 0.90648 0.27306
vt 0.90564 0.27244
f 4588/11452 4649/11453 4567/11454
vt 0.38520 0.62866
f 4582/11455 4590/11436 4502/11435
vt 0.33738 0.78103
vt 0.33928 0.78015
f 4582/11405 4671/11456 4590/11457
vt 0.95001 0.16122
f 4480/11449 4630/11451 4647/11458
vt 0.43639 0.88919
vt 0.43533 0.88845
f 4486/11267 4594/11459 4703/11460
vt 0.43637 0.88945
f 4486/11267 4617/11266 4594/11461
f 4531/11342 4536/11349 4675/11378
vt 0.94868 0.14469
vt 0.94946 0.14549
vt 0.94693 0.14569
f 4488/11462 4667/11463 4624/11464
vt 0.12106 0.32496
f 4404/10561 4614/11346 4646/11465
f 4595/11311 4626/11365 4564/11364
vt 0.00439 0.66014
vt 0.00285 0.65920
f 4555/11466 4618/11117 4593/11467
vt 0.40034 0.56699
f 4558/11178 4599/11468 4556/11217
vt 0.78963 0.73380
vt 0.78847 0.73358
vt 0.78916 0.73169
f 4685/11469 4712/11470 4484/11471
vt 0.24839 0.11703
f 4545/10588 4806/11233 4657/11472
f 4396/10978 4607/11304 4744/11041
f 4545/10588 4657/11472 4568/10971
vt 0.97388 0.76994
vt 0.97521 0.77023
vt 0.97400 0.77106
f 4484/11473 4712/11474 4612/11475
vt 0.45801 0.56493
f 4519/11426 4637/11476 4674/11427
vt 0.58850 0.25881
vt 0.58937 0.26044
f 4451/11477 4568/11025 4657/11478
vt 0.95072 0.16356
vt 0.95017 0.16329
f 4581/11450 4603/11479 4565/11480
vt 0.46484 0.56500
f 4428/11036 4615/11213 4602/11481
f 4462/11107 4601/11111 4680/11232
f 4483/11306 4674/11419 4573/11307
vt 0.98956 0.51635
vt 0.98954 0.51689
vt 0.98930 0.51646
f 4603/11482 4642/11483 4600/11484
vt 0.30386 0.06228
f 4701/10950 4916/11485 4542/10925
f 4310/10664 4604/10825 4687/11242
vt 0.64746 0.87897
f 4562/11438 4546/11486 4665/11439
f 4581/11450 4565/11480 4630/11451
vt 0.99176 0.55709
vt 0.99176 0.55660
vt 0.99198 0.55703
f 4573/11487 4660/11488 4574/11489
vt 0.96261 0.51902
f 4573/11307 4674/11419 4660/11490
vt 0.90496 0.27499
vt 0.90553 0.27292
vt 0.90608 0.27367
f 4578/11491 4567/11492 4649/11493
vt 0.49861 0.84746
f 4547/11322 4780/11494 4561/11192
vt 0.97782 0.89570
vt 0.97814 0.89674
vt 0.97759 0.89667
f 4551/11495 4699/11496 4662/11497
f 4549/11312 4726/11375 4615/11213
vt 0.04399 0.92900
f 4535/11039 4589/11024 4770/11498
vt 0.26771 0.10155
f 4461/10065 4909/11499 4661/10705
vt 0.03841 0.61703
vt 0.03909 0.61698
vt 0.03973 0.61862
f 4591/11500 4655/11501 4754/11502
vt 0.58712 0.82654
f 4537/11145 4693/11503 4589/11144
f 4579/10892 4682/11345 4655/11301
vt 0.85461 0.17896
vt 0.85604 0.17848
vt 0.85501 0.18037
f 4516/11504 4740/11505 4605/11506
vt 0.90482 0.82509
vt 0.90553 0.82451
vt 0.90629 0.82639
f 4582/11507 4593/11508 4634/11509
vt 0.90478 0.82658
f 4582/11507 4634/11509 4671/11510
vt 0.87301 0.24097
f 4638/11388 4614/11387 4528/11511
vt 0.45981 0.56414
f 4585/11206 4608/11512 4726/11375
vt 0.11219 0.62945
f 4577/11155 4609/11377 4720/11513
f 4680/11232 4547/11322 4466/10929
f 4290/10375 4855/11032 4840/11093
f 4450/10872 4668/11328 4681/11392
vt 0.71466 0.88650
f 4572/11321 4646/11514 4570/11359
vt 0.40179 0.57915
f 4523/10933 4690/11393 4670/11515
vt 0.85623 0.19268
f 4565/11347 4603/11516 4600/11433
vt 0.62046 0.08848
f 4522/11168 4673/11432 4679/11517
vt 0.66915 0.96130
vt 0.66853 0.96185
vt 0.66855 0.96010
f 4516/11518 4641/11519 4740/11520
vt 0.48454 0.57782
vt 0.48554 0.57888
vt 0.48433 0.57902
f 4619/11521 4708/11522 4527/11523
vt 0.20590 0.90873
f 4416/11015 4663/11524 4478/11061
f 4586/11112 4646/11514 4572/11321
vt 0.95317 0.42240
vt 0.95415 0.42005
vt 0.95449 0.42101
f 4614/11525 4570/11526 4646/11527
vt 0.91206 0.63178
vt 0.91056 0.63100
vt 0.91154 0.62974
f 4592/11528 4672/11529 4631/11530
vt 0.85495 0.18601
vt 0.85562 0.18154
vt 0.85679 0.18419
f 4620/11531 4580/11532 4658/11533
f 4486/11267 4703/11460 4598/11446
vt 0.85635 0.19424
f 4600/11433 4632/11534 4607/11316
vt 0.11923 0.50238
f 4587/11104 4710/11535 4704/11326
vt 0.40045 0.56429
vt 0.39979 0.56556
f 4534/11536 4556/11217 4546/11537
vt 0.98925 0.51686
f 4600/11484 4642/11483 4643/11538
vt 0.83258 0.85375
vt 0.83095 0.85412
f 4561/11250 4780/11539 4628/11540
vt 0.90375 0.15094
vt 0.90294 0.15269
f 4517/11541 4695/11542 4696/11081
vt 0.62775 0.09005
f 4560/11173 4816/11248 4691/11543
vt 0.74165 0.22764
f 4643/11396 4633/11544 4603/11397
vt 0.93329 0.06646
f 4596/11372 4707/11545 4518/11268
vt 0.74204 0.22697
f 4603/11397 4633/11544 4642/11546
vt 0.60152 0.96342
f 4574/11441 4660/11547 4608/11398
vt 0.04396 0.61771
vt 0.04222 0.61857
vt 0.04051 0.61707
f 4682/11548 4639/11549 4655/11550
vt 0.05035 0.61698
vt 0.05005 0.61843
vt 0.04800 0.61750
f 4434/11551 4752/11552 4702/11553
vt 0.04539 0.61895
f 4702/11553 4653/11554 4682/11548
f 4487/10403 4629/10888 4939/11245
f 4605/11506 4740/11505 4580/11532
vt 0.94879 0.14678
f 4624/11464 4667/11463 4694/11555
vt 0.13052 0.33575
f 4527/11249 4708/11556 4756/11303
vt 0.91113 0.62903
vt 0.91040 0.62980
f 4631/11557 4748/11558 4569/11281
vt 0.20360 0.90917
f 4478/11061 4663/11524 4625/11559
vt 0.90774 0.27213
f 4588/11452 4695/11560 4649/11453
vt 0.40234 0.58001
f 4690/11393 4469/11048 4669/11561
f 4569/11281 4748/11558 4637/11162
vt 0.00240 0.65846
vt 0.00114 0.65873
f 4609/11562 4593/11467 4720/11563
vt 0.48559 0.57351
f 4616/11175 4662/11424 4688/11564
vt 0.65267 0.34800
f 4532/11132 4666/11565 4575/11133
vt 0.05211 0.61770
f 4434/11551 4645/11566 4752/11552
vt 0.90541 0.26858
vt 0.90765 0.26923
vt 0.90615 0.26962
f 4625/11567 4663/11568 4576/11569
vt 0.89985 0.15240
f 4696/11081 4663/11570 4416/11318
vt 0.48616 0.57509
f 4494/11099 4656/11434 4670/11571
vt 0.83398 0.93545
vt 0.83302 0.93404
f 4517/11221 4649/11572 4695/11573
vt 0.43509 0.88544
f 4536/11349 4598/11351 4659/11574
vt 0.98227 0.86961
vt 0.98300 0.86894
vt 0.98317 0.86968
f 4456/11575 4626/11576 4736/11577
vt 0.93246 0.06605
f 4518/11268 4707/11545 4769/11578
f 4576/11569 4663/11568 4588/11452
f 4556/11217 4599/11468 4546/11537
vt 0.13847 0.34476
f 4607/11304 4632/11295 4802/11579
vt 0.40171 0.57743
f 4523/10933 4670/11515 4617/11580
f 4587/11104 4623/11380 4710/11535
vt 0.40109 0.57773
f 4617/11580 4670/11515 4656/11581
f 4536/11349 4659/11574 4675/11378
f 4577/11155 4720/11513 4666/11448
vt 0.48484 0.56662
vt 0.48511 0.56493
vt 0.48762 0.56733
f 4622/11582 4610/11583 4762/11584
vt 0.40087 0.57663
f 4617/11580 4656/11581 4594/11585
vt 0.97465 0.77137
f 4612/11475 4712/11474 4723/11586
vt 0.74173 0.22544
f 4553/11336 4664/11587 4650/11151
vt 0.74047 0.22645
f 4642/11546 4633/11544 4668/11588
f 4494/11099 4670/11571 4619/11521
vt 0.00022 0.66068
f 4544/11381 4745/11589 4618/11117
vt 0.83328 0.46045
vt 0.83396 0.46079
f 4539/11590 4563/11591 4645/11444
vt 0.98899 0.41236
vt 0.98867 0.41205
vt 0.98911 0.41183
f 4690/11592 4733/11593 4670/11594
f 4461/10065 4644/11105 4909/11499
vt 0.89522 0.35904
vt 0.89388 0.35710
vt 0.89733 0.35672
f 4526/11595 4821/11596 4635/11597
vt 0.42292 0.97663
vt 0.42178 0.97690
vt 0.42192 0.97589
f 4591/11598 4718/11599 4668/11600
vt 0.48716 0.56372
vt 0.48669 0.56461
f 4546/11228 4599/11601 4665/11602
vt 0.03743 0.61798
f 4591/11500 4754/11502 4718/11603
vt 0.98390 0.50209
vt 0.98390 0.50298
vt 0.98338 0.50266
f 4590/11604 4651/11605 4609/11606
f 4522/11168 4679/11517 4816/11248
f 4607/11304 4802/11579 4744/11041
f 4550/11157 4802/11579 4632/11295
vt 0.38398 0.62939
vt 0.38453 0.62958
vt 0.38435 0.63014
f 4593/11607 4609/11608 4651/11609
vt 0.13728 0.50357
vt 0.13673 0.50364
vt 0.13745 0.50229
f 4643/11610 4642/11611 4741/11612
f 4421/10700 4648/10912 4505/11124
vt 0.97624 0.11605
vt 0.97566 0.11532
vt 0.97593 0.11419
f 4686/11613 4875/11614 4860/11615
vt 0.12193 0.32782
f 4528/11287 4687/11242 4724/11616
vt 0.67926 0.73141
f 4707/11384 4456/11366 4736/11617
f 4616/11175 4688/11564 4656/11434
vt 0.74202 0.22673
f 4642/11618 4668/11588 4664/11587
vt 0.13525 0.50379
f 4642/11611 4664/11619 4741/11612
vt 0.84044 0.17603
vt 0.84242 0.17567
f 4491/11143 4640/11620 4852/11621
vt 0.84330 0.17637
f 4491/11143 4852/11621 4761/11622
vt 0.38712 0.63047
f 4590/11436 4722/11623 4651/11609
vt 0.89375 0.36065
vt 0.89367 0.35931
f 4575/11624 4808/11625 4526/11595
vt 0.13771 0.50321
f 4643/11610 4741/11612 4633/11626
vt 0.88693 0.37109
f 4636/11205 4627/11254 4788/11627
vt 0.91161 0.78998
vt 0.91034 0.79012
f 4621/11412 4677/11628 4767/11629
vt 0.90981 0.78740
f 4621/11412 4767/11629 4658/11630
vt 0.91711 0.15449
vt 0.91711 0.15575
vt 0.91558 0.15494
f 4521/11631 4654/11632 4706/11633
vt 0.85707 0.18737
f 4620/11531 4658/11533 4683/11634
f 4618/11117 4745/11589 4593/11467
vt 0.48644 0.57780
f 4708/11522 4619/11521 4612/11635
vt 0.48626 0.57648
f 4619/11521 4670/11571 4669/11636
vt 0.38090 0.66128
f 4544/11226 4691/11355 4745/11637
vt 0.17386 0.38390
f 4467/10430 5011/11638 4721/11348
vt 0.75640 0.85138
vt 0.75805 0.84970
f 4485/11043 4686/11639 4860/11640
vt 0.00125 0.65934
f 4593/11467 4717/11641 4720/11563
vt 0.84460 0.17907
vt 0.84390 0.18070
f 4676/11294 4734/11642 4686/11643
vt 0.48595 0.57363
f 4656/11434 4688/11564 4594/11644
vt 0.35800 0.84785
vt 0.36001 0.84883
vt 0.35966 0.84941
f 4627/11645 4732/11646 4788/11647
vt 0.45974 0.56334
f 4608/11512 4660/11648 4726/11375
vt 0.40193 0.57025
vt 0.39953 0.56899
vt 0.40128 0.56779
f 4675/11649 4665/11650 4566/11651
vt 0.04229 0.92925
f 4589/11024 4693/11652 4770/11498
f 4593/11467 4745/11589 4717/11641
f 4621/11412 4658/11630 4738/11413
f 4469/11048 4612/11244 4669/11561
vt 0.66729 0.96162
vt 0.66686 0.96045
f 4606/11653 4689/11654 4641/11519
f 4491/11143 4761/11622 4676/11294
f 4566/11651 4665/11650 4599/11468
vt 0.85631 0.18930
vt 0.85585 0.18929
vt 0.85708 0.18854
f 4647/11655 4630/11656 4697/11657
f 4610/11583 4665/11602 4762/11584
vt 0.48487 0.57053
f 4622/11582 4762/11584 4699/11658
f 4870/11335 4597/10632 4721/11348
f 4588/11452 4663/11568 4695/11560
vt 0.83038 0.85299
f 4561/11250 4628/11540 4817/11659
vt 0.84688 0.69713
vt 0.84569 0.69986
vt 0.84522 0.69936
f 4535/11660 4770/11661 4714/11662
vt 0.49892 0.85652
f 4535/11187 4714/11663 4601/11111
vt 0.97801 0.10241
vt 0.97786 0.10371
vt 0.97723 0.10311
f 4598/11664 4774/11665 4659/11666
vt 0.73815 0.22443
f 4664/11587 4668/11588 4715/11667
f 4664/11587 4715/11667 4650/11151
f 4619/11521 4669/11636 4612/11635
vt 0.14081 0.34590
f 4550/11157 4681/11668 4802/11579
vt 0.48686 0.57607
vt 0.48780 0.57665
vt 0.48685 0.57656
f 4670/11669 4753/11670 4669/11671
f 4655/11550 4639/11549 4754/11502
vt 0.65044 0.34661
vt 0.64837 0.34428
f 4575/11133 4700/11672 4808/11673
vt 0.12411 0.97844
f 4561/11333 4817/11674 4667/11334
vt 0.74144 0.22177
vt 0.73980 0.22170
f 4677/11675 4650/11151 4787/11676
f 4641/11519 4689/11654 4740/11520
vt 0.98582 0.25774
vt 0.98558 0.25829
vt 0.98524 0.25764
f 4748/11677 4631/11678 4672/11679
vt 0.45896 0.56306
vt 0.45922 0.56172
f 4660/11680 4674/11427 4711/11681
vt 0.45931 0.56313
f 4660/11682 4711/11681 4726/11375
vt 0.03723 0.61889
f 4754/11502 4678/11683 4718/11603
f 4630/11656 4620/11531 4683/11634
vt 0.49913 0.85499
vt 0.49886 0.85429
f 4601/11111 4714/11684 4803/11685
vt 0.91095 0.63213
f 4592/11528 4743/11686 4672/11529
vt 0.88679 0.37644
f 4521/11241 4636/11205 4654/11687
vt 0.35343 0.85234
vt 0.35542 0.85400
vt 0.35366 0.85323
f 4680/11688 4765/11689 4547/11690
vt 0.89552 0.35484
f 4635/11597 4821/11596 4728/11691
vt 0.13755 0.50378
vt 0.13857 0.50484
f 4668/11328 4633/11692 4681/11693
vt 0.90686 0.82484
f 4634/11509 4593/11508 4716/11694
f 4601/11111 4803/11685 4680/11232
f 4464/10401 4771/11276 4644/11105
vt 0.97671 0.37190
vt 0.97667 0.37267
vt 0.97591 0.37278
f 4690/11695 4669/11696 4723/11697
vt 0.13927 0.50211
f 4633/11626 4802/11698 4681/11693
vt 0.68056 0.73813
f 4595/11311 4635/11414 4728/11699
vt 0.78701 0.73263
vt 0.78661 0.73474
f 4690/11700 4712/11470 4684/11701
vt 0.78606 0.73308
f 4690/11700 4684/11701 4733/11702
vt 0.45813 0.56091
vt 0.45695 0.56057
vt 0.45826 0.55992
f 4748/11703 4672/11704 4792/11705
f 4630/11656 4683/11634 4697/11657
vt 0.28096 0.08667
f 4629/10888 4840/11093 4903/11706
vt 0.25645 0.11351
f 4400/10666 4505/11124 4862/11707
vt 0.87305 0.71860
vt 0.87367 0.72003
vt 0.87180 0.72039
f 4704/11708 4710/11709 4719/11710
f 4633/11626 4741/11612 4802/11698
vt 0.30808 0.05640
f 4602/11189 4848/11711 4701/10950
vt 0.48732 0.57785
vt 0.48593 0.57893
f 4612/11635 4723/11712 4708/11713
vt 0.83553 0.46101
f 4563/11591 4719/11714 4645/11444
vt 0.00090 0.65987
f 4745/11589 4751/11715 4717/11641
vt 0.58966 0.26251
vt 0.58801 0.26227
f 4657/11478 4749/11716 4611/11717
f 4563/11199 4704/11708 4719/11710
vt 0.38322 0.63037
f 4593/11607 4651/11609 4716/11718
vt 0.82189 0.61372
vt 0.82132 0.61516
vt 0.81927 0.61361
f 4623/11719 4613/11720 4800/11721
vt 0.33633 0.77744
vt 0.33916 0.77927
f 4671/11456 4837/11722 4590/11723
vt 0.97638 0.37159
vt 0.97587 0.37163
f 4690/11724 4723/11697 4712/11725
vt 0.93859 0.49468
vt 0.93832 0.49641
vt 0.93806 0.49520
f 4592/11726 4638/11727 4743/11728
vt 0.38360 0.63072
f 4651/11609 4717/11729 4716/11718
f 4467/10430 4611/11196 5011/11638
vt 0.73897 0.22688
f 4668/11588 4718/11730 4715/11667
vt 0.45782 0.56236
f 4674/11427 4637/11731 4711/11681
f 4526/11595 4808/11625 4821/11596
vt 0.94144 0.78242
vt 0.94169 0.78360
vt 0.94032 0.78293
f 4584/11732 4809/11733 4732/11734
vt 0.13395 0.50357
f 4664/11619 4553/11735 4741/11612
vt 0.48790 0.57598
f 4670/11669 4733/11736 4753/11670
vt 0.97567 0.87605
vt 0.97641 0.87718
vt 0.97586 0.87679
f 4667/11737 4817/11738 4694/11739
vt 0.67864 0.73519
f 4595/11311 4854/11740 4626/11365
vt 0.97703 0.37304
f 4669/11696 4753/11741 4723/11697
vt 0.13336 0.50232
vt 0.13531 0.50103
f 4553/11735 4697/11742 4768/11743
f 4553/11735 4768/11743 4741/11612
vt 0.33909 0.77829
f 4590/11723 4837/11722 4722/11744
vt 0.04798 0.61916
f 4702/11553 4752/11552 4730/11745
vt 0.88870 0.35580
vt 0.89054 0.35880
vt 0.88786 0.36039
f 4788/11746 4899/11747 4636/11748
vt 0.91938 0.94672
vt 0.91981 0.94551
vt 0.92031 0.94633
f 4688/11749 4662/11750 4725/11751
f 4575/11133 4666/11565 4700/11672
vt 0.93863 0.49742
vt 0.93803 0.49806
f 4528/11752 4724/11753 4638/11727
vt 0.45826 0.56142
f 4637/11731 4748/11754 4711/11681
vt 0.04336 0.61933
f 4682/11548 4737/11755 4639/11549
vt 0.39890 0.57078
f 4675/11649 4762/11756 4665/11650
vt 0.03846 0.61949
f 4754/11502 4766/11757 4678/11683
vt 0.43457 0.88777
vt 0.43496 0.88622
f 4598/11446 4703/11758 4774/11759
vt 0.59343 0.82397
f 4613/11431 4706/11430 4836/11760
vt 0.91012 0.62359
vt 0.91009 0.62134
vt 0.91241 0.62253
f 4623/11761 4800/11762 4710/11763
vt 0.40023 0.57720
vt 0.39962 0.57720
f 4688/11764 4739/11765 4594/11585
vt 0.91140 0.78178
vt 0.91011 0.78198
f 4606/11766 4738/11413 4689/11767
vt 0.25030 0.11760
f 4657/11472 4806/11233 4749/11768
f 4696/11081 4695/11542 4663/11570
vt 0.40145 0.57243
f 4675/11649 4659/11769 4762/11756
vt 0.88868 0.36184
f 4636/11748 4899/11747 4654/11770
vt 0.26539 0.10264
f 4661/10705 4799/11771 4648/10912
vt 0.29781 0.06709
f 4429/10988 4542/10925 4823/11772
vt 0.48542 0.57302
vt 0.48592 0.57330
f 4662/11773 4699/11658 4725/11774
vt 0.81877 0.62158
vt 0.81698 0.62153
f 4537/11775 4485/11273 4860/11776
vt 0.81762 0.62111
f 4537/11775 4860/11776 4693/11777
f 4595/11311 4728/11699 4854/11740
vt 0.82697 0.84958
f 4584/11289 4713/11288 4809/11778
vt 0.73834 0.22263
vt 0.73877 0.22165
f 4650/11151 4639/11779 4737/11780
f 4650/11151 4715/11667 4639/11779
vt 0.73938 0.22187
f 4650/11151 4737/11780 4787/11781
vt 0.92018 0.94786
vt 0.91904 0.94879
f 4688/11749 4763/11782 4735/11783
vt 0.61351 0.08755
f 4548/11327 4692/11784 4673/11274
vt 0.75552 0.85100
vt 0.75485 0.85099
vt 0.75529 0.84969
f 4686/11785 4734/11786 4875/11787
f 4688/11749 4725/11751 4763/11782
vt 0.12899 0.33795
f 4708/11556 4709/11788 4756/11303
vt 0.97085 0.87418
vt 0.97088 0.87585
vt 0.97058 0.87496
f 4748/11789 4776/11790 4711/11791
vt 0.90353 0.50962
vt 0.90319 0.51115
vt 0.90274 0.50926
f 4688/11792 4735/11793 4739/11794
vt 0.48712 0.56991
vt 0.48728 0.57156
f 4699/11658 4729/11795 4783/11796
vt 0.67834 0.73305
vt 0.67833 0.73164
f 4626/11365 4796/11797 4736/11798
vt 0.00017 0.65954
f 4745/11589 4778/11799 4751/11715
vt 0.91941 0.95004
vt 0.91910 0.94925
f 4763/11782 4727/11800 4735/11801
f 4682/11548 4653/11554 4737/11755
vt 0.35478 0.85442
f 4547/11690 4765/11689 4780/11802
vt 0.46474 0.56141
f 4615/11213 4848/11803 4602/11481
f 4653/11554 4702/11553 4730/11745
vt 0.85722 0.18065
f 4740/11505 4738/11804 4580/11532
vt 0.85307 0.77253
vt 0.85377 0.77507
vt 0.85206 0.77528
f 4677/11805 4787/11806 4758/11807
vt 0.85144 0.77261
f 4677/11805 4758/11807 4767/11808
f 4658/11533 4580/11532 4738/11804
vt 0.99298 0.32656
vt 0.99309 0.32690
vt 0.99280 0.32690
f 4717/11809 4751/11810 4716/11811
vt 0.46118 0.56145
f 4726/11375 4711/11681 4776/11812
vt 0.48718 0.56971
f 4699/11658 4762/11584 4729/11813
vt 0.13226 0.50176
f 4697/11742 4683/11814 4768/11743
vt 0.90962 0.78965
f 4767/11629 4683/11815 4658/11630
vt 0.61620 0.08777
f 4673/11274 4692/11784 4705/11816
vt 0.33510 0.78245
vt 0.33545 0.78079
f 4671/11456 4813/11817 4760/11818
vt 0.62831 0.08838
f 4691/11543 4816/11248 4745/11819
vt 0.11148 0.62981
f 4720/11513 4778/11820 4666/11448
vt 0.38390 0.63120
f 4651/11609 4746/11821 4717/11729
vt 0.39950 0.57645
f 4594/11585 4739/11765 4725/11822
vt 0.38489 0.63221
f 4722/11623 4779/11823 4651/11609
vt 0.47474 0.92933
vt 0.47544 0.92991
vt 0.47438 0.93106
f 4707/11824 4731/11825 4769/11826
vt 0.11243 0.63010
vt 0.11187 0.63014
f 4717/11827 4746/11828 4720/11513
vt 0.83200 0.47060
vt 0.83196 0.46831
vt 0.83303 0.47038
f 4737/11829 4653/11830 4787/11831
f 4939/11245 4629/10888 4903/11706
vt 0.97008 0.43168
vt 0.97149 0.43132
vt 0.97129 0.43255
f 4703/11832 4594/11833 4725/11834
vt 0.87171 0.24157
vt 0.87285 0.24202
vt 0.87115 0.24191
f 4638/11835 4724/11836 4772/11837
vt 0.03811 0.61955
f 4766/11757 4742/11838 4678/11683
vt 0.29717 0.07128
f 4652/10879 4429/10988 4943/11839
f 4661/10705 4909/11499 4799/11771
vt 0.12399 0.33230
f 4604/10825 4797/11840 4687/11242
vt 0.48869 0.57924
f 4708/11713 4723/11712 4775/11841
vt 0.93720 0.49565
f 4743/11728 4638/11727 4764/11842
f 4651/11609 4779/11823 4746/11821
vt 0.61683 0.08744
f 4673/11432 4705/11843 4679/11517
vt 0.83470 0.46478
f 4653/11830 4846/11844 4787/11831
vt 0.04173 0.62026
f 4754/11502 4639/11549 4798/11845
vt 0.83245 0.46666
f 4653/11830 4730/11846 4846/11844
vt 0.96799 0.49988
vt 0.96896 0.49843
vt 0.96925 0.50009
f 4624/11847 4819/11848 4713/11849
vt 0.90752 0.82418
vt 0.90799 0.82428
f 4716/11694 4751/11850 4747/11851
vt 0.73830 0.22730
vt 0.73711 0.22702
f 4678/11852 4786/11853 4718/11730
vt 0.03790 0.62022
f 4678/11683 4742/11838 4784/11854
vt 0.03742 0.62012
f 4678/11683 4784/11854 4786/11855
vt 0.40035 0.57303
f 4659/11769 4774/11856 4762/11756
vt 0.83310 0.46376
vt 0.83305 0.46623
f 4752/11857 4846/11844 4730/11858
vt 0.67682 0.73042
f 4707/11384 4736/11798 4731/11859
vt 0.92061 0.94917
f 4763/11782 4849/11860 4727/11800
vt 0.73794 0.22298
vt 0.73709 0.22279
f 4639/11861 4715/11667 4798/11862
vt 0.73744 0.22592
f 4715/11667 4718/11730 4766/11863
vt 0.90378 0.51277
vt 0.90308 0.51388
f 4727/11864 4801/11865 4735/11793
vt 0.73769 0.22638
f 4718/11730 4742/11866 4766/11863
vt 0.90792 0.82543
f 4716/11694 4747/11851 4795/11867
f 4716/11694 4795/11867 4634/11509
f 4626/11365 4854/11740 4796/11797
f 4645/11444 4719/11714 4846/11844
vt 0.91273 0.62049
f 4710/11763 4800/11762 4876/11868
vt 0.12203 0.32890
f 4687/11242 4759/11869 4724/11616
vt 0.81614 0.61999
f 4693/11777 4860/11776 4904/11870
vt 0.42284 0.98934
vt 0.42311 0.98968
vt 0.42291 0.98997
f 4748/11871 4792/11872 4776/11873
vt 0.99357 0.55580
vt 0.99355 0.55607
vt 0.99347 0.55598
f 4720/11874 4751/11875 4778/11876
vt 0.00024 0.65906
vt 0.00034 0.65921
vt 0.00043 0.65965
f 4720/11877 4746/11878 4751/11879
f 4687/11242 4797/11840 4759/11869
f 4615/11213 4726/11375 4848/11803
vt 0.93763 0.49627
f 4638/11727 4772/11880 4764/11842
vt 0.33917 0.77580
f 4722/11744 4837/11722 4781/11881
vt 0.90984 0.63232
f 4743/11686 4757/11882 4672/11529
vt 0.03848 0.61958
vt 0.03894 0.62123
f 4766/11883 4754/11502 4755/11884
vt 0.03823 0.61980
f 4766/11883 4755/11884 4750/11885
vt 0.85756 0.17849
f 4738/11804 4740/11505 4689/11886
f 4718/11730 4786/11853 4742/11866
f 4742/11838 4750/11885 4784/11854
vt 0.73732 0.22627
f 4742/11866 4786/11853 4750/11887
vt 0.96884 0.95778
vt 0.96858 0.95652
vt 0.96941 0.95800
f 4759/11888 4791/11889 4724/11890
vt 0.73623 0.22343
f 4798/11862 4715/11667 4818/11891
vt 0.13035 0.33843
f 4708/11556 4775/11892 4709/11788
vt 0.91994 0.37403
vt 0.92075 0.37599
vt 0.91948 0.37465
f 4734/11893 4773/11894 4839/11895
vt 0.84222 0.17497
f 4852/11621 4640/11620 4907/11896
f 4752/11857 4645/11444 4846/11844
vt 0.48653 0.57409
vt 0.48552 0.57471
f 4725/11774 4739/11897 4763/11898
f 4723/11712 4753/11670 4775/11841
vt 0.99347 0.39795
vt 0.99346 0.39769
vt 0.99354 0.39796
f 4751/11899 4746/11900 4747/11901
vt 0.30156 0.06715
f 4542/10925 4963/11902 4823/11772
f 4741/11612 4768/11743 4802/11698
vt 0.39897 0.57523
vt 0.40114 0.57513
f 4725/11822 4783/11903 4703/11904
vt 0.91977 0.95115
vt 0.91894 0.95124
f 4727/11800 4777/11905 4801/11906
vt 0.93319 0.54087
vt 0.93386 0.54254
vt 0.93243 0.54331
f 4743/11907 4791/11908 4789/11909
f 4750/11885 4755/11884 4784/11854
vt 0.61611 0.08542
f 4705/11816 4692/11784 4805/11910
vt 0.94758 0.14760
f 4624/11464 4694/11555 4819/11911
vt 0.13270 0.50011
f 4683/11814 4865/11912 4768/11743
vt 0.96937 0.95687
f 4724/11890 4791/11889 4772/11913
vt 0.62956 0.08809
vt 0.62921 0.08788
f 4778/11914 4745/11819 4747/11915
vt 0.62975 0.08802
f 4778/11914 4747/11915 4746/11916
vt 0.90966 0.63103
f 4672/11529 4757/11882 4792/11917
f 4725/11774 4699/11658 4783/11796
vt 0.90184 0.51258
f 4735/11793 4801/11865 4794/11918
vt 0.62841 0.08681
f 4745/11819 4816/11248 4795/11919
f 4745/11819 4795/11919 4747/11915
vt 0.38364 0.63168
f 4746/11821 4779/11823 4778/11920
vt 0.90607 0.82841
f 4671/11510 4634/11509 4813/11921
vt 0.39898 0.57286
f 4774/11856 4729/11922 4762/11756
vt 0.98455 0.37247
vt 0.98473 0.37297
vt 0.98455 0.37357
f 4743/11923 4764/11924 4782/11925
vt 0.96872 0.95584
vt 0.96924 0.95590
f 4743/11926 4782/11927 4791/11889
vt 0.88713 0.65927
vt 0.88517 0.66346
vt 0.88504 0.65955
f 4680/11928 4803/11929 4765/11930
f 4766/11863 4750/11887 4786/11853
vt 0.81901 0.61476
f 4613/11720 4836/11931 4800/11721
vt 0.67745 0.73167
f 4736/11798 4796/11797 4825/11932
vt 0.29376 0.07674
f 4652/10879 4943/11839 4785/11933
f 4400/10666 4862/11707 4806/11233
vt 0.16516 0.37725
f 4698/10734 4870/11335 5214/11934
vt 0.84037 0.17408
vt 0.84191 0.17305
f 4640/11620 4518/11935 4838/11936
vt 0.84220 0.17417
f 4640/11620 4838/11936 4907/11937
vt 0.22743 0.96079
vt 0.22821 0.96038
vt 0.22796 0.96247
f 4727/11938 4849/11939 4777/11940
vt 0.92441 0.80217
vt 0.92523 0.80358
vt 0.92399 0.80334
f 4726/11941 4776/11942 4853/11943
vt 0.85077 0.77197
vt 0.84925 0.77216
f 4683/11944 4767/11808 4865/11945
f 4754/11502 4798/11845 4755/11884
vt 0.78931 0.73593
f 4685/11469 4810/11946 4712/11470
vt 0.73576 0.22514
f 4766/11863 4872/11947 4715/11667
vt 0.83514 0.46924
f 4846/11844 4908/11948 4787/11831
vt 0.65306 0.34908
vt 0.65235 0.34952
f 4778/11949 4779/11950 4666/11565
vt 0.48917 0.57637
f 4733/11736 4841/11951 4753/11670
vt 0.91539 0.15764
vt 0.91516 0.15633
f 4706/11633 4884/11952 4836/11953
f 4706/11633 4654/11632 4884/11952
vt 0.84547 0.17831
f 4734/11642 4676/11294 4773/11954
vt 0.48660 0.57546
f 4739/11897 4833/11955 4763/11898
vt 0.04192 0.62122
f 4798/11845 4863/11956 4755/11884
vt 0.61974 0.08571
f 4679/11517 4705/11843 4926/11957
vt 0.82822 0.85125
f 4713/11288 4819/11958 4809/11778
vt 0.65103 0.34971
f 4666/11565 4779/11950 4815/11959
f 4666/11565 4815/11959 4700/11672
vt 0.33694 0.77387
f 4781/11881 4837/11722 4955/11960
f 4712/11470 4810/11946 4684/11701
vt 0.90230 0.51090
f 4735/11793 4794/11918 4833/11961
vt 0.73425 0.47413
vt 0.73312 0.47590
vt 0.73256 0.47500
f 4733/11962 4684/11963 4841/11964
f 4542/10925 4916/11485 4963/11902
vt 0.94876 0.14765
f 4694/11555 4817/11965 4819/11911
vt 0.03815 0.62069
f 4755/11884 4859/11966 4784/11854
vt 0.73685 0.22643
f 4766/11863 4784/11967 4872/11947
vt 0.16483 0.37370
f 4698/10734 4804/11968 4692/11158
vt 0.13614 0.34573
f 4802/11579 4881/11969 4744/11041
vt 0.93215 0.54124
f 4743/11907 4789/11909 4757/11970
f 4786/11853 4784/11967 4766/11863
vt 0.58838 0.26562
f 4611/11717 4749/11716 5011/11971
vt 0.33534 0.77965
f 4671/11456 4760/11972 4837/11722
f 4823/11772 4943/11839 4429/10988
vt 0.85106 0.77551
f 4767/11808 4758/11807 4932/11973
vt 0.39951 0.57806
vt 0.39953 0.57896
vt 0.39911 0.57940
f 4739/11974 4735/11975 4833/11976
vt 0.75387 0.85081
vt 0.75355 0.85015
f 4734/11977 4839/11978 4875/11787
f 4736/11798 4825/11932 4731/11859
vt 0.84073 0.17281
vt 0.84123 0.17312
f 4518/11935 4769/11979 4838/11980
vt 0.96946 0.95597
vt 0.96949 0.95647
f 4791/11889 4782/11981 4772/11982
vt 0.35998 0.85092
f 4788/11647 4732/11646 4835/11983
vt 0.89377 0.35460
f 4821/11596 4959/11984 4728/11691
f 4715/11667 4872/11947 4818/11891
vt 0.64138 0.34031
vt 0.64211 0.34154
vt 0.64029 0.34099
f 4796/11985 4854/11986 4829/11987
vt 0.13171 0.34044
f 4685/11286 4744/11041 4810/11988
vt 0.38958 0.63216
vt 0.38923 0.63474
f 4781/11989 5031/11990 4722/11623
vt 0.62712 0.08540
f 4816/11248 4851/11991 4795/11919
vt 0.46378 0.55981
f 4726/11375 4853/11992 4848/11803
f 4703/11904 4783/11903 4774/11856
vt 0.47688 0.93177
vt 0.47588 0.93273
f 4731/11825 4927/11993 4811/11994
f 4731/11825 4811/11994 4769/11826
vt 0.89006 0.36160
f 4654/11770 4899/11747 4856/11995
vt 0.90823 0.82759
f 4813/11921 4634/11509 4892/11996
vt 0.81473 0.62047
f 4860/11776 4902/11997 4904/11870
vt 0.87272 0.24304
vt 0.86993 0.24610
vt 0.87000 0.24271
f 4759/11998 4858/11999 4791/12000
vt 0.94090 0.78574
f 4732/11734 4809/11733 4901/12001
vt 0.92473 0.80530
vt 0.92378 0.80495
f 4776/11942 4790/12002 4853/12003
vt 0.46135 0.56062
vt 0.46210 0.55926
f 4776/12004 4792/11705 4790/12005
vt 0.48968 0.57787
f 4753/11670 4890/12006 4775/11841
vt 0.48578 0.57573
f 4763/11898 4833/11955 4849/12007
f 4774/11856 4783/11903 4729/11922
vt 0.91746 0.15723
f 4654/11632 4856/12008 4884/11952
vt 0.87268 0.24665
f 4759/11998 4797/12009 4858/11999
vt 0.78622 0.73750
f 4684/11701 4810/11946 4940/12010
vt 0.61331 0.08552
f 4692/11784 4804/12011 4805/11910
f 4698/10734 5214/11934 4804/11968
vt 0.04268 0.62079
vt 0.04228 0.62099
f 4798/11845 4793/12012 4814/12013
f 4798/11845 4814/12013 4863/11956
vt 0.73653 0.22216
vt 0.73670 0.22205
f 4798/11862 4807/12014 4793/12015
f 4798/11862 4818/11891 4807/12014
vt 0.64570 0.34802
f 4700/11672 4925/12016 4808/11673
vt 0.84786 0.77424
f 4767/11808 4932/11973 4886/12017
vt 0.27084 0.10137
f 4644/11105 5122/12018 4909/11499
vt 0.87282 0.72284
f 4719/11710 4710/11709 4876/12019
vt 0.73575 0.22612
f 4784/11967 4859/12020 4872/11947
vt 0.04547 0.62075
vt 0.04834 0.62129
vt 0.04474 0.62324
f 4820/12021 4834/12022 4954/12023
vt 0.04458 0.62094
vt 0.04257 0.62212
f 4820/12024 4954/12023 4828/12025
f 4820/12024 4828/12025 4793/12012
vt 0.93393 0.54467
f 4791/11908 4858/12026 4789/11909
vt 0.33439 0.77904
f 4760/11972 4921/12027 4837/11722
vt 0.97349 0.22827
vt 0.97236 0.22825
vt 0.97284 0.22657
f 4812/12028 5074/12029 4857/12030
vt 0.78811 0.73844
f 4810/11946 4982/12031 4940/12010
vt 0.83455 0.47068
f 4787/11831 4908/11948 4758/12032
f 4604/10825 4756/11303 4797/11840
vt 0.04245 0.62125
f 4814/12013 4793/12012 4824/12033
f 4793/12012 4828/12025 4824/12033
vt 0.62367 0.08550
f 4816/11248 4679/11517 4887/12034
vt 0.73032 0.71250
vt 0.72911 0.71220
vt 0.73035 0.71099
f 4793/12035 5794/12036 4820/12037
vt 0.33366 0.78066
f 4760/11818 4813/11817 4983/12038
vt 0.72995 0.71294
f 4793/12035 4807/12039 5794/12036
vt 0.82753 0.85286
f 4809/11778 4819/11958 4961/12040
f 4652/10879 4785/11933 4855/11032
vt 0.98927 0.60465
vt 0.98952 0.60456
vt 0.98957 0.60509
f 4814/12041 4807/12042 4818/12043
vt 0.73638 0.22230
vt 0.73578 0.22280
f 4814/12044 4818/11891 4863/12045
vt 0.98936 0.60451
f 4814/12041 4824/12046 4807/12042
vt 0.58956 0.26506
f 4749/11716 4944/12047 5011/11971
vt 0.38619 0.63356
f 4722/11623 4815/12048 4779/11823
vt 0.33497 0.77996
f 4760/11818 4983/12038 4921/12049
vt 0.45767 0.55904
vt 0.45862 0.55900
f 4792/11705 4757/12050 4782/12051
vt 0.84522 0.17655
f 4773/11954 4676/11294 5005/12052
vt 0.93668 0.49507
vt 0.93630 0.49611
f 4782/12053 4764/11842 4830/12054
vt 0.93701 0.49633
f 4764/11842 4772/12055 4830/12054
vt 0.91119 0.63388
vt 0.91303 0.63528
vt 0.91218 0.63573
f 4705/12056 4805/12057 4880/12058
vt 0.64894 0.34938
f 4700/11672 4896/12059 4925/12016
vt 0.45967 0.55898
f 4792/11705 4782/12051 4830/12060
vt 0.13255 0.34233
f 4744/11041 4906/12061 4810/11988
f 4634/11509 4795/11867 4892/11996
vt 0.27307 0.09932
f 4644/11105 4771/11276 5242/12062
vt 0.27509 0.09540
f 4771/11276 4822/11299 5119/12063
vt 0.90185 0.51399
f 4801/11865 4868/12064 4794/11918
vt 0.84349 0.17631
f 4676/11294 4761/12065 5005/12052
f 4863/11956 4824/12033 4828/12025
vt 0.89080 0.35523
f 4788/11746 4835/12066 4899/11747
vt 0.45878 0.55815
vt 0.45967 0.55644
vt 0.45981 0.55811
f 4782/12067 4845/12068 4772/12069
vt 0.99363 0.93027
vt 0.99363 0.93060
vt 0.99341 0.93038
f 4824/12070 4863/12071 4807/12072
vt 0.67905 0.73761
f 4854/11740 4728/11699 4864/12073
f 4792/11705 4830/12060 4790/12005
f 4816/11248 4887/12034 4851/11991
vt 0.84308 0.70081
f 4714/11662 4770/11661 4871/12074
vt 0.88603 0.66524
vt 0.88325 0.66528
f 4714/12075 4915/12076 4803/11929
vt 0.84288 0.70015
f 4714/11662 4871/12074 4915/12077
vt 0.13893 0.50001
f 4768/11743 4881/12078 4802/11698
vt 0.58814 0.82727
vt 0.58921 0.82875
f 4693/11503 4904/12079 4919/12080
f 4753/11670 4841/11951 4890/12006
vt 0.82912 0.85407
f 4817/11659 4628/11540 4897/12081
vt 0.43440 0.94564
vt 0.43584 0.94555
vt 0.43580 0.94740
f 4796/12082 4829/12083 4825/12084
f 4863/11956 4828/12025 4755/11884
vt 0.61738 0.08566
f 4705/11843 4880/12085 4926/11957
vt 0.62816 0.08520
f 4795/11919 4851/11991 4892/12086
vt 0.13428 0.34590
f 4744/11041 4881/11969 4826/12087
vt 0.45807 0.55806
f 4782/12067 4757/12088 4845/12068
vt 0.89376 0.35334
f 4728/11691 4959/11984 4864/12089
f 4819/11958 4897/12081 4961/12040
vt 0.83578 0.46598
f 4846/11844 4877/12090 4908/11948
vt 0.46073 0.55805
f 4772/12069 4845/12068 4830/12091
vt 0.11088 0.97594
vt 0.11092 0.97720
vt 0.10995 0.97719
f 4830/12092 4827/12093 4790/12094
f 4817/11659 4897/12081 4819/11958
vt 0.83687 0.46086
f 4719/11714 5015/12095 4846/11844
vt 0.03923 0.62234
vt 0.03784 0.62192
f 4755/11884 4869/12096 4859/12097
vt 0.93938 0.78595
f 4732/11734 4901/12001 4835/12098
vt 0.82676 0.85195
f 4809/11778 4961/12040 4901/12099
vt 0.45831 0.55581
f 4845/12068 4757/12088 4789/12100
vt 0.46181 0.55765
f 4830/12091 4845/12068 4827/12101
f 4818/11891 4872/11947 4863/12045
vt 0.12774 0.33704
f 4709/11788 4868/12102 4756/11303
vt 0.88511 0.49360
vt 0.88592 0.49295
vt 0.88556 0.49596
f 4761/12103 4852/12104 5047/12105
f 4722/11623 5031/11990 4815/12048
vt 0.12666 0.33668
vt 0.12586 0.33645
f 4756/11303 4831/12106 4976/12107
vt 0.26337 0.10866
f 4505/11124 4648/10912 4873/12108
vt 0.84224 0.17314
f 4907/11937 4838/11936 4984/12109
vt 0.22910 0.96082
vt 0.22901 0.96176
f 4849/11939 4833/12110 4867/12111
f 4849/11939 4867/12111 4777/11940
vt 0.27919 0.09232
f 4822/11299 4842/12112 5119/12063
vt 0.92534 0.80730
vt 0.92386 0.80691
f 4790/12002 4827/12113 4843/12114
vt 0.90187 0.51103
vt 0.90087 0.51098
f 4833/12115 4794/11918 4844/12116
f 4644/11105 5242/12062 5122/12018
vt 0.91965 0.37538
f 4839/11895 4773/11894 4905/12117
vt 0.81716 0.61507
f 4800/11721 4836/11931 4883/12118
vt 0.46225 0.55384
f 4845/12068 5068/12119 4827/12101
vt 0.64182 0.34303
f 4829/11987 4854/11986 4945/12120
vt 0.75435 0.84782
f 4839/11978 4988/12121 4875/11787
vt 0.39218 0.63410
f 4847/12122 5031/11990 4781/11989
vt 0.83557 0.46973
f 4908/11948 4932/12123 4758/12032
f 4790/12002 4843/12114 4853/12003
vt 0.13550 0.49905
f 4768/11743 4865/11912 4980/12124
vt 0.03500 0.62099
vt 0.03665 0.62119
vt 0.03537 0.62338
f 4812/12125 4857/12126 4914/12127
vt 0.22919 0.96292
vt 0.22870 0.96330
f 4777/11940 4868/12128 4801/12129
f 4679/11517 4926/11957 4887/12034
vt 0.30739 0.05938
f 4701/10950 4832/12130 4916/11485
vt 0.90004 0.51335
f 4794/11918 4900/12131 4844/12116
vt 0.91218 0.56275
vt 0.91190 0.56558
vt 0.91035 0.56525
f 4693/12132 4919/12133 4871/12134
vt 0.91028 0.56291
f 4693/12132 4871/12134 4770/12135
vt 0.93691 0.60888
vt 0.93801 0.61047
vt 0.93751 0.61130
f 4780/12136 4765/12137 4889/12138
f 4755/11884 4828/12025 4869/12096
vt 0.68530 0.98955
vt 0.68530 0.98883
vt 0.68563 0.98916
f 4841/12139 4938/12140 4890/12141
vt 0.43736 0.94577
f 4829/12083 4917/12142 4825/12084
vt 0.64338 0.34378
f 4854/11986 4864/12143 4945/12120
vt 0.93753 0.56980
vt 0.93648 0.56960
vt 0.93661 0.56758
f 4834/12144 4885/12145 4975/12146
vt 0.05073 0.62309
vt 0.04909 0.62345
f 4834/12022 4975/12147 4913/12148
vt 0.67659 0.73139
vt 0.67506 0.73108
f 4731/11859 4825/12149 4930/12150
f 4822/11299 4939/11245 4842/12112
vt 0.47465 0.93360
f 4769/11826 4811/11994 4838/12151
vt 0.64611 0.34462
f 4808/11673 4925/12016 4821/12152
vt 0.12493 0.33483
f 4756/11303 4879/12153 4797/11840
f 4834/12022 4913/12148 4954/12023
vt 0.14210 0.35075
vt 0.14250 0.35289
vt 0.14050 0.35194
f 4812/12154 4914/12155 5074/12156
f 4701/10950 4848/11711 4832/12130
vt 0.93687 0.57251
vt 0.93610 0.57097
f 4834/12144 4820/12157 4952/12158
f 4834/12144 4952/12158 4885/12145
vt 0.83699 0.46289
f 4846/11844 5015/12095 4950/12159
f 4756/11303 4868/12102 4831/12106
vt 0.88266 0.49699
f 4761/12103 5047/12105 5005/12160
vt 0.95883 0.67704
vt 0.95993 0.67678
vt 0.96049 0.67729
f 4841/12161 4920/12162 4938/12163
f 4777/11940 4867/12111 4868/12128
vt 0.93598 0.61049
f 4780/12136 4889/12138 4628/12164
vt 0.83687 0.46502
f 4877/12090 4846/11844 4995/12165
vt 0.72957 0.71299
vt 0.73018 0.71408
vt 0.72848 0.71353
f 4807/12166 4863/12167 4891/12168
vt 0.49040 0.57915
f 4775/11841 4890/12006 4928/12169
vt 0.04551 0.72399
vt 0.04611 0.72497
vt 0.04504 0.72524
f 4866/12170 4850/12171 4882/12172
vt 0.25502 0.11683
f 4806/11233 4862/11707 5064/12173
f 4857/12126 4859/12097 4914/12127
vt 0.87141 0.72349
f 4719/11710 4876/12019 5015/12174
f 4767/11808 4886/12017 4865/11945
vt 0.57812 0.45056
vt 0.57825 0.45343
vt 0.57640 0.45335
f 4805/12175 4804/12176 5003/12177
vt 0.73093 0.47227
vt 0.73078 0.47308
vt 0.72948 0.47153
f 4833/12178 4844/12179 4933/12180
vt 0.51183 0.94603
vt 0.51333 0.94569
vt 0.51246 0.94644
f 4833/12181 4933/12182 4867/12183
vt 0.03754 0.62227
f 4859/12097 4878/12184 4914/12127
vt 0.04749 0.72692
vt 0.04672 0.72704
vt 0.04682 0.72593
f 4861/12185 4942/12186 4850/12187
vt 0.90815 0.82963
f 4813/11921 4892/11996 5010/12188
vt 0.93964 0.03317
vt 0.93999 0.03226
vt 0.93972 0.03349
f 4859/12189 4869/12190 4878/12191
vt 0.72949 0.71606
vt 0.72967 0.71778
vt 0.72831 0.71812
f 4872/12192 4859/12193 4968/12194
vt 0.89179 0.36165
f 4856/11995 4899/11747 4964/12195
f 4794/11918 4868/12064 4900/12131
vt 0.59389 0.82530
vt 0.59442 0.82679
vt 0.59303 0.82714
f 4836/12196 4884/12197 4883/12198
vt 0.67452 0.72930
f 4731/11859 4930/12150 4927/12199
vt 0.75706 0.84863
vt 0.75655 0.84733
vt 0.75806 0.84835
f 4860/12200 4888/12201 4902/12202
f 4756/11303 4976/12107 4879/12153
vt 0.16982 0.38144
f 4721/11348 5062/12203 4870/11335
vt 0.13266 0.34268
f 4744/11041 4826/12087 4906/12204
vt 0.28998 0.08169
f 4855/11032 4874/12205 4840/11093
vt 0.25346 0.11783
f 4749/11768 4806/11233 4944/12206
vt 0.98556 0.10897
vt 0.98511 0.10940
vt 0.98542 0.10869
f 4850/12207 4986/12208 4861/12209
f 4875/11787 4888/12201 4860/12200
vt 0.35767 0.85416
vt 0.35703 0.85492
f 4765/11689 4965/12210 4889/12211
vt 0.93355 0.54667
f 4858/12026 4992/12212 4789/11909
vt 0.65026 0.34967
f 4700/11672 4815/12213 4896/12059
vt 0.91034 0.61932
f 4800/11762 5026/12214 4876/11868
f 4863/12167 4872/12192 4891/12168
f 4806/11233 5064/12173 4944/12206
vt 0.64071 0.34256
f 4945/12120 5067/12215 4829/11987
vt 0.04277 0.62339
f 4828/12025 4954/12023 4957/12216
f 4648/10912 4799/11771 4873/12108
vt 0.63958 0.34211
vt 0.63854 0.34130
f 4829/11987 5077/12217 4917/12218
vt 0.46488 0.55833
f 4848/11803 4853/11992 4832/12219
vt 0.87051 0.24781
f 4858/11999 4797/12009 4958/12220
vt 0.75330 0.85008
vt 0.75211 0.84873
f 4839/12221 4905/12222 4988/12121
vt 0.78976 0.73784
f 4906/12223 4982/12031 4810/11946
vt 0.86890 0.24732
f 4858/11999 4958/12220 4992/12224
f 4768/11743 4980/12124 4881/12078
vt 0.04326 0.72001
vt 0.04377 0.72160
vt 0.04058 0.72213
f 4852/12225 4907/12226 5195/12227
vt 0.03973 0.72015
f 4852/12225 5195/12227 5047/12228
vt 0.89953 0.51141
f 4844/12116 4900/12131 4938/12229
vt 0.88251 0.66183
f 4803/11929 4895/12230 4765/11930
vt 0.94045 0.02950
vt 0.94095 0.03132
f 4828/12231 4985/12232 4869/12190
vt 0.94137 0.02908
f 4828/12231 4957/12233 4985/12232
vt 0.88279 0.65903
f 4965/12234 4765/11930 4895/12230
vt 0.57760 0.43833
vt 0.57700 0.44005
vt 0.57576 0.43859
f 4892/12235 4851/12236 4893/12237
vt 0.12908 0.33981
f 4775/11892 4941/12238 4709/11788
vt 0.78689 0.09740
vt 0.78826 0.09805
vt 0.78598 0.09863
f 4838/12239 4811/12240 4984/12241
vt 0.97073 0.23661
vt 0.97021 0.23739
vt 0.97034 0.23554
f 4919/12242 4904/12243 4911/12244
vt 0.81441 0.61797
vt 0.81590 0.61783
f 4904/11870 4951/12245 4911/12246
vt 0.90035 0.51455
f 4709/12247 4900/12131 4868/12064
vt 0.04601 0.72627
f 4850/12171 4942/12248 4882/12172
vt 0.33962 0.77346
f 4781/11881 4955/11960 4847/12249
vt 0.12973 0.34027
f 4775/11892 4928/12250 4941/12238
vt 0.57976 0.43744
vt 0.57843 0.43704
vt 0.57971 0.43587
f 4813/12251 5010/12252 4983/12253
vt 0.94109 0.03367
vt 0.94024 0.03412
f 4869/12190 4969/12254 4878/12255
vt 0.91714 0.15919
f 4856/12008 4964/12256 4884/11952
vt 0.51210 0.94858
vt 0.51326 0.94743
f 4868/12257 4867/12183 4948/12258
vt 0.97221 0.22689
f 4857/12030 5074/12029 4968/12259
vt 0.28684 0.08555
f 4840/11093 5265/12260 4903/11706
vt 0.30608 0.06321
f 4832/12130 4934/12261 4916/11485
vt 0.39291 0.63693
f 4847/12122 4929/12262 5031/11990
vt 0.51339 0.94624
f 4867/12183 4946/12263 4948/12258
vt 0.73186 0.47522
vt 0.73115 0.47512
f 4841/12264 4684/11963 4920/12265
f 4829/11987 5067/12215 5077/12217
vt 0.83163 0.90285
vt 0.83140 0.90537
vt 0.83032 0.90424
f 4866/12266 4986/12267 4850/12268
vt 0.95912 0.67914
vt 0.96036 0.67919
f 4890/12269 4938/12163 4900/12270
vt 0.57731 0.44281
vt 0.57708 0.44712
vt 0.57515 0.44581
f 4887/12271 4926/12272 5028/12273
vt 0.85378 0.77869
vt 0.85288 0.77946
vt 0.85301 0.77861
f 4807/12274 4891/12275 4910/12276
vt 0.72934 0.71835
f 4857/12277 4968/12194 4859/12193
vt 0.04610 0.62476
f 4954/12023 4913/12148 4931/12278
vt 0.96382 0.72816
vt 0.96370 0.72668
vt 0.96458 0.72667
f 4894/12279 4933/12280 4912/12281
vt 0.04781 0.62465
f 4913/12148 4966/12282 4931/12278
vt 0.87210 0.24828
f 4797/12009 4879/12283 4958/12220
f 4895/12230 4803/11929 4915/12076
f 4846/11844 4950/12159 4995/12165
vt 0.38800 0.63525
f 4815/12048 5031/11990 4896/12284
vt 0.93628 0.61152
f 4628/12164 4889/12138 4897/12285
vt 0.93595 0.56767
f 4885/12145 5055/12286 4975/12146
vt 0.46324 0.55738
f 4853/11992 4843/12287 4832/12219
vt 0.45882 0.55405
f 4845/12068 4789/12100 4937/12288
vt 0.43579 0.94843
vt 0.43653 0.94800
f 4930/12289 4825/12084 4923/12290
vt 0.33451 0.77789
f 4837/11722 4921/12027 5021/12291
vt 0.89251 0.35548
f 4899/11747 4835/12066 4965/12292
vt 0.57519 0.44260
f 4887/12271 4898/12293 4851/12236
vt 0.73272 0.47805
vt 0.73172 0.47761
f 4940/12294 4981/12295 4684/11963
vt 0.89926 0.51419
f 4709/12247 4941/12296 4900/12131
vt 0.73076 0.47381
vt 0.72883 0.47400
f 4938/12297 5053/12298 4844/12179
vt 0.57727 0.44965
vt 0.57619 0.44989
vt 0.57561 0.44875
f 4880/12299 5080/12300 4978/12301
f 4880/12299 4978/12301 4926/12272
f 4963/11902 4943/11839 4823/11772
f 4771/11276 5119/12063 5242/12062
f 4840/11093 4874/12205 5265/12260
vt 0.72942 0.71025
vt 0.72856 0.71043
f 4820/12302 5794/12036 4952/12303
vt 0.29340 0.94618
vt 0.29394 0.94736
vt 0.29305 0.94684
f 4933/12304 4894/12305 4979/12306
vt 0.89230 0.36074
f 4899/11747 4915/12307 4964/12195
vt 0.64759 0.34982
f 4896/12059 5076/12308 4925/12016
vt 0.89237 0.35619
vt 0.89248 0.35848
f 4899/11747 4965/12309 4895/12310
vt 0.16282 0.37451
f 4804/11968 5214/11934 5003/12311
vt 0.81678 0.61332
f 4800/11721 4883/12118 5026/12312
vt 0.72881 0.47182
f 4933/12180 4844/12179 4991/12313
vt 0.92133 0.37795
vt 0.91949 0.37694
f 4773/11894 5005/12314 4905/12315
vt 0.05983 0.97755
vt 0.05960 0.97661
vt 0.06027 0.97696
f 4914/12316 4878/12317 4956/12318
vt 0.14110 0.35501
f 4914/12155 5098/12319 5074/12156
f 4899/11747 4895/12310 4915/12307
vt 0.95523 0.21975
vt 0.95516 0.22120
vt 0.95483 0.22023
f 4861/12320 5060/12321 4997/12322
vt 0.95481 0.21962
f 4861/12320 4997/12322 4942/12323
vt 0.73024 0.47632
f 4684/11963 5012/12324 4920/12265
f 4844/12179 5053/12298 4991/12313
vt 0.98031 0.35106
vt 0.98036 0.34998
vt 0.98065 0.35070
f 4890/12325 4900/12326 4941/12327
vt 0.96477 0.72802
f 4894/12279 4912/12281 4958/12328
vt 0.59423 0.82822
f 4883/12198 4884/12197 5041/12329
vt 0.59159 0.82932
f 4883/12198 5041/12329 5058/12330
vt 0.64416 0.34471
vt 0.64260 0.34429
f 4864/12143 4959/12331 4945/12332
vt 0.35992 0.85222
vt 0.35995 0.85354
vt 0.35845 0.85387
f 4835/12333 4967/12334 4965/12335
vt 0.92484 0.80918
vt 0.92372 0.80956
f 4827/12113 5068/12336 4934/12337
f 4827/12113 4934/12337 4843/12114
vt 0.79011 0.09790
vt 0.78912 0.09936
f 4811/12240 4927/12338 4918/12339
vt 0.84067 0.70040
vt 0.83985 0.69877
f 4915/12077 5044/12340 4964/12341
vt 0.57549 0.45064
f 4805/12175 5003/12177 5080/12342
vt 0.57702 0.45031
f 4805/12175 5080/12342 4880/12343
vt 0.59071 0.82822
f 4883/12198 5058/12330 4911/12344
vt 0.29223 0.94885
vt 0.29378 0.94896
f 4976/12345 4894/12305 4879/12346
vt 0.96359 0.72927
f 4894/12279 4958/12328 4879/12347
vt 0.57648 0.43610
f 4892/12235 4893/12237 4971/12348
vt 0.39432 0.63584
f 4847/12122 5002/12349 4929/12262
f 4821/12152 4925/12016 4959/12331
vt 0.93218 0.54560
f 4992/12212 4937/12350 4789/11909
vt 0.82843 0.85417
f 4897/12081 4967/12351 4961/12040
vt 0.26948 0.10518
f 4799/11771 5166/12352 4873/12108
vt 0.83261 0.90364
f 4866/12266 4918/12353 4986/12267
vt 0.51288 0.94915
vt 0.51347 0.94840
f 4831/12354 4868/12257 4970/12355
vt 0.78964 0.74021
f 4906/12223 5004/12356 4982/12031
vt 0.98807 0.40115
vt 0.98844 0.40152
vt 0.98813 0.40177
f 4868/12357 4948/12358 4970/12359
f 4894/12305 4976/12345 4979/12306
vt 0.98128 0.54651
vt 0.98142 0.54597
vt 0.98182 0.54606
f 4867/12360 4933/12361 4946/12362
vt 0.95414 0.21928
vt 0.95427 0.22097
vt 0.95341 0.21981
f 4942/12363 4998/12364 5139/12365
vt 0.79436 0.10120
vt 0.79067 0.10121
vt 0.79247 0.09952
f 4923/12366 5105/12367 4930/12368
vt 0.06068 0.97751
f 4914/12316 4956/12318 5016/12369
vt 0.49054 0.57902
vt 0.49080 0.57904
f 4890/12370 4924/12371 4928/12169
vt 0.80460 0.97583
vt 0.80413 0.97706
vt 0.80372 0.97632
f 4866/12372 4882/12373 4973/12374
vt 0.04367 0.72686
f 4882/12172 4942/12248 5139/12375
vt 0.29675 0.07449
f 4943/11839 5095/12376 4785/11933
f 4799/11771 4909/11499 5166/12352
vt 0.86173 0.55938
vt 0.86268 0.55909
vt 0.86276 0.56138
f 4877/12377 4995/12378 4908/12379
vt 0.97793 0.32878
vt 0.97739 0.32977
vt 0.97747 0.32879
f 4866/12380 4973/12381 4918/12382
vt 0.17112 0.38283
f 5062/12203 4721/11348 4989/12383
vt 0.29230 0.94756
f 4976/12345 4948/12384 4979/12306
vt 0.96187 0.67233
vt 0.96276 0.67337
vt 0.96117 0.67353
f 4825/12385 4917/12386 4923/12387
vt 0.91269 0.61811
f 4876/11868 5026/12214 5094/12388
vt 0.92181 0.28107
vt 0.92077 0.28172
vt 0.92060 0.28112
f 4936/12389 4935/12390 4924/12391
vt 0.16727 0.38142
f 4870/11335 5062/12203 5066/12392
f 4904/11870 4902/11997 4951/12245
vt 0.46023 0.55403
f 4845/12068 4937/12393 5068/12119
vt 0.88584 0.43505
vt 0.88478 0.43646
vt 0.88525 0.43420
f 5048/12394 5006/12395 4922/12396
vt 0.98050 0.35167
f 4890/12325 4941/12327 4924/12397
vt 0.46069 0.54665
vt 0.46032 0.54590
vt 0.46120 0.54660
f 4924/12398 4935/12399 4928/12400
vt 0.29164 0.94819
f 4976/12345 4970/12401 4948/12384
f 4684/11963 4981/12295 5012/12324
vt 0.46120 0.54608
f 4928/12400 4935/12399 5001/12402
vt 0.85042 0.77719
f 4932/11973 5086/12403 4886/12017
vt 0.72799 0.47006
f 4933/12180 4991/12313 4912/12404
vt 0.82943 0.90522
vt 0.83062 0.90632
f 4861/12405 4986/12267 4960/12406
vt 0.83020 0.90718
f 4861/12405 4960/12406 5060/12407
vt 0.94027 0.78762
f 4835/12098 4901/12001 4967/12408
vt 0.93677 0.61331
f 4897/12285 4889/12138 4967/12409
vt 0.72742 0.71612
f 4872/12192 4968/12194 4972/12410
vt 0.04894 0.62580
f 4913/12148 5032/12411 4966/12282
f 4887/12271 5028/12273 4898/12293
vt 0.84892 0.71321
vt 0.84715 0.71038
vt 0.84919 0.70970
f 4980/12412 4865/12413 4886/12414
vt 0.38962 0.63650
f 5031/11990 5076/12415 4896/12284
vt 0.04305 0.72379
f 4907/12226 4984/12416 5195/12227
vt 0.94119 0.03218
f 4869/12190 4985/12417 4969/12254
vt 0.84812 0.71672
vt 0.84969 0.71645
f 4881/12418 4980/12412 5038/12419
vt 0.85149 0.77854
f 4910/12276 4891/12275 5023/12420
vt 0.18750 0.92974
vt 0.18834 0.93067
vt 0.18769 0.93071
f 4946/12421 4953/12422 4948/12423
vt 0.04651 0.72777
vt 0.04626 0.72759
f 4942/12186 4997/12424 4947/12425
vt 0.95472 0.22009
f 4942/12363 4947/12426 4998/12364
f 4851/12236 4898/12293 4893/12237
vt 0.91546 0.15984
vt 0.91504 0.15917
f 4884/11952 4994/12427 5041/12428
f 4721/11348 5011/11638 4989/12383
vt 0.81577 0.61379
f 4883/12118 5018/12429 5026/12312
vt 0.81546 0.61537
f 4883/12118 4949/12430 5018/12429
vt 0.51360 0.94866
f 4831/12354 4970/12355 4974/12431
vt 0.75355 0.84773
f 4988/12121 4905/12222 5090/12432
f 4875/11787 4988/12121 4888/12201
vt 0.97749 0.27564
vt 0.97805 0.27574
vt 0.97798 0.27669
f 4924/12433 4941/12434 5001/12435
vt 0.97733 0.27683
f 4924/12433 5001/12435 5037/12436
vt 0.25991 0.11529
f 4862/11707 4505/11124 5137/12437
vt 0.67466 0.98943
vt 0.67456 0.98883
vt 0.67486 0.98918
f 4910/12438 5023/12439 5796/12440
vt 0.72819 0.71221
f 5794/12036 5796/12441 4952/12303
vt 0.97811 0.27586
f 4928/12442 5001/12435 4941/12434
vt 0.05983 0.97604
vt 0.06018 0.97654
f 4878/12317 5019/12443 4956/12444
vt 0.45953 0.54655
vt 0.45864 0.54554
f 4935/12399 4936/12445 4981/12446
vt 0.33948 0.77131
f 4847/12249 4955/11960 5002/12447
f 4883/12118 4911/12246 4949/12430
vt 0.57347 0.44983
f 5080/12300 5145/12448 4978/12301
f 4911/12246 4951/12245 4949/12430
vt 0.73049 0.47461
f 4920/12265 5012/12324 4938/12449
vt 0.73102 0.71416
vt 0.73040 0.71568
vt 0.72981 0.71332
f 4977/12450 4962/12451 4957/12452
vt 0.04242 0.62483
vt 0.04217 0.62592
vt 0.03999 0.62458
f 4977/12453 5000/12454 4962/12455
vt 0.91018 0.66196
vt 0.90998 0.66042
vt 0.91164 0.66079
f 4892/12456 4971/12457 5010/12458
vt 0.72941 0.70490
vt 0.72949 0.70686
vt 0.72806 0.70576
f 5055/12459 4885/12460 5013/12461
vt 0.05015 0.62649
f 4913/12148 5082/12462 5032/12411
vt 0.03717 0.62447
vt 0.03659 0.62563
f 5016/12463 5039/12464 4914/12127
vt 0.78726 0.09991
f 4811/12240 4918/12339 4973/12465
vt 0.91161 0.56767
f 4919/12133 5058/12466 4871/12134
vt 0.86274 0.55615
vt 0.86338 0.55397
vt 0.86486 0.55660
f 4950/12467 5015/12468 5030/12469
vt 0.88217 0.43612
vt 0.88347 0.43358
f 4922/12396 5081/12470 5007/12471
vt 0.29221 0.94711
vt 0.29197 0.94691
f 4979/12306 4948/12472 4953/12473
vt 0.28208 0.09147
f 4903/11706 5146/12474 4939/11245
vt 0.13571 0.88180
vt 0.13705 0.88083
vt 0.13760 0.88273
f 4922/12475 5009/12476 5048/12477
vt 0.64234 0.34632
f 4959/12331 5099/12478 4945/12332
vt 0.72689 0.71239
vt 0.72754 0.71186
f 5796/12441 5023/12479 4990/12480
vt 0.72790 0.71176
f 5796/12441 5797/12481 4952/12303
vt 0.92104 0.27972
f 4936/12389 4924/12391 5088/12482
vt 0.87208 0.72489
f 5015/12174 4876/12019 5094/12483
vt 0.98873 0.65034
vt 0.98904 0.65060
vt 0.98873 0.65092
f 4986/12484 4947/12485 4960/12486
f 4915/12077 4871/12074 5044/12340
vt 0.94134 0.78796
f 4901/12001 4961/12487 4967/12408
f 4913/12148 4975/12147 5082/12462
vt 0.94123 0.03412
f 4969/12254 4999/12488 4878/12255
vt 0.13816 0.88657
vt 0.13634 0.88387
f 5048/12477 5062/12489 5006/12490
vt 0.93769 0.61280
f 4965/12491 4967/12409 4889/12138
f 4957/12216 4954/12023 4977/12453
vt 0.86205 0.56407
vt 0.86323 0.56429
f 4932/12492 4908/12379 5086/12493
vt 0.97201 0.69690
vt 0.97333 0.69696
vt 0.97224 0.69809
f 4924/12494 5037/12495 5088/12496
vt 0.85144 0.71260
f 4980/12412 4886/12414 5052/12497
vt 0.72907 0.71597
f 4957/12452 4962/12451 4985/12498
vt 0.90987 0.56816
f 4871/12134 5058/12466 5044/12499
f 4811/12240 4973/12465 4984/12241
f 5060/12321 4998/12364 4997/12322
vt 0.99249 0.09073
vt 0.99247 0.09041
vt 0.99269 0.09036
f 4997/12500 4960/12501 4947/12502
vt 0.05968 0.97562
f 4878/12317 4999/12503 5019/12443
vt 0.98135 0.54548
f 4933/12361 4979/12504 4946/12362
vt 0.04427 0.62542
f 4954/12023 4931/12278 5017/12505
f 4954/12023 5017/12505 4977/12453
f 4938/12449 5012/12324 5053/12298
vt 0.95466 0.22025
f 4998/12364 4947/12426 4993/12506
vt 0.13227 0.34441
f 4906/12204 4826/12087 5004/12507
vt 0.04277 0.62536
f 4977/12453 5043/12508 5000/12454
vt 0.12550 0.33749
f 4831/12106 4974/12509 4976/12107
vt 0.13525 0.34740
f 4881/11969 5038/12510 4826/12087
vt 0.33755 0.76842
f 5002/12447 4955/11960 5210/12511
vt 0.04428 0.72545
f 4882/12172 5139/12375 4973/12512
vt 0.78626 0.74106
f 4982/12031 5056/12513 4940/12010
vt 0.57917 0.43431
vt 0.57674 0.43417
vt 0.57704 0.43169
f 4921/12514 5075/12515 5021/12516
f 4884/11952 4964/12256 4994/12427
vt 0.46461 0.55452
f 4832/12219 4843/12287 4934/12517
vt 0.73015 0.71827
f 4962/12451 5016/12518 4985/12498
vt 0.98195 0.54516
f 4979/12504 5057/12519 4946/12362
vt 0.86286 0.55839
f 4995/12520 4950/12467 5030/12469
vt 0.86458 0.55991
f 4908/12379 4995/12378 5042/12521
f 4921/12514 4983/12253 5075/12515
vt 0.03500 0.62575
f 4914/12127 5039/12464 5033/12522
vt 0.14261 0.35514
f 4914/12155 5033/12523 5098/12319
vt 0.03986 0.62672
f 5000/12454 5096/12524 4962/12455
vt 0.99267 0.85866
vt 0.99267 0.85916
vt 0.99247 0.85889
f 4962/12525 5096/12526 5132/12527
vt 0.13640 0.88659
f 5006/12490 5062/12489 4989/12528
vt 0.04380 0.72469
f 4984/12529 4973/12512 5139/12375
vt 0.96167 0.67456
f 4917/12386 5077/12530 4923/12387
vt 0.03890 0.62577
f 5016/12463 4962/12455 5132/12531
vt 0.72915 0.71815
f 5016/12518 4956/12532 4985/12498
f 4870/11335 5066/12392 5214/11934
vt 0.72804 0.71772
f 4968/12194 4969/12533 4972/12410
vt 0.77608 0.03752
vt 0.77611 0.03565
vt 0.77690 0.03666
f 4931/12534 4966/12535 4987/12536
f 4952/12303 5797/12481 4990/12480
vt 0.72702 0.71074
f 4952/12303 4990/12480 5025/12537
f 4930/12368 5105/12367 4927/12338
vt 0.05058 0.62491
f 4975/12147 5055/12538 5082/12462
vt 0.72749 0.70739
f 4885/12460 5049/12539 5013/12461
f 4885/12460 4952/12303 5049/12539
vt 0.57368 0.44820
f 4978/12301 5145/12448 5118/12540
vt 0.18783 0.92966
vt 0.18807 0.92900
f 4946/12541 4991/12542 4953/12422
vt 0.75223 0.84710
f 4905/12222 5070/12543 5090/12432
vt 0.57505 0.44742
f 4926/12272 4978/12301 5106/12544
vt 0.03895 0.62333
vt 0.03815 0.62369
vt 0.03797 0.62312
f 4985/12545 4956/12546 4969/12547
vt 0.98227 0.76573
vt 0.98270 0.76597
vt 0.98226 0.76626
f 4969/12548 4968/12549 4999/12550
vt 0.92200 0.27995
f 4936/12389 5088/12482 5012/12551
f 4911/12344 5058/12330 4919/12080
vt 0.99386 0.12282
vt 0.99386 0.12322
vt 0.99369 0.12317
f 4960/12552 4997/12553 4993/12554
vt 0.57460 0.43413
vt 0.57583 0.43486
f 4971/12348 5050/12555 5075/12556
vt 0.57384 0.44136
f 4893/12237 4898/12293 4996/12557
vt 0.95474 0.22041
f 4993/12506 4997/12558 4998/12364
vt 0.92277 0.27996
vt 0.92260 0.28139
f 4936/12389 5012/12559 4981/12560
vt 0.57465 0.44437
f 4898/12293 5028/12273 5161/12561
f 4977/12453 5017/12505 5043/12508
f 4855/11032 4785/11933 4874/12205
vt 0.98809 0.16217
vt 0.98835 0.16236
vt 0.98811 0.16258
f 4974/12562 4970/12563 5059/12564
vt 0.97632 0.98092
vt 0.97595 0.97986
vt 0.97675 0.97967
f 4953/12565 5057/12566 4979/12567
vt 0.72813 0.71849
vt 0.72768 0.72053
vt 0.72661 0.71866
f 4968/12568 5074/12569 4999/12570
vt 0.33455 0.77623
f 4955/11960 4837/11722 5021/12571
f 4922/12396 5006/12395 5081/12470
vt 0.94466 0.78364
vt 0.94437 0.78501
vt 0.94367 0.78385
f 4992/12572 4958/12573 5065/12574
vt 0.18929 0.92902
f 4953/12422 4991/12542 5053/12575
vt 0.28425 0.08824
f 4903/11706 5265/12260 5220/12576
vt 0.33973 0.76924
f 5002/12447 5210/12511 5147/12577
f 4926/12272 5106/12544 5028/12273
vt 0.88458 0.43906
vt 0.88264 0.43901
f 4989/12578 5083/12579 5006/12395
vt 0.59355 0.82910
f 5041/12329 5029/12580 5058/12330
f 4872/12192 4972/12410 4891/12168
vt 0.95182 0.15081
vt 0.95170 0.15140
vt 0.95059 0.15176
f 4991/12581 4946/12582 5057/12583
vt 0.95058 0.09799
vt 0.95158 0.09792
vt 0.95144 0.09920
f 4912/12584 4991/12585 5057/12586
f 4971/12348 4893/12237 5050/12555
vt 0.94486 0.78700
vt 0.94553 0.78769
vt 0.94497 0.78771
f 5024/12587 5035/12588 5040/12589
vt 0.39626 0.63782
f 5002/12349 5147/12590 4929/12262
vt 0.30482 0.06596
f 4963/11902 4916/11485 5092/12591
vt 0.77731 0.03740
f 5008/12592 4931/12534 4987/12536
vt 0.91730 0.16089
vt 0.91625 0.16049
f 4964/12256 5044/12593 5029/12594
f 4939/11245 5146/12474 4842/12112
vt 0.72799 0.71815
f 4956/12532 5019/12595 4969/12533
vt 0.78738 0.74287
f 4982/12031 5069/12596 5056/12513
vt 0.13809 0.88184
f 5048/12477 5009/12476 5121/12597
vt 0.86478 0.56320
vt 0.86415 0.56446
f 5086/12493 5025/12598 5023/12599
f 5086/12493 4908/12379 5025/12598
f 4952/12303 5025/12537 5049/12539
vt 0.83105 0.90696
f 5060/12407 4960/12406 5781/12600
f 4990/12480 5023/12479 5025/12537
vt 0.73025 0.69802
vt 0.73028 0.69957
vt 0.72736 0.69913
f 4902/12601 4888/12602 5089/12603
f 4983/12253 5010/12252 5075/12515
vt 0.44251 0.76602
vt 0.44239 0.76696
vt 0.44086 0.76570
f 4966/12604 5032/12605 4987/12606
vt 0.83360 0.90347
vt 0.83333 0.90543
f 4918/12353 4927/12607 5105/12608
f 4918/12353 5105/12608 4986/12267
vt 0.95011 0.09891
f 4912/12584 5057/12586 4958/12609
vt 0.46157 0.54592
vt 0.46194 0.54423
f 5001/12610 4935/12399 5111/12611
vt 0.12951 0.34147
vt 0.12972 0.34322
vt 0.12786 0.34102
f 5001/12612 5111/12613 5103/12614
vt 0.86492 0.55401
f 5015/12468 5085/12615 5030/12469
vt 0.77607 0.03796
vt 0.77657 0.03796
vt 0.77600 0.03844
f 4931/12616 5008/12617 5017/12618
vt 0.95056 0.09989
f 4958/12609 5057/12586 5063/12619
vt 0.16070 0.37742
f 5003/12311 5214/11934 5014/12620
vt 0.12438 0.33711
f 4976/12107 4974/12509 5035/12621
vt 0.95168 0.15450
vt 0.95099 0.15464
vt 0.95161 0.15416
f 4976/12622 5035/12623 4970/12624
vt 0.91959 0.37866
f 4905/12315 5005/12314 5070/12625
vt 0.39747 0.97687
vt 0.39819 0.97597
vt 0.39806 0.97737
f 5016/12626 5132/12627 5039/12628
vt 0.91146 0.65847
f 4971/12457 5075/12629 5010/12458
vt 0.88257 0.80804
vt 0.88273 0.80662
vt 0.88317 0.80784
f 4978/12630 5118/12631 5106/12632
vt 0.83129 0.90641
f 4960/12406 4993/12633 5781/12600
vt 0.04381 0.62608
vt 0.04307 0.62623
f 5017/12505 5046/12634 5034/12635
f 5017/12505 5034/12635 5043/12508
vt 0.77699 0.03961
f 5017/12618 5008/12617 5022/12636
vt 0.91557 0.15978
f 4964/12256 5029/12594 4994/12637
vt 0.58962 0.26840
vt 0.58851 0.26939
f 5011/11971 5140/12638 5191/12639
vt 0.03548 0.62769
f 5039/12464 5158/12640 5033/12522
vt 0.86705 0.62935
vt 0.86633 0.63014
vt 0.86564 0.62890
f 4945/12641 5127/12642 5067/12643
vt 0.98848 0.16290
f 5059/12564 4970/12563 5035/12644
f 4903/11706 5220/12576 5146/12474
vt 0.33466 0.77482
vt 0.33515 0.77380
f 4955/11960 5021/12645 5212/12646
vt 0.83086 0.90609
vt 0.83099 0.90645
f 4947/12647 4986/12267 4993/12648
vt 0.58753 0.26818
f 5083/12649 5011/11971 5191/12639
f 4969/12533 5019/12595 4972/12410
vt 0.72832 0.69744
f 5089/12603 4951/12650 4902/12601
vt 0.93221 0.54733
f 4937/12350 4992/12212 5065/12651
vt 0.45825 0.55232
vt 0.45959 0.55247
f 4937/12288 5065/12652 5020/12653
vt 0.18836 0.93253
vt 0.18886 0.93183
vt 0.18935 0.93291
f 4974/12654 5059/12655 5045/12656
vt 0.12466 0.33828
f 4974/12509 5045/12657 5035/12621
vt 0.77750 0.03605
vt 0.77994 0.03812
f 5008/12592 4987/12658 5199/12659
vt 0.88477 0.43303
vt 0.88533 0.43291
f 4922/12660 5007/12471 5009/12661
vt 0.91025 0.61781
f 5026/12214 5072/12662 5094/12388
f 4944/12047 5140/12638 5011/11971
vt 0.88477 0.43146
f 5009/12661 5007/12471 5061/12663
vt 0.72857 0.70295
f 5027/12664 5055/12459 5013/12461
vt 0.72690 0.70364
f 5027/12664 5013/12461 5030/12665
vt 0.72831 0.70033
f 5089/12603 4888/12602 5073/12666
vt 0.81538 0.61291
f 5026/12312 5018/12429 5072/12667
vt 0.86735 0.63205
f 4945/12641 5099/12668 5127/12642
vt 0.18964 0.93122
f 5053/12575 5054/12669 4953/12422
vt 0.13667 0.87919
vt 0.13770 0.87976
f 5009/12476 5061/12670 5148/12671
vt 0.17102 0.38440
f 4989/12383 5011/11638 5083/12672
f 4908/12379 5042/12521 5025/12598
vt 0.04363 0.62724
f 5034/12635 5046/12634 5051/12673
vt 0.98908 0.44391
vt 0.98870 0.44394
vt 0.98897 0.44343
f 5034/12674 5124/12675 5043/12676
vt 0.73092 0.70101
vt 0.72912 0.70188
f 4988/12677 5090/12678 4888/12602
vt 0.81535 0.61393
f 5018/12429 4949/12430 5071/12679
f 5099/12478 4959/12331 4925/12016
vt 0.12304 0.33672
vt 0.12243 0.33552
f 5035/12621 5036/12680 5040/12681
vt 0.95126 0.10176
vt 0.95002 0.10100
f 5035/12682 5024/12683 5063/12619
vt 0.45898 0.54175
f 4981/12446 5179/12684 4935/12399
vt 0.73150 0.48128
vt 0.73150 0.47842
f 4940/12294 5056/12685 4981/12686
vt 0.83288 0.90692
f 4993/12633 4986/12267 5783/12687
f 4993/12633 5783/12687 5781/12600
vt 0.72643 0.70727
f 5025/12537 5042/12688 5049/12539
f 4505/11124 4873/12108 5137/12437
vt 0.77622 0.04008
vt 0.77624 0.03971
f 5043/12689 5046/12690 5022/12636
vt 0.02650 0.98953
vt 0.02667 0.98893
vt 0.02669 0.98928
f 5043/12691 5124/12692 5046/12693
vt 0.95188 0.15292
vt 0.95138 0.15359
vt 0.95072 0.15265
f 4953/12694 5059/12695 5057/12696
vt 0.18957 0.93132
f 4953/12422 5054/12697 5059/12655
vt 0.72687 0.70101
f 5027/12664 5030/12665 5085/12698
vt 0.85059 0.77938
f 5023/12420 4891/12275 5131/12699
vt 0.94443 0.78573
vt 0.94331 0.78570
f 4958/12573 5063/12700 5020/12701
f 4958/12573 5020/12701 5065/12574
f 5034/12635 5051/12673 5000/12454
vt 0.92026 0.37942
f 5005/12314 5173/12702 5070/12625
vt 0.16010 0.37463
f 5003/12311 5014/12620 5169/12703
vt 0.25646 0.11822
f 4944/12206 5064/12173 5140/12704
vt 0.59437 0.82866
vt 0.59455 0.82888
f 5029/12580 5041/12705 5018/12706
vt 0.91976 0.28068
vt 0.91928 0.27911
vt 0.92041 0.28073
f 5001/12707 5103/12708 5037/12709
vt 0.77611 0.03949
f 5017/12710 5022/12636 5046/12690
f 4986/12267 5105/12608 5783/12687
vt 0.77871 0.04083
vt 0.77619 0.04078
f 5022/12636 5079/12711 5043/12712
vt 0.72824 0.70126
f 5027/12664 5085/12698 5073/12713
vt 0.44217 0.76897
vt 0.44038 0.76825
f 5032/12605 5087/12714 5141/12715
vt 0.94471 0.78693
f 5024/12716 5020/12701 5063/12700
vt 0.94393 0.78791
f 5024/12716 5040/12717 5020/12701
vt 0.19094 0.92904
f 5053/12575 5093/12718 5054/12669
vt 0.88323 0.43112
f 5061/12663 5007/12471 5110/12719
vt 0.05274 0.62333
vt 0.05387 0.62457
vt 0.05143 0.62436
f 5027/12720 5090/12721 5055/12722
vt 0.80311 0.10018
vt 0.80307 0.10102
vt 0.80215 0.10059
f 5046/12723 5124/12724 5051/12725
vt 0.95288 0.22188
f 5139/12365 4998/12364 5209/12726
vt 0.04465 0.72924
vt 0.04376 0.72870
f 5139/12375 5209/12727 5197/12728
vt 0.05500 0.62361
f 5027/12720 5073/12729 5090/12721
f 5059/12655 5054/12697 5045/12656
vt 0.81505 0.61365
f 5018/12429 5078/12730 5072/12667
f 5008/12592 5199/12659 5022/12636
vt 0.97106 0.44767
vt 0.97114 0.44915
vt 0.97047 0.44765
f 5061/12731 5110/12732 5148/12733
vt 0.95601 0.60011
vt 0.95748 0.60065
vt 0.95603 0.60064
f 5043/12734 5116/12735 5000/12736
vt 0.77701 0.04156
f 5043/12712 5079/12711 5116/12737
vt 0.91089 0.56929
f 5044/12499 5058/12466 5029/12738
f 5073/12713 5085/12698 5089/12603
f 4937/12393 5020/12653 5068/12119
vt 0.95174 0.10055
f 5035/12682 5063/12619 5059/12739
vt 0.86456 0.62938
vt 0.86368 0.62867
f 5067/12643 5143/12740 5077/12741
f 4935/12399 5179/12684 5111/12611
vt 0.72580 0.71362
f 4891/12168 4972/12410 5131/12742
f 4980/12412 5052/12497 5038/12419
vt 0.04223 0.62766
f 5096/12524 5000/12454 5100/12743
vt 0.86505 0.55889
f 4995/12520 5030/12469 5042/12744
f 5019/12595 4999/12570 4972/12410
vt 0.84811 0.77818
f 4886/12017 5086/12403 5181/12745
vt 0.13290 0.34780
f 4826/12087 5130/12746 5004/12507
vt 0.14264 0.35690
f 5033/12523 5158/12747 5098/12319
vt 0.81426 0.61540
f 4949/12430 5091/12748 5071/12679
f 5032/12605 5141/12715 4987/12606
vt 0.97834 0.70919
vt 0.97820 0.71053
vt 0.97780 0.70931
f 5000/12749 5129/12750 5034/12751
vt 0.57153 0.44864
f 5145/12448 5249/12752 5118/12540
vt 0.97265 0.69858
f 5088/12496 5037/12495 5084/12753
f 5063/12619 5057/12586 5059/12739
f 5009/12476 5148/12671 5121/12597
vt 0.59443 0.82906
f 5029/12580 5018/12706 5071/12754
f 4949/12430 4951/12245 5091/12748
vt 0.13431 0.34929
f 4826/12087 5038/12510 5114/12755
f 4826/12087 5114/12755 5130/12746
vt 0.98712 0.23121
vt 0.98730 0.23177
vt 0.98708 0.23169
f 5041/12756 5078/12757 5018/12758
vt 0.91488 0.15965
vt 0.91454 0.15978
f 5041/12759 4994/12427 5078/12760
vt 0.78040 0.03589
f 4987/12658 5255/12761 5199/12659
vt 0.87023 0.72475
f 5015/12174 5094/12483 5085/12762
vt 0.97760 0.71020
vt 0.97738 0.70945
f 5034/12751 5117/12763 5124/12764
vt 0.57406 0.45365
vt 0.57233 0.45124
f 5169/12765 5211/12766 5003/12177
vt 0.03721 0.62823
f 5039/12464 5162/12767 5158/12640
f 5035/12621 5045/12657 5036/12680
vt 0.72863 0.70025
f 4888/12602 5090/12678 5073/12768
vt 0.64644 0.35006
vt 0.64582 0.35002
f 4925/12016 5076/12769 5133/12770
vt 0.04028 0.62964
f 5100/12743 5203/12771 5096/12524
vt 0.45831 0.54334
f 4981/12446 5056/12772 5179/12684
vt 0.72596 0.69795
f 4951/12650 5089/12603 5091/12773
vt 0.72801 0.47495
f 5012/12324 5093/12774 5053/12298
f 4982/12031 5004/12356 5069/12596
f 5006/12395 5083/12579 5081/12470
vt 0.88198 0.49883
vt 0.88321 0.49939
f 5173/12775 5005/12160 5246/12776
vt 0.79199 0.10304
f 4923/12366 5150/12777 5105/12367
vt 0.79381 0.10254
f 4923/12366 5077/12778 5150/12777
f 5005/12160 5047/12105 5246/12776
vt 0.33549 0.77115
f 4955/11960 5212/12646 5235/12779
f 4955/11960 5235/12779 5210/12511
vt 0.91193 0.56962
vt 0.91228 0.57027
vt 0.91167 0.57023
f 5029/12780 5071/12781 4994/12782
vt 0.57385 0.43628
f 4893/12237 5156/12783 5050/12555
vt 0.05222 0.62497
f 5055/12722 5090/12721 5070/12784
vt 0.46202 0.55237
f 5068/12119 5020/12653 5040/12785
f 4862/11707 5137/12437 5064/12173
vt 0.72643 0.70578
f 5030/12665 5013/12461 5049/12786
vt 0.46275 0.54242
f 5111/12611 5179/12684 5194/12787
vt 0.57390 0.43944
f 4996/12557 5136/12788 4893/12237
vt 0.57375 0.43714
f 4893/12237 5136/12788 5156/12789
vt 0.98936 0.31427
vt 0.98965 0.31400
vt 0.98935 0.31452
f 5078/12790 4994/12791 5071/12792
vt 0.93267 0.83321
vt 0.93345 0.83443
vt 0.93237 0.83477
f 5132/12793 5096/12794 5184/12795
vt 0.57347 0.43432
f 5050/12555 5156/12783 5207/12796
f 5000/12454 5051/12673 5100/12743
f 5031/11990 4929/12262 5076/12415
f 5023/12420 5131/12699 5086/12403
f 5003/12177 5211/12766 5080/12342
vt 0.92009 0.27852
f 5103/12708 5084/12797 5037/12709
vt 0.85309 0.71041
f 5052/12497 4886/12414 5181/12798
vt 0.70081 0.92933
vt 0.70216 0.92959
vt 0.70100 0.93189
f 5039/12799 5184/12800 5162/12801
vt 0.39877 0.97646
f 5132/12627 5184/12802 5039/12628
vt 0.30323 0.06782
f 4963/11902 5092/12591 5036/12803
f 4916/11485 4934/12261 5092/12591
vt 0.04873 0.62794
f 5032/12411 5082/12462 5087/12804
vt 0.03830 0.72654
f 4984/12416 5139/12375 5304/12805
f 4984/12416 5304/12805 5195/12227
vt 0.05181 0.62554
f 5055/12722 5070/12806 5082/12462
vt 0.05167 0.62753
f 5070/12806 5173/12807 5082/12462
vt 0.72490 0.94573
vt 0.72414 0.94755
vt 0.72302 0.94634
f 4898/12808 5161/12809 5168/12810
vt 0.72452 0.94548
f 4898/12808 5168/12810 4996/12811
vt 0.72462 0.94976
vt 0.72414 0.95084
vt 0.72339 0.94928
f 5028/12812 5106/12813 5159/12814
f 5028/12812 5159/12814 5161/12809
vt 0.57471 0.43111
f 5075/12515 5126/12815 5021/12516
vt 0.98322 0.98518
vt 0.98364 0.98410
vt 0.98366 0.98541
f 5089/12816 5113/12817 5091/12818
vt 0.85134 0.71579
vt 0.85088 0.71715
f 5038/12419 5160/12819 5114/12820
vt 0.72478 0.71628
f 4972/12410 5174/12821 5131/12742
vt 0.46281 0.55137
vt 0.46467 0.55187
f 5068/12119 5040/12822 5092/12823
f 4972/12410 4999/12570 5174/12821
f 5022/12636 5199/12659 5079/12711
vt 0.97015 0.44955
f 5148/12733 5110/12732 5170/12824
vt 0.78957 0.74311
f 5004/12356 5130/12825 5069/12596
f 5086/12403 5131/12699 5181/12745
vt 0.98221 0.95181
vt 0.98250 0.95101
vt 0.98261 0.95235
f 5103/12826 5115/12827 5084/12828
vt 0.12691 0.34161
vt 0.12570 0.33938
f 5103/12614 5104/12829 5115/12830
vt 0.72565 0.69945
vt 0.72417 0.70034
vt 0.72430 0.69850
f 5089/12831 5094/12832 5113/12833
vt 0.19048 0.93249
f 5045/12656 5054/12697 5115/12834
vt 0.97572 0.00617
vt 0.97640 0.00656
vt 0.97594 0.00706
f 5051/12835 5153/12836 5100/12837
vt 0.88567 0.49941
f 5047/12105 5142/12838 5246/12776
vt 0.94335 0.67093
vt 0.94351 0.67012
vt 0.94566 0.67123
f 5109/12839 5112/12840 5107/12841
vt 0.79782 0.10050
vt 0.79889 0.09987
vt 0.79934 0.10073
f 5155/12842 5107/12843 5152/12844
f 5071/12679 5091/12748 5078/12730
vt 0.46423 0.55002
f 5040/12822 5036/12845 5092/12823
vt 0.86605 0.55835
f 5042/12744 5030/12469 5049/12846
vt 0.57359 0.43247
f 5128/12847 5050/12555 5207/12796
vt 0.90984 0.65804
vt 0.91086 0.65590
f 5050/12848 5126/12849 5075/12629
vt 0.72560 0.70045
f 5089/12831 5085/12850 5094/12832
vt 0.39272 0.63898
f 5076/12415 4929/12262 5133/12851
vt 0.03073 0.96100
vt 0.03012 0.96175
vt 0.02926 0.96009
f 5048/12852 5121/12853 5120/12854
f 5034/12751 5129/12750 5117/12763
vt 0.64211 0.34835
f 5099/12478 4925/12016 5125/12855
vt 0.93724 0.68237
vt 0.93609 0.68094
vt 0.93900 0.68191
f 5107/12856 5155/12857 5109/12858
vt 0.04418 0.62712
vt 0.04457 0.62846
f 5051/12673 5124/12859 5176/12860
vt 0.88438 0.80567
f 5106/12632 5118/12631 5159/12861
vt 0.30135 0.07033
f 4963/11902 5144/12862 4943/11839
f 4963/11902 5036/12803 5144/12862
vt 0.90965 0.65629
f 5050/12848 5128/12863 5126/12849
vt 0.13797 0.35275
f 5074/12156 5098/12319 5157/12864
vt 0.57387 0.42931
f 5021/12516 5126/12815 5212/12865
vt 0.65971 0.82158
vt 0.65877 0.82324
vt 0.65803 0.82169
f 5099/12866 5102/12867 5127/12868
vt 0.97664 0.00686
f 5100/12837 5153/12836 5117/12869
vt 0.78630 0.74398
f 5056/12513 5069/12596 5206/12870
vt 0.34005 0.76732
f 5147/12577 5210/12511 5108/12871
vt 0.88192 0.43448
f 5007/12471 5081/12470 5151/12872
vt 0.92152 0.27750
f 5088/12482 5084/12797 5134/12873
f 5088/12482 5134/12873 5012/12559
f 5068/12119 5092/12823 4934/12517
f 5080/12342 5211/12766 5145/12448
vt 0.80268 0.10221
vt 0.80113 0.10147
f 5124/12724 5097/12874 5176/12875
vt 0.16427 0.38209
f 5066/12392 5188/12876 5214/11934
vt 0.46325 0.54875
vt 0.46282 0.54759
vt 0.46414 0.54755
f 5045/12877 5115/12878 5144/12879
vt 0.92292 0.27767
f 5012/12559 5134/12873 5093/12880
vt 0.14017 0.88199
vt 0.14072 0.88326
f 5048/12477 5120/12881 5205/12882
vt 0.91127 0.61736
f 5094/12388 5072/12662 5113/12883
vt 0.12581 0.34038
f 5115/12830 5104/12829 5144/12884
vt 0.95756 0.60178
f 5000/12736 5116/12735 5135/12885
vt 0.95681 0.60202
f 5000/12736 5135/12885 5129/12886
vt 0.43783 0.76609
f 4987/12606 5141/12715 5255/12887
vt 0.04236 0.62878
vt 0.04169 0.62932
f 5100/12743 5123/12888 5112/12889
f 5100/12743 5112/12889 5203/12771
vt 0.72444 0.69731
f 5091/12773 5113/12833 5078/12890
vt 0.72384 0.69797
f 5078/12890 5113/12833 5072/12891
vt 0.94626 0.66992
f 5112/12840 5152/12892 5107/12841
vt 0.19100 0.93028
f 5054/12697 5093/12718 5134/12893
f 5054/12697 5134/12893 5115/12834
vt 0.85177 0.71534
f 5038/12419 5052/12497 5160/12894
vt 0.97306 0.80625
vt 0.97217 0.80653
vt 0.97287 0.80503
f 5067/12895 5127/12896 5143/12897
f 5048/12477 5205/12882 5062/12489
vt 0.13960 0.35840
f 5098/12319 5158/12747 5299/12898
vt 0.95583 0.60246
vt 0.95657 0.60224
vt 0.95616 0.60319
f 5100/12899 5117/12900 5123/12901
vt 0.97592 0.00553
f 5051/12835 5176/12902 5153/12836
vt 0.26632 0.11344
f 4873/12108 5101/12903 5137/12437
vt 0.98451 0.36764
vt 0.98472 0.36851
vt 0.98424 0.36889
f 5007/12904 5151/12905 5180/12906
vt 0.98543 0.26998
vt 0.98509 0.26931
vt 0.98542 0.26916
f 5117/12907 5135/12908 5124/12909
vt 0.99058 0.76095
vt 0.99085 0.76126
vt 0.99058 0.76155
f 5123/12910 5117/12911 5129/12912
vt 0.93833 0.67959
f 5155/12857 5215/12913 5109/12858
vt 0.91996 0.27724
f 5084/12797 5115/12914 5134/12873
vt 0.29702 0.07731
f 4785/11933 5095/12376 5193/12915
vt 0.58480 0.27067
vt 0.58613 0.26867
f 5191/12639 5192/12916 5083/12917
vt 0.93345 0.83691
f 5096/12794 5203/12918 5184/12795
vt 0.72522 0.72044
f 5074/12569 5157/12919 4999/12570
vt 0.39854 0.63967
vt 0.39665 0.64154
f 5147/12590 5108/12920 5281/12921
vt 0.39562 0.64056
f 5147/12590 5281/12921 5247/12922
vt 0.14022 0.88717
vt 0.14053 0.88620
f 5066/12923 5062/12489 5149/12924
f 4999/12570 5157/12919 5174/12821
vt 0.29851 0.07432
f 4943/11839 5187/12925 5095/12376
vt 0.03669 0.72015
f 5047/12228 5195/12227 5142/12926
vt 0.64385 0.35022
f 4925/12016 5133/12927 5125/12855
vt 0.85252 0.71648
f 5114/12820 5160/12819 5154/12928
f 4943/11839 5144/12862 5187/12925
f 5062/12489 5205/12882 5149/12924
f 5036/12845 5045/12877 5144/12879
f 5123/12901 5129/12886 5135/12885
vt 0.27953 0.09668
f 4842/12112 5256/12929 5119/12063
f 4842/12112 5146/12474 5256/12929
vt 0.13898 0.35469
f 5098/12319 5138/12930 5157/12864
vt 0.88260 0.43341
f 5007/12471 5180/12931 5110/12719
vt 0.47888 0.82132
vt 0.47907 0.82277
vt 0.47794 0.82093
f 5102/12932 5190/12933 5127/12934
vt 0.13514 0.35015
vt 0.13477 0.35168
f 5114/12755 5154/12935 5171/12936
vt 0.86540 0.63073
vt 0.86237 0.63168
vt 0.86280 0.62987
f 5127/12937 5229/12938 5143/12939
vt 0.33958 0.76598
f 5108/12871 5210/12511 5164/12940
vt 0.12891 0.34441
f 5111/12613 5194/12941 5103/12614
vt 0.88283 0.64373
vt 0.88275 0.64146
vt 0.88432 0.64392
f 5121/12942 5148/12943 5200/12944
vt 0.58429 0.26898
f 5083/12917 5192/12916 5081/12945
vt 0.04674 0.90313
vt 0.04789 0.90282
vt 0.04802 0.90458
f 4996/12946 5168/12947 5183/12948
vt 0.56995 0.44991
f 5145/12448 5227/12949 5249/12752
vt 0.98355 0.41375
vt 0.98377 0.41454
vt 0.98324 0.41469
f 5145/12950 5211/12951 5227/12952
vt 0.77760 0.04207
vt 0.77921 0.04386
f 5116/12953 5079/12711 5165/12954
vt 0.93344 0.35323
vt 0.93341 0.35468
vt 0.93260 0.35308
f 5116/12955 5165/12956 5135/12957
vt 0.94409 0.66981
f 5112/12840 5123/12958 5152/12892
f 5103/12614 5194/12941 5104/12829
vt 0.57088 0.44149
vt 0.57313 0.43972
f 4996/12557 5224/12959 5136/12960
vt 0.03641 0.72313
f 5195/12227 5236/12961 5142/12926
f 4929/12262 5147/12590 5133/12851
vt 0.93246 0.83726
f 5184/12795 5203/12918 5196/12962
vt 0.86283 0.62818
f 5077/12741 5143/12939 5150/12963
vt 0.33593 0.76913
f 5210/12511 5235/12779 5279/12964
vt 0.64161 0.34942
f 5125/12855 5133/12927 5247/12965
vt 0.13687 0.35311
f 5157/12864 5138/12930 5201/12966
vt 0.26937 0.10850
f 4873/12108 5166/12352 5315/12967
vt 0.13973 0.35638
f 5098/12319 5251/12968 5138/12930
vt 0.02913 0.96216
f 5121/12853 5200/12969 5120/12854
vt 0.51400 0.96086
vt 0.51312 0.96099
vt 0.51295 0.95973
f 5109/12970 5226/12971 5112/12972
vt 0.05126 0.63127
f 5082/12462 5173/12807 5228/12973
f 5082/12462 5228/12973 5087/12804
vt 0.95687 0.60344
f 5123/12901 5135/12885 5153/12974
f 5147/12590 5247/12922 5133/12851
vt 0.72383 0.71802
f 5174/12821 5157/12919 5186/12975
vt 0.13311 0.34938
f 5130/12746 5114/12755 5222/12976
vt 0.04037 0.63201
f 5112/12889 5226/12977 5203/12771
vt 0.04265 0.62761
vt 0.04277 0.62858
vt 0.04212 0.62761
f 5117/12978 5153/12979 5135/12980
vt 0.46068 0.54030
f 5179/12684 5204/12981 5194/12787
vt 0.67838 0.84816
vt 0.67807 0.85000
vt 0.67650 0.84964
f 5124/12982 5135/12983 5185/12984
vt 0.78157 0.03693
f 5199/12659 5255/12761 5267/12985
vt 0.57138 0.45356
vt 0.56951 0.45302
f 5211/12766 5250/12986 5308/12987
vt 0.66155 0.82335
f 5099/12866 5182/12988 5102/12867
vt 0.94428 0.66928
vt 0.94429 0.66841
f 5152/12892 5123/12989 5153/12990
vt 0.80057 0.10301
f 5176/12875 5167/12991 5152/12844
vt 0.85341 0.71423
f 5052/12497 5186/12992 5160/12894
vt 0.91036 0.65343
f 5128/12863 5178/12993 5126/12849
vt 0.57059 0.43897
f 5136/12960 5224/12959 5310/12994
vt 0.78899 0.74422
f 5069/12596 5130/12825 5223/12995
vt 0.78738 0.74477
f 5069/12596 5223/12995 5213/12996
vt 0.86438 0.63188
f 5127/12937 5284/12997 5229/12938
vt 0.91157 0.65409
f 5126/12849 5178/12993 5212/12998
vt 0.46291 0.54553
vt 0.46434 0.54444
f 5144/12879 5104/12999 5187/13000
f 5211/12766 5169/12765 5250/12986
vt 0.78054 0.04379
f 5079/12711 5163/13001 5165/12954
vt 0.78113 0.04165
f 5079/12711 5177/13002 5163/13001
vt 0.57892 0.26940
vt 0.58162 0.26964
vt 0.57942 0.27019
f 5110/13003 5180/13004 5170/13005
vt 0.77919 0.04589
f 5165/12954 5163/13001 5172/13006
f 5098/12319 5299/12898 5251/12968
vt 0.88476 0.64120
f 5148/12943 5170/13007 5200/12944
vt 0.78206 0.04686
f 5163/13001 5189/13008 5172/13006
vt 0.04618 0.90571
f 4996/12946 5183/12948 5224/13009
vt 0.27907 0.10143
f 5119/12063 5357/13010 5242/12062
f 4873/12108 5315/12967 5101/12903
vt 0.16697 0.38307
f 5066/12392 5149/13011 5188/12876
f 5097/12874 5167/12991 5176/12875
vt 0.58235 0.26872
f 5081/12945 5192/12916 5151/13012
vt 0.93369 0.35715
vt 0.93218 0.35504
f 5172/13013 5257/13014 5165/12956
f 5152/12844 5167/12991 5155/12842
vt 0.57205 0.43369
vt 0.57310 0.43719
vt 0.57039 0.43498
f 5207/13015 5156/13016 5225/13017
vt 0.97332 0.90253
vt 0.97215 0.90255
vt 0.97275 0.90153
f 5154/13018 5160/13019 5186/13020
vt 0.13379 0.35031
f 5114/12755 5171/12936 5222/13021
vt 0.85407 0.71227
f 5052/12497 5174/13022 5186/12992
vt 0.78029 0.04815
f 5172/13006 5189/13008 5138/13023
vt 0.13537 0.35064
f 5154/13024 5201/12966 5171/12936
vt 0.78955 0.10267
vt 0.79006 0.10416
f 5783/13025 5105/12367 5175/13026
vt 0.39943 0.63974
vt 0.39958 0.64264
f 5164/13027 5291/13028 5108/12920
f 5079/12711 5199/12659 5177/13002
f 5095/12376 5187/12925 5193/12915
vt 0.62110 0.96334
vt 0.62096 0.96418
vt 0.62015 0.96374
f 5209/13029 5254/13030 5197/13031
vt 0.28614 0.09176
f 5146/12474 5220/12576 5387/13032
f 5151/13012 5192/12916 5180/13004
vt 0.72357 0.71361
f 5131/12742 5174/12821 5181/13033
vt 0.97885 0.01381
vt 0.97947 0.01384
vt 0.97885 0.01470
f 5120/13034 5200/13035 5205/13036
vt 0.88260 0.64917
vt 0.88253 0.64468
vt 0.88390 0.64769
f 5149/13037 5205/13038 5233/13039
f 5136/12960 5310/12994 5156/13016
vt 0.33705 0.76611
f 5210/12511 5349/13040 5164/12940
vt 0.03536 0.63130
f 5162/12767 5216/13041 5158/12640
vt 0.03700 0.63176
f 5162/12767 5202/13042 5216/13041
vt 0.85384 0.71709
f 5154/12928 5186/12992 5201/13043
vt 0.93420 0.35899
vt 0.93266 0.35807
f 5172/13013 5138/13044 5248/13045
vt 0.72413 0.72050
f 5157/12919 5201/13046 5186/12975
f 5150/12777 5175/13026 5105/12367
f 5104/12999 5194/12787 5187/13000
vt 0.03782 0.62826
vt 0.03797 0.62704
vt 0.03834 0.62894
f 5162/13047 5184/13048 5196/13049
f 5052/12497 5181/12798 5174/13022
f 5225/13017 5156/13016 5310/12994
f 4909/11499 5122/12018 5166/12352
vt 0.67816 0.84826
vt 0.67736 0.84720
f 5124/13050 5185/12984 5097/13051
vt 0.47704 0.82296
f 5190/12933 5284/13052 5127/12934
vt 0.94638 0.66881
f 5152/12892 5153/12990 5176/13053
f 5165/12956 5257/13014 5135/12957
f 5064/12173 5137/12437 5140/12704
vt 0.93634 0.67897
f 5155/12857 5219/13054 5215/12913
vt 0.82823 0.06474
vt 0.82716 0.06692
vt 0.82539 0.06531
f 5159/13055 5243/13056 5161/13057
vt 0.73101 0.48487
vt 0.73034 0.48210
f 5056/12685 5206/13058 5179/13059
vt 0.93281 0.35889
f 5138/13044 5251/13060 5248/13045
vt 0.79158 0.10420
f 5150/12777 5143/13061 5175/13026
vt 0.29337 0.08603
f 4874/12205 5428/13062 5265/12260
vt 0.57226 0.43061
vt 0.57112 0.42999
vt 0.57153 0.42941
f 5128/13063 5217/13064 5178/13065
vt 0.78179 0.04826
f 5138/13023 5189/13008 5201/13066
vt 0.66217 0.82160
f 5099/12866 5125/13067 5182/12988
vt 0.88575 0.50065
f 5142/12838 5278/13068 5246/12776
vt 0.78252 0.04322
f 5189/13008 5163/13001 5252/13069
vt 0.88265 0.80356
f 5118/12631 5249/13070 5159/12861
vt 0.43696 0.76902
f 5141/12715 5352/13071 5255/12887
vt 0.88291 0.64912
vt 0.88419 0.64873
f 5149/13072 5233/13039 5307/13073
vt 0.57263 0.43270
vt 0.57110 0.43158
f 5128/13074 5207/13015 5217/13075
vt 0.88376 0.64552
f 5205/13038 5240/13076 5233/13039
vt 0.65900 0.82475
f 5102/12867 5182/12988 5190/13077
f 5177/13002 5252/13069 5163/13001
vt 0.03494 0.72134
f 5142/12926 5236/12961 5278/13078
vt 0.46431 0.53882
f 5194/12787 5204/12981 5262/13079
vt 0.58115 0.27071
f 5180/13004 5200/13080 5170/13005
vt 0.46448 0.54131
vt 0.46417 0.54285
f 5194/12787 5193/13081 5187/13082
vt 0.04901 0.63182
f 5087/12804 5228/12973 5280/13083
vt 0.44217 0.77313
f 5087/12714 5280/13084 5141/12715
f 5069/12596 5213/12996 5206/12870
vt 0.97964 0.01506
f 5200/13035 5240/13085 5205/13036
vt 0.13330 0.35171
f 5171/12936 5295/13086 5222/13021
vt 0.73015 0.48440
f 5179/13059 5206/13058 5234/13087
vt 0.16669 0.38420
f 5149/13011 5307/13088 5188/12876
vt 0.58756 0.27184
f 5192/12916 5191/12639 5263/13089
vt 0.91160 0.65217
f 5178/12993 5235/13090 5212/12998
vt 0.03923 0.73035
f 5139/12375 5369/13091 5304/12805
vt 0.82526 0.06776
f 5243/13056 5292/13092 5161/13057
vt 0.79697 0.10406
f 5155/12842 5167/12991 5253/13093
vt 0.78599 0.74548
f 5206/12870 5213/12996 5232/13094
vt 0.04151 0.63131
vt 0.04130 0.63293
f 5109/13095 5215/13096 5226/12977
vt 0.93842 0.67877
f 5215/12913 5219/13054 5198/13097
vt 0.91030 0.65209
f 5178/12993 5244/13098 5235/13090
vt 0.67672 0.85259
f 5135/12983 5257/13099 5185/12984
vt 0.70117 0.93497
vt 0.70185 0.93326
f 5202/13100 5162/12801 5196/13101
f 5194/12787 5262/13079 5193/13081
vt 0.66335 0.82213
f 5125/13067 5247/13102 5182/12988
vt 0.67590 0.84728
f 5097/13051 5185/12984 5294/13103
vt 0.88409 0.64519
vt 0.88479 0.64506
f 5240/13104 5200/12944 5270/13105
vt 0.78959 0.74567
vt 0.78966 0.74741
vt 0.78856 0.74608
f 5222/13106 5295/13107 5221/13108
vt 0.44011 0.77199
f 5280/13084 5231/13109 5141/12715
vt 0.99396 0.02615
vt 0.99414 0.02644
vt 0.99396 0.02646
f 5223/13110 5798/13111 5230/13112
vt 0.79037 0.10638
f 5175/13026 5143/13061 5229/13113
f 5119/12063 5256/12929 5357/13010
f 5220/12576 5265/12260 5387/13032
vt 0.26011 0.11908
f 5137/12437 5272/13114 5140/12704
vt 0.15907 0.38161
f 5214/11934 5465/13115 5014/12620
vt 0.13602 0.35474
f 5171/12936 5201/12966 5285/13116
vt 0.13425 0.35503
f 5171/12936 5285/13116 5317/13117
vt 0.90849 0.16681
vt 0.90852 0.16970
vt 0.90607 0.16725
f 5164/13118 5349/13119 5291/13120
vt 0.04326 0.72903
f 5139/12375 5197/13121 5369/13091
vt 0.73077 0.48532
vt 0.72922 0.48563
f 5234/13087 5206/13122 5268/13123
vt 0.88578 0.64458
f 5200/12944 5261/13124 5270/13105
vt 0.88466 0.64624
f 5240/13076 5238/13125 5233/13039
vt 0.04761 0.90621
f 5224/13009 5183/12948 5325/13126
vt 0.68141 0.97601
vt 0.68082 0.97708
vt 0.68044 0.97576
f 5213/13127 5223/13128 5208/13129
vt 0.58966 0.27204
f 5140/12638 5272/13130 5191/12639
vt 0.04282 0.73068
f 5197/13121 5254/13131 5369/13091
vt 0.57005 0.42747
vt 0.56955 0.42941
f 5244/13132 5178/13065 5296/13133
vt 0.45928 0.53888
vt 0.46032 0.53910
f 5204/12981 5208/13134 5223/13135
f 5204/12981 5179/12684 5208/13134
vt 0.73096 0.48670
f 5206/13122 5232/13136 5268/13123
vt 0.29491 0.08260
f 4874/12205 4785/11933 5218/13137
vt 0.83966 0.36715
vt 0.84123 0.36771
vt 0.83969 0.36923
f 5219/13138 5239/13139 5198/13140
vt 0.98046 0.48351
vt 0.97994 0.48269
vt 0.98067 0.48244
f 5180/13141 5261/13142 5200/13143
vt 0.45127 0.83530
vt 0.45204 0.83467
vt 0.45160 0.83591
f 5240/13144 5266/13145 5238/13146
vt 0.78953 0.10570
f 5175/13026 5229/13113 5782/13147
vt 0.93612 0.85517
vt 0.93642 0.85347
vt 0.93739 0.85416
f 5221/13148 5232/13149 5213/13150
vt 0.98046 0.76723
vt 0.98000 0.76642
vt 0.98075 0.76597
f 5223/13151 5241/13152 5204/13153
vt 0.97990 0.76717
f 5223/13151 5230/13154 5241/13152
vt 0.80338 0.10443
f 5097/12874 5294/13155 5167/12991
f 5172/13013 5248/13045 5257/13014
vt 0.70217 0.93535
f 5202/13100 5196/13101 5237/13156
vt 0.93661 0.85629
vt 0.93748 0.85595
f 5222/13157 5221/13148 5798/13158
vt 0.03938 0.63021
vt 0.03858 0.63184
vt 0.03828 0.63057
f 5203/13159 5237/13160 5196/13161
vt 0.39619 0.64334
f 5108/12920 5291/13028 5322/13162
f 5281/12921 5108/12920 5322/13162
vt 0.93828 0.85547
f 5221/13148 5213/13150 5241/13163
f 5221/13148 5241/13163 5798/13158
vt 0.58235 0.27149
f 5180/13004 5192/12916 5261/13164
vt 0.95585 0.51442
vt 0.95691 0.51462
vt 0.95626 0.51561
f 5209/13165 5274/13166 5254/13167
vt 0.78272 0.04802
f 5201/13066 5189/13008 5285/13168
vt 0.79579 0.10155
f 5155/12842 5253/13093 5219/13169
f 5195/12227 5304/12805 5236/12961
vt 0.98376 0.57497
vt 0.98353 0.57583
vt 0.98366 0.57525
f 5203/13170 5226/13171 5237/13172
vt 0.56932 0.42857
f 5244/13132 5296/13133 5271/13173
vt 0.57035 0.43026
f 5178/13065 5217/13174 5296/13133
vt 0.46106 0.53885
vt 0.46216 0.53785
f 5204/12981 5241/13175 5331/13176
vt 0.45851 0.53897
f 5179/12684 5234/13177 5208/13134
vt 0.78812 0.74839
vt 0.78601 0.74598
f 5221/13108 5245/13178 5232/13179
vt 0.03558 0.63351
f 5202/13042 5320/13180 5216/13041
vt 0.82481 0.06613
vt 0.82482 0.06698
vt 0.82412 0.06488
f 5161/13181 5292/13182 5168/13183
vt 0.78237 0.04091
f 5177/13002 5287/13184 5252/13069
vt 0.26240 0.11740
f 5137/12437 5101/12903 5395/13185
vt 0.93701 0.30613
vt 0.93658 0.30474
vt 0.93773 0.30463
f 5238/13186 5273/13187 5233/13188
vt 0.33541 0.76775
f 5279/12964 5258/13189 5210/12511
vt 0.29651 0.08004
f 4785/11933 5193/12915 5262/13190
vt 0.14324 0.36061
f 5158/12747 5216/13191 5299/12898
f 4785/11933 5262/13190 5218/13137
vt 0.33539 0.76718
f 5210/12511 5258/13192 5349/13040
vt 0.45129 0.83298
f 5240/13144 5303/13193 5266/13145
vt 0.56773 0.44841
f 5249/12752 5227/12949 5316/13194
vt 0.88530 0.64576
f 5270/13105 5261/13124 5269/13195
vt 0.78643 0.74817
f 5232/13179 5245/13178 5327/13196
vt 0.80151 0.10577
f 5167/12991 5294/13155 5360/13197
vt 0.47828 0.82539
f 5284/13052 5190/12933 5298/13198
vt 0.84123 0.37011
f 5198/13140 5239/13139 5264/13199
vt 0.15729 0.37492
f 5169/12703 5014/12620 5250/13200
vt 0.93856 0.85398
f 5213/13150 5208/13201 5241/13163
vt 0.58518 0.27227
vt 0.58401 0.27170
f 5192/12916 5276/13202 5269/13203
vt 0.16385 0.38402
f 5307/13088 5335/13204 5188/12876
vt 0.93637 0.30623
f 5238/13186 5276/13205 5273/13187
vt 0.88522 0.64580
vt 0.88553 0.64693
f 5238/13125 5269/13206 5276/13207
vt 0.58817 0.27157
f 5191/12639 5272/13130 5263/13208
vt 0.82335 0.06632
f 5168/13183 5292/13182 5183/13209
vt 0.73022 0.48891
f 5232/13136 5327/13210 5268/13123
vt 0.65888 0.82640
f 5190/13077 5182/12988 5275/13211
f 5204/12981 5331/13176 5262/13079
vt 0.78236 0.03924
f 5177/13002 5199/12659 5287/13212
vt 0.93934 0.85469
vt 0.93890 0.85653
f 5241/13163 5328/13213 5331/13214
vt 0.27499 0.10810
f 5315/12967 5166/12352 5520/13215
f 5214/11934 5188/12876 5465/13115
vt 0.78152 0.03703
f 5199/12659 5267/13216 5287/13212
vt 0.05352 0.63092
f 5228/12973 5173/12807 5329/13217
vt 0.97567 0.26412
vt 0.97621 0.26303
vt 0.97625 0.26538
f 5243/13218 5159/13219 5306/13220
vt 0.05339 0.62770
f 5173/12807 5246/13221 5329/13217
f 5137/12437 5395/13185 5272/13114
vt 0.45202 0.83198
f 5266/13145 5303/13193 5260/13222
vt 0.96369 0.65286
vt 0.96496 0.65190
vt 0.96409 0.65349
f 5207/13223 5302/13224 5217/13225
f 5221/13108 5295/13107 5245/13178
vt 0.17430 0.92958
vt 0.17413 0.93260
vt 0.17281 0.92956
f 5233/13226 5314/13227 5307/13228
vt 0.56931 0.43299
f 5207/13015 5225/13017 5301/13229
vt 0.67655 0.85685
vt 0.67504 0.85704
vt 0.67583 0.85543
f 5251/13230 5259/13231 5248/13232
vt 0.04078 0.73253
f 5254/13131 5391/13233 5369/13091
vt 0.56925 0.42662
vt 0.56949 0.42614
f 5244/13132 5271/13234 5282/13235
vt 0.96357 0.65131
f 5207/13223 5301/13236 5302/13224
f 5241/13163 5208/13201 5328/13213
vt 0.88420 0.80231
vt 0.88444 0.80396
f 5249/13070 5306/13237 5159/13238
f 5269/13203 5261/13164 5192/12916
vt 0.47970 0.82489
f 5190/12933 5275/13239 5298/13198
vt 0.82389 0.06832
f 5292/13182 5325/13240 5183/13209
vt 0.57245 0.42735
vt 0.57101 0.42662
vt 0.57097 0.42528
f 5235/13241 5244/13242 5279/13243
f 5276/13202 5192/12916 5263/13089
vt 0.66308 0.82380
f 5247/13102 5319/13244 5182/12988
vt 0.56924 0.44989
f 5211/12766 5308/12987 5227/13245
vt 0.88384 0.51481
vt 0.88278 0.51502
vt 0.88391 0.51320
f 5240/13246 5270/13247 5303/13248
vt 0.78327 0.03574
f 5255/12761 5334/13249 5267/12985
vt 0.04102 0.63391
f 5226/12977 5215/13096 5264/13250
vt 0.82746 0.06829
vt 0.82679 0.07007
f 5243/13056 5306/13251 5313/13252
vt 0.79558 0.10337
f 5219/13169 5253/13093 5239/13253
vt 0.98798 0.47578
vt 0.98798 0.47648
vt 0.98745 0.47638
f 5215/13254 5198/13255 5264/13256
vt 0.93878 0.85358
vt 0.93914 0.85316
f 5234/13257 5328/13258 5208/13201
f 4874/12205 5218/13137 5428/13062
vt 0.15604 0.37778
f 5014/12620 5343/13259 5250/13200
vt 0.12856 0.73784
vt 0.13198 0.73752
vt 0.12909 0.73898
f 5189/13260 5252/13261 5289/13262
vt 0.45852 0.53867
vt 0.45780 0.53762
vt 0.45996 0.53778
f 5234/13263 5268/13264 5328/13265
vt 0.28221 0.09766
f 5256/12929 5146/12474 5342/13266
vt 0.13516 0.73838
vt 0.13233 0.73958
f 5252/13261 5287/13267 5336/13268
vt 0.56877 0.43052
f 5296/13133 5217/13174 5300/13269
vt 0.13374 0.35279
f 5171/12936 5317/13117 5295/13270
vt 0.56725 0.45086
f 5227/12949 5355/13271 5316/13194
vt 0.70200 0.93713
f 5202/13100 5237/13156 5290/13272
vt 0.67473 0.84986
f 5185/12984 5288/13273 5294/13103
vt 0.67486 0.85272
f 5257/13099 5248/13232 5323/13274
vt 0.03711 0.63378
f 5202/13042 5290/13275 5320/13180
f 5185/12984 5257/13099 5323/13274
vt 0.03969 0.63398
f 5226/12977 5264/13250 5312/13276
f 5167/12991 5360/13197 5253/13093
vt 0.66311 0.82458
vt 0.66256 0.82584
f 5182/12988 5319/13277 5361/13278
vt 0.43504 0.76639
f 5255/12887 5352/13071 5334/13279
vt 0.13769 0.35744
f 5251/12968 5299/12898 5259/13280
vt 0.39606 0.64543
f 5322/13162 5291/13028 5347/13281
vt 0.57034 0.42606
f 5244/13242 5282/13282 5279/13243
f 5141/12715 5231/13109 5352/13071
vt 0.73488 0.92983
vt 0.73565 0.92939
vt 0.73550 0.93197
f 5246/13283 5278/13284 5329/13285
vt 0.78337 0.03657
f 5267/12985 5334/13249 5333/13286
vt 0.56776 0.44169
f 5224/12959 5297/13287 5310/12994
vt 0.48021 0.82725
f 5275/13239 5341/13288 5298/13198
vt 0.29205 0.08983
f 5265/12260 5428/13062 5439/13289
vt 0.94090 0.21455
vt 0.94006 0.21336
vt 0.94134 0.21294
f 5238/13290 5266/13291 5269/13292
vt 0.93768 0.30284
f 5233/13188 5273/13187 5314/13293
vt 0.15572 0.37468
f 5250/13200 5343/13259 5308/13294
vt 0.93320 0.84006
vt 0.93253 0.84135
vt 0.93219 0.83960
f 5226/13295 5312/13296 5237/13297
vt 0.58645 0.27267
vt 0.58697 0.27318
f 5263/13298 5277/13299 5276/13202
f 5227/13245 5308/12987 5355/13271
vt 0.05142 0.63505
f 5228/12973 5372/13300 5280/13083
vt 0.14360 0.36327
vt 0.14076 0.36314
f 5216/13191 5320/13301 5418/13302
vt 0.04778 0.90867
f 5224/13009 5325/13126 5358/13303
f 5216/13191 5418/13302 5299/12898
vt 0.56595 0.43812
f 5310/12994 5378/13304 5225/13017
vt 0.95406 0.24871
vt 0.95350 0.25079
vt 0.95291 0.24808
f 5271/13305 5296/13306 5305/13307
vt 0.13778 0.73823
vt 0.13735 0.74017
f 5287/13267 5267/13308 5286/13309
f 5185/12984 5323/13274 5288/13273
vt 0.04597 0.90888
f 5224/13009 5358/13303 5297/13310
f 5263/13208 5272/13130 5277/13299
vt 0.39560 0.64202
vt 0.39405 0.64290
vt 0.39450 0.64106
f 5281/13311 5338/13312 5247/13313
f 5256/12929 5342/13266 5357/13010
f 5014/12620 5465/13115 5343/13259
vt 0.03887 0.63386
vt 0.03788 0.63391
f 5237/13160 5312/13314 5290/13315
vt 0.78582 0.10566
vt 0.78729 0.10577
vt 0.78575 0.10755
f 5254/13316 5274/13317 5293/13318
vt 0.04246 0.73286
f 5254/13131 5293/13319 5391/13233
f 5243/13056 5313/13252 5292/13092
vt 0.12718 0.73806
f 5189/13260 5289/13262 5285/13320
vt 0.36733 0.95174
vt 0.36659 0.95151
vt 0.36731 0.94954
f 5270/13321 5269/13322 5283/13323
vt 0.04910 0.63522
f 5372/13300 5371/13324 5280/13083
vt 0.72939 0.48762
f 5268/13123 5327/13210 5318/13325
vt 0.58439 0.27376
f 5276/13202 5277/13299 5273/13326
vt 0.27721 0.10490
f 5122/12018 5242/12062 5376/13327
vt 0.95357 0.25227
vt 0.95298 0.25112
f 5296/13306 5300/13328 5321/13329
f 5252/13261 5336/13268 5289/13262
vt 0.57015 0.42317
vt 0.56898 0.42425
f 5258/13330 5279/13243 5309/13331
vt 0.95339 0.24771
f 5271/13305 5305/13307 5282/13332
vt 0.85074 0.42468
vt 0.85135 0.42484
vt 0.85083 0.42615
f 5281/13333 5322/13334 5338/13335
f 5265/12260 5439/13289 5387/13032
vt 0.78779 0.10715
f 5782/13147 5229/13113 5298/13336
f 5782/13147 5298/13336 5274/13317
vt 0.47595 0.82405
f 5284/13052 5298/13198 5229/13337
vt 0.45118 0.83070
f 5303/13193 5394/13338 5260/13222
f 5122/12018 5376/13327 5166/12352
vt 0.56957 0.43180
vt 0.56909 0.43040
f 5217/13174 5302/13339 5300/13340
vt 0.56735 0.43455
f 5225/13017 5353/13341 5301/13229
vt 0.39256 0.64253
f 5247/13313 5338/13312 5319/13342
f 5182/12988 5361/13278 5275/13211
vt 0.88282 0.51253
f 5270/13247 5283/13343 5303/13248
vt 0.96402 0.65077
f 5301/13236 5332/13344 5302/13224
f 5146/12474 5387/13032 5342/13266
vt 0.94091 0.21065
f 5266/13291 5366/13345 5269/13292
vt 0.98850 0.68984
vt 0.98803 0.68986
vt 0.98838 0.68940
f 5282/13346 5305/13347 5311/13348
vt 0.66070 0.82943
vt 0.65866 0.82782
f 5275/13211 5408/13349 5341/13350
vt 0.66149 0.82749
f 5275/13211 5383/13351 5408/13349
vt 0.03508 0.72440
f 5236/12961 5329/13352 5278/13078
f 5274/13317 5298/13336 5293/13318
vt 0.84491 0.37074
vt 0.84228 0.37212
f 5264/13199 5443/13353 5312/13354
vt 0.78983 0.75093
f 5295/13107 5317/13355 5245/13178
vt 0.83194 0.87932
vt 0.83339 0.87932
vt 0.83264 0.88054
f 5267/13356 5333/13357 5286/13358
vt 0.13237 0.96533
vt 0.13219 0.96711
vt 0.13189 0.96664
f 5248/13359 5259/13360 5348/13361
vt 0.56908 0.42568
f 5282/13362 5309/13331 5279/13243
vt 0.96386 0.65026
f 5301/13236 5353/13363 5332/13344
vt 0.47960 0.82722
f 5341/13288 5293/13364 5298/13198
vt 0.17253 0.93283
f 5314/13227 5335/13365 5307/13228
vt 0.56791 0.42605
vt 0.56721 0.42502
f 5282/13362 5311/13366 5356/13367
vt 0.56888 0.42435
f 5282/13362 5356/13367 5309/13368
vt 0.13238 0.96296
vt 0.13170 0.96179
vt 0.13237 0.96064
f 5323/13369 5324/13370 5288/13371
vt 0.16039 0.38338
f 5465/13115 5188/12876 5401/13372
vt 0.12694 0.74016
f 5289/13262 5368/13373 5285/13320
vt 0.66183 0.82643
f 5275/13211 5361/13278 5383/13374
f 5225/13017 5378/13304 5353/13341
vt 0.33529 0.76592
f 5349/13040 5258/13192 5359/13375
vt 0.93619 0.30268
f 5314/13293 5273/13187 5389/13376
vt 0.05353 0.63280
f 5228/12973 5329/13217 5346/13377
f 5242/12062 5357/13010 5376/13327
vt 0.13159 0.96035
f 5288/13371 5324/13370 5345/13378
vt 0.84211 0.37602
vt 0.84221 0.37397
vt 0.84373 0.37471
f 5320/13379 5290/13380 5354/13381
vt 0.97158 0.92696
vt 0.97117 0.92879
vt 0.97043 0.92748
f 5294/13382 5288/13383 5365/13384
vt 0.27210 0.11158
f 5315/12967 5442/13385 5101/12903
vt 0.46337 0.53609
f 5331/13176 5373/13386 5262/13079
vt 0.56736 0.42296
f 5258/13330 5309/13331 5390/13387
vt 0.72903 0.48913
f 5318/13325 5327/13210 5384/13388
vt 0.16140 0.38419
f 5188/12876 5335/13204 5399/13389
vt 0.93973 0.21114
f 5266/13291 5260/13390 5366/13345
vt 0.58487 0.27578
f 5273/13326 5277/13299 5389/13391
vt 0.94151 0.21193
f 5269/13292 5366/13345 5283/13392
vt 0.81491 0.64658
vt 0.81709 0.64931
vt 0.81433 0.65014
f 5291/13393 5460/13394 5347/13395
vt 0.39298 0.64353
f 5319/13342 5338/13312 5350/13396
vt 0.46446 0.53593
f 5262/13079 5373/13386 5363/13397
vt 0.56737 0.42421
f 5309/13368 5356/13367 5390/13398
vt 0.80319 0.10669
f 5294/13155 5365/13399 5360/13197
vt 0.45985 0.53604
f 5268/13264 5330/13400 5328/13265
vt 0.45829 0.53624
f 5268/13264 5318/13401 5330/13400
vt 0.96133 0.67982
vt 0.96225 0.68034
vt 0.96153 0.68146
f 5311/13402 5305/13403 5340/13404
vt 0.46041 0.53589
f 5331/13176 5328/13265 5330/13405
vt 0.84301 0.36719
vt 0.84443 0.36736
f 5239/13139 5253/13406 5374/13407
vt 0.39358 0.64515
vt 0.39457 0.64371
f 5322/13162 5382/13408 5338/13409
vt 0.13179 0.96389
f 5323/13369 5248/13359 5324/13410
vt 0.56770 0.42895
vt 0.56658 0.42832
f 5311/13366 5340/13411 5375/13412
vt 0.96232 0.57030
vt 0.96177 0.57080
vt 0.96176 0.56885
f 5296/13413 5321/13414 5305/13415
vt 0.29650 0.08269
f 5218/13137 5262/13190 5363/13416
vt 0.46179 0.53502
f 5331/13176 5330/13405 5386/13417
vt 0.05282 0.63469
f 5228/12973 5326/13418 5372/13300
f 5310/12994 5297/13287 5378/13304
vt 0.88368 0.51046
f 5303/13248 5283/13343 5394/13419
vt 0.93731 0.30112
f 5314/13293 5389/13376 5362/13420
vt 0.39141 0.64396
f 5319/13342 5350/13396 5361/13421
vt 0.56865 0.42132
f 5258/13330 5390/13387 5359/13422
vt 0.56806 0.43141
f 5302/13339 5332/13423 5300/13269
vt 0.56592 0.42687
f 5311/13366 5370/13424 5356/13367
vt 0.96216 0.68273
f 5340/13404 5305/13403 5321/13425
vt 0.45858 0.53575
vt 0.45826 0.53448
f 5318/13426 5384/13427 5330/13405
vt 0.82506 0.07040
f 5292/13092 5313/13252 5337/13428
vt 0.44028 0.77668
f 5280/13084 5379/13429 5231/13109
vt 0.44225 0.77574
f 5280/13084 5371/13430 5379/13429
f 5239/13139 5374/13407 5264/13199
f 5322/13162 5347/13281 5382/13408
vt 0.13448 0.74140
f 5336/13268 5287/13267 5345/13431
vt 0.13179 0.74092
f 5336/13268 5345/13431 5324/13432
f 5290/13380 5312/13354 5354/13381
vt 0.97295 0.70026
vt 0.97266 0.70126
vt 0.97219 0.70065
f 5331/13433 5386/13434 5373/13435
vt 0.96148 0.68328
vt 0.96199 0.68408
f 5340/13436 5321/13425 5300/13437
vt 0.56527 0.45353
f 5308/12987 5415/13438 5355/13271
f 5264/13199 5374/13407 5443/13353
f 5287/13267 5286/13309 5345/13431
vt 0.67469 0.85522
vt 0.67427 0.85575
vt 0.67393 0.85277
f 5248/13439 5348/13440 5324/13441
vt 0.26427 0.95252
vt 0.26342 0.95281
vt 0.26394 0.95046
f 5325/13442 5292/13443 5337/13444
vt 0.67384 0.84984
vt 0.67380 0.84883
f 5288/13273 5345/13445 5365/13446
vt 0.78637 0.75140
f 5245/13178 5385/13447 5327/13196
vt 0.97993 0.11008
vt 0.98046 0.10958
vt 0.98049 0.11084
f 5340/13448 5300/13449 5332/13450
f 5312/13354 5443/13353 5354/13381
f 5236/12961 5304/12805 5329/13352
vt 0.90524 0.17034
f 5291/13120 5349/13119 5392/13451
f 5188/12876 5399/13389 5401/13372
vt 0.13659 0.35844
f 5259/13280 5299/12898 5348/13452
vt 0.48051 0.82947
f 5341/13288 5381/13453 5293/13364
vt 0.39130 0.64498
vt 0.38894 0.64576
f 5361/13421 5344/13454 5383/13455
vt 0.15149 0.37540
f 5308/13294 5343/13259 5415/13456
f 5317/13355 5385/13447 5245/13178
vt 0.85124 0.42669
vt 0.85030 0.42768
f 5382/13457 5350/13458 5338/13335
f 5384/13427 5386/13417 5330/13405
vt 0.73006 0.48998
vt 0.72937 0.49196
f 5384/13388 5327/13459 5385/13460
f 5311/13366 5375/13412 5370/13424
vt 0.56526 0.45002
f 5355/13271 5456/13461 5316/13194
vt 0.58893 0.27637
f 5277/13299 5272/13130 5435/13462
f 5289/13262 5336/13268 5324/13432
vt 0.12734 0.74096
f 5289/13262 5324/13432 5348/13463
f 5289/13262 5348/13463 5368/13373
vt 0.58674 0.27710
f 5277/13299 5435/13462 5429/13464
vt 0.13595 0.35729
f 5285/13116 5368/13465 5317/13117
vt 0.13691 0.36244
f 5299/12898 5418/13302 5451/13466
vt 0.43467 0.76889
f 5334/13279 5352/13071 5388/13467
f 5315/12967 5520/13215 5442/13385
vt 0.17291 0.93496
f 5335/13365 5314/13227 5399/13468
vt 0.81760 0.64714
f 5291/13393 5392/13469 5460/13394
vt 0.88228 0.80064
vt 0.88434 0.79954
f 5249/13070 5316/13470 5339/13471
f 5249/13070 5339/13471 5306/13237
f 5228/12973 5346/13377 5326/13418
vt 0.82831 0.06923
vt 0.82845 0.07123
f 5313/13252 5306/13472 5339/13473
vt 0.13646 0.74195
f 5286/13309 5365/13474 5345/13431
vt 0.80210 0.10714
f 5365/13399 5424/13475 5360/13197
vt 0.36616 0.94803
vt 0.36705 0.94725
f 5283/13323 5366/13476 5412/13477
vt 0.47858 0.82947
f 5293/13364 5381/13453 5391/13478
vt 0.93980 0.20844
f 5260/13390 5393/13479 5366/13345
vt 0.13783 0.74162
f 5286/13309 5367/13480 5365/13474
vt 0.82461 0.07032
vt 0.82333 0.07045
f 5325/13240 5337/13481 5358/13482
f 5277/13299 5429/13464 5389/13391
vt 0.92911 0.46746
vt 0.92821 0.46749
vt 0.92841 0.46520
f 5333/13483 5334/13484 5388/13485
vt 0.39287 0.64459
f 5350/13486 5382/13408 5344/13454
vt 0.88217 0.79677
f 5316/13470 5407/13487 5339/13471
vt 0.45207 0.82942
f 5260/13222 5394/13338 5393/13488
vt 0.17453 0.93448
f 5314/13227 5362/13489 5399/13468
vt 0.56561 0.43102
f 5340/13411 5364/13490 5375/13412
vt 0.56466 0.43485
f 5353/13341 5378/13304 5472/13491
vt 0.79792 0.10657
f 5253/13093 5360/13197 5374/13492
vt 0.26325 0.11921
f 5395/13185 5351/13493 5272/13114
vt 0.84532 0.37606
f 5320/13379 5354/13381 5418/13494
vt 0.83397 0.88079
f 5286/13358 5333/13357 5388/13495
vt 0.83332 0.88159
f 5286/13358 5388/13495 5367/13496
vt 0.65860 0.82865
vt 0.65958 0.83038
vt 0.65840 0.82988
f 5341/13497 5420/13498 5381/13499
vt 0.03507 0.72713
f 5329/13352 5304/12805 5449/13500
vt 0.90832 0.17125
f 5349/13119 5359/13501 5392/13451
vt 0.56538 0.42806
f 5375/13412 5350/13502 5370/13424
vt 0.56490 0.44152
f 5297/13287 5453/13503 5378/13304
vt 0.88240 0.51062
f 5283/13343 5412/13504 5394/13419
f 5166/12352 5376/13327 5520/13215
vt 0.84926 0.42686
vt 0.84794 0.42770
vt 0.84881 0.42533
f 5370/13505 5469/13506 5356/13507
vt 0.28734 0.09547
f 5387/13032 5522/13508 5342/13266
vt 0.97031 0.96021
vt 0.97132 0.96144
vt 0.97036 0.96155
f 5350/13509 5380/13510 5361/13511
vt 0.84755 0.42584
vt 0.84771 0.42450
f 5356/13507 5440/13512 5390/13513
vt 0.38919 0.64754
f 5383/13455 5344/13454 5450/13514
vt 0.04640 0.91196
f 5297/13310 5358/13303 5453/13515
vt 0.82511 0.07195
f 5337/13428 5313/13252 5402/13516
f 5344/13454 5382/13408 5450/13514
vt 0.85074 0.42905
vt 0.85005 0.42914
vt 0.85103 0.42865
f 5361/13517 5380/13518 5344/13519
vt 0.17412 0.93548
f 5362/13489 5397/13520 5399/13468
f 5408/13349 5420/13498 5341/13497
vt 0.46124 0.53206
f 5386/13417 5384/13427 5444/13521
vt 0.29639 0.08448
f 5218/13137 5363/13416 5419/13522
vt 0.05488 0.63092
vt 0.05540 0.63421
vt 0.05422 0.63246
f 5329/13523 5449/13524 5346/13525
vt 0.82697 0.07380
f 5313/13252 5467/13526 5402/13516
vt 0.84938 0.42919
f 5350/13458 5344/13519 5377/13527
vt 0.84963 0.42764
f 5350/13458 5377/13527 5370/13528
f 5344/13519 5380/13518 5377/13527
vt 0.45116 0.82920
f 5394/13338 5410/13529 5393/13488
vt 0.56367 0.44866
f 5316/13194 5456/13461 5407/13530
vt 0.44201 0.77794
f 5371/13430 5406/13531 5379/13429
vt 0.56483 0.42914
f 5350/13502 5375/13412 5380/13532
vt 0.56734 0.43329
f 5332/13423 5353/13533 5364/13490
f 5356/13507 5469/13506 5440/13512
vt 0.97984 0.11161
f 5340/13448 5332/13450 5364/13534
vt 0.56531 0.42522
vt 0.56529 0.42325
f 5390/13387 5440/13535 5417/13536
vt 0.46258 0.53456
f 5386/13417 5444/13521 5373/13537
vt 0.46434 0.53414
f 5373/13537 5444/13521 5419/13538
f 5218/13137 5419/13522 5428/13062
vt 0.93603 0.30092
f 5362/13420 5389/13376 5414/13539
vt 0.43671 0.77567
f 5231/13109 5379/13429 5470/13540
vt 0.73569 0.93427
vt 0.73580 0.93676
vt 0.73489 0.93686
f 5346/13541 5459/13542 5326/13543
vt 0.58986 0.27555
f 5272/13130 5351/13544 5435/13462
vt 0.39183 0.64819
f 5382/13408 5347/13281 5430/13545
vt 0.72816 0.49192
f 5384/13388 5385/13460 5426/13546
vt 0.47816 0.83095
f 5381/13453 5446/13547 5391/13478
vt 0.65816 0.83063
vt 0.65945 0.83087
vt 0.65803 0.83154
f 5381/13548 5420/13549 5423/13550
vt 0.56597 0.42134
f 5359/13422 5390/13387 5392/13551
vt 0.78925 0.75366
f 5385/13447 5317/13355 5434/13552
vt 0.04949 0.63767
vt 0.04849 0.63717
f 5371/13324 5404/13553 5406/13554
vt 0.05477 0.63640
f 5346/13525 5449/13524 5459/13555
vt 0.29051 0.09394
f 5387/13032 5439/13289 5432/13556
f 5370/13528 5377/13527 5469/13506
f 5373/13386 5419/13538 5363/13397
vt 0.13647 0.74328
f 5365/13474 5367/13480 5424/13557
f 5313/13252 5339/13473 5467/13526
vt 0.13410 0.35793
f 5317/13117 5368/13465 5434/13558
f 5352/13071 5231/13109 5470/13540
vt 0.28402 0.10272
f 5342/13266 5605/13559 5357/13010
vt 0.26571 0.11916
f 5351/13493 5395/13185 5452/13560
f 5299/12898 5451/13466 5348/13452
vt 0.69815 0.76956
vt 0.69746 0.77303
vt 0.69630 0.77054
f 5400/13561 5433/13562 5403/13563
vt 0.69394 0.77440
f 5433/13562 5396/13564 5403/13563
vt 0.64829 0.12789
vt 0.64861 0.12481
vt 0.65103 0.12814
f 5405/13565 5433/13566 5431/13567
vt 0.13488 0.36090
f 5348/13452 5526/13568 5368/13465
vt 0.45845 0.53160
f 5384/13427 5426/13569 5444/13521
vt 0.45260 0.82821
vt 0.45237 0.82875
f 5410/13529 5411/13570 5393/13571
f 5395/13185 5101/12903 5452/13560
vt 0.84546 0.37475
f 5354/13381 5480/13572 5418/13494
vt 0.93649 0.29971
vt 0.93755 0.29974
f 5362/13420 5409/13573 5397/13574
f 5353/13533 5472/13491 5364/13490
vt 0.56423 0.43068
f 5375/13412 5364/13490 5413/13575
f 5375/13412 5413/13575 5380/13532
vt 0.15877 0.38290
f 5465/13115 5401/13372 5445/13576
vt 0.05335 0.63653
f 5372/13300 5326/13418 5495/13577
vt 0.45359 0.82906
f 5397/13578 5393/13571 5411/13570
vt 0.48053 0.82995
vt 0.48085 0.83185
f 5381/13579 5423/13580 5446/13547
f 5382/13408 5430/13545 5450/13514
vt 0.46308 0.97599
vt 0.46307 0.97734
vt 0.46233 0.97673
f 5397/13581 5401/13582 5399/13583
vt 0.45519 0.82848
f 5397/13578 5411/13570 5401/13584
vt 0.82458 0.07208
vt 0.82368 0.07278
f 5337/13481 5402/13585 5461/13586
f 5337/13481 5461/13586 5358/13482
vt 0.58502 0.27758
f 5389/13391 5429/13464 5414/13587
vt 0.84551 0.37297
f 5354/13381 5443/13353 5455/13588
vt 0.84569 0.36733
f 5374/13407 5462/13589 5443/13353
vt 0.64832 0.12028
vt 0.65236 0.12343
f 5433/13566 5400/13590 5543/13591
vt 0.69618 0.77814
vt 0.69440 0.77892
vt 0.69637 0.77672
f 5422/13592 5447/13593 5405/13594
f 5354/13381 5455/13588 5480/13572
vt 0.78728 0.75369
vt 0.78628 0.75338
f 5385/13447 5471/13595 5458/13596
vt 0.56447 0.44063
f 5378/13304 5453/13503 5463/13597
vt 0.69766 0.76647
vt 0.69859 0.76603
f 5400/13561 5406/13598 5404/13599
vt 0.56395 0.42944
f 5380/13532 5413/13575 5377/13600
f 5433/13562 5405/13594 5396/13564
vt 0.05086 0.63806
f 5372/13300 5398/13601 5371/13324
vt 0.72845 0.49403
f 5385/13460 5458/13602 5426/13546
f 5387/13032 5432/13556 5522/13508
f 5447/13593 5396/13564 5405/13594
vt 0.28683 0.09951
f 5342/13266 5574/13603 5605/13559
vt 0.26905 0.11679
f 5101/12903 5525/13604 5452/13560
vt 0.15411 0.38020
f 5343/13259 5465/13115 5493/13605
vt 0.94084 0.20836
f 5366/13345 5393/13479 5427/13606
vt 0.93472 0.80728
vt 0.93467 0.80829
vt 0.93321 0.80821
f 5393/13607 5397/13608 5409/13609
vt 0.93395 0.80734
f 5393/13607 5409/13609 5427/13610
vt 0.64865 0.11685
vt 0.65104 0.11738
f 5400/13590 5404/13611 5425/13612
vt 0.03833 0.73263
f 5391/13233 5446/13613 5369/13091
vt 0.88282 0.50874
f 5394/13419 5412/13504 5448/13614
vt 0.88395 0.50885
f 5394/13419 5448/13614 5410/13615
vt 0.45519 0.82707
f 5411/13570 5445/13616 5401/13584
vt 0.45059 0.82750
f 5411/13570 5410/13529 5477/13617
f 5385/13447 5434/13552 5471/13595
f 5348/13452 5451/13466 5526/13568
vt 0.97156 0.29235
vt 0.97148 0.29350
vt 0.97052 0.29314
f 5364/13618 5491/13619 5413/13620
vt 0.79916 0.10866
f 5360/13197 5424/13475 5509/13621
vt 0.56332 0.45082
f 5355/13271 5415/13438 5416/13622
f 5360/13197 5509/13621 5374/13492
f 5390/13387 5417/13536 5392/13551
vt 0.36634 0.94569
f 5366/13476 5427/13623 5412/13477
vt 0.81674 0.65288
f 5460/13394 5517/13624 5347/13395
f 5415/13456 5343/13259 5493/13605
f 5101/12903 5442/13385 5525/13604
vt 0.83366 0.88254
vt 0.83380 0.88384
vt 0.83303 0.88427
f 5367/13625 5437/13626 5424/13627
vt 0.29628 0.08657
f 5428/13062 5419/13522 5468/13628
vt 0.66060 0.83201
f 5423/13550 5420/13549 5436/13629
vt 0.05302 0.63878
f 5372/13300 5495/13577 5474/13630
f 5368/13465 5526/13568 5434/13558
vt 0.03530 0.73024
f 5304/12805 5459/13631 5449/13500
vt 0.81843 0.64874
f 5392/13469 5417/13632 5460/13394
f 5371/13324 5398/13601 5404/13553
f 5362/13420 5414/13539 5409/13573
vt 0.58824 0.27660
vt 0.58723 0.27873
f 5435/13633 5421/13634 5429/13464
vt 0.45163 0.82649
f 5411/13570 5477/13617 5466/13635
vt 0.66030 0.83089
f 5420/13498 5408/13349 5436/13636
vt 0.56236 0.43181
f 5377/13600 5413/13575 5483/13637
vt 0.38659 0.64791
f 5383/13455 5450/13514 5408/13638
vt 0.13941 0.36531
f 5418/13302 5501/13639 5451/13466
f 5456/13461 5355/13271 5416/13622
vt 0.28253 0.10633
f 5357/13010 5624/13640 5376/13327
f 5400/13590 5425/13612 5543/13591
vt 0.65059 0.11463
f 5404/13611 5438/13641 5425/13612
vt 0.36708 0.94554
f 5427/13623 5448/13642 5412/13477
vt 0.83416 0.88337
f 5367/13625 5388/13643 5437/13626
vt 0.46440 0.53150
f 5444/13521 5468/13644 5419/13538
vt 0.64878 0.13095
f 5405/13565 5431/13567 5422/13645
vt 0.83336 0.88531
f 5424/13627 5437/13626 5441/13646
vt 0.88205 0.41515
vt 0.88361 0.41366
vt 0.88382 0.41533
f 5418/13647 5480/13648 5501/13649
f 5304/12805 5369/13091 5459/13631
vt 0.81442 0.65470
f 5347/13395 5517/13624 5430/13650
vt 0.47804 0.83351
f 5446/13547 5423/13580 5486/13651
f 5342/13266 5522/13508 5574/13603
vt 0.58981 0.27787
f 5351/13544 5452/13652 5435/13462
vt 0.82511 0.07428
f 5402/13516 5467/13526 5454/13653
vt 0.93381 0.80599
vt 0.93265 0.80654
vt 0.93356 0.80566
f 5410/13654 5448/13655 5477/13656
vt 0.97854 0.55751
vt 0.97902 0.55759
vt 0.97919 0.55831
f 5404/13657 5398/13658 5438/13659
vt 0.04798 0.91165
f 5358/13303 5461/13660 5453/13515
vt 0.58512 0.27864
f 5414/13587 5429/13464 5409/13661
vt 0.45318 0.82694
f 5411/13570 5506/13662 5445/13616
vt 0.48038 0.83371
f 5423/13580 5438/13663 5486/13651
vt 0.43495 0.77254
f 5352/13071 5437/13664 5388/13467
vt 0.79785 0.10791
f 5374/13492 5509/13621 5462/13665
f 5429/13464 5421/13634 5409/13661
vt 0.82845 0.07393
f 5467/13526 5339/13473 5464/13666
vt 0.06114 0.82067
vt 0.06108 0.82281
vt 0.05827 0.82090
f 5434/13667 5526/13668 5471/13669
f 5470/13540 5437/13664 5352/13071
vt 0.88225 0.40920
vt 0.88406 0.40961
vt 0.88266 0.41198
f 5443/13670 5479/13671 5455/13672
vt 0.88442 0.79707
f 5407/13487 5464/13673 5339/13471
vt 0.56364 0.43932
f 5378/13304 5463/13674 5472/13491
vt 0.29577 0.09053
f 5428/13062 5548/13675 5439/13289
f 5372/13300 5474/13630 5398/13601
vt 0.13758 0.74463
vt 0.13683 0.74635
f 5441/13676 5509/13677 5424/13557
vt 0.69569 0.76705
f 5400/13561 5403/13563 5514/13678
f 5400/13561 5514/13678 5406/13598
vt 0.83416 0.88597
f 5441/13646 5437/13626 5534/13679
vt 0.93257 0.80568
f 5477/13656 5448/13655 5482/13680
vt 0.05719 0.82213
vt 0.05588 0.82159
f 5471/13669 5505/13681 5504/13682
vt 0.26360 0.94888
vt 0.26351 0.94658
vt 0.26411 0.94715
f 5402/13683 5454/13684 5461/13685
f 5433/13566 5543/13591 5431/13567
vt 0.14888 0.37822
f 5415/13456 5493/13605 5561/13686
vt 0.80954 0.90672
vt 0.80981 0.90466
vt 0.81079 0.90625
f 5471/13687 5504/13688 5458/13689
vt 0.97033 0.29432
f 5413/13620 5491/13619 5483/13690
vt 0.95476 0.64094
vt 0.95391 0.64337
vt 0.95319 0.64074
f 5423/13691 5436/13692 5438/13693
vt 0.65186 0.13100
f 5422/13645 5431/13567 5502/13694
vt 0.73554 0.93875
f 5326/13543 5459/13542 5495/13695
vt 0.45166 0.82652
f 5411/13570 5466/13696 5506/13662
vt 0.38552 0.64952
f 5408/13638 5450/13514 5436/13697
vt 0.56517 0.44996
vt 0.56166 0.44978
f 5407/13530 5456/13698 5512/13699
vt 0.69270 0.77864
f 5447/13593 5457/13700 5396/13564
vt 0.88256 0.40598
f 5443/13670 5462/13701 5479/13671
vt 0.45893 0.52916
vt 0.46119 0.52971
f 5444/13521 5481/13702 5496/13703
f 5444/13521 5426/13569 5481/13702
vt 0.03539 0.73200
f 5446/13613 5536/13704 5369/13091
f 5369/13091 5536/13704 5459/13631
vt 0.46199 0.53013
f 5444/13521 5496/13705 5468/13644
vt 0.93279 0.81046
vt 0.93217 0.80892
f 5409/13609 5421/13706 5485/13707
vt 0.15737 0.38391
f 5445/13576 5498/13708 5465/13115
vt 0.38876 0.65051
f 5430/13545 5476/13709 5450/13514
vt 0.97037 0.84951
vt 0.97089 0.84863
vt 0.97111 0.85009
f 5445/13710 5506/13711 5498/13712
vt 0.93319 0.80739
f 5409/13609 5485/13707 5427/13713
vt 0.05191 0.63884
f 5398/13601 5474/13630 5438/13714
vt 0.47588 0.83339
f 5446/13547 5486/13651 5536/13715
f 5427/13713 5485/13707 5448/13655
vt 0.84920 0.43134
vt 0.84792 0.43041
f 5377/13527 5483/13716 5515/13717
f 5377/13527 5515/13717 5469/13506
vt 0.69446 0.77131
f 5403/13563 5396/13564 5478/13718
f 5357/13010 5605/13559 5624/13640
vt 0.98807 0.91456
vt 0.98807 0.91351
vt 0.98838 0.91363
f 5504/13719 5500/13720 5458/13721
vt 0.45814 0.52955
vt 0.45809 0.52932
vt 0.45870 0.52915
f 5426/13722 5458/13723 5481/13724
vt 0.93308 0.43162
vt 0.93214 0.43224
vt 0.93276 0.43042
f 5421/13725 5435/13726 5524/13727
vt 0.56342 0.43272
f 5364/13490 5472/13491 5491/13728
vt 0.88532 0.40747
f 5462/13701 5478/13729 5479/13671
vt 0.65381 0.11907
f 5425/13612 5497/13730 5543/13591
vt 0.97028 0.84719
vt 0.97101 0.84744
f 5466/13731 5492/13732 5506/13711
vt 0.13798 0.74565
f 5441/13676 5534/13733 5509/13677
vt 0.79730 0.10949
f 5462/13665 5509/13621 5507/13734
vt 0.56322 0.42487
f 5417/13536 5440/13535 5499/13735
vt 0.56395 0.42350
f 5417/13536 5499/13735 5460/13736
vt 0.88401 0.40615
f 5462/13701 5489/13737 5478/13729
vt 0.28058 0.10879
f 5376/13327 5624/13640 5584/13738
f 5376/13327 5584/13738 5520/13215
vt 0.56299 0.43574
f 5472/13491 5463/13674 5490/13739
vt 0.81848 0.65104
f 5460/13394 5499/13740 5517/13624
vt 0.79605 0.10876
f 5462/13665 5507/13734 5489/13741
vt 0.81243 0.90697
vt 0.81144 0.90723
f 5458/13689 5535/13742 5481/13743
vt 0.26946 0.94835
vt 0.26995 0.95025
vt 0.26916 0.94952
f 5512/13744 5456/13745 5416/13746
vt 0.14410 0.36792
vt 0.14212 0.37066
vt 0.14264 0.36711
f 5422/13747 5554/13748 5447/13749
vt 0.27452 0.11668
f 5525/13604 5442/13385 5604/13750
vt 0.14451 0.37097
f 5422/13747 5502/13751 5554/13748
vt 0.81656 0.65778
f 5430/13650 5517/13624 5596/13752
vt 0.65506 0.12743
f 5431/13567 5543/13591 5541/13753
vt 0.56287 0.44010
vt 0.56252 0.44209
vt 0.56088 0.43837
f 5475/13754 5513/13755 5557/13756
f 5428/13062 5468/13628 5548/13675
f 5472/13491 5490/13739 5491/13728
vt 0.81162 0.90412
f 5458/13689 5500/13757 5535/13742
vt 0.56384 0.44140
vt 0.56319 0.44137
f 5453/13758 5475/13759 5463/13674
vt 0.81049 0.90260
f 5508/13760 5500/13757 5504/13688
vt 0.05772 0.82354
f 5505/13681 5471/13669 5538/13761
vt 0.04794 0.91376
f 5453/13515 5461/13660 5542/13762
vt 0.69378 0.76910
f 5403/13563 5478/13718 5489/13763
vt 0.69410 0.76676
f 5403/13563 5510/13764 5514/13678
vt 0.56394 0.42705
f 5440/13535 5469/13765 5499/13735
f 5455/13672 5479/13671 5480/13648
vt 0.95303 0.64336
f 5438/13693 5436/13692 5484/13766
f 5471/13669 5526/13668 5538/13761
vt 0.56020 0.45160
f 5416/13622 5415/13438 5573/13767
vt 0.58945 0.27992
f 5435/13462 5452/13652 5547/13768
vt 0.93224 0.43060
f 5435/13726 5547/13769 5524/13727
vt 0.55964 0.44314
f 5557/13756 5513/13755 5564/13770
vt 0.13704 0.36621
f 5451/13466 5501/13639 5523/13771
vt 0.81413 0.65791
f 5430/13650 5596/13752 5476/13772
vt 0.14063 0.36751
f 5447/13749 5554/13748 5457/13773
vt 0.56271 0.43758
f 5475/13754 5557/13756 5488/13774
vt 0.56269 0.43457
vt 0.56185 0.43499
f 5483/13637 5491/13775 5487/13776
vt 0.45149 0.82488
vt 0.45230 0.82548
f 5466/13635 5511/13777 5527/13778
vt 0.45212 0.82616
f 5466/13635 5527/13778 5492/13779
vt 0.58580 0.27941
vt 0.58448 0.28166
vt 0.58319 0.27914
f 5485/13780 5519/13781 5448/13782
vt 0.58787 0.27980
f 5421/13634 5524/13783 5485/13780
vt 0.88365 0.50735
vt 0.88206 0.50781
vt 0.88260 0.50646
f 5477/13784 5482/13785 5529/13786
vt 0.56278 0.43557
f 5491/13775 5490/13787 5487/13776
vt 0.14708 0.37623
f 5415/13456 5561/13686 5563/13788
f 5488/13774 5557/13756 5487/13776
f 5488/13774 5487/13776 5490/13787
vt 0.82615 0.07580
f 5467/13526 5518/13789 5454/13653
vt 0.81187 0.90314
f 5500/13757 5508/13760 5503/13790
vt 0.46440 0.52846
f 5496/13705 5548/13791 5468/13644
f 5403/13563 5489/13763 5510/13764
vt 0.44163 0.77863
vt 0.43923 0.77901
f 5406/13792 5514/13793 5379/13429
vt 0.15416 0.38393
f 5465/13115 5591/13794 5493/13605
vt 0.56283 0.43810
f 5463/13674 5488/13795 5490/13739
f 5475/13759 5488/13795 5463/13674
vt 0.43497 0.77442
f 5437/13664 5470/13540 5494/13796
vt 0.04643 0.91366
f 5453/13515 5542/13762 5475/13797
vt 0.88542 0.41029
f 5480/13648 5479/13671 5396/13798
f 5478/13729 5396/13798 5479/13671
vt 0.45106 0.82622
f 5466/13635 5477/13799 5511/13777
vt 0.58228 0.27971
f 5448/13782 5519/13781 5482/13800
vt 0.88245 0.79480
f 5407/13487 5521/13801 5464/13673
vt 0.04606 0.91394
f 5513/13802 5475/13797 5542/13762
vt 0.88565 0.41504
f 5480/13648 5457/13803 5501/13649
vt 0.56048 0.45361
f 5415/13438 5563/13804 5573/13767
vt 0.92853 0.46239
vt 0.92814 0.45986
vt 0.92901 0.46033
f 5437/13805 5494/13806 5534/13807
vt 0.88296 0.50419
vt 0.88388 0.50480
f 5477/13784 5558/13808 5511/13809
vt 0.81197 0.90862
f 5481/13743 5535/13742 5496/13810
vt 0.82454 0.07460
vt 0.82384 0.07561
f 5461/13586 5454/13811 5542/13812
f 5465/13115 5498/13708 5591/13794
vt 0.58643 0.28264
f 5485/13780 5580/13813 5519/13781
f 5485/13780 5524/13783 5580/13813
vt 0.47759 0.83476
f 5438/13663 5474/13814 5486/13651
vt 0.56194 0.44466
f 5513/13755 5516/13815 5564/13770
f 5480/13648 5396/13798 5457/13803
vt 0.56182 0.44769
f 5407/13530 5512/13699 5521/13816
f 5477/13784 5529/13786 5558/13808
vt 0.65360 0.11421
f 5438/13641 5484/13817 5425/13612
vt 0.38675 0.65172
f 5450/13514 5476/13709 5530/13818
f 5450/13514 5530/13818 5436/13697
vt 0.26774 0.11925
f 5452/13560 5525/13604 5547/13819
vt 0.88412 0.79516
f 5464/13673 5521/13801 5531/13820
vt 0.55932 0.43511
f 5483/13637 5487/13776 5562/13821
vt 0.91183 0.35917
vt 0.91006 0.35869
vt 0.91080 0.35765
f 5504/13822 5544/13823 5508/13824
vt 0.43798 0.77896
f 5379/13429 5510/13825 5470/13540
vt 0.45271 0.82480
f 5511/13777 5528/13826 5527/13778
vt 0.46073 0.52947
vt 0.45846 0.52819
vt 0.46230 0.52790
f 5496/13827 5535/13828 5578/13829
vt 0.69274 0.76789
f 5489/13763 5588/13830 5510/13764
f 5379/13429 5514/13793 5510/13825
vt 0.55985 0.44680
f 5521/13816 5512/13699 5555/13831
vt 0.05520 0.63915
vt 0.05441 0.63875
f 5459/13555 5536/13832 5495/13833
vt 0.65504 0.13083
f 5431/13567 5559/13834 5502/13694
vt 0.65466 0.11469
f 5425/13612 5484/13817 5533/13835
vt 0.45327 0.82611
vt 0.45338 0.82340
vt 0.45506 0.82587
f 5506/13836 5539/13837 5498/13838
vt 0.58762 0.28156
f 5524/13783 5560/13839 5580/13813
vt 0.98326 0.30191
vt 0.98373 0.30231
vt 0.98330 0.30291
f 5467/13840 5464/13841 5531/13842
vt 0.82769 0.07580
f 5467/13526 5531/13843 5518/13789
vt 0.45449 0.52847
vt 0.45538 0.52742
vt 0.45621 0.52872
f 5503/13844 5544/13845 5500/13846
vt 0.15186 0.38148
f 5493/13605 5473/13847 5561/13686
vt 0.58341 0.28258
f 5482/13800 5519/13781 5529/13848
vt 0.56259 0.42555
vt 0.56141 0.42742
f 5499/13849 5469/13765 5532/13850
vt 0.81862 0.65253
f 5499/13740 5532/13851 5517/13624
vt 0.38417 0.65102
f 5436/13697 5530/13818 5484/13852
f 5516/13815 5521/13816 5555/13831
vt 0.95431 0.85653
vt 0.95375 0.85682
vt 0.95410 0.85605
f 5506/13853 5492/13854 5528/13855
f 5501/13639 5457/13773 5523/13771
vt 0.56121 0.45049
f 5416/13622 5573/13767 5512/13856
vt 0.00933 0.96413
vt 0.00926 0.96351
vt 0.00990 0.96394
f 5492/13857 5527/13858 5519/13859
vt 0.84782 0.43232
f 5483/13716 5556/13860 5515/13717
vt 0.83338 0.88794
vt 0.83385 0.88776
vt 0.83361 0.88893
f 5509/13861 5534/13862 5507/13863
vt 0.46255 0.52904
f 5496/13703 5578/13829 5548/13864
vt 0.93616 0.19974
vt 0.93612 0.19687
vt 0.93746 0.19897
f 5521/13865 5516/13866 5531/13867
f 5516/13815 5555/13831 5564/13770
vt 0.53173 0.97554
vt 0.53214 0.97707
vt 0.53130 0.97639
f 5503/13868 5508/13869 5544/13870
vt 0.56071 0.43274
f 5483/13637 5562/13821 5585/13871
vt 0.45540 0.82394
f 5498/13838 5539/13837 5591/13872
vt 0.91221 0.36043
vt 0.91152 0.36133
vt 0.91023 0.36088
f 5505/13873 5572/13874 5537/13875
f 5505/13873 5537/13875 5504/13822
vt 0.29537 0.09414
f 5439/13289 5577/13876 5432/13556
f 5539/13837 5506/13836 5528/13826
vt 0.56199 0.42961
f 5532/13850 5469/13765 5515/13877
vt 0.29199 0.09748
f 5432/13556 5550/13878 5522/13508
f 5504/13822 5537/13875 5544/13823
vt 0.93605 0.19422
vt 0.93799 0.19510
f 5513/13879 5542/13880 5516/13866
f 5431/13567 5541/13753 5559/13834
vt 0.93770 0.19707
f 5516/13866 5518/13881 5531/13867
vt 0.45282 0.82393
f 5528/13826 5511/13777 5552/13882
vt 0.01022 0.96302
f 5519/13859 5527/13858 5529/13883
vt 0.95304 0.85662
f 5492/13854 5519/13884 5528/13855
vt 0.13491 0.36496
f 5451/13466 5523/13771 5551/13885
vt 0.93361 0.04563
vt 0.93366 0.04656
vt 0.93242 0.04682
f 5505/13886 5538/13887 5572/13888
vt 0.84816 0.43440
f 5483/13716 5585/13889 5556/13860
f 5454/13653 5518/13789 5542/13812
vt 0.47649 0.83469
f 5486/13651 5474/13814 5495/13890
f 5487/13776 5557/13756 5562/13821
f 5425/13612 5533/13835 5497/13730
f 5500/13846 5544/13845 5535/13828
f 5526/13568 5451/13466 5551/13885
f 5516/13866 5542/13880 5518/13881
f 5539/13837 5528/13826 5552/13882
vt 0.99361 0.32498
vt 0.99343 0.32512
vt 0.99352 0.32479
f 5528/13891 5540/13892 5527/13893
vt 0.95353 0.85605
f 5528/13855 5519/13884 5540/13894
vt 0.83437 0.88944
f 5507/13863 5534/13862 5545/13895
vt 0.13833 0.37118
f 5554/13748 5612/13896 5457/13773
vt 0.00969 0.96276
f 5527/13858 5540/13897 5529/13883
vt 0.27668 0.11226
f 5520/13215 5584/13738 5586/13898
f 5442/13385 5520/13215 5586/13898
vt 0.81419 0.65979
f 5476/13772 5596/13752 5530/13899
f 5457/13773 5612/13896 5523/13771
vt 0.06081 0.82644
f 5538/13761 5526/13668 5551/13900
vt 0.79660 0.11051
f 5489/13741 5507/13734 5588/13901
vt 0.43492 0.77707
f 5494/13796 5470/13540 5545/13902
vt 0.65614 0.11673
f 5497/13730 5533/13835 5549/13903
vt 0.55983 0.45018
vt 0.55945 0.44867
f 5512/13699 5581/13904 5546/13905
f 5512/13699 5546/13905 5555/13831
vt 0.65617 0.12068
f 5497/13730 5564/13906 5543/13591
vt 0.65603 0.12490
f 5543/13591 5546/13907 5541/13753
vt 0.45098 0.82333
vt 0.45236 0.82288
f 5511/13777 5558/13908 5579/13909
f 5511/13777 5579/13909 5552/13882
f 5486/13651 5495/13890 5536/13715
vt 0.58884 0.28230
vt 0.58858 0.28070
f 5547/13768 5560/13910 5524/13911
vt 0.26819 0.11927
vt 0.26980 0.11902
f 5547/13912 5525/13604 5567/13913
vt 0.38379 0.65303
f 5484/13852 5530/13818 5575/13914
vt 0.95305 0.85427
f 5540/13894 5519/13884 5589/13915
vt 0.38555 0.65303
f 5530/13818 5565/13916 5575/13914
f 5522/13508 5550/13878 5574/13603
f 5432/13556 5577/13876 5550/13878
vt 0.92870 0.45742
f 5494/13806 5545/13917 5534/13807
vt 0.05762 0.82652
f 5538/13761 5551/13900 5594/13918
f 5442/13385 5586/13898 5604/13750
vt 0.43547 0.77876
f 5470/13540 5583/13919 5545/13902
vt 0.83336 0.89125
f 5507/13863 5545/13895 5588/13920
vt 0.55915 0.43046
f 5515/13877 5598/13921 5532/13850
vt 0.01020 0.96142
f 5540/13897 5587/13922 5529/13883
vt 0.45296 0.82350
f 5552/13882 5553/13923 5539/13837
vt 0.58773 0.28497
f 5560/13839 5630/13924 5580/13813
vt 0.45721 0.52649
f 5544/13845 5537/13925 5535/13828
vt 0.92040 0.77074
vt 0.92252 0.77074
vt 0.92052 0.77316
f 5484/13926 5575/13927 5571/13928
vt 0.91943 0.77159
f 5484/13926 5571/13928 5533/13929
vt 0.65603 0.12354
f 5543/13591 5555/13930 5546/13907
f 5543/13591 5564/13906 5555/13930
vt 0.93328 0.04962
f 5538/13887 5594/13931 5572/13888
vt 0.81435 0.66136
f 5530/13899 5596/13752 5565/13932
vt 0.58508 0.28451
f 5519/13781 5580/13813 5589/13933
vt 0.14472 0.37441
f 5502/13751 5559/13934 5554/13748
vt 0.65586 0.11446
f 5533/13835 5576/13935 5549/13903
vt 0.55934 0.43934
vt 0.55911 0.43661
f 5557/13756 5549/13936 5576/13937
vt 0.00952 0.96231
vt 0.00901 0.96171
vt 0.00945 0.96052
f 5540/13938 5552/13939 5592/13940
vt 0.95359 0.85547
vt 0.95428 0.85480
f 5540/13941 5589/13915 5552/13942
f 5493/13605 5591/13794 5473/13847
vt 0.58983 0.28167
f 5547/13768 5567/13943 5560/13910
vt 0.95405 0.85445
vt 0.95416 0.85428
vt 0.95444 0.85413
f 5553/13944 5579/13945 5539/13946
vt 0.45537 0.82237
vt 0.45389 0.82154
f 5591/13947 5539/13837 5600/13948
f 5510/13825 5583/13919 5470/13540
f 5540/13897 5592/13940 5587/13922
vt 0.00891 0.96123
f 5552/13939 5579/13949 5592/13940
f 5552/13942 5589/13915 5553/13944
vt 0.46030 0.52566
vt 0.46206 0.52173
vt 0.46253 0.52630
f 5566/13950 5634/13951 5568/13952
vt 0.56033 0.43164
f 5515/13877 5556/13953 5598/13921
vt 0.81858 0.65375
vt 0.81855 0.65694
f 5517/13624 5532/13954 5598/13955
f 5517/13624 5598/13955 5596/13752
vt 0.45923 0.52649
f 5578/13829 5535/13828 5569/13956
f 5578/13829 5569/13956 5568/13952
vt 0.55874 0.45087
f 5512/13856 5573/13767 5581/13957
vt 0.91044 0.36265
f 5537/13875 5572/13874 5569/13958
vt 0.93218 0.05011
f 5572/13888 5594/13931 5607/13959
f 5557/13756 5564/13770 5549/13936
vt 0.91186 0.36359
f 5572/13874 5566/13960 5569/13958
f 5497/13730 5549/13903 5564/13906
vt 0.55919 0.44979
f 5546/13905 5581/13904 5541/13961
vt 0.58329 0.28455
vt 0.58269 0.28341
f 5529/13848 5587/13962 5558/13963
f 5557/13756 5576/13937 5562/13821
vt 0.38389 0.65384
f 5575/13914 5565/13916 5599/13964
vt 0.05911 0.82760
f 5594/13918 5551/13900 5590/13965
vt 0.95372 0.85301
f 5553/13944 5592/13966 5579/13945
vt 0.81714 0.66222
f 5565/13932 5596/13752 5633/13967
vt 0.27237 0.11904
f 5604/13750 5610/13968 5525/13604
vt 0.13619 0.36937
f 5523/13771 5612/13896 5609/13969
f 5525/13604 5610/13968 5567/13913
vt 0.83434 0.89133
f 5588/13920 5545/13895 5583/13970
vt 0.99058 0.91270
vt 0.99058 0.91167
vt 0.99073 0.91203
f 5568/13971 5569/13972 5566/13973
vt 0.14222 0.37573
f 5554/13748 5559/13934 5570/13974
vt 0.84939 0.43524
vt 0.84982 0.43680
vt 0.84846 0.43686
f 5562/13975 5576/13976 5615/13977
f 5535/13828 5537/13925 5569/13956
f 5539/13837 5579/13909 5600/13948
vt 0.58971 0.28379
f 5560/13910 5567/13943 5610/13978
vt 0.69243 0.76727
vt 0.69121 0.76613
f 5510/13764 5588/13979 5583/13980
vt 0.91909 0.77262
f 5533/13929 5571/13928 5576/13981
f 5439/13289 5548/13675 5577/13876
vt 0.65711 0.12820
f 5559/13834 5541/13753 5581/13982
vt 0.46455 0.52445
f 5578/13829 5568/13952 5577/13983
vt 0.45118 0.82141
f 5558/13908 5582/13984 5579/13909
vt 0.45948 0.52259
f 5566/13950 5623/13985 5634/13951
f 5592/13966 5553/13944 5589/13915
vt 0.27974 0.11293
f 5584/13738 5619/13986 5586/13898
vt 0.14812 0.38263
f 5473/13847 5635/13987 5561/13686
vt 0.14507 0.37918
f 5561/13686 5602/13988 5563/13788
vt 0.13516 0.36675
f 5551/13885 5523/13771 5603/13989
vt 0.91951 0.77433
f 5576/13981 5571/13928 5615/13990
vt 0.46451 0.52194
vt 0.46250 0.52621
f 5634/13951 5606/13991 5568/13992
f 5579/13909 5582/13984 5600/13948
vt 0.92312 0.77244
f 5575/13927 5599/13993 5571/13928
vt 0.45812 0.52563
f 5566/13950 5572/13994 5623/13985
vt 0.65705 0.13104
f 5559/13834 5581/13982 5593/13995
vt 0.55876 0.45350
f 5563/13804 5593/13996 5573/13767
vt 0.15113 0.38327
f 5473/13847 5591/13794 5617/13997
f 5554/13748 5570/13974 5612/13896
vt 0.88253 0.50255
vt 0.88327 0.50115
f 5558/13808 5587/13998 5582/13999
vt 0.81497 0.66295
f 5565/13932 5633/13967 5599/14000
f 5585/13889 5562/13975 5615/13977
vt 0.29102 0.10537
f 5574/13603 5655/14001 5605/13559
vt 0.14496 0.37616
f 5559/13934 5593/14002 5570/13974
vt 0.55906 0.43343
f 5556/13953 5585/14003 5598/13921
f 5578/13829 5577/13983 5548/13791
vt 0.88241 0.50121
f 5587/13998 5620/14004 5582/13999
vt 0.45829 0.52231
f 5572/13994 5607/14005 5623/13985
f 5568/13952 5606/13991 5577/13983
vt 0.01006 0.96023
f 5587/13922 5592/13940 5620/14006
f 5593/13996 5581/13957 5573/13767
vt 0.05843 0.82729
vt 0.05750 0.82939
f 5590/14007 5597/14008 5594/13918
vt 0.58655 0.28621
f 5580/13813 5595/14009 5589/13933
vt 0.29490 0.09743
f 5550/13878 5577/13876 5606/14010
vt 0.93376 0.05275
vt 0.93287 0.05348
f 5594/13931 5597/14011 5637/14012
vt 0.29257 0.10215
f 5550/13878 5675/14013 5574/13603
vt 0.58859 0.28410
f 5560/13910 5610/13978 5630/14014
vt 0.06098 0.82966
f 5590/13965 5551/13900 5603/14015
vt 0.78766 0.79695
vt 0.78885 0.79672
vt 0.78940 0.79741
f 5600/14016 5582/14017 5608/14018
vt 0.05867 0.82840
f 5590/14007 5601/14019 5597/14008
f 5580/13813 5630/13924 5595/14009
vt 0.98383 0.24199
vt 0.98372 0.24294
vt 0.98320 0.24182
f 5608/14020 5617/14021 5600/14022
vt 0.93838 0.03941
vt 0.93773 0.03935
vt 0.93767 0.03840
f 5608/14023 5582/14024 5625/14025
vt 0.55700 0.43375
f 5585/14003 5622/14026 5598/13921
f 5593/14002 5563/13788 5602/13988
vt 0.45545 0.82061
f 5591/13947 5600/13948 5617/14027
vt 0.81865 0.66004
f 5596/13752 5598/13955 5622/14028
vt 0.95882 0.22118
vt 0.95935 0.22178
vt 0.95875 0.22221
f 5590/14029 5613/14030 5601/14031
f 5523/13771 5609/13969 5603/13989
vt 0.95303 0.85254
f 5592/13966 5589/13915 5631/14032
f 5593/14002 5602/13988 5570/13974
vt 0.05890 0.82905
f 5590/13965 5603/14015 5616/14033
vt 0.58949 0.28621
f 5630/14014 5610/13978 5644/14034
vt 0.58529 0.28629
f 5589/13933 5595/14009 5631/14035
f 5601/14019 5616/14033 5597/14008
f 5586/13898 5619/13986 5604/13750
vt 0.54807 0.96026
vt 0.54809 0.96141
vt 0.54753 0.96058
f 5590/14036 5616/14037 5613/14038
vt 0.05874 0.82976
f 5597/14008 5616/14033 5614/14039
f 5473/13847 5617/13997 5635/13987
vt 0.93613 0.03916
f 5582/14024 5620/14040 5625/14025
f 5594/13931 5637/14012 5607/13959
vt 0.78597 0.79817
vt 0.78890 0.79969
f 5617/14041 5608/14018 5640/14042
f 5622/14028 5633/13967 5596/13752
f 5616/14033 5603/14015 5614/14039
vt 0.96013 0.22309
f 5613/14030 5618/14043 5601/14031
f 5561/13686 5635/13987 5602/13988
vt 0.95881 0.22281
f 5601/14031 5618/14043 5616/14044
vt 0.55712 0.43689
f 5615/14045 5622/14026 5585/14003
vt 0.13512 0.36857
f 5603/13989 5609/13969 5611/14046
vt 0.96014 0.22161
f 5613/14030 5623/14047 5618/14043
f 5574/13603 5675/14013 5655/14001
vt 0.93697 0.04090
vt 0.93606 0.04173
f 5592/14048 5631/14049 5620/14040
vt 0.54781 0.96165
vt 0.54725 0.96207
f 5613/14038 5616/14050 5628/14051
vt 0.54656 0.96149
f 5613/14038 5628/14051 5636/14052
vt 0.96879 0.91013
vt 0.96917 0.91070
vt 0.96825 0.91035
f 5608/14053 5625/14054 5639/14055
vt 0.05840 0.83022
vt 0.05782 0.83062
f 5614/14039 5621/14056 5627/14057
f 5614/14039 5627/14057 5597/14008
vt 0.79063 0.79870
f 5608/14018 5639/14058 5640/14042
vt 0.58706 0.28656
vt 0.58776 0.28780
f 5595/14059 5630/13924 5649/14060
vt 0.46001 0.52032
f 5623/13985 5636/14061 5634/13951
vt 0.28716 0.10923
f 5584/13738 5624/13640 5663/14062
vt 0.45906 0.52081
vt 0.45920 0.52167
f 5607/14005 5618/14063 5623/14064
vt 0.05956 0.83081
f 5614/14039 5603/14015 5629/14065
vt 0.97620 0.40127
vt 0.97571 0.40125
vt 0.97601 0.40054
f 5614/14066 5629/14067 5628/14068
vt 0.97672 0.40074
f 5614/14066 5628/14068 5621/14069
vt 0.47726 0.87957
vt 0.47453 0.87957
vt 0.47499 0.87903
f 5626/14070 5632/14071 5627/14072
vt 0.27477 0.11918
f 5610/13968 5604/13750 5644/14073
vt 0.05749 0.83062
f 5597/14008 5627/14057 5637/14074
vt 0.95953 0.22340
f 5616/14044 5618/14043 5628/14075
vt 0.14835 0.38421
f 5617/13997 5641/14076 5635/13987
vt 0.92818 0.52229
vt 0.92915 0.52347
vt 0.92835 0.52362
f 5626/14077 5611/14078 5609/14079
vt 0.92104 0.77525
f 5615/13990 5571/13928 5638/14080
vt 0.54664 0.95999
f 5613/14038 5636/14052 5623/14081
vt 0.92917 0.52025
vt 0.92932 0.51885
vt 0.93005 0.51985
f 5627/14082 5632/14083 5637/14084
vt 0.92984 0.52145
f 5627/14082 5629/14085 5626/14077
vt 0.96802 0.91097
f 5639/14055 5625/14054 5650/14086
vt 0.45814 0.51918
f 5607/14005 5637/14087 5618/14063
vt 0.58494 0.28689
f 5595/14059 5649/14060 5631/14088
vt 0.92231 0.77480
f 5599/13993 5633/14089 5571/13928
vt 0.47869 0.87939
vt 0.47835 0.88125
f 5626/14070 5609/14090 5658/14091
f 5584/13738 5663/14062 5619/13986
vt 0.96953 0.91215
vt 0.96845 0.91177
f 5620/14092 5642/14093 5625/14054
vt 0.06073 0.83087
f 5603/14015 5611/14094 5629/14065
vt 0.46380 0.51957
f 5606/13991 5634/13951 5651/14095
f 5626/14077 5629/14085 5611/14078
vt 0.78610 0.80073
f 5617/14041 5640/14042 5641/14096
vt 0.13585 0.37196
f 5612/13896 5658/14097 5609/13969
vt 0.13900 0.37689
f 5570/13974 5662/14098 5612/13896
vt 0.58315 0.28692
vt 0.58256 0.28839
f 5620/14099 5631/14088 5642/14100
f 5625/14054 5642/14093 5650/14086
vt 0.58860 0.28598
vt 0.58835 0.28700
f 5630/14101 5644/14034 5649/14102
vt 0.97658 0.39992
f 5628/14068 5618/14103 5621/14069
vt 0.55528 0.43628
f 5615/14045 5638/14104 5622/14026
vt 0.98442 0.89554
vt 0.98453 0.89623
vt 0.98431 0.89596
f 5628/14105 5629/14106 5648/14107
vt 0.29459 0.10149
f 5550/13878 5606/14010 5666/14108
f 5550/13878 5666/14108 5675/14013
vt 0.28450 0.11424
f 5619/13986 5663/14062 5730/14109
vt 0.28006 0.11731
f 5604/13750 5619/13986 5669/14110
vt 0.92994 0.52059
f 5627/14082 5621/14111 5629/14085
vt 0.54680 0.96260
f 5628/14051 5648/14112 5636/14052
vt 0.13970 0.38014
f 5602/13988 5704/14113 5570/13974
f 5631/14088 5649/14060 5642/14100
vt 0.47469 0.88133
f 5632/14071 5626/14070 5659/14114
f 5571/13928 5633/14089 5638/14080
vt 0.79017 0.79929
vt 0.78978 0.80146
f 5640/14042 5639/14115 5653/14116
vt 0.58950 0.28978
f 5649/14102 5644/14034 5665/14117
vt 0.81881 0.66289
f 5622/14028 5638/14118 5633/13967
vt 0.93040 0.51880
f 5632/14083 5643/14119 5637/14084
vt 0.93094 0.52087
f 5621/14111 5657/14120 5629/14085
vt 0.45904 0.51991
vt 0.45867 0.51885
f 5618/14121 5637/14087 5621/14122
vt 0.45863 0.51858
f 5621/14122 5637/14087 5657/14123
vt 0.78746 0.80331
f 5640/14042 5670/14124 5641/14096
vt 0.46049 0.51935
vt 0.46172 0.51901
f 5636/14061 5648/14125 5647/14126
f 5634/13951 5636/14061 5647/14126
vt 0.13663 0.37444
f 5612/13896 5662/14098 5673/14127
vt 0.93668 0.08306
vt 0.93736 0.08376
vt 0.93647 0.08478
f 5639/14128 5650/14129 5653/14130
f 5605/13559 5663/14062 5624/13640
vt 0.90669 0.50132
vt 0.90553 0.50237
vt 0.90574 0.50077
f 5632/14131 5652/14132 5643/14133
vt 0.58653 0.28889
f 5649/14060 5645/14134 5642/14100
vt 0.58698 0.28983
vt 0.58700 0.29084
vt 0.58602 0.28950
f 5646/14135 5668/14136 5645/14137
vt 0.58755 0.28947
f 5649/14060 5646/14138 5645/14134
vt 0.46219 0.51867
f 5634/13951 5647/14139 5651/14095
vt 0.58484 0.28954
vt 0.58296 0.28938
f 5645/14140 5650/14141 5642/14100
vt 0.14281 0.38221
f 5635/13987 5700/14142 5602/13988
vt 0.14527 0.38372
f 5635/13987 5677/14143 5700/14142
f 5605/13559 5655/14001 5663/14062
vt 0.93086 0.51896
f 5643/14119 5667/14144 5657/14120
f 5643/14119 5657/14120 5637/14084
vt 0.93015 0.52303
f 5629/14085 5657/14120 5648/14145
vt 0.47619 0.88128
f 5626/14070 5654/14146 5659/14114
vt 0.41486 0.96180
vt 0.41395 0.96207
vt 0.41355 0.95990
f 5649/14147 5665/14148 5668/14149
vt 0.41487 0.96035
f 5649/14147 5668/14149 5646/14150
vt 0.46265 0.51740
f 5647/14139 5656/14151 5651/14095
vt 0.46484 0.51754
f 5606/13991 5651/14095 5666/14152
vt 0.93101 0.52379
vt 0.93038 0.52367
f 5648/14145 5656/14153 5647/14154
f 5648/14145 5657/14120 5656/14153
vt 0.90679 0.50337
f 5632/14131 5659/14155 5652/14132
f 5626/14070 5658/14091 5654/14146
vt 0.90476 0.50160
f 5643/14133 5652/14132 5667/14156
f 5619/13986 5730/14109 5669/14110
f 5602/13988 5700/14142 5704/14113
vt 0.78837 0.80294
f 5640/14042 5671/14157 5670/14124
vt 0.47838 0.88176
vt 0.47644 0.88429
f 5658/14158 5672/14159 5654/14146
f 5640/14042 5653/14116 5671/14157
vt 0.27832 0.11912
f 5644/14073 5604/13750 5665/14160
vt 0.90556 0.50395
f 5659/14155 5664/14161 5652/14132
f 5612/13896 5673/14127 5658/14097
f 5635/13987 5641/14076 5677/14143
vt 0.58396 0.29193
f 5645/14140 5668/14136 5661/14162
vt 0.58296 0.28996
f 5645/14140 5661/14162 5650/14163
f 5704/14113 5662/14098 5570/13974
vt 0.78991 0.80338
vt 0.78927 0.80363
f 5653/14116 5676/14164 5678/14165
vt 0.93764 0.08701
f 5650/14129 5694/14166 5653/14130
vt 0.47854 0.88404
f 5658/14158 5673/14167 5672/14159
vt 0.58479 0.29298
f 5668/14136 5674/14168 5661/14162
vt 0.45904 0.51808
vt 0.45731 0.51715
vt 0.45976 0.51675
f 5657/14169 5667/14170 5660/14171
f 5604/13750 5669/14110 5665/14160
f 5657/14169 5660/14171 5656/14151
vt 0.58698 0.29495
f 5668/14136 5726/14172 5674/14168
f 5653/14116 5678/14165 5671/14157
vt 0.47503 0.88525
f 5654/14146 5681/14173 5659/14114
f 5654/14146 5672/14159 5681/14173
vt 0.78600 0.80401
f 5641/14096 5670/14124 5677/14174
vt 0.93648 0.08701
f 5653/14130 5694/14166 5676/14175
f 5651/14095 5656/14151 5666/14152
vt 0.90729 0.50723
vt 0.90598 0.50596
f 5659/14155 5681/14176 5684/14177
vt 0.96434 0.24978
vt 0.96494 0.25067
vt 0.96358 0.25060
f 5652/14178 5664/14179 5667/14180
vt 0.96480 0.25258
f 5664/14179 5660/14181 5667/14180
vt 0.45827 0.51544
vt 0.46007 0.51449
f 5664/14182 5683/14183 5660/14171
vt 0.46108 0.51606
f 5660/14184 5683/14183 5656/14151
vt 0.58932 0.29282
f 5665/14117 5680/14185 5668/14136
vt 0.95927 0.31824
vt 0.96012 0.31757
vt 0.96030 0.31869
f 5671/14186 5687/14187 5661/14188
vt 0.95875 0.31770
f 5671/14186 5678/14189 5687/14187
f 5668/14136 5680/14185 5726/14172
vt 0.48991 0.94874
vt 0.48891 0.94969
vt 0.48840 0.94877
f 5671/14190 5661/14191 5674/14192
vt 0.90601 0.50737
f 5681/14176 5696/14193 5684/14177
vt 0.46251 0.51455
f 5656/14151 5683/14183 5688/14194
vt 0.95868 0.31693
vt 0.95908 0.31708
f 5678/14189 5682/14195 5685/14196
vt 0.58289 0.29348
f 5650/14163 5661/14162 5694/14197
f 5659/14155 5684/14177 5664/14161
vt 0.49035 0.94795
vt 0.48993 0.94769
f 5670/14198 5671/14190 5685/14199
f 5678/14189 5685/14196 5687/14187
vt 0.58386 0.29366
f 5661/14162 5687/14200 5694/14197
vt 0.47810 0.88660
f 5672/14159 5673/14167 5701/14201
vt 0.47681 0.88697
f 5672/14159 5701/14201 5702/14202
vt 0.14242 0.38368
f 5700/14142 5677/14143 5711/14203
vt 0.93643 0.08944
vt 0.93604 0.08843
f 5676/14175 5693/14204 5678/14205
vt 0.45830 0.51303
f 5664/14182 5684/14206 5683/14183
f 5671/14190 5674/14192 5685/14199
vt 0.78848 0.80427
vt 0.78857 0.80476
f 5670/14124 5685/14207 5682/14208
vt 0.13641 0.37666
f 5662/14098 5701/14209 5673/14127
vt 0.13766 0.37808
f 5662/14098 5704/14113 5679/14210
vt 0.95911 0.31628
f 5685/14196 5686/14211 5687/14187
vt 0.29393 0.10481
f 5675/14013 5695/14212 5655/14001
vt 0.46349 0.51507
vt 0.46448 0.51395
f 5656/14151 5688/14213 5695/14214
vt 0.78637 0.80697
f 5670/14124 5711/14215 5677/14174
vt 0.78910 0.80630
f 5678/14165 5710/14216 5682/14208
vt 0.95870 0.31664
vt 0.95865 0.31546
f 5682/14217 5710/14218 5686/14211
f 5662/14098 5679/14210 5701/14209
vt 0.28443 0.11739
f 5669/14110 5730/14109 5744/14219
f 5675/14013 5666/14108 5695/14212
vt 0.78776 0.80605
f 5670/14124 5689/14220 5711/14215
vt 0.46218 0.51184
f 5688/14194 5683/14183 5718/14221
f 5670/14124 5682/14208 5689/14220
f 5676/14175 5694/14166 5693/14204
vt 0.29047 0.11151
f 5663/14062 5754/14222 5730/14109
vt 0.48954 0.94696
f 5685/14199 5674/14192 5686/14223
f 5688/14194 5718/14221 5695/14214
vt 0.79013 0.80585
f 5678/14165 5693/14224 5710/14216
vt 0.45931 0.51307
f 5683/14183 5684/14206 5692/14225
vt 0.28087 0.11913
f 5665/14160 5669/14110 5680/14226
vt 0.47614 0.88619
f 5681/14173 5672/14159 5690/14227
f 5656/14151 5695/14214 5666/14152
vt 0.35963 0.96084
vt 0.35894 0.96123
vt 0.35933 0.95973
f 5692/14228 5715/14229 5683/14230
f 5672/14159 5702/14202 5690/14227
vt 0.95993 0.31579
f 5686/14211 5691/14231 5687/14187
vt 0.46006 0.51171
f 5683/14183 5715/14232 5718/14221
vt 0.90685 0.50925
f 5681/14176 5697/14233 5696/14193
vt 0.96041 0.31639
f 5687/14187 5691/14231 5694/14234
vt 0.48914 0.94647
vt 0.48985 0.94673
f 5686/14223 5705/14235 5682/14236
vt 0.47593 0.88635
vt 0.47571 0.88714
f 5690/14237 5703/14238 5681/14173
f 5686/14211 5710/14218 5691/14231
vt 0.49021 0.94595
f 5682/14236 5705/14235 5689/14239
vt 0.30391 0.93251
vt 0.30507 0.93374
vt 0.30374 0.93428
f 5698/14240 5701/14241 5679/14242
vt 0.93756 0.08928
f 5693/14204 5694/14166 5709/14243
vt 0.47474 0.88715
f 5681/14173 5703/14238 5697/14244
vt 0.30506 0.93203
f 5698/14240 5702/14245 5701/14241
vt 0.39742 0.96037
vt 0.39732 0.96091
vt 0.39702 0.96036
f 5684/14246 5696/14247 5692/14248
vt 0.35977 0.96236
f 5692/14228 5690/14249 5715/14229
vt 0.46456 0.51193
f 5718/14221 5699/14250 5695/14214
vt 0.30459 0.92936
vt 0.30489 0.93139
f 5707/14251 5703/14252 5698/14240
vt 0.30522 0.93004
f 5707/14251 5697/14253 5703/14252
vt 0.95956 0.31565
f 5691/14231 5710/14218 5705/14254
vt 0.39649 0.96163
f 5692/14248 5696/14247 5690/14255
vt 0.28314 0.11914
f 5669/14110 5717/14256 5680/14226
f 5674/14192 5705/14235 5686/14223
vt 0.35887 0.96328
f 5690/14249 5736/14257 5715/14229
vt 0.79009 0.80729
f 5693/14224 5708/14258 5710/14216
vt 0.39715 0.96301
vt 0.39609 0.96264
f 5690/14255 5706/14259 5703/14260
f 5698/14240 5703/14252 5702/14245
vt 0.78829 0.80615
vt 0.78854 0.80548
f 5689/14261 5705/14262 5710/14216
f 5669/14110 5744/14219 5717/14256
f 5663/14062 5655/14001 5754/14222
vt 0.58361 0.29539
vt 0.58303 0.29550
f 5694/14197 5691/14263 5709/14264
f 5689/14220 5710/14216 5711/14215
vt 0.29370 0.10713
f 5655/14001 5695/14212 5699/14265
vt 0.90605 0.50930
f 5697/14233 5706/14266 5696/14193
vt 0.46123 0.51034
f 5715/14232 5719/14267 5718/14221
vt 0.79120 0.80650
f 5693/14224 5713/14268 5708/14258
vt 0.39641 0.96292
f 5703/14260 5706/14259 5702/14269
vt 0.58466 0.29542
f 5674/14168 5726/14172 5705/14270
vt 0.57872 0.94629
vt 0.57740 0.94685
vt 0.57811 0.94551
f 5693/14271 5709/14272 5713/14273
vt 0.14005 0.38218
f 5704/14113 5700/14142 5714/14274
vt 0.93366 0.62697
vt 0.93410 0.62995
vt 0.93265 0.62749
f 5707/14275 5698/14276 5735/14277
vt 0.93365 0.63177
vt 0.93315 0.63174
f 5679/14278 5731/14279 5698/14276
vt 0.35974 0.96347
f 5690/14249 5702/14280 5736/14257
vt 0.57828 0.94819
vt 0.57692 0.94882
vt 0.57799 0.94771
f 5705/14281 5762/14282 5691/14283
vt 0.45894 0.51141
vt 0.45833 0.51188
vt 0.45847 0.50975
f 5690/14284 5696/14285 5706/14286
vt 0.14091 0.38318
f 5700/14142 5711/14203 5712/14287
f 5700/14142 5712/14287 5714/14274
vt 0.78908 0.80882
f 5708/14258 5720/14288 5710/14216
vt 0.93254 0.63138
f 5698/14276 5731/14279 5737/14289
vt 0.13665 0.37964
f 5679/14210 5704/14113 5731/14290
vt 0.78712 0.80845
vt 0.78653 0.80758
f 5710/14216 5712/14291 5711/14292
vt 0.93405 0.55403
vt 0.93266 0.55411
vt 0.93283 0.55136
f 5708/14293 5722/14294 5724/14295
vt 0.58536 0.29575
f 5705/14270 5726/14172 5762/14296
vt 0.78871 0.80791
f 5710/14216 5720/14297 5712/14291
vt 0.93406 0.55223
f 5708/14293 5724/14295 5720/14298
vt 0.93407 0.55002
f 5720/14298 5724/14295 5723/14299
vt 0.30589 0.92915
f 5697/14253 5707/14251 5732/14300
vt 0.30610 0.93008
f 5697/14253 5732/14300 5706/14301
vt 0.79109 0.80748
vt 0.79042 0.80760
f 5708/14258 5713/14302 5722/14303
vt 0.78790 0.81042
vt 0.78617 0.80956
f 5712/14291 5716/14304 5714/14305
vt 0.78850 0.80896
f 5712/14291 5727/14306 5716/14304
vt 0.93247 0.62888
f 5735/14277 5698/14276 5734/14307
vt 0.13805 0.38102
f 5714/14274 5728/14308 5704/14113
vt 0.78614 0.81145
f 5716/14304 5728/14309 5714/14305
f 5709/14272 5691/14283 5762/14282
vt 0.58959 0.29530
f 5680/14185 5717/14310 5726/14172
f 5712/14291 5720/14297 5727/14306
vt 0.78903 0.81014
vt 0.78960 0.81059
vt 0.78885 0.81087
f 5720/14311 5723/14312 5725/14313
vt 0.57717 0.94577
f 5713/14273 5709/14272 5721/14314
vt 0.51370 0.94598
vt 0.51407 0.94539
vt 0.51444 0.94622
f 5723/14315 5729/14316 5725/14317
vt 0.78754 0.81239
f 5716/14304 5733/14318 5728/14309
vt 0.78970 0.81224
vt 0.78888 0.81233
f 5723/14312 5735/14319 5734/14320
vt 0.98867 0.81946
vt 0.98881 0.81861
vt 0.98899 0.81924
f 5723/14321 5734/14322 5729/14323
vt 0.41780 0.94800
vt 0.41712 0.94677
vt 0.41761 0.94655
f 5716/14324 5725/14325 5729/14326
vt 0.30646 0.93100
vt 0.30648 0.93213
f 5702/14245 5706/14327 5736/14328
vt 0.51392 0.94806
vt 0.51526 0.94723
f 5720/14329 5725/14317 5761/14330
vt 0.78834 0.81195
f 5716/14304 5729/14331 5733/14318
f 5731/14290 5704/14113 5728/14308
vt 0.46259 0.50832
f 5699/14250 5718/14221 5751/14332
vt 0.46006 0.50991
f 5715/14232 5736/14333 5719/14267
vt 0.29342 0.10977
f 5655/14001 5764/14334 5754/14222
f 5655/14001 5699/14265 5764/14334
vt 0.93276 0.62658
f 5707/14275 5735/14277 5759/14335
vt 0.93232 0.62950
f 5698/14276 5733/14336 5734/14307
vt 0.51440 0.94957
f 5720/14329 5761/14330 5727/14337
vt 0.41730 0.94985
vt 0.41624 0.94908
f 5727/14338 5740/14339 5716/14324
vt 0.93235 0.63005
f 5737/14289 5733/14340 5698/14276
vt 0.97153 0.19684
vt 0.97066 0.19798
vt 0.97039 0.19643
f 5707/14341 5759/14342 5732/14343
vt 0.93336 0.54798
f 5723/14299 5724/14295 5735/14344
vt 0.13653 0.38018
f 5731/14290 5728/14308 5738/14345
f 5716/14324 5740/14339 5725/14325
vt 0.45972 0.50947
vt 0.46091 0.50801
f 5719/14267 5736/14346 5757/14347
vt 0.99369 0.23130
vt 0.99384 0.23146
vt 0.99369 0.23176
f 5734/14348 5742/14349 5729/14350
vt 0.78837 0.81269
f 5729/14331 5742/14351 5733/14318
f 5718/14221 5719/14267 5751/14332
vt 0.58200 0.29665
vt 0.58299 0.29608
vt 0.58412 0.29684
f 5721/14352 5709/14353 5762/14354
vt 0.93209 0.62942
f 5734/14307 5733/14336 5745/14355
vt 0.94159 0.36519
vt 0.94103 0.36566
vt 0.94083 0.36454
f 5734/14356 5745/14357 5763/14358
vt 0.99413 0.05239
vt 0.99413 0.05272
vt 0.99397 0.05263
f 5734/14359 5763/14360 5742/14361
vt 0.45692 0.50926
vt 0.45822 0.50857
f 5732/14362 5739/14363 5706/14286
vt 0.78814 0.81277
f 5733/14318 5742/14351 5745/14364
vt 0.13605 0.38046
f 5731/14290 5738/14345 5752/14365
vt 0.99271 0.91849
vt 0.99247 0.91865
vt 0.99247 0.91823
f 5731/14366 5752/14367 5737/14368
vt 0.78596 0.81303
f 5728/14309 5733/14318 5738/14369
vt 0.78646 0.81300
f 5733/14318 5737/14370 5738/14369
f 5719/14267 5757/14347 5751/14332
vt 0.96907 0.57789
vt 0.96821 0.57878
vt 0.96802 0.57762
f 5713/14371 5721/14372 5760/14373
vt 0.46495 0.50919
f 5699/14250 5751/14332 5764/14374
vt 0.51539 0.95014
vt 0.51502 0.95071
f 5727/14337 5749/14375 5741/14376
f 5736/14346 5739/14363 5757/14347
f 5706/14286 5739/14363 5736/14346
vt 0.28580 0.11884
f 5717/14256 5744/14219 5765/14377
vt 0.51497 0.94572
f 5725/14317 5742/14378 5761/14330
f 5727/14337 5761/14330 5749/14375
vt 0.93627 0.82482
vt 0.93668 0.82385
vt 0.93745 0.82521
f 5741/14379 5749/14380 5746/14381
vt 0.41647 0.95104
f 5727/14338 5741/14382 5740/14339
vt 0.58775 0.29775
f 5726/14172 5758/14383 5762/14354
vt 0.28963 0.11524
f 5730/14109 5754/14222 5748/14384
vt 0.28803 0.11689
f 5730/14109 5748/14384 5768/14385
vt 0.94120 0.36347
vt 0.94048 0.36276
f 5735/14386 5763/14358 5759/14387
vt 0.45701 0.50790
f 5732/14362 5759/14388 5739/14363
vt 0.41688 0.94594
vt 0.41626 0.94639
f 5742/14389 5725/14325 5755/14390
vt 0.41681 0.94533
f 5742/14389 5755/14390 5745/14391
vt 0.92635 0.42413
vt 0.92569 0.42532
vt 0.92421 0.42418
f 5747/14392 5743/14393 5741/14394
vt 0.51522 0.94556
f 5742/14378 5763/14395 5761/14330
vt 0.31514 0.96263
vt 0.31460 0.96240
vt 0.31483 0.96189
f 5752/14396 5738/14397 5756/14398
vt 0.29172 0.11309
f 5754/14222 5767/14399 5748/14384
vt 0.94075 0.36786
vt 0.93985 0.36813
vt 0.94072 0.36748
f 5752/14400 5751/14401 5737/14402
f 5717/14310 5758/14383 5726/14172
vt 0.58940 0.29805
f 5717/14310 5765/14403 5758/14383
vt 0.93218 0.55191
f 5724/14295 5722/14294 5750/14404
vt 0.93644 0.82726
f 5747/14405 5741/14379 5746/14381
f 5730/14109 5768/14385 5744/14219
f 5740/14339 5755/14390 5725/14325
vt 0.99369 0.58461
vt 0.99369 0.58434
vt 0.99393 0.58450
f 5738/14406 5737/14407 5756/14408
vt 0.58237 0.29808
f 5721/14352 5762/14354 5760/14409
vt 0.93637 0.82283
vt 0.93675 0.82181
vt 0.93758 0.82268
f 5722/14410 5713/14411 5760/14412
f 5722/14410 5760/14412 5749/14380
vt 0.93987 0.36661
f 5737/14402 5751/14401 5757/14413
vt 0.96487 0.03053
vt 0.96401 0.03042
vt 0.96433 0.02835
f 5722/14414 5749/14415 5750/14416
vt 0.93217 0.54978
f 5735/14344 5724/14295 5750/14417
vt 0.51564 0.94857
vt 0.51563 0.94916
f 5761/14330 5750/14418 5749/14419
vt 0.92398 0.42571
f 5741/14394 5743/14393 5740/14420
vt 0.94073 0.36694
f 5737/14402 5757/14413 5756/14421
vt 0.94071 0.36805
vt 0.93988 0.36864
f 5752/14422 5766/14423 5751/14401
vt 0.98475 0.88118
vt 0.98422 0.88096
vt 0.98456 0.88084
f 5763/14424 5735/14425 5750/14426
vt 0.92638 0.42694
vt 0.92542 0.42871
vt 0.92455 0.42763
f 5753/14427 5756/14428 5755/14429
vt 0.92742 0.42576
f 5743/14393 5747/14392 5768/14430
f 5749/14380 5760/14412 5746/14381
vt 0.92656 0.42875
f 5752/14431 5756/14428 5753/14427
f 5743/14393 5768/14430 5753/14427
vt 0.45818 0.50738
f 5739/14363 5759/14388 5763/14432
f 5753/14427 5755/14429 5743/14393
vt 0.92706 0.42806
f 5753/14427 5766/14433 5752/14431
vt 0.31410 0.96094
vt 0.31486 0.96094
f 5745/14434 5755/14435 5756/14398
f 5745/14357 5756/14421 5757/14413
vt 0.97893 0.57428
vt 0.97967 0.57459
vt 0.97927 0.57484
f 5763/14436 5750/14437 5761/14438
f 5755/14429 5740/14420 5743/14393
vt 0.93762 0.82829
f 5747/14405 5746/14381 5758/14439
f 5745/14357 5757/14413 5763/14358
vt 0.58479 0.29844
f 5760/14409 5762/14354 5746/14440
f 5739/14363 5763/14432 5757/14347
f 5758/14383 5746/14440 5762/14354
vt 0.46335 0.50741
f 5751/14332 5766/14441 5764/14374
vt 0.98855 0.09189
vt 0.98807 0.09224
vt 0.98807 0.09148
f 5758/14442 5765/14443 5747/14444
vt 0.58842 0.29951
vt 0.58941 0.30040
f 5747/14445 5765/14403 5768/14446
vt 0.58800 0.30296
vt 0.58847 0.30200
vt 0.58933 0.30421
f 5766/14447 5753/14448 5767/14449
f 5744/14219 5768/14385 5765/14377
f 5764/14334 5767/14399 5754/14222
vt 0.46483 0.50682
f 5764/14374 5766/14441 5767/14450
vt 0.58956 0.30245
f 5753/14448 5768/14446 5748/14451
f 5767/14449 5753/14448 5748/14451
vt 0.99084 0.55222
vt 0.99084 0.55283
vt 0.99058 0.55264
f 180/14452 230/14453 281/14454
f 429/1198 493/1360 474/1199
vt 0.18985 0.96231
f 429/14455 417/1401 493/1397
vt 0.98595 0.63899
vt 0.98602 0.63775
vt 0.98638 0.63791
f 5769/14456 538/14457 439/14458
vt 0.84216 0.05859
f 5770/14459 591/1668 552/1465
f 1785/4787 1935/4696 1716/4516
vt 0.93927 0.35836
f 5772/6194 5771/14460 2248/6195
vt 0.84845 0.97735
vt 0.84942 0.97557
vt 0.84962 0.97728
f 5772/14461 2556/14462 5771/14463
vt 0.98106 0.49822
vt 0.98106 0.49637
vt 0.98159 0.49648
f 5772/14464 5773/14465 2556/14466
vt 0.75133 0.03710
f 5776/7263 2914/14467 2884/7206
vt 0.74950 0.03561
f 5776/7263 5775/14468 2914/7207
vt 0.94984 0.64140
vt 0.95053 0.63567
vt 0.95131 0.63709
f 5776/14469 3155/14470 5775/14471
vt 0.95014 0.63547
f 5776/14469 3172/14472 3155/14470
vt 0.97388 0.88365
vt 0.97445 0.88857
vt 0.97388 0.88875
f 5776/14473 3083/14474 3172/14475
vt 0.95445 0.10794
vt 0.95281 0.10340
vt 0.95412 0.10285
f 5776/14476 3099/14477 3083/14478
vt 0.12678 0.29782
vt 0.12727 0.30224
f 5776/14479 3063/7381 3099/14480
f 5776/14479 2939/6928 3063/7381
vt 0.98422 0.96789
vt 0.98447 0.96968
vt 0.98422 0.97030
f 5776/14481 2889/14482 2939/14483
vt 0.71068 0.40328
f 3206/14484 3343/8319 3265/8188
f 3206/14484 5777/8394 3343/8319
f 3206/14484 3293/8256 5777/8258
vt 0.98129 0.60491
vt 0.98106 0.60080
vt 0.98129 0.59983
f 3206/14485 5778/14486 3293/14487
vt 0.88462 0.00931
f 3206/14488 3277/8141 5778/8278
f 3206/14488 3265/8080 3277/8141
vt 0.93298 0.24737
f 4342/10746 4361/10637 4479/14489
f 4476/11169 5780/11185 4475/11170
vt 0.98669 0.64405
vt 0.98599 0.64364
vt 0.98651 0.64334
f 4476/14490 4617/14491 5780/14492
vt 0.97388 0.22414
vt 0.97508 0.22427
vt 0.97430 0.22546
f 4476/14493 4523/14494 4617/14495
vt 0.97428 0.22379
f 4476/14493 4473/14496 4523/14494
vt 0.86506 0.97717
vt 0.86536 0.97563
vt 0.86626 0.97633
f 4480/14497 4647/14498 4553/14499
vt 0.98318 0.09046
vt 0.98402 0.09032
vt 0.98349 0.09123
f 4647/14500 4697/14501 4553/14502
vt 0.72898 0.71283
vt 0.72847 0.71262
f 5794/12036 4807/14503 4910/14504
vt 0.98782 0.59977
vt 0.98782 0.60075
vt 0.98743 0.60024
f 5781/14505 4998/14506 5060/14507
vt 0.98036 0.63317
vt 0.98017 0.63526
vt 0.97984 0.63418
f 5781/14508 5209/14509 4998/14510
vt 0.98148 0.07622
vt 0.98148 0.07926
vt 0.98106 0.07911
f 5781/14511 5274/14512 5209/14513
vt 0.78983 0.10265
f 5781/14514 5782/13147 5274/13317
vt 0.89027 0.97548
vt 0.89084 0.97830
vt 0.89040 0.97919
f 5781/14515 5175/14516 5782/14517
vt 0.83358 0.90822
f 5781/12600 5783/12687 5175/14518
vt 0.67245 0.94688
f 5784/14519 1905/4859 5785/4963
f 5784/14519 5800/4918 1905/4859
f 5784/14519 1918/4919 5800/4918
vt 0.99419 0.92857
vt 0.99425 0.92837
vt 0.99425 0.92888
f 5784/14520 5785/14521 5800/14522
vt 0.99381 0.33679
vt 0.99369 0.33707
vt 0.99369 0.33652
f 5784/14523 5800/14524 1943/14525
vt 0.67298 0.94742
f 5784/14519 1943/14526 1918/4919
vt 0.13624 0.30143
f 5787/14527 2667/6767 2710/6769
vt 0.98485 0.83500
vt 0.98436 0.83418
vt 0.98494 0.83490
f 5787/14528 2696/14529 5786/14530
vt 0.99233 0.72004
vt 0.99212 0.72026
vt 0.99209 0.71979
f 5787/14531 5789/14532 2667/14533
vt 0.99419 0.88206
vt 0.99429 0.88206
vt 0.99420 0.88234
f 5787/14534 5788/14535 5789/14536
vt 0.98482 0.83509
f 5787/14528 5786/14530 5788/14537
vt 0.99428 0.39030
vt 0.99428 0.39075
vt 0.99419 0.39057
f 5787/14538 2710/14539 5789/14540
vt 0.97350 0.96221
vt 0.97378 0.96233
f 5787/14541 5789/14542 2753/6880
vt 0.98422 0.83496
f 5787/14528 2753/14543 2696/14529
vt 0.91143 0.55787
f 5790/14544 3087/7623 3054/7664
f 5790/14544 3054/7664 3154/7948
vt 0.91025 0.55909
f 5790/14544 3292/14545 3012/7740
vt 0.98923 0.00957
vt 0.98926 0.00845
vt 0.98936 0.00916
f 5790/14546 3012/14547 5791/14548
vt 0.82848 0.98992
vt 0.82829 0.99008
vt 0.82839 0.98923
f 5790/14549 3135/14550 3087/14551
vt 0.98940 0.00975
f 5790/14546 5791/14548 3135/14552
vt 0.94227 0.41659
f 5793/14553 3024/7835 3142/7834
f 5793/14553 3176/7941 3024/7835
f 5793/14553 5792/7942 3176/7941
vt 0.99419 0.30426
vt 0.99419 0.30362
vt 0.99425 0.30402
f 5790/14554 3154/14555 3135/14556
f 5790/14544 3135/7856 3163/7949
vt 0.99312 0.32058
vt 0.99327 0.32021
vt 0.99327 0.32076
f 5793/14557 3142/14558 3176/14559
f 5793/14553 3176/7941 3177/7884
vt 0.97854 0.05534
vt 0.97879 0.05402
vt 0.97953 0.05401
f 5790/14560 3163/14561 3292/14562
f 5793/14553 3177/7884 3242/8091
vt 0.94274 0.41614
f 5793/14553 3242/8091 5792/14563
vt 0.72820 0.71195
vt 0.72843 0.71238
f 5795/14564 5794/12036 4910/14565
f 5795/14564 4910/14565 5796/12441
vt 0.99383 0.30655
vt 0.99369 0.30677
vt 0.99369 0.30629
f 5795/14566 5796/14567 5794/14568
f 5795/14564 5796/12441 4990/12480
vt 0.99369 0.42184
vt 0.99383 0.42159
vt 0.99383 0.42206
f 5795/14569 5797/14570 5796/14571
f 5795/14564 4990/12480 5797/12481
vt 0.78913 0.74452
f 5799/14572 5223/12995 5130/12825
vt 0.98751 0.21770
vt 0.98787 0.21745
vt 0.98768 0.21820
f 5799/14573 5130/14574 5222/14575
vt 0.78905 0.74486
f 5799/14572 5798/14576 5223/12995
vt 0.99159 0.81726
vt 0.99157 0.81781
vt 0.99138 0.81756
f 5799/14577 5230/14578 5798/14579
vt 0.99301 0.22383
vt 0.99301 0.22429
vt 0.99280 0.22412
f 5799/14580 5222/14581 5798/14582
vt 0.99297 0.71306
vt 0.99280 0.71275
vt 0.99297 0.71251
f 5799/14583 5798/14584 5241/14585
vt 0.93735 0.85605
vt 0.93798 0.85585
f 5799/14586 5241/13163 5230/14587

