
v 0.4635 -0.1689 -0.7423
v 0.4642 -0.1646 -0.7423
v 0.4677 -0.1689 -0.7341
v 0.4668 -0.1582 -0.7464
v 0.4659 -0.1692 -0.7548
v 0.4684 -0.1633 -0.7608
v 0.4701 -0.1685 -0.7802
v 0.4697 -0.1632 -0.7687
v 0.4682 -0.1697 -0.7709
v 0.4740 -0.1538 -0.7707
v 0.4738 -0.1577 -0.7595
v 0.4715 -0.1694 -0.7288
v 0.4745 -0.1406 -0.7822
v 0.4724 -0.1706 -0.7446
v 0.4754 -0.1460 -0.7556
v 0.4739 -0.1352 -0.7720
v 0.4754 -0.1289 -0.7848
v 0.4745 -0.1427 -0.7677
v 0.4772 -0.1650 -0.7297
v 0.4790 -0.1320 -0.8000
v 0.4780 -0.1382 -0.7537
v 0.4775 -0.1701 -0.8040
v 0.4771 -0.1233 -0.7934
v 0.4731 -0.1694 -0.7933
v 0.4798 -0.1705 -0.7863
v 0.4763 -0.1550 -0.7912
v 0.4812 -0.1693 -0.7263
v 0.4764 -0.1557 -0.7536
v 0.4794 -0.1222 -0.7810
v 0.4774 -0.1634 -0.8019
v 0.4793 -0.1277 -0.7721
v 0.4799 -0.1348 -0.7656
v 0.4757 -0.1703 -0.7606
v 0.4755 -0.1618 -0.7360
v 0.4839 -0.1572 -0.7488
v 0.4837 -0.1259 -0.7986
v 0.4827 -0.1151 -0.7778
v 0.4813 -0.1691 -0.8137
v 0.4859 -0.1352 -0.7494
v 0.4814 -0.1572 -0.7423
v 0.4831 -0.1689 -0.7193
v 0.4848 -0.1647 -0.7217
v 0.4835 -0.1301 -0.7598
v 0.4865 -0.1563 -0.7289
v 0.4854 -0.1691 -0.7088
v 0.4871 -0.1522 -0.7465
v 0.4940 -0.1706 -0.7138
v 0.4857 -0.0982 -0.7806
v 0.4897 -0.1703 -0.7670
v 0.4950 -0.1703 -0.7516
v 0.4920 -0.1095 -0.7938
v 0.4865 -0.1096 -0.7834
v 0.4876 -0.1687 -0.8234
v 0.4847 -0.1197 -0.7921
v 0.4869 -0.1689 -0.7016
v 0.4890 -0.1279 -0.7675
v 0.4906 -0.1266 -0.7626
v 0.4877 -0.1653 -0.7128
v 0.4882 -0.1688 -0.6940
v 0.4839 -0.1361 -0.8047
v 0.4867 -0.1551 -0.8091
v 0.4902 -0.0976 -0.7905
v 0.4913 -0.1211 -0.8007
v 0.4940 -0.1276 -0.7533
v 0.4909 -0.1419 -0.8073
v 0.4953 -0.0920 -0.7674
v 0.4915 -0.1530 -0.7433
v 0.4919 -0.1298 -0.8014
v 0.4920 -0.1499 -0.7153
v 0.4896 -0.1175 -0.7660
v 0.4900 -0.1689 -0.6880
v 0.4894 -0.0889 -0.7781
v 0.4920 -0.1689 -0.6784
v 0.4899 -0.1059 -0.7671
v 0.4935 -0.1425 -0.8269
v 0.4857 -0.1704 -0.7354
v 0.4940 -0.1509 -0.8133
v 0.4926 -0.1616 -0.7135
v 0.4922 -0.1128 -0.8001
v 0.4983 -0.1103 -0.7984
v 0.4946 -0.1703 -0.8021
v 0.4983 -0.1554 -0.7086
v 0.4947 -0.1638 -0.6953
v 0.4937 -0.1687 -0.6728
v 0.4944 -0.1391 -0.8150
v 0.4936 -0.1608 -0.8277
v 0.4955 -0.1479 -0.8094
v 0.4961 -0.1305 -0.8176
v 0.4979 -0.1311 -0.8301
v 0.5030 -0.1703 -0.7711
v 0.4969 -0.1610 -0.7043
v 0.4951 -0.1483 -0.7136
v 0.4955 -0.1692 -0.6666
v 0.4968 -0.1683 -0.6613
v 0.4947 -0.1552 -0.7262
v 0.4953 -0.0857 -0.7860
v 0.4978 -0.1251 -0.8061
v 0.4995 -0.1445 -0.7008
v 0.4985 -0.1429 -0.7109
v 0.4984 -0.1297 -0.8120
v 0.5028 -0.1216 -0.8189
v 0.4970 -0.1706 -0.6942
v 0.4903 -0.1707 -0.7263
v 0.4944 -0.1390 -0.7435
v 0.4983 -0.1557 -0.7313
v 0.4988 -0.1422 -0.7191
v 0.4985 -0.1700 -0.8331
v 0.4982 -0.1398 -0.8079
v 0.4989 -0.1683 -0.6550
v 0.5005 -0.1266 -0.7564
v 0.5012 -0.1707 -0.8254
v 0.4988 -0.1459 -0.7412
v 0.4981 -0.1549 -0.7400
v 0.4992 -0.0963 -0.7974
v 0.5030 -0.1420 -0.7246
v 0.5004 -0.1171 -0.7569
v 0.4991 -0.1606 -0.6994
v 0.5022 -0.1344 -0.7054
v 0.5002 -0.1635 -0.6762
v 0.5014 -0.1363 -0.7156
v 0.5016 -0.1150 -0.8024
v 0.5028 -0.1694 -0.6447
v 0.5038 -0.1633 -0.8360
v 0.5036 -0.1316 -0.7506
v 0.4974 -0.1529 -0.8317
v 0.5022 -0.1408 -0.7442
v 0.5037 -0.1268 -0.7400
v 0.5039 -0.0958 -0.7500
v 0.5054 -0.1649 -0.6506
v 0.5141 -0.1703 -0.6478
v 0.5040 -0.1370 -0.7302
v 0.5091 -0.1292 -0.7030
v 0.5043 -0.1435 -0.7362
v 0.5014 -0.1081 -0.7519
v 0.5044 -0.0948 -0.7581
v 0.5041 -0.1537 -0.7418
v 0.5045 -0.1201 -0.8305
v 0.5079 -0.1628 -0.6614
v 0.5029 -0.1195 -0.8243
v 0.5072 -0.1366 -0.7352
v 0.5039 -0.1214 -0.8044
v 0.5028 -0.0863 -0.7953
v 0.5095 -0.1322 -0.7224
v 0.5086 -0.0979 -0.7995
v 0.5097 -0.0787 -0.7584
v 0.5066 -0.1683 -0.6282
v 0.5067 -0.1151 -0.7390
v 0.5064 -0.0856 -0.7611
v 0.5048 -0.1335 -0.8081
v 0.5101 -0.1197 -0.8100
v 0.5100 -0.1245 -0.8163
v 0.5066 -0.1290 -0.7141
v 0.5058 -0.1686 -0.6334
v 0.5072 -0.1413 -0.6976
v 0.5086 -0.1149 -0.8046
v 0.5022 -0.0835 -0.7650
v 0.5096 -0.1265 -0.8360
v 0.5061 -0.1201 -0.7467
v 0.5078 -0.1270 -0.7347
v 0.5115 -0.1703 -0.7105
v 0.5120 -0.1628 -0.6501
v 0.5141 -0.1396 -0.8388
v 0.5102 -0.1588 -0.6937
v 0.5097 -0.1538 -0.6615
v 0.5197 -0.1629 -0.6248
v 0.5043 -0.0827 -0.7815
v 0.5089 -0.0878 -0.7951
v 0.5076 -0.1275 -0.8074
v 0.5102 -0.1683 -0.6197
v 0.5111 -0.1109 -0.8142
v 0.5112 -0.1703 -0.7323
v 0.5112 -0.1317 -0.7277
v 0.5092 -0.1194 -0.8075
v 0.5137 -0.1188 -0.8045
v 0.5120 -0.1608 -0.6678
v 0.5097 -0.1141 -0.8089
v 0.5134 -0.1034 -0.7438
v 0.5170 -0.0731 -0.7488
v 0.5087 -0.1689 -0.8492
v 0.5178 -0.1299 -0.7223
v 0.5126 -0.0981 -0.8167
v 0.5207 -0.1510 -0.6595
v 0.5082 -0.0814 -0.7503
v 0.5135 -0.1184 -0.8279
v 0.5125 -0.1224 -0.7328
v 0.5136 -0.0796 -0.7685
v 0.5159 -0.1581 -0.6902
v 0.5125 -0.1052 -0.8097
v 0.5140 -0.1703 -0.8150
v 0.5146 -0.1223 -0.8321
v 0.5183 -0.0897 -0.7832
v 0.5269 -0.1703 -0.6345
v 0.5056 -0.1705 -0.6776
v 0.5162 -0.0972 -0.7943
v 0.5203 -0.1349 -0.7047
v 0.5166 -0.0962 -0.8091
v 0.5153 -0.0865 -0.8191
v 0.5133 -0.1213 -0.7270
v 0.5139 -0.1045 -0.8033
v 0.5180 -0.1046 -0.7351
v 0.5325 -0.1702 -0.7470
v 0.5150 -0.1373 -0.6982
v 0.5155 -0.1424 -0.6947
v 0.5049 -0.1705 -0.6603
v 0.5148 -0.1124 -0.7363
v 0.5167 -0.1703 -0.6226
v 0.5163 -0.1626 -0.6395
v 0.5172 -0.0905 -0.7412
v 0.5159 -0.0776 -0.7744
v 0.5158 -0.1681 -0.6108
v 0.5232 -0.1703 -0.7088
v 0.5122 -0.1286 -0.7088
v 0.5168 -0.0701 -0.7710
v 0.5187 -0.1703 -0.7550
v 0.5147 -0.1057 -0.8230
v 0.5177 -0.1298 -0.7174
v 0.5190 -0.0870 -0.8259
v 0.5186 -0.1321 -0.8381
v 0.5147 -0.1703 -0.7774
v 0.5159 -0.1703 -0.6910
v 0.5186 -0.0860 -0.7812
v 0.5206 -0.0586 -0.7731
v 0.5226 -0.1526 -0.6653
v 0.5161 -0.0683 -0.7588
v 0.5158 -0.1693 -0.8569
v 0.5173 -0.1151 -0.8029
v 0.5151 -0.1541 -0.8381
v 0.5195 -0.0681 -0.7659
v 0.5195 -0.1070 -0.7988
v 0.5211 -0.0862 -0.7985
v 0.5197 -0.1513 -0.6920
v 0.5217 -0.1556 -0.8497
v 0.5184 -0.1003 -0.8270
v 0.5162 -0.1122 -0.7270
v 0.5201 -0.0957 -0.7991
v 0.5203 -0.0838 -0.8114
v 0.5244 -0.0882 -0.7921
v 0.5218 -0.0680 -0.8162
v 0.5194 -0.1031 -0.7274
v 0.5224 -0.1694 -0.6038
v 0.5221 -0.1683 -0.8622
v 0.5228 -0.1006 -0.7930
v 0.5208 -0.1236 -0.8391
v 0.5232 -0.0611 -0.7557
v 0.5193 -0.1055 -0.8363
v 0.5242 -0.1006 -0.8345
v 0.5133 -0.1703 -0.7951
v 0.5151 -0.1705 -0.8347
v 0.5249 -0.0932 -0.7319
v 0.5262 -0.0680 -0.7505
v 0.5241 -0.0832 -0.7421
v 0.5201 -0.1704 -0.8511
v 0.5208 -0.0743 -0.7818
v 0.5260 -0.1451 -0.7039
v 0.5270 -0.1703 -0.6761
v 0.5242 -0.1592 -0.6678
v 0.5214 -0.1586 -0.6790
v 0.5254 -0.0639 -0.8040
v 0.5275 -0.0742 -0.7471
v 0.5294 -0.1703 -0.8422
v 0.5241 -0.0730 -0.8010
v 0.5215 -0.0815 -0.8161
v 0.5219 -0.1528 -0.6509
v 0.5278 -0.1363 -0.7170
v 0.5307 -0.0932 -0.8371
v 0.5265 -0.0702 -0.7868
v 0.5233 -0.1570 -0.6914
v 0.5248 -0.1606 -0.6501
v 0.5250 -0.0615 -0.7630
v 0.5253 -0.1226 -0.8441
v 0.5264 -0.0570 -0.8227
v 0.5249 -0.0536 -0.8116
v 0.5319 -0.1069 -0.8420
v 0.5314 -0.1034 -0.7216
v 0.5273 -0.0540 -0.7809
v 0.5236 -0.1144 -0.8407
v 0.5272 -0.0783 -0.7942
v 0.5280 -0.0988 -0.7242
v 0.5303 -0.1560 -0.8562
v 0.5260 -0.1703 -0.8026
v 0.5292 -0.0790 -0.7440
v 0.5260 -0.1383 -0.8524
v 0.5261 -0.0509 -0.7667
v 0.5241 -0.0880 -0.8327
v 0.5342 -0.0515 -0.7921
v 0.5295 -0.0482 -0.8067
v 0.5288 -0.0559 -0.7602
v 0.5285 -0.0606 -0.7574
v 0.5280 -0.0859 -0.7339
v 0.5305 -0.1559 -0.6538
v 0.5304 -0.0702 -0.7443
v 0.5302 -0.0407 -0.8165
v 0.5306 -0.0404 -0.7635
v 0.5310 -0.1586 -0.6681
v 0.5301 -0.1577 -0.6765
v 0.5300 -0.1588 -0.6582
v 0.5276 -0.0640 -0.7921
v 0.5324 -0.1703 -0.8216
v 0.5297 -0.0380 -0.7580
v 0.5313 -0.0704 -0.7966
v 0.5293 -0.0484 -0.7542
v 0.5279 -0.0585 -0.8017
v 0.5324 -0.1272 -0.8483
v 0.5228 -0.1299 -0.8488
v 0.5300 -0.1703 -0.7850
v 0.5295 -0.1541 -0.7036
v 0.5300 -0.1703 -0.6564
v 0.5296 -0.1148 -0.7205
v 0.5301 -0.0795 -0.8270
v 0.5331 -0.0312 -0.7667
v 0.5294 -0.1288 -0.7177
v 0.5327 -0.1447 -0.7120
v 0.5334 -0.1371 -0.7167
v 0.5350 -0.0741 -0.8300
v 0.5329 -0.1634 -0.6060
v 0.5340 -0.1194 -0.8464
v 0.5283 -0.1694 -0.8655
v 0.5417 -0.1494 -0.8631
v 0.5343 -0.0619 -0.7968
v 0.5302 -0.1695 -0.5955
v 0.5319 -0.0838 -0.7407
v 0.5308 -0.0281 -0.7592
v 0.5389 -0.0616 -0.7431
v 0.5327 -0.1282 -0.6098
v 0.5327 -0.0307 -0.7782
v 0.5334 -0.1430 -0.6104
v 0.5315 -0.0586 -0.7480
v 0.5321 -0.1632 -0.6121
v 0.5311 -0.1604 -0.6442
v 0.5300 -0.0378 -0.7763
v 0.5340 -0.1557 -0.6927
v 0.5341 -0.1511 -0.7084
v 0.5377 -0.1702 -0.6248
v 0.5443 -0.1094 -0.8356
v 0.5325 -0.1378 -0.6088
v 0.5358 -0.1686 -0.5917
v 0.5354 -0.1600 -0.8652
v 0.5381 -0.1490 -0.6967
v 0.5343 -0.0523 -0.8016
v 0.5344 -0.0860 -0.8337
v 0.5339 -0.1516 -0.6740
v 0.5355 -0.1562 -0.6825
v 0.5346 -0.0479 -0.8020
v 0.5394 -0.0363 -0.8242
v 0.5380 -0.0270 -0.8047
v 0.5354 -0.1264 -0.6140
v 0.5320 -0.1703 -0.7243
v 0.5364 -0.1703 -0.7011
v 0.5354 -0.0407 -0.7962
v 0.5379 -0.1703 -0.7667
v 0.5374 -0.1330 -0.8527
v 0.5371 -0.0258 -0.7937
v 0.5365 -0.0257 -0.7720
v 0.5355 -0.1434 -0.7054
v 0.5330 -0.1493 -0.6099
v 0.5316 -0.1651 -0.6006
v 0.5377 -0.0457 -0.7891
v 0.5374 -0.1358 -0.7014
v 0.5374 -0.0394 -0.8092
v 0.5404 -0.0353 -0.7885
v 0.5343 -0.0244 -0.7558
v 0.5397 -0.0181 -0.7556
v 0.5404 -0.1331 -0.7198
v 0.5400 -0.1160 -0.7225
v 0.5394 -0.0684 -0.7412
v 0.5384 -0.1355 -0.7081
v 0.5396 -0.0130 -0.7945
v 0.5426 -0.1533 -0.6910
v 0.5377 -0.0768 -0.7381
v 0.5369 -0.0927 -0.7317
v 0.5403 -0.0377 -0.8155
v 0.5409 -0.1502 -0.6734
v 0.5368 -0.1613 -0.6286
v 0.5347 -0.1521 -0.6982
v 0.5391 -0.0924 -0.7385
v 0.5339 -0.1456 -0.8566
v 0.5391 -0.0147 -0.8079
v 0.5417 -0.1621 -0.6238
v 0.5411 -0.1323 -0.6225
v 0.5402 -0.1387 -0.7128
v 0.5374 -0.0641 -0.8317
v 0.5388 -0.1521 -0.6678
v 0.5422 -0.0839 -0.7349
v 0.5384 -0.1393 -0.6188
v 0.5458 -0.1578 -0.8732
v 0.5429 -0.0828 -0.8337
v 0.5370 -0.1581 -0.6120
v 0.5412 -0.1267 -0.6041
v 0.5398 -0.0068 -0.8078
v 0.5399 -0.0423 -0.7434
v 0.5418 0.0062 -0.8112
v 0.5413 -0.0987 -0.8350
v 0.5422 -0.1516 -0.6154
v 0.5446 -0.1703 -0.6619
v 0.5362 -0.1689 -0.8733
v 0.5426 -0.0254 -0.7891
v 0.5417 -0.0259 -0.7483
v 0.5463 -0.1152 -0.7306
v 0.5392 -0.0318 -0.7469
v 0.5430 -0.1168 -0.8375
v 0.5444 -0.0070 -0.7941
v 0.5402 -0.1487 -0.6233
v 0.5469 0.0120 -0.8219
v 0.5421 -0.1382 -0.6275
v 0.5435 -0.0339 -0.7371
v 0.5442 -0.1702 -0.7378
v 0.5437 -0.0916 -0.7350
v 0.5406 -0.1596 -0.6052
v 0.5423 -0.1188 -0.8472
v 0.5394 -0.1570 -0.6649
v 0.5418 -0.0243 -0.7768
v 0.5422 -0.0910 -0.8334
v 0.5380 -0.0432 -0.8295
v 0.5430 -0.1182 -0.6876
v 0.5423 -0.0263 -0.8166
v 0.5464 -0.1270 -0.6215
v 0.5450 -0.1197 -0.6962
v 0.5434 -0.1014 -0.7327
v 0.5451 -0.1097 -0.6817
v 0.5388 -0.1704 -0.8614
v 0.5438 -0.0120 -0.7613
v 0.5418 -0.1703 -0.8027
v 0.5445 -0.1143 -0.6955
v 0.5431 -0.1683 -0.8820
v 0.5396 -0.1703 -0.6041
v 0.5431 -0.1099 -0.6934
v 0.5457 -0.1318 -0.8502
v 0.5485 -0.1609 -0.6173
v 0.5442 -0.1361 -0.8641
v 0.5503 -0.1520 -0.6859
v 0.5447 -0.1679 -0.5857
v 0.5420 -0.1360 -0.6955
v 0.5420 -0.0233 -0.7403
v 0.5456 -0.0047 -0.8223
v 0.5532 -0.1519 -0.6309
v 0.5429 -0.0175 -0.7688
v 0.5467 -0.1605 -0.6296
v 0.5430 -0.0737 -0.7401
v 0.5462 -0.0333 -0.6851
v 0.5460 -0.0371 -0.6957
v 0.5507 -0.0230 -0.8280
v 0.5450 -0.1266 -0.6264
v 0.5459 -0.0382 -0.6812
v 0.5433 -0.0584 -0.8336
v 0.5430 -0.0110 -0.7424
v 0.5534 -0.1706 -0.5921
v 0.5465 -0.0333 -0.6925
v 0.5476 -0.1558 -0.6703
v 0.5466 -0.1433 -0.5995
v 0.5409 -0.1431 -0.6104
v 0.5408 -0.1350 -0.6106
v 0.5457 -0.1499 -0.6008
v 0.5439 -0.0161 -0.7518
v 0.5450 -0.1344 -0.8541
v 0.5455 -0.1332 -0.7215
v 0.5444 -0.1648 -0.5975
v 0.5545 -0.1585 -0.6475
v 0.5456 -0.0089 -0.7499
v 0.5444 -0.0433 -0.6836
v 0.5465 -0.0116 -0.7704
v 0.5464 -0.0155 -0.7806
v 0.5450 -0.1416 -0.6256
v 0.5465 -0.1212 -0.8424
v 0.5453 -0.1189 -0.6831
v 0.5480 -0.0017 -0.7659
v 0.5407 -0.1275 -0.6120
v 0.5463 -0.0535 -0.7326
v 0.5490 -0.1397 -0.6313
v 0.5542 -0.0943 -0.7316
v 0.5472 -0.1573 -0.6211
v 0.5476 -0.1312 -0.6857
v 0.5498 -0.1541 -0.6247
v 0.5479 -0.1324 -0.7242
v 0.5491 -0.0075 -0.7589
v 0.5457 -0.1580 -0.6548
v 0.5481 0.0042 -0.7754
v 0.5460 -0.0805 -0.6876
v 0.5452 -0.0610 -0.6888
v 0.5480 -0.1001 -0.6926
v 0.5461 -0.1614 -0.6116
v 0.5458 -0.0437 -0.6965
v 0.5476 -0.0566 -0.6909
v 0.5509 -0.1581 -0.6250
v 0.5482 -0.0874 -0.6844
v 0.5491 -0.0727 -0.8355
v 0.5474 -0.0022 -0.7769
v 0.5502 -0.1161 -0.8452
v 0.5478 -0.1415 -0.6886
v 0.5451 -0.1559 -0.6803
v 0.5488 -0.0872 -0.7381
v 0.5481 -0.0463 -0.8317
v 0.5454 -0.1291 -0.7099
v 0.5495 -0.0229 -0.6909
v 0.5481 -0.1054 -0.6860
v 0.5481 -0.1299 -0.6950
v 0.5515 -0.1193 -0.7068
v 0.5485 0.0188 -0.8089
v 0.5492 -0.0469 -0.6818
v 0.5533 -0.1151 -0.6749
v 0.5518 -0.1226 -0.6783
v 0.5484 -0.1443 -0.6206
v 0.5516 -0.0920 -0.6991
v 0.5540 -0.0360 -0.7288
v 0.5483 -0.1691 -0.8859
v 0.5502 -0.0033 -0.7465
v 0.5470 -0.1525 -0.6202
v 0.5478 -0.1480 -0.6350
v 0.5498 -0.1060 -0.6990
v 0.5468 -0.1272 -0.8543
v 0.5538 -0.1585 -0.6285
v 0.5482 -0.0330 -0.6946
v 0.5514 -0.0000 -0.7405
v 0.5477 -0.0805 -0.6967
v 0.5556 -0.1289 -0.7235
v 0.5522 -0.0227 -0.6985
v 0.5391 -0.1703 -0.7798
v 0.5495 0.0033 -0.7658
v 0.5452 -0.1703 -0.8274
v 0.5479 -0.0673 -0.6936
v 0.5483 -0.0663 -0.6827
v 0.5514 0.0159 -0.8041
v 0.5507 -0.0330 -0.6780
v 0.5536 0.0101 -0.7847
v 0.5491 -0.0615 -0.6993
v 0.5473 0.0026 -0.8006
v 0.5505 -0.1273 -0.5964
v 0.5500 -0.1114 -0.7044
v 0.5533 -0.1276 -0.6011
v 0.5482 -0.0362 -0.8263
v 0.5485 -0.0169 -0.7900
v 0.5535 -0.1553 -0.6791
v 0.5485 -0.0003 -0.7519
v 0.5508 -0.0878 -0.8382
v 0.5490 -0.0721 -0.7349
v 0.5464 -0.1381 -0.6212
v 0.5499 -0.1327 -0.8470
v 0.5545 0.0085 -0.7654
v 0.5599 0.0098 -0.8307
v 0.5487 -0.0975 -0.8396
v 0.5581 -0.1703 -0.8021
v 0.5535 -0.1703 -0.6309
v 0.5517 -0.1275 -0.6385
v 0.5461 -0.1465 -0.8735
v 0.5500 -0.0429 -0.7024
v 0.5516 0.0132 -0.7724
v 0.5494 -0.1238 -0.8641
v 0.5518 -0.0470 -0.6990
v 0.5513 0.0066 -0.7566
v 0.5526 -0.0616 -0.8338
v 0.5513 -0.0607 -0.6774
v 0.5564 -0.0815 -0.7052
v 0.5513 -0.1690 -0.8923
v 0.5515 -0.1613 -0.8814
v 0.5450 -0.1703 -0.6864
v 0.5523 -0.0011 -0.7965
v 0.5528 -0.1431 -0.6021
v 0.5524 -0.0331 -0.7000
v 0.5523 -0.0089 -0.7924
v 0.5586 -0.0343 -0.7049
v 0.5511 -0.1631 -0.8884
v 0.5538 -0.1000 -0.6789
v 0.5562 -0.1518 -0.6379
v 0.5537 -0.0795 -0.8362
v 0.5623 -0.0470 -0.7029
v 0.5572 0.0071 -0.7929
v 0.5551 -0.0523 -0.8299
v 0.5518 -0.1358 -0.6803
v 0.5507 -0.0172 -0.7345
v 0.5559 -0.1497 -0.5926
v 0.5490 -0.1702 -0.8501
v 0.5544 -0.1527 -0.6290
v 0.5572 -0.1141 -0.7252
v 0.5551 -0.1265 -0.6346
v 0.5571 -0.1258 -0.7162
v 0.5589 -0.0955 -0.7039
v 0.5536 -0.1586 -0.6372
v 0.5549 -0.1657 -0.5832
v 0.5565 -0.0012 -0.7444
v 0.5476 -0.1707 -0.8707
v 0.5517 -0.0797 -0.6774
v 0.5541 -0.1435 -0.6320
v 0.5556 0.0138 -0.7563
v 0.5592 -0.1162 -0.8566
v 0.5549 -0.0752 -0.7015
v 0.5526 -0.1607 -0.6058
v 0.5548 -0.0389 -0.7039
v 0.5552 0.0176 -0.7658
v 0.5545 -0.1642 -0.5900
v 0.5540 -0.0206 -0.6811
v 0.5597 -0.0491 -0.7258
v 0.5523 -0.1422 -0.6376
v 0.5541 -0.1600 -0.5945
v 0.5533 0.0245 -0.8172
v 0.5523 -0.1091 -0.6751
v 0.5499 -0.1703 -0.7145
v 0.5577 -0.0976 -0.8543
v 0.5504 -0.1294 -0.8733
v 0.5564 -0.1582 -0.8903
v 0.5518 -0.0163 -0.6925
v 0.5593 -0.0685 -0.8448
v 0.5664 -0.0432 -0.6727
v 0.5597 -0.1369 -0.5886
v 0.5555 -0.0338 -0.6742
v 0.5607 -0.1624 -0.8963
v 0.5580 0.0269 -0.7725
v 0.5599 -0.0751 -0.7292
v 0.5543 0.0273 -0.8092
v 0.5611 -0.1640 -0.5887
v 0.5606 -0.0032 -0.8318
v 0.5589 0.0244 -0.7545
v 0.5599 -0.0099 -0.7383
v 0.5553 -0.1470 -0.6781
v 0.5542 -0.0442 -0.6746
v 0.5608 -0.1703 -0.6672
v 0.5634 -0.1702 -0.6870
v 0.5563 -0.1215 -0.8542
v 0.5552 -0.1171 -0.8634
v 0.5562 0.0237 -0.7626
v 0.5563 0.0003 -0.7500
v 0.5579 0.0210 -0.8285
v 0.5548 -0.1365 -0.6425
v 0.5574 -0.1703 -0.7735
v 0.5559 -0.1547 -0.8764
v 0.5560 -0.1450 -0.6185
v 0.5599 0.0225 -0.8016
v 0.5582 -0.0590 -0.8294
v 0.5606 -0.1578 -0.6433
v 0.5572 0.0059 -0.7495
v 0.5534 -0.1521 -0.6224
v 0.5574 -0.0595 -0.7034
v 0.5545 -0.1338 -0.6324
v 0.5519 -0.1703 -0.6485
v 0.5582 0.0342 -0.7627
v 0.5638 -0.1173 -0.8700
v 0.5583 -0.1262 -0.6394
v 0.5556 -0.1610 -0.6181
v 0.5590 -0.0139 -0.6838
v 0.5587 -0.0694 -0.8344
v 0.5592 -0.1264 -0.5970
v 0.5593 0.0306 -0.8140
v 0.5547 -0.1272 -0.7033
v 0.5532 -0.1703 -0.6151
v 0.5611 -0.1391 -0.8762
v 0.5600 -0.0092 -0.6915
v 0.5626 -0.0322 -0.6761
v 0.5601 -0.0185 -0.7091
v 0.5567 0.0267 -0.8228
v 0.5594 -0.0436 -0.7062
v 0.5581 -0.1268 -0.5902
v 0.5640 0.0190 -0.7891
v 0.5582 -0.1520 -0.6039
v 0.5528 -0.1478 -0.6414
v 0.5588 -0.1608 -0.6049
v 0.5599 -0.1425 -0.6461
v 0.5573 -0.0853 -0.6767
v 0.5571 -0.1091 -0.7084
v 0.5588 -0.0306 -0.7019
v 0.5602 0.0288 -0.7793
v 0.5587 -0.1453 -0.6072
v 0.5599 0.0409 -0.7648
v 0.5629 0.0281 -0.8079
v 0.5643 -0.1516 -0.6238
v 0.5596 -0.0767 -0.8496
v 0.5627 -0.1627 -0.6095
v 0.5630 0.0280 -0.7580
v 0.5585 -0.1566 -0.6309
v 0.5597 -0.0207 -0.7290
v 0.5604 -0.0100 -0.7036
v 0.5623 -0.1545 -0.6438
v 0.5610 -0.1574 -0.6368
v 0.5615 -0.1197 -0.8597
v 0.5604 -0.0346 -0.6725
v 0.5576 -0.1050 -0.7039
v 0.5637 -0.0498 -0.8346
v 0.5565 -0.1224 -0.7047
v 0.5616 -0.1468 -0.6527
v 0.5586 -0.1703 -0.7490
v 0.5623 0.0327 -0.7968
v 0.5577 -0.1703 -0.7288
v 0.5620 -0.0365 -0.7262
v 0.5599 -0.0607 -0.7278
v 0.5621 -0.1186 -0.7096
v 0.5626 -0.1567 -0.8856
v 0.5618 -0.1382 -0.6533
v 0.5603 -0.1585 -0.5931
v 0.5610 -0.1422 -0.5905
v 0.5629 -0.1259 -0.6483
v 0.5652 -0.1324 -0.6461
v 0.5620 0.0121 -0.7394
v 0.5664 -0.1573 -0.6505
v 0.5639 -0.0810 -0.7040
v 0.5625 0.0202 -0.7506
v 0.5604 -0.0628 -0.6748
v 0.5688 -0.1297 -0.7038
v 0.5643 -0.0925 -0.6771
v 0.5637 0.0392 -0.7630
v 0.5634 -0.1294 -0.5903
v 0.5584 -0.1689 -0.8997
v 0.5616 -0.1055 -0.6764
v 0.5654 -0.1430 -0.5979
v 0.5621 -0.1434 -0.6426
v 0.5662 -0.1104 -0.7246
v 0.5657 -0.1201 -0.8618
v 0.5629 0.0352 -0.8047
v 0.5616 -0.1426 -0.5987
v 0.5626 0.0254 -0.8185
v 0.5636 -0.1564 -0.6470
v 0.5630 -0.1478 -0.5890
v 0.5644 -0.0521 -0.7278
v 0.5652 -0.0461 -0.6754
v 0.5638 -0.1132 -0.7081
v 0.5696 -0.1703 -0.7065
v 0.5634 -0.1517 -0.6426
v 0.5665 0.0301 -0.7828
v 0.5665 -0.1446 -0.6441
v 0.5610 -0.1222 -0.6762
v 0.5630 -0.0134 -0.8316
v 0.5601 -0.1550 -0.6769
v 0.5641 -0.1268 -0.6000
v 0.5610 0.0206 -0.7444
v 0.5650 -0.1519 -0.6503
v 0.5628 -0.0182 -0.7334
v 0.5585 -0.1694 -0.5802
v 0.5596 -0.1519 -0.6307
v 0.5636 -0.1540 -0.6113
v 0.5648 -0.1581 -0.6254
v 0.5676 -0.0581 -0.7021
v 0.5627 -0.0668 -0.7033
v 0.5665 -0.1017 -0.6783
v 0.5601 -0.1703 -0.8351
v 0.5640 -0.1576 -0.6446
v 0.5631 0.0426 -0.7730
v 0.5621 -0.0370 -0.8325
v 0.5612 -0.1286 -0.6523
v 0.5660 -0.1428 -0.6533
v 0.5615 -0.0251 -0.6770
v 0.5675 0.0204 -0.8155
v 0.5733 -0.1703 -0.7520
v 0.5681 -0.1544 -0.6772
v 0.5666 0.0080 -0.8309
v 0.5657 -0.1215 -0.7055
v 0.5647 -0.1330 -0.6523
v 0.5696 -0.0293 -0.7045
v 0.5660 -0.1570 -0.6559
v 0.5670 -0.1345 -0.6609
v 0.5661 -0.0643 -0.8525
v 0.5681 -0.0262 -0.8415
v 0.5653 -0.0941 -0.8550
v 0.5664 -0.0123 -0.7185
v 0.5677 -0.0764 -0.6775
v 0.5700 -0.0172 -0.6833
v 0.5661 -0.0214 -0.7174
v 0.5708 -0.1305 -0.7104
v 0.5641 -0.1318 -0.7226
v 0.5726 -0.0618 -0.6975
v 0.5647 -0.1434 -0.6475
v 0.5686 -0.0451 -0.7287
v 0.5675 0.0377 -0.7788
v 0.5676 -0.0558 -0.6775
v 0.5672 -0.1212 -0.7233
v 0.5661 -0.1556 -0.6489
v 0.5656 -0.0277 -0.7311
v 0.5692 0.0259 -0.7535
v 0.5683 0.0305 -0.7454
v 0.5665 -0.1703 -0.6252
v 0.5636 -0.1103 -0.6735
v 0.5687 -0.1567 -0.6533
v 0.5642 -0.1703 -0.8780
v 0.5680 -0.1683 -0.9049
v 0.5681 -0.0622 -0.8465
v 0.5745 -0.1556 -0.8827
v 0.5663 0.0169 -0.8289
v 0.5660 -0.1633 -0.5961
v 0.5718 -0.1217 -0.7022
v 0.5686 0.0461 -0.8027
v 0.5647 -0.1591 -0.6130
v 0.5669 0.0405 -0.7712
v 0.5656 -0.0234 -0.7234
v 0.5728 -0.0661 -0.8586
v 0.5723 -0.0069 -0.7156
v 0.5717 -0.1341 -0.6543
v 0.5689 0.0358 -0.7670
v 0.5690 -0.1309 -0.8762
v 0.5692 -0.0932 -0.7004
v 0.5672 -0.1575 -0.6042
v 0.5712 -0.0799 -0.7007
v 0.5678 -0.1399 -0.7239
v 0.5684 -0.1558 -0.6545
v 0.5685 -0.1523 -0.6119
v 0.5722 -0.1582 -0.6417
v 0.5685 -0.0186 -0.8340
v 0.5711 -0.1706 -0.5831
v 0.5675 -0.1608 -0.8948
v 0.5701 0.0422 -0.7588
v 0.5688 0.0216 -0.7861
v 0.5687 -0.0809 -0.8562
v 0.5695 -0.0146 -0.7297
v 0.5649 0.0234 -0.8222
v 0.5692 -0.1355 -0.6101
v 0.5671 -0.1703 -0.8968
v 0.5701 -0.0431 -0.7044
v 0.5692 -0.1421 -0.6629
v 0.5673 -0.1181 -0.6737
v 0.5670 -0.1247 -0.8750
v 0.5699 -0.1548 -0.6090
v 0.5668 -0.0367 -0.7036
v 0.5724 0.0489 -0.7975
v 0.5707 0.0255 -0.7397
v 0.5704 0.0242 -0.8173
v 0.5703 0.0346 -0.7856
v 0.5676 0.0327 -0.7584
v 0.5693 -0.1403 -0.6781
v 0.5671 0.0002 -0.7324
v 0.5664 -0.0229 -0.8328
v 0.5716 -0.1492 -0.8758
v 0.5701 0.0288 -0.7898
v 0.5696 -0.0837 -0.6775
v 0.5725 -0.0038 -0.8295
v 0.5712 -0.1443 -0.6120
v 0.5698 -0.0850 -0.7251
v 0.5698 -0.1508 -0.6025
v 0.5698 -0.1273 -0.6632
v 0.5773 -0.1703 -0.7242
v 0.5720 -0.1553 -0.8755
v 0.5713 -0.0274 -0.7153
v 0.5666 -0.0080 -0.7093
v 0.5698 -0.1519 -0.6564
v 0.5687 -0.1090 -0.7063
v 0.5684 -0.1272 -0.6082
v 0.5775 0.0504 -0.8231
v 0.5690 -0.0353 -0.6754
v 0.5726 -0.1517 -0.6185
v 0.5689 -0.0367 -0.7326
v 0.5670 -0.1305 -0.6785
v 0.5673 -0.0318 -0.7017
v 0.5724 -0.0337 -0.6989
v 0.5736 -0.1278 -0.6047
v 0.5715 -0.1629 -0.6046
v 0.5713 -0.1266 -0.6543
v 0.5722 0.0390 -0.7930
v 0.5711 -0.0220 -0.7298
v 0.5699 -0.1485 -0.7269
v 0.5720 -0.1467 -0.6015
v 0.5734 0.0451 -0.7670
v 0.5687 -0.1703 -0.8656
v 0.5680 -0.1552 -0.6240
v 0.5729 -0.0694 -0.7221
v 0.5733 -0.1403 -0.7194
v 0.5727 -0.1525 -0.6226
v 0.5699 0.0578 -0.8072
v 0.5714 -0.1563 -0.6145
v 0.5709 -0.1683 -0.5739
v 0.5711 -0.0493 -0.8458
v 0.5689 -0.0079 -0.6929
v 0.5743 -0.1564 -0.6587
v 0.5680 0.0392 -0.8120
v 0.5738 -0.0763 -0.6926
v 0.5711 -0.1093 -0.6765
v 0.5694 -0.0059 -0.7220
v 0.5723 -0.1182 -0.7060
v 0.5694 -0.1650 -0.5797
v 0.5706 -0.1583 -0.6223
v 0.5691 -0.1518 -0.6319
v 0.5696 -0.1513 -0.6499
v 0.5726 -0.0457 -0.6963
v 0.5724 0.0320 -0.7482
v 0.5696 -0.1005 -0.7263
v 0.5732 0.0101 -0.8257
v 0.5742 -0.0326 -0.6905
v 0.5732 -0.1134 -0.7304
v 0.5761 -0.0812 -0.6928
v 0.5727 -0.0244 -0.7369
v 0.5707 -0.1489 -0.6635
v 0.5755 -0.1207 -0.6828
v 0.5745 -0.0335 -0.6828
v 0.5726 0.0142 -0.8208
v 0.5759 -0.1382 -0.8734
v 0.5742 -0.1539 -0.6815
v 0.5751 -0.0256 -0.6922
v 0.5718 -0.1456 -0.6306
v 0.5723 0.0463 -0.7835
v 0.5780 -0.1186 -0.6989
v 0.5734 0.0441 -0.7465
v 0.5736 -0.0639 -0.6816
v 0.5738 0.0492 -0.7527
v 0.5722 -0.1426 -0.6072
v 0.5724 0.0639 -0.8112
v 0.5741 0.0412 -0.7530
v 0.5740 0.0595 -0.7976
v 0.5732 -0.0977 -0.6861
v 0.5729 -0.1042 -0.6972
v 0.5774 -0.1515 -0.6991
v 0.5732 -0.1255 -0.8629
v 0.5760 -0.0521 -0.8505
v 0.5720 -0.0085 -0.7292
v 0.5747 -0.0598 -0.6893
v 0.5728 -0.0866 -0.8623
v 0.5738 -0.1376 -0.7272
v 0.5754 -0.1580 -0.6222
v 0.5722 0.0463 -0.7876
v 0.5757 0.0504 -0.7689
v 0.5769 -0.1385 -0.6577
v 0.5829 -0.1514 -0.6466
v 0.5815 -0.0481 -0.7312
v 0.5769 -0.1609 -0.6136
v 0.5766 0.0688 -0.8023
v 0.5752 -0.1303 -0.6989
v 0.5743 -0.0433 -0.6800
v 0.5786 -0.0030 -0.7222
v 0.5740 -0.1260 -0.8691
v 0.5746 -0.1488 -0.7237
v 0.5757 -0.0451 -0.6895
v 0.5741 0.0572 -0.7482
v 0.5749 -0.0075 -0.8464
v 0.5716 -0.1703 -0.7875
v 0.5715 -0.1521 -0.6551
v 0.5732 -0.1305 -0.7281
v 0.5761 0.0664 -0.7852
v 0.5792 -0.1703 -0.6211
v 0.5779 0.0373 -0.7388
v 0.5697 -0.1060 -0.8600
v 0.5739 -0.1426 -0.7013
v 0.5760 -0.0386 -0.6952
v 0.5753 0.0058 -0.8229
v 0.5761 -0.1221 -0.6958
v 0.5796 -0.1435 -0.7132
v 0.5761 -0.1333 -0.6860
v 0.5746 -0.1516 -0.6126
v 0.5758 -0.0082 -0.8294
v 0.5831 -0.1703 -0.8885
v 0.5784 -0.0289 -0.7130
v 0.5758 -0.0431 -0.8436
v 0.5761 0.0221 -0.7415
v 0.5771 -0.1307 -0.6909
v 0.5755 -0.1505 -0.8769
v 0.5767 0.0050 -0.7319
v 0.5737 -0.0105 -0.8484
v 0.5792 -0.1169 -0.8581
v 0.5775 -0.1413 -0.6927
v 0.5763 -0.1113 -0.6832
v 0.5725 -0.1436 -0.6536
v 0.5721 -0.0337 -0.7347
v 0.5775 -0.1265 -0.6579
v 0.5832 -0.0490 -0.8471
v 0.5754 0.0562 -0.7850
v 0.5683 -0.1701 -0.6406
v 0.5771 0.0139 -0.7374
v 0.5695 -0.1703 -0.8517
v 0.5832 -0.1285 -0.7241
v 0.5782 -0.1688 -0.5721
v 0.5795 -0.0075 -0.7087
v 0.5766 -0.1080 -0.6969
v 0.5776 0.0745 -0.7850
v 0.5731 -0.1702 -0.6031
v 0.5753 0.0562 -0.7615
v 0.5794 0.0825 -0.7847
v 0.5782 -0.1419 -0.6222
v 0.5785 -0.1348 -0.8640
v 0.5775 0.0673 -0.8200
v 0.5760 -0.1269 -0.6182
v 0.5803 -0.1451 -0.8654
v 0.5778 0.0623 -0.7562
v 0.5771 0.0006 -0.8252
v 0.5796 -0.1178 -0.6881
v 0.5767 -0.1136 -0.6989
v 0.5776 -0.0123 -0.6969
v 0.5839 -0.1703 -0.6968
v 0.5820 -0.1581 -0.6309
v 0.5886 -0.1573 -0.6396
v 0.5790 -0.1093 -0.6893
v 0.5810 0.0308 -0.8265
v 0.5816 0.0751 -0.7811
v 0.5770 0.0819 -0.7935
v 0.5771 -0.0000 -0.7290
v 0.5781 0.0687 -0.7715
v 0.5816 0.0174 -0.7328
v 0.5758 0.0757 -0.7984
v 0.5799 -0.1473 -0.6112
v 0.5795 -0.1533 -0.6907
v 0.5776 -0.1549 -0.6641
v 0.5791 0.0724 -0.7500
v 0.5811 0.0726 -0.8171
v 0.5879 -0.1441 -0.7179
v 0.5776 0.0897 -0.7995
v 0.5796 -0.0409 -0.7307
v 0.5783 -0.1538 -0.8861
v 0.5819 0.0585 -0.8242
v 0.5791 0.0637 -0.7790
v 0.5836 -0.1495 -0.7127
v 0.5821 -0.1638 -0.5793
v 0.5799 -0.0277 -0.8467
v 0.5745 -0.1153 -0.8596
v 0.5825 -0.1447 -0.6458
v 0.5802 -0.1280 -0.8622
v 0.5825 -0.0303 -0.7348
v 0.5809 -0.1388 -0.7258
v 0.5716 -0.0574 -0.7225
v 0.5692 -0.1702 -0.8160
v 0.5715 -0.1344 -0.6033
v 0.5783 -0.1703 -0.6688
v 0.5798 0.0591 -0.7381
v 0.5802 -0.1550 -0.6575
v 0.5841 -0.1567 -0.6521
v 0.5803 -0.0820 -0.7256
v 0.5871 -0.1588 -0.9021
v 0.5832 0.0756 -0.8094
v 0.5810 -0.0627 -0.8621
v 0.5812 -0.1685 -0.9098
v 0.5844 -0.1622 -0.6091
v 0.5893 -0.1703 -0.8196
v 0.5799 -0.1703 -0.8020
v 0.5811 -0.0013 -0.7358
v 0.5792 -0.0295 -0.7240
v 0.5778 0.0565 -0.7691
v 0.5836 -0.1346 -0.8652
v 0.5842 0.0957 -0.7902
v 0.5773 0.0702 -0.7434
v 0.5842 -0.1382 -0.6176
v 0.5838 0.0730 -0.7681
v 0.5823 -0.1496 -0.7187
v 0.5838 0.0896 -0.8080
v 0.5801 -0.1407 -0.8794
v 0.5824 -0.1183 -0.8631
v 0.5838 -0.1543 -0.8882
v 0.5817 0.0679 -0.7596
v 0.5799 -0.0243 -0.7054
v 0.5790 -0.1142 -0.7257
v 0.5893 -0.1634 -0.5886
v 0.5878 -0.0586 -0.7193
v 0.5805 -0.1257 -0.6518
v 0.5848 0.0500 -0.7310
v 0.5851 -0.0076 -0.7094
v 0.5864 -0.1684 -0.5687
v 0.5830 -0.1435 -0.6297
v 0.5824 -0.0750 -0.7264
v 0.5929 -0.1400 -0.6472
v 0.5877 0.1073 -0.7979
v 0.5842 -0.0184 -0.8494
v 0.5808 -0.1012 -0.7258
v 0.5806 -0.1702 -0.7756
v 0.5906 0.0149 -0.7292
v 0.5796 -0.1522 -0.6274
v 0.5803 0.0811 -0.7735
v 0.5859 -0.1095 -0.8624
v 0.5833 -0.0571 -0.7281
v 0.5819 -0.0535 -0.8531
v 0.5832 -0.1702 -0.7394
v 0.5832 -0.1276 -0.6200
v 0.5876 -0.1408 -0.8853
v 0.5767 -0.1703 -0.8373
v 0.5850 -0.0603 -0.7284
v 0.5859 -0.1489 -0.6530
v 0.5840 -0.0358 -0.8476
v 0.5917 -0.1703 -0.6377
v 0.5874 -0.1490 -0.6228
v 0.5880 0.0644 -0.8209
v 0.5923 -0.1032 -0.7202
v 0.5854 0.0005 -0.7328
v 0.5892 -0.1516 -0.6399
v 0.5823 -0.1427 -0.6202
v 0.5869 -0.1131 -0.8605
v 0.5947 -0.0588 -0.8584
v 0.5825 -0.0893 -0.7248
v 0.5813 -0.1532 -0.6246
v 0.5856 -0.0845 -0.8646
v 0.5844 0.0798 -0.7617
v 0.5859 -0.0512 -0.7304
v 0.5921 -0.0127 -0.7139
v 0.5835 -0.0056 -0.8313
v 0.5845 0.0357 -0.7296
v 0.5893 -0.0318 -0.7297
v 0.5857 -0.0501 -0.7208
v 0.5861 -0.1449 -0.6419
v 0.5805 -0.0552 -0.8601
v 0.5856 -0.1540 -0.6583
v 0.5823 -0.0001 -0.8394
v 0.5898 -0.1431 -0.6415
v 0.5905 -0.1504 -0.7133
v 0.5852 -0.0180 -0.7058
v 0.5837 0.0851 -0.7819
v 0.5930 -0.0391 -0.7287
v 0.5886 -0.1283 -0.8645
v 0.5880 0.0763 -0.7545
v 0.5818 -0.1533 -0.6753
v 0.5921 -0.1143 -0.7202
v 0.5828 -0.1353 -0.6471
v 0.5877 -0.0264 -0.7157
v 0.5848 -0.0975 -0.8648
v 0.5888 -0.1438 -0.6370
v 0.5857 -0.1280 -0.6325
v 0.5869 0.0884 -0.7693
v 0.5891 -0.1702 -0.5946
v 0.5893 -0.0074 -0.8473
v 0.5902 -0.1258 -0.6312
v 0.5929 0.0013 -0.8399
v 0.5886 0.1004 -0.8118
v 0.5881 0.0774 -0.7453
v 0.5881 0.0762 -0.8135
v 0.5954 0.1110 -0.8057
v 0.5955 -0.0231 -0.8455
v 0.5872 0.0948 -0.7615
v 0.5834 0.0020 -0.7257
v 0.5944 -0.1473 -0.6771
v 0.5884 -0.1276 -0.6504
v 0.5833 0.1000 -0.8021
v 0.5893 0.0543 -0.7325
v 0.5773 -0.1703 -0.6515
v 0.5923 -0.1703 -0.8368
v 0.5871 -0.1585 -0.6308
v 0.5892 -0.1424 -0.6283
v 0.5904 -0.1346 -0.6397
v 0.5920 0.0931 -0.7813
v 0.5849 0.0151 -0.8296
v 0.5917 0.0404 -0.8292
v 0.5916 -0.1266 -0.6423
v 0.5968 -0.1634 -0.5749
v 0.5914 0.0332 -0.8288
v 0.5871 -0.0453 -0.7195
v 0.5926 0.1044 -0.7654
v 0.5833 -0.0538 -0.7189
v 0.5909 -0.1703 -0.6713
v 0.5939 -0.1265 -0.8625
v 0.5912 -0.1692 -0.9119
v 0.5911 -0.0064 -0.7170
v 0.5979 -0.1702 -0.8773
v 0.5903 0.0893 -0.7554
v 0.5879 -0.1703 -0.7595
v 0.5905 -0.1702 -0.7950
v 0.5870 -0.0723 -0.8634
v 0.5902 -0.0457 -0.7182
v 0.5913 0.0242 -0.8279
v 0.6024 0.0092 -0.7161
v 0.5924 0.1091 -0.7910
v 0.5853 -0.1453 -0.6692
v 0.5910 0.0323 -0.7295
v 0.5906 -0.1519 -0.6365
v 0.5908 0.1058 -0.7567
v 0.5909 -0.0542 -0.8477
v 0.5926 -0.1490 -0.8959
v 0.5903 0.0997 -0.7850
v 0.6025 -0.1702 -0.7871
v 0.5906 -0.1554 -0.8967
v 0.5907 -0.0514 -0.8567
v 0.5934 -0.1430 -0.6361
v 0.5929 -0.1422 -0.6377
v 0.5931 -0.1600 -0.5821
v 0.5910 0.0715 -0.7413
v 0.5929 -0.1346 -0.7204
v 0.5900 0.0541 -0.8262
v 0.5970 -0.1610 -0.5856
v 0.5923 0.0676 -0.8174
v 0.5922 -0.0366 -0.7208
v 0.5923 -0.0008 -0.7265
v 0.5935 -0.1358 -0.6324
v 0.5938 -0.1334 -0.8836
v 0.5931 -0.1567 -0.6399
v 0.5905 0.0042 -0.8376
v 0.5881 -0.1270 -0.8749
v 0.5951 -0.1514 -0.6430
v 0.6003 -0.1492 -0.6406
v 0.5947 -0.1705 -0.9030
v 0.5895 -0.1705 -0.5752
v 0.5934 -0.1425 -0.6381
v 0.5917 0.1010 -0.7743
v 0.5937 -0.1108 -0.8567
v 0.5916 -0.1524 -0.6816
v 0.5944 -0.1516 -0.6953
v 0.5976 0.0584 -0.7414
v 0.5961 -0.0446 -0.8460
v 0.5949 -0.1703 -0.7093
v 0.5942 0.0995 -0.8150
v 0.5954 -0.0658 -0.7196
v 0.5911 0.0647 -0.7375
v 0.5950 0.1081 -0.7581
v 0.5996 -0.1332 -0.6410
v 0.5954 -0.1372 -0.8919
v 0.5964 0.0332 -0.8241
v 0.5948 -0.0898 -0.7196
v 0.6008 0.0928 -0.7429
v 0.5938 0.0755 -0.7487
v 0.5951 0.1015 -0.7500
v 0.6001 -0.1523 -0.6760
v 0.6040 0.0243 -0.7189
v 0.5930 0.0203 -0.8353
v 0.5977 -0.1256 -0.6391
v 0.5974 -0.1001 -0.7208
v 0.5965 0.0434 -0.8219
v 0.5965 0.0910 -0.8179
v 0.5941 -0.0805 -0.7193
v 0.5939 -0.1577 -0.9112
v 0.5964 -0.0630 -0.8478
v 0.6017 -0.1193 -0.7238
v 0.5956 -0.0306 -0.7131
v 0.5941 0.0566 -0.8193
v 0.5991 -0.1624 -0.5976
v 0.6041 -0.1247 -0.8707
v 0.6025 0.0668 -0.8224
v 0.5960 -0.0221 -0.7181
v 0.5949 -0.1479 -0.6687
v 0.5960 -0.0100 -0.8439
v 0.5991 -0.0694 -0.8539
v 0.6009 0.1077 -0.7554
v 0.5986 -0.1686 -0.5650
v 0.6008 -0.0277 -0.7248
v 0.5969 -0.0276 -0.7273
v 0.6002 -0.0575 -0.8444
v 0.5947 -0.1703 -0.8581
v 0.5964 -0.0548 -0.7143
v 0.5982 0.1096 -0.7884
v 0.5978 -0.0065 -0.7208
v 0.5977 0.1127 -0.7620
v 0.6007 0.1101 -0.7950
v 0.5951 -0.1488 -0.6333
v 0.5983 -0.0695 -0.8600
v 0.5964 -0.1703 -0.6152
v 0.5989 0.1116 -0.7695
v 0.5915 -0.1514 -0.7083
v 0.5988 0.1061 -0.7775
v 0.6022 0.0684 -0.7390
v 0.5982 0.0338 -0.8293
v 0.5948 -0.1560 -0.6535
v 0.5994 0.1105 -0.7808
v 0.5984 -0.1703 -0.7351
v 0.6019 0.0823 -0.7408
v 0.6030 -0.1617 -0.9103
v 0.5989 -0.1435 -0.6393
v 0.5964 -0.0995 -0.8630
v 0.6003 -0.0987 -0.8570
v 0.5996 -0.1393 -0.6400
v 0.5958 0.0429 -0.7326
v 0.6053 -0.1703 -0.6878
v 0.5996 -0.1633 -0.5866
v 0.5996 0.0386 -0.7344
v 0.6008 -0.0768 -0.7219
v 0.6037 -0.0312 -0.8426
v 0.5991 -0.1536 -0.6684
v 0.6012 -0.1490 -0.7151
v 0.6008 -0.0248 -0.7102
v 0.6041 -0.0514 -0.7149
v 0.6030 0.0428 -0.8233
v 0.6043 0.0988 -0.7462
v 0.5997 -0.0573 -0.8402
v 0.6034 -0.0255 -0.7203
v 0.6027 -0.1703 -0.7642
v 0.5989 -0.1270 -0.8579
v 0.6024 0.1073 -0.8079
v 0.5964 0.0311 -0.7245
v 0.5975 -0.1607 -0.6176
v 0.6016 -0.0749 -0.8553
v 0.6044 -0.1474 -0.7223
v 0.6035 0.1196 -0.7846
v 0.6016 0.0385 -0.7402
v 0.6029 0.0519 -0.7375
v 0.6015 -0.1519 -0.8969
v 0.6059 -0.1703 -0.5990
v 0.6066 -0.1557 -0.6525
v 0.6004 -0.0185 -0.7230
v 0.6077 -0.1703 -0.8014
v 0.5987 -0.1174 -0.8564
v 0.6070 -0.1099 -0.8569
v 0.6040 -0.1204 -0.8569
v 0.6041 -0.0606 -0.7157
v 0.6042 -0.0973 -0.7507
v 0.6060 0.0424 -0.8284
v 0.6030 0.1158 -0.7613
v 0.6036 -0.0539 -0.7123
v 0.6013 -0.1367 -0.7231
v 0.6074 -0.0200 -0.7144
v 0.6047 0.0072 -0.8369
v 0.6034 -0.0806 -0.7515
v 0.6058 -0.1703 -0.8235
v 0.6046 0.0401 -0.7360
v 0.6028 0.0418 -0.7339
v 0.6087 0.0508 -0.7385
v 0.6043 0.1136 -0.7967
v 0.6060 -0.1551 -0.8983
v 0.6088 -0.0187 -0.8416
v 0.6040 -0.0670 -0.7497
v 0.6060 -0.0322 -0.7107
v 0.6038 -0.0481 -0.8410
v 0.6008 0.0387 -0.7268
v 0.6101 -0.0710 -0.7633
v 0.6123 -0.0672 -0.7424
v 0.6065 0.1128 -0.7684
v 0.6046 -0.0003 -0.8404
v 0.6048 -0.1520 -0.6823
v 0.6077 -0.1603 -0.5748
v 0.6045 -0.1574 -0.9078
v 0.6070 0.1039 -0.8015
v 0.6020 0.0801 -0.8211
v 0.6064 -0.1393 -0.7493
v 0.6037 -0.1255 -0.7502
v 0.6041 -0.1394 -0.8928
v 0.6014 -0.0669 -0.7199
v 0.6045 -0.1303 -0.8876
v 0.6142 0.1019 -0.7553
v 0.6185 -0.1531 -0.6698
v 0.6064 -0.1485 -0.7504
v 0.6093 -0.0898 -0.7632
v 0.6034 -0.1145 -0.7502
v 0.6008 -0.0856 -0.8585
v 0.6044 -0.1654 -0.5680
v 0.6058 0.0319 -0.7228
v 0.6083 -0.0679 -0.7320
v 0.6034 0.0256 -0.8325
v 0.6031 -0.1706 -0.5699
v 0.5987 -0.1703 -0.6582
v 0.6026 -0.1696 -0.9129
v 0.6086 -0.1396 -0.7559
v 0.6097 -0.1033 -0.8563
v 0.6124 0.0743 -0.7430
v 0.6076 -0.1625 -0.5867
v 0.6063 0.0488 -0.8234
v 0.6059 0.0160 -0.8346
v 0.6070 -0.1072 -0.7586
v 0.6032 -0.1581 -0.6365
v 0.6066 -0.1238 -0.7593
v 0.6071 -0.0033 -0.8412
v 0.6071 0.1134 -0.7761
v 0.6065 -0.0928 -0.7311
v 0.6114 -0.0964 -0.8550
v 0.6127 0.0251 -0.8382
v 0.6078 -0.1090 -0.7327
v 0.6070 0.0920 -0.8136
v 0.6083 -0.1320 -0.7629
v 0.6084 0.1224 -0.7994
v 0.6077 -0.0191 -0.7059
v 0.6084 0.0343 -0.7176
v 0.6137 -0.0160 -0.7103
v 0.6087 0.0364 -0.8325
v 0.6089 -0.1391 -0.7313
v 0.6091 -0.1297 -0.7358
v 0.6092 -0.0606 -0.7551
v 0.6087 -0.1226 -0.7257
v 0.6085 -0.1512 -0.7039
v 0.6089 -0.0651 -0.7248
v 0.6091 0.0516 -0.8272
v 0.6094 0.0088 -0.8408
v 0.6048 -0.1267 -0.8816
v 0.6084 -0.0580 -0.7453
v 0.6149 -0.1420 -0.7728
v 0.6088 0.0379 -0.7355
v 0.6107 -0.1592 -0.6246
v 0.6099 0.0533 -0.8207
v 0.6129 -0.0650 -0.7368
v 0.6096 -0.1394 -0.7642
v 0.6116 -0.1621 -0.5948
v 0.6118 0.0368 -0.7308
v 0.6082 -0.0820 -0.7469
v 0.6141 0.0362 -0.7205
v 0.6118 -0.1132 -0.8749
v 0.6083 -0.1687 -0.5621
v 0.6091 -0.0605 -0.7174
v 0.6226 -0.1702 -0.7801
v 0.6140 -0.1703 -0.6219
v 0.6087 -0.1378 -0.7254
v 0.6100 -0.1236 -0.8770
v 0.6104 -0.1703 -0.7176
v 0.6072 -0.1166 -0.8649
v 0.6135 -0.1374 -0.7296
v 0.6112 -0.1483 -0.7667
v 0.6116 0.1142 -0.7646
v 0.6110 -0.1378 -0.7179
v 0.6083 -0.0342 -0.8439
v 0.6176 0.0221 -0.7065
v 0.6108 -0.1269 -0.7431
v 0.6110 -0.0980 -0.7440
v 0.6113 -0.1069 -0.7408
v 0.6117 -0.1703 -0.6769
v 0.6125 0.0832 -0.8156
v 0.6114 -0.0826 -0.7405
v 0.6120 -0.0510 -0.7182
v 0.6108 0.0943 -0.8078
v 0.6113 -0.0681 -0.7195
v 0.6127 -0.1449 -0.7374
v 0.6111 -0.0555 -0.7142
v 0.6120 -0.1149 -0.7214
v 0.6135 -0.1217 -0.7170
v 0.6131 -0.0790 -0.7271
v 0.6120 -0.1290 -0.7267
v 0.6158 0.0523 -0.8291
v 0.6117 -0.1484 -0.7582
v 0.6130 -0.1703 -0.6464
v 0.6191 0.0079 -0.8408
v 0.6123 0.0404 -0.8301
v 0.6119 -0.0682 -0.8503
v 0.6105 -0.1499 -0.7068
v 0.6121 0.1234 -0.7704
v 0.6163 -0.1354 -0.8901
v 0.6131 -0.1690 -0.9149
v 0.6079 -0.0545 -0.8478
v 0.6121 -0.0801 -0.8536
v 0.6156 -0.1683 -0.5596
v 0.6133 -0.0772 -0.7177
v 0.6135 -0.1486 -0.7447
v 0.6142 -0.1170 -0.7285
v 0.6247 -0.1703 -0.7620
v 0.6079 -0.1461 -0.7164
v 0.6166 -0.1705 -0.5660
v 0.6144 0.0858 -0.7486
v 0.6130 -0.0561 -0.7559
v 0.6126 -0.1038 -0.8614
v 0.6138 -0.0681 -0.7278
v 0.6135 -0.0936 -0.7275
v 0.6173 -0.1703 -0.6652
v 0.6119 -0.1014 -0.7199
v 0.6151 -0.1641 -0.5713
v 0.6120 -0.0950 -0.7193
v 0.6139 0.0491 -0.7343
v 0.6091 -0.1593 -0.5803
v 0.6130 -0.0371 -0.7079
v 0.6162 0.0079 -0.7047
v 0.6132 -0.1703 -0.8931
v 0.6146 0.1079 -0.7577
v 0.6055 -0.0058 -0.7117
v 0.6155 -0.1703 -0.5876
v 0.6136 0.0795 -0.8188
v 0.6230 -0.1485 -0.7517
v 0.6099 0.0680 -0.8201
v 0.6095 -0.1703 -0.8472
v 0.6127 -0.0149 -0.7020
v 0.6212 -0.1604 -0.5847
v 0.6132 0.1088 -0.8073
v 0.6171 -0.1395 -0.7151
v 0.6132 -0.0230 -0.8488
v 0.6194 0.1172 -0.7596
v 0.6213 -0.1703 -0.8598
v 0.6133 -0.1085 -0.7276
v 0.6150 -0.1702 -0.7453
v 0.6163 -0.1214 -0.7307
v 0.6172 -0.0781 -0.7806
v 0.6133 0.0837 -0.8106
v 0.6144 -0.1309 -0.7728
v 0.6197 -0.1461 -0.7108
v 0.6110 0.0653 -0.7404
v 0.6117 -0.1393 -0.7353
v 0.6156 -0.1459 -0.8949
v 0.6137 0.0594 -0.8235
v 0.6155 -0.0556 -0.7624
v 0.6175 0.0718 -0.7407
v 0.6159 -0.0643 -0.7381
v 0.6146 -0.0639 -0.7333
v 0.6161 -0.1537 -0.8965
v 0.6215 -0.1379 -0.7296
v 0.6165 0.1272 -0.7841
v 0.6190 -0.1119 -0.7170
v 0.6172 0.0775 -0.7465
v 0.6161 0.1301 -0.7725
v 0.6138 -0.0046 -0.8449
v 0.6140 -0.1558 -0.5861
v 0.6172 0.0671 -0.8224
v 0.6160 -0.0745 -0.8580
v 0.6108 -0.1546 -0.9041
v 0.6150 -0.1174 -0.7730
v 0.6203 -0.0847 -0.8593
v 0.6175 0.0297 -0.7108
v 0.6213 -0.1703 -0.6989
v 0.6195 -0.0123 -0.6977
v 0.6215 -0.0447 -0.7106
v 0.6202 -0.1222 -0.8784
v 0.6169 -0.0439 -0.8525
v 0.6196 0.0437 -0.8336
v 0.6177 0.0998 -0.7519
v 0.6172 -0.1001 -0.7763
v 0.6165 -0.0666 -0.7143
v 0.6188 -0.1009 -0.7289
v 0.6234 -0.1702 -0.8179
v 0.6247 -0.1703 -0.7173
v 0.6202 -0.0004 -0.7044
v 0.6187 0.0781 -0.8166
v 0.6215 0.0278 -0.8363
v 0.6217 -0.1645 -0.9137
v 0.6236 -0.1694 -0.9159
v 0.6123 -0.1703 -0.9085
v 0.6191 -0.0471 -0.7536
v 0.6213 0.1155 -0.8097
v 0.6165 -0.1609 -0.5981
v 0.6210 -0.0566 -0.7757
v 0.6175 -0.0959 -0.7168
v 0.6229 -0.1312 -0.7283
v 0.6188 -0.0395 -0.7113
v 0.6162 0.1299 -0.7907
v 0.6202 0.0590 -0.7360
v 0.6209 -0.1703 -0.7929
v 0.6178 -0.1346 -0.8814
v 0.6174 -0.1109 -0.8715
v 0.6230 -0.1018 -0.7265
v 0.6196 0.0720 -0.7445
v 0.6197 -0.0600 -0.7355
v 0.6198 -0.0682 -0.7296
v 0.6180 -0.0646 -0.8573
v 0.6194 0.1230 -0.8022
v 0.6220 -0.1219 -0.7169
v 0.6168 -0.1610 -0.6078
v 0.6206 0.0860 -0.7456
v 0.6180 -0.0912 -0.8626
v 0.6219 -0.0286 -0.8515
v 0.6191 0.0358 -0.7321
v 0.6207 -0.0505 -0.7158
v 0.6221 -0.0793 -0.7278
v 0.6221 -0.0598 -0.7516
v 0.6225 -0.1132 -0.7269
v 0.6224 -0.0682 -0.7177
v 0.6189 0.0947 -0.8144
v 0.6243 -0.1544 -0.9018
v 0.6205 0.0700 -0.8182
v 0.6171 -0.0224 -0.7038
v 0.6156 -0.1703 -0.8733
v 0.6225 0.0062 -0.8491
v 0.6234 0.1061 -0.7513
v 0.6227 -0.0762 -0.7994
v 0.6203 0.0198 -0.8386
v 0.6241 0.0166 -0.8389
v 0.6272 -0.0574 -0.8582
v 0.6242 -0.1363 -0.7203
v 0.6223 -0.1021 -0.7191
v 0.6222 -0.0620 -0.7442
v 0.6210 -0.0896 -0.7285
v 0.6229 -0.0763 -0.7191
v 0.6202 0.0459 -0.7326
v 0.6243 -0.1488 -0.7390
v 0.6236 -0.1637 -0.5695
v 0.6238 0.0633 -0.8191
v 0.6207 -0.0300 -0.7025
v 0.6234 0.0642 -0.8243
v 0.6205 0.0323 -0.8348
v 0.6234 -0.1611 -0.5964
v 0.6213 -0.1286 -0.7186
v 0.6225 0.0140 -0.7077
v 0.6266 -0.1555 -0.5828
v 0.6222 -0.0876 -0.7183
v 0.6220 -0.1545 -0.8911
v 0.6232 -0.0559 -0.7150
v 0.6220 -0.1474 -0.7368
v 0.6292 0.0004 -0.8531
v 0.6233 0.1288 -0.7665
v 0.6250 -0.0497 -0.8535
v 0.6236 -0.1703 -0.8322
v 0.6252 -0.1511 -0.7011
v 0.6184 -0.1561 -0.6494
v 0.6245 -0.1234 -0.7279
v 0.6232 0.0850 -0.8189
v 0.6258 -0.1485 -0.7701
v 0.6213 -0.0871 -0.8690
v 0.6214 -0.0097 -0.7053
v 0.6224 -0.1002 -0.8722
v 0.6320 -0.1703 -0.7399
v 0.6243 0.0263 -0.7112
v 0.6241 -0.0785 -0.8597
v 0.6232 -0.0457 -0.7615
v 0.6247 0.0196 -0.8438
v 0.6227 0.1305 -0.7789
v 0.6255 -0.0190 -0.8537
v 0.6239 0.0665 -0.7407
v 0.6238 -0.0007 -0.7076
v 0.6271 -0.0083 -0.6926
v 0.6248 0.0571 -0.8285
v 0.6286 -0.0468 -0.7477
v 0.6260 0.1004 -0.8167
v 0.6262 -0.0637 -0.7251
v 0.6247 -0.0679 -0.7240
v 0.6229 -0.1433 -0.8860
v 0.6238 -0.0059 -0.8539
v 0.6241 0.0355 -0.7375
v 0.6251 -0.1653 -0.5610
v 0.6356 -0.1703 -0.5817
v 0.6241 -0.0543 -0.7322
v 0.6259 -0.0521 -0.7227
v 0.6262 -0.1388 -0.7886
v 0.6256 0.0581 -0.8193
v 0.6282 -0.1391 -0.7227
v 0.6264 0.1179 -0.7569
v 0.6269 0.1237 -0.7613
v 0.6281 0.0329 -0.7250
v 0.6239 -0.1304 -0.8828
v 0.6221 -0.0633 -0.7885
v 0.6265 -0.0810 -0.8112
v 0.6259 -0.1572 -0.5935
v 0.6237 -0.1484 -0.7832
v 0.6293 -0.0534 -0.7458
v 0.6246 0.0244 -0.7075
v 0.6317 -0.1703 -0.9150
v 0.6250 -0.0952 -0.7971
v 0.6271 -0.1361 -0.8908
v 0.6260 -0.0833 -0.8648
v 0.6254 -0.1122 -0.7907
v 0.6251 0.0540 -0.7384
v 0.6265 -0.0487 -0.7733
v 0.6240 -0.1689 -0.5572
v 0.6292 0.0778 -0.7456
v 0.6284 -0.1255 -0.6055
v 0.6269 -0.0873 -0.8091
v 0.6291 -0.1318 -0.6058
v 0.6242 -0.1450 -0.7140
v 0.6275 0.1285 -0.7994
v 0.6281 -0.1602 -0.6092
v 0.6297 0.0439 -0.7335
v 0.6198 -0.0587 -0.8531
v 0.6225 -0.1516 -0.6880
v 0.6307 -0.0138 -0.8546
v 0.6280 -0.0662 -0.8008
v 0.6316 -0.1321 -0.6124
v 0.6262 -0.0355 -0.7477
v 0.6290 0.1109 -0.8129
v 0.6264 -0.1411 -0.7315
v 0.6267 -0.1128 -0.8808
v 0.6279 -0.1536 -0.5888
v 0.6312 0.0454 -0.8266
v 0.6315 0.0324 -0.7322
v 0.6297 -0.1637 -0.9137
v 0.6378 -0.0954 -0.8132
v 0.6266 -0.1598 -0.5769
v 0.6343 0.1036 -0.8127
v 0.6285 -0.1464 -0.6062
v 0.6283 -0.0442 -0.7057
v 0.6282 0.0443 -0.8306
v 0.6325 -0.0903 -0.8710
v 0.6372 -0.1703 -0.6964
v 0.6326 -0.1092 -0.8077
v 0.6346 -0.1535 -0.5837
v 0.6299 -0.1609 -0.6023
v 0.6286 0.0585 -0.8222
v 0.6306 -0.1424 -0.6117
v 0.6312 -0.1481 -0.7977
v 0.6317 0.1210 -0.8052
v 0.6318 0.0347 -0.8333
v 0.6274 -0.0325 -0.7064
v 0.6334 -0.0447 -0.7103
v 0.6302 0.0108 -0.7004
v 0.6293 0.0741 -0.8194
v 0.6336 0.1285 -0.7734
v 0.6309 -0.1230 -0.6096
v 0.6337 -0.1505 -0.6911
v 0.6314 -0.0597 -0.8669
v 0.6297 0.0268 -0.8444
v 0.6300 -0.1439 -0.6043
v 0.6403 -0.0226 -0.6907
v 0.6311 -0.0239 -0.6955
v 0.6301 -0.0388 -0.7585
v 0.6296 0.1007 -0.7530
v 0.6354 -0.1601 -0.5721
v 0.6306 -0.0377 -0.8543
v 0.6291 -0.1592 -0.5677
v 0.6425 -0.1234 -0.6002
v 0.6355 -0.1396 -0.6134
v 0.6331 0.1294 -0.7968
v 0.6302 -0.1577 -0.9100
v 0.6404 -0.1703 -0.6230
v 0.6354 -0.0306 -0.7415
v 0.6332 -0.1454 -0.7003
v 0.6380 -0.0432 -0.8559
v 0.6349 -0.1587 -0.6175
v 0.6314 -0.1465 -0.7210
v 0.6347 0.1174 -0.7584
v 0.6284 -0.1703 -0.8937
v 0.6330 -0.1363 -0.8020
v 0.6303 -0.1594 -0.6218
v 0.6311 0.0278 -0.7098
v 0.6361 -0.1475 -0.6153
v 0.6339 0.0628 -0.7389
v 0.6323 0.0268 -0.8372
v 0.6358 -0.0948 -0.8725
v 0.6250 -0.1703 -0.6119
v 0.6328 0.0130 -0.8551
v 0.6365 -0.1239 -0.6070
v 0.6369 -0.1255 -0.8873
v 0.6329 -0.0529 -0.7909
v 0.6376 -0.1561 -0.6018
v 0.6416 0.0639 -0.7356
v 0.6312 -0.1646 -0.5621
v 0.6306 0.1101 -0.7560
v 0.6258 -0.0665 -0.8604
v 0.6330 -0.0069 -0.8590
v 0.6340 -0.0248 -0.8580
v 0.6322 -0.0814 -0.8127
v 0.6293 -0.1413 -0.8955
v 0.6338 -0.1683 -0.5535
v 0.6474 -0.1702 -0.6565
v 0.6369 0.0221 -0.8552
v 0.6315 -0.1492 -0.7099
v 0.6313 -0.1182 -0.8817
v 0.6345 0.0520 -0.7362
v 0.6308 -0.0058 -0.7005
v 0.6334 -0.1270 -0.8837
v 0.6397 -0.1643 -0.5589
v 0.6335 0.0258 -0.6983
v 0.6362 0.0320 -0.8310
v 0.6340 -0.1474 -0.9066
v 0.6348 -0.0381 -0.7000
v 0.6354 -0.0456 -0.7273
v 0.6371 -0.0649 -0.8728
v 0.6354 -0.0503 -0.8550
v 0.6465 -0.1484 -0.7719
v 0.6333 0.0332 -0.8397
v 0.6317 -0.1703 -0.8494
v 0.6335 0.0812 -0.8175
v 0.6387 0.0863 -0.8148
v 0.6328 -0.1689 -0.9173
v 0.6296 0.0856 -0.7486
v 0.6312 -0.1703 -0.6383
v 0.6398 -0.1263 -0.8942
v 0.6412 0.0233 -0.6930
v 0.6398 0.1295 -0.7922
v 0.6336 -0.1541 -0.6089
v 0.6368 0.0326 -0.8483
v 0.6362 -0.1607 -0.5987
v 0.6375 -0.1480 -0.8082
v 0.6338 -0.1008 -0.8767
v 0.6365 -0.1391 -0.6085
v 0.6408 -0.1421 -0.6123
v 0.6338 -0.1484 -0.7344
v 0.6367 -0.0467 -0.7407
v 0.6334 -0.1573 -0.6398
v 0.6373 -0.1523 -0.6778
v 0.6361 -0.0057 -0.6861
v 0.6374 -0.0501 -0.8603
v 0.6362 -0.1669 -0.9172
v 0.6390 -0.1439 -0.6235
v 0.6357 0.1089 -0.7539
v 0.6380 -0.1232 -0.6142
v 0.6411 0.1165 -0.7649
v 0.6376 -0.1230 -0.8105
v 0.6387 -0.0037 -0.6933
v 0.6387 -0.0133 -0.6899
v 0.6400 -0.1302 -0.6242
v 0.6370 -0.1376 -0.8093
v 0.6514 -0.0350 -0.7533
v 0.6318 -0.1703 -0.6762
v 0.6366 0.0749 -0.8288
v 0.6423 -0.0964 -0.8758
v 0.6350 -0.1705 -0.5619
v 0.6383 0.0393 -0.7335
v 0.6414 -0.0014 -0.8620
v 0.6369 -0.0408 -0.7684
v 0.6402 -0.1703 -0.7189
v 0.6401 0.0321 -0.8351
v 0.6382 -0.1602 -0.5757
v 0.6400 -0.0138 -0.8620
v 0.6375 -0.1205 -0.8805
v 0.6384 -0.0452 -0.7828
v 0.6421 -0.1627 -0.5756
v 0.6410 0.0521 -0.7338
v 0.6362 0.0925 -0.8143
v 0.6454 -0.1468 -0.5941
v 0.6418 0.0427 -0.8356
v 0.6420 -0.1311 -0.6157
v 0.6393 -0.1703 -0.8296
v 0.6394 -0.0420 -0.7008
v 0.6369 0.1298 -0.7813
v 0.6391 -0.1357 -0.5987
v 0.6351 -0.1704 -0.6003
v 0.6435 0.0078 -0.6941
v 0.6438 0.0908 -0.8202
v 0.6429 -0.1075 -0.8741
v 0.6382 -0.0675 -0.8021
v 0.6371 -0.0782 -0.8734
v 0.6338 -0.1702 -0.6632
v 0.6387 -0.0125 -0.6827
v 0.6397 -0.1701 -0.9169
v 0.6343 0.0366 -0.8291
v 0.6416 -0.0245 -0.6841
v 0.6432 0.0330 -0.8374
v 0.6416 -0.1402 -0.6031
v 0.6389 -0.1491 -0.7203
v 0.6410 -0.1580 -0.6255
v 0.6380 0.0330 -0.7338
v 0.6566 -0.1703 -0.6141
v 0.6402 -0.1499 -0.9092
v 0.6400 0.1143 -0.8084
v 0.6419 -0.1485 -0.7882
v 0.6444 -0.1565 -0.5835
v 0.6452 -0.1183 -0.8735
v 0.6420 0.1241 -0.7972
v 0.6411 0.1080 -0.7570
v 0.6449 0.1031 -0.8081
v 0.6436 -0.1599 -0.5652
v 0.6457 0.0229 -0.6933
v 0.6371 -0.1465 -0.7152
v 0.6476 0.0312 -0.8363
v 0.6536 0.0001 -0.6840
v 0.6439 0.1217 -0.7763
v 0.6382 -0.1240 -0.6202
v 0.6479 -0.1227 -0.6292
v 0.6418 0.0258 -0.8565
v 0.6418 -0.0853 -0.8750
v 0.6419 0.0317 -0.7030
v 0.6524 -0.0682 -0.8022
v 0.6471 -0.0392 -0.7351
v 0.6426 0.0285 -0.8503
v 0.6404 -0.1381 -0.9074
v 0.6612 -0.1705 -0.5561
v 0.6458 -0.1245 -0.6212
v 0.6433 -0.0014 -0.6949
v 0.6457 -0.1703 -0.8612
v 0.6389 -0.1484 -0.7473
v 0.6455 -0.0331 -0.8614
v 0.6444 0.1222 -0.7827
v 0.6432 -0.0019 -0.6805
v 0.6380 0.0591 -0.8342
v 0.6439 -0.0260 -0.6881
v 0.6440 -0.0368 -0.6946
v 0.6375 0.0359 -0.8432
v 0.6470 -0.0008 -0.6923
v 0.6420 0.0767 -0.7383
v 0.6410 0.1027 -0.7484
v 0.6431 0.0276 -0.7000
v 0.6422 -0.1546 -0.6181
v 0.6468 -0.1486 -0.7328
v 0.6415 -0.0573 -0.8675
v 0.6533 -0.1380 -0.9087
v 0.6452 0.1189 -0.7879
v 0.6480 -0.1615 -0.5844
v 0.6459 -0.0253 -0.6956
v 0.6448 -0.0322 -0.6878
v 0.6502 -0.1407 -0.6265
v 0.6417 -0.1551 -0.6563
v 0.6535 0.0282 -0.8473
v 0.6480 0.0839 -0.7450
v 0.6474 -0.1548 -0.5981
v 0.6456 -0.1588 -0.5735
v 0.6347 -0.1703 -0.8718
v 0.6465 -0.0262 -0.6819
v 0.6394 0.0321 -0.7185
v 0.6585 -0.1703 -0.8483
v 0.6453 -0.1537 -0.6245
v 0.6537 -0.1703 -0.6397
v 0.6449 -0.1703 -0.7927
v 0.6434 -0.1703 -0.9040
v 0.6426 -0.1703 -0.8102
v 0.6475 -0.0704 -0.8057
v 0.6448 -0.1591 -0.5954
v 0.6462 -0.1250 -0.6330
v 0.6449 -0.1613 -0.5917
v 0.6425 0.0938 -0.8146
v 0.6453 -0.1492 -0.6229
v 0.6477 -0.1687 -0.9179
v 0.6412 -0.1502 -0.6869
v 0.6456 -0.1320 -0.8129
v 0.6522 -0.0010 -0.6760
v 0.6470 0.1101 -0.7670
v 0.6451 -0.1470 -0.8106
v 0.6462 0.0297 -0.7076
v 0.6476 0.1165 -0.7972
v 0.6468 -0.1068 -0.8168
v 0.6427 -0.0428 -0.8650
v 0.6500 -0.1472 -0.7239
v 0.6452 -0.0894 -0.8169
v 0.6395 -0.1703 -0.7729
v 0.6469 0.0167 -0.8600
v 0.6461 -0.0383 -0.8616
v 0.6443 -0.1585 -0.9125
v 0.6514 -0.1482 -0.9109
v 0.6468 -0.1533 -0.6271
v 0.6451 -0.1564 -0.6325
v 0.6418 -0.1484 -0.7580
v 0.6467 -0.1314 -0.9029
v 0.6476 -0.1308 -0.5992
v 0.6467 -0.1493 -0.6283
v 0.6481 -0.1551 -0.6249
v 0.6458 -0.0801 -0.8120
v 0.6489 0.0158 -0.6873
v 0.6496 -0.1573 -0.5672
v 0.6500 0.1096 -0.8002
v 0.6489 0.0323 -0.7268
v 0.6490 -0.1377 -0.5920
v 0.6489 -0.1543 -0.6239
v 0.6509 -0.0323 -0.6810
v 0.6483 -0.0273 -0.7328
v 0.6499 -0.1703 -0.5890
v 0.6467 -0.1685 -0.5497
v 0.6524 -0.0541 -0.7895
v 0.6497 -0.1476 -0.8048
v 0.6488 0.1037 -0.7578
v 0.6462 -0.1568 -0.6389
v 0.6491 0.0274 -0.6934
v 0.6487 0.0273 -0.6995
v 0.6509 -0.0465 -0.8669
v 0.6502 0.1142 -0.7773
v 0.6490 -0.0609 -0.8705
v 0.6422 0.0928 -0.7446
v 0.6474 -0.1382 -0.6321
v 0.6472 -0.1455 -0.7014
v 0.6530 0.0668 -0.7415
v 0.6481 -0.1192 -0.8818
v 0.6468 -0.0284 -0.7388
v 0.6505 -0.1232 -0.8724
v 0.6502 -0.1703 -0.8874
v 0.6455 -0.1477 -0.6162
v 0.6506 -0.1237 -0.5910
v 0.6497 0.0313 -0.6997
v 0.6491 0.0987 -0.8165
v 0.6474 -0.1431 -0.7178
v 0.6478 -0.1170 -0.8152
v 0.6491 0.1020 -0.7906
v 0.6508 -0.0388 -0.7196
v 0.6499 0.0079 -0.8600
v 0.6534 -0.1692 -0.9178
v 0.6518 -0.0084 -0.8630
v 0.6514 -0.1479 -0.6370
v 0.6443 -0.1476 -0.6032
v 0.6497 -0.0704 -0.8717
v 0.6552 -0.0404 -0.7713
v 0.6474 0.0845 -0.8267
v 0.6499 0.0975 -0.8092
v 0.6495 -0.0372 -0.6907
v 0.6504 0.0331 -0.7163
v 0.6501 -0.1632 -0.5607
v 0.6532 -0.1568 -0.9108
v 0.6549 0.1023 -0.7838
v 0.6534 -0.0794 -0.8725
v 0.6495 -0.1703 -0.7622
v 0.6496 0.0199 -0.8516
v 0.6532 -0.1703 -0.7287
v 0.6543 -0.1200 -0.8082
v 0.6596 -0.0042 -0.8629
v 0.6537 -0.1487 -0.6342
v 0.6509 0.0475 -0.7166
v 0.6571 0.0899 -0.7597
v 0.6561 -0.0764 -0.8723
v 0.6568 0.0955 -0.8187
v 0.6532 -0.1514 -0.6845
v 0.6505 -0.1417 -0.5978
v 0.6534 -0.1563 -0.6106
v 0.6543 -0.1221 -0.8835
v 0.6493 -0.1260 -0.8938
v 0.6528 -0.1121 -0.8720
v 0.6504 -0.0398 -0.7017
v 0.6492 -0.0183 -0.8653
v 0.6542 -0.1628 -0.5705
v 0.6520 -0.1532 -0.6393
v 0.6554 0.1046 -0.7670
v 0.6571 -0.1702 -0.5780
v 0.6523 -0.1221 -0.8776
v 0.6536 -0.1261 -0.6312
v 0.6523 -0.1228 -0.6363
v 0.6552 -0.0369 -0.8716
v 0.6492 -0.0920 -0.8136
v 0.6485 0.0423 -0.7396
v 0.6593 -0.0958 -0.8707
v 0.6537 -0.1535 -0.6347
v 0.6553 -0.1703 -0.6934
v 0.6541 0.0462 -0.8372
v 0.6533 -0.1267 -0.6422
v 0.6539 -0.0249 -0.6759
v 0.6587 -0.0635 -0.8709
v 0.6580 0.0336 -0.6883
v 0.6566 -0.1702 -0.8225
v 0.6563 -0.1627 -0.5803
v 0.6547 -0.1447 -0.6439
v 0.6535 0.0773 -0.8313
v 0.6533 -0.1546 -0.6221
v 0.6592 -0.1433 -0.7172
v 0.6523 0.1006 -0.8018
v 0.6528 -0.1703 -0.6800
v 0.6543 -0.0259 -0.8717
v 0.6550 0.0019 -0.8610
v 0.6568 0.0220 -0.8502
v 0.6556 -0.0358 -0.6852
v 0.6629 -0.1703 -0.7389
v 0.6527 0.0056 -0.8536
v 0.6605 -0.0511 -0.7841
v 0.6504 -0.0078 -0.6752
v 0.6551 -0.1385 -0.5860
v 0.6562 -0.1013 -0.8721
v 0.6538 0.0309 -0.7127
v 0.6574 0.0145 -0.6806
v 0.6603 -0.0076 -0.8655
v 0.6556 0.0638 -0.8340
v 0.6555 -0.1247 -0.5941
v 0.6552 0.0220 -0.8385
v 0.6569 -0.0028 -0.8554
v 0.6568 -0.1243 -0.5853
v 0.6551 0.0270 -0.6876
v 0.6590 0.1028 -0.8065
v 0.6564 -0.1534 -0.6656
v 0.6549 -0.1397 -0.5939
v 0.6564 0.0907 -0.8225
v 0.6526 0.0326 -0.7427
v 0.6593 -0.1477 -0.7212
v 0.6576 -0.1686 -0.5474
v 0.6579 -0.1460 -0.5854
v 0.6591 -0.1416 -0.5870
v 0.6551 -0.0352 -0.7306
v 0.6527 0.0302 -0.6923
v 0.6539 -0.1470 -0.6854
v 0.6533 0.0373 -0.8380
v 0.6568 -0.1492 -0.6398
v 0.6593 0.1007 -0.7777
v 0.6614 0.0482 -0.7529
v 0.6693 -0.0738 -0.7958
v 0.6556 -0.0917 -0.8725
v 0.6587 0.0397 -0.7098
v 0.6611 -0.1541 -0.5953
v 0.6581 -0.1263 -0.8863
v 0.6562 -0.1542 -0.5904
v 0.6587 -0.1703 -0.7054
v 0.6650 -0.1479 -0.6260
v 0.6585 0.0475 -0.7249
v 0.6567 0.0852 -0.7533
v 0.6627 -0.1406 -0.9037
v 0.6516 -0.1483 -0.6244
v 0.6642 -0.1703 -0.9017
v 0.6622 0.0039 -0.6787
v 0.6590 -0.1242 -0.6395
v 0.6588 -0.1488 -0.5942
v 0.6577 -0.0178 -0.8688
v 0.6606 -0.0056 -0.6723
v 0.6566 -0.1414 -0.6349
v 0.6552 -0.1617 -0.5881
v 0.6575 0.0332 -0.7267
v 0.6591 -0.1229 -0.5909
v 0.6571 -0.0277 -0.6806
v 0.6605 -0.1481 -0.7973
v 0.6560 -0.0823 -0.8729
v 0.6583 0.0311 -0.8378
v 0.6591 0.0341 -0.7533
v 0.6572 -0.1545 -0.6368
v 0.6640 0.1054 -0.7947
v 0.6563 0.0286 -0.7019
v 0.6595 0.0122 -0.8519
v 0.6615 0.0310 -0.6908
v 0.6604 -0.0022 -0.6793
v 0.6586 -0.1445 -0.6946
v 0.6603 -0.0901 -0.8745
v 0.6608 -0.1231 -0.6451
v 0.6532 -0.1008 -0.8100
v 0.6641 -0.1415 -0.6455
v 0.6596 -0.1482 -0.6454
v 0.6590 -0.1511 -0.6783
v 0.6594 0.0478 -0.7110
v 0.6630 -0.1544 -0.9051
v 0.6592 -0.1346 -0.6404
v 0.6602 0.0236 -0.6798
v 0.6592 0.0981 -0.7678
v 0.6616 0.0815 -0.8276
v 0.6641 -0.1686 -0.5462
v 0.6617 -0.0545 -0.8742
v 0.6665 -0.1703 -0.6670
v 0.6652 0.0320 -0.7570
v 0.6687 -0.1703 -0.7195
v 0.6585 -0.1316 -0.9042
v 0.6552 -0.1703 -0.7518
v 0.6649 0.0399 -0.8393
v 0.6650 -0.1389 -0.7977
v 0.6678 0.1005 -0.7782
v 0.6619 -0.0094 -0.6736
v 0.6592 0.0321 -0.7413
v 0.6624 -0.1438 -0.7116
v 0.6650 -0.1686 -0.9182
v 0.6620 0.0963 -0.8232
v 0.6648 -0.1229 -0.6513
v 0.6641 -0.1527 -0.6276
v 0.6592 -0.1552 -0.6462
v 0.6592 0.0755 -0.7544
v 0.6609 0.0149 -0.8450
v 0.6660 -0.1484 -0.7470
v 0.6636 0.0406 -0.8345
v 0.6598 -0.1292 -0.5897
v 0.6673 -0.0392 -0.6925
v 0.6620 0.0302 -0.7067
v 0.6623 0.0039 -0.8530
v 0.6644 -0.0123 -0.8715
v 0.6657 0.0474 -0.7165
v 0.6710 -0.1522 -0.6726
v 0.6644 -0.1420 -0.6072
v 0.6570 -0.1430 -0.6167
v 0.6715 -0.1110 -0.7980
v 0.6624 0.0913 -0.7740
v 0.6671 -0.1454 -0.5963
v 0.6640 -0.0294 -0.6847
v 0.6680 0.0070 -0.6785
v 0.6613 -0.1244 -0.6520
v 0.6622 -0.0207 -0.6778
v 0.6739 -0.0450 -0.7697
v 0.6617 -0.0871 -0.8032
v 0.6675 0.0185 -0.6773
v 0.6639 -0.1489 -0.6338
v 0.6609 -0.1234 -0.5985
v 0.6701 -0.1524 -0.9021
v 0.6686 -0.1482 -0.7148
v 0.6635 -0.1561 -0.6149
v 0.6640 -0.1008 -0.8829
v 0.6662 0.0279 -0.6890
v 0.6644 0.0327 -0.8440
v 0.6659 -0.1542 -0.6029
v 0.6626 -0.1358 -0.6536
v 0.6666 -0.1248 -0.6605
v 0.6602 -0.1391 -0.5921
v 0.6633 -0.1309 -0.8914
v 0.6638 0.0656 -0.7534
v 0.6634 -0.1484 -0.7815
v 0.6634 -0.0944 -0.8728
v 0.6642 -0.0421 -0.8754
v 0.6593 -0.1176 -0.8867
v 0.6679 -0.1442 -0.6613
v 0.6647 0.0984 -0.7734
v 0.6653 -0.1485 -0.6934
v 0.6593 -0.0298 -0.7328
v 0.6660 -0.1239 -0.6064
v 0.6573 -0.1560 -0.6276
v 0.6632 0.0891 -0.7683
v 0.6674 0.0466 -0.8322
v 0.6760 -0.1594 -0.5860
v 0.6669 0.0487 -0.7141
v 0.6651 -0.1597 -0.5946
v 0.6673 -0.0329 -0.7383
v 0.6651 -0.0244 -0.6841
v 0.6664 0.0460 -0.7361
v 0.6700 -0.1537 -0.6232
v 0.6665 0.0172 -0.8478
v 0.6667 -0.1474 -0.7018
v 0.6687 0.0473 -0.7026
v 0.6640 -0.1703 -0.5997
v 0.6782 0.0405 -0.8380
v 0.6655 0.0273 -0.8459
v 0.6623 -0.1478 -0.6104
v 0.6676 -0.1438 -0.7102
v 0.6704 -0.1608 -0.9137
v 0.6690 -0.1392 -0.6521
v 0.6676 -0.1430 -0.6296
v 0.6672 -0.1393 -0.8980
v 0.6658 -0.1317 -0.6068
v 0.6682 -0.1372 -0.6597
v 0.6629 -0.0625 -0.7933
v 0.6642 0.0302 -0.6993
v 0.6688 0.0868 -0.8254
v 0.6665 -0.1489 -0.6549
v 0.6664 -0.1240 -0.5975
v 0.6661 -0.0003 -0.6789
v 0.6702 -0.0266 -0.6727
v 0.6710 -0.1238 -0.6519
v 0.6692 0.0236 -0.6787
v 0.6710 -0.1426 -0.6422
v 0.6676 -0.0061 -0.8665
v 0.6635 -0.0367 -0.6844
v 0.6682 0.0639 -0.7189
v 0.6714 -0.1569 -0.9092
v 0.6701 0.0325 -0.7430
v 0.6681 -0.1622 -0.5684
v 0.6588 -0.1645 -0.5546
v 0.6659 0.1017 -0.8173
v 0.6702 -0.1684 -0.5456
v 0.6703 -0.1305 -0.6508
v 0.6663 0.0081 -0.8490
v 0.6713 -0.1482 -0.7902
v 0.6663 0.0573 -0.8315
v 0.6676 -0.1453 -0.6900
v 0.6739 -0.1545 -0.6292
v 0.6709 -0.1476 -0.6281
v 0.6698 0.0482 -0.8386
v 0.6661 0.0023 -0.8631
v 0.6737 -0.1462 -0.6981
v 0.6678 -0.1703 -0.6354
v 0.6706 -0.0588 -0.8748
v 0.6761 0.0650 -0.7619
v 0.6689 -0.1467 -0.6474
v 0.6684 -0.0310 -0.8747
v 0.6714 -0.1351 -0.6050
v 0.6675 -0.1510 -0.6835
v 0.6738 -0.1021 -0.8888
v 0.6717 -0.1479 -0.6222
v 0.6685 0.0467 -0.7213
v 0.6751 0.1018 -0.8070
v 0.6684 -0.1484 -0.7625
v 0.6724 -0.0376 -0.6783
v 0.6724 0.0012 -0.8662
v 0.6692 -0.1510 -0.6304
v 0.6691 -0.1151 -0.8955
v 0.6737 -0.0165 -0.6694
v 0.6701 0.1105 -0.7362
v 0.6683 0.0749 -0.8282
v 0.6800 -0.1315 -0.6449
v 0.6694 0.0915 -0.7714
v 0.6598 -0.1703 -0.7771
v 0.6665 -0.0818 -0.8729
v 0.6722 0.0285 -0.6960
v 0.6804 -0.1703 -0.5956
v 0.6729 -0.1703 -0.7643
v 0.6690 -0.0374 -0.7538
v 0.6744 0.0822 -0.7273
v 0.6680 0.0483 -0.7316
v 0.6667 -0.0379 -0.7193
v 0.6720 0.0218 -0.6715
v 0.6696 0.0870 -0.7617
v 0.6702 0.0766 -0.7202
v 0.6719 0.0098 -0.8575
v 0.6698 -0.1273 -0.6603
v 0.6719 0.0906 -0.7231
v 0.6589 -0.1703 -0.8739
v 0.6691 -0.0092 -0.6678
v 0.6738 -0.1482 -0.6109
v 0.6689 0.0274 -0.6850
v 0.6699 -0.0903 -0.8711
v 0.6731 0.0456 -0.7305
v 0.6702 0.0768 -0.7580
v 0.6768 0.1002 -0.7868
v 0.6671 0.0339 -0.6932
v 0.6751 0.0895 -0.7694
v 0.6728 0.0926 -0.7631
v 0.6726 0.0294 -0.6906
v 0.6693 -0.0184 -0.8733
v 0.6726 -0.1536 -0.6255
v 0.6756 -0.0378 -0.8750
v 0.6770 0.0255 -0.6825
v 0.6715 0.0353 -0.6998
v 0.6774 -0.1703 -0.5713
v 0.6772 0.0996 -0.7963
v 0.6763 -0.1703 -0.7004
v 0.6743 -0.1402 -0.6195
v 0.6747 -0.0561 -0.7824
v 0.6674 -0.1703 -0.8079
v 0.6740 0.0325 -0.6962
v 0.6698 -0.0341 -0.7269
v 0.6736 0.0813 -0.7600
v 0.6792 -0.1486 -0.6230
v 0.6740 0.1129 -0.7444
v 0.6796 0.0168 -0.8435
v 0.6718 0.0486 -0.7416
v 0.6743 -0.0304 -0.7257
v 0.6715 -0.1332 -0.8999
v 0.6732 -0.1553 -0.6096
v 0.6744 0.1065 -0.7436
v 0.6739 0.1501 -0.7275
v 0.6752 0.0579 -0.7235
v 0.6719 0.0674 -0.7147
v 0.6761 -0.1484 -0.6523
v 0.6772 0.0473 -0.7501
v 0.6747 0.1072 -0.7345
v 0.6833 -0.1485 -0.7449
v 0.6772 -0.1703 -0.8657
v 0.6798 -0.0367 -0.7187
v 0.6875 -0.0392 -0.7497
v 0.6752 0.1489 -0.7598
v 0.6725 -0.0270 -0.6783
v 0.6711 0.0063 -0.6736
v 0.6741 -0.0096 -0.8704
v 0.6762 -0.1535 -0.6202
v 0.6641 -0.1487 -0.7284
v 0.6767 -0.0884 -0.7942
v 0.6714 -0.0071 -0.6729
v 0.6739 0.0100 -0.8607
v 0.6784 0.1521 -0.7330
v 0.6794 0.1409 -0.7653
v 0.6725 0.0484 -0.7232
v 0.6768 -0.0794 -0.8681
v 0.6749 0.0954 -0.8157
v 0.6718 -0.1702 -0.6820
v 0.6737 -0.1489 -0.7104
v 0.6729 0.1006 -0.7237
v 0.6742 0.0490 -0.8313
v 0.6796 0.1318 -0.7342
v 0.6758 0.1484 -0.7519
v 0.6760 0.0600 -0.8277
v 0.6749 0.0310 -0.6982
v 0.6832 0.0483 -0.7232
v 0.6750 -0.0907 -0.8795
v 0.6794 0.1061 -0.7434
v 0.6769 0.0899 -0.7789
v 0.6764 0.0402 -0.6975
v 0.6788 -0.1255 -0.6127
v 0.6708 -0.1703 -0.6522
v 0.6740 0.1106 -0.7256
v 0.6730 -0.1224 -0.6137
v 0.6773 0.0711 -0.8245
v 0.6772 -0.1498 -0.6204
v 0.6745 -0.0871 -0.8678
v 0.6815 -0.1703 -0.7290
v 0.6697 -0.1703 -0.7911
v 0.6786 -0.1532 -0.6494
v 0.6769 0.0316 -0.7647
v 0.6775 -0.1433 -0.6115
v 0.6818 -0.0227 -0.8707
v 0.6759 0.0749 -0.7271
v 0.6720 -0.1234 -0.6579
v 0.6788 -0.1242 -0.9011
v 0.6763 0.1254 -0.7268
v 0.6784 0.1387 -0.7348
v 0.6789 -0.1638 -0.5517
v 0.6773 0.1108 -0.7318
v 0.6789 0.1489 -0.7650
v 0.6789 -0.1575 -0.6019
v 0.6800 -0.0317 -0.6748
v 0.6769 0.0485 -0.7064
v 0.6733 0.0414 -0.7617
v 0.6773 -0.1554 -0.6238
v 0.6815 0.1119 -0.7194
v 0.6780 -0.0112 -0.6634
v 0.6814 0.0288 -0.6924
v 0.6770 0.0877 -0.7165
v 0.6766 0.1090 -0.7515
v 0.6745 0.1382 -0.7265
v 0.6772 0.1348 -0.7295
v 0.6787 -0.1132 -0.8989
v 0.6788 0.0093 -0.8447
v 0.6775 0.1127 -0.7359
v 0.6805 0.1132 -0.7571
v 0.6889 -0.0590 -0.7779
v 0.6792 0.0214 -0.6657
v 0.6809 -0.1233 -0.6252
v 0.6845 0.1513 -0.7204
v 0.6777 0.1034 -0.7376
v 0.6787 0.1153 -0.7504
v 0.6727 -0.0709 -0.8712
v 0.6837 0.0312 -0.8424
v 0.6774 -0.1556 -0.6149
v 0.6774 -0.1425 -0.6551
v 0.6804 -0.1458 -0.6990
v 0.6774 -0.1694 -0.9167
v 0.6824 -0.0359 -0.7138
v 0.6834 -0.1324 -0.6213
v 0.6790 0.1377 -0.7495
v 0.6823 0.1016 -0.7436
v 0.6801 0.1416 -0.7470
v 0.6782 0.1032 -0.7472
v 0.6821 0.0959 -0.7300
v 0.6778 0.0944 -0.7652
v 0.6811 0.0473 -0.6940
v 0.6825 -0.1420 -0.6305
v 0.6763 -0.1703 -0.6201
v 0.6834 -0.1607 -0.5679
v 0.6783 -0.1485 -0.7200
v 0.6801 0.0567 -0.7096
v 0.6835 0.0441 -0.8408
v 0.6759 0.1397 -0.7563
v 0.6750 -0.1509 -0.6925
v 0.6823 0.0546 -0.8386
v 0.6832 -0.1702 -0.6676
v 0.6808 0.0874 -0.7704
v 0.6791 0.0789 -0.7659
v 0.6801 0.1266 -0.7533
v 0.6838 0.1009 -0.7347
v 0.6835 -0.1478 -0.7826
v 0.6800 0.1198 -0.7501
v 0.6754 0.0240 -0.6744
v 0.6814 0.0928 -0.7388
v 0.6846 0.0890 -0.7978
v 0.6836 -0.1559 -0.9068
v 0.6854 -0.1703 -0.8176
v 0.6864 -0.1703 -0.8472
v 0.6841 -0.1476 -0.6447
v 0.6788 0.0317 -0.7554
v 0.6785 0.0888 -0.7297
v 0.6828 -0.0303 -0.7161
v 0.6850 0.0640 -0.7182
v 0.6803 -0.1011 -0.8914
v 0.6833 -0.1703 -0.8995
v 0.6918 0.0281 -0.6861
v 0.6832 -0.1702 -0.7761
v 0.6782 0.0919 -0.7602
v 0.6810 0.0466 -0.7075
v 0.6853 -0.0687 -0.7858
v 0.6828 0.0489 -0.7163
v 0.6810 0.1015 -0.7526
v 0.6785 0.0470 -0.7368
v 0.6794 -0.0544 -0.8722
v 0.6830 0.0880 -0.7336
v 0.6820 -0.1294 -0.6289
v 0.6826 0.0640 -0.8355
v 0.6845 0.1393 -0.7426
v 0.6811 0.0727 -0.7119
v 0.6821 -0.0903 -0.8810
v 0.6840 0.0464 -0.7132
v 0.6846 0.0911 -0.7925
v 0.6806 -0.1414 -0.6435
v 0.6793 -0.0307 -0.6679
v 0.6828 0.0570 -0.7356
v 0.6858 -0.1030 -0.7896
v 0.6877 0.1411 -0.7619
v 0.6850 0.0800 -0.7539
v 0.6884 -0.0316 -0.7137
v 0.6845 0.0494 -0.7319
v 0.6859 0.0740 -0.7199
v 0.6793 -0.1450 -0.9021
v 0.6828 0.0806 -0.7363
v 0.6806 0.0935 -0.7464
v 0.6808 0.1131 -0.7449
v 0.6837 0.0958 -0.7571
v 0.6853 -0.1432 -0.7118
v 0.6832 0.0466 -0.7603
v 0.6839 0.1075 -0.7611
v 0.6855 -0.0018 -0.8632
v 0.6848 0.1540 -0.7516
v 0.6817 0.0091 -0.8543
v 0.6873 -0.0180 -0.6596
v 0.6845 -0.1455 -0.6206
v 0.6797 0.0251 -0.8424
v 0.6792 -0.1231 -0.6474
v 0.6867 -0.1704 -0.5575
v 0.6860 0.0685 -0.8320
v 0.6819 0.1091 -0.7338
v 0.6829 0.0932 -0.8085
v 0.6846 0.1502 -0.7438
v 0.6945 0.0258 -0.6727
v 0.6830 0.0687 -0.7343
v 0.6926 0.0146 -0.6600
v 0.6851 0.1114 -0.7391
v 0.6923 0.1517 -0.7382
v 0.6853 0.0314 -0.7647
v 0.6807 0.1069 -0.7448
v 0.6851 0.0849 -0.7412
v 0.6823 0.0880 -0.7513
v 0.6825 0.0011 -0.6652
v 0.6835 0.0845 -0.7754
v 0.6845 -0.1492 -0.6314
v 0.6828 0.0949 -0.7621
v 0.6828 -0.0685 -0.8697
v 0.6853 0.1025 -0.7323
v 0.6800 -0.0453 -0.6787
v 0.6836 -0.1504 -0.6768
v 0.6849 0.1045 -0.7454
v 0.6881 0.0076 -0.8471
v 0.6851 0.1280 -0.7428
v 0.6838 0.1329 -0.7568
v 0.6849 0.1369 -0.7616
v 0.6879 0.0968 -0.7254
v 0.6818 0.0686 -0.8223
v 0.6853 0.1207 -0.7401
v 0.6903 0.0848 -0.7922
v 0.6818 0.1069 -0.7425
v 0.6850 -0.1508 -0.6943
v 0.6849 -0.1651 -0.9146
v 0.6842 0.0883 -0.7159
v 0.6845 -0.0444 -0.6889
v 0.6916 0.0666 -0.7823
v 0.6853 -0.1479 -0.7166
v 0.6851 0.0801 -0.8046
v 0.6839 -0.0854 -0.8733
v 0.6833 -0.1048 -0.8943
v 0.6793 -0.1284 -0.7915
v 0.6865 0.1178 -0.7198
v 0.6873 0.1062 -0.7332
v 0.6860 0.0911 -0.7434
v 0.6855 -0.1252 -0.6232
v 0.6916 -0.1553 -0.5939
v 0.6888 0.0233 -0.6648
v 0.6939 0.0249 -0.8424
v 0.6780 -0.1485 -0.7747
v 0.6876 -0.0362 -0.6634
v 0.6833 -0.1393 -0.6234
v 0.6886 0.0906 -0.7420
v 0.6853 0.0832 -0.7669
v 0.6871 0.0913 -0.7318
v 0.6855 0.0385 -0.7717
v 0.6850 0.1362 -0.7219
v 0.6883 -0.1494 -0.6346
v 0.6859 -0.1586 -0.5763
v 0.6884 0.0840 -0.7839
v 0.6878 -0.1504 -0.6855
v 0.6818 -0.0439 -0.6739
v 0.6879 0.0845 -0.7337
v 0.6907 -0.1400 -0.6344
v 0.6855 -0.1519 -0.9006
v 0.6867 0.0957 -0.7333
v 0.6888 0.0873 -0.7465
v 0.6831 0.0553 -0.7684
v 0.6882 -0.1585 -0.5553
v 0.6870 -0.0580 -0.6752
v 0.6865 0.0902 -0.7245
v 0.6959 -0.1625 -0.5559
v 0.6886 -0.1249 -0.6386
v 0.6865 0.0729 -0.8035
v 0.6859 -0.1689 -0.5437
v 0.6841 0.0848 -0.8139
v 0.6869 -0.1625 -0.5548
v 0.6869 -0.1227 -0.6320
v 0.6888 0.0910 -0.7607
v 0.6718 -0.1703 -0.8348
v 0.6876 0.1015 -0.7443
v 0.6886 -0.1314 -0.6399
v 0.6876 -0.0426 -0.8685
v 0.6870 0.0459 -0.7098
v 0.6888 0.0949 -0.7531
v 0.6845 -0.0334 -0.7309
v 0.6846 -0.1703 -0.8808
v 0.6996 -0.1703 -0.7746
v 0.6893 -0.0913 -0.8821
v 0.6878 0.0910 -0.7414
v 0.6914 0.1325 -0.7498
v 0.6854 0.1358 -0.7444
v 0.6863 -0.0123 -0.6641
v 0.6907 0.0817 -0.7303
v 0.6874 0.0998 -0.7314
v 0.6880 -0.0537 -0.6723
v 0.6884 0.1289 -0.7215
v 0.6864 0.1145 -0.7501
v 0.6877 -0.0664 -0.6775
v 0.6890 -0.0120 -0.8561
v 0.6893 -0.1400 -0.6380
v 0.6879 0.0923 -0.7228
v 0.6895 -0.0160 -0.8644
v 0.6915 -0.1221 -0.6383
v 0.6851 0.1529 -0.7607
v 0.6939 -0.1311 -0.8957
v 0.6884 0.0873 -0.7225
v 0.6909 0.0799 -0.7435
v 0.6923 -0.1475 -0.7131
v 0.6884 0.0886 -0.7419
v 0.6909 0.0729 -0.8107
v 0.6908 0.1129 -0.7635
v 0.6895 0.0734 -0.8167
v 0.6891 0.1045 -0.7626
v 0.6893 0.0045 -0.8534
v 0.6852 0.0486 -0.7437
v 0.6890 0.1302 -0.7520
v 0.6890 0.0888 -0.7325
v 0.6851 0.1038 -0.7173
v 0.6880 -0.1410 -0.6758
v 0.6869 0.0615 -0.7414
v 0.6889 0.0480 -0.6901
v 0.6942 0.0618 -0.8307
v 0.6897 0.0774 -0.7403
v 0.6935 0.0485 -0.7534
v 0.6835 -0.1703 -0.6423
v 0.6879 0.1365 -0.7416
v 0.6870 -0.1436 -0.6811
v 0.6892 0.0964 -0.7402
v 0.6909 -0.1211 -0.8952
v 0.6889 0.0906 -0.7439
v 0.6878 0.1046 -0.7389
v 0.6888 -0.1703 -0.6850
v 0.6891 0.1068 -0.7422
v 0.6868 -0.1543 -0.6298
v 0.6896 -0.1501 -0.6989
v 0.6892 0.0502 -0.7056
v 0.6911 0.0903 -0.7350
v 0.6898 0.0913 -0.7332
v 0.6910 0.0474 -0.7270
v 0.6900 0.0308 -0.7748
v 0.6900 0.0956 -0.7282
v 0.6904 -0.0486 -0.8653
v 0.6916 0.1512 -0.7569
v 0.6917 -0.1454 -0.5714
v 0.6905 0.0914 -0.7389
v 0.6899 -0.1591 -0.5505
v 0.6906 0.0914 -0.7426
v 0.6797 -0.1703 -0.7475
v 0.6899 0.0362 -0.6874
v 0.6940 -0.1244 -0.6347
v 0.6874 -0.1233 -0.6459
v 0.6841 -0.1317 -0.6493
v 0.7013 -0.0370 -0.7379
v 0.6909 0.0707 -0.8227
v 0.6961 -0.0083 -0.6597
v 0.6906 0.1064 -0.7223
v 0.7018 -0.1702 -0.8322
v 0.6882 -0.1563 -0.5755
v 0.6916 -0.1062 -0.8926
v 0.6894 -0.1677 -0.5411
v 0.6911 -0.0272 -0.8636
v 0.6899 -0.1454 -0.6301
v 0.6895 -0.0518 -0.6755
v 0.6911 0.0949 -0.7580
v 0.6908 -0.0243 -0.8559
v 0.6917 0.0938 -0.7347
v 0.6899 0.1271 -0.7510
v 0.6892 0.0800 -0.7473
v 0.6869 0.0463 -0.6996
v 0.6889 -0.1509 -0.6712
v 0.6929 -0.1433 -0.6905
v 0.6878 -0.1485 -0.7259
v 0.6938 0.0779 -0.7379
v 0.6887 0.0989 -0.7224
v 0.6944 0.0995 -0.7237
v 0.6948 -0.1513 -0.8947
v 0.6920 0.0889 -0.7331
v 0.6925 -0.1496 -0.6388
v 0.6914 0.0547 -0.7293
v 0.6909 0.1141 -0.7230
v 0.6928 -0.0368 -0.8633
v 0.6914 0.0770 -0.7306
v 0.6912 -0.0401 -0.6696
v 0.6941 0.0308 -0.7791
v 0.6908 0.0463 -0.7700
v 0.6897 -0.1703 -0.6164
v 0.6893 -0.0617 -0.8683
v 0.6931 0.0845 -0.7565
v 0.6907 0.0989 -0.7375
v 0.6917 -0.0666 -0.6845
v 0.6926 -0.1477 -0.7057
v 0.6909 0.0793 -0.7544
v 0.6933 -0.1419 -0.6434
v 0.6916 0.1369 -0.7562
v 0.6942 0.0496 -0.7382
v 0.6907 -0.0583 -0.6865
v 0.6914 0.1396 -0.7258
v 0.6932 -0.0710 -0.6784
v 0.6917 0.0680 -0.7299
v 0.6948 -0.0873 -0.8751
v 0.6933 -0.0683 -0.6737
v 0.6932 -0.1703 -0.5800
v 0.6911 -0.1703 -0.7109
v 0.6901 -0.1485 -0.7544
v 0.6951 -0.1394 -0.6734
v 0.6925 -0.0359 -0.8549
v 0.6930 0.0601 -0.7373
v 0.6913 0.0956 -0.7229
v 0.6961 0.0697 -0.8240
v 0.6964 -0.1403 -0.6379
v 0.6963 -0.1524 -0.6467
v 0.6895 0.0116 -0.8464
v 0.6916 -0.1588 -0.5685
v 0.6935 -0.1704 -0.5452
v 0.6947 -0.0789 -0.8733
v 0.6939 -0.1386 -0.6790
v 0.6951 -0.0197 -0.6595
v 0.6941 0.1328 -0.7556
v 0.6947 0.0967 -0.7268
v 0.6951 -0.0535 -0.6862
v 0.6941 -0.0923 -0.6771
v 0.6929 0.1129 -0.7578
v 0.6940 -0.1160 -0.6792
v 0.6938 0.1065 -0.7573
v 0.6928 0.0885 -0.7557
v 0.6925 -0.1470 -0.5841
v 0.6978 0.0665 -0.7911
v 0.7003 0.0909 -0.7433
v 0.6929 0.0464 -0.7177
v 0.6927 -0.1546 -0.6084
v 0.6977 0.0360 -0.7850
v 0.7024 0.0275 -0.6783
v 0.6987 0.0979 -0.7380
v 0.6959 0.1071 -0.7370
v 0.6928 0.0495 -0.7790
v 0.6974 -0.0358 -0.7219
v 0.6953 0.1055 -0.7370
v 0.6964 -0.1073 -0.6835
v 0.6992 0.0872 -0.7340
v 0.6945 -0.1270 -0.6754
v 0.6941 0.0420 -0.7765
v 0.6963 -0.1247 -0.6414
v 0.6979 -0.1693 -0.5365
v 0.6973 -0.1543 -0.9013
v 0.6959 -0.1486 -0.7738
v 0.6970 0.0673 -0.7965
v 0.6950 0.1497 -0.7312
v 0.6906 -0.0993 -0.8886
v 0.6960 0.0912 -0.7367
v 0.6907 0.0868 -0.7272
v 0.6972 0.1356 -0.7316
v 0.6929 0.1057 -0.7313
v 0.6952 0.1023 -0.7495
v 0.7012 0.0966 -0.7231
v 0.6972 -0.1497 -0.7009
v 0.6944 0.1152 -0.7275
v 0.6942 0.1062 -0.7293
v 0.6922 0.0506 -0.8370
v 0.6973 0.1141 -0.7628
v 0.6964 -0.1454 -0.6408
v 0.6941 -0.0464 -0.6963
v 0.6945 0.1003 -0.7561
v 0.6949 -0.0373 -0.8660
v 0.7031 -0.1703 -0.5941
v 0.6966 -0.0352 -0.6582
v 0.6943 -0.0234 -0.6543
v 0.6937 0.0765 -0.7933
v 0.6956 -0.1520 -0.5661
v 0.6956 -0.0529 -0.8741
v 0.6926 0.0894 -0.7493
v 0.6962 -0.0551 -0.6633
v 0.7009 0.1525 -0.7531
v 0.7004 -0.1703 -0.6352
v 0.6988 -0.1703 -0.8612
v 0.6959 0.0452 -0.6996
v 0.6957 -0.1325 -0.6373
v 0.6944 -0.0421 -0.7080
v 0.6955 -0.1350 -0.7805
v 0.6975 -0.0809 -0.6867
v 0.6939 0.0473 -0.7759
v 0.6976 -0.0669 -0.8765
v 0.6960 0.0829 -0.7345
v 0.6980 0.1029 -0.7596
v 0.7010 -0.0773 -0.8774
v 0.6990 -0.1506 -0.6648
v 0.7006 0.1010 -0.7469
v 0.6978 0.1012 -0.7421
v 0.6939 0.1230 -0.7261
v 0.6974 -0.1400 -0.6711
v 0.6968 0.1132 -0.7189
v 0.6968 0.0688 -0.7584
v 0.6989 0.0807 -0.7443
v 0.6968 -0.1446 -0.8953
v 0.6977 0.1063 -0.7356
v 0.6969 0.0030 -0.8439
v 0.7023 0.0483 -0.7684
v 0.7003 0.0826 -0.7348
v 0.6950 -0.0350 -0.7104
v 0.7028 0.0893 -0.7363
v 0.6949 -0.0448 -0.6601
v 0.6949 -0.0032 -0.8521
v 0.6991 0.0888 -0.7527
v 0.6979 -0.0684 -0.6911
v 0.6958 -0.1471 -0.5926
v 0.6958 0.1075 -0.7401
v 0.6981 -0.1395 -0.6888
v 0.6986 0.0687 -0.7630
v 0.6989 0.0937 -0.7309
v 0.6971 0.0491 -0.7122
v 0.6989 0.0862 -0.7293
v 0.6975 0.0307 -0.7827
v 0.6976 -0.1415 -0.5718
v 0.6986 -0.0863 -0.8787
v 0.7003 -0.1703 -0.7322
v 0.6986 -0.1703 -0.6571
v 0.7018 0.0655 -0.8208
v 0.7004 0.0887 -0.7324
v 0.6985 0.0885 -0.7338
v 0.6994 0.0595 -0.7637
v 0.6995 -0.0516 -0.6592
v 0.6983 0.0454 -0.6810
v 0.7021 0.0456 -0.7162
v 0.6982 -0.1537 -0.6001
v 0.7006 0.1516 -0.7413
v 0.6948 0.1057 -0.7245
v 0.6977 -0.0497 -0.6682
v 0.6990 0.0888 -0.7285
v 0.7084 0.0881 -0.7196
v 0.6949 -0.1689 -0.9131
v 0.6970 0.1517 -0.7611
v 0.6993 0.0938 -0.7276
v 0.6979 -0.0905 -0.8876
v 0.7026 0.1410 -0.7386
v 0.6973 -0.1503 -0.5975
v 0.6985 0.1216 -0.7637
v 0.6988 0.0219 -0.6578
v 0.7016 -0.0246 -0.8497
v 0.7041 -0.1519 -0.6232
v 0.6951 0.0887 -0.7196
v 0.6967 0.1423 -0.7616
v 0.7012 0.1272 -0.7683
v 0.6986 0.0132 -0.8410
v 0.7035 0.0818 -0.7437
v 0.7021 -0.1703 -0.8125
v 0.7012 -0.0953 -0.6919
v 0.7009 0.1021 -0.7329
v 0.6978 0.1337 -0.7637
v 0.7003 0.1354 -0.7279
v 0.6990 -0.0220 -0.6591
v 0.7002 0.1098 -0.7596
v 0.7000 0.0459 -0.7079
v 0.7051 0.0486 -0.7604
v 0.7032 -0.0460 -0.7086
v 0.7032 0.0887 -0.7298
v 0.7035 -0.0697 -0.6965
v 0.6996 -0.0841 -0.6713
v 0.6938 -0.0484 -0.7644
v 0.6984 0.1099 -0.7331
v 0.7039 -0.1390 -0.6979
v 0.7042 -0.0558 -0.7651
v 0.7057 0.0924 -0.7732
v 0.7002 0.1053 -0.7647
v 0.6986 -0.0586 -0.6994
v 0.7026 0.0538 -0.7930
v 0.7014 0.0534 -0.7690
v 0.7022 0.0058 -0.8492
v 0.7001 0.0323 -0.7858
v 0.7012 0.1064 -0.7168
v 0.6992 -0.0558 -0.6555
v 0.6973 0.0678 -0.8071
v 0.7012 -0.1485 -0.7388
v 0.7037 0.0160 -0.8470
v 0.7025 -0.1702 -0.9064
v 0.7005 0.0862 -0.7674
v 0.7043 0.0381 -0.8335
v 0.7006 -0.1703 -0.7552
v 0.7045 -0.1702 -0.5598
v 0.6966 -0.1192 -0.8982
v 0.6982 -0.0340 -0.8535
v 0.7059 0.0794 -0.7460
v 0.7009 0.0737 -0.7681
v 0.7047 0.1173 -0.7697
v 0.7077 -0.1484 -0.7665
v 0.7024 -0.0663 -0.7026
v 0.7046 -0.1487 -0.5618
v 0.6989 -0.1433 -0.7010
v 0.7026 -0.0308 -0.6506
v 0.7043 -0.1531 -0.5968
v 0.7021 -0.0684 -0.6689
v 0.7002 0.0966 -0.7434
v 0.7033 -0.1177 -0.7813
v 0.7074 -0.0954 -0.8935
v 0.7035 0.0735 -0.7501
v 0.7034 -0.0534 -0.7007
v 0.7062 -0.1426 -0.6613
v 0.7010 0.1037 -0.7248
v 0.7025 0.0507 -0.8294
v 0.7003 -0.1596 -0.5460
v 0.7082 -0.1702 -0.6717
v 0.7066 0.0467 -0.7016
v 0.6980 -0.1485 -0.7619
v 0.7030 0.0683 -0.8042
v 0.7035 0.0623 -0.7666
v 0.7026 0.0618 -0.7973
v 0.7015 0.0666 -0.7701
v 0.7009 0.1086 -0.7373
v 0.7001 -0.0662 -0.7760
v 0.7059 0.0218 -0.8368
v 0.7036 -0.0640 -0.6620
v 0.7028 0.0415 -0.7917
v 0.7023 0.0307 -0.7911
v 0.7061 0.0307 -0.7891
v 0.7047 -0.1098 -0.6957
v 0.7059 0.0967 -0.7533
v 0.7070 -0.0664 -0.6605
v 0.7099 0.0179 -0.6472
v 0.7042 0.1342 -0.7204
v 0.7040 -0.1396 -0.6659
v 0.7043 -0.0900 -0.7039
v 0.7024 0.0797 -0.7269
v 0.7022 -0.0186 -0.8495
v 0.7135 -0.0442 -0.8731
v 0.7006 -0.0071 -0.8484
v 0.7034 0.1028 -0.7237
v 0.7020 0.0603 -0.7718
v 0.7042 0.1092 -0.7284
v 0.7031 0.0693 -0.7612
v 0.7032 0.0496 -0.7760
v 0.7038 0.0967 -0.7355
v 0.7028 0.1389 -0.7698
v 0.7037 -0.0341 -0.8489
v 0.7053 0.1054 -0.7712
v 0.7017 0.0033 -0.6539
v 0.7000 -0.0401 -0.7111
v 0.6944 -0.1703 -0.7963
v 0.6974 -0.1257 -0.6869
v 0.7057 -0.1531 -0.8975
v 0.7060 0.1132 -0.7125
v 0.7069 -0.0842 -0.8786
v 0.7070 -0.1702 -0.6903
v 0.7025 0.0804 -0.7554
v 0.7046 -0.1205 -0.7037
v 0.6993 -0.1075 -0.6715
v 0.7042 0.0618 -0.7569
v 0.7056 0.0500 -0.7649
v 0.7093 -0.1030 -0.7084
v 0.7049 -0.1269 -0.6672
v 0.7002 -0.0953 -0.7824
v 0.7035 0.0965 -0.7617
v 0.7060 0.0612 -0.7647
v 0.7016 -0.0461 -0.7527
v 0.7088 -0.1305 -0.7076
v 0.7075 0.1359 -0.7672
v 0.7026 0.1087 -0.7561
v 0.7034 -0.0857 -0.8855
v 0.7085 0.1033 -0.7513
v 0.7040 0.0780 -0.7340
v 0.7079 -0.1703 -0.7123
v 0.7091 -0.1703 -0.8508
v 0.7008 -0.1488 -0.7179
v 0.7112 -0.1194 -0.8972
v 0.7096 -0.0542 -0.7145
v 0.7059 -0.1231 -0.6985
v 0.7047 -0.1033 -0.7020
v 0.7058 -0.0924 -0.6996
v 0.7090 0.0684 -0.7530
v 0.7043 0.0910 -0.7422
v 0.7060 0.0907 -0.7451
v 0.7067 0.0459 -0.7232
v 0.7073 0.1000 -0.7432
v 0.7033 -0.1350 -0.8993
v 0.7109 0.1506 -0.7542
v 0.7052 -0.0528 -0.8762
v 0.7055 -0.0586 -0.8773
v 0.7024 0.0482 -0.7861
v 0.7089 0.0470 -0.6745
v 0.7067 0.0796 -0.7354
v 0.7148 0.1064 -0.7666
v 0.7080 0.0252 -0.6633
v 0.7008 0.0484 -0.6861
v 0.7091 -0.0689 -0.7089
v 0.7058 0.0861 -0.7488
v 0.7049 0.1096 -0.7472
v 0.7088 -0.1612 -0.9078
v 0.7057 0.0713 -0.7278
v 0.7036 0.0463 -0.7383
v 0.7047 0.0721 -0.8113
v 0.7064 0.1487 -0.7438
v 0.7073 0.1100 -0.7519
v 0.7078 0.0606 -0.7783
v 0.7049 -0.1689 -0.9098
v 0.7046 -0.1399 -0.5827
v 0.7096 0.1236 -0.7674
v 0.7135 -0.0882 -0.7774
v 0.7047 -0.0499 -0.6536
v 0.7077 0.0336 -0.6750
v 0.7045 -0.0407 -0.8705
v 0.7051 -0.1468 -0.7137
v 0.7091 0.0774 -0.8040
v 0.7062 -0.0780 -0.6638
v 0.7191 0.0460 -0.7439
v 0.7091 0.0572 -0.7623
v 0.6976 -0.1703 -0.8896
v 0.7075 0.1100 -0.7237
v 0.7089 0.0732 -0.7551
v 0.7113 -0.0420 -0.7378
v 0.7053 -0.1078 -0.8966
v 0.7079 -0.0392 -0.6481
v 0.7096 0.0549 -0.7596
v 0.7141 -0.0535 -0.7491
v 0.7061 0.1158 -0.7172
v 0.7110 -0.1703 -0.5455
v 0.7101 0.0361 -0.7872
v 0.7074 0.0718 -0.7767
v 0.7055 -0.1682 -0.5354
v 0.7054 0.0731 -0.7643
v 0.7088 0.0492 -0.7637
v 0.7057 0.1049 -0.7204
v 0.7012 0.0950 -0.7162
v 0.7080 0.1063 -0.7126
v 0.7093 0.0920 -0.7363
v 0.7085 0.0808 -0.7749
v 0.7084 0.1395 -0.7484
v 0.7102 0.0974 -0.7216
v 0.7101 0.0732 -0.7392
v 0.7120 0.1052 -0.7576
v 0.7054 0.0400 -0.7885
v 0.7170 0.1430 -0.7246
v 0.7106 -0.1703 -0.7896
v 0.7049 0.1520 -0.7694
v 0.7088 0.1130 -0.7546
v 0.7120 -0.0325 -0.8572
v 0.7097 0.0870 -0.7264
v 0.7157 0.0460 -0.6927
v 0.7131 0.0957 -0.7691
v 0.7091 0.0318 -0.8399
v 0.7084 -0.1503 -0.6586
v 0.7131 0.0332 -0.7848
v 0.7058 -0.1604 -0.5602
v 0.7068 -0.1556 -0.9011
v 0.7089 0.1345 -0.7534
v 0.7125 -0.0458 -0.6468
v 0.7141 0.1160 -0.7086
v 0.7088 0.0962 -0.7176
v 0.7081 -0.0316 -0.6563
v 0.7091 0.1389 -0.7519
v 0.7079 0.0846 -0.7321
v 0.7100 0.0635 -0.7574
v 0.7132 -0.1501 -0.6474
v 0.7197 -0.1516 -0.5881
v 0.7097 -0.0617 -0.7658
v 0.7135 0.1357 -0.7125
v 0.7087 0.0311 -0.6718
v 0.7187 -0.0292 -0.6485
v 0.7116 0.0590 -0.8301
v 0.7136 -0.0614 -0.6520
v 0.7109 -0.0641 -0.8783
v 0.7137 0.1124 -0.7507
v 0.7131 -0.0881 -0.7113
v 0.7074 -0.0816 -0.7032
v 0.7131 0.0739 -0.7923
v 0.7060 -0.0111 -0.6494
v 0.7110 0.0894 -0.7594
v 0.7129 -0.1392 -0.7121
v 0.7083 0.0769 -0.7332
v 0.7156 -0.1446 -0.5872
v 0.7134 0.0720 -0.7441
v 0.7170 -0.1499 -0.6209
v 0.7132 -0.1705 -0.9039
v 0.7048 -0.1703 -0.8733
v 0.7092 0.0726 -0.8215
v 0.7119 -0.1430 -0.7199
v 0.7141 0.0517 -0.7180
v 0.7102 -0.1027 -0.6624
v 0.7132 0.0436 -0.8392
v 0.7206 0.0478 -0.6664
v 0.7092 0.0874 -0.7357
v 0.7138 -0.0633 -0.6560
v 0.7146 0.1385 -0.7500
v 0.7117 -0.1470 -0.8970
v 0.7135 0.0602 -0.7867
v 0.7105 -0.1453 -0.5687
v 0.7129 -0.1396 -0.6590
v 0.7119 0.0908 -0.7508
v 0.7104 0.0509 -0.7797
v 0.7116 0.1385 -0.7478
v 0.7130 0.1220 -0.7569
v 0.7119 -0.1498 -0.6377
v 0.7129 -0.1496 -0.6304
v 0.7113 0.0761 -0.7348
v 0.7117 0.0051 -0.6435
v 0.7146 0.0784 -0.7475
v 0.7199 -0.1485 -0.7460
v 0.7139 0.0805 -0.7239
v 0.7132 0.0714 -0.7615
v 0.7071 -0.0412 -0.7278
v 0.7100 -0.1660 -0.5438
v 0.7069 -0.1482 -0.5927
v 0.7112 0.0128 -0.6448
v 0.7132 0.0964 -0.7507
v 0.7113 0.1080 -0.7210
v 0.7172 0.1504 -0.7491
v 0.7188 0.0885 -0.7034
v 0.7242 -0.1703 -0.8631
v 0.7092 -0.1359 -0.7723
v 0.7153 0.1368 -0.7576
v 0.7121 -0.0686 -0.7127
v 0.7113 -0.1484 -0.7215
v 0.7132 0.0654 -0.7287
v 0.7072 0.0876 -0.7123
v 0.7173 -0.0638 -0.7545
v 0.7177 0.0819 -0.7665
v 0.7141 0.0389 -0.8469
v 0.7153 0.0861 -0.7388
v 0.7141 -0.0691 -0.6610
v 0.7172 -0.1703 -0.6496
v 0.7143 0.0447 -0.7835
v 0.7141 0.1234 -0.7631
v 0.7116 -0.0214 -0.6486
v 0.7132 -0.1429 -0.5788
v 0.7133 -0.1687 -0.5416
v 0.7141 0.0272 -0.6719
v 0.7300 -0.1703 -0.8411
v 0.7137 -0.1604 -0.5631
v 0.7179 -0.1424 -0.7167
v 0.7147 -0.0970 -0.8906
v 0.7121 -0.1424 -0.6308
v 0.7123 0.0605 -0.7225
v 0.7113 -0.0709 -0.7740
v 0.7168 -0.0692 -0.7128
v 0.7142 0.1354 -0.7616
v 0.7114 -0.0556 -0.6482
v 0.7178 0.0706 -0.8291
v 0.7153 0.0655 -0.7360
v 0.7155 0.1077 -0.7392
v 0.7150 -0.1289 -0.7138
v 0.7115 0.0492 -0.7118
v 0.7166 0.0929 -0.7643
v 0.7117 -0.0732 -0.8796
v 0.7157 -0.0601 -0.7180
v 0.7158 0.1153 -0.7621
v 0.7118 -0.1637 -0.5531
v 0.7171 -0.0778 -0.6623
v 0.7143 0.0807 -0.7357
v 0.7136 -0.0372 -0.6548
v 0.7143 0.0610 -0.7748
v 0.7204 0.0419 -0.8513
v 0.7180 0.0665 -0.7305
v 0.7161 0.0922 -0.7458
v 0.7181 0.0743 -0.7373
v 0.7182 -0.1252 -0.7671
v 0.7155 -0.0494 -0.7310
v 0.7133 -0.0219 -0.8560
v 0.7202 -0.0768 -0.7620
v 0.7152 0.1519 -0.7622
v 0.7128 0.0834 -0.8042
v 0.7201 -0.1376 -0.6612
v 0.7179 -0.1703 -0.6301
v 0.7173 0.0295 -0.6665
v 0.7188 0.0698 -0.7689
v 0.7110 0.0952 -0.7103
v 0.7155 0.1453 -0.7638
v 0.7193 0.0123 -0.6471
v 0.7138 -0.0866 -0.8817
v 0.7167 0.0465 -0.6812
v 0.7145 0.0489 -0.7777
v 0.7193 0.1107 -0.7634
v 0.7141 -0.1703 -0.5785
v 0.7137 -0.1702 -0.7640
v 0.7122 -0.1517 -0.6056
v 0.7170 -0.1018 -0.7117
v 0.7155 -0.0762 -0.7121
v 0.7165 -0.0534 -0.6432
v 0.7131 0.0460 -0.7512
v 0.7160 0.1497 -0.7571
v 0.7182 0.0513 -0.7166
v 0.7156 0.0513 -0.7219
v 0.7274 -0.1523 -0.5926
v 0.7166 -0.1232 -0.7121
v 0.7146 0.1040 -0.7123
v 0.7131 0.0018 -0.8556
v 0.7174 -0.0154 -0.6441
v 0.7135 0.0616 -0.7626
v 0.7170 0.0968 -0.7129
v 0.7166 -0.1492 -0.6524
v 0.7185 0.0962 -0.7061
v 0.7156 0.0461 -0.7336
v 0.7176 0.0741 -0.8160
v 0.7154 -0.1486 -0.7294
v 0.7153 -0.1415 -0.6432
v 0.7205 -0.0875 -0.7105
v 0.7184 -0.1536 -0.5805
v 0.7202 0.0776 -0.7879
v 0.7210 0.0639 -0.7832
v 0.7179 0.0887 -0.7139
v 0.7180 -0.1573 -0.5723
v 0.7191 0.0484 -0.7801
v 0.7186 0.0532 -0.7255
v 0.7163 -0.1696 -0.5340
v 0.7199 0.0688 -0.7402
v 0.7178 0.1064 -0.7181
v 0.7264 -0.1703 -0.6024
v 0.7138 -0.1703 -0.7447
v 0.7181 -0.1704 -0.5402
v 0.7192 0.0591 -0.7341
v 0.7179 0.1352 -0.7505
v 0.7205 -0.0570 -0.8740
v 0.7174 0.0730 -0.7182
v 0.7259 -0.0012 -0.6473
v 0.7194 0.0592 -0.7704
v 0.7232 0.0820 -0.7447
v 0.7184 -0.0956 -0.6620
v 0.7181 -0.1702 -0.8829
v 0.7233 0.0329 -0.8561
v 0.7176 -0.1435 -0.8936
v 0.7193 -0.1484 -0.7182
v 0.7172 -0.1654 -0.5446
v 0.7146 0.0480 -0.7649
v 0.7191 -0.1048 -0.7717
v 0.7150 0.1298 -0.7061
v 0.7228 0.0584 -0.7142
v 0.7227 0.1492 -0.7532
v 0.7203 -0.0473 -0.6521
v 0.7202 0.0456 -0.7016
v 0.7200 -0.1581 -0.9099
v 0.7216 0.0825 -0.8146
v 0.7100 -0.1703 -0.6167
v 0.7172 0.0488 -0.7597
v 0.7175 0.0798 -0.7364
v 0.7174 0.0354 -0.6685
v 0.7176 -0.0865 -0.6619
v 0.7205 0.0477 -0.7402
v 0.7372 -0.1703 -0.5922
v 0.7187 0.0638 -0.7399
v 0.7202 0.0028 -0.8609
v 0.7269 -0.1707 -0.9062
v 0.7219 0.0574 -0.8364
v 0.7203 -0.0533 -0.7373
v 0.7237 -0.1441 -0.6545
v 0.7183 0.0630 -0.7266
v 0.7205 0.0489 -0.7729
v 0.7239 0.0584 -0.7309
v 0.7182 -0.1115 -0.7113
v 0.7200 0.0694 -0.7220
v 0.7217 -0.0419 -0.8677
v 0.7248 -0.1702 -0.7697
v 0.7216 0.1084 -0.7018
v 0.7205 -0.1380 -0.7125
v 0.7219 0.0257 -0.6586
v 0.7194 -0.1082 -0.6628
v 0.7189 -0.1626 -0.5348
v 0.7213 -0.0626 -0.6506
v 0.7186 -0.1386 -0.8934
v 0.7225 -0.0359 -0.8601
v 0.7147 0.0207 -0.8536
v 0.7251 -0.0620 -0.7422
v 0.7203 0.1399 -0.7451
v 0.7222 0.0530 -0.7338
v 0.7224 0.0565 -0.7259
v 0.7186 0.1314 -0.7523
v 0.7213 -0.1264 -0.6623
v 0.7186 0.0227 -0.6516
v 0.7210 -0.1442 -0.6493
v 0.7251 -0.1702 -0.6923
v 0.7210 0.0468 -0.7170
v 0.7230 0.1344 -0.7483
v 0.7221 0.0555 -0.7358
v 0.7245 -0.0552 -0.6496
v 0.7260 -0.1542 -0.5824
v 0.7192 -0.1702 -0.7300
v 0.7213 -0.1187 -0.6630
v 0.7228 -0.0964 -0.6554
v 0.7267 0.0700 -0.7320
v 0.7225 0.0390 -0.7795
v 0.7222 0.0467 -0.7209
v 0.7217 0.1133 -0.7479
v 0.7259 -0.1389 -0.6458
v 0.7237 0.0113 -0.6483
v 0.7249 0.0470 -0.7802
v 0.7257 0.0270 -0.6638
v 0.7222 0.1152 -0.7020
v 0.7267 0.1500 -0.7429
v 0.7224 -0.0722 -0.6526
v 0.7246 -0.0922 -0.7630
v 0.7250 -0.1313 -0.7092
v 0.7239 0.0663 -0.7346
v 0.7272 0.0874 -0.7002
v 0.7218 -0.0635 -0.7300
v 0.7171 0.1427 -0.7369
v 0.7219 0.0624 -0.7290
v 0.7267 0.0615 -0.7313
v 0.7225 0.0862 -0.7172
v 0.7294 -0.1432 -0.7558
v 0.7214 -0.1485 -0.7573
v 0.7250 -0.1385 -0.6641
v 0.7208 -0.0245 -0.8611
v 0.7189 -0.0090 -0.6428
v 0.7216 0.0694 -0.7441
v 0.7251 -0.1640 -0.5439
v 0.7235 -0.1035 -0.7085
v 0.7238 0.1361 -0.7527
v 0.7257 0.0790 -0.7895
v 0.7231 0.1053 -0.7116
v 0.7223 0.1398 -0.7056
v 0.7221 0.0472 -0.6913
v 0.7256 0.0533 -0.7816
v 0.7351 -0.1703 -0.8255
v 0.7255 0.0613 -0.7373
v 0.7222 0.0624 -0.7226
v 0.7245 0.0534 -0.7179
v 0.7281 0.0736 -0.7418
v 0.7236 -0.0892 -0.8825
v 0.7216 0.1426 -0.7137
v 0.7236 -0.1197 -0.8878
v 0.7210 -0.1463 -0.9009
v 0.7276 -0.1283 -0.6447
v 0.7325 -0.0344 -0.8604
v 0.7232 0.0510 -0.7155
v 0.7304 -0.0748 -0.7397
v 0.7226 -0.0707 -0.8764
v 0.7263 0.0641 -0.7327
v 0.7209 0.0833 -0.7950
v 0.7262 0.0952 -0.7086
v 0.7295 0.0737 -0.7184
v 0.7247 -0.0216 -0.6480
v 0.7207 -0.0108 -0.8619
v 0.7302 0.0336 -0.8582
v 0.7258 0.0508 -0.7358
v 0.7179 -0.1703 -0.8183
v 0.7265 -0.1703 -0.6696
v 0.7281 0.0947 -0.6974
v 0.7183 -0.1410 -0.6286
v 0.7211 -0.1428 -0.6190
v 0.7266 0.0620 -0.7292
v 0.7220 -0.1687 -0.9125
v 0.7230 -0.0791 -0.7176
v 0.7277 0.1047 -0.7025
v 0.7253 -0.1195 -0.7077
v 0.7293 -0.1204 -0.6529
v 0.7255 -0.0542 -0.6415
v 0.7252 0.0525 -0.7218
v 0.7253 -0.0200 -0.6447
v 0.7262 -0.1687 -0.5367
v 0.7255 -0.1249 -0.6577
v 0.7251 -0.1200 -0.6430
v 0.7291 -0.0513 -0.6494
v 0.7252 0.0459 -0.8387
v 0.7331 0.0883 -0.6938
v 0.7281 0.1370 -0.7425
v 0.7297 0.0115 -0.8605
v 0.7258 0.0465 -0.7249
v 0.7249 0.1392 -0.7426
v 0.7277 0.0714 -0.7867
v 0.7261 -0.0599 -0.6488
v 0.7291 -0.0011 -0.6414
v 0.7316 -0.1636 -0.5537
v 0.7255 -0.1410 -0.7115
v 0.7284 0.0625 -0.7300
v 0.7276 0.0663 -0.7304
v 0.7254 -0.1112 -0.6551
v 0.7264 0.1034 -0.7066
v 0.7288 0.0611 -0.7785
v 0.7287 -0.0766 -0.7482
v 0.7329 0.0535 -0.8354
v 0.7265 0.0368 -0.6611
v 0.7259 0.0126 -0.6435
v 0.7264 -0.1703 -0.7950
v 0.7275 -0.1294 -0.6493
v 0.7285 0.1324 -0.7468
v 0.7257 0.0975 -0.7052
v 0.7290 0.0651 -0.7223
v 0.7307 -0.0234 -0.6398
v 0.7260 -0.0380 -0.8700
v 0.7286 0.0497 -0.7231
v 0.7276 0.0076 -0.6402
v 0.7234 -0.0973 -0.8863
v 0.7312 -0.1106 -0.7580
v 0.7274 -0.1250 -0.6381
v 0.7230 0.0682 -0.8333
v 0.7277 -0.0112 -0.6451
v 0.7293 0.0722 -0.8241
v 0.7326 0.1364 -0.7454
v 0.7288 0.0468 -0.8378
v 0.7272 -0.0878 -0.6501
v 0.7284 0.1390 -0.7411
v 0.7309 0.0320 -0.6413
v 0.7276 0.0477 -0.6608
v 0.7285 -0.0269 -0.6462
v 0.7260 -0.1481 -0.7146
v 0.7254 0.1091 -0.7407
v 0.7285 -0.0615 -0.6402
v 0.7288 -0.0945 -0.6489
v 0.7307 -0.0652 -0.8787
v 0.7290 0.0338 -0.6488
v 0.7284 -0.1160 -0.6445
v 0.7287 -0.1437 -0.6595
v 0.7338 0.1052 -0.7050
v 0.7303 -0.1121 -0.6501
v 0.7296 0.0475 -0.6758
v 0.7290 -0.1371 -0.6509
v 0.7293 -0.0679 -0.6410
v 0.7289 -0.0772 -0.6486
v 0.7266 0.0456 -0.7496
v 0.7291 -0.0627 -0.6464
v 0.7291 0.0541 -0.6719
v 0.7324 0.0644 -0.7151
v 0.7281 -0.1013 -0.6449
v 0.7304 -0.0887 -0.6401
v 0.7277 0.1065 -0.6957
v 0.7333 0.1132 -0.6914
v 0.7307 -0.1287 -0.6390
v 0.7292 -0.0418 -0.6476
v 0.7296 0.0593 -0.7294
v 0.7291 0.0559 -0.7342
v 0.7258 -0.1502 -0.6081
v 0.7249 0.0314 -0.7782
v 0.7308 0.0647 -0.7300
v 0.7295 -0.1424 -0.6164
v 0.7271 0.1152 -0.6975
v 0.7283 0.0477 -0.7194
v 0.7314 -0.1081 -0.6396
v 0.7318 0.0461 -0.7423
v 0.7294 -0.1445 -0.8901
v 0.7387 0.0296 -0.8539
v 0.7337 -0.0365 -0.8666
v 0.7289 -0.0999 -0.7179
v 0.7325 0.0622 -0.7236
v 0.7283 0.0168 -0.6521
v 0.7287 -0.1163 -0.7146
v 0.7375 0.0967 -0.6986
v 0.7247 0.0841 -0.8057
v 0.7302 -0.1352 -0.6378
v 0.7309 0.0477 -0.7720
v 0.7312 0.0523 -0.7164
v 0.7299 0.0603 -0.7404
v 0.7297 0.0670 -0.7270
v 0.7444 0.0552 -0.7691
v 0.7307 -0.1260 -0.6525
v 0.7294 0.1431 -0.7337
v 0.7326 -0.0516 -0.6375
v 0.7297 -0.0160 -0.6378
v 0.7298 0.0744 -0.7093
v 0.7316 0.0481 -0.7310
v 0.7306 0.0504 -0.7304
v 0.7367 0.0217 -0.6550
v 0.7300 -0.1334 -0.6571
v 0.7303 -0.0859 -0.7300
v 0.7311 -0.1057 -0.6511
v 0.7329 0.0768 -0.7811
v 0.7261 0.0453 -0.8460
v 0.7332 -0.1480 -0.7295
v 0.7325 0.1053 -0.7289
v 0.7294 -0.0353 -0.6417
v 0.7306 -0.0491 -0.6405
v 0.7318 0.0634 -0.7290
v 0.7283 0.0482 -0.6814
v 0.7325 0.0542 -0.7313
v 0.7360 -0.1527 -0.9080
v 0.7364 -0.1703 -0.7452
v 0.7263 -0.0480 -0.8754
v 0.7378 0.0566 -0.8334
v 0.7295 -0.1403 -0.6363
v 0.7314 0.0496 -0.7488
v 0.7470 -0.1703 -0.7694
v 0.7290 -0.1694 -0.5434
v 0.7272 0.0457 -0.7160
v 0.7314 -0.1703 -0.6556
v 0.7349 0.0634 -0.6674
v 0.7342 0.1399 -0.7323
v 0.7318 0.0661 -0.7326
v 0.7286 0.1241 -0.6942
v 0.7326 0.0687 -0.7087
v 0.7314 0.0385 -0.6565
v 0.7296 0.0900 -0.7074
v 0.7346 0.0537 -0.6782
v 0.7310 0.0710 -0.6744
v 0.7307 0.0563 -0.7281
v 0.7281 0.0251 -0.6510
v 0.7316 -0.1069 -0.8852
v 0.7327 -0.0868 -0.7456
v 0.7351 0.1111 -0.7366
v 0.7363 0.0661 -0.7306
v 0.7422 0.1375 -0.7398
v 0.7334 -0.1179 -0.6519
v 0.7330 0.0589 -0.7257
v 0.7253 0.1221 -0.7507
v 0.7346 0.0585 -0.7289
v 0.7354 -0.1594 -0.5669
v 0.7352 0.0635 -0.6795
v 0.7374 0.0896 -0.7049
v 0.7302 0.1503 -0.7474
v 0.7361 0.1375 -0.6962
v 0.7319 0.1057 -0.7192
v 0.7367 0.0832 -0.6826
v 0.7331 0.0615 -0.7245
v 0.7368 0.0621 -0.7261
v 0.7313 0.1052 -0.7216
v 0.7353 -0.0944 -0.7354
v 0.7337 -0.1700 -0.9101
v 0.7356 0.0644 -0.7366
v 0.7341 0.0625 -0.7231
v 0.7315 0.0505 -0.7241
v 0.7297 0.0421 -0.7773
v 0.7290 -0.1403 -0.6237
v 0.7403 -0.1703 -0.6244
v 0.7310 0.0475 -0.7269
v 0.7345 0.0199 -0.6609
v 0.7337 0.1058 -0.7107
v 0.7333 0.0913 -0.6775
v 0.7384 -0.1278 -0.6395
v 0.7318 -0.1483 -0.8859
v 0.7339 0.0760 -0.7178
v 0.7383 0.1024 -0.7287
v 0.7281 0.0470 -0.7600
v 0.7313 -0.1173 -0.6388
v 0.7347 0.0539 -0.7367
v 0.7381 0.1134 -0.6869
v 0.7328 -0.1468 -0.8979
v 0.7370 -0.1452 -0.6194
v 0.7336 -0.0930 -0.7494
v 0.7343 0.1056 -0.6991
v 0.7276 0.1398 -0.7026
v 0.7390 -0.1703 -0.7301
v 0.7368 -0.1081 -0.6517
v 0.7355 -0.0591 -0.6357
v 0.7332 0.0289 -0.6560
v 0.7309 0.0823 -0.7872
v 0.7342 0.1013 -0.6781
v 0.7340 0.0705 -0.7221
v 0.7355 -0.1703 -0.8514
v 0.7339 0.0988 -0.7051
v 0.7339 0.0456 -0.7334
v 0.7332 0.0867 -0.7105
v 0.7339 -0.1484 -0.7507
v 0.7357 -0.1405 -0.6263
v 0.7369 -0.1370 -0.6546
v 0.7296 0.0221 -0.8604
v 0.7304 -0.1366 -0.7198
v 0.7380 0.1026 -0.6998
v 0.7316 0.1370 -0.7399
v 0.7346 -0.1480 -0.7408
v 0.7338 0.0811 -0.6731
v 0.7344 -0.1188 -0.7256
v 0.7333 -0.0325 -0.6392
v 0.7326 0.1449 -0.7226
v 0.7363 0.0948 -0.7028
v 0.7364 -0.1314 -0.7544
v 0.7354 0.0617 -0.7308
v 0.7279 -0.1703 -0.5688
v 0.7349 -0.1703 -0.8882
v 0.7319 -0.0760 -0.6388
v 0.7313 0.0149 -0.6391
v 0.7390 0.0512 -0.7345
v 0.7363 -0.1380 -0.7348
v 0.7363 0.1070 -0.7184
v 0.7371 0.1069 -0.7178
v 0.7357 0.1069 -0.7183
v 0.7373 0.0986 -0.6746
v 0.7371 0.0050 -0.6381
v 0.7309 0.0485 -0.6660
v 0.7347 0.0382 -0.8467
v 0.7365 -0.1379 -0.7516
v 0.7363 0.0403 -0.6493
v 0.7353 -0.1006 -0.7505
v 0.7515 -0.1703 -0.6661
v 0.7326 0.0603 -0.7213
v 0.7396 -0.1552 -0.5813
v 0.7353 0.0769 -0.7134
v 0.7337 0.0313 -0.7731
v 0.7370 -0.1096 -0.7500
v 0.7323 0.0455 -0.6974
v 0.7348 0.1042 -0.7054
v 0.7385 0.1075 -0.7181
v 0.7355 -0.1688 -0.5423
v 0.7387 0.0943 -0.6850
v 0.7466 -0.0407 -0.8547
v 0.7374 0.0505 -0.7269
v 0.7426 0.1341 -0.7327
v 0.7358 0.1084 -0.7306
v 0.7371 -0.0644 -0.8806
v 0.7286 -0.1492 -0.6160
v 0.7365 0.0884 -0.7009
v 0.7350 0.0481 -0.6581
v 0.7376 0.0480 -0.7450
v 0.7379 -0.1166 -0.6487
v 0.7370 -0.1305 -0.7339
v 0.7431 0.0848 -0.7972
v 0.7381 -0.0652 -0.6395
v 0.7380 -0.1086 -0.6394
v 0.7333 -0.0127 -0.6384
v 0.7393 0.1237 -0.6883
v 0.7380 0.0769 -0.7176
v 0.7380 -0.1427 -0.6343
v 0.7372 -0.1234 -0.7529
v 0.7369 0.0951 -0.6930
v 0.7297 -0.1703 -0.6389
v 0.7337 0.0259 -0.6674
v 0.7349 0.0663 -0.8319
v 0.7376 -0.1065 -0.7357
v 0.7397 0.0261 -0.6748
v 0.7355 0.1069 -0.6928
v 0.7445 -0.1461 -0.6371
v 0.7395 -0.1201 -0.6516
v 0.7383 0.0736 -0.6816
v 0.7378 -0.0512 -0.6380
v 0.7388 0.0884 -0.6895
v 0.7362 0.1062 -0.7140
v 0.7382 -0.1215 -0.7352
v 0.7452 -0.0486 -0.8762
v 0.7425 -0.1703 -0.6106
v 0.7337 -0.0821 -0.8796
v 0.7370 0.1279 -0.6840
v 0.7353 0.1062 -0.7095
v 0.7318 -0.1607 -0.9121
v 0.7356 -0.0224 -0.6378
v 0.7377 -0.1207 -0.6360
v 0.7383 -0.1334 -0.6375
v 0.7403 0.0485 -0.6607
v 0.7380 -0.1517 -0.8916
v 0.7375 0.1374 -0.6819
v 0.7368 0.1512 -0.6801
v 0.7349 0.0818 -0.7141
v 0.7366 -0.1259 -0.6362
v 0.7386 -0.1262 -0.6528
v 0.7394 0.1050 -0.7056
v 0.7398 -0.1487 -0.6216
v 0.7306 -0.1703 -0.7132
v 0.7472 -0.1592 -0.5628
v 0.7405 -0.0595 -0.6381
v 0.7457 0.1085 -0.7138
v 0.7350 0.1017 -0.7138
v 0.7421 0.0586 -0.6753
v 0.7431 0.0855 -0.6812
v 0.7360 0.1163 -0.6813
v 0.7362 0.0628 -0.7276
v 0.7434 -0.1703 -0.7555
v 0.7398 -0.0788 -0.6420
v 0.7409 0.0468 -0.6517
v 0.7328 -0.0054 -0.8594
v 0.7417 0.0904 -0.7106
v 0.7434 0.0228 -0.6573
v 0.7399 0.0584 -0.7346
v 0.7402 0.1055 -0.7094
v 0.7383 0.1264 -0.7405
v 0.7413 -0.1703 -0.7044
v 0.7391 -0.1576 -0.5676
v 0.7391 0.1510 -0.6884
v 0.7407 0.0951 -0.7268
v 0.7385 0.1068 -0.7210
v 0.7511 -0.1218 -0.6572
v 0.7390 0.0259 -0.6388
v 0.7393 -0.1093 -0.6472
v 0.7459 -0.1702 -0.7907
v 0.7401 -0.1442 -0.6287
v 0.7390 0.1148 -0.6908
v 0.7439 -0.1562 -0.9032
v 0.7399 0.0831 -0.7134
v 0.7394 0.0835 -0.8305
v 0.7403 0.0838 -0.7194
v 0.7460 -0.1506 -0.8908
v 0.7383 0.0735 -0.7279
v 0.7411 0.1354 -0.6911
v 0.7437 0.0244 -0.6437
v 0.7404 -0.0979 -0.6483
v 0.7391 -0.1165 -0.6402
v 0.7403 -0.1025 -0.6418
v 0.7392 -0.0916 -0.6403
v 0.7376 0.0458 -0.7226
v 0.7421 -0.1275 -0.6450
v 0.7390 0.0420 -0.8357
v 0.7425 -0.0612 -0.6475
v 0.7403 0.1389 -0.7308
v 0.7404 -0.0840 -0.6471
v 0.7361 -0.1704 -0.5550
v 0.7403 0.0548 -0.7193
v 0.7383 0.1058 -0.6862
v 0.7392 0.0433 -0.6528
v 0.7410 0.0491 -0.7301
v 0.7423 0.0913 -0.7036
v 0.7411 -0.0464 -0.8781
v 0.7417 0.0398 -0.7651
v 0.7377 -0.0441 -0.8761
v 0.7453 0.1114 -0.6729
v 0.7383 0.0738 -0.7070
v 0.7384 0.0141 -0.6377
v 0.7426 -0.0501 -0.6476
v 0.7435 -0.1305 -0.6545
v 0.7417 0.0288 -0.6538
v 0.7416 0.1159 -0.7348
v 0.7410 -0.0291 -0.6434
v 0.7414 -0.1358 -0.6488
v 0.7403 -0.0500 -0.6407
v 0.7427 -0.0612 -0.8795
v 0.7409 -0.1276 -0.6504
v 0.7427 -0.0239 -0.6476
v 0.7429 0.0595 -0.7239
v 0.7411 0.0727 -0.7728
v 0.7446 0.0591 -0.7232
v 0.7391 0.0483 -0.6771
v 0.7422 0.1042 -0.7163
v 0.7418 0.0614 -0.7262
v 0.7422 -0.0367 -0.6474
v 0.7415 0.0846 -0.8202
v 0.7414 -0.0702 -0.6484
v 0.7409 -0.1489 -0.6337
v 0.7473 0.0647 -0.6722
v 0.7451 0.0860 -0.7242
v 0.7472 -0.1649 -0.9008
v 0.7436 -0.1387 -0.6424
v 0.7432 0.1046 -0.6970
v 0.7445 0.0698 -0.7308
v 0.7393 0.1516 -0.7348
v 0.7461 0.1406 -0.6738
v 0.7434 0.0917 -0.7215
v 0.7381 0.0474 -0.7375
v 0.7415 -0.0090 -0.6413
v 0.7429 0.0667 -0.7240
v 0.7417 0.0093 -0.6384
v 0.7428 0.0474 -0.7618
v 0.7426 0.0482 -0.7251
v 0.7390 0.0863 -0.7030
v 0.7425 0.0925 -0.7137
v 0.7434 0.0993 -0.7014
v 0.7422 0.0360 -0.6461
v 0.7345 -0.1379 -0.8854
v 0.7439 -0.0060 -0.6482
v 0.7422 0.0603 -0.6638
v 0.7431 0.1347 -0.6797
v 0.7417 -0.1259 -0.6390
v 0.7502 -0.0383 -0.8524
v 0.7370 0.1451 -0.7345
v 0.7452 0.0067 -0.6449
v 0.7412 0.0309 -0.7678
v 0.7432 -0.1404 -0.6540
v 0.7435 0.0943 -0.7016
v 0.7405 -0.1492 -0.6269
v 0.7434 0.0818 -0.7097
v 0.7448 0.0271 -0.6733
v 0.7431 -0.1703 -0.8085
v 0.7471 -0.0016 -0.6487
v 0.7439 0.0825 -0.7029
v 0.7457 0.0468 -0.6581
v 0.7454 -0.1703 -0.6843
v 0.7469 0.0967 -0.7257
v 0.7376 -0.0244 -0.8602
v 0.7450 -0.1550 -0.5700
v 0.7441 -0.1212 -0.6432
v 0.7434 0.0039 -0.8559
v 0.7407 0.1438 -0.7129
v 0.7479 0.0458 -0.6743
v 0.7434 0.0212 -0.6489
v 0.7484 0.1495 -0.7346
v 0.7447 0.0883 -0.6988
v 0.7450 0.0978 -0.7003
v 0.7446 0.1119 -0.7256
v 0.7435 0.0716 -0.6662
v 0.7463 0.1393 -0.7202
v 0.7432 0.0991 -0.6872
v 0.7435 0.0473 -0.6893
v 0.7418 0.1425 -0.7229
v 0.7470 -0.1409 -0.6294
v 0.7456 0.0461 -0.6948
v 0.7417 -0.0176 -0.6374
v 0.7460 0.0385 -0.8426
v 0.7454 -0.0571 -0.6454
v 0.7468 0.1230 -0.6752
v 0.7505 0.0310 -0.7651
v 0.7471 -0.0462 -0.8650
v 0.7476 0.0823 -0.7124
v 0.7528 -0.0576 -0.6498
v 0.7505 -0.1375 -0.6585
v 0.7473 -0.1698 -0.5411
v 0.7398 0.0743 -0.8331
v 0.7487 0.1351 -0.6770
v 0.7424 -0.1643 -0.5447
v 0.7423 0.0805 -0.7268
v 0.7425 0.0638 -0.7163
v 0.7458 0.0992 -0.6708
v 0.7467 0.0924 -0.7001
v 0.7416 0.0847 -0.7794
v 0.7453 -0.1587 -0.8971
v 0.7482 0.0953 -0.7104
v 0.7442 0.0483 -0.7347
v 0.7446 0.0830 -0.7753
v 0.7465 0.0389 -0.7672
v 0.7485 0.0549 -0.7303
v 0.7443 0.0973 -0.6877
v 0.7464 0.0872 -0.6914
v 0.7477 0.1356 -0.7289
v 0.7464 0.0475 -0.6678
v 0.7452 -0.1456 -0.6561
v 0.7469 0.0787 -0.7290
v 0.7463 0.0469 -0.7238
v 0.7438 0.0197 -0.6699
v 0.7464 -0.1206 -0.6356
v 0.7469 -0.1580 -0.5726
v 0.7540 0.0493 -0.6998
v 0.7504 0.0622 -0.6986
v 0.7448 0.0559 -0.6924
v 0.7463 0.0959 -0.6982
v 0.7483 0.1510 -0.6750
v 0.7505 0.1378 -0.7316
v 0.7483 0.0946 -0.6984
v 0.7456 0.1390 -0.7269
v 0.7445 0.0456 -0.7469
v 0.7445 0.1076 -0.7085
v 0.7489 0.0991 -0.6838
v 0.7463 0.0951 -0.7024
v 0.7470 0.1437 -0.7016
v 0.7460 0.0264 -0.6802
v 0.7462 0.0530 -0.8366
v 0.7477 -0.1422 -0.6184
v 0.7477 0.1338 -0.7250
v 0.7526 0.0872 -0.7282
v 0.7455 -0.1703 -0.6467
v 0.7449 -0.1700 -0.9012
v 0.7507 0.0418 -0.6537
v 0.7507 0.0269 -0.6836
v 0.7463 -0.0190 -0.6467
v 0.7471 0.0752 -0.7116
v 0.7478 0.0916 -0.7140
v 0.7505 0.0802 -0.7733
v 0.7490 0.1016 -0.6896
v 0.7516 -0.1487 -0.6593
v 0.7494 0.0837 -0.6762
v 0.7480 -0.1119 -0.6537
v 0.7509 0.0660 -0.7307
v 0.7494 0.1506 -0.7261
v 0.7533 0.1413 -0.7228
v 0.7486 0.0719 -0.7141
v 0.7546 0.0678 -0.8326
v 0.7468 0.0894 -0.6851
v 0.7484 0.0962 -0.6949
v 0.7491 0.0903 -0.7083
v 0.7481 -0.1271 -0.6378
v 0.7511 -0.1691 -0.5454
v 0.7525 0.0604 -0.6846
v 0.7485 0.0982 -0.6879
v 0.7483 0.0887 -0.6978
v 0.7513 -0.0575 -0.8730
v 0.7471 0.0324 -0.8459
v 0.7481 0.1090 -0.7315
v 0.7464 0.0631 -0.7232
v 0.7448 -0.1703 -0.5755
v 0.7456 0.0694 -0.6906
v 0.7505 -0.0325 -0.6479
v 0.7462 0.0805 -0.6944
v 0.7491 0.0848 -0.7120
v 0.7445 0.0847 -0.6683
v 0.7520 -0.0753 -0.6518
v 0.7526 -0.0471 -0.6489
v 0.7503 0.0214 -0.6623
v 0.7488 0.0698 -0.7714
v 0.7451 -0.1477 -0.8832
v 0.7440 -0.1703 -0.8678
v 0.7531 -0.1505 -0.6197
v 0.7490 0.1027 -0.6952
v 0.7501 0.0917 -0.6969
v 0.7471 0.0494 -0.6858
v 0.7485 -0.1199 -0.6438
v 0.7495 0.0729 -0.7209
v 0.7496 0.0928 -0.7036
v 0.7526 -0.1703 -0.8306
v 0.7532 0.0856 -0.6847
v 0.7509 0.0966 -0.6958
v 0.7494 0.0208 -0.6496
v 0.7492 0.0514 -0.7245
v 0.7487 0.1041 -0.6849
v 0.7531 0.1387 -0.7196
v 0.7477 -0.1480 -0.6170
v 0.7495 -0.1001 -0.6439
v 0.7501 0.0927 -0.7229
v 0.7554 0.0248 -0.8487
v 0.7537 0.0470 -0.8362
v 0.7496 0.0906 -0.6994
v 0.7524 -0.1039 -0.6440
v 0.7512 0.0389 -0.8452
v 0.7458 -0.1114 -0.8792
v 0.7472 -0.1365 -0.8811
v 0.7511 0.0872 -0.6986
v 0.7481 -0.0941 -0.6511
v 0.7510 0.0942 -0.6784
v 0.7508 0.0811 -0.7017
v 0.7543 0.0122 -0.6741
v 0.7472 -0.1263 -0.6447
v 0.7538 -0.0476 -0.8630
v 0.7516 -0.1476 -0.6414
v 0.7494 -0.0104 -0.6482
v 0.7516 0.1013 -0.6984
v 0.7492 0.1077 -0.6980
v 0.7486 0.0456 -0.7146
v 0.7489 -0.1607 -0.5585
v 0.7533 0.1121 -0.6759
v 0.7422 -0.1505 -0.6115
v 0.7490 0.0119 -0.6458
v 0.7554 -0.1053 -0.6630
v 0.7499 0.1295 -0.6778
v 0.7499 0.0066 -0.6469
v 0.7524 0.0977 -0.6953
v 0.7511 0.1208 -0.7307
v 0.7519 0.0971 -0.6793
v 0.7507 -0.0070 -0.6562
v 0.7518 0.0826 -0.6984
v 0.7550 0.1126 -0.7258
v 0.7539 0.0146 -0.6690
v 0.7546 0.0110 -0.6534
v 0.7524 -0.1496 -0.6483
v 0.7529 0.0970 -0.6921
v 0.7596 -0.1249 -0.8724
v 0.7580 -0.0437 -0.6574
v 0.7512 0.0466 -0.7013
v 0.7524 0.0809 -0.7197
v 0.7418 -0.0917 -0.8794
v 0.7555 -0.1618 -0.5520
v 0.7524 0.0040 -0.6558
v 0.7571 0.0353 -0.8465
v 0.7519 -0.1202 -0.6343
v 0.7517 0.0907 -0.6805
v 0.7525 0.0931 -0.7059
v 0.7511 0.1005 -0.6882
v 0.7508 -0.1703 -0.8849
v 0.7522 0.1153 -0.6814
v 0.7525 0.0920 -0.6996
v 0.7574 0.1158 -0.7198
v 0.7559 -0.1141 -0.6501
v 0.7489 0.0789 -0.8292
v 0.7528 0.0341 -0.6526
v 0.7531 -0.1161 -0.6448
v 0.7487 0.0228 -0.6636
v 0.7517 0.0850 -0.7173
v 0.7540 -0.1373 -0.6290
v 0.7520 -0.1582 -0.8964
v 0.7537 0.1004 -0.6953
v 0.7524 -0.1174 -0.6386
v 0.7513 0.0481 -0.7276
v 0.7548 0.1011 -0.7072
v 0.7548 0.0446 -0.6765
v 0.7537 0.0743 -0.7128
v 0.7537 0.0957 -0.6970
v 0.7517 0.1428 -0.7081
v 0.7536 0.0741 -0.7283
v 0.7550 0.1083 -0.7046
v 0.7539 -0.1193 -0.6289
v 0.7562 0.1368 -0.7196
v 0.7541 0.1369 -0.7285
v 0.7522 -0.1461 -0.6343
v 0.7541 0.0848 -0.7041
v 0.7573 -0.1689 -0.9012
v 0.7544 0.0468 -0.7407
v 0.7547 0.0921 -0.7037
v 0.7544 -0.1385 -0.6234
v 0.7541 0.0725 -0.6857
v 0.7584 -0.1371 -0.8735
v 0.7542 0.0567 -0.7648
v 0.7552 -0.1409 -0.6391
v 0.7541 0.0906 -0.7025
v 0.7549 0.0971 -0.6983
v 0.7499 0.1521 -0.7016
v 0.7514 0.1076 -0.6752
v 0.7544 0.0271 -0.6564
v 0.7540 -0.1323 -0.6450
v 0.7532 0.1359 -0.7232
v 0.7538 0.1503 -0.6813
v 0.7566 0.1280 -0.6833
v 0.7621 -0.0884 -0.8706
v 0.7540 -0.1495 -0.8870
v 0.7539 -0.1703 -0.7267
v 0.7566 0.1023 -0.6944
v 0.7528 -0.0998 -0.6513
v 0.7571 0.0929 -0.7080
v 0.7545 0.0146 -0.6631
v 0.7539 -0.1527 -0.5950
v 0.7564 0.0459 -0.6686
v 0.7634 -0.1000 -0.6543
v 0.7555 0.0920 -0.6947
v 0.7558 -0.0884 -0.6612
v 0.7545 0.0991 -0.6943
v 0.7557 0.0790 -0.6987
v 0.7559 0.0466 -0.7098
v 0.7530 0.1158 -0.7236
v 0.7572 -0.1316 -0.6333
v 0.7552 -0.0891 -0.6393
v 0.7611 0.0979 -0.6871
v 0.7555 0.0997 -0.6964
v 0.7632 -0.1485 -0.6603
v 0.7603 -0.1703 -0.5432
v 0.7543 0.0823 -0.6858
v 0.7519 0.0305 -0.7599
v 0.7577 0.0835 -0.6964
v 0.7569 -0.0262 -0.6547
v 0.7579 -0.1508 -0.8860
v 0.7592 0.1507 -0.7179
v 0.7588 -0.0584 -0.8681
v 0.7570 0.0047 -0.6608
v 0.7586 -0.0331 -0.8497
v 0.7506 -0.0210 -0.8551
v 0.7585 0.1445 -0.7179
v 0.7595 0.0965 -0.6973
v 0.7575 0.0971 -0.7037
v 0.7554 0.0493 -0.6837
v 0.7583 0.0286 -0.6858
v 0.7575 0.0991 -0.7077
v 0.7520 0.0297 -0.6779
v 0.7558 0.0854 -0.7084
v 0.7526 -0.0979 -0.6328
v 0.7562 -0.0010 -0.6650
v 0.7502 0.0180 -0.8506
v 0.7574 0.0860 -0.7076
v 0.7558 0.1147 -0.6847
v 0.7575 -0.1478 -0.6362
v 0.7636 0.0782 -0.8260
v 0.7633 0.0395 -0.8412
v 0.7547 0.0724 -0.7030
v 0.7572 0.1380 -0.7148
v 0.7569 0.0899 -0.7088
v 0.7552 0.1362 -0.6835
v 0.7590 0.0008 -0.8525
v 0.7581 -0.1072 -0.6709
v 0.7592 0.0698 -0.6944
v 0.7580 0.0889 -0.7031
v 0.7595 -0.1703 -0.6111
v 0.7567 0.0854 -0.7822
v 0.7573 0.0846 -0.7078
v 0.7562 -0.1089 -0.6336
v 0.7569 0.0889 -0.6856
v 0.7579 0.0904 -0.6886
v 0.7585 0.1244 -0.7250
v 0.7599 0.0932 -0.7110
v 0.7529 -0.0741 -0.8754
v 0.7557 0.0478 -0.7547
v 0.7600 0.0616 -0.6932
v 0.7582 0.0725 -0.7008
v 0.7609 -0.1489 -0.6330
v 0.7553 -0.1466 -0.6303
v 0.7552 0.1113 -0.7131
v 0.7581 -0.0392 -0.8595
v 0.7581 -0.0878 -0.6708
v 0.7610 0.0728 -0.7671
v 0.7565 0.1043 -0.6794
v 0.7587 0.0899 -0.6986
v 0.7552 -0.1290 -0.6544
v 0.7586 -0.0700 -0.6601
v 0.7600 0.0175 -0.6697
v 0.7596 0.1364 -0.7193
v 0.7641 -0.1703 -0.8114
v 0.7586 0.1057 -0.7067
v 0.7620 -0.1515 -0.6162
v 0.7549 0.1524 -0.6894
v 0.7593 0.1115 -0.7082
v 0.7687 -0.1703 -0.6812
v 0.7575 -0.1197 -0.6677
v 0.7583 0.0852 -0.7020
v 0.7596 0.0830 -0.7113
v 0.7591 0.1122 -0.6818
v 0.7578 0.1020 -0.7039
v 0.7585 0.1050 -0.6853
v 0.7618 -0.0767 -0.6570
v 0.7602 0.1324 -0.7200
v 0.7564 0.0449 -0.6619
v 0.7594 0.0452 -0.8351
v 0.7558 -0.0914 -0.6485
v 0.7675 0.0488 -0.6969
v 0.7628 -0.1120 -0.6689
v 0.7620 0.1512 -0.7218
v 0.7604 0.0816 -0.8233
v 0.7585 -0.0807 -0.6634
v 0.7634 0.0835 -0.6944
v 0.7578 0.0835 -0.6896
v 0.7652 -0.1425 -0.6507
v 0.7591 0.0177 -0.6830
v 0.7606 0.1551 -0.6906
v 0.7691 -0.1703 -0.7659
v 0.7604 -0.1106 -0.6627
v 0.7582 0.0873 -0.6931
v 0.7615 -0.0859 -0.6649
v 0.7576 -0.1383 -0.6685
v 0.7625 0.0750 -0.7089
v 0.7624 0.1230 -0.7202
v 0.7602 0.0001 -0.6703
v 0.7626 0.1154 -0.7110
v 0.7540 0.1508 -0.7276
v 0.7602 0.0364 -0.6581
v 0.7617 0.0305 -0.6599
v 0.7627 -0.0910 -0.6319
v 0.7626 -0.1251 -0.6096
v 0.7612 0.1262 -0.7192
v 0.7607 0.0594 -0.8334
v 0.7605 -0.1511 -0.6271
v 0.7610 0.0444 -0.6827
v 0.7606 0.0503 -0.6919
v 0.7584 -0.0163 -0.6590
v 0.7628 -0.0971 -0.6676
v 0.7610 0.1185 -0.7169
v 0.7621 0.1094 -0.7170
v 0.7607 0.1222 -0.7192
v 0.7601 0.1115 -0.6894
v 0.7636 -0.0894 -0.6496
v 0.7622 0.1243 -0.7203
v 0.7617 0.1229 -0.7198
v 0.7669 0.0235 -0.6873
v 0.7614 -0.1239 -0.6222
v 0.7640 -0.0861 -0.6418
v 0.7634 -0.1282 -0.6254
v 0.7612 0.1244 -0.7201
v 0.7616 -0.1613 -0.5585
v 0.7624 0.1524 -0.7024
v 0.7583 0.0780 -0.6957
v 0.7603 0.0857 -0.6970
v 0.7606 0.1064 -0.7110
v 0.7631 0.1410 -0.6895
v 0.7601 0.0269 -0.6928
v 0.7602 0.0477 -0.7143
v 0.7585 -0.1470 -0.6514
v 0.7626 -0.1157 -0.6163
v 0.7657 -0.1063 -0.6555
v 0.7679 0.0538 -0.7594
v 0.7540 -0.1702 -0.5571
v 0.7588 -0.1324 -0.6509
v 0.7598 0.1226 -0.6862
v 0.7700 0.0690 -0.7628
v 0.7601 0.0378 -0.7523
v 0.7624 -0.0157 -0.6636
v 0.7630 0.0803 -0.6931
v 0.7628 -0.1303 -0.6623
v 0.7643 0.0892 -0.7002
v 0.7644 0.0815 -0.6838
v 0.7599 0.0085 -0.6747
v 0.7633 0.0917 -0.7190
v 0.7598 -0.1681 -0.5410
v 0.7621 0.0177 -0.6612
v 0.7659 0.0036 -0.6571
v 0.7604 0.0834 -0.7736
v 0.7625 0.0305 -0.7511
v 0.7633 0.0498 -0.8378
v 0.7621 -0.1702 -0.7423
v 0.7630 -0.0253 -0.6630
v 0.7630 -0.1303 -0.6156
v 0.7609 0.0471 -0.7307
v 0.7638 -0.1163 -0.6534
v 0.7625 -0.0736 -0.6641
v 0.7588 -0.1653 -0.5481
v 0.7615 -0.1023 -0.6292
v 0.7602 -0.1198 -0.6558
v 0.7635 -0.0418 -0.6637
v 0.7622 0.0855 -0.8138
v 0.7569 0.0095 -0.6589
v 0.7626 -0.0609 -0.6641
v 0.7663 0.1533 -0.6933
v 0.7660 -0.0730 -0.6568
v 0.7641 0.0703 -0.8288
v 0.7629 0.1392 -0.7225
v 0.7574 -0.1480 -0.6699
v 0.7641 -0.0137 -0.6671
v 0.7543 -0.1703 -0.8539
v 0.7699 0.0575 -0.8349
v 0.7668 0.0988 -0.7140
v 0.7653 -0.0617 -0.6577
v 0.7638 0.1382 -0.6955
v 0.7685 -0.1013 -0.6288
v 0.7724 0.0201 -0.8429
v 0.7585 -0.1474 -0.8780
v 0.7631 0.1090 -0.6923
v 0.7631 -0.0895 -0.6578
v 0.7645 0.1105 -0.6985
v 0.7680 -0.1703 -0.7031
v 0.7570 0.0235 -0.6711
v 0.7666 0.0223 -0.6793
v 0.7594 -0.1703 -0.6348
v 0.7674 -0.1688 -0.8998
v 0.7636 0.0309 -0.7587
v 0.7682 -0.1305 -0.6511
v 0.7606 -0.1703 -0.5724
v 0.7635 -0.0108 -0.6587
v 0.7663 0.1116 -0.7024
v 0.7640 0.0863 -0.7028
v 0.7773 -0.1703 -0.7961
v 0.7648 -0.1327 -0.6356
v 0.7666 0.0772 -0.7101
v 0.7607 0.0854 -0.7986
v 0.7677 0.0049 -0.6695
v 0.7658 -0.1194 -0.6266
v 0.7683 -0.1456 -0.8744
v 0.7586 -0.1703 -0.5877
v 0.7671 0.0723 -0.7008
v 0.7636 -0.1560 -0.5775
v 0.7710 0.0443 -0.8388
v 0.7650 -0.0356 -0.6582
v 0.7660 0.0825 -0.7836
v 0.7671 0.0965 -0.7071
v 0.7645 0.1050 -0.7005
v 0.7665 0.1140 -0.7099
v 0.7666 0.1362 -0.7224
v 0.7633 0.1486 -0.6891
v 0.7644 -0.0455 -0.8619
v 0.7705 -0.1645 -0.5440
v 0.7719 -0.1180 -0.6095
v 0.7729 0.0005 -0.8440
v 0.7654 -0.1703 -0.6495
v 0.7626 0.0006 -0.6647
v 0.7664 0.1128 -0.6880
v 0.7714 -0.1534 -0.5898
v 0.7680 0.1065 -0.7075
v 0.7667 0.0766 -0.6931
v 0.7666 0.0866 -0.7083
v 0.7669 -0.1703 -0.7213
v 0.7639 0.1177 -0.6937
v 0.7678 0.1155 -0.7000
v 0.7651 -0.1613 -0.5614
v 0.7674 0.0985 -0.6866
v 0.7686 -0.1126 -0.6319
v 0.7671 0.1061 -0.7256
v 0.7673 0.0832 -0.7091
v 0.7662 0.0619 -0.7226
v 0.7636 -0.0246 -0.8483
v 0.7671 0.0488 -0.7242
v 0.7657 -0.1703 -0.7841
v 0.7649 -0.0270 -0.8532
v 0.7672 -0.1313 -0.8673
v 0.7690 0.1199 -0.7077
v 0.7678 -0.0211 -0.6683
v 0.7690 -0.1336 -0.6395
v 0.7693 0.1193 -0.6894
v 0.7681 -0.0432 -0.6675
v 0.7649 -0.1299 -0.6562
v 0.7706 -0.0117 -0.6749
v 0.7685 0.1054 -0.6999
v 0.7680 0.0896 -0.6885
v 0.7664 0.1350 -0.6989
v 0.7681 -0.0558 -0.6675
v 0.7682 -0.1490 -0.8828
v 0.7683 0.1161 -0.7247
v 0.7704 -0.1383 -0.6462
v 0.7712 0.0103 -0.6565
v 0.7657 -0.1689 -0.5374
v 0.7700 -0.1101 -0.8657
v 0.7706 -0.0347 -0.8550
v 0.7683 0.1093 -0.6880
v 0.7741 -0.1503 -0.6319
v 0.7660 -0.1451 -0.6358
v 0.7680 0.0655 -0.8325
v 0.7699 0.1380 -0.7020
v 0.7669 -0.0143 -0.8482
v 0.7701 -0.0889 -0.6555
v 0.7684 0.0477 -0.7447
v 0.7724 -0.0576 -0.6577
v 0.7692 -0.1383 -0.8725
v 0.7669 -0.0492 -0.6570
v 0.7697 0.1249 -0.7231
v 0.7705 0.0718 -0.7865
v 0.7671 0.0291 -0.6939
v 0.7693 -0.0191 -0.6550
v 0.7716 -0.0900 -0.6439
v 0.7686 -0.1480 -0.6503
v 0.7715 -0.0940 -0.6327
v 0.7684 0.1218 -0.6991
v 0.7696 0.1520 -0.7227
v 0.7665 0.0434 -0.6641
v 0.7680 0.0831 -0.8210
v 0.7694 0.0774 -0.7067
v 0.7704 0.1307 -0.6963
v 0.7680 -0.0791 -0.6540
v 0.7679 0.1518 -0.7113
v 0.7653 -0.0268 -0.6556
v 0.7711 0.1124 -0.6802
v 0.7703 0.0929 -0.7277
v 0.7646 0.0786 -0.7200
v 0.7755 -0.1702 -0.8597
v 0.7756 -0.0286 -0.6757
v 0.7708 0.1034 -0.6896
v 0.7715 0.0473 -0.7326
v 0.7715 0.0621 -0.7315
v 0.7697 -0.0774 -0.6688
v 0.7722 -0.1703 -0.8276
v 0.7891 -0.1703 -0.8173
v 0.7651 -0.1703 -0.8964
v 0.7747 0.1485 -0.6865
v 0.7705 -0.1469 -0.6137
v 0.7687 -0.1703 -0.8443
v 0.7709 0.1120 -0.6915
v 0.7710 0.1127 -0.6857
v 0.7749 0.0737 -0.8242
v 0.7710 0.0961 -0.6891
v 0.7733 -0.0737 -0.6594
v 0.7705 -0.1325 -0.6197
v 0.7796 -0.1703 -0.7424
v 0.7731 -0.0859 -0.6652
v 0.7720 -0.0060 -0.6561
v 0.7759 0.0385 -0.6685
v 0.7737 -0.1182 -0.6229
v 0.7685 0.0850 -0.6957
v 0.7715 0.0441 -0.6952
v 0.7749 0.0447 -0.6966
v 0.7675 0.1366 -0.6897
v 0.7764 0.0616 -0.7154
v 0.7711 -0.1311 -0.6458
v 0.7725 0.1180 -0.6923
v 0.7700 0.1290 -0.7053
v 0.7678 -0.1516 -0.6072
v 0.7672 0.0267 -0.6646
v 0.7690 -0.0275 -0.6684
v 0.7715 0.0410 -0.7577
v 0.7743 -0.1557 -0.8891
v 0.7720 -0.1273 -0.8650
v 0.7708 -0.0022 -0.6684
v 0.7705 0.0134 -0.6694
v 0.7745 0.0091 -0.6588
v 0.7749 0.0969 -0.6840
v 0.7706 -0.1029 -0.6692
v 0.7729 0.0703 -0.7939
v 0.7800 0.0896 -0.7216
v 0.7739 0.0909 -0.6892
v 0.7713 0.0804 -0.7291
v 0.7727 -0.0155 -0.6681
v 0.7695 -0.1142 -0.6498
v 0.7689 -0.0660 -0.6678
v 0.7764 0.0795 -0.7019
v 0.7721 0.0827 -0.7979
v 0.7758 -0.1405 -0.6087
v 0.7712 0.0829 -0.6811
v 0.7724 -0.1695 -0.5385
v 0.7705 0.1532 -0.6914
v 0.7734 -0.0370 -0.6589
v 0.7698 0.0892 -0.6833
v 0.7734 -0.1126 -0.6593
v 0.7693 -0.0328 -0.6679
v 0.7724 0.0485 -0.6816
v 0.7771 -0.1391 -0.6462
v 0.7731 0.1353 -0.7081
v 0.7771 -0.0291 -0.6678
v 0.7766 0.0067 -0.6656
v 0.7718 0.1352 -0.7199
v 0.7755 0.0904 -0.6838
v 0.7721 0.0488 -0.7187
v 0.7683 0.0299 -0.7471
v 0.7753 -0.1489 -0.6223
v 0.7747 0.0737 -0.6897
v 0.7721 -0.1378 -0.6131
v 0.7730 -0.0469 -0.6660
v 0.7735 0.0973 -0.7115
v 0.7713 -0.1198 -0.6529
v 0.7729 -0.0244 -0.6657
v 0.7710 -0.0857 -0.8670
v 0.7679 0.0722 -0.7744
v 0.7749 0.0289 -0.7570
v 0.7735 -0.1023 -0.6654
v 0.7769 0.0489 -0.7332
v 0.7733 -0.0476 -0.6584
v 0.7712 0.0794 -0.6866
v 0.7724 -0.1462 -0.8795
v 0.7724 0.1180 -0.7092
v 0.7742 -0.1146 -0.6445
v 0.7731 -0.0632 -0.6654
v 0.7728 0.0044 -0.6868
v 0.7717 0.1499 -0.7029
v 0.7742 0.1421 -0.6864
v 0.7737 -0.0967 -0.6602
v 0.7716 -0.1481 -0.6685
v 0.7810 -0.1703 -0.6055
v 0.7703 0.1419 -0.7234
v 0.7743 0.1350 -0.6925
v 0.7689 0.0345 -0.8422
v 0.7730 -0.1156 -0.6160
v 0.7728 -0.0235 -0.8448
v 0.7714 -0.1298 -0.6313
v 0.7740 0.0482 -0.7085
v 0.7764 -0.1528 -0.5956
v 0.7729 -0.1703 -0.6617
v 0.7677 -0.1618 -0.8972
v 0.7782 0.0840 -0.8144
v 0.7731 -0.1170 -0.6361
v 0.7769 -0.1001 -0.6407
v 0.7749 -0.0812 -0.6589
v 0.7770 -0.0300 -0.6607
v 0.7736 -0.1278 -0.6388
v 0.7748 0.0578 -0.7324
v 0.7767 0.0270 -0.7101
v 0.7738 0.1058 -0.6789
v 0.7715 -0.0551 -0.8638
v 0.7787 0.1077 -0.7156
v 0.7737 -0.0250 -0.6573
v 0.7693 -0.0924 -0.6688
v 0.7719 -0.1470 -0.6087
v 0.7742 -0.1238 -0.6094
v 0.7717 -0.1312 -0.6119
v 0.7733 -0.1041 -0.6346
v 0.7738 -0.1339 -0.8766
v 0.7788 -0.0293 -0.8493
v 0.7748 -0.1188 -0.6270
v 0.7721 -0.1489 -0.6470
v 0.7752 0.0736 -0.7140
v 0.7768 -0.0185 -0.6598
v 0.7758 0.0238 -0.6928
v 0.7777 -0.1522 -0.8818
v 0.7759 0.0838 -0.7138
v 0.7721 -0.0999 -0.6521
v 0.7758 -0.0056 -0.6625
v 0.7771 0.0705 -0.8044
v 0.7707 0.1099 -0.6992
v 0.7759 -0.0798 -0.6665
v 0.7792 -0.1214 -0.6285
v 0.7761 0.1350 -0.7139
v 0.7765 0.0237 -0.6742
v 0.7822 0.1091 -0.6936
v 0.7778 -0.1254 -0.6249
v 0.7783 -0.1487 -0.6593
v 0.7802 -0.1705 -0.8886
v 0.7783 0.1009 -0.6931
v 0.7832 -0.1208 -0.8594
v 0.7745 0.1065 -0.7231
v 0.7758 -0.1203 -0.6391
v 0.7764 0.0733 -0.6951
v 0.7778 -0.1474 -0.6688
v 0.7767 -0.1214 -0.6168
v 0.7784 -0.1165 -0.6558
v 0.7721 -0.1407 -0.6639
v 0.7784 -0.1703 -0.5747
v 0.7757 -0.0312 -0.6658
v 0.7767 0.0650 -0.7619
v 0.7750 0.0851 -0.6907
v 0.7736 -0.1148 -0.6686
v 0.7778 -0.1165 -0.6712
v 0.7769 -0.1211 -0.6199
v 0.7763 -0.1487 -0.6054
v 0.7770 -0.1250 -0.6189
v 0.7766 -0.0818 -0.6765
v 0.7781 -0.0292 -0.6645
v 0.7797 -0.0215 -0.6617
v 0.7736 0.0686 -0.7303
v 0.7708 -0.1703 -0.5534
v 0.7705 0.0267 -0.7031
v 0.7762 -0.1687 -0.8985
v 0.7794 0.0976 -0.7185
v 0.7749 0.1505 -0.7094
v 0.7767 0.0478 -0.7382
v 0.7797 0.1435 -0.6966
v 0.7790 0.1500 -0.6969
v 0.7775 -0.0959 -0.6728
v 0.7783 -0.0996 -0.6602
v 0.7797 0.1516 -0.7164
v 0.7756 0.1105 -0.6788
v 0.7807 0.0546 -0.7590
v 0.7792 -0.0047 -0.6900
v 0.7757 0.0404 -0.7407
v 0.7795 0.1131 -0.7155
v 0.7772 -0.0216 -0.6713
v 0.7771 -0.1278 -0.6322
v 0.7788 0.0981 -0.6835
v 0.7716 -0.0713 -0.8657
v 0.7774 -0.1624 -0.5605
v 0.7718 0.0150 -0.6928
v 0.7792 0.0703 -0.7171
v 0.7793 -0.0338 -0.8574
v 0.7803 0.1402 -0.7156
v 0.7813 -0.1699 -0.5392
v 0.7793 -0.0863 -0.6570
v 0.7846 0.0595 -0.8244
v 0.7823 0.0216 -0.7091
v 0.7800 0.0729 -0.8187
v 0.7876 -0.0222 -0.8332
v 0.7831 0.0443 -0.6787
v 0.7801 -0.1450 -0.6025
v 0.7777 -0.0283 -0.6747
v 0.7824 -0.1491 -0.6505
v 0.7777 0.0672 -0.7828
v 0.7810 -0.0190 -0.6705
v 0.7715 -0.1703 -0.8735
v 0.7811 0.0867 -0.6829
v 0.7865 0.0475 -0.7326
v 0.7801 -0.1624 -0.5415
v 0.7797 -0.0844 -0.6742
v 0.7835 -0.0292 -0.6842
v 0.7926 -0.1157 -0.6465
v 0.7790 0.0053 -0.6932
v 0.7817 0.0764 -0.7226
v 0.7807 -0.0312 -0.6700
v 0.7827 0.1019 -0.6911
v 0.7828 0.0647 -0.7239
v 0.7805 -0.0856 -0.6795
v 0.7740 -0.1703 -0.5953
v 0.7844 0.0477 -0.7047
v 0.7845 -0.1703 -0.5529
v 0.7805 0.0284 -0.7377
v 0.7823 -0.0304 -0.6555
v 0.7791 -0.0949 -0.6776
v 0.7784 0.0816 -0.6973
v 0.7816 -0.0554 -0.6715
v 0.7811 -0.0323 -0.6627
v 0.7813 -0.1033 -0.6741
v 0.7854 -0.1165 -0.6294
v 0.7773 -0.0684 -0.6778
v 0.7805 -0.0835 -0.6665
v 0.7821 -0.0703 -0.6745
v 0.7825 -0.0867 -0.6228
v 0.7812 -0.0148 -0.6882
v 0.7820 0.0226 -0.6822
v 0.7831 0.1071 -0.6855
v 0.7824 -0.1069 -0.6694
v 0.7820 -0.0632 -0.6591
v 0.7801 0.0855 -0.6786
v 0.7822 -0.0787 -0.6217
v 0.7832 -0.0458 -0.6584
v 0.7790 -0.1496 -0.6442
v 0.7817 -0.1164 -0.6385
v 0.7842 -0.0125 -0.8377
v 0.7845 -0.1151 -0.6584
v 0.7825 -0.0183 -0.6760
v 0.7842 -0.1225 -0.6219
v 0.7816 -0.0463 -0.6711
v 0.7800 0.0634 -0.7684
v 0.7813 -0.0239 -0.6565
v 0.7803 0.0484 -0.7174
v 0.7822 -0.1522 -0.8824
v 0.7831 -0.0215 -0.6283
v 0.7842 -0.1034 -0.6808
v 0.7808 -0.1271 -0.8734
v 0.7866 -0.0496 -0.6833
v 0.7869 -0.1491 -0.6440
v 0.7809 -0.1231 -0.6127
v 0.7829 -0.1239 -0.6243
v 0.7848 0.0487 -0.7262
v 0.7844 -0.0107 -0.6707
v 0.7832 -0.0947 -0.6493
v 0.7840 -0.1038 -0.6551
v 0.7831 0.0655 -0.7915
v 0.7837 -0.0345 -0.6783
v 0.7838 -0.0828 -0.6535
v 0.7892 -0.1295 -0.6237
v 0.7841 -0.0821 -0.6790
v 0.7826 0.0266 -0.7311
v 0.7763 -0.0487 -0.6766
v 0.7847 -0.0617 -0.6323
v 0.7845 -0.0744 -0.6319
v 0.7804 -0.0236 -0.8415
v 0.7844 -0.0276 -0.6265
v 0.7835 -0.1052 -0.6623
v 0.7843 -0.0481 -0.6319
v 0.7861 -0.0550 -0.6495
v 0.7824 0.0264 -0.7490
v 0.7880 -0.1184 -0.6204
v 0.7881 -0.1154 -0.6527
v 0.7852 -0.1203 -0.6060
v 0.7853 -0.0461 -0.6262
v 0.7877 -0.1703 -0.6855
v 0.7850 0.0575 -0.7733
v 0.7842 -0.1157 -0.6812
v 0.7882 0.0690 -0.8177
v 0.7890 0.0194 -0.7527
v 0.7809 -0.0447 -0.8594
v 0.7834 -0.1404 -0.6099
v 0.7886 -0.1060 -0.6520
v 0.7820 0.0801 -0.6794
v 0.7923 -0.1404 -0.6322
v 0.7862 -0.0358 -0.6873
v 0.7832 0.0439 -0.7605
v 0.7847 -0.1146 -0.6740
v 0.7832 -0.1490 -0.6211
v 0.7844 -0.0279 -0.6320
v 0.7876 -0.0115 -0.6545
v 0.7833 0.0242 -0.7580
v 0.7844 -0.1008 -0.6487
v 0.7869 -0.1059 -0.6818
v 0.7869 -0.0838 -0.6478
v 0.7851 -0.0752 -0.6262
v 0.7894 -0.0400 -0.6347
v 0.7866 -0.1620 -0.5561
v 0.7848 -0.1176 -0.6139
v 0.7828 0.0578 -0.7801
v 0.7855 0.0699 -0.8067
v 0.7879 -0.0646 -0.6247
v 0.7901 -0.0089 -0.6816
v 0.7848 -0.0220 -0.6864
v 0.7876 -0.1695 -0.5324
v 0.7850 -0.1292 -0.6074
v 0.7888 0.0207 -0.8294
v 0.7871 0.0343 -0.6781
v 0.7906 -0.0849 -0.6410
v 0.7952 -0.1703 -0.5606
v 0.7830 -0.1265 -0.6195
v 0.7871 0.0084 -0.6917
v 0.7904 -0.0483 -0.8542
v 0.7854 -0.1591 -0.5470
v 0.7860 0.0451 -0.6887
v 0.7870 -0.0620 -0.8592
v 0.7849 -0.1508 -0.5945
v 0.7898 0.0379 -0.7308
v 0.7909 -0.0324 -0.6890
v 0.7816 -0.1400 -0.8808
v 0.7858 -0.1491 -0.6087
v 0.7880 -0.0178 -0.6900
v 0.7886 0.0514 -0.7764
v 0.7870 -0.1291 -0.8776
v 0.7946 -0.1156 -0.6104
v 0.7881 -0.0200 -0.6334
v 0.7891 0.0220 -0.7667
v 0.7854 0.0722 -0.6825
v 0.7860 0.0039 -0.8356
v 0.7824 0.0263 -0.7199
v 0.7882 -0.1634 -0.5598
v 0.7865 0.0257 -0.7118
v 0.7882 0.0839 -0.6876
v 0.7773 -0.1703 -0.6199
v 0.7839 -0.1703 -0.7236
v 0.7859 -0.1605 -0.8919
v 0.7900 -0.1529 -0.8825
v 0.7873 -0.0838 -0.6863
v 0.7873 -0.0909 -0.6276
v 0.7870 -0.0612 -0.6891
v 0.7889 -0.1327 -0.6141
v 0.7878 -0.0211 -0.6886
v 0.7878 0.0119 -0.7565
v 0.7836 0.0097 -0.7010
v 0.7886 -0.1028 -0.8571
v 0.7910 0.0131 -0.7614
v 0.7833 -0.0825 -0.6325
v 0.7898 -0.0259 -0.6402
v 0.7883 -0.1147 -0.6357
v 0.7879 -0.0347 -0.8546
v 0.7851 0.0221 -0.6985
v 0.7874 -0.1405 -0.6075
v 0.7878 -0.1693 -0.8951
v 0.7890 -0.1153 -0.6853
v 0.7900 0.0630 -0.7956
v 0.7909 -0.0762 -0.6247
v 0.7869 -0.0149 -0.6286
v 0.7874 -0.0848 -0.8592
v 0.7880 -0.1703 -0.7761
v 0.7892 -0.1089 -0.6337
v 0.7893 -0.0310 -0.6472
v 0.7923 -0.0518 -0.6906
v 0.7856 -0.0238 -0.6232
v 0.7903 -0.0760 -0.6916
v 0.7891 -0.0292 -0.6350
v 0.7893 -0.0159 -0.6252
v 0.7919 -0.0132 -0.8287
v 0.7877 0.0283 -0.6854
v 0.7889 -0.1334 -0.6290
v 0.7922 -0.0259 -0.6932
v 0.7931 -0.0730 -0.6277
v 0.7897 0.0464 -0.6936
v 0.7900 0.0095 -0.7105
v 0.7908 -0.1485 -0.6397
v 0.7988 -0.1703 -0.6163
v 0.7877 0.0823 -0.6779
v 0.7913 -0.1034 -0.6456
v 0.7910 -0.0648 -0.6334
v 0.7896 0.0324 -0.7712
v 0.7910 -0.0327 -0.8469
v 0.7879 -0.0773 -0.6351
v 0.7909 -0.0037 -0.7606
v 0.7912 -0.0855 -0.6193
v 0.7924 -0.0783 -0.6207
v 0.7927 -0.0160 -0.6432
v 0.7928 -0.0446 -0.8491
v 0.7895 -0.1496 -0.6311
v 0.7894 -0.0044 -0.6681
v 0.7874 -0.1591 -0.5379
v 0.7885 0.0763 -0.6901
v 0.7849 0.0393 -0.8302
v 0.7943 0.0505 -0.7887
v 0.7855 -0.1499 -0.6147
v 0.7910 -0.1703 -0.7539
v 0.7938 -0.1302 -0.6235
v 0.7903 -0.0519 -0.6337
v 0.7902 -0.0938 -0.6389
v 0.7882 0.0234 -0.7343
v 0.7925 -0.0245 -0.8396
v 0.7935 -0.0319 -0.6286
v 0.7923 -0.0250 -0.6241
v 0.7906 -0.0362 -0.6245
v 0.7925 -0.1703 -0.5837
v 0.7899 -0.1022 -0.6418
v 0.7991 -0.1699 -0.8911
v 0.7887 -0.0808 -0.6400
v 0.7899 -0.1703 -0.8335
v 0.7953 0.0472 -0.7259
v 0.7939 -0.0261 -0.6319
v 0.7917 0.0411 -0.7134
v 0.7951 -0.1100 -0.8497
v 0.7982 0.0559 -0.7981
v 0.7899 -0.0049 -0.6912
v 0.7916 0.0401 -0.7781
v 0.7941 -0.0209 -0.6307
v 0.7954 0.0583 -0.8172
v 0.7950 0.0284 -0.7098
v 0.7877 -0.1703 -0.8540
v 0.7941 -0.1703 -0.7017
v 0.7923 -0.0834 -0.6917
v 0.7917 -0.1503 -0.6112
v 0.7900 -0.1218 -0.8706
v 0.7937 0.0169 -0.7636
v 0.7956 -0.0963 -0.6393
v 0.7941 0.0048 -0.7528
v 0.7961 -0.1641 -0.5587
v 0.7952 -0.0008 -0.6703
v 0.7948 -0.0835 -0.6290
v 0.7951 0.0422 -0.6972
v 0.7888 0.0741 -0.6782
v 0.7928 -0.0556 -0.6263
v 0.7935 -0.0440 -0.6295
v 0.7946 -0.1183 -0.6194
v 0.7914 -0.1703 -0.6678
v 0.7926 -0.0750 -0.6898
v 0.7853 -0.1703 -0.6309
v 0.7965 -0.1085 -0.6936
v 0.8012 -0.1648 -0.5618
v 0.7990 -0.0060 -0.6498
v 0.7926 -0.0101 -0.7602
v 0.7978 -0.1259 -0.6186
v 0.7978 -0.1661 -0.8918
v 0.7912 0.0464 -0.7208
v 0.7906 0.0025 -0.7598
v 0.7928 -0.0550 -0.6430
v 0.7944 0.0312 -0.7126
v 0.7974 -0.1486 -0.6079
v 0.7934 -0.0784 -0.6368
v 0.7952 -0.0935 -0.8485
v 0.7947 -0.1074 -0.6910
v 0.7882 -0.0759 -0.6479
v 0.7922 0.0282 -0.7295
v 0.7979 -0.0534 -0.8512
v 0.7964 -0.1554 -0.8824
v 0.8011 -0.0827 -0.6947
v 0.7942 -0.0062 -0.8263
v 0.7953 -0.0126 -0.6895
v 0.7942 -0.1048 -0.6326
v 0.7929 -0.0213 -0.7602
v 0.7913 -0.1651 -0.5315
v 0.7935 -0.0101 -0.6475
v 0.7944 0.0160 -0.7488
v 0.7921 -0.1494 -0.5950
v 0.7979 0.0144 -0.7388
v 0.7946 -0.0352 -0.6440
v 0.7969 -0.0276 -0.6987
v 0.7904 -0.1546 -0.5920
v 0.7906 0.0186 -0.7170
v 0.7964 -0.1151 -0.6933
v 0.8007 -0.1498 -0.6354
v 0.8000 -0.1278 -0.8714
v 0.7964 -0.1457 -0.7038
v 0.8008 -0.1544 -0.5941
v 0.7939 -0.1173 -0.6258
v 0.7951 -0.1486 -0.6937
v 0.7985 -0.0832 -0.6409
v 0.7958 0.0376 -0.7110
v 0.7949 -0.1703 -0.8703
v 0.7893 -0.1569 -0.5805
v 0.7946 0.0787 -0.6680
v 0.7971 0.0677 -0.8108
v 0.7968 -0.0072 -0.7507
v 0.7971 -0.1703 -0.8443
v 0.7957 -0.0411 -0.6919
v 0.7954 0.0266 -0.6976
v 0.7984 0.0296 -0.7032
v 0.7992 -0.1197 -0.8524
v 0.7941 -0.1193 -0.8501
v 0.7988 -0.1587 -0.5366
v 0.7980 -0.1147 -0.6958
v 0.7993 0.0790 -0.6817
v 0.7962 -0.1128 -0.6926
v 0.7964 -0.1137 -0.6937
v 0.7991 -0.1030 -0.6961
v 0.7961 0.0060 -0.6996
v 0.7971 0.0325 -0.7260
v 0.7933 0.0318 -0.7167
v 0.7967 -0.1106 -0.6933
v 0.8001 -0.1703 -0.8048
v 0.8015 -0.1535 -0.8780
v 0.7974 -0.1115 -0.6949
v 0.7979 -0.1113 -0.6952
v 0.7984 -0.1137 -0.6959
v 0.7976 0.0097 -0.7059
v 0.8014 -0.1027 -0.8562
v 0.7975 0.0418 -0.7056
v 0.7952 -0.0781 -0.8539
v 0.7962 0.0354 -0.6930
v 0.8006 0.0028 -0.6655
v 0.8008 -0.0741 -0.8536
v 0.7978 0.0238 -0.7152
v 0.8006 0.0103 -0.7274
v 0.8003 -0.0034 -0.6837
v 0.7980 -0.1197 -0.6111
v 0.7887 -0.1703 -0.6471
v 0.7990 -0.0516 -0.6941
v 0.8046 -0.1695 -0.5330
v 0.8018 0.0034 -0.7035
v 0.7962 0.0090 -0.7181
v 0.7897 -0.0255 -0.6435
v 0.7988 -0.1151 -0.6318
v 0.7979 0.0669 -0.8064
v 0.7969 -0.0461 -0.6925
v 0.8034 0.0768 -0.6636
v 0.7966 0.0086 -0.6723
v 0.7982 0.0429 -0.8200
v 0.8045 -0.0225 -0.7528
v 0.7996 -0.0159 -0.8330
v 0.7978 -0.1372 -0.7040
v 0.7998 -0.1055 -0.6955
v 0.7960 -0.0636 -0.8531
v 0.7985 -0.1596 -0.5544
v 0.8041 -0.1213 -0.6154
v 0.7967 -0.1240 -0.6072
v 0.7986 -0.0218 -0.8423
v 0.7926 0.0120 -0.8264
v 0.7946 -0.1465 -0.6004
v 0.7985 -0.1213 -0.6208
v 0.8004 0.0388 -0.7975
v 0.7975 0.0846 -0.6771
v 0.7993 -0.0563 -0.6948
v 0.7987 -0.0841 -0.6977
v 0.7997 -0.1401 -0.8775
v 0.8058 0.0327 -0.8155
v 0.7933 -0.1707 -0.5401
v 0.7995 -0.1006 -0.6385
v 0.7992 0.0139 -0.6647
v 0.7998 0.0320 -0.7187
v 0.8022 0.0271 -0.7684
v 0.7967 0.0714 -0.6728
v 0.8018 -0.0528 -0.6960
v 0.8034 -0.1223 -0.8568
v 0.8086 0.0281 -0.7203
v 0.7984 0.0846 -0.6692
v 0.7997 0.0602 -0.6661
v 0.7991 0.0716 -0.6669
v 0.8007 -0.0128 -0.6395
v 0.8139 -0.1702 -0.8162
v 0.8022 -0.0500 -0.6409
v 0.8009 -0.0209 -0.6972
v 0.8003 -0.0096 -0.7028
v 0.7998 0.0131 -0.6743
v 0.8003 -0.1051 -0.6434
v 0.8093 -0.0424 -0.8456
v 0.8007 -0.0503 -0.6942
v 0.8013 0.0371 -0.7038
v 0.7991 -0.0265 -0.8445
v 0.7990 0.0398 -0.7904
v 0.8000 -0.1096 -0.6979
v 0.8011 -0.0552 -0.6948
v 0.7989 -0.1610 -0.5704
v 0.7978 -0.0008 -0.6589
v 0.7988 -0.0219 -0.7487
v 0.8077 -0.0268 -0.7042
v 0.8014 -0.0085 -0.6460
v 0.7977 0.0131 -0.7176
v 0.7991 0.0094 -0.6596
v 0.8062 -0.0285 -0.6374
v 0.7992 -0.0067 -0.6436
v 0.8043 0.0452 -0.8112
v 0.8012 0.0262 -0.6698
v 0.7979 -0.0381 -0.8492
v 0.7997 0.0247 -0.7073
v 0.8076 -0.1047 -0.6424
v 0.8027 -0.1148 -0.6424
v 0.8079 -0.1368 -0.7097
v 0.8034 0.0347 -0.7763
v 0.8014 -0.0540 -0.6960
v 0.7983 -0.0657 -0.6941
v 0.8053 0.0142 -0.6761
v 0.8012 0.0042 -0.7223
v 0.8025 0.0656 -0.6701
v 0.8021 -0.0913 -0.6990
v 0.8010 -0.0323 -0.6946
v 0.8042 -0.1649 -0.5565
v 0.8010 -0.0510 -0.6962
v 0.8035 0.0287 -0.6621
v 0.8007 -0.0371 -0.6398
v 0.8014 -0.0555 -0.6991
v 0.7997 -0.0184 -0.7021
v 0.8012 -0.1360 -0.6265
v 0.8009 0.0465 -0.6654
v 0.8019 0.0531 -0.6710
v 0.8015 0.0588 -0.8113
v 0.8072 -0.0006 -0.6540
v 0.8046 0.0701 -0.6735
v 0.8042 0.0527 -0.6606
v 0.7988 -0.1304 -0.6135
v 0.8054 -0.0900 -0.7019
v 0.8072 -0.0985 -0.6370
v 0.8013 -0.0718 -0.6406
v 0.8040 0.0840 -0.6737
v 0.7972 -0.0943 -0.6332
v 0.8036 0.0049 -0.7373
v 0.8028 -0.0597 -0.7270
v 0.8055 0.0248 -0.6741
v 0.8088 -0.0102 -0.6438
v 0.8007 0.0207 -0.6739
v 0.8004 0.0208 -0.6630
v 0.8020 -0.0782 -0.6985
v 0.8047 -0.0758 -0.7259
v 0.8031 -0.0734 -0.7272
v 0.8051 -0.0026 -0.7357
v 0.8010 0.0392 -0.7135
v 0.8026 0.0101 -0.7346
v 0.8034 -0.0433 -0.7253
v 0.8040 -0.0219 -0.7575
v 0.7970 -0.1703 -0.7231
v 0.8093 -0.1163 -0.7055
v 0.8046 -0.1034 -0.6966
v 0.8065 -0.1685 -0.5551
v 0.8045 -0.1572 -0.5876
v 0.8034 -0.0989 -0.6987
v 0.8028 -0.0660 -0.7279
v 0.8039 -0.1492 -0.6953
v 0.8043 0.0635 -0.6606
v 0.8096 -0.0610 -0.7030
v 0.8030 -0.0749 -0.6941
v 0.8047 -0.0469 -0.7303
v 0.8117 -0.1632 -0.5666
v 0.8069 0.0423 -0.6605
v 0.7993 -0.0884 -0.6333
v 0.8093 -0.1540 -0.5787
v 0.8078 -0.0830 -0.6390
v 0.8032 -0.0063 -0.7242
v 0.8078 -0.1697 -0.5414
v 0.8016 -0.1214 -0.8638
v 0.8030 -0.0189 -0.6389
v 0.8058 -0.1454 -0.7060
v 0.8054 -0.0260 -0.7374
v 0.8063 -0.0138 -0.7330
v 0.8062 -0.1203 -0.6108
v 0.8052 -0.0118 -0.7403
v 0.8126 -0.1703 -0.6712
v 0.8044 0.0761 -0.6800
v 0.8089 -0.1505 -0.6158
v 0.8056 -0.1686 -0.8888
v 0.8042 -0.1528 -0.6097
v 0.8093 -0.1703 -0.6047
v 0.8060 -0.1268 -0.6102
v 0.8100 -0.1702 -0.8610
v 0.8040 -0.1141 -0.8570
v 0.8051 -0.0944 -0.6382
v 0.8072 -0.0319 -0.7231
v 0.8037 0.0125 -0.7645
v 0.8055 -0.0388 -0.6403
v 0.8006 -0.0296 -0.6979
v 0.8083 -0.0931 -0.6361
v 0.8025 -0.0645 -0.6989
v 0.8051 -0.0337 -0.7319
v 0.8054 -0.1610 -0.5513
v 0.8018 -0.1153 -0.6986
v 0.8117 -0.1339 -0.8672
v 0.8047 0.0020 -0.6757
v 0.8058 -0.1703 -0.6511
v 0.8046 -0.1591 -0.5432
v 0.8090 -0.0403 -0.6949
v 0.8147 -0.0683 -0.6948
v 0.8059 -0.1700 -0.5508
v 0.8140 0.0302 -0.7946
v 0.8061 0.0284 -0.8072
v 0.8100 0.0725 -0.6628
v 0.8062 0.0807 -0.6693
v 0.8099 0.0353 -0.7136
v 0.8069 0.0251 -0.8160
v 0.8052 -0.1380 -0.7038
v 0.8084 -0.1468 -0.6975
v 0.8055 0.0147 -0.6604
v 0.8069 0.0315 -0.6759
v 0.8182 -0.0258 -0.7313
v 0.8045 -0.1267 -0.6179
v 0.8057 -0.0156 -0.7591
v 0.8086 -0.1151 -0.6151
v 0.8080 -0.1194 -0.6244
v 0.8082 0.0172 -0.8173
v 0.8138 -0.0446 -0.7193
v 0.8039 0.0352 -0.8033
v 0.8049 -0.1703 -0.5926
v 0.8002 -0.0608 -0.6392
v 0.8069 -0.0145 -0.8223
v 0.8115 -0.0030 -0.6844
v 0.8079 -0.0178 -0.8372
v 0.8007 -0.0521 -0.6396
v 0.8040 -0.1580 -0.5810
v 0.8129 -0.0206 -0.7203
v 0.8054 -0.0832 -0.8528
v 0.8100 -0.1310 -0.6104
v 0.8121 -0.0607 -0.8486
v 0.8079 0.0152 -0.8090
v 0.8056 -0.0116 -0.6927
v 0.8056 -0.0841 -0.6995
v 0.8042 -0.0933 -0.8509
v 0.8063 0.0091 -0.6562
v 0.8090 -0.0941 -0.6989
v 0.8082 -0.1491 -0.6062
v 0.8144 -0.1495 -0.5966
v 0.8095 0.0248 -0.7060
v 0.8115 -0.0223 -0.7433
v 0.8092 0.0051 -0.8182
v 0.8044 -0.0245 -0.7245
v 0.8057 -0.0033 -0.7620
v 0.8167 -0.0268 -0.8371
v 0.8107 -0.0007 -0.8083
v 0.8106 -0.1133 -0.7223
v 0.8055 0.0083 -0.6800
v 0.8106 -0.1132 -0.8552
v 0.8093 -0.1012 -0.7231
v 0.8105 -0.0088 -0.8180
v 0.8108 0.0310 -0.6605
v 0.8057 -0.1523 -0.6218
v 0.8082 -0.1320 -0.7072
v 0.8130 -0.1356 -0.6266
v 0.8086 -0.0650 -0.7263
v 0.8066 -0.1011 -0.6992
v 0.8062 -0.0610 -0.6948
v 0.8084 -0.0189 -0.6395
v 0.8123 -0.0745 -0.8494
v 0.8083 -0.0316 -0.6397
v 0.8066 0.0410 -0.6732
v 0.8074 -0.1559 -0.5709
v 0.8017 -0.1702 -0.7397
v 0.8075 -0.0531 -0.6953
v 0.8085 0.0360 -0.7085
v 0.8093 0.0095 -0.7231
v 0.8106 -0.1315 -0.7182
v 0.8095 -0.1524 -0.8727
v 0.8072 0.0109 -0.7035
v 0.8108 -0.1702 -0.5607
v 0.8114 -0.0225 -0.7628
v 0.8088 0.0030 -0.6601
v 0.8017 -0.1702 -0.7811
v 0.8172 -0.1320 -0.8521
v 0.8163 -0.0859 -0.6366
v 0.8102 -0.1392 -0.7176
v 0.8115 -0.0882 -0.6998
v 0.8100 0.0208 -0.6770
v 0.8141 -0.0779 -0.6399
v 0.8134 0.0345 -0.6699
v 0.8134 0.0132 -0.7771
v 0.8128 0.0442 -0.6635
v 0.8083 -0.1062 -0.7056
v 0.8104 -0.1206 -0.6056
v 0.8113 -0.0970 -0.7196
v 0.8110 -0.0155 -0.8192
v 0.8057 -0.0976 -0.8526
v 0.8106 -0.1703 -0.7118
v 0.8168 -0.0376 -0.7278
v 0.8097 0.0748 -0.6721
v 0.8126 -0.0915 -0.7099
v 0.8138 0.0252 -0.7138
v 0.8116 -0.0800 -0.7007
v 0.8119 -0.1188 -0.7164
v 0.8116 -0.1171 -0.7121
v 0.8144 -0.0610 -0.7111
v 0.8101 -0.0189 -0.6960
v 0.8103 -0.0287 -0.6988
v 0.8115 0.0639 -0.6718
v 0.8090 -0.0655 -0.7233
v 0.8121 0.0612 -0.6630
v 0.8130 -0.0544 -0.7263
v 0.8101 0.0547 -0.6732
v 0.8122 0.0169 -0.6602
v 0.8120 0.0318 -0.7812
v 0.8158 -0.0042 -0.6506
v 0.8113 -0.1170 -0.6328
v 0.8129 -0.0771 -0.7223
v 0.8155 -0.0568 -0.6410
v 0.8166 0.0032 -0.6622
v 0.8192 -0.1151 -0.6452
v 0.8133 -0.0151 -0.8082
v 0.8102 -0.0180 -0.7033
v 0.8086 -0.0907 -0.7237
v 0.8183 -0.0091 -0.7759
v 0.8139 -0.1442 -0.8610
v 0.8104 -0.1335 -0.8550
v 0.8105 -0.1457 -0.7153
v 0.8142 -0.1216 -0.7182
v 0.8117 -0.1491 -0.6158
v 0.8137 -0.0941 -0.6373
v 0.8159 -0.0843 -0.7132
v 0.8108 0.0154 -0.7202
v 0.8126 -0.1513 -0.8662
v 0.8117 -0.0001 -0.7056
v 0.8171 -0.1080 -0.7156
v 0.8155 -0.1147 -0.6166
v 0.8112 -0.1242 -0.7200
v 0.8115 -0.1505 -0.6353
v 0.8145 0.0131 -0.7084
v 0.8136 0.0247 -0.6638
v 0.8191 -0.1703 -0.6908
v 0.8155 -0.1702 -0.7948
v 0.8166 0.0208 -0.6643
v 0.8170 -0.1598 -0.5814
v 0.8138 -0.0265 -0.7131
v 0.8114 -0.1313 -0.6225
v 0.8160 -0.0357 -0.7139
v 0.8157 -0.0236 -0.7102
v 0.8154 -0.0780 -0.6965
v 0.8153 -0.0192 -0.8339
v 0.8147 -0.0392 -0.6409
v 0.8156 -0.0831 -0.6968
v 0.8161 -0.0966 -0.7000
v 0.8159 -0.0839 -0.7218
v 0.8166 -0.0501 -0.7143
v 0.8209 -0.1481 -0.6024
v 0.8123 -0.0016 -0.7198
v 0.8157 0.0096 -0.7165
v 0.8142 -0.0727 -0.7081
v 0.8151 -0.0733 -0.7172
v 0.8113 -0.0413 -0.7039
v 0.8157 0.0087 -0.6773
v 0.8176 -0.0204 -0.6392
v 0.8146 0.0232 -0.6730
v 0.8142 0.0234 -0.8017
v 0.8162 -0.1627 -0.5718
v 0.8144 -0.0122 -0.7109
v 0.8170 -0.1027 -0.6966
v 0.8101 -0.1702 -0.6349
v 0.8148 -0.1489 -0.6952
v 0.8162 -0.0326 -0.6949
v 0.8144 -0.1703 -0.5737
v 0.8139 -0.0671 -0.6400
v 0.8138 -0.1610 -0.8820
v 0.8129 0.0155 -0.6749
v 0.8170 -0.0214 -0.8275
v 0.8145 -0.1452 -0.8529
v 0.8211 -0.1703 -0.6108
v 0.8170 0.0027 -0.6683
v 0.8196 -0.1169 -0.7046
v 0.8148 0.0023 -0.6725
v 0.8188 -0.0693 -0.7214
v 0.8201 -0.1200 -0.6183
v 0.8163 -0.0407 -0.6946
v 0.8189 -0.0105 -0.6891
v 0.8188 -0.1021 -0.6415
v 0.8194 -0.1530 -0.6243
v 0.8148 -0.1703 -0.8361
v 0.8197 -0.0919 -0.8492
v 0.8145 -0.1667 -0.5579
v 0.8152 -0.0173 -0.6935
v 0.8213 -0.1574 -0.8738
v 0.8191 -0.1308 -0.7069
v 0.8213 -0.0436 -0.8397
v 0.8184 -0.1703 -0.7310
v 0.8155 -0.0930 -0.7199
v 0.8213 -0.1692 -0.5500
v 0.8187 -0.1392 -0.8602
v 0.8198 0.0088 -0.6715
v 0.8164 0.0148 -0.6678
v 0.8279 -0.0478 -0.7200
v 0.8172 0.0161 -0.7902
v 0.8169 -0.0276 -0.6394
v 0.8123 -0.1567 -0.5942
v 0.8178 0.0084 -0.8024
v 0.8157 -0.0522 -0.6945
v 0.8197 -0.1514 -0.6380
v 0.8134 -0.1688 -0.5561
v 0.8188 -0.1396 -0.8525
v 0.8199 -0.1195 -0.6079
v 0.8154 -0.1695 -0.8851
v 0.8182 0.0057 -0.7847
v 0.8183 -0.0206 -0.6963
v 0.8233 -0.0820 -0.6912
v 0.8245 -0.1570 -0.5979
v 0.8277 -0.1510 -0.6005
v 0.8246 -0.0288 -0.6936
v 0.8259 -0.0540 -0.6464
v 0.8178 -0.1526 -0.6144
v 0.8199 -0.0055 -0.8004
v 0.8176 -0.1303 -0.7114
v 0.8268 -0.1011 -0.6934
v 0.8198 -0.1153 -0.8523
v 0.8179 -0.1319 -0.6146
v 0.8208 -0.1272 -0.6177
v 0.8203 -0.1496 -0.8645
v 0.8189 -0.0862 -0.8455
v 0.8203 -0.1271 -0.6077
v 0.8195 -0.1287 -0.6221
v 0.8139 -0.1494 -0.7014
v 0.8186 -0.1090 -0.6923
v 0.8240 -0.1355 -0.7088
v 0.8197 -0.1037 -0.8523
v 0.8242 -0.1534 -0.6184
v 0.8216 -0.0105 -0.7833
v 0.8187 -0.1479 -0.7111
v 0.8211 -0.1345 -0.6279
v 0.8281 -0.1623 -0.5843
v 0.8199 -0.1194 -0.7115
v 0.8234 -0.0386 -0.8318
v 0.8242 -0.1313 -0.8572
v 0.8196 -0.1153 -0.6932
v 0.8226 -0.0189 -0.7911
v 0.8226 -0.1260 -0.7087
v 0.8251 -0.0196 -0.6916
v 0.8222 -0.1526 -0.6328
v 0.8217 -0.1233 -0.6152
v 0.8242 -0.1167 -0.7094
v 0.8213 -0.0841 -0.6403
v 0.8209 -0.0947 -0.6396
v 0.8219 -0.1379 -0.6271
v 0.8251 -0.0586 -0.6427
v 0.8255 -0.1689 -0.8811
v 0.8225 -0.0670 -0.8410
v 0.8208 -0.1377 -0.7015
v 0.8197 -0.0221 -0.7726
v 0.8178 -0.1536 -0.6095
v 0.8205 -0.0021 -0.6785
v 0.8244 -0.1703 -0.7528
v 0.8246 -0.1702 -0.7838
v 0.8237 -0.0159 -0.8008
v 0.8236 -0.1491 -0.6925
v 0.8236 -0.0915 -0.6961
v 0.8233 -0.0292 -0.6430
v 0.8284 -0.1084 -0.6529
v 0.8099 -0.1703 -0.7642
v 0.8265 -0.1482 -0.6088
v 0.8284 -0.0101 -0.6810
v 0.8247 -0.1309 -0.6214
v 0.8251 -0.0230 -0.7603
v 0.8199 -0.1201 -0.6247
v 0.8266 -0.1479 -0.7072
v 0.8257 -0.1263 -0.7047
v 0.8307 -0.1703 -0.8698
v 0.8251 -0.1617 -0.5607
v 0.8275 -0.0959 -0.6435
v 0.8207 -0.1417 -0.6327
v 0.8171 -0.0176 -0.8188
v 0.8229 -0.0008 -0.6673
v 0.8237 -0.1444 -0.6272
v 0.8265 -0.0768 -0.8346
v 0.8260 -0.0981 -0.8547
v 0.8224 -0.0020 -0.6590
v 0.8230 -0.0171 -0.7798
v 0.8247 -0.1051 -0.6470
v 0.8251 -0.0663 -0.6891
v 0.8275 -0.1557 -0.8677
v 0.8243 -0.0695 -0.6443
v 0.8311 -0.0310 -0.6510
v 0.8261 -0.1178 -0.6972
v 0.8282 -0.1516 -0.6426
v 0.8309 -0.1501 -0.6148
v 0.8320 -0.1622 -0.5610
v 0.8273 -0.1703 -0.6620
v 0.8297 -0.1704 -0.5604
v 0.8232 -0.0147 -0.6470
v 0.8274 -0.1348 -0.6313
v 0.8267 -0.1153 -0.6860
v 0.8303 -0.1040 -0.6833
v 0.8259 -0.0506 -0.6885
v 0.8280 -0.1687 -0.5524
v 0.8296 -0.0312 -0.6861
v 0.8285 -0.0300 -0.7263
v 0.8263 -0.1519 -0.6338
v 0.8417 -0.1244 -0.6990
v 0.8288 -0.1164 -0.6328
v 0.8329 -0.0702 -0.7145
v 0.8267 -0.0849 -0.6942
v 0.8293 -0.0180 -0.8132
v 0.8258 -0.1401 -0.8609
v 0.8297 -0.0856 -0.8335
v 0.8292 -0.1213 -0.6174
v 0.8310 -0.0827 -0.6506
v 0.8307 -0.0898 -0.8488
v 0.8376 -0.1009 -0.8568
v 0.8358 -0.1525 -0.6336
v 0.8364 -0.1703 -0.7694
v 0.8285 -0.1703 -0.7202
v 0.8296 -0.0413 -0.6850
v 0.8347 -0.1004 -0.6851
v 0.8373 -0.1690 -0.8748
v 0.8334 -0.1703 -0.6860
v 0.8298 -0.1545 -0.6171
v 0.8283 -0.1163 -0.6239
v 0.8317 -0.0617 -0.6842
v 0.8305 -0.0284 -0.8265
v 0.8382 -0.1621 -0.5922
v 0.8347 -0.1572 -0.6048
v 0.8306 -0.0082 -0.6704
v 0.8355 -0.1440 -0.8648
v 0.8273 -0.1492 -0.8635
v 0.8323 -0.1327 -0.6298
v 0.8320 -0.1158 -0.6820
v 0.8248 -0.0239 -0.7358
v 0.8314 -0.1008 -0.6481
v 0.8286 -0.0967 -0.7074
v 0.8318 -0.0205 -0.6850
v 0.8395 -0.1195 -0.6908
v 0.8266 -0.0810 -0.7161
v 0.8312 -0.1084 -0.8601
v 0.8321 -0.0147 -0.6548
v 0.8336 -0.1703 -0.8190
v 0.8322 -0.0652 -0.8297
v 0.8315 -0.1703 -0.6270
v 0.8326 -0.0116 -0.6614
v 0.8335 -0.1473 -0.6300
v 0.8315 -0.1410 -0.6242
v 0.8324 -0.1445 -0.6311
v 0.8296 -0.0218 -0.6469
v 0.8347 -0.1506 -0.6503
v 0.8357 -0.1649 -0.5805
v 0.8345 -0.0833 -0.6830
v 0.8303 -0.0931 -0.6451
v 0.8311 -0.1702 -0.6408
v 0.8309 -0.0377 -0.6526
v 0.8348 -0.1700 -0.5727
v 0.8471 -0.0150 -0.7989
v 0.8323 -0.0939 -0.6888
v 0.8336 -0.0109 -0.6564
v 0.8313 -0.1457 -0.6206
v 0.8355 -0.0295 -0.6778
v 0.8328 -0.0959 -0.6846
v 0.8338 -0.1157 -0.6582
v 0.8325 -0.1703 -0.5919
v 0.8301 -0.1049 -0.6528
v 0.8282 -0.1152 -0.6379
v 0.8328 -0.1163 -0.6453
v 0.8332 -0.0547 -0.6794
v 0.8357 -0.0141 -0.8057
v 0.8330 -0.0563 -0.6837
v 0.8403 -0.1621 -0.8691
v 0.8325 -0.0733 -0.6810
v 0.8327 -0.1431 -0.6426
v 0.8337 -0.0318 -0.6582
v 0.8341 -0.1156 -0.6683
v 0.8318 -0.0856 -0.6451
v 0.8345 -0.1059 -0.6736
v 0.8328 -0.0186 -0.7569
v 0.8351 -0.0518 -0.6630
v 0.8353 -0.0382 -0.6686
v 0.8358 -0.0598 -0.6588
v 0.8351 -0.1043 -0.6617
v 0.8357 -0.1199 -0.6170
v 0.8324 -0.1702 -0.8533
v 0.8331 -0.1190 -0.8620
v 0.8345 -0.0260 -0.7469
v 0.8333 -0.1703 -0.6128
v 0.8350 -0.0849 -0.8420
v 0.8330 -0.0581 -0.7154
v 0.8360 -0.0695 -0.6612
v 0.8368 -0.1683 -0.5744
v 0.8339 -0.1564 -0.8685
v 0.8350 -0.1684 -0.5558
v 0.8352 -0.0168 -0.6660
v 0.8365 -0.0319 -0.7271
v 0.8349 -0.1633 -0.5699
v 0.8337 -0.1293 -0.8635
v 0.8386 -0.1161 -0.6609
v 0.8365 -0.0198 -0.6755
v 0.8434 -0.0943 -0.6562
v 0.8360 -0.0833 -0.6604
v 0.8364 -0.0941 -0.6542
v 0.8359 -0.1150 -0.6753
v 0.8375 -0.0904 -0.6811
v 0.8344 -0.1703 -0.7042
v 0.8363 -0.0198 -0.6565
v 0.8362 -0.0928 -0.6496
v 0.8349 -0.1491 -0.7021
v 0.8346 -0.1306 -0.6982
v 0.8404 -0.0158 -0.7708
v 0.8367 -0.1495 -0.6770
v 0.8362 -0.1096 -0.6851
v 0.8319 -0.1328 -0.6232
v 0.8361 -0.1158 -0.6517
v 0.8330 -0.1486 -0.6844
v 0.8408 -0.0401 -0.7234
v 0.8357 -0.0814 -0.6766
v 0.8374 -0.1024 -0.6599
v 0.8381 -0.0287 -0.6587
v 0.8383 -0.1340 -0.6396
v 0.8382 -0.0209 -0.6680
v 0.8367 -0.0309 -0.6679
v 0.8493 -0.1399 -0.8594
v 0.8410 -0.0495 -0.7184
v 0.8413 -0.1177 -0.6261
v 0.8399 -0.0187 -0.8104
v 0.8385 -0.0863 -0.6543
v 0.8383 -0.1598 -0.5858
v 0.8387 -0.0986 -0.6714
v 0.8407 -0.1633 -0.5797
v 0.8371 -0.1703 -0.7386
v 0.8330 -0.1295 -0.6184
v 0.8374 -0.1537 -0.6234
v 0.8378 -0.0301 -0.6550
v 0.8417 -0.0228 -0.6575
v 0.8368 -0.1488 -0.6270
v 0.8396 -0.0850 -0.6580
v 0.8361 -0.0247 -0.6530
v 0.8256 -0.0513 -0.8319
v 0.8417 -0.1019 -0.6805
v 0.8408 -0.0908 -0.6472
v 0.8393 -0.0318 -0.8232
v 0.8383 -0.0951 -0.6763
v 0.8381 -0.1029 -0.6721
v 0.8394 -0.0936 -0.6624
v 0.8334 -0.1703 -0.8346
v 0.8381 -0.1696 -0.5781
v 0.8468 -0.1265 -0.6869
v 0.8479 -0.1513 -0.6695
v 0.8380 -0.0827 -0.7137
v 0.8390 -0.0843 -0.6725
v 0.8391 -0.1503 -0.6619
v 0.8379 -0.1409 -0.7012
v 0.8395 -0.0795 -0.6510
v 0.8417 -0.0875 -0.6585
v 0.8409 -0.0798 -0.6554
v 0.8400 -0.1052 -0.6562
v 0.8409 -0.1520 -0.6239
v 0.8427 -0.1135 -0.6856
v 0.8444 -0.1513 -0.6275
v 0.8538 -0.1703 -0.6389
v 0.8422 -0.0170 -0.7567
v 0.8434 -0.1095 -0.6756
v 0.8496 -0.1703 -0.7174
v 0.8419 -0.1492 -0.6232
v 0.8431 -0.1703 -0.7879
v 0.8434 -0.1374 -0.6809
v 0.8432 -0.1163 -0.6635
v 0.8438 -0.1542 -0.6449
v 0.8455 -0.1212 -0.6298
v 0.8418 -0.1542 -0.6293
v 0.8402 -0.1511 -0.6077
v 0.8438 -0.0946 -0.8515
v 0.8419 -0.1069 -0.6612
v 0.8467 -0.0940 -0.6508
v 0.8354 -0.1703 -0.8033
v 0.8475 -0.1703 -0.8437
v 0.8505 -0.1610 -0.5804
v 0.8441 -0.0218 -0.6530
v 0.8431 -0.1611 -0.5928
v 0.8426 -0.1116 -0.6505
v 0.8440 -0.1276 -0.6249
v 0.8428 -0.1575 -0.6090
v 0.8410 -0.1208 -0.6370
v 0.8534 -0.0827 -0.7010
v 0.8435 -0.0288 -0.6494
v 0.8378 -0.0842 -0.7068
v 0.8463 -0.1556 -0.8602
v 0.8477 -0.0888 -0.6459
v 0.8491 -0.1565 -0.6152
v 0.8453 -0.0369 -0.6519
v 0.8443 -0.0688 -0.6479
v 0.8302 -0.0142 -0.7872
v 0.8443 -0.0520 -0.6483
v 0.8464 -0.0776 -0.6531
v 0.8443 -0.1153 -0.6460
v 0.8458 -0.0826 -0.7044
v 0.8479 -0.1202 -0.6463
v 0.8449 -0.1189 -0.8575
v 0.8479 -0.0646 -0.6442
v 0.8374 -0.1501 -0.6904
v 0.8434 -0.0251 -0.6435
v 0.8452 -0.1684 -0.5719
v 0.8450 -0.1089 -0.8570
v 0.8460 -0.0817 -0.7177
v 0.8441 -0.0993 -0.6632
v 0.8459 -0.1023 -0.6730
v 0.8466 -0.0161 -0.6470
v 0.8447 -0.1163 -0.6755
v 0.8465 -0.1160 -0.6623
v 0.8435 -0.1065 -0.6987
v 0.8475 -0.1624 -0.5953
v 0.8451 -0.1478 -0.6169
v 0.8451 -0.0442 -0.6459
v 0.8463 -0.0260 -0.6553
v 0.8472 -0.1063 -0.6644
v 0.8448 -0.0770 -0.6462
v 0.8465 -0.1502 -0.6819
v 0.8445 -0.1403 -0.6614
v 0.8466 -0.0627 -0.6530
v 0.8452 -0.0334 -0.7381
v 0.8502 -0.1304 -0.6557
v 0.8482 -0.1166 -0.6523
v 0.8432 -0.0850 -0.6443
v 0.8444 -0.0871 -0.8259
v 0.8500 -0.1592 -0.5917
v 0.8494 -0.1201 -0.6349
v 0.8497 -0.1684 -0.5692
v 0.8464 -0.0497 -0.6530
v 0.8397 -0.0792 -0.8266
v 0.8479 -0.1207 -0.6734
v 0.8474 -0.1168 -0.6692
v 0.8525 -0.0886 -0.8382
v 0.8491 -0.0388 -0.6440
v 0.8494 -0.0830 -0.6562
v 0.8483 -0.0743 -0.6441
v 0.8445 -0.1304 -0.6362
v 0.8491 -0.0307 -0.8139
v 0.8570 -0.1644 -0.5953
v 0.8484 -0.1281 -0.6326
v 0.8462 -0.0944 -0.8506
v 0.8461 -0.1703 -0.6701
v 0.8459 -0.1317 -0.8585
v 0.8495 -0.1237 -0.6783
v 0.8592 -0.0795 -0.7089
v 0.8444 -0.1703 -0.6535
v 0.8495 -0.0192 -0.7596
v 0.8518 -0.1205 -0.8578
v 0.8459 -0.0579 -0.7207
v 0.8517 -0.1054 -0.6582
v 0.8533 -0.0203 -0.7677
v 0.8518 -0.0785 -0.7211
v 0.8500 -0.0900 -0.6651
v 0.8493 -0.1690 -0.8680
v 0.8535 -0.0628 -0.6510
v 0.8578 -0.1073 -0.8510
v 0.8528 -0.0501 -0.6519
v 0.8518 -0.1317 -0.6642
v 0.8465 -0.1317 -0.6474
v 0.8496 -0.0271 -0.7525
v 0.8489 -0.0974 -0.6775
v 0.8517 -0.0605 -0.6449
v 0.8479 -0.0697 -0.7184
v 0.8525 -0.0306 -0.6526
v 0.8507 -0.0991 -0.6557
v 0.8504 -0.1501 -0.6370
v 0.8553 -0.0247 -0.6528
v 0.8522 -0.1483 -0.6310
v 0.8526 -0.1237 -0.6498
v 0.8503 -0.0165 -0.6515
v 0.8503 -0.1309 -0.6695
v 0.8534 -0.0903 -0.8196
v 0.8521 -0.1386 -0.6709
v 0.8517 -0.1063 -0.6778
v 0.8547 -0.0883 -0.6410
v 0.8520 -0.0267 -0.8045
v 0.8590 -0.1703 -0.8078
v 0.8490 -0.1491 -0.6947
v 0.8515 -0.0328 -0.6456
v 0.8547 -0.1456 -0.6647
v 0.8519 -0.1476 -0.6730
v 0.8508 -0.0896 -0.6532
v 0.8487 -0.0472 -0.7332
v 0.8500 -0.1706 -0.5865
v 0.8549 -0.1165 -0.6455
v 0.8524 -0.0767 -0.6526
v 0.8533 -0.1703 -0.6004
v 0.8584 -0.0176 -0.7942
v 0.8530 -0.1281 -0.6581
v 0.8628 -0.1352 -0.8535
v 0.8535 -0.0230 -0.6441
v 0.8531 -0.0375 -0.6516
v 0.8526 -0.1172 -0.6772
v 0.8533 -0.0758 -0.6467
v 0.8504 -0.0395 -0.8175
v 0.8508 -0.0162 -0.7806
v 0.8530 -0.0511 -0.6463
v 0.8534 -0.1703 -0.7667
v 0.8494 -0.1287 -0.6784
v 0.8523 -0.0485 -0.8186
v 0.8562 -0.0621 -0.7411
v 0.8563 -0.1210 -0.6314
v 0.8500 -0.0615 -0.8207
v 0.8552 -0.0845 -0.8196
v 0.8554 -0.0417 -0.7499
v 0.8574 -0.0501 -0.7495
v 0.8538 -0.1502 -0.8602
v 0.8563 -0.0820 -0.6403
v 0.8532 -0.0913 -0.6760
v 0.8516 -0.1703 -0.7462
v 0.8582 -0.1596 -0.8595
v 0.8605 -0.1614 -0.5920
v 0.8521 -0.1541 -0.6429
v 0.8539 -0.1677 -0.8664
v 0.8551 -0.1149 -0.6382
v 0.8562 -0.1703 -0.7299
v 0.8512 -0.1703 -0.8609
v 0.8716 -0.1705 -0.8591
v 0.8567 -0.1478 -0.6480
v 0.8598 -0.0311 -0.7642
v 0.8511 -0.1166 -0.6585
v 0.8623 -0.0229 -0.7773
v 0.8540 -0.1223 -0.6574
v 0.8572 -0.1208 -0.6487
v 0.8581 -0.0705 -0.7376
v 0.8571 -0.1352 -0.6908
v 0.8597 -0.1117 -0.6789
v 0.8570 -0.1555 -0.6236
v 0.8574 -0.1536 -0.6557
v 0.8594 -0.0923 -0.8271
v 0.8603 -0.1483 -0.6885
v 0.8603 -0.0940 -0.8423
v 0.8590 -0.0790 -0.6475
v 0.8533 -0.0722 -0.8183
v 0.8560 -0.1320 -0.6769
v 0.8581 -0.0887 -0.6474
v 0.8571 -0.1256 -0.6510
v 0.8617 -0.1156 -0.6897
v 0.8603 -0.0775 -0.7365
v 0.8523 -0.1703 -0.6177
v 0.8611 -0.0928 -0.8222
v 0.8552 -0.1342 -0.6394
v 0.8611 -0.1196 -0.6495
v 0.8571 -0.1211 -0.6812
v 0.8588 -0.1686 -0.8681
v 0.8603 -0.1705 -0.5759
v 0.8619 -0.1506 -0.6831
v 0.8621 -0.0768 -0.8195
v 0.8662 -0.0501 -0.7487
v 0.8505 -0.1703 -0.6841
v 0.8584 -0.1291 -0.6322
v 0.8594 -0.1313 -0.6462
v 0.8604 -0.1228 -0.6483
v 0.8608 -0.0590 -0.8036
v 0.8705 -0.1456 -0.8497
v 0.8599 -0.1331 -0.6625
v 0.8566 -0.0872 -0.6635
v 0.8648 -0.0966 -0.8429
v 0.8622 -0.1200 -0.6439
v 0.8644 -0.1269 -0.6419
v 0.8651 -0.1633 -0.5858
v 0.8617 -0.0660 -0.8027
v 0.8606 -0.1003 -0.6817
v 0.8709 -0.0792 -0.7276
v 0.8588 -0.1631 -0.5720
v 0.8579 -0.1496 -0.6266
v 0.8627 -0.1469 -0.6779
v 0.8619 -0.0207 -0.7861
v 0.8613 -0.1396 -0.6772
v 0.8632 -0.1703 -0.7039
v 0.8623 -0.1690 -0.5933
v 0.8686 -0.1479 -0.6523
v 0.8607 -0.1075 -0.6572
v 0.8624 -0.1287 -0.6804
v 0.8612 -0.1493 -0.6573
v 0.8632 -0.1273 -0.6346
v 0.8647 -0.1545 -0.8553
v 0.8622 -0.0995 -0.6537
v 0.8605 -0.1623 -0.6039
v 0.8578 -0.0484 -0.8029
v 0.8598 -0.0683 -0.8096
v 0.8632 -0.1468 -0.6630
v 0.8597 -0.1703 -0.7851
v 0.8627 -0.1311 -0.6593
v 0.8651 -0.1688 -0.5891
v 0.8677 -0.1502 -0.6404
v 0.8649 -0.1034 -0.6583
v 0.8698 -0.1259 -0.8468
v 0.8648 -0.0873 -0.6951
v 0.8649 -0.0301 -0.7964
v 0.8655 -0.0975 -0.8363
v 0.8660 -0.1058 -0.8457
v 0.8666 -0.1463 -0.6660
v 0.8654 -0.0674 -0.7397
v 0.8655 -0.0923 -0.6616
v 0.8635 -0.0905 -0.6738
v 0.8665 -0.1354 -0.6677
v 0.8668 -0.1440 -0.6819
v 0.8701 -0.1703 -0.8181
v 0.8642 -0.1703 -0.8450
v 0.8733 -0.1517 -0.6801
v 0.8653 -0.1183 -0.6545
v 0.8673 -0.1316 -0.6714
v 0.8635 -0.1682 -0.5698
v 0.8681 -0.1090 -0.8397
v 0.8688 -0.1150 -0.8470
v 0.8740 -0.0651 -0.8015
v 0.8658 -0.1181 -0.6772
v 0.8666 -0.1277 -0.6522
v 0.8670 -0.1518 -0.6459
v 0.8672 -0.1028 -0.6761
v 0.8560 -0.1703 -0.8243
v 0.8664 -0.0469 -0.7657
v 0.8704 -0.1018 -0.8326
v 0.8677 -0.0394 -0.7727
v 0.8657 -0.1143 -0.6575
v 0.8668 -0.1296 -0.6759
v 0.8709 -0.0996 -0.6637
v 0.8679 -0.1114 -0.6638
v 0.8669 -0.0324 -0.7846
v 0.8729 -0.0892 -0.8191
v 0.8701 -0.1547 -0.8527
v 0.8674 -0.1557 -0.6366
v 0.8666 -0.1485 -0.6754
v 0.8688 -0.1688 -0.5797
v 0.8678 -0.1682 -0.5977
v 0.8724 -0.1293 -0.6855
v 0.8649 -0.1687 -0.8722
v 0.8695 -0.0423 -0.7929
v 0.8716 -0.1200 -0.6555
v 0.8627 -0.1589 -0.6176
v 0.8681 -0.1593 -0.8657
v 0.8737 -0.1514 -0.6721
v 0.8714 -0.0485 -0.7778
v 0.8688 -0.1119 -0.6897
v 0.8703 -0.1203 -0.6875
v 0.8693 -0.1005 -0.8227
v 0.8725 -0.1473 -0.6569
v 0.8705 -0.1702 -0.7292
v 0.8747 -0.1098 -0.8304
v 0.8754 -0.1495 -0.6641
v 0.8757 -0.1191 -0.6808
v 0.8703 -0.1248 -0.8392
v 0.8750 -0.1566 -0.6385
v 0.8741 -0.0556 -0.7834
v 0.8764 -0.1178 -0.6917
v 0.8756 -0.1285 -0.6644
v 0.8752 -0.1313 -0.6815
v 0.8717 -0.0535 -0.7934
v 0.8762 -0.1191 -0.8340
v 0.8800 -0.1656 -0.8659
v 0.8718 -0.1683 -0.8713
v 0.8671 -0.0996 -0.6922
v 0.8732 -0.1373 -0.8458
v 0.8728 -0.0581 -0.7478
v 0.8715 -0.0876 -0.7017
v 0.8731 -0.0623 -0.7935
v 0.8738 -0.1291 -0.6584
v 0.8786 -0.0502 -0.7679
v 0.8703 -0.1703 -0.6073
v 0.8747 -0.1555 -0.8540
v 0.8745 -0.1532 -0.6679
v 0.8738 -0.0754 -0.8155
v 0.8779 -0.1703 -0.7858
v 0.8752 -0.1684 -0.6040
v 0.8715 -0.1339 -0.8377
v 0.8827 -0.1530 -0.6758
v 0.8754 -0.1703 -0.6920
v 0.8756 -0.0646 -0.7851
v 0.8671 -0.1702 -0.6625
v 0.8804 -0.0732 -0.7502
v 0.8769 -0.1237 -0.8219
v 0.8739 -0.0821 -0.7150
v 0.8779 -0.1273 -0.8312
v 0.8758 -0.1215 -0.6647
v 0.8735 -0.1543 -0.6537
v 0.8774 -0.1535 -0.6611
v 0.8755 -0.1703 -0.7529
v 0.8736 -0.1704 -0.6226
v 0.8750 -0.0501 -0.7599
v 0.8754 -0.1703 -0.6370
v 0.8847 -0.1541 -0.6655
v 0.8800 -0.1420 -0.8499
v 0.8799 -0.1703 -0.8062
v 0.8790 -0.1703 -0.7172
v 0.8807 -0.1029 -0.8188
v 0.8826 -0.0652 -0.7589
v 0.8771 -0.0885 -0.7110
v 0.8802 -0.1555 -0.6451
v 0.8777 -0.0799 -0.7437
v 0.8807 -0.1187 -0.6796
v 0.8819 -0.1538 -0.6567
v 0.8840 -0.1690 -0.6113
v 0.8798 -0.1702 -0.6551
v 0.8794 -0.1702 -0.8357
v 0.8836 -0.0892 -0.7231
v 0.8805 -0.0524 -0.7740
v 0.8824 -0.0858 -0.7358
v 0.8813 -0.0820 -0.7368
v 0.8846 -0.1583 -0.6378
v 0.8848 -0.0779 -0.8049
v 0.8942 -0.1204 -0.6759
v 0.8813 -0.1698 -0.8652
v 0.8907 -0.1491 -0.6547
v 0.8847 -0.0664 -0.7795
v 0.8895 -0.1686 -0.6166
v 0.8864 -0.1268 -0.8320
v 0.8811 -0.0665 -0.7955
v 0.8832 -0.0599 -0.7778
v 0.8838 -0.1255 -0.8198
v 0.8962 -0.1703 -0.6460
v 0.8916 -0.1548 -0.6580
v 0.8829 -0.1365 -0.8415
v 0.8839 -0.1177 -0.6971
v 0.8866 -0.0975 -0.7369
v 0.8836 -0.1498 -0.6406
v 0.8863 -0.1000 -0.7305
v 0.8891 -0.1124 -0.7330
v 0.8860 -0.0706 -0.7646
v 0.8819 -0.1630 -0.6199
v 0.8871 -0.0736 -0.7823
v 0.8907 -0.1686 -0.8589
v 0.8965 -0.1680 -0.6258
v 0.8875 -0.1703 -0.7054
v 0.8920 -0.1703 -0.8152
v 0.8772 -0.1702 -0.7691
v 0.8709 -0.1703 -0.6772
v 0.8842 -0.1480 -0.6512
v 0.8874 -0.0978 -0.7203
v 0.8884 -0.1517 -0.6387
v 0.8879 -0.1596 -0.8501
v 0.8904 -0.1703 -0.7376
v 0.8814 -0.1401 -0.6780
v 0.8879 -0.1703 -0.8508
v 0.8913 -0.0756 -0.7550
v 0.8893 -0.0735 -0.7963
v 0.8935 -0.1703 -0.6307
v 0.8844 -0.1092 -0.7038
v 0.8923 -0.1342 -0.8405
v 0.8926 -0.1184 -0.7081
v 0.8925 -0.1541 -0.6704
v 0.8952 -0.1703 -0.6675
v 0.8924 -0.1097 -0.7208
v 0.8955 -0.1685 -0.8549
v 0.8912 -0.0812 -0.7904
v 0.8921 -0.0807 -0.7449
v 0.8906 -0.0889 -0.7395
v 0.8922 -0.1252 -0.8142
v 0.8950 -0.0862 -0.8017
v 0.8947 -0.1464 -0.6710
v 0.8898 -0.0749 -0.7696
v 0.8932 -0.0953 -0.8091
v 0.8949 -0.1177 -0.7171
v 0.8947 -0.1267 -0.6734
v 0.8987 -0.0798 -0.7536
v 0.8962 -0.1326 -0.6741
v 0.9001 -0.1541 -0.6511
v 0.8947 -0.1703 -0.7910
v 0.8977 -0.1069 -0.7372
v 0.8945 -0.1702 -0.6866
v 0.8942 -0.1498 -0.6449
v 0.8923 -0.1195 -0.7308
v 0.8977 -0.0920 -0.7914
v 0.9047 -0.1428 -0.8386
v 0.8942 -0.1608 -0.6396
v 0.8999 -0.1343 -0.8346
v 0.8931 -0.1495 -0.8459
v 0.9012 -0.1190 -0.8064
v 0.9049 -0.1703 -0.7748
v 0.9030 -0.1198 -0.6901
v 0.9022 -0.0800 -0.7654
v 0.9015 -0.1591 -0.6495
v 0.8993 -0.0954 -0.7991
v 0.8995 -0.1327 -0.8085
v 0.9154 -0.1704 -0.6692
v 0.9004 -0.1283 -0.8267
v 0.9029 -0.0994 -0.7492
v 0.9025 -0.1297 -0.8215
v 0.9001 -0.1473 -0.6756
v 0.9010 -0.0850 -0.7845
v 0.9015 -0.1702 -0.7216
v 0.9024 -0.1693 -0.8482
v 0.9004 -0.1017 -0.7923
v 0.8993 -0.1544 -0.6713
v 0.8934 -0.1182 -0.6922
v 0.9020 -0.1689 -0.6330
v 0.9049 -0.0845 -0.7737
v 0.9057 -0.1423 -0.6859
v 0.9054 -0.1152 -0.7989
v 0.9048 -0.1189 -0.7906
v 0.9045 -0.1496 -0.8300
v 0.9071 -0.1657 -0.6428
v 0.9092 -0.1703 -0.6539
v 0.9048 -0.1426 -0.8041
v 0.9053 -0.0922 -0.7610
v 0.9053 -0.1333 -0.7993
v 0.9048 -0.1208 -0.7253
v 0.9074 -0.1494 -0.8044
v 0.9056 -0.1703 -0.8190
v 0.9049 -0.1507 -0.8410
v 0.9099 -0.1233 -0.7434
v 0.9062 -0.1563 -0.8297
v 0.9060 -0.1014 -0.7863
v 0.9091 -0.1694 -0.6432
v 0.9061 -0.1620 -0.8406
v 0.9087 -0.1483 -0.7994
v 0.9055 -0.1571 -0.6618
v 0.9069 -0.1373 -0.8153
v 0.9050 -0.1337 -0.7921
v 0.9118 -0.1186 -0.7846
v 0.9041 -0.1209 -0.7365
v 0.9081 -0.1692 -0.8448
v 0.9001 -0.1703 -0.7561
v 0.9036 -0.1702 -0.7045
v 0.9082 -0.1617 -0.6507
v 0.9100 -0.1215 -0.7030
v 0.9123 -0.1106 -0.7625
v 0.9167 -0.1704 -0.6884
v 0.9082 -0.1470 -0.7910
v 0.9084 -0.1402 -0.8228
v 0.9121 -0.1076 -0.7815
v 0.9180 -0.1674 -0.6620
v 0.9129 -0.1505 -0.8228
v 0.9093 -0.0961 -0.7769
v 0.9173 -0.1453 -0.6977
v 0.9099 -0.1702 -0.7341
v 0.9123 -0.1560 -0.8118
v 0.9100 -0.1280 -0.6969
v 0.9086 -0.1703 -0.7958
v 0.9163 -0.1246 -0.7809
v 0.9164 -0.1487 -0.7855
v 0.9087 -0.1197 -0.7136
v 0.9142 -0.1230 -0.7537
v 0.9015 -0.1706 -0.8353
v 0.9100 -0.1498 -0.8091
v 0.9154 -0.1680 -0.8368
v 0.9155 -0.1584 -0.8228
v 0.9112 -0.1562 -0.6806
v 0.9152 -0.1683 -0.6555
v 0.9152 -0.1175 -0.7759
v 0.9187 -0.1367 -0.7807
v 0.9170 -0.1349 -0.7435
v 0.9180 -0.1243 -0.7119
v 0.9182 -0.1265 -0.7393
v 0.9189 -0.1338 -0.7584
v 0.9261 -0.1509 -0.8030
v 0.9184 -0.1289 -0.7722
v 0.9163 -0.1492 -0.7954
v 0.9271 -0.1704 -0.7997
v 0.9169 -0.1702 -0.7459
v 0.9220 -0.1396 -0.7389
v 0.9220 -0.1680 -0.6702
v 0.9205 -0.1680 -0.8305
v 0.9177 -0.1558 -0.6902
v 0.9260 -0.1359 -0.7608
v 0.9191 -0.1702 -0.7616
v 0.9244 -0.1683 -0.8259
v 0.9208 -0.1371 -0.7711
v 0.9229 -0.1385 -0.7131
v 0.9237 -0.1692 -0.6755
v 0.9236 -0.1581 -0.8089
v 0.9244 -0.1500 -0.7790
v 0.9258 -0.1691 -0.6793
v 0.9224 -0.1269 -0.7315
v 0.9208 -0.1705 -0.7057
v 0.9227 -0.1356 -0.7358
v 0.9284 -0.1662 -0.6900
v 0.9223 -0.1705 -0.8198
v 0.9234 -0.1263 -0.7239
v 0.9227 -0.1367 -0.7490
v 0.9239 -0.1472 -0.7299
v 0.9235 -0.1432 -0.7755
v 0.9254 -0.1378 -0.7240
v 0.9301 -0.1509 -0.7327
v 0.9268 -0.1687 -0.8215
v 0.9291 -0.1497 -0.7728
v 0.9298 -0.1680 -0.8168
v 0.9271 -0.1495 -0.7232
v 0.9293 -0.1703 -0.7723
v 0.9295 -0.1530 -0.7174
v 0.9273 -0.1685 -0.6839
v 0.9299 -0.1392 -0.7687
v 0.9273 -0.1574 -0.7029
v 0.9315 -0.1702 -0.7321
v 0.9268 -0.1703 -0.7171
v 0.9382 -0.1690 -0.7068
v 0.9316 -0.1695 -0.6957
v 0.9370 -0.1572 -0.8035
v 0.9364 -0.1602 -0.7157
v 0.9346 -0.1550 -0.7730
v 0.9326 -0.1691 -0.8099
v 0.9363 -0.1500 -0.7678
v 0.9338 -0.1489 -0.7469
v 0.9361 -0.1540 -0.7945
v 0.9412 -0.1694 -0.8024
v 0.9393 -0.1591 -0.7726
v 0.9390 -0.1515 -0.7566
v 0.9319 -0.1705 -0.7827
v 0.9443 -0.1685 -0.7187
v 0.9382 -0.1521 -0.7836
v 0.9425 -0.1607 -0.7288
v 0.9458 -0.1691 -0.7769
v 0.9372 -0.1704 -0.7494
v 0.9422 -0.1574 -0.7383
v 0.9445 -0.1686 -0.7947
v 0.9391 -0.1703 -0.7633
v 0.9433 -0.1612 -0.7898
v 0.9451 -0.1687 -0.7864
v 0.9484 -0.1690 -0.7337
v 0.9479 -0.1620 -0.7542
v 0.9471 -0.1694 -0.7719
v 0.9462 -0.1604 -0.7656
v 0.9500 -0.1691 -0.7619
v 0.9501 -0.1680 -0.7450
v 0.6810 0.1072 -0.7378
v 0.6848 0.0943 -0.7515
v 0.6871 0.0949 -0.7461
v 0.6898 0.1002 -0.7473
v 0.7427 -0.1226 -0.6402
v 0.7423 0.0975 -0.6950
v 0.7553 -0.1499 -0.6264
v 0.7784 -0.1381 -0.6164
v 0.7060 0.0644 -0.7623
v 0.7055 0.0640 -0.7631
v 0.7050 0.0644 -0.7636


vt 0.48649 0.31112
vt 0.48819 0.31236
vt 0.48633 0.31420
f 1/1 2/2 5/3
vt 0.15072 0.00176
vt 0.15225 0.00382
vt 0.14985 0.00282
f 1/4 14/5 3/6
vt 0.15410 0.00138
f 1/4 5/7 14/5
vt 0.87031 0.67568
vt 0.86905 0.67601
vt 0.86908 0.67363
f 2/8 1/9 3/10
vt 0.48926 0.31279
f 5/3 2/2 4/11
vt 0.87197 0.67581
vt 0.87103 0.67419
f 4/12 2/8 34/13
vt 0.48794 0.31578
f 5/3 4/11 6/14
vt 0.48796 0.31788
vt 0.48606 0.31722
f 6/14 8/15 9/16
vt 0.98186 0.78899
vt 0.98146 0.78935
vt 0.98119 0.78866
f 6/17 9/18 5/19
vt 0.48638 0.32030
f 9/16 8/15 7/20
vt 0.87158 0.07541
vt 0.87007 0.07381
vt 0.87225 0.07391
f 3/21 34/22 2/23
vt 0.14790 0.00485
f 3/6 14/5 12/24
vt 0.87326 0.07171
vt 0.87136 0.06910
vt 0.87324 0.06855
f 4/25 28/26 6/27
vt 0.15921 0.00087
vt 0.15690 0.00347
f 9/28 33/29 5/7
vt 0.87009 0.07619
vt 0.86919 0.07545
f 3/21 12/30 19/31
f 3/21 19/31 34/22
vt 0.86972 0.07217
f 34/22 40/32 4/25
f 4/25 40/32 28/26
vt 0.15065 0.00823
f 12/24 14/5 76/33
f 5/7 33/29 14/5
vt 0.87249 0.06797
f 28/26 11/34 6/27
vt 0.49012 0.32370
vt 0.48597 0.32391
f 7/20 26/35 24/36
vt 0.16011 0.97747
vt 0.15957 0.97787
vt 0.15996 0.97626
f 6/37 11/38 8/39
vt 0.16583 0.00032
vt 0.16438 0.00260
vt 0.16288 0.00038
f 24/40 25/41 7/42
vt 0.08892 0.58837
vt 0.08711 0.58819
vt 0.08842 0.58664
f 8/43 11/44 10/45
vt 0.48759 0.32626
f 24/36 26/35 30/46
vt 0.49068 0.31914
f 7/20 8/15 10/47
vt 0.15980 0.00686
f 9/28 49/48 33/29
f 7/42 25/41 9/28
vt 0.49572 0.31957
vt 0.49436 0.32147
vt 0.49361 0.31896
f 16/49 13/50 18/51
f 18/51 13/50 10/47
f 7/20 10/47 26/35
vt 0.08634 0.58797
vt 0.08509 0.58532
f 11/52 15/53 10/45
f 10/47 13/50 26/35
vt 0.49762 0.32218
f 13/50 16/49 17/54
vt 0.08729 0.58369
f 18/55 10/45 15/53
vt 0.08528 0.58817
f 28/56 15/53 11/52
vt 0.08768 0.58131
vt 0.08598 0.57945
vt 0.08822 0.57889
f 16/57 31/58 17/59
vt 0.48571 0.32634
f 24/36 30/46 22/60
vt 0.08618 0.58347
f 15/53 21/61 18/55
vt 0.14780 0.00764
f 12/24 76/33 27/62
vt 0.86888 0.67181
vt 0.86887 0.66925
vt 0.87010 0.67031
f 12/63 27/64 19/65
vt 0.48598 0.32920
f 30/46 38/66 22/60
vt 0.99092 0.46782
vt 0.99092 0.46830
vt 0.99058 0.46811
f 18/67 21/68 32/69
f 16/57 18/55 31/58
vt 0.49903 0.32412
vt 0.49667 0.32610
f 17/54 23/70 20/71
f 17/54 20/71 13/50
vt 0.08889 0.57754
vt 0.08848 0.57868
vt 0.08759 0.57771
f 23/72 17/73 29/74
f 17/73 31/58 29/74
vt 0.08517 0.58189
f 18/55 32/75 31/58
f 13/50 20/71 26/35
vt 0.94524 0.82695
vt 0.94345 0.82910
vt 0.94367 0.82619
f 23/76 29/77 54/78
vt 0.08139 0.58787
vt 0.08366 0.58342
f 15/53 46/79 21/80
f 15/53 28/56 46/79
vt 0.15590 0.00958
f 14/5 33/29 50/81
vt 0.87232 0.66874
vt 0.87161 0.67102
f 19/65 44/82 34/83
vt 0.87014 0.66735
f 19/65 42/84 44/82
vt 0.49006 0.32955
f 38/66 30/46 61/85
vt 0.49847 0.32675
f 20/71 23/70 36/86
f 26/35 61/85 30/46
vt 0.49555 0.32810
f 26/35 60/87 61/85
f 9/28 25/41 49/48
f 26/35 20/71 60/87
vt 0.86894 0.06979
f 40/32 35/88 28/26
vt 0.08283 0.58910
f 28/56 35/89 46/79
vt 0.08462 0.58214
vt 0.08293 0.58122
f 32/90 21/80 43/91
vt 0.08663 0.57715
vt 0.08554 0.57592
f 29/92 31/58 37/93
vt 0.16908 0.00057
vt 0.17210 0.00104
vt 0.16992 0.00540
f 22/94 38/95 81/96
vt 0.94409 0.82452
f 23/76 54/78 36/97
f 27/64 42/84 19/65
vt 0.49978 0.32215
vt 0.50167 0.32252
vt 0.50177 0.32377
f 29/98 37/99 52/100
vt 0.50055 0.32576
f 29/98 52/100 54/101
f 24/40 22/94 81/96
f 24/40 81/96 25/41
vt 0.08199 0.57737
f 37/93 31/58 70/102
vt 0.08322 0.58020
f 31/58 32/75 56/103
vt 0.03919 0.28435
vt 0.04018 0.28692
vt 0.03753 0.28437
f 34/104 44/105 40/106
vt 0.08341 0.58296
vt 0.08095 0.58310
vt 0.08177 0.58219
f 21/107 39/108 64/109
f 21/107 64/109 43/91
f 14/5 50/81 76/33
vt 0.86891 0.66739
f 42/84 27/64 41/110
f 21/80 46/79 39/108
vt 0.14850 0.01033
vt 0.14611 0.00888
f 27/62 103/111 41/112
f 33/29 49/48 50/81
f 20/71 36/86 60/87
f 27/62 76/33 103/111
vt 0.04371 0.28767
vt 0.04428 0.28908
vt 0.04272 0.28782
f 41/113 58/114 42/115
vt 0.90223 0.83321
vt 0.90030 0.83434
vt 0.90103 0.83218
f 43/116 57/117 32/118
vt 0.14542 0.01232
vt 0.14363 0.01031
f 41/112 47/119 45/120
f 41/112 103/111 47/119
vt 0.04437 0.28815
vt 0.04472 0.28836
f 41/121 45/122 58/114
vt 0.50250 0.32598
f 54/101 52/100 51/123
vt 0.89995 0.83290
f 32/118 57/117 56/124
vt 0.03604 0.28460
vt 0.03562 0.28519
f 35/125 40/106 46/126
vt 0.48607 0.33275
f 38/66 61/85 53/127
f 31/58 56/103 70/102
vt 0.03591 0.28646
f 40/106 44/105 67/128
vt 0.93733 0.64411
vt 0.93757 0.64632
vt 0.93626 0.64658
f 36/129 68/130 60/131
vt 0.07841 0.58492
f 39/108 46/79 104/132
vt 0.49374 0.32998
f 61/85 60/87 65/133
vt 0.08129 0.57411
f 37/93 70/102 74/134
vt 0.50678 0.32358
vt 0.50685 0.32628
vt 0.50354 0.32413
f 48/135 62/136 52/137
vt 0.08482 0.57410
f 37/93 74/134 52/138
vt 0.14138 0.01138
f 45/120 47/119 55/139
vt 0.04585 0.28923
vt 0.04757 0.29064
f 45/140 55/141 58/114
vt 0.08396 0.57116
f 52/138 74/134 48/142
f 46/126 40/106 67/128
vt 0.90154 0.83682
f 43/116 64/143 57/117
vt 0.16201 0.01023
f 25/41 90/144 49/48
vt 0.08156 0.58009
f 70/102 56/103 57/145
vt 0.50217 0.32875
vt 0.49997 0.32865
f 54/101 79/146 63/147
vt 0.49882 0.32747
f 54/101 63/147 36/148
vt 0.14014 0.01471
vt 0.13950 0.01241
f 55/139 102/149 59/150
vt 0.49740 0.32896
f 36/148 63/147 68/151
vt 0.04244 0.28876
vt 0.04077 0.28904
f 44/105 42/152 95/153
f 55/139 47/119 102/149
vt 0.07972 0.58256
f 39/108 104/132 64/154
vt 0.04373 0.29035
f 42/152 58/114 78/155
vt 0.04811 0.29299
f 58/114 55/141 83/156
vt 0.17473 0.00193
vt 0.17702 0.00541
f 53/157 111/158 81/96
f 53/157 81/96 38/95
vt 0.50946 0.32383
vt 0.51022 0.32630
f 48/135 72/159 96/160
f 48/135 96/160 62/136
vt 0.04913 0.29154
f 59/161 83/156 55/141
vt 0.48842 0.33473
f 53/127 61/85 86/162
vt 0.50339 0.32727
f 52/137 62/136 51/163
vt 0.17885 0.00400
f 53/157 107/164 111/158
vt 0.49026 0.33207
f 61/85 77/165 86/162
vt 0.04219 0.28909
f 42/152 78/166 95/153
vt 0.05134 0.29333
f 59/161 71/167 83/156
vt 0.07928 0.57031
vt 0.08226 0.56898
f 48/142 66/168 72/169
f 48/142 74/134 66/168
vt 0.95688 0.43988
vt 0.95624 0.43892
vt 0.95685 0.43798
f 54/170 51/171 79/172
vt 0.03791 0.28960
f 44/105 95/153 105/173
vt 0.03606 0.28841
f 44/105 113/174 67/128
f 44/105 105/173 113/174
vt 0.93648 0.64894
f 60/131 68/130 65/175
vt 0.13809 0.01329
f 59/150 102/149 71/176
vt 0.49177 0.33139
f 61/85 65/133 87/177
vt 0.07966 0.58875
f 46/79 67/178 104/132
vt 0.04547 0.29247
f 58/114 91/179 78/155
vt 0.86718 0.54580
vt 0.86430 0.54538
vt 0.86614 0.54305
f 78/180 69/181 95/182
vt 0.13567 0.01446
f 73/183 71/176 102/149
vt 0.05246 0.29666
f 71/167 119/184 83/156
vt 0.93760 0.64877
f 65/175 68/130 108/185
vt 0.48575 0.33710
f 53/127 86/162 107/186
vt 0.49890 0.33103
f 63/147 97/187 68/151
vt 0.49132 0.33160
f 77/165 61/85 87/188
f 58/114 83/156 91/179
vt 0.47847 0.77570
vt 0.47528 0.77594
vt 0.47890 0.77456
f 69/189 78/190 92/191
vt 0.89966 0.83738
f 64/143 110/192 57/117
vt 0.13615 0.01843
vt 0.13382 0.01567
f 73/183 193/193 84/194
vt 0.05314 0.29458
f 71/167 73/195 119/184
vt 0.07804 0.57694
f 70/102 116/196 74/134
vt 0.07766 0.58741
f 104/132 67/178 112/197
vt 0.85799 0.81576
vt 0.85670 0.81776
vt 0.85564 0.81595
f 75/198 86/199 77/200
f 102/149 193/193 73/183
f 25/41 81/96 90/144
vt 0.93702 0.65047
f 65/175 108/185 87/201
vt 0.49334 0.33461
vt 0.49059 0.33653
f 86/162 75/202 125/203
vt 0.84652 0.18947
vt 0.84352 0.18654
vt 0.84625 0.18677
f 72/204 166/205 96/206
vt 0.05409 0.29575
f 73/195 84/207 119/184
vt 0.07863 0.58927
f 67/178 113/208 112/197
vt 0.50728 0.32953
f 62/136 114/209 51/163
vt 0.95582 0.43734
f 79/172 51/171 80/210
vt 0.49437 0.33395
vt 0.49697 0.33335
f 85/211 88/212 75/202
vt 0.85718 0.81318
f 75/198 77/200 85/213
vt 0.86285 0.54352
f 69/181 106/214 95/182
vt 0.49687 0.33619
f 75/202 88/212 89/215
vt 0.85495 0.81493
vt 0.85549 0.81221
f 77/200 87/216 108/217
f 77/200 108/217 85/213
vt 0.99003 0.53903
vt 0.98970 0.53950
vt 0.98970 0.53891
f 69/218 92/219 106/220
vt 0.84458 0.18975
f 72/204 66/221 166/205
f 63/147 79/146 97/187
vt 0.07592 0.57205
f 74/134 116/196 135/222
vt 0.15183 0.01565
f 76/33 50/81 171/223
vt 0.48758 0.33870
f 107/186 86/162 123/224
vt 0.04677 0.29431
f 83/156 117/225 91/179
f 74/134 135/222 66/168
vt 0.47493 0.77333
vt 0.47654 0.77345
f 78/190 91/226 82/227
f 92/191 78/190 82/227
vt 0.05527 0.29641
vt 0.05686 0.29774
f 93/228 94/229 119/184
vt 0.57325 0.94629
vt 0.57436 0.94576
vt 0.57426 0.94668
f 79/230 80/231 121/232
f 62/136 96/160 114/209
f 76/33 171/223 103/111
f 93/228 119/184 84/207
vt 0.86307 0.54081
f 106/214 115/233 95/182
vt 0.50323 0.32958
f 51/163 114/209 80/234
vt 0.85792 0.81075
vt 0.85706 0.80998
f 88/235 85/213 100/236
vt 0.47998 0.77297
f 92/191 82/227 99/237
vt 0.07865 0.58030
f 57/145 110/238 70/102
vt 0.49493 0.33163
f 68/151 97/187 108/239
vt 0.13048 0.01768
vt 0.13227 0.01674
vt 0.13135 0.01965
f 94/240 93/241 204/242
vt 0.90825 0.41049
vt 0.90823 0.40896
vt 0.90913 0.41029
f 99/243 106/244 92/245
vt 0.90674 0.40910
f 99/243 120/246 106/244
f 85/213 108/217 100/236
vt 0.49825 0.33440
f 88/212 101/247 89/215
vt 0.94687 0.12917
vt 0.94670 0.12733
vt 0.94819 0.12798
f 91/248 117/249 82/250
vt 0.12893 0.01877
f 94/240 204/242 109/251
vt 0.57326 0.94924
vt 0.57426 0.94846
f 97/252 79/230 141/253
f 86/162 125/203 123/224
vt 0.90035 0.83859
f 110/192 64/143 124/254
vt 0.51015 0.32967
f 96/160 142/255 114/209
vt 0.94680 0.12499
f 117/249 98/256 82/250
vt 0.84574 0.18335
f 96/206 166/205 142/257
vt 0.49954 0.33569
f 89/215 101/247 139/258
f 84/194 193/193 93/241
vt 0.04694 0.29727
f 83/156 119/184 163/259
vt 0.49694 0.33182
f 97/187 149/260 108/239
vt 0.99247 0.88742
vt 0.99263 0.88776
vt 0.99247 0.88804
f 101/261 88/262 100/263
f 83/156 163/259 117/225
vt 0.49448 0.34114
f 75/202 162/264 125/203
vt 0.94796 0.12443
f 98/256 99/265 82/250
vt 0.84179 0.19081
f 166/205 66/221 156/266
vt 0.05867 0.30103
f 119/184 94/229 129/267
f 70/102 110/238 116/196
f 79/230 121/232 141/253
vt 0.05889 0.29943
f 94/229 109/268 129/267
vt 0.49981 0.33808
f 89/215 139/258 137/269
vt 0.57429 0.95007
f 97/252 141/253 168/270
vt 0.03450 0.93141
vt 0.03417 0.93360
vt 0.03316 0.93136
f 104/271 112/272 126/273
f 75/202 89/215 162/264
vt 0.86381 0.53850
vt 0.86664 0.54113
f 95/182 133/274 105/275
vt 0.85494 0.81011
f 108/217 149/276 100/236
f 49/48 90/144 50/81
vt 0.03324 0.93528
vt 0.03268 0.93470
f 112/272 113/277 136/278
vt 0.57359 0.95212
f 97/252 168/270 149/279
vt 0.03554 0.28986
f 113/174 105/173 136/280
vt 0.03270 0.92922
f 104/271 126/273 124/281
vt 0.03368 0.92942
f 104/271 124/281 64/282
vt 0.47905 0.77106
vt 0.47948 0.76866
vt 0.48202 0.77066
f 98/283 154/284 118/285
f 98/283 118/285 99/237
vt 0.12678 0.02040
f 109/251 204/242 122/286
vt 0.49814 0.33973
f 89/215 137/269 157/287
vt 0.07690 0.56919
vt 0.07515 0.56968
f 156/288 66/168 148/289
vt 0.17511 0.00976
f 81/96 111/158 189/290
f 95/182 115/233 133/274
vt 0.48153 0.77194
f 120/291 99/237 118/285
vt 0.16466 0.01300
f 90/144 81/96 219/292
vt 0.50197 0.33116
f 80/234 114/209 121/293
vt 0.47493 0.77153
f 117/294 154/284 98/283
vt 0.86654 0.53798
f 105/275 133/274 136/295
vt 0.90771 0.40670
f 106/244 120/246 115/296
vt 0.37080 0.20554
vt 0.37024 0.20181
vt 0.37141 0.20167
f 134/297 128/298 135/299
vt 0.07834 0.58083
vt 0.07723 0.58247
vt 0.07742 0.57883
f 110/300 124/301 116/302
vt 0.90559 0.41069
vt 0.90487 0.40872
f 120/246 118/303 152/304
vt 0.85683 0.80914
vt 0.85565 0.80918
f 101/305 100/236 151/306
vt 0.07715 0.58623
vt 0.07666 0.58729
vt 0.07669 0.58551
f 112/307 136/308 126/309
vt 0.37165 0.20761
f 134/297 135/299 116/310
vt 0.07515 0.57975
f 124/301 158/311 116/302
f 103/111 171/223 47/119
vt 0.50679 0.33181
vt 0.50492 0.33276
f 114/209 144/312 199/313
vt 0.06105 0.30131
f 109/268 122/314 129/267
vt 0.07620 0.57606
f 116/302 158/311 134/315
f 93/241 193/193 204/242
f 66/168 135/222 148/289
vt 0.86194 0.53895
f 115/233 131/316 133/274
f 114/209 199/313 121/293
f 149/276 151/306 100/236
vt 0.05554 0.30050
f 129/267 138/317 119/184
vt 0.50888 0.33091
f 114/209 142/255 167/318
vt 0.30748 0.93605
vt 0.30681 0.93366
vt 0.30846 0.93501
f 126/319 127/320 124/321
vt 0.48600 0.34231
f 123/224 179/322 107/186
vt 0.48304 0.76869
f 118/285 154/284 132/323
vt 0.30864 0.93168
f 127/320 158/324 124/321
vt 0.07305 0.58265
vt 0.07484 0.58201
f 126/309 159/325 127/326
vt 0.18072 0.00859
f 111/158 107/164 248/327
f 114/209 167/318 144/312
f 89/215 157/287 162/264
vt 0.47453 0.76850
f 117/294 163/328 154/284
vt 0.12858 0.02316
f 122/286 204/242 130/329
vt 0.07529 0.58653
f 126/309 136/308 133/330
vt 0.07391 0.58524
f 126/309 140/331 159/325
f 126/309 133/330 140/331
vt 0.50199 0.33286
vt 0.50004 0.33200
f 121/293 155/332 141/333
vt 0.30749 0.93024
f 158/324 127/320 147/334
vt 0.88010 0.75586
vt 0.87849 0.75596
vt 0.87852 0.75397
f 118/335 132/336 212/337
vt 0.88024 0.75378
f 118/335 212/337 152/338
vt 0.86197 0.53777
f 133/274 131/316 140/339
vt 0.18317 0.00546
f 107/164 179/340 248/327
vt 0.15873 0.01585
f 50/81 90/144 214/341
vt 0.05315 0.30109
f 119/184 138/317 175/342
vt 0.06276 0.30291
f 122/314 153/343 129/267
vt 0.90565 0.40605
f 120/246 143/344 115/296
vt 0.07298 0.57878
f 127/326 159/325 147/345
vt 0.45382 0.96199
vt 0.45265 0.96161
vt 0.45391 0.96041
f 131/346 115/347 172/348
f 120/246 152/304 143/344
vt 0.96960 0.63353
vt 0.96897 0.63494
vt 0.96818 0.63374
f 131/349 172/350 140/351
vt 0.14580 0.01743
f 102/149 47/119 160/352
vt 0.16946 0.01118
f 81/96 247/353 219/292
vt 0.84313 0.18294
f 166/205 167/354 142/257
f 47/119 171/223 160/352
vt 0.37116 0.19963
f 135/299 128/298 148/355
vt 0.49017 0.34114
f 125/203 227/356 123/224
vt 0.91714 0.59740
vt 0.91635 0.59882
vt 0.91458 0.59788
f 139/357 101/358 151/359
vt 0.07186 0.57575
f 134/315 158/311 177/360
vt 0.07437 0.57279
f 134/315 177/360 128/361
vt 0.37161 0.19709
f 148/355 128/298 145/362
vt 0.50052 0.33435
vt 0.49835 0.33346
f 141/333 150/363 168/364
vt 0.37018 0.19789
f 128/298 183/365 145/362
vt 0.50056 0.33332
f 141/333 173/366 150/363
vt 0.12272 0.02261
vt 0.12418 0.02212
vt 0.12174 0.02591
f 146/367 153/368 206/369
vt 0.14072 0.02020
f 102/149 160/352 220/370
f 102/149 220/370 193/193
f 141/333 155/332 173/366
vt 0.49680 0.33302
vt 0.49768 0.33428
f 149/371 168/364 151/372
f 121/293 199/313 155/332
vt 0.06955 0.57254
vt 0.07254 0.56898
f 128/361 208/373 183/374
f 81/96 189/290 247/353
vt 0.91462 0.59598
f 139/357 151/359 184/375
vt 0.91683 0.59537
f 139/357 184/375 137/376
vt 0.50105 0.33355
vt 0.50204 0.33415
f 173/377 176/378 150/363
f 50/81 214/341 171/223
vt 0.49034 0.34148
f 125/203 162/264 227/379
f 128/361 177/360 208/373
vt 0.06991 0.56714
f 183/374 208/373 178/380
vt 0.06443 0.30408
vt 0.06599 0.30585
vt 0.06378 0.30788
f 146/381 169/382 165/383
vt 0.05791 0.30290
f 129/267 161/384 138/317
vt 0.12031 0.02464
f 169/385 146/367 206/369
vt 0.83974 0.18836
f 156/266 186/386 166/205
vt 0.50326 0.33385
vt 0.50297 0.33552
f 176/378 188/387 170/388
vt 0.37194 0.19886
vt 0.37323 0.19772
f 148/389 145/362 186/390
vt 0.06037 0.30525
f 153/343 207/391 129/267
vt 0.84017 0.19069
f 148/392 186/386 156/266
vt 0.45383 0.95973
f 115/347 143/393 172/348
vt 0.88065 0.75110
vt 0.87793 0.75134
f 143/394 152/338 216/395
vt 0.48158 0.76776
f 154/284 202/396 132/323
vt 0.40941 0.83301
vt 0.40930 0.83243
vt 0.41081 0.83253
f 173/397 155/398 174/399
vt 0.40957 0.82646
vt 0.41001 0.82374
vt 0.41175 0.82601
f 144/400 167/401 194/402
vt 0.07124 0.58441
f 140/331 172/403 159/325
f 158/311 147/345 177/360
vt 0.07134 0.58160
f 147/345 159/325 185/404
vt 0.94712 0.05487
vt 0.94877 0.05396
vt 0.94904 0.05615
f 164/405 175/406 138/407
vt 0.39824 0.93373
vt 0.39822 0.93130
vt 0.40055 0.93352
f 138/408 161/409 164/410
f 146/381 165/383 153/343
vt 0.49886 0.33976
f 157/287 137/269 190/411
vt 0.83997 0.18645
vt 0.84189 0.18497
f 166/205 209/412 221/413
f 122/286 130/329 153/368
f 153/343 165/383 207/391
vt 0.18562 0.00866
f 179/340 252/414 248/327
vt 0.48860 0.34122
vt 0.48988 0.34494
f 123/224 227/415 232/416
f 123/224 232/416 179/322
vt 0.17262 0.01412
f 189/290 280/417 247/353
f 159/325 172/403 185/404
vt 0.97457 0.51830
vt 0.97392 0.51700
vt 0.97481 0.51704
f 151/418 150/419 170/420
vt 0.49891 0.33524
f 151/421 168/364 150/363
vt 0.07078 0.57866
f 147/345 185/404 205/422
vt 0.47568 0.76591
f 154/284 163/328 231/423
vt 0.04930 0.30193
f 119/184 257/424 163/259
vt 0.12588 0.02779
f 153/368 130/329 192/425
f 129/267 207/391 161/384
vt 0.50387 0.33433
vt 0.50649 0.33622
f 188/426 181/427 170/388
f 153/368 192/425 206/369
vt 0.97484 0.51637
f 170/420 150/419 176/428
f 147/345 205/422 177/360
vt 0.87852 0.75013
f 143/394 216/395 180/429
vt 0.49974 0.33616
vt 0.50094 0.33877
f 151/430 170/388 184/431
vt 0.61833 0.35082
vt 0.61701 0.35067
vt 0.61641 0.34911
f 173/432 174/433 226/434
vt 0.61855 0.34913
f 173/432 226/434 176/435
vt 0.47853 0.76678
vt 0.48036 0.76705
f 154/284 203/436 202/437
vt 0.40944 0.83181
vt 0.41026 0.82876
f 155/438 199/439 174/399
vt 0.91484 0.59457
f 137/376 184/375 190/440
vt 0.07101 0.58315
vt 0.07002 0.58181
f 185/441 172/403 198/442
vt 0.50451 0.33806
f 170/388 181/427 215/443
vt 0.84156 0.18397
f 166/205 221/413 191/444
vt 0.62094 0.34579
vt 0.61939 0.34725
vt 0.61936 0.34435
f 181/445 188/446 196/447
vt 0.37119 0.19616
vt 0.37262 0.19475
f 145/362 183/448 224/449
vt 0.88015 0.74967
f 143/394 180/429 172/450
vt 0.96230 0.19976
vt 0.96140 0.20017
vt 0.96196 0.19786
f 132/451 202/452 212/453
vt 0.37439 0.19664
f 145/362 224/449 186/454
vt 0.49677 0.34196
f 162/264 157/287 218/455
vt 0.47415 0.76681
f 163/328 187/456 231/423
f 119/184 175/342 257/424
vt 0.07249 0.56669
vt 0.07251 0.56615
f 183/457 178/380 224/458
vt 0.18642 0.00683
f 179/340 225/459 252/414
f 152/338 212/337 216/395
vt 0.13225 0.02686
f 204/242 307/460 130/329
vt 0.14627 0.02082
f 160/352 171/223 211/461
vt 0.06870 0.58449
f 172/403 180/462 198/442
f 154/284 231/423 203/436
f 167/354 166/205 191/444
vt 0.07041 0.58099
vt 0.06879 0.57937
f 185/463 198/442 234/464
vt 0.40033 0.93005
f 164/410 161/409 263/465
vt 0.40986 0.82703
vt 0.41193 0.82622
f 144/466 194/467 199/439
f 160/352 211/461 220/370
vt 0.11866 0.02631
f 169/385 206/369 210/468
vt 0.37426 0.19438
f 186/454 224/449 228/469
f 184/431 170/388 215/443
f 166/205 186/386 209/412
vt 0.15766 0.02037
f 171/223 214/341 201/470
vt 0.87719 0.75435
vt 0.87656 0.75656
vt 0.87575 0.75432
f 212/471 202/472 195/473
vt 0.06792 0.30843
f 169/382 210/474 165/383
vt 0.04699 0.29912
f 163/259 257/424 187/475
f 176/435 226/434 188/446
vt 0.41392 0.82346
f 167/401 191/476 194/402
f 111/158 248/327 189/290
vt 0.50507 0.33940
f 184/431 215/443 233/477
vt 0.96216 0.81193
vt 0.96221 0.81363
vt 0.96159 0.81295
f 190/478 218/479 157/480
vt 0.91346 0.77708
vt 0.91247 0.78034
vt 0.91160 0.77876
f 164/481 263/482 182/483
vt 0.48592 0.34536
f 179/322 232/416 225/484
vt 0.59128 0.95144
vt 0.59064 0.94979
vt 0.59122 0.94820
f 185/485 234/486 205/487
vt 0.50444 0.34164
f 184/431 233/477 245/488
vt 0.06937 0.57679
f 205/422 200/489 177/360
vt 0.62210 0.34245
f 181/445 196/447 197/490
vt 0.94729 0.05261
f 164/405 223/491 175/406
vt 0.41204 0.83127
f 199/439 226/492 174/399
vt 0.61591 0.34647
f 188/446 229/493 196/447
vt 0.39945 0.92986
f 263/465 161/409 268/494
vt 0.91051 0.77761
f 164/481 182/483 223/495
vt 0.49959 0.34015
vt 0.49915 0.34262
f 218/455 190/496 243/497
vt 0.13745 0.02448
f 193/193 255/498 204/242
f 177/360 200/489 208/373
vt 0.50194 0.34353
f 184/431 276/499 190/496
f 188/446 226/434 229/493
f 184/431 245/488 276/499
vt 0.47418 0.76606
f 187/456 267/500 231/423
vt 0.05669 0.30613
f 161/384 207/391 268/501
vt 0.06741 0.57677
vt 0.06923 0.57868
f 234/464 239/502 205/503
vt 0.37476 0.19452
f 186/454 228/469 213/504
f 198/442 180/462 234/464
vt 0.37620 0.19591
f 186/454 213/504 209/505
vt 0.37571 0.19559
vt 0.37526 0.19299
vt 0.37835 0.19451
f 209/506 213/507 253/508
f 193/193 220/370 255/498
vt 0.11714 0.02905
f 210/468 206/369 240/509
vt 0.05203 0.30416
f 257/424 175/342 256/510
vt 0.59053 0.94653
vt 0.59158 0.94620
f 205/487 239/511 200/512
f 190/496 276/499 243/497
vt 0.41285 0.82900
f 199/439 194/467 229/513
vt 0.50607 0.33974
f 215/443 181/427 233/514
vt 0.50991 0.33760
vt 0.50986 0.33944
f 197/515 217/516 181/427
f 90/144 219/292 214/341
vt 0.16804 0.01662
f 219/292 247/353 305/517
vt 0.86752 0.27273
vt 0.86513 0.26942
vt 0.86809 0.27031
f 202/518 254/519 195/520
vt 0.82791 0.22735
vt 0.82658 0.22651
vt 0.82810 0.22394
f 213/521 228/522 222/523
vt 0.06782 0.57078
f 208/373 251/524 178/380
vt 0.37552 0.19031
f 213/507 222/525 253/508
vt 0.73746 0.93544
vt 0.73636 0.93411
vt 0.73786 0.93370
f 197/526 262/527 217/528
vt 0.62057 0.34109
f 196/447 236/529 197/490
f 199/439 229/513 226/492
vt 0.37847 0.19763
f 209/505 253/508 221/530
f 212/471 195/473 216/395
vt 0.61762 0.34301
vt 0.61830 0.34096
f 196/447 235/531 230/532
vt 0.73597 0.93544
f 197/526 236/533 262/527
f 204/242 255/498 307/460
vt 0.18841 0.00791
f 225/459 241/534 252/414
vt 0.61994 0.34138
f 196/447 230/532 236/535
vt 0.94849 0.05243
f 175/406 223/491 256/536
f 181/427 217/516 233/514
vt 0.86584 0.27332
f 202/518 203/537 254/519
vt 0.41424 0.82476
f 194/402 191/476 242/538
vt 0.06651 0.57415
f 208/373 200/489 249/539
vt 0.37962 0.19939
vt 0.38183 0.19805
f 191/540 221/530 237/541
vt 0.49489 0.34641
f 227/379 162/264 282/542
vt 0.41380 0.82646
f 194/467 242/543 229/513
vt 0.07078 0.56503
vt 0.06937 0.56431
f 224/544 178/380 244/545
f 196/447 229/493 235/531
vt 0.18387 0.01191
f 252/414 260/546 248/327
vt 0.97094 0.74573
vt 0.97034 0.74631
vt 0.97014 0.74500
f 245/547 233/548 246/549
vt 0.04899 0.30456
f 257/424 256/510 295/550
vt 0.87577 0.75070
f 216/395 195/473 264/551
vt 0.49726 0.34527
f 162/264 218/455 304/552
f 162/264 304/552 282/542
vt 0.50963 0.34187
f 217/516 284/553 233/514
vt 0.37803 0.18850
f 222/525 275/554 253/508
vt 0.06964 0.31145
vt 0.06889 0.31389
f 240/555 356/556 210/474
vt 0.51061 0.34077
f 217/516 309/557 284/553
f 282/542 232/416 227/379
vt 0.06825 0.56628
vt 0.06888 0.56473
f 178/380 250/558 244/559
f 200/489 239/502 249/539
f 221/530 253/508 237/541
vt 0.82530 0.22426
f 228/522 269/560 222/523
f 218/455 243/497 304/552
vt 0.17839 0.01439
f 189/290 298/561 280/417
vt 0.04565 0.30096
f 187/475 257/424 267/562
vt 0.61658 0.34345
vt 0.61500 0.34412
f 235/563 229/493 242/564
vt 0.16729 0.01957
f 219/292 305/517 516/565
vt 0.70173 0.96000
vt 0.70311 0.96119
vt 0.70200 0.96192
f 224/566 244/567 228/568
vt 0.61714 0.34048
vt 0.61543 0.34118
f 230/569 235/563 237/570
vt 0.06493 0.58113
f 234/464 180/462 308/571
vt 0.06559 0.31265
f 210/474 356/556 328/572
vt 0.50598 0.34229
f 233/514 284/553 246/573
vt 0.38185 0.20085
f 242/574 191/540 237/541
f 216/395 264/551 180/429
vt 0.86357 0.27286
f 203/537 231/575 254/519
vt 0.62066 0.33862
vt 0.61974 0.33971
vt 0.61940 0.33800
f 262/576 236/577 261/578
vt 0.73664 0.93242
f 217/528 262/527 309/579
vt 0.15126 0.02204
f 171/223 347/580 211/461
vt 0.62182 0.33576
f 262/576 261/578 238/581
f 236/577 230/532 261/578
vt 0.06781 0.56777
f 250/558 178/380 259/582
vt 0.06604 0.57229
f 208/373 249/539 289/583
f 210/474 328/572 165/383
vt 0.19041 0.01013
f 241/534 317/584 252/414
vt 0.06668 0.58675
vt 0.06542 0.58519
f 180/462 264/585 311/586
vt 0.48624 0.34782
f 225/484 232/416 241/587
vt 0.49898 0.34350
vt 0.49847 0.34518
f 243/588 270/589 304/552
vt 0.06492 0.57586
f 239/502 234/464 278/590
f 235/563 242/564 237/570
vt 0.05736 0.30861
f 207/391 165/383 329/591
vt 0.94039 0.81904
vt 0.94167 0.82121
vt 0.93985 0.81994
f 208/592 289/593 251/594
vt 0.38025 0.19289
f 253/508 275/554 266/595
f 207/391 329/591 268/501
vt 0.06401 0.57801
f 234/464 274/596 278/590
vt 0.06724 0.56917
f 178/380 281/597 259/582
vt 0.86183 0.27235
f 231/575 267/598 254/519
vt 0.16352 0.02026
f 219/292 350/599 214/341
vt 0.61955 0.33485
f 238/581 261/578 258/600
f 178/380 251/524 281/597
vt 0.26898 0.52395
vt 0.26924 0.52222
vt 0.27147 0.52355
f 238/601 272/602 271/603
f 234/464 308/571 274/596
vt 0.98390 0.41866
vt 0.98324 0.41867
vt 0.98327 0.41794
f 245/604 246/605 273/606
vt 0.49969 0.34443
f 243/497 276/499 270/607
f 189/290 248/327 298/561
vt 0.86723 0.26679
f 195/520 254/519 264/608
vt 0.82642 0.22136
f 222/523 269/560 283/609
vt 0.90991 0.78107
f 182/483 290/610 223/495
vt 0.50777 0.34395
f 246/573 284/553 265/611
f 182/483 263/482 290/610
vt 0.61605 0.33796
vt 0.61809 0.33765
f 230/569 277/612 261/613
vt 0.62189 0.33232
f 238/581 258/600 272/614
vt 0.95408 0.16790
vt 0.95431 0.16640
vt 0.95508 0.16657
f 244/615 269/616 228/617
vt 0.98855 0.55296
vt 0.98807 0.55338
vt 0.98807 0.55269
f 222/618 283/619 275/620
vt 0.14513 0.02510
f 220/370 211/461 348/621
f 239/502 278/590 249/539
f 219/292 516/565 350/599
vt 0.50415 0.34393
f 245/488 273/622 276/499
f 247/353 280/417 305/517
vt 0.61641 0.33559
f 261/613 300/623 258/600
f 230/569 237/570 277/612
vt 0.27157 0.51893
f 272/602 292/624 271/603
vt 0.06658 0.57092
f 251/524 321/625 281/597
vt 0.48964 0.34770
f 232/416 279/626 241/587
vt 0.26886 0.52606
vt 0.27228 0.53025
vt 0.26841 0.52991
f 238/627 309/628 262/629
vt 0.38224 0.19488
f 237/541 253/508 277/630
vt 0.61889 0.33286
f 272/614 258/600 302/631
f 248/327 260/546 298/561
vt 0.95319 0.16724
f 244/615 288/632 269/616
vt 0.62052 0.33013
f 272/614 302/631 286/633
vt 0.49793 0.34621
f 270/589 303/634 304/552
vt 0.38128 0.19411
vt 0.38113 0.19083
f 277/630 266/635 297/636
f 258/600 300/623 302/631
f 253/508 266/595 277/630
f 261/613 277/612 300/623
vt 0.94395 0.15600
vt 0.94330 0.15431
vt 0.94384 0.15431
f 250/637 288/638 244/639
f 130/329 307/460 192/425
f 220/370 348/621 255/498
vt 0.95519 0.19442
vt 0.95376 0.19548
vt 0.95370 0.19417
f 263/640 268/641 290/642
vt 0.05106 0.30577
f 256/510 294/643 295/550
vt 0.50481 0.34374
f 246/573 265/611 273/644
vt 0.94014 0.82266
f 251/594 289/593 321/645
vt 0.94686 0.66926
vt 0.94849 0.66894
vt 0.94688 0.67164
f 256/646 223/647 296/648
vt 0.82434 0.22224
f 269/560 287/649 283/609
vt 0.62239 0.32876
f 272/614 286/633 292/650
f 180/462 311/586 308/571
vt 0.38303 0.19232
f 297/636 300/651 277/630
vt 0.04421 0.30365
f 267/562 257/424 331/652
vt 0.86265 0.26871
f 254/519 267/598 306/653
vt 0.82394 0.22354
f 269/560 288/654 287/649
vt 0.94762 0.67218
f 223/647 290/655 296/648
vt 0.06083 0.31188
f 165/383 373/656 329/591
f 171/223 201/470 347/580
f 266/595 275/554 297/636
vt 0.49287 0.34891
vt 0.48994 0.34792
f 232/416 376/657 279/658
vt 0.48863 0.35109
vt 0.48594 0.34952
f 241/587 337/659 317/660
f 241/587 279/626 337/659
vt 0.14065 0.48678
vt 0.14021 0.48525
vt 0.14275 0.48532
f 259/661 291/662 250/663
vt 0.27401 0.52880
f 309/628 238/627 314/664
f 282/542 376/657 232/416
vt 0.37566 0.18752
vt 0.37662 0.18380
f 275/554 283/665 330/666
vt 0.37514 0.18591
f 293/667 330/666 283/665
vt 0.14229 0.48247
vt 0.14393 0.48382
f 250/663 327/668 288/669
vt 0.86538 0.26676
f 254/519 312/670 264/608
vt 0.27530 0.52607
f 238/627 271/603 381/671
f 238/627 381/671 314/664
f 249/539 278/590 289/583
vt 0.38152 0.18709
f 297/636 275/554 285/672
vt 0.07051 0.31434
f 240/555 320/673 356/556
vt 0.95297 0.19486
f 268/641 296/674 290/642
vt 0.06526 0.58756
f 311/586 264/585 313/675
vt 0.50065 0.34675
vt 0.49861 0.34681
f 270/607 316/676 303/677
vt 0.05369 0.30666
f 268/501 329/591 296/678
vt 0.18989 0.01302
f 260/546 252/414 420/679
f 250/663 291/662 327/668
vt 0.27566 0.52004
f 292/624 413/680 271/603
vt 0.14483 0.48188
f 288/669 327/668 287/681
vt 0.50423 0.34524
f 276/499 273/682 316/676
vt 0.14522 0.48068
f 287/681 327/668 301/683
vt 0.82549 0.21831
f 283/609 287/649 293/684
f 276/499 316/676 270/607
vt 0.04179 0.30126
f 267/562 331/652 306/685
vt 0.06747 0.31361
f 356/556 315/686 328/572
vt 0.86226 0.10384
vt 0.86186 0.10272
vt 0.86304 0.10165
f 265/687 284/688 340/689
vt 0.06476 0.59000
f 264/585 312/690 313/675
vt 0.12405 0.03154
f 206/369 192/425 333/691
f 206/369 333/691 240/509
f 256/510 296/678 294/643
vt 0.81841 0.21720
vt 0.81656 0.21690
vt 0.81792 0.21552
f 278/692 370/693 289/694
vt 0.37392 0.18909
vt 0.37301 0.18695
vt 0.37426 0.18558
f 287/695 301/696 293/697
vt 0.13873 0.48770
f 259/661 281/698 291/662
vt 0.37291 0.18452
f 301/696 299/699 293/697
f 214/341 350/599 201/470
f 254/519 306/653 312/670
vt 0.82757 0.21748
vt 0.82637 0.21599
f 330/700 293/684 310/701
vt 0.11844 0.03374
f 240/509 333/691 425/702
vt 0.11540 0.03185
f 240/509 425/702 320/703
vt 0.13686 0.48563
f 281/698 369/704 291/662
f 252/414 317/584 420/679
vt 0.37285 0.18158
vt 0.37481 0.18212
f 299/699 322/705 310/706
vt 0.04672 0.30524
f 295/550 342/707 257/424
vt 0.97346 0.21426
vt 0.97357 0.21498
vt 0.97276 0.21549
f 303/708 351/709 304/710
vt 0.62138 0.32829
f 292/650 286/633 359/711
vt 0.49628 0.34917
f 282/542 304/552 351/712
f 282/542 351/712 376/657
vt 0.82796 0.21600
f 330/700 310/701 325/713
vt 0.51120 0.34219
vt 0.51056 0.34371
f 284/553 309/714 340/715
vt 0.14229 0.47714
vt 0.14719 0.47837
f 301/683 390/716 299/717
vt 0.86345 0.26716
f 306/653 332/718 312/670
vt 0.14446 0.47487
vt 0.14841 0.47578
f 299/717 399/719 322/720
vt 0.61819 0.33065
f 302/631 339/721 286/633
vt 0.04282 0.30345
f 306/685 331/652 374/722
f 299/699 310/706 293/697
f 301/683 327/668 390/716
f 211/461 347/580 348/621
vt 0.13656 0.48836
f 281/698 321/723 369/704
vt 0.38278 0.18960
f 297/636 285/672 319/724
vt 0.13494 0.03050
f 307/460 255/498 394/725
vt 0.15597 0.02435
f 347/580 201/470 406/726
vt 0.04170 0.30243
vt 0.04015 0.30176
f 306/685 374/727 332/728
vt 0.94173 0.82276
f 289/593 370/729 321/645
vt 0.82733 0.21531
f 325/713 310/701 353/730
vt 0.14735 0.47418
f 322/720 399/719 361/731
f 299/717 390/716 399/719
vt 0.61665 0.33296
f 302/631 319/732 339/721
vt 0.13965 0.48205
f 327/668 291/662 323/733
vt 0.48613 0.35292
f 317/660 337/659 395/734
vt 0.86201 0.10801
vt 0.86480 0.10517
f 273/735 265/687 392/736
vt 0.38118 0.18508
f 330/666 357/737 275/554
f 297/636 319/724 300/651
vt 0.61908 0.32916
vt 0.62000 0.32823
f 286/633 343/738 359/739
vt 0.81926 0.22409
vt 0.81946 0.22751
vt 0.81706 0.22383
f 308/740 311/741 364/742
f 286/633 339/721 343/738
vt 0.05086 0.30830
f 294/643 296/678 410/743
f 331/652 257/424 342/707
vt 0.13845 0.48386
f 291/662 369/704 365/744
vt 0.97534 0.68392
vt 0.97438 0.68292
vt 0.97525 0.68275
f 295/745 341/746 342/747
vt 0.81899 0.21871
vt 0.81877 0.22044
f 278/748 274/749 370/693
vt 0.17389 0.01853
f 280/417 298/561 422/750
vt 0.96004 0.85942
vt 0.96019 0.86066
vt 0.95898 0.85959
f 295/751 294/752 341/753
vt 0.75236 0.07967
vt 0.75396 0.07981
vt 0.75249 0.08395
f 355/754 326/755 402/756
vt 0.75534 0.07965
vt 0.75826 0.07954
vt 0.75513 0.08228
f 335/757 324/758 384/759
vt 0.82637 0.92901
vt 0.82633 0.92994
vt 0.82577 0.92933
f 328/760 315/761 387/762
vt 0.49182 0.35182
f 279/658 376/657 318/763
vt 0.37642 0.18025
f 310/706 322/705 353/764
vt 0.37443 0.18015
f 322/705 361/765 353/764
f 302/631 300/623 319/732
f 279/626 318/763 337/659
f 335/757 384/759 326/755
vt 0.92612 0.17407
vt 0.92389 0.17529
vt 0.92396 0.17315
f 292/766 359/767 371/768
f 274/749 364/742 370/693
vt 0.07060 0.31632
f 356/556 320/673 336/769
vt 0.86570 0.10802
vt 0.86225 0.11108
f 273/735 334/770 316/771
f 308/740 364/742 274/749
vt 0.19277 0.01138
f 317/584 395/772 420/679
f 165/383 328/572 373/656
vt 0.75853 0.08076
vt 0.75717 0.08351
f 346/773 379/774 324/758
vt 0.06825 0.31750
f 315/686 356/556 456/775
vt 0.60888 0.83072
vt 0.61191 0.82776
vt 0.61156 0.83068
f 335/776 388/777 324/778
vt 0.96012 0.86207
vt 0.95872 0.86181
f 294/752 410/779 382/780
f 294/752 382/780 341/753
vt 0.38033 0.18601
f 275/554 357/737 285/781
f 291/662 365/744 323/733
vt 0.38100 0.18214
f 330/666 360/782 357/737
vt 0.18764 0.01671
f 260/546 420/679 570/783
vt 0.11480 0.03364
f 320/703 425/702 336/784
vt 0.49780 0.34867
vt 0.49736 0.34803
f 303/677 427/785 351/786
vt 0.14175 0.02870
f 255/498 348/621 554/787
f 324/758 379/774 384/759
f 326/755 384/759 402/756
vt 0.13458 0.48663
f 369/704 321/723 383/788
vt 0.70577 0.76011
vt 0.70478 0.75873
vt 0.70725 0.75963
f 332/789 374/790 354/791
vt 0.61726 0.33132
vt 0.61651 0.33010
f 339/792 319/732 285/793
vt 0.61800 0.32859
f 339/792 285/793 343/794
f 280/417 422/750 305/517
vt 0.27516 0.51852
f 292/624 344/795 413/680
f 271/603 413/680 381/671
f 303/677 316/676 427/785
vt 0.37744 0.18160
f 330/666 325/796 360/782
vt 0.94109 0.82374
f 370/729 375/797 321/645
vt 0.70580 0.75795
f 374/790 338/798 354/791
vt 0.06443 0.59188
vt 0.06355 0.59076
f 332/799 354/800 312/690
vt 0.86496 0.11023
f 316/771 334/770 400/801
vt 0.61784 0.32654
f 285/793 349/802 343/794
vt 0.73623 0.92994
vt 0.73592 0.92887
vt 0.73662 0.92914
f 309/803 386/804 340/805
vt 0.06342 0.58960
vt 0.06433 0.58869
f 312/690 380/806 313/807
vt 0.18105 0.01746
f 260/546 570/783 518/808
f 298/561 260/546 518/808
vt 0.81864 0.22996
vt 0.81703 0.22884
f 313/809 363/810 311/741
vt 0.04875 0.30594
vt 0.05004 0.30788
vt 0.04843 0.30775
f 341/811 382/812 372/813
vt 0.37635 0.17767
f 353/764 361/765 436/814
vt 0.92547 0.17118
f 292/766 371/768 344/815
vt 0.06695 0.31420
vt 0.06644 0.31606
vt 0.06496 0.31409
f 315/816 408/817 387/818
vt 0.61592 0.32805
f 349/802 285/793 357/819
f 273/735 392/736 334/770
vt 0.60730 0.82597
f 335/776 449/820 388/777
vt 0.60735 0.83070
f 335/776 326/821 449/820
vt 0.26891 0.51739
vt 0.26893 0.51357
vt 0.27092 0.51427
f 349/822 352/823 345/824
f 311/741 363/810 364/742
f 255/498 554/787 394/725
vt 0.27149 0.51793
f 345/824 359/825 349/822
vt 0.26906 0.51994
f 343/826 349/822 359/825
vt 0.13448 0.48924
f 321/723 375/827 383/788
vt 0.37463 0.17938
f 361/765 362/828 436/814
vt 0.05285 0.31122
f 329/591 475/829 296/678
vt 0.67635 0.90863
vt 0.67520 0.90648
vt 0.67574 0.90609
f 354/830 358/831 366/832
f 312/690 354/800 380/806
vt 0.49531 0.34970
f 351/712 454/833 376/657
vt 0.86319 0.10137
vt 0.86426 0.10087
vt 0.86485 0.10307
f 340/834 386/835 412/836
f 340/834 412/836 265/687
vt 0.82668 0.93374
vt 0.82572 0.93267
f 315/761 456/837 408/838
vt 0.61619 0.32491
vt 0.61850 0.32273
f 349/802 360/839 352/840
vt 0.70368 0.32245
vt 0.70278 0.31857
vt 0.70445 0.31971
f 355/841 402/842 393/843
f 356/556 336/769 456/775
vt 0.95995 0.39579
vt 0.95898 0.39576
vt 0.95872 0.39466
f 325/844 353/845 411/846
vt 0.75850 0.08522
f 346/773 442/847 379/774
vt 0.70965 0.75854
f 354/791 338/798 358/848
vt 0.13178 0.03360
f 192/425 632/849 333/691
vt 0.04745 0.30771
f 341/811 372/813 489/850
vt 0.27610 0.53144
f 309/628 314/664 386/851
vt 0.04760 0.30577
vt 0.04615 0.30796
f 341/852 489/853 342/707
f 305/517 422/750 516/565
f 329/591 373/656 475/829
f 349/802 357/819 360/839
vt 0.94790 0.49090
vt 0.94689 0.48982
vt 0.94789 0.48696
f 328/854 387/855 378/856
vt 0.06140 0.31373
f 328/572 378/857 373/656
f 298/561 518/808 422/750
vt 0.70957 0.75668
f 338/798 432/858 358/848
vt 0.27009 0.50999
f 352/823 367/859 345/824
vt 0.14503 0.47334
vt 0.14768 0.47193
f 361/731 397/860 362/861
vt 0.13311 0.48832
f 375/827 407/862 383/788
vt 0.13707 0.48461
f 365/744 369/704 438/863
vt 0.12253 0.03659
f 333/691 642/864 425/702
vt 0.67723 0.90572
f 354/830 366/832 380/865
vt 0.95995 0.39316
f 325/844 411/846 396/866
vt 0.38082 0.17930
f 325/796 396/867 360/782
vt 0.04369 0.30609
f 342/707 368/868 331/652
f 342/707 489/853 368/868
f 331/652 368/868 374/722
vt 0.81578 0.22863
f 364/742 363/810 455/869
vt 0.71350 0.71634
vt 0.71086 0.71595
vt 0.71418 0.71472
f 324/870 388/871 346/872
vt 0.96021 0.06055
vt 0.95999 0.06302
vt 0.95880 0.06114
f 316/873 400/874 409/875
vt 0.60583 0.83048
f 326/821 355/876 449/820
vt 0.14999 0.02777
f 347/580 406/726 595/877
vt 0.27241 0.51330
vt 0.27452 0.51464
f 345/878 415/879 359/825
vt 0.37737 0.17874
f 353/764 436/814 411/880
vt 0.81469 0.21934
f 370/693 364/742 418/881
vt 0.60563 0.82637
f 355/876 452/882 449/820
vt 0.61671 0.32193
f 352/840 360/839 396/883
vt 0.11628 0.03847
vt 0.11379 0.03662
f 336/784 446/884 431/885
f 192/425 307/460 632/849
vt 0.70439 0.75700
vt 0.70490 0.75601
f 374/886 368/887 338/798
vt 0.81452 0.21743
f 370/693 418/881 375/888
f 361/731 399/719 397/860
vt 0.27169 0.51065
f 367/859 377/889 345/824
vt 0.19327 0.01475
f 420/679 395/772 579/890
vt 0.27288 0.51085
f 345/878 377/891 415/879
vt 0.91992 0.32274
vt 0.92107 0.32107
vt 0.92130 0.32463
f 316/892 409/893 427/894
vt 0.61920 0.31924
f 352/840 396/883 367/895
f 392/736 265/687 412/836
vt 0.27703 0.52448
f 381/671 413/680 444/896
vt 0.27308 0.50856
vt 0.27720 0.50878
f 389/897 434/898 377/891
vt 0.99309 0.31789
vt 0.99280 0.31775
vt 0.99309 0.31755
f 313/899 380/900 363/901
vt 0.67660 0.90419
f 366/832 492/902 380/865
f 336/784 425/702 446/884
vt 0.19591 0.01272
f 395/772 424/903 579/890
vt 0.48931 0.35481
f 395/734 337/659 385/904
vt 0.00656 0.83591
vt 0.00547 0.83286
vt 0.00823 0.83560
f 451/905 535/906 466/907
vt 0.27359 0.51763
f 359/825 415/879 371/908
vt 0.00426 0.83536
f 451/905 450/909 535/906
vt 0.71238 0.71439
f 346/872 388/871 466/910
f 347/580 595/877 348/621
vt 0.07103 0.31923
f 336/769 431/911 456/775
f 296/678 475/829 410/743
vt 0.70779 0.32256
f 355/841 393/843 452/912
vt 0.62232 0.31803
vt 0.62110 0.32054
vt 0.62083 0.31761
f 389/913 377/914 401/915
vt 0.27478 0.50518
f 389/897 391/916 434/898
f 377/891 434/898 415/879
vt 0.94709 0.48702
f 378/856 387/855 470/917
vt 0.61645 0.31938
f 367/895 396/883 530/918
f 327/668 323/733 390/716
vt 0.62035 0.31459
f 389/913 401/915 525/919
vt 0.81429 0.32451
vt 0.81575 0.32354
vt 0.81484 0.32549
f 363/920 380/921 455/922
vt 0.37333 0.17847
vt 0.37468 0.17639
f 436/814 362/923 421/924
vt 0.75442 0.08489
f 402/756 384/759 462/925
vt 0.62360 0.31418
f 389/913 525/919 391/926
vt 0.27668 0.51841
f 344/795 529/927 413/680
vt 0.13838 0.48322
vt 0.13498 0.48281
f 323/733 365/928 534/929
vt 0.04852 0.30983
f 382/812 448/930 372/813
vt 0.14678 0.47095
f 362/861 397/860 453/931
f 307/460 394/725 632/849
vt 0.70790 0.75431
f 432/858 338/798 488/932
vt 0.71426 0.71043
f 346/872 466/910 442/933
vt 0.27793 0.50399
f 391/916 403/934 434/898
vt 0.16031 0.02744
f 201/470 350/599 677/935
vt 0.97993 0.25826
vt 0.97976 0.25679
vt 0.98042 0.25778
f 384/936 404/937 462/938
vt 0.92382 0.16991
f 371/768 529/939 344/815
vt 0.13635 0.48441
f 365/928 438/940 534/929
vt 0.05941 0.31441
f 378/857 437/941 373/656
vt 0.86240 0.24501
vt 0.86181 0.24140
vt 0.86399 0.24285
f 433/942 445/943 453/944
vt 0.86329 0.24605
f 433/942 453/944 397/945
vt 0.70489 0.75343
f 368/887 430/946 338/798
vt 0.14393 0.47175
vt 0.14442 0.47279
vt 0.14173 0.47404
f 433/947 397/948 405/949
vt 0.14330 0.47470
f 397/948 399/950 405/949
vt 0.61877 0.31723
f 367/895 530/918 401/951
vt 0.37823 0.17915
vt 0.37947 0.17646
vt 0.37985 0.17955
f 411/952 461/953 396/954
vt 0.13770 0.47824
f 323/733 534/929 467/955
vt 0.49429 0.35107
f 376/657 454/956 318/763
vt 0.27191 0.50806
f 377/889 367/859 401/957
vt 0.75538 0.08479
f 384/759 379/774 404/958
vt 0.13768 0.03462
f 394/725 554/787 614/959
vt 0.06388 0.31535
f 387/818 408/817 480/960
vt 0.13139 0.49046
vt 0.13290 0.48831
f 375/827 418/961 407/962
vt 0.04400 0.30783
f 368/868 489/853 430/963
vt 0.48624 0.35611
f 395/734 385/904 424/964
f 337/659 318/763 385/904
vt 0.86345 0.24051
f 445/943 458/965 453/944
vt 0.98016 0.19897
vt 0.98066 0.19991
vt 0.97978 0.19994
f 382/966 410/967 448/968
vt 0.94716 0.48565
f 378/856 470/917 472/969
vt 0.96221 0.33203
vt 0.96204 0.33379
vt 0.96140 0.33302
f 351/970 427/971 454/972
vt 0.27717 0.51802
f 371/908 415/879 529/973
f 314/664 381/671 386/851
f 399/719 390/716 405/949
f 390/716 323/733 467/955
vt 0.14817 0.47097
f 362/861 453/931 421/974
vt 0.62123 0.31078
f 525/919 521/975 391/926
vt 0.06168 0.31537
f 387/818 480/960 470/976
f 338/798 430/946 488/932
vt 0.27752 0.52119
f 413/680 491/977 444/896
vt 0.81468 0.22780
f 364/742 455/869 473/978
vt 0.92210 0.32044
vt 0.92282 0.32200
f 409/893 400/979 463/980
f 348/621 595/877 554/787
vt 0.16698 0.02521
f 516/565 622/981 350/599
vt 0.15461 0.02885
f 406/726 679/982 595/877
vt 0.05666 0.31515
f 373/656 576/983 475/829
f 390/716 467/955 405/949
f 373/656 437/941 576/983
vt 0.71007 0.31975
f 452/912 393/843 651/984
vt 0.81959 0.32216
vt 0.81744 0.32454
vt 0.81733 0.32290
f 358/985 492/986 366/987
vt 0.71319 0.71108
f 442/933 466/910 416/988
vt 0.00853 0.83270
f 466/907 535/906 416/989
vt 0.92919 0.83389
vt 0.92937 0.83571
vt 0.92829 0.83350
f 369/990 383/991 438/992
vt 0.75530 0.08674
f 404/958 468/993 462/925
vt 0.14589 0.46842
vt 0.14231 0.46875
f 445/994 433/947 568/995
vt 0.43568 0.90828
vt 0.43524 0.90982
vt 0.43438 0.90879
f 417/996 414/997 423/998
vt 0.61924 0.31545
f 401/951 555/999 525/919
vt 0.64935 0.90312
vt 0.65052 0.90299
vt 0.65145 0.90482
f 426/1000 423/1001 464/1002
vt 0.64940 0.90497
f 426/1000 464/1002 419/1003
vt 0.75259 0.08767
f 462/925 507/1004 402/756
vt 0.49483 0.35086
vt 0.49565 0.35253
f 454/1005 429/1006 318/763
vt 0.49258 0.35496
f 318/763 429/1006 543/1007
vt 0.65176 0.90333
f 414/1008 464/1002 423/1001
vt 0.97430 0.62540
vt 0.97526 0.62677
vt 0.97414 0.62672
f 421/1009 453/1010 474/1011
f 404/958 379/774 468/993
vt 0.06255 0.31593
f 470/976 480/960 428/1012
f 318/763 543/1007 385/904
vt 0.27572 0.53625
vt 0.27793 0.53614
vt 0.27592 0.53889
f 392/1013 539/1014 334/1015
vt 0.27770 0.52592
f 381/671 444/896 549/1016
vt 0.81430 0.22355
f 364/742 473/978 398/1017
vt 0.27557 0.53606
vt 0.27561 0.53384
f 392/1018 412/1019 539/1014
vt 0.92989 0.83776
vt 0.92846 0.83712
f 383/991 407/1020 490/1021
vt 0.04851 0.30989
f 410/743 475/829 448/1022
vt 0.76627 0.79808
vt 0.76832 0.80107
vt 0.76700 0.80060
f 417/1023 464/1024 414/1025
vt 0.91238 0.42118
vt 0.91230 0.42280
vt 0.91064 0.42119
f 481/1026 459/1027 440/1028
vt 0.13020 0.48756
f 418/961 469/1029 407/962
vt 0.91105 0.42319
f 459/1027 443/1030 440/1028
vt 0.27801 0.52881
f 381/671 485/1031 386/851
vt 0.62301 0.31045
f 391/926 521/975 497/1032
vt 0.12699 0.03547
f 333/691 541/1033 642/864
vt 0.70275 0.31418
vt 0.70434 0.31428
f 402/842 507/1034 435/1035
vt 0.27870 0.51429
f 415/879 434/898 441/1036
vt 0.37800 0.17687
f 411/952 436/1037 461/953
f 364/742 398/1017 418/881
vt 0.19750 0.01383
f 424/903 504/1038 579/890
vt 0.67786 0.90369
f 380/865 492/902 455/1039
vt 0.94755 0.48492
f 378/856 472/969 437/1040
vt 0.37681 0.17579
f 436/814 421/924 460/1041
vt 0.90976 0.42306
f 439/1042 440/1028 443/1030
vt 0.17502 0.02308
f 518/808 540/1043 422/750
f 379/774 442/847 468/993
f 333/691 632/849 541/1033
vt 0.70434 0.31742
f 393/843 402/842 506/1044
vt 0.87641 0.06617
vt 0.87771 0.06540
vt 0.87667 0.06789
f 413/1045 529/1046 491/1047
vt 0.77802 0.61204
vt 0.78151 0.61089
vt 0.78077 0.61191
f 426/1048 419/1049 494/1050
vt 0.92883 0.63331
vt 0.92831 0.63213
vt 0.93007 0.63026
f 429/1051 454/1052 509/1053
vt 0.49768 0.35565
f 429/1006 597/1054 543/1007
vt 0.06491 0.31599
vt 0.06486 0.31849
vt 0.06396 0.31671
f 408/1055 585/1056 480/1057
vt 0.90973 0.42187
f 440/1028 439/1042 447/1058
vt 0.37745 0.17492
f 436/1037 460/1059 461/953
vt 0.27867 0.54167
vt 0.27612 0.54185
f 334/1015 487/1060 400/1061
vt 0.00366 0.83322
f 450/909 501/1062 535/906
f 381/671 549/1016 485/1031
vt 0.87538 0.07034
vt 0.87678 0.07232
f 444/1063 491/1047 549/1064
vt 0.43299 0.90906
vt 0.43371 0.90572
f 426/1065 527/1066 423/998
f 427/894 409/893 463/980
vt 0.27604 0.50149
f 391/916 497/1067 403/934
vt 0.75535 0.59810
vt 0.75700 0.59833
vt 0.75564 0.59912
f 477/1068 513/1069 484/1070
vt 0.75486 0.59268
vt 0.75777 0.59286
vt 0.75629 0.59453
f 478/1071 524/1072 519/1073
vt 0.75473 0.59407
f 478/1071 519/1073 520/1074
vt 0.90981 0.42089
f 447/1058 511/1075 440/1028
vt 0.13807 0.47267
f 405/949 503/1076 433/947
vt 0.37589 0.17322
f 421/924 465/1077 460/1041
vt 0.49808 0.35153
f 429/1006 509/1078 597/1054
f 415/879 441/1036 529/973
vt 0.04345 0.77054
vt 0.04191 0.77188
vt 0.04030 0.77020
f 478/1079 520/1080 550/1081
vt 0.82073 0.32203
vt 0.82115 0.32331
f 432/1082 495/1083 358/985
vt 0.82552 0.93593
f 408/838 456/837 592/1084
vt 0.71031 0.75493
f 432/858 488/932 495/1085
vt 0.77828 0.61275
f 426/1048 494/1050 508/1086
vt 0.49930 0.35351
f 509/1078 546/1087 597/1054
vt 0.79549 0.69579
vt 0.79810 0.69310
vt 0.79618 0.69694
f 459/1088 481/1089 498/1090
f 425/702 642/864 446/884
f 420/679 579/890 570/783
vt 0.05376 0.31439
f 475/829 576/983 457/1091
f 358/985 495/1083 492/986
vt 0.43237 0.90687
f 426/1065 508/1092 527/1066
vt 0.75828 0.60169
f 513/1069 502/1093 484/1070
f 422/750 540/1043 516/565
vt 0.70490 0.31775
f 393/843 506/1094 651/984
vt 0.95732 0.56422
vt 0.95592 0.56348
vt 0.95620 0.56167
f 401/1095 558/1096 555/1097
vt 0.95617 0.56569
f 401/1095 530/1098 558/1096
vt 0.61174 0.82450
f 388/777 449/820 526/1099
f 334/1015 539/1014 487/1060
vt 0.04296 0.76909
f 478/1079 550/1081 482/1100
vt 0.37792 0.17292
f 460/1059 486/1101 461/953
vt 0.27871 0.53356
f 412/1019 386/851 533/1102
vt 0.86563 0.23986
f 453/944 458/965 474/1103
vt 0.04294 0.77575
vt 0.04186 0.77793
vt 0.03986 0.77567
f 477/1104 484/1105 580/1106
f 423/998 527/1066 417/996
vt 0.38179 0.17644
f 461/953 530/1107 396/867
vt 0.43592 0.90499
f 417/996 527/1066 496/1108
vt 0.92855 0.63119
vt 0.92843 0.62994
f 454/1109 427/1110 509/1053
vt 0.85761 0.39903
vt 0.85691 0.39730
vt 0.85868 0.39688
f 421/1111 474/1112 465/1113
vt 0.04772 0.30847
f 372/1114 448/930 489/853
vt 0.70469 0.31556
f 506/1044 402/842 472/1115
vt 0.27728 0.54314
f 400/1061 487/1060 463/1116
vt 0.87767 0.87972
vt 0.87968 0.87974
vt 0.87969 0.88403
f 451/1117 466/1118 528/1119
vt 0.12490 0.49684
vt 0.12582 0.49161
vt 0.12834 0.49352
f 473/1120 572/1121 398/1122
vt 0.81662 0.88148
vt 0.81432 0.88110
vt 0.81647 0.87982
f 417/1123 495/1124 464/1125
vt 0.87547 0.88367
vt 0.87551 0.88008
f 451/1117 556/1126 450/1127
vt 0.48846 0.35744
f 424/964 385/904 553/1128
f 405/949 467/955 503/1076
f 412/1019 533/1102 539/1014
vt 0.75404 0.08781
f 462/925 468/1129 507/1004
f 451/1117 528/1119 556/1126
f 418/961 398/1122 469/1029
vt 0.65231 0.90727
vt 0.65095 0.90799
f 464/1002 500/1130 499/1131
f 350/599 622/981 677/935
vt 0.06889 0.32112
f 456/775 431/911 588/1132
vt 0.03113 0.74527
vt 0.02698 0.74327
vt 0.03159 0.74169
f 450/1133 659/1134 501/1135
vt 0.86934 0.71334
vt 0.86921 0.71102
vt 0.87014 0.71104
f 460/1136 465/1137 486/1138
vt 0.38241 0.17390
f 461/953 558/1139 530/1107
vt 0.70798 0.71597
vt 0.70851 0.71502
f 388/871 526/1140 528/1141
vt 0.75822 0.08917
f 468/993 442/847 542/1142
f 402/842 435/1035 472/1115
vt 0.81409 0.87927
f 464/1125 495/1124 471/1143
vt 0.48795 0.35771
vt 0.48611 0.35815
f 424/964 553/1144 504/1145
f 388/871 528/1141 466/910
vt 0.96814 0.04596
vt 0.96911 0.04564
vt 0.96897 0.04692
f 470/1146 506/1147 472/1148
vt 0.91239 0.41896
f 481/1026 440/1028 544/1149
f 419/1003 464/1002 499/1131
vt 0.90481 0.83124
vt 0.90610 0.83183
vt 0.90493 0.83383
f 439/1150 443/1151 522/1152
vt 0.86322 0.23900
f 458/965 445/943 505/1153
vt 0.92296 0.32486
f 463/980 536/1154 427/894
vt 0.75594 0.09046
f 468/993 542/1142 621/1155
vt 0.64932 0.90771
f 419/1003 499/1131 594/1156
vt 0.12355 0.49542
f 473/1120 514/1157 572/1121
vt 0.70940 0.75415
f 488/932 471/1158 495/1085
vt 0.04304 0.77251
f 519/1159 477/1104 520/1080
vt 0.75540 0.60524
vt 0.75620 0.60383
vt 0.75794 0.60578
f 494/1160 479/1161 508/1162
f 383/991 490/1021 438/992
vt 0.86956 0.70928
vt 0.87120 0.70899
f 486/1138 517/1163 476/1164
vt 0.18434 0.02104
f 518/808 570/783 730/1165
vt 0.79965 0.69251
vt 0.79992 0.69323
f 481/1089 544/1166 547/1167
vt 0.02766 0.74531
f 450/1133 556/1168 659/1134
vt 0.86417 0.23805
f 458/965 532/1169 474/1103
vt 0.75582 0.59204
vt 0.75574 0.59132
f 478/1170 482/1171 524/1072
vt 0.86207 0.23885
f 445/943 512/1172 505/1153
vt 0.81713 0.32805
vt 0.81545 0.32641
f 492/986 574/1173 455/1174
f 519/1073 513/1069 477/1068
f 477/1104 580/1106 520/1080
vt 0.75557 0.60014
f 484/1175 502/1093 479/1161
vt 0.90983 0.41899
f 511/1075 557/1176 440/1028
f 486/1138 465/1137 517/1163
vt 0.06069 0.31507
vt 0.06013 0.31599
f 437/941 472/1177 483/1178
vt 0.06571 0.31839
vt 0.06748 0.32034
f 585/1179 408/817 592/1180
vt 0.75431 0.08914
f 468/993 621/1155 591/1181
vt 0.82886 0.25515
vt 0.82781 0.25561
vt 0.82646 0.25475
f 447/1182 439/1183 493/1184
vt 0.04275 0.77970
vt 0.04168 0.78306
f 479/1185 494/1186 484/1105
vt 0.75532 0.58863
vt 0.75638 0.58843
f 498/1187 481/1188 482/1171
vt 0.91113 0.41761
f 544/1149 440/1028 586/1189
vt 0.14502 0.46532
f 445/994 568/995 512/1190
f 433/947 503/1076 568/995
vt 0.71374 0.75403
vt 0.71119 0.75356
vt 0.71329 0.75127
f 464/1191 471/1192 500/1193
vt 0.82653 0.93736
f 456/837 588/1194 592/1084
vt 0.06374 0.97691
vt 0.06322 0.97567
vt 0.06445 0.97574
f 458/1195 505/1196 532/1197
vt 0.71333 0.70688
f 416/988 573/1198 442/933
vt 0.70949 0.75180
f 471/1192 488/932 567/1199
vt 0.75828 0.58871
f 481/1188 547/1200 482/1171
vt 0.85847 0.39460
f 465/1113 474/1112 517/1201
f 201/470 677/935 406/726
vt 0.04164 0.76636
f 482/1100 550/1081 498/1202
vt 0.82910 0.25424
f 447/1182 493/1184 511/1203
vt 0.28126 0.51862
f 529/973 441/1036 733/1204
f 471/1192 567/1199 500/1193
f 479/1161 502/1093 508/1162
vt 0.37772 0.16980
vt 0.38009 0.16873
f 486/1101 476/1205 523/1206
vt 0.17976 0.02503
f 518/808 998/1207 540/1043
vt 0.05897 0.31654
f 437/941 483/1178 510/1208
vt 0.82034 0.32616
f 492/986 495/1083 641/1209
vt 0.78371 0.61193
f 419/1049 594/1210 494/1050
vt 0.06240 0.31637
vt 0.06146 0.31823
f 428/1211 480/1057 636/1212
vt 0.93452 0.17295
vt 0.93319 0.17307
vt 0.93420 0.17167
f 506/1213 470/1214 629/1215
f 547/1200 524/1072 482/1171
vt 0.13362 0.48666
f 438/940 490/1216 534/929
f 461/953 486/1101 558/1139
vt 0.00850 0.82856
f 416/989 535/906 573/1217
vt 0.03940 0.78146
f 494/1186 561/1218 484/1105
vt 0.49480 0.35853
f 597/1054 643/1219 543/1007
vt 0.27873 0.50029
f 497/1067 593/1220 403/934
vt 0.71462 0.70614
f 442/933 573/1198 542/1221
vt 0.79605 0.69957
f 459/1088 498/1090 613/1222
vt 0.90759 0.83163
vt 0.90731 0.83532
f 459/1223 613/1224 443/1151
f 486/1101 523/1206 558/1139
vt 0.81508 0.88434
f 495/1124 417/1123 641/1225
vt 0.37751 0.16840
f 476/1205 545/1226 523/1206
vt 0.75268 0.09027
f 507/1004 468/1129 652/1227
vt 0.27874 0.54593
f 463/1116 487/1060 536/1228
f 490/1216 469/1029 534/929
vt 0.81503 0.32841
f 455/1174 574/1173 514/1229
vt 0.86527 0.23775
f 474/1103 532/1169 517/1230
vt 0.86475 0.23660
f 532/1169 548/1231 517/1230
vt 0.93238 0.17335
vt 0.93246 0.17213
f 428/1232 483/1233 470/1214
vt 0.48726 0.35881
vt 0.48609 0.36000
f 504/1145 560/1234 552/1235
vt 0.92872 0.62893
f 427/1110 536/1236 509/1053
vt 0.89823 0.58530
vt 0.89606 0.58229
vt 0.89846 0.58240
f 439/1237 589/1238 493/1239
vt 0.81414 0.32686
f 455/1174 514/1229 473/1240
vt 0.27836 0.53050
f 386/851 485/1031 563/1241
f 398/1122 572/1121 469/1029
f 504/1145 553/1144 560/1234
vt 0.82657 0.25255
f 493/1184 515/1242 511/1203
vt 0.04549 0.31040
f 489/853 531/1243 430/963
vt 0.02954 0.74110
f 659/1134 624/1244 501/1135
vt 0.13256 0.48716
f 490/1245 407/962 469/1029
vt 0.11355 0.03785
vt 0.11344 0.04092
f 431/1246 446/884 723/1247
vt 0.21346 0.42431
vt 0.21333 0.42095
vt 0.21379 0.42228
f 431/1248 723/1249 577/1250
vt 0.05853 0.31594
f 437/941 571/1251 576/983
f 437/941 510/1208 571/1251
f 470/1214 483/1233 629/1215
vt 0.70610 0.75037
f 567/1199 488/932 612/1252
vt 0.87093 0.70577
vt 0.87076 0.70731
f 517/1163 545/1253 476/1254
vt 0.07071 0.32205
f 431/911 577/1255 588/1132
f 440/1028 557/1176 586/1189
f 492/986 641/1209 574/1173
vt 0.89788 0.58115
f 493/1239 589/1238 599/1256
vt 0.89659 0.58572
f 522/1257 589/1238 439/1237
vt 0.00373 0.83226
vt 0.00400 0.82911
f 501/1258 581/1259 535/906
vt 0.82932 0.25263
f 511/1203 515/1242 557/1260
vt 0.30419 0.90825
vt 0.30353 0.90987
vt 0.30358 0.90698
f 546/1261 509/1262 617/1263
vt 0.06050 0.31648
f 428/1211 636/1212 483/1264
vt 0.49066 0.35769
f 385/904 543/1007 623/1265
vt 0.70290 0.31173
vt 0.70394 0.31202
f 507/1034 652/1266 562/1267
f 553/1128 385/904 623/1265
vt 0.75940 0.59671
vt 0.76054 0.59864
f 513/1069 584/1268 551/1269
f 513/1069 551/1269 502/1093
vt 0.87828 0.06657
vt 0.87825 0.06953
f 491/1047 529/1270 566/1271
vt 0.28223 0.50517
f 403/934 538/1272 434/898
f 491/1047 566/1271 549/1064
vt 0.19665 0.01876
f 579/890 504/1038 768/1273
vt 0.14338 0.03374
f 554/787 595/877 615/1274
f 518/808 730/1165 998/1207
vt 0.04558 0.31232
f 448/930 475/829 718/1275
vt 0.27921 0.53058
f 533/1102 386/851 563/1276
f 522/1152 443/1151 613/1224
f 489/853 448/930 531/1243
vt 0.03956 0.78352
f 494/1186 594/1277 561/1218
vt 0.05014 0.31639
f 475/829 457/1091 744/1278
vt 0.77603 0.61502
vt 0.77673 0.61440
vt 0.77688 0.61665
f 527/1279 508/1280 673/1281
f 488/932 430/946 612/1252
vt 0.28267 0.53687
f 487/1060 539/1014 596/1282
vt 0.48895 0.36055
f 552/1235 560/1234 598/1283
vt 0.03216 0.73837
f 501/1135 624/1244 581/1284
f 513/1069 519/1073 584/1268
vt 0.82631 0.25468
vt 0.82443 0.25336
f 515/1242 493/1285 599/1286
vt 0.81639 0.88494
f 641/1225 417/1123 675/1287
vt 0.95126 0.54195
vt 0.95012 0.54117
vt 0.95132 0.54008
f 512/1288 578/1289 505/1290
f 448/930 718/1275 531/1243
vt 0.27765 0.49924
f 593/1220 497/1067 607/1291
f 507/1034 562/1267 435/1035
f 519/1073 524/1072 584/1268
vt 0.76605 0.79496
vt 0.76741 0.79454
f 417/1023 496/1292 675/1293
vt 0.60914 0.82115
f 449/820 602/1294 526/1099
vt 0.13326 0.47820
f 534/929 681/1295 467/955
f 520/1080 580/1106 550/1081
vt 0.62235 0.30775
f 497/1032 521/975 607/1296
f 516/565 540/1043 622/981
vt 0.93055 0.62818
f 509/1053 536/1236 616/1297
vt 0.85769 0.39354
vt 0.85662 0.39500
vt 0.85508 0.39389
f 548/1298 532/1299 619/1300
vt 0.03883 0.77744
f 580/1106 484/1105 655/1301
vt 0.27895 0.52273
f 529/973 733/1204 566/1302
vt 0.95042 0.53971
vt 0.95204 0.53905
f 505/1290 619/1303 532/1304
vt 0.48607 0.36285
f 552/1235 598/1283 698/1305
vt 0.98029 0.59449
vt 0.98006 0.59311
vt 0.98070 0.59322
f 483/1306 472/1307 629/1308
vt 0.30158 0.90839
f 509/1262 616/1309 617/1263
vt 0.77601 0.61696
f 527/1279 673/1281 656/1310
vt 0.60721 0.82140
f 449/820 686/1311 602/1294
vt 0.03804 0.78301
f 594/1277 699/1312 561/1218
f 468/1129 591/1181 652/1227
vt 0.60550 0.82251
f 452/882 569/1313 449/820
vt 0.89679 0.58071
f 599/1256 589/1238 637/1314
vt 0.85798 0.39125
f 548/1298 619/1300 582/1315
vt 0.86877 0.70701
f 545/1253 517/1163 537/1316
vt 0.76049 0.60533
f 502/1093 673/1317 508/1162
vt 0.05423 0.31641
f 457/1091 576/983 627/1318
vt 0.61731 0.31214
f 525/919 565/1319 521/975
vt 0.00664 0.82878
f 535/906 581/1259 631/1320
f 535/906 631/1320 573/1217
vt 0.70411 0.75154
f 430/946 531/1321 612/1252
f 539/1014 533/1102 596/1282
vt 0.03923 0.76595
f 498/1202 550/1081 613/1322
vt 0.70596 0.31626
f 506/1094 629/1323 651/984
vt 0.37580 0.17141
vt 0.37496 0.16976
vt 0.37627 0.16984
f 517/1324 548/1325 537/1326
vt 0.61186 0.82185
f 526/1099 602/1294 649/1327
vt 0.13476 0.47490
f 467/955 590/1328 503/1076
vt 0.70513 0.71594
f 526/1140 649/1329 528/1141
vt 0.38228 0.16904
f 523/1206 565/1330 558/1139
vt 0.03842 0.77718
f 561/1218 655/1331 484/1105
vt 0.90990 0.41685
f 557/1176 559/1332 586/1189
vt 0.27942 0.82131
vt 0.27801 0.82259
vt 0.27728 0.82227
f 557/1333 657/1334 559/1335
vt 0.89383 0.58347
f 522/1257 736/1336 589/1238
vt 0.89474 0.58575
f 522/1257 603/1337 736/1336
vt 0.90492 0.83544
f 522/1152 613/1224 603/1338
vt 0.70580 0.31461
f 629/1323 472/1115 571/1339
vt 0.37904 0.16331
f 545/1226 658/1340 523/1206
f 480/1057 585/1056 636/1212
vt 0.86977 0.70492
vt 0.87117 0.70259
f 545/1253 587/1341 605/1342
vt 0.50077 0.35507
f 546/1087 617/1343 597/1054
vt 0.37743 0.16574
f 545/1226 605/1344 658/1340
vt 0.92040 0.83227
vt 0.91929 0.83212
vt 0.92095 0.83115
f 571/1345 435/1346 576/1347
vt 0.80136 0.69288
vt 0.80274 0.69439
f 547/1167 544/1348 564/1349
vt 0.61816 0.31499
f 525/919 555/1350 565/1319
vt 0.82579 0.24877
f 515/1242 599/1286 646/1351
f 545/1253 537/1316 587/1341
vt 0.13149 0.48184
f 534/929 469/1029 606/1352
vt 0.28172 0.54358
f 536/1228 487/1060 616/1353
vt 0.37529 0.16893
f 548/1325 582/1354 537/1326
vt 0.71151 0.32272
f 452/912 651/984 569/1355
f 505/1290 578/1289 619/1303
f 449/820 569/1313 686/1311
vt 0.69952 0.15997
vt 0.70047 0.15977
vt 0.70012 0.16254
f 560/1356 553/1357 683/1358
vt 0.71358 0.70464
f 573/1198 635/1359 542/1221
f 472/1115 435/1035 571/1339
vt 0.87793 0.07394
vt 0.87553 0.07534
f 549/1064 638/1360 485/1361
vt 0.28288 0.53063
f 533/1102 563/1276 663/1362
vt 0.75851 0.09126
vt 0.75813 0.09393
f 542/1142 635/1363 734/1364
vt 0.91925 0.83006
f 435/1346 562/1365 576/1347
f 542/1142 734/1364 621/1155
vt 0.76069 0.60264
f 502/1093 575/1366 673/1317
vt 0.70584 0.71468
f 528/1141 649/1329 639/1367
vt 0.28181 0.50188
vt 0.28060 0.50031
f 620/1368 403/934 647/1369
vt 0.70411 0.74925
f 531/1321 718/1370 612/1252
vt 0.82878 0.25055
f 557/1260 515/1242 657/1371
vt 0.91251 0.41856
vt 0.91234 0.41647
f 544/1372 586/1189 648/1373
vt 0.80292 0.69342
f 544/1348 648/1374 564/1349
f 403/934 593/1220 647/1369
vt 0.49745 0.35828
f 597/1054 783/1375 643/1219
vt 0.49859 0.35791
f 597/1054 804/1376 783/1375
vt 0.87677 0.07648
f 485/1361 638/1360 563/1377
vt 0.65209 0.90953
f 500/1130 716/1378 499/1131
f 534/929 606/1352 681/1295
vt 0.28277 0.54219
f 487/1060 596/1282 583/1379
vt 0.03815 0.77080
f 550/1081 693/1380 613/1322
vt 0.87881 0.07173
f 566/1271 626/1381 549/1064
vt 0.28208 0.50893
f 434/898 538/1272 609/1382
vt 0.69898 0.16046
vt 0.69883 0.16159
f 560/1383 683/1358 598/1384
vt 0.27943 0.49881
f 607/1291 640/1385 593/1220
vt 0.70895 0.31732
f 651/984 629/1323 725/1386
vt 0.13950 0.46818
f 568/995 667/1387 512/1190
f 636/1212 510/1208 483/1264
vt 0.37593 0.16707
f 582/1354 587/1388 537/1326
vt 0.06835 0.32114
vt 0.06703 0.32228
f 588/1389 685/1390 592/1180
f 487/1060 583/1379 616/1353
vt 0.70207 0.16050
f 553/1357 623/1391 683/1358
vt 0.76039 0.59226
vt 0.76081 0.59431
f 630/1392 728/1393 524/1072
f 467/955 681/1295 590/1328
vt 0.38325 0.17203
f 558/1139 565/1330 555/1394
vt 0.03800 0.77325
f 580/1106 750/1395 550/1081
vt 0.76082 0.59759
f 584/1268 691/1396 551/1269
vt 0.78544 0.61458
vt 0.78401 0.61333
f 594/1210 766/1397 699/1398
vt 0.06577 0.32002
vt 0.06421 0.32045
f 592/1399 653/1400 585/1056
vt 0.61972 0.30817
f 521/975 625/1401 607/1296
vt 0.82338 0.24942
f 646/1351 599/1286 668/1402
vt 0.19353 0.02098
f 579/890 845/1403 570/783
vt 0.06275 0.31942
f 636/1212 585/1056 664/1404
f 406/726 677/935 679/982
f 475/829 744/1278 718/1275
vt 0.76812 0.79284
f 496/1292 682/1405 675/1293
vt 0.56756 0.90895
vt 0.56663 0.90991
vt 0.56725 0.90708
f 587/1406 582/1407 618/1408
vt 0.27862 0.53328
f 533/1409 663/1362 596/1282
vt 0.28169 0.51138
f 441/1036 434/898 717/1410
f 403/934 620/1368 538/1272
vt 0.18969 0.02232
f 570/783 948/1411 730/1165
vt 0.43449 0.90322
f 496/1108 527/1066 711/1412
f 515/1242 646/1351 657/1371
vt 0.43315 0.90329
f 527/1066 656/1413 711/1412
f 503/1076 667/1387 568/995
vt 0.13628 0.47162
f 503/1076 680/1414 667/1387
vt 0.39203 0.91180
vt 0.39126 0.91237
vt 0.39139 0.91037
f 619/1415 578/1416 628/1417
vt 0.49255 0.73453
vt 0.48873 0.73235
vt 0.49145 0.73208
f 578/1418 689/1419 628/1420
vt 0.61627 0.30834
f 565/1319 650/1421 521/975
f 550/1081 750/1395 693/1380
f 524/1072 728/1393 584/1268
vt 0.28216 0.52818
f 563/1276 600/1422 663/1362
vt 0.49966 0.35746
f 597/1054 617/1343 634/1423
vt 0.75411 0.09115
vt 0.75422 0.09227
f 591/1424 621/1155 654/1425
vt 0.20231 0.01589
vt 0.20210 0.01811
vt 0.19958 0.01428
f 698/1426 800/1427 552/1428
vt 0.48794 0.36262
f 598/1283 604/1429 698/1305
vt 0.92092 0.82842
f 576/1347 562/1365 627/1430
vt 0.80962 0.10805
vt 0.80677 0.10895
vt 0.80782 0.10736
f 599/1431 637/1432 644/1433
vt 0.00833 0.82615
f 573/1217 631/1320 635/1434
vt 0.12353 0.49322
f 572/1121 514/1157 760/1435
vt 0.85582 0.39145
f 619/1300 628/1436 582/1315
f 434/898 609/1382 717/1410
f 579/890 768/1273 845/1403
vt 0.71163 0.74907
vt 0.71336 0.74942
f 500/1193 834/1437 716/1438
vt 0.13088 0.03878
f 541/1033 632/849 946/1439
vt 0.96413 0.63897
vt 0.96378 0.63646
vt 0.96490 0.63721
f 563/1440 638/1441 600/1442
vt 0.97451 0.83203
vt 0.97385 0.83043
vt 0.97465 0.83020
f 582/1443 610/1444 618/1445
vt 0.94232 0.82980
vt 0.94212 0.83056
vt 0.94049 0.83017
f 593/1446 640/1447 647/1448
vt 0.73964 0.61343
vt 0.73869 0.61548
vt 0.73826 0.61362
f 512/1449 611/1450 578/1451
f 500/1193 567/1199 834/1437
vt 0.74027 0.61799
f 512/1449 667/1452 611/1450
vt 0.70927 0.74874
f 567/1199 612/1252 812/1453
vt 0.85668 0.38841
vt 0.85855 0.38802
f 582/1315 692/1454 610/1455
f 582/1315 628/1436 692/1454
f 652/1227 591/1424 654/1425
vt 0.02503 0.74401
f 556/1168 705/1456 659/1134
vt 0.06421 0.32044
f 585/1056 653/1457 664/1404
vt 0.37547 0.16492
vt 0.37570 0.16321
vt 0.37736 0.16426
f 618/1458 633/1459 605/1460
vt 0.96059 0.19201
vt 0.96023 0.19365
vt 0.95887 0.19280
f 640/1461 607/1462 661/1463
f 587/1388 618/1458 605/1460
vt 0.76064 0.59129
f 547/1200 630/1464 524/1072
vt 0.76049 0.58871
f 547/1200 564/1465 630/1464
f 597/1054 634/1423 804/1376
vt 0.87921 0.88585
f 528/1119 639/1466 556/1126
f 394/725 614/959 632/849
vt 0.43570 0.90293
f 496/1108 711/1412 682/1467
vt 0.07110 0.32462
vt 0.07000 0.32636
f 577/1255 723/1468 861/1469
vt 0.06856 0.32305
f 577/1255 861/1469 608/1470
vt 0.90668 0.83677
f 613/1224 601/1471 603/1338
vt 0.28165 0.52247
f 733/1204 674/1472 566/1302
vt 0.00419 0.82536
f 581/1259 701/1473 631/1320
vt 0.76101 0.59962
f 502/1093 551/1269 691/1474
vt 0.80957 0.10476
f 599/1431 644/1433 668/1475
f 570/783 845/1403 948/1411
f 577/1255 608/1470 588/1132
vt 0.14928 0.03392
f 615/1274 595/877 712/1476
vt 0.87857 0.07247
f 549/1064 626/1477 638/1360
f 552/1428 768/1273 504/1038
vt 0.16225 0.03133
f 622/981 738/1478 677/935
vt 0.17202 0.02801
f 540/1043 915/1479 622/981
vt 0.49234 0.35928
f 543/1007 643/1219 815/1480
f 543/1007 815/1480 623/1265
vt 0.27917 0.52480
f 566/1302 674/1472 626/1481
vt 0.90509 0.83659
f 603/1338 601/1471 672/1482
f 502/1093 691/1474 575/1366
vt 0.28515 0.82555
vt 0.28469 0.82755
vt 0.28382 0.82737
f 603/1483 672/1484 645/1485
vt 0.71393 0.70206
vt 0.71472 0.70287
f 635/1359 687/1486 734/1487
vt 0.37537 0.16069
f 633/1459 660/1488 658/1340
vt 0.99094 0.57666
vt 0.99058 0.57626
vt 0.99098 0.57626
f 607/1489 625/1490 661/1491
vt 0.70808 0.31416
vt 0.70905 0.31683
f 629/1323 662/1492 725/1493
vt 0.93372 0.45099
vt 0.93224 0.45021
vt 0.93398 0.44819
f 571/1494 510/1495 662/1496
vt 0.64969 0.90994
f 594/1156 499/1131 766/1497
vt 0.75699 0.09454
f 621/1155 734/1364 742/1498
f 595/877 679/982 712/1476
vt 0.48798 0.72977
f 689/1419 720/1499 628/1420
vt 0.92002 0.82774
f 562/1365 669/1500 627/1430
f 605/1460 633/1459 658/1340
vt 0.94166 0.83173
f 647/1448 640/1447 706/1501
vt 0.30174 0.90629
vt 0.30320 0.90377
f 617/1263 671/1502 634/1503
vt 0.97457 0.01371
vt 0.97402 0.01137
vt 0.97472 0.01169
f 636/1504 664/1505 776/1506
vt 0.28261 0.50742
f 609/1382 538/1272 740/1507
vt 0.75299 0.09389
f 652/1227 654/1425 676/1508
vt 0.87709 0.88610
vt 0.87536 0.88592
f 556/1126 639/1509 705/1510
vt 0.93315 0.79465
vt 0.93248 0.79337
vt 0.93380 0.79390
f 666/1511 670/1512 724/1513
vt 0.75540 0.09415
f 621/1155 742/1498 684/1514
vt 0.38974 0.90639
vt 0.39106 0.90651
f 628/1417 720/1515 692/1516
f 571/1339 662/1492 629/1323
vt 0.48864 0.73667
f 578/1418 813/1517 689/1419
vt 0.60588 0.82062
f 686/1311 569/1313 708/1518
vt 0.12641 0.03953
f 541/1033 765/1519 642/864
f 554/787 615/1274 614/959
vt 0.06422 0.32082
f 592/1180 685/1390 653/1520
vt 0.03721 0.78165
vt 0.03771 0.77913
f 561/1218 729/1521 695/1522
f 561/1218 695/1522 655/1331
f 584/1268 728/1393 691/1396
vt 0.03797 0.76834
f 693/1380 759/1523 613/1322
vt 0.89357 0.58550
f 603/1337 645/1524 736/1336
vt 0.88390 0.46468
vt 0.88424 0.46276
vt 0.88443 0.46456
f 559/1525 806/1526 586/1527
vt 0.70407 0.30997
f 652/1266 669/1528 562/1267
vt 0.30159 0.90666
f 617/1263 616/1309 671/1529
vt 0.70296 0.30720
vt 0.70388 0.30765
f 652/1266 676/1530 721/1531
f 652/1266 721/1531 669/1528
vt 0.82121 0.32959
f 574/1173 641/1209 694/1532
vt 0.90778 0.83682
f 613/1224 710/1533 601/1471
vt 0.00704 0.82379
f 631/1320 688/1534 635/1434
vt 0.03742 0.77551
f 580/1106 817/1535 750/1395
vt 0.28014 0.52764
f 626/1481 674/1472 638/1536
vt 0.56545 0.90598
vt 0.56724 0.90459
f 618/1408 665/1537 633/1538
vt 0.38231 0.16552
f 523/1206 650/1539 565/1330
vt 0.33511 0.84830
vt 0.33566 0.84713
vt 0.33653 0.84789
f 620/1540 647/1541 798/1542
f 567/1199 812/1453 834/1437
vt 0.73909 0.61822
f 667/1452 722/1543 611/1450
vt 0.28589 0.53222
f 663/1362 796/1544 596/1282
vt 0.88591 0.46444
f 586/1527 806/1526 648/1545
vt 0.97429 0.82983
vt 0.97456 0.82974
f 618/1445 610/1546 665/1547
vt 0.61102 0.82070
f 649/1327 602/1294 697/1548
f 521/975 650/1421 625/1401
vt 0.49250 0.73749
f 578/1418 611/1549 813/1517
vt 0.28275 0.50364
f 620/1368 772/1550 538/1272
f 561/1218 699/1312 729/1521
vt 0.71337 0.32247
f 569/1355 651/984 708/1551
f 621/1155 684/1514 654/1425
vt 0.69728 0.16294
f 598/1384 683/1358 604/1552
vt 0.13327 0.47681
f 681/1295 709/1553 590/1328
vt 0.28379 0.54358
f 616/1353 583/1379 671/1554
f 541/1033 946/1439 765/1519
f 580/1106 655/1331 817/1535
vt 0.76946 0.79280
f 675/1293 682/1405 741/1555
f 631/1320 701/1473 688/1534
vt 0.81895 0.04514
vt 0.81877 0.04645
vt 0.81474 0.04603
f 639/1556 719/1557 705/1558
vt 0.65143 0.91025
f 499/1131 716/1378 803/1559
f 499/1131 803/1559 766/1497
vt 0.59397 0.86348
vt 0.59273 0.86484
vt 0.59280 0.86422
f 685/1560 588/1561 608/1562
vt 0.37749 0.15964
f 660/1488 732/1563 658/1340
vt 0.82364 0.24710
f 668/1402 826/1564 646/1351
vt 0.81524 0.88593
f 641/1225 675/1287 694/1565
vt 0.28170 0.51147
vt 0.28276 0.51461
f 441/1036 717/1566 814/1567
vt 0.13464 0.04043
f 632/849 1107/1568 946/1439
vt 0.95448 0.86070
vt 0.95319 0.86173
vt 0.95318 0.85881
f 600/1569 638/1570 770/1571
vt 0.12082 0.04310
f 642/864 954/1572 446/884
vt 0.93222 0.44835
f 510/1495 726/1573 662/1496
vt 0.03797 0.76586
f 613/1322 759/1523 710/1574
vt 0.03373 0.73261
vt 0.03350 0.73400
vt 0.03159 0.73335
f 676/1575 654/1576 715/1577
vt 0.96129 0.03498
vt 0.96140 0.03379
vt 0.96248 0.03425
f 654/1578 684/1579 756/1580
vt 0.05841 0.31955
f 510/1208 636/1212 726/1581
vt 0.96162 0.03517
vt 0.96222 0.03517
f 654/1582 756/1580 701/1583
vt 0.56767 0.90280
vt 0.56618 0.90332
f 660/1584 633/1538 696/1585
vt 0.12203 0.49482
f 514/1157 754/1586 760/1435
f 503/1076 590/1328 680/1414
vt 0.81621 0.32960
vt 0.81740 0.33052
f 514/1587 574/1173 754/1588
vt 0.94067 0.83244
f 647/1448 706/1501 798/1589
vt 0.61905 0.30498
f 625/1401 650/1421 678/1590
vt 0.03236 0.73465
f 654/1576 701/1591 715/1577
vt 0.05159 0.31717
f 457/1091 690/1592 744/1278
vt 0.02802 0.73554
f 624/1244 880/1593 581/1284
vt 0.89478 0.58084
f 589/1238 736/1336 637/1594
vt 0.85791 0.38704
f 610/1455 692/1454 665/1595
vt 0.28522 0.53940
f 583/1379 596/1282 921/1596
vt 0.05314 0.31667
f 457/1091 627/1318 707/1597
vt 0.70399 0.71481
f 649/1329 697/1598 639/1367
vt 0.28302 0.50432
f 772/1550 740/1599 538/1272
vt 0.93225 0.79189
vt 0.93266 0.79185
f 670/1512 627/1600 669/1601
vt 0.49249 0.74036
f 611/1549 722/1602 813/1517
vt 0.75954 0.37359
vt 0.76169 0.37326
vt 0.75940 0.37672
f 575/1603 784/1604 673/1605
f 441/1036 814/1567 733/1204
vt 0.38387 0.16427
vt 0.38328 0.16211
vt 0.38567 0.16253
f 625/1606 678/1607 661/1608
vt 0.93381 0.79143
f 670/1512 669/1601 713/1609
vt 0.12665 0.48672
f 469/1029 572/1121 867/1610
f 724/1513 670/1512 713/1609
vt 0.70676 0.31302
vt 0.70495 0.30975
vt 0.70800 0.31133
f 724/1611 713/1612 863/1613
vt 0.88615 0.46238
f 648/1545 806/1526 801/1614
vt 0.38449 0.16043
f 678/1607 704/1615 661/1608
vt 0.77749 0.61944
f 656/1310 673/1281 828/1616
vt 0.02841 0.90974
vt 0.02852 0.90761
vt 0.02957 0.90914
f 656/1617 828/1618 711/1619
vt 0.06373 0.32270
f 653/1520 685/1390 785/1620
vt 0.33673 0.84944
f 620/1540 798/1542 772/1621
vt 0.80461 0.69629
f 564/1349 648/1374 801/1622
vt 0.28518 0.54362
f 671/1554 583/1379 703/1623
vt 0.74024 0.94594
vt 0.74145 0.94652
vt 0.73991 0.94777
f 666/1624 724/1625 726/1626
vt 0.71300 0.31825
f 651/984 725/1386 821/1627
f 552/1428 800/1427 768/1273
f 632/849 614/959 1107/1568
vt 0.04445 0.31459
f 718/1275 744/1278 739/1628
vt 0.12505 0.48975
f 572/1121 760/1435 702/1629
vt 0.05586 0.31749
vt 0.05335 0.31726
f 627/1318 670/1630 731/1631
vt 0.80592 0.10559
f 644/1433 854/1632 668/1475
f 627/1318 731/1631 707/1597
vt 0.69645 0.16346
vt 0.69669 0.16395
vt 0.69577 0.16373
f 604/1633 793/1634 698/1635
vt 0.75463 0.09468
vt 0.75445 0.09417
f 684/1514 735/1636 756/1637
vt 0.05793 0.31799
f 666/1638 726/1581 670/1630
vt 0.74046 0.62327
vt 0.73891 0.62073
f 680/1639 762/1640 667/1452
vt 0.12759 0.48308
f 606/1352 469/1029 820/1641
vt 0.00883 0.82400
f 635/1434 688/1534 687/1642
vt 0.96731 0.91108
vt 0.96729 0.91259
vt 0.96621 0.91130
f 640/1643 661/1644 706/1645
vt 0.11515 0.04414
f 723/1247 446/884 792/1646
vt 0.59285 0.86215
f 685/1560 608/1562 773/1647
vt 0.69796 0.16467
f 604/1552 683/1358 793/1648
f 667/1452 762/1640 722/1543
vt 0.75859 0.36329
vt 0.75944 0.35996
vt 0.76040 0.36315
f 630/1649 564/1650 727/1651
vt 0.30215 0.90435
f 671/1502 703/1652 634/1503
f 457/1091 707/1597 690/1592
vt 0.03259 0.73260
f 676/1575 715/1577 756/1653
f 583/1379 921/1596 703/1623
vt 0.74577 0.09780
vt 0.74759 0.09599
vt 0.74798 0.09745
f 623/1654 815/1655 824/1656
vt 0.75305 0.57806
vt 0.75137 0.57807
vt 0.75252 0.57706
f 686/1657 708/1658 700/1659
vt 0.90510 0.67633
vt 0.90722 0.67547
vt 0.90753 0.67769
f 601/1660 831/1661 672/1662
vt 0.69548 0.16574
f 698/1635 793/1634 769/1663
vt 0.28418 0.53620
f 596/1282 748/1664 921/1596
vt 0.27696 0.82385
f 657/1334 835/1665 559/1335
f 658/1340 650/1539 523/1206
vt 0.76051 0.37709
f 673/1605 784/1604 828/1666
vt 0.38100 0.16342
f 658/1340 714/1667 650/1539
vt 0.74078 0.62650
vt 0.73894 0.62548
f 680/1639 590/1668 757/1669
vt 0.06607 0.32365
f 608/1470 861/1469 773/1670
vt 0.70497 0.71300
f 639/1367 697/1598 719/1671
vt 0.28455 0.53594
f 596/1282 796/1544 748/1672
vt 0.96254 0.31172
vt 0.96236 0.31394
vt 0.96142 0.31302
f 732/1673 660/1674 696/1675
vt 0.33523 0.85564
vt 0.33631 0.85204
vt 0.33792 0.85540
f 609/1676 740/1677 818/1678
vt 0.36624 0.75508
vt 0.36825 0.75202
vt 0.36837 0.75401
f 736/1679 751/1680 637/1681
f 651/984 821/1627 708/1551
vt 0.73971 0.62766
f 590/1668 709/1682 757/1669
vt 0.06162 0.32109
vt 0.05856 0.32169
f 636/1212 776/1683 862/1684
f 636/1212 862/1684 726/1581
vt 0.75930 0.36578
vt 0.75839 0.36411
f 728/1685 630/1686 727/1651
vt 0.82758 0.24711
vt 0.82807 0.24929
f 646/1351 825/1687 657/1688
vt 0.75617 0.09475
vt 0.75643 0.09669
f 684/1514 742/1689 745/1690
vt 0.70324 0.16388
f 623/1391 824/1691 683/1358
vt 0.48512 0.73007
f 689/1419 808/1692 720/1499
vt 0.91940 0.82583
vt 0.92061 0.82683
f 669/1500 721/1693 707/1694
vt 0.99230 0.74908
vt 0.99242 0.74944
vt 0.99212 0.74921
f 707/1695 731/1696 669/1697
f 572/1121 702/1629 867/1610
vt 0.81665 0.04966
f 705/1558 719/1557 799/1698
vt 0.85501 0.73660
vt 0.85538 0.73614
vt 0.85639 0.73881
f 675/1699 741/1700 694/1701
vt 0.96236 0.83178
vt 0.96178 0.83326
vt 0.96151 0.83116
f 664/1702 653/1703 776/1704
vt 0.75651 0.57781
vt 0.75433 0.57869
f 697/1705 602/1706 686/1657
vt 0.28520 0.52734
f 600/1422 746/1707 663/1362
vt 0.56514 0.90473
f 633/1538 665/1537 811/1708
vt 0.75512 0.57352
f 697/1705 686/1657 999/1709
vt 0.98565 0.83320
vt 0.98528 0.83406
vt 0.98536 0.83367
f 662/1710 726/1711 846/1712
f 581/1284 880/1593 701/1591
vt 0.28413 0.52650
f 638/1536 674/1472 770/1713
f 653/1520 785/1620 776/1683
vt 0.02504 0.74014
f 624/1244 819/1714 880/1593
vt 0.75955 0.36986
f 575/1603 691/1715 784/1604
f 633/1538 811/1708 696/1585
vt 0.37981 0.16042
vt 0.38077 0.16226
f 658/1340 758/1716 714/1717
vt 0.13360 0.47558
vt 0.13106 0.47564
f 709/1718 681/1295 997/1719
vt 0.05326 0.31980
f 670/1630 726/1581 790/1720
f 659/1134 819/1714 624/1244
vt 0.80529 0.10822
f 637/1432 751/1721 644/1433
vt 0.71113 0.31615
f 725/1493 662/1492 789/1722
vt 0.96195 0.31192
f 732/1673 696/1675 777/1723
vt 0.92103 0.82642
vt 0.92046 0.82583
f 690/1724 707/1694 761/1725
vt 0.98672 0.81492
vt 0.98715 0.81578
vt 0.98672 0.81548
f 559/1726 835/1727 806/1728
vt 0.95431 0.85794
f 600/1569 770/1571 746/1729
vt 0.20465 0.01820
f 698/1426 769/1730 800/1427
vt 0.96585 0.91297
f 661/1644 737/1731 706/1645
vt 0.96186 0.05777
vt 0.96304 0.05947
vt 0.96208 0.05971
f 665/1732 692/1733 763/1734
vt 0.38674 0.15877
f 704/1615 856/1735 661/1608
vt 0.76226 0.19972
vt 0.76169 0.20189
vt 0.76046 0.19942
f 655/1736 695/1737 817/1738
vt 0.75431 0.09741
f 745/1690 802/1739 684/1514
f 658/1340 732/1563 758/1716
vt 0.28293 0.82881
f 672/1484 831/1740 645/1485
vt 0.75353 0.09475
f 676/1508 735/1741 802/1739
vt 0.75220 0.09722
f 676/1508 802/1739 873/1742
vt 0.80701 0.55295
vt 0.80756 0.54970
vt 0.80870 0.55236
f 657/1743 825/1744 743/1745
vt 0.93288 0.79106
vt 0.93217 0.79053
vt 0.93267 0.78936
f 669/1746 731/1747 761/1748
f 659/1134 705/1456 819/1714
vt 0.74067 0.94919
f 724/1625 846/1749 726/1626
vt 0.62037 0.30387
vt 0.62022 0.30265
f 704/1750 678/1590 775/1751
vt 0.38426 0.15795
f 704/1615 775/1752 856/1735
vt 0.80857 0.55341
f 657/1743 743/1745 835/1753
vt 0.61601 0.30508
f 678/1590 650/1421 816/1754
vt 0.03346 0.73128
f 676/1575 756/1653 735/1755
vt 0.70556 0.74842
f 718/1370 739/1756 612/1252
vt 0.00845 0.82143
f 687/1642 688/1534 839/1757
vt 0.12566 0.48690
f 469/1029 867/1758 820/1641
vt 0.07111 0.32649
f 723/1468 852/1759 861/1469
vt 0.28482 0.51604
f 814/1567 747/1760 733/1204
f 642/864 765/1519 954/1572
f 726/1581 862/1684 790/1720
f 707/1694 721/1693 761/1725
vt 0.82687 0.24578
f 646/1351 752/1761 825/1687
f 701/1591 880/1593 715/1577
vt 0.96155 0.43719
vt 0.96208 0.43447
vt 0.96258 0.43641
f 650/1762 714/1763 795/1764
vt 0.82420 0.24530
f 646/1351 749/1765 752/1761
f 646/1351 826/1564 749/1765
vt 0.93374 0.78924
f 713/1609 669/1746 864/1766
vt 0.97999 0.52542
vt 0.98062 0.52531
vt 0.98003 0.52587
f 706/1767 737/1768 798/1769
vt 0.81891 0.04914
f 799/1698 719/1557 829/1770
vt 0.80919 0.10206
f 668/1475 854/1632 826/1771
vt 0.61526 0.30668
f 650/1421 795/1772 816/1754
vt 0.36426 0.75522
vt 0.36417 0.75289
f 645/1773 875/1774 736/1679
vt 0.48574 0.72854
f 720/1499 808/1692 764/1775
f 669/1746 761/1748 864/1766
vt 0.70364 0.30391
vt 0.70407 0.30539
f 676/1530 873/1776 827/1777
vt 0.70376 0.30572
f 676/1530 827/1778 721/1531
vt 0.76246 0.36412
f 691/1715 728/1685 755/1779
vt 0.12878 0.47840
f 606/1352 847/1780 681/1295
vt 0.74144 0.95001
f 724/1625 849/1781 846/1749
vt 0.98864 0.60179
vt 0.98807 0.60124
vt 0.98864 0.60120
f 708/1782 843/1783 700/1784
vt 0.96130 0.03223
vt 0.96158 0.03166
vt 0.96206 0.03267
f 684/1785 802/1786 735/1787
vt 0.15486 0.03466
f 679/982 823/1788 712/1476
vt 0.71091 0.31413
f 662/1492 832/1789 789/1722
vt 0.78480 0.61493
vt 0.78559 0.61709
f 699/1790 766/1397 858/1791
vt 0.71525 0.85984
vt 0.71355 0.85749
vt 0.71640 0.85742
f 787/1792 917/1793 754/1794
vt 0.98058 0.61650
vt 0.97992 0.61725
vt 0.97999 0.61600
f 732/1795 777/1796 758/1797
vt 0.81435 0.05068
f 705/1558 799/1698 819/1798
vt 0.71038 0.31701
vt 0.71176 0.31683
f 725/1799 805/1800 821/1627
vt 0.92873 0.76583
vt 0.92802 0.76377
vt 0.93040 0.76389
f 778/1801 749/1802 797/1803
vt 0.91217 0.59766
vt 0.91134 0.59738
vt 0.91213 0.59469
f 778/1804 752/1805 749/1806
vt 0.13403 0.47326
f 709/1718 997/1719 757/1807
vt 0.75816 0.09750
f 734/1364 822/1808 742/1498
vt 0.00382 0.82306
f 701/1473 756/1809 688/1534
vt 0.89092 0.00978
vt 0.88905 0.00987
vt 0.89029 0.00822
f 665/1810 763/1811 811/1812
vt 0.77361 0.80034
vt 0.77485 0.79815
vt 0.77493 0.79985
f 716/1813 874/1814 803/1815
vt 0.73798 0.62316
f 680/1639 757/1669 833/1816
f 680/1639 833/1816 762/1640
f 644/1433 751/1721 854/1632
vt 0.28781 0.52814
f 663/1362 746/1707 779/1817
vt 0.06060 0.32261
f 785/1620 851/1818 776/1683
f 736/1679 875/1774 751/1680
f 728/1685 727/1651 755/1779
vt 0.71297 0.69941
vt 0.71473 0.69915
f 687/1486 839/1819 734/1820
vt 0.75729 0.57556
f 719/1821 697/1705 999/1709
vt 0.71010 0.31284
f 724/1611 863/1613 849/1822
vt 0.96316 0.85856
vt 0.96250 0.85951
vt 0.96180 0.85953
f 696/1823 782/1824 777/1825
vt 0.39191 0.90348
f 692/1516 720/1515 763/1826
f 733/1204 747/1760 674/1472
vt 0.38995 0.90354
f 720/1515 764/1827 763/1826
vt 0.16942 0.03148
f 622/981 1040/1828 738/1478
vt 0.36390 0.75334
f 645/1773 831/1829 875/1774
vt 0.82986 0.73767
vt 0.82877 0.74008
vt 0.82618 0.73767
f 716/1830 834/1831 874/1832
vt 0.70518 0.30706
vt 0.70874 0.30563
f 864/1833 903/1834 713/1612
vt 0.82031 0.33100
f 574/1173 694/1532 753/1835
f 574/1173 753/1835 754/1588
vt 0.92041 0.82429
f 761/1725 721/1693 788/1836
f 742/1498 822/1808 745/1690
vt 0.92912 0.76185
f 749/1802 859/1837 797/1803
f 863/1613 713/1612 903/1834
vt 0.33584 0.85834
f 609/1676 818/1678 717/1838
vt 0.11273 0.04508
f 723/1247 792/1646 852/1839
vt 0.05214 0.31728
f 731/1631 790/1720 761/1840
vt 0.98119 0.30203
vt 0.98172 0.30249
vt 0.98114 0.30288
f 725/1841 789/1842 805/1843
vt 0.91945 0.82364
f 721/1693 827/1844 788/1836
vt 0.73747 0.62178
vt 0.73665 0.62025
f 762/1640 942/1845 872/1846
vt 0.75273 0.57600
f 686/1657 700/1847 999/1709
vt 0.76220 0.20574
vt 0.76049 0.20620
vt 0.76102 0.20457
f 699/1848 858/1849 729/1850
vt 0.61894 0.29967
vt 0.61987 0.30104
f 678/1590 807/1851 775/1852
vt 0.06224 0.32298
f 785/1620 805/1853 851/1818
vt 0.85754 0.73647
f 741/1700 774/1854 694/1701
vt 0.17676 0.02918
f 540/1043 1011/1855 915/1479
f 762/1640 833/1816 942/1845
vt 0.76180 0.36940
f 691/1715 755/1779 786/1856
f 695/1737 729/1850 817/1738
f 679/982 677/935 823/1788
vt 0.49047 0.74090
vt 0.48858 0.73957
f 722/1602 797/1857 895/1858
f 606/1352 820/1641 847/1780
vt 0.75282 0.57276
f 700/1847 886/1859 999/1709
vt 0.59385 0.86010
f 773/1647 785/1860 685/1560
f 677/935 738/1478 823/1788
vt 0.70556 0.71064
vt 0.70436 0.71009
f 829/1861 719/1671 837/1862
vt 0.76244 0.19347
vt 0.75860 0.19379
vt 0.76072 0.19124
f 693/1863 884/1864 759/1865
vt 0.98165 0.31318
vt 0.98118 0.31328
vt 0.98122 0.31243
f 696/1866 811/1867 782/1868
vt 0.75081 0.57614
vt 0.75163 0.57396
f 708/1658 821/1869 843/1870
f 731/1631 670/1630 790/1720
vt 0.92080 0.82465
f 788/1836 744/1871 761/1725
vt 0.98699 0.48865
vt 0.98673 0.48805
vt 0.98696 0.48782
f 761/1872 744/1873 767/1874
vt 0.75266 0.57591
vt 0.75225 0.57505
f 700/1875 843/1876 886/1859
f 691/1715 786/1856 784/1604
vt 0.33842 0.85704
f 717/1838 818/1678 929/1877
f 761/1840 790/1720 690/1592
vt 0.13953 0.03935
f 615/1274 1000/1878 614/959
vt 0.70183 0.16553
f 683/1358 824/1691 771/1879
vt 0.93310 0.44725
vt 0.93391 0.44560
f 846/1880 832/1881 662/1496
vt 0.05059 0.31737
f 744/1278 690/1592 767/1882
vt 0.61444 0.88202
vt 0.61484 0.87998
vt 0.61636 0.88276
f 787/1883 754/1884 848/1885
vt 0.93361 0.78779
f 761/1748 916/1886 864/1766
vt 0.71579 0.85444
f 760/1887 754/1794 917/1793
vt 0.38853 0.16406
vt 0.38924 0.16275
f 737/1888 661/1608 809/1889
vt 0.33867 0.84816
vt 0.33878 0.84893
vt 0.33789 0.84848
f 737/1890 876/1891 798/1892
vt 0.04845 0.31831
f 744/1278 855/1893 739/1628
vt 0.33689 0.85882
f 717/1838 929/1877 791/1894
f 722/1602 895/1858 813/1517
vt 0.00402 0.82116
f 756/1809 941/1895 688/1534
vt 0.71592 0.85134
vt 0.71359 0.85205
f 702/1896 760/1887 870/1897
vt 0.49268 0.74266
vt 0.49134 0.74255
f 762/1898 841/1899 722/1602
vt 0.28409 0.51407
vt 0.28492 0.51358
f 747/1760 814/1900 791/1901
vt 0.76311 0.37634
f 828/1666 784/1604 891/1902
vt 0.03146 0.90820
vt 0.03096 0.90961
vt 0.03114 0.90697
f 741/1903 682/1904 860/1905
vt 0.93079 0.76255
f 859/1837 895/1906 797/1803
f 663/1362 779/1817 796/1544
vt 0.38526 0.15764
vt 0.38511 0.15368
f 775/1907 850/1908 856/1735
vt 0.33873 0.85141
f 740/1677 772/1621 868/1909
f 711/1619 860/1905 682/1904
f 711/1619 828/1618 860/1905
vt 0.59277 0.85927
f 773/1647 838/1910 785/1860
vt 0.28768 0.53410
f 748/1672 796/1544 897/1911
vt 0.76071 0.19709
f 693/1863 750/1912 884/1864
vt 0.28628 0.53969
f 921/1913 748/1672 897/1911
vt 0.73072 0.61787
vt 0.73036 0.61649
vt 0.73188 0.61710
f 811/1914 794/1915 782/1916
vt 0.93270 0.78792
f 761/1748 767/1917 916/1886
vt 0.00655 0.82080
f 688/1534 941/1895 781/1918
vt 0.28299 0.51296
vt 0.28390 0.51257
f 717/1919 791/1920 814/1567
vt 0.61385 0.88418
f 842/1921 787/1883 848/1885
vt 0.79934 0.70122
vt 0.80122 0.70159
vt 0.79910 0.70187
f 710/1922 908/1923 601/1924
f 767/1882 690/1592 855/1893
vt 0.05034 0.31727
f 767/1882 855/1893 788/1925
vt 0.70468 0.30526
f 873/1776 916/1926 827/1777
vt 0.18628 0.02546
f 730/1165 1050/1927 998/1207
f 915/1479 1040/1828 622/981
vt 0.12629 0.04340
f 765/1519 946/1439 919/1928
f 788/1925 855/1893 744/1278
vt 0.96636 0.22456
vt 0.96683 0.22489
vt 0.96622 0.22623
f 805/1929 789/1930 851/1931
vt 0.71490 0.69783
f 734/1820 839/1819 822/1932
vt 0.37813 0.15934
vt 0.38119 0.15765
f 777/1933 881/1934 758/1716
vt 0.71560 0.84866
f 702/1896 870/1897 867/1935
vt 0.28538 0.52282
f 674/1472 853/1936 770/1713
f 661/1608 856/1735 809/1889
vt 0.61711 0.30230
f 807/1851 678/1590 840/1937
vt 0.80900 0.09956
vt 0.81015 0.10000
f 780/1938 749/1939 826/1771
f 540/1043 998/1207 1011/1855
vt 0.93077 0.76596
f 778/1801 797/1803 841/1940
f 740/1677 868/1909 818/1678
vt 0.38198 0.16092
f 758/1716 881/1934 810/1941
f 714/1717 758/1716 810/1941
f 678/1590 816/1754 840/1937
vt 0.76217 0.35960
f 564/1650 865/1942 727/1651
f 722/1602 841/1899 797/1857
f 688/1534 781/1918 839/1757
f 745/1690 822/1808 802/1739
vt 0.76140 0.18853
vt 0.75857 0.18831
f 710/1943 759/1865 908/1944
vt 0.62064 0.30086
vt 0.62141 0.30003
f 775/1945 807/1851 850/1946
f 681/1295 847/1780 997/1719
vt 0.33849 0.84929
f 798/1892 876/1947 772/1621
vt 0.38245 0.16405
f 714/1717 810/1941 795/1948
vt 0.73661 0.61973
vt 0.73797 0.61937
f 762/1640 872/1949 841/1950
vt 0.77077 0.79193
vt 0.77150 0.79258
f 741/1555 860/1951 774/1952
vt 0.42629 0.90969
vt 0.42426 0.90880
vt 0.42662 0.90768
f 766/1953 803/1954 858/1955
vt 0.74841 0.08282
vt 0.74990 0.08544
vt 0.74875 0.08631
f 921/1956 992/1957 703/1958
vt 0.93241 0.44582
f 832/1881 846/1880 862/1959
f 948/1411 1050/1927 730/1165
vt 0.28774 0.51195
f 791/1901 937/1960 747/1760
vt 0.28942 0.94789
vt 0.29036 0.94695
vt 0.28974 0.94906
f 634/1961 703/1962 910/1963
f 770/1713 779/1817 746/1707
f 770/1713 853/1936 779/1817
vt 0.80618 0.10015
f 826/1771 854/1632 951/1964
vt 0.20102 0.02319
f 800/1427 930/1965 768/1273
vt 0.70060 0.16675
f 683/1358 986/1966 793/1648
f 446/884 954/1572 792/1646
vt 0.82900 0.74674
vt 0.82864 0.74290
vt 0.82920 0.74443
f 739/1967 812/1968 612/1969
vt 0.48554 0.73301
f 689/1419 813/1517 947/1970
vt 0.75692 0.57288
f 999/1709 837/1971 719/1821
vt 0.91064 0.59267
vt 0.91221 0.59330
f 749/1806 780/1972 859/1973
vt 0.02979 0.90444
f 860/1905 828/1618 965/1974
vt 0.61495 0.88505
f 842/1921 848/1885 911/1975
vt 0.61785 0.88057
f 754/1884 753/1976 848/1885
vt 0.80412 0.69789
f 564/1349 801/1622 865/1977
vt 0.75859 0.20578
f 729/1850 858/1849 940/1978
vt 0.29084 0.94873
f 703/1962 893/1979 910/1963
vt 0.39027 0.15483
f 856/1735 850/1908 830/1980
vt 0.71233 0.69748
f 822/1932 839/1819 943/1981
f 690/1592 790/1720 855/1893
vt 0.74617 0.08754
vt 0.74848 0.08918
vt 0.74603 0.08909
f 634/1982 910/1983 804/1984
vt 0.96752 0.22672
f 789/1930 832/1985 851/1931
vt 0.98774 0.98183
vt 0.98742 0.98122
vt 0.98774 0.98149
f 788/1986 916/1987 767/1988
vt 0.75808 0.20310
f 729/1850 890/1989 817/1738
vt 0.86426 0.07358
vt 0.86288 0.07489
vt 0.86248 0.07249
f 777/1990 782/1991 844/1992
vt 0.39104 0.16538
f 737/1888 809/1889 876/1993
vt 0.73161 0.61429
f 794/1915 844/1994 782/1916
vt 0.80524 0.54779
vt 0.80523 0.54588
vt 0.80794 0.54608
f 778/1995 841/1996 1013/1997
vt 0.59502 0.85864
f 785/1860 838/1910 805/1998
vt 0.74635 0.09089
vt 0.74865 0.09274
vt 0.74612 0.09304
f 783/1999 877/2000 643/2001
vt 0.80958 0.54897
f 825/1744 931/2002 743/1745
vt 0.38318 0.16221
f 810/1941 816/2003 795/1948
vt 0.62179 0.29703
vt 0.61964 0.29694
f 850/2004 807/1851 889/2005
vt 0.88283 0.46193
vt 0.88373 0.46060
f 806/1526 835/2006 836/2007
vt 0.12333 0.48579
f 867/1758 1039/2008 820/1641
vt 0.04662 0.31860
f 739/1628 855/1893 980/2009
vt 0.38343 0.15952
f 816/2003 810/1941 840/2010
vt 0.03158 0.73039
f 756/1653 715/1577 941/2011
vt 0.80677 0.54879
vt 0.80626 0.54839
vt 0.80779 0.54879
f 752/2012 778/2013 825/2014
vt 0.93316 0.78745
vt 0.93377 0.78694
f 788/2015 827/2016 916/1886
f 776/1683 851/1818 862/1684
vt 0.06861 0.32969
f 773/1670 861/1469 990/2017
vt 0.12597 0.48319
vt 0.12670 0.48177
f 820/1641 1063/2018 1004/2019
vt 0.11281 0.04635
f 852/1839 792/1646 950/2020
vt 0.81885 0.05282
f 829/1770 960/2021 799/1698
f 917/1793 870/1897 760/1887
vt 0.71230 0.31655
vt 0.71251 0.31506
f 805/2022 928/2023 821/1627
f 779/1817 897/1911 796/1544
f 727/1651 865/1942 755/1779
vt 0.72986 0.61175
f 794/1915 955/2024 844/1994
vt 0.85850 0.73917
f 774/1854 907/2025 694/1701
vt 0.38597 0.15163
f 850/1908 887/2026 830/1980
vt 0.88808 0.00609
vt 0.88985 0.00566
f 811/1812 888/2027 794/2028
f 804/1984 910/1983 783/1999
f 940/1978 890/1989 729/1850
vt 0.33885 0.84955
f 772/1621 876/2029 868/1909
vt 0.88797 0.00848
f 811/1812 763/1811 866/2030
f 811/1812 866/2030 888/2027
vt 0.96281 0.17184
vt 0.96216 0.17066
vt 0.96291 0.17058
f 764/2031 866/2032 763/2033
vt 0.71320 0.85954
f 787/1792 898/2034 917/1793
vt 0.71383 0.86173
f 787/1792 842/2035 898/2034
vt 0.81077 0.55342
f 835/1753 743/1745 879/2036
f 845/1403 768/1273 930/1965
vt 0.28616 0.52102
f 853/1936 674/1472 932/2037
vt 0.88498 0.45913
f 836/2007 923/2038 806/1526
f 806/1526 923/2038 801/1614
vt 0.37978 0.15647
f 777/1933 901/2039 881/1934
f 747/1760 932/2037 674/1472
vt 0.38218 0.15810
vt 0.38206 0.15681
f 881/2040 900/2041 840/2010
f 864/1833 916/1926 903/1834
f 689/1419 947/1970 808/1692
vt 0.02796 0.90547
f 828/1618 891/2042 965/1974
vt 0.82686 0.74670
f 739/1967 878/2043 812/1968
vt 0.28726 0.52454
f 853/1936 894/2044 779/1817
vt 0.36459 0.82090
vt 0.36553 0.82328
vt 0.36261 0.82156
f 802/2045 902/2046 873/2047
vt 0.36393 0.75080
f 875/1774 869/2048 751/1680
vt 0.96158 0.17225
f 764/2031 808/2049 866/2032
vt 0.74963 0.08887
f 703/1958 992/1957 893/2050
vt 0.82557 0.74109
f 812/1968 927/2051 834/1831
vt 0.90526 0.67331
f 831/1661 601/1660 908/2052
vt 0.59321 0.85629
f 838/1910 905/2053 805/1998
f 765/1519 919/1928 954/1572
vt 0.88835 0.00378
vt 0.88965 0.00287
f 794/2028 888/2054 955/2055
vt 0.75722 0.19242
vt 0.75733 0.18871
f 759/1865 896/2056 912/2057
vt 0.90146 0.64470
vt 0.90290 0.64553
vt 0.90314 0.64776
f 753/2058 694/2059 922/2060
vt 0.88200 0.45940
vt 0.88316 0.46007
f 835/2006 879/2061 836/2062
vt 0.81140 0.93249
vt 0.81044 0.93285
vt 0.81190 0.93063
f 937/2063 791/2064 914/2065
f 683/1358 771/1879 986/1966
vt 0.36846 0.82102
f 822/2066 902/2046 802/2045
f 759/1865 912/2057 908/1944
f 643/2001 877/2000 815/1655
vt 0.76381 0.36821
f 786/1856 755/1779 857/2067
f 834/1831 927/2051 874/1832
vt 0.38385 0.15602
f 900/2041 807/2068 840/2010
vt 0.93300 0.44500
f 832/1881 862/1959 851/2069
vt 0.38253 0.15986
f 810/1941 881/1934 840/2070
vt 0.98534 0.78001
vt 0.98552 0.78082
vt 0.98529 0.78112
f 786/2071 857/2072 871/2073
vt 0.76420 0.36325
f 755/1779 865/1942 896/2074
vt 0.88312 0.45880
f 836/2062 879/2061 869/2075
vt 0.70538 0.70692
f 829/1861 837/1862 960/2076
vt 0.72951 0.61845
vt 0.72846 0.61650
vt 0.72951 0.61604
f 866/2077 883/2078 888/2079
f 778/2013 1013/1997 825/2014
f 759/1865 884/1864 896/2056
vt 0.74022 0.95093
vt 0.73997 0.95040
f 846/1749 899/2080 862/2081
vt 0.38230 0.15470
f 900/2041 945/2082 807/2068
vt 0.73768 0.62352
vt 0.73836 0.62625
vt 0.73665 0.62462
f 833/2083 757/2084 985/2085
vt 0.73664 0.62248
f 833/2083 985/2085 942/2086
vt 0.80541 0.54363
f 841/1996 872/2087 1013/1997
f 826/1771 951/1964 780/1938
vt 0.59565 0.85676
f 805/1998 905/2053 928/2088
vt 0.77330 0.79247
f 774/1952 860/1951 882/2089
vt 0.61833 0.88404
f 848/1885 753/1976 926/2090
vt 0.04257 0.31564
f 739/1628 980/2009 878/2091
f 846/1749 849/1781 899/2080
vt 0.81030 0.09799
vt 0.80865 0.09912
vt 0.80865 0.09706
f 859/2092 780/2093 909/2094
vt 0.42602 0.90522
f 803/1954 940/2095 858/1955
vt 0.76349 0.35948
f 865/1942 912/2096 896/2074
vt 0.80994 0.92980
f 791/2064 929/2097 914/2065
vt 0.76410 0.36998
f 786/1856 871/2098 784/1604
vt 0.71112 0.31033
f 863/1613 1042/2099 849/1822
vt 0.05748 0.32306
f 790/1720 862/1684 899/2100
vt 0.05486 0.32350
f 790/1720 899/2100 968/2101
vt 0.72844 0.61431
f 883/2078 885/2102 888/2079
vt 0.37012 0.75054
vt 0.36939 0.74757
f 854/2103 751/1680 966/2104
vt 0.56756 0.57194
vt 0.56948 0.56959
vt 0.57059 0.57278
f 920/2105 883/2106 866/2107
vt 0.38330 0.15311
f 945/2082 889/2108 807/2068
vt 0.75732 0.19774
f 750/1912 817/1738 857/2109
vt 0.11906 0.49831
vt 0.11730 0.49810
vt 0.11948 0.49570
f 842/2110 911/2111 898/2112
vt 0.69756 0.17065
f 793/1648 986/1966 1005/2113
vt 0.96874 0.21405
vt 0.96815 0.21446
vt 0.96818 0.21310
f 886/2114 843/2115 978/2116
vt 0.62055 0.29417
f 850/2004 889/2005 906/2117
vt 0.62192 0.29547
f 850/2004 906/2117 887/2118
vt 0.90755 0.67261
f 831/1661 908/2052 875/2119
vt 0.36570 0.74932
f 751/1680 869/2048 879/2120
vt 0.14771 0.03870
f 712/1476 967/2121 615/1274
vt 0.75073 0.57314
vt 0.75134 0.57023
f 843/1870 821/2122 978/2123
vt 0.48622 0.73630
f 813/1517 936/2124 947/1970
vt 0.79593 0.80868
vt 0.79668 0.80909
vt 0.79533 0.81008
f 824/2125 935/2126 771/2127
vt 0.39270 0.16006
f 809/1889 856/1735 971/2128
vt 0.87839 0.72269
vt 0.87798 0.71899
vt 0.88030 0.72229
f 781/2129 1086/2130 839/2131
vt 0.87573 0.72195
f 781/2129 941/2132 1086/2130
vt 0.48648 0.73811
f 813/1517 974/2133 936/2124
vt 0.57000 0.56870
vt 0.56886 0.56580
f 885/2134 883/2106 913/2135
vt 0.86281 0.07079
f 777/1990 844/1992 901/2136
vt 0.12732 0.48028
f 847/1780 820/1641 1035/2137
vt 0.06045 0.32686
vt 0.06308 0.32398
f 773/1670 1009/2138 838/2139
f 813/1517 895/1858 974/2133
vt 0.75724 0.19922
f 890/1989 871/2140 817/1738
vt 0.03123 0.90442
f 860/1905 965/1974 882/2141
f 750/1912 857/2109 884/1864
f 848/1885 926/2090 911/1975
vt 0.77302 0.79292
f 774/1952 882/2089 925/2142
vt 0.76415 0.37208
f 784/1604 890/2143 891/1902
vt 0.75716 0.20574
f 940/1978 952/2144 890/1989
vt 0.88643 0.45944
f 801/1614 923/2038 865/2145
vt 0.02546 0.73618
f 880/1593 819/1714 957/2146
vt 0.98064 0.18413
vt 0.97989 0.18328
vt 0.98063 0.18313
f 853/2147 932/2148 944/2149
vt 0.96179 0.19049
vt 0.96283 0.19280
vt 0.96172 0.19156
f 853/2150 944/2151 894/2152
f 783/1999 910/1983 877/2000
vt 0.88804 0.00212
f 955/2055 888/2054 885/2153
vt 0.88838 0.00106
f 955/2055 885/2153 962/2154
vt 0.15957 0.03508
f 823/1788 738/1478 1047/2155
vt 0.36889 0.82329
f 822/2066 943/2156 902/2046
vt 0.90628 0.10773
vt 0.90516 0.10834
vt 0.90514 0.10664
f 808/2157 933/2158 866/2159
vt 0.75703 0.20444
f 890/1989 952/2144 891/2160
vt 0.12361 0.49011
vt 0.12107 0.49394
vt 0.12176 0.48926
f 870/2161 917/2162 1027/2163
vt 0.73917 0.62934
vt 0.73574 0.62666
f 757/2084 997/2164 904/2165
f 820/1641 1004/2019 1035/2137
vt 0.76427 0.36530
f 857/2067 755/1779 884/2166
vt 0.85755 0.74244
f 694/1701 907/2025 922/2167
vt 0.80515 0.10342
f 854/1632 966/2168 951/1964
vt 0.90016 0.64738
f 753/2058 922/2060 926/2169
f 890/2143 784/1604 871/2098
vt 0.20677 0.02128
f 800/1427 769/1730 1008/2170
vt 0.81494 0.05407
f 799/1698 957/2171 819/1798
vt 0.04302 0.31822
f 878/2091 980/2009 1084/2172
vt 0.81094 0.55085
f 743/1745 1026/2173 879/2036
f 755/1779 896/2074 884/2166
vt 0.88360 0.45837
f 836/2007 869/2174 923/2038
f 812/1968 878/2043 927/2051
vt 0.38316 0.14884
vt 0.38464 0.15006
f 889/2108 977/2175 906/2176
vt 0.39125 0.59275
vt 0.38942 0.59436
vt 0.39022 0.59128
f 889/2177 945/2178 918/2179
vt 0.33958 0.85172
vt 0.33969 0.85346
f 868/1909 876/2180 924/2181
vt 0.39123 0.58981
f 889/2177 918/2179 977/2182
vt 0.02828 0.73030
f 715/1577 880/1593 993/2183
vt 0.28829 0.51673
f 747/1760 991/2184 932/2037
vt 0.81052 0.09647
f 859/2092 909/2094 895/2185
f 793/1648 1005/2113 769/1663
f 857/2109 817/1738 871/2140
vt 0.39510 0.16415
vt 0.39249 0.16752
f 876/1993 1113/2186 924/2187
vt 0.33957 0.85463
vt 0.33940 0.85600
f 818/1678 963/2188 929/2189
vt 0.78433 0.61868
vt 0.78258 0.62041
vt 0.78083 0.62060
f 940/2190 970/2191 952/2192
vt 0.73873 0.63249
vt 0.73623 0.63128
f 997/2164 847/2193 1051/2194
f 818/1678 868/1909 963/2188
f 876/1993 809/1889 971/2128
vt 0.85930 0.74299
f 922/2167 907/2025 939/2195
vt 0.90555 0.11104
f 947/2196 933/2158 808/2157
f 743/1745 931/2002 1026/2173
f 868/1909 924/2181 963/2188
vt 0.75110 0.09434
f 815/1655 877/2000 961/2197
vt 0.38981 0.58921
f 977/2182 918/2179 953/2198
vt 0.11437 0.04989
f 950/2020 792/1646 1162/2199
vt 0.18240 0.03039
f 998/1207 1050/1927 1010/2200
vt 0.81118 0.92942
f 929/2097 1076/2201 914/2065
vt 0.75123 0.08958
vt 0.75082 0.09130
f 893/2050 994/2202 958/2203
f 856/1735 830/1980 971/2128
vt 0.28855 0.52543
f 894/2044 1046/2204 779/1817
vt 0.85943 0.73734
f 774/1854 925/2205 907/2025
vt 0.38872 0.15017
f 887/2026 959/2206 830/1980
vt 0.73193 0.61244
f 844/1994 955/2024 901/2207
vt 0.02849 0.90404
f 891/2042 952/2208 965/1974
vt 0.37881 0.15470
f 901/2039 1014/2209 881/1934
vt 0.12009 0.49306
f 898/2112 949/2210 917/2162
vt 0.61639 0.88540
f 911/1975 926/2090 1020/2211
vt 0.96845 0.21230
f 886/2114 978/2116 1060/2212
f 799/1698 960/2021 957/2171
vt 0.42363 0.90554
f 803/1954 874/2213 940/2095
f 815/1655 961/2197 824/1656
f 867/1758 870/2161 1039/2008
vt 0.05978 0.32468
f 838/2139 1009/2138 905/2214
vt 0.13192 0.04555
f 946/1439 1054/2215 919/1928
vt 0.29011 0.53727
f 897/1911 1088/2216 921/1913
f 615/1274 967/2121 1000/1878
vt 0.07099 0.32878
f 861/1469 852/2217 990/2017
vt 0.93367 0.41603
vt 0.93236 0.41660
vt 0.93226 0.41430
f 899/2218 849/2219 1042/2220
f 715/1577 993/2183 941/2011
f 917/2162 949/2210 1027/2163
vt 0.05189 0.32418
f 790/1720 968/2101 969/2221
vt 0.02678 0.73059
f 880/1593 1073/2222 993/2183
f 825/2014 1013/1997 931/2002
vt 0.56929 0.57603
f 866/2107 933/2223 920/2105
vt 0.29138 0.95026
vt 0.29095 0.95073
f 893/1979 958/2224 910/2225
vt 0.04906 0.32169
f 855/1893 790/1720 1003/2226
vt 0.04793 0.32043
f 855/1893 1003/2226 1002/2227
vt 0.19350 0.02882
f 845/1403 1207/2228 948/1411
vt 0.28984 0.51429
f 747/1760 937/1960 1038/2229
f 747/1760 1038/2229 991/2184
vt 0.56581 0.56588
f 883/2106 1001/2230 913/2135
vt 0.90661 0.67086
f 875/2119 908/2052 923/2231
vt 0.71031 0.69824
f 839/1819 1030/2232 943/1981
f 876/1993 971/2128 1113/2186
vt 0.79599 0.81163
f 935/2126 986/2233 771/2127
vt 0.39028 0.58692
f 953/2198 973/2234 977/2182
vt 0.56643 0.56220
f 913/2135 1001/2230 1017/2235
vt 0.82454 0.73785
f 874/1832 927/2051 925/2236
vt 0.38100 0.15433
f 1014/2209 945/2237 881/1934
f 780/2093 951/1964 909/2094
vt 0.88623 0.45783
f 865/2145 923/2038 912/2238
vt 0.59511 0.85304
f 905/2053 1064/2239 928/2088
vt 0.38186 0.15616
f 881/1934 945/2237 900/2240
vt 0.71375 0.31401
f 821/1627 928/2023 978/2241
vt 0.85791 0.74494
f 922/2167 939/2195 892/2242
vt 0.72496 0.60951
vt 0.72618 0.60789
vt 0.72682 0.61195
f 1017/2243 981/2244 913/2245
vt 0.72831 0.61030
f 913/2245 962/2246 885/2102
vt 0.82405 0.74377
f 927/2051 878/2043 939/2247
vt 0.77562 0.79631
vt 0.77415 0.79415
vt 0.77542 0.79451
f 874/2248 925/2249 964/2250
vt 0.70439 0.70564
f 960/2076 837/1862 1048/2251
vt 0.06542 0.33041
f 773/1670 1028/2252 1009/2138
vt 0.29026 0.53097
f 779/1817 1129/2253 897/1911
vt 0.11806 0.49609
f 898/2112 911/2111 996/2254
f 757/2084 904/2165 985/2085
vt 0.75130 0.08646
f 893/2050 992/1957 938/2255
vt 0.79943 0.81039
f 935/2126 1022/2256 986/2233
vt 0.82427 0.74042
f 927/2051 939/2247 934/2257
vt 0.38265 0.14733
vt 0.38298 0.14448
f 973/2258 984/2259 977/2175
vt 0.75679 0.56789
f 837/1971 999/1709 1048/2260
f 925/2249 882/2089 964/2250
f 863/1613 903/1834 1042/2099
vt 0.38050 0.15251
f 1014/2209 988/2261 945/2237
f 1107/1568 614/959 1000/1878
vt 0.91175 0.47052
vt 0.91025 0.46861
vt 0.91274 0.47061
f 824/2262 961/2263 935/2264
vt 0.88046 0.72006
f 839/2131 1086/2130 1030/2265
vt 0.90518 0.67122
f 923/2231 908/2052 912/2266
vt 0.69572 0.16973
f 769/1663 1005/2113 1008/2267
vt 0.56686 0.57805
f 933/2223 976/2268 920/2105
vt 0.80562 0.09873
f 909/2094 951/1964 1032/2269
f 883/2106 920/2105 1001/2230
vt 0.48566 0.73993
f 895/1858 909/2270 974/2133
vt 0.42414 0.90363
f 874/2213 964/2271 940/2095
vt 0.82483 0.74688
f 939/2247 878/2043 979/2272
f 910/1983 958/2203 877/2000
f 800/1427 1008/2170 930/1965
f 962/2246 913/2245 981/2244
vt 0.82334 0.74150
vt 0.82330 0.74048
f 907/2273 934/2274 939/2247
vt 0.90751 0.67110
f 875/2119 923/2231 869/2275
vt 0.82419 0.74035
f 925/2236 927/2051 934/2276
vt 0.86016 0.73910
f 925/2205 934/2277 907/2025
vt 0.38928 0.58741
f 973/2234 953/2198 956/2278
f 893/2050 938/2255 994/2202
vt 0.38539 0.14900
vt 0.38676 0.14835
f 887/2026 906/2279 1006/2280
f 887/2026 1006/2280 959/2206
vt 0.88890 0.51944
vt 0.88808 0.51745
vt 0.88983 0.51623
f 929/2281 1069/2282 1076/2283
vt 0.70843 0.30366
f 903/1834 916/1926 1052/2284
vt 0.39382 0.16871
f 924/2187 1113/2186 963/2285
vt 0.37884 0.15131
f 1014/2209 975/2286 988/2261
vt 0.56892 0.57949
f 933/2223 947/2287 976/2268
vt 0.04044 0.32015
vt 0.03947 0.31597
f 878/2091 1166/2288 979/2289
vt 0.02558 0.73382
f 880/1593 1034/2290 1073/2222
f 712/1476 823/1788 967/2121
vt 0.16555 0.03477
f 1040/1828 1127/2291 738/1478
f 773/1670 990/2017 1028/2252
vt 0.12427 0.48456
f 820/1641 1039/2008 1063/2292
vt 0.28982 0.53328
f 897/1911 1129/2253 1065/2293
vt 0.39068 0.15225
f 830/1980 959/2206 987/2294
vt 0.73649 0.63400
f 847/2193 1035/2295 1051/2194
vt 0.07077 0.33050
f 852/2217 950/2296 990/2017
f 879/2120 966/2104 751/1680
vt 0.36749 0.74429
f 879/2120 1079/2297 966/2104
vt 0.73562 0.62003
vt 0.73534 0.62169
f 872/2298 942/2086 995/2299
vt 0.38903 0.59150
vt 0.38741 0.59197
f 918/2300 945/2178 988/2301
f 878/2091 1084/2172 1166/2288
vt 0.57083 0.59271
vt 0.57000 0.59457
vt 0.56961 0.59155
f 942/2302 985/2303 995/2304
vt 0.03100 0.90291
f 965/1974 964/2305 882/2141
vt 0.96157 0.58056
vt 0.96216 0.58260
vt 0.96138 0.58313
f 949/2306 898/2307 996/2308
vt 0.11970 0.04825
f 792/1646 1092/2309 1162/2199
vt 0.85910 0.74548
f 892/2242 939/2195 979/2310
vt 0.28998 0.52545
f 779/1817 1046/2204 1074/2311
vt 0.89984 0.65007
f 922/2060 989/2312 926/2169
vt 0.19913 0.02820
f 845/1403 930/1965 1125/2313
vt 0.48460 0.73942
f 974/2133 909/2270 1102/2314
vt 0.39117 0.58463
vt 0.38797 0.58286
f 984/2315 973/2234 1016/2316
f 855/1893 1002/2227 980/2009
f 916/1926 873/1776 1052/2284
vt 0.91231 0.46836
f 935/2264 961/2263 1022/2317
vt 0.75398 0.56796
f 886/1859 1018/2318 999/1709
vt 0.42514 0.90296
vt 0.42642 0.90344
f 965/2319 970/2320 940/2095
vt 0.02861 0.90255
f 965/1974 952/2208 970/2321
vt 0.73177 0.60994
f 955/2024 1014/2322 901/2207
f 877/2000 958/2203 961/2197
vt 0.36604 0.74561
f 879/2120 1026/2323 1079/2297
f 870/2161 1027/2163 1039/2008
f 790/1720 969/2221 1003/2226
vt 0.70578 0.70500
f 960/2076 1048/2251 1090/2324
f 965/2319 940/2095 964/2271
vt 0.38701 0.58891
vt 0.38879 0.58915
f 918/2300 972/2325 953/2326
f 918/2300 988/2301 972/2325
vt 0.90654 0.11345
vt 0.90667 0.11480
vt 0.90489 0.11495
f 936/2327 974/2328 1012/2329
vt 0.36267 0.82612
f 873/2047 902/2046 1052/2330
vt 0.75268 0.56775
f 886/1859 1060/2331 1018/2318
vt 0.81457 0.05656
f 960/2021 1034/2332 957/2171
vt 0.87558 0.71934
f 941/2132 993/2333 1086/2130
vt 0.37883 0.14772
f 975/2286 1043/2334 988/2261
vt 0.38587 0.14392
f 977/2175 984/2259 1021/2335
vt 0.29028 0.52750
f 779/1817 1074/2311 1007/2336
vt 0.36994 0.74471
f 966/2104 1079/2297 951/2337
vt 0.39680 0.16969
vt 0.39467 0.17084
f 963/2285 1069/2338 929/2339
f 936/2327 1012/2329 947/2196
vt 0.72889 0.60798
f 962/2246 981/2244 1025/2340
vt 0.38840 0.14864
f 959/2206 1006/2280 982/2341
vt 0.14118 0.04264
f 1000/1878 967/2121 1121/2342
vt 0.90328 0.65018
f 892/2343 989/2312 922/2060
vt 0.71239 0.31060
f 928/2023 1064/2344 978/2241
f 880/1593 957/2146 1034/2290
vt 0.36864 0.82733
f 943/2156 1104/2345 902/2046
vt 0.28694 0.54168
vt 0.28932 0.54067
f 992/2346 921/1913 1044/2347
f 946/1439 1107/1568 1054/2215
vt 0.81877 0.05734
f 960/2021 1090/2348 1034/2332
vt 0.29056 0.52915
f 779/1817 1007/2349 1129/2253
vt 0.96186 0.19306
f 944/2151 1046/2350 894/2152
vt 0.11459 0.49510
vt 0.11794 0.49522
f 911/2111 983/2351 996/2352
vt 0.11461 0.49688
f 911/2111 1020/2353 983/2351
vt 0.70097 0.16866
f 986/1966 1024/2354 1005/2113
vt 0.91077 0.46552
f 1022/2317 961/2263 1015/2355
vt 0.75151 0.09190
f 958/2203 1015/2356 961/2197
vt 0.29006 0.51216
f 937/1960 1093/2357 1038/2229
f 921/1913 1088/2216 1044/2347
vt 0.93982 0.07137
vt 0.94165 0.07192
vt 0.94036 0.07413
f 1074/2358 1046/2359 1143/2360
f 955/2024 962/2246 1025/2340
vt 0.56851 0.58316
f 947/2287 1012/2361 976/2268
vt 0.59361 0.85104
f 1064/2239 905/2053 1109/2362
vt 0.05483 0.32505
f 905/2214 1009/2138 1109/2363
f 977/2175 1021/2335 906/2176
vt 0.18742 0.02985
f 1050/1927 1108/2364 1010/2200
vt 0.28888 0.51922
f 932/2037 991/2184 1053/2365
vt 0.93378 0.41311
f 899/2218 1042/2220 968/2366
vt 0.38810 0.58688
f 953/2326 972/2325 956/2367
vt 0.38068 0.14893
f 1043/2334 972/2368 988/2261
vt 0.56385 0.56287
f 1017/2235 1001/2230 1147/2369
vt 0.17558 0.03266
f 915/1479 1128/2370 1040/1828
f 954/1572 1092/2309 792/1646
vt 0.70504 0.11687
vt 0.70611 0.11553
vt 0.70736 0.11630
f 937/2371 914/2372 1093/2373
vt 0.38409 0.14115
f 984/2259 1105/2374 1021/2335
vt 0.11818 0.90348
vt 0.11957 0.90425
vt 0.11854 0.90672
f 938/2375 1023/2376 994/2377
vt 0.80760 0.54306
f 872/2087 995/2378 1013/1997
f 845/1403 1125/2313 1207/2228
vt 0.86383 0.06565
vt 0.86278 0.06887
vt 0.86241 0.06402
f 975/2379 1014/2380 1019/2381
vt 0.33953 0.92910
vt 0.33927 0.93127
vt 0.33781 0.92918
f 974/2382 1102/2383 1012/2384
vt 0.36899 0.82436
f 943/2156 1030/2385 1104/2345
vt 0.23909 0.84924
vt 0.24026 0.84848
vt 0.24077 0.84991
f 959/2386 982/2387 1056/2388
vt 0.94108 0.27121
vt 0.93961 0.26884
vt 0.94146 0.26897
f 980/2389 1134/2390 1084/2391
vt 0.61869 0.88569
vt 0.61787 0.88573
f 926/2090 989/2392 1020/2393
vt 0.58845 0.96051
vt 0.58798 0.96191
vt 0.58696 0.96122
f 980/2394 1002/2395 1075/2396
vt 0.95950 0.21333
vt 0.95861 0.21405
vt 0.95905 0.21271
f 973/2397 956/2398 1016/2399
vt 0.56399 0.56901
f 1001/2230 920/2105 1031/2400
vt 0.11932 0.90867
vt 0.11797 0.90857
f 994/2377 1015/2401 958/2402
vt 0.38669 0.58606
f 956/2367 1080/2403 1016/2316
vt 0.73588 0.62936
f 1051/2194 1045/2404 997/2164
vt 0.38993 0.58191
f 984/2315 1016/2316 1105/2405
f 1065/2293 1088/2216 897/1911
vt 0.38707 0.14779
f 906/2176 1021/2335 1006/2406
vt 0.23912 0.85015
f 959/2386 1056/2388 987/2407
vt 0.48328 0.74244
f 909/2270 1124/2408 1102/2314
f 915/1479 1011/1855 1128/2370
vt 0.71373 0.31061
f 1064/2344 1055/2409 978/2241
vt 0.20601 0.02523
f 1008/2170 1161/2410 930/1965
f 999/1709 1018/2318 1048/2260
vt 0.75107 0.56636
f 1060/2331 978/2123 1055/2411
vt 0.73528 0.62795
f 997/2164 1067/2412 904/2165
f 997/2164 1045/2404 1067/2412
vt 0.72934 0.60679
vt 0.73043 0.60629
f 955/2024 1025/2413 1019/2414
f 955/2024 1019/2414 1014/2322
vt 0.72198 0.97585
vt 0.72176 0.97798
vt 0.72143 0.97654
f 992/2415 1061/2416 938/2417
f 948/1411 1207/2228 1050/1927
vt 0.92593 0.80121
vt 0.92433 0.80126
vt 0.92585 0.79944
f 980/2418 1075/2419 1134/2420
vt 0.80595 0.09641
f 909/2094 1032/2269 1124/2421
vt 0.56454 0.57302
f 920/2105 976/2268 1070/2422
vt 0.07674 0.70134
vt 0.07990 0.70252
vt 0.07639 0.70394
f 1074/2423 1062/2424 1007/2425
vt 0.86430 0.06247
f 1043/2426 975/2379 1019/2381
f 956/2367 972/2325 1080/2403
vt 0.38056 0.14616
f 1043/2334 1080/2427 972/2368
vt 0.72822 0.60665
f 981/2244 1083/2428 1025/2340
vt 0.97785 0.30071
vt 0.97762 0.30177
vt 0.97716 0.30117
f 938/2429 1061/2430 1023/2431
vt 0.15209 0.04075
f 823/1788 1170/2432 967/2121
vt 0.69564 0.17158
f 1005/2113 1123/2433 1008/2267
vt 0.03717 0.31477
vt 0.03642 0.31934
f 892/2434 979/2289 1167/2435
vt 0.56426 0.56125
f 1017/2235 1147/2369 1097/2436
vt 0.11245 0.04993
f 950/2020 1162/2199 1033/2437
vt 0.96024 0.67123
vt 0.95873 0.67171
vt 0.95939 0.67018
f 982/2438 1006/2439 1098/2440
vt 0.07669 0.71806
vt 0.07770 0.71705
vt 0.07802 0.71809
f 992/2441 1044/2442 1061/2443
vt 0.80062 0.80922
vt 0.80323 0.81111
f 1015/2444 1158/2445 1022/2256
vt 0.07761 0.70633
f 1007/2425 1062/2424 1129/2446
vt 0.56681 0.58293
f 1012/2361 1058/2447 976/2268
vt 0.33741 0.93064
f 1102/2383 1058/2448 1012/2384
vt 0.12601 0.04867
f 919/1928 1215/2449 954/1572
f 920/2105 1070/2422 1031/2400
vt 0.12625 0.48051
vt 0.12439 0.48259
vt 0.12285 0.47847
f 1004/2450 1063/2451 1189/2452
vt 0.12706 0.47847
f 1004/2450 1189/2452 1035/2453
vt 0.36995 0.74338
f 951/2337 1079/2297 1032/2454
vt 0.04648 0.32209
f 1003/2226 1075/2455 1002/2227
f 738/1478 1127/2291 1047/2155
vt 0.72856 0.60456
f 1025/2413 1066/2456 1019/2414
f 1166/2288 1167/2435 979/2289
f 954/1572 1215/2449 1092/2309
vt 0.56381 0.56721
f 1001/2230 1031/2400 1106/2457
vt 0.11870 0.49221
vt 0.11856 0.48715
f 949/2458 1085/2459 1027/2163
f 998/1207 1010/2200 1011/1855
vt 0.79969 0.81312
f 986/2233 1022/2256 1049/2460
vt 0.79578 0.81318
f 986/2233 1049/2460 1024/2461
vt 0.87543 0.71787
f 993/2333 1073/2462 1086/2130
f 996/2352 983/2351 949/2458
vt 0.80987 0.54331
f 1013/1997 995/2378 1071/2463
vt 0.82784 0.95985
vt 0.82947 0.95986
vt 0.82786 0.96097
f 1120/2464 1045/2465 1029/2466
vt 0.81141 0.54690
f 931/2002 1087/2467 1026/2173
vt 0.96146 0.71417
vt 0.96124 0.71315
vt 0.96212 0.71257
f 1120/2468 1072/2469 1067/2470
vt 0.96253 0.71390
f 1120/2468 1067/2470 1045/2471
f 931/2002 1013/1997 1087/2467
vt 0.38687 0.14041
f 1021/2335 1105/2374 1096/2472
vt 0.36506 0.82876
f 902/2046 1036/2473 1052/2330
vt 0.43114 0.93284
vt 0.42933 0.93137
vt 0.43141 0.93164
f 1017/2474 1097/2475 981/2476
vt 0.07073 0.33235
f 950/2296 1033/2477 990/2017
vt 0.03326 0.31707
vt 0.03357 0.31469
f 892/2434 1217/2478 989/2479
vt 0.39260 0.15336
f 987/2294 1149/2480 830/1980
vt 0.88035 0.71669
f 1030/2265 1086/2130 1115/2481
vt 0.28797 0.52269
f 944/2482 932/2037 1053/2365
vt 0.70743 0.11459
f 914/2372 1076/2483 1093/2373
vt 0.56336 0.57441
f 1070/2422 976/2268 1135/2484
vt 0.38880 0.14739
f 1021/2335 1098/2485 1006/2406
vt 0.56425 0.57930
f 976/2268 1058/2447 1041/2486
vt 0.24027 0.85300
f 987/2407 1056/2388 1149/2487
vt 0.56353 0.56506
f 1106/2457 1173/2488 1001/2230
vt 0.71138 0.30616
f 903/1834 1059/2489 1042/2099
vt 0.39847 0.16667
f 963/2285 1157/2490 1069/2338
f 902/2046 1104/2345 1036/2473
vt 0.11988 0.90635
vt 0.12018 0.90732
f 994/2377 1023/2491 1082/2492
vt 0.86282 0.05982
f 1043/2426 1019/2381 1091/2493
vt 0.43097 0.92942
f 981/2476 1097/2475 1083/2494
vt 0.92434 0.79845
f 1134/2420 1075/2419 1199/2495
vt 0.93357 0.41027
f 968/2366 1042/2220 969/2496
vt 0.72899 0.60186
f 1066/2456 1091/2497 1019/2414
vt 0.56750 0.59244
f 995/2304 985/2303 1071/2498
vt 0.70577 0.70172
vt 0.70465 0.70132
f 1090/2499 1048/2251 1094/2500
f 994/2377 1082/2492 1015/2401
vt 0.38932 0.58107
f 1037/2501 1105/2405 1016/2316
vt 0.98226 0.64968
vt 0.98299 0.64905
vt 0.98279 0.64989
f 1060/2502 1110/2503 1018/2504
vt 0.15956 0.03967
f 1047/2155 1223/2505 823/1788
vt 0.24166 0.84762
f 982/2387 1098/2506 1056/2388
vt 0.02525 0.73110
f 1073/2222 1034/2290 1089/2507
vt 0.03202 0.31628
f 989/2479 1217/2478 1078/2508
vt 0.12003 0.48452
f 1039/2008 1027/2163 1057/2509
vt 0.72433 0.14441
vt 0.72196 0.14277
vt 0.72381 0.14140
f 1025/2510 1083/2511 1066/2512
vt 0.70672 0.12880
vt 0.70634 0.12469
vt 0.70927 0.12719
f 944/2513 1053/2514 1169/2515
vt 0.03174 0.31336
f 989/2479 1078/2508 1020/2516
vt 0.79748 0.81651
f 1024/2461 1049/2460 1139/2517
f 1027/2163 1085/2459 1057/2509
vt 0.72121 0.13888
vt 0.72283 0.13731
f 1066/2512 1126/2518 1101/2519
vt 0.70637 0.12237
vt 0.70912 0.12094
f 991/2520 1100/2521 1053/2514
vt 0.70641 0.11996
f 991/2520 1038/2522 1100/2521
vt 0.72750 0.60020
f 1066/2456 1101/2523 1091/2497
vt 0.39453 0.15897
vt 0.39553 0.16132
f 971/2128 1117/2524 1131/2525
vt 0.04743 0.32436
f 1003/2226 969/2221 1221/2526
f 963/2285 1113/2186 1157/2490
f 1113/2186 971/2128 1131/2525
vt 0.82931 0.96129
f 1029/2466 1045/2465 1051/2527
vt 0.69942 0.17115
f 1005/2113 1024/2354 1142/2528
vt 0.94273 0.07304
vt 0.94256 0.07461
f 944/2529 1138/2530 1046/2359
f 1013/1997 1071/2463 1087/2467
f 1022/2256 1158/2445 1049/2460
vt 0.93218 0.41006
f 1042/2220 1059/2531 969/2496
vt 0.36557 0.74237
f 1026/2323 1087/2532 1079/2297
f 1053/2514 1100/2521 1169/2515
f 1039/2008 1057/2509 1063/2451
f 1046/2359 1138/2530 1143/2360
vt 0.80513 0.09762
f 1032/2269 1068/2533 1124/2421
vt 0.95779 0.38063
vt 0.95669 0.38168
vt 0.95708 0.37875
f 1043/2534 1091/2535 1080/2536
vt 0.91994 0.12290
vt 0.91959 0.12203
vt 0.92166 0.12250
f 1072/2537 1118/2538 1067/2539
vt 0.81683 0.05993
f 1034/2332 1090/2348 1111/2540
vt 0.39453 0.15677
f 971/2128 830/1980 1114/2541
vt 0.71241 0.30682
f 1064/2344 1136/2542 1055/2409
vt 0.87578 0.71644
f 1073/2462 1077/2543 1086/2130
vt 0.12889 0.47006
vt 0.12885 0.47188
vt 0.12809 0.47003
f 1118/2544 1072/2545 1130/2546
vt 0.81433 0.05919
f 1089/2547 1034/2332 1111/2540
vt 0.79562 0.81618
f 1024/2461 1139/2517 1142/2548
vt 0.91006 0.46340
vt 0.91133 0.46388
f 1015/2355 1082/2549 1158/2550
vt 0.07937 0.70055
f 1074/2423 1143/2551 1062/2424
f 1001/2230 1173/2488 1147/2369
vt 0.59518 0.84886
f 1064/2239 1109/2362 1136/2552
vt 0.95989 0.35852
vt 0.95905 0.35994
vt 0.95907 0.35872
f 1096/2553 1105/2554 1099/2555
vt 0.75283 0.56473
vt 0.75469 0.56312
f 1048/2260 1110/2556 1154/2557
vt 0.56784 0.59480
f 985/2303 1081/2558 1071/2498
vt 0.56942 0.59664
f 985/2303 904/2559 1081/2558
f 1048/2260 1018/2318 1110/2556
vt 0.20827 0.02387
f 1008/2170 1123/2560 1161/2410
vt 0.75170 0.56437
f 1055/2411 1110/2561 1060/2331
vt 0.38480 0.58379
f 1016/2316 1080/2403 1112/2562
vt 0.16800 0.03853
f 1127/2291 1040/1828 1244/2563
vt 0.06660 0.33229
f 990/2017 1146/2564 1028/2252
vt 0.70627 0.69868
vt 0.70824 0.69745
f 1030/2232 1115/2565 1104/2566
vt 0.07730 0.72049
vt 0.07811 0.71910
vt 0.07966 0.72189
f 1023/2567 1061/2568 1122/2569
vt 0.07809 0.72248
f 1023/2567 1122/2569 1082/2570
vt 0.80213 0.81390
f 1049/2460 1158/2445 1155/2571
vt 0.02578 0.73004
f 1073/2222 1089/2507 1077/2572
vt 0.12786 0.47180
f 1072/2545 1120/2573 1130/2546
vt 0.19275 0.82952
vt 0.19230 0.83252
vt 0.19022 0.83038
f 1031/2574 1070/2575 1230/2576
vt 0.33766 0.93318
f 1102/2383 1153/2577 1058/2448
vt 0.07712 0.71381
vt 0.07974 0.71422
f 1044/2442 1088/2578 1227/2579
vt 0.88798 0.51407
vt 0.88882 0.51395
f 1076/2283 1095/2580 1093/2581
vt 0.07846 0.71793
vt 0.08049 0.71723
f 1061/2582 1044/2442 1165/2583
vt 0.87812 0.71607
f 1086/2130 1111/2584 1115/2481
vt 0.95585 0.37919
f 1080/2536 1091/2535 1112/2585
vt 0.38564 0.58193
f 1140/2586 1016/2316 1112/2562
f 971/2128 1114/2541 1117/2524
vt 0.38355 0.13911
vt 0.38607 0.13770
vt 0.38532 0.13969
f 1037/2587 1099/2588 1105/2589
vt 0.36879 0.74109
f 1032/2454 1079/2297 1068/2590
vt 0.11241 0.49585
f 1020/2353 1078/2591 983/2351
vt 0.56908 0.59747
f 904/2559 1067/2592 1081/2558
vt 0.88824 0.51496
f 1076/2283 1069/2282 1095/2593
f 1050/1927 1207/2228 1108/2364
f 1047/2155 1127/2291 1223/2505
f 830/1980 1149/2480 1114/2541
f 976/2268 1041/2486 1135/2484
f 1165/2583 1122/2569 1061/2568
f 1090/2499 1094/2500 1115/2565
vt 0.05662 0.32928
f 1009/2138 1248/2594 1109/2363
f 1086/2130 1077/2543 1111/2584
vt 0.92179 0.11944
f 1067/2539 1118/2538 1081/2595
vt 0.71384 0.30654
f 1136/2542 1213/2596 1055/2409
f 1083/2511 1126/2518 1066/2512
vt 0.12696 0.47365
vt 0.12511 0.47142
vt 0.12814 0.47267
f 1029/2597 1208/2598 1120/2599
vt 0.39962 0.16737
f 1157/2490 1095/2600 1069/2338
vt 0.81894 0.06027
f 1090/2348 1115/2601 1111/2540
vt 0.38597 0.58016
f 1140/2586 1133/2602 1016/2316
vt 0.75695 0.56385
f 1048/2260 1154/2557 1094/2603
vt 0.06175 0.33207
f 1028/2252 1195/2604 1009/2138
vt 0.56432 0.58378
f 1058/2447 1153/2605 1041/2486
vt 0.11561 0.49217
f 949/2458 983/2351 1148/2606
vt 0.12056 0.48270
f 1063/2451 1057/2509 1186/2607
vt 0.12137 0.48088
f 1063/2451 1186/2607 1178/2608
vt 0.38793 0.57971
f 1037/2609 1016/2316 1133/2602
vt 0.12922 0.46808
f 1152/2610 1118/2544 1130/2546
f 892/2434 1167/2435 1217/2478
vt 0.72091 0.13426
f 1101/2519 1126/2518 1137/2611
vt 0.12469 0.47482
vt 0.12840 0.47547
f 1035/2453 1172/2612 1051/2613
vt 0.80007 0.81568
f 1049/2460 1176/2614 1139/2517
vt 0.94033 0.26633
f 1084/2391 1134/2390 1103/2615
vt 0.19164 0.82720
f 1031/2574 1230/2576 1106/2616
vt 0.06812 0.33417
f 1033/2477 1116/2617 990/2017
vt 0.13822 0.04588
f 1000/1878 1121/2342 1307/2618
f 1107/1568 1307/2618 1054/2215
vt 0.17437 0.03667
f 1040/1828 1128/2370 1141/2619
f 1075/2455 1003/2226 1221/2526
vt 0.24218 0.84946
f 1056/2388 1098/2506 1151/2620
vt 0.39774 0.16243
f 1113/2186 1184/2621 1157/2490
vt 0.05111 0.32551
f 1221/2526 969/2221 1156/2622
vt 0.70931 0.11717
f 1038/2522 1093/2373 1200/2623
vt 0.19122 0.83306
f 1070/2575 1135/2624 1230/2576
vt 0.92013 0.11890
f 1118/2538 1152/2625 1081/2595
vt 0.72927 0.60080
vt 0.72839 0.59936
vt 0.72954 0.59735
f 1091/2626 1101/2627 1164/2628
vt 0.73143 0.59857
f 1091/2626 1164/2628 1112/2629
f 1035/2453 1189/2452 1172/2612
vt 0.94144 0.26628
f 1084/2391 1103/2615 1166/2630
f 1087/2532 1068/2590 1079/2297
vt 0.51275 0.85645
vt 0.51130 0.85620
vt 0.51401 0.85426
f 1082/2631 1122/2632 1158/2633
f 1000/1878 1307/2618 1107/1568
vt 0.81225 0.54500
f 1087/2467 1071/2463 1198/2634
f 1044/2442 1227/2579 1165/2583
f 1063/2451 1178/2608 1189/2452
f 1038/2522 1200/2623 1100/2521
vt 0.71217 0.30443
f 1059/2489 903/1834 1159/2635
vt 0.42877 0.92999
f 1097/2475 1180/2636 1083/2494
vt 0.59389 0.84780
f 1136/2552 1109/2362 1156/2637
f 919/1928 1054/2215 1215/2449
f 1011/1855 1010/2200 1128/2370
f 823/1788 1223/2505 1170/2432
f 949/2458 1148/2606 1085/2459
vt 0.07708 0.70985
f 1088/2578 1065/2638 1227/2579
vt 0.21822 0.96251
vt 0.21761 0.96361
vt 0.21746 0.96099
f 1164/2639 1101/2640 1119/2641
vt 0.39023 0.14254
f 1098/2485 1021/2335 1188/2642
vt 0.71947 0.14306
f 1083/2511 1180/2643 1126/2518
vt 0.36592 0.73967
f 1087/2532 1198/2644 1068/2590
vt 0.82800 0.96226
f 1051/2527 1172/2645 1029/2466
vt 0.33946 0.93452
f 1102/2383 1124/2646 1153/2577
vt 0.72596 0.59774
vt 0.72762 0.59717
f 1137/2647 1119/2648 1101/2523
f 1052/2284 1159/2635 903/1834
vt 0.24219 0.85234
f 1149/2487 1056/2388 1194/2649
f 1056/2388 1151/2620 1194/2649
vt 0.93218 0.40885
vt 0.93280 0.40909
f 1059/2531 1159/2650 1156/2651
f 1059/2531 1156/2651 969/2496
vt 0.38881 0.14059
f 1096/2472 1171/2652 1021/2335
vt 0.70790 0.13000
f 944/2513 1169/2515 1138/2653
vt 0.81490 0.06004
f 1111/2540 1145/2654 1089/2547
vt 0.75252 0.56264
f 1110/2556 1144/2655 1154/2557
vt 0.87664 0.71570
f 1111/2584 1077/2543 1145/2656
vt 0.36711 0.83108
f 1036/2473 1104/2345 1175/2657
f 1029/2597 1172/2612 1208/2598
vt 0.87606 0.71563
f 1077/2543 1163/2658 1145/2656
f 1040/1828 1141/2619 1244/2563
vt 0.02465 0.73029
f 1077/2572 1089/2507 1144/2659
vt 0.87569 0.71527
f 1077/2543 1144/2660 1163/2658
vt 0.14701 0.04535
f 1121/2342 967/2121 1231/2661
vt 0.98793 0.24544
vt 0.98756 0.24495
vt 0.98784 0.24496
f 1089/2662 1145/2663 1144/2664
vt 0.56130 0.57500
f 1135/2484 1041/2486 1247/2665
f 1021/2335 1171/2652 1188/2642
vt 0.69693 0.17328
f 1005/2113 1142/2528 1190/2666
vt 0.71086 0.90708
vt 0.70916 0.90814
vt 0.71068 0.90450
f 1037/2667 1133/2668 1099/2669
vt 0.48868 0.37053
vt 0.48921 0.37218
vt 0.48648 0.37190
f 1005/2670 1190/2671 1123/2672
vt 0.33809 0.93462
f 1153/2577 1124/2646 1210/2673
vt 0.19014 0.82095
vt 0.19028 0.82197
vt 0.18849 0.82187
f 1097/2674 1147/2675 1180/2676
vt 0.50990 0.85297
f 1158/2633 1122/2632 1196/2677
vt 0.71879 0.13560
f 1126/2518 1181/2678 1137/2611
f 1113/2186 1131/2525 1184/2621
vt 0.11310 0.49400
f 983/2351 1078/2591 1237/2679
vt 0.81140 0.54289
f 1071/2463 1205/2680 1198/2634
vt 0.39230 0.14498
vt 0.39088 0.14933
f 1098/2485 1290/2681 1151/2682
vt 0.08151 0.71019
f 1065/2638 1301/2683 1227/2579
vt 0.75094 0.56248
f 1055/2411 1213/2684 1110/2561
vt 0.72725 0.59618
f 1137/2647 1174/2685 1119/2648
vt 0.70443 0.69809
f 1115/2565 1094/2500 1185/2686
vt 0.75300 0.56238
f 1154/2557 1144/2655 1145/2687
f 1148/2606 983/2351 1237/2679
f 1049/2460 1155/2571 1176/2614
f 990/2017 1116/2617 1146/2564
vt 0.36239 0.82984
f 1052/2330 1036/2473 1159/2688
f 1065/2638 1129/2446 1301/2683
vt 0.93804 0.87386
vt 0.93790 0.87598
vt 0.93650 0.87591
f 1138/2689 1191/2690 1062/2691
vt 0.93631 0.87395
f 1138/2689 1062/2691 1143/2692
vt 0.12847 0.46524
f 1152/2610 1130/2546 1193/2693
vt 0.19076 0.82420
vt 0.18853 0.82568
f 1173/2694 1168/2695 1147/2675
vt 0.07031 0.33565
f 1033/2477 1203/2696 1116/2617
vt 0.38466 0.58051
f 1133/2602 1140/2586 1209/2697
vt 0.73077 0.59546
f 1164/2628 1218/2698 1112/2629
vt 0.59514 0.84706
f 1136/2552 1156/2637 1159/2699
vt 0.71926 0.13450
f 1137/2611 1181/2678 1174/2700
vt 0.11243 0.05327
f 1033/2437 1162/2199 1203/2701
vt 0.08044 0.70556
f 1129/2446 1062/2424 1214/2702
vt 0.56621 0.59403
vt 0.56523 0.59172
f 1071/2498 1081/2703 1205/2704
vt 0.70351 0.66101
vt 0.70365 0.66670
vt 0.70120 0.66249
f 1085/2705 1148/2706 1192/2707
vt 0.92566 0.79619
f 1134/2420 1199/2495 1103/2708
vt 0.05097 0.32860
f 1156/2622 1316/2709 1221/2526
vt 0.06538 0.33202
vt 0.06448 0.33365
f 1028/2252 1150/2710 1232/2711
vt 0.37052 0.74048
vt 0.36984 0.73838
f 1124/2712 1068/2590 1210/2713
f 1109/2363 1316/2709 1156/2622
vt 0.70953 0.11400
f 1093/2373 1095/2714 1200/2623
f 1147/2675 1168/2695 1180/2676
vt 0.16369 0.04350
f 1223/2505 1127/2291 1429/2715
vt 0.72807 0.59667
vt 0.72858 0.59442
f 1164/2628 1119/2716 1216/2717
vt 0.39553 0.16033
vt 0.39644 0.15817
f 1184/2621 1131/2718 1220/2719
vt 0.24237 0.85577
f 1149/2487 1194/2649 1187/2720
f 1109/2363 1248/2594 1316/2709
vt 0.70993 0.13052
f 1138/2653 1169/2515 1206/2721
vt 0.70890 0.13168
f 1138/2653 1206/2721 1191/2722
vt 0.51354 0.85109
vt 0.51131 0.85015
f 1155/2723 1158/2633 1339/2724
vt 0.93750 0.47474
vt 0.93634 0.47813
vt 0.93602 0.47426
f 1199/2725 1075/2726 1236/2727
vt 0.71376 0.30417
f 1136/2542 1159/2635 1160/2728
vt 0.24032 0.86141
vt 0.24005 0.85910
vt 0.24192 0.85904
f 1131/2729 1117/2730 1177/2731
f 1028/2252 1232/2711 1195/2604
f 1009/2138 1195/2604 1248/2594
f 1115/2565 1185/2686 1104/2566
vt 0.08158 0.71945
f 1122/2569 1165/2583 1259/2732
vt 0.71618 0.14153
f 1126/2518 1180/2643 1224/2733
vt 0.55966 0.58183
f 1153/2605 1132/2734 1041/2486
vt 0.75714 0.56107
f 1094/2603 1154/2557 1185/2735
vt 0.56039 0.57350
f 1135/2484 1247/2665 1281/2736
vt 0.23997 0.85698
f 1114/2737 1149/2487 1187/2720
f 1114/2737 1187/2720 1117/2730
vt 0.72737 0.59573
f 1119/2716 1174/2738 1216/2717
vt 0.12571 0.47054
vt 0.12440 0.46938
f 1130/2546 1208/2739 1239/2740
vt 0.71656 0.13840
f 1126/2518 1179/2741 1181/2678
vt 0.38275 0.57896
f 1140/2586 1222/2742 1209/2697
vt 0.38221 0.58021
f 1140/2586 1112/2562 1218/2743
f 1098/2485 1188/2642 1290/2681
vt 0.75194 0.56257
f 1110/2561 1213/2684 1144/2744
f 1126/2518 1224/2733 1179/2741
vt 0.06599 0.33189
vt 0.06501 0.33395
f 1028/2745 1146/2564 1150/2746
vt 0.14447 0.04799
f 1231/2661 1369/2747 1121/2342
f 1106/2616 1230/2576 1168/2695
f 1106/2616 1168/2695 1173/2694
vt 0.79636 0.81790
f 1142/2548 1139/2517 1254/2748
vt 0.69972 0.17379
f 1142/2528 1254/2749 1190/2666
vt 0.13604 0.05079
f 1054/2215 1307/2618 1383/2750
f 967/2121 1170/2432 1231/2661
vt 0.03864 0.32360
f 1166/2288 1286/2751 1167/2435
vt 0.75306 0.56195
vt 0.75262 0.56188
vt 0.75246 0.56064
f 1145/2752 1163/2753 1226/2754
vt 0.75375 0.56085
f 1145/2752 1226/2754 1229/2755
vt 0.12656 0.47112
f 1130/2546 1120/2756 1208/2739
vt 0.17876 0.03695
f 1010/2200 1258/2757 1128/2370
vt 0.95650 0.60473
vt 0.95631 0.60537
vt 0.95584 0.60414
f 1163/2758 1144/2759 1226/2760
vt 0.70794 0.90590
f 1133/2668 1212/2761 1099/2669
f 1158/2633 1196/2677 1339/2724
f 1136/2542 1160/2728 1213/2596
f 930/1965 1161/2410 1125/2313
f 1117/2730 1187/2720 1177/2731
vt 0.92466 0.85734
vt 0.92645 0.85927
vt 0.92444 0.85926
f 1174/2762 1181/2763 1202/2764
vt 0.38735 0.13915
vt 0.38787 0.13808
f 1096/2765 1099/2588 1246/2766
vt 0.38828 0.13909
f 1096/2765 1246/2766 1171/2767
vt 0.03033 0.31900
f 1078/2508 1217/2478 1237/2768
vt 0.12223 0.05257
f 1092/2309 1255/2769 1162/2199
vt 0.70768 0.90823
f 1133/2668 1209/2770 1212/2761
vt 0.75345 0.56215
f 1154/2557 1145/2771 1229/2755
vt 0.75394 0.56147
vt 0.75529 0.56063
f 1154/2557 1229/2772 1175/2773
vt 0.04300 0.32375
f 1075/2455 1221/2526 1236/2774
vt 0.39513 0.15871
f 1131/2718 1177/2775 1220/2719
vt 0.70351 0.65804
vt 0.70248 0.65697
f 1057/2776 1085/2705 1186/2777
f 1140/2586 1218/2743 1222/2742
f 1129/2446 1214/2702 1301/2683
vt 0.08171 0.71394
f 1165/2583 1227/2579 1228/2778
vt 0.40017 0.16500
f 1184/2621 1269/2779 1157/2490
vt 0.56245 0.58611
f 1153/2605 1210/2780 1132/2734
vt 0.11403 0.05415
f 1203/2701 1162/2199 1306/2781
vt 0.75189 0.56112
f 1144/2744 1213/2684 1226/2782
vt 0.12594 0.46435
f 1130/2546 1279/2783 1193/2693
vt 0.36570 0.83111
f 1036/2473 1175/2657 1229/2784
f 1164/2628 1216/2717 1218/2698
vt 0.04084 0.32299
f 1166/2288 1182/2785 1286/2751
vt 0.19077 0.83254
vt 0.18937 0.83168
f 1230/2576 1135/2786 1233/2787
vt 0.97213 0.60060
vt 0.97327 0.60140
vt 0.97223 0.60275
f 1166/2788 1103/2789 1182/2790
vt 0.40739 0.21094
vt 0.40559 0.21272
vt 0.40552 0.21088
f 1135/2791 1281/2792 1233/2793
f 1175/2773 1185/2735 1154/2557
vt 0.91476 0.21504
vt 0.91660 0.21540
vt 0.91646 0.21621
f 1190/2794 1308/2795 1123/2796
vt 0.72726 0.59445
f 1174/2738 1211/2797 1216/2717
vt 0.77612 0.74544
vt 0.77911 0.74767
vt 0.77633 0.74767
f 1171/2798 1324/2799 1188/2800
vt 0.39233 0.15223
vt 0.39385 0.14897
f 1194/2801 1151/2682 1197/2802
vt 0.71765 0.14789
vt 0.71610 0.14549
f 1180/2643 1168/2803 1219/2804
vt 0.71172 0.12811
f 1169/2515 1280/2805 1206/2721
vt 0.70152 0.66751
f 1148/2706 1267/2806 1192/2707
vt 0.20942 0.02688
f 1123/2560 1308/2807 1161/2410
vt 0.92430 0.79606
f 1199/2495 1182/2808 1103/2708
vt 0.84140 0.26792
vt 0.84261 0.26716
vt 0.84490 0.26978
f 1176/2809 1293/2810 1139/2811
f 1085/2705 1192/2707 1186/2777
vt 0.71169 0.11427
f 1095/2714 1285/2812 1200/2623
vt 0.36427 0.73774
vt 0.36662 0.73762
f 1198/2644 1205/2813 1257/2814
vt 0.40050 0.16724
vt 0.40092 0.16648
f 1095/2815 1157/2490 1285/2816
vt 0.92188 0.11679
f 1081/2595 1152/2625 1204/2817
vt 0.70321 0.65398
vt 0.70157 0.65018
vt 0.70301 0.65074
f 1178/2818 1234/2819 1189/2820
vt 0.18471 0.03469
f 1108/2364 1271/2821 1010/2200
vt 0.12767 0.46286
f 1193/2693 1279/2783 1238/2822
vt 0.39870 0.16009
f 1184/2621 1220/2719 1305/2823
vt 0.50963 0.85599
f 1122/2632 1245/2824 1196/2677
vt 0.39482 0.15230
vt 0.39397 0.15526
f 1194/2801 1313/2825 1187/2826
vt 0.93700 0.87832
f 1062/2691 1191/2690 1201/2827
vt 0.06891 0.33684
f 1203/2696 1302/2828 1116/2617
f 1290/2681 1197/2802 1151/2682
f 1068/2590 1198/2644 1210/2713
vt 0.71136 0.12348
f 1100/2521 1235/2829 1169/2515
vt 0.71686 0.13665
f 1181/2678 1179/2741 1241/2830
vt 0.70294 0.64858
vt 0.70203 0.64744
f 1172/2831 1234/2819 1294/2832
vt 0.70327 0.66828
vt 0.70346 0.67080
f 1148/2833 1237/2834 1267/2806
vt 0.08087 0.70450
f 1062/2424 1201/2835 1214/2702
vt 0.24286 0.85736
f 1187/2720 1240/2836 1177/2731
f 1010/2200 1271/2821 1258/2757
vt 0.04634 0.32760
f 1221/2526 1316/2709 1256/2837
vt 0.84607 0.26884
f 1139/2811 1293/2810 1254/2838
vt 0.56385 0.59180
f 1205/2704 1081/2703 1204/2839
f 1157/2490 1269/2779 1285/2816
f 1189/2820 1234/2819 1172/2831
vt 0.12373 0.47064
vt 0.12449 0.47034
f 1208/2598 1266/2840 1239/2841
vt 0.08164 0.72216
f 1122/2569 1259/2732 1245/2842
vt 0.71193 0.11577
f 1200/2623 1285/2812 1318/2843
vt 0.71074 0.10854
vt 0.71225 0.10756
vt 0.71219 0.10989
f 1184/2844 1305/2845 1314/2846
vt 0.55895 0.57756
f 1041/2486 1183/2847 1247/2665
vt 0.06693 0.33341
vt 0.06502 0.33693
f 1146/2564 1116/2848 1410/2849
vt 0.18749 0.83068
f 1230/2576 1252/2850 1168/2695
vt 0.97852 0.31070
vt 0.97895 0.30986
vt 0.97948 0.31075
f 1152/2851 1193/2852 1243/2853
vt 0.36301 0.83145
f 1036/2473 1160/2854 1159/2688
vt 0.77884 0.74318
f 1171/2798 1246/2855 1324/2799
vt 0.91653 0.21398
f 1190/2794 1225/2856 1308/2795
f 1180/2643 1219/2804 1224/2733
vt 0.92075 0.11628
f 1152/2625 1243/2857 1204/2817
vt 0.36865 0.83121
f 1104/2345 1185/2858 1175/2657
vt 0.97397 0.80323
vt 0.97442 0.80251
vt 0.97459 0.80354
f 1191/2859 1206/2860 1386/2861
vt 0.98077 0.44392
vt 0.98105 0.44494
vt 0.98013 0.44455
f 1191/2862 1386/2863 1201/2864
vt 0.36436 0.83139
f 1229/2784 1226/2865 1036/2473
f 1198/2644 1257/2814 1210/2713
vt 0.19169 0.03382
f 1108/2364 1420/2866 1271/2821
vt 0.70942 0.90280
f 1212/2761 1246/2867 1099/2669
vt 0.91626 0.21268
f 1190/2794 1288/2868 1225/2856
vt 0.71597 0.15012
f 1168/2803 1253/2869 1219/2804
vt 0.36485 0.73741
vt 0.36557 0.73750
f 1205/2813 1204/2870 1257/2871
vt 0.93638 0.47261
f 1199/2725 1236/2727 1182/2872
vt 0.41011 0.19742
vt 0.41235 0.19723
vt 0.41153 0.19956
f 1165/2873 1260/2874 1259/2875
f 1041/2486 1132/2734 1183/2847
vt 0.92413 0.85822
f 1174/2762 1202/2764 1211/2876
vt 0.41049 0.19552
vt 0.41113 0.19505
f 1228/2877 1310/2878 1165/2873
f 1200/2623 1318/2843 1100/2521
vt 0.12381 0.47461
vt 0.12331 0.47296
f 1172/2612 1294/2879 1262/2880
vt 0.71119 0.13048
f 1206/2721 1280/2805 1242/2881
f 1108/2364 1207/2228 1420/2866
f 1127/2291 1244/2563 1429/2715
f 1165/2873 1310/2878 1260/2874
vt 0.91303 0.24051
vt 0.91213 0.24144
vt 0.91158 0.23974
f 1211/2882 1265/2883 1216/2884
vt 0.77712 0.75105
f 1188/2800 1324/2799 1290/2885
vt 0.70018 0.17579
f 1190/2666 1254/2749 1276/2886
vt 0.06694 0.33511
f 1116/2848 1287/2887 1410/2849
f 1036/2473 1226/2865 1160/2854
vt 0.97963 0.31012
f 1193/2852 1238/2888 1243/2853
f 1215/2449 1255/2769 1092/2309
vt 0.93612 0.87863
vt 0.93693 0.87843
vt 0.93696 0.87943
f 1214/2889 1201/2890 1249/2891
f 1227/2579 1301/2683 1228/2778
vt 0.56286 0.58937
vt 0.55899 0.58639
f 1210/2780 1257/2892 1415/2893
vt 0.40547 0.21138
vt 0.40414 0.21148
f 1233/2894 1281/2792 1273/2895
vt 0.08225 0.72091
f 1259/2732 1261/2896 1245/2842
f 1210/2780 1415/2893 1132/2734
vt 0.98220 0.24697
vt 0.98272 0.24684
vt 0.98270 0.24785
f 1240/2897 1220/2898 1177/2899
vt 0.75088 0.56015
f 1213/2684 1160/2900 1226/2754
f 1130/2546 1239/2740 1279/2783
vt 0.71230 0.11194
f 1269/2901 1184/2844 1314/2846
vt 0.08226 0.70697
f 1214/2702 1249/2902 1301/2683
vt 0.20893 0.02976
f 1161/2410 1308/2807 1474/2903
vt 0.51329 0.84879
vt 0.51203 0.84869
f 1176/2904 1155/2723 1295/2905
vt 0.92573 0.86133
f 1181/2763 1241/2906 1202/2764
f 1146/2564 1410/2849 1150/2746
vt 0.69858 0.65484
f 1186/2777 1320/2907 1178/2818
vt 0.18878 0.83147
f 1230/2576 1233/2908 1252/2850
vt 0.70316 0.94597
vt 0.70403 0.94804
vt 0.70262 0.94726
f 1211/2909 1202/2910 1265/2911
vt 0.38322 0.57824
vt 0.38191 0.57638
f 1209/2912 1222/2742 1251/2913
vt 0.71704 0.15349
f 1168/2803 1252/2914 1253/2869
f 1178/2818 1320/2907 1234/2819
vt 0.04032 0.32870
f 1182/2785 1236/2774 1297/2915
f 1155/2723 1339/2724 1295/2905
f 1141/2619 1128/2370 1258/2757
vt 0.38031 0.57797
f 1222/2742 1218/2743 1319/2916
vt 0.06103 0.33555
f 1195/2604 1347/2917 1248/2594
f 1121/2342 1369/2747 1307/2618
vt 0.12329 0.47123
f 1208/2598 1262/2918 1266/2840
vt 0.15566 0.04437
f 1170/2432 1223/2505 1358/2919
vt 0.05323 0.33194
f 1248/2594 1343/2920 1316/2709
vt 0.39553 0.15544
f 1187/2826 1313/2825 1240/2921
f 1194/2801 1197/2802 1313/2825
vt 0.19068 0.96137
vt 0.19083 0.96393
vt 0.19011 0.96260
f 1116/2922 1302/2923 1287/2924
f 1182/2785 1297/2915 1286/2751
vt 0.69759 0.17595
f 1190/2666 1276/2886 1288/2925
vt 0.97790 0.98685
vt 0.97714 0.98715
vt 0.97718 0.98655
f 1220/2926 1240/2927 1264/2928
vt 0.39720 0.15626
vt 0.39765 0.15746
f 1220/2719 1264/2929 1330/2930
vt 0.98562 0.37077
vt 0.98564 0.37136
vt 0.98510 0.37158
f 1150/2931 1312/2932 1232/2933
vt 0.03255 0.32199
f 1217/2478 1167/2435 1335/2934
vt 0.40468 0.18337
vt 0.40758 0.18201
vt 0.40647 0.18375
f 1242/2935 1391/2936 1206/2937
vt 0.70763 0.90403
f 1212/2761 1289/2938 1246/2867
vt 0.56781 0.97726
vt 0.56725 0.97696
vt 0.56680 0.97653
f 1233/2939 1273/2940 1272/2941
vt 0.56766 0.97614
f 1233/2939 1272/2941 1252/2942
vt 0.69829 0.64778
f 1294/2832 1234/2819 1304/2943
vt 0.20473 0.03119
f 1125/2313 1161/2410 1413/2944
vt 0.12328 0.47171
f 1208/2598 1172/2612 1262/2945
vt 0.11985 0.05619
f 1255/2769 1416/2946 1162/2199
vt 0.08196 0.70558
vt 0.08478 0.70517
f 1201/2947 1386/2948 1249/2902
vt 0.39857 0.15955
f 1220/2719 1330/2930 1305/2949
vt 0.92384 0.86097
f 1202/2764 1241/2906 1296/2950
vt 0.40499 0.18082
f 1242/2935 1280/2951 1391/2936
vt 0.41362 0.20176
vt 0.41474 0.19902
vt 0.41553 0.20110
f 1245/2952 1359/2953 1196/2954
vt 0.91076 0.23739
vt 0.91127 0.23887
vt 0.91026 0.23938
f 1218/2955 1216/2956 1284/2957
vt 0.90972 0.23834
f 1218/2955 1284/2957 1319/2958
f 1221/2526 1256/2837 1236/2774
vt 0.81751 0.40023
vt 0.81569 0.40012
vt 0.81544 0.39958
f 1238/2959 1268/2960 1243/2961
vt 0.41300 0.20129
vt 0.41269 0.20013
f 1245/2962 1261/2963 1359/2953
vt 0.71566 0.15367
f 1252/2914 1272/2964 1253/2869
vt 0.72673 0.00286
vt 0.72551 0.00151
vt 0.72824 0.00313
f 1212/2965 1209/2966 1275/2967
vt 0.72797 0.00024
f 1209/2966 1251/2968 1275/2967
vt 0.55907 0.57563
f 1281/2736 1247/2665 1303/2969
f 1217/2478 1335/2934 1237/2768
vt 0.56214 0.59147
f 1204/2839 1243/2970 1257/2892
vt 0.21324 0.40868
vt 0.21329 0.40686
vt 0.21380 0.40796
f 1203/2971 1352/2972 1302/2973
vt 0.70120 0.67054
f 1237/2834 1250/2974 1267/2806
vt 0.84113 0.26562
f 1176/2809 1295/2975 1293/2810
f 1236/2774 1256/2837 1297/2915
f 1162/2199 1416/2946 1306/2781
vt 0.08380 0.71513
f 1228/2778 1301/2683 1310/2976
f 1247/2665 1183/2847 1303/2969
vt 0.55990 0.59020
f 1257/2892 1268/2977 1415/2893
vt 0.53745 0.07599
vt 0.53490 0.07575
vt 0.53763 0.07312
f 1292/2978 1317/2979 1300/2980
vt 0.12932 0.05300
f 1215/2449 1054/2215 1355/2981
vt 0.06404 0.33561
f 1150/2746 1410/2849 1312/2982
vt 0.53504 0.07058
vt 0.53721 0.06777
f 1300/2980 1315/2983 1263/2984
f 1169/2515 1235/2829 1280/2805
vt 0.69808 0.65956
f 1192/2707 1323/2985 1186/2777
vt 0.05696 0.33549
f 1347/2917 1494/2986 1248/2594
vt 0.91047 0.24102
f 1216/2884 1265/2883 1284/2987
vt 0.72711 0.00617
f 1212/2965 1275/2967 1289/2988
vt 0.53715 0.06283
vt 0.53355 0.06551
vt 0.53333 0.06011
f 1270/2989 1299/2990 1282/2991
vt 0.75375 0.36589
vt 0.75418 0.36224
vt 0.75565 0.36629
f 1270/2992 1278/2993 1349/2994
vt 0.19938 0.03341
f 1125/2313 1508/2995 1207/2228
vt 0.69991 0.66898
f 1267/2806 1250/2974 1356/2996
vt 0.53714 0.06070
f 1278/2997 1270/2989 1282/2991
f 1300/2980 1317/2979 1315/2983
vt 0.50915 0.85047
f 1196/2677 1357/2998 1339/2724
vt 0.06332 0.33542
f 1195/2604 1232/2711 1312/2999
f 1186/2777 1323/2985 1320/2907
vt 0.02818 0.31888
vt 0.02917 0.32057
f 1250/3000 1237/2768 1398/3001
vt 0.70317 0.94901
f 1202/2910 1414/3002 1265/2911
vt 0.11239 0.05594
f 1203/2701 1306/2781 1352/3003
vt 0.71252 0.11975
f 1100/2521 1277/3004 1235/2829
vt 0.12660 0.46039
f 1238/2822 1279/2783 1327/3005
vt 0.57143 0.93275
vt 0.57011 0.93413
vt 0.56982 0.93270
f 1266/3006 1262/3007 1376/3008
vt 0.73070 0.00275
f 1251/2968 1326/3009 1275/2967
f 1270/2989 1263/2984 1299/2990
vt 0.15134 0.04889
f 1170/2432 1457/3010 1231/2661
f 1318/2843 1277/3004 1100/2521
vt 0.40968 0.18542
f 1206/2937 1391/2936 1386/3011
vt 0.75417 0.37105
f 1263/3012 1270/2992 1349/2994
f 1170/2432 1358/2919 1457/3010
f 1222/2742 1319/2916 1251/2913
vt 0.81718 0.40245
vt 0.81586 0.40143
f 1238/2959 1327/3013 1268/3014
f 1161/2410 1474/2903 1413/2944
f 1054/2215 1383/2750 1355/2981
vt 0.90104 0.67963
vt 0.90203 0.67743
vt 0.90234 0.67963
f 1225/3015 1390/3016 1308/3017
vt 0.84424 0.26676
f 1293/2810 1437/3018 1254/2838
vt 0.08256 0.71865
vt 0.08321 0.71713
vt 0.08309 0.71852
f 1259/3019 1260/3020 1261/3021
vt 0.71219 0.12292
f 1235/2829 1277/3004 1364/3022
vt 0.54103 0.78232
vt 0.54006 0.78024
vt 0.54178 0.77928
f 1253/3023 1435/3024 1219/3025
vt 0.54263 0.77253
vt 0.54208 0.77516
vt 0.53892 0.77316
f 1179/3026 1224/3027 1400/3028
vt 0.77719 0.75497
vt 0.77883 0.75497
f 1197/3029 1290/2885 1419/3030
f 1167/2435 1286/2751 1335/2934
f 1243/2970 1268/2977 1257/2892
vt 0.57078 0.93154
f 1239/3031 1266/3006 1376/3008
vt 0.75613 0.35978
vt 0.75719 0.36200
f 1278/2993 1340/3032 1283/3033
vt 0.77899 0.75884
vt 0.77789 0.75998
f 1197/3029 1344/3034 1313/3035
vt 0.07640 0.85545
vt 0.07763 0.85601
vt 0.07612 0.85772
f 1304/3036 1336/3037 1294/3038
vt 0.53719 0.07935
vt 0.53537 0.07997
f 1291/3039 1309/3040 1292/2978
f 1278/2993 1283/3033 1349/2994
vt 0.97657 0.21225
vt 0.97570 0.21314
vt 0.97563 0.21159
f 1281/3041 1303/3042 1348/3043
vt 0.53736 0.05905
vt 0.53535 0.05717
f 1278/3044 1282/2991 1333/3045
f 1234/2819 1320/2907 1304/2943
vt 0.53967 0.77703
f 1224/3027 1219/3025 1311/3046
f 1292/2978 1309/3040 1317/2979
vt 0.97502 0.69214
vt 0.97461 0.69397
vt 0.97404 0.69215
f 1294/3047 1336/3048 1262/3049
vt 0.69840 0.66824
f 1267/2806 1356/2996 1331/3050
vt 0.08441 0.71311
f 1301/2683 1321/3051 1310/2976
vt 0.56909 0.93366
f 1262/3007 1353/3052 1376/3008
vt 0.53752 0.05658
f 1340/3053 1278/3044 1333/3045
vt 0.79866 0.96168
vt 0.79948 0.96300
vt 0.79843 0.96283
f 1262/3054 1336/3055 1353/3056
vt 0.69925 0.17695
f 1288/2925 1276/2886 1453/3057
f 1195/2604 1312/2999 1347/2917
vt 0.84684 0.26808
f 1254/2838 1437/3018 1276/3058
vt 0.75682 0.37068
vt 0.75434 0.37576
f 1263/3012 1367/3059 1300/3060
f 1263/2984 1315/2983 1299/2990
f 1237/2768 1335/2934 1398/3001
vt 0.39593 0.15368
vt 0.39727 0.15539
f 1240/2921 1313/3061 1264/3062
vt 0.70444 0.94989
f 1202/2910 1296/3063 1414/3002
vt 0.40081 0.16481
vt 0.40247 0.16411
vt 0.40223 0.16707
f 1269/3064 1338/3065 1285/3066
f 1219/3025 1435/3024 1311/3046
vt 0.40297 0.16782
f 1285/3066 1338/3065 1318/3067
vt 0.53688 0.08229
f 1291/3039 1298/3068 1309/3040
vt 0.11398 0.05824
f 1306/2781 1399/3069 1352/3003
vt 0.69728 0.66545
f 1192/2707 1332/3070 1323/2985
vt 0.72980 0.00712
f 1275/2967 1423/3071 1289/2988
f 1255/2769 1215/2449 1355/2981
vt 0.40244 0.21337
f 1281/2792 1348/3072 1273/2895
vt 0.54174 0.77016
f 1179/3026 1400/3028 1241/3073
vt 0.55723 0.57495
f 1183/2847 1328/3074 1303/2969
f 1267/2806 1331/3050 1192/2707
f 1248/2594 1494/2986 1343/2920
vt 0.12395 0.46694
f 1279/2783 1239/2740 1411/3075
vt 0.78096 0.74459
f 1246/2855 1289/3076 1324/2799
vt 0.94347 0.75147
vt 0.94334 0.74952
vt 0.94489 0.75119
f 1250/3077 1398/3078 1356/3079
vt 0.84285 0.26519
f 1293/2810 1389/3080 1437/3018
vt 0.54017 0.78716
vt 0.54059 0.78753
vt 0.53997 0.78784
f 1272/3081 1273/3082 1342/3083
vt 0.12408 0.45995
f 1279/2783 1507/3084 1327/3005
vt 0.17401 0.04282
f 1141/2619 1354/3085 1244/2563
vt 0.54087 0.78587
vt 0.53980 0.78565
f 1253/3086 1272/3081 1342/3087
f 1344/3034 1197/3029 1419/3030
vt 0.40570 0.17634
f 1280/2951 1364/3088 1391/2936
f 1263/3012 1349/2994 1367/3059
vt 0.94466 0.74935
f 1356/3079 1398/3078 1363/3089
vt 0.54003 0.78395
f 1253/3086 1342/3087 1274/3090
vt 0.39707 0.15269
f 1264/3062 1313/3061 1337/3091
vt 0.40462 0.21438
vt 0.40451 0.21604
f 1303/3092 1328/3093 1348/3072
f 1274/3090 1435/3024 1253/3023
f 1224/3027 1311/3046 1400/3028
vt 0.40487 0.17716
f 1280/2951 1235/3094 1364/3088
vt 0.41272 0.19736
f 1261/2963 1260/3095 1359/2953
vt 0.56948 0.93055
vt 0.57162 0.92939
f 1239/3031 1372/3096 1411/3097
vt 0.40016 0.16246
f 1269/3064 1314/3098 1338/3065
vt 0.41841 0.20026
f 1196/2954 1359/2953 1357/3099
vt 0.77875 0.75210
f 1290/2885 1417/3100 1419/3030
vt 0.03114 0.32220
f 1335/2934 1387/3101 1398/3001
vt 0.16374 0.73865
vt 0.16054 0.73935
vt 0.16037 0.73640
f 1251/3102 1482/3103 1326/3104
f 1192/2707 1331/3050 1332/3070
vt 0.40312 0.21624
f 1348/3072 1328/3093 1350/3105
vt 0.53494 0.07548
vt 0.53384 0.07782
vt 0.53057 0.07742
f 1317/3106 1325/3107 1433/3108
vt 0.40254 0.21173
f 1273/2895 1348/3072 1342/3109
vt 0.14160 0.05048
f 1307/2618 1369/2747 1405/3110
vt 0.08492 0.70768
f 1249/2902 1392/3111 1301/2683
vt 0.56943 0.93164
f 1239/3031 1376/3008 1372/3112
vt 0.53042 0.07351
f 1317/3106 1454/3113 1315/2983
vt 0.39576 0.15284
f 1313/3061 1344/3114 1337/3091
vt 0.41432 0.19528
f 1359/2953 1260/3095 1402/3115
f 1317/3106 1433/3108 1454/3113
vt 0.40159 0.15972
f 1314/3098 1305/2823 1322/3116
vt 0.78096 0.74663
f 1324/2799 1289/3076 1373/3117
f 1293/2810 1295/2975 1389/3080
vt 0.40509 0.16768
f 1318/3067 1338/3065 1449/3118
vt 0.53428 0.07796
f 1317/2979 1309/3040 1325/3119
vt 0.69564 0.65188
f 1320/2907 1371/3120 1304/2943
vt 0.77935 0.75050
f 1417/3100 1290/2885 1370/3121
vt 0.03507 0.32763
f 1286/2751 1599/3122 1335/2934
f 1275/2967 1326/3009 1423/3071
f 1290/2885 1324/2799 1370/3121
vt 0.53439 0.08242
f 1298/3068 1382/3123 1309/3040
vt 0.06988 0.33882
vt 0.06690 0.33939
f 1302/2828 1352/3124 1407/3125
vt 0.39896 0.15678
f 1305/2823 1330/3126 1322/3116
vt 0.55768 0.58962
f 1415/2893 1268/2977 1329/3127
vt 0.41281 0.19603
f 1260/3095 1310/3128 1402/3115
vt 0.75720 0.37905
vt 0.75438 0.37886
f 1300/3060 1366/3129 1292/3130
vt 0.50954 0.84877
f 1295/2905 1339/2724 1389/3131
vt 0.19610 0.03609
f 1207/2228 1427/3132 1420/2866
f 1207/2228 1508/2995 1427/3132
vt 0.04577 0.33106
f 1256/2837 1316/2709 1540/3133
vt 0.69573 0.65897
f 1323/2985 1368/3134 1320/2907
vt 0.06281 0.33742
f 1312/2982 1410/2849 1450/3135
vt 0.90977 0.24299
f 1265/2883 1362/3136 1284/2987
vt 0.07863 0.85332
f 1304/3036 1442/3137 1336/3037
vt 0.06668 0.33704
f 1302/2828 1407/3125 1287/3138
vt 0.53328 0.08010
f 1346/3139 1433/3108 1325/3107
vt 0.07774 0.85246
f 1304/3036 1345/3140 1442/3137
vt 0.21070 0.02962
f 1308/2807 1390/3141 1474/2903
vt 0.77832 0.62292
vt 0.77946 0.62402
vt 0.77824 0.62509
f 1353/3142 1336/3143 1374/3144
f 1249/2902 1386/2948 1392/3111
vt 0.07555 0.84873
vt 0.07631 0.84724
vt 0.07598 0.85024
f 1333/3145 1401/3146 1340/3147
vt 0.17155 0.88012
vt 0.17230 0.88006
vt 0.17158 0.88100
f 1264/3148 1385/3149 1330/3150
f 1314/3098 1322/3116 1338/3065
vt 0.77968 0.64077
vt 0.77909 0.64210
vt 0.77721 0.64043
f 1334/3151 1380/3152 1378/3153
vt 0.53399 0.07984
f 1325/3119 1309/3040 1346/3154
vt 0.69730 0.66872
f 1332/3070 1331/3050 1436/3155
vt 0.05963 0.33649
f 1347/2917 1477/3156 1494/2986
vt 0.81578 0.40121
vt 0.81554 0.40344
f 1268/3157 1327/3013 1329/3158
vt 0.69009 0.88903
vt 0.68854 0.88602
vt 0.69032 0.88520
f 1342/3159 1409/3160 1274/3161
vt 0.40448 0.17229
f 1318/3067 1449/3118 1277/3162
f 1307/2618 1405/3110 1383/2750
f 1125/2313 1413/2944 1508/2995
vt 0.72693 0.00824
f 1289/2988 1423/3071 1373/3163
vt 0.39994 0.15731
f 1330/3126 1526/3164 1322/3116
vt 0.41743 0.19761
f 1359/2953 1351/3165 1357/3099
vt 0.53053 0.08063
f 1346/3139 1341/3166 1433/3108
vt 0.39894 0.15549
f 1264/3062 1337/3091 1385/3167
vt 0.77833 0.63843
f 1378/3153 1377/3168 1334/3151
vt 0.82357 0.62713
vt 0.82349 0.62422
vt 0.82532 0.62537
f 1334/3169 1377/3170 1396/3171
vt 0.82586 0.62726
f 1334/3169 1396/3171 1430/3172
vt 0.82450 0.62896
f 1334/3169 1430/3172 1380/3173
vt 0.68975 0.88118
f 1435/3174 1274/3161 1409/3160
vt 0.75525 0.38283
vt 0.75754 0.38525
vt 0.75521 0.38533
f 1291/3175 1395/3176 1298/3177
vt 0.40960 0.17833
f 1391/2936 1364/3088 1461/3178
vt 0.18458 0.04002
f 1271/2821 1467/3179 1258/2757
vt 0.95974 0.25823
vt 0.95873 0.25680
vt 0.95993 0.25595
f 1312/3180 1450/3181 1347/3182
vt 0.70145 0.17818
f 1276/2886 1443/3183 1453/3057
vt 0.97979 0.36063
vt 0.98064 0.36010
vt 0.98015 0.36148
f 1344/3184 1438/3185 1337/3186
vt 0.75747 0.37368
f 1300/3060 1367/3059 1368/3187
f 1300/3060 1368/3187 1366/3129
vt 0.07848 0.85475
f 1336/3037 1442/3137 1403/3188
vt 0.40687 0.17282
f 1277/3162 1425/3189 1364/3088
vt 0.88513 0.93360
vt 0.88414 0.93415
vt 0.88359 0.93143
f 1319/3190 1284/3191 1388/3192
vt 0.78097 0.74886
f 1324/2799 1373/3117 1432/3193
f 1292/3130 1366/3129 1291/3175
vt 0.91107 0.24361
f 1265/2883 1414/3194 1362/3136
vt 0.89948 0.67928
vt 0.90067 0.67863
f 1288/3195 1390/3016 1225/3196
f 1306/2781 1416/2946 1399/3069
vt 0.41227 0.19336
f 1310/3128 1321/3197 1402/3115
vt 0.39495 0.14813
vt 0.39678 0.15040
vt 0.39583 0.15203
f 1419/3198 1438/3199 1344/3200
vt 0.77916 0.64454
vt 0.77746 0.64511
f 1356/3201 1363/3202 1378/3153
vt 0.40365 0.16468
f 1338/3065 1384/3203 1449/3118
f 1223/2505 1429/2715 1358/2919
vt 0.53839 0.76889
f 1400/3028 1296/3204 1241/3073
vt 0.53235 0.05568
vt 0.53444 0.05579
f 1333/3045 1439/3205 1401/3206
vt 0.17749 0.04133
f 1141/2619 1258/2757 1484/3207
vt 0.90069 0.33737
vt 0.90270 0.33741
vt 0.90111 0.33863
f 1331/3208 1356/3209 1360/3210
vt 0.08472 0.71113
f 1301/2683 1392/3111 1321/3211
vt 0.02027 0.31636
vt 0.02102 0.31863
vt 0.01751 0.31664
f 1298/3212 1395/3213 1382/3214
vt 0.53152 0.08235
f 1346/3139 1361/3215 1341/3166
vt 0.69636 0.66977
f 1436/3155 1375/3216 1332/3070
vt 0.53827 0.77525
f 1311/3046 1447/3217 1400/3028
vt 0.69541 0.65493
f 1320/2907 1368/3134 1367/3218
vt 0.37691 0.57803
vt 0.37768 0.57513
vt 0.37852 0.57776
f 1362/3219 1388/3220 1284/3221
vt 0.16914 0.04485
f 1354/3085 1397/3222 1244/2563
f 1277/3162 1449/3118 1425/3189
vt 0.06959 0.34070
f 1352/3124 1393/3223 1407/3125
vt 0.39632 0.14892
f 1419/3198 1451/3224 1438/3199
vt 0.82350 0.63090
vt 0.82535 0.63133
f 1356/3225 1380/3173 1360/3226
vt 0.89963 0.33895
f 1331/3208 1360/3210 1436/3227
f 1356/3201 1378/3153 1380/3152
f 1339/2724 1357/2998 1389/3131
vt 0.69557 0.66528
f 1323/2985 1332/3070 1366/3228
vt 0.95614 0.06064
vt 0.95701 0.06284
vt 0.95595 0.06301
f 1346/3229 1382/3230 1361/3231
f 1320/2907 1367/3218 1371/3120
vt 0.78045 0.74967
f 1324/2799 1432/3193 1370/3232
vt 0.37984 0.57524
f 1251/2913 1319/2916 1445/3233
vt 0.77827 0.62467
vt 0.77662 0.62409
f 1374/3234 1465/3235 1353/3142
f 1346/3154 1309/3040 1382/3123
vt 0.75740 0.36617
f 1349/2994 1371/3236 1367/3059
f 1366/3228 1368/3134 1323/2985
vt 0.75777 0.38381
f 1291/3175 1366/3129 1375/3237
f 1332/3070 1375/3216 1366/3228
vt 0.12346 0.46457
vt 0.12214 0.46130
f 1279/2783 1411/3238 1524/3239
f 1349/2994 1283/3033 1371/3236
f 1291/3175 1375/3237 1395/3176
vt 0.16187 0.74079
f 1251/3102 1445/3240 1482/3103
vt 0.55467 0.58290
f 1415/2893 1412/3241 1132/2734
vt 0.82345 0.61218
vt 0.82491 0.61450
vt 0.82365 0.61595
f 1374/3242 1379/3243 1394/3244
vt 0.88527 0.92950
f 1319/3190 1388/3192 1445/3245
f 1244/2563 1397/3222 1429/2715
f 1258/2757 1467/3179 1484/3207
f 1279/2783 1524/3239 1507/3084
vt 0.57038 0.92877
f 1411/3097 1372/3096 1481/3246
vt 0.72644 0.00961
vt 0.72843 0.01176
f 1373/3247 1423/3071 1504/3248
vt 0.75766 0.36065
f 1340/3032 1441/3249 1283/3033
f 1141/2619 1484/3207 1354/3085
vt 0.69517 0.64843
f 1304/2943 1371/3120 1283/3250
vt 0.55400 0.57919
f 1183/2847 1132/2734 1365/3251
vt 0.82342 0.61926
vt 0.82505 0.61872
f 1408/3252 1394/3244 1404/3253
vt 0.82396 0.62098
f 1408/3252 1404/3253 1406/3254
vt 0.92096 0.97548
vt 0.92055 0.97629
vt 0.92005 0.97548
f 1357/3255 1485/3256 1389/3257
vt 0.82359 0.61121
vt 0.82527 0.61138
f 1336/3258 1403/3259 1374/3242
f 1374/3242 1403/3259 1379/3243
vt 0.68853 0.88959
f 1348/3260 1409/3160 1342/3159
f 1333/3045 1282/2991 1439/3205
f 1379/3243 1404/3253 1394/3244
vt 0.69608 0.64689
f 1304/2943 1283/3250 1345/3261
vt 0.52920 0.06849
f 1315/2983 1464/3262 1299/2990
vt 0.84483 0.26532
vt 0.84684 0.26558
f 1276/3058 1437/3263 1443/3264
vt 0.82496 0.62303
f 1377/3170 1406/3254 1428/3265
vt 0.17282 0.88284
f 1330/3150 1385/3149 1526/3266
vt 0.96843 0.40083
vt 0.96815 0.39897
vt 0.96961 0.39930
f 1359/3267 1486/3268 1351/3269
f 1377/3170 1428/3265 1396/3171
vt 0.41124 0.18874
f 1321/3197 1392/3270 1402/3115
vt 0.39870 0.15202
f 1337/3091 1381/3271 1385/3167
f 1286/2751 1297/2915 1599/3122
f 1315/2983 1454/3113 1464/3262
vt 0.03123 0.32678
f 1335/2934 1599/3122 1539/3272
vt 0.03167 0.32280
f 1335/2934 1539/3272 1387/3273
f 1438/3199 1381/3271 1337/3091
vt 0.77709 0.62144
f 1376/3274 1353/3142 1465/3235
vt 0.41774 0.19667
f 1359/2953 1402/3115 1486/3275
vt 0.72500 0.01245
f 1432/3276 1373/3247 1504/3248
f 1256/2837 1540/3133 1297/2915
vt 0.68972 0.87896
vt 0.68854 0.87969
f 1311/3277 1435/3174 1440/3278
vt 0.13526 0.05648
f 1383/2750 1700/3279 1355/2981
vt 0.81730 0.40471
f 1327/3013 1421/3280 1329/3158
vt 0.55434 0.57698
f 1183/2847 1456/3281 1328/3074
vt 0.94490 0.74735
f 1363/3089 1398/3078 1424/3282
vt 0.11232 0.05843
f 1352/3003 1399/3069 1393/3283
f 1183/2847 1365/3251 1456/3281
vt 0.12521 0.45819
f 1327/3005 1507/3084 1421/3284
vt 0.02295 0.31941
vt 0.02222 0.32024
f 1395/3213 1375/3285 1534/3286
vt 0.95926 0.25438
f 1347/3182 1450/3181 1477/3287
vt 0.89918 0.67857
f 1288/3195 1453/3288 1390/3016
f 1406/3254 1404/3253 1428/3265
vt 0.75800 0.36170
vt 0.75823 0.36095
f 1283/3289 1441/3249 1345/3290
vt 0.39450 0.14499
vt 0.39551 0.14624
f 1419/3198 1417/3291 1451/3292
vt 0.07856 0.84765
f 1401/3146 1501/3293 1340/3147
vt 0.88379 0.92962
f 1388/3192 1448/3294 1445/3245
vt 0.06609 0.33840
vt 0.06492 0.33841
f 1287/3295 1407/3125 1410/3296
f 1364/3088 1425/3189 1461/3178
vt 0.12740 0.05689
f 1255/2769 1355/2981 1663/3297
vt 0.18863 0.03893
f 1271/2821 1420/2866 1538/3298
vt 0.40029 0.21395
f 1348/3072 1350/3105 1498/3299
vt 0.73224 0.00541
f 1326/3009 1492/3300 1423/3071
vt 0.40070 0.15428
f 1385/3167 1381/3271 1462/3301
vt 0.01486 0.31568
vt 0.01293 0.31889
f 1361/3302 1382/3214 1543/3303
vt 0.07962 0.84917
vt 0.07850 0.85168
f 1340/3147 1517/3304 1441/3305
vt 0.55433 0.58585
f 1415/2893 1469/3306 1412/3241
vt 0.41488 0.19130
f 1402/3115 1392/3270 1496/3307
vt 0.41926 0.19851
f 1357/3099 1351/3165 1460/3308
vt 0.41137 0.18213
f 1391/2936 1598/3309 1386/3011
vt 0.77654 0.64266
f 1378/3153 1363/3202 1528/3310
vt 0.82583 0.62897
f 1430/3172 1480/3311 1380/3173
vt 0.68764 0.88965
f 1409/3160 1348/3260 1498/3312
vt 0.40163 0.15770
f 1385/3167 1462/3301 1526/3313
vt 0.02947 0.32429
f 1398/3001 1387/3101 1434/3314
vt 0.17174 0.88862
vt 0.17201 0.88506
vt 0.17313 0.88956
f 1338/3315 1322/3316 1384/3317
vt 0.37493 0.58023
vt 0.37425 0.57728
f 1362/3219 1414/3318 1426/3319
f 1271/2821 1538/3298 1467/3179
vt 0.01812 0.32029
f 1382/3214 1395/3213 1418/3320
vt 0.96137 0.02603
vt 0.96158 0.02353
vt 0.96250 0.02472
f 1410/3321 1422/3322 1450/3323
f 1380/3173 1480/3311 1360/3226
vt 0.41212 0.18403
f 1392/3270 1386/3011 1491/3324
vt 0.53802 0.77690
f 1311/3046 1488/3325 1447/3217
vt 0.94336 0.74678
f 1398/3078 1434/3326 1424/3282
vt 0.42040 0.19942
vt 0.42136 0.20301
f 1357/3099 1460/3327 1485/3328
f 1388/3220 1362/3219 1426/3319
vt 0.77739 0.62747
vt 0.77653 0.62519
f 1374/3144 1394/3329 1465/3330
vt 0.77803 0.63282
vt 0.77810 0.63476
vt 0.77637 0.63283
f 1408/3331 1406/3332 1479/3333
vt 0.41408 0.18946
f 1392/3270 1455/3334 1496/3307
vt 0.77619 0.63749
f 1406/3332 1377/3168 1446/3335
vt 0.37542 0.57419
vt 0.37723 0.57346
f 1388/3220 1536/3336 1448/3337
vt 0.52826 0.06215
f 1282/2991 1299/2990 1431/3338
vt 0.37447 0.58271
vt 0.37332 0.58245
f 1414/3318 1296/3339 1463/3340
vt 0.37381 0.58563
f 1400/3341 1463/3340 1296/3339
vt 0.82623 0.61221
f 1403/3259 1490/3342 1379/3243
vt 0.82592 0.62160
f 1428/3265 1404/3253 1466/3343
vt 0.82618 0.61867
f 1404/3253 1518/3344 1466/3343
vt 0.52850 0.05595
f 1282/2991 1478/3345 1439/3205
f 1345/3140 1441/3305 1442/3137
vt 0.41255 0.18670
f 1392/3270 1491/3324 1452/3346
vt 0.77645 0.62858
f 1408/3331 1479/3333 1531/3347
f 1408/3331 1531/3347 1394/3329
vt 0.77614 0.64112
f 1378/3153 1528/3310 1493/3348
vt 0.99095 0.52017
vt 0.99095 0.52060
vt 0.99058 0.52019
f 1370/3349 1470/3350 1417/3351
vt 0.96483 0.43886
vt 0.96367 0.43927
vt 0.96391 0.43769
f 1370/3352 1432/3353 1470/3354
f 1414/3318 1463/3340 1426/3319
vt 0.07994 0.85383
f 1403/3188 1442/3137 1490/3355
f 1406/3332 1446/3335 1479/3333
f 1132/2734 1412/3241 1365/3251
vt 0.97584 0.54272
vt 0.97660 0.54312
vt 0.97636 0.54393
f 1311/3356 1440/3357 1488/3358
f 1377/3168 1378/3153 1446/3335
vt 0.69747 0.17930
vt 0.69885 0.17807
vt 0.69802 0.18133
f 1390/3359 1453/3360 1472/3361
vt 0.55502 0.58832
f 1329/3127 1545/3362 1415/2893
vt 0.96602 0.50709
vt 0.96720 0.50678
vt 0.96698 0.50798
f 1351/3363 1486/3364 1460/3365
vt 0.52557 0.05791
f 1576/3366 1282/2991 1431/3338
f 1299/2990 1464/3262 1431/3338
vt 0.81550 0.40580
f 1421/3280 1545/3367 1329/3158
vt 0.53328 0.05289
f 1401/3206 1439/3205 1475/3368
vt 0.69725 0.02875
vt 0.69899 0.02552
vt 0.70033 0.02618
f 1372/3369 1459/3370 1481/3371
vt 0.90103 0.34094
f 1360/3210 1444/3372 1436/3227
vt 0.03093 0.32409
f 1387/3273 1539/3272 1434/3373
vt 0.40457 0.16465
vt 0.40691 0.16406
f 1449/3118 1384/3374 1509/3375
vt 0.15762 0.73745
f 1326/3104 1482/3103 1492/3376
vt 0.99126 0.36825
vt 0.99099 0.36862
vt 0.99099 0.36807
f 1376/3377 1499/3378 1372/3379
vt 0.89936 0.59735
vt 0.90090 0.59799
vt 0.89949 0.60031
f 1411/3380 1481/3381 1524/3382
f 1282/2991 1576/3366 1478/3345
vt 0.91451 0.12588
vt 0.91233 0.12585
vt 0.91257 0.12448
f 1376/3383 1533/3384 1499/3385
vt 0.40338 0.21863
f 1328/3093 1456/3386 1350/3105
vt 0.68721 0.88697
vt 0.68733 0.88385
f 1409/3160 1520/3387 1483/3388
f 1391/2936 1461/3178 1598/3309
vt 0.37256 0.58854
vt 0.37169 0.58625
f 1447/3389 1495/3390 1400/3341
vt 0.71786 0.49649
vt 0.71616 0.49452
vt 0.71975 0.49441
f 1401/3391 1475/3392 1501/3393
vt 0.41817 0.19328
f 1402/3115 1546/3394 1486/3275
f 1469/3306 1415/2893 1545/3362
vt 0.81734 0.40681
f 1421/3280 1458/3395 1545/3367
vt 0.40851 0.17066
vt 0.40921 0.17416
f 1425/3189 1553/3396 1497/3397
f 1255/2769 1663/3297 1416/2946
vt 0.20608 0.03533
f 1413/2944 1655/3398 1508/2995
vt 0.15672 0.04839
f 1358/2919 1429/2715 1468/3399
f 1358/2919 1468/3399 1457/3010
vt 0.06840 0.34324
f 1407/3125 1393/3223 1565/3400
vt 0.04656 0.33613
f 1540/3133 1316/2709 1713/3401
vt 0.82639 0.61509
f 1404/3253 1500/3402 1518/3344
f 1404/3253 1379/3243 1500/3402
f 1379/3243 1490/3342 1500/3402
f 1392/3270 1452/3346 1455/3334
f 1409/3160 1498/3312 1520/3387
f 1340/3147 1501/3293 1517/3304
vt 0.12473 0.45876
vt 0.12351 0.45669
f 1421/3403 1507/3084 1458/3404
f 1382/3214 1418/3320 1543/3303
f 1425/3189 1449/3118 1553/3396
vt 0.21188 0.03223
f 1390/3141 1473/3405 1474/2903
f 1388/3220 1426/3319 1536/3336
vt 0.69753 0.02676
f 1372/3369 1499/3406 1459/3370
vt 0.53110 0.05290
f 1475/3368 1439/3205 1550/3407
vt 0.87502 0.88170
vt 0.87432 0.88320
vt 0.87458 0.87953
f 1435/3408 1483/3409 1440/3410
vt 0.17330 0.88440
f 1322/3316 1526/3266 1471/3411
vt 0.83195 0.22744
vt 0.83200 0.22613
vt 0.83358 0.22723
f 1396/3412 1428/3413 1502/3414
vt 0.17334 0.88619
f 1384/3317 1322/3316 1512/3415
vt 0.05167 0.33744
f 1343/2920 1494/2986 1657/3416
vt 0.91372 0.12851
f 1376/3383 1465/3417 1533/3384
f 1402/3115 1496/3307 1546/3394
vt 0.98882 0.88948
vt 0.98867 0.88893
vt 0.98919 0.88893
f 1390/3418 1472/3419 1473/3420
f 1386/3011 1598/3309 1491/3324
vt 0.16387 0.74325
vt 0.16133 0.74317
f 1448/3421 1552/3422 1445/3240
f 1400/3341 1495/3390 1463/3340
f 1409/3160 1483/3388 1435/3174
vt 0.72770 0.01481
f 1432/3276 1504/3248 1542/3423
vt 0.72309 0.68846
vt 0.72420 0.68861
vt 0.72401 0.69164
f 1417/3424 1470/3425 1451/3426
vt 0.72514 0.01522
f 1432/3276 1542/3423 1470/3427
vt 0.06258 0.33942
f 1410/3296 1407/3125 1422/3428
vt 0.97532 0.07962
vt 0.97421 0.08061
vt 0.97452 0.07957
f 1451/3429 1525/3430 1438/3431
vt 0.83231 0.22370
f 1428/3413 1466/3432 1502/3414
vt 0.12498 0.06060
f 1416/2946 1663/3297 1751/3433
vt 0.77615 0.64519
f 1363/3202 1424/3434 1528/3310
vt 0.42248 0.20140
f 1485/3328 1460/3327 1575/3435
f 1425/3189 1497/3397 1461/3178
vt 0.39905 0.21706
f 1350/3105 1574/3436 1498/3299
vt 0.39836 0.14877
f 1438/3199 1525/3437 1381/3271
f 1322/3316 1471/3411 1512/3415
vt 0.92115 0.63894
vt 0.92206 0.63587
vt 0.92278 0.63749
f 1442/3438 1560/3439 1490/3440
vt 0.11228 0.06071
f 1393/3283 1399/3069 1589/3441
vt 0.96612 0.18937
vt 0.96675 0.18963
vt 0.96672 0.19122
f 1452/3442 1549/3443 1455/3444
vt 0.52452 0.92880
vt 0.52553 0.92912
vt 0.52345 0.93047
f 1375/3445 1436/3446 1534/3447
vt 0.83169 0.23408
vt 0.83346 0.23246
vt 0.83315 0.23436
f 1360/3448 1480/3449 1444/3450
vt 0.73275 0.00729
f 1423/3071 1492/3300 1476/3451
vt 0.72487 0.69030
f 1451/3426 1470/3425 1506/3452
vt 0.84578 0.26255
f 1437/3263 1562/3453 1443/3264
vt 0.89609 0.27827
vt 0.89594 0.28200
vt 0.89479 0.28029
f 1365/3454 1412/3455 1529/3456
f 1343/2920 1657/3416 1316/2709
vt 0.52656 0.08241
f 1341/3166 1361/3215 1579/3457
vt 0.52501 0.07971
f 1341/3166 1579/3457 1569/3458
f 1413/2944 1474/2903 1655/3398
f 1341/3166 1569/3458 1433/3108
vt 0.19405 0.03981
f 1420/2866 1427/3132 1695/3459
vt 0.06952 0.34329
f 1393/3223 1589/3460 1565/3400
f 1231/2661 1457/3010 1369/2747
vt 0.92020 0.63785
f 1442/3438 1489/3461 1560/3439
f 1420/2866 1695/3459 1538/3298
vt 0.05919 0.33865
f 1477/3156 1527/3462 1494/2986
vt 0.94403 0.93305
vt 0.94329 0.93234
vt 0.94437 0.93204
f 1442/3463 1441/3464 1489/3465
vt 0.14585 0.05367
f 1405/3110 1369/2747 1728/3466
vt 0.06633 0.34195
f 1407/3125 1565/3400 1522/3467
f 1316/2709 1657/3416 1713/3401
vt 0.90055 0.34220
f 1436/3227 1444/3372 1605/3468
vt 0.77897 0.11929
vt 0.77776 0.11654
vt 0.77918 0.11537
f 1446/3469 1516/3470 1479/3471
vt 0.77751 0.11252
vt 0.77715 0.10902
vt 0.77865 0.10800
f 1531/3472 1519/3473 1394/3474
vt 0.00959 0.31687
f 1361/3302 1543/3303 1579/3475
vt 0.52458 0.07203
f 1464/3262 1454/3113 1586/3476
vt 0.87295 0.88189
f 1440/3410 1483/3409 1554/3477
vt 0.52329 0.06704
vt 0.52328 0.06159
f 1431/3338 1583/3478 1511/3479
vt 0.84709 0.26334
f 1532/3480 1443/3264 1562/3453
vt 0.52520 0.93119
f 1436/3446 1605/3481 1534/3447
vt 0.40180 0.21998
f 1456/3386 1548/3482 1350/3105
vt 0.84201 0.26385
f 1437/3263 1389/3483 1562/3453
vt 0.83208 0.22954
vt 0.83383 0.23019
f 1430/3484 1541/3485 1480/3449
f 1445/3240 1552/3422 1482/3103
vt 0.77945 0.12105
vt 0.77851 0.12228
f 1378/3486 1493/3487 1446/3469
vt 0.77868 0.10681
vt 0.77755 0.10681
f 1465/3488 1394/3474 1503/3489
f 1396/3412 1502/3414 1430/3484
vt 0.37198 0.58066
f 1463/3340 1510/3490 1426/3319
vt 0.89510 0.28429
vt 0.89391 0.28403
f 1469/3491 1555/3492 1412/3455
f 1431/3338 1464/3262 1583/3478
f 1394/3474 1519/3473 1503/3489
f 1431/3338 1511/3479 1576/3366
vt 0.16338 0.74588
f 1448/3421 1536/3493 1552/3422
vt 0.02132 0.32210
f 1534/3286 1521/3494 1395/3213
vt 0.72603 0.69171
f 1451/3426 1506/3452 1523/3495
f 1395/3213 1521/3494 1418/3320
vt 0.41646 0.19013
f 1496/3307 1544/3496 1546/3394
vt 0.17454 0.88504
f 1471/3411 1661/3497 1512/3415
vt 0.89490 0.27811
f 1365/3454 1529/3456 1581/3498
vt 0.87339 0.87947
f 1440/3410 1554/3477 1488/3499
vt 0.77933 0.12684
vt 0.77770 0.12647
vt 0.77844 0.12421
f 1424/3500 1515/3501 1528/3502
vt 0.52814 0.05429
f 1439/3205 1588/3503 1550/3407
vt 0.37236 0.57736
vt 0.37362 0.57560
f 1426/3319 1572/3504 1573/3505
vt 0.37156 0.59055
vt 0.37064 0.58960
f 1447/3389 1488/3506 1590/3507
vt 0.37174 0.58294
f 1463/3340 1495/3390 1510/3508
vt 0.70082 0.18110
f 1443/3183 1505/3509 1453/3360
vt 0.91942 0.63633
f 1489/3461 1567/3510 1560/3439
vt 0.94334 0.93098
vt 0.94331 0.93001
f 1489/3465 1441/3511 1517/3512
vt 0.97526 0.08093
f 1451/3429 1523/3513 1525/3430
f 1454/3113 1433/3108 1586/3476
vt 0.17395 0.88833
f 1384/3317 1512/3415 1513/3514
vt 0.77855 0.11267
f 1479/3515 1516/3470 1531/3472
vt 0.06378 0.34052
f 1407/3125 1612/3516 1422/3428
vt 0.99354 0.37354
vt 0.99341 0.37404
vt 0.99341 0.37345
f 1481/3517 1627/3518 1524/3519
vt 0.87408 0.88701
vt 0.87251 0.88534
f 1483/3409 1520/3520 1587/3521
vt 0.72402 0.01728
f 1470/3427 1542/3423 1506/3522
vt 0.78006 0.12893
vt 0.77887 0.12865
vt 0.78003 0.12770
f 1434/3523 1594/3524 1424/3525
vt 0.70335 0.17937
f 1443/3183 1532/3526 1505/3509
f 1407/3125 1522/3467 1612/3516
vt 0.06053 0.33917
vt 0.06013 0.33718
f 1450/3135 1578/3527 1477/3528
vt 0.40893 0.16728
f 1449/3118 1509/3375 1563/3529
vt 0.14238 0.05524
f 1405/3110 1757/3530 1383/2750
vt 0.42148 0.19606
f 1460/3327 1486/3275 1606/3531
f 1412/3455 1555/3492 1529/3456
vt 0.83368 0.22394
f 1466/3432 1487/3532 1502/3414
f 1450/3135 1422/3428 1578/3527
vt 0.89555 0.27555
vt 0.89417 0.27626
f 1456/3533 1365/3454 1548/3534
vt 0.41118 0.17771
vt 0.41140 0.17975
f 1461/3178 1642/3535 1537/3536
vt 0.69998 0.18091
f 1453/3360 1505/3537 1472/3361
f 1424/3500 1594/3524 1515/3501
f 1365/3454 1581/3498 1548/3534
vt 0.40022 0.15282
vt 0.39983 0.15044
f 1462/3538 1381/3271 1557/3539
f 1449/3118 1563/3529 1553/3396
f 1439/3205 1478/3345 1588/3503
f 1461/3178 1497/3397 1642/3535
vt 0.84319 0.26209
f 1389/3483 1485/3540 1562/3453
f 1381/3271 1525/3437 1557/3539
vt 0.70237 0.02319
f 1459/3370 1627/3541 1481/3371
vt 0.39820 0.21359
f 1498/3299 1574/3436 1564/3542
vt 0.71682 0.49152
f 1475/3392 1558/3543 1501/3393
f 1477/3528 1578/3527 1527/3462
vt 0.42394 0.20460
f 1485/3328 1575/3435 1562/3544
f 1598/3309 1461/3178 1537/3536
f 1350/3105 1548/3482 1574/3436
vt 0.41443 0.18399
vt 0.41346 0.18587
f 1491/3324 1672/3545 1452/3546
f 1426/3319 1573/3505 1536/3336
vt 0.91180 0.12874
f 1465/3417 1503/3547 1533/3384
vt 0.16356 0.04862
f 1468/3399 1429/2715 1547/3548
vt 0.83280 0.22050
f 1466/3432 1518/3549 1487/3532
vt 0.05522 0.33839
f 1494/2986 1596/3550 1657/3416
vt 0.86222 0.45976
vt 0.86395 0.45556
vt 0.86430 0.45920
f 1462/3551 1557/3552 1616/3553
vt 0.81718 0.40914
f 1458/3395 1556/3554 1545/3367
vt 0.71381 0.49125
f 1603/3555 1558/3543 1475/3392
vt 0.40501 0.16391
vt 0.40538 0.16237
f 1384/3556 1513/3557 1509/3375
f 1464/3262 1586/3476 1583/3478
f 1446/3469 1493/3487 1516/3470
vt 0.52044 0.06475
f 1511/3479 1583/3478 1592/3558
vt 0.41218 0.18213
vt 0.41361 0.18147
f 1491/3324 1598/3559 1514/3560
f 1483/3409 1587/3521 1554/3477
f 1486/3275 1546/3394 1606/3531
vt 0.94530 0.92968
f 1489/3465 1517/3512 1567/3561
vt 0.83907 0.94945
vt 0.83869 0.94873
vt 0.84038 0.94794
f 1496/3562 1585/3563 1544/3564
vt 0.11983 0.06230
f 1416/2946 1566/3565 1399/3069
vt 0.86250 0.46235
f 1462/3551 1616/3553 1526/3566
vt 0.13170 0.06026
f 1355/2981 1648/3567 1663/3297
f 1355/2981 1700/3279 1648/3567
vt 0.01744 0.32504
f 1418/3320 1521/3494 1795/3568
f 1491/3324 1514/3560 1672/3545
vt 0.41473 0.18744
f 1452/3546 1672/3545 1549/3569
vt 0.72638 0.01689
vt 0.72481 0.01756
f 1506/3522 1630/3570 1523/3571
f 1506/3522 1542/3423 1630/3570
f 1405/3110 1728/3466 1757/3530
vt 0.67790 0.16604
vt 0.67768 0.16953
vt 0.67670 0.16664
f 1499/3572 1628/3573 1459/3574
vt 0.02463 0.71306
vt 0.02373 0.71253
vt 0.02632 0.71175
f 1447/3575 1590/3576 1495/3577
vt 0.87393 0.88990
vt 0.87174 0.88916
f 1498/3578 1564/3579 1520/3520
vt 0.89390 0.28637
f 1545/3580 1555/3492 1469/3491
vt 0.73265 0.00989
f 1423/3071 1604/3581 1504/3248
vt 0.17451 0.88626
f 1512/3415 1661/3497 1513/3582
vt 0.77702 0.12450
f 1528/3502 1515/3501 1480/3583
vt 0.41605 0.18898
f 1455/3334 1549/3569 1585/3584
vt 0.41486 0.19116
f 1455/3334 1585/3584 1496/3585
f 1430/3484 1502/3414 1541/3485
vt 0.15648 0.73980
f 1492/3376 1482/3103 1595/3586
vt 0.11435 0.06363
f 1399/3069 1731/3587 1589/3441
vt 0.40567 0.16027
f 1509/3375 1513/3557 1551/3588
vt 0.53175 0.05171
f 1475/3368 1550/3407 1639/3589
vt 0.77625 0.10693
f 1503/3489 1519/3473 1561/3590
f 1426/3319 1510/3490 1572/3504
vt 0.96717 0.60863
vt 0.96590 0.60774
vt 0.96666 0.60706
f 1570/3591 1525/3592 1523/3593
vt 0.83306 0.21471
vt 0.83427 0.21537
vt 0.83318 0.21739
f 1490/3594 1519/3595 1500/3596
vt 0.70535 0.33716
vt 0.70706 0.33762
vt 0.70561 0.33789
f 1544/3597 1617/3598 1546/3599
vt 0.11990 0.45794
f 1507/3084 1638/3600 1458/3404
vt 0.74812 0.82397
vt 0.74523 0.82501
vt 0.74727 0.82107
f 1529/3601 1629/3602 1581/3603
vt 0.77649 0.12040
f 1516/3470 1493/3487 1502/3604
vt 0.83437 0.22000
f 1500/3596 1531/3605 1518/3549
vt 0.77635 0.12257
f 1480/3583 1541/3606 1528/3502
vt 0.81499 0.40894
f 1545/3367 1556/3554 1683/3607
f 1518/3549 1531/3605 1487/3532
vt 0.77635 0.11614
f 1516/3470 1487/3608 1531/3472
vt 0.03103 0.70820
vt 0.02837 0.70798
f 1510/3609 1495/3577 1640/3610
vt 0.74811 0.82821
f 1529/3601 1555/3611 1629/3602
vt 0.06161 0.34004
f 1422/3428 1530/3612 1578/3527
vt 0.73096 0.01196
f 1504/3248 1559/3613 1542/3423
vt 0.42536 0.20772
vt 0.42691 0.20375
vt 0.42769 0.20718
f 1532/3614 1676/3615 1505/3616
vt 0.53332 0.05119
f 1475/3368 1639/3589 1603/3617
vt 0.90075 0.67628
vt 0.90117 0.67415
vt 0.90232 0.67506
f 1472/3618 1610/3619 1473/3620
vt 0.77590 0.10943
f 1519/3473 1531/3472 1500/3621
f 1487/3608 1516/3470 1502/3604
f 1433/3108 1569/3458 1586/3476
vt 0.90287 0.34283
f 1444/3372 1571/3622 1605/3468
f 1476/3451 1604/3581 1423/3071
vt 0.96299 0.49887
vt 0.96241 0.50062
vt 0.96155 0.49975
f 1422/3623 1612/3624 1530/3625
vt 0.83424 0.21417
f 1519/3595 1490/3594 1561/3626
vt 0.15579 0.73846
vt 0.15581 0.73729
f 1492/3376 1595/3627 1476/3628
f 1502/3604 1493/3487 1541/3606
f 1504/3248 1604/3581 1559/3613
vt 0.40909 0.16535
f 1563/3529 1509/3375 1535/3629
vt 0.91053 0.12746
f 1533/3384 1503/3547 1560/3630
f 1562/3544 1676/3615 1532/3614
vt 0.02523 0.71070
f 1495/3577 1699/3631 1640/3610
vt 0.05691 0.33970
f 1494/2986 1527/3462 1621/3632
vt 0.51994 0.06290
f 1511/3479 1592/3558 1577/3633
vt 0.83459 0.23404
f 1480/3449 1515/3634 1444/3450
vt 0.01427 0.32453
f 1418/3320 1855/3635 1543/3303
f 1524/3239 1638/3600 1507/3084
vt 0.06736 0.34468
f 1565/3400 1670/3636 1522/3467
vt 0.06613 0.34362
vt 0.06383 0.34179
f 1522/3467 1643/3637 1612/3638
f 1590/3576 1699/3631 1495/3577
vt 0.08032 0.84833
f 1517/3304 1501/3293 1580/3639
vt 0.92286 0.63562
f 1490/3440 1560/3439 1561/3640
vt 0.03009 0.32658
vt 0.02808 0.32522
f 1434/3314 1539/3641 1594/3642
vt 0.90340 0.34191
f 1515/3643 1571/3622 1444/3372
vt 0.91019 0.12467
f 1533/3384 1568/3644 1499/3385
vt 0.20051 0.03887
f 1508/2995 1821/3645 1427/3132
vt 0.77665 0.12784
vt 0.77773 0.12728
f 1594/3524 1571/3646 1515/3647
f 1493/3487 1528/3502 1541/3606
vt 0.98137 0.01096
vt 0.98104 0.00990
vt 0.98198 0.01034
f 1530/3648 1607/3649 1578/3650
vt 0.42881 0.20765
vt 0.43131 0.20800
vt 0.42991 0.20891
f 1505/3651 1647/3652 1472/3653
vt 0.52210 0.05822
f 1576/3366 1511/3479 1601/3654
f 1520/3520 1564/3579 1587/3521
vt 0.67992 0.16606
f 1499/3572 1568/3655 1628/3573
vt 0.43195 0.20887
f 1472/3653 1647/3652 1610/3656
vt 0.15574 0.74145
f 1595/3586 1482/3103 1646/3657
vt 0.15841 0.05260
f 1468/3399 1547/3548 1735/3658
vt 0.42272 0.19927
f 1460/3327 1606/3531 1681/3659
f 1460/3327 1681/3659 1575/3435
vt 0.40351 0.15780
vt 0.40332 0.15657
vt 0.40413 0.15690
f 1471/3660 1526/3661 1626/3662
vt 0.15492 0.73879
f 1476/3628 1595/3627 1625/3663
vt 0.69923 0.02320
f 1627/3541 1459/3370 1615/3664
vt 0.03086 0.70611
vt 0.03324 0.70512
f 1510/3609 1671/3665 1572/3666
f 1533/3384 1560/3630 1568/3644
vt 0.68245 0.16446
vt 0.68222 0.16795
f 1567/3667 1690/3668 1568/3655
vt 0.86451 0.45416
vt 0.86530 0.45514
f 1525/3669 1570/3670 1557/3552
vt 0.40612 0.15810
vt 0.40975 0.16133
f 1551/3588 1635/3671 1664/3672
vt 0.72255 0.67729
vt 0.72455 0.67510
vt 0.72376 0.67846
f 1476/3673 1625/3674 1604/3675
vt 0.74789 0.83013
vt 0.74524 0.82974
f 1545/3676 1683/3677 1555/3611
vt 0.42516 0.20255
f 1562/3544 1584/3678 1676/3615
vt 0.90990 0.12885
f 1503/3547 1561/3679 1560/3630
vt 0.94440 0.92820
f 1517/3512 1580/3680 1567/3561
vt 0.12163 0.45536
f 1458/3404 1638/3600 1556/3681
vt 0.72340 0.68182
vt 0.72543 0.68030
f 1559/3682 1604/3675 1613/3683
vt 0.41000 0.17080
vt 0.41290 0.17183
vt 0.40987 0.17396
f 1553/3684 1674/3685 1497/3686
vt 0.39994 0.22149
f 1574/3436 1548/3482 1658/3687
f 1551/3588 1664/3672 1509/3375
f 1494/2986 1621/3632 1596/3550
vt 0.67613 0.16735
vt 0.67580 0.16883
f 1459/3688 1628/3573 1615/3689
vt 0.91933 0.63498
f 1560/3439 1567/3510 1568/3690
f 1510/3609 1640/3610 1671/3665
vt 0.36943 0.59608
vt 0.36921 0.60131
vt 0.36788 0.59889
f 1587/3691 1564/3692 1597/3693
vt 0.66904 0.49082
vt 0.67017 0.48862
vt 0.67010 0.49116
f 1570/3694 1523/3695 1622/3696
f 1416/2946 1751/3433 1566/3565
vt 0.36992 0.59219
f 1488/3506 1554/3697 1590/3507
vt 0.43045 0.20650
f 1505/3651 1688/3698 1647/3652
vt 0.71964 0.49264
f 1501/3393 1558/3543 1580/3699
vt 0.68563 0.16663
f 1567/3667 1712/3700 1690/3668
vt 0.72409 0.68534
vt 0.72656 0.68305
f 1542/3701 1559/3682 1743/3702
f 1555/3611 1683/3677 1629/3602
vt 0.41043 0.16913
f 1563/3529 1600/3703 1553/3684
f 1399/3069 1566/3565 1731/3587
vt 0.15195 0.05353
f 1457/3010 1468/3399 1618/3704
vt 0.04120 0.33642
f 1540/3133 1713/3401 1816/3705
f 1552/3422 1646/3657 1482/3103
vt 0.90215 0.67321
f 1473/3620 1610/3619 1698/3706
f 1478/3345 1576/3366 1588/3503
vt 0.42049 0.19227
f 1546/3394 1708/3707 1606/3531
vt 0.03425 0.70456
vt 0.03352 0.70416
f 1573/3708 1572/3666 1654/3709
vt 0.86579 0.45704
f 1570/3670 1608/3710 1557/3552
vt 0.52379 0.05455
f 1576/3366 1667/3711 1588/3503
vt 0.21228 0.03461
f 1473/3405 1582/3712 1474/2903
f 1557/3552 1608/3710 1616/3553
vt 0.02182 0.32354
vt 0.02142 0.32527
f 1534/3713 1711/3714 1521/3494
vt 0.17928 0.04799
f 1484/3207 1827/3715 1354/3085
vt 0.02866 0.32734
f 1594/3642 1539/3272 1680/3716
vt 0.83884 0.94773
vt 0.83892 0.94588
f 1544/3564 1585/3717 1617/3718
vt 0.77724 0.12911
f 1594/3524 1653/3719 1571/3646
vt 0.41918 0.19086
f 1546/3394 1617/3720 1708/3707
vt 0.17334 0.04811
f 1354/3085 1848/3721 1397/3222
vt 0.41229 0.17591
f 1497/3686 1674/3685 1642/3722
vt 0.67176 0.48739
f 1523/3695 1630/3723 1622/3696
vt 0.06928 0.34643
f 1589/3460 1677/3724 1565/3400
vt 0.94681 0.91417
vt 0.94759 0.91273
vt 0.94746 0.91470
f 1563/3725 1535/3726 1600/3727
vt 0.72617 0.68919
f 1630/3728 1542/3701 1743/3702
vt 0.72664 0.68678
f 1630/3728 1743/3702 1696/3729
f 1559/3682 1613/3683 1743/3702
vt 0.05893 0.33949
vt 0.05952 0.33991
vt 0.05774 0.33986
f 1527/3730 1578/3731 1621/3732
vt 0.51957 0.07111
f 1586/3476 1619/3733 1583/3478
vt 0.42338 0.19992
f 1575/3435 1681/3659 1684/3734
vt 0.91115 0.51300
vt 0.91063 0.50943
vt 0.91196 0.51190
f 1513/3735 1661/3736 1551/3737
f 1474/2903 1582/3712 1655/3398
vt 0.06425 0.34462
f 1643/3637 1641/3738 1612/3638
f 1540/3133 1816/3705 1297/2915
f 1568/3655 1690/3668 1628/3573
vt 0.91176 0.50956
f 1551/3737 1661/3736 1635/3739
vt 0.52228 0.08237
f 1569/3458 1579/3457 1624/3740
f 1508/2995 1655/3398 1821/3645
f 1397/3222 1547/3548 1429/2715
vt 0.36823 0.59369
f 1554/3697 1587/3691 1660/3741
vt 0.21015 0.03872
f 1655/3398 1582/3712 1828/3742
vt 0.86462 0.46224
f 1526/3566 1616/3553 1626/3743
vt 0.90110 0.60134
vt 0.89965 0.60409
f 1524/3382 1627/3744 1638/3745
vt 0.51967 0.06197
f 1511/3479 1577/3633 1675/3746
f 1511/3479 1675/3746 1601/3654
vt 0.40950 0.16521
f 1509/3375 1664/3672 1535/3747
vt 0.40195 0.22218
f 1548/3482 1581/3748 1658/3687
vt 0.15773 0.74526
f 1552/3422 1749/3749 1646/3657
vt 0.03295 0.33017
f 1539/3272 1599/3122 1633/3750
vt 0.72700 0.96106
vt 0.72692 0.96305
vt 0.72611 0.96095
f 1522/3751 1670/3752 1643/3753
vt 0.41982 0.18610
f 1549/3569 1672/3545 1756/3754
vt 0.42427 0.19999
f 1575/3435 1684/3755 1562/3544
vt 0.66943 0.49502
f 1570/3694 1622/3696 1608/3756
vt 0.18397 0.04597
f 1484/3207 1467/3179 1829/3757
f 1484/3207 1829/3757 1827/3715
vt 0.40989 0.15861
f 1635/3671 1679/3758 1664/3672
vt 0.39714 0.21570
f 1574/3436 1609/3759 1564/3542
vt 0.41655 0.18866
f 1549/3569 1756/3754 1585/3760
vt 0.41217 0.17888
vt 0.41437 0.17692
f 1537/3761 1642/3722 1651/3762
f 1521/3494 1711/3714 1795/3568
f 1369/2747 1457/3010 1728/3466
vt 0.02314 0.32402
vt 0.02239 0.32569
f 1534/3713 1605/3763 1711/3764
vt 0.21270 0.03407
f 1473/3405 1698/3765 1582/3712
vt 0.03027 0.32766
f 1539/3272 1650/3766 1680/3716
f 1601/3654 1667/3711 1576/3366
vt 0.72405 0.24291
vt 0.72579 0.24297
vt 0.72482 0.24434
f 1614/3767 1636/3768 1623/3769
vt 0.97480 0.22593
vt 0.97497 0.22636
vt 0.97413 0.22661
f 1562/3770 1684/3771 1584/3772
vt 0.47123 0.58573
vt 0.47188 0.58898
vt 0.46836 0.58717
f 1588/3773 1734/3774 1550/3775
vt 0.72778 0.24279
vt 0.72786 0.24454
f 1593/3776 1602/3777 1636/3768
vt 0.52070 0.07899
f 1569/3458 1656/3778 1586/3476
vt 0.51725 0.06719
f 1592/3558 1583/3478 1611/3779
vt 0.74388 0.82087
f 1581/3603 1629/3602 1686/3780
vt 0.40488 0.15795
f 1471/3660 1626/3662 1661/3781
vt 0.36767 0.59606
f 1587/3691 1597/3693 1682/3782
vt 0.06066 0.34091
vt 0.06250 0.34160
vt 0.06159 0.34275
f 1607/3783 1530/3784 1620/3785
vt 0.94706 0.40366
vt 0.94758 0.40193
vt 0.94806 0.40529
f 1514/3786 1598/3787 1692/3788
vt 0.52457 0.93315
vt 0.52530 0.93423
vt 0.52426 0.93454
f 1605/3789 1571/3790 1653/3791
vt 0.41303 0.18030
vt 0.41391 0.17927
f 1598/3792 1537/3761 1692/3793
vt 0.42543 0.20151
f 1584/3678 1666/3794 1676/3615
vt 0.18913 0.04350
f 1467/3179 1538/3298 1747/3795
vt 0.03602 0.33273
f 1297/2915 1714/3796 1599/3122
vt 0.00620 0.32106
f 1579/3475 1543/3303 1770/3797
vt 0.72977 0.24264
f 1591/3798 1602/3777 1593/3776
vt 0.51839 0.06353
f 1592/3558 1675/3799 1577/3633
f 1457/3010 1618/3704 1728/3466
f 1418/3320 1795/3568 1855/3635
vt 0.70085 0.02065
f 1615/3664 1689/3800 1627/3541
f 1636/3768 1602/3777 1623/3769
vt 0.73021 0.24401
f 1591/3798 1632/3801 1602/3777
vt 0.91141 0.16532
vt 0.91118 0.16636
vt 0.91036 0.16571
f 1596/3802 1621/3803 1704/3804
f 1583/3478 1619/3733 1611/3779
vt 0.68600 0.16442
f 1567/3667 1580/3805 1712/3700
vt 0.36740 0.60165
f 1597/3693 1564/3692 1609/3806
vt 0.68458 0.71449
vt 0.68415 0.71268
vt 0.68473 0.71143
f 1614/3807 1623/3808 1659/3809
vt 0.00509 0.31717
f 1624/3810 1579/3475 1770/3797
f 1537/3761 1651/3762 1692/3793
f 1587/3691 1682/3782 1660/3741
vt 0.75649 0.32742
vt 0.75616 0.32882
vt 0.75547 0.32722
f 1572/3811 1671/3812 1654/3813
vt 0.16043 0.74660
f 1552/3422 1536/3493 1631/3814
f 1552/3422 1631/3814 1749/3749
vt 0.41636 0.18160
f 1514/3560 1634/3815 1672/3545
vt 0.41862 0.18949
f 1585/3760 1756/3754 1617/3816
vt 0.41055 0.17105
vt 0.41087 0.16905
f 1553/3817 1600/3818 1674/3685
vt 0.71295 0.48765
f 1558/3543 1603/3555 1649/3819
vt 0.16373 0.74778
f 1536/3493 1573/3820 1631/3814
f 1538/3298 1695/3459 1747/3795
f 1427/3132 1821/3645 1695/3459
f 1297/2915 1816/3705 1714/3796
vt 0.92893 0.69854
vt 0.92828 0.69991
vt 0.92831 0.69754
f 1554/3821 1660/3822 1590/3823
vt 0.15516 0.74351
f 1646/3657 1749/3749 1703/3824
f 1592/3558 1611/3779 1675/3799
vt 0.14163 0.05956
f 1383/2750 1678/3825 1700/3279
vt 0.02535 0.32605
f 1605/3763 1653/3826 1711/3764
vt 0.05954 0.34195
vt 0.05813 0.34158
f 1607/3827 1706/3828 1578/3731
vt 0.43039 0.20488
f 1505/3616 1676/3615 1688/3829
vt 0.71880 0.49146
vt 0.71732 0.48890
f 1580/3830 1558/3543 1712/3831
vt 0.41457 0.18004
f 1514/3560 1692/3832 1634/3815
vt 0.67495 0.48851
f 1622/3696 1630/3723 1729/3833
vt 0.26054 0.97754
vt 0.26084 0.97925
vt 0.26024 0.97871
f 1556/3834 1724/3835 1715/3836
f 1383/2750 1757/3530 1678/3825
vt 0.02700 0.32759
f 1594/3642 1680/3837 1653/3826
vt 0.98162 0.84834
vt 0.98126 0.84715
vt 0.98176 0.84704
f 1612/3838 1620/3839 1530/3840
vt 0.98117 0.84763
f 1612/3838 1737/3841 1620/3839
vt 0.40114 0.22461
vt 0.40023 0.22167
f 1581/3748 1686/3842 1658/3843
vt 0.06724 0.34735
f 1565/3400 1677/3724 1685/3844
vt 0.41185 0.16686
f 1600/3818 1535/3747 1673/3845
vt 0.47637 0.58409
vt 0.47551 0.58675
f 1588/3773 1667/3846 1740/3847
vt 0.72424 0.67268
vt 0.72542 0.67255
f 1595/3848 1646/3849 1625/3674
f 1578/3731 1706/3828 1621/3732
vt 0.46839 0.58931
f 1550/3775 1734/3774 1639/3850
vt 0.67374 0.48543
f 1696/3851 1729/3833 1630/3723
vt 0.86564 0.45883
vt 0.86584 0.46073
f 1608/3852 1760/3853 1616/3553
f 1588/3773 1740/3847 1734/3774
vt 0.70807 0.33957
vt 0.70714 0.34062
f 1617/3598 1662/3854 1708/3855
vt 0.97524 0.22692
vt 0.97458 0.22795
f 1584/3772 1684/3856 1666/3857
vt 0.96183 0.51618
vt 0.96148 0.51523
vt 0.96245 0.51429
f 1539/3858 1633/3859 1650/3860
vt 0.11197 0.06436
f 1589/3441 1731/3587 1677/3861
vt 0.70543 0.34441
vt 0.70947 0.34216
vt 0.70628 0.34598
f 1606/3862 1754/3863 1681/3864
vt 0.05264 0.33914
f 1657/3416 1596/3550 1652/3865
f 1616/3553 1760/3853 1626/3743
f 1569/3458 1624/3740 1656/3778
vt 0.67393 0.49328
f 1622/3696 1729/3833 1799/3866
f 1586/3476 1656/3778 1619/3733
f 1600/3818 1673/3845 1674/3685
f 1535/3747 1664/3672 1673/3845
vt 0.47775 0.58145
vt 0.48118 0.58049
vt 0.47977 0.58320
f 1601/3867 1675/3868 1755/3869
vt 0.93359 0.27757
vt 0.93243 0.27665
vt 0.93305 0.27485
f 1596/3870 1704/3871 1652/3872
vt 0.05584 0.33969
vt 0.05609 0.34205
vt 0.05462 0.33993
f 1621/3873 1668/3874 1704/3875
vt 0.67762 0.82131
vt 0.68094 0.82206
vt 0.67877 0.82473
f 1593/3876 1636/3877 1750/3878
vt 0.41900 0.18261
f 1634/3815 1691/3879 1672/3545
vt 0.42065 0.19108
f 1617/3816 1756/3754 1662/3880
vt 0.72635 0.67649
f 1604/3675 1625/3674 1769/3881
vt 0.67609 0.82126
f 1593/3876 1750/3878 1591/3882
vt 0.05715 0.34146
vt 0.05627 0.34168
f 1621/3632 1706/3883 1668/3884
vt 0.90144 0.60643
f 1627/3744 1813/3885 1638/3745
vt 0.06304 0.34478
f 1612/3638 1641/3738 1737/3886
vt 0.46547 0.59037
vt 0.46566 0.59333
f 1603/3887 1639/3850 1649/3888
f 1558/3543 1649/3819 1712/3831
f 1565/3400 1685/3844 1670/3636
vt 0.16265 0.74902
f 1573/3820 1654/3889 1631/3814
vt 0.11907 0.45407
f 1556/3681 1638/3600 1724/3890
vt 0.71662 0.52198
vt 0.71527 0.52047
vt 0.71707 0.52044
f 1591/3891 1665/3892 1632/3893
vt 0.71299 0.52120
f 1591/3891 1644/3894 1665/3892
vt 0.21338 0.03671
f 1582/3712 1759/3895 1828/3742
vt 0.67582 0.16894
vt 0.67536 0.17064
f 1615/3896 1628/3573 1689/3897
vt 0.72575 0.24558
f 1623/3769 1602/3777 1645/3898
vt 0.51870 0.08223
f 1624/3740 1707/3899 1656/3778
f 1599/3122 1714/3796 1633/3750
vt 0.67550 0.82409
f 1591/3882 1750/3878 1644/3900
vt 0.02833 0.32776
vt 0.03061 0.32916
vt 0.02611 0.32848
f 1680/3901 1650/3902 1778/3903
vt 0.90160 0.67257
f 1610/3619 1717/3904 1698/3706
vt 0.39709 0.22020
f 1574/3436 1823/3905 1609/3759
vt 0.75531 0.32817
f 1671/3812 1719/3906 1654/3813
vt 0.96145 0.51259
f 1633/3859 1837/3907 1650/3860
vt 0.75759 0.33826
vt 0.75677 0.34298
vt 0.75404 0.33990
f 1590/3908 1660/3909 1804/3910
vt 0.92901 0.70610
vt 0.92815 0.70678
vt 0.92828 0.70396
f 1597/3911 1732/3912 1682/3913
f 1606/3862 1708/3855 1754/3863
vt 0.92897 0.70916
f 1597/3911 1609/3914 1732/3912
vt 0.91168 0.50788
f 1635/3739 1661/3736 1694/3915
vt 0.98700 0.32744
vt 0.98737 0.32818
vt 0.98672 0.32818
f 1634/3916 1692/3917 1716/3918
vt 0.81720 0.41272
vt 0.81535 0.41227
f 1715/3919 1723/3920 1556/3554
vt 0.75660 0.33130
vt 0.75484 0.32985
f 1671/3812 1640/3921 1719/3922
vt 0.74257 0.82904
f 1629/3602 1683/3677 1723/3923
vt 0.86594 0.46287
vt 0.86459 0.46403
f 1626/3743 1687/3924 1661/3925
vt 0.51796 0.07521
f 1656/3778 1722/3926 1619/3733
vt 0.70413 0.01798
f 1627/3541 1689/3800 1813/3927
vt 0.40620 0.15641
vt 0.40797 0.15590
f 1635/3671 1694/3928 1705/3929
f 1658/3687 1823/3905 1574/3436
vt 0.68865 0.71286
vt 0.68735 0.71494
f 1614/3807 1900/3930 1636/3931
f 1635/3671 1705/3929 1679/3758
f 1622/3696 1799/3866 1608/3756
vt 0.97799 0.17779
vt 0.97728 0.17722
vt 0.97753 0.17606
f 1623/3932 1645/3933 1718/3934
vt 0.39461 0.21656
f 1609/3759 1823/3905 1766/3935
vt 0.92804 0.70895
f 1609/3914 1766/3936 1732/3912
vt 0.19840 0.04278
f 1695/3459 1821/3645 1794/3937
f 1667/3846 1601/3867 1755/3869
vt 0.71630 0.51837
f 1632/3893 1665/3892 1720/3938
vt 0.73011 0.24767
f 1632/3801 1782/3939 1602/3777
vt 0.70829 0.34616
vt 0.70629 0.34855
f 1681/3864 1739/3940 1684/3941
vt 0.72841 0.24870
f 1602/3777 1725/3942 1645/3898
f 1626/3743 1760/3853 1687/3924
vt 0.41374 0.16472
f 1664/3672 1733/3943 1673/3845
vt 0.72457 0.24827
vt 0.72386 0.24670
f 1623/3769 1718/3944 1659/3945
vt 0.67256 0.49801
f 1608/3756 1799/3866 1745/3946
vt 0.67588 0.17234
f 1689/3897 1628/3573 1748/3947
f 1556/3554 1723/3920 1683/3607
vt 0.40618 0.15515
f 1694/3928 1802/3948 1705/3929
vt 0.48236 0.58200
f 1675/3868 1860/3949 1755/3869
vt 0.90995 0.50716
f 1694/3915 1661/3736 1736/3950
vt 0.43242 0.20726
vt 0.43325 0.20862
f 1610/3656 1647/3951 1717/3952
vt 0.41623 0.17991
vt 0.41832 0.18152
f 1634/3815 1716/3953 1809/3954
vt 0.74145 0.82188
f 1629/3602 1702/3955 1686/3780
vt 0.11766 0.45621
f 1638/3600 1637/3956 1724/3890
vt 0.75716 0.33570
vt 0.75383 0.33561
f 1640/3921 1699/3957 1880/3958
vt 0.02453 0.32824
f 1680/3837 1764/3959 1653/3826
vt 0.51929 0.96253
vt 0.52006 0.96411
vt 0.51949 0.96540
f 1680/3960 1778/3961 1764/3962
vt 0.51837 0.07939
f 1656/3778 1707/3899 1726/3963
vt 0.42588 0.19927
vt 0.42767 0.19915
f 1666/3964 1701/3965 1676/3615
vt 0.71698 0.51698
f 1632/3893 1720/3938 1782/3966
f 1614/3807 1659/3809 1900/3930
vt 0.72519 0.67436
vt 0.72771 0.67287
f 1625/3967 1646/3849 1773/3968
vt 0.75463 0.34324
f 1660/3909 1669/3969 1804/3910
f 1656/3778 1726/3963 1722/3926
vt 0.41581 0.17312
f 1642/3722 1796/3970 1651/3762
f 1643/3637 1670/3636 1685/3844
f 1634/3815 1809/3954 1691/3879
f 1674/3685 1796/3970 1642/3722
vt 0.74151 0.82501
f 1629/3602 1723/3923 1752/3971
f 1590/3908 1804/3910 1699/3957
vt 0.02860 0.33256
f 1778/3903 1650/3902 1882/3972
vt 0.05120 0.34107
vt 0.05160 0.34005
f 1704/3875 1807/3973 1652/3974
vt 0.17119 0.05175
f 1397/3222 1848/3721 1911/3975
vt 0.72642 0.67966
f 1604/3675 1769/3881 1613/3976
f 1602/3777 1782/3939 1725/3942
f 1672/3545 1691/3879 1756/3754
vt 0.21328 0.03534
f 1582/3712 1698/3977 1759/3895
vt 0.01000 0.32417
f 1543/3303 1693/3978 1770/3797
vt 0.26868 0.98923
vt 0.26832 0.98956
vt 0.26832 0.98883
f 1694/3979 1736/3980 1802/3981
vt 0.75725 0.34664
f 1660/3909 1682/3982 1669/3969
vt 0.66935 0.49791
f 1608/3756 1745/3946 1760/3983
f 1643/3637 1685/3844 1641/3738
f 1467/3179 1747/3795 1829/3757
vt 0.59998 0.82978
vt 0.59905 0.82963
vt 0.60006 0.82878
f 1684/3984 1739/3985 1666/3986
f 1663/3297 1648/3567 1751/3433
vt 0.72757 0.68459
f 1696/3729 1743/3702 1697/3987
vt 0.75381 0.33215
f 1640/3921 1805/3988 1719/3922
vt 0.43480 0.20984
vt 0.43535 0.21039
vt 0.43444 0.21069
f 1717/3989 1759/3990 1698/3991
vt 0.20609 0.04190
f 1821/3645 1655/3398 1887/3992
vt 0.06104 0.34391
vt 0.05834 0.34353
f 1607/3827 1620/3993 1833/3994
vt 0.43426 0.20723
f 1647/3951 1851/3995 1717/3952
f 1655/3398 1828/3742 1887/3992
vt 0.75553 0.34658
f 1682/3982 1742/3996 1669/3969
vt 0.41432 0.16844
f 1674/3685 1673/3845 1738/3997
vt 0.72517 0.67532
f 1625/3998 1773/3968 1769/3881
vt 0.43239 0.20520
f 1688/3829 1768/3999 1647/3951
vt 0.03245 0.70312
vt 0.03072 0.70486
vt 0.03134 0.70125
f 1654/4000 1719/4001 1721/4002
vt 0.03300 0.70001
f 1631/4003 1654/4000 1721/4002
f 1543/3303 1855/3635 1693/3978
f 1640/3921 1880/3958 1805/3988
f 1645/3898 1725/3942 1718/3944
f 1706/3828 1607/3827 1833/3994
vt 0.66918 0.50057
vt 0.66926 0.49956
vt 0.66997 0.50046
f 1661/4004 1687/4005 1736/4006
vt 0.71604 0.48500
f 1649/3819 1788/4007 1712/3831
vt 0.97099 0.76835
vt 0.97017 0.76863
vt 0.97050 0.76688
f 1686/4008 1786/4009 1658/4010
f 1468/3399 1735/3658 1618/3704
f 1739/3940 1681/3864 1754/3863
vt 0.43114 0.20210
f 1768/3999 1688/3829 1790/4011
vt 0.75699 0.34971
f 1682/3982 1732/4012 1742/3996
vt 0.67506 0.48218
vt 0.67593 0.47959
vt 0.67597 0.48156
f 1743/4013 1613/4014 1834/4015
vt 0.02031 0.32881
f 1711/3714 1653/3826 1808/4016
f 1547/3548 1397/3222 1911/3975
f 1711/3714 1808/4016 1795/3568
vt 0.80893 0.31790
vt 0.80555 0.31777
vt 0.80775 0.31534
f 1665/4017 1709/4018 1746/4019
vt 0.89976 0.60651
f 1813/3885 1637/4020 1638/3745
vt 0.80998 0.31610
f 1665/4017 1746/4019 1720/4021
vt 0.72765 0.67153
f 1646/3849 1703/4022 1773/3968
vt 0.51487 0.07023
f 1619/3733 1844/4023 1611/3779
vt 0.39852 0.22452
f 1658/3687 1786/4024 1823/3905
vt 0.31281 0.87922
vt 0.31673 0.88002
vt 0.31252 0.88130
f 1709/4025 1665/4026 1763/4027
f 1673/3845 1733/3943 1738/3997
vt 0.76141 0.68742
vt 0.75947 0.68749
vt 0.76108 0.68564
f 1709/4028 1763/4029 1710/4030
vt 0.69080 0.71469
f 1900/3930 1744/4031 1636/3931
vt 0.41555 0.17881
vt 0.41716 0.17635
f 1716/4032 1692/3793 1845/4033
vt 0.48105 0.58236
f 1755/3869 1860/3949 1830/4034
vt 0.11971 0.45229
vt 0.11854 0.45347
vt 0.11779 0.45323
f 1715/4035 1724/4036 1758/4037
vt 0.02965 0.70250
f 1719/4001 1774/4038 1721/4002
vt 0.41387 0.16222
f 1664/3672 1896/4039 1733/3943
f 1804/3910 1880/3958 1699/3957
f 1692/3793 1651/3762 1845/4033
f 1688/3829 1676/3615 1790/4011
vt 0.06245 0.34494
vt 0.06013 0.34556
f 1620/3993 1737/4040 1771/4041
vt 0.42156 0.18804
vt 0.42252 0.19113
f 1662/3880 1785/4042 1730/4043
vt 0.70034 0.01941
vt 0.70115 0.01760
f 1689/3800 1748/4044 1801/4045
vt 0.00158 0.31777
f 1624/3810 1770/3797 1707/4046
vt 0.06281 0.34616
f 1641/3738 1685/3844 1741/4047
f 1354/3085 1827/3715 1848/3721
vt 0.03287 0.33238
f 1650/3902 1837/4048 1882/3972
f 1653/3826 1764/3959 1808/4016
vt 0.42939 0.19984
f 1676/3615 1701/3965 1856/4049
vt 0.47104 0.59497
f 1639/3850 1727/4050 1649/3888
vt 0.41723 0.17965
f 1716/4032 1845/4033 1809/4051
vt 0.91295 0.00391
vt 0.91227 0.00496
vt 0.91214 0.00440
f 1802/4052 1736/4053 1762/4054
f 1676/3615 1856/4049 1790/4011
vt 0.41108 0.15762
f 1705/3929 1784/4055 1679/3758
vt 0.68164 0.82697
f 1636/3877 1744/4056 1750/3878
f 1662/3880 1756/3754 1785/4042
vt 0.47837 0.58653
f 1740/3847 1667/3846 1787/4057
vt 0.39978 0.22646
vt 0.39863 0.22545
f 1686/3842 1702/4058 1806/4059
vt 0.97062 0.76921
f 1686/4008 1806/4060 1786/4009
f 1619/3733 1722/3926 1844/4023
f 1687/4005 1760/3983 1736/4006
f 1708/3855 1662/3854 1754/3863
vt 0.04527 0.33980
f 1713/3401 1874/4061 1816/3705
vt 0.41263 0.15952
f 1664/3672 1679/3758 1849/4062
f 1639/3850 1734/3774 1727/4050
vt 0.03305 0.33297
f 1633/3750 1714/3796 1837/4063
vt 0.04942 0.33986
f 1652/3865 1765/4064 1657/3416
vt 0.05783 0.34469
vt 0.05686 0.34395
f 1706/3883 1833/4065 1831/4066
f 1706/3883 1831/4066 1668/3884
vt 0.70734 0.33015
vt 0.70900 0.33062
vt 0.70764 0.33291
f 1691/4067 1879/4068 1756/4069
f 1629/3602 1752/3971 1702/3955
vt 0.42911 0.91217
vt 0.42753 0.91266
vt 0.42833 0.91055
f 1719/4070 1805/4071 1774/4072
vt 0.48186 0.58641
f 1667/3846 1755/3869 1787/4073
vt 0.51600 0.07784
f 1722/3926 1726/3963 1838/4074
vt 0.81717 0.41539
f 1723/3920 1715/3919 1798/4075
vt 0.06311 0.34533
f 1737/4076 1641/3738 1741/4047
f 1689/3800 1801/4045 1813/3927
vt 0.67455 0.48425
vt 0.67700 0.48416
f 1697/4077 1743/4013 1753/4078
vt 0.68401 0.70795
vt 0.68676 0.70962
f 1659/3809 1718/4079 1888/4080
vt 0.51729 0.06371
vt 0.51669 0.06282
f 1675/4081 1611/3779 1860/4082
vt 0.11740 0.45560
f 1724/3890 1637/3956 1761/4083
vt 0.03355 0.69869
vt 0.03238 0.69756
vt 0.03270 0.69675
f 1631/4084 1781/4085 1749/4086
vt 0.92448 0.12617
vt 0.92583 0.12551
vt 0.92403 0.12765
f 1758/4087 1724/4088 1761/4089
f 1659/3809 1888/4080 1900/3930
vt 0.16873 0.05412
f 1547/3548 1911/3975 2042/4090
vt 0.16217 0.05545
f 1547/3548 1913/4091 1735/3658
f 1620/3993 1771/4041 1833/3994
f 1679/3758 1784/4055 1849/4062
vt 0.74441 0.18923
vt 0.74539 0.18870
vt 0.74485 0.19014
f 1705/4092 1802/4093 1789/4094
vt 0.41627 0.17587
f 1845/4033 1651/3762 1850/4095
vt 0.72850 0.67917
f 1613/3976 1769/3881 1775/4096
vt 0.72772 0.68207
f 1613/3976 1775/4096 1834/4097
vt 0.72612 0.25186
f 1718/3944 1725/3942 1881/4098
vt 0.26663 0.58491
vt 0.26380 0.58755
vt 0.26475 0.58442
f 1766/4099 1938/4100 1732/4101
vt 0.70870 0.32800
f 1691/4067 1809/4102 1879/4068
vt 0.67567 0.48596
f 1696/4103 1697/4077 1753/4078
vt 0.12300 0.06563
f 1751/3433 1869/4104 1566/3565
vt 0.11998 0.45212
vt 0.11797 0.44982
f 1715/4105 1758/4037 1798/4106
vt 0.11215 0.06775
f 1677/3861 1731/3587 1870/4107
vt 0.80493 0.31563
f 1709/4018 1710/4108 1746/4019
vt 0.67545 0.82838
f 1644/3900 1750/3878 1889/4109
f 1657/3416 1765/4064 1713/3401
vt 0.03302 0.69579
vt 0.03214 0.69621
f 1703/4110 1749/4086 1797/4111
vt 0.71069 0.34540
f 1754/3863 1772/4112 1739/3940
vt 0.06535 0.34733
f 1685/3844 1776/4113 1741/4047
vt 0.97451 0.30719
vt 0.97545 0.30709
vt 0.97503 0.30840
f 1784/4114 1705/4115 1789/4116
vt 0.67623 0.48265
f 1743/4013 1834/4117 1753/4078
vt 0.93338 0.27374
vt 0.93246 0.27245
vt 0.93304 0.27206
f 1652/4118 1807/4119 1765/4120
vt 0.26113 0.58482
f 1732/4101 1938/4100 1742/4121
vt 0.67556 0.48614
vt 0.67786 0.48677
f 1729/3833 1696/4122 1903/4123
f 1647/3951 1768/3999 1851/3995
vt 0.67171 0.50049
f 1736/4006 1760/3983 1762/4124
vt 0.68543 0.17006
f 1712/3700 1788/4125 1690/3668
vt 0.05197 0.34492
f 1704/3875 1668/3874 1923/4126
vt 0.51501 0.07347
f 1722/3926 1838/4074 1893/4127
vt 0.59683 0.82777
vt 0.59979 0.82757
f 1739/3985 1884/4128 1666/4129
vt 0.94463 0.69949
vt 0.94345 0.70011
vt 0.94351 0.69755
f 1723/4130 1793/4131 1752/4132
vt 0.80964 0.31336
f 1746/4019 1792/4133 1720/4021
vt 0.31513 0.88337
f 1665/4026 1857/4134 1763/4027
vt 0.59834 0.82464
f 1666/4129 1884/4128 1925/4135
vt 0.05593 0.34477
f 1668/3874 1819/4136 1923/4126
f 1664/3672 1849/4062 1896/4039
vt 0.39348 0.21951
f 1766/3935 1823/3905 1864/4137
f 1674/3685 1738/3997 1796/3970
vt 0.60017 0.82584
f 1701/4138 1666/4129 1925/4135
vt 0.02919 0.70024
f 1721/4002 1774/4038 1840/4139
vt 0.11598 0.45583
vt 0.11423 0.45540
f 1758/4037 1761/4140 1822/4141
vt 0.46698 0.59653
f 1649/3888 1727/4050 1885/4142
vt 0.42271 0.19341
f 1662/3880 1730/4043 1754/4143
vt 0.04725 0.33984
f 1713/3401 1765/4064 1854/4144
vt 0.03102 0.69832
f 1631/4003 1721/4002 1781/4145
vt 0.67755 0.17513
vt 0.67515 0.17389
f 1748/3947 1927/4146 1801/4147
vt 0.04926 0.34001
vt 0.04920 0.34111
f 1765/4148 1807/3973 1825/4149
vt 0.81426 0.41445
f 1723/3920 1798/4075 1803/4150
vt 0.39675 0.22403
f 1823/3905 1786/4024 1842/4151
vt 0.13052 0.06551
f 1751/3433 1648/3567 1767/4152
vt 0.36910 0.72169
vt 0.36891 0.72282
vt 0.36854 0.72181
f 1717/4153 1836/4154 1759/4155
vt 0.51511 0.06526
f 1611/3779 1847/4156 1860/4082
vt 0.68218 0.17293
f 1690/3668 1788/4125 1895/4157
vt 0.41455 0.16684
f 1738/3997 1733/3943 1898/4158
vt 0.19585 0.04738
f 1695/3459 1824/4159 1747/3795
vt 0.94331 0.69382
vt 0.94429 0.69443
f 1752/4132 1777/4160 1702/4161
vt 0.11479 0.07146
f 1731/3587 1791/4162 1870/4107
vt 0.59621 0.83002
f 1739/3985 1772/4163 1884/4128
f 1748/3947 1628/3573 1927/4146
vt 0.46596 0.59774
f 1649/3888 1885/4142 1868/4164
vt 0.71301 0.48356
f 1649/3819 1868/4165 1788/4007
vt 0.01111 0.96366
vt 0.01015 0.96264
vt 0.01137 0.96087
f 1737/4166 1741/4167 1771/4168
vt 0.41909 0.17844
f 1809/4051 1845/4033 1877/4169
vt 0.03206 0.69458
vt 0.03006 0.69532
vt 0.03078 0.69440
f 1703/4170 1811/4171 1773/4172
vt 0.43621 0.20915
f 1717/3989 1851/3995 1836/4173
f 1704/3875 1923/4126 1807/3973
vt 0.81005 0.31414
f 1720/4021 1792/4133 1782/4174
f 1749/4086 1781/4085 1797/4111
vt 0.14857 0.05919
f 1728/3466 1618/3704 1954/4175
vt 0.18852 0.04889
f 1747/3795 1947/4176 1829/3757
vt 0.51648 0.08130
f 1707/3899 1841/4177 1726/3963
vt 0.89955 0.60707
vt 0.90025 0.60752
f 1761/4178 1637/4020 1800/4179
vt 0.03257 0.33614
f 1714/3796 1921/4180 1837/4063
f 1753/4078 1903/4123 1696/4122
vt 0.67228 0.49892
f 1760/3983 1745/4181 1762/4124
vt 0.06853 0.35060
f 1685/3844 1677/3724 1870/4182
f 1757/3530 1728/3466 1954/4175
vt 0.68558 0.70825
f 1888/4080 1718/4079 1835/4183
vt 0.03145 0.69608
f 1797/4111 1811/4184 1703/4170
vt 0.41687 0.17503
f 1651/3762 1796/3970 1850/4185
f 1713/3401 1854/4144 1874/4061
vt 0.97405 0.42742
vt 0.97488 0.42821
vt 0.97384 0.42838
f 1778/4186 1892/4187 1764/4188
vt 0.31716 0.88245
f 1665/4026 1644/4189 1857/4134
vt 0.81505 0.41707
f 1798/4075 1780/4190 1803/4150
vt 0.92526 0.12847
vt 0.92579 0.13020
vt 0.92452 0.12885
f 1637/4191 1813/4192 1800/4193
vt 0.21407 0.03832
f 1759/3895 1836/4194 1828/3742
vt 0.73035 0.25062
f 1782/3939 1783/4195 1725/3942
vt 0.70881 0.33803
vt 0.71094 0.33403
vt 0.71190 0.33749
f 1785/4196 1910/4197 1991/4198
vt 0.70951 0.33949
f 1785/4196 1991/4198 1730/4199
vt 0.95011 0.91475
vt 0.95138 0.91470
vt 0.95049 0.91543
f 1761/4200 1800/4201 1822/4202
vt 0.68476 0.70760
f 1718/4079 1858/4203 1835/4183
vt 0.97439 0.42973
f 1764/4188 1892/4187 1846/4204
vt 0.11516 0.45006
f 1758/4037 1822/4141 1962/4205
vt 0.03703 0.33923
f 1816/3705 1975/4206 1714/3796
vt 0.96590 0.58303
vt 0.96669 0.58115
vt 0.96688 0.58317
f 1741/4207 1776/4208 1820/4209
vt 0.72939 0.68087
f 1775/4096 1904/4210 1834/4097
f 1798/4106 1758/4037 1962/4205
vt 0.47581 0.59262
f 1740/3847 1902/4211 1734/3774
vt 0.72352 0.25035
f 1718/3944 1881/4098 1858/4212
vt 0.48205 0.58453
f 1755/3869 1830/4213 1787/4073
vt 0.13739 0.06262
f 1700/3279 1826/4214 1648/3567
f 1747/3795 1824/4159 1947/4176
vt 0.02836 0.69381
f 1773/4172 1811/4171 1843/4215
vt 0.06615 0.35282
f 1685/3844 1870/4182 2140/4216
vt 0.25676 0.58855
vt 0.25763 0.58520
f 1742/4121 1883/4217 1669/4218
f 1913/4091 1547/3548 2042/4090
f 1695/3459 1794/3937 1824/4159
f 1700/3279 1678/3825 1826/4214
vt 0.15249 0.05884
f 1618/3704 1735/3658 1941/4219
vt 0.15610 0.05880
f 1735/3658 1996/4220 1941/4219
vt 0.20303 0.04544
f 1821/3645 2189/4221 1794/3937
vt 0.74364 0.20299
vt 0.74409 0.20116
vt 0.74414 0.20271
f 1738/4222 1898/4223 1928/4224
f 1742/4121 1938/4100 1883/4217
vt 0.24965 0.58715
vt 0.25378 0.58608
vt 0.25175 0.58818
f 1880/4225 1804/4226 1818/4227
vt 0.43440 0.20439
f 1768/3999 1852/4228 1851/3995
vt 0.67751 0.49003
f 1729/3833 1950/4229 1799/3866
vt 0.00149 0.32215
f 1770/3797 1872/4230 1707/4046
vt 0.02424 0.33074
f 1778/3903 1882/3972 1892/4231
vt 0.68044 0.82784
f 1750/3878 1744/4056 1865/4232
vt 0.05670 0.34454
f 1668/3874 1831/4233 1819/4136
vt 0.24563 0.58861
vt 0.24641 0.58743
vt 0.24585 0.59082
f 1774/4234 1805/4235 1873/4236
vt 0.42716 0.90963
vt 0.42823 0.90735
f 1774/4072 1873/4237 1840/4238
vt 0.72989 0.25178
f 1725/3942 1783/4195 1832/4239
vt 0.91076 0.00435
vt 0.90985 0.00369
f 1762/4240 1779/4241 1802/4052
vt 0.04874 0.34045
vt 0.04799 0.34118
f 1765/4242 1825/4149 1853/4243
vt 0.93295 0.27094
vt 0.93211 0.27051
vt 0.93290 0.26944
f 1765/4244 1853/4245 1854/4246
vt 0.95386 0.57101
vt 0.95285 0.56956
vt 0.95429 0.56923
f 1781/4247 1878/4248 1797/4249
vt 0.02242 0.33073
f 1764/3959 1846/4250 1808/4016
f 1726/3963 1841/4177 1838/4074
vt 0.72877 0.67401
f 1773/3968 1843/4251 1769/3881
vt 0.81431 0.41279
f 1793/4252 1723/3920 1803/4150
vt 0.97578 0.24065
vt 0.97654 0.24008
vt 0.97627 0.24148
f 1786/4253 1806/4254 1842/4255
f 1690/3668 1895/4157 1628/3573
vt 0.12055 0.06855
f 1566/3565 1932/4256 1731/3587
vt 0.67928 0.82807
f 1750/3878 1865/4257 1889/4109
vt 0.43274 0.20293
f 1790/4258 1852/4228 1768/3999
vt 0.06214 0.34742
vt 0.05958 0.34927
f 1741/4047 1820/4259 1948/4260
vt 0.26650 0.58908
f 1766/4099 1978/4261 1938/4100
vt 0.12403 0.95989
vt 0.12513 0.96025
vt 0.12399 0.96109
f 1800/4262 1814/4263 1822/4264
vt 0.71010 0.33147
vt 0.70871 0.33417
f 1756/4069 1901/4265 1785/4266
vt 0.49666 0.46108
vt 0.49550 0.46102
vt 0.49624 0.45912
f 1793/4267 1803/4268 1752/4269
vt 0.01045 0.96036
f 1771/4168 1741/4167 1812/4270
vt 0.43507 0.20745
f 1851/3995 1908/4271 1836/4173
vt 0.39746 0.22612
f 1702/4058 1876/4272 1806/4059
vt 0.06546 0.34974
f 1776/4113 1685/3844 1907/4273
vt 0.92382 0.13035
f 1800/4193 1813/4192 1814/4274
vt 0.60050 0.82291
f 1856/4275 1701/4138 1925/4135
f 1756/4069 1879/4068 1901/4265
vt 0.97074 0.72414
vt 0.97110 0.72536
vt 0.97011 0.72541
f 1745/4276 1986/4277 1762/4278
f 1566/3565 1869/4104 1932/4256
f 1804/4226 1669/4218 1883/4217
vt 0.43192 0.20145
vt 0.43189 0.19997
vt 0.43373 0.20127
f 1790/4279 1856/4280 1810/4281
vt 0.91240 0.00189
vt 0.91045 0.00098
f 1789/4282 1802/4052 1817/4283
vt 0.70963 0.34232
vt 0.71238 0.34091
f 1754/4284 1730/4199 1964/4285
vt 0.05955 0.34655
f 1741/4047 1948/4260 1812/4286
vt 0.49496 0.45455
vt 0.49352 0.45663
f 1777/4287 1752/4269 1861/4288
vt 0.71603 0.51482
vt 0.71662 0.51328
f 1782/3966 1792/4289 1783/4290
f 1628/3573 1895/4157 1927/4146
vt 0.80517 0.31146
f 1746/4019 1815/4291 1792/4133
vt 0.96267 0.49811
vt 0.96165 0.49741
vt 0.96283 0.49604
f 1776/4292 1862/4293 1820/4294
vt 0.75673 0.68722
f 1763/4029 1922/4295 1710/4030
vt 0.02901 0.69764
f 1721/4002 1840/4139 1878/4296
f 1721/4002 1878/4296 1781/4145
vt 0.47947 0.58833
f 1787/4057 1871/4297 1740/3847
f 1725/3942 1832/4239 1881/4098
vt 0.74489 0.19024
vt 0.74727 0.19039
vt 0.74629 0.19270
f 1789/4298 1817/4299 1912/4300
f 1710/4108 1815/4291 1746/4019
vt 0.75825 0.68198
vt 0.76138 0.68120
f 1710/4030 2066/4301 1815/4302
vt 0.67831 0.48284
f 1753/4078 1834/4117 1891/4303
f 1790/4258 1810/4281 1852/4228
vt 0.74397 0.19218
f 1789/4298 1912/4300 1784/4304
vt 0.12526 0.96252
f 1814/4263 1867/4305 1822/4264
f 1729/3833 1903/4123 1950/4229
vt 0.70285 0.01665
f 1801/4045 1905/4306 1813/3927
vt 0.97071 0.72631
f 1762/4278 1986/4277 1779/4307
f 1752/4269 1803/4268 1861/4288
vt 0.98302 0.67553
vt 0.98295 0.67610
vt 0.98260 0.67525
f 1858/4308 1825/4309 1835/4310
f 1804/4226 1883/4217 1818/4227
f 1887/3992 2189/4221 1821/3645
vt 0.04986 0.34252
f 1807/3973 1923/4126 1866/4311
vt 0.01432 0.33225
f 1795/3568 1808/4016 2056/4312
vt 0.71226 0.34424
f 1772/4112 1754/3863 1926/4313
vt 0.41609 0.17323
vt 0.41571 0.16865
vt 0.41700 0.16897
f 1796/4314 1738/4315 1928/4316
vt 0.31218 0.88348
f 1763/4027 1857/4134 1922/4317
vt 0.68676 0.70664
f 1835/4183 2001/4318 1888/4080
f 1844/4023 1722/3926 1893/4127
f 1802/4052 1779/4241 1817/4283
f 1807/3973 1866/4311 1825/4149
f 1757/3530 1954/4175 1678/3825
vt 0.87888 0.82830
vt 0.87957 0.83058
vt 0.87815 0.82869
f 1797/4319 1878/4320 1811/4321
vt 0.98281 0.67627
vt 0.98236 0.67611
f 1835/4310 1825/4322 1859/4323
vt 0.39020 0.21596
f 1766/3935 1864/4137 1978/4324
vt 0.92460 0.13133
f 1814/4274 1813/4192 1905/4325
f 1714/3796 1975/4206 1921/4180
vt 0.50132 0.54551
vt 0.49736 0.54513
vt 0.49716 0.54324
f 1838/4326 1841/4327 1872/4328
vt 0.73034 0.67684
f 1769/3881 1843/4251 1863/4329
vt 0.75350 0.97700
vt 0.75441 0.97646
vt 0.75415 0.97718
f 1825/4330 1858/4331 1853/4332
f 1806/4059 1876/4272 1842/4151
vt 0.97497 0.67410
vt 0.97486 0.67509
vt 0.97413 0.67455
f 1776/4333 1907/4334 1862/4335
vt 0.11572 0.44820
f 1798/4106 1962/4205 1839/4336
vt 0.02536 0.69618
f 1811/4171 1894/4337 1843/4215
f 1685/3844 2140/4216 1907/4273
vt 0.39891 0.22768
f 1702/4058 1777/4338 1876/4272
f 1769/3881 1863/4329 1775/4096
vt 0.04907 0.34181
f 1825/4149 1866/4311 1859/4339
vt 0.97530 0.75170
vt 0.97433 0.75254
vt 0.97454 0.75172
f 1835/4340 1859/4341 2001/4342
vt 0.70998 0.52152
vt 0.70923 0.52039
f 1644/3894 1889/4343 1969/4344
f 1847/4156 1611/3779 1844/4023
f 1730/4199 1991/4198 1964/4285
vt 0.67645 0.49458
vt 0.67551 0.49723
f 1799/3866 1968/4345 1942/4346
vt 0.51638 0.54510
vt 0.51388 0.54622
vt 0.51301 0.54483
f 1860/4347 1847/4348 1937/4349
vt 0.78804 0.96551
vt 0.78728 0.96621
vt 0.78714 0.96453
f 1771/4350 1812/4351 1833/4352
vt 0.50486 0.54272
vt 0.50567 0.54544
f 1838/4326 1914/4353 1893/4354
vt 0.91103 0.17099
vt 0.90994 0.17423
vt 0.91011 0.17184
f 1831/4355 1995/4356 1819/4357
f 1710/4030 1922/4295 2066/4301
vt 0.87590 0.83242
vt 0.87778 0.83404
f 1894/4358 1811/4321 1909/4359
f 1799/3866 1950/4229 1968/4345
vt 0.03279 0.33289
vt 0.03194 0.33629
f 1837/4360 1985/4361 1882/3972
vt 0.80918 0.30968
f 1792/4133 1815/4291 1934/4362
vt 0.67866 0.48485
f 1753/4078 1977/4363 1903/4123
f 1838/4326 1872/4328 1914/4353
vt 0.25319 0.74055
vt 0.25286 0.74233
vt 0.25184 0.74096
f 1834/4364 1904/4365 1891/4366
vt 0.39788 0.22765
f 1777/4338 1875/4367 1876/4272
vt 0.74409 0.19400
f 1784/4304 1912/4300 1849/4368
vt 0.17615 0.05342
f 1827/3715 2174/4369 1848/3721
vt 0.00021 0.31941
f 1707/4046 1872/4230 1841/4370
vt 0.41781 0.17990
vt 0.42059 0.18130
f 1809/4371 1877/4169 1879/4372
vt 0.39444 0.22225
f 1842/4151 1906/4373 1823/3905
vt 0.72333 0.25355
f 1858/4212 1881/4098 1899/4374
f 1805/4235 1880/4225 1873/4236
vt 0.05759 0.34779
f 1831/4066 1833/4065 2009/4375
f 1753/4078 1891/4303 1977/4363
f 1731/3587 1932/4256 1791/4162
f 1795/3568 2056/4312 1855/3635
f 1734/3774 1902/4211 1727/4050
f 1745/3946 1799/3866 1942/4346
vt 0.72936 0.25510
f 1832/4239 1943/4376 1881/4098
vt 0.67941 0.83053
f 1744/4056 1963/4377 1865/4232
vt 0.31652 0.88579
f 1644/4189 1969/4378 1857/4134
vt 0.91165 0.17429
f 1831/4355 2009/4379 1995/4356
vt 0.04576 0.34190
vt 0.04706 0.34025
f 1853/4243 1940/4380 1854/4381
f 1751/3433 1767/4152 1869/4104
vt 0.98480 0.95652
vt 0.98461 0.95739
vt 0.98422 0.95677
f 1777/4382 1973/4383 1875/4384
vt 0.95616 0.47588
vt 0.95691 0.47377
vt 0.95713 0.47592
f 1985/4385 1837/4386 1921/4387
vt 0.37235 0.72568
vt 0.36881 0.72428
f 1908/4388 1897/4389 1836/4154
vt 0.71207 0.34605
f 1772/4112 1926/4313 1886/4390
vt 0.59494 0.82951
f 1772/4163 1886/4391 1884/4128
vt 0.49214 0.45394
f 1777/4287 1861/4288 1973/4392
vt 0.59576 0.82854
f 1884/4128 1886/4391 1933/4393
vt 0.42046 0.17378
f 1796/3970 1936/4394 1850/4185
vt 0.98010 0.32940
vt 0.98056 0.32978
vt 0.98012 0.33027
f 1858/4395 1859/4396 1853/4397
vt 0.21482 0.04091
f 1836/4194 1897/4398 1828/3742
vt 0.98855 0.44409
vt 0.98807 0.44385
vt 0.98855 0.44336
f 1842/4399 1876/4400 1890/4401
vt 0.51006 0.54608
vt 0.51040 0.54322
f 1844/4402 1893/4354 2026/4403
vt 0.97912 0.29844
vt 0.97871 0.29737
vt 0.97931 0.29705
f 1844/4404 1937/4405 1847/4406
vt 0.95916 0.20927
vt 0.96019 0.21184
vt 0.95881 0.21172
f 1814/4407 1958/4408 1867/4409
f 1854/4381 1940/4380 1874/4061
f 1864/4137 1823/3905 1906/4373
f 1844/4402 2026/4403 1937/4349
f 1901/4265 1910/4197 1785/4266
vt 0.02591 0.69363
f 1843/4215 1894/4337 1863/4410
vt 0.73038 0.25410
f 1832/4239 1935/4411 1943/4376
vt 0.06249 0.34970
f 1820/4259 1929/4412 1948/4260
vt 0.81001 0.31110
f 1792/4133 1934/4362 1783/4413
vt 0.74636 0.19512
vt 0.74487 0.19634
f 1849/4368 1960/4414 1896/4415
vt 0.96036 0.20948
f 1814/4407 1905/4416 1958/4408
vt 0.73101 0.67893
f 1775/4096 1953/4417 1904/4210
f 1796/4314 1928/4316 1936/4394
vt 0.71541 0.48179
f 1868/4165 1983/4418 1788/4007
vt 0.70968 0.32386
vt 0.71027 0.32303
vt 0.71039 0.32487
f 1845/4419 1850/4420 1877/4421
vt 0.12393 0.96310
f 1822/4264 1867/4305 2012/4422
vt 0.00995 0.33105
f 1855/3635 2164/4423 1693/3978
f 1912/4300 1960/4414 1849/4368
vt 0.97441 0.06425
vt 0.97514 0.06572
vt 0.97397 0.06570
f 1820/4424 1862/4425 1929/4426
f 1618/3704 1941/4219 1954/4175
vt 0.04181 0.34225
f 1874/4061 2053/4427 1816/3705
vt 0.72439 0.25585
f 1881/4098 1949/4428 1899/4374
vt 0.41957 0.17692
f 1850/4185 1936/4394 1877/4429
vt 0.98793 0.95384
vt 0.98762 0.95426
vt 0.98754 0.95366
f 1876/4430 1875/4431 1890/4432
vt 0.71734 0.51234
vt 0.71684 0.51077
f 1832/4433 1783/4290 1935/4434
vt 0.49250 0.46119
f 1803/4268 1780/4435 1861/4288
vt 0.39665 0.22557
vt 0.39498 0.22686
f 1842/4151 1890/4436 2019/4437
f 1833/4065 1812/4286 2009/4375
vt 0.02890 0.33641
f 1985/4361 2023/4438 1882/3972
vt 0.51879 0.54379
vt 0.51940 0.54149
f 1830/4439 1860/4347 1787/4440
vt 0.98609 0.87604
vt 0.98638 0.87529
vt 0.98653 0.87579
f 1859/4441 1866/4442 1951/4443
vt 0.97388 0.75178
f 2001/4342 1859/4341 1858/4444
vt 0.67474 0.17701
f 1801/4147 1927/4146 1905/4445
vt 0.67208 0.50224
vt 0.67385 0.50006
vt 0.67385 0.50247
f 1779/4446 1986/4447 2015/4448
vt 0.81702 0.41818
f 1798/4075 1839/4449 1780/4190
f 1735/3658 1913/4091 1996/4220
vt 0.47952 0.59178
f 1740/3847 1871/4297 1961/4450
f 1740/3847 1961/4450 1902/4211
vt 0.74393 0.19962
vt 0.74486 0.20067
f 1898/4223 1733/4451 1915/4452
vt 0.00551 0.32750
f 1693/3978 2091/4453 1770/3797
vt 0.21117 0.04472
f 1828/3742 2002/4454 1887/3992
f 1848/3721 2174/4369 1911/3975
vt 0.31294 0.88573
f 1922/4317 1857/4134 1976/4455
vt 0.04872 0.34193
vt 0.04879 0.34362
vt 0.04697 0.34403
f 1859/4456 1951/4457 2100/4458
vt 0.04768 0.34149
f 1859/4456 2100/4458 1853/4459
f 1865/4257 1963/4377 1889/4109
vt 0.36849 0.93777
vt 0.36884 0.93622
vt 0.36885 0.93752
f 1874/4460 1940/4461 1930/4462
f 1853/4243 2100/4458 1940/4380
vt 0.68460 0.70399
vt 0.68590 0.70416
vt 0.68519 0.70636
f 1899/4463 1916/4464 1858/4465
vt 0.90230 0.94858
vt 0.90149 0.94632
vt 0.90291 0.94698
f 1875/4466 1973/4467 1984/4468
vt 0.39700 0.22653
vt 0.39799 0.22805
vt 0.39705 0.22868
f 1890/4469 1875/4470 1984/4471
vt 0.02360 0.69444
f 1894/4337 1953/4472 1863/4410
f 1878/4320 1909/4359 1811/4321
vt 0.59572 0.82629
f 1925/4135 1884/4128 1924/4473
f 1775/4096 1863/4329 1953/4417
vt 0.24456 0.59300
vt 0.24545 0.59404
f 1840/4474 1873/4236 1931/4475
f 1893/4354 1914/4353 2026/4403
vt 0.74571 0.19842
f 1733/4451 1896/4415 1956/4476
vt 0.37251 0.72412
vt 0.37485 0.72494
f 1851/4477 1852/4478 1908/4388
vt 0.69363 0.71253
f 1744/4031 1900/3930 2005/4479
vt 0.25123 0.59166
f 1818/4227 1999/4480 1880/4225
vt 0.39419 0.22387
f 1906/4373 1842/4151 1965/4481
vt 0.04422 0.34154
f 1874/4061 1930/4482 2053/4427
f 1890/4469 1984/4471 2019/4437
vt 0.12711 0.06869
f 1767/4152 2113/4483 1869/4104
vt 0.38881 0.21728
f 1978/4324 1864/4137 2047/4484
vt 0.18534 0.05308
f 1827/3715 1829/3757 2211/4485
f 1812/4286 1948/4260 2009/4375
vt 0.95043 0.91670
vt 0.95098 0.91870
vt 0.95001 0.91847
f 1822/4486 2012/4487 1944/4488
vt 0.05676 0.34743
vt 0.05504 0.34866
f 1995/4489 1993/4490 1819/4136
vt 0.06804 0.35333
f 1870/4182 1980/4491 2140/4216
vt 0.71017 0.32796
vt 0.71142 0.32817
f 1879/4492 1945/4493 1901/4265
vt 0.72167 0.55512
vt 0.71833 0.55542
vt 0.71960 0.55258
f 1917/4494 1906/4495 1992/4496
vt 0.37002 0.93614
f 1930/4462 1940/4461 1916/4497
vt 0.11234 0.45363
f 1962/4205 1822/4141 1944/4498
f 1754/3863 1964/4285 1926/4313
vt 0.34648 0.82061
vt 0.34729 0.82190
vt 0.34605 0.82286
f 1897/4499 1908/4500 2049/4501
f 1745/3946 1942/4346 1986/4447
vt 0.04911 0.34280
vt 0.04944 0.34386
f 1866/4502 1923/4126 1951/4503
f 1842/4151 2019/4437 1965/4481
vt 0.51445 0.54018
f 1937/4349 2075/4504 1860/4347
vt 0.14607 0.06403
f 1954/4175 2038/4505 1678/3825
vt 0.52791 0.70514
vt 0.52859 0.70197
vt 0.52933 0.70498
f 1886/4506 1926/4507 1933/4508
vt 0.69157 0.70809
f 1900/3930 1888/4080 2116/4509
vt 0.39438 0.92928
vt 0.39521 0.93214
vt 0.39328 0.93214
f 1779/4510 1970/4511 1817/4512
vt 0.02316 0.33383
f 1892/4231 1882/3972 1952/4513
vt 0.43344 0.19972
f 1810/4281 1856/4280 2041/4514
vt 0.68545 0.17272
f 1788/4125 1983/4515 1895/4157
vt 0.36916 0.93765
vt 0.37000 0.93720
f 1930/4516 1916/4497 1899/4517
vt 0.71607 0.51146
f 1935/4434 1783/4290 1934/4518
vt 0.25392 0.74465
vt 0.25639 0.74698
vt 0.25231 0.74823
f 1953/4519 1894/4520 2018/4521
vt 0.59580 0.82743
f 1933/4522 1924/4473 1884/4128
vt 0.71706 0.55407
f 1906/4495 1965/4523 1992/4496
vt 0.25622 0.74921
f 1894/4520 1909/4524 2018/4521
vt 0.74594 0.19989
f 1733/4451 1956/4476 1915/4525
f 1858/4465 1916/4464 2001/4318
vt 0.74855 0.61322
vt 0.75215 0.61342
vt 0.74828 0.61610
f 1906/4526 1917/4527 2010/4528
vt 0.42835 0.90484
vt 0.42675 0.90542
f 1878/4529 1840/4238 1931/4530
f 1888/4080 2001/4318 2116/4509
vt 0.24968 0.59302
f 1880/4225 1918/4531 1873/4236
vt 0.71137 0.33227
f 1901/4265 1919/4532 1910/4197
vt 0.02244 0.33081
vt 0.02281 0.33299
f 1846/4533 1892/4231 1979/4534
vt 0.25150 0.74462
f 1953/4519 1974/4535 1904/4365
vt 0.71182 0.33574
f 1991/4198 1910/4197 2014/4536
vt 0.41972 0.17057
f 1928/4316 1955/4537 1936/4394
vt 0.97503 0.15923
vt 0.97387 0.16024
vt 0.97392 0.15864
f 1862/4538 1907/4539 1929/4540
vt 0.68716 0.19803
vt 0.68817 0.19852
vt 0.68851 0.20007
f 1891/4541 1920/4542 1977/4543
vt 0.74788 0.19214
f 1912/4300 1817/4299 1957/4544
vt 0.01943 0.33392
f 1808/4016 1846/4533 2238/4545
vt 0.72301 0.25529
vt 0.72183 0.25433
f 1899/4374 1987/4546 1930/4547
f 1949/4428 1987/4546 1899/4374
vt 0.81528 0.41934
f 1839/4449 2022/4548 1780/4190
vt 0.49948 0.53845
f 1872/4328 2044/4549 1914/4353
vt 0.69466 0.71450
f 1744/4031 2005/4479 1981/4550
f 1818/4227 1883/4217 1999/4480
vt 0.68176 0.83063
f 1744/4056 1981/4551 1963/4377
vt 0.47054 0.60127
f 1885/4142 1727/4050 2106/4552
f 1976/4455 1857/4134 1969/4378
f 1648/3567 1826/4214 1767/4152
vt 0.59784 0.82077
f 1856/4275 1925/4135 2041/4553
vt 0.39096 0.22035
f 1864/4137 2010/4554 2047/4484
vt 0.97008 0.48762
vt 0.97076 0.48651
vt 0.97085 0.48839
f 1960/4555 1912/4556 2020/4557
vt 0.02194 0.33338
f 1846/4533 1979/4558 2238/4545
f 1864/4137 1906/4373 2010/4554
vt 0.97767 0.48863
vt 0.97723 0.48771
vt 0.97814 0.48784
f 1983/4559 1868/4560 2098/4561
f 1873/4236 1918/4531 1931/4475
vt 0.26196 0.59285
f 1938/4100 1989/4562 1883/4217
vt 0.75201 0.61702
f 1917/4527 1998/4563 2010/4528
vt 0.46786 0.60058
f 1868/4164 1885/4142 2098/4564
f 1879/4492 1877/4421 1945/4493
vt 0.42905 0.90289
vt 0.42794 0.90340
f 1909/4565 1878/4529 1988/4566
f 1943/4376 1949/4428 1881/4098
vt 0.91172 0.96157
vt 0.91246 0.96185
vt 0.91133 0.96312
f 1896/4567 1960/4568 1956/4569
f 1878/4529 1931/4530 1988/4566
f 1901/4265 1945/4493 1919/4532
vt 0.68812 0.20226
vt 0.68923 0.20403
f 1903/4570 1977/4543 1950/4571
vt 0.67729 0.18061
vt 0.67419 0.17884
f 1905/4445 2059/4572 1958/4573
vt 0.03329 0.33847
f 1975/4206 2029/4574 1921/4180
vt 0.59661 0.82534
vt 0.59543 0.82497
f 1924/4575 1994/4576 1925/4135
vt 0.53272 0.70386
f 1933/4508 1926/4507 2094/4577
f 1892/4231 1952/4513 1979/4534
f 1860/4347 2075/4504 1787/4440
f 1905/4445 1927/4146 2059/4572
f 1829/3757 1947/4176 2211/4485
f 1907/4273 2140/4216 1929/4412
f 1819/4136 1993/4490 1923/4126
vt 0.91245 0.96384
f 1960/4568 1971/4578 1956/4569
vt 0.71296 0.33901
f 1964/4285 1991/4198 1939/4579
vt 0.24730 0.59506
f 1931/4475 1918/4531 2034/4580
vt 0.70739 0.52163
vt 0.70740 0.52015
f 1889/4343 1972/4581 2011/4582
vt 0.80486 0.30838
vt 0.80677 0.30670
f 1815/4291 2008/4583 2032/4584
vt 0.41637 0.16618
vt 0.41846 0.16691
f 1928/4316 1898/4585 2006/4586
f 1880/4225 1999/4480 1918/4531
vt 0.11232 0.07112
f 1870/4107 1791/4162 1980/4587
vt 0.11274 0.45052
f 1962/4205 1944/4498 2046/4588
f 1855/3635 2056/4312 2164/4423
f 1928/4316 2006/4586 1955/4537
vt 0.73042 0.25669
f 1935/4411 2025/4589 1943/4376
vt 0.90270 0.94546
f 1973/4467 1946/4590 1984/4468
vt 0.75811 0.67725
f 1815/4302 2066/4301 2120/4591
f 1794/3937 2189/4221 1824/4159
vt 0.75494 0.68269
f 2066/4301 1922/4295 2065/4592
vt 0.67262 0.50454
f 1779/4446 2015/4448 1970/4593
vt 0.04461 0.34290
f 2053/4427 1930/4482 2017/4594
vt 0.53088 0.70508
f 1933/4508 2094/4577 1924/4595
f 1815/4291 2032/4584 1934/4362
vt 0.49184 0.50712
vt 0.49191 0.50966
vt 0.48878 0.50732
f 1917/4596 2030/4597 1998/4598
vt 0.68408 0.17714
f 1895/4157 1983/4515 2182/4599
vt 0.48946 0.45482
f 1861/4288 2033/4600 1973/4392
vt 0.69429 0.21155
vt 0.69173 0.20718
vt 0.69504 0.20678
f 1942/4601 1968/4602 2146/4603
vt 0.00188 0.32489
f 1770/3797 2013/4604 1872/4230
vt 0.37771 0.72571
vt 0.37717 0.72847
f 1810/4605 2000/4606 1852/4478
vt 0.25692 0.59319
f 1883/4217 1989/4562 2090/4607
f 1940/4380 2100/4458 2017/4594
f 1885/4142 2106/4552 2098/4564
vt 0.95678 0.47826
f 1985/4385 1921/4387 2029/4608
vt 0.16576 0.05730
f 2042/4090 1959/4609 1913/4091
vt 0.74709 0.19423
vt 0.74835 0.19502
f 1912/4610 1957/4544 2020/4611
vt 0.72182 0.55252
f 1992/4496 2030/4612 1917/4494
vt 0.26597 0.59276
f 1938/4100 1978/4261 2016/4613
f 1895/4157 2182/4599 1927/4146
vt 0.49050 0.45732
f 1861/4288 1780/4435 1966/4614
vt 0.04965 0.34707
f 1923/4126 2081/4615 1951/4503
f 1861/4288 1966/4614 2033/4600
f 1828/3742 1897/4398 2002/4454
vt 0.25022 0.74175
f 1891/4366 1904/4365 1920/4616
vt 0.49686 0.53919
f 1872/4328 2013/4617 2044/4549
f 1938/4100 2016/4613 1989/4562
vt 0.14226 0.06641
f 1826/4214 1678/3825 2261/4618
vt 0.71606 0.50899
vt 0.71649 0.50739
f 1935/4434 2004/4619 2025/4620
f 1889/4343 2011/4582 1969/4344
vt 0.24816 0.74322
f 1904/4365 2141/4621 1920/4616
vt 0.39300 0.22643
f 2019/4437 2060/4622 1965/4481
vt 0.88542 0.83641
vt 0.88409 0.83721
vt 0.88368 0.83570
f 1944/4623 2012/4624 2073/4625
vt 0.52167 0.53992
vt 0.52145 0.53800
f 1871/4626 1787/4440 2124/4627
vt 0.76147 0.67788
f 1815/4302 2120/4591 2008/4628
vt 0.72682 0.25931
f 1949/4428 1943/4376 2086/4629
vt 0.11349 0.44823
f 1839/4336 1962/4205 2007/4630
vt 0.68039 0.83119
f 1963/4377 1981/4551 1982/4631
vt 0.39402 0.93396
f 1817/4512 1970/4511 1957/4632
vt 0.67686 0.83107
f 1889/4109 1963/4377 2058/4633
vt 0.67553 0.83090
f 1889/4109 2058/4633 1972/4634
vt 0.92545 0.23099
vt 0.92402 0.23015
vt 0.92533 0.23009
f 1930/4635 1987/4636 2017/4637
vt 0.81004 0.30837
vt 0.80976 0.30692
f 1935/4638 1934/4362 2004/4639
vt 0.42324 0.18594
vt 0.42334 0.18475
vt 0.42395 0.18652
f 1910/4640 1919/4641 2014/4642
vt 0.41683 0.16492
vt 0.41845 0.16536
f 1898/4585 1915/4643 1967/4644
vt 0.99003 0.09760
vt 0.99003 0.09822
vt 0.98970 0.09770
f 1994/4645 2089/4646 1925/4647
vt 0.42339 0.17824
f 1877/4429 1936/4394 2037/4648
vt 0.42285 0.18118
f 1877/4429 2037/4648 1945/4649
vt 0.68408 0.70180
vt 0.68516 0.70032
vt 0.68489 0.70228
f 1949/4650 2028/4651 1987/4652
vt 0.53237 0.70642
f 1924/4595 2094/4577 1994/4653
vt 0.91179 0.96473
f 1956/4569 1971/4578 1915/4654
vt 0.88476 0.83863
vt 0.88363 0.83948
vt 0.88409 0.83784
f 1867/4655 1958/4656 2012/4657
vt 0.48951 0.46043
f 1966/4614 1780/4435 2003/4658
vt 0.06137 0.35378
f 1929/4412 2140/4216 2139/4659
vt 0.03346 0.34234
f 1975/4206 2064/4660 2029/4574
f 1770/3797 2091/4453 2013/4604
f 2006/4586 1898/4585 1967/4644
vt 0.42521 0.18836
vt 0.42421 0.18930
f 2014/4642 2024/4661 1991/4662
vt 0.02397 0.33543
f 1882/3972 2023/4438 2048/4663
vt 0.42286 0.17114
f 1955/4537 2157/4664 1936/4394
f 1953/4519 2018/4521 1974/4535
f 2100/4458 1951/4457 2081/4615
f 1882/3972 2048/4663 1952/4513
vt 0.25402 0.59247
f 1999/4480 1883/4217 2054/4665
vt 0.17362 0.05807
f 1911/3975 2174/4369 2178/4666
f 1962/4205 2046/4588 2007/4630
f 1934/4362 2032/4584 2004/4639
vt 0.24654 0.59666
f 1931/4475 2034/4580 1988/4667
f 1869/4104 2113/4483 1932/4256
vt 0.39540 0.93392
f 1970/4511 2055/4668 1957/4632
vt 0.81690 0.41997
f 1839/4449 2007/4669 2022/4548
f 1900/3930 2116/4509 2005/4479
vt 0.49016 0.46214
f 1780/4435 2022/4670 2003/4658
f 1678/3825 2038/4505 2261/4618
f 1816/3705 2053/4427 1975/4206
vt 0.68958 0.70411
f 2116/4509 2001/4318 1997/4671
vt 0.70801 0.51828
f 1969/4344 2011/4582 2078/4672
vt 0.73010 0.25888
f 1943/4376 2025/4589 2072/4673
f 1943/4376 2072/4673 2086/4629
vt 0.19320 0.05219
f 1824/4159 2467/4674 1947/4176
vt 0.14269 0.49910
vt 0.14441 0.49965
vt 0.14135 0.50057
f 1963/4675 1982/4676 2058/4677
vt 0.74870 0.19737
vt 0.74667 0.19703
f 2020/4611 2061/4678 1960/4679
vt 0.98152 0.32139
vt 0.98114 0.32019
vt 0.98168 0.32003
f 1984/4680 1946/4681 2021/4682
vt 0.69034 0.20193
f 1950/4571 1977/4543 2035/4683
f 1937/4349 2026/4403 2075/4504
vt 0.37301 0.92994
vt 0.37470 0.93080
vt 0.37297 0.93218
f 1920/4684 2050/4685 1977/4686
vt 0.74727 0.19859
f 1971/4687 1960/4679 2061/4678
vt 0.25622 0.75135
vt 0.25399 0.75271
f 1909/4524 1988/4688 2045/4689
f 1909/4524 2045/4689 2018/4521
vt 0.88374 0.83292
f 1944/4623 2073/4625 2046/4690
vt 0.51820 0.53712
f 1787/4440 2075/4504 1990/4691
vt 0.14001 0.49906
vt 0.13957 0.50012
f 1972/4692 2058/4677 2011/4693
vt 0.88284 0.83964
f 1958/4656 2135/4694 2012/4657
vt 0.52266 0.53977
vt 0.52356 0.53674
f 1871/4695 2124/4627 1961/4696
vt 0.74972 0.19394
f 2020/4611 1957/4544 2055/4697
vt 0.24981 0.59475
f 1918/4531 2101/4698 2034/4580
vt 0.80010 0.60097
vt 0.79831 0.60556
vt 0.79602 0.60133
f 1969/4699 2122/4700 1976/4701
f 1787/4440 1990/4691 2124/4627
vt 0.92405 0.22768
f 2017/4637 1987/4636 2077/4702
vt 0.71698 0.55320
vt 0.71708 0.55142
f 1965/4703 2060/4704 1992/4496
f 1904/4365 1974/4535 2141/4621
vt 0.67448 0.50234
vt 0.67659 0.50317
f 1970/4593 2015/4705 2084/4706
vt 0.37968 0.72746
f 1810/4605 2041/4707 2000/4606
vt 0.94798 0.59820
vt 0.94811 0.60025
vt 0.94734 0.59885
f 2017/4708 2077/4709 1940/4710
vt 0.69717 0.20903
f 1942/4601 2146/4603 2102/4711
vt 0.69254 0.20227
f 1968/4602 1950/4571 2171/4712
vt 0.16083 0.06045
f 1913/4091 2040/4713 1996/4220
vt 0.80058 0.60284
f 1969/4699 2078/4714 2122/4700
vt 0.94679 0.52423
vt 0.94801 0.52194
vt 0.94760 0.52493
f 1955/4715 2006/4716 2157/4717
vt 0.02882 0.33826
f 1985/4361 2097/4718 2023/4438
vt 0.52929 0.69903
vt 0.53297 0.69895
f 1926/4507 1964/4719 2082/4720
vt 0.18083 0.05501
f 1827/3715 2211/4485 2268/4721
vt 0.42509 0.18964
f 1991/4662 2024/4661 1939/4722
f 1926/4507 2082/4720 2094/4577
f 1929/4412 2139/4659 1948/4260
vt 0.14412 0.50122
f 1982/4676 2088/4723 2058/4677
vt 0.15068 0.06435
f 1954/4175 2247/4724 2038/4505
vt 0.24824 0.74167
f 1920/4616 2141/4621 2050/4725
vt 0.72390 0.25790
f 1949/4428 2086/4629 2028/4726
f 1883/4217 2090/4607 2054/4665
vt 0.36920 0.93331
f 1916/4497 1940/4461 2052/4727
vt 0.67638 0.50493
f 1970/4593 2084/4706 2115/4728
f 1827/3715 2268/4721 2174/4369
f 1808/4016 2238/4545 2056/4312
vt 0.92096 0.70218
vt 0.91912 0.70282
vt 0.91910 0.70007
f 1995/4729 2009/4730 2105/4731
vt 0.38658 0.21439
f 1978/4324 2047/4484 2016/4732
vt 0.42346 0.17459
f 1936/4394 2157/4664 2093/4733
vt 0.41539 0.16433
vt 0.41535 0.16317
vt 0.41753 0.16377
f 1971/4734 2061/4735 1915/4736
vt 0.59181 0.28850
vt 0.59149 0.28652
vt 0.59349 0.28762
f 2014/4737 1919/4738 2175/4739
vt 0.59259 0.28997
f 2014/4737 2175/4739 2024/4740
vt 0.21581 0.04422
f 1897/4398 2049/4741 2002/4454
vt 0.37353 0.72907
f 1852/4478 2000/4606 2031/4742
f 1852/4478 2031/4742 1908/4388
vt 0.75487 0.68693
f 1922/4295 1976/4743 2065/4592
vt 0.69583 0.21351
vt 0.69727 0.21131
f 1986/4744 1942/4601 2057/4745
vt 0.69769 0.21408
f 1986/4744 2057/4745 2015/4746
vt 0.48809 0.45640
f 1966/4614 2076/4747 2033/4600
vt 0.82562 0.39509
vt 0.82689 0.39474
vt 0.82737 0.39789
f 1918/4748 1999/4749 2184/4750
vt 0.71444 0.48099
vt 0.71633 0.47828
f 1983/4418 2098/4751 2213/4752
vt 0.68623 0.17665
f 1983/4515 2213/4753 2182/4599
vt 0.88201 0.83752
f 2073/4625 2012/4657 2107/4754
f 1911/3975 2178/4666 2042/4090
vt 0.59499 0.82284
f 2089/4755 2041/4553 1925/4135
vt 0.47433 0.59886
f 1727/4050 1902/4211 2179/4756
vt 0.39522 0.23035
f 1984/4471 2021/4757 2019/4437
vt 0.82491 0.39793
f 1918/4748 2184/4750 2101/4758
vt 0.48880 0.46179
f 2022/4670 2129/4759 2003/4658
vt 0.80486 0.30466
f 2008/4583 2027/4760 2032/4584
vt 0.39691 0.23077
vt 0.39710 0.23240
vt 0.39409 0.23287
f 1973/4761 2033/4762 2192/4763
vt 0.47884 0.59714
f 1961/4450 2074/4764 1902/4211
vt 0.72369 0.25987
f 2028/4726 2086/4629 2127/4765
vt 0.24872 0.59680
f 1988/4667 2034/4580 2068/4766
f 1942/4601 2102/4711 2057/4745
vt 0.76168 0.67409
f 2008/4628 2120/4591 2027/4767
vt 0.67374 0.50765
vt 0.67535 0.50769
f 2055/4768 1970/4593 2110/4769
vt 0.96541 0.58295
vt 0.96370 0.58314
vt 0.96475 0.58199
f 1946/4770 1973/4771 2021/4772
vt 0.41985 0.16851
vt 0.42067 0.16625
f 2006/4773 1967/4644 2062/4774
f 1970/4593 2115/4728 2110/4769
vt 0.37017 0.93256
f 1916/4497 2052/4727 1997/4775
f 1916/4464 1997/4671 2001/4318
vt 0.88226 0.83869
f 2012/4657 2070/4776 2107/4754
vt 0.52972 0.69741
vt 0.53164 0.69766
f 1964/4719 1939/4777 2092/4778
vt 0.48840 0.45840
f 1966/4614 2003/4658 2071/4779
vt 0.39454 0.22915
f 2019/4437 2021/4757 2125/4780
f 1964/4719 2092/4778 2082/4720
vt 0.67688 0.50098
f 2015/4705 2043/4781 2084/4706
vt 0.14509 0.50006
vt 0.14612 0.49949
vt 0.14589 0.50312
f 1982/4782 1981/4783 2069/4784
f 2012/4657 2135/4694 2070/4776
vt 0.79565 0.60536
f 1976/4701 2122/4700 2065/4785
vt 0.20221 0.05118
f 2189/4221 2230/4786 1824/4159
vt 0.81005 0.30494
f 2004/4639 2032/4584 2025/4787
vt 0.11244 0.07308
f 1980/4587 1791/4162 2036/4788
vt 0.38510 0.21419
f 2016/4732 2047/4484 2039/4789
f 2034/4580 2101/4698 2068/4766
vt 0.37413 0.93315
f 1977/4686 2050/4685 2126/4790
vt 0.37314 0.93481
f 1977/4686 2126/4790 2035/4791
f 1950/4571 2035/4683 2171/4712
vt 0.50753 0.53708
f 1914/4353 2044/4549 2067/4792
vt 0.68799 0.70235
vt 0.68624 0.70246
f 2028/4651 2077/4793 1987/4794
vt 0.98324 0.38118
vt 0.98388 0.38100
vt 0.98359 0.38176
f 2024/4795 2092/4796 1939/4797
f 1954/4175 1941/4219 2247/4724
vt 0.92003 0.70031
f 1995/4729 2105/4731 1993/4798
vt 0.13737 0.06692
f 1826/4214 2261/4618 2153/4799
vt 0.59220 0.28357
f 2175/4739 1919/4738 1945/4800
vt 0.69485 0.71035
f 2005/4479 2069/4801 1981/4550
vt 0.67523 0.18013
f 1958/4573 2059/4572 2135/4802
vt 0.44226 0.96004
vt 0.44216 0.96240
vt 0.44111 0.96071
f 1988/4803 2068/4804 2096/4805
vt 0.03281 0.33855
vt 0.03029 0.33906
f 1985/4361 2029/4806 2147/4807
f 1826/4214 2153/4799 1767/4152
vt 0.03192 0.33912
f 2029/4806 2159/4808 2147/4807
vt 0.70720 0.51728
f 2078/4672 2011/4582 2128/4809
vt 0.39582 0.23399
f 2033/4762 2132/4810 2192/4763
vt 0.25142 0.59291
vt 0.25337 0.59296
vt 0.25359 0.59529
f 1999/4811 2054/4812 2195/4813
f 1985/4361 2147/4807 2097/4718
vt 0.39348 0.23054
vt 0.39357 0.22915
f 2021/4757 2197/4814 2125/4815
vt 0.39293 0.22893
f 2060/4622 2019/4437 2125/4816
vt 0.67593 0.50018
f 2015/4705 2057/4817 2043/4781
vt 0.41591 0.16257
vt 0.41824 0.16271
f 1915/4736 2061/4818 2151/4819
vt 0.00239 0.32863
f 2013/4604 2091/4453 2145/4820
vt 0.42342 0.17272
f 2093/4733 2157/4664 2203/4821
vt 0.68688 0.69835
f 2028/4651 2156/4822 2077/4793
vt 0.94703 0.60158
f 1940/4710 2077/4709 2052/4823
vt 0.05707 0.34919
vt 0.05457 0.34994
f 2009/4824 1948/4260 2105/4825
vt 0.14012 0.50341
vt 0.13967 0.50083
f 2058/4677 2128/4826 2011/4827
vt 0.25537 0.75325
f 1988/4688 2096/4828 2045/4689
vt 0.21612 0.04729
f 2002/4454 2049/4741 2308/4829
vt 0.72153 0.54918
f 2030/4612 1992/4496 2112/4830
vt 0.34854 0.82442
vt 0.34669 0.82533
f 1908/4500 2031/4831 2118/4832
vt 0.95397 0.01829
vt 0.95342 0.01935
vt 0.95293 0.01749
f 1952/4833 2048/4834 1979/4835
vt 0.75182 0.62036
f 2010/4528 1998/4563 2108/4836
vt 0.06762 0.35531
f 1980/4491 2036/4837 2140/4216
vt 0.05256 0.34906
f 1923/4126 1993/4490 2085/4838
vt 0.53644 0.70330
f 2094/4577 2082/4720 2168/4839
vt 0.53466 0.70788
f 1994/4653 2094/4577 2089/4840
vt 0.02621 0.33769
f 2048/4663 2023/4438 2111/4841
vt 0.71722 0.50649
vt 0.71653 0.50524
f 2072/4842 2025/4620 2051/4843
f 1923/4126 2085/4838 2081/4615
f 1968/4602 2171/4712 2146/4603
vt 0.80832 0.30250
f 2032/4584 2143/4844 2025/4787
vt 0.99312 0.35103
vt 0.99325 0.35158
vt 0.99312 0.35168
f 2021/4845 1973/4846 2083/4847
vt 0.39433 0.23154
f 1973/4761 2192/4763 2083/4848
vt 0.03092 0.34020
f 2029/4574 2064/4660 2159/4849
vt 0.59520 0.90331
vt 0.59385 0.90570
vt 0.59357 0.90284
f 2007/4850 2240/4851 2022/4852
f 2049/4501 1908/4500 2118/4832
vt 0.24760 0.74686
f 1974/4535 2018/4521 2163/4853
vt 0.80054 0.60558
f 2122/4700 2078/4714 2099/4854
vt 0.26638 0.59479
f 2016/4613 2039/4855 1989/4562
f 1693/3978 2164/4423 2091/4453
f 1982/4782 2069/4784 2088/4723
vt 0.48953 0.51014
f 1998/4598 2030/4597 2063/4856
f 1936/4394 2093/4733 2037/4648
vt 0.02273 0.33514
vt 0.02232 0.33638
f 1979/4558 2048/4857 2080/4858
vt 0.41936 0.16438
f 1915/4736 2134/4859 1967/4644
vt 0.34702 0.82675
f 2031/4831 2137/4860 2118/4832
f 1914/4353 2067/4792 2026/4403
vt 0.59583 0.82122
f 2041/4553 2089/4755 2121/4861
vt 0.87192 0.35217
vt 0.86953 0.35326
vt 0.86932 0.35200
f 2061/4862 2186/4863 2151/4864
f 2076/4747 1966/4614 2071/4779
vt 0.75954 0.67368
f 2027/4767 2120/4591 2133/4865
vt 0.49006 0.51200
f 2030/4597 2104/4866 2063/4856
vt 0.49206 0.51345
f 2030/4597 2112/4867 2104/4866
vt 0.37741 0.73055
f 2041/4707 2121/4868 2000/4606
vt 0.80573 0.30235
f 2032/4584 2119/4869 2143/4844
vt 0.38597 0.21832
f 2047/4484 2010/4554 2138/4870
vt 0.75003 0.19625
f 2061/4678 2020/4611 2144/4871
f 1887/3992 2002/4454 2189/4221
vt 0.00430 0.97608
vt 0.00533 0.97551
vt 0.00519 0.97682
f 2062/4872 1967/4873 2134/4874
vt 0.48841 0.46376
vt 0.48907 0.46500
vt 0.48725 0.46431
f 2007/4875 2046/4876 2190/4877
vt 0.42237 0.16852
f 2006/4773 2062/4774 2201/4878
vt 0.15616 0.06410
f 1996/4220 2040/4713 2208/4879
vt 0.59448 0.28432
f 2175/4739 1945/4800 2303/4880
f 1927/4146 2182/4599 2059/4572
f 1727/4050 2179/4756 2106/4552
f 2026/4403 2067/4792 2075/4504
vt 0.94836 0.60232
f 2052/4823 2077/4709 2167/4881
vt 0.81007 0.30302
f 2025/4787 2143/4844 2051/4882
vt 0.48804 0.45515
f 2033/4600 2076/4747 2132/4883
vt 0.68497 0.69701
f 2028/4651 2127/4884 2156/4822
f 1974/4535 2163/4853 2141/4621
vt 0.06685 0.35759
f 2036/4837 2142/4885 2140/4216
f 2054/4812 2090/4607 2195/4813
vt 0.74828 0.61681
vt 0.74818 0.62263
f 2010/4886 2108/4836 2138/4887
f 2032/4584 2027/4760 2119/4869
vt 0.72448 0.26176
f 2086/4629 2095/4888 2127/4765
vt 0.48559 0.50813
vt 0.48508 0.50708
f 1998/4598 2181/4889 2108/4890
vt 0.70714 0.51613
vt 0.70828 0.51514
f 2078/4672 2128/4891 2099/4892
vt 0.75038 0.19551
f 2020/4611 2055/4893 2144/4871
vt 0.44067 0.96271
f 2068/4804 2173/4894 2096/4805
vt 0.14296 0.50608
f 2058/4677 2088/4723 2158/4895
vt 0.59528 0.90597
f 2240/4851 2007/4850 2190/4896
f 1979/4558 2080/4858 2238/4545
f 2005/4479 2116/4509 2069/4801
vt 0.41288 0.95158
vt 0.41273 0.95010
vt 0.41354 0.95043
f 2129/4897 2071/4898 2003/4899
vt 0.00562 0.33217
f 2091/4453 2164/4423 2437/4900
vt 0.37391 0.73052
f 2000/4606 2079/4901 2031/4742
vt 0.82365 0.39867
vt 0.82517 0.39999
f 2068/4902 2101/4758 2173/4903
vt 0.75493 0.67813
f 2066/4301 2209/4904 2120/4591
vt 0.02391 0.33694
vt 0.02307 0.33644
f 2048/4663 2117/4905 2080/4906
vt 0.12731 0.07359
f 2113/4483 2177/4907 1932/4256
vt 0.89995 0.30872
vt 0.90140 0.30883
vt 0.89948 0.31157
f 2073/4908 2107/4909 2130/4910
vt 0.04461 0.34812
f 2017/4594 2100/4458 2148/4911
f 2058/4677 2158/4895 2128/4826
vt 0.69051 0.20099
vt 0.69091 0.19906
f 2035/4912 2126/4913 2171/4712
vt 0.98036 0.98108
vt 0.98060 0.98207
vt 0.98005 0.98226
f 2021/4914 2083/4915 2200/4916
vt 0.91990 0.69847
f 1993/4798 2105/4731 2085/4917
vt 0.71740 0.50417
vt 0.71573 0.50268
f 2072/4918 2051/4843 2274/4919
vt 0.71828 0.54781
f 2060/4704 2205/4920 1992/4496
vt 0.72999 0.26155
f 2072/4673 2087/4921 2086/4629
vt 0.25697 0.59751
f 1989/4562 2155/4922 2090/4607
f 2006/4773 2201/4878 2157/4664
vt 0.59525 0.28982
f 2024/4740 2175/4739 2193/4923
vt 0.59385 0.29110
f 2024/4740 2193/4923 2092/4924
vt 0.97989 0.98166
f 2021/4914 2200/4916 2197/4925
vt 0.26379 0.59714
f 1989/4562 2039/4855 2284/4926
vt 0.67434 0.51006
f 2055/4768 2110/4769 2144/4927
f 2151/4819 2134/4859 1915/4736
vt 0.48682 0.46397
f 2022/4670 2240/4928 2129/4759
f 1913/4091 1959/4609 2040/4713
f 2047/4484 2138/4870 2039/4789
vt 0.39142 0.22962
f 2060/4622 2125/4816 2254/4929
vt 0.71707 0.54679
f 2060/4704 2254/4930 2205/4920
vt 0.53252 0.69782
vt 0.53458 0.69619
f 2092/4931 2256/4932 2082/4720
vt 0.92369 0.22502
vt 0.92454 0.22601
f 2077/4702 2149/4933 2167/4934
vt 0.50246 0.53417
f 2044/4549 2429/4935 2067/4792
vt 0.48994 0.46761
vt 0.48763 0.46960
vt 0.48602 0.46695
f 2073/4936 2130/4937 2169/4938
vt 0.42502 0.17925
f 2037/4648 2154/4939 1945/4649
vt 0.13375 0.07047
f 1767/4152 2319/4940 2113/4483
vt 0.34903 0.82677
f 2031/4831 2079/4941 2137/4860
vt 0.25095 0.59565
f 1999/4811 2195/4813 2184/4942
vt 0.36862 0.93079
vt 0.37010 0.93033
f 2052/4727 2109/4943 2161/4944
vt 0.48762 0.50993
f 1998/4598 2162/4945 2181/4889
vt 0.67858 0.49952
f 2043/4781 2057/4817 2150/4946
vt 0.72633 0.26164
vt 0.72885 0.26178
f 2123/4947 2086/4629 2187/4948
vt 0.49680 0.53560
f 2013/4617 2145/4949 2044/4549
f 2052/4727 2161/4944 1997/4775
vt 0.87195 0.35298
f 2061/4862 2144/4950 2186/4863
vt 0.67684 0.49919
f 2057/4817 2102/4951 2150/4946
vt 0.68825 0.19761
vt 0.68899 0.19530
vt 0.69153 0.19520
f 2050/4952 2141/4953 2246/4954
f 2050/4952 2246/4954 2126/4913
f 2086/4629 2087/4921 2187/4948
vt 0.71738 0.50263
f 2072/4918 2274/4919 2087/4955
vt 0.48090 0.59563
f 2074/4764 1961/4450 2210/4956
vt 0.02787 0.33771
f 2023/4957 2097/4718 2111/4841
vt 0.03868 0.34697
f 1975/4206 2053/4427 2269/4958
vt 0.05024 0.34984
f 2081/4615 2085/4838 2221/4959
f 1947/4176 2467/4674 2211/4485
f 1767/4152 2153/4799 2319/4940
vt 0.53609 0.69932
f 2168/4839 2082/4720 2160/4960
vt 0.69197 0.70378
f 1997/4671 2161/4961 2116/4509
f 2037/4648 2093/4733 2154/4939
vt 0.53772 0.70867
vt 0.53649 0.71036
f 2089/4840 2220/4962 2121/4963
f 2048/4663 2111/4841 2117/4905
vt 0.11291 0.07538
f 2036/4788 1791/4162 2142/4964
vt 0.48673 0.46544
f 2046/4876 2073/4936 2190/4965
f 2000/4606 2121/4868 2079/4901
vt 0.04796 0.35074
vt 0.04666 0.34783
f 2100/4458 2305/4966 2109/4967
vt 0.59004 0.26779
vt 0.59118 0.26667
vt 0.59122 0.26794
f 2062/4968 2134/4969 2236/4970
vt 0.69067 0.70243
f 2077/4793 2156/4822 2149/4971
vt 0.39172 0.23062
f 2125/4815 2197/4814 2212/4972
vt 0.31882 0.97554
vt 0.31906 0.97703
vt 0.31805 0.97670
f 2111/4973 2248/4974 2117/4975
vt 0.90112 0.31138
f 2107/4909 2234/4976 2130/4910
vt 0.42528 0.18206
f 1945/4649 2154/4939 2303/4977
vt 0.69972 0.29807
vt 0.69972 0.29565
vt 0.70121 0.29817
f 2063/4978 2104/4979 2162/4980
f 2086/4629 2123/4947 2095/4888
vt 0.12024 0.07472
f 1932/4256 2206/4981 1791/4162
vt 0.71551 0.47722
f 2213/4752 2098/4751 2219/4982
vt 0.05581 0.35379
f 1948/4260 2139/4659 2103/4983
f 2088/4723 2069/4784 2158/4895
vt 0.70091 0.01095
vt 0.70086 0.00830
vt 0.70317 0.01111
f 2135/4984 2165/4985 2070/4986
f 2043/4781 2150/4946 2084/4706
f 2089/4840 2094/4577 2220/4962
vt 0.48505 0.50953
f 2181/4889 2162/4945 2194/4987
f 2179/4756 1902/4211 2074/4764
f 2100/4458 2081/4615 2305/4966
vt 0.26652 0.59846
f 2039/4855 2270/4988 2284/4926
f 2063/4856 2162/4945 1998/4598
vt 0.85486 0.80361
vt 0.85503 0.80102
vt 0.85842 0.79932
f 2115/4989 2084/4990 2114/4991
vt 0.85840 0.80382
f 2115/4989 2114/4991 2386/4992
vt 0.16950 0.06125
f 1959/4609 2042/4090 2536/4993
f 1941/4219 1996/4220 2208/4879
f 1941/4219 2208/4879 2247/4724
f 2053/4427 2017/4594 2269/4958
vt 0.51405 0.53521
f 2075/4504 2067/4792 2239/4994
vt 0.69528 0.20133
f 2146/4603 2171/4712 2264/4995
vt 0.59090 0.26962
f 2062/4968 2236/4970 2201/4996
vt 0.71514 0.50395
f 2051/4843 2131/4997 2274/4919
vt 0.90725 0.19698
vt 0.90533 0.19644
vt 0.90673 0.19500
f 2096/4998 2173/4999 2045/5000
f 2075/4504 2239/4994 1990/4691
vt 0.48268 0.50741
f 2108/4890 2181/4889 2218/5001
f 2105/4825 1948/4260 2103/4983
vt 0.70452 0.01076
vt 0.70380 0.00821
f 2107/5002 2070/4986 2234/5003
f 2065/4592 2209/4904 2066/4301
vt 0.48803 0.45979
vt 0.48649 0.46015
f 2071/5004 2129/4759 2235/5005
vt 0.71148 0.79097
vt 0.71076 0.78590
vt 0.71203 0.78667
f 2104/5006 2225/5007 2136/5008
vt 0.02622 0.33977
f 2111/4841 2097/4718 2152/5009
vt 0.75201 0.62287
f 2108/4836 2218/5010 2138/4887
vt 0.80971 0.30204
f 2143/4844 2131/5011 2051/4882
f 2042/4090 2178/4666 2536/4993
vt 0.38198 0.21631
f 2138/4870 2341/5012 2039/4789
vt 0.85654 0.79765
f 2084/4990 2150/5013 2114/4991
vt 0.46893 0.60498
f 2098/4564 2106/4552 2219/5014
vt 0.95384 0.02101
vt 0.95296 0.02139
vt 0.95292 0.02048
f 2117/5015 2248/5016 2080/5017
vt 0.94695 0.60340
f 2052/4823 2167/4881 2109/5018
vt 0.79604 0.60975
f 2065/4785 2122/4700 2209/5019
f 2165/4985 2234/5003 2070/4986
vt 0.16616 0.84860
vt 0.16700 0.85005
vt 0.16511 0.85045
f 2092/5020 2193/5021 2256/5022
vt 0.91976 0.69539
f 2085/4917 2105/4731 2221/5023
vt 0.70011 0.29337
f 2104/4979 2136/5024 2162/4980
vt 0.97032 0.20943
vt 0.97113 0.21093
vt 0.97020 0.21101
f 2125/5025 2212/5026 2176/5027
vt 0.42000 0.16441
vt 0.42056 0.16238
vt 0.42212 0.16491
f 2134/5028 2166/5029 2236/5030
vt 0.48741 0.45654
f 2076/5031 2071/5004 2235/5005
vt 0.02004 0.33865
f 2238/4545 2080/4858 2321/5032
vt 0.80070 0.60863
f 2122/4700 2099/4854 2263/5033
vt 0.16448 0.06328
f 1959/4609 2536/4993 2267/5034
f 1959/4609 2267/5034 2040/4713
f 2100/4458 2109/4967 2148/4911
vt 0.85510 0.80643
f 2115/4989 2386/4992 2110/5035
vt 0.02277 0.33884
f 2248/5036 2111/4841 2152/5009
vt 0.76109 0.67172
f 2027/4767 2133/4865 2119/5037
vt 0.69421 0.70620
f 2116/4509 2191/5038 2069/4801
vt 0.70682 0.51426
f 2128/4891 2260/5039 2099/4892
vt 0.52341 0.53320
f 2124/4627 2210/5040 1961/4696
vt 0.06463 0.35860
f 2140/4216 2278/5041 2139/4659
f 2017/4594 2148/4911 2269/4958
vt 0.70802 0.51233
f 2099/4892 2260/5039 2263/5042
vt 0.39242 0.23171
f 2083/4848 2192/4763 2200/5043
vt 0.71968 0.54640
f 2205/4920 2259/5044 1992/4496
vt 0.38117 0.21385
f 2039/4789 2341/5012 2270/5045
vt 0.41959 0.16265
f 2134/5028 2151/5046 2166/5029
f 1975/4206 2269/4958 2064/4660
vt 0.59166 0.27298
vt 0.59419 0.27036
f 2157/5047 2201/4996 2272/5048
vt 0.71211 0.78320
f 2136/5008 2225/5007 2185/5049
vt 0.31589 0.97710
vt 0.31525 0.97734
vt 0.31582 0.97559
f 2097/5050 2147/5051 2152/5052
f 2082/4720 2256/4932 2160/4960
vt 0.81780 0.16792
vt 0.81612 0.17050
vt 0.81547 0.16764
f 2123/5053 2306/5054 2095/5055
vt 0.68488 0.69531
vt 0.68792 0.69600
f 2127/4884 2095/5056 2226/5057
vt 0.82046 0.16793
vt 0.82130 0.16736
vt 0.82142 0.16912
f 2187/5058 2087/5059 2274/5060
f 2073/4936 2169/4938 2190/4965
f 2094/4577 2168/4839 2220/4962
vt 0.48529 0.45591
f 2076/5031 2235/5005 2183/5061
vt 0.48622 0.45545
vt 0.48714 0.45508
f 2076/5031 2334/5062 2132/5063
f 2076/5031 2183/5061 2334/5062
vt 0.69177 0.19312
f 2141/4953 2163/5064 2246/4954
f 1992/4496 2259/5044 2112/4830
f 1989/4562 2284/4926 2155/4922
vt 0.88183 0.94927
vt 0.88188 0.94623
vt 0.88302 0.94766
f 2159/5065 2325/5066 2147/5067
vt 0.41771 0.16048
f 2151/5046 2186/5068 2166/5029
vt 0.39178 0.23054
f 2125/4816 2176/5069 2254/4929
vt 0.82690 0.39914
f 2101/4758 2184/4750 2199/5070
vt 0.69964 0.00787
f 2165/4985 2135/4984 2408/5071
vt 0.94754 0.60365
f 2109/5018 2167/4881 2202/5072
vt 0.85564 0.80883
vt 0.85819 0.80838
f 2144/5073 2110/5035 2294/5074
f 2140/4216 2142/4885 2278/5041
vt 0.00317 0.33264
f 2091/4453 2332/5075 2145/4820
f 2156/4822 2127/4884 2226/5057
vt 0.25065 0.75221
f 2018/4521 2045/4689 2196/5076
vt 0.67477 0.18120
vt 0.67513 0.18427
f 2135/5077 2059/4572 2408/5078
vt 0.36905 0.72667
vt 0.37099 0.72848
vt 0.36880 0.72975
f 2049/5079 2118/5080 2308/5081
vt 0.04602 0.34786
f 2109/4967 2202/5082 2148/4911
vt 0.82672 0.40067
f 2101/4758 2198/5083 2173/4903
vt 0.53841 0.71288
vt 0.53835 0.71419
f 2121/4963 2373/5084 2079/5085
vt 0.14022 0.50903
f 2128/4826 2158/4895 2260/5086
vt 0.05124 0.35268
f 2103/4983 2281/5087 2105/4825
vt 0.70851 0.78894
f 2104/5006 2322/5088 2225/5007
vt 0.88272 0.94567
f 2147/5067 2325/5066 2152/5089
vt 0.70017 0.28950
vt 0.70239 0.29298
f 2185/5090 2224/5091 2136/5024
f 2090/4607 2155/4922 2195/4813
vt 0.18949 0.05731
f 2467/4674 2338/5092 2211/4485
vt 0.20702 0.05199
f 2189/4221 2002/4454 2474/5093
f 2116/4509 2161/4961 2191/5038
vt 0.96160 0.23764
vt 0.96326 0.23816
vt 0.96240 0.23941
f 2150/5094 2102/5095 2250/5096
vt 0.70213 0.29710
f 2162/4980 2136/5024 2244/5097
vt 0.14618 0.50624
f 2069/4784 2191/5098 2158/4895
vt 0.25249 0.59667
f 2184/4942 2195/4813 2214/5099
f 2081/4615 2221/4959 2305/4966
vt 0.05074 0.35075
f 2105/4825 2281/5087 2221/5100
vt 0.49020 0.51435
f 2112/4867 2283/5101 2104/4866
vt 0.19780 0.05519
f 2230/4786 2339/5102 1824/4159
vt 0.69756 0.20639
f 2146/4603 2250/5103 2102/4711
vt 0.41906 0.16021
f 2186/5068 2241/5104 2166/5029
vt 0.70269 0.29815
f 2162/4980 2244/5097 2194/5105
f 1932/4256 2177/4907 2206/4981
vt 0.69089 0.69646
f 2156/4822 2340/5106 2149/4971
vt 0.59291 0.28105
vt 0.59074 0.27662
vt 0.59501 0.27948
f 2154/5107 2093/5108 2355/5109
vt 0.59282 0.27502
f 2093/5108 2203/5110 2355/5109
vt 0.97072 0.21147
vt 0.97026 0.21213
f 2176/5027 2212/5111 2200/5112
f 2129/4759 2240/4928 2235/5005
vt 0.59636 0.28631
f 2175/4739 2303/4880 2245/5113
vt 0.21210 0.05018
f 2002/4454 2346/5114 2474/5093
vt 0.41161 0.87966
vt 0.41447 0.87999
vt 0.41373 0.88282
f 2131/5115 2143/5116 2172/5117
f 2091/4453 2437/4900 2332/5075
vt 0.70216 0.28774
vt 0.70243 0.28973
f 2185/5090 2180/5118 2273/5119
f 2248/5036 2321/5032 2080/4858
vt 0.04557 0.34952
f 2148/4911 2202/5082 2285/5120
f 2101/4758 2199/5070 2198/5083
vt 0.87289 0.35415
vt 0.87297 0.35716
vt 0.87076 0.35449
f 2144/5121 2294/5122 2186/5123
vt 0.70054 0.28554
f 2185/5090 2188/5124 2180/5118
vt 0.70994 0.77996
vt 0.71223 0.77907
f 2185/5049 2289/5125 2188/5126
vt 0.92523 0.22437
f 2167/4934 2149/4933 2202/5127
vt 0.39430 0.23441
vt 0.39313 0.23380
f 2132/5128 2204/5129 2192/4763
vt 0.75212 0.62538
f 2218/5010 2227/5130 2138/4887
vt 0.48269 0.45635
f 2183/5061 2235/5005 2298/5131
vt 0.47674 0.60382
f 2179/4756 2232/5132 2106/4552
vt 0.53928 0.70630
f 2220/4962 2168/4839 2275/5133
f 2121/4963 2220/4962 2373/5084
vt 0.48265 0.50977
f 2218/5001 2181/4889 2354/5134
f 2244/5097 2136/5024 2224/5091
vt 0.75767 0.67170
f 2133/4865 2364/5135 2119/5037
vt 0.53892 0.70228
f 2168/4839 2160/4960 2293/5136
vt 0.59648 0.28852
f 2175/4739 2266/5137 2193/4923
vt 0.02785 0.34507
f 2159/4849 2064/4660 2448/5138
vt 0.97566 0.80635
vt 0.97676 0.80720
vt 0.97567 0.80705
f 2199/5139 2316/5140 2198/5141
vt 0.90504 0.19353
f 2045/5000 2173/4999 2258/5142
f 1824/4159 2339/5102 2467/4674
vt 0.17778 0.05998
f 2174/4369 2268/4721 2348/5143
vt 0.01287 0.33705
f 2056/4312 2229/5144 2164/4423
vt 0.69670 0.20423
f 2146/4603 2253/5145 2250/5103
vt 0.04691 0.34910
f 2305/4966 2237/5146 2109/4967
vt 0.43754 0.97661
vt 0.43681 0.97671
vt 0.43725 0.97589
f 2197/5147 2200/5148 2212/5149
vt 0.50985 0.53237
f 2067/4792 2367/5150 2239/4994
vt 0.59511 0.90895
f 2190/4896 2287/5151 2240/4851
vt 0.36871 0.92899
f 2109/4943 2237/5152 2161/4944
f 2113/4483 2319/4940 2177/4907
f 2185/5090 2273/5119 2224/5091
vt 0.98316 0.54594
vt 0.98365 0.54633
vt 0.98347 0.54722
f 2181/5153 2194/5154 2354/5155
vt 0.68604 0.17848
vt 0.68549 0.18052
f 2182/4599 2213/5156 2231/5157
vt 0.81927 0.17297
f 2187/5058 2540/5158 2123/5053
vt 0.02769 0.34109
f 2159/4849 2448/5138 2325/5159
vt 0.57528 0.84928
vt 0.57371 0.84944
vt 0.57462 0.84733
f 2216/5160 2222/5161 2170/5162
vt 0.49699 0.53159
f 2044/4549 2145/4949 2332/5163
vt 0.14050 0.07073
f 2153/4799 2513/5164 2319/4940
vt 0.85855 0.80630
f 2110/5035 2217/5165 2294/5074
vt 0.95590 0.88338
vt 0.95618 0.88137
vt 0.95723 0.88257
f 2170/5166 2222/5167 2301/5168
vt 0.39389 0.23666
vt 0.39249 0.23472
f 2132/5128 2334/5169 2204/5170
vt 0.87441 0.24951
vt 0.87241 0.24982
vt 0.87340 0.24864
f 2184/5171 2349/5172 2199/5173
vt 0.48463 0.47118
f 2130/4937 2365/5174 2169/4938
vt 0.69280 0.69966
f 2149/4971 2340/5106 2404/5175
f 2153/4799 2261/4618 2513/5164
f 2189/4221 2474/5093 2230/4786
f 2174/4369 2348/5143 2178/4666
vt 0.71245 0.50360
f 2274/4919 2131/4997 2387/5176
vt 0.52082 0.97657
vt 0.51987 0.97710
vt 0.51976 0.97598
f 2170/5177 2228/5178 2295/5179
vt 0.90057 0.70010
vt 0.89921 0.69919
vt 0.90113 0.69781
f 2170/5180 2295/5181 2216/5182
vt 0.71196 0.77615
f 2188/5126 2289/5125 2249/5183
f 2185/5049 2225/5007 2289/5125
vt 0.48601 0.46513
vt 0.48386 0.46588
f 2190/5184 2169/4938 2287/5185
f 2171/4712 2126/4913 2264/4995
vt 0.41144 0.88231
vt 0.41149 0.88009
f 2172/5117 2387/5186 2131/5187
vt 0.69337 0.70328
f 2161/4961 2265/5188 2191/5038
vt 0.95674 0.88373
f 2170/5166 2301/5168 2228/5189
vt 0.70057 0.28258
vt 0.70255 0.27942
vt 0.70307 0.28591
f 2249/5190 2279/5191 2342/5192
f 2180/5118 2188/5124 2342/5192
f 2249/5190 2342/5192 2188/5124
vt 0.41582 0.87931
vt 0.41638 0.88316
f 2119/5193 2364/5194 2143/5116
vt 0.92408 0.22296
f 2149/4933 2215/5195 2202/5127
vt 0.70837 0.79102
f 2104/5006 2283/5196 2322/5088
vt 0.59273 0.26101
vt 0.59540 0.26422
vt 0.59242 0.26320
f 2241/5197 2381/5198 2166/5199
vt 0.51971 0.53170
f 1990/4691 2351/5200 2124/4627
vt 0.39021 0.23236
f 2200/5043 2288/5201 2176/5069
f 2110/5035 2386/4992 2217/5165
vt 0.81482 0.17087
f 2095/5055 2306/5054 2226/5202
vt 0.85853 0.79735
f 2150/5013 2250/5203 2114/4991
vt 0.24884 0.75005
f 2018/4521 2196/5076 2207/5204
vt 0.92565 0.22320
f 2202/5127 2215/5195 2285/5205
vt 0.36972 0.92890
f 2161/4944 2237/5152 2265/5206
vt 0.87026 0.35733
f 2186/5123 2294/5122 2383/5207
vt 0.57435 0.85149
f 2216/5160 2290/5208 2222/5161
f 2200/5043 2192/4763 2288/5201
vt 0.70076 0.27928
f 2249/5190 2262/5209 2279/5191
vt 0.72155 0.54486
f 2112/4830 2259/5044 2317/5210
f 2264/4995 2253/5145 2146/4603
vt 0.79892 0.61346
f 2263/5033 2357/5211 2122/4700
vt 0.70941 0.77291
vt 0.71212 0.77333
f 2249/5183 2286/5212 2262/5213
vt 0.70012 0.27155
vt 0.69967 0.26837
vt 0.70230 0.27125
f 2291/5214 2223/5215 2277/5216
vt 0.14209 0.51188
f 2158/4895 2310/5217 2260/5086
vt 0.87452 0.25186
f 2184/5171 2214/5218 2349/5172
vt 0.59205 0.26674
f 2201/4996 2236/5219 2272/5048
f 2122/4700 2357/5211 2209/5019
vt 0.05975 0.35785
f 2278/5041 2320/5220 2139/4659
vt 0.82510 0.40327
f 2173/4903 2198/5083 2258/5221
f 2210/5040 2124/4627 2351/5200
vt 0.14525 0.50864
f 2191/5098 2271/5222 2158/4895
f 2103/4983 2139/4659 2320/5220
vt 0.11721 0.07839
f 2206/4981 2388/5223 1791/4162
f 2168/4839 2293/5136 2275/5133
f 2195/4813 2155/4922 2214/5099
vt 0.34729 0.83024
f 2137/4860 2079/4941 2337/5224
vt 0.74796 0.62678
f 2138/4887 2227/5130 2341/5225
vt 0.57579 0.85157
f 2216/5160 2302/5226 2290/5208
vt 0.68456 0.18220
f 2182/4599 2309/5227 2059/4572
vt 0.75493 0.67431
f 2133/4865 2120/4591 2318/5228
vt 0.90118 0.31378
f 2234/4976 2282/5229 2130/4910
vt 0.70236 0.26766
f 2223/5215 2242/5230 2277/5216
vt 0.14754 0.06864
f 2261/4618 2038/4505 2327/5231
f 2175/4739 2245/5113 2266/5137
f 2154/5107 2355/5109 2303/4880
vt 0.47197 0.60649
f 2219/5014 2106/4552 2473/5232
vt 0.86905 0.35487
f 2186/5123 2383/5207 2241/5233
vt 0.97599 0.80764
f 2198/5141 2316/5140 2328/5234
vt 0.95306 0.20671
vt 0.95480 0.20655
vt 0.95520 0.20865
f 2233/5235 2280/5236 2243/5237
vt 0.95314 0.20899
f 2233/5235 2243/5237 2324/5238
vt 0.96010 0.48908
vt 0.96004 0.49118
vt 0.95903 0.49000
f 2199/5239 2349/5240 2316/5241
vt 0.70102 0.27579
f 2262/5209 2276/5242 2279/5191
f 2182/4599 2231/5157 2309/5227
f 1791/4162 2388/5223 2142/4964
vt 0.57210 0.85115
f 2222/5161 2290/5208 2314/5243
vt 0.70125 0.27266
f 2291/5214 2277/5216 2292/5244
vt 0.70843 0.78415
f 2225/5007 2360/5245 2289/5125
vt 0.89959 0.31470
f 2130/4910 2282/5229 2365/5246
f 2002/4454 2308/4829 2346/5114
vt 0.53636 0.69668
f 2256/4932 2361/5247 2160/4960
vt 0.90764 0.19212
f 2045/5000 2258/5142 2196/5248
vt 0.48268 0.46219
f 2235/5005 2240/4928 2402/5249
f 2235/5005 2402/5249 2298/5131
vt 0.48671 0.51086
vt 0.48503 0.51307
vt 0.48466 0.51034
f 2244/5250 2255/5251 2194/5252
vt 0.48142 0.46804
f 2169/4938 2365/5174 2384/5253
vt 0.53830 0.70010
f 2160/4960 2428/5254 2293/5136
vt 0.25969 0.60031
f 2155/4922 2284/4926 2455/5255
vt 0.98330 0.73133
vt 0.98384 0.73083
vt 0.98356 0.73233
f 2252/5256 2233/5257 2324/5258
vt 0.25239 0.59925
f 2214/5099 2155/4922 2329/5259
vt 0.59469 0.26079
f 2241/5197 2383/5260 2381/5198
vt 0.70268 0.27327
f 2276/5242 2251/5261 2279/5191
vt 0.69910 0.00546
f 2165/4985 2408/5071 2449/5262
vt 0.70233 0.00597
f 2165/4985 2449/5262 2282/5263
f 2221/5100 2281/5087 2305/4966
f 2179/4756 2074/4764 2232/5132
vt 0.59685 0.28335
f 2303/4880 2406/5264 2245/5113
vt 0.82749 0.40166
f 2258/5221 2198/5083 2328/5265
vt 0.16021 0.06738
f 2040/4713 2267/5034 2591/5266
f 2040/4713 2591/5266 2208/4879
vt 0.01734 0.34048
f 2056/4312 2238/4545 2560/5267
vt 0.16817 0.85121
vt 0.16565 0.85245
f 2193/5021 2266/5268 2256/5269
f 2165/4985 2282/5263 2234/5003
vt 0.49199 0.51782
f 2112/4867 2317/5270 2283/5101
vt 0.00955 0.33772
f 2164/4423 2229/5144 2592/5271
vt 0.77973 0.46044
vt 0.77809 0.46067
vt 0.77981 0.45855
f 2324/5272 2313/5273 2252/5274
vt 0.95071 0.09273
vt 0.95002 0.09174
vt 0.95045 0.09125
f 2228/5275 2301/5276 5839/5277
vt 0.95207 0.09182
f 2228/5275 5839/5277 2295/5278
f 2123/5053 2540/5158 2306/5054
vt 0.71798 0.54686
vt 0.71707 0.54681
f 2259/5044 2205/5279 2254/5280
f 2018/4521 2207/5204 2163/4853
f 2158/4895 2271/5222 2310/5217
vt 0.02147 0.34144
vt 0.02230 0.33977
f 2152/5009 2378/5281 2248/5282
f 2192/4763 2204/5170 2288/5201
vt 0.61454 0.51072
vt 0.61618 0.51192
vt 0.61512 0.51394
f 2233/5283 2252/5284 2382/5285
f 2187/5058 2274/5060 2540/5158
vt 0.71730 0.47462
f 2213/4752 2219/4982 2231/5286
f 2194/5252 2255/5251 2354/5134
f 2254/4929 2176/5069 2288/5201
vt 0.05719 0.35750
f 2103/4983 2320/5220 2446/5287
f 2157/5047 2272/5048 2203/5110
vt 0.95733 0.88088
f 2222/5167 2257/5288 2301/5168
vt 0.81448 0.77763
vt 0.81492 0.77509
vt 0.81769 0.77736
f 2244/5289 2224/5290 2352/5291
vt 0.67841 0.18556
f 2059/4572 2309/5227 2423/5292
vt 0.25130 0.60157
f 2155/4922 2403/5293 2329/5259
vt 0.53736 0.69917
f 2160/4960 2345/5294 2428/5254
vt 0.02719 0.34142
vt 0.02533 0.34166
f 2152/5009 2325/5295 2307/5296
f 2106/4552 2232/5132 2473/5232
vt 0.80059 0.61221
f 2263/5033 2299/5297 2357/5211
f 2408/5078 2059/4572 2423/5292
vt 0.92443 0.22260
f 2285/5205 2215/5195 2265/5298
vt 0.92523 0.22271
f 2285/5205 2265/5298 2237/5299
vt 0.47985 0.50992
f 2218/5001 2354/5134 2503/5300
vt 0.37162 0.72982
vt 0.36993 0.73154
f 2118/5080 2137/5301 2421/5302
f 2118/5080 2421/5302 2308/5081
vt 0.59610 0.78320
vt 0.59674 0.78094
vt 0.59831 0.78285
f 2079/5303 2373/5304 2452/5305
vt 0.34896 0.83080
f 2079/4941 2452/5306 2337/5224
vt 0.69343 0.70207
f 2149/4971 2404/5175 2215/5307
vt 0.95635 0.88004
f 2222/5167 2314/5308 2257/5288
vt 0.24880 0.75185
f 2207/5204 2196/5076 2363/5309
f 2292/5244 2251/5261 2276/5242
f 2169/4938 2384/5253 2287/5185
vt 0.69683 0.20078
f 2264/4995 2416/5310 2253/5145
vt 0.57536 0.85298
f 2290/5208 2302/5226 2296/5311
vt 0.38862 0.82536
vt 0.39167 0.82458
vt 0.39001 0.82778
f 2250/5312 2326/5313 2114/5314
vt 0.48663 0.51350
f 2244/5250 2352/5315 2255/5251
f 2143/5116 2364/5194 2172/5117
f 2044/4549 2332/5163 2429/4935
vt 0.38877 0.82219
f 2250/5312 2253/5316 2326/5313
f 2236/5219 2166/5199 2381/5198
vt 0.04671 0.34975
f 2237/5317 2305/4966 2285/5120
vt 0.87091 0.25215
f 2214/5218 2401/5318 2349/5172
vt 0.95727 0.88030
f 2314/5308 2399/5319 2257/5288
vt 0.71070 0.50270
f 2274/4919 2387/5176 2539/5320
vt 0.59592 0.77961
vt 0.59686 0.77479
f 2220/5321 2275/5322 2373/5304
vt 0.81413 0.76827
vt 0.81454 0.76630
vt 0.81757 0.77076
f 2180/5323 2342/5324 2372/5325
vt 0.81441 0.77041
f 2180/5323 2372/5325 2273/5326
f 2236/5219 2381/5198 2272/5048
vt 0.37182 0.73272
f 2137/5301 2337/5327 2421/5302
vt 0.77668 0.45837
f 2252/5274 2313/5273 2392/5328
vt 0.85884 0.80147
f 2386/4992 2114/4991 2304/5329
f 2133/4865 2318/5228 2364/5135
vt 0.48227 0.46599
f 2240/4928 2480/5330 2402/5249
vt 0.90006 0.69686
f 2216/5182 2295/5181 2376/5331
vt 0.47978 0.50721
f 2227/5332 2218/5001 2503/5300
vt 0.69546 0.19616
f 2246/4954 2463/5333 2126/4913
vt 0.57237 0.85268
f 2290/5208 2353/5334 2314/5243
f 2238/4545 2321/5032 2560/5267
vt 0.39176 0.82763
f 2326/5313 2323/5335 2114/5314
vt 0.59400 0.91026
f 2240/4851 2287/5151 2480/5336
vt 0.13377 0.07451
f 2177/4907 2319/4940 2574/5337
vt 0.18430 0.06151
f 2211/4485 2823/5338 2268/4721
vt 0.95902 0.49126
f 2316/5241 2349/5240 2405/5339
vt 0.79557 0.04694
vt 0.79665 0.04594
vt 0.79733 0.04705
f 2301/5340 2257/5341 2312/5342
vt 0.69431 0.19378
f 2246/4954 2391/5343 2463/5333
vt 0.69491 0.70183
f 2191/5038 2265/5188 2385/5344
vt 0.71169 0.76894
f 2262/5213 2286/5212 2276/5345
vt 0.70713 0.51102
vt 0.70797 0.50858
f 2263/5042 2260/5346 2299/5347
f 2120/4591 2209/4904 2318/5228
vt 0.62252 0.51610
vt 0.62180 0.51923
vt 0.62052 0.51584
f 2223/5348 2300/5349 2242/5350
vt 0.16723 0.85360
f 2266/5268 2427/5351 2256/5269
vt 0.61320 0.51282
f 2233/5283 2382/5285 2492/5352
vt 0.61332 0.51043
f 2233/5283 2492/5352 2280/5353
vt 0.39153 0.82177
f 2253/5316 2358/5354 2326/5313
f 2038/4505 2247/4724 2327/5231
vt 0.48201 0.59819
f 2210/4956 2297/5355 2074/4764
vt 0.48294 0.51167
f 2354/5134 2255/5251 2371/5356
f 2292/5244 2277/5216 2251/5261
vt 0.61642 0.51350
f 2252/5284 2392/5357 2382/5285
vt 0.77931 0.46121
f 2324/5272 2311/5358 2313/5273
vt 0.77917 0.46832
vt 0.77802 0.46892
vt 0.77894 0.46812
f 2216/5359 2376/5360 2302/5361
vt 0.90582 0.19022
f 2196/5248 2258/5142 2363/5362
f 2265/5188 2215/5307 2385/5344
vt 0.39471 0.23766
vt 0.39367 0.23961
f 2183/5363 2298/5364 2334/5169
vt 0.70362 0.28215
f 2279/5191 2315/5365 2342/5192
vt 0.47903 0.45868
f 2402/5249 2395/5366 2298/5131
vt 0.70829 0.78572
f 2225/5007 2322/5088 2360/5367
vt 0.57413 0.85414
f 2290/5208 2296/5311 2380/5368
vt 0.33692 0.92947
vt 0.33647 0.93273
vt 0.33368 0.92970
f 2223/5369 2291/5370 2300/5371
vt 0.77905 0.46511
vt 0.77912 0.46713
vt 0.77679 0.46488
f 2330/5372 2333/5373 2412/5374
f 2156/4822 2226/5057 2340/5106
vt 0.77681 0.46702
f 2333/5373 2417/5375 2412/5374
vt 0.77866 0.46266
f 2330/5372 2412/5374 2311/5376
vt 0.04291 0.35150
f 2148/4911 2522/5377 2269/4958
vt 0.03182 0.34710
f 2064/4660 2269/4958 2558/5378
vt 0.37909 0.21486
f 2270/5045 2341/5012 2398/5379
f 2333/5373 2302/5361 2417/5375
vt 0.93995 0.96128
vt 0.94080 0.96038
vt 0.94070 0.96320
f 2291/5380 2292/5381 2444/5382
vt 0.11341 0.07909
f 2142/4964 2388/5223 2462/5383
vt 0.26445 0.60165
f 2284/4926 2270/4988 2443/5384
vt 0.14597 0.98932
vt 0.14558 0.98947
vt 0.14558 0.98883
f 2253/5385 2416/5386 2358/5387
f 2224/5290 2273/5326 2372/5325
vt 0.81816 0.49110
vt 0.81661 0.49152
vt 0.81761 0.48972
f 2301/5388 2331/5389 5839/5390
f 2152/5009 2307/5296 2378/5281
vt 0.70335 0.28076
f 2279/5191 2407/5391 2315/5365
vt 0.52271 0.52940
f 2210/5040 2351/5200 2297/5392
f 2056/4312 2560/5267 2229/5144
vt 0.94732 0.72816
vt 0.94818 0.72836
vt 0.94739 0.73073
f 2243/5393 2414/5394 2324/5395
vt 0.79563 0.61406
f 2209/5019 2357/5211 2318/5396
vt 0.70693 0.50960
f 2260/5346 2433/5397 2299/5347
f 2302/5361 2376/5360 2417/5375
vt 0.43336 0.74157
vt 0.43353 0.73970
vt 0.43596 0.74103
f 2266/5398 2245/5399 2427/5400
vt 0.79627 0.04943
f 2301/5340 2312/5342 2335/5401
vt 0.44635 0.96080
vt 0.44484 0.96154
vt 0.44469 0.96011
f 2160/5402 2361/5403 2345/5404
vt 0.95083 0.09031
vt 0.95209 0.08942
f 2295/5278 2419/5405 2376/5406
vt 0.75209 0.62889
f 2227/5130 2379/5407 2341/5225
f 2295/5278 5839/5277 2419/5405
vt 0.70531 0.27596
f 2251/5261 2417/5408 2279/5191
vt 0.48980 0.51796
vt 0.48904 0.51540
f 2283/5101 2557/5409 2350/5410
vt 0.71658 0.54421
f 2254/5280 2288/5411 2259/5044
f 2284/4926 2443/5384 2455/5255
f 2261/4618 2327/5231 2513/5164
vt 0.70845 0.77498
f 2249/5183 2289/5125 2506/5412
f 2126/4913 2463/5333 2264/4995
vt 0.82564 0.31661
vt 0.82775 0.31642
vt 0.82589 0.31955
f 2214/5413 2329/5414 2369/5415
vt 0.81783 0.77347
f 2344/5416 2224/5290 2372/5325
vt 0.57007 0.85192
f 2314/5243 2353/5334 2375/5417
vt 0.12397 0.07839
f 2206/4981 2177/4907 2590/5418
vt 0.06287 0.36038
f 2278/5041 2464/5419 2320/5220
vt 0.16512 0.85389
f 2256/5269 2427/5351 2361/5420
vt 0.38937 0.23960
f 2204/5170 2334/5169 2393/5421
vt 0.79711 0.04558
f 2257/5341 2419/5422 2312/5342
f 2246/4954 2163/5064 2391/5343
vt 0.06564 0.36113
f 2142/4885 2462/5423 2278/5041
vt 0.64747 0.11333
vt 0.64826 0.11047
vt 0.64830 0.11300
f 2350/5424 2322/5425 2283/5426
vt 0.39153 0.83127
f 2114/5314 2323/5335 2304/5427
vt 0.95103 0.08964
f 2376/5406 2419/5405 2399/5428
vt 0.70382 0.27984
f 2279/5191 2431/5429 2407/5391
vt 0.71640 0.47337
f 2219/4982 2343/5430 2231/5286
vt 0.46902 0.60661
vt 0.46839 0.60869
f 2219/5431 2473/5232 2343/5432
vt 0.94830 0.72924
vt 0.94856 0.72940
f 2324/5395 2414/5433 2413/5434
vt 0.14412 0.51234
f 2271/5222 2439/5435 2310/5217
vt 0.69504 0.70498
f 2271/5436 2191/5038 2385/5344
vt 0.77683 0.46276
f 2313/5273 2311/5376 2479/5437
f 2249/5183 2506/5412 2286/5212
f 2311/5376 2412/5374 2479/5437
vt 0.74801 0.63026
f 2379/5407 2398/5438 2341/5225
vt 0.95065 0.08987
f 2419/5405 2257/5439 2399/5428
vt 0.82670 0.40403
f 2258/5221 2328/5265 2403/5440
vt 0.95094 0.32059
vt 0.95032 0.32146
vt 0.95029 0.31958
f 2307/5441 2325/5442 2420/5443
f 1990/4691 2239/4994 2351/5200
vt 0.02609 0.34349
f 2325/5159 2448/5138 2420/5444
vt 0.94856 0.73134
f 2324/5395 2413/5434 2311/5445
vt 0.89939 0.13762
vt 0.90039 0.13758
vt 0.89941 0.13939
f 2163/5446 2207/5447 2391/5448
vt 0.33351 0.93261
f 2291/5370 2444/5449 2300/5371
vt 0.00669 0.33897
f 2437/4900 2164/4423 2789/5450
vt 0.71858 0.54148
f 2259/5044 2288/5411 2537/5451
vt 0.97990 0.72907
vt 0.98028 0.72908
vt 0.98017 0.73066
f 2380/5452 2353/5453 2290/5454
vt 0.47615 0.50700
f 2227/5332 2503/5300 2379/5455
vt 0.71206 0.76635
vt 0.70920 0.76599
f 2292/5456 2276/5345 2444/5457
vt 0.82162 0.17422
f 2540/5158 2274/5060 2539/5458
f 2268/4721 2823/5338 2348/5143
f 2148/4911 2285/5120 2522/5377
vt 0.98532 0.23468
vt 0.98511 0.23396
vt 0.98563 0.23357
f 2277/5459 2359/5460 2514/5461
vt 0.70558 0.27151
f 2277/5216 2514/5462 2251/5261
f 2224/5290 2344/5416 2352/5291
f 2283/5101 2317/5270 2557/5409
vt 0.70844 0.77965
f 2289/5125 2360/5245 2422/5463
vt 0.82540 0.40623
vt 0.82421 0.40620
f 2258/5221 2447/5464 2363/5465
vt 0.15284 0.06882
f 2247/4724 2520/5466 2327/5231
f 2208/4879 2520/5466 2247/4724
vt 0.96007 0.49231
f 2349/5240 2377/5467 2405/5339
vt 0.81640 0.17608
f 2540/5158 2581/5468 2306/5054
vt 0.81769 0.49352
f 2301/5388 2335/5469 2331/5389
vt 0.90071 0.13811
vt 0.90035 0.13965
f 2363/5470 2336/5471 2207/5447
vt 0.87166 0.25413
f 2401/5318 2214/5218 2369/5472
vt 0.90121 0.69583
vt 0.89967 0.69423
vt 0.90197 0.69391
f 2302/5473 2485/5474 2296/5475
vt 0.59688 0.27573
f 2203/5110 2470/5476 2355/5109
vt 0.44642 0.90382
vt 0.44841 0.90592
vt 0.44635 0.90598
f 2280/5477 2368/5478 2243/5479
vt 0.70403 0.27991
vt 0.70540 0.27877
vt 0.70474 0.28013
f 2390/5480 2396/5481 5839/5482
vt 0.77910 0.47211
vt 0.77865 0.47454
vt 0.77755 0.47289
f 2314/5483 2375/5484 2312/5485
vt 0.84025 0.38572
vt 0.84002 0.38422
vt 0.84180 0.38525
f 2329/5486 2328/5487 2441/5488
vt 0.02016 0.34092
f 2248/5036 2425/5489 2321/5032
vt 0.39002 0.83755
vt 0.39009 0.83529
vt 0.39122 0.83615
f 2294/5490 2217/5491 2600/5492
vt 0.03734 0.35201
f 2269/4958 2522/5377 2599/5493
vt 0.21049 0.05496
f 2474/5093 2346/5114 2891/5494
vt 0.92928 0.41506
vt 0.92834 0.41238
vt 0.93045 0.41342
f 2330/5495 2311/5496 2413/5497
vt 0.14002 0.51284
f 2260/5086 2310/5217 2433/5498
vt 0.25057 0.60003
f 2328/5499 2329/5259 2403/5293
vt 0.70491 0.27061
f 2277/5216 2242/5230 2359/5500
vt 0.81769 0.76729
f 2372/5325 2342/5324 2494/5501
vt 0.81648 0.48936
f 5839/5390 2331/5389 2390/5502
vt 0.77618 0.46848
f 2417/5375 2376/5360 2396/5503
vt 0.57030 0.85295
f 2353/5334 5840/5504 2375/5417
vt 0.04791 0.35554
f 2281/5087 2618/5505 2305/4966
f 2207/5447 2336/5471 2391/5448
vt 0.14578 0.51208
f 2271/5222 2385/5506 2439/5435
vt 0.57575 0.85566
vt 0.57410 0.85486
f 2296/5311 2499/5507 2380/5508
vt 0.70425 0.27947
f 2279/5191 2396/5481 2390/5509
f 2279/5191 2390/5509 2431/5429
vt 0.62003 0.93405
vt 0.62041 0.93279
vt 0.62114 0.93440
f 2302/5510 2333/5511 2485/5512
vt 0.84039 0.38220
vt 0.84179 0.38171
f 2316/5513 2405/5514 2328/5487
vt 0.64624 0.11270
f 2322/5425 2350/5424 2362/5515
f 2303/4880 2355/5109 2406/5264
vt 0.77778 0.47142
vt 0.77850 0.47094
f 2314/5483 2410/5516 2399/5517
f 2211/4485 2338/5092 2823/5338
f 2067/4792 2429/4935 2367/5150
f 2258/5221 2403/5440 2447/5464
vt 0.39074 0.83386
f 2217/5491 2386/5518 2600/5492
vt 0.17328 0.06647
f 2178/4666 2348/5143 2764/5519
vt 0.05195 0.35685
f 2281/5087 2103/4983 2434/5520
vt 0.38832 0.23581
f 2204/5170 2393/5421 2347/5521
f 2204/5170 2347/5521 2288/5201
vt 0.87022 0.24972
f 2349/5172 2401/5318 2377/5522
f 2289/5125 2422/5463 2506/5412
vt 0.60073 0.77692
f 2275/5322 2493/5523 2373/5304
f 2305/4966 2522/5377 2285/5120
vt 0.81850 0.50635
vt 0.81725 0.50632
vt 0.81813 0.50421
f 2354/5524 2371/5525 2366/5526
vt 0.68464 0.18587
f 2309/5227 2665/5527 2423/5292
vt 0.71799 0.47275
f 2231/5286 2343/5430 2309/5528
vt 0.62021 0.93107
vt 0.62173 0.93181
f 2333/5511 2330/5529 2555/5530
vt 0.97219 0.00516
vt 0.97311 0.00611
vt 0.97219 0.00636
f 2248/5531 2378/5532 2425/5533
vt 0.25618 0.60483
f 2155/4922 2424/5534 2403/5293
vt 0.81690 0.49526
vt 0.81635 0.49375
f 2335/5469 2356/5535 2453/5536
vt 0.64636 0.11074
f 2322/5425 2362/5515 2352/5537
vt 0.26658 0.60235
f 2270/4988 2528/5538 2443/5384
f 2279/5191 2417/5408 2396/5481
f 2335/5469 2453/5536 2331/5389
vt 0.77643 0.46125
f 2313/5273 2359/5539 2392/5328
vt 0.97009 0.06405
vt 0.97118 0.06355
vt 0.97082 0.06542
f 2375/5540 5840/5541 2432/5542
vt 0.75465 0.67185
f 2318/5228 2488/5543 2364/5135
vt 0.79758 0.04586
vt 0.79793 0.04650
f 2312/5342 2419/5544 2410/5545
vt 0.57803 0.73596
vt 0.57923 0.73347
vt 0.57973 0.73460
f 2416/5546 2389/5547 2358/5548
vt 0.21641 0.05183
f 2308/4829 2717/5549 2346/5114
vt 0.43484 0.73647
f 2245/5399 2406/5550 2427/5400
vt 0.48751 0.51620
vt 0.48729 0.51501
f 2350/5410 2471/5551 2362/5552
f 2164/4423 2592/5271 2789/5450
vt 0.81518 0.76428
vt 0.81701 0.76607
f 2342/5324 2315/5553 2458/5554
vt 0.03066 0.34511
f 2064/4660 2409/5555 2448/5138
vt 0.44789 0.90691
f 2243/5479 2368/5478 2414/5556
vt 0.60028 0.77391
f 2275/5322 2517/5557 2493/5523
vt 0.79599 0.05086
vt 0.79739 0.05176
f 2356/5558 2335/5401 2400/5559
vt 0.39185 0.24073
f 2334/5169 2298/5364 2435/5560
vt 0.77774 0.47202
f 2314/5483 2312/5485 2410/5561
vt 0.59709 0.77194
f 2275/5322 2293/5562 2517/5557
vt 0.70000 0.00277
f 2282/5263 2449/5262 2571/5563
vt 0.69296 0.69871
f 2340/5106 2445/5564 2404/5175
vt 0.69354 0.69634
f 2340/5106 2566/5565 2445/5564
f 2319/4940 2513/5164 2574/5337
vt 0.70581 0.27357
f 2251/5261 2412/5566 2417/5408
vt 0.87067 0.25417
f 2401/5318 2369/5472 2556/5567
vt 0.79618 0.05306
f 2356/5558 2400/5559 2374/5568
f 2342/5324 2458/5554 2494/5501
vt 0.79732 0.05806
vt 0.79577 0.05723
f 2374/5568 2508/5569 2394/5570
vt 0.71702 0.47204
f 2343/5430 2370/5571 2309/5528
vt 0.79567 0.05931
vt 0.79752 0.06181
f 2366/5572 2508/5569 2503/5573
vt 0.79541 0.06219
f 2354/5574 2366/5572 2503/5573
f 2203/5110 2272/5048 2470/5476
f 2394/5570 2508/5569 2366/5572
vt 0.48960 0.51728
vt 0.48817 0.51757
f 2350/5410 2557/5575 2524/5576
vt 0.61705 0.51803
vt 0.61707 0.51557
f 2242/5350 2397/5577 2392/5578
vt 0.77708 0.47500
f 2375/5484 2432/5579 2312/5485
vt 0.64969 0.10589
vt 0.64728 0.10713
f 2360/5580 2322/5425 2344/5581
vt 0.81620 0.49253
f 2331/5389 2453/5536 2482/5582
vt 0.64817 0.10455
vt 0.65036 0.10140
f 2360/5580 2372/5583 2422/5584
vt 0.48130 0.60250
f 2074/4764 2297/5355 2745/5585
vt 0.70847 0.77112
f 2286/5212 2506/5412 2430/5586
vt 0.57106 0.85407
f 5840/5504 2353/5334 2377/5587
vt 0.39154 0.83812
f 2294/5490 2600/5492 2411/5588
vt 0.87172 0.35969
f 2294/5122 2411/5589 2383/5207
vt 0.80069 0.61540
f 2299/5297 2465/5590 2357/5211
vt 0.90139 0.31747
f 2282/5229 2571/5591 2365/5246
f 2259/5044 2537/5451 2317/5210
vt 0.41370 0.88556
f 2172/5117 2469/5592 2387/5186
vt 0.05068 0.98883
vt 0.05103 0.98939
vt 0.05068 0.98962
f 2328/5593 2405/5594 2466/5595
vt 0.81505 0.17404
f 2226/5202 2306/5054 2340/5596
vt 0.69426 0.69995
f 2215/5307 2550/5597 2385/5344
vt 0.70852 0.77020
f 2276/5345 2286/5212 2430/5598
f 2322/5425 2352/5537 2344/5581
vt 0.47615 0.51029
f 2379/5455 2503/5300 2512/5599
vt 0.62022 0.92928
vt 0.62143 0.93016
f 2330/5529 2413/5600 2504/5601
f 2330/5529 2504/5601 2555/5530
f 2479/5437 2359/5539 2313/5273
vt 0.59809 0.28038
f 2355/5109 2470/5476 2575/5602
f 2377/5587 2353/5334 2380/5508
vt 0.57215 0.85523
f 2377/5587 2380/5508 2405/5603
vt 0.01239 0.34251
f 2560/5267 2759/5604 2229/5144
f 2355/5109 2575/5602 2406/5264
vt 0.46883 0.61038
f 2343/5432 2473/5232 2370/5605
vt 0.44857 0.90280
f 2280/5477 2492/5606 2368/5478
vt 0.70478 0.26766
f 2242/5230 2392/5607 2359/5500
vt 0.70834 0.76761
f 2276/5345 2484/5608 2444/5457
vt 0.89942 0.69179
f 2296/5475 2485/5474 2610/5609
vt 0.48259 0.47301
f 2365/5174 2438/5610 2384/5253
f 2306/5054 2581/5468 2340/5596
vt 0.59662 0.24507
vt 0.59911 0.24761
vt 0.59669 0.24699
f 2358/5611 2646/5612 2326/5613
vt 0.41605 0.88606
f 2364/5194 2488/5614 2172/5117
vt 0.48034 0.45632
f 2298/5131 2395/5366 2435/5615
vt 0.90113 0.14279
f 2391/5448 2336/5471 2426/5616
vt 0.84324 0.38276
f 2328/5487 2466/5617 2441/5488
f 2352/5315 2362/5552 2255/5251
vt 0.14699 0.51262
vt 0.14794 0.51432
vt 0.14586 0.51495
f 2215/5618 2404/5619 2550/5620
vt 0.81539 0.50495
f 2371/5525 2567/5621 2366/5526
vt 0.51214 0.52791
f 2239/4994 2836/5622 2351/5200
vt 0.59507 0.91182
f 2287/5151 2384/5623 2480/5336
vt 0.79759 0.04949
f 2335/5401 2312/5342 2432/5624
vt 0.81749 0.50085
vt 0.81529 0.50212
f 2394/5625 2366/5526 2587/5626
vt 0.50062 0.52856
f 2429/4935 2332/5163 2666/5627
vt 0.57640 0.73427
f 2416/5546 2542/5628 2389/5547
f 2276/5345 2430/5598 2484/5608
vt 0.26118 0.60454
f 2443/5384 2623/5629 2455/5255
vt 0.48814 0.51595
f 2350/5410 2524/5576 2471/5630
vt 0.81545 0.49009
f 2331/5389 2431/5631 2390/5502
f 2251/5261 2514/5462 2412/5566
vt 0.59946 0.76817
vt 0.60010 0.76710
vt 0.60109 0.76786
f 2345/5632 2361/5633 2636/5634
vt 0.77611 0.47052
f 2376/5360 2521/5635 2396/5503
f 2366/5526 2567/5621 2587/5626
f 2372/5583 2360/5580 2344/5581
f 2172/5117 2488/5614 2469/5592
f 2064/4660 2558/5378 2409/5555
f 2239/4994 2367/5150 2836/5622
vt 0.70710 0.50761
vt 0.70810 0.50582
f 2299/5347 2433/5636 2465/5637
f 2536/4993 2178/4666 2764/5519
vt 0.37639 0.21306
f 2270/5045 2398/5379 2528/5638
vt 0.89904 0.14088
vt 0.89955 0.14316
f 2391/5639 2426/5616 2463/5640
f 2333/5511 2555/5530 2485/5512
vt 0.02539 0.34275
vt 0.02446 0.34313
f 2307/5296 2420/5641 2523/5642
vt 0.48280 0.51426
f 2371/5356 2255/5251 2527/5643
vt 0.59617 0.26111
vt 0.59769 0.26164
f 2383/5644 2502/5645 2381/5198
vt 0.14583 0.07378
f 2513/5164 2327/5231 2703/5646
vt 0.70970 0.50362
f 2539/5320 2387/5176 2460/5647
vt 0.59903 0.76927
f 2345/5632 2636/5634 2428/5648
vt 0.81904 0.90741
vt 0.82041 0.90674
vt 0.82050 0.90782
f 5840/5649 5841/5650 2432/5651
vt 0.81569 0.76319
vt 0.81638 0.76365
f 2315/5553 2407/5652 2482/5653
vt 0.83136 0.89380
vt 0.82974 0.89210
vt 0.83156 0.89074
f 2409/5654 2515/5655 2448/5656
vt 0.90087 0.69102
f 2296/5475 2610/5609 2499/5657
vt 0.77769 0.47067
f 2376/5360 2399/5658 2521/5635
vt 0.81701 0.76418
f 2315/5553 2482/5653 2415/5659
vt 0.02265 0.34371
f 2307/5296 2523/5642 2579/5660
f 2307/5296 2579/5660 2378/5281
vt 0.59715 0.24924
f 2326/5613 2646/5612 2323/5661
vt 0.82445 0.40773
vt 0.82337 0.40803
f 2363/5465 2418/5662 2336/5663
vt 0.86927 0.25071
f 2377/5522 2401/5318 5840/5664
vt 0.57349 0.85627
f 2380/5508 2501/5665 2405/5603
vt 0.59782 0.24266
vt 0.60011 0.24413
f 2358/5611 2389/5666 2510/5667
f 2358/5611 2510/5667 2646/5612
vt 0.81561 0.49140
f 2331/5389 2407/5668 2431/5631
vt 0.59761 0.25348
f 2323/5661 2646/5612 2304/5669
vt 0.79785 0.05003
f 2335/5401 2432/5624 2477/5670
vt 0.64975 0.09763
vt 0.65191 0.09715
f 2422/5584 2562/5671 2506/5672
f 2334/5169 2435/5560 2393/5421
vt 0.60129 0.78029
f 2373/5304 2493/5523 2681/5673
f 2373/5304 2681/5673 2452/5305
f 2281/5087 2434/5520 2618/5505
vt 0.69780 0.19815
f 2264/4995 2500/5674 2416/5310
vt 0.50566 0.52707
f 2429/4935 2779/5675 2367/5150
vt 0.41196 0.88561
f 2387/5186 2469/5592 2460/5676
vt 0.82955 0.89359
f 2409/5654 2507/5677 2515/5655
vt 0.16554 0.85614
f 2427/5351 2476/5678 2361/5420
f 2335/5401 2477/5670 2400/5559
vt 0.79772 0.05375
f 2400/5559 2511/5679 2374/5568
f 2374/5568 2511/5679 2508/5569
f 2463/5333 2500/5674 2264/4995
vt 0.87576 0.51485
vt 0.87887 0.51773
vt 0.87549 0.51790
f 2426/5680 2655/5681 2461/5682
f 2455/5255 2424/5534 2155/4922
vt 0.81735 0.76510
f 2315/5553 2415/5659 2489/5683
f 2315/5553 2489/5683 2458/5554
vt 0.81753 0.49736
vt 0.81515 0.49979
f 2374/5684 2394/5625 2570/5685
vt 0.64845 0.10099
f 2372/5583 2494/5686 2422/5584
vt 0.89985 0.31704
f 2365/5246 2571/5591 2438/5687
vt 0.81558 0.49423
f 2453/5536 2356/5535 2442/5688
vt 0.86908 0.25150
f 2401/5318 2472/5689 5840/5664
vt 0.62112 0.92940
f 2413/5600 2582/5690 2504/5601
vt 0.81977 0.90447
vt 0.81971 0.90388
vt 0.82054 0.90489
f 2410/5691 2419/5692 2468/5693
vt 0.81592 0.49628
f 2356/5535 2374/5684 2450/5694
vt 0.60172 0.76618
f 2361/5633 2476/5695 2636/5634
vt 0.67802 0.19296
vt 0.67874 0.19336
vt 0.67907 0.19499
f 2399/5696 2410/5697 2521/5698
vt 0.72186 0.54187
f 2317/5210 2537/5451 2509/5699
vt 0.69823 0.00554
vt 0.69694 0.00350
f 2408/5700 2551/5701 2449/5262
vt 0.48468 0.51635
f 2362/5552 2471/5551 2617/5702
f 2362/5552 2617/5702 2255/5251
vt 0.36915 0.73396
f 2308/5081 2421/5302 2717/5703
vt 0.39235 0.83459
f 2386/5518 2304/5427 2436/5704
f 2386/5518 2436/5704 2600/5492
vt 0.96844 0.20528
vt 0.96941 0.20620
vt 0.96863 0.20663
f 2419/5705 2519/5706 2468/5707
vt 0.79998 0.61657
f 2465/5590 2460/5708 2357/5211
vt 0.68187 0.18698
f 2423/5292 2665/5527 2649/5709
vt 0.75206 0.63226
f 2398/5438 2379/5407 2573/5710
vt 0.11429 0.08123
f 2388/5223 2602/5711 2462/5383
vt 0.59831 0.27715
f 2575/5602 2470/5476 2530/5712
vt 0.25123 0.60433
f 2403/5293 2424/5534 2447/5713
vt 0.95185 0.60379
vt 0.95090 0.60454
vt 0.95117 0.60379
f 2356/5714 2450/5715 2505/5716
vt 0.81562 0.49516
f 2356/5535 2505/5717 2442/5688
f 2363/5465 2447/5464 2418/5662
vt 0.97121 0.06573
vt 0.97093 0.06621
f 2432/5542 2518/5718 2440/5719
vt 0.97054 0.06610
f 2432/5542 2440/5719 2477/5720
vt 0.87694 0.51337
f 2426/5680 2336/5721 2655/5681
vt 0.87003 0.35970
f 2383/5207 2411/5589 2502/5722
vt 0.87057 0.25427
vt 0.86917 0.25352
f 2401/5318 2556/5723 2454/5724
vt 0.79609 0.61657
f 2357/5211 2488/5725 2318/5396
vt 0.34157 0.76586
vt 0.34289 0.76610
vt 0.34186 0.76740
f 2442/5726 2505/5727 2638/5728
vt 0.06469 0.36115
f 2278/5041 2462/5729 2464/5419
vt 0.65301 0.09318
vt 0.65118 0.09355
f 2430/5730 2506/5672 2568/5731
f 2380/5508 2499/5507 2501/5665
vt 0.59950 0.26365
f 2381/5198 2502/5645 2689/5732
vt 0.34114 0.76647
f 2442/5726 2638/5728 2458/5733
vt 0.82696 0.32066
f 2369/5415 2329/5414 2580/5734
vt 0.68621 0.46782
vt 0.68439 0.46815
vt 0.68527 0.46591
f 2409/5735 2558/5736 2507/5737
vt 0.47655 0.97655
vt 0.47620 0.97749
vt 0.47602 0.97669
f 2442/5738 2458/5739 2529/5740
vt 0.65517 0.08792
vt 0.65364 0.08652
vt 0.65673 0.08427
f 2444/5741 2585/5742 2300/5743
vt 0.20270 0.05756
f 2230/4786 2474/5093 2662/5744
vt 0.82845 0.31895
f 2329/5414 2441/5745 2580/5734
vt 0.64910 0.09945
f 2422/5584 2489/5746 2562/5671
vt 0.05736 0.35755
vt 0.05859 0.36004
f 2446/5747 2320/5220 2601/5748
vt 0.40069 0.97618
vt 0.40080 0.97747
vt 0.40013 0.97748
f 2359/5749 2479/5750 2514/5751
vt 0.62217 0.93075
f 2504/5601 2478/5752 2555/5530
vt 0.19485 0.06071
f 2338/5092 2467/4674 2545/5753
vt 0.70663 0.27955
vt 0.70616 0.28030
f 2396/5481 2521/5754 2519/5755
f 2392/5578 2397/5577 2382/5285
vt 0.34056 0.76680
vt 0.34040 0.76760
f 2458/5756 2638/5728 2494/5757
vt 0.81508 0.49229
f 2331/5389 2482/5758 2407/5668
vt 0.82120 0.90773
f 2432/5651 5841/5650 2518/5759
vt 0.14425 0.51597
f 2439/5435 2451/5760 2310/5217
vt 0.98709 0.79361
vt 0.98664 0.79321
vt 0.98712 0.79343
f 2439/5761 2385/5762 2451/5763
vt 0.45016 0.90700
f 2414/5556 2368/5478 2582/5764
vt 0.95497 0.73187
vt 0.95458 0.73336
vt 0.95375 0.73209
f 2414/5765 2582/5766 2413/5767
vt 0.14714 0.51553
f 2404/5619 2445/5768 2550/5620
vt 0.00381 0.33732
f 2437/4900 2789/5450 2633/5769
vt 0.21436 0.38702
vt 0.21383 0.38522
vt 0.21496 0.38796
f 2462/5770 2548/5771 2464/5772
f 2425/5489 2560/5267 2321/5032
f 2255/5251 2617/5702 2527/5643
vt 0.21558 0.38722
vt 0.21593 0.38809
f 2464/5772 2534/5773 2456/5774
vt 0.57246 0.09054
vt 0.57535 0.09097
vt 0.57265 0.09297
f 2457/5775 2584/5776 2486/5777
vt 0.49174 0.52015
f 2317/5270 2509/5778 2557/5409
vt 0.38411 0.97726
vt 0.38365 0.97774
vt 0.38347 0.97698
f 2458/5779 2489/5780 2529/5781
vt 0.71712 0.47172
vt 0.71861 0.47008
f 2309/5528 2370/5782 2686/5783
vt 0.59791 0.26643
f 2381/5198 2689/5732 2487/5784
vt 0.06141 0.36266
f 2320/5220 2464/5419 2459/5785
vt 0.81435 0.17647
f 2340/5596 2581/5468 2566/5786
f 2422/5584 2494/5686 2489/5746
vt 0.89949 0.14517
f 2463/5640 2426/5616 2500/5787
vt 0.57552 0.73573
f 2416/5546 2500/5788 2542/5628
vt 0.65032 0.09566
f 2506/5672 2562/5671 2544/5789
f 2464/5772 2548/5771 2534/5773
vt 0.79799 0.61658
f 2357/5211 2460/5708 2469/5790
vt 0.81487 0.49757
f 2374/5684 2570/5685 2481/5791
vt 0.86925 0.25273
f 2401/5318 2454/5792 2472/5689
f 2429/4935 2666/5627 2779/5675
vt 0.84242 0.37893
f 2405/5514 2501/5793 2466/5617
vt 0.98386 0.63074
vt 0.98335 0.62983
vt 0.98391 0.63029
f 2400/5794 2477/5795 2497/5796
vt 0.13989 0.07598
f 2513/5164 2661/5797 2574/5337
vt 0.90197 0.14455
vt 0.90039 0.14555
f 2426/5616 2461/5798 2498/5799
f 2426/5616 2498/5799 2500/5787
f 2394/5625 2587/5626 2570/5685
vt 0.59980 0.25520
f 2304/5669 2646/5612 2436/5800
vt 0.47223 0.61102
f 2473/5232 2624/5801 2370/5605
vt 0.05632 0.35782
f 2446/5287 2546/5802 2103/4983
f 2074/4764 2745/5585 2232/5132
vt 0.07280 0.94806
vt 0.07251 0.94846
vt 0.07158 0.94782
f 2410/5803 2468/5804 5842/5805
vt 0.34839 0.83428
f 2337/5224 2452/5306 2632/5806
vt 0.43728 0.73918
f 2427/5400 2406/5550 2603/5807
vt 0.65124 0.09020
vt 0.65366 0.09001
f 2430/5730 2676/5808 2484/5809
vt 0.87889 0.51508
f 2336/5721 2418/5810 2655/5681
vt 0.70681 0.27155
f 2412/5566 2514/5462 2479/5811
vt 0.07155 0.94886
f 5841/5812 5842/5805 2468/5804
f 2374/5684 2481/5791 2450/5694
vt 0.59778 0.27109
f 2272/5048 2549/5813 2470/5476
vt 0.60074 0.77043
f 2428/5648 2636/5634 2547/5814
vt 0.64914 0.09793
f 2562/5671 2489/5746 2415/5815
f 2305/4966 2618/5505 2522/5377
vt 0.70813 0.50360
f 2460/5647 2491/5816 2539/5320
vt 0.57228 0.08946
vt 0.57342 0.08892
f 2483/5817 2551/5818 2457/5775
f 2457/5775 2551/5818 2584/5776
vt 0.68165 0.87928
vt 0.68160 0.88165
vt 0.68011 0.87979
f 2446/5819 2601/5820 2546/5821
f 2455/5255 2623/5629 2424/5534
f 2339/5102 2230/4786 2662/5744
vt 0.43743 0.74057
vt 0.43723 0.74142
f 2427/5400 2588/5822 2476/5823
f 2428/5648 2547/5814 2293/5562
f 2357/5211 2469/5790 2488/5725
vt 0.67529 0.18602
vt 0.67601 0.18844
f 2408/5824 2423/5292 2551/5825
vt 0.57484 0.09330
f 2486/5777 2584/5776 2578/5826
f 2444/5741 2484/5809 2585/5742
f 2437/4900 2633/5769 2332/5075
vt 0.48621 0.48117
vt 0.48340 0.48158
vt 0.48569 0.47899
f 2486/5827 2589/5828 2457/5829
vt 0.81574 0.50651
f 2371/5525 2527/5830 2567/5621
vt 0.59664 0.26790
f 2272/5048 2381/5198 2490/5831
vt 0.82137 0.90371
vt 0.82249 0.90508
f 2468/5693 2519/5832 2577/5833
vt 0.80067 0.61680
f 2465/5590 2491/5834 2460/5708
vt 0.82535 0.32168
f 2369/5415 2580/5734 2556/5835
vt 0.75092 0.63435
f 2398/5438 2573/5710 2629/5836
vt 0.79895 0.05097
vt 0.79871 0.05256
f 2400/5559 2454/5837 2495/5838
f 2400/5559 2495/5838 2511/5679
vt 0.86991 0.25513
f 2556/5723 2495/5839 2454/5724
vt 0.82197 0.90741
f 2518/5759 5841/5650 2535/5840
vt 0.79825 0.05069
f 2400/5559 2497/5841 2454/5837
f 2242/5350 2300/5349 2397/5577
vt 0.98325 0.52620
vt 0.98324 0.52592
vt 0.98379 0.52578
f 2415/5842 2482/5843 2529/5844
vt 0.57323 0.73873
vt 0.57180 0.73600
vt 0.57381 0.73657
f 2461/5845 2758/5846 2498/5847
f 2208/4879 2591/5266 2520/5466
f 2676/5808 2430/5730 2568/5731
vt 0.79838 0.05027
vt 0.79880 0.05015
f 2440/5848 2518/5849 2454/5837
f 2440/5848 2454/5837 2497/5841
f 2337/5327 2717/5703 2421/5302
vt 0.90011 0.31811
f 2438/5687 2571/5591 2688/5850
vt 0.47902 0.46530
f 2402/5249 2480/5330 2543/5851
vt 0.87144 0.36158
f 2502/5722 2411/5589 2683/5852
vt 0.98767 0.09359
vt 0.98795 0.09402
vt 0.98747 0.09372
f 2440/5853 2497/5854 2535/5855
vt 0.97238 0.52725
vt 0.97260 0.52664
vt 0.97245 0.52798
f 2453/5856 2577/5857 2482/5858
vt 0.96895 0.40817
vt 0.96829 0.40908
vt 0.96809 0.40716
f 2378/5859 2496/5860 2425/5861
vt 0.85061 0.46779
vt 0.84922 0.46823
vt 0.84951 0.46714
f 2454/5862 2658/5863 2472/5864
vt 0.02005 0.34300
f 2425/5489 2496/5865 2560/5267
vt 0.12865 0.08003
f 2590/5418 2177/4907 2652/5866
vt 0.47279 0.50693
f 2379/5455 2512/5599 2573/5867
vt 0.85190 0.46870
vt 0.85194 0.46933
vt 0.85145 0.46898
f 2477/5868 2533/5869 2535/5870
vt 0.98920 0.70957
vt 0.98944 0.70942
vt 0.98957 0.70980
f 2477/5871 2535/5872 2497/5873
vt 0.98709 0.23031
vt 0.98703 0.23076
vt 0.98672 0.23066
f 2477/5874 2440/5875 2533/5876
vt 0.95144 0.60268
vt 0.95091 0.60303
vt 0.95127 0.60170
f 2442/5877 2526/5878 2453/5879
vt 0.93353 0.03837
vt 0.93238 0.03890
vt 0.93229 0.03737
f 2487/5880 2490/5881 2381/5882
vt 0.69722 0.00136
f 2449/5262 2551/5701 2714/5883
vt 0.87822 0.51970
f 2461/5682 2655/5681 2634/5884
vt 0.57030 0.73815
f 2461/5845 2634/5885 2758/5846
vt 0.98779 0.38834
vt 0.98788 0.38888
vt 0.98748 0.38904
f 2582/5886 2606/5887 2504/5888
vt 0.82213 0.90579
f 2468/5693 2577/5833 2516/5889
vt 0.14201 0.51761
f 2310/5217 2451/5760 2664/5890
vt 0.07239 0.94741
f 2410/5803 5842/5805 2521/5891
vt 0.38306 0.97798
f 2489/5780 2596/5892 2529/5781
vt 0.57719 0.73291
f 2389/5547 2542/5628 2597/5893
f 2272/5048 2490/5831 2549/5813
f 2451/5760 2385/5506 2550/5620
vt 0.38371 0.97572
vt 0.38312 0.97561
f 2442/5894 2529/5781 2554/5895
vt 0.47598 0.97548
vt 0.47644 0.97566
f 2442/5738 2554/5896 2526/5897
vt 0.47964 0.47310
f 2438/5610 2653/5898 2384/5253
vt 0.84392 0.38568
vt 0.84512 0.38440
f 2580/5899 2441/5488 2576/5900
vt 0.71627 0.54087
f 2288/5411 2347/5901 2537/5451
vt 0.82159 0.90639
f 5841/5650 2468/5693 2516/5902
vt 0.47965 0.51301
f 2503/5300 2583/5903 2512/5599
vt 0.26660 0.60456
f 2528/5538 2572/5904 2443/5384
vt 0.95026 0.60249
f 2453/5879 2526/5878 2533/5905
vt 0.94979 0.60154
vt 0.95035 0.60110
f 2453/5879 2516/5906 2577/5907
vt 0.48169 0.47873
vt 0.48474 0.47782
f 2457/5829 2659/5908 2483/5909
vt 0.60117 0.24220
f 2389/5666 2597/5910 2510/5667
vt 0.74786 0.63325
f 2629/5836 2528/5911 2398/5438
f 5841/5650 2516/5902 2535/5840
f 2453/5879 2533/5905 2516/5906
f 2467/4674 2339/5102 2545/5753
vt 0.17859 0.06470
f 2348/5143 2823/5338 2475/5912
f 2427/5400 2603/5807 2588/5822
vt 0.93341 0.04180
f 2487/5880 2553/5913 2490/5881
vt 0.95024 0.60336
f 2505/5716 2450/5715 2525/5914
f 2505/5716 2525/5914 2526/5878
vt 0.59405 0.91340
f 2480/5336 2384/5623 2605/5915
f 2269/4958 2599/5493 2558/5378
vt 0.70705 0.50411
f 2465/5637 2433/5636 2538/5916
vt 0.78614 0.36533
vt 0.78621 0.36350
vt 0.78722 0.36575
f 2494/5917 2727/5918 2489/5919
f 2103/4983 2546/5802 2434/5520
vt 0.34334 0.76691
f 2638/5728 2505/5727 2565/5920
vt 0.98606 0.48138
vt 0.98604 0.48071
vt 0.98636 0.48116
f 2505/5921 2526/5922 2565/5923
vt 0.82213 0.90695
vt 0.82213 0.90644
vt 0.82266 0.90725
f 2440/5924 2516/5925 2533/5926
vt 0.47709 0.45695
f 2435/5615 2395/5366 2724/5927
vt 0.84411 0.38154
f 2501/5793 2552/5928 2466/5617
vt 0.84432 0.37814
f 2501/5793 2612/5929 2552/5928
vt 0.67927 0.19676
vt 0.67777 0.19532
f 2521/5698 2693/5930 2519/5931
vt 0.97776 0.39242
vt 0.97721 0.39263
vt 0.97770 0.39131
f 2440/5932 2535/5933 2516/5934
vt 0.39040 0.24387
f 2435/5560 2724/5935 2393/5421
vt 0.61503 0.51936
f 2382/5285 2397/5577 2712/5936
vt 0.84946 0.74309
vt 0.85018 0.74402
vt 0.84905 0.74412
f 2482/5937 2577/5938 2554/5939
vt 0.33033 0.91129
vt 0.33091 0.90822
vt 0.33252 0.91137
f 2503/5940 2508/5941 2583/5942
vt 0.11270 0.08166
f 2462/5383 2602/5711 2548/5943
vt 0.71978 0.47043
f 2309/5528 2686/5783 2665/5944
vt 0.98637 0.48017
f 2526/5922 2554/5945 2565/5923
vt 0.45025 0.90303
f 2492/5606 2531/5946 2368/5478
vt 0.40249 0.96125
vt 0.40106 0.96086
vt 0.40155 0.96028
f 2472/5947 2552/5948 2650/5949
vt 0.59858 0.27380
f 2470/5476 2569/5950 2530/5712
vt 0.59743 0.26911
f 2490/5831 2553/5951 2549/5813
f 2526/5878 2525/5914 2533/5905
vt 0.43588 0.73438
vt 0.43494 0.73040
vt 0.43780 0.73148
f 2575/5952 2530/5953 2657/5954
vt 0.80005 0.05040
f 2454/5837 2518/5849 2658/5955
vt 0.40198 0.96199
f 2472/5947 2658/5956 2552/5948
vt 0.02430 0.34414
f 2420/5444 2448/5138 2523/5957
vt 0.90742 0.53225
vt 0.90477 0.53208
vt 0.90566 0.52949
f 2546/5958 2532/5959 2614/5960
vt 0.68352 0.41557
vt 0.68485 0.41964
vt 0.68241 0.41862
f 2555/5961 2610/5962 2485/5963
vt 0.68754 0.41746
f 2555/5961 2723/5964 2610/5962
vt 0.97326 0.52760
vt 0.97351 0.52843
f 2482/5858 2554/5965 2529/5966
vt 0.78810 0.36494
f 2489/5919 2727/5918 2596/5967
f 2368/5478 2531/5946 2582/5764
vt 0.13978 0.51676
f 2310/5217 2538/5968 2433/5498
vt 0.61861 0.51960
f 2300/5349 2635/5969 2397/5577
vt 0.65331 0.08310
f 2300/5743 2585/5742 2635/5970
vt 0.84938 0.47096
f 2535/5870 2533/5869 2616/5971
f 2466/5617 2576/5900 2441/5488
vt 0.98066 0.74892
vt 0.98059 0.75003
vt 0.98004 0.74943
f 2524/5972 2697/5973 2471/5974
vt 0.85098 0.46840
vt 0.84941 0.46904
f 2518/5975 2535/5870 2658/5976
vt 0.11925 0.08316
f 2602/5711 2388/5223 2765/5977
vt 0.47653 0.60904
f 2473/5232 2232/5132 2541/5978
vt 0.68350 0.46580
f 2558/5736 2593/5979 2507/5737
vt 0.61274 0.51491
f 2382/5285 2531/5980 2492/5352
f 2506/5672 2544/5789 2568/5731
vt 0.02071 0.34304
f 2378/5281 2579/5660 2496/5981
vt 0.81433 0.31867
vt 0.81467 0.31659
vt 0.81594 0.31945
f 2486/5982 2578/5983 2589/5984
f 2395/5366 2402/5249 2543/5851
vt 0.48044 0.46782
f 2480/5330 2605/5985 2543/5851
vt 0.18936 0.06235
f 2338/5092 2732/5986 2823/5338
f 2293/5562 2547/5814 2517/5557
f 2465/5637 2538/5916 2491/5816
vt 0.78907 0.36536
vt 0.78939 0.36495
vt 0.78961 0.36512
f 2562/5987 2563/5988 2544/5989
vt 0.98391 0.76789
vt 0.98345 0.76688
vt 0.98387 0.76657
f 2450/5990 2565/5991 2525/5992
vt 0.97121 0.09313
vt 0.97034 0.09280
vt 0.97135 0.09206
f 5842/5993 2472/5994 2641/5995
vt 0.57510 0.08944
f 2584/5776 2551/5818 2608/5996
vt 0.57517 0.73312
f 2500/5788 2597/5997 2542/5628
vt 0.68295 0.46614
f 2558/5736 2677/5998 2593/5979
vt 0.26499 0.60692
f 2443/5384 2572/5904 2619/5999
vt 0.81536 0.17730
f 2566/5786 2581/5468 2648/6000
f 2500/5788 2498/5847 2597/5997
vt 0.72110 0.53845
f 2509/5699 2537/5451 2709/6001
vt 0.84260 0.37679
f 2501/5793 2499/6002 2612/5929
vt 0.48069 0.47593
f 2438/5610 2688/6003 2653/5898
vt 0.04266 0.35680
f 2522/5377 2618/5505 2726/6004
vt 0.59918 0.27009
f 2487/5784 2689/5732 2553/6005
vt 0.81553 0.31702
f 2578/5983 2586/6006 2589/5984
vt 0.47896 0.46988
vt 0.47939 0.46904
f 2384/5253 2654/6007 2605/6008
vt 0.78173 0.28833
vt 0.78081 0.28658
vt 0.78215 0.28715
f 2507/6009 2604/6010 2515/6011
vt 0.40142 0.96217
f 2552/5948 2658/5956 2613/6012
f 2320/5220 2459/5785 2601/5748
vt 0.67786 0.88051
vt 0.67944 0.88260
f 2532/6013 2546/5821 2656/6014
vt 0.67872 0.18856
f 2551/5825 2423/5292 2608/6015
f 2473/5232 2541/5978 2624/5801
vt 0.98511 0.04944
vt 0.98558 0.04946
vt 0.98545 0.04996
f 2524/6016 2557/6017 2663/6018
vt 0.49068 0.52352
vt 0.48836 0.52013
f 2509/5778 2868/6019 2663/6020
f 2509/5778 2663/6020 2557/5409
vt 0.98476 0.41641
vt 0.98472 0.41719
vt 0.98427 0.41686
f 2450/6021 2481/6022 2670/6023
vt 0.98327 0.76777
f 2450/5990 2670/6024 2565/5991
vt 0.25394 0.60729
f 2447/5713 2424/5534 2655/6025
vt 0.90817 0.52857
f 2546/5958 2614/5960 2434/6026
vt 0.85252 0.47016
vt 0.85159 0.47119
f 2533/5869 2525/6027 2637/6028
f 2601/5820 2656/6014 2546/5821
vt 0.84820 0.74440
vt 0.84764 0.74436
f 2554/5939 2525/6029 2565/6030
vt 0.70779 0.50238
f 2539/5320 2491/5816 2630/6031
vt 0.96470 0.42225
vt 0.96462 0.42471
vt 0.96377 0.42440
f 2483/6032 2659/6033 2714/6034
f 2206/4981 2590/5418 2388/5223
vt 0.59849 0.26043
vt 0.59878 0.25912
vt 0.60110 0.26146
f 2411/6035 2600/6036 2683/6037
vt 0.07143 0.94644
f 5842/5805 2641/6038 2521/5891
vt 0.82973 0.88938
f 2515/5655 2559/6039 2448/5656
f 2310/5217 2664/5890 2538/5968
vt 0.01795 0.34488
f 2560/5267 2496/5865 2848/6040
vt 0.67835 0.19643
f 2519/5931 2693/5930 2625/6041
vt 0.82313 0.90305
f 2519/5832 2625/6042 2577/5833
vt 0.64867 0.09808
vt 0.64863 0.09698
vt 0.64920 0.09752
f 2596/6043 2563/6044 2562/6045
vt 0.84882 0.74519
f 2525/6029 2554/5939 2637/6046
f 2348/5143 2475/5912 2764/5519
vt 0.60144 0.78269
f 2452/5305 2681/5673 2564/6047
f 2449/5262 2714/5883 2571/5563
vt 0.34105 0.77029
f 2494/5757 2638/5728 2727/6048
vt 0.64938 0.09552
f 2544/5789 2563/6044 2713/6049
vt 0.33114 0.90345
vt 0.33260 0.90838
f 2508/5941 2511/6050 2595/6051
vt 0.35025 0.83423
f 2452/5306 2564/6052 2632/5806
f 2535/5870 2616/5971 2658/5976
vt 0.84491 0.37963
f 2552/5928 2612/5929 2650/6053
vt 0.68120 0.46820
f 2558/5736 2673/6054 2677/5998
vt 0.02309 0.34572
f 2523/5957 2448/5138 2643/6055
vt 0.48621 0.51715
vt 0.48528 0.51817
vt 0.48460 0.51641
f 2471/6056 2697/6057 2617/6058
vt 0.97030 0.09162
f 2472/5994 2650/6059 2641/5995
f 2508/5941 2595/6051 2583/5942
vt 0.96408 0.42244
f 2483/6032 2714/6034 2551/6060
vt 0.98135 0.85136
vt 0.98129 0.85086
vt 0.98187 0.85132
f 2504/6061 2606/6062 2478/6063
vt 0.93216 0.90216
vt 0.93305 0.90094
vt 0.93368 0.90401
f 2406/6064 2575/6065 2603/6066
vt 0.82128 0.17706
f 2540/5158 2539/5458 2630/6067
vt 0.59656 0.96000
vt 0.59592 0.96200
vt 0.59585 0.96019
f 2456/6068 2459/6069 2464/6070
vt 0.43510 0.72730
vt 0.43625 0.72733
f 2530/5953 2569/6071 2651/6072
vt 0.93356 0.04506
vt 0.93282 0.04537
f 2594/6073 2569/6074 2553/5913
f 2530/5953 2651/6072 2657/5954
vt 0.78231 0.28461
f 2515/6011 2604/6010 2559/6075
f 2470/5476 2549/5813 2569/5950
vt 0.88444 0.96001
vt 0.88528 0.96034
vt 0.88439 0.96148
f 2640/6076 2645/6077 2607/6078
vt 0.63966 0.77502
vt 0.64023 0.77108
vt 0.64140 0.77497
f 2517/6079 2547/6080 2766/6081
vt 0.93225 0.04320
f 2553/5913 2569/6074 2549/6082
vt 0.14724 0.51753
f 2445/5768 2566/6083 2550/5620
vt 0.68360 0.41391
vt 0.68489 0.41409
f 2478/6084 2606/6085 2555/5961
vt 0.60232 0.26933
vt 0.60014 0.27296
f 2553/6005 2725/6086 2594/6087
vt 0.25093 0.60637
f 2418/6088 2447/5713 2655/6025
vt 0.67968 0.18727
vt 0.67964 0.18849
f 2649/6089 2608/6090 2423/5292
vt 0.65016 0.09247
f 2676/5808 2568/5731 2644/6091
vt 0.84477 0.38339
f 2552/5928 2613/6092 2466/5617
vt 0.77972 0.28798
f 2593/6093 2604/6010 2507/6009
vt 0.82320 0.90388
f 2577/5833 2625/6042 2621/6094
f 2466/5617 2613/6092 2576/5900
vt 0.37198 0.73545
f 2337/5327 2632/6095 2717/5703
vt 0.68539 0.41204
vt 0.68600 0.40860
vt 0.68744 0.41140
f 2582/6096 2531/6097 2728/6098
vt 0.74787 0.63449
f 2528/5911 2629/5836 2572/6099
vt 0.82358 0.32283
vt 0.82451 0.32275
vt 0.82386 0.32431
f 2511/6100 2495/6101 2561/6102
vt 0.02158 0.34406
f 2523/5957 2643/6055 2579/6103
vt 0.68778 0.40878
f 2531/6097 2718/6104 2728/6098
vt 0.15576 0.07344
f 2520/5466 2591/5266 2828/6105
vt 0.90664 0.52723
f 2434/6026 2614/5960 2692/6106
vt 0.03227 0.35038
f 2558/5378 2599/5493 2673/6107
f 2533/5869 2637/6028 2616/5971
vt 0.06252 0.36079
vt 0.06355 0.36184
vt 0.06215 0.36211
f 2456/6108 2534/6109 2459/6110
f 2513/5164 2703/5646 2661/5797
vt 0.16687 0.06824
f 2536/4993 2764/5519 2702/6111
f 2536/4993 2702/6111 2267/5034
vt 0.21555 0.05499
f 2717/5549 2761/6112 2346/5114
f 2229/5144 2759/5604 2592/5271
vt 0.52049 0.52668
f 2297/5392 2351/5200 2795/6113
vt 0.14435 0.51794
f 2451/5760 2598/6114 2664/5890
vt 0.84334 0.37654
vt 0.84309 0.37700
f 2610/6115 2612/5929 2499/6116
vt 0.64794 0.09756
f 2563/6044 2596/6043 2607/6117
vt 0.36579 0.70457
vt 0.36559 0.70710
vt 0.36414 0.70610
f 2544/6118 2756/6119 2678/6120
vt 0.36401 0.70436
f 2544/6118 2678/6120 2568/6121
vt 0.68677 0.41960
f 2610/5962 2723/5964 2647/6122
vt 0.15067 0.07531
f 2520/5466 2787/6123 2327/5231
vt 0.06505 0.36236
vt 0.06356 0.36491
f 2548/6124 2786/6125 2534/6109
vt 0.48009 0.60666
f 2232/5132 2745/5585 2839/6126
f 2553/6005 2689/5732 2725/6086
vt 0.87904 0.00200
vt 0.87863 0.00324
vt 0.87728 0.00119
f 2481/6127 2570/6128 2670/6129
vt 0.50103 0.74420
vt 0.49893 0.74479
vt 0.50041 0.74376
f 2607/6130 2734/6131 2640/6132
vt 0.63906 0.76674
vt 0.64118 0.76653
vt 0.63961 0.76876
f 2476/6133 2720/6134 2636/6135
vt 0.87796 0.01141
vt 0.87623 0.01087
vt 0.87790 0.00939
f 2527/6136 2583/6137 2567/6138
vt 0.87827 0.00574
vt 0.87725 0.00406
f 2570/6128 2587/6139 2561/6140
vt 0.57738 0.09348
f 2578/5826 2584/5776 2691/6141
vt 0.96978 0.33844
vt 0.96961 0.34001
vt 0.96832 0.33947
f 2521/6142 2675/6143 2693/6144
f 2540/5158 2630/6067 2581/5468
f 2502/5645 2683/6037 2689/5732
vt 0.49671 0.52692
f 2332/5163 2633/6145 2666/5627
vt 0.05097 0.35732
f 2434/5520 2722/6146 2618/5505
f 2484/5809 2676/5808 2585/5742
vt 0.88577 0.96083
vt 0.88506 0.96204
f 2645/6077 2713/6147 2563/6148
f 2645/6077 2563/6148 2607/6078
vt 0.33254 0.90357
f 2511/6050 2561/6149 2595/6051
vt 0.78127 0.28349
f 2559/6075 2604/6010 2694/6150
vt 0.43897 0.73553
f 2575/5952 2657/5954 2669/6151
vt 0.87673 0.00788
f 2567/6138 2595/6152 2587/6139
vt 0.26656 0.60654
f 2619/5999 2572/5904 2699/6153
vt 0.68576 0.41402
f 2582/6096 2728/6098 2606/6154
vt 0.68124 0.19516
vt 0.68041 0.19667
f 2521/5698 2641/6155 2675/6156
vt 0.84777 0.46923
vt 0.84789 0.46774
f 2658/5863 2690/6157 2613/6158
f 2583/6137 2595/6152 2567/6138
f 2522/5377 2726/6004 2599/5493
vt 0.84798 0.75321
vt 0.84988 0.75208
vt 0.85098 0.75322
f 2569/6159 2594/6160 2767/6161
vt 0.90719 0.52623
f 2434/6026 2692/6106 2722/6162
vt 0.84774 0.75500
f 2569/6159 2767/6161 2651/6163
vt 0.61201 0.51748
f 2382/5285 2660/6164 2531/5980
f 2587/6139 2595/6152 2561/6140
vt 0.71612 0.53703
f 2537/5451 2347/5901 2620/6165
vt 0.85069 0.74561
f 2554/5939 2621/6166 2637/6046
vt 0.18803 0.84729
vt 0.18661 0.84954
vt 0.18695 0.84742
f 2596/6167 2642/6168 2607/6169
vt 0.85056 0.74456
f 2554/5939 2577/6170 2621/6166
vt 0.63984 0.77836
f 2517/6079 2766/6081 2493/6171
vt 0.99047 0.91695
vt 0.99015 0.91742
vt 0.99015 0.91689
f 2565/6172 2670/6173 2627/6174
f 2496/5865 2579/6103 2848/6040
vt 0.60146 0.27237
f 2725/6086 2767/6175 2594/6087
f 2459/6110 2534/6109 2786/6125
vt 0.61069 0.51524
f 2531/5980 2660/6164 2718/6176
vt 0.14447 0.51625
f 2451/6177 2550/5620 2598/6114
vt 0.67139 0.85466
vt 0.67021 0.85405
vt 0.67287 0.85184
f 2532/6178 2700/6179 2614/6180
vt 0.04944 0.35797
f 2618/5505 2722/6146 2711/6181
vt 0.48836 0.52009
f 2524/5576 2663/6182 2697/6057
vt 0.52443 0.52711
f 2297/5392 2795/6113 2745/6183
vt 0.67454 0.19893
vt 0.67550 0.19931
vt 0.67487 0.20200
f 2544/6184 2713/6185 2756/6186
vt 0.75238 0.63390
f 2629/5836 2573/5710 2668/6187
vt 0.82979 0.88578
vt 0.83148 0.88657
f 2559/6039 2774/6188 2643/6189
f 2559/6039 2643/6189 2448/5656
vt 0.60150 0.25864
f 2600/6036 2436/5800 2730/6190
vt 0.47785 0.51524
vt 0.48084 0.51393
f 2527/5643 2874/6191 2583/6192
f 2443/5384 2619/5999 2623/5629
vt 0.57390 0.09466
vt 0.57614 0.09753
vt 0.57323 0.10055
f 2586/6193 2667/6194 2609/6195
vt 0.68367 0.44664
vt 0.68359 0.45104
vt 0.68139 0.44912
f 2586/6196 2609/6197 2744/6198
vt 0.57239 0.11094
vt 0.57521 0.11041
vt 0.57257 0.11377
f 2628/6199 2824/6200 2604/6201
vt 0.16763 0.85710
vt 0.16687 0.85867
f 2588/6202 2701/6203 2476/5678
vt 0.78784 0.36161
f 2596/5967 2727/5918 2907/6204
f 2384/5253 2653/5898 2654/6007
vt 0.11244 0.08360
f 2548/5943 2602/5711 2631/6205
vt 0.50155 0.74527
vt 0.50129 0.74540
f 2607/6206 2719/6207 2734/6131
vt 0.51426 0.52410
f 2351/5200 2836/5622 2882/6208
f 2346/5114 2761/6112 2891/5494
vt 0.68786 0.41397
f 2606/6154 2728/6098 2735/6209
vt 0.60281 0.25066
f 2436/5800 2646/5612 2763/6210
vt 0.68421 0.45833
vt 0.68370 0.46142
vt 0.68168 0.45586
f 2611/6211 2628/6212 2831/6213
vt 0.57311 0.10718
f 2611/6214 2824/6200 2628/6199
vt 0.65123 0.08685
f 2585/5742 2676/5808 2639/6215
vt 0.14637 0.51806
f 2550/5620 2566/6083 2648/6216
f 2579/6103 2643/6055 2848/6040
vt 0.68443 0.46457
vt 0.68351 0.46497
f 2604/6217 2593/6218 2628/6212
vt 0.47075 0.50673
f 2573/5867 2512/5599 2668/6219
vt 0.67872 0.19704
vt 0.67862 0.19675
f 2693/5930 2622/6220 2625/6221
f 2609/6197 2611/6211 2831/6213
f 2574/5337 2652/5866 2177/4907
vt 0.47870 0.46927
f 2605/5985 2737/6222 2543/5851
vt 0.49223 0.52412
f 2509/5778 2709/6223 2868/6019
vt 0.82938 0.88823
f 2559/6039 2694/6224 2774/6188
vt 0.68307 0.44493
f 2586/6196 2744/6198 2589/6225
vt 0.57467 0.10503
f 2609/6195 2626/6226 2611/6214
f 2457/5829 2589/5828 2659/5908
vt 0.87666 0.00256
vt 0.87710 0.00136
f 2561/6227 2670/6228 2570/6128
vt 0.20654 0.05826
f 2474/5093 2958/6229 2662/5744
f 2606/6154 2735/6209 2555/5961
f 2267/5034 2702/6111 2591/5266
vt 0.18616 0.84788
f 2607/6169 2642/6168 2719/6230
vt 0.81587 0.31416
f 2578/5983 2691/6231 2586/6006
vt 0.16497 0.85856
f 2476/5678 2701/6203 2720/6232
f 2600/6036 2730/6190 2683/6037
vt 0.18815 0.85050
f 2596/6167 2907/6233 2642/6168
vt 0.81964 0.17770
f 2581/5468 2630/6067 2664/6234
vt 0.43863 0.74139
vt 0.43801 0.73903
vt 0.43997 0.74078
f 2588/6235 2603/6236 2701/6237
vt 0.64958 0.08412
f 2585/5742 2721/6238 2635/5970
vt 0.57950 0.09144
f 2584/5776 2751/6239 2691/6141
vt 0.46929 0.61251
f 2686/6240 2370/5605 2624/5801
f 2575/5952 2669/6151 2603/6236
f 2585/5742 2639/6215 2721/6238
vt 0.87779 0.00000
vt 0.87694 0.00068
f 2627/6241 2670/6129 2685/6242
vt 0.68478 0.42333
vt 0.68497 0.42159
vt 0.68582 0.42273
f 2650/6243 2612/6244 2671/6245
f 2498/5847 2758/5846 2597/5997
vt 0.21471 0.38433
vt 0.21313 0.38258
f 2786/6246 2548/5771 2631/6247
vt 0.98446 0.93916
vt 0.98463 0.93984
vt 0.98430 0.93989
f 2640/6248 2625/6249 2622/6250
vt 0.96674 0.14130
vt 0.96679 0.14003
vt 0.96738 0.14019
f 2640/6251 2682/6252 2625/6253
vt 0.25612 0.60789
f 2424/5534 2615/6254 2655/6025
f 2491/5816 2538/5916 2630/6031
vt 0.68112 0.46579
f 2677/5998 2673/6054 2806/6255
vt 0.66976 0.85037
vt 0.67305 0.84869
f 2614/6180 2880/6256 2692/6257
vt 0.98106 0.52770
vt 0.98199 0.52832
vt 0.98147 0.52861
f 2610/6258 2647/6259 2738/6260
f 2537/5451 2620/6165 2709/6001
vt 0.57574 0.11442
f 2604/6201 2824/6200 2694/6261
vt 0.68610 0.42070
f 2610/5962 2738/6262 2612/6244
f 2388/5223 2590/5418 2765/5977
vt 0.13549 0.08013
f 2574/5337 2661/5797 3115/6263
f 2327/5231 2787/6123 2703/5646
vt 0.18367 0.06657
f 2823/5338 2917/6264 2475/5912
vt 0.48091 0.51855
f 2527/5643 2617/6058 2857/6265
vt 0.82718 0.32138
vt 0.82757 0.32339
f 2580/6266 2781/6267 2556/5835
f 2382/5285 2712/5936 2660/6164
vt 0.96197 0.13856
vt 0.96127 0.13918
vt 0.96172 0.13709
f 2584/6268 2608/6269 2751/6270
vt 0.82598 0.32447
f 2561/6102 2495/6101 2680/6271
vt 0.82416 0.32493
f 2561/6102 2680/6271 2670/6272
f 2495/6101 2556/5835 2680/6271
f 2367/5150 2779/5675 2836/5622
vt 0.57755 0.10184
f 2609/6195 2667/6194 2733/6273
vt 0.81685 0.17782
f 2581/5468 2598/6274 2648/6000
vt 0.67708 0.88252
f 2532/6013 2656/6014 2700/6275
vt 0.68442 0.43231
vt 0.68302 0.42947
vt 0.68493 0.43018
f 2679/6276 2580/6277 2829/6278
f 2626/6226 2609/6195 2733/6273
vt 0.16193 0.07193
f 2591/5266 2846/6279 2828/6105
f 2550/5620 2648/6216 2598/6114
vt 0.67987 0.46158
f 2593/6218 2835/6280 2628/6212
f 2612/6244 2738/6262 2671/6245
f 2351/5200 2882/6208 2795/6113
vt 0.93384 0.28374
vt 0.93377 0.28552
vt 0.93245 0.28400
f 2568/6281 2678/6282 2644/6283
vt 0.58131 0.08688
vt 0.58200 0.08564
vt 0.58299 0.08689
f 2665/6284 2686/6285 2822/6286
f 2628/6212 2835/6280 2831/6213
vt 0.59472 0.91510
vt 0.59364 0.91493
f 2605/5915 2654/6287 2737/6288
f 2581/5468 2664/6234 2598/6274
vt 0.74768 0.63678
f 2572/6099 2629/5836 2699/6289
vt 0.68375 0.42831
f 2580/6277 2576/6290 2829/6278
vt 0.67738 0.19768
vt 0.67859 0.19732
vt 0.67812 0.19871
f 2640/6291 2622/6292 2746/6293
vt 0.67691 0.19835
f 2640/6291 2746/6293 2645/6294
vt 0.34428 0.76751
vt 0.34465 0.76826
f 2565/5920 2627/6295 2706/6296
vt 0.48415 0.51750
f 2617/6058 2697/6057 2710/6297
vt 0.13983 0.51826
f 2538/5968 2664/5890 2630/6298
vt 0.47686 0.47240
f 2654/6007 2653/5898 2775/6299
vt 0.20062 0.06127
f 2662/5744 2847/6300 2339/5102
f 2555/5961 2735/6209 2723/5964
vt 0.87942 0.52018
f 2634/5884 2655/5681 2615/6301
vt 0.64206 0.77245
f 2547/6080 2895/6302 2766/6081
vt 0.60270 0.24679
f 2646/5612 2510/5667 2785/6303
vt 0.61761 0.51984
f 2397/5577 2635/6304 2712/5936
vt 0.48574 0.51971
f 2697/6057 2663/6182 2739/6305
vt 0.57730 0.09448
f 2586/6193 2691/6306 2667/6194
vt 0.34400 0.76859
f 2565/5920 2698/6307 2638/5728
vt 0.05919 0.36431
f 2459/5785 2927/6308 2601/5748
vt 0.85259 0.74442
vt 0.85303 0.74457
f 2625/6309 2682/6310 2621/6166
vt 0.47507 0.61220
f 2624/5801 2541/5978 2984/6311
vt 0.75252 0.63460
vt 0.75250 0.63774
f 2668/6312 2863/6313 2629/5836
vt 0.67863 0.19778
f 2622/6220 2693/5930 2682/6314
vt 0.38646 0.23971
f 2393/5421 2620/6315 2347/5521
vt 0.34330 0.76934
f 2638/5728 2715/6316 2727/6048
f 2474/5093 2891/5494 2958/6229
vt 0.68202 0.19514
vt 0.68170 0.19670
f 2675/6156 2641/6317 2674/6318
f 2638/5728 2698/6307 2715/6316
vt 0.89125 0.66538
vt 0.89114 0.66726
vt 0.88891 0.66527
f 2580/6319 2679/6320 2781/6321
vt 0.25983 0.60936
f 2424/5534 2752/6322 2615/6254
vt 0.99209 0.62547
vt 0.99176 0.62547
vt 0.99187 0.62510
f 2622/6323 2682/6324 2746/6325
vt 0.67666 0.20060
f 2645/6294 2784/6326 2713/6185
vt 0.36132 0.70388
vt 0.35764 0.70413
vt 0.35755 0.70310
f 2676/6327 2736/6328 2639/6329
f 2611/6214 2626/6226 2824/6200
vt 0.68321 0.19401
vt 0.68383 0.19650
f 2641/6317 2650/6330 2802/6331
vt 0.43991 0.73819
f 2669/6151 2672/6332 2603/6236
vt 0.90139 0.31921
vt 0.90144 0.31995
vt 0.90050 0.31964
f 2571/6333 2714/6334 2688/6335
f 2603/6236 2672/6332 2701/6237
vt 0.85187 0.74613
f 2621/6166 2682/6310 2675/6336
vt 0.57834 0.08802
vt 0.58074 0.08995
vt 0.57810 0.08981
f 2649/6337 2782/6338 2608/6339
vt 0.49924 0.74386
f 2640/6132 2734/6131 2682/6340
vt 0.68571 0.43262
f 2679/6276 2829/6278 2695/6341
vt 0.68155 0.46503
f 2593/6218 2677/6342 2835/6280
vt 0.49562 0.65212
vt 0.49670 0.65214
vt 0.49525 0.65472
f 2650/6343 2671/6344 2802/6345
vt 0.47632 0.46230
f 2543/5851 2821/6346 2395/5366
vt 0.68497 0.18770
f 2649/5709 2665/5527 2741/6347
vt 0.57004 0.73560
f 2758/5846 2634/5885 2790/6348
f 2520/5466 2828/6105 2787/6123
vt 0.68133 0.88582
f 2601/5820 2927/6349 2656/6014
vt 0.47752 0.47761
f 2688/6003 2883/6350 2653/5898
vt 0.47122 0.50975
f 2512/5599 2684/6351 2668/6219
f 2641/6317 2802/6331 2674/6318
vt 0.82369 0.32534
vt 0.82411 0.32633
f 2670/6352 2680/6271 2685/6353
vt 0.06576 0.36491
vt 0.06533 0.36713
f 2631/6354 2903/6355 2786/6125
vt 0.84796 0.66268
vt 0.85018 0.66468
vt 0.84858 0.66472
f 2613/6356 2829/6357 2576/6358
vt 0.34440 0.76854
f 2565/5920 2706/6296 2705/6359
f 2565/5920 2705/6359 2698/6307
vt 0.96157 0.81892
vt 0.96307 0.81870
vt 0.96261 0.81975
f 2637/6360 2621/6361 2696/6362
vt 0.47509 0.46663
f 2543/5851 2737/6222 2950/6363
vt 0.98807 0.28085
vt 0.98848 0.28010
vt 0.98848 0.28080
f 2688/6364 2714/6365 2708/6366
vt 0.84982 0.66243
f 2613/6356 2690/6367 2829/6357
f 2658/5863 2616/5971 2690/6157
f 2338/5092 2545/5753 2732/5986
vt 0.65138 0.08197
f 2635/5970 2721/6238 2712/6368
vt 0.04635 0.36103
f 2618/5505 2711/6181 3058/6369
vt 0.85051 0.47281
f 2637/6028 2687/6370 2616/5971
vt 0.85078 0.74728
f 2621/6166 2675/6336 2778/6371
vt 0.74813 0.63775
f 2629/5836 2863/6313 2755/6372
f 2629/5836 2755/6372 2699/6289
vt 0.43951 0.73111
vt 0.43946 0.73329
f 2657/5954 2861/6373 2862/6374
vt 0.96129 0.82015
f 2637/6360 2696/6362 2706/6375
vt 0.68583 0.43537
f 2695/6341 2707/6376 2679/6276
vt 0.50078 0.74616
vt 0.49990 0.74683
f 2734/6131 2719/6377 2696/6378
f 2574/5337 3115/6263 2652/5866
vt 0.85324 0.74491
f 2693/6379 2675/6336 2682/6310
f 2669/6151 2657/5954 2862/6374
vt 0.43949 0.73438
f 2669/6151 2862/6374 2945/6380
vt 0.96451 0.42578
f 2659/6033 2708/6381 2714/6034
vt 0.98539 0.36776
vt 0.98567 0.36846
vt 0.98510 0.36838
f 2746/6382 2682/6383 2794/6384
f 2646/5612 2785/6303 2763/6210
f 2831/6213 2744/6198 2609/6197
vt 0.50032 0.52402
f 2666/5627 2633/6145 2993/6385
f 2424/5534 2623/5629 2752/6322
vt 0.64187 0.77967
f 2493/6171 2766/6081 2859/6386
vt 0.82680 0.32431
f 2556/5835 2781/6267 2680/6387
vt 0.52360 0.52350
f 2745/6183 2795/6113 2748/6388
vt 0.60146 0.26229
vt 0.60144 0.26405
f 2689/5732 2683/6389 2811/6390
vt 0.88893 0.66872
f 2679/6320 2832/6391 2781/6321
vt 0.85165 0.47218
f 2637/6028 2706/6392 2687/6370
vt 0.50384 0.93587
vt 0.50280 0.93518
vt 0.50395 0.93412
f 2711/6393 2722/6394 2776/6395
f 2339/5102 2847/6300 2545/5753
vt 0.21565 0.05818
f 2761/6112 2957/6396 2891/5494
vt 0.00440 0.34097
f 2789/5450 2771/6397 2633/5769
vt 0.48602 0.52234
f 2663/6020 2868/6019 2788/6398
vt 0.37195 0.73726
f 2717/5703 2632/6095 2928/6399
vt 0.96124 0.13713
vt 0.96136 0.13443
f 2751/6270 2608/6400 2782/6401
vt 0.67821 0.88458
f 2656/6014 2773/6402 2700/6275
vt 0.58253 0.08810
f 2649/6337 2741/6403 2782/6338
vt 0.96159 0.82073
f 2696/6362 2705/6404 2706/6375
vt 0.46926 0.50862
vt 0.46759 0.50716
f 2668/6219 2816/6405 2863/6406
vt 0.25663 0.60927
f 2615/6254 2752/6322 2634/6407
vt 0.99133 0.94517
vt 0.99133 0.94559
vt 0.99099 0.94522
f 2706/6408 2627/6409 2687/6410
vt 0.47933 0.47917
vt 0.47976 0.47779
f 2659/5908 2757/6411 2708/6412
vt 0.60335 0.31371
vt 0.60418 0.31042
vt 0.60572 0.31329
f 2683/6413 2730/6414 2754/6415
vt 0.21675 0.05583
f 2717/5549 2879/6416 2761/6112
f 2688/6003 2708/6412 2883/6350
vt 0.89096 0.67000
f 2679/6320 2707/6417 2832/6391
vt 0.01886 0.34637
f 2643/6055 2886/6418 2848/6040
vt 0.48346 0.51864
f 2617/6058 2710/6419 2857/6265
vt 0.50050 0.74808
vt 0.49992 0.74792
f 2696/6378 2715/6420 2705/6421
vt 0.68931 0.41628
f 2729/6422 2723/5964 2735/6209
vt 0.60431 0.31678
f 2811/6423 2683/6413 2754/6415
f 2618/5505 3058/6369 2726/6004
vt 0.64367 0.76845
f 2547/6080 2636/6135 2780/6424
vt 0.11585 0.08609
f 2602/5711 2765/5977 2900/6425
vt 0.93387 0.28879
vt 0.93291 0.28793
f 2678/6282 2826/6426 2899/6427
f 2678/6282 2899/6427 2644/6283
vt 0.63950 0.78212
f 2493/6171 2859/6386 2681/6428
vt 0.52176 0.52256
f 2795/6113 2939/6429 2748/6388
f 2591/5266 2702/6111 2846/6279
vt 0.78675 0.60452
vt 0.78706 0.60512
vt 0.78592 0.60503
f 2696/6430 2719/6431 2715/6432
vt 0.58068 0.09369
f 2751/6239 2772/6433 2691/6141
vt 0.20826 0.76663
vt 0.20907 0.76662
vt 0.20991 0.76755
f 2698/6434 2627/6435 2685/6436
vt 0.26655 0.60785
f 2699/6153 2755/6437 2619/5999
vt 0.48101 0.48168
f 2589/5828 2777/6438 2659/5908
vt 0.57874 0.10611
f 2626/6226 2733/6273 2801/6439
vt 0.69020 0.41265
f 2728/6098 2818/6440 2735/6209
vt 0.85205 0.75708
f 2651/6163 2767/6161 2920/6441
vt 0.68753 0.42237
vt 0.68666 0.42042
f 2647/6122 2750/6442 2738/6443
f 2700/6179 2880/6256 2614/6180
vt 0.60211 0.26701
f 2689/5732 2811/6390 2809/6444
f 2689/5732 2809/6444 2725/6086
f 2653/5898 2883/6350 2775/6299
vt 0.20895 0.76599
f 2698/6434 2705/6445 2627/6435
vt 0.60337 0.27185
f 2767/6175 2725/6086 2819/6446
vt 0.67291 0.84740
vt 0.67112 0.84764
f 2722/6447 2692/6257 2986/6448
vt 0.57372 0.73241
f 2597/5997 2758/5846 2704/6449
vt 0.64311 0.77152
f 2547/6080 2780/6424 2895/6450
f 2720/6134 2780/6424 2636/6135
vt 0.68032 0.44487
f 2744/6198 2777/6451 2589/6225
f 2232/5132 2839/6126 2541/5978
f 2527/5643 2857/6265 2874/6191
f 2663/6020 2788/6398 2739/6305
vt 0.99338 0.27705
vt 0.99312 0.27718
vt 0.99312 0.27685
f 2654/6452 2775/6453 2737/6454
vt 0.69071 0.40928
f 2718/6104 2918/6455 2728/6098
vt 0.47114 0.61361
f 2624/5801 2822/6456 2686/6240
vt 0.20888 0.76864
f 2698/6434 2685/6436 2808/6457
vt 0.83071 0.88205
f 2774/6188 2886/6458 2643/6189
vt 0.85215 0.74780
f 2675/6336 2674/6459 2778/6371
vt 0.50279 0.93269
f 2722/6394 2986/6460 2776/6395
vt 0.92894 0.08836
vt 0.92859 0.08599
vt 0.92954 0.08608
f 2672/6461 2669/6462 3027/6463
f 2692/6257 2880/6256 2986/6448
vt 0.45192 0.43696
vt 0.45541 0.43559
vt 0.45547 0.43834
f 2895/6464 2849/6465 2766/6466
vt 0.47997 0.48127
f 2659/5908 2797/6467 2757/6411
vt 0.68989 0.42256
f 2647/6122 2723/5964 2820/6468
vt 0.26639 0.60904
f 2755/6437 2799/6469 2619/5999
vt 0.34265 0.77297
f 2727/6048 2715/6316 2716/6470
vt 0.49865 0.65232
vt 0.49847 0.65356
f 2738/6471 2842/6472 2671/6344
vt 0.58142 0.09819
f 2667/6194 2948/6473 2733/6273
vt 0.68701 0.43484
f 2695/6341 2791/6474 2707/6376
vt 0.68997 0.41390
f 2735/6209 2841/6475 2729/6422
vt 0.82657 0.32570
f 2680/6271 2731/6476 2685/6353
vt 0.60641 0.31030
f 2730/6414 2760/6477 2754/6415
vt 0.81622 0.31173
vt 0.81702 0.31226
f 2691/6231 2772/6478 2743/6479
vt 0.06031 0.36712
f 2459/5785 3030/6480 2927/6308
f 2750/6442 2647/6122 2820/6468
vt 0.49717 0.74312
f 2682/6340 2734/6131 2794/6481
vt 0.26329 0.60921
f 2623/5629 2619/5999 2798/6482
vt 0.16556 0.86039
f 2701/6203 2843/6483 2720/6232
vt 0.35765 0.70646
f 2736/6328 2676/6327 2805/6484
f 2623/5629 2798/6482 2752/6322
vt 0.79096 0.60432
vt 0.79159 0.60416
vt 0.79074 0.60495
f 2645/6485 2746/6486 2784/6487
vt 0.85146 0.47265
vt 0.85175 0.47302
f 2627/6488 2705/6489 2687/6370
vt 0.45947 0.43753
f 2766/6466 2849/6465 2859/6490
vt 0.12522 0.08434
f 2765/5977 2590/5418 3056/6491
vt 0.17145 0.07102
f 2702/6111 2764/5519 3091/6492
vt 0.03793 0.35706
f 2599/5493 2726/6004 2976/6493
vt 0.78246 0.28002
vt 0.78118 0.28004
f 2774/6494 2694/6150 2747/6495
f 2659/5908 2777/6438 2797/6467
vt 0.47262 0.51183
f 2512/5599 2740/6496 2684/6351
f 2713/6185 2784/6326 2756/6186
vt 0.54622 0.13774
vt 0.54706 0.13795
vt 0.54628 0.13877
f 2715/6497 2698/6498 2742/6499
vt 0.85233 0.47339
vt 0.85182 0.47408
f 2715/6500 2742/6501 2705/6489
f 2602/5711 2900/6425 2631/6205
vt 0.43905 0.72855
f 2657/5954 2885/6502 2861/6373
vt 0.03291 0.35379
f 2673/6107 2599/5493 2925/6503
vt 0.82669 0.59592
vt 0.82693 0.60116
vt 0.82536 0.59789
f 2750/6504 2762/6505 2837/6506
f 2626/6226 2801/6439 2824/6200
vt 0.25629 0.61114
vt 0.25773 0.61032
f 2790/6507 2634/6407 2792/6508
vt 0.64876 0.08131
f 2721/6238 2876/6509 2712/6368
vt 0.87705 0.84721
vt 0.87678 0.84781
vt 0.87639 0.84730
f 2778/6510 2855/6511 2621/6512
f 2822/6286 2741/6403 2665/6284
vt 0.57959 0.09462
f 2691/6306 2743/6513 2667/6194
f 2757/6411 2883/6350 2708/6412
vt 0.99015 0.88243
vt 0.99050 0.88243
vt 0.99020 0.88291
f 2642/6514 2812/6515 2719/6516
vt 0.68762 0.42771
vt 0.68994 0.42626
f 2762/6517 2750/6442 2749/6518
vt 0.82498 0.59506
f 2750/6504 2837/6506 2842/6519
vt 0.82582 0.59415
f 2750/6504 2842/6519 2738/6520
f 2543/5851 2950/6363 2821/6346
vt 0.70665 0.20501
vt 0.70529 0.20533
vt 0.70617 0.20483
f 2680/6521 2768/6522 2731/6523
f 2634/6407 2752/6322 2792/6508
vt 0.75074 0.63897
f 2755/6372 2863/6313 2915/6524
f 2657/5954 2651/6072 2885/6502
f 2667/6194 2743/6513 2948/6473
vt 0.60326 0.25508
f 2436/5800 2763/6210 2796/6525
vt 0.73297 0.18973
vt 0.73303 0.19143
vt 0.73062 0.18958
f 2639/6526 2736/6527 2721/6528
vt 0.64071 0.78485
vt 0.63898 0.78417
f 2681/6428 2825/6529 2564/6530
vt 0.36353 0.70908
f 2678/6120 2756/6119 2826/6531
vt 0.57275 0.73338
f 2758/5846 2875/6532 2704/6449
vt 0.67631 0.20251
f 2756/6186 2784/6326 2906/6533
vt 0.97990 0.54939
vt 0.98060 0.54882
vt 0.98044 0.54983
f 2697/6534 2739/6535 2710/6536
vt 0.60322 0.24299
f 2597/5910 2704/6537 2510/5667
vt 0.37081 0.73701
f 2717/5703 2928/6399 2872/6538
f 2668/6219 2684/6351 2816/6405
vt 0.34081 0.77375
f 2727/6048 2716/6470 2998/6539
vt 0.34928 0.83682
f 2564/6052 2825/6540 2632/5806
vt 0.68747 0.43150
vt 0.69017 0.42876
f 2769/6541 2762/6517 2910/6542
f 2510/5667 2704/6537 2785/6303
vt 0.85045 0.47277
vt 0.84902 0.47196
f 2616/5971 2687/6543 2855/6544
vt 0.82696 0.60452
vt 0.82529 0.60458
f 2762/6505 2769/6545 2904/6546
vt 0.57847 0.11453
f 2694/6261 2824/6200 2747/6547
vt 0.81825 0.87988
vt 0.81953 0.88068
vt 0.81761 0.88190
f 2737/6548 2775/6549 2933/6550
vt 0.84837 0.66798
vt 0.84920 0.66804
f 2695/6551 2829/6357 2815/6552
vt 0.78816 0.60853
f 2719/6431 2912/6553 2715/6432
vt 0.49702 0.65580
f 2671/6344 2844/6554 2802/6345
f 2671/6344 2842/6472 2844/6554
f 2750/6442 2820/6468 2749/6518
f 2560/5267 2848/6040 2759/5604
vt 0.22509 0.97638
vt 0.22552 0.97715
vt 0.22479 0.97746
f 2621/6555 2817/6556 2696/6557
vt 0.82741 0.32490
f 2781/6267 2768/6558 2680/6387
f 2705/6489 2742/6501 2687/6370
vt 0.68989 0.41899
f 2723/5964 2770/6559 2820/6468
vt 0.79137 0.60563
f 2784/6487 2746/6486 2814/6560
vt 0.60763 0.51905
f 2718/6176 2660/6164 3043/6561
vt 0.68755 0.43570
vt 0.68707 0.43723
f 2707/6376 2813/6562 2753/6563
f 2707/6376 2791/6474 2813/6562
vt 0.69027 0.43251
f 2769/6541 2910/6542 2902/6564
f 2656/6014 2927/6349 2773/6402
vt 0.87558 0.84830
f 2621/6512 2855/6511 2817/6565
vt 0.89065 0.67189
vt 0.88924 0.67155
f 2707/6417 2753/6566 2833/6567
vt 0.47578 0.51406
f 2583/5903 2874/6568 2512/5599
vt 0.67997 0.19855
vt 0.67812 0.20078
f 2746/6293 2794/6569 2814/6570
vt 0.67856 0.46619
vt 0.67987 0.46531
f 2673/6054 2783/6571 2806/6572
f 2619/5999 2799/6469 2798/6482
vt 0.82692 0.60684
f 2769/6545 2793/6573 2904/6546
vt 0.60480 0.29478
vt 0.60411 0.29314
vt 0.60668 0.29358
f 2704/6574 2875/6575 2959/6576
vt 0.12214 0.94569
vt 0.12305 0.94586
vt 0.12242 0.94675
f 2757/6577 2797/6578 2803/6579
vt 0.48223 0.60562
f 2745/5585 2748/6580 2839/6126
f 2762/6505 2904/6546 2837/6506
vt 0.78805 0.60615
f 2719/6431 2812/6581 2912/6553
vt 0.76480 0.97561
vt 0.76544 0.97623
vt 0.76484 0.97655
f 2735/6582 2818/6583 2841/6584
f 2762/6517 2749/6518 2910/6542
vt 0.21037 0.76866
f 2685/6436 2845/6585 2808/6457
vt 0.84769 0.47100
f 2690/6157 2616/5971 2870/6586
vt 0.59684 0.96309
vt 0.59587 0.96451
f 2459/6069 2786/6587 2985/6588
vt 0.49945 0.74628
vt 0.49796 0.74640
f 2696/6589 2817/6590 2734/6131
vt 0.82696 0.60809
vt 0.82613 0.60789
f 2813/6591 2791/6592 2793/6573
vt 0.36341 0.70411
vt 0.36278 0.70825
f 2676/6327 2644/6593 2899/6594
vt 0.68870 0.43856
vt 0.68726 0.43830
f 2753/6563 2816/6595 2684/6596
f 2723/5964 2729/6422 2770/6559
vt 0.07489 0.92899
vt 0.07595 0.92916
vt 0.07651 0.92944
f 2784/6597 2812/6598 2642/6599
vt 0.07431 0.93054
f 2784/6597 2642/6599 2906/6600
vt 0.49610 0.74435
f 2794/6481 2734/6131 2858/6601
vt 0.67719 0.20066
vt 0.67698 0.20139
f 2784/6326 2814/6602 2812/6603
f 2710/6419 2739/6305 2788/6398
f 2728/6098 2918/6455 2818/6440
vt 0.04958 0.36016
f 2711/6181 2776/6604 3058/6369
vt 0.67845 0.44753
f 2777/6451 2744/6198 2888/6605
vt 0.92894 0.08443
f 2669/6462 2945/6606 3027/6463
f 2707/6417 2833/6567 2832/6391
vt 0.84805 0.75739
f 2651/6163 2920/6441 2885/6607
vt 0.60788 0.51573
f 2718/6176 3043/6561 2918/6608
vt 0.47555 0.47482
f 2775/6299 2883/6350 2896/6609
vt 0.58486 0.09068
f 2751/6239 2782/6338 2850/6610
vt 0.97377 0.61920
vt 0.97440 0.61772
vt 0.97458 0.61895
f 2778/6611 2856/6612 2855/6613
vt 0.89071 0.67282
vt 0.88955 0.67218
f 2753/6566 2684/6614 2833/6615
vt 0.06296 0.36765
f 2459/5785 2985/6616 3030/6480
vt 0.38723 0.24387
f 2393/5421 2867/6617 2620/6315
vt 0.34800 0.83717
f 2632/5806 2825/6540 2928/6618
vt 0.68794 0.43347
f 2769/6541 2902/6564 2793/6619
vt 0.64239 0.76592
f 2720/6134 2843/6620 2780/6424
vt 0.60229 0.25708
f 2436/5800 2796/6525 2730/6621
vt 0.84843 0.67019
f 2695/6551 2815/6552 2791/6622
f 2652/5866 3056/6491 2590/5418
vt 0.97515 0.21805
vt 0.97422 0.21950
vt 0.97413 0.21807
f 2817/6623 2855/6624 2687/6625
vt 0.66772 0.85545
vt 0.66702 0.85331
f 2700/6179 2773/6626 2970/6627
vt 0.85148 0.75033
f 2674/6459 2802/6628 2778/6371
vt 0.47852 0.61099
f 2839/6126 2894/6629 2541/5978
f 2677/6342 2806/6572 2835/6280
f 2751/6239 2850/6610 2772/6433
vt 0.48166 0.60680
f 2839/6126 2748/6580 2898/6630
f 2592/5271 2759/5604 2789/5450
vt 0.47857 0.48007
vt 0.47745 0.47964
f 2757/6411 2803/6631 2944/6632
f 2757/6411 2944/6632 2883/6350
vt 0.92890 0.09024
vt 0.92959 0.09018
f 2701/6633 2672/6461 2827/6634
vt 0.85081 0.47407
f 2687/6370 2742/6501 2935/6635
vt 0.47293 0.45829
f 2395/5366 2804/6636 2724/5927
vt 0.96431 0.89219
vt 0.96349 0.89149
vt 0.96466 0.89011
f 2730/6637 2796/6638 2760/6639
vt 0.47126 0.51068
f 2684/6351 2740/6496 2833/6640
vt 0.74788 0.63901
f 2755/6372 2915/6524 2800/6641
vt 0.16754 0.86079
f 2843/6483 2701/6203 2827/6642
vt 0.47401 0.46967
f 2737/6222 3007/6643 2950/6363
vt 0.58112 0.10079
vt 0.58250 0.10453
vt 0.58051 0.10305
f 2807/6644 2834/6645 2852/6646
vt 0.60796 0.29762
vt 0.60554 0.29939
f 2704/6574 2943/6647 2785/6648
vt 0.78593 0.35937
f 2727/5918 2998/6649 2907/6204
vt 0.54825 0.13978
f 2698/6498 2808/6650 2742/6499
f 2512/5599 2874/6568 2740/6496
f 2704/6574 2959/6576 2943/6647
f 2616/5971 2855/6544 2870/6586
vt 0.20980 0.77058
f 2808/6457 2845/6585 2873/6651
vt 0.11318 0.08591
f 2631/6205 2900/6425 2903/6652
vt 0.60881 0.31527
f 2754/6415 3069/6653 2811/6423
vt 0.37126 0.21083
vt 0.37170 0.21142
vt 0.37035 0.21169
f 2799/6654 2755/6655 2800/6656
vt 0.18687 0.85215
f 2907/6233 2932/6657 2642/6168
vt 0.49186 0.52711
f 2709/6223 2864/6658 2868/6019
vt 0.48251 0.52059
f 2710/6419 2788/6398 3025/6659
vt 0.49484 0.74331
f 2794/6481 2858/6601 2871/6660
vt 0.61283 0.51994
f 2660/6164 2712/5936 2876/6661
vt 0.47229 0.46022
f 2395/5366 2821/6346 2987/6662
vt 0.07655 0.93182
f 2642/6599 2932/6663 2906/6600
vt 0.36906 0.73654
f 2717/5703 2872/6538 2879/6664
vt 0.49891 0.65533
f 2842/6472 2877/6665 2844/6554
vt 0.67763 0.46836
f 2783/6571 2673/6054 2925/6666
vt 0.57122 0.73358
f 2758/5846 2790/6348 2875/6667
vt 0.92448 0.57730
vt 0.92379 0.57478
vt 0.92446 0.57363
f 2852/6668 2853/6669 2807/6670
f 2793/6573 2791/6592 2904/6546
vt 0.07126 0.75975
vt 0.06871 0.75886
vt 0.07059 0.75686
f 2799/6671 2901/6672 2798/6673
vt 0.57927 0.11010
f 2824/6200 2851/6674 2747/6547
vt 0.06985 0.75420
f 2798/6673 2901/6672 2752/6675
vt 0.84981 0.74946
f 2778/6371 2802/6628 2856/6676
vt 0.71783 0.53524
f 2709/6001 2620/6165 2884/6677
vt 0.72152 0.53500
f 2709/6001 2884/6677 2864/6678
vt 0.85268 0.75401
f 2767/6161 2819/6679 2920/6441
vt 0.57991 0.10151
f 2948/6473 2853/6680 2733/6273
vt 0.81665 0.31022
vt 0.81772 0.30865
f 2772/6681 2869/6682 2743/6479
vt 0.74513 0.29301
vt 0.74589 0.29741
vt 0.74430 0.29660
f 2918/6683 2841/6684 2818/6685
vt 0.88814 0.66659
f 2781/6321 2832/6391 2854/6686
vt 0.78985 0.60668
vt 0.79179 0.60729
f 2812/6687 2814/6560 2892/6688
f 2779/5675 2666/5627 2993/6385
vt 0.68796 0.43538
f 2753/6563 2813/6689 2816/6595
vt 0.49405 0.74463
f 2871/6660 2858/6601 2844/6690
vt 0.57998 0.10393
f 2801/6439 2733/6273 2852/6691
vt 0.21026 0.06122
f 2891/5494 3101/6692 2958/6229
vt 0.49699 0.52288
f 2633/6145 2771/6693 2993/6385
vt 0.64146 0.78348
f 2825/6529 2681/6428 2968/6694
vt 0.84988 0.47341
f 2687/6370 2935/6635 2965/6695
vt 0.60909 0.30220
f 2785/6648 2943/6647 2963/6696
vt 0.67875 0.44465
f 2777/6451 2888/6605 2797/6697
vt 0.16777 0.07366
f 2702/6111 3158/6698 2846/6279
vt 0.84921 0.66952
f 2791/6622 2815/6552 5849/6699
vt 0.82542 0.32719
vt 0.82450 0.32746
f 2685/6353 2865/6700 2845/6701
vt 0.87677 0.84955
vt 0.87582 0.84984
f 2687/6702 2909/6703 2817/6565
vt 0.36521 0.71042
f 2756/6119 2908/6704 2826/6531
vt 0.60567 0.30321
f 2785/6648 2963/6696 2763/6705
vt 0.58223 0.09481
f 2948/6473 2743/6513 2869/6706
vt 0.03521 0.35630
f 2976/6493 2937/6707 2599/5493
f 2395/5366 2987/6662 2804/6636
f 2685/6353 2731/6476 2865/6700
vt 0.92466 0.58233
vt 0.92364 0.57945
f 2830/6708 2801/6709 2852/6668
vt 0.19225 0.06623
f 2732/5986 2545/5753 3217/6710
f 2681/6428 2859/6386 2968/6694
f 2393/5421 2724/5935 2867/6617
vt 0.87584 0.85101
f 2687/6702 2965/6711 2909/6703
vt 0.67506 0.20438
f 2756/6186 2906/6533 2908/6712
f 2624/5801 2984/6311 2822/6456
f 2710/6419 3025/6659 2857/6265
vt 0.54625 0.14065
f 2742/6499 2808/6650 2921/6713
vt 0.78086 0.27589
f 2774/6494 2747/6495 2952/6714
vt 0.78233 0.27710
f 2774/6494 2952/6714 2886/6715
vt 0.92836 0.34670
vt 0.92828 0.34424
vt 0.92912 0.34623
f 2800/6716 2915/6717 2901/6718
vt 0.84756 0.47193
f 2870/6586 2855/6544 2856/6719
vt 0.85147 0.66677
f 2815/6552 2829/6357 2893/6720
vt 0.51918 0.52387
f 2795/6113 3017/6721 2939/6429
vt 0.97222 0.87697
vt 0.97266 0.87786
vt 0.97240 0.87818
f 2842/6722 2919/6723 2877/6724
vt 0.73403 0.19281
vt 0.73181 0.19524
f 2736/6527 2805/6725 2916/6726
vt 0.82345 0.59550
f 2842/6519 2837/6506 2914/6727
vt 0.07004 0.75091
vt 0.06886 0.74720
vt 0.07087 0.74857
f 2792/6728 2887/6729 2790/6730
vt 0.82337 0.60004
f 2904/6546 2951/6731 2837/6506
f 2733/6273 2853/6680 2852/6691
vt 0.58043 0.10497
vt 0.58026 0.10934
f 2852/6732 2834/6645 2830/6733
vt 0.78599 0.60915
f 2715/6432 2912/6553 2716/6734
vt 0.60323 0.32431
vt 0.60341 0.32158
vt 0.60705 0.32187
f 2819/6735 2725/6736 3041/6737
vt 0.58439 0.08700
f 2741/6403 2822/6738 2850/6610
vt 0.67756 0.45466
f 2744/6198 2831/6213 2962/6739
vt 0.74496 0.30020
vt 0.74632 0.30106
vt 0.74501 0.30276
f 2729/6740 2881/6741 2770/6742
vt 0.69043 0.43559
f 2813/6689 2878/6743 2816/6595
vt 0.88785 0.66796
f 2832/6391 2936/6744 2854/6686
f 2702/6111 3091/6492 3158/6698
vt 0.47354 0.51406
f 2874/6568 3062/6745 2740/6496
vt 0.58161 0.11245
f 2747/6547 2851/6674 2840/6746
vt 0.38855 0.24748
f 2724/5935 2804/6747 2867/6617
vt 0.20523 0.06449
f 2958/6229 2992/6748 2662/5744
f 2813/6689 2793/6619 2878/6743
vt 0.71698 0.53520
f 2620/6165 2941/6749 2884/6677
vt 0.85191 0.66297
f 2690/6367 2870/6750 2829/6357
vt 0.82503 0.60837
f 2791/6592 2838/6751 2904/6546
vt 0.92374 0.58314
f 2830/6708 2851/6752 2801/6709
vt 0.85211 0.66422
f 2829/6357 2870/6750 2768/6753
vt 0.47209 0.46255
f 2821/6346 2979/6754 2987/6662
f 2721/6528 2736/6527 2916/6726
vt 0.44061 0.73855
vt 0.44228 0.73678
vt 0.44164 0.74023
f 2672/6755 3027/6756 2827/6757
vt 0.56960 0.73374
f 2790/6348 2887/6758 2875/6667
vt 0.17679 0.06947
f 2764/5519 2475/5912 3057/6759
f 2801/6439 2851/6674 2824/6200
vt 0.47677 0.47199
f 2737/6222 2933/6760 3007/6643
vt 0.49557 0.74583
f 2734/6131 2817/6590 2858/6761
vt 0.84968 0.66949
vt 0.84936 0.67044
f 5849/6699 5847/6762 2838/6763
vt 0.85142 0.47583
f 2742/6501 2921/6764 2935/6635
f 2821/6346 2950/6363 2979/6754
vt 0.82530 0.32779
vt 0.82497 0.32795
f 2845/6701 2865/6765 2953/6766
f 2732/5986 2917/6264 2823/5338
f 2925/6503 2599/5493 2937/6707
vt 0.44015 0.72871
vt 0.44058 0.73074
f 2885/6502 2810/6767 2861/6768
vt 0.85124 0.66976
f 2815/6552 2893/6720 2936/6769
vt 0.66755 0.84827
f 2880/6256 2954/6770 2986/6448
vt 0.47123 0.51156
f 2833/6640 2740/6496 2905/6771
f 2811/6423 3069/6653 3041/6737
f 2700/6179 2970/6627 2880/6256
vt 0.70475 0.20471
vt 0.70365 0.20658
f 2829/6772 2768/6522 2893/6773
vt 0.49350 0.74331
f 2844/6690 2877/6774 2871/6660
vt 0.84965 0.75098
f 2856/6676 2802/6628 2972/6775
f 2851/6674 2830/6733 2840/6746
vt 0.07023 0.76003
f 2799/6671 2800/6776 2901/6672
vt 0.67701 0.44476
f 2797/6697 2888/6605 2803/6777
vt 0.35841 0.71174
f 2676/6327 2899/6594 3108/6778
f 2744/6198 2962/6739 2888/6605
vt 0.58378 0.09430
f 2850/6610 2869/6779 2772/6433
vt 0.97299 0.84794
vt 0.97264 0.84900
vt 0.97208 0.84801
f 2935/6780 2865/6781 2965/6782
vt 0.24534 0.98883
vt 0.24583 0.98897
vt 0.24534 0.98937
f 2865/6783 2731/6784 2913/6785
vt 0.95281 0.52149
vt 0.95335 0.51995
vt 0.95371 0.52116
f 2731/6786 2768/6787 2913/6788
vt 0.58157 0.10017
f 2948/6473 2807/6789 2853/6680
vt 0.60412 0.32009
f 2725/6736 2809/6790 3041/6737
f 2795/6113 2882/6208 3017/6721
f 2741/6403 2850/6610 2782/6338
f 2676/6327 3108/6778 2805/6484
vt 0.12273 0.94898
vt 0.12157 0.94820
f 2803/6579 2966/6791 2944/6792
vt 0.88793 0.67033
f 2832/6391 2833/6567 2897/6793
vt 0.60730 0.30571
vt 0.60550 0.30810
f 2763/6705 2924/6794 2796/6795
vt 0.61017 0.51963
f 2660/6164 2876/6661 2860/6796
vt 0.68252 0.19781
vt 0.68374 0.19754
vt 0.68478 0.19919
f 2871/6797 2877/6798 2946/6799
vt 0.55025 0.14131
vt 0.54849 0.14495
f 2808/6650 2873/6800 3096/6801
f 2815/6552 2936/6769 5847/6762
vt 0.82430 0.59448
vt 0.82325 0.59405
f 2842/6802 2914/6727 2919/6803
f 2984/6311 2541/5978 2894/6629
vt 0.74507 0.30671
vt 0.74504 0.30299
vt 0.74773 0.30629
f 2820/6804 2770/6805 2866/6806
vt 0.82347 0.60738
f 2838/6751 3071/6807 2904/6546
vt 0.01319 0.34738
f 2759/5604 2848/6040 3077/6808
f 2729/6740 2841/6684 2881/6741
vt 0.72894 0.19317
f 2721/6528 2916/6726 3177/6809
f 5847/6762 2936/6769 2838/6763
vt 0.82600 0.32719
vt 0.82579 0.32790
f 2865/6765 2913/6810 2978/6811
f 2770/6805 2881/6741 2866/6806
vt 0.44819 0.43561
vt 0.44630 0.43474
vt 0.44872 0.43352
f 2780/6812 2843/6813 3014/6814
vt 0.61031 0.31010
f 2754/6415 2760/6477 3143/6815
vt 0.46673 0.50920
f 2863/6406 2816/6405 2973/6816
vt 0.47551 0.47924
f 2883/6350 2944/6632 3020/6817
vt 0.68244 0.20154
f 2814/6570 2794/6569 3023/6818
vt 0.48910 0.52815
f 2868/6019 3053/6819 2788/6398
vt 0.29949 0.74421
vt 0.30051 0.74504
vt 0.29813 0.74522
f 2865/6820 2935/6821 2953/6822
vt 0.06620 0.75224
f 2752/6675 2969/6823 2792/6728
vt 0.60613 0.32487
f 2819/6735 3041/6737 2920/6824
f 2763/6705 2963/6696 2924/6794
vt 0.84842 0.75039
f 2856/6676 2972/6775 2870/6825
vt 0.58301 0.11493
f 2840/6746 2952/6826 2747/6547
f 2811/6423 3041/6737 2809/6790
vt 0.85044 0.67165
f 2838/6763 2936/6769 2890/6827
vt 0.67717 0.46487
f 2835/6280 2806/6572 2971/6828
vt 0.47410 0.51801
vt 0.47344 0.51528
f 2874/6191 2889/6829 3062/6830
vt 0.79129 0.60897
f 2812/6687 2989/6831 2912/6553
f 2793/6619 2902/6564 2878/6743
vt 0.21081 0.76949
vt 0.21109 0.77042
f 2873/6651 2845/6832 2953/6833
vt 0.16480 0.88647
vt 0.16165 0.88764
vt 0.16152 0.88619
f 2773/6834 2927/6835 3012/6836
vt 0.49693 0.74799
f 2858/6761 2817/6590 2909/6837
vt 0.78777 0.35759
f 2907/6204 2998/6649 3049/6838
vt 0.00513 0.34562
f 2771/6397 2789/5450 3182/6839
vt 0.58778 0.08763
f 2822/6738 2984/6840 2850/6610
vt 0.47072 0.51486
f 2905/6771 2740/6496 3116/6841
vt 0.47025 0.51299
f 2905/6771 3116/6841 3106/6842
vt 0.72730 0.19016
vt 0.72775 0.18931
f 2721/6528 2974/6843 2911/6844
vt 0.64640 0.08295
f 2721/6238 2911/6845 2876/6509
vt 0.14524 0.07953
f 2703/5646 3004/6846 2661/5797
vt 0.01579 0.34730
f 2848/6040 2996/6847 3077/6808
f 2832/6391 2897/6793 2936/6744
f 2812/6687 2892/6688 2989/6831
f 2831/6213 2835/6280 2962/6739
vt 0.38462 0.24276
f 2620/6315 2867/6617 3010/6848
vt 0.71641 0.53475
f 2620/6165 3010/6849 2941/6749
vt 0.67671 0.44643
f 2888/6605 3003/6850 2803/6777
vt 0.06638 0.74806
f 2887/6729 2792/6728 2949/6851
vt 0.81934 0.88211
vt 0.81923 0.88361
f 2775/6852 2896/6853 2933/6550
vt 0.68516 0.19801
f 2877/6798 2919/6854 2946/6799
vt 0.70471 0.20716
f 2768/6522 2781/6855 2893/6773
vt 0.70373 0.20869
f 2781/6855 2854/6856 2893/6773
vt 0.49518 0.65712
f 2844/6554 2988/6857 2802/6345
vt 0.82395 0.60949
f 2838/6751 2890/6858 3071/6807
vt 0.73423 0.19597
f 2805/6725 2940/6859 2916/6726
f 2732/5986 3217/6710 2917/6264
f 2786/6125 2903/6355 2985/6616
vt 0.64591 0.08203
f 2876/6509 2911/6845 2934/6860
f 2721/6528 3177/6809 2974/6843
vt 0.67653 0.44950
f 2888/6605 2962/6739 3119/6861
vt 0.74803 0.29479
f 2918/6683 3050/6862 2841/6684
vt 0.58418 0.10028
f 2807/6789 2948/6473 2947/6863
f 2807/6789 2947/6863 2834/6645
vt 0.88829 0.67183
f 2833/6567 2905/6864 2897/6793
f 2879/6416 2957/6396 2761/6112
vt 0.52531 0.52115
vt 0.52404 0.51844
vt 0.52673 0.51687
f 2839/6865 2898/6866 2894/6867
vt 0.34257 0.77612
f 2998/6539 2716/6470 3083/6868
vt 0.56969 0.73004
vt 0.57229 0.73062
f 2875/6667 3076/6869 2959/6870
vt 0.16704 0.86223
f 2843/6483 2827/6642 3052/6871
f 2662/5744 2992/6748 2847/6300
f 2848/6040 2886/6418 2996/6847
vt 0.35762 0.70663
vt 0.35678 0.70997
f 2805/6872 3108/6778 2940/6873
f 2898/6866 2748/6388 2939/6429
vt 0.69066 0.43816
f 2816/6595 2878/6743 2973/6874
f 2875/6667 2887/6758 3076/6869
vt 0.16481 0.88397
f 2773/6834 3012/6836 2970/6875
f 2740/6496 3062/6745 3116/6841
vt 0.87718 0.85247
vt 0.87623 0.85329
f 2865/6876 3032/6877 2965/6711
vt 0.44313 0.74001
f 2827/6757 3027/6756 3052/6878
vt 0.97984 0.10870
vt 0.98023 0.10835
vt 0.98060 0.10928
f 2934/6879 2911/6880 2929/6881
vt 0.64636 0.07962
f 2876/6509 2934/6860 2860/6882
vt 0.98082 0.10821
f 2929/6881 2911/6880 2974/6883
vt 0.74697 0.30918
f 2820/6804 2866/6806 2923/6884
vt 0.00831 0.34660
f 2759/5604 2981/6885 2789/5450
f 2860/6796 3043/6561 2660/6164
vt 0.21128 0.77193
f 2873/6651 2953/6833 2997/6886
vt 0.47428 0.47743
f 2883/6350 2930/6887 2896/6609
vt 0.58502 0.09400
f 2850/6610 2995/6888 2869/6779
vt 0.78203 0.27398
f 2886/6715 2952/6714 2960/6889
f 2760/6477 2796/6795 3143/6815
vt 0.85153 0.66812
f 2893/6720 2854/6890 2936/6769
f 2837/6506 2951/6731 2914/6727
vt 0.82986 0.87972
vt 0.83130 0.87927
f 2886/6458 2960/6891 2996/6892
vt 0.74441 0.31943
vt 0.74460 0.31631
vt 0.74642 0.31933
f 2878/6893 2902/6894 3034/6895
f 2792/6728 2969/6823 2949/6851
f 2883/6350 3020/6817 2930/6887
vt 0.67599 0.20574
f 2906/6533 3068/6896 2908/6712
vt 0.47283 0.47219
f 3007/6643 2933/6760 2942/6897
f 2475/5912 2917/6264 3057/6759
vt 0.77403 0.85431
vt 0.77249 0.85345
vt 0.77374 0.85251
f 2825/6898 2968/6899 2928/6900
vt 0.67810 0.46553
f 2783/6901 2971/6828 2806/6572
vt 0.84908 0.75950
f 2885/6607 2920/6441 2810/6902
vt 0.48662 0.52595
f 2788/6398 3053/6819 2922/6903
f 2868/6019 2864/6658 3053/6819
vt 0.74491 0.30980
f 2820/6804 2923/6884 2749/6904
vt 0.07426 0.93384
f 2906/6600 2932/6663 3068/6905
vt 0.18810 0.85400
f 2907/6233 3049/6906 2932/6657
f 2796/6795 2924/6794 3143/6815
vt 0.36243 0.71141
f 2899/6594 2931/6907 3108/6778
vt 0.20986 0.77194
vt 0.21029 0.77360
f 2873/6908 2997/6886 3016/6909
vt 0.84754 0.75080
vt 0.84806 0.75171
f 2768/6910 2870/6825 2980/6911
f 2870/6825 2972/6775 2980/6911
vt 0.67583 0.46626
f 2783/6571 2925/6666 2971/6912
vt 0.44552 0.43200
f 2843/6813 3052/6913 3014/6814
vt 0.93062 0.34584
f 2901/6718 2915/6717 2926/6914
f 2871/6797 3023/6818 2794/6569
vt 0.58439 0.09503
f 2869/6706 2995/6915 2948/6473
f 2826/6531 2908/6704 2931/6907
vt 0.92840 0.34206
vt 0.92963 0.34164
vt 0.93085 0.34250
f 2863/6916 2973/6917 3005/6918
f 2863/6916 3005/6918 2915/6717
vt 0.06804 0.74537
f 2887/6729 2949/6851 3044/6919
vt 0.87710 0.85432
f 2865/6876 2978/6920 3032/6877
vt 0.49356 0.74648
f 2844/6690 2858/6761 2988/6921
f 2780/6812 3014/6814 2895/6464
vt 0.49552 0.74813
f 2909/6837 3002/6922 2858/6761
vt 0.85123 0.67146
f 2890/6827 2936/6769 2897/6923
vt 0.46081 0.43326
f 2859/6490 2849/6465 3141/6924
vt 0.43733 0.43209
vt 0.43701 0.42923
vt 0.43958 0.43176
f 2862/6925 3095/6926 2945/6927
vt 0.50404 0.92952
f 2986/6460 2938/6928 2776/6395
vt 0.95435 0.51999
vt 0.95367 0.51917
vt 0.95503 0.51977
f 2768/6929 2980/6930 2955/6931
f 2915/6717 3005/6918 2926/6914
vt 0.70262 0.21275
vt 0.70194 0.21393
vt 0.70171 0.21315
f 2897/6932 2905/6933 2890/6934
vt 0.66712 0.85043
f 2880/6256 3008/6935 2954/6770
f 2880/6256 2970/6627 3008/6935
vt 0.81721 0.88392
f 2896/6853 3033/6936 2933/6550
vt 0.05725 0.36663
f 3030/6480 3012/6937 2927/6308
vt 0.98041 0.25119
vt 0.98013 0.25258
vt 0.97985 0.25063
f 2941/6938 3118/6939 2884/6940
vt 0.67773 0.20392
vt 0.67755 0.20223
f 2814/6570 2989/6941 2892/6942
vt 0.11482 0.08681
f 2900/6425 3009/6943 2903/6652
vt 0.38682 0.24789
f 2867/6617 2804/6747 3150/6944
vt 0.47776 0.51884
f 2857/6265 3075/6945 2874/6191
vt 0.82320 0.60483
f 2904/6546 3071/6807 2983/6946
vt 0.47537 0.47410
f 2933/6760 3033/6947 2942/6897
f 2891/5494 2957/6396 3101/6692
vt 0.13986 0.08128
f 2661/5797 3046/6948 3115/6263
f 2759/5604 3077/6808 2981/6885
vt 0.50941 0.52169
f 2779/5675 3107/6949 2836/5622
vt 0.54697 0.14276
f 2808/6650 2982/6950 2921/6713
vt 0.49351 0.65729
f 2802/6345 2988/6857 2972/6951
vt 0.58682 0.09248
f 2850/6610 3028/6952 2995/6888
vt 0.93371 0.29069
f 2899/6427 2826/6426 2931/6953
vt 0.74801 0.30311
f 2881/6741 3029/6954 2866/6806
vt 0.03978 0.35848
f 2976/6493 2726/6004 2977/6955
vt 0.74485 0.32216
f 2878/6893 3034/6895 2973/6956
vt 0.70068 0.21490
f 2905/6933 3106/6957 2890/6934
vt 0.97859 0.62018
vt 0.97949 0.61997
vt 0.97926 0.62102
f 2768/6958 2955/6959 2913/6960
vt 0.55229 0.14432
f 2873/6800 3016/6961 3096/6801
vt 0.74522 0.31355
f 2910/6962 2749/6904 2923/6884
f 2902/6894 2910/6962 3034/6895
vt 0.43585 0.43154
vt 0.43333 0.43032
f 2861/6963 2810/6964 3095/6926
vt 0.71834 0.53199
f 2864/6678 2884/6677 3118/6965
f 2808/6650 3096/6801 2982/6950
f 2814/6570 3023/6818 2989/6941
vt 0.49530 0.74823
vt 0.49375 0.74874
f 2858/6761 3002/6966 3037/6967
vt 0.07662 0.93378
f 2932/6663 3049/6968 3068/6905
vt 0.04176 0.36040
f 2726/6004 3058/6369 2956/6969
vt 0.47184 0.46830
f 2950/6363 3007/6643 3070/6970
vt 0.58461 0.10331
f 2834/6645 2947/6863 3059/6971
vt 0.12800 0.83801
vt 0.13097 0.83559
vt 0.13108 0.83790
f 2934/6972 2990/6973 2860/6974
vt 0.90826 0.96149
vt 0.90860 0.96347
vt 0.90782 0.96255
f 2803/6975 3003/6976 2966/6977
vt 0.96642 0.90270
vt 0.96621 0.90044
vt 0.96683 0.90058
f 2903/6978 3009/6979 2985/6980
vt 0.70140 0.18876
vt 0.70098 0.19021
vt 0.69908 0.18991
f 2934/6981 2929/6982 3019/6983
vt 0.47002 0.84803
vt 0.47177 0.84776
vt 0.47157 0.84865
f 2934/6984 3019/6985 2994/6986
f 2895/6464 3014/6814 2849/6465
f 2754/6415 3143/6815 3069/6653
vt 0.58385 0.11053
f 2830/6733 3067/6987 2840/6746
vt 0.93120 0.34175
f 2973/6917 3054/6988 3005/6918
vt 0.04796 0.36666
f 3058/6369 2776/6604 3066/6989
vt 0.47708 0.61267
f 2984/6311 2894/6629 3040/6990
vt 0.47340 0.47919
f 3020/6817 3061/6991 2930/6887
vt 0.03336 0.35676
f 2937/6707 3073/6992 2925/6503
vt 0.05015 0.36473
f 2776/6604 2938/6993 3066/6989
f 2862/6925 2861/6963 3095/6926
vt 0.81864 0.88610
f 2896/6853 2930/6994 3033/6936
vt 0.70029 0.19328
f 2929/6982 2975/6995 3019/6983
vt 0.48044 0.52033
f 2857/6265 3025/6659 2961/6996
vt 0.67620 0.45940
f 2835/6280 3159/6997 2962/6739
vt 0.13285 0.08587
f 2652/5866 3115/6263 3090/6998
f 2888/6605 3119/6861 3003/6850
vt 0.38433 0.24697
f 2867/6617 3150/6944 3137/6999
f 2904/6546 2983/6946 2951/6731
vt 0.08074 0.74041
vt 0.07784 0.74044
vt 0.07856 0.73803
f 2975/7000 2929/7001 3148/7002
vt 0.61011 0.30438
f 2924/6794 3001/7003 3143/6815
vt 0.12772 0.83662
f 2934/6972 2967/7004 2990/6973
vt 0.87829 0.85390
vt 0.87806 0.85550
f 2913/7005 3022/7006 2978/6920
vt 0.06614 0.75656
f 2752/6675 2901/6672 3005/7007
f 2752/6675 3005/7007 2969/6823
f 2924/6794 2963/6696 3001/7003
vt 0.67602 0.46154
f 2971/6828 3149/7008 2835/6280
vt 0.21858 0.05977
f 2879/6416 3223/7009 2957/6396
vt 0.67643 0.44729
f 3003/6850 3119/6861 3031/7010
vt 0.47004 0.84963
f 2934/6984 2994/6986 2967/7011
f 2789/5450 2981/6885 3182/6839
f 2874/6191 3075/6945 2889/6829
vt 0.58412 0.11215
f 2840/6746 3067/6987 3024/7012
vt 0.74812 0.30106
f 2881/6741 3006/7013 3029/6954
vt 0.46312 0.43542
f 2859/6490 3141/6924 2968/7014
vt 0.49685 0.51805
f 2771/6693 3182/7015 2993/6385
vt 0.47130 0.46639
f 2950/6363 3070/6970 3185/7016
vt 0.60988 0.29469
f 2943/6647 2959/6576 3021/7017
vt 0.47884 0.51993
f 2961/6996 3065/7018 2857/6265
f 2950/6363 3185/7016 2979/6754
vt 0.07757 0.73907
f 2929/7001 2974/7019 3148/7002
vt 0.77901 0.85133
vt 0.77642 0.85076
vt 0.77869 0.84867
f 2879/7020 2872/7021 3223/7022
vt 0.70126 0.19546
vt 0.69922 0.19565
f 2919/7023 3029/7024 2975/6995
f 2946/6799 3023/6818 2871/6797
vt 0.06593 0.74577
f 2949/6851 3210/7025 3044/6919
vt 0.81163 0.79321
vt 0.81334 0.79178
vt 0.81315 0.79292
f 3015/7026 2976/7027 2977/7028
vt 0.67632 0.45296
f 2962/6739 3100/7029 3119/6861
vt 0.19954 0.06786
f 2847/6300 3011/7030 2545/5753
vt 0.81125 0.79088
f 3015/7026 3078/7031 2976/7027
f 2858/6761 3037/6967 2988/6921
vt 0.15776 0.07835
f 2846/6279 3152/7032 2828/6105
f 2652/5866 3090/6998 3056/6491
f 2661/5797 3004/6846 3046/6948
vt 0.97558 0.22316
vt 0.97628 0.22406
vt 0.97574 0.22508
f 2941/7033 3010/7034 3047/7035
vt 0.74818 0.29784
f 2841/6684 3019/7036 2881/6741
vt 0.48374 0.52549
f 2788/6398 2922/6903 3112/7037
f 2984/6840 3028/6952 2850/6610
vt 0.71686 0.53342
vt 0.71680 0.53255
f 2941/7038 3047/7039 3118/6965
vt 0.49715 0.74921
vt 0.49563 0.74994
f 2909/6837 2965/7040 3002/7041
vt 0.30119 0.74629
vt 0.29949 0.74810
f 2921/7042 2982/7043 2935/6821
vt 0.87665 0.85751
f 2978/6920 3022/7006 3036/7044
vt 0.08141 0.73661
f 2975/7000 3148/7002 3374/7045
vt 0.29653 0.74984
f 2935/6821 3132/7046 2953/6822
vt 0.58503 0.09729
f 2948/6473 2995/6915 3060/7047
f 2947/6863 2948/6473 3060/7047
vt 0.50345 0.52105
f 2779/5675 2993/6385 3039/7048
vt 0.78605 0.35542
f 2998/6649 2991/7049 3049/6838
vt 0.98586 0.56100
vt 0.98650 0.56067
vt 0.98650 0.56147
f 2995/7050 3028/7051 3018/7052
vt 0.96232 0.55167
vt 0.96148 0.55113
vt 0.96272 0.55071
f 2955/7053 3022/7054 2913/7055
f 2830/6733 2834/6645 3067/6987
vt 0.83759 0.34070
vt 0.83699 0.34245
vt 0.83451 0.33936
f 3015/7056 3220/7057 3078/7058
vt 0.46227 0.43337
f 2968/7014 3141/6924 3103/7059
vt 0.49684 0.75148
f 2965/7040 3032/7060 3002/7041
vt 0.07533 0.93395
f 3068/6905 3049/6968 3072/7061
vt 0.36436 0.71454
f 2931/6907 2908/6704 3135/7062
vt 0.74826 0.31319
f 2923/6884 3000/7063 2910/6962
f 2881/6741 3019/7036 3006/7013
vt 0.74828 0.29320
f 2918/6683 3043/7064 3050/6862
f 2836/5622 3107/6949 2882/6208
vt 0.52112 0.51876
f 2939/6429 2999/7065 2898/6866
f 2703/5646 2787/6123 3004/6846
vt 0.17931 0.07207
f 3057/6759 2917/6264 3134/7066
vt 0.49171 0.53141
f 2864/6658 2964/7067 3053/6819
vt 0.11487 0.08852
f 3009/6943 2900/6425 3092/7068
f 2857/6265 3065/7018 3075/6945
vt 0.67486 0.20923
f 2908/6712 3068/6896 3135/7069
vt 0.74904 0.30471
f 2866/6806 3029/6954 3055/7070
f 2835/6280 3149/7008 3159/6997
f 2840/6746 3024/7012 2952/6826
vt 0.74609 0.32284
f 2973/6956 3034/6895 3054/7071
vt 0.46222 0.44542
vt 0.46275 0.44708
vt 0.46104 0.44721
f 2804/7072 2987/7073 3051/7074
vt 0.49764 0.75325
vt 0.49628 0.75365
f 3032/7060 2978/7075 3038/7076
vt 0.70095 0.20812
vt 0.69887 0.20542
vt 0.70112 0.20291
f 2983/7077 3000/7078 2951/7079
vt 0.92576 0.31166
vt 0.92378 0.31148
vt 0.92576 0.30958
f 3015/7080 2977/7081 3220/7082
f 2779/5675 3039/7048 3107/6949
vt 0.77578 0.84935
f 3223/7022 2872/7021 3113/7083
vt 0.72168 0.53116
f 2964/7084 2864/6678 3118/6965
vt 0.67453 0.46791
f 2925/6666 3073/7085 2971/6912
f 2935/6821 2982/7043 3132/7046
vt 0.16139 0.88329
f 2970/6875 3012/6836 3084/7086
vt 0.06317 0.36900
vt 0.06164 0.36962
f 3009/7087 3105/7088 2985/6616
f 2956/6969 2977/6955 2726/6004
f 2985/6616 3105/7088 3030/6480
vt 0.69884 0.19230
f 2975/6995 3006/7089 3019/6983
vt 0.70070 0.21091
f 2890/6934 3106/6957 3071/7090
vt 0.58965 0.08968
f 2984/6840 3040/7091 3028/6952
vt 0.16145 0.88110
vt 0.16467 0.88128
f 2970/6875 3080/7092 3008/7093
vt 0.69906 0.20210
vt 0.70077 0.19831
f 2951/7079 3026/7094 2914/7095
vt 0.79083 0.61110
f 2989/6831 3089/7096 2912/6553
vt 0.05431 0.67578
vt 0.05697 0.67640
vt 0.05829 0.67870
f 2887/7097 3044/7098 3114/7099
f 2951/7079 3000/7078 3026/7094
vt 0.48268 0.52180
vt 0.48077 0.52234
vt 0.48108 0.52138
f 3025/7100 3064/7101 2961/7102
vt 0.60859 0.52037
f 3043/6561 2860/6796 3063/7103
vt 0.07745 0.73800
f 2974/7019 3094/7104 3148/7002
vt 0.48301 0.52296
f 2788/6398 3112/7037 3025/7105
vt 0.81717 0.88590
f 3033/6936 2930/6994 3111/7106
vt 0.74818 0.31626
f 2910/6962 3048/7107 3034/6895
vt 0.70156 0.19579
f 2919/7108 2914/7095 3029/7024
vt 0.08309 0.74061
f 2919/7109 2975/7000 3374/7045
f 2958/6229 3101/6692 2992/6748
f 2764/5519 3057/6759 3091/6492
vt 0.78022 0.27396
f 2960/6889 2952/6714 3013/7110
vt 0.67606 0.45525
f 2962/6739 3138/7111 3100/7029
f 2867/6617 3137/6999 3010/6848
vt 0.67804 0.20575
f 2989/6941 3023/6818 3089/7112
f 2872/7021 2928/6900 3113/7083
vt 0.11328 0.08858
f 3009/6943 3092/7068 3087/7113
vt 0.58566 0.09491
vt 0.58557 0.09654
f 2995/6915 3018/7114 3060/7115
vt 0.96700 0.33754
vt 0.96752 0.33905
vt 0.96591 0.33908
f 3009/7116 3087/7117 3139/7118
vt 0.25509 0.67951
vt 0.25657 0.68266
vt 0.25348 0.68244
f 3044/7119 3210/7120 3319/7121
vt 0.29508 0.74737
f 2953/6822 3132/7046 2997/7122
vt 0.08383 0.73864
f 2919/7109 3374/7045 2946/7123
vt 0.69852 0.20887
f 2983/7077 3048/7124 3000/7078
vt 0.06455 0.75569
f 2969/6823 3005/7007 3085/7125
vt 0.81339 0.78938
f 2976/7027 3078/7031 2937/7126
f 2970/6875 3084/7086 3080/7092
vt 0.69900 0.19452
f 2975/6995 3029/7024 3006/7127
vt 0.46279 0.44932
f 2987/7073 2979/7128 3051/7074
vt 0.47050 0.85048
f 2967/7011 2994/6986 3094/7129
vt 0.58438 0.10699
f 2834/6645 3059/6971 3131/7130
vt 0.51746 0.51959
f 3017/6721 3042/7131 2939/6429
vt 0.78623 0.61158
f 2716/6734 2912/6553 3083/7132
vt 0.58500 0.10066
f 3059/6971 2947/6863 3079/7133
vt 0.50247 0.92981
f 2986/6460 2954/7134 2938/6928
vt 0.60981 0.52239
f 2860/6796 2990/7135 3063/7103
vt 0.36227 0.71466
f 2931/6907 3135/7062 3169/7136
vt 0.47779 0.51939
f 3075/6945 3065/7018 3086/7137
vt 0.49358 0.65912
f 2988/6857 3037/7138 2972/6951
vt 0.74850 0.29699
f 2841/6684 3050/6862 3019/7139
vt 0.72691 0.19231
vt 0.72749 0.19090
f 3177/6809 3145/7140 2974/7141
f 2834/6645 3131/7130 3067/6987
vt 0.97105 0.97244
vt 0.97012 0.97235
vt 0.97084 0.97093
f 3009/7142 3139/7143 3105/7144
f 2910/6962 3000/7063 3048/7107
vt 0.21192 0.77325
f 2997/6886 3128/7145 3016/6909
vt 0.69825 0.19706
f 3029/7024 2914/7095 3055/7146
vt 0.05611 0.67966
f 2887/7097 3114/7099 3076/7147
vt 0.55166 0.14812
f 3016/6961 3109/7148 3096/6801
vt 0.55369 0.14586
f 3016/6961 3065/7149 3109/7148
vt 0.01559 0.34961
f 2996/6847 3104/7150 3077/6808
vt 0.69215 0.95977
vt 0.69302 0.96026
vt 0.69274 0.96128
f 3022/7151 2955/7152 3122/7153
vt 0.77246 0.85064
f 2968/6899 3203/7154 2928/6900
vt 0.18816 0.85639
vt 0.18686 0.85523
f 3049/6906 3074/7155 3072/7156
vt 0.82338 0.28201
vt 0.82486 0.28448
vt 0.82349 0.28470
f 3024/7157 3136/7158 2952/7159
vt 0.45997 0.44437
f 2804/7072 3051/7074 3150/7160
vt 0.67591 0.45643
f 2962/6739 3159/6997 3138/7161
vt 0.57205 0.72715
f 2959/6870 3076/6869 3021/7162
vt 0.06772 0.75984
f 2901/6672 2926/7163 3005/7007
vt 0.49601 0.75195
f 3032/7060 3038/7076 3117/7164
vt 0.53220 0.94997
vt 0.53116 0.94972
vt 0.53226 0.94857
f 2996/7165 2960/7166 3104/7167
vt 0.55408 0.14647
f 3065/7149 2961/7168 3109/7148
vt 0.34069 0.77761
f 2998/6539 3083/6868 2991/7169
vt 0.47514 0.51877
f 2889/6829 3075/6945 3120/7170
vt 0.53067 0.94812
f 2960/7166 3013/7171 3104/7167
vt 0.47294 0.47082
f 2942/6897 3213/7172 3007/6643
vt 0.59123 0.08908
vt 0.59179 0.09105
f 2894/7173 3126/7174 3040/7091
vt 0.03369 0.35732
f 3073/6992 2937/6707 3151/7175
vt 0.16261 0.87928
f 3008/7093 3080/7092 2954/7176
vt 0.61013 0.31911
f 3069/6653 3214/7177 3041/6737
vt 0.14324 0.08383
f 3046/6948 3004/6846 3484/7178
vt 0.44098 0.42911
vt 0.44224 0.43179
f 2945/6927 3208/7179 3027/7180
f 2945/6927 3095/6926 3208/7179
vt 0.49767 0.75533
f 2978/7075 3036/7181 3038/7076
vt 0.95632 0.42746
vt 0.95733 0.42868
vt 0.95613 0.42866
f 3020/7182 3156/7183 3061/7184
vt 0.73360 0.19824
f 2916/6726 2940/6859 3201/7185
vt 0.81221 0.78813
f 3078/7031 3151/7186 2937/7126
vt 0.74845 0.30944
f 2923/6884 2866/6806 3026/7187
vt 0.67581 0.46447
f 2971/6828 3045/7188 3149/7008
vt 0.29453 0.74874
f 2997/7122 3132/7046 3128/7189
vt 0.25367 0.67957
vt 0.25137 0.68094
f 3044/7190 3319/7121 3114/7191
vt 0.69890 0.19894
f 2914/7095 2866/7192 3055/7146
f 2983/7077 3071/7090 3048/7124
vt 0.69844 0.21202
f 3071/7090 3106/6957 3098/7193
vt 0.85145 0.76092
f 2810/6902 2920/6441 3133/7194
vt 0.29797 0.75243
f 2982/7043 3212/7195 3132/7046
f 2914/7095 3026/7094 2866/7192
vt 0.48073 0.52303
f 3025/7105 3112/7037 3153/7196
vt 0.06393 0.74778
f 2949/6851 3081/7197 3210/7025
vt 0.35574 0.71145
f 2940/6873 3108/6778 3201/7198
vt 0.60941 0.32323
f 3041/6737 3214/7177 3184/7199
vt 0.61127 0.31589
f 3069/6653 3123/7200 3214/7177
f 2923/6884 3026/7187 3000/7063
vt 0.78777 0.35507
f 3049/6838 2991/7049 3074/7201
f 3017/6721 2882/6208 3042/7131
vt 0.76694 0.96101
vt 0.76677 0.96377
vt 0.76630 0.96248
f 3063/7202 3019/7203 3050/7204
vt 0.26512 0.83764
vt 0.26804 0.83772
vt 0.26783 0.83809
f 3063/7205 2994/7206 3019/7207
vt 0.48606 0.52755
f 2922/6903 3053/6819 3193/7208
vt 0.67742 0.20803
f 3135/7069 3068/6896 3191/7209
vt 0.78174 0.25694
vt 0.78169 0.25851
vt 0.77963 0.25798
f 2968/7210 3103/7211 3203/7212
vt 0.55394 0.14760
f 2961/7168 3064/7213 3109/7148
vt 0.06373 0.75168
f 2969/6823 3085/7125 3082/7214
f 2939/6429 3042/7131 2999/7065
vt 0.74826 0.31950
f 3098/7215 3034/6895 3048/7107
vt 0.12360 0.08899
f 3056/6491 3437/7216 2765/5977
f 3057/6759 3134/7066 3091/6492
vt 0.82352 0.26932
vt 0.82423 0.26748
vt 0.82481 0.27004
f 2947/7217 3060/7218 3079/7219
vt 0.68480 0.20144
f 3023/6818 2946/6799 3164/7220
vt 0.74873 0.29475
f 3050/6862 3043/7064 3063/7221
vt 0.21117 0.77588
f 3016/6909 3128/7145 3065/7222
vt 0.92061 0.54280
vt 0.92063 0.54565
vt 0.91953 0.54509
f 3025/7223 3153/7224 3064/7225
vt 0.72648 0.19239
vt 0.72627 0.19128
f 2974/6843 3145/7226 3094/7227
vt 0.47492 0.48021
vt 0.47584 0.48111
vt 0.47407 0.48040
f 3020/7228 2944/7229 3156/7230
vt 0.16402 0.07821
f 2846/6279 3515/7231 3152/7032
vt 0.87858 0.57404
vt 0.87990 0.57469
vt 0.87751 0.57729
f 3001/7232 2963/7233 3338/7234
vt 0.87642 0.57546
f 3001/7232 3338/7234 3035/7235
vt 0.92367 0.30849
f 2977/7081 2956/7236 3220/7082
vt 0.12768 0.83448
f 2967/7004 3145/7237 2990/6973
f 2931/6907 3169/7136 3108/6778
vt 0.49122 0.66083
vt 0.49071 0.65831
f 2972/6951 3099/7238 2980/7239
vt 0.49678 0.75140
vt 0.49594 0.75253
f 3032/7240 3117/7241 3002/7041
vt 0.67474 0.46610
f 2971/6912 3073/7085 3127/7242
vt 0.78886 0.61125
f 2912/6553 3072/7243 3083/7132
vt 0.44717 0.43110
f 3014/6814 3052/6913 3200/7244
vt 0.44884 0.43136
f 3014/6814 3200/7244 3264/7245
f 2949/6851 2969/6823 3081/7197
vt 0.47732 0.48324
vt 0.47438 0.48442
vt 0.47597 0.48165
f 3003/7246 3171/7247 2966/7248
f 3052/6913 3027/7180 3208/7179
vt 0.45541 0.43115
f 2849/6465 3014/6814 3202/7249
vt 0.82428 0.28512
f 2952/7159 3136/7158 3013/7250
vt 0.52694 0.84962
vt 0.52720 0.85104
vt 0.52592 0.85151
f 2955/7251 3088/7252 3122/7253
vt 0.61335 0.30710
f 3001/7003 3102/7254 3143/6815
f 2849/6465 3202/7249 3141/6924
vt 0.21741 0.06183
f 2957/6396 3124/7255 3101/6692
vt 0.12724 0.83589
f 2967/7004 3094/7256 3145/7237
vt 0.74808 0.32242
vt 0.74665 0.32279
f 3034/6895 3129/7257 3054/7258
vt 0.18652 0.07052
f 2917/6264 3217/6710 3255/7259
vt 0.52810 0.84865
f 2955/7251 2980/7260 3088/7252
vt 0.81965 0.88817
vt 0.81716 0.88754
f 2930/6994 3061/7261 3111/7262
f 2912/6553 3089/7096 3072/7243
vt 0.46546 0.51085
vt 0.46685 0.51140
vt 0.46580 0.51187
f 3005/7263 3054/7264 3085/7265
f 3041/6737 3184/7199 2920/6824
vt 0.47741 0.48579
f 3003/7246 3031/7266 3171/7247
vt 0.61154 0.29625
f 2943/6647 3021/7017 3267/7267
vt 0.51304 0.51887
f 2882/6208 3172/7268 3042/7131
vt 0.59040 0.09377
f 3028/6952 3040/7091 3176/7269
vt 0.69177 0.96031
vt 0.69152 0.96201
f 3022/7270 3122/7153 3093/7271
vt 0.58774 0.09803
f 3028/6952 3224/7272 3018/7114
f 2882/6208 3107/6949 3172/7268
f 3018/7114 3224/7272 3060/7115
vt 0.46017 0.45122
f 2979/7128 3097/7273 3051/7074
vt 0.71874 0.52857
f 3118/6965 3253/7274 2964/7084
f 3071/7090 3098/7193 3048/7124
vt 0.69845 0.21502
f 3106/6957 3129/7275 3098/7193
vt 0.46698 0.51308
f 3054/7264 3129/7276 3085/7265
vt 0.26497 0.83548
f 3063/7205 3110/7277 2994/7206
vt 0.47406 0.48126
f 2944/7229 3140/7278 3156/7230
vt 0.42501 0.94726
vt 0.42554 0.94937
vt 0.42448 0.94861
f 2971/7279 3127/7280 3045/7281
f 3069/6653 3143/6815 3123/7200
vt 0.97105 0.59489
vt 0.97048 0.59668
vt 0.97012 0.59455
f 3068/7282 3072/7283 3089/7284
vt 0.67664 0.20651
f 3068/7285 3089/7112 3191/7209
vt 0.54459 0.14536
f 2982/6950 3096/6801 3180/7286
vt 0.52156 0.51480
f 2898/6866 2999/7065 3144/7287
vt 0.08370 0.73708
f 2946/7123 3374/7045 3164/7288
vt 0.47714 0.51962
vt 0.47748 0.52013
vt 0.47609 0.52000
f 3075/7289 3086/7290 3146/7291
vt 0.16112 0.87934
f 3080/7092 2938/7292 2954/7176
vt 0.47363 0.47712
f 3033/6947 3111/7293 2942/6897
f 3034/6895 3098/7215 3129/7257
vt 0.92539 0.30724
f 3220/7082 2956/7236 3221/7294
vt 0.12183 0.95011
vt 0.12191 0.95155
f 2944/7295 2966/6791 3140/7296
vt 0.21237 0.77502
f 3065/7222 3128/7145 3086/7297
vt 0.19564 0.07054
f 2545/5753 3195/7298 3217/6710
vt 0.05783 0.37232
f 3012/6937 3030/6480 3244/7299
vt 0.46236 0.45689
vt 0.46093 0.45681
vt 0.46192 0.45538
f 3007/7300 3213/7301 3070/7302
vt 0.30106 0.75106
f 2982/7043 3180/7303 3212/7195
vt 0.26851 0.83537
f 2994/7206 3110/7277 3189/7304
vt 0.61112 0.29890
f 2963/6696 2943/6647 3125/7305
vt 0.48879 0.66016
f 2980/7239 3099/7238 3186/7306
vt 0.34096 0.78043
f 3083/6868 3175/7307 2991/7169
vt 0.07777 0.73738
f 3094/7104 3154/7308 3148/7002
vt 0.60853 0.52307
f 2990/7135 3110/7309 3063/7103
vt 0.21373 0.77722
vt 0.21462 0.77609
vt 0.21583 0.77672
f 3075/7310 3146/7311 3120/7312
vt 0.15153 0.08053
f 2787/6123 3218/7313 3004/6846
vt 0.68465 0.20348
f 3023/6818 3164/7220 3278/7314
vt 0.87805 0.85691
vt 0.87799 0.85917
f 3022/7315 3093/7316 3036/7044
vt 0.11661 0.09118
f 2900/6425 3353/7317 3092/7068
f 3040/7091 3126/7174 3176/7269
f 2969/6823 3082/7214 3081/7197
vt 0.60863 0.32643
f 2920/6824 3184/7199 3142/7318
vt 0.46222 0.45300
f 2979/7128 3185/7319 3097/7273
vt 0.52443 0.51519
f 2898/6866 3126/7320 2894/6867
vt 0.13085 0.83234
f 3145/7237 3170/7321 2990/6973
vt 0.99099 0.88827
vt 0.99123 0.88880
vt 0.99099 0.88887
f 2980/7322 3186/7323 3088/7324
vt 0.21239 0.77435
f 3128/7145 3147/7325 3086/7297
vt 0.53228 0.94645
f 3013/7171 3277/7326 3104/7167
vt 0.82413 0.27999
vt 0.82629 0.28272
f 3024/7157 3067/7327 3173/7328
f 3024/7157 3173/7328 3136/7158
vt 0.47196 0.85144
f 2994/6986 3189/7329 3094/7129
vt 0.69175 0.96275
f 3122/7153 3155/7330 3093/7271
vt 0.38250 0.24564
f 3010/6848 3137/6999 3168/7331
vt 0.66821 0.39537
vt 0.66951 0.39498
vt 0.66889 0.39564
f 3010/7332 3168/7333 3047/7334
f 2972/6951 3037/7138 3099/7238
f 2928/6900 3203/7154 3113/7083
vt 0.44578 0.43010
f 3052/6913 3208/7179 3200/7335
vt 0.61257 0.30423
f 3001/7003 3035/7336 3102/7254
f 2765/5977 3437/7216 2900/6425
vt 0.04412 0.36435
f 3058/6369 3303/7337 2956/6969
vt 0.47036 0.51386
vt 0.46879 0.51734
f 3106/6842 3116/7338 3402/7339
vt 0.48555 0.52823
f 2922/6903 3193/7340 3112/7037
vt 0.47917 0.52464
f 3153/7196 3112/7037 3354/7341
vt 0.01116 0.35184
f 3339/7342 3077/6808 3104/7150
vt 0.34277 0.77915
f 3083/6868 3362/7343 3175/7307
vt 0.47390 0.48169
f 2966/7248 3171/7247 3140/7344
vt 0.53028 0.94644
f 3013/7171 3136/7345 3277/7326
vt 0.29465 0.75045
f 3128/7189 3132/7046 3197/7346
vt 0.87973 0.57724
f 2963/7233 3235/7347 3338/7234
vt 0.49826 0.51649
f 3182/7015 3181/7348 2993/6385
f 2898/6866 3144/7287 3126/7320
vt 0.55450 0.14826
vt 0.55385 0.14896
f 3064/7213 3153/7349 3206/7350
vt 0.47763 0.48837
vt 0.47807 0.49167
vt 0.47578 0.49128
f 3119/7351 3100/7352 3160/7353
vt 0.55288 0.14805
f 3109/7148 3064/7213 3206/7354
f 2957/6396 3223/7009 3124/7255
vt 0.85287 0.75974
f 2920/6441 3142/7355 3133/7194
f 2545/5753 3011/7030 3195/7298
vt 0.71662 0.53154
vt 0.71617 0.52885
f 3047/7356 3168/7357 3118/6965
f 2943/6647 3267/7267 3125/7305
vt 0.78785 0.61196
vt 0.78782 0.61431
f 3072/7358 3211/7359 3083/7132
f 3031/7266 3119/7351 3171/7247
vt 0.97470 0.71635
vt 0.97399 0.71580
vt 0.97450 0.71501
f 3086/7360 3147/7361 3130/7362
vt 0.21257 0.77544
vt 0.21327 0.77495
vt 0.21461 0.77516
f 3086/7363 3130/7364 3146/7365
f 2828/6105 3218/7313 2787/6123
vt 0.49606 0.75553
f 3038/7076 3036/7181 3174/7366
vt 0.13088 0.08972
f 3056/6491 3090/6998 3121/7367
f 2846/6279 3158/6698 3515/7231
f 3058/6369 3066/6989 3303/7337
vt 0.43308 0.42765
f 2810/6964 3133/7368 3095/6926
vt 0.49359 0.75219
f 3002/7041 3099/7369 3037/6967
f 2847/6300 2992/6748 3011/7030
f 3106/6842 3402/7339 3129/7276
vt 0.82415 0.27409
vt 0.82592 0.27452
f 3059/7370 3079/7219 3188/7371
vt 0.82648 0.27925
f 3067/7327 3226/7372 3173/7328
vt 0.49685 0.75604
f 3036/7181 3209/7373 3174/7366
vt 0.47105 0.85211
f 3154/7374 3094/7129 3189/7329
vt 0.47569 0.49554
f 3100/7352 3248/7375 3160/7353
vt 0.81740 0.88907
f 3061/7261 3156/7376 3111/7262
vt 0.05188 0.36593
vt 0.05090 0.36741
f 2938/6993 3080/7377 3157/7378
vt 0.18669 0.85670
f 3072/7156 3074/7155 3211/7379
vt 0.61072 0.30184
f 2963/6696 3125/7305 3235/7380
vt 0.59291 0.09342
f 3126/7174 3144/7381 3176/7269
vt 0.61277 0.31329
f 3123/7200 3143/6815 3238/7382
f 2938/6993 3157/7378 3066/6989
vt 0.58566 0.09999
f 3060/7115 3224/7272 3079/7383
vt 0.35945 0.71715
f 3108/6778 3169/7136 3359/7384
vt 0.87823 0.85976
vt 0.87787 0.86035
vt 0.87675 0.86022
f 3155/7385 3146/7386 3130/7387
f 3155/7385 3130/7387 3093/7316
vt 0.47838 0.49449
f 3100/7352 3138/7388 3248/7375
f 3002/7041 3117/7241 3099/7369
f 3105/7088 3244/7299 3030/6480
vt 0.06417 0.75579
vt 0.06399 0.75526
f 3085/7125 3167/7389 3194/7390
vt 0.47827 0.49736
f 3159/7391 3248/7375 3138/7388
vt 0.98807 0.68229
vt 0.98860 0.68278
vt 0.98810 0.68283
f 3093/7392 3130/7393 3178/7394
f 3119/7351 3160/7353 3171/7247
vt 0.21305 0.06544
f 3101/6692 3124/7255 3438/7395
f 2828/6105 3152/7032 3218/7313
f 2917/6264 3255/7259 3134/7066
vt 0.17339 0.07728
f 3158/6698 3091/6492 3347/7396
f 3077/6808 3339/7342 2981/6885
f 3023/6818 3278/7314 3089/7112
vt 0.81810 0.89038
vt 0.81784 0.89099
f 3140/7397 3242/7398 3156/7376
vt 0.52695 0.85155
vt 0.52590 0.85351
f 3122/7253 3088/7399 3196/7400
vt 0.29389 0.74990
vt 0.29279 0.74985
f 3128/7189 3197/7401 3147/7402
vt 0.11446 0.09071
f 3092/7068 3231/7403 3087/7113
vt 0.78639 0.61540
f 3083/7132 3211/7359 3362/7404
vt 0.14804 0.08300
f 3004/6846 3218/7313 3355/7405
vt 0.12044 0.09238
f 2900/6425 3437/7216 3562/7406
vt 0.46561 0.51580
f 3129/7276 3402/7339 3321/7407
vt 0.60968 0.32912
vt 0.61145 0.33108
vt 0.60944 0.33284
f 3133/7408 3348/7409 3095/7410
vt 0.05436 0.36663
f 3080/7377 3084/7411 3157/7378
vt 0.18738 0.85816
f 3074/7155 3258/7412 3211/7379
vt 0.35533 0.71326
f 3201/7198 3108/6778 3192/7413
vt 0.52452 0.85352
f 3155/7414 3122/7253 3196/7400
vt 0.95750 0.85247
vt 0.95624 0.85321
vt 0.95607 0.85119
f 3139/7415 3087/7416 3231/7417
vt 0.42406 0.95001
f 3045/7281 3127/7280 3183/7418
vt 0.47153 0.51598
vt 0.47148 0.51869
f 3116/7419 3062/6830 3291/7420
vt 0.04142 0.36433
f 2956/6969 3303/7337 3469/7421
vt 0.92362 0.30573
f 2956/7236 3469/7422 3221/7294
vt 0.06176 0.37052
vt 0.06415 0.37123
vt 0.06128 0.37174
f 3105/7423 3139/7424 3187/7425
vt 0.51736 0.51510
f 2999/7065 3042/7131 3251/7426
f 3014/6814 3264/7245 3202/7249
vt 0.81528 0.64005
vt 0.81576 0.64307
vt 0.81430 0.64303
f 3149/7427 3045/7428 3183/7429
f 2999/7065 3251/7426 3144/7287
f 3028/6952 3176/7269 3224/7272
vt 0.61377 0.31001
f 3143/6815 3102/7254 3425/7430
vt 0.60859 0.52554
f 2990/7135 3379/7431 3110/7309
vt 0.12767 0.83329
f 3170/7321 3145/7237 3240/7432
vt 0.47475 0.52090
vt 0.47465 0.51923
f 3146/7291 3216/7433 3120/7434
vt 0.50771 0.51647
f 3039/7048 3265/7435 3107/6949
vt 0.77585 0.84751
f 3113/7083 3502/7436 3223/7022
vt 0.77870 0.26128
f 3203/7212 3103/7211 3406/7437
vt 0.58847 0.10399
vt 0.58545 0.10445
f 3079/7383 3314/7438 3188/7439
vt 0.46517 0.51288
f 3085/7265 3129/7276 3167/7440
vt 0.48694 0.53057
f 3053/6819 3344/7441 3193/7208
vt 0.72155 0.52850
f 2964/7084 3253/7274 3275/7442
vt 0.72672 0.19427
f 3145/7140 3177/6809 3240/7443
vt 0.25790 0.68310
vt 0.25751 0.68400
f 3081/7444 3190/7445 3210/7120
f 2993/6385 3181/7348 3039/7048
vt 0.82447 0.27694
f 3131/7446 3188/7371 3226/7372
f 3224/7272 3314/7438 3079/7383
vt 0.98810 0.10307
vt 0.98859 0.10301
vt 0.98831 0.10329
f 3178/7447 3130/7448 3147/7449
vt 0.48893 0.66266
f 3186/7306 3099/7238 3199/7450
vt 0.01615 0.90357
vt 0.01721 0.90437
vt 0.01658 0.90730
f 3117/7451 3038/7452 3161/7453
f 3092/7068 3353/7317 3231/7403
f 3131/7446 3059/7370 3188/7371
vt 0.46267 0.43051
f 3103/7059 3141/6924 3311/7454
vt 0.83279 0.33915
vt 0.83197 0.34067
f 3151/7455 3078/7058 3165/7456
f 2900/6425 3562/7406 3353/7317
f 3067/7327 3131/7446 3226/7372
vt 0.97024 0.50268
vt 0.97071 0.50392
vt 0.97013 0.50300
f 3178/7457 3147/7458 3197/7459
vt 0.45173 0.42888
f 3264/7245 3367/7460 3202/7249
vt 0.92923 0.77444
vt 0.92825 0.77446
vt 0.92925 0.77192
f 3085/7461 3194/7462 3082/7463
f 3062/6830 2889/6829 3291/7420
vt 0.46085 0.45551
f 3070/7302 3213/7301 3230/7464
vt 0.98122 0.32444
vt 0.98179 0.32467
vt 0.98125 0.32527
f 3088/7465 3186/7466 3196/7467
vt 0.47847 0.52269
f 3153/7196 3354/7341 3163/7468
vt 0.78761 0.35236
f 2991/7049 3219/7469 3074/7201
f 3118/6965 3168/7357 3253/7274
vt 0.49748 0.75668
vt 0.49618 0.75673
f 3178/7470 3209/7471 3036/7181
vt 0.81287 0.78702
vt 0.81228 0.78788
vt 0.81201 0.78585
f 3073/7472 3151/7473 3127/7474
vt 0.49569 0.75484
f 3117/7241 3161/7475 3099/7369
vt 0.21537 0.77439
vt 0.21576 0.77551
f 3146/7365 3155/7476 3216/7477
vt 0.44450 0.42742
f 3200/7335 3208/7179 3499/7478
vt 0.47128 0.51753
f 3116/6841 3291/7479 3402/7339
vt 0.35606 0.71534
f 3108/6778 3359/7384 3410/7480
vt 0.60978 0.52590
f 2990/7135 3170/7481 3379/7431
vt 0.46042 0.45384
f 3070/7302 3230/7464 3268/7482
f 3070/7302 3268/7482 3185/7319
vt 0.83812 0.34539
vt 0.83611 0.34566
f 3221/7483 3392/7484 3220/7057
vt 0.45994 0.44991
f 3097/7273 3166/7485 3051/7074
vt 0.56906 0.72557
f 3076/6869 3269/7486 3021/7162
vt 0.61074 0.32805
f 3142/7318 3261/7487 3133/7408
f 3133/7408 3261/7487 3348/7409
vt 0.88329 0.85438
vt 0.88277 0.85350
vt 0.88407 0.85254
f 3153/7488 3163/7489 3308/7490
vt 0.68288 0.20721
f 3191/7209 3089/7112 3340/7491
vt 0.06401 0.55145
vt 0.06641 0.55363
vt 0.06344 0.55496
f 3123/7492 3527/7493 3214/7494
vt 0.98112 0.68160
vt 0.98177 0.68195
vt 0.98148 0.68232
f 3148/7495 3154/7496 3257/7497
vt 0.06277 0.37222
f 3139/7424 3231/7498 3187/7425
vt 0.59151 0.10022
f 3224/7272 3176/7269 3335/7499
vt 0.67653 0.20955
f 3191/7209 3249/7500 3135/7069
vt 0.48816 0.53196
f 3344/7441 3053/6819 3287/7501
vt 0.47246 0.48109
f 3140/7344 3171/7247 3242/7502
vt 0.47843 0.49963
vt 0.47667 0.49945
f 3159/7391 3149/7503 3232/7504
vt 0.82625 0.28479
f 3136/7158 3173/7328 3245/7505
f 3012/6937 3244/7299 3084/7411
f 3129/7276 3321/7407 3167/7440
vt 0.12794 0.83203
f 3170/7321 3240/7432 3273/7506
vt 0.68968 0.22076
vt 0.68672 0.22195
vt 0.68687 0.21959
f 3304/7507 3391/7508 3162/7509
f 3159/7391 3232/7504 3248/7375
vt 0.67573 0.21082
f 3135/7069 3249/7500 3225/7510
vt 0.93998 0.58671
vt 0.94141 0.58616
vt 0.94134 0.58826
f 3178/7511 3197/7512 3324/7513
vt 0.07848 0.73504
f 3374/7045 3148/7002 3257/7514
vt 0.49642 0.75726
f 3178/7470 3179/7515 3209/7471
vt 0.73516 0.19985
vt 0.73469 0.20170
f 3192/7516 3410/7517 3201/7185
vt 0.53073 0.94561
f 3277/7326 3136/7345 3245/7518
f 3108/6778 3410/7480 3192/7413
vt 0.47275 0.47966
vt 0.47162 0.47863
f 3111/7293 3156/7519 3234/7520
vt 0.78113 0.26105
f 3103/7211 3311/7521 3406/7437
vt 0.49349 0.75444
f 3099/7369 3161/7475 3199/7522
vt 0.47081 0.51997
f 3291/7479 3351/7523 3402/7339
f 3004/6846 3355/7405 3484/7178
f 3134/7066 3347/7396 3091/6492
vt 0.16241 0.08187
f 3152/7032 3515/7231 3533/7524
vt 0.61149 0.30018
vt 0.61154 0.30084
f 3125/7305 3271/7525 3235/7526
vt 0.92806 0.76969
vt 0.92903 0.76907
f 3082/7463 3241/7527 3081/7528
vt 0.18876 0.86046
f 3074/7155 3219/7529 3258/7412
vt 0.81111 0.78749
vt 0.81008 0.78589
f 3165/7530 3288/7531 3151/7473
vt 0.68578 0.22030
f 3162/7509 3391/7508 3167/7532
vt 0.88231 0.85157
f 3163/7489 3239/7533 3308/7490
f 3120/7434 3216/7433 2889/6829
vt 0.06338 0.55807
vt 0.06565 0.56195
vt 0.06426 0.56176
f 3184/7534 3205/7535 3142/7536
vt 0.88429 0.85381
f 3206/7537 3153/7488 3308/7490
vt 0.83325 0.34329
vt 0.83369 0.34062
f 3220/7057 3350/7538 3078/7539
vt 0.05821 0.68315
f 3076/7147 3114/7099 3269/7540
vt 0.54649 0.14887
f 3180/7286 3096/6801 3330/7541
f 3089/7112 3278/7314 3340/7491
f 3151/7473 3288/7531 3127/7474
vt 0.98201 0.32542
f 3196/7467 3186/7466 3323/7542
vt 0.78578 0.35299
f 2991/7049 3175/7543 3219/7469
vt 0.46069 0.42831
f 3141/6924 3202/7249 3613/7544
vt 0.45809 0.44572
f 3051/7074 3316/7545 3150/7160
vt 0.47011 0.46187
vt 0.46792 0.46207
vt 0.46906 0.46067
f 3166/7546 3263/7547 3254/7548
vt 0.06691 0.55922
f 3184/7534 3214/7494 3633/7549
vt 0.45955 0.44706
vt 0.45920 0.44683
f 3051/7074 3166/7550 3316/7551
vt 0.74010 0.23553
vt 0.74229 0.23557
vt 0.74227 0.23894
f 3162/7552 3167/7553 3321/7554
f 3096/6801 3109/7148 3330/7541
vt 0.77328 0.84813
f 3113/7083 3203/7154 3346/7555
f 3113/7083 3346/7555 3502/7436
vt 0.61391 0.30523
f 3102/7254 3035/7336 3215/7556
vt 0.47333 0.48906
f 3171/7247 3160/7353 3272/7557
f 3078/7058 3350/7538 3165/7456
f 3143/6815 3425/7430 3238/7382
vt 0.59359 0.09727
f 3176/7269 3207/7558 3335/7499
vt 0.67449 0.21190
f 3135/7069 3225/7510 3297/7559
vt 0.01775 0.90703
f 3038/7452 3174/7560 3161/7453
f 3082/7463 3194/7462 3241/7527
vt 0.48262 0.52899
f 3193/7340 3459/7561 3112/7037
vt 0.58738 0.10861
f 3188/7439 3314/7438 3317/7562
vt 0.61150 0.33630
vt 0.60938 0.33709
f 3095/7410 3281/7563 3208/7564
f 3095/7410 3348/7409 3281/7563
f 3053/6819 2964/7067 3287/7501
vt 0.72758 0.19661
f 3177/6809 2916/6726 3327/7565
vt 0.87574 0.57723
f 3035/7235 3338/7234 3215/7566
vt 0.52443 0.85431
vt 0.52508 0.85562
f 3155/7567 3196/7400 3302/7568
vt 0.52342 0.85535
f 3155/7567 3302/7568 3216/7569
vt 0.92831 0.76748
f 3081/7528 3241/7527 3190/7570
vt 0.47756 0.52258
f 3163/7468 3354/7341 3239/7571
vt 0.47833 0.50301
f 3149/7503 3183/7572 3232/7504
vt 0.36263 0.71723
f 3135/7062 3307/7573 3169/7136
f 3105/7088 3187/7425 3244/7299
vt 0.47590 0.50204
f 3183/7572 3334/7574 3232/7504
vt 0.36193 0.71684
f 3169/7136 3307/7575 3359/7384
vt 0.47105 0.85277
vt 0.47205 0.85463
f 3154/7576 3189/7329 3270/7577
vt 0.49016 0.53397
f 2964/7067 3448/7578 3287/7501
vt 0.56577 0.97586
vt 0.56533 0.97732
vt 0.56494 0.97564
f 3166/7579 3254/7580 3316/7581
vt 0.81445 0.64443
vt 0.81632 0.64502
vt 0.81433 0.64604
f 3183/7582 3127/7583 3284/7584
vt 0.55639 0.94597
vt 0.55797 0.94581
vt 0.55758 0.94751
f 3233/7585 3204/7586 3266/7587
vt 0.94024 0.30106
vt 0.94064 0.29987
vt 0.94105 0.30091
f 3206/7588 3198/7589 3109/7590
vt 0.58530 0.10935
f 3188/7439 3317/7562 3226/7591
f 3184/7534 3633/7549 3205/7535
vt 0.80516 0.78738
vt 0.80704 0.78624
vt 0.80668 0.78771
f 3233/7592 3256/7593 3204/7594
vt 0.36452 0.71728
f 3135/7062 3297/7595 3307/7573
vt 0.97566 0.50709
vt 0.97669 0.50688
vt 0.97661 0.50815
f 3228/7596 3156/7597 3242/7598
f 3176/7269 3144/7381 3207/7558
vt 0.80523 0.78539
f 3233/7592 3227/7599 3256/7593
vt 0.47084 0.85374
f 3154/7576 3270/7577 3237/7600
vt 0.72960 0.19922
f 2916/6726 3201/7185 3433/7601
vt 0.92522 0.30539
f 3221/7294 3469/7422 3306/7602
vt 0.61466 0.30721
f 3102/7254 3215/7603 3425/7430
vt 0.96758 0.66890
vt 0.96596 0.66809
vt 0.96748 0.66827
f 3206/7604 3322/7605 3198/7606
vt 0.58526 0.11288
vt 0.58836 0.11460
f 3173/7607 3226/7591 3426/7608
vt 0.95709 0.84976
vt 0.95595 0.84950
f 3187/7609 3231/7417 3353/7610
vt 0.97592 0.50836
f 3242/7598 3279/7611 3228/7596
vt 0.12742 0.83235
f 3273/7506 3240/7432 3237/7612
f 3185/7319 3268/7482 3097/7273
vt 0.88810 0.37426
vt 0.89042 0.37606
vt 0.88920 0.37792
f 3125/7613 3252/7614 3271/7615
vt 0.97897 0.97364
vt 0.97854 0.97374
vt 0.97901 0.97269
f 3178/7616 3324/7617 3247/7618
vt 0.50174 0.51485
f 3039/7048 3181/7348 3435/7619
vt 0.14008 0.08802
f 3090/6998 3115/6263 3393/7620
f 3226/7591 3317/7562 3426/7608
vt 0.47346 0.49296
f 3160/7353 3248/7375 3336/7621
f 3046/6948 3484/7178 3393/7620
vt 0.07780 0.73607
vt 0.07746 0.73519
f 3154/7622 3237/7623 3257/7514
vt 0.97931 0.97371
f 3178/7616 3247/7618 3179/7624
vt 0.16935 0.07917
f 3158/6698 3347/7396 3411/7625
vt 0.00566 0.34976
f 2981/6885 3422/7626 3182/6839
f 3141/6924 3613/7544 3311/7454
f 3112/7037 3459/7561 3354/7341
vt 0.99341 0.99279
vt 0.99364 0.99254
vt 0.99364 0.99284
f 3179/7627 3247/7628 3222/7629
vt 0.58569 0.11568
f 3245/7630 3173/7607 3426/7608
vt 0.01528 0.35190
f 3104/7150 3277/7631 3339/7342
vt 0.68142 0.20823
f 3191/7209 3340/7491 3385/7632
vt 0.47194 0.52054
f 2889/6829 3310/7633 3291/7420
vt 0.47091 0.47612
f 3111/7293 3300/7634 2942/6897
vt 0.29550 0.75165
f 3132/7046 3212/7195 3197/7635
vt 0.94742 0.90738
vt 0.94780 0.90577
vt 0.94780 0.90676
f 3240/7636 3428/7637 3237/7638
vt 0.51732 0.51329
f 3144/7287 3251/7426 3207/7639
f 3046/6948 3393/7620 3115/6263
vt 0.46985 0.46429
f 3166/7546 3097/7640 3263/7547
vt 0.45768 0.44441
f 3150/7160 3316/7545 3137/7641
vt 0.57135 0.72485
f 3021/7162 3269/7486 3267/7642
vt 0.25728 0.68451
vt 0.25732 0.68493
f 3190/7643 3415/7644 3210/7120
vt 0.19154 0.07406
f 3217/6710 3627/7645 3255/7259
vt 0.94209 0.30092
vt 0.94195 0.29921
f 3360/7646 3109/7590 3294/7647
vt 0.25919 0.94572
vt 0.25927 0.94633
vt 0.25831 0.94568
f 3211/7648 3258/7649 3249/7650
vt 0.26509 0.83246
f 3189/7304 3110/7277 3379/7651
vt 0.26846 0.83167
f 3189/7304 3379/7651 3270/7652
vt 0.47115 0.47050
vt 0.47030 0.47188
f 3213/7653 2942/6897 3276/7654
vt 0.06588 0.54867
f 3123/7492 3238/7655 3527/7493
vt 0.97953 0.97351
vt 0.97953 0.97299
f 3222/7656 3247/7618 3246/7657
vt 0.46823 0.46453
f 3263/7547 3097/7640 3243/7658
vt 0.98233 0.26433
vt 0.98283 0.26442
vt 0.98246 0.26526
f 3225/7659 3249/7660 3258/7661
f 3056/6491 3121/7367 3437/7216
vt 0.44740 0.42558
f 3200/7335 3499/7478 3801/7662
vt 0.47245 0.48600
f 3171/7247 3272/7557 3290/7663
f 3214/7494 3527/7493 3633/7549
vt 0.93789 0.96085
vt 0.93740 0.96190
vt 0.93676 0.96083
f 3229/7664 3262/7665 3390/7666
vt 0.97609 0.89445
vt 0.97615 0.89300
vt 0.97652 0.89354
f 3279/7667 3242/7668 3292/7669
vt 0.88492 0.85243
f 3206/7537 3308/7490 3322/7670
vt 0.48718 0.66185
vt 0.48535 0.66378
f 3186/7671 3199/7450 3323/7672
vt 0.08416 0.73524
f 3164/7288 3374/7045 3278/7673
vt 0.52687 0.85527
vt 0.52642 0.85610
vt 0.52598 0.85532
f 3222/7674 3301/7675 3179/7676
vt 0.83725 0.34673
f 3392/7484 3221/7483 3306/7677
f 3039/7048 3435/7619 3265/7435
vt 0.81193 0.78417
f 3127/7474 3288/7531 3284/7678
vt 0.93492 0.67729
vt 0.93372 0.67697
vt 0.93294 0.67584
f 3233/7679 3283/7680 3227/7681
vt 0.47010 0.46978
vt 0.46829 0.47081
vt 0.46793 0.46893
f 3230/7682 3260/7683 3329/7684
vt 0.77846 0.25869
vt 0.77614 0.26111
f 3203/7685 3406/7437 3346/7686
vt 0.83437 0.34661
f 3220/7057 3392/7484 3423/7687
vt 0.51114 0.92909
vt 0.51077 0.92953
vt 0.50978 0.92945
f 3213/7688 3276/7689 3230/7690
vt 0.46958 0.46715
f 3230/7682 3329/7684 3268/7691
vt 0.93442 0.67866
f 3233/7679 3403/7692 3283/7680
vt 0.52404 0.85701
f 3216/7569 3302/7568 3332/7693
vt 0.01838 0.90921
vt 0.01749 0.90921
vt 0.01780 0.90828
f 3179/7694 3246/7695 3209/7696
vt 0.55570 0.94761
f 3233/7585 3266/7587 3403/7697
f 3042/7131 3172/7268 3251/7426
f 3107/6949 3265/7435 3172/7268
vt 0.91922 0.87262
vt 0.92093 0.87261
vt 0.91918 0.87336
f 3156/7698 3228/7699 3234/7700
vt 0.81056 0.78724
vt 0.80820 0.78657
f 3165/7701 3256/7702 3288/7531
vt 0.88910 0.37242
f 3267/7703 3252/7614 3125/7613
vt 0.89131 0.37274
f 3267/7703 3486/7704 3252/7614
vt 0.06115 0.37291
f 3187/7425 3353/7705 3244/7299
f 3097/7640 3268/7691 3243/7658
f 3224/7272 3335/7499 3314/7438
vt 0.35588 0.71778
f 3359/7384 3380/7706 3410/7480
vt 0.01705 0.90857
f 3209/7696 3246/7695 3247/7707
vt 0.93546 0.72984
vt 0.93575 0.73229
vt 0.93444 0.73212
f 3165/7708 3350/7709 3320/7710
vt 0.61136 0.34036
f 3208/7564 3281/7563 3499/7711
vt 0.47584 0.52586
f 3239/7571 3354/7341 3556/7712
vt 0.47412 0.52316
f 3239/7571 3556/7712 3420/7713
vt 0.92073 0.87360
f 3228/7699 3342/7714 3234/7700
vt 0.12952 0.82874
f 3170/7321 3273/7506 3619/7715
vt 0.46829 0.46044
vt 0.46672 0.45998
f 3254/7716 3263/7547 3440/7717
vt 0.29534 0.75200
f 3197/7635 3212/7195 3259/7718
vt 0.94212 0.58654
vt 0.94249 0.58756
f 3197/7719 3259/7720 3324/7513
vt 0.47310 0.49091
f 3160/7353 3336/7621 3280/7721
vt 0.93421 0.73005
f 3165/7708 3320/7710 3256/7722
vt 0.01811 0.91004
f 3179/7694 3301/7723 3246/7695
vt 0.21891 0.06340
f 3223/7009 3387/7724 3124/7255
f 3220/7057 3423/7687 3350/7538
vt 0.45509 0.44534
f 3137/7641 3316/7545 3395/7725
vt 0.15714 0.08464
f 3218/7313 3152/7032 3631/7726
vt 0.20286 0.06855
f 3011/7030 2992/6748 3418/7727
vt 0.05388 0.37180
f 3084/7411 3244/7299 3376/7728
vt 0.47207 0.48388
f 3171/7247 3290/7663 3292/7729
f 3111/7293 3234/7520 3300/7634
vt 0.61312 0.33010
f 3348/7409 3261/7487 3570/7730
vt 0.78585 0.35046
f 3219/7469 3175/7543 3236/7731
f 3177/6809 3327/7565 3240/7443
f 3193/7340 3344/7441 3459/7561
vt 0.47453 0.49826
f 3248/7375 3232/7504 3227/7732
f 3209/7696 3247/7707 3174/7560
vt 0.46866 0.45661
vt 0.46875 0.45979
vt 0.46650 0.45512
f 3366/7733 3254/7734 3274/7735
f 2942/6897 3300/7634 3276/7654
f 2916/6726 3433/7601 3327/7565
vt 0.93263 0.73039
f 3256/7722 3320/7710 3204/7736
vt 0.01679 0.90816
f 3174/7560 3247/7707 3358/7737
vt 0.01666 0.90793
f 3174/7560 3358/7737 3161/7738
vt 0.96762 0.66717
f 3229/7739 3198/7606 3322/7605
vt 0.96686 0.66667
f 3229/7739 3322/7605 3262/7740
vt 0.49185 0.53408
f 2964/7067 3275/7741 3448/7578
vt 0.68139 0.21970
vt 0.68124 0.22122
vt 0.67807 0.21933
f 3194/7742 3250/7743 3241/7744
vt 0.87974 0.57937
f 3235/7347 3271/7745 3338/7234
vt 0.90497 0.58994
vt 0.90573 0.58744
vt 0.90622 0.58970
f 3254/7746 3366/7747 3316/7748
vt 0.97857 0.43024
vt 0.97903 0.42947
vt 0.97913 0.43068
f 3266/7749 3204/7750 3299/7751
vt 0.88343 0.85179
f 3239/7533 3262/7752 3308/7490
vt 0.92083 0.54853
vt 0.92084 0.55043
vt 0.92028 0.55087
f 3239/7753 3420/7754 3331/7755
vt 0.88199 0.85022
vt 0.88299 0.85048
f 3239/7533 3331/7756 3394/7757
vt 0.88330 0.85146
f 3239/7533 3394/7757 3262/7758
vt 0.92214 0.87454
f 3228/7699 3328/7759 3342/7714
vt 0.68321 0.22009
f 3167/7532 3391/7508 3194/7760
vt 0.00800 0.35106
f 2981/6885 3429/7761 3422/7626
vt 0.51281 0.51432
f 3172/7268 3408/7762 3251/7426
vt 0.58658 0.11773
f 3245/7630 3426/7608 3277/7763
f 3109/7590 3198/7589 3294/7647
vt 0.67510 0.22009
vt 0.67607 0.21821
f 3241/7744 3415/7764 3190/7765
vt 0.38142 0.24722
f 3168/7331 3137/6999 3395/7766
vt 0.80681 0.78506
f 3256/7593 3227/7599 3326/7767
vt 0.47086 0.85485
f 3237/7600 3270/7577 3273/7768
vt 0.46814 0.45424
f 3366/7733 3274/7735 3282/7769
vt 0.67893 0.21065
f 3249/7500 3191/7209 3396/7770
vt 0.67759 0.21158
f 3249/7500 3396/7770 3285/7771
f 3254/7734 3440/7717 3274/7735
vt 0.83497 0.30419
vt 0.83751 0.30453
vt 0.83691 0.30683
f 3261/7772 3142/7773 3205/7774
vt 0.44899 0.43085
f 3200/7335 3801/7662 3264/7775
vt 0.85772 0.50054
vt 0.85745 0.50329
vt 0.85603 0.49963
f 3280/7776 3295/7777 3296/7778
vt 0.67661 0.22138
f 3250/7743 3337/7779 3241/7744
vt 0.85746 0.49884
f 3280/7776 3296/7778 3272/7780
vt 0.50912 0.93037
f 3276/7689 3260/7781 3230/7690
vt 0.47466 0.49993
f 3334/7574 3326/7782 3232/7504
vt 0.98875 0.01728
vt 0.98896 0.01774
vt 0.98867 0.01797
f 3222/7783 3246/7784 3343/7785
vt 0.52766 0.85613
f 3222/7674 3343/7786 3301/7675
vt 0.47154 0.48221
f 3242/7502 3171/7247 3292/7787
vt 0.68052 0.20937
f 3191/7209 3381/7788 3396/7770
vt 0.96672 0.23276
vt 0.96764 0.23357
vt 0.96652 0.23348
f 3196/7789 3323/7790 3302/7791
vt 0.86938 0.55812
vt 0.87034 0.56125
vt 0.86913 0.56230
f 3295/7792 3286/7793 3283/7794
f 3160/7353 3280/7721 3272/7557
vt 0.30015 0.75387
vt 0.29915 0.75334
f 3212/7195 3510/7795 3400/7796
vt 0.24775 0.68519
f 3114/7191 3319/7121 3591/7797
vt 0.79021 0.61490
vt 0.79060 0.61651
f 3211/7359 3249/7798 3285/7799
vt 0.94024 0.58824
vt 0.94060 0.58901
vt 0.94013 0.58900
f 3247/7800 3305/7801 3358/7802
f 3515/7231 3158/6698 3411/7625
vt 0.46952 0.47439
vt 0.46864 0.47117
f 3276/7654 3341/7803 3260/7804
vt 0.46682 0.47041
f 3260/7683 3503/7805 3329/7684
vt 0.94677 0.90494
f 3240/7636 3327/7806 3428/7637
vt 0.47245 0.52136
f 2889/6829 3216/7433 3310/7807
vt 0.85732 0.49659
vt 0.85547 0.49601
f 3290/7808 3272/7780 3439/7809
vt 0.85643 0.49366
f 3290/7808 3439/7809 3289/7810
vt 0.46699 0.46751
f 3268/7691 3329/7684 3478/7811
f 3268/7691 3478/7811 3243/7658
vt 0.86959 0.54952
vt 0.87035 0.54875
vt 0.87031 0.55119
f 3289/7812 3292/7813 3290/7814
f 3247/7800 3324/7513 3305/7801
vt 0.94838 0.70147
vt 0.94697 0.70040
vt 0.94875 0.69935
f 3228/7815 3279/7816 3328/7817
vt 0.87004 0.55593
vt 0.87093 0.55937
f 3280/7818 3336/7819 3295/7792
vt 0.94021 0.29915
vt 0.94090 0.29828
f 3198/7589 3229/7820 3454/7821
f 3198/7589 3454/7821 3294/7647
vt 0.85724 0.49244
vt 0.85592 0.49200
f 3292/7822 3289/7810 3279/7823
vt 0.25762 0.68646
vt 0.25359 0.68825
f 3210/7120 3415/7824 3475/7825
f 3295/7792 3336/7819 3286/7793
vt 0.07729 0.73444
vt 0.07743 0.73302
f 3237/7826 3428/7827 3257/7514
vt 0.73036 0.20276
f 3201/7185 3637/7828 3433/7601
f 2981/6885 3339/7342 3429/7761
vt 0.93974 0.29836
f 3229/7820 3390/7829 3454/7821
vt 0.54328 0.14786
f 3180/7286 3330/7541 3421/7830
vt 0.71917 0.52653
f 3275/7442 3253/7274 3361/7831
vt 0.58173 0.37179
vt 0.58008 0.37154
vt 0.58085 0.37001
f 3287/7832 3448/7833 3293/7834
vt 0.85718 0.50743
vt 0.85557 0.50789
vt 0.85574 0.50519
f 3283/7835 3403/7836 3309/7837
f 3241/7744 3337/7779 3415/7764
vt 0.47045 0.47684
vt 0.46963 0.47815
f 3300/7838 3342/7839 3341/7803
f 3295/7777 3309/7837 3296/7778
vt 0.93237 0.73185
f 3320/7710 3299/7840 3204/7736
f 3084/7411 3376/7728 3157/7378
vt 0.29534 0.75385
f 3259/7718 3212/7195 3294/7841
vt 0.29457 0.75240
f 3259/7718 3294/7841 3454/7842
vt 0.96168 0.58438
vt 0.96188 0.58579
vt 0.96115 0.58581
f 3276/7843 3300/7844 3341/7845
vt 0.90530 0.58497
vt 0.90705 0.58424
f 3282/7846 3361/7847 3366/7747
vt 0.97888 0.17220
vt 0.97904 0.17070
vt 0.97925 0.17152
f 3262/7848 3322/7849 3308/7850
f 3272/7780 3296/7778 3439/7809
f 3232/7504 3326/7782 3227/7732
vt 0.36251 0.71906
f 3297/7595 3298/7851 3307/7573
vt 0.47664 0.50460
f 3183/7572 3284/7852 3334/7574
vt 0.52694 0.42125
vt 0.52576 0.41895
vt 0.52819 0.41974
f 3223/7853 3502/7854 3387/7855
vt 0.59075 0.10966
f 3426/7608 3317/7562 3431/7856
vt 0.54883 0.14973
f 3109/7148 3360/7857 3330/7541
f 3201/7185 3410/7517 3637/7828
vt 0.93670 0.96254
f 3262/7665 3394/7858 3390/7666
vt 0.99436 0.66881
vt 0.99419 0.66871
vt 0.99436 0.66861
f 3246/7859 3305/7860 3343/7861
vt 0.67634 0.21278
f 3225/7510 3409/7862 3297/7559
f 3212/7195 3180/7303 3510/7795
f 3191/7209 3385/7632 3381/7788
vt 0.71663 0.52644
f 3253/7274 3168/7357 3414/7863
vt 0.96767 0.23456
f 3302/7791 3323/7790 3404/7864
vt 0.81006 0.78510
f 3288/7531 3424/7865 3284/7678
vt 0.18742 0.85833
vt 0.18729 0.86191
f 3258/7866 3219/7529 3318/7867
vt 0.25902 0.94908
vt 0.25743 0.94633
f 3258/7649 3318/7868 3225/7869
vt 0.18681 0.07628
f 3255/7259 3541/7870 3134/7066
f 3250/7743 3194/7760 3391/7508
f 3210/7120 3475/7825 3319/7121
f 3256/7702 3326/7767 3288/7531
vt 0.20812 0.06963
f 3101/6692 3743/7871 2992/6748
vt 0.96127 0.58908
vt 0.96198 0.58771
vt 0.96219 0.58932
f 3342/7872 3300/7873 3234/7874
vt 0.30151 0.75414
f 3180/7303 3421/7875 3510/7795
vt 0.96621 0.23480
f 3302/7791 3404/7864 3345/7876
vt 0.60957 0.52956
f 3170/7481 3600/7877 3379/7431
vt 0.68968 0.22372
f 3304/7507 3457/7878 3391/7508
vt 0.08471 0.73211
f 3278/7673 3374/7045 3369/7879
f 3253/7274 3414/7863 3361/7831
vt 0.59109 0.11799
f 3426/7608 3339/7880 3277/7763
f 3283/7835 3309/7837 3295/7777
vt 0.94813 0.96302
vt 0.94818 0.96066
vt 0.94885 0.96213
f 3291/7881 3310/7882 3351/7883
vt 0.35547 0.78851
vt 0.35345 0.78707
vt 0.35526 0.78499
f 3293/7884 3356/7885 3364/7886
vt 0.78892 0.61670
f 3211/7359 3285/7799 3419/7887
f 3211/7359 3419/7887 3362/7404
vt 0.04963 0.37112
f 3157/7378 3376/7728 3455/7888
vt 0.74022 0.24233
f 3321/7554 3569/7889 3162/7552
vt 0.46797 0.47389
f 3341/7803 3432/7890 3260/7804
f 3264/7775 3801/7662 3367/7460
vt 0.47331 0.52212
f 3216/7433 3420/7891 3310/7807
vt 0.01684 0.91049
f 3246/7695 3301/7723 3436/7892
vt 0.96467 0.82104
vt 0.96418 0.81977
vt 0.96520 0.82072
f 3246/7893 3436/7894 3305/7895
vt 0.93209 0.67630
f 3283/7680 3372/7896 3227/7681
vt 0.94130 0.29736
vt 0.94234 0.29785
f 3454/7821 3315/7897 3259/7898
vt 0.73784 0.23965
vt 0.73791 0.23639
f 3162/7552 3457/7899 3304/7900
vt 0.49132 0.53628
f 3275/7741 3471/7901 3448/7578
vt 0.47494 0.52231
vt 0.47469 0.52270
f 3216/7433 3332/7902 3331/7903
vt 0.83522 0.30645
vt 0.83381 0.30634
f 3261/7772 3313/7904 3570/7905
vt 0.98811 0.27860
vt 0.98855 0.27922
vt 0.98815 0.27903
f 3301/7906 3365/7907 3302/7908
f 3341/7803 3342/7839 3432/7890
vt 0.52523 0.85687
f 3302/7568 3365/7909 3332/7693
vt 0.47367 0.50039
f 3334/7574 3512/7910 3326/7782
vt 0.49476 0.75620
f 3161/7475 3358/7911 3199/7522
vt 0.67523 0.21428
f 3297/7559 3409/7862 3489/7912
vt 0.36426 0.71973
f 3297/7595 3489/7913 3298/7851
vt 0.68522 0.20614
f 3278/7314 3369/7914 3340/7491
vt 0.06010 0.37440
f 3244/7299 3353/7705 3462/7915
vt 0.47097 0.85554
f 3428/7916 3273/7768 3270/7577
vt 0.46368 0.42883
f 3311/7454 3613/7544 3399/7917
vt 0.96539 0.82023
f 3358/7918 3305/7895 3436/7894
vt 0.08039 0.73184
f 3257/7514 3532/7919 3374/7045
f 3261/7772 3205/7774 3313/7904
vt 0.38039 0.24627
f 3168/7331 3395/7766 3485/7920
vt 0.25713 0.94833
f 3225/7869 3318/7868 3409/7921
vt 0.58172 0.36545
vt 0.58356 0.36739
f 3293/7834 3364/7922 3377/7923
vt 0.78101 0.26201
vt 0.77947 0.26358
f 3311/7521 3399/7924 3507/7925
f 3311/7521 3507/7925 3406/7437
vt 0.67091 0.39465
vt 0.67159 0.39233
vt 0.67389 0.39490
f 3168/7926 3485/7927 3414/7928
vt 0.01732 0.91108
f 3301/7723 3375/7929 3436/7892
vt 0.83629 0.34747
f 3306/7677 3407/7930 3392/7484
vt 0.54216 0.15075
f 3330/7541 3609/7931 3421/7830
vt 0.35395 0.79131
f 3448/7932 3356/7885 3293/7884
vt 0.12762 0.83099
f 3273/7506 3428/7933 3619/7715
vt 0.01849 0.91062
f 3302/7934 3375/7929 3301/7723
vt 0.06946 0.53977
vt 0.07026 0.54112
vt 0.06704 0.54240
f 3338/7935 3449/7936 3215/7937
vt 0.46639 0.46337
f 3263/7547 3243/7658 3447/7938
vt 0.50417 0.51445
f 3435/7619 3482/7939 3265/7435
f 3317/7562 3314/7438 3431/7856
f 3202/7249 3367/7460 3613/7544
vt 0.90791 0.58837
f 3316/7748 3366/7747 3333/7940
vt 0.66312 0.85511
vt 0.66271 0.85437
vt 0.66331 0.85269
f 3316/7941 3333/7942 3395/7943
vt 0.51508 0.51399
f 3251/7426 3368/7944 3207/7639
vt 0.97048 0.45103
vt 0.97113 0.45006
vt 0.97149 0.45080
f 3332/7945 3365/7946 3345/7947
vt 0.52699 0.85739
vt 0.52580 0.85698
f 3301/7675 3373/7948 3365/7949
vt 0.49918 0.51429
f 3435/7619 3181/7348 3450/7950
vt 0.52750 0.85640
f 3301/7675 3343/7951 3373/7948
vt 0.58312 0.37021
f 3293/7834 3377/7923 3363/7952
vt 0.46962 0.52091
f 3351/7523 3472/7953 3402/7339
vt 0.67763 0.22477
f 3337/7779 3250/7743 3585/7954
vt 0.56955 0.72369
f 3267/7642 3269/7486 3486/7955
vt 0.34252 0.78264
f 3175/7307 3362/7343 3470/7956
vt 0.90775 0.58645
f 3366/7747 3361/7847 3414/7957
f 3216/7433 3331/7903 3420/7891
f 3162/7552 3569/7889 3457/7899
vt 0.94728 0.90411
vt 0.94734 0.90483
f 3327/7806 3357/7958 3428/7959
vt 0.04131 0.36826
f 3303/7337 3782/7960 3469/7421
vt 0.49412 0.53714
vt 0.49504 0.53894
vt 0.49324 0.53798
f 3282/7961 3274/7962 3451/7963
f 3627/7645 3217/6710 3195/7298
f 3257/7514 3428/7827 3532/7919
vt 0.51042 0.51388
f 3172/7268 3265/7435 3452/7964
vt 0.49692 0.51464
f 3182/7015 3422/7965 3181/7348
vt 0.47350 0.49773
f 3248/7375 3227/7732 3372/7966
vt 0.55599 0.94923
f 3266/7587 3504/7967 3403/7697
vt 0.94709 0.69881
f 3279/7816 3413/7968 3328/7817
vt 0.01863 0.91106
f 3302/7934 3345/7969 3375/7929
vt 0.97015 0.45181
f 3332/7945 3345/7947 3331/7970
f 3293/7834 3363/7952 3287/7832
vt 0.97168 0.45000
f 3365/7946 3375/7971 3345/7947
vt 0.12683 0.09308
f 3121/7367 3732/7972 3437/7216
vt 0.13641 0.08969
f 3393/7620 3498/7973 3090/6998
vt 0.17683 0.07839
f 3347/7396 3134/7066 3524/7974
vt 0.72189 0.52599
f 3275/7442 3361/7831 3471/7975
vt 0.89172 0.37516
f 3252/7614 3486/7704 3349/7976
vt 0.78985 0.61630
f 3285/7799 3460/7977 3419/7887
vt 0.06945 0.54369
f 3215/7937 3449/7936 3312/7978
vt 0.46638 0.46921
f 3503/7805 3651/7979 3329/7684
vt 0.18096 0.07829
f 3134/7066 3352/7980 3524/7974
vt 0.46567 0.46098
f 3440/7717 3263/7547 3573/7981
vt 0.68271 0.22643
f 3250/7743 3325/7982 3585/7954
vt 0.72729 0.19788
f 3433/7601 3357/7983 3327/7565
vt 0.25464 0.97735
vt 0.25458 0.97648
vt 0.25536 0.97679
f 3365/7984 3373/7985 3375/7986
vt 0.06215 0.68427
f 3269/7540 3114/7099 3546/7987
vt 0.48501 0.66690
vt 0.48363 0.66562
f 3323/7672 3530/7988 3404/7989
vt 0.54929 0.14722
vt 0.55038 0.14796
vt 0.55023 0.14839
f 3259/7990 3315/7991 3389/7992
vt 0.54796 0.14792
f 3259/7990 3389/7992 3417/7993
f 3101/6692 3438/7395 3743/7871
vt 0.49310 0.53649
f 3361/7994 3282/7961 3451/7963
vt 0.95655 0.50491
vt 0.95607 0.50615
vt 0.95614 0.50286
f 3298/7995 3543/7996 3307/7997
vt 0.59301 0.10290
f 3335/7499 3386/7998 3314/7438
vt 0.49351 0.75592
f 3358/7911 3388/7999 3199/7522
vt 0.06954 0.55125
f 3238/7655 3636/8000 3527/7493
vt 0.36178 0.71981
f 3307/7575 3543/8001 3359/7384
vt 0.46742 0.47117
f 3432/7890 3503/8002 3260/7804
vt 0.87117 0.56297
f 3283/7794 3286/7793 3372/8003
f 3172/7268 3452/7964 3408/7762
vt 0.82437 0.34388
vt 0.82493 0.34325
vt 0.82490 0.34430
f 3259/8004 3417/8005 3324/8006
f 3251/7426 3408/7762 3368/7944
vt 0.48660 0.66551
f 3199/7450 3388/8007 3323/7672
vt 0.47225 0.52345
f 3310/7807 3420/7713 3603/8008
vt 0.94096 0.29735
f 3454/7821 3383/8009 3315/7897
vt 0.97138 0.45201
f 3331/7970 3345/7947 3441/8010
vt 0.78765 0.61775
f 3362/7404 3419/7887 3434/8011
vt 0.85484 0.50043
f 3296/7778 3309/7837 3555/8012
vt 0.52762 0.85722
f 3343/7951 3383/8013 3373/7948
vt 0.82528 0.34512
vt 0.82679 0.34319
f 3305/8014 3324/8006 3549/8015
vt 0.82630 0.34539
f 3305/8014 3549/8015 3370/8016
vt 0.96692 0.23489
f 3345/7876 3404/7864 3441/8017
vt 0.46593 0.46238
f 3263/7547 3447/8018 3573/7981
vt 0.54174 0.14959
f 3421/7830 3609/7931 3378/8019
vt 0.47389 0.50326
f 3334/7574 3284/7852 3424/8020
f 3243/7658 3478/7811 3447/7938
vt 0.06066 0.68637
vt 0.05839 0.68654
f 3269/7540 3661/8021 3486/8022
vt 0.11705 0.09327
f 3353/7317 3562/7406 3462/8023
vt 0.55348 0.14909
vt 0.55215 0.15060
vt 0.55074 0.14891
f 3390/8024 3563/8025 3454/8026
f 3296/7778 3555/8012 3439/7809
vt 0.12800 0.82945
f 3428/7933 3357/8027 3619/7715
vt 0.85459 0.49388
f 3289/7810 3476/8028 3279/7823
vt 0.58218 0.36266
vt 0.58448 0.36170
f 3364/7922 3430/8029 3382/8030
f 3157/7378 3455/7888 3066/6989
vt 0.59374 0.10104
f 3207/7558 3368/8031 3335/7499
vt 0.13112 0.82768
f 3619/7715 3600/8032 3170/7321
f 3134/7066 3541/7870 3352/7980
vt 0.58282 0.35948
f 3397/8033 3382/8030 3430/8029
vt 0.93209 0.66587
vt 0.93275 0.66506
vt 0.93326 0.66619
f 3381/8034 3385/8035 3519/8036
vt 0.15230 0.97558
vt 0.15284 0.97575
vt 0.15254 0.97682
f 3315/8037 3383/8038 3384/8039
vt 0.15220 0.97599
f 3315/8037 3384/8039 3389/8040
vt 0.15335 0.97582
f 3383/8038 3343/8041 3384/8039
vt 0.85487 0.50684
f 3309/7837 3403/7836 3553/8042
vt 0.55742 0.94957
f 3266/7587 3511/8043 3504/7967
vt 0.35606 0.71987
f 3380/7706 3359/7384 3550/8044
vt 0.14665 0.08766
f 3355/7405 3703/8045 3484/7178
vt 0.97278 0.75401
vt 0.97271 0.75624
vt 0.97237 0.75476
f 3329/8046 3651/8047 3478/8048
vt 0.82525 0.34560
f 3343/8049 3305/8014 3370/8016
vt 0.52836 0.85628
vt 0.52793 0.85712
f 3343/7786 3370/8050 3523/8051
vt 0.55077 0.14829
f 3383/8052 3454/8026 3389/7992
f 3303/7337 3066/6989 3782/7960
vt 0.80797 0.78432
f 3288/7531 3326/7767 3582/8053
vt 0.80995 0.78486
f 3288/7531 3582/8053 3424/8054
vt 0.46910 0.47883
vt 0.46804 0.47867
f 3342/7839 3328/8055 3493/8056
vt 0.25811 0.94913
f 3318/7868 3427/8057 3409/7921
f 3269/7540 3546/7987 3661/8021
vt 0.83213 0.34571
f 3350/7538 3423/7687 3481/8058
vt 0.83224 0.34452
f 3350/7538 3481/8058 3320/8059
f 3324/8006 3417/8005 3549/8015
vt 0.25299 0.94575
vt 0.25465 0.94609
vt 0.25357 0.94765
f 3306/8060 3469/8061 3407/8062
vt 0.89357 0.07679
vt 0.89360 0.07547
vt 0.89501 0.07670
f 3372/8063 3286/8064 3473/8065
vt 0.25424 0.97579
vt 0.25454 0.97555
f 3383/8066 3389/8067 3373/7985
vt 0.47175 0.52126
f 3310/8068 3603/8008 3351/7523
vt 0.55827 0.94833
f 3299/8069 3511/8043 3266/7587
f 3335/7499 3368/8031 3386/7998
vt 0.59325 0.10693
f 3314/7438 3386/7998 3487/8070
vt 0.21754 0.06688
f 3124/7255 3387/7724 3704/8071
vt 0.67895 0.21152
f 3396/7770 3501/8072 3285/7771
vt 0.97749 0.87434
vt 0.97780 0.87572
vt 0.97729 0.87575
f 3368/8073 3408/8074 3386/8075
vt 0.54769 0.15020
vt 0.54450 0.15105
f 3330/7541 3360/8076 3572/8077
vt 0.68005 0.21076
f 3381/7788 3495/8078 3396/7770
vt 0.82451 0.34179
vt 0.82445 0.33950
vt 0.82630 0.33979
f 3400/8079 3510/8080 3547/8081
vt 0.89412 0.07326
vt 0.89551 0.07459
f 3336/8082 3540/8083 3286/8064
vt 0.87839 0.57992
f 3338/7234 3271/7745 3449/8084
f 3124/7255 3704/8071 3438/7395
vt 0.85474 0.50545
f 3309/7837 3553/8042 3477/8085
vt 0.47298 0.49594
vt 0.47312 0.49407
f 3248/7375 3412/8086 3336/8087
vt 0.34041 0.78274
f 3175/7307 3470/7956 3236/8088
vt 0.24537 0.68365
f 3114/7191 3591/7797 3546/8089
vt 0.25518 0.97551
f 3373/7985 3389/8067 3384/8090
f 3366/7747 3414/7957 3333/7940
f 3323/7672 3388/8007 3530/7988
vt 0.29843 0.75345
vt 0.29894 0.75466
f 3400/8091 3456/8092 3212/7195
vt 0.94852 0.69840
f 3328/7817 3413/7968 3493/8093
vt 0.78606 0.61783
f 3362/7404 3434/8011 3470/8094
vt 0.15274 0.97702
f 3343/8041 3523/8095 3384/8039
vt 0.94338 0.22083
vt 0.94450 0.22000
vt 0.94377 0.22165
f 3413/8096 3279/8097 3517/8098
vt 0.68481 0.20687
vt 0.68395 0.20787
f 3340/7491 3369/8099 3467/8100
f 3330/7541 3572/8077 3609/7931
vt 0.08349 0.73014
f 3369/7879 3374/7045 3577/8101
vt 0.47060 0.52195
f 3351/7523 3603/8008 3472/8102
vt 0.35523 0.77963
vt 0.35445 0.78191
vt 0.35395 0.77675
f 3397/8103 3430/8104 3446/8105
vt 0.98378 0.27596
vt 0.98329 0.27524
vt 0.98400 0.27517
f 3519/8106 3460/8107 3501/8108
vt 0.35935 0.72055
f 3359/7384 3543/8001 3479/8109
vt 0.93376 0.73336
vt 0.93266 0.73321
f 3320/7710 3505/8110 3398/8111
f 3320/7710 3398/8111 3299/7840
vt 0.93368 0.56588
vt 0.93355 0.56668
vt 0.93299 0.56716
f 3460/8112 3519/8113 3419/8114
vt 0.26810 0.82866
f 3379/7651 3371/8115 3270/7652
vt 0.97054 0.47829
vt 0.97135 0.47966
vt 0.97015 0.47960
f 3381/8116 3519/8117 3495/8118
vt 0.85461 0.49176
f 3279/7823 3476/8028 3517/8119
vt 0.46524 0.45702
f 3440/7717 3539/8120 3274/7735
vt 0.97727 0.38631
vt 0.97825 0.38612
vt 0.97827 0.38695
f 3456/8121 3400/8122 3480/8123
vt 0.47302 0.50171
f 3334/7574 3575/8124 3512/7910
vt 0.59232 0.11343
f 3426/7608 3431/7856 3474/8125
vt 0.35521 0.77591
f 3397/8103 3446/8105 3416/8126
vt 0.59230 0.11559
f 3426/7608 3442/8127 3339/7880
vt 0.59313 0.11095
f 3431/7856 3496/8128 3474/8125
vt 0.72727 0.19906
f 3357/7983 3433/7601 3560/8129
vt 0.94763 0.88426
vt 0.94710 0.88297
vt 0.94846 0.88262
f 3385/8130 3340/8131 3401/8132
f 3250/7743 3391/7508 3325/7982
vt 0.93416 0.67941
vt 0.93374 0.68054
vt 0.93288 0.68028
f 3403/8133 3504/8134 3553/8135
f 3314/7438 3487/8070 3431/7856
vt 0.58319 0.37102
f 3363/7952 3587/8136 3287/7832
f 3289/7810 3439/7809 3476/8028
vt 0.97622 0.79658
vt 0.97637 0.79761
vt 0.97573 0.79754
f 3299/8137 3398/8138 3511/8139
vt 0.48625 0.53422
f 3287/7501 3587/8140 3344/7441
vt 0.68738 0.22744
f 3457/7878 3673/8141 3391/7508
vt 0.18876 0.86288
f 3219/7529 3483/8142 3318/7867
vt 0.48298 0.53452
f 3344/7441 3587/8140 3747/8143
f 3344/7441 3747/8143 3459/7561
vt 0.97990 0.73811
vt 0.98063 0.73725
vt 0.98075 0.73810
f 3360/8144 3294/8145 3572/8146
vt 0.89180 0.37852
f 3271/7615 3252/7614 3558/8147
vt 0.85476 0.50388
f 3309/7837 3477/8085 3554/8148
f 3309/7837 3554/8148 3555/8012
f 3319/7121 3475/7825 3591/7797
f 3342/7839 3493/8056 3432/7890
vt 0.78744 0.34924
f 3236/7731 3483/8149 3219/7469
vt 0.06630 0.54563
f 3215/7937 3312/7978 3425/8150
vt 0.46584 0.52028
f 3321/7407 3402/7339 3607/8151
vt 0.25548 0.97604
f 3373/7985 3384/8090 3375/8152
vt 0.87976 0.58132
f 3271/7745 3558/8153 3449/8084
vt 0.58312 0.35649
vt 0.58562 0.35533
f 3416/8154 3564/8155 3397/8033
f 3425/8150 3636/8000 3238/7655
vt 0.88374 0.84904
vt 0.88394 0.85017
f 3394/7757 3465/8156 3390/8157
vt 0.49357 0.53956
f 3274/7962 3612/8158 3451/7963
vt 0.89846 0.36467
vt 0.89598 0.36659
vt 0.89749 0.36317
f 3320/8159 3490/8160 3505/8161
f 3454/8026 3417/7993 3389/7992
vt 0.61342 0.33034
vt 0.61473 0.33207
f 3570/8162 3568/8163 3348/7409
vt 0.50146 0.89264
vt 0.50330 0.88989
vt 0.50325 0.89290
f 3429/8164 3450/8165 3422/8166
vt 0.54635 0.14807
vt 0.54565 0.14892
f 3400/8167 3417/7993 3480/8168
vt 0.58435 0.36467
f 3364/7922 3492/8169 3377/7923
vt 0.36426 0.72116
f 3298/7851 3489/7913 3564/8170
vt 0.61318 0.33644
f 3281/7563 3468/8171 3499/7711
vt 0.58351 0.35524
vt 0.58422 0.35246
f 3416/8172 3522/8173 3564/8155
vt 0.35508 0.77174
f 3416/8126 3446/8105 3522/8174
f 3364/7886 3356/7885 3430/8104
vt 0.88223 0.84961
f 3394/7757 3331/8175 3465/8156
vt 0.98674 0.58397
vt 0.98724 0.58400
vt 0.98724 0.58463
f 3331/8176 3441/8177 3465/8178
f 3422/7965 3450/7950 3181/7348
f 3382/8030 3492/8169 3364/7922
f 3248/7375 3372/7966 3412/8086
vt 0.72010 0.52534
vt 0.72059 0.52445
f 3361/7831 3451/8179 3565/8180
f 3374/7045 3532/7919 3577/8101
vt 0.49692 0.51244
vt 0.50021 0.51123
vt 0.49893 0.51295
f 3429/8181 3442/8182 3450/8183
vt 0.89803 0.36521
f 3320/8159 3481/8184 3490/8160
f 3354/7341 3459/7561 3556/7712
vt 0.51137 0.51316
vt 0.51203 0.51149
f 3408/8185 3452/7964 3386/8186
vt 0.12770 0.82742
f 3357/8027 3560/8187 3619/7715
vt 0.74051 0.90594
vt 0.74081 0.90519
vt 0.74195 0.90536
f 3326/8188 3512/8189 3582/8190
vt 0.96494 0.81922
vt 0.96434 0.81875
f 3358/8191 3436/7894 3388/8192
f 3212/7195 3456/8092 3294/7841
vt 0.93466 0.56693
vt 0.93467 0.56599
vt 0.93538 0.56637
f 3519/8193 3501/8194 3495/8195
vt 0.61455 0.33363
f 3348/7409 3568/8163 3581/8196
f 3348/7409 3581/8196 3281/7563
vt 0.98442 0.32223
vt 0.98473 0.32290
vt 0.98422 0.32287
f 3372/8197 3473/8198 3491/8199
vt 0.89038 0.68971
vt 0.89079 0.69147
vt 0.88872 0.69130
f 3421/8200 3378/8201 3528/8202
vt 0.48979 0.53714
f 3448/7578 3471/7901 3506/8203
vt 0.67799 0.21186
vt 0.67871 0.21281
f 3285/7771 3501/8204 3513/8205
vt 0.99018 0.05514
vt 0.99040 0.05550
vt 0.99018 0.05557
f 3501/8206 3460/8207 3513/8208
vt 0.81510 0.83651
vt 0.81381 0.83452
vt 0.81579 0.83362
f 3587/8209 3363/8210 3520/8211
vt 0.46096 0.47756
vt 0.46034 0.47388
vt 0.46159 0.47336
f 3555/8212 3525/8213 3439/8214
vt 0.49832 0.66580
vt 0.49941 0.66616
vt 0.49784 0.66690
f 3340/8215 3467/8216 3401/8217
vt 0.83589 0.34787
f 3392/7484 3407/8218 3423/7687
vt 0.34031 0.78453
f 3236/8088 3470/7956 3494/8219
f 3417/8005 3400/8079 3549/8015
vt 0.78601 0.34834
f 3236/7731 3494/8220 3483/8149
vt 0.21338 0.07016
f 3438/7395 3809/8221 3743/7871
f 3361/7831 3565/8180 3471/7975
f 3286/8064 3540/8083 3473/8065
vt 0.49721 0.51104
f 3429/8181 3339/8222 3442/8182
vt 0.58568 0.35301
f 3522/8173 3405/8223 3564/8155
vt 0.29773 0.75589
f 3294/7841 3456/8092 3572/8224
vt 0.88441 0.85067
vt 0.88511 0.84936
vt 0.88575 0.85031
f 3390/8225 3465/8226 3563/8227
f 2992/6748 3743/7871 3418/7727
f 3400/8079 3547/8081 3549/8015
vt 0.45975 0.48477
vt 0.45707 0.48364
vt 0.45956 0.48239
f 3372/8228 3714/8229 3412/8230
vt 0.73462 0.20423
f 3410/7517 3380/8231 3637/7828
f 3426/7608 3474/8125 3442/8127
vt 0.45967 0.44581
vt 0.45871 0.44672
vt 0.45864 0.44362
f 3440/8232 3573/8233 3539/8234
vt 0.68104 0.20982
vt 0.68117 0.20996
vt 0.68119 0.21024
f 3445/8235 3443/8236 3444/8237
f 3285/7771 3513/8205 3409/7862
f 3334/7574 3424/8020 3575/8124
vt 0.07058 0.54240
f 3449/7936 3729/8238 3312/7978
vt 0.67753 0.21489
f 3409/7862 3513/8205 3598/8239
vt 0.50949 0.51253
vt 0.50872 0.51097
f 3386/8186 3452/8240 3487/8241
vt 0.82543 0.34604
vt 0.82601 0.34655
f 3523/8242 3370/8016 3436/8243
vt 0.46030 0.44743
vt 0.45985 0.44903
vt 0.45856 0.44844
f 3573/8244 3447/8245 3606/8246
vt 0.94046 0.24450
vt 0.94020 0.24280
vt 0.94219 0.24383
f 3414/8247 3576/8248 3333/8249
vt 0.93329 0.56913
vt 0.93253 0.56789
f 3419/8114 3528/8250 3434/8251
vt 0.36231 0.72082
f 3298/7851 3564/8170 3405/8252
vt 0.94950 0.88275
f 3385/8130 3401/8132 3536/8253
vt 0.50151 0.88932
vt 0.50176 0.88792
f 3442/8254 3474/8255 3450/8165
vt 0.58537 0.35859
f 3397/8033 3463/8256 3382/8030
vt 0.50752 0.51405
f 3452/7964 3265/7435 3458/8257
vt 0.15258 0.08778
f 3355/7405 3218/7313 3453/8258
f 3564/8155 3463/8256 3397/8033
vt 0.58429 0.34217
vt 0.58637 0.34240
vt 0.58465 0.34596
f 3509/8259 3535/8260 3508/8261
vt 0.46022 0.45433
vt 0.45850 0.45365
vt 0.45941 0.44990
f 3478/8262 3604/8263 3447/8264
vt 0.47232 0.85816
f 3270/7577 3371/8265 3428/7916
vt 0.01581 0.91112
f 3523/8266 3436/7892 3375/7929
vt 0.95681 0.50685
f 3298/7995 3405/8267 3543/7996
vt 0.45978 0.45779
vt 0.46078 0.46047
vt 0.45862 0.45958
f 3503/8268 3432/8269 3578/8270
vt 0.45313 0.42473
f 3367/7460 3801/7662 3766/8271
vt 0.96650 0.29600
vt 0.96758 0.29590
vt 0.96784 0.29665
f 3285/8272 3409/8273 3427/8274
vt 0.96631 0.29622
f 3285/8272 3427/8274 3460/8275
vt 0.26432 0.82923
f 3379/7651 3600/8276 3371/8115
vt 0.45325 0.44455
vt 0.45241 0.44541
f 3485/8277 3395/7725 3682/8278
f 3252/7614 3349/7976 3558/8147
f 3218/7313 3631/7726 3453/8258
vt 0.74083 0.90838
vt 0.74250 0.90762
f 3424/8279 3582/8190 3579/8280
vt 0.46098 0.46542
vt 0.45969 0.46541
f 3432/8269 3493/8281 3580/8282
vt 0.93435 0.31765
vt 0.93410 0.31777
vt 0.93394 0.31675
f 3443/8283 3444/8284 3537/8285
vt 0.98774 0.58188
vt 0.98763 0.58147
vt 0.98772 0.58161
f 3443/8286 3537/8287 3461/8288
vt 0.68150 0.21057
f 3443/8236 3461/8289 3444/8237
vt 0.96664 0.29754
f 3460/8275 3427/8274 3513/8290
vt 0.77706 0.26279
f 3406/7437 3544/8291 3346/7686
vt 0.35155 0.78511
f 3356/7885 3644/8292 3430/8104
vt 0.67472 0.22378
f 3337/7779 3668/8293 3415/7764
vt 0.35156 0.79108
vt 0.35140 0.78872
f 3448/7932 3506/8294 3615/8295
f 3448/7932 3615/8295 3356/7885
vt 0.67601 0.39394
f 3414/7928 3485/7927 3576/8296
vt 0.52464 0.41647
vt 0.52666 0.41482
f 3502/7854 3346/8297 3544/8298
vt 0.73785 0.24196
f 3457/7899 3569/7889 3621/8299
f 3391/7508 3673/8141 3325/7982
vt 0.83699 0.30930
f 3205/7774 3464/8300 3313/7904
vt 0.50787 0.51277
f 3452/8240 3458/8301 3487/8241
vt 0.81378 0.83202
f 3363/8210 3377/8302 3520/8211
vt 0.72812 0.20044
f 3433/7601 3648/8303 3560/8129
vt 0.96359 0.81862
f 3388/8192 3436/7894 3530/8304
vt 0.49942 0.66744
f 3467/8216 3537/8305 3401/8217
vt 0.25842 0.68990
f 3415/7824 3668/8306 3475/7825
vt 0.50306 0.88530
f 3450/8165 3474/8255 3482/8307
vt 0.05870 0.37622
f 3244/7299 3462/7915 3663/8308
vt 0.93435 0.56951
f 3419/8114 3610/8309 3528/8250
vt 0.50389 0.88812
f 3450/8165 3482/8307 3435/8310
vt 0.72782 0.20116
f 3433/7601 3637/7828 3648/8311
vt 0.46361 0.42536
f 3399/7917 3613/7544 3742/8312
vt 0.25312 0.94829
vt 0.25451 0.94881
vt 0.25324 0.95015
f 3423/8313 3514/8314 3542/8315
vt 0.45945 0.48592
f 3372/8228 3491/8316 3714/8229
vt 0.46084 0.46993
f 3439/8214 3525/8213 3476/8317
vt 0.05469 0.37414
f 3376/7728 3244/7299 3516/8318
vt 0.47588 0.52984
f 3459/7561 3779/8319 3556/7712
f 3432/8269 3580/8282 3578/8270
vt 0.46884 0.52352
f 3402/7339 3472/7953 3693/8320
vt 0.72152 0.52370
f 3471/7975 3565/8180 3526/8321
vt 0.50483 0.51205
f 3458/8301 3482/8322 3487/8241
f 3359/7384 3479/8109 3550/8044
f 3265/7435 3482/7939 3458/8257
vt 0.48088 0.53246
f 3459/7561 3650/8323 3779/8319
vt 0.47410 0.52573
f 3420/7713 3556/7712 3608/8324
vt 0.54882 0.15102
f 3417/7993 3454/8026 3665/8325
vt 0.99017 0.18535
vt 0.99038 0.18550
vt 0.99023 0.18587
f 3375/8326 3384/8327 3589/8328
vt 0.01564 0.91150
f 3375/7929 3589/8329 3523/8266
vt 0.74221 0.24327
f 3321/7554 3607/8330 3569/7889
vt 0.45101 0.44432
f 3485/8277 3682/8278 3488/8331
vt 0.50221 0.51112
vt 0.50473 0.51073
f 3474/8332 3496/8333 3482/8322
vt 0.82696 0.34709
f 3436/8243 3370/8016 3530/8334
vt 0.68049 0.21091
f 3444/8237 3461/8289 3495/8335
vt 0.93401 0.31893
vt 0.93262 0.31805
f 3444/8284 3495/8336 3588/8337
f 3444/8284 3588/8337 3537/8285
f 3409/7862 3598/8239 3489/7912
f 3487/8241 3482/8322 3496/8333
vt 0.89574 0.07116
f 3336/8082 3552/8338 3540/8083
vt 0.68429 0.21063
vt 0.68224 0.20988
f 3467/8100 3643/8339 3537/8340
vt 0.93406 0.32018
vt 0.93290 0.31999
f 3495/8336 3501/8341 3531/8342
vt 0.07832 0.72938
f 3532/7919 3428/7827 3466/8343
f 3255/7259 3627/7645 3541/7870
vt 0.05279 0.37236
f 3376/7728 3534/8344 3455/7888
vt 0.34315 0.78494
f 3494/8219 3470/7956 3641/8345
vt 0.83358 0.34714
f 3423/7687 3542/8346 3481/8058
vt 0.68173 0.21293
f 3396/7770 3495/8335 3518/8347
f 3396/7770 3518/8347 3501/8072
vt 0.47120 0.85939
f 3428/7916 3371/8265 3466/8348
vt 0.87712 0.57971
vt 0.87812 0.58237
f 3449/8349 3558/8153 3652/8350
vt 0.87702 0.58191
f 3449/8349 3652/8350 3729/8351
f 3495/8335 3461/8289 3518/8347
vt 0.98028 0.18011
vt 0.98046 0.18059
vt 0.97988 0.18119
f 3434/8352 3567/8353 3470/8354
vt 0.89811 0.36652
vt 0.89734 0.36754
f 3481/8355 3593/8356 3490/8160
vt 0.83255 0.30666
vt 0.83250 0.30859
vt 0.83160 0.30748
f 3570/8357 3497/8358 3568/8359
vt 0.99009 0.46424
vt 0.99014 0.46469
vt 0.98968 0.46454
f 3421/8360 3528/8361 3510/8362
vt 0.78151 0.26311
vt 0.78058 0.26671
f 3399/8363 3742/8364 3507/7925
vt 0.48295 0.66742
f 3404/7989 3530/7988 3441/8365
vt 0.81408 0.82920
f 3377/8302 3492/8366 3520/8211
vt 0.35165 0.78118
f 3446/8105 3430/8104 3737/8367
vt 0.47295 0.52490
f 3420/7713 3566/8368 3603/8008
vt 0.58505 0.34908
vt 0.58620 0.34998
f 3500/8369 3479/8370 3522/8173
vt 0.67052 0.38965
vt 0.67283 0.38914
f 3488/8371 3626/8372 3485/7927
f 3417/7993 3665/8325 3480/8168
f 3522/8173 3479/8370 3405/8223
vt 0.58718 0.34661
f 3500/8369 3508/8261 3550/8373
vt 0.82798 0.34481
f 3370/8016 3599/8374 3530/8334
vt 0.35528 0.76810
vt 0.35313 0.76638
vt 0.35486 0.76603
f 3500/8375 3616/8376 3508/8377
vt 0.95985 0.47106
vt 0.95911 0.47267
vt 0.95939 0.47105
f 3313/8378 3656/8379 3570/8380
vt 0.93492 0.56813
f 3419/8114 3519/8381 3610/8309
vt 0.45934 0.45634
f 3478/8262 3651/8382 3604/8263
vt 0.49159 0.53872
f 3471/7901 3526/8383 3506/8203
f 3423/8313 3407/8062 3514/8314
vt 0.06914 0.56378
f 3205/7535 3633/7549 3464/8384
f 3487/8070 3496/8128 3431/7856
vt 0.47060 0.52381
f 3603/8008 3693/8385 3472/8102
vt 0.45858 0.44177
vt 0.45618 0.44095
f 3274/8386 3539/8234 3612/8387
vt 0.36575 0.72069
f 3489/7913 5844/8388 3564/8170
vt 0.96428 0.54748
vt 0.96514 0.54843
vt 0.96411 0.54914
f 3481/8389 3542/8390 3624/8391
vt 0.26219 0.74245
vt 0.26322 0.74208
vt 0.26316 0.74271
f 3511/8392 3398/8393 3617/8394
vt 0.95309 0.10220
vt 0.95306 0.10065
vt 0.95446 0.10194
f 3511/8395 3617/8396 3504/8397
vt 0.45932 0.47947
vt 0.45973 0.48137
f 3412/8230 3552/8398 3336/8399
vt 0.52998 0.41625
f 3387/7855 3502/7854 3704/8400
f 3430/8104 3644/8292 3737/8367
vt 0.18898 0.86453
vt 0.18768 0.86394
f 3483/8142 3675/8401 5844/8402
f 3508/8261 3535/8260 3550/8373
vt 0.64085 0.95969
vt 0.64237 0.96106
vt 0.64125 0.96152
f 3489/8403 3598/8404 5844/8405
vt 0.25467 0.94780
f 3407/8062 3469/8406 3514/8314
vt 0.03623 0.36453
vt 0.03742 0.36602
vt 0.03574 0.36544
f 3481/8407 3624/8408 3593/8409
vt 0.20508 0.07357
f 3418/7727 3743/7871 4042/8410
vt 0.43955 0.42674
vt 0.43869 0.42526
f 3499/7478 3468/8411 3581/8412
f 3281/7563 3581/8196 3468/8171
vt 0.66163 0.85344
vt 0.66082 0.85166
f 3395/7943 3333/8413 3529/8414
vt 0.34183 0.78648
f 3494/8219 3641/8345 3676/8415
vt 0.32932 0.94754
vt 0.32971 0.94707
vt 0.33047 0.94841
f 3384/8416 3523/8417 3584/8418
vt 0.32983 0.94805
f 3384/8416 3584/8418 3589/8419
f 3420/7713 3608/8324 3566/8368
vt 0.67559 0.39044
f 3485/7927 3626/8372 3817/8420
vt 0.67085 0.38747
f 3488/8371 3698/8421 3626/8372
vt 0.95085 0.20170
vt 0.95033 0.20366
vt 0.95015 0.20240
f 3376/8422 3516/8423 3534/8424
f 3437/7216 3732/7972 3562/7406
f 3483/8142 5844/8402 3318/7867
vt 0.30016 0.75672
f 3456/8092 3625/8425 3572/8224
vt 0.94231 0.24223
f 3333/8249 3576/8248 3639/8426
vt 0.93342 0.66621
vt 0.93460 0.66377
f 3519/8427 3385/8035 3536/8428
f 3454/8026 3563/8025 3665/8325
vt 0.01918 0.93281
vt 0.01609 0.93206
vt 0.01860 0.92915
f 3508/8429 3601/8430 3509/8431
f 3537/8340 3643/8339 3461/8289
vt 0.68953 0.22618
f 3457/7878 3621/8432 3673/8141
vt 0.07078 0.55858
f 3633/7549 3527/7493 3884/8433
vt 0.83552 0.30830
f 3313/7904 3464/8300 3656/8434
f 3550/8373 3479/8370 3500/8369
vt 0.03883 0.36650
f 3469/7421 3782/7960 3514/8435
vt 0.73031 0.96046
vt 0.73112 0.96184
vt 0.73023 0.96226
f 3528/8436 3567/8437 3434/8438
vt 0.82798 0.34133
f 3547/8081 3664/8439 3549/8015
f 3406/7437 3507/7925 3544/8291
vt 0.30079 0.75577
f 3545/8440 3625/8425 3456/8092
vt 0.54280 0.15212
f 3572/8077 3629/8441 3609/7931
vt 0.46046 0.42484
f 3613/7544 3767/8442 3742/8312
f 3367/7460 3766/8271 3613/7544
vt 0.07230 0.54732
f 3425/8150 3312/7978 3895/8443
vt 0.89630 0.07301
f 3540/8083 3552/8338 3554/8444
vt 0.08513 0.72855
f 3369/7879 3577/8101 3730/8445
vt 0.08541 0.73059
f 3369/7879 3730/8445 3467/8446
vt 0.81380 0.82604
vt 0.81523 0.82590
f 3382/8447 3521/8448 3492/8366
f 3370/8016 3549/8015 3599/8374
vt 0.78830 0.34685
f 3483/8149 3494/8220 3675/8449
vt 0.96467 0.54960
f 3624/8391 3542/8390 3514/8450
vt 0.89653 0.07670
f 3540/8083 3553/8451 3473/8065
vt 0.45773 0.44966
f 3447/8264 3604/8263 3606/8452
vt 0.05624 0.68983
vt 0.05689 0.69113
f 3349/8453 3486/8022 3699/8454
f 3356/7885 3615/8295 3644/8292
vt 0.89721 0.36152
vt 0.89570 0.36143
f 3398/8455 3505/8161 3557/8456
f 3402/7339 3693/8320 3607/8151
vt 0.68016 0.21353
f 3501/8072 3518/8347 3694/8457
vt 0.98614 0.80224
vt 0.98638 0.80334
vt 0.98600 0.80292
f 3501/8458 3694/8459 3531/8460
vt 0.46193 0.46791
vt 0.46044 0.46807
vt 0.46113 0.46621
f 3413/8461 3517/8462 3493/8463
vt 0.48243 0.53247
f 3459/7561 3747/8143 3647/8464
vt 0.82602 0.33768
f 3510/8080 3528/8465 3547/8081
vt 0.05106 0.37408
f 3455/7888 3534/8344 3684/8466
vt 0.35177 0.77313
vt 0.35180 0.76976
f 3522/8174 3571/8467 3654/8468
f 3522/8174 3654/8468 3500/8375
vt 0.97679 0.01925
vt 0.97653 0.02007
vt 0.97580 0.01934
f 3456/8469 3480/8470 3545/8471
vt 0.88288 0.84732
vt 0.88424 0.84794
f 3465/8156 3441/8472 3566/8473
vt 0.81386 0.82397
f 3382/8447 3463/8474 3521/8448
f 3152/7032 3533/7524 3631/7726
f 3552/8398 3412/8230 3714/8229
vt 0.66308 0.84884
f 3682/8475 3395/7943 3529/8414
f 3425/8150 3895/8443 3636/8000
f 3500/8375 3654/8468 3616/8376
vt 0.96496 0.18143
vt 0.96361 0.18242
vt 0.96442 0.18112
f 3473/8476 3635/8477 3491/8478
f 3502/7854 3544/8298 3704/8400
vt 0.58650 0.35719
f 3463/8256 3564/8155 3646/8479
vt 0.35169 0.77683
f 3446/8105 3737/8367 3666/8480
vt 0.95531 0.10132
vt 0.95471 0.09949
f 3553/8481 3504/8397 3635/8482
f 3446/8105 3666/8480 3571/8467
f 3446/8105 3571/8467 3522/8174
vt 0.45927 0.48743
vt 0.45581 0.48663
f 3491/8316 3512/8483 3538/8484
vt 0.74115 0.90333
vt 0.74125 0.90461
f 3491/8485 3582/8190 3512/8486
f 3491/8316 3538/8484 3714/8229
vt 0.75071 0.72192
vt 0.74972 0.72317
vt 0.74916 0.72229
f 3427/8487 3611/8488 3513/8489
f 3495/8336 3531/8342 3588/8337
vt 0.01804 0.93319
f 3508/8429 3616/8490 3601/8430
vt 0.46162 0.48467
vt 0.46060 0.48264
vt 0.46195 0.48239
f 3553/8491 3540/8492 3477/8493
f 3459/7561 3647/8464 3650/8323
vt 0.93350 0.31544
vt 0.93289 0.31623
f 3537/8494 3588/8337 3632/8495
vt 0.45732 0.45814
f 3503/8268 3578/8270 3583/8496
vt 0.46090 0.48083
f 3477/8493 3540/8492 3554/8497
vt 0.45958 0.46656
f 3493/8463 3517/8462 3580/8498
vt 0.54499 0.15187
vt 0.54373 0.14927
f 3480/8168 3708/8499 3545/8500
f 3484/7178 3703/8045 3393/7620
vt 0.68606 0.21042
f 3467/8100 3730/8501 3643/8339
vt 0.77859 0.26564
f 3507/7925 3742/8364 3548/8502
vt 0.45932 0.47545
f 3525/8213 3555/8212 3561/8503
vt 0.18609 0.86434
f 3318/7867 5844/8402 3688/8504
vt 0.58695 0.35277
f 3405/8223 3479/8370 3543/8505
vt 0.93516 0.66498
f 3519/8427 3536/8428 3602/8506
vt 0.93459 0.66728
f 3519/8427 3602/8506 3610/8507
vt 0.67526 0.22506
f 3337/7779 3672/8508 3668/8293
vt 0.34338 0.78343
f 3470/7956 3567/8509 3641/8345
vt 0.45773 0.46183
f 3580/8282 3590/8510 3578/8270
vt 0.89624 0.06794
vt 0.89637 0.06877
f 3561/8511 3555/8512 3552/8338
f 3337/7779 3585/7954 3672/8508
vt 0.91706 0.58555
vt 0.91718 0.58651
vt 0.91619 0.58485
f 3465/8513 3566/8514 3584/8515
f 3480/8168 3665/8325 3708/8499
f 3090/6998 3498/7973 3121/7367
vt 0.96904 0.22423
vt 0.96913 0.22525
vt 0.96822 0.22484
f 3424/8516 3579/8517 3622/8518
vt 0.47188 0.52544
f 3603/8008 3566/8368 3671/8519
vt 0.45825 0.48892
f 3512/8483 3575/8520 3538/8484
vt 0.75085 0.72378
f 3427/8487 3318/8521 3611/8488
vt 0.46030 0.46888
vt 0.45935 0.46879
f 3517/8522 3476/8317 3559/8523
vt 0.94349 0.22263
vt 0.94523 0.22409
vt 0.94398 0.22364
f 3517/8524 3559/8525 3653/8526
vt 0.50868 0.93207
vt 0.51102 0.93382
vt 0.50943 0.93395
f 3503/8527 3583/8528 3651/8529
vt 0.65918 0.85327
f 3333/8413 3639/8530 3529/8414
vt 0.45846 0.47150
f 3476/8317 3525/8213 3592/8531
vt 0.45834 0.46885
f 3476/8317 3592/8531 3559/8532
vt 0.97616 0.61378
vt 0.97574 0.61276
vt 0.97642 0.61251
f 3534/8533 3634/8534 3684/8535
vt 0.96441 0.18346
f 3473/8476 3553/8536 3635/8477
vt 0.67963 0.21256
f 3531/8537 3694/8457 3513/8205
vt 0.46001 0.48011
f 3554/8497 3552/8538 3555/8212
f 3561/8503 3592/8531 3525/8213
vt 0.96593 0.29811
vt 0.96625 0.29820
f 3531/8539 3513/8290 3611/8540
vt 0.45927 0.47554
vt 0.45710 0.47851
f 3561/8541 3552/8398 3769/8542
f 3461/8289 3643/8339 3518/8347
vt 0.11754 0.09644
f 3462/8023 3562/7406 3660/8543
vt 0.83424 0.31007
f 3570/8357 3656/8544 3497/8358
vt 0.91599 0.58683
f 3566/8514 3608/8545 3584/8515
vt 0.81747 0.83193
f 3520/8211 3492/8366 3594/8546
vt 0.81437 0.82191
vt 0.81635 0.82221
f 3463/8474 3646/8547 3695/8548
vt 0.97618 0.18227
vt 0.97607 0.18298
vt 0.97566 0.18291
f 5844/8549 3646/8550 3564/8551
vt 0.95015 0.15863
vt 0.95094 0.15980
vt 0.95005 0.16051
f 3560/8552 3648/8553 3692/8554
vt 0.89559 0.36315
f 3505/8161 3579/8555 3557/8456
vt 0.45672 0.44414
f 3539/8234 3551/8556 3612/8387
f 3527/7493 3636/8000 3884/8433
vt 0.82718 0.33786
f 3547/8081 3528/8465 3610/8557
vt 0.74283 0.90586
f 3579/8280 3582/8190 3557/8558
vt 0.33054 0.94663
f 3523/8417 3605/8559 3584/8418
vt 0.88990 0.69259
f 3378/8201 3567/8560 3528/8202
vt 0.93257 0.31596
vt 0.93276 0.31542
f 3537/8494 3632/8561 3401/8562
vt 0.45921 0.49085
vt 0.45612 0.49120
f 3424/8563 3659/8564 3575/8520
f 3539/8234 3573/8233 3551/8556
f 3766/8271 3767/8442 3613/7544
vt 0.03853 0.36756
f 3514/8435 3700/8565 3624/8408
vt 0.82806 0.34015
f 3547/8081 3595/8566 3664/8439
vt 0.48813 0.66871
vt 0.48429 0.66964
f 3530/7988 3599/8567 3674/8568
vt 0.32971 0.95031
vt 0.33112 0.94905
f 3465/8569 3584/8418 3563/8570
vt 0.47431 0.52724
f 3608/8324 3556/7712 3681/8571
vt 0.05553 0.37552
f 3244/7299 3780/8572 3516/8318
vt 0.34022 0.78706
f 3494/8219 3676/8415 3720/8573
vt 0.45842 0.49181
f 3424/8563 3622/8574 3659/8564
f 3011/7030 3418/7727 4042/8410
f 3355/7405 3453/8258 3703/8045
vt 0.04429 0.37329
f 3066/6989 3860/8575 3782/7960
vt 0.24547 0.68666
f 3546/8089 3591/7797 3814/8576
vt 0.45793 0.46491
f 3580/8282 3574/8577 3590/8510
vt 0.89045 0.69306
f 3378/8201 3609/8578 3567/8560
f 3549/8015 3664/8439 3599/8374
vt 0.03939 0.36840
f 3514/8435 3782/7960 3758/8579
vt 0.98266 0.43631
vt 0.98229 0.43571
vt 0.98276 0.43575
f 3566/8580 3441/8581 3671/8582
vt 0.91483 0.58403
f 3584/8515 3608/8545 3586/8583
vt 0.73403 0.20656
vt 0.73227 0.20633
f 3380/8231 3550/8584 3697/8585
f 3380/8231 3697/8585 3637/7828
vt 0.96722 0.01681
vt 0.96618 0.01732
vt 0.96621 0.01516
f 3663/8586 3462/8587 3660/8588
vt 0.95393 0.10029
f 3504/8397 3617/8396 5843/8589
f 3066/6989 3455/7888 3860/8575
vt 0.89527 0.36447
f 3505/8161 3490/8160 3597/8590
f 3505/8161 3597/8590 3579/8555
vt 0.05389 0.69169
vt 0.05448 0.69467
f 3558/8591 3699/8454 3652/8592
vt 0.77758 0.26456
vt 0.77785 0.26380
f 3507/7925 3669/8593 3544/8594
vt 0.59040 0.34421
f 3535/8260 3697/8595 3550/8373
vt 0.43443 0.42527
vt 0.43502 0.42419
f 3581/8412 3568/8596 3497/8597
vt 0.74342 0.90351
f 3491/8485 3635/8598 3582/8190
f 3492/8366 3521/8448 3594/8546
vt 0.91582 0.58315
f 3584/8515 3586/8583 3589/8599
vt 0.95675 0.62235
vt 0.95718 0.62439
vt 0.95596 0.62274
f 3629/8600 3572/8601 3625/8602
vt 0.49246 0.53912
vt 0.48992 0.54031
vt 0.49188 0.53823
f 3451/8603 3705/8604 3565/8605
vt 0.91602 0.58240
vt 0.91510 0.58201
f 3523/8606 3589/8599 3605/8607
vt 0.72775 0.20285
f 3637/7828 3645/8608 3648/8311
vt 0.48959 0.53882
f 3506/8203 3526/8383 3630/8609
f 3504/8397 5843/8589 3635/8482
f 3463/8474 3695/8548 3521/8448
vt 0.28480 0.96280
vt 0.28448 0.96227
vt 0.28572 0.96161
f 3567/8610 3623/8611 3641/8612
vt 0.45611 0.43963
vt 0.45330 0.43961
f 3451/8613 3612/8387 3705/8614
vt 0.78853 0.34797
vt 0.78892 0.34686
f 5844/8615 3675/8449 3646/8616
vt 0.68341 0.21499
f 3643/8339 3923/8617 3518/8347
f 3576/8296 3485/7927 3817/8420
f 3530/7988 3674/8568 3441/8365
vt 0.60211 0.34155
vt 0.60009 0.34146
vt 0.60151 0.33815
f 3506/8618 3678/8619 3615/8620
vt 0.26469 0.74173
vt 0.26564 0.74307
f 3557/8621 3773/8622 3398/8393
vt 0.53999 0.15082
vt 0.54069 0.15069
vt 0.53994 0.15297
f 3623/8623 3567/8624 3763/8625
vt 0.13094 0.82443
f 3600/8032 3619/7715 3716/8626
vt 0.93295 0.64975
vt 0.93459 0.65101
vt 0.93328 0.65124
f 3545/8627 3657/8628 3625/8629
f 3398/8393 3773/8622 3617/8394
vt 0.59913 0.33750
f 3615/8620 3678/8619 3594/8630
vt 0.49578 0.66785
vt 0.49578 0.66933
f 3536/8631 3401/8217 3632/8632
vt 0.12764 0.82547
f 3619/7715 3560/8187 3692/8633
f 3552/8398 3714/8229 3769/8542
vt 0.07085 0.56348
f 3633/7549 3618/8634 3464/8384
vt 0.99162 0.59836
vt 0.99162 0.59894
vt 0.99138 0.59852
f 3536/8635 3595/8636 3602/8637
vt 0.45553 0.44789
f 3573/8233 3606/8246 3783/8638
vt 0.45607 0.44562
f 3573/8233 3783/8638 3639/8639
vt 0.44244 0.42240
f 3499/7478 3581/8412 3917/8640
f 3499/7478 3917/8640 3801/7662
vt 0.96930 0.22719
f 3579/8517 3597/8641 3622/8518
f 3514/8435 3758/8579 3700/8565
vt 0.54321 0.15106
f 3545/8500 3708/8499 3657/8642
vt 0.74711 0.72316
vt 0.74797 0.72204
f 3611/8488 3588/8643 3531/8644
vt 0.26499 0.82636
f 3600/8276 3640/8645 3371/8115
vt 0.45814 0.46774
f 3580/8498 3517/8462 3653/8646
vt 0.66040 0.84931
f 3529/8414 3740/8647 3682/8475
f 3551/8556 3573/8233 3639/8639
f 3244/7299 3663/8308 3780/8572
vt 0.33117 0.94778
f 3584/8418 3731/8648 3563/8570
vt 0.67855 0.22609
f 3585/7954 3325/7982 3741/8649
vt 0.94095 0.24105
f 3576/8248 3551/8650 3639/8426
vt 0.67344 0.38646
f 3698/8421 3891/8651 3626/8372
vt 0.94899 0.33122
vt 0.94835 0.33194
vt 0.94730 0.33206
f 3593/8652 3624/8653 3649/8654
f 3558/8591 3349/8453 3699/8454
f 3486/8022 3661/8021 3699/8454
vt 0.45582 0.47320
f 3592/8531 3561/8541 3738/8655
vt 0.69374 0.82108
vt 0.69594 0.82193
vt 0.69385 0.82362
f 3546/8656 3814/8657 3661/8658
vt 0.48738 0.66989
f 3599/8567 3715/8659 3674/8568
f 3561/8541 3769/8542 3738/8655
vt 0.45651 0.45306
vt 0.45639 0.45151
f 3604/8263 3614/8660 3628/8661
vt 0.96813 0.68349
vt 0.96881 0.68262
vt 0.96895 0.68349
f 3565/8662 3630/8663 3526/8664
f 3567/8624 3609/7931 3763/8625
vt 0.74334 0.90475
f 3582/8190 3635/8598 3557/8665
vt 0.45661 0.45682
f 3604/8263 3707/8666 3614/8660
vt 0.96860 0.22719
f 3597/8641 3775/8667 3622/8518
vt 0.75019 0.72451
f 3611/8488 3318/8521 3623/8668
vt 0.45656 0.44951
f 3604/8263 3628/8661 3620/8669
f 3556/7712 3779/8319 3681/8571
vt 0.05323 0.37285
vt 0.05335 0.37501
vt 0.05211 0.37386
f 3534/8670 3516/8671 3634/8672
vt 0.48217 0.66842
f 3441/8365 3674/8568 3671/8673
vt 0.48962 0.53886
f 3565/8605 3705/8604 3630/8674
vt 0.16964 0.08361
f 3515/7231 3411/7625 3855/8675
f 3515/7231 3855/8675 3533/7524
vt 0.82886 0.33795
vt 0.82964 0.33814
vt 0.82859 0.33917
f 3536/8676 3632/8677 3595/8678
vt 0.18596 0.86357
f 3318/7867 3688/8504 3623/8679
f 3604/8263 3620/8669 3606/8452
vt 0.45698 0.45935
f 3578/8270 3590/8510 3734/8680
f 3578/8270 3734/8680 3583/8496
vt 0.19845 0.07497
f 3195/7298 3011/7030 3751/8681
vt 0.98108 0.25100
vt 0.98177 0.25080
vt 0.98106 0.25192
f 3507/8682 3548/8683 3669/8684
vt 0.47853 0.53246
f 3779/8319 3650/8323 3799/8685
vt 0.97869 0.80968
vt 0.97921 0.80875
vt 0.97956 0.80956
f 5844/8686 3642/8687 3688/8688
vt 0.93734 0.16506
vt 0.93707 0.16727
vt 0.93632 0.16696
f 3590/8689 3574/8690 3739/8691
vt 0.64233 0.96283
f 5844/8405 3598/8404 3642/8692
vt 0.62247 0.53950
vt 0.62154 0.54176
vt 0.62017 0.53779
f 3509/8693 3689/8694 3535/8695
vt 0.45495 0.44213
f 3612/8387 3551/8556 3576/8696
vt 0.26456 0.74443
f 3617/8394 3773/8622 3723/8697
vt 0.96137 0.44961
vt 0.96268 0.44814
vt 0.96210 0.44965
f 3617/8698 3683/8699 5843/8700
vt 0.96151 0.44785
f 3617/8698 3723/8701 3683/8699
vt 0.03525 0.36597
vt 0.03583 0.36636
vt 0.03412 0.36614
f 3593/8702 3649/8703 3490/8704
vt 0.52936 0.41490
f 3544/8298 3596/8705 3704/8400
vt 0.33082 0.94601
vt 0.33121 0.94661
f 3584/8418 3605/8706 3731/8707
vt 0.18653 0.08231
f 3541/7870 4104/8708 3352/7980
vt 0.74933 0.72489
vt 0.74745 0.72519
f 3611/8488 3696/8709 3670/8710
f 3611/8488 3670/8710 3588/8643
vt 0.82976 0.33960
f 3595/8678 3702/8711 3664/8439
vt 0.78616 0.34593
f 3494/8220 3720/8712 3675/8449
f 3623/8668 3696/8709 3611/8488
vt 0.45350 0.44133
f 3612/8387 3576/8696 3815/8713
vt 0.65818 0.85190
f 3529/8414 3639/8530 3754/8714
vt 0.12831 0.82307
f 3692/8633 3717/8715 3619/7715
vt 0.82794 0.33792
f 3610/8557 3602/8716 3547/8081
vt 0.91490 0.58527
f 3608/8545 3755/8717 3586/8583
vt 0.53957 0.15146
f 3623/8623 3763/8625 3696/8718
f 3195/7298 3751/8681 3627/7645
vt 0.45677 0.44931
f 3606/8246 3620/8719 3783/8638
vt 0.45825 0.46648
f 3580/8498 3653/8646 3574/8720
vt 0.75038 0.73599
vt 0.74818 0.73476
vt 0.74995 0.73373
f 3563/8721 3731/8722 3665/8723
vt 0.74397 0.90434
f 3557/8665 3635/8598 3773/8724
vt 0.74389 0.90367
f 3635/8598 3748/8725 3773/8724
f 3651/8382 3583/8496 3707/8666
vt 0.67680 0.39276
f 3576/8296 3817/8420 3848/8726
vt 0.91468 0.58296
f 3589/8599 3586/8583 3731/8727
f 3602/8716 3595/8566 3547/8081
f 3589/8599 3731/8727 3605/8607
vt 0.81746 0.82665
f 3521/8448 3713/8728 3594/8546
vt 0.12241 0.09715
vt 0.11904 0.09714
f 3562/7406 4005/8729 3724/8730
vt 0.45565 0.46815
f 3592/8531 3658/8731 3559/8532
vt 0.72998 0.20612
f 3637/7828 3697/8585 3828/8732
vt 0.45776 0.49354
f 3622/8574 3679/8733 3659/8564
vt 0.01568 0.92940
f 3509/8431 3601/8430 3689/8734
vt 0.45083 0.44579
vt 0.44863 0.44458
f 3488/8331 3682/8735 3698/8736
vt 0.48532 0.53660
f 3587/8140 3638/8737 3747/8143
vt 0.46544 0.52475
f 3693/8320 3918/8738 3607/8151
vt 0.93732 0.16170
vt 0.93598 0.16421
vt 0.93637 0.16190
f 3583/8739 3734/8740 3707/8741
f 3590/8689 3739/8691 3734/8740
vt 0.54127 0.15355
f 3609/7931 3629/8441 3727/8742
f 3609/7931 3727/8742 3763/8625
vt 0.08236 0.72726
f 3532/7919 3466/8343 3788/8743
vt 0.09530 0.77970
vt 0.09611 0.77748
vt 0.09656 0.78005
f 3647/8744 3687/8745 3650/8746
f 3577/8101 3532/7919 3788/8743
f 3612/8387 3815/8713 3705/8614
vt 0.25604 0.69352
f 3668/8306 3910/8747 3475/7825
f 3438/7395 3704/8071 3809/8221
vt 0.81596 0.82078
f 3646/8547 3756/8748 3695/8548
vt 0.28459 0.96119
f 3623/8611 3667/8749 3641/8612
vt 0.91502 0.58750
vt 0.91460 0.58670
f 3608/8545 3681/8750 3755/8751
vt 0.74885 0.73229
vt 0.74963 0.73180
f 3665/8723 3718/8752 3708/8753
vt 0.89411 0.36620
f 3490/8160 3775/8754 3597/8590
vt 0.97265 0.94725
vt 0.97208 0.94680
vt 0.97221 0.94529
f 3614/8755 3776/8756 3628/8757
f 3604/8263 3651/8382 3707/8666
vt 0.46875 0.52674
f 3603/8008 3671/8519 3837/8758
f 3603/8008 3837/8758 3693/8385
vt 0.81773 0.83662
f 3520/8211 3678/8759 3587/8209
vt 0.74649 0.72417
f 3588/8643 3670/8710 3760/8760
vt 0.94824 0.33281
vt 0.94725 0.33412
f 3624/8761 3700/8762 3649/8654
vt 0.74572 0.72400
f 3588/8643 3760/8760 3632/8763
vt 0.07619 0.72720
vt 0.07734 0.72619
vt 0.07708 0.72735
f 3648/8764 3645/8765 3692/8766
vt 0.13128 0.09600
f 3121/7367 4071/8767 3732/7972
vt 0.93276 0.65294
f 3629/8768 3625/8629 3657/8628
vt 0.68955 0.22884
f 3621/8432 3655/8769 3673/8141
vt 0.28413 0.96126
f 3623/8611 3688/8770 3667/8749
vt 0.73755 0.24576
f 3621/8299 3569/7889 3876/8771
f 3559/8532 3658/8731 3653/8646
vt 0.59140 0.34206
f 3535/8260 3846/8772 3697/8595
vt 0.07271 0.54358
f 3312/7978 3729/8773 3895/8443
f 3595/8678 3632/8677 3702/8711
f 3619/7715 3717/8715 3716/8626
vt 0.45544 0.45429
f 3614/8660 3707/8666 3776/8774
vt 0.97031 0.10887
vt 0.97070 0.10784
vt 0.97091 0.10952
f 3601/8775 3616/8776 3662/8777
vt 0.52801 0.41374
vt 0.52674 0.41150
vt 0.52862 0.41233
f 3669/8778 3548/8779 3820/8780
vt 0.45712 0.42047
f 3767/8442 3766/8271 3797/8781
vt 0.82915 0.34222
f 3664/8439 3702/8711 3680/8782
vt 0.48522 0.53955
f 3506/8203 3630/8609 3861/8783
vt 0.48693 0.53745
f 3506/8203 3861/8783 3678/8784
vt 0.39641 0.94789
vt 0.39690 0.94610
vt 0.39808 0.94757
f 3642/8785 3598/8786 3745/8787
vt 0.45743 0.46652
f 3653/8646 3658/8731 3574/8788
f 3587/8140 3678/8784 3638/8737
vt 0.58086 0.89008
vt 0.57933 0.88974
vt 0.58096 0.88809
f 3647/8789 3747/8790 3687/8791
vt 0.47223 0.86089
f 3466/8348 3371/8265 3690/8792
vt 0.47126 0.86101
f 3466/8348 3690/8792 3677/8793
vt 0.98867 0.37191
vt 0.98867 0.37107
vt 0.98903 0.37162
f 3599/8794 3664/8795 3680/8796
f 3562/7406 3724/8730 3660/8543
vt 0.45563 0.46509
f 3574/8788 3658/8731 3739/8797
vt 0.57846 0.88696
vt 0.58078 0.88433
f 3687/8791 3725/8798 3733/8799
vt 0.95347 0.70195
vt 0.95387 0.70394
vt 0.95291 0.70296
f 3672/8800 3585/8801 3710/8802
vt 0.09605 0.77439
vt 0.09835 0.77557
f 3733/8803 3686/8804 3687/8745
vt 0.53970 0.15213
f 3763/8625 3667/8805 3696/8718
vt 0.07800 0.72751
f 3466/8343 3677/8806 3788/8743
f 3544/8298 3669/8778 3596/8705
vt 0.60061 0.33494
f 3615/8620 3594/8630 3644/8807
vt 0.45551 0.44933
f 3620/8719 3786/8808 3783/8638
vt 0.25898 0.69156
f 3668/8306 3672/8809 3910/8747
vt 0.35151 0.77198
f 3571/8467 3781/8810 3654/8468
f 3520/8211 3594/8546 3678/8759
vt 0.44822 0.44777
f 3698/8736 3682/8735 3772/8811
vt 0.39646 0.94838
vt 0.39664 0.94881
f 3642/8812 3745/8787 3688/8813
vt 0.72677 0.20453
f 3645/8608 3637/7828 3757/8814
vt 0.26813 0.82563
f 3640/8645 3690/8815 3371/8115
vt 0.99338 0.49615
vt 0.99338 0.49647
vt 0.99312 0.49638
f 3688/8816 3696/8817 3667/8818
vt 0.74222 0.24734
f 3607/8330 3918/8819 3569/7889
vt 0.88913 0.97597
vt 0.88827 0.97672
vt 0.88889 0.97556
f 3646/8820 3711/8821 3756/8822
vt 0.61754 0.54091
vt 0.61555 0.53795
f 3535/8695 3936/8823 3846/8824
vt 0.88938 0.97641
vt 0.88896 0.97668
f 3646/8820 3675/8825 3726/8826
f 3646/8820 3726/8826 3711/8821
vt 0.45352 0.44232
f 3576/8696 3848/8827 3815/8713
vt 0.34304 0.78607
f 3641/8345 3727/8828 3676/8415
vt 0.77851 0.26811
f 3742/8364 3854/8829 3548/8502
vt 0.35147 0.76808
f 3654/8468 3785/8830 3616/8376
f 3633/7549 3884/8433 3618/8634
vt 0.28499 0.96087
vt 0.28556 0.96048
f 3641/8612 3667/8831 3727/8832
vt 0.81751 0.82356
f 3521/8448 3695/8548 3770/8833
vt 0.45523 0.45192
vt 0.45538 0.45002
f 3620/8669 3628/8834 3786/8835
vt 0.05595 0.37723
f 3780/8572 3663/8308 3802/8836
vt 0.58120 0.88106
vt 0.57836 0.88088
f 3735/8837 3733/8799 3875/8838
vt 0.48689 0.54083
f 3630/8609 3947/8839 3861/8783
vt 0.43717 0.42231
f 3581/8412 3497/8597 3728/8840
vt 0.74714 0.73200
f 3665/8723 3731/8722 3749/8841
vt 0.43458 0.42199
f 3497/8597 3656/8842 3728/8840
vt 0.48221 0.67059
f 3671/8673 3674/8568 3823/8843
vt 0.69424 0.82935
vt 0.69572 0.83110
vt 0.69367 0.83222
f 3699/8844 3762/8845 3652/8846
vt 0.58052 0.87919
f 3735/8837 3875/8838 3676/8847
vt 0.09888 0.77851
f 3687/8745 3685/8848 3650/8746
vt 0.45561 0.44599
vt 0.45433 0.44558
f 3639/8849 3783/8638 3754/8850
f 3665/8723 3749/8841 3718/8752
vt 0.07865 0.72736
f 3677/8806 3701/8851 3788/8743
vt 0.07846 0.72667
f 3692/8766 3645/8765 3701/8852
vt 0.16722 0.97596
vt 0.16647 0.97764
vt 0.16639 0.97596
f 3634/8853 3516/8854 3684/8855
f 3347/7396 3855/8675 3411/7625
vt 0.28387 0.96053
vt 0.28460 0.95987
vt 0.28440 0.96068
f 3688/8856 3721/8857 3691/8858
vt 0.39744 0.94924
f 3688/8813 3745/8787 3721/8859
vt 0.95300 0.70535
f 3585/8801 3741/8860 3710/8802
vt 0.95454 0.64802
vt 0.95415 0.65079
vt 0.95344 0.64848
f 3622/8861 3775/8862 3679/8863
vt 0.35153 0.76628
f 3616/8376 3785/8830 3662/8864
f 3592/8531 3738/8655 3658/8731
vt 0.54214 0.15353
f 3629/8441 3791/8865 3727/8742
vt 0.93445 0.65380
vt 0.93400 0.65467
f 3629/8768 3771/8866 3791/8867
vt 0.45294 0.45920
f 3707/8666 3878/8868 3776/8774
vt 0.82931 0.34219
vt 0.82965 0.34321
f 3599/8374 3680/8869 3829/8870
f 3687/8791 3747/8790 3725/8798
f 3011/7030 4042/8410 3751/8681
vt 0.14449 0.09248
f 3393/7620 3703/8045 4056/8871
vt 0.25123 0.69275
vt 0.24702 0.69139
f 3475/7825 4067/8872 4033/8873
vt 0.39856 0.94617
f 3598/8786 3778/8874 3745/8787
vt 0.60965 0.53334
vt 0.60856 0.53113
f 3600/7877 3716/8875 3640/8876
f 3475/7825 4033/8873 3591/7797
f 3667/8831 3691/8858 3727/8832
vt 0.97911 0.97909
vt 0.97906 0.98013
vt 0.97861 0.97944
f 3692/8877 3701/8878 3677/8879
vt 0.34082 0.78871
f 3720/8573 3676/8415 3752/8880
vt 0.74876 0.72575
f 3696/8709 3722/8881 3670/8710
f 3575/8520 3659/8564 3538/8484
vt 0.78888 0.34494
vt 0.78900 0.34597
f 3675/8449 3695/8882 3726/8883
vt 0.09651 0.76831
vt 0.09767 0.76802
vt 0.09668 0.77029
f 3676/8884 3727/8885 3735/8886
vt 0.97361 0.85220
vt 0.97360 0.85313
vt 0.97277 0.85254
f 3696/8887 3750/8888 3722/8889
vt 0.45490 0.45344
vt 0.45340 0.45357
f 3628/8834 3776/8890 3790/8891
vt 0.96276 0.44698
f 3683/8699 3723/8701 3805/8892
vt 0.68213 0.22940
vt 0.67837 0.22680
f 3325/7982 3842/8893 3741/8894
f 3733/8803 3735/8886 3686/8804
vt 0.59874 0.32411
vt 0.59889 0.32674
vt 0.59737 0.32438
f 3571/8895 3666/8896 3847/8897
vt 0.74868 0.73575
vt 0.74856 0.73807
f 3586/8898 3755/8899 3731/8722
vt 0.07794 0.72503
f 3701/8852 3645/8765 3850/8900
vt 0.53891 0.15255
vt 0.53972 0.15260
f 3691/8901 3667/8902 3763/8625
f 3691/8858 3721/8857 3727/8832
vt 0.59740 0.31197
vt 0.59789 0.31460
vt 0.59504 0.31224
f 3689/8903 3601/8904 3851/8905
f 3630/8609 3705/8604 3947/8839
vt 0.73611 0.96028
vt 0.73718 0.95992
vt 0.73671 0.96075
f 3709/8906 3670/8907 3722/8908
vt 0.59978 0.33119
vt 0.59781 0.33238
f 3737/8909 3644/8807 3713/8910
vt 0.67199 0.38570
f 3698/8421 3706/8911 3891/8651
vt 0.03865 0.36909
vt 0.03721 0.36966
vt 0.03583 0.36761
f 3700/8912 3839/8913 3649/8914
f 3644/8807 3594/8630 3713/8910
vt 0.60894 0.53414
f 3640/8876 3716/8875 3969/8915
f 3695/8882 3675/8449 3720/8712
vt 0.95430 0.04944
vt 0.95426 0.05082
vt 0.95325 0.04923
f 5843/8916 3683/8917 3822/8918
vt 0.39843 0.94830
f 3745/8787 3711/8919 3721/8859
vt 0.74699 0.72650
vt 0.74563 0.72540
f 3670/8710 3709/8920 3760/8921
vt 0.52773 0.41020
f 3548/8779 3854/8922 3820/8780
vt 0.09738 0.76727
vt 0.09782 0.76698
f 3727/8885 3721/8923 3746/8924
vt 0.07338 0.54517
f 3729/8773 3761/8925 3895/8443
vt 0.96873 0.10656
vt 0.96836 0.10460
vt 0.96887 0.10535
f 3626/8926 3891/8927 4054/8928
vt 0.73966 0.24872
f 3876/8771 3569/7889 4009/8929
vt 0.09915 0.77971
f 3650/8746 3685/8848 3799/8930
f 3657/8628 3771/8866 3629/8768
vt 0.44558 0.44688
f 3698/8736 3772/8811 3958/8931
vt 0.45549 0.49437
f 3679/8733 3712/8932 3659/8564
vt 0.39860 0.94925
f 3711/8919 3726/8933 3721/8859
f 3521/8448 3770/8833 3713/8728
vt 0.05510 0.69632
vt 0.05354 0.69663
f 3652/8592 3765/8934 3729/8935
f 3562/7406 3732/7972 4005/8729
vt 0.17464 0.08465
f 3347/7396 3524/7974 4023/8936
vt 0.69403 0.82437
vt 0.69647 0.82508
f 3699/8844 3661/8937 3719/8938
f 3661/8937 3814/8657 3719/8938
f 3701/8852 3850/8900 3788/8743
vt 0.67674 0.56172
vt 0.67546 0.56518
vt 0.67502 0.56379
f 3621/8939 3876/8940 3655/8941
vt 0.73604 0.96124
vt 0.73717 0.96159
vt 0.73664 0.96252
f 3709/8942 3722/8943 3736/8944
vt 0.03571 0.36731
vt 0.03407 0.36822
f 3649/8945 3834/8946 3490/8704
vt 0.03473 0.36813
f 3649/8945 3819/8947 3834/8946
vt 0.03231 0.36728
f 3490/8704 3834/8946 3775/8948
vt 0.67588 0.38719
f 3626/8372 4054/8949 3817/8420
vt 0.59666 0.32844
f 3666/8896 3737/8909 3770/8950
vt 0.12695 0.82324
f 3692/8633 3850/8951 3717/8715
vt 0.34021 0.78931
f 3720/8573 3752/8880 3806/8952
vt 0.09835 0.76999
f 3735/8886 3727/8885 3791/8953
vt 0.47227 0.86262
f 3677/8793 3690/8792 3833/8954
vt 0.47109 0.86336
vt 0.47086 0.86174
f 3677/8793 3850/8955 3692/8956
f 3677/8793 3833/8954 3850/8955
f 3686/8804 3685/8848 3687/8745
vt 0.12722 0.09778
f 3732/7972 4060/8957 4005/8729
vt 0.59702 0.32300
f 3571/8895 3847/8897 3781/8958
vt 0.97819 0.57863
vt 0.97808 0.57949
vt 0.97728 0.57897
f 3696/8959 3688/8960 3777/8961
vt 0.85563 0.20011
vt 0.85618 0.19903
vt 0.85653 0.20117
f 3696/8962 3777/8963 3750/8964
f 3455/7888 3684/8466 3860/8575
vt 0.53829 0.15222
vt 0.53796 0.15222
f 3688/8965 3691/8901 3777/8966
vt 0.74758 0.72816
vt 0.74627 0.72860
f 3736/8967 3818/8968 3709/8920
vt 0.97048 0.13204
vt 0.97042 0.13033
vt 0.97128 0.13070
f 3660/8969 3724/8970 3663/8971
vt 0.80692 0.49896
vt 0.80742 0.50024
vt 0.80532 0.50047
f 3718/8972 3826/8973 3708/8974
vt 0.57828 0.87948
f 3676/8847 3875/8838 3752/8975
vt 0.59704 0.31655
vt 0.59446 0.31628
f 3601/8904 3662/8976 3904/8977
vt 0.95393 0.04822
f 5843/8916 3822/8918 3748/8978
vt 0.54251 0.15378
f 3708/8499 3771/8979 3657/8642
vt 0.47234 0.52823
f 3671/8519 3823/8980 3837/8758
f 3529/8414 3754/8714 3740/8647
f 3851/8905 3601/8904 3904/8977
f 3577/8101 3788/8743 3730/8445
vt 0.05284 0.69798
vt 0.05426 0.69776
f 3761/8981 3729/8935 3804/8982
vt 0.03787 0.37020
f 3758/8579 3782/7960 3744/8983
vt 0.13793 0.09438
f 3393/7620 3909/8984 3498/7973
vt 0.09835 0.76821
f 3746/8924 3768/8985 3727/8885
vt 0.97332 0.30732
vt 0.97318 0.30897
vt 0.97212 0.30779
f 3721/8986 3726/8987 3796/8988
vt 0.97256 0.84584
vt 0.97275 0.84552
vt 0.97305 0.84634
f 3726/8989 3695/8990 3808/8991
vt 0.74890 0.73927
vt 0.74827 0.73937
f 3755/8899 3681/8992 3823/8993
vt 0.54065 0.15367
f 3763/8625 3727/8742 3768/8994
vt 0.83584 0.31104
vt 0.83479 0.31153
f 3656/8544 3464/8995 3774/8996
f 3498/7973 3909/8984 3121/7367
vt 0.07352 0.55249
f 3636/8000 3905/8997 3884/8433
vt 0.61871 0.54183
f 3535/8695 3851/8998 3936/8823
vt 0.59563 0.32217
vt 0.59757 0.32018
f 3781/8958 3810/8999 3654/9000
vt 0.09720 0.76601
vt 0.09760 0.76577
f 3721/9001 3753/9002 3746/8924
f 3325/7982 3673/8141 3842/8893
vt 0.78839 0.34355
f 3720/8712 3789/9003 3695/8882
vt 0.85821 0.19898
f 3750/8964 3777/8963 3824/9004
vt 0.48361 0.53707
f 3638/8737 3825/9005 3747/8143
f 3569/7889 3918/8819 4009/8929
vt 0.95299 0.05078
f 3822/8918 3683/8917 3805/9006
vt 0.05609 0.38012
f 3802/8836 3663/8308 4029/9007
vt 0.93085 0.28404
vt 0.92907 0.28488
vt 0.93105 0.28218
f 3700/9008 3758/9009 3839/9010
vt 0.53790 0.15333
f 3777/8966 3691/8901 3753/9011
vt 0.21820 0.07058
f 3704/8071 3836/9012 3809/8221
vt 0.54415 0.15454
f 3771/8979 3708/8499 3901/9013
vt 0.45303 0.45043
f 3786/8835 3628/8834 3803/9014
vt 0.74686 0.73685
f 3755/8899 3674/9015 3731/8722
f 3814/8576 3591/7797 4033/8873
vt 0.53011 0.41433
vt 0.52881 0.41319
f 3596/9016 3669/9017 3820/8780
vt 0.49632 0.66925
vt 0.49534 0.67048
vt 0.49313 0.67037
f 3632/9018 3760/9019 3702/9020
vt 0.68508 0.21280
f 3643/8339 3730/8501 3868/9021
f 3636/8000 3895/8443 3905/8997
vt 0.53896 0.15330
f 3691/8901 3746/9022 3753/9011
vt 0.59669 0.32642
f 3666/8896 3770/8950 3789/9023
vt 0.97350 0.84539
f 3695/8990 3756/9024 3808/8991
f 3691/8901 3763/8625 3746/9022
vt 0.72612 0.20399
f 3645/8608 3757/8814 3850/9025
vt 0.48342 0.67074
f 3674/8568 3755/9026 3823/8843
vt 0.44674 0.44426
f 3698/8736 3958/8931 3706/9027
f 3666/8896 3789/9023 3847/8897
vt 0.59746 0.33078
f 3737/8909 3713/9028 3770/8950
f 3535/8695 3689/8694 3851/8998
f 3628/8834 3790/8891 3803/9014
vt 0.98923 0.04823
vt 0.98954 0.04806
vt 0.98970 0.04840
f 3756/9029 3711/9030 3808/9031
vt 0.78636 0.34392
f 3720/8712 3806/9032 3789/9003
vt 0.09876 0.77200
f 3686/8804 3735/8886 3866/9033
vt 0.09874 0.77389
f 3686/8804 3866/9033 3907/9034
vt 0.47392 0.52786
f 3779/8319 3823/8980 3681/9035
vt 0.43487 0.41983
f 3656/8842 3774/9036 3728/8840
vt 0.90115 0.92979
vt 0.90217 0.93045
vt 0.90113 0.93199
f 3464/9037 3924/9038 3774/9039
vt 0.46999 0.52993
f 3823/8980 4026/9040 3837/8758
vt 0.97264 0.30687
f 3721/8986 3796/8988 3753/9041
vt 0.05752 0.37874
f 3663/8308 3724/9042 4029/9007
vt 0.48993 0.67056
f 3715/8659 3599/8567 3829/9043
vt 0.95729 0.08533
vt 0.95628 0.08408
vt 0.95780 0.08508
f 3711/9044 3745/9045 3808/9046
vt 0.98807 0.93375
vt 0.98845 0.93397
vt 0.98836 0.93429
f 3746/9047 3763/9048 3811/9049
vt 0.09824 0.76734
f 3746/8924 3811/9050 3768/8985
vt 0.90046 0.70978
vt 0.90103 0.71010
vt 0.90095 0.71112
f 3772/9051 3682/9052 3793/9053
f 3637/7828 3828/8732 3757/8814
vt 0.69449 0.83245
f 3652/8846 3762/8845 3765/9054
vt 0.03057 0.36579
vt 0.03038 0.36668
f 3679/9055 3775/8948 3795/9056
vt 0.79719 0.51782
vt 0.79701 0.51608
vt 0.79834 0.51608
f 3773/9057 3748/9058 3816/9059
vt 0.74566 0.73427
f 3731/8722 3674/9015 3715/9060
vt 0.74506 0.73223
f 3731/8722 3829/9061 3749/8841
vt 0.59653 0.31817
f 3654/9000 3810/8999 3785/9062
vt 0.57829 0.88360
f 3875/8838 3733/8799 3840/9063
vt 0.03536 0.36933
f 3649/8945 3839/8913 3819/9064
vt 0.53079 0.41498
vt 0.53137 0.41382
f 3704/9065 3596/9016 3836/9066
f 3699/8844 3719/8938 3762/8845
vt 0.59292 0.34452
f 3697/8595 3846/8772 3828/9067
vt 0.96451 0.52604
vt 0.96366 0.52600
vt 0.96386 0.52524
f 3740/9068 3793/9069 3682/9070
vt 0.67714 0.22984
f 3741/8894 3842/8893 3926/9071
vt 0.02899 0.36417
vt 0.02755 0.36524
f 3679/9072 3795/9056 3712/9073
vt 0.99349 0.08462
vt 0.99341 0.08433
vt 0.99368 0.08433
f 3770/9074 3695/9075 3789/9076
vt 0.45351 0.48208
f 3769/8542 3714/8229 3784/9077
vt 0.62064 0.04257
vt 0.62097 0.04196
vt 0.62221 0.04342
f 3718/9078 3749/9079 3826/9080
vt 0.46079 0.42093
f 3767/8442 3841/9081 3742/8312
vt 0.90782 0.56961
vt 0.90645 0.56873
vt 0.90785 0.56847
f 3768/9082 3844/9083 3763/9084
vt 0.98716 0.00848
vt 0.98683 0.00947
vt 0.98672 0.00844
f 3709/9085 3818/9086 3760/9087
vt 0.48228 0.53662
f 3747/8143 3825/9005 3888/9088
vt 0.19401 0.07970
f 3627/7645 3751/8681 3933/9089
vt 0.03773 0.37293
f 3744/8983 3782/7960 3935/9090
f 3729/8935 3765/8934 3804/8982
f 3643/8339 3868/9021 3923/8617
vt 0.92815 0.28352
f 3758/9009 3744/9091 3839/9010
vt 0.79984 0.51458
f 3773/9057 3816/9059 3813/9092
vt 0.45609 0.45847
vt 0.45586 0.46084
f 3707/9093 3734/9094 3878/8868
vt 0.80550 0.50225
f 3708/8974 3826/8973 3901/9095
vt 0.85495 0.19823
vt 0.85543 0.19714
vt 0.85583 0.19871
f 3745/9096 3778/9097 3777/9098
vt 0.74481 0.72692
vt 0.74425 0.72927
f 3760/9099 3818/8968 3702/9100
f 3662/8976 3785/9062 3904/8977
vt 0.68610 0.21286
f 3730/8501 3792/9101 3868/9021
f 3733/8799 3725/8798 3840/9063
vt 0.11053 0.82374
vt 0.10859 0.82320
vt 0.10921 0.82108
f 3759/9102 3893/9103 3870/9104
vt 0.57799 0.88985
f 3747/8790 3888/9105 3725/8798
f 3347/7396 4023/8936 3855/8675
vt 0.97331 0.85395
f 3750/8888 3844/9106 3722/8889
vt 0.79757 0.51026
vt 0.79802 0.50766
vt 0.79996 0.50791
f 3759/9107 3870/9108 3949/9109
vt 0.45268 0.46432
f 3734/9094 3739/8797 3798/9110
vt 0.14908 0.09294
f 3703/8045 4086/9111 4056/8871
vt 0.90717 0.56815
f 3763/9084 3844/9083 3811/9112
vt 0.97259 0.85332
f 3722/8889 3844/9106 3807/9113
f 3714/8229 3538/8484 3784/9077
vt 0.09854 0.77072
f 3735/8886 3791/9114 3866/9033
vt 0.45296 0.44830
f 3783/8638 3794/9115 3754/8850
vt 0.96617 0.83927
vt 0.96627 0.83701
vt 0.96665 0.83866
f 3759/9116 3857/9117 3764/9118
f 3678/8784 3861/8783 3638/8737
f 3732/7972 4071/8767 4060/8957
vt 0.67538 0.22674
f 3741/8894 3926/9071 3710/9119
vt 0.74574 0.73066
f 3749/8841 3829/9061 3800/9120
vt 0.97203 0.84644
vt 0.97253 0.84719
f 3726/9121 3808/8991 3796/9122
vt 0.83654 0.31162
vt 0.83743 0.31261
vt 0.83583 0.31411
f 3464/9123 3618/9124 3924/9125
vt 0.10795 0.82640
f 3893/9103 3759/9102 3912/9126
vt 0.05265 0.37582
vt 0.05181 0.38020
f 3516/9127 4096/9128 3684/8466
vt 0.53679 0.15380
vt 0.53682 0.15263
f 3753/9011 3872/9129 3777/9130
vt 0.11908 0.10001
f 4005/8729 3874/9131 3724/8730
vt 0.80046 0.51877
f 3773/9057 3813/9092 3929/9132
vt 0.98455 0.23001
vt 0.98482 0.23021
vt 0.98432 0.23097
f 3753/9133 3787/9134 3872/9135
vt 0.85740 0.20119
f 3750/8964 3824/9004 3807/9136
f 3778/9097 3824/9004 3777/8963
vt 0.54249 0.15548
f 3771/8979 3901/9013 3866/9137
vt 0.62262 0.04176
f 3749/9079 3800/9138 3826/9080
vt 0.45208 0.44604
f 3754/8850 3794/9115 3740/9139
f 3731/8722 3715/9060 3829/9061
vt 0.98224 0.91169
vt 0.98274 0.91158
vt 0.98224 0.91235
f 3750/9140 3807/9141 3811/9142
vt 0.97360 0.85397
f 3750/8888 3811/9143 3844/9106
vt 0.26481 0.82371
f 3640/8645 3969/9144 3690/8815
vt 0.95681 0.08302
vt 0.95727 0.08331
f 3745/9045 3777/9145 3821/9146
f 3745/9045 3821/9146 3808/9046
vt 0.47394 0.53258
vt 0.47579 0.53238
f 4000/9147 3779/8319 3867/9148
vt 0.48337 0.53796
f 3638/8737 3861/8783 3825/9149
f 3703/8045 3453/8258 4086/9111
vt 0.45334 0.47725
f 3769/8542 3864/9150 3738/8655
vt 0.79977 0.51042
f 3759/9107 3949/9109 3857/9151
f 3779/8319 4000/9147 3823/8980
vt 0.11027 0.82532
f 3759/9102 3764/9152 3912/9126
vt 0.08148 0.72471
f 3788/8743 3850/8900 3915/9153
vt 0.90764 0.57071
f 3768/9082 3791/9154 3844/9083
vt 0.83151 0.50425
vt 0.83311 0.50275
vt 0.83190 0.50561
f 3768/9155 3863/9156 3791/9157
vt 0.95301 0.04717
f 3748/8978 3822/8918 3816/9158
vt 0.49133 0.67002
f 3680/9159 3702/9020 3829/9043
vt 0.95865 0.86982
vt 0.95961 0.87036
vt 0.95955 0.87180
f 3803/9160 3794/9161 3786/9162
f 3518/8347 3923/8617 3694/8457
vt 0.99279 0.36599
vt 0.99273 0.36632
vt 0.99253 0.36606
f 3808/9163 3787/9164 3796/9165
vt 0.97992 0.56489
vt 0.98006 0.56428
vt 0.98064 0.56460
f 3787/9166 3808/9167 3821/9168
vt 0.98472 0.23063
f 3787/9134 3821/9169 3872/9135
f 3799/8685 3867/9148 3779/8319
vt 0.53743 0.15346
vt 0.53776 0.15382
f 3787/9170 3753/9011 3827/9171
vt 0.05550 0.37860
vt 0.05384 0.37965
vt 0.05453 0.37633
f 3802/9172 3993/9173 3780/9174
f 3767/8442 3797/8781 3841/9081
f 3784/9077 3864/9150 3769/8542
vt 0.97208 0.30685
f 3753/9041 3796/8988 3827/9175
vt 0.25789 0.69540
f 3672/8809 4020/9176 3910/8747
vt 0.43799 0.42221
f 3581/8412 3728/9177 3917/8640
vt 0.54135 0.15491
f 3771/8979 3866/9137 3940/9178
vt 0.54163 0.15412
f 3771/8979 3940/9178 3835/9179
vt 0.83171 0.50306
f 3768/9155 3811/9180 3863/9156
vt 0.96491 0.32150
vt 0.96385 0.32169
vt 0.96375 0.31975
f 3810/9181 3781/9182 3942/9183
vt 0.26927 0.74266
vt 0.26730 0.74392
f 3773/8622 3929/9184 3849/9185
f 3773/8622 3849/9185 3723/8697
f 3820/8780 3836/9066 3596/9016
vt 0.21191 0.07679
f 3743/7871 3809/8221 4354/9186
vt 0.69556 0.83240
f 3762/8845 3948/9187 3765/9054
vt 0.45088 0.44749
f 3740/9139 3794/9115 3859/9188
vt 0.69760 0.82756
f 3762/8845 3719/8938 3975/9189
vt 0.44658 0.41957
f 3766/8271 3801/7662 3853/9190
vt 0.96389 0.52708
f 3740/9068 3859/9191 3793/9069
vt 0.20324 0.96130
vt 0.20350 0.96255
vt 0.20206 0.96237
f 3819/9192 3922/9193 3834/9194
vt 0.98640 0.14678
vt 0.98605 0.14669
vt 0.98595 0.14611
f 3868/9195 3788/9196 3915/9197
vt 0.67229 0.38199
vt 0.67323 0.38381
f 3999/9198 3889/9199 3706/8911
vt 0.68119 0.21662
vt 0.67914 0.21631
f 3694/8457 3830/9200 3778/9201
f 3694/8457 3923/8617 3830/9200
f 3786/8808 3794/9115 3783/8638
vt 0.98324 0.87199
vt 0.98371 0.87200
vt 0.98375 0.87256
f 3806/9202 3752/9203 3913/9204
vt 0.08465 0.72575
f 3730/8445 3788/8743 3792/9205
vt 0.11005 0.82673
f 3764/9152 3816/9206 3912/9126
vt 0.96483 0.31968
f 3810/9181 3942/9183 3897/9207
vt 0.94530 0.04085
vt 0.94449 0.04201
vt 0.94443 0.03989
f 3736/9208 3892/9209 3818/9210
vt 0.68507 0.21294
vt 0.68504 0.21458
f 3868/9211 3812/9212 3923/8617
vt 0.85784 0.19691
f 3778/9097 3830/9213 3824/9004
vt 0.59562 0.34240
f 3846/8772 3880/9214 3828/9067
vt 0.61322 0.54049
vt 0.61044 0.53671
f 3846/8824 3994/9215 3880/9216
vt 0.79807 0.51148
vt 0.79834 0.51456
f 3764/9217 3813/9092 3816/9218
f 3734/9094 3798/9110 3878/8868
f 3782/7960 3860/8575 3935/9090
vt 0.26548 0.74707
f 3723/8697 3849/9185 3869/9219
vt 0.98291 0.91220
f 3807/9141 3838/9220 3811/9142
vt 0.10958 0.82872
f 3816/9206 3822/9221 3912/9126
vt 0.92415 0.42392
vt 0.92367 0.42362
vt 0.92408 0.42230
f 3795/9222 3775/9223 3843/9224
vt 0.92658 0.42327
f 3795/9222 3843/9224 4001/9225
vt 0.98817 0.40255
vt 0.98810 0.40221
vt 0.98835 0.40269
f 3844/9226 3838/9227 3807/9228
f 3627/7645 3933/9089 3541/7870
f 3743/7871 4354/9186 4042/8410
vt 0.04778 0.37790
f 3860/8575 3684/8466 4073/9229
vt 0.85794 0.20235
vt 0.85880 0.20220
vt 0.85811 0.20367
f 3722/9230 3903/9231 3736/9232
f 3716/8875 3880/9216 3969/8915
vt 0.45162 0.45645
f 3790/8891 3776/8774 3979/9233
vt 0.85870 0.20328
f 3736/9232 3903/9231 3892/9234
vt 0.97919 0.55440
vt 0.97885 0.55531
vt 0.97861 0.55418
f 3805/9235 3831/9236 3822/9237
f 3706/8911 3889/9199 3891/8651
vt 0.98876 0.98204
vt 0.98867 0.98167
vt 0.98892 0.98167
f 3796/9238 3787/9239 3865/9240
vt 0.98906 0.98182
f 3796/9238 3865/9240 3827/9241
vt 0.13103 0.82130
f 3716/8626 3717/8715 3880/9242
vt 0.95051 0.00653
vt 0.95169 0.00945
vt 0.95003 0.00835
f 3765/9243 3948/9244 3804/9245
f 3722/9230 3807/9136 3903/9231
vt 0.11855 0.09949
f 3724/8730 3874/9131 4017/9246
vt 0.77999 0.27090
f 3742/8364 4049/9247 3854/8829
vt 0.45041 0.45206
f 3790/8891 3894/9248 3803/9014
vt 0.59668 0.32642
vt 0.59522 0.32545
vt 0.59673 0.32418
f 3789/9249 3927/9250 3847/9251
vt 0.85850 0.20099
f 3807/9136 3858/9252 3903/9231
vt 0.83215 0.50184
f 3811/9180 3827/9253 3863/9156
vt 0.59608 0.32727
vt 0.59587 0.32936
vt 0.59296 0.32745
f 3789/9254 3806/9255 3871/9256
vt 0.91829 0.48521
vt 0.91623 0.48516
vt 0.91710 0.48352
f 3775/9257 3898/9258 3843/9259
vt 0.90806 0.56693
vt 0.90749 0.56645
vt 0.90815 0.56653
f 3827/9260 3845/9261 3787/9262
f 3801/7662 3917/8640 3853/9190
vt 0.90758 0.56712
vt 0.90693 0.56683
f 3827/9263 3811/9112 3845/9264
f 3818/8968 3800/9120 3702/9100
vt 0.10988 0.83201
vt 0.10700 0.83242
vt 0.10885 0.82970
f 3723/9265 3869/9266 3805/9267
vt 0.59410 0.32224
vt 0.59299 0.32019
f 3810/8999 3897/9268 4007/9269
vt 0.83215 0.51199
vt 0.83451 0.51164
vt 0.83392 0.51445
f 3686/9270 3919/9271 3685/9272
vt 0.59473 0.31878
f 3785/9062 3810/8999 3852/9273
f 3785/9062 3852/9273 3904/8977
vt 0.07308 0.56232
f 3618/8634 3884/8433 3883/9274
vt 0.94323 0.04197
f 3818/9210 3892/9209 3941/9275
vt 0.97913 0.54788
vt 0.97930 0.54879
vt 0.97858 0.54905
f 3805/9276 3991/9277 3831/9278
vt 0.45287 0.49444
f 3659/8564 3712/8932 4040/9279
f 3810/8999 4007/9269 3852/9273
vt 0.92815 0.28158
f 3744/9091 5845/9280 3839/9010
vt 0.45224 0.43996
vt 0.45017 0.44130
vt 0.44975 0.43963
f 3705/9281 3970/9282 3947/9283
vt 0.99261 0.72352
vt 0.99273 0.72391
vt 0.99247 0.72391
f 3787/9284 3845/9285 3865/9286
vt 0.79962 0.51135
f 3764/9217 3857/9287 3813/9092
vt 0.12751 0.82230
f 3850/8951 3757/9288 3717/8715
f 3807/9136 3824/9004 3858/9252
vt 0.80181 0.51647
f 3929/9132 3813/9092 4031/9289
vt 0.08340 0.72592
f 3788/8743 3868/9290 3792/9205
vt 0.21775 0.07321
f 3836/9012 4163/9291 3809/8221
vt 0.54382 0.15648
f 3901/9013 3920/9292 3866/9137
f 3800/9120 3829/9061 3702/9100
vt 0.03466 0.36967
vt 0.03303 0.36932
f 3834/8946 3922/9293 3898/9294
vt 0.72774 0.20621
f 3828/8732 3902/9295 3757/8814
vt 0.98469 0.23105
f 3872/9135 3821/9169 3865/9296
vt 0.16419 0.08945
f 3533/7524 3855/8675 4053/9297
f 3693/8320 3837/8758 3918/8738
vt 0.43781 0.41949
f 3728/9177 3881/9298 3917/8640
vt 0.46334 0.42243
f 3742/8312 3841/9081 4049/9299
vt 0.45148 0.44895
f 3794/9115 3803/9014 4034/9300
vt 0.45102 0.45042
f 3803/9014 3894/9248 3882/9301
vt 0.83418 0.50951
f 3686/9270 3907/9302 3919/9271
vt 0.90606 0.57027
vt 0.90531 0.56956
f 3844/9083 3835/9303 3908/9304
vt 0.83727 0.31430
f 3618/9124 3883/9305 3924/9125
vt 0.45266 0.47201
f 3738/8655 3864/9150 3930/9306
vt 0.59393 0.32992
f 3806/9255 3913/9307 3871/9256
vt 0.94377 0.04045
f 3800/9308 3818/9210 3941/9275
vt 0.90579 0.56673
f 3811/9112 3887/9309 3845/9264
vt 0.10495 0.83179
f 3805/9267 3869/9266 3991/9310
vt 0.67784 0.39102
f 3817/8420 4054/8949 3848/9311
f 3776/8774 3878/8868 3979/9233
vt 0.94004 0.64825
vt 0.93999 0.64543
vt 0.94083 0.64677
f 3825/9312 3977/9313 3888/9314
f 3393/7620 4056/8871 3909/8984
vt 0.90212 0.71185
vt 0.90191 0.71417
f 3859/9315 4018/9316 3793/9053
vt 0.83290 0.50063
f 3827/9253 3865/9317 3863/9156
vt 0.18178 0.08472
f 3524/7974 3960/9318 4023/8936
f 3658/8731 3738/8655 3930/9306
vt 0.59407 0.33181
vt 0.59443 0.33465
vt 0.59309 0.33147
f 3875/9319 3840/9320 3956/9321
vt 0.47642 0.53265
vt 0.47825 0.53347
vt 0.47807 0.53469
f 3867/9322 3799/9323 3685/9324
vt 0.90597 0.56810
f 3811/9112 3838/9325 3887/9309
vt 0.03499 0.37143
vt 0.03534 0.37034
f 3744/8983 3976/9326 5845/9327
vt 0.44580 0.44476
vt 0.44289 0.44452
f 3706/9328 3958/8931 3999/9329
vt 0.67441 0.22611
vt 0.67498 0.22886
f 3672/9330 3710/9119 4020/9331
vt 0.26853 0.82388
f 3690/8815 3969/9144 3833/9332
vt 0.53627 0.15405
f 3777/9130 3872/9129 3856/9333
vt 0.95789 0.08267
f 3777/9145 3856/9334 3821/9146
vt 0.12726 0.82174
f 3757/9288 3832/9335 3717/8715
vt 0.07975 0.72414
f 3850/8900 3946/9336 3915/9153
vt 0.24464 0.69000
f 3814/8576 4033/8873 3953/9337
vt 0.02930 0.36746
f 3795/9056 4001/9338 3712/9073
vt 0.43757 0.41970
f 3774/9036 3881/9339 3728/8840
vt 0.68928 0.23269
f 3655/8769 4058/9340 3673/8141
vt 0.59492 0.33866
vt 0.59214 0.33806
f 3725/9341 3919/9342 3840/9320
vt 0.62468 0.04383
f 3800/9138 3941/9343 3826/9080
vt 0.83325 0.50522
f 3791/9157 3863/9156 3877/9344
f 3803/9014 3882/9301 4034/9300
f 3631/7726 3533/7524 4053/9297
vt 0.15817 0.09137
f 3453/8258 3631/7726 3938/9345
vt 0.99396 0.97444
vt 0.99398 0.97421
vt 0.99415 0.97444
f 3845/9346 3872/9347 3865/9348
vt 0.98512 0.80591
vt 0.98547 0.80552
vt 0.98535 0.80655
f 3791/9349 3877/9350 3866/9351
f 3524/7974 3352/7980 3960/9318
vt 0.52915 0.41198
vt 0.53118 0.41008
f 3820/8780 3854/9352 4256/9353
vt 0.05304 0.37962
f 3516/9127 3993/9354 4096/9128
vt 0.95788 0.08326
f 3821/9146 3856/9334 3865/9355
f 3834/8946 3898/9294 3775/8948
f 3744/8983 3935/9090 3976/9326
vt 0.67293 0.56748
f 3655/8941 3876/8940 4058/9356
vt 0.05762 0.37960
vt 0.05779 0.38146
f 3724/9357 4017/9358 4029/9007
f 3658/8731 3930/9306 3798/9110
vt 0.47079 0.86458
vt 0.47157 0.86532
f 3832/9359 3850/8955 3932/9360
vt 0.69875 0.82256
f 3814/8657 3899/9361 3719/8938
vt 0.92430 0.41960
f 3843/9224 3849/9362 4001/9225
vt 0.61620 0.54197
f 3846/8824 3936/8823 3959/9363
f 3780/9174 3993/9354 3516/9127
vt 0.02593 0.36811
vt 0.02408 0.36587
f 3712/9073 3873/9364 4040/9365
vt 0.45244 0.44199
f 3705/9281 3815/9366 3970/9282
vt 0.90505 0.57024
f 3835/9303 3911/9367 3908/9304
vt 0.94539 0.04328
vt 0.94470 0.04415
vt 0.94431 0.04298
f 3835/9368 3940/9369 3911/9370
vt 0.53765 0.15373
vt 0.53796 0.15459
f 3845/9371 3886/9372 3872/9129
vt 0.10693 0.82860
f 3822/9221 3831/9373 3912/9126
vt 0.45281 0.49149
f 3659/8564 3964/9374 3538/8484
vt 0.45185 0.44380
f 3815/9366 3848/9375 3970/9282
vt 0.59610 0.32344
f 3847/9251 3927/9250 3781/9376
f 3789/9254 3871/9256 3927/9250
vt 0.80206 0.51097
f 3813/9092 3857/9151 3862/9377
vt 0.68272 0.21702
f 3923/8617 3937/9378 3830/9200
f 3658/8731 3798/9110 3739/8797
vt 0.61024 0.54025
f 3880/9216 3994/9215 4150/9379
vt 0.10605 0.82443
f 3893/9103 3912/9126 4030/9380
vt 0.59479 0.33073
f 3752/9381 3875/9319 3913/9307
vt 0.45260 0.48701
f 3538/8484 3964/9374 3939/9382
vt 0.85888 0.19783
f 3824/9004 3830/9213 3934/9383
vt 0.91804 0.48137
vt 0.91639 0.48094
f 3849/9384 3843/9259 3869/9385
vt 0.95880 0.20875
vt 0.95881 0.20820
vt 0.95984 0.20753
f 3865/9386 3856/9387 3944/9388
vt 0.45114 0.44808
f 3794/9115 4034/9300 3859/9389
vt 0.54138 0.15554
f 3866/9137 3877/9390 3940/9178
vt 0.85891 0.19879
f 3824/9004 3934/9383 3890/9391
f 3846/8824 3959/9363 3994/9215
f 3823/8980 4000/9147 4026/9040
vt 0.26788 0.82116
f 3833/9332 3969/9144 4039/9392
vt 0.26960 0.74401
f 3929/9184 4006/9393 3849/9185
vt 0.83288 0.50673
vt 0.83378 0.50684
f 3866/9394 3995/9395 3907/9302
vt 0.67855 0.38849
f 3848/9311 4054/8949 3971/9396
vt 0.98693 0.96765
vt 0.98714 0.96791
vt 0.98686 0.96842
f 3865/9397 3944/9398 3871/9399
vt 0.83358 0.50031
vt 0.83524 0.50066
f 3865/9400 3871/9401 3863/9156
vt 0.94990 0.21766
vt 0.95040 0.21772
vt 0.95060 0.21945
f 3824/9402 3890/9403 3858/9404
f 3820/8780 4256/9353 3836/9066
f 3673/8141 4058/9340 3842/8893
vt 0.72695 0.20619
vt 0.72653 0.20524
f 3757/8814 3902/9405 3832/9406
vt 0.45141 0.48234
f 3784/9077 3906/9407 3864/9150
f 3631/7726 4053/9297 3938/9345
f 3121/7367 3909/8984 4071/8767
vt 0.68273 0.23333
f 3842/8893 4058/9340 4004/9408
vt 0.56520 0.37365
vt 0.56388 0.37490
vt 0.56348 0.37359
f 3859/9409 4034/9410 4018/9411
vt 0.83411 0.50409
f 3863/9156 3962/9412 3877/9344
vt 0.59350 0.33015
f 3913/9413 3875/9319 3956/9321
vt 0.95052 0.22038
vt 0.95090 0.22110
vt 0.95060 0.22161
f 3903/9414 3896/9415 3892/9416
vt 0.07568 0.55709
f 3884/8433 3905/8997 4130/9417
vt 0.07788 0.72386
vt 0.07790 0.72282
vt 0.07843 0.72325
f 3832/9418 3902/9419 3946/9420
vt 0.77842 0.26967
f 3854/8829 4049/9247 3879/9421
vt 0.59620 0.34417
f 3828/9067 3880/9214 3885/9422
vt 0.59540 0.34602
f 3828/9067 3885/9422 3902/9423
vt 0.90005 0.71266
f 3793/9053 4018/9316 3931/9424
f 3475/7825 3910/8747 4067/8872
f 3659/8564 4040/9279 3964/9374
vt 0.92664 0.41930
f 3849/9362 4006/9425 4001/9225
vt 0.90171 0.93336
vt 0.90072 0.93458
f 3774/9039 4082/9426 3881/9427
vt 0.45206 0.47514
f 3864/9150 3954/9428 3930/9306
vt 0.90893 0.24563
vt 0.90685 0.24664
vt 0.90700 0.24403
f 3870/9429 3990/9430 3949/9431
f 3712/9073 4001/9338 3873/9364
vt 0.16912 0.08764
f 3855/8675 4093/9432 4053/9297
vt 0.12931 0.82098
f 3880/9242 3717/8715 3885/9433
f 3850/8955 3833/8954 3932/9360
f 3684/8466 4096/9128 4073/9229
f 3832/9418 3946/9420 3850/8900
vt 0.59417 0.31655
vt 0.59154 0.31297
f 3851/8905 3904/9434 4081/9435
vt 0.45290 0.41689
f 3853/9190 4123/9436 3766/8271
vt 0.90488 0.56818
f 3838/9325 3844/9083 3858/9437
vt 0.45092 0.47743
f 3864/9150 3906/9407 3925/9438
vt 0.97005 0.91317
vt 0.97096 0.91237
vt 0.97015 0.91417
f 3868/9439 3915/9440 3983/9441
vt 0.95365 0.06290
vt 0.95306 0.06078
vt 0.95428 0.06148
f 3868/9442 3983/9443 3812/9444
f 3844/9083 3908/9304 3858/9437
vt 0.90493 0.56994
f 3911/9367 3892/9445 3908/9304
vt 0.53825 0.15405
vt 0.53885 0.15467
f 3845/9446 3928/9447 3886/9372
vt 0.85682 0.20026
vt 0.85801 0.20015
vt 0.85713 0.20136
f 3845/9448 3887/9449 3928/9450
vt 0.90557 0.56551
vt 0.90467 0.56623
f 3943/9451 3887/9309 3890/9452
vt 0.54224 0.15671
f 3920/9292 3995/9453 3866/9137
f 3887/9309 3838/9325 3890/9452
vt 0.99419 0.26870
vt 0.99419 0.26843
vt 0.99435 0.26846
f 3908/9454 3892/9455 3896/9456
f 3538/8484 3939/9382 3906/9407
f 3538/8484 3906/9407 3784/9077
vt 0.69901 0.82125
f 3814/8657 3953/9457 3899/9361
vt 0.59417 0.32340
f 3781/9376 3927/9250 3942/9458
vt 0.60894 0.53672
f 3969/8915 3880/9216 3952/9459
vt 0.12273 0.10211
f 4005/8729 4060/8957 4317/9460
vt 0.12729 0.82095
f 3717/8715 3832/9335 3932/9461
f 3838/9325 3858/9437 3890/9452
vt 0.98251 0.02037
vt 0.98220 0.02016
vt 0.98223 0.01969
f 3877/9462 3996/9463 3940/9464
vt 0.95025 0.21539
vt 0.95043 0.21490
vt 0.95055 0.21584
f 3830/9465 3937/9466 3934/9467
vt 0.83469 0.50297
vt 0.83407 0.50413
f 3863/9156 3914/9468 3962/9469
vt 0.62363 0.04592
f 3941/9343 3965/9470 3826/9080
vt 0.95030 0.00999
f 3948/9244 3900/9471 3804/9245
vt 0.44956 0.44311
f 3848/9375 3971/9472 3970/9282
vt 0.68441 0.21583
f 3923/8617 3812/9212 3981/9473
vt 0.56489 0.41774
vt 0.56280 0.41549
vt 0.56478 0.41227
f 3964/9474 4012/9475 3939/9476
vt 0.67403 0.38548
vt 0.67629 0.38358
f 4054/8949 3891/9477 4055/9478
vt 0.80801 0.50300
f 3826/8973 3965/9479 3901/9095
vt 0.20353 0.07835
f 3751/8681 4042/8410 4166/9480
vt 0.59415 0.34114
f 3725/9341 3888/9481 3919/9342
f 3352/7980 4104/8708 3960/9318
f 3867/9148 3685/9324 4000/9147
vt 0.59308 0.32910
f 3913/9307 3914/9482 3871/9256
vt 0.59155 0.32683
vt 0.59075 0.32766
vt 0.59210 0.32600
f 3872/9483 3886/9484 3856/9485
vt 0.73759 0.24899
f 3876/8771 4009/8929 4021/9486
vt 0.67435 0.56889
f 3876/8940 4021/9487 4058/9356
f 3710/9119 3926/9071 4020/9331
vt 0.96505 0.55268
vt 0.96409 0.55289
vt 0.96426 0.55166
f 3896/9488 3940/9489 3908/9490
vt 0.85906 0.20219
vt 0.85876 0.20121
vt 0.86007 0.20132
f 3903/9491 3858/9492 3916/9493
vt 0.85891 0.20324
vt 0.85999 0.20376
f 3896/9494 3903/9491 3941/9495
vt 0.85904 0.20369
f 3896/9494 3941/9495 3911/9496
vt 0.56549 0.40903
vt 0.56423 0.40971
f 3906/9497 3939/9476 3951/9498
f 3903/9491 3916/9493 3941/9495
vt 0.89999 0.71098
f 3793/9053 3931/9424 3772/9499
vt 0.59212 0.33488
f 3840/9320 3907/9500 3956/9321
vt 0.85802 0.20181
f 3887/9449 3908/9501 3928/9450
f 3840/9320 3919/9342 3907/9500
vt 0.96508 0.55321
f 3911/9502 3940/9489 3896/9488
vt 0.83412 0.50561
f 3877/9344 3962/9412 3956/9503
vt 0.59273 0.31167
f 3851/8905 4081/9435 3936/9504
vt 0.45086 0.46954
f 3798/9110 3930/9306 4035/9505
vt 0.90478 0.56462
f 3890/9452 3934/9506 3943/9451
vt 0.96442 0.55008
vt 0.96486 0.55013
f 3908/9490 3887/9507 3858/9508
vt 0.85871 0.19975
f 3858/9492 3887/9509 3916/9493
vt 0.47252 0.86547
f 3833/8954 4039/9510 3932/9360
vt 0.03943 0.37557
f 3860/8575 4186/9511 3935/9090
vt 0.68398 0.21696
f 3923/8617 3981/9473 3968/9512
f 4005/8729 4317/9460 3874/9131
vt 0.77848 0.12981
vt 0.77949 0.13130
vt 0.77678 0.13288
f 3854/9513 3879/9514 4256/9515
vt 0.94400 0.04263
f 3892/9209 3911/9516 3941/9275
vt 0.81430 0.77909
vt 0.81605 0.77875
vt 0.81451 0.78038
f 3772/9517 3931/9518 4015/9519
vt 0.80115 0.51565
f 4031/9289 3813/9092 4027/9520
vt 0.98375 0.40755
vt 0.98332 0.40832
vt 0.98337 0.40736
f 3956/9521 3995/9522 3877/9523
vt 0.45109 0.47631
f 3864/9150 3925/9524 3954/9428
vt 0.97241 0.67914
vt 0.97319 0.67862
vt 0.97306 0.68037
f 3856/9525 4050/9526 3944/9527
f 3891/9477 3889/9199 4055/9478
vt 0.95663 0.48968
vt 0.95641 0.48888
vt 0.95735 0.48816
f 3882/9528 3894/9529 4087/9530
vt 0.59164 0.32541
f 3856/9485 3886/9484 4050/9531
vt 0.68343 0.21683
f 3923/8617 3968/9512 3937/9532
vt 0.43241 0.41798
vt 0.43413 0.41736
vt 0.43416 0.41875
f 3924/9533 4082/9534 3774/9535
vt 0.97771 0.78620
vt 0.97718 0.78556
vt 0.97788 0.78536
f 5845/9536 3976/9537 3922/9538
vt 0.59394 0.32522
f 3927/9250 3871/9256 3944/9539
vt 0.95886 0.20512
vt 0.95992 0.20533
vt 0.95867 0.20582
f 3897/9540 3942/9541 3984/9542
vt 0.54091 0.15520
vt 0.54045 0.15598
vt 0.53956 0.15530
f 3940/9543 3996/9544 3928/9545
f 3766/8271 4123/9436 3797/8781
vt 0.10625 0.82137
f 3893/9103 3972/9546 3870/9104
vt 0.07483 0.56014
f 3884/8433 4102/9547 3883/9274
vt 0.07391 0.54549
vt 0.07860 0.54730
f 3895/8443 3761/9548 4048/9549
vt 0.69856 0.82444
f 3719/8938 3899/9361 4038/9550
vt 0.59402 0.31847
f 3852/9551 4007/9269 3904/9434
vt 0.12872 0.82096
f 3717/8715 3932/9461 3885/9552
vt 0.95956 0.20688
f 3984/9542 3942/9541 3944/9553
vt 0.10755 0.82924
vt 0.10476 0.83091
f 3831/9554 3991/9310 3989/9555
vt 0.10473 0.82986
f 3831/9554 3989/9555 4069/9556
vt 0.59643 0.34624
f 3902/9423 3885/9422 3932/9557
vt 0.80911 0.05054
vt 0.80981 0.05067
vt 0.80863 0.05316
f 3962/9558 3914/9559 4115/9560
vt 0.07505 0.54248
f 3761/9548 3804/9561 4048/9549
vt 0.45040 0.45210
vt 0.44866 0.45610
f 3894/9562 3790/8891 4041/9563
vt 0.44849 0.45192
f 3894/9562 4041/9563 3967/9564
vt 0.80188 0.50844
f 3949/9109 3985/9565 3857/9151
vt 0.59680 0.34647
vt 0.59703 0.34763
f 3902/9423 3932/9566 3946/9567
vt 0.67351 0.38027
f 3889/9199 3999/9198 4138/9568
vt 0.46558 0.52922
f 3918/8738 3837/8758 4132/9569
f 3857/9151 3985/9565 3862/9377
vt 0.54097 0.15626
vt 0.54056 0.15715
f 3877/9570 3995/9453 3955/9571
f 3877/9570 3955/9571 3996/9544
f 3863/9156 3871/9401 3914/9468
vt 0.81040 0.05140
f 3914/9559 3913/9572 4115/9560
vt 0.98873 0.87085
vt 0.98867 0.87031
vt 0.98908 0.87074
f 3898/9573 3922/9574 3921/9575
vt 0.92696 0.42218
f 4001/9225 4006/9425 3957/9576
vt 0.59180 0.33418
f 3956/9321 3907/9500 3995/9577
vt 0.58919 0.32530
f 4050/9531 3886/9484 4078/9578
f 3790/8891 3979/9233 4041/9563
vt 0.48100 0.53837
f 3825/9149 3861/8783 3977/9579
f 3719/8938 4038/9550 3975/9189
vt 0.85729 0.20218
vt 0.85792 0.20323
f 3928/9580 3908/9501 3940/9581
vt 0.59205 0.34097
f 3888/9481 3978/9582 3919/9342
vt 0.59237 0.32341
f 3897/9268 3984/9583 4007/9269
vt 0.91476 0.48336
f 3843/9259 3898/9258 4127/9584
vt 0.59161 0.31151
f 3936/9504 4081/9435 3959/9585
vt 0.95604 0.48734
f 3894/9529 3967/9586 4087/9530
vt 0.69705 0.83152
f 3762/8845 3975/9189 3948/9587
vt 0.77782 0.27182
f 3879/9421 4049/9247 4118/9588
vt 0.95374 0.06000
f 3812/9444 3983/9443 3981/9589
vt 0.45205 0.47411
vt 0.45112 0.47292
f 3930/9306 3954/9590 4028/9591
vt 0.56399 0.41234
vt 0.56212 0.41250
vt 0.56320 0.40967
f 3939/9592 4031/9593 3961/9594
f 3939/9592 4012/9475 4031/9593
vt 0.54058 0.15762
vt 0.54014 0.15965
vt 0.53891 0.15759
f 3956/9595 4014/9596 3913/9597
vt 0.85895 0.19754
vt 0.86028 0.19733
vt 0.85895 0.19882
f 3934/9598 3997/9599 3943/9600
vt 0.97714 0.78507
f 3922/9538 3976/9537 3921/9601
vt 0.59303 0.32495
vt 0.59216 0.32436
f 3944/9602 4050/9603 3984/9583
vt 0.85963 0.19581
f 3937/9604 3997/9599 3934/9598
vt 0.59291 0.34132
f 3888/9481 3977/9605 3978/9582
f 3887/9509 3997/9599 3916/9493
vt 0.59040 0.31584
vt 0.59153 0.31448
f 3904/9434 4046/9606 3998/9607
f 3904/9434 3998/9607 4081/9435
vt 0.94705 0.36730
vt 0.94840 0.36573
vt 0.94918 0.36765
f 3883/9608 4105/9609 3924/9610
vt 0.97083 0.91446
f 3915/9440 3966/9611 3983/9441
f 3927/9250 3944/9539 3942/9458
f 3887/9509 3943/9600 3997/9599
vt 0.83562 0.51446
f 3685/9272 3919/9271 3978/9612
vt 0.97444 0.92523
vt 0.97395 0.92451
vt 0.97532 0.92441
f 3956/9613 3962/9614 4011/9615
vt 0.98185 0.30454
vt 0.98147 0.30529
vt 0.98117 0.30431
f 3954/9616 3945/9617 4028/9618
vt 0.44929 0.44070
f 3970/9282 4145/9619 3947/9283
vt 0.04359 0.37851
f 4073/9229 4089/9620 3860/8575
vt 0.98159 0.38026
vt 0.98105 0.37966
vt 0.98156 0.37880
f 3802/9621 4029/9622 3993/9623
vt 0.19915 0.08065
f 3751/8681 4166/9480 4161/9624
vt 0.19080 0.08461
f 3933/9089 4064/9625 3541/7870
vt 0.53266 0.41159
f 3836/9066 4256/9353 4057/9626
vt 0.56390 0.40532
f 3906/9497 3951/9498 3980/9627
vt 0.56512 0.40376
f 3906/9497 3980/9627 3925/9628
vt 0.44170 0.41648
f 3917/8640 4336/9629 3853/9190
vt 0.47668 0.53723
f 3685/9324 3950/9630 4000/9147
vt 0.86048 0.19504
f 3937/9604 3968/9631 3997/9599
f 3855/8675 4023/8936 4093/9432
f 3893/9103 4030/9380 3972/9546
f 3880/9216 4150/9379 3952/9459
f 3904/9434 4007/9269 4046/9606
vt 0.80158 0.51458
f 3813/9092 3862/9377 4027/9632
vt 0.89396 0.38739
vt 0.89415 0.38503
vt 0.89563 0.38537
f 3939/9633 3961/9634 3951/9635
f 3842/8893 4004/9408 3926/9071
vt 0.94694 0.36547
f 3883/9608 4102/9636 4105/9609
vt 0.44731 0.44988
f 4015/9637 3958/8931 3772/8811
vt 0.44106 0.44809
f 3999/9329 3958/8931 4338/9638
vt 0.90849 0.24846
f 3870/9429 3972/9639 3990/9430
vt 0.98081 0.75269
vt 0.98012 0.75220
vt 0.98097 0.75188
f 3954/9640 3925/9641 3963/9642
vt 0.62722 0.04276
vt 0.62675 0.04491
f 3941/9343 3916/9643 4092/9644
vt 0.08088 0.72315
vt 0.08186 0.72296
f 3915/9153 3992/9645 3966/9646
vt 0.56386 0.40227
f 3925/9628 3980/9627 3963/9647
vt 0.15303 0.09411
f 3453/8258 4255/9648 4086/9111
vt 0.89461 0.44271
vt 0.89517 0.44564
vt 0.89371 0.44662
f 3975/9649 4022/9650 3948/9651
vt 0.91485 0.48112
f 3869/9385 3843/9259 4065/9652
f 3930/9306 4028/9591 4035/9505
vt 0.90546 0.24494
f 3949/9431 3990/9430 3985/9653
vt 0.27132 0.74393
f 3929/9184 4112/9654 4006/9393
vt 0.07947 0.72317
vt 0.08097 0.72281
f 3915/9153 3946/9655 3974/9656
f 3915/9153 3974/9656 3992/9645
vt 0.97498 0.92381
f 3962/9614 3955/9657 4011/9615
f 3881/9298 4336/9629 3917/8640
vt 0.59040 0.32960
vt 0.58942 0.32947
f 3928/9658 4013/9659 3886/9484
vt 0.59031 0.32180
f 3984/9583 4094/9660 4007/9269
vt 0.56388 0.40074
vt 0.56198 0.40377
vt 0.56226 0.40000
f 3954/9661 4051/9662 3945/9663
vt 0.80545 0.50363
f 3920/9664 3901/9095 3965/9479
vt 0.02765 0.37077
f 4001/9338 4141/9665 3873/9364
vt 0.21866 0.07351
f 3836/9012 4057/9666 4163/9291
vt 0.89541 0.44865
f 3948/9651 4022/9650 3900/9667
vt 0.56108 0.40828
f 3961/9594 4031/9593 4003/9668
vt 0.56317 0.40351
f 3963/9669 4051/9662 3954/9661
vt 0.59808 0.34626
f 3932/9566 4039/9670 3946/9567
vt 0.44572 0.45558
f 3967/9564 4041/9563 4113/9671
f 3751/8681 4161/9624 3933/9089
vt 0.13464 0.09965
f 3909/8984 4367/9672 4071/8767
vt 0.10606 0.82718
f 3912/9126 4098/9673 4030/9380
f 3837/8758 4026/9040 4132/9569
vt 0.91490 0.48565
f 3898/9258 3921/9674 4127/9584
vt 0.89483 0.43919
vt 0.89543 0.44123
f 3975/9649 4038/9675 4128/9676
vt 0.81467 0.78220
vt 0.81636 0.78220
f 3967/9677 4015/9519 4068/9678
vt 0.89954 0.71499
f 3931/9424 4018/9316 4193/9679
vt 0.59069 0.33079
vt 0.58955 0.33020
f 3928/9658 3996/9680 4063/9681
vt 0.99408 0.24752
vt 0.99396 0.24715
vt 0.99408 0.24710
f 3981/9682 3983/9683 3974/9684
vt 0.83543 0.50364
vt 0.83500 0.50466
f 3962/9412 4115/9685 3955/9686
vt 0.10488 0.82898
f 3912/9126 3831/9373 4069/9687
f 3912/9126 4069/9687 4098/9673
vt 0.94320 0.29531
vt 0.94265 0.29661
vt 0.94166 0.29551
f 3989/9688 4025/9689 3973/9690
vt 0.94264 0.29399
f 3989/9688 3973/9690 4002/9691
vt 0.47298 0.53681
f 4000/9147 3950/9630 4253/9692
vt 0.95747 0.48660
f 3967/9586 4068/9693 4087/9530
f 3967/9564 4113/9671 4015/9637
vt 0.45008 0.45939
f 3878/8868 4024/9694 3979/9233
f 3884/8433 4130/9417 4102/9547
vt 0.54122 0.15789
vt 0.54060 0.15716
f 3995/9453 4011/9695 3955/9696
vt 0.07767 0.54176
vt 0.07824 0.54311
f 3804/9561 3900/9697 4249/9698
vt 0.56296 0.40527
f 3961/9594 4003/9668 3980/9699
vt 0.99320 0.06105
vt 0.99324 0.06064
vt 0.99329 0.06092
f 3983/9700 3966/9701 3987/9702
vt 0.99236 0.74092
vt 0.99215 0.74077
vt 0.99237 0.74076
f 3983/9703 3992/9704 3974/9705
vt 0.19924 0.98952
vt 0.19900 0.98934
vt 0.19916 0.98927
f 3983/9706 3986/9707 3992/9708
vt 0.99430 0.14504
vt 0.99419 0.14525
vt 0.99419 0.14491
f 3983/9709 3987/9710 3986/9711
vt 0.59664 0.35173
vt 0.59766 0.35098
vt 0.59707 0.35480
f 3981/9712 3966/9713 3982/9714
vt 0.59712 0.34945
vt 0.59747 0.34999
vt 0.59730 0.35038
f 3974/9715 3986/9716 3987/9717
f 3974/9715 3987/9717 3981/9712
vt 0.80851 0.28179
vt 0.80843 0.28379
vt 0.80708 0.28252
f 3981/9718 3982/9719 3968/9720
f 3980/9699 4003/9668 4051/9662
vt 0.98432 0.40472
vt 0.98486 0.40412
vt 0.98488 0.40495
f 3929/9721 4031/9722 4112/9723
vt 0.54300 0.15786
f 3920/9292 4091/9724 3995/9453
vt 0.67475 0.38181
f 4055/9478 3889/9199 3988/9725
vt 0.61474 0.54291
f 3994/9215 3959/9363 4036/9726
f 3941/9343 4092/9644 3965/9470
f 4104/8708 3541/7870 4064/9625
vt 0.62435 0.04543
f 3965/9470 4092/9644 4100/9727
vt 0.80724 0.05034
vt 0.80763 0.05145
vt 0.80660 0.05256
f 3996/9728 3955/9729 4178/9730
f 3980/9699 4051/9662 3963/9669
f 3843/9259 4127/9584 4065/9652
vt 0.44982 0.45649
f 3979/9233 4010/9731 4041/9563
vt 0.80676 0.05044
vt 0.80607 0.05049
f 3996/9732 4178/9730 4063/9733
vt 0.59141 0.32433
vt 0.58986 0.32375
f 4050/9734 4078/9578 4052/9735
f 3987/9717 3966/9713 3981/9712
vt 0.08156 0.72299
vt 0.08158 0.72279
f 3966/9646 3992/9736 3986/9737
vt 0.77800 0.13518
f 3879/9514 4190/9738 4256/9515
f 3804/9561 4249/9698 4048/9549
vt 0.63112 0.04080
vt 0.62926 0.04372
f 3916/9643 3997/9739 4077/9740
vt 0.26477 0.82115
f 3969/9144 3952/9741 4039/9392
vt 0.25457 0.69581
f 3910/8747 4020/9176 4076/9742
vt 0.56086 0.41153
f 4031/9593 4027/9743 4003/9668
vt 0.59888 0.34913
f 3946/9567 4136/9744 3974/9715
vt 0.47882 0.53668
f 3685/9324 3978/9745 3950/9630
vt 0.45026 0.46413
f 3798/9110 4035/9505 4032/9746
vt 0.59878 0.34692
f 3946/9567 4039/9670 4080/9747
vt 0.26284 0.92963
vt 0.26389 0.93034
vt 0.26215 0.93138
f 3956/9748 4011/9749 4014/9750
vt 0.32472 0.96501
vt 0.32484 0.96227
vt 0.32579 0.96374
f 3889/9751 4138/9752 3988/9753
vt 0.45007 0.45685
f 3979/9233 4024/9694 4010/9754
f 3916/9643 4077/9740 4092/9644
vt 0.43116 0.41468
f 3924/9533 4124/9755 4082/9534
vt 0.56056 0.40042
f 3945/9663 4051/9662 4149/9756
vt 0.53830 0.15914
f 3913/9597 4014/9596 4211/9757
vt 0.80968 0.05378
f 3913/9572 4211/9758 4115/9560
vt 0.44243 0.45113
f 4015/9637 4241/9759 3958/8931
f 3986/9716 3974/9715 4136/9744
vt 0.89551 0.38118
f 3961/9634 3980/9760 3951/9635
vt 0.41263 0.97810
vt 0.41299 0.97609
vt 0.41316 0.97715
f 3965/9761 4100/9762 4066/9763
vt 0.24449 0.69237
f 4033/8873 4146/9764 3953/9337
vt 0.67843 0.23298
f 3926/9071 4004/9408 4008/9765
vt 0.74248 0.25171
f 3918/8819 4132/9766 4009/8929
f 3798/9110 4032/9746 3878/8868
vt 0.94498 0.09368
vt 0.94583 0.09495
vt 0.94426 0.09523
f 3989/9767 3991/9768 4025/9769
vt 0.89563 0.44759
f 3900/9667 4022/9650 4074/9770
vt 0.45011 0.46130
f 3878/8868 4032/9746 4024/9771
vt 0.56258 0.39952
vt 0.56129 0.39881
vt 0.56326 0.39870
f 3945/9772 4037/9773 4028/9774
f 3895/8443 4048/9549 3905/8997
vt 0.45903 0.41780
vt 0.46075 0.42079
f 3797/8781 4106/9775 3841/9776
vt 0.11813 0.10218
f 4017/9246 3874/9131 4122/9777
vt 0.56359 0.38238
vt 0.56159 0.38529
vt 0.56252 0.38083
f 4010/9778 4151/9779 4061/9780
vt 0.96141 0.48947
vt 0.96211 0.49147
vt 0.96136 0.49044
f 4010/9781 4024/9782 4151/9783
vt 0.80694 0.50556
f 3920/9664 3965/9479 4072/9784
vt 0.91515 0.38145
vt 0.91589 0.38533
vt 0.91450 0.38412
f 4087/9785 4041/9786 4061/9787
f 3986/9716 4136/9744 3966/9713
vt 0.91476 0.38572
f 4061/9787 4041/9786 4010/9788
vt 0.45945 0.86084
vt 0.45921 0.85853
vt 0.46152 0.85980
f 3926/9789 4231/9790 4020/9791
vt 0.59920 0.35199
f 3966/9713 4136/9744 4119/9792
vt 0.94443 0.09169
vt 0.94595 0.09215
f 3989/9767 4002/9793 4069/9794
vt 0.81792 0.78029
f 3931/9518 4193/9795 4015/9519
vt 0.21678 0.07811
f 3809/8221 4163/9291 4294/9796
vt 0.77937 0.13447
f 3879/9514 4118/9797 4190/9738
vt 0.43698 0.41608
f 3881/9298 4082/9534 4266/9798
vt 0.98747 0.63798
vt 0.98767 0.63743
vt 0.98784 0.63787
f 3928/9799 4063/9800 4013/9801
vt 0.56404 0.37616
vt 0.56347 0.37781
vt 0.56177 0.37672
f 3882/9802 4087/9803 4019/9804
f 3882/9802 4019/9804 4034/9410
vt 0.63171 0.04250
f 3997/9739 4090/9805 4077/9740
vt 0.47108 0.53444
f 4000/9147 4253/9692 4221/9806
f 3809/8221 4294/9796 4354/9186
vt 0.26736 0.74820
vt 0.26780 0.75048
f 3869/9219 4065/9807 4252/9808
vt 0.48534 0.54132
vt 0.48427 0.54252
f 3861/8783 3947/9809 4145/9810
vt 0.56155 0.41519
f 4012/9475 4112/9811 4031/9593
vt 0.47963 0.53760
vt 0.47792 0.53783
f 3978/9745 3977/9812 4179/9813
f 4015/9637 4113/9671 4241/9759
f 4186/9511 3860/8575 4089/9620
vt 0.53237 0.15495
vt 0.53177 0.15628
vt 0.53149 0.15446
f 3984/9814 4088/9815 4094/9816
vt 0.26491 0.75046
f 3869/9219 4252/9808 3991/9817
vt 0.97854 0.82061
vt 0.97894 0.82014
vt 0.97892 0.82113
f 4045/9818 4035/9819 4028/9820
vt 0.53039 0.15581
f 4094/9816 4088/9815 4110/9821
vt 0.73745 0.25200
f 4021/9486 4009/8929 4222/9822
vt 0.94010 0.29336
f 3973/9690 4084/9823 4002/9691
vt 0.59760 0.35919
vt 0.59965 0.35556
f 4016/9824 3982/9714 4099/9825
vt 0.80627 0.28294
f 3982/9719 4079/9826 3968/9720
vt 0.58859 0.32038
f 4007/9269 4094/9660 4143/9827
vt 0.54171 0.15913
f 3995/9453 4091/9828 4011/9695
vt 0.85573 0.53898
vt 0.85742 0.54170
vt 0.85543 0.54205
f 3985/9829 4283/9830 3862/9831
vt 0.96129 0.49217
f 4075/9832 4151/9783 4024/9782
vt 0.80824 0.28877
vt 0.80683 0.28721
f 3982/9719 4016/9833 4044/9834
vt 0.85335 0.79093
vt 0.85206 0.79157
vt 0.85273 0.78871
f 4030/9835 4047/9836 3972/9837
f 4087/9803 4061/9780 4019/9804
f 3993/9354 4029/9007 4096/9128
vt 0.56321 0.39022
vt 0.56331 0.39510
vt 0.56173 0.39573
f 4032/9838 4035/9839 4045/9840
vt 0.58755 0.32791
f 4078/9578 3886/9484 4077/9841
vt 0.05578 0.38367
f 4029/9007 4083/9842 4096/9128
vt 0.42888 0.41518
f 3924/9533 4105/9843 4124/9755
vt 0.67901 0.38614
f 3971/9396 4054/8949 4187/9844
vt 0.23537 0.96015
vt 0.23671 0.96000
vt 0.23660 0.96230
f 3952/9845 4144/9846 4247/9847
vt 0.23545 0.96332
f 3952/9845 4247/9847 4039/9848
vt 0.93167 0.97548
vt 0.93203 0.97667
vt 0.93129 0.97631
f 3998/9849 4046/9850 4181/9851
f 4028/9774 4037/9773 4045/9840
vt 0.47015 0.53243
f 4000/9147 4103/9852 4026/9040
vt 0.56320 0.38696
vt 0.56327 0.38859
vt 0.56199 0.38810
f 4024/9853 4032/9854 4075/9855
vt 0.46344 0.42134
vt 0.46309 0.41915
f 4049/9856 3841/9776 4070/9857
vt 0.03332 0.37074
vt 0.03215 0.37429
f 3921/9858 3976/9326 4126/9859
f 3982/9714 3966/9713 4119/9792
vt 0.63301 0.03985
vt 0.63348 0.04056
f 3997/9739 3968/9860 4079/9861
vt 0.58836 0.32340
f 4078/9578 4062/9862 4052/9735
f 3946/9567 4080/9747 4136/9744
f 3886/9484 4013/9659 4077/9841
f 3881/9298 4266/9798 4336/9629
vt 0.46177 0.85671
f 4020/9791 4231/9790 4076/9863
vt 0.56087 0.37485
f 4018/9411 4034/9410 4121/9864
f 3982/9719 4044/9834 4079/9826
vt 0.26220 0.75315
vt 0.26297 0.75201
vt 0.26415 0.75428
f 3973/9865 4025/9866 4272/9867
vt 0.56478 0.42045
vt 0.56234 0.42028
f 3964/9474 4040/9868 4245/9869
vt 0.56176 0.41779
f 3964/9474 4245/9869 4303/9870
vt 0.56126 0.39194
f 4032/9838 4135/9871 4075/9855
vt 0.53301 0.15540
vt 0.53261 0.15694
f 3984/9814 4050/9872 4125/9873
f 3978/9745 4179/9813 3950/9630
f 4032/9838 4045/9840 4135/9871
f 4017/9358 4083/9842 4029/9007
vt 0.26545 0.75272
f 4025/9866 3991/9817 4172/9874
vt 0.91975 0.87835
vt 0.92091 0.87811
vt 0.92045 0.88125
f 4006/9875 4059/9876 3957/9877
vt 0.46116 0.41847
f 3841/9776 4106/9775 4134/9878
vt 0.99280 0.63806
vt 0.99280 0.63757
vt 0.99299 0.63782
f 4063/9879 4077/9880 4013/9881
vt 0.58849 0.33089
vt 0.58754 0.33025
f 4063/9882 4092/9883 4077/9841
f 3997/9739 4079/9861 4090/9805
f 3453/8258 3938/9345 4255/9648
vt 0.85594 0.54654
vt 0.85768 0.54576
f 4027/9884 3862/9831 4202/9885
f 4015/9519 4193/9795 4068/9678
f 3964/9474 4303/9870 4012/9475
f 4000/9147 4221/9806 4103/9852
f 3984/9814 4125/9873 4088/9815
vt 0.05795 0.38357
f 4017/9358 4122/9886 4083/9842
vt 0.56159 0.41704
f 4012/9475 4303/9870 4112/9887
vt 0.27129 0.74557
f 4006/9393 4112/9654 4059/9888
vt 0.59054 0.31154
f 4081/9435 4036/9889 3959/9585
vt 0.12930 0.10252
f 4317/9460 4060/8957 4304/9890
vt 0.85103 0.78933
f 3972/9837 4047/9836 4142/9891
f 4187/9844 4054/8949 4055/9478
vt 0.67334 0.57093
f 4021/9487 4222/9892 4058/9356
f 3982/9714 4119/9792 4099/9825
f 4115/9560 4178/9730 3955/9729
vt 0.80540 0.50670
f 3920/9664 4072/9784 4091/9893
vt 0.59802 0.36257
vt 0.60110 0.36310
f 4154/9894 4016/9824 4200/9895
f 3945/9663 4149/9756 4037/9773
f 3991/9817 4252/9808 4172/9874
vt 0.03168 0.37218
f 3921/9858 4126/9859 4127/9896
vt 0.07954 0.53567
vt 0.08035 0.53649
vt 0.07886 0.53740
f 3975/9897 4043/9898 4022/9899
vt 0.60748 0.53896
f 3952/9459 4150/9379 4144/9900
vt 0.91731 0.38208
f 4041/9786 4087/9785 4192/9901
vt 0.91288 0.24742
vt 0.91108 0.24448
vt 0.91269 0.24394
f 4127/9902 4109/9903 4065/9904
f 4025/9866 4172/9874 4272/9867
vt 0.14178 0.09864
f 3909/8984 4056/8871 4489/9905
vt 0.07805 0.55297
f 3905/8997 4085/9906 4130/9417
f 3905/8997 4048/9549 4085/9906
vt 0.93144 0.97762
f 4046/9850 4116/9907 4181/9851
vt 0.98481 0.81332
vt 0.98438 0.81414
vt 0.98422 0.81349
f 4062/9908 4095/9909 4052/9910
vt 0.51733 0.58019
vt 0.51879 0.58249
vt 0.51693 0.58254
f 4002/9911 4084/9912 4250/9913
f 3910/8747 4076/9742 4067/8872
vt 0.80895 0.50402
vt 0.80824 0.50497
f 3965/9479 4066/9914 4147/9915
vt 0.23613 0.96357
f 4039/9848 4247/9847 4080/9916
f 3976/9326 3935/9090 4126/9859
vt 0.46782 0.53138
f 4132/9569 4026/9040 4158/9917
vt 0.90701 0.24885
f 3990/9430 3972/9639 4142/9918
vt 0.80834 0.29286
f 4016/9833 4154/9919 4044/9834
vt 0.13806 0.10081
f 3909/8984 4246/9920 4367/9672
vt 0.02280 0.36937
f 3873/9364 4245/9921 4040/9365
vt 0.56050 0.40340
f 4051/9662 4003/9668 4131/9922
vt 0.26304 0.93317
f 4014/9750 4011/9749 4236/9923
vt 0.77177 0.32422
vt 0.76928 0.32439
vt 0.77095 0.32158
f 3926/9924 4008/9925 4231/9926
f 3965/9479 4147/9915 4072/9784
f 3958/8931 4241/9759 4338/9638
vt 0.92015 0.88247
vt 0.92139 0.88269
f 4001/9927 3957/9877 4141/9928
vt 0.58710 0.33149
f 4063/9882 4100/9929 4092/9883
vt 0.26390 0.93189
f 4011/9749 4091/9930 4236/9923
vt 0.47946 0.54107
f 3977/9579 3861/8783 4214/9931
vt 0.08185 0.52955
vt 0.08334 0.52940
vt 0.08175 0.53049
f 3953/9932 4146/9933 3899/9934
vt 0.93985 0.29493
f 3973/9690 4271/9935 4084/9823
vt 0.58954 0.31750
f 4046/9606 4007/9269 4148/9936
vt 0.80856 0.29762
vt 0.80546 0.29808
f 4101/9937 4182/9938 4154/9919
vt 0.07837 0.53881
vt 0.07961 0.54028
f 4022/9939 4043/9898 4074/9940
vt 0.58852 0.32220
f 4143/9827 4094/9660 4095/9941
f 4026/9040 4103/9852 4158/9917
vt 0.15364 0.97674
vt 0.15410 0.97602
vt 0.15414 0.97706
f 4050/9942 4052/9943 4114/9944
vt 0.77950 0.27334
f 4049/9247 4070/9945 4118/9588
f 4051/9662 4131/9922 4149/9756
vt 0.58726 0.33213
f 4063/9882 4147/9946 4100/9929
vt 0.90501 0.24768
f 3985/9653 3990/9430 4140/9947
vt 0.94809 0.83677
vt 0.94720 0.83734
vt 0.94671 0.83533
f 3998/9948 4181/9949 4243/9950
vt 0.94771 0.83442
f 3998/9948 4243/9950 4081/9951
vt 0.14547 0.09999
f 4056/8871 4086/9111 4591/9952
vt 0.97095 0.81426
vt 0.97143 0.81533
vt 0.97116 0.81577
f 4027/9953 4202/9954 4228/9955
vt 0.67236 0.37803
f 3999/9198 4318/9956 4138/9568
vt 0.25025 0.69568
f 4067/8872 4076/9742 4205/9957
vt 0.26200 0.93451
f 4014/9750 4236/9923 4207/9958
f 3909/8984 4489/9905 4246/9920
f 4034/9410 4019/9804 4121/9864
vt 0.58905 0.31720
f 4046/9606 4148/9936 4116/9959
vt 0.43848 0.44529
f 3999/9329 4338/9638 4318/9960
vt 0.53913 0.16143
vt 0.53744 0.16007
f 4014/9596 4207/9961 4211/9962
vt 0.62441 0.04630
vt 0.62605 0.04566
vt 0.62528 0.04733
f 4066/9963 4100/9964 4147/9965
vt 0.61567 0.54385
vt 0.61450 0.54428
f 4036/9726 4081/9966 4209/9967
vt 0.08103 0.53253
vt 0.08393 0.53192
f 4038/9968 3899/9934 4169/9969
vt 0.56055 0.38309
f 4151/9779 4139/9970 4061/9780
vt 0.20837 0.07903
f 4042/8410 4354/9186 4155/9971
f 4042/8410 4155/9971 4166/9480
vt 0.92232 0.88007
f 4059/9876 4120/9972 3957/9877
vt 0.91696 0.38522
f 4192/9901 4201/9973 4041/9786
vt 0.47762 0.53855
f 4214/9931 4179/9974 3977/9579
vt 0.11896 0.10388
f 3874/9131 4317/9460 4208/9975
vt 0.56080 0.37937
f 4061/9780 4175/9976 4019/9804
vt 0.96312 0.83915
vt 0.96310 0.84060
vt 0.96183 0.83952
f 4088/9977 4167/9978 4110/9979
vt 0.80538 0.29145
f 4154/9919 4282/9980 4044/9834
vt 0.91492 0.55686
vt 0.91606 0.55797
vt 0.91465 0.55847
f 4080/9981 4247/9982 4219/9983
vt 0.44715 0.43967
vt 0.44467 0.44110
f 4145/9984 3970/9282 4176/9985
vt 0.85824 0.53913
f 4283/9830 3985/9829 4140/9986
vt 0.51439 0.58076
vt 0.51525 0.58259
f 4069/9987 4002/9911 4177/9988
vt 0.26897 0.74854
f 4065/9807 4109/9989 4252/9808
vt 0.45888 0.85529
f 4076/9863 4231/9790 4137/9990
vt 0.59888 0.36819
f 4154/9894 4200/9895 4101/9991
vt 0.46871 0.90317
vt 0.46972 0.90259
vt 0.46954 0.90382
f 4052/9992 4095/9993 4286/9994
f 3970/9282 3971/9472 4176/9985
f 3957/9877 4120/9972 4141/9928
vt 0.85208 0.79258
vt 0.85110 0.79481
vt 0.84970 0.79225
f 4030/9995 4098/9996 4273/9997
f 3862/9831 4283/9830 4202/9885
vt 0.44588 0.41689
f 3853/9190 4336/9629 4230/9998
f 3900/9697 4074/9940 4249/9698
vt 0.58722 0.32493
f 4078/9578 4077/9841 4090/9999
vt 0.63467 0.04055
vt 0.63382 0.04154
f 4079/9861 4107/10000 4062/10001
vt 0.98253 0.02999
vt 0.98305 0.03017
vt 0.98220 0.03092
f 4147/10002 4063/10003 4204/10004
f 3841/9776 4134/9878 4070/9857
f 3861/8783 4145/9810 4214/9931
vt 0.91722 0.38027
f 4087/9785 4068/10005 4192/9901
vt 0.08093 0.53408
f 4128/10006 4043/9898 3975/9897
vt 0.03809 0.37569
f 4186/9511 4270/10007 3935/9090
vt 0.61172 0.54288
f 4036/9726 4242/10008 3994/9215
vt 0.44740 0.44400
f 3971/9472 4187/10009 4176/9985
vt 0.44791 0.45796
f 4041/9563 4108/10010 4113/9671
vt 0.93282 0.33416
vt 0.93438 0.33211
vt 0.93465 0.33488
f 4181/10011 4116/10012 4248/10013
vt 0.56076 0.39317
f 4135/9871 4045/9840 4133/10014
vt 0.74582 0.95974
vt 0.74714 0.96021
vt 0.74610 0.96160
f 4095/10015 4094/10016 4184/10017
vt 0.47168 0.90362
f 4095/9993 4184/10018 4286/9994
vt 0.98928 0.51000
vt 0.98954 0.50970
vt 0.98954 0.51039
f 4041/10019 4201/10020 4108/10021
vt 0.15490 0.97620
f 4052/9943 4286/10022 4114/9944
f 4060/8957 4071/8767 4304/9890
vt 0.17603 0.08951
f 4023/8936 3960/9318 4173/10023
vt 0.02448 0.37219
f 3873/9364 4141/9665 4293/10024
vt 0.68642 0.23484
f 4058/9340 4189/10025 4004/9408
vt 0.85061 0.79203
f 4030/9995 4273/9997 4047/10026
vt 0.80833 0.30155
vt 0.80676 0.30143
f 4101/9937 4103/10027 4221/10028
vt 0.44813 0.45995
vt 0.44497 0.46055
f 4108/10010 4188/10029 4156/10030
f 4038/9968 4169/9969 4128/10006
vt 0.77800 0.27362
f 4118/9588 4070/9945 4237/10031
vt 0.56083 0.38495
f 4151/9779 4268/10032 4139/9970
vt 0.93568 0.33224
f 4116/10012 4129/10033 4248/10013
vt 0.60066 0.35907
f 4016/9824 4099/9825 4153/10034
vt 0.38403 0.92946
vt 0.38492 0.92897
vt 0.38469 0.93068
f 4097/10035 4157/10036 4170/10037
vt 0.59942 0.37166
vt 0.60160 0.36795
f 4103/10038 4101/9991 4159/10039
vt 0.60222 0.36939
f 4103/10038 4159/10039 4263/10040
vt 0.03625 0.37505
f 3935/9090 4270/10007 4165/10041
vt 0.74736 0.96193
f 4110/10042 4184/10017 4094/10016
f 4101/9937 4221/10028 4182/9938
vt 0.56058 0.39699
f 4045/9840 4037/9773 4171/10043
vt 0.45758 0.41614
f 3797/8781 4191/10044 4106/9775
vt 0.99052 0.02050
vt 0.99015 0.02058
vt 0.99015 0.02008
f 4116/10045 4148/10046 4185/10047
vt 0.58883 0.31667
vt 0.58694 0.31838
vt 0.58568 0.31657
f 4116/10048 4185/10049 4216/10050
vt 0.92138 0.87806
f 4059/9876 4183/10051 4120/9972
vt 0.58743 0.31561
f 4116/10048 4216/10050 4129/10052
vt 0.92162 0.16512
vt 0.92260 0.16521
vt 0.92143 0.16595
f 4050/10053 4114/10054 4125/10055
vt 0.56070 0.38797
f 4075/9855 4210/10056 4151/9779
vt 0.44852 0.46462
vt 0.44886 0.46820
vt 0.44514 0.46637
f 4111/10057 4117/10058 4418/10059
vt 0.73834 0.82704
vt 0.73972 0.82566
vt 0.73834 0.82824
f 4111/10060 4226/10061 4117/10062
vt 0.44814 0.46190
f 4111/10057 4156/10030 4213/10063
vt 0.73874 0.82162
vt 0.74022 0.82149
vt 0.73847 0.82458
f 4213/10064 4305/10065 4111/10066
vt 0.93625 0.09690
vt 0.93631 0.09458
vt 0.93735 0.09579
f 4097/10067 4125/10068 4157/10069
vt 0.44516 0.47214
f 4117/10058 4378/10070 4418/10059
vt 0.73977 0.83027
f 4117/10062 4226/10061 4240/10071
vt 0.53513 0.15824
vt 0.53299 0.15989
f 4097/10072 4265/10073 4125/9873
vt 0.46178 0.85236
f 4076/9863 4137/9990 4205/10074
vt 0.94026 0.29656
f 3973/9690 4272/10075 4271/9935
f 4079/9861 4062/10001 4090/9805
f 4062/9862 4078/9578 4090/9999
vt 0.91068 0.24794
f 4127/9902 4277/10076 4109/9903
f 3873/9364 4293/10024 4245/9921
vt 0.44875 0.47106
f 4117/10058 4203/10077 4378/10070
vt 0.73842 0.83042
f 4117/10062 4240/10071 4203/10078
f 3853/9190 4230/9998 4123/9436
f 4071/8767 4367/9672 4304/9890
f 4002/9911 4250/9913 4177/9988
vt 0.56007 0.41553
vt 0.56017 0.41684
vt 0.55653 0.41792
f 4059/10079 4112/10080 4215/10081
vt 0.27000 0.74923
f 4252/9808 4109/9989 4262/10082
f 3874/9131 4208/9975 4122/9777
f 3797/8781 4123/9436 4191/10044
vt 0.80721 0.05493
f 4178/9730 4115/9560 4307/10083
vt 0.53776 0.15893
f 4097/10072 4115/10084 4211/9962
vt 0.61436 0.54448
f 4036/9726 4209/10085 4242/10008
vt 0.80478 0.28301
vt 0.80520 0.28133
f 4079/9826 4238/10086 4107/10087
vt 0.58870 0.31812
f 4007/9269 4143/9827 4148/10088
vt 0.93652 0.09774
vt 0.93722 0.09793
vt 0.93703 0.09973
f 4097/10089 4170/10090 4115/10091
f 4067/8872 4205/9957 4033/8873
vt 0.24610 0.90292
vt 0.24888 0.90387
vt 0.24720 0.90503
f 4106/10092 4274/10093 4134/10094
vt 0.53170 0.15779
f 4088/9815 4125/9873 4168/10095
vt 0.58672 0.32097
f 4062/9862 4107/10096 4095/9941
vt 0.80521 0.05110
vt 0.80486 0.05309
f 4063/10097 4178/9730 4204/10098
vt 0.79195 0.90597
vt 0.79084 0.90592
vt 0.79163 0.90459
f 4088/10099 4168/10100 4167/10101
f 3899/9934 4146/9933 4169/9969
f 4061/9780 4139/9970 4175/9976
vt 0.56064 0.37690
f 4019/9804 4175/9976 4194/10102
vt 0.56073 0.38956
f 4075/9855 4135/9871 4235/10103
f 4075/9855 4235/10103 4210/10056
f 4016/9824 4153/10034 4200/9895
vt 0.92224 0.88226
f 4141/9928 4120/9972 4277/10104
vt 0.73798 0.83897
vt 0.73841 0.83439
vt 0.73956 0.83702
f 4269/10105 4160/10106 4174/10107
f 4108/10010 4156/10030 4113/9671
vt 0.91061 0.03284
vt 0.91182 0.03314
vt 0.91093 0.03500
f 4105/10108 4102/10109 4251/10110
vt 0.73950 0.84181
f 4269/10105 4174/10107 4233/10111
vt 0.96166 0.84062
f 4110/9979 4167/9978 4184/10112
vt 0.81432 0.78954
vt 0.81546 0.79087
vt 0.81431 0.79130
f 4108/10113 4229/10114 4188/10115
vt 0.05626 0.38571
f 4083/9842 4122/9886 4208/10116
f 4203/10078 4240/10071 4160/10106
vt 0.60195 0.37209
f 4103/10038 4263/10040 4158/10117
vt 0.60150 0.36582
f 4101/9991 4316/10118 4159/10039
f 4188/10029 4213/10063 4156/10030
vt 0.85207 0.79634
vt 0.85040 0.79594
f 4069/10119 4276/10120 4098/9996
vt 0.10644 0.65452
vt 0.10484 0.65817
vt 0.10549 0.65365
f 4045/10121 4171/10122 4133/10123
vt 0.07764 0.55984
f 4102/9547 4130/9417 4251/10124
vt 0.58850 0.32038
f 4143/10125 4095/9941 4107/10096
vt 0.67061 0.56945
f 4058/9356 4222/9892 4232/10126
vt 0.55794 0.41562
f 4059/10079 4215/10081 4183/10127
vt 0.74043 0.25440
f 4009/8929 4132/9766 4331/10128
vt 0.05065 0.38353
f 4096/9128 4337/10129 4073/9229
f 4019/9804 4194/10102 4121/9864
vt 0.24908 0.90763
vt 0.24726 0.90711
f 4134/10094 4237/10130 4070/10131
f 4101/9991 4200/9895 4316/10118
vt 0.92095 0.16701
f 4125/10055 4114/10054 4157/10132
f 4142/9918 4140/9947 3990/9430
vt 0.10664 0.66974
vt 0.10461 0.66943
vt 0.10619 0.66677
f 4027/10133 4212/10134 4003/10135
vt 0.80798 0.50682
f 4072/9784 4147/9915 4204/10136
f 4079/9826 4044/9834 4238/10086
vt 0.93781 0.09937
f 4115/10091 4170/10090 4199/10137
vt 0.60991 0.54208
f 3994/9215 4242/10008 4321/10138
f 3994/9215 4321/10138 4150/9379
vt 0.80572 0.50934
f 4072/9784 4224/10139 4091/9893
vt 0.97393 0.29796
vt 0.97388 0.29676
vt 0.97448 0.29736
f 4107/10140 4185/10141 4143/10142
vt 0.73820 0.84195
f 4269/10105 4233/10111 4196/10143
vt 0.56107 0.41879
f 4303/9870 4245/9869 4300/10144
vt 0.21895 0.07564
f 4163/9291 4057/9666 4319/10145
vt 0.80499 0.28768
f 4044/9834 4282/9980 4227/10146
vt 0.24516 0.69552
f 4033/8873 4257/10147 4146/9764
f 4096/9128 4083/9842 4337/10129
vt 0.24733 0.90277
f 4106/10092 4191/10148 4274/10093
vt 0.43069 0.76615
vt 0.43269 0.76608
vt 0.43122 0.76900
f 4080/10149 4219/10150 4136/10151
vt 0.58552 0.32167
f 4107/10096 4238/10152 4185/10049
vt 0.90064 0.71744
f 4018/9316 4194/10153 4193/9679
vt 0.43051 0.77460
vt 0.43217 0.77424
vt 0.43058 0.77834
f 4099/10154 4297/10155 4153/10156
vt 0.73998 0.83527
f 4160/10106 4287/10157 4174/10107
vt 0.47436 0.53782
f 3950/9630 4180/10158 4253/9692
vt 0.43384 0.41508
f 4082/9534 4436/10159 4266/9798
vt 0.97408 0.29632
vt 0.97478 0.29619
f 4185/10160 4148/10161 4143/10142
vt 0.90984 0.24619
vt 0.90983 0.24392
f 4109/9903 4120/10162 4183/10163
vt 0.93568 0.33352
f 4129/10033 4323/10164 4248/10013
vt 0.10649 0.64119
vt 0.10450 0.64227
vt 0.10624 0.63870
f 4139/10165 4279/10166 4175/10167
f 3935/9090 4165/10041 4126/9859
f 4109/9903 4277/10076 4120/10162
vt 0.53163 0.15849
f 4125/9873 4265/10073 4152/10168
f 4125/9873 4152/10168 4168/10095
vt 0.43067 0.77161
f 4099/10154 4119/10169 4297/10155
f 4111/10057 4418/10059 4156/10030
vt 0.91040 0.24363
f 4109/9903 4183/10163 4262/10170
vt 0.80515 0.29444
f 4154/9919 4278/10171 4282/9980
f 4009/8929 4331/10128 4222/9822
vt 0.80731 0.50891
f 4072/9784 4299/10172 4224/10139
vt 0.10638 0.65795
vt 0.10681 0.65984
f 4037/10173 4149/10174 4171/10122
vt 0.81591 0.78832
f 4108/10113 4201/10175 4229/10114
vt 0.10533 0.67100
f 4027/10133 4228/10176 4212/10134
vt 0.54157 0.16197
vt 0.54077 0.16119
f 4091/9828 4224/10177 4236/10178
vt 0.19765 0.08619
f 3933/9089 4161/9624 4162/10179
vt 0.67938 0.38284
f 4187/9844 4055/9478 4290/10180
vt 0.76721 0.32230
f 4231/9926 4008/9925 4397/10181
vt 0.97314 0.35586
vt 0.97237 0.35739
vt 0.97232 0.35612
f 4081/10182 4243/10183 4164/10184
vt 0.97267 0.35565
f 4081/10182 4164/10184 4209/10185
vt 0.90214 0.71678
f 4121/10186 4194/10153 4018/9316
f 4111/10066 4305/10065 4226/10061
f 4023/8936 4173/10023 4093/9432
vt 0.10625 0.65119
vt 0.10512 0.65075
f 4135/10187 4133/10123 4235/10188
vt 0.42853 0.41289
f 4105/9843 4251/10189 4124/9755
vt 0.46983 0.53673
f 4221/9806 4253/9692 4399/10190
vt 0.67443 0.38014
vt 0.67554 0.37890
f 3988/9725 4138/10191 4280/10192
f 4134/10094 4274/10093 4237/10130
f 4072/9784 4204/10136 4299/10172
vt 0.67236 0.37500
f 4318/9956 4264/10193 4138/9568
vt 0.47551 0.53918
f 4179/9974 4214/9931 4180/10194
vt 0.53379 0.40979
f 4057/9626 4256/9353 4319/10195
vt 0.84918 0.79576
f 4098/9996 4258/10196 4273/9997
vt 0.92252 0.16831
f 4114/10054 4295/10197 4157/10132
vt 0.81914 0.78272
f 4193/9795 4218/10198 4068/9678
vt 0.93817 0.10049
f 4115/10091 4199/10137 4307/10199
vt 0.47794 0.90273
vt 0.47918 0.90380
vt 0.47668 0.90358
f 4165/10200 4270/10201 4225/10202
vt 0.17113 0.09218
f 4093/9432 4173/10023 4490/10203
vt 0.53167 0.15970
vt 0.53126 0.15867
f 4265/10073 4328/10204 4152/10205
vt 0.45835 0.85325
f 4137/9990 4197/10206 4205/10074
vt 0.67902 0.37997
f 4055/9478 3988/9725 4383/10207
f 4182/9938 4278/10171 4154/9919
vt 0.77130 0.31862
vt 0.76905 0.31847
vt 0.77120 0.31624
f 4137/10208 4352/10209 4197/10210
vt 0.10444 0.66491
f 4003/10135 4212/10134 4244/10211
f 4044/9834 4227/10146 4238/10086
vt 0.94374 0.86605
vt 0.94398 0.86370
vt 0.94591 0.86672
f 4165/10212 4225/10213 4223/10214
vt 0.53507 0.16001
f 4097/10072 4211/9962 4195/10215
f 4082/9534 4124/9755 4436/10159
vt 0.58694 0.31316
f 4129/10052 4216/10050 4242/10216
vt 0.10458 0.66057
f 4149/10174 4260/10217 4171/10122
f 4056/8871 4591/9952 4489/9905
vt 0.47029 0.90452
f 4286/9994 4184/10018 4167/10218
vt 0.48067 0.54356
f 4214/9931 4145/9810 4176/10219
f 4097/10072 4195/10215 4265/10073
vt 0.03429 0.37591
f 4126/9859 4165/10041 4223/10220
vt 0.08555 0.53628
f 4128/10006 4344/10221 4043/9898
vt 0.79055 0.90540
vt 0.78889 0.90298
f 4167/10101 4168/10222 4291/10223
f 4137/10208 4231/9926 4352/10209
f 3988/9725 4280/10192 4383/10207
vt 0.68931 0.23496
f 4058/9340 4232/10224 4189/10025
vt 0.67986 0.23442
f 4008/9765 4004/9408 4306/10225
vt 0.04141 0.37917
f 4089/9620 4254/10226 4186/9511
vt 0.10615 0.66265
f 4149/10174 4131/10227 4260/10217
vt 0.46555 0.53255
f 4132/9569 4158/9917 4322/10228
vt 0.43366 0.77928
f 4153/10156 4297/10155 4198/10229
vt 0.92816 0.82961
vt 0.92858 0.82689
vt 0.93086 0.82845
f 4129/10230 4242/10231 4323/10232
vt 0.20218 0.08506
f 4166/9480 4562/10233 4161/9624
vt 0.55908 0.41916
f 4112/10080 4303/10234 4215/10081
vt 0.38620 0.93049
f 4170/10037 4157/10036 4195/10235
vt 0.94064 0.64095
vt 0.93987 0.64122
vt 0.94036 0.63945
f 3950/10236 4179/10237 4180/10238
f 4119/10169 4136/10151 4297/10155
vt 0.44908 0.48189
vt 0.44889 0.48503
vt 0.44530 0.47986
f 4196/10239 4308/10240 4372/10241
vt 0.44494 0.44494
f 4187/10009 4290/10242 4176/9985
vt 0.43076 0.78185
f 4153/10156 4198/10229 4200/10243
vt 0.73877 0.84433
f 4196/10143 4233/10111 4308/10244
vt 0.67410 0.37850
f 4280/10245 4138/9568 4264/10193
f 4238/10152 4216/10050 4185/10049
vt 0.79198 0.90266
f 4167/10101 4291/10223 4286/10246
vt 0.81671 0.78460
f 4192/10247 4068/9678 4218/10198
f 4003/10135 4244/10211 4131/10227
vt 0.51265 0.58157
vt 0.51405 0.58273
vt 0.51203 0.58208
f 4098/10248 4276/10249 4258/10250
vt 0.93344 0.33593
f 4181/10011 4248/10013 4243/10251
vt 0.10675 0.64548
vt 0.10514 0.64762
vt 0.10545 0.64432
f 4151/10252 4210/10253 4268/10254
vt 0.47728 0.90464
f 4225/10202 4270/10201 4206/10255
vt 0.10689 0.64240
f 4139/10256 4268/10254 4279/10166
vt 0.85975 0.54560
vt 0.85802 0.54738
f 4202/9885 4239/10257 4228/10258
vt 0.53725 0.16120
f 4211/9962 4207/9961 4220/10259
f 4069/9987 4177/9988 4276/10249
vt 0.48031 0.90376
vt 0.47951 0.90527
f 4270/10201 4186/10260 4311/10261
vt 0.84937 0.79104
f 4047/9836 4273/10262 4142/9891
vt 0.74241 0.25489
f 4132/9766 4322/10263 4331/10128
vt 0.81556 0.79201
f 4188/10115 4229/10114 4314/10264
vt 0.79010 0.90739
vt 0.78883 0.90686
f 4168/10100 4152/10265 4328/10266
f 4055/9478 4383/10207 4290/10180
vt 0.46667 0.53352
f 4158/9917 4234/10267 4322/10228
vt 0.04404 0.38443
f 4073/9229 4337/10129 4634/10268
vt 0.58502 0.32759
vt 0.58333 0.32466
f 4238/10152 4227/10269 4267/10270
vt 0.55585 0.41490
f 4183/10127 4215/10081 4262/10271
vt 0.02872 0.37207
f 4277/10272 4127/9896 4126/9859
vt 0.61223 0.54532
f 4209/10085 4324/10273 4242/10008
vt 0.38519 0.93224
f 4170/10037 4195/10235 4199/10274
vt 0.98906 0.13674
vt 0.98871 0.13652
vt 0.98906 0.13595
f 4213/10275 4188/10276 4217/10277
vt 0.38166 0.88286
vt 0.38304 0.88289
vt 0.38278 0.88367
f 4213/10278 4217/10279 4305/10280
vt 0.27302 0.97752
vt 0.27223 0.97765
vt 0.27208 0.97589
f 4211/10281 4220/10282 4195/10283
vt 0.58499 0.31222
f 4242/10216 4216/10050 4321/10284
vt 0.82003 0.78187
f 4193/9795 4194/10285 4218/10198
vt 0.46798 0.90460
vt 0.46934 0.90502
vt 0.46894 0.90702
f 4114/10286 4286/10287 4295/10288
vt 0.44874 0.47446
f 4203/10077 4160/10289 4378/10070
vt 0.44899 0.47872
vt 0.44592 0.47597
f 4160/10289 4269/10290 4313/10291
vt 0.85934 0.54257
f 4202/9885 4283/9830 4259/10292
f 4131/10227 4244/10211 4260/10217
vt 0.45851 0.85025
f 4205/10074 4197/10206 4285/10293
vt 0.80551 0.05486
f 4204/10098 4178/9730 4373/10294
vt 0.76797 0.32390
f 4397/10181 4008/9925 4306/10295
vt 0.53448 0.16048
f 4195/10215 4335/10296 4265/10073
f 4033/8873 4205/9957 4257/10147
vt 0.10349 0.66737
f 4212/10134 4233/10297 4244/10211
vt 0.84810 0.79416
f 4258/10196 4239/10298 4273/9997
vt 0.03897 0.37807
f 4186/9511 4254/10226 4311/10299
f 4196/10239 4372/10241 4269/10290
f 4160/10289 4313/10291 4378/10070
vt 0.84927 0.78835
vt 0.84781 0.79072
f 4140/10300 4142/9891 4259/10301
vt 0.44086 0.45686
f 4113/9671 4156/10030 4382/10302
vt 0.74081 0.82247
f 4305/10065 4210/10303 4226/10061
vt 0.42943 0.41192
f 4124/9755 4251/10189 4275/10304
f 4089/9620 4073/9229 4634/10268
vt 0.73979 0.84514
f 4308/10244 4233/10111 4212/10305
vt 0.74040 0.83648
f 4174/10107 4287/10157 4260/10306
vt 0.91100 0.03767
vt 0.91030 0.03566
f 4251/10110 4421/10307 4275/10308
vt 0.74040 0.83370
f 4160/10106 4240/10071 4171/10309
vt 0.85206 0.67401
vt 0.84887 0.67476
vt 0.84986 0.67306
f 4191/10310 4403/10311 4274/10312
vt 0.08135 0.55699
f 4130/9417 4392/10313 4251/10124
vt 0.74045 0.83983
f 4233/10111 4174/10107 4244/10314
f 4085/9906 4392/10313 4130/9417
vt 0.68489 0.23538
vt 0.68258 0.23588
f 4004/9408 4189/10315 4329/10316
vt 0.60274 0.37199
f 4158/10117 4263/10040 4234/10317
vt 0.43080 0.78643
vt 0.43131 0.78537
vt 0.43128 0.78880
f 4159/10318 4316/10319 4263/10320
vt 0.81842 0.78597
f 4192/10247 4218/10198 4284/10321
vt 0.10420 0.65525
f 4171/10122 4240/10322 4133/10123
f 4133/10123 4240/10322 4235/10188
vt 0.74048 0.82708
f 4226/10061 4235/10323 4240/10071
vt 0.50286 0.58058
vt 0.50108 0.58190
vt 0.50165 0.58085
f 4212/10324 4309/10325 4308/10326
vt 0.61462 0.54583
f 4209/10085 4164/10327 4324/10273
vt 0.10387 0.66215
f 4260/10217 4244/10211 4174/10328
vt 0.26894 0.75182
f 4252/9808 4262/10082 4334/10329
f 4202/9885 4259/10292 4239/10257
vt 0.44071 0.45392
f 4241/9759 4113/9671 4330/10330
f 4004/9408 4329/10316 4306/10225
vt 0.08410 0.54213
f 4249/9698 4074/9940 4546/10331
f 4160/10106 4171/10309 4287/10157
vt 0.05535 0.38577
f 4083/9842 4208/10116 4357/10332
f 4192/10247 4284/10321 4201/10175
vt 0.10443 0.67019
f 4212/10134 4228/10176 4302/10333
vt 0.10396 0.64935
f 4210/10253 4235/10188 4226/10334
vt 0.50560 0.58243
f 4212/10324 4302/10335 4309/10325
vt 0.53761 0.16340
f 4207/9961 4387/10336 4220/10259
vt 0.84813 0.79183
f 4239/10298 4259/10337 4273/9997
vt 0.86014 0.54682
f 4228/10258 4239/10257 4298/10338
vt 0.10442 0.63849
f 4279/10166 4284/10339 4175/10167
vt 0.53897 0.16415
vt 0.53986 0.16209
f 4236/10178 4439/10340 4207/10341
vt 0.77686 0.13686
f 4190/9738 4491/10342 4256/9515
vt 0.57054 0.60940
vt 0.56746 0.60574
vt 0.57009 0.60595
f 4232/10343 4442/10344 4189/10345
vt 0.45609 0.41299
f 4191/10044 4123/9436 4296/10346
vt 0.80520 0.30108
f 4221/10028 4399/10347 4182/9938
vt 0.72843 0.04254
vt 0.72885 0.04412
vt 0.72782 0.04505
f 4118/10348 4237/10349 4281/10350
f 4178/9730 4307/10083 4373/10294
vt 0.96712 0.72943
vt 0.96641 0.73111
vt 0.96606 0.73015
f 4188/10351 4314/10352 4217/10353
vt 0.92078 0.16855
f 4157/10132 4295/10197 4195/10354
vt 0.66988 0.57268
f 4222/9892 4426/10355 4232/10126
vt 0.76885 0.31532
f 4197/10210 4352/10209 4412/10356
vt 0.84787 0.79639
f 4239/10298 4258/10196 4298/10357
vt 0.81657 0.79135
vt 0.81714 0.79069
f 4268/10358 4229/10114 4279/10359
vt 0.74085 0.82161
f 4210/10303 4305/10065 4261/10360
vt 0.44416 0.94581
vt 0.44472 0.94767
vt 0.44343 0.94695
f 4300/10361 4293/10362 4303/10363
vt 0.93080 0.82669
f 4242/10231 4324/10364 4323/10232
vt 0.08634 0.52980
f 4146/9933 4257/10365 4169/9969
vt 0.15623 0.09877
f 4255/9648 3938/9345 4589/10366
f 4093/9432 4490/10203 4053/9297
vt 0.60747 0.54198
f 4150/9379 4327/10367 4144/9900
vt 0.44685 0.48568
f 4308/10240 4309/10368 4372/10241
vt 0.85192 0.67710
f 4191/10310 4296/10369 4403/10311
vt 0.91876 0.55824
vt 0.91872 0.56104
f 4144/10370 4327/10371 4247/9982
vt 0.25063 0.90609
f 4237/10130 4274/10093 4475/10372
vt 0.58290 0.31500
f 4216/10050 4341/10373 4321/10284
vt 0.10421 0.64577
f 4268/10254 4210/10253 4261/10374
vt 0.15023 0.09965
f 4086/9111 4255/9648 4670/10375
f 4086/9111 4670/10375 4591/9952
vt 0.43398 0.78287
f 4316/10319 4200/10243 4362/10376
vt 0.02756 0.37247
vt 0.02831 0.37419
f 4277/10377 4126/9859 4390/10378
vt 0.67648 0.37583
f 4264/10193 4506/10379 4280/10192
vt 0.02187 0.37093
f 4245/9921 4293/10024 4300/10380
vt 0.25020 0.90830
f 4237/10130 4475/10372 4281/10381
vt 0.81743 0.78981
f 4229/10114 4201/10175 4279/10382
vt 0.81637 0.79228
f 4229/10114 4268/10358 4261/10383
f 4229/10114 4261/10383 4314/10264
vt 0.93408 0.30538
vt 0.93427 0.30702
vt 0.93244 0.30540
f 4084/10384 4271/10385 4250/10386
vt 0.10305 0.66005
f 4171/10122 4260/10217 4287/10387
f 4231/9926 4397/10181 4352/10209
f 4128/10006 4169/9969 4344/10221
vt 0.87506 0.97678
vt 0.87489 0.97556
vt 0.87589 0.97560
f 4177/10388 4250/10389 4301/10390
vt 0.73708 0.25603
f 4222/9822 4331/10128 4370/10391
vt 0.94576 0.86438
f 4225/10213 5846/10392 4223/10214
f 4236/10178 4224/10177 4439/10340
vt 0.93230 0.30690
f 4250/10386 4271/10385 4301/10393
vt 0.47791 0.90571
f 4206/10255 4270/10201 4437/10394
vt 0.26790 0.75303
f 4252/9808 4292/10395 4172/9874
vt 0.87593 0.97608
vt 0.87605 0.97636
f 4177/10388 4310/10396 4276/10397
vt 0.86025 0.54143
f 4140/9986 4259/10398 4283/9830
f 4142/9891 4273/10262 4259/10301
vt 0.94475 0.06939
vt 0.94554 0.07046
vt 0.94447 0.07112
f 4219/10399 4341/10400 4289/10401
vt 0.10522 0.63462
vt 0.10408 0.63542
f 4194/10402 4284/10339 4218/10403
f 4177/10388 4301/10390 4310/10396
f 4194/10402 4175/10167 4284/10339
vt 0.38649 0.93238
f 4195/10235 4220/10404 4199/10274
vt 0.58256 0.32754
f 4227/10269 4320/10405 4267/10270
vt 0.02753 0.37239
f 4141/9665 4277/10406 4293/10024
vt 0.67219 0.57474
f 4222/9892 4370/10407 4426/10355
f 4313/10291 4269/10290 4372/10241
vt 0.58404 0.33145
f 4227/10269 4282/10408 4320/10405
f 4150/9379 4321/10138 4327/10367
vt 0.91457 0.55910
vt 0.91527 0.56116
f 4219/10409 4247/9982 4341/10410
f 4043/9898 4546/10331 4074/9940
vt 0.20773 0.08282
f 4155/9971 4573/10411 4166/9480
vt 0.77936 0.13690
f 4118/9797 4281/10412 4190/9738
vt 0.95629 0.12678
vt 0.95744 0.12643
vt 0.95741 0.12843
f 4124/10413 4340/10414 4436/10415
f 4163/9291 4319/10145 4294/9796
vt 0.58389 0.31596
f 4216/10050 4289/10416 4341/10373
vt 0.44571 0.41190
f 4230/9998 4336/9629 4513/10417
f 4168/10222 4328/10266 4291/10223
f 4201/10175 4284/10321 4279/10382
vt 0.77113 0.31301
f 4197/10210 4412/10356 4285/10418
vt 0.80898 0.05597
vt 0.80966 0.05767
vt 0.80841 0.05749
f 4220/10419 4387/10420 4355/10421
vt 0.93772 0.87990
vt 0.93793 0.88241
vt 0.93624 0.88100
f 4124/10422 4275/10423 4340/10424
vt 0.97494 0.16704
vt 0.97444 0.16618
vt 0.97537 0.16560
f 4254/10425 4349/10426 4311/10427
vt 0.43913 0.41195
f 4266/9798 4471/10428 4336/9629
vt 0.38687 0.93361
f 4199/10274 4220/10404 4355/10429
vt 0.38572 0.93379
f 4199/10274 4355/10429 4307/10430
vt 0.51319 0.58390
vt 0.51215 0.58268
f 4276/10249 4288/10431 4258/10432
vt 0.43396 0.77464
vt 0.43376 0.77630
f 4297/10155 4267/10433 4320/10434
vt 0.47123 0.90731
f 4286/10287 4291/10435 4295/10288
vt 0.93509 0.89529
vt 0.93248 0.89479
vt 0.93513 0.89339
f 4243/10436 4323/10437 4164/10438
f 4043/9898 4344/10221 4546/10331
vt 0.03730 0.37614
vt 0.03759 0.37784
vt 0.03616 0.37718
f 4225/10439 4206/10440 5846/10441
f 4249/9698 4546/10331 4048/9549
vt 0.43387 0.76672
f 4219/10150 4289/10442 4136/10151
vt 0.93437 0.30885
vt 0.93224 0.30781
f 4272/10443 4312/10444 4271/10385
vt 0.83314 0.96051
vt 0.83371 0.96008
vt 0.83416 0.96125
f 4276/10445 4310/10446 4292/10447
vt 0.83472 0.96009
vt 0.83417 0.96004
f 4172/10448 4292/10447 4312/10449
vt 0.25036 0.90397
f 4475/10372 4274/10093 4479/10450
vt 0.46198 0.84777
f 4205/10074 4285/10293 4257/10451
vt 0.97626 0.60868
vt 0.97593 0.60908
vt 0.97583 0.60820
f 4272/10452 4172/10453 4312/10454
vt 0.44313 0.44496
vt 0.44079 0.44272
f 4176/9985 4290/10455 4463/10456
vt 0.00883 0.97684
vt 0.00955 0.97818
vt 0.00869 0.97793
f 4258/10457 4288/10458 4298/10459
vt 0.58430 0.33440
vt 0.58290 0.33543
f 4278/10460 4339/10461 4282/10408
f 4297/10155 4320/10434 4198/10229
vt 0.08248 0.55235
f 4085/9906 4048/9549 4484/10462
f 4271/10385 4312/10444 4301/10393
f 4247/9982 4327/10371 4341/10410
vt 0.16081 0.09632
f 4053/9297 4431/10463 3938/9345
vt 0.56741 0.60291
f 4189/10345 4442/10344 4329/10464
vt 0.93292 0.89294
f 4324/10465 4164/10438 4323/10437
vt 0.58305 0.32296
f 4267/10270 4332/10466 4238/10152
f 4252/9808 4334/10329 4292/10395
vt 0.58403 0.31712
f 4238/10152 4289/10467 4216/10050
vt 0.83322 0.96186
f 4292/10447 4288/10468 4276/10445
vt 0.83392 0.96010
f 4312/10449 4292/10447 4310/10469
vt 0.24969 0.90323
f 4403/10470 4479/10450 4274/10093
vt 0.50658 0.58099
vt 0.51040 0.58251
f 4228/10471 4298/10472 4302/10335
vt 0.07955 0.55984
f 4251/10124 4392/10313 4421/10473
vt 0.58347 0.33815
f 4278/10460 4182/10474 4339/10461
vt 0.73126 0.04627
vt 0.72942 0.04578
f 4475/10475 4400/10476 4281/10350
vt 0.47800 0.54348
f 4214/9931 4176/10219 4348/10477
vt 0.43437 0.77244
f 4297/10155 4332/10478 4267/10433
vt 0.43959 0.45117
f 4241/9759 4330/10330 4361/10479
f 4297/10155 4136/10151 4332/10478
vt 0.51034 0.58416
f 4298/10472 4391/10480 4302/10335
vt 0.62692 0.04890
vt 0.62832 0.04988
vt 0.62692 0.05112
f 4204/10481 4373/10482 4299/10483
vt 0.91994 0.16901
vt 0.92027 0.16993
f 4195/10484 4295/10197 4335/10485
vt 0.11959 0.10622
f 4208/9975 4317/9460 4342/10486
vt 0.43389 0.77063
f 4136/10151 4289/10442 4332/10487
f 4123/9436 4230/9998 4513/10417
f 4238/10152 4332/10466 4289/10467
vt 0.53336 0.40580
f 4256/9353 4491/10488 4319/10195
f 4200/10243 4198/10229 4362/10376
vt 0.47203 0.53995
f 4253/9692 4180/10194 4368/10489
f 4277/10406 4390/10378 4293/10024
vt 0.38412 0.88270
f 4217/10279 4363/10490 4305/10280
vt 0.15398 0.67245
vt 0.15378 0.67417
vt 0.15238 0.67252
f 4333/10491 4217/10492 4315/10493
vt 0.62519 0.32834
vt 0.62585 0.33022
vt 0.62450 0.32956
f 4333/10494 4350/10495 4217/10496
vt 0.18610 0.08917
f 4104/8708 4064/9625 4514/10497
vt 0.12368 0.10597
f 4317/9460 4304/9890 4369/10498
f 3938/9345 4431/10463 4589/10366
vt 0.16586 0.09677
f 4053/9297 4574/10499 4431/10463
vt 0.21282 0.08359
f 4354/9186 4633/10500 4155/9971
f 4270/10201 4311/10261 4437/10394
vt 0.45092 0.41126
f 4123/9436 4513/10417 4500/10501
vt 0.43406 0.41341
f 4266/9798 4436/10502 4471/10428
vt 0.66883 0.57062
f 4232/10126 4426/10355 4447/10503
f 4338/9638 4241/9759 4361/10479
vt 0.03057 0.37854
f 4126/9859 4223/10220 4542/10504
vt 0.38280 0.88509
vt 0.38336 0.88451
f 4261/10505 4305/10280 4314/10506
vt 0.93382 0.67318
vt 0.93256 0.67567
vt 0.93288 0.67339
f 4333/10507 4315/10508 4353/10509
vt 0.21907 0.07944
f 4319/10145 4508/10510 4294/9796
vt 0.43719 0.44978
vt 0.43737 0.44731
f 4338/9638 4499/10511 4318/10512
vt 0.91625 0.34243
vt 0.91723 0.34219
vt 0.91642 0.34369
f 4301/10513 4312/10514 4406/10515
vt 0.38380 0.88107
f 4350/10516 4363/10490 4217/10279
vt 0.58197 0.33025
f 4320/10405 4282/10408 4198/10517
f 4298/10472 4288/10431 4391/10480
vt 0.44404 0.48236
f 4372/10241 4309/10368 4402/10518
vt 0.67907 0.58181
vt 0.67596 0.58154
vt 0.67661 0.58045
f 4318/10519 4345/10520 4264/10521
vt 0.05335 0.38732
f 4083/9842 4469/10522 4337/10129
vt 0.55391 0.41674
f 4262/10271 4215/10081 4334/10523
vt 0.15297 0.67473
f 4217/10492 4314/10524 4315/10493
vt 0.55835 0.41981
vt 0.55632 0.42064
f 4303/10234 4293/10525 4351/10526
f 4303/10234 4351/10526 4215/10081
f 4207/9961 4439/10340 4387/10336
vt 0.44077 0.47043
f 4378/10070 4495/10527 4418/10059
vt 0.93363 0.89650
f 4243/10436 4248/10528 4323/10437
f 4280/10192 4506/10379 4383/10207
vt 0.58134 0.33392
f 4339/10461 4362/10529 4282/10408
vt 0.84828 0.67746
f 4296/10369 4577/10530 4403/10311
vt 0.67084 0.57721
f 4370/10407 4553/10531 4426/10355
vt 0.75007 0.77460
vt 0.75075 0.77190
vt 0.75309 0.77421
f 4326/10532 4410/10533 4343/10534
vt 0.62655 0.34987
vt 0.62758 0.35183
vt 0.62525 0.35078
f 4325/10535 4376/10536 4326/10537
vt 0.97257 0.91023
vt 0.97230 0.90872
vt 0.97312 0.90915
f 4326/10538 4343/10539 4325/10540
f 4083/9842 4357/10332 4469/10522
vt 0.76918 0.31125
vt 0.77143 0.30873
f 4285/10418 4456/10541 4346/10542
vt 0.03681 0.37895
f 4206/10440 4437/10543 5846/10441
vt 0.44456 0.47743
f 4372/10241 4366/10544 4313/10291
vt 0.62540 0.34690
vt 0.62795 0.34886
vt 0.62618 0.34947
f 4379/10545 4372/10546 4325/10547
f 3933/9089 4162/10179 4064/9625
vt 0.62706 0.34650
f 4379/10545 4358/10548 4372/10546
f 4255/9648 4589/10366 4670/10375
vt 0.78774 0.90484
f 4291/10223 4328/10266 4384/10549
vt 0.56878 0.61112
f 4232/10343 4447/10550 4442/10344
vt 0.46522 0.53562
f 4234/10267 4356/10551 4322/10228
vt 0.90523 0.45759
vt 0.90768 0.45815
vt 0.90508 0.45888
f 4223/10552 5846/10553 4444/10554
vt 0.67514 0.57980
f 4264/10521 4345/10520 4485/10555
vt 0.93651 0.88305
f 4275/10423 4505/10556 4340/10424
vt 0.50435 0.58372
f 4302/10335 4393/10557 4309/10325
vt 0.55228 0.41393
vt 0.55112 0.41371
vt 0.55206 0.41322
f 4292/10558 4407/10559 4288/10560
vt 0.44094 0.45660
f 4113/9671 4382/10561 4330/10330
vt 0.95878 0.36445
vt 0.96061 0.36440
vt 0.95979 0.36584
f 4312/10562 4466/10563 4406/10564
vt 0.75306 0.77599
vt 0.75172 0.77557
f 4379/10565 4325/10566 4343/10534
vt 0.80601 0.51296
f 4224/10139 4299/10172 4483/10567
f 4126/9859 4542/10504 4390/10378
f 4253/9692 4368/10489 4399/10190
vt 0.47853 0.90678
f 4311/10261 4349/10568 4437/10394
vt 0.67408 0.37280
f 4264/10193 4487/10569 4506/10379
vt 0.97488 0.42152
vt 0.97499 0.42270
vt 0.97405 0.42198
f 4310/10570 4395/10571 4312/10572
vt 0.95051 0.89252
vt 0.95110 0.89167
vt 0.95079 0.89463
f 4326/10573 4376/10574 4423/10575
vt 0.02627 0.37435
f 4390/10378 4351/10576 4293/10024
vt 0.08600 0.53240
f 4169/9969 4257/10365 4346/10577
vt 0.45907 0.84751
f 4285/10293 4346/10578 4257/10451
vt 0.43419 0.78624
f 4316/10319 4365/10579 4263/10320
vt 0.97425 0.42289
f 4312/10572 4395/10571 4466/10580
vt 0.38395 0.88496
f 4314/10506 4305/10280 4375/10581
vt 0.15203 0.67492
vt 0.15105 0.67320
f 4314/10524 4375/10582 4398/10583
vt 0.94982 0.89534
vt 0.95096 0.89736
f 4326/10584 4423/10575 4411/10585
vt 0.74923 0.77334
f 4326/10532 4411/10586 4410/10533
f 4315/10493 4314/10524 4398/10583
vt 0.43434 0.79064
vt 0.43189 0.79118
f 4263/10320 4408/10587 4234/10588
vt 0.58273 0.31202
f 4341/10373 4327/10589 4321/10284
f 4085/9906 4484/10462 4392/10313
f 4161/9624 4562/10233 4162/10179
vt 0.80645 0.05879
f 4307/10083 4355/10421 4488/10590
f 4305/10280 4363/10490 4375/10581
f 4104/8708 4514/10497 3960/9318
vt 0.47546 0.54300
f 4214/9931 4348/10477 4470/10591
vt 0.80336 0.94743
vt 0.80352 0.94834
vt 0.80207 0.94720
f 4310/10592 4301/10593 4454/10594
vt 0.43535 0.44667
f 4318/10512 4499/10511 4345/10595
vt 0.80173 0.94841
f 4301/10593 4406/10596 4454/10594
vt 0.58245 0.34166
vt 0.58095 0.33694
f 4182/10474 4399/10597 4365/10598
f 4182/10474 4365/10598 4339/10461
f 4214/9931 4470/10591 4180/10194
vt 0.38486 0.88065
f 4350/10516 4413/10599 4363/10490
vt 0.93308 0.67127
f 4333/10507 4353/10509 4394/10600
vt 0.62810 0.34673
f 4358/10548 4366/10601 4372/10546
vt 0.05075 0.38668
f 4337/10129 4469/10522 4453/10602
vt 0.03384 0.37803
f 4223/10220 4444/10603 4542/10504
vt 0.92465 0.90950
vt 0.92359 0.90879
vt 0.92562 0.90956
f 4208/10604 4342/10605 4357/10606
vt 0.04155 0.38122
f 4254/10226 4089/9620 4472/10607
vt 0.44059 0.46310
f 4156/10030 4418/10059 4441/10608
vt 0.73966 0.25938
f 4331/10128 4473/10609 4370/10391
vt 0.56733 0.59962
vt 0.56555 0.60126
f 4306/10610 4329/10464 4397/10611
vt 0.40467 0.66403
vt 0.40672 0.66228
vt 0.40785 0.66266
f 4379/10612 4343/10613 4414/10614
vt 0.92670 0.59835
vt 0.92696 0.60035
vt 0.92474 0.60019
f 4328/10615 4265/10616 4384/10617
vt 0.26905 0.75379
f 4292/10395 4334/10329 4407/10618
f 4053/9297 4490/10203 4574/10499
vt 0.92255 0.16978
f 4295/10197 4364/10619 4335/10485
vt 0.47022 0.90846
f 4295/10288 4291/10435 4364/10620
vt 0.04138 0.37988
vt 0.04059 0.38158
vt 0.03985 0.37952
f 4254/10621 4472/10622 4349/10623
vt 0.77835 0.13845
f 4281/10412 4400/10624 4190/9738
f 4373/10294 4307/10083 4488/10590
f 4198/10517 4282/10408 4362/10529
f 4338/9638 4361/10479 4499/10511
vt 0.05544 0.38897
f 4357/10332 4544/10625 4469/10522
vt 0.53556 0.40710
f 4319/10195 4491/10488 4508/10626
vt 0.20582 0.08631
f 4562/10233 4166/9480 4638/10627
f 4166/9480 4573/10411 4638/10627
vt 0.15028 0.67509
f 4398/10583 4375/10582 4371/10628
vt 0.08280 0.55965
f 4421/10473 4392/10313 4347/10629
vt 0.62893 0.32862
f 4333/10494 4459/10630 4350/10495
vt 0.62696 0.32799
f 4333/10494 4394/10631 4459/10630
f 4180/10194 4470/10591 4368/10489
vt 0.44146 0.46105
vt 0.44132 0.45953
f 4156/10030 4359/10632 4459/10633
vt 0.08473 0.54758
f 4048/9549 4462/10634 4484/10462
vt 0.62932 0.35112
f 4372/10546 4402/10635 4325/10535
vt 0.04957 0.38653
f 4337/10129 4453/10602 4486/10636
f 4331/10128 4322/10263 4473/10609
f 4156/10030 4441/10608 4359/10632
vt 0.62886 0.34555
f 4358/10548 4416/10637 4366/10601
vt 0.50778 0.58667
f 4391/10480 4360/10638 4302/10335
f 4156/10030 4459/10633 4382/10302
vt 0.80275 0.94608
f 4310/10592 4454/10594 4395/10639
f 4325/10535 4402/10635 4376/10536
vt 0.38512 0.87922
f 4350/10516 4359/10640 4413/10599
vt 0.47700 0.90728
f 4349/10568 4507/10641 4437/10394
vt 0.54022 0.16518
f 4439/10340 4224/10177 4483/10642
vt 0.50591 0.58487
f 4302/10335 4428/10643 4393/10557
f 4339/10461 4365/10598 4362/10529
vt 0.62833 0.33010
f 4350/10495 4459/10630 4359/10644
vt 0.92682 0.60193
f 4265/10616 4335/10645 4384/10617
vt 0.75358 0.77227
f 4410/10533 4414/10646 4343/10534
f 4313/10291 4366/10544 4378/10070
vt 0.26941 0.75330
f 4334/10329 4524/10647 4407/10618
vt 0.92431 0.60184
f 4335/10645 4364/10648 4384/10617
vt 0.44435 0.48591
f 4309/10368 4433/10649 4402/10518
f 4285/10418 4412/10356 4456/10541
vt 0.91198 0.04072
vt 0.91056 0.04052
f 4421/10307 4347/10650 4554/10651
f 4317/9460 4369/10498 4342/10486
vt 0.62910 0.05377
f 4373/10482 4545/10652 4299/10483
vt 0.96692 0.67206
vt 0.96651 0.67400
vt 0.96585 0.67271
f 4352/10653 4432/10654 4455/10655
f 4169/9969 4346/10577 4344/10221
vt 0.74487 0.77603
vt 0.74559 0.77378
vt 0.74642 0.77587
f 4309/10656 4393/10657 4385/10658
vt 0.67277 0.57711
f 4370/10407 4417/10659 4553/10531
vt 0.76667 0.32066
f 4397/10181 4432/10660 4352/10209
vt 0.15325 0.68215
vt 0.15183 0.68447
vt 0.15111 0.67958
f 4374/10661 4386/10662 4389/10663
vt 0.15277 0.67976
f 4374/10661 4389/10663 4396/10664
vt 0.15283 0.67182
vt 0.15187 0.66972
vt 0.15341 0.67043
f 4353/10665 4409/10666 4394/10667
vt 0.74905 0.77143
f 4411/10586 4448/10668 4410/10533
f 4633/10500 4573/10411 4155/9971
vt 0.97484 0.42336
f 4395/10571 4407/10669 4466/10580
vt 0.74907 0.25327
vt 0.75135 0.25446
vt 0.74935 0.25520
f 4388/10670 4502/10671 4381/10672
vt 0.12671 0.10832
f 4304/9890 4465/10673 4369/10498
vt 0.62542 0.33117
vt 0.62775 0.33192
vt 0.62546 0.33280
f 4363/10674 4413/10675 4375/10676
vt 0.62569 0.33977
vt 0.62630 0.33798
vt 0.62722 0.34230
f 4386/10677 4374/10678 4380/10679
f 4337/10129 4486/10636 4634/10268
vt 0.98963 0.01292
vt 0.98923 0.01321
vt 0.98923 0.01265
f 4353/10680 4315/10681 4409/10682
vt 0.15350 0.68717
vt 0.15305 0.68997
f 4380/10683 4379/10684 4386/10662
f 4491/10342 4190/9738 4400/10624
vt 0.15241 0.67608
f 4375/10685 4396/10664 4389/10663
vt 0.62735 0.34550
vt 0.62552 0.34554
f 4380/10679 4358/10686 4379/10687
f 4316/10319 4362/10376 4365/10579
vt 0.15063 0.69026
f 4379/10684 4414/10688 4386/10662
vt 0.62601 0.33537
f 4375/10676 4413/10675 4396/10689
f 4048/9549 4546/10331 4462/10634
vt 0.62970 0.33618
f 4374/10678 4396/10689 4404/10690
vt 0.74763 0.77569
vt 0.74765 0.77442
f 4376/10691 4385/10658 4423/10692
vt 0.75047 0.25278
f 4388/10670 4451/10693 4502/10671
vt 0.18016 0.09174
f 4173/10023 3960/9318 4549/10694
vt 0.02753 0.37635
f 4390/10378 4405/10695 4351/10576
vt 0.51089 0.58627
f 4391/10480 4504/10696 4360/10638
f 4358/10686 4380/10679 4416/10637
vt 0.93398 0.74643
vt 0.93363 0.74888
vt 0.93231 0.74968
f 4361/10697 4330/10698 4568/10699
vt 0.93229 0.74597
f 4361/10697 4568/10699 4467/10700
vt 0.53922 0.16619
f 4439/10340 4483/10642 4585/10701
vt 0.92375 0.90643
f 4342/10605 4460/10702 4357/10606
vt 0.92494 0.90514
f 4357/10606 4460/10702 4615/10703
vt 0.44086 0.44495
f 4290/10455 4383/10704 4463/10456
vt 0.75089 0.25575
f 4502/10671 4494/10705 4381/10672
vt 0.93323 0.75093
f 4330/10698 4382/10706 4568/10699
vt 0.95900 0.67453
vt 0.96105 0.67431
vt 0.96029 0.67641
f 4388/10707 4381/10708 4538/10709
vt 0.14671 0.67401
f 4371/10628 4675/10710 4398/10583
vt 0.43987 0.45890
f 4382/10302 4459/10633 4497/10711
vt 0.43925 0.45792
f 4382/10302 4497/10711 4477/10712
f 4397/10611 4329/10464 4442/10344
vt 0.14923 0.66978
f 4315/10493 4398/10583 4446/10713
f 4315/10493 4446/10713 4409/10666
vt 0.56240 0.60039
vt 0.56236 0.60196
vt 0.55999 0.60111
f 4352/10714 4455/10715 4412/10716
vt 0.43514 0.41023
f 4436/10502 4468/10717 4471/10428
vt 0.43095 0.41310
vt 0.43132 0.41081
f 4436/10502 4340/10718 4505/10719
vt 0.15015 0.67556
f 4375/10685 4389/10663 4371/10720
vt 0.62698 0.35302
vt 0.62855 0.35489
vt 0.62702 0.35537
f 4385/10721 4443/10722 4309/10723
f 4385/10658 4393/10657 4423/10692
vt 0.80790 0.51268
f 4299/10172 4545/10724 4483/10567
f 4374/10678 4404/10690 4380/10679
vt 0.44093 0.43999
f 4176/9985 4463/10456 4348/10725
vt 0.75347 0.77061
f 4414/10646 4410/10533 4450/10726
vt 0.51276 0.58568
f 4288/10431 4377/10727 4391/10480
vt 0.47876 0.90793
vt 0.47744 0.90808
f 4349/10568 4472/10728 4692/10729
f 4349/10568 4692/10729 4507/10641
vt 0.96062 0.36652
f 4406/10564 4466/10563 4461/10730
vt 0.44177 0.47681
f 4366/10544 4493/10731 4378/10070
vt 0.91763 0.34591
vt 0.91520 0.34569
f 4406/10515 4461/10732 4429/10733
vt 0.63062 0.05292
f 4373/10482 4488/10734 4545/10652
vt 0.43213 0.44790
f 4345/10595 4499/10511 4623/10735
vt 0.94864 0.86687
vt 0.94910 0.86810
vt 0.94797 0.86823
f 4401/10736 4422/10737 4518/10738
vt 0.89647 0.77852
vt 0.89422 0.77797
vt 0.89646 0.77678
f 4361/10739 4467/10740 4499/10741
vt 0.46754 0.53803
vt 0.46706 0.53647
f 4399/10190 4598/10742 4408/10743
vt 0.97725 0.85511
vt 0.97716 0.85378
vt 0.97798 0.85491
f 4376/10744 4449/10745 4385/10746
vt 0.80881 0.05897
f 4387/10420 4531/10747 4355/10421
f 4263/10320 4365/10579 4408/10587
vt 0.66842 0.57276
f 4426/10355 4435/10748 4447/10503
vt 0.92365 0.60051
f 4384/10617 4364/10648 4291/10749
vt 0.63041 0.35244
f 4376/10536 4402/10635 4449/10750
vt 0.14896 0.68243
f 4386/10662 4425/10751 4389/10663
vt 0.49830 0.58295
vt 0.49963 0.58326
f 4433/10752 4309/10325 4443/10753
vt 0.58035 0.34120
f 4365/10598 4399/10597 4408/10754
vt 0.80323 0.94600
vt 0.80346 0.94554
f 4407/10755 4395/10639 4288/10756
vt 0.55344 0.41661
vt 0.55059 0.41818
vt 0.55071 0.41640
f 4334/10757 4440/10758 4524/10759
vt 0.47367 0.54299
f 4368/10489 4470/10591 4527/10760
vt 0.55397 0.42065
f 4215/10081 4351/10526 4405/10761
f 4089/9620 4634/10268 4472/10607
vt 0.75063 0.23809
vt 0.75099 0.23673
vt 0.75200 0.23879
f 4422/10762 4401/10763 4445/10764
vt 0.14839 0.68846
f 4386/10662 4414/10688 4606/10765
f 4336/9629 4471/10428 4513/10417
vt 0.67932 0.37779
f 4506/10379 4523/10766 4383/10207
f 4234/10267 4408/10743 4356/10551
vt 0.55219 0.42041
f 4215/10081 4405/10761 4529/10767
vt 0.75157 0.25201
f 4502/10671 4451/10693 4420/10768
vt 0.66952 0.36970
vt 0.66858 0.36849
vt 0.67174 0.36798
f 4417/10769 4370/10770 4607/10771
f 4390/10378 4542/10504 4405/10695
vt 0.13286 0.10576
f 4367/9672 4246/9920 4558/10772
vt 0.45848 0.97651
vt 0.45753 0.97703
vt 0.45731 0.97588
f 4387/10773 4439/10774 4531/10775
vt 0.62690 0.32705
vt 0.62937 0.32418
vt 0.62901 0.32727
f 4394/10776 4458/10777 4459/10778
vt 0.94739 0.86592
f 4401/10736 4518/10738 4512/10779
vt 0.43987 0.47477
f 4378/10070 4493/10731 4519/10780
vt 0.74242 0.25843
f 4322/10263 4356/10781 4473/10609
vt 0.91453 0.34456
f 4406/10515 4429/10733 4454/10782
vt 0.67130 0.37165
f 4485/10783 4417/10769 4607/10771
f 4367/9672 4558/10772 4304/9890
vt 0.55194 0.41512
vt 0.54998 0.41514
f 4524/10784 4415/10785 4407/10559
f 4264/10193 4485/10783 4487/10569
vt 0.74675 0.88487
vt 0.74691 0.88974
vt 0.74592 0.88455
f 4424/10786 4419/10787 4430/10788
vt 0.73465 0.73797
vt 0.73651 0.73902
vt 0.73519 0.74071
f 4447/10789 4435/10790 4498/10791
vt 0.97388 0.93227
vt 0.97458 0.93242
vt 0.97406 0.93408
f 4411/10792 4423/10793 4393/10794
vt 0.56386 0.60237
f 4397/10611 4442/10344 4432/10795
vt 0.74687 0.89237
vt 0.74616 0.89281
f 4420/10796 4451/10797 4419/10787
vt 0.74666 0.88005
f 4424/10786 4430/10788 4445/10798
vt 0.12087 0.10945
vt 0.11840 0.10846
f 4342/10486 4700/10799 4460/10800
vt 0.67193 0.58089
f 4485/10555 4623/10801 4417/10659
f 3960/9318 4514/10497 4549/10694
vt 0.42936 0.41008
vt 0.42855 0.40976
vt 0.43055 0.40879
f 4275/10802 4421/10803 4535/10804
vt 0.43898 0.46795
f 4418/10059 4517/10805 4441/10608
vt 0.80202 0.94633
f 4454/10594 4427/10806 4395/10639
f 4334/10757 4215/10081 4529/10767
f 4334/10757 4529/10767 4440/10758
vt 0.84757 0.67612
f 4403/10311 4577/10530 4479/10807
vt 0.90541 0.46023
vt 0.90769 0.46073
vt 0.90524 0.46153
f 4548/10808 4437/10809 4476/10810
vt 0.55007 0.41264
vt 0.55121 0.41184
f 4288/10560 4395/10811 4377/10812
vt 0.14832 0.67585
f 4389/10663 4516/10813 4371/10720
vt 0.04072 0.38344
f 4472/10607 4634/10268 4622/10814
f 4399/10190 4368/10489 4598/10742
f 4398/10583 4675/10710 4446/10713
vt 0.74524 0.77310
vt 0.74507 0.77158
vt 0.74808 0.77283
f 4393/10815 4428/10816 4411/10817
vt 0.75177 0.24458
vt 0.75281 0.24216
f 4424/10818 4445/10764 4452/10819
vt 0.75251 0.25286
f 4502/10671 4420/10768 4536/10820
vt 0.75297 0.23634
f 4401/10763 4481/10821 4445/10764
f 4396/10689 4413/10675 4404/10690
vt 0.92642 0.90717
f 4357/10606 4615/10703 4544/10822
vt 0.74602 0.87926
f 4445/10798 4430/10788 4422/10823
f 4123/9436 4500/10501 4296/10346
vt 0.74827 0.77131
f 4411/10817 4438/10824 4448/10668
vt 0.75393 0.25399
f 4502/10671 4536/10820 4561/10825
vt 0.76768 0.31347
f 4412/10356 4510/10826 4456/10541
f 4495/10527 4517/10805 4418/10059
vt 0.64676 0.16763
vt 0.64404 0.16614
vt 0.64563 0.16622
f 4461/10827 4466/10828 4496/10829
vt 0.54961 0.41194
f 4377/10812 4395/10811 4427/10830
f 4385/10721 4449/10750 4443/10722
vt 0.43990 0.45633
vt 0.43822 0.45429
f 4382/10831 4477/10712 4568/10832
f 4302/10335 4360/10638 4428/10643
vt 0.87085 0.28885
vt 0.86949 0.29037
vt 0.86896 0.28797
f 4494/10833 4538/10834 4381/10835
vt 0.77708 0.13981
f 4491/10342 4400/10624 4492/10836
vt 0.89656 0.77342
vt 0.89439 0.77351
f 4528/10837 4499/10741 4659/10838
vt 0.75198 0.23500
f 4401/10763 4512/10839 4481/10821
vt 0.56912 0.61488
vt 0.56747 0.61479
f 4498/10840 4501/10841 4447/10550
f 4304/9890 4558/10772 4465/10673
vt 0.49758 0.58378
f 4433/10752 4443/10753 4509/10842
vt 0.96865 0.33520
vt 0.96808 0.33485
vt 0.96827 0.33282
f 4366/10843 4416/10844 4493/10845
vt 0.63265 0.34327
f 4416/10637 4380/10679 4590/10846
f 4356/10551 4408/10743 4598/10742
vt 0.93743 0.88449
f 4505/10556 4275/10423 4535/10847
vt 0.85220 0.68112
f 4296/10369 4643/10848 4577/10530
vt 0.74528 0.88994
f 4430/10788 4419/10787 4457/10849
f 4419/10787 4451/10797 4457/10849
vt 0.90752 0.46216
f 4437/10809 4507/10850 4476/10810
f 4389/10663 4425/10751 4516/10813
vt 0.14790 0.69043
f 4414/10688 4450/10851 4606/10765
vt 0.14747 0.67531
f 4675/10710 4371/10628 4516/10852
vt 0.62591 0.32496
f 4409/10853 4458/10777 4394/10776
vt 0.18860 0.09259
f 4064/9625 4906/10854 4514/10497
vt 0.63097 0.34591
f 4416/10637 4590/10846 4493/10855
vt 0.75143 0.76913
f 4410/10533 4552/10856 4450/10726
vt 0.73717 0.25994
f 4370/10391 4473/10609 4607/10857
vt 0.74731 0.77120
f 4411/10817 4428/10816 4438/10858
vt 0.67480 0.58171
f 4345/10859 4623/10801 4485/10555
f 4606/10765 4425/10751 4386/10662
vt 0.08785 0.53367
f 4346/10577 4434/10860 4344/10221
vt 0.74481 0.88228
f 4430/10788 4557/10861 4422/10823
f 4354/9186 4294/9796 4633/10500
vt 0.56270 0.60430
f 4432/10795 4442/10344 4478/10862
vt 0.43844 0.44016
f 4348/10725 4463/10456 4470/10863
vt 0.44237 0.48567
f 4402/10518 4433/10649 4509/10864
vt 0.03960 0.38364
vt 0.03795 0.38341
f 4472/10622 4618/10865 4692/10866
vt 0.56301 0.60321
f 4432/10795 4478/10862 4455/10867
f 4342/10486 4369/10498 4700/10799
vt 0.43911 0.44448
f 4383/10704 4523/10868 4463/10456
vt 0.63000 0.33057
vt 0.63148 0.33111
f 4413/10675 4359/10869 4474/10870
vt 0.19504 0.09024
f 4064/9625 4162/10179 4654/10871
vt 0.75174 0.25620
vt 0.75375 0.25718
f 4494/10872 4502/10671 4552/10873
vt 0.78177 0.96232
vt 0.78063 0.96214
vt 0.78127 0.96014
f 4455/10874 4478/10875 4412/10876
f 4380/10679 4404/10690 4590/10846
vt 0.72814 0.04659
vt 0.72747 0.04746
f 4400/10877 4475/10475 4492/10878
vt 0.46920 0.53932
f 4368/10489 4565/10879 4598/10742
f 4417/10659 4623/10801 4553/10531
vt 0.53767 0.16579
f 4439/10340 4585/10701 4531/10880
vt 0.62766 0.32402
f 4409/10853 4543/10881 4458/10777
vt 0.56228 0.60767
f 4442/10344 4569/10882 4478/10862
vt 0.74492 0.88672
f 4430/10788 4457/10849 4586/10883
f 4495/10527 4378/10070 4519/10780
vt 0.91619 0.34722
f 4461/10732 4689/10884 4429/10733
vt 0.63317 0.33347
f 4413/10675 4474/10870 4639/10885
f 4413/10675 4639/10885 4404/10690
vt 0.75342 0.23914
f 4445/10764 4520/10886 4452/10819
vt 0.43316 0.45022
f 4499/10511 4528/10887 4623/10735
vt 0.56456 0.60954
f 4442/10344 4447/10550 4534/10888
vt 0.94680 0.86731
f 4512/10779 4518/10738 4521/10889
vt 0.14975 0.66828
f 4409/10666 4446/10713 4543/10890
vt 0.63156 0.35482
f 4443/10722 4449/10750 4509/10891
f 4436/10502 4505/10719 4468/10717
vt 0.75188 0.24851
vt 0.75286 0.25051
f 4420/10768 4419/10892 4533/10893
vt 0.51520 0.58678
vt 0.51340 0.58825
f 4427/10894 4629/10895 4377/10727
vt 0.51736 0.58665
vt 0.51903 0.58699
vt 0.51772 0.58902
f 4454/10896 4429/10897 4480/10898
vt 0.75298 0.24500
f 4424/10818 4551/10899 4419/10892
vt 0.76932 0.30820
f 4346/10542 4456/10541 4434/10900
vt 0.96614 0.96332
vt 0.96674 0.96331
vt 0.96615 0.96474
f 4472/10901 4622/10902 4618/10903
vt 0.96720 0.28971
vt 0.96706 0.29198
vt 0.96607 0.28984
f 4388/10904 4539/10905 4451/10906
vt 0.74846 0.76956
f 4448/10668 4532/10907 4410/10533
vt 0.17204 0.09589
f 4574/10499 4490/10203 4783/10908
vt 0.97468 0.12066
vt 0.97426 0.11897
vt 0.97511 0.11988
f 4476/10909 4507/10910 4576/10911
f 4377/10727 4504/10696 4391/10480
f 4424/10818 4452/10819 4551/10899
f 4430/10788 4586/10883 4557/10861
vt 0.75343 0.76885
f 4450/10726 4552/10856 4464/10912
vt 0.64277 0.16552
vt 0.64311 0.16478
vt 0.64326 0.16629
f 4407/10913 4415/10914 4466/10915
vt 0.96942 0.42145
vt 0.96898 0.42311
vt 0.96856 0.42227
f 4438/10916 4532/10917 4448/10918
vt 0.96603 0.29158
f 4451/10906 4539/10905 4511/10919
vt 0.44284 0.48261
f 4402/10518 4509/10864 4449/10920
f 4420/10768 4533/10893 4536/10820
vt 0.63300 0.33764
f 4404/10690 4517/10921 4590/10846
vt 0.75309 0.23650
vt 0.75454 0.23804
f 4445/10764 4481/10922 4503/10923
vt 0.67464 0.37109
f 4485/10783 4601/10924 4487/10569
vt 0.66727 0.57495
f 4435/10748 4426/10355 4617/10925
vt 0.14587 0.67119
f 4675/10710 4540/10926 4446/10713
f 4445/10764 4503/10923 4520/10886
vt 0.74465 0.87933
f 4422/10823 4557/10861 4518/10927
vt 0.43577 0.44281
f 4463/10456 4663/10928 4470/10863
f 4442/10344 4534/10888 4569/10882
vt 0.63076 0.32787
f 4459/10778 4458/10777 4497/10929
vt 0.55905 0.60520
vt 0.56010 0.60291
f 4478/10862 4547/10930 4412/10931
vt 0.42844 0.40832
f 4421/10803 4554/10932 4535/10804
vt 0.56692 0.61296
f 4447/10550 4501/10841 4482/10933
vt 0.75058 0.76836
f 4410/10533 4579/10934 4552/10856
vt 0.80919 0.06094
f 4355/10421 4531/10935 4488/10590
vt 0.43871 0.46060
f 4497/10711 4525/10936 4477/10712
f 4427/10894 4454/10896 4480/10898
vt 0.51529 0.58873
f 4427/10894 4480/10898 4588/10937
vt 0.95894 0.67636
f 4388/10707 4538/10709 4539/10938
vt 0.55778 0.60166
f 4412/10716 4547/10930 4510/10939
vt 0.03509 0.37951
f 4444/10603 4548/10940 4542/10504
vt 0.73111 0.05052
f 4475/10475 4698/10941 4492/10878
vt 0.74494 0.89303
f 4511/10942 4457/10849 4451/10797
vt 0.08906 0.54146
f 4344/10221 4681/10943 4546/10331
f 4466/10828 4415/10914 4496/10829
vt 0.08607 0.55021
f 4484/10462 4462/10634 4691/10944
vt 0.14591 0.67680
f 4516/10813 4425/10751 4620/10945
vt 0.93986 0.52227
vt 0.93961 0.52088
vt 0.94093 0.51939
f 4504/10946 4515/10947 4559/10948
vt 0.46529 0.53852
f 4598/10742 4563/10949 4356/10551
vt 0.44406 0.40921
f 4513/10417 4471/10428 4662/10950
vt 0.76791 0.30877
f 4456/10541 4636/10951 4434/10900
vt 0.94240 0.52252
f 4504/10946 4559/10948 4360/10952
vt 0.45545 0.40907
f 4296/10346 4500/10501 4643/10953
vt 0.08486 0.55745
f 4392/10313 4522/10954 4347/10629
f 4463/10456 4523/10868 4663/10928
vt 0.75463 0.25511
f 4502/10671 4464/10955 4552/10873
vt 0.14246 0.10492
vt 0.13634 0.10847
f 4246/9920 4530/10956 4853/10957
f 4392/10313 4484/10462 4522/10954
vt 0.56828 0.61762
f 4498/10840 4599/10958 4501/10841
vt 0.74910 0.76897
f 4410/10533 4532/10907 4559/10959
vt 0.56628 0.61232
f 4447/10550 4482/10960 4534/10888
vt 0.17706 0.09586
f 4173/10023 4896/10961 4490/10203
f 4369/10498 4465/10673 4700/10799
vt 0.74229 0.26120
f 4356/10781 4563/10962 4473/10609
vt 0.67857 0.37428
f 4506/10379 4640/10963 4523/10766
f 4426/10355 4553/10531 4617/10925
vt 0.43951 0.47701
f 4493/10731 4575/10964 4519/10780
vt 0.73697 0.74342
vt 0.73513 0.74331
f 4498/10791 4580/10965 4599/10966
f 4173/10023 4549/10694 4896/10961
vt 0.39535 0.88974
vt 0.39576 0.88645
vt 0.39608 0.89024
f 4419/10967 4551/10968 4533/10969
vt 0.73552 0.04857
vt 0.73637 0.04980
vt 0.73465 0.05168
f 4479/10970 4577/10971 4626/10972
vt 0.94696 0.86881
f 4521/10889 4518/10738 4556/10973
vt 0.08922 0.53693
f 4344/10221 4434/10860 4571/10974
vt 0.08599 0.55543
f 4484/10462 4611/10975 4522/10954
vt 0.63314 0.34568
f 4493/10855 4590/10846 4575/10976
vt 0.76619 0.31038
f 4510/10826 4677/10977 4456/10541
f 4691/10944 4611/10975 4484/10462
vt 0.74553 0.76934
f 4438/10858 4428/10816 4360/10978
vt 0.65051 0.96067
vt 0.65211 0.95989
vt 0.65185 0.96143
f 4481/10979 4512/10980 4570/10981
vt 0.80806 0.06252
f 4488/10590 4531/10935 4695/10982
vt 0.02809 0.37834
f 4405/10695 4542/10504 4529/10983
vt 0.74547 0.68607
vt 0.74432 0.68538
vt 0.74527 0.68405
f 4511/10984 4526/10985 4457/10986
f 4344/10221 4571/10974 4681/10943
vt 0.47058 0.54144
f 4368/10489 4661/10987 4565/10879
vt 0.74660 0.76758
vt 0.74765 0.76638
f 4559/10959 4515/10988 4613/10989
vt 0.14665 0.66957
f 4540/10926 4616/10990 4446/10713
f 4561/10825 4464/10955 4502/10671
vt 0.67556 0.37213
f 4487/10569 4572/10991 4506/10379
vt 0.87383 0.28854
vt 0.87327 0.29119
f 4494/10833 4552/10992 4768/10993
vt 0.91463 0.13373
vt 0.91610 0.13218
vt 0.91686 0.13311
f 4487/10994 4601/10995 4572/10996
f 4246/9920 4853/10957 4558/10772
vt 0.56611 0.61382
f 4482/10933 4501/10841 4578/10997
vt 0.03664 0.38251
vt 0.03709 0.38086
f 4692/10866 4602/10998 4507/10999
vt 0.89378 0.77599
f 4499/10741 4650/11000 4659/10838
f 4499/10741 4467/10740 4650/11000
vt 0.90527 0.46290
vt 0.90672 0.46362
f 4576/11001 4507/10850 4602/11002
f 4359/10632 4441/10608 4525/10936
vt 0.04987 0.38983
f 4469/10522 4687/11003 4453/10602
vt 0.64387 0.16361
f 4415/10914 4550/11004 4496/10829
vt 0.73842 0.74069
f 4435/10790 4617/11005 4498/10791
f 4456/10541 4677/10977 4636/10951
vt 0.73443 0.04812
f 4475/10475 4479/11006 4698/10941
vt 0.63242 0.32914
f 4359/10869 4525/11007 4474/10870
vt 0.95708 0.91423
vt 0.95712 0.91656
vt 0.95605 0.91499
f 4521/11008 4556/11009 4570/11010
f 4246/9920 4489/9905 4530/10956
vt 0.18454 0.09623
f 4549/10694 4514/10497 5090/11011
vt 0.04557 0.38815
f 4634/10268 4486/10636 4726/11012
vt 0.74361 0.68064
f 4457/10986 4526/10985 4586/11013
f 4410/10533 4559/10959 4579/10934
vt 0.91446 0.34707
f 4429/10733 4689/10884 4480/11014
vt 0.97415 0.84028
vt 0.97527 0.84039
vt 0.97415 0.84150
f 4520/11015 4503/11016 4564/11017
vt 0.43595 0.46107
f 4441/10608 4621/11018 4525/10936
vt 0.09074 0.53454
f 4434/10860 4636/11019 4571/10974
vt 0.97335 0.09686
vt 0.97332 0.09793
vt 0.97228 0.09821
f 4503/11020 4481/11021 4570/11022
vt 0.64182 0.16428
f 4524/11023 4550/11004 4415/10914
vt 0.67687 0.37223
f 4506/10379 4572/10991 4738/11024
vt 0.43773 0.46644
f 4517/10805 4678/11025 4441/10608
vt 0.43655 0.44030
f 4470/10863 4663/10928 4527/11026
f 4569/10882 4547/10930 4478/10862
f 4516/10852 4620/10945 4675/10710
f 4498/10791 4617/11005 4580/10965
f 4490/10203 4896/10961 4783/10908
vt 0.74304 0.67246
vt 0.74330 0.67483
vt 0.74233 0.67244
f 4518/11027 4557/11028 4556/11029
vt 0.73758 0.74695
vt 0.73484 0.74592
f 4599/10966 4637/11030 4537/11031
f 4599/10966 4580/10965 4637/11030
vt 0.95597 0.91422
f 4521/11008 4570/11010 4512/11032
vt 0.74777 0.76924
f 4438/10858 4360/10978 4532/11033
vt 0.92248 0.40212
vt 0.92140 0.40476
vt 0.92117 0.40117
f 4565/11034 4652/11035 4598/11036
f 4404/10690 4639/10885 4517/10921
vt 0.03606 0.38052
vt 0.03522 0.38169
f 4476/11037 4576/11038 4548/10940
vt 0.53761 0.16898
f 4585/10701 4635/11039 4531/10880
vt 0.53923 0.16880
f 4585/10701 4705/11040 4635/11039
vt 0.63212 0.32531
f 4458/10777 4612/11041 4497/10929
f 4427/10894 4588/10937 4629/10895
vt 0.43815 0.45070
vt 0.43506 0.45159
f 4467/11042 4568/10832 4650/11043
vt 0.39533 0.88008
vt 0.39705 0.88076
vt 0.39551 0.88309
f 4520/11044 4555/11045 4452/11046
vt 0.14625 0.68251
f 4425/10751 4600/11047 4620/10945
vt 0.43403 0.40873
f 4505/10719 4535/10804 4541/11048
f 4377/10727 4629/10895 4504/10696
vt 0.94501 0.66303
vt 0.94524 0.66551
vt 0.94375 0.66376
f 4534/11049 4482/11050 4704/11051
vt 0.45298 0.40850
f 4643/10953 4500/10501 4566/11052
f 4489/9905 4591/9952 4530/10956
f 4505/10719 4541/11048 4468/10717
f 4525/10936 4621/11018 4477/10712
vt 0.39531 0.89368
vt 0.39701 0.89311
vt 0.39666 0.89465
f 4536/11053 4526/11054 4603/11055
vt 0.66787 0.57764
f 4553/10531 4619/11056 4617/10925
vt 0.44841 0.40832
f 4500/10501 4513/10417 4604/11057
vt 0.87111 0.29028
f 4494/10833 4583/11058 4538/10834
vt 0.43525 0.44523
f 4523/10868 4640/11059 4663/10928
vt 0.96521 0.25977
vt 0.96447 0.26134
vt 0.96405 0.25974
f 4536/11060 4603/11061 4561/11062
vt 0.74587 0.69004
vt 0.74351 0.69158
vt 0.74440 0.68853
f 4494/11063 4768/11064 4583/11065
vt 0.73437 0.74805
f 4595/11066 4537/11031 4637/11030
vt 0.39725 0.88422
f 4551/10968 4452/11046 4587/11067
vt 0.47181 0.54337
f 4527/10760 4584/11068 4368/10489
vt 0.43461 0.45853
f 4568/10832 4477/10712 4755/11069
f 4533/10969 4526/11054 4536/11053
vt 0.84800 0.68112
f 4577/10530 4643/10848 4802/11070
vt 0.74490 0.76773
vt 0.74480 0.76588
f 4515/10988 4504/11071 4676/11072
vt 0.87264 0.01822
vt 0.86989 0.01579
vt 0.87298 0.01645
f 4534/11073 4742/11074 4569/11075
f 4500/10501 4604/11057 4566/11052
vt 0.80576 0.51474
f 4483/10567 4545/10724 4585/11076
vt 0.55093 0.18130
vt 0.54936 0.18211
vt 0.54714 0.18000
f 4543/11077 4582/11078 4458/11079
vt 0.94220 0.51955
f 4559/10948 4532/11080 4360/10952
f 4064/9625 4654/10871 4906/10854
vt 0.82493 0.16686
vt 0.82630 0.16876
vt 0.82517 0.16975
f 4554/11081 4722/11082 4535/11083
vt 0.05449 0.39207
f 4544/10625 4644/11084 4469/10522
vt 0.67393 0.36928
f 4485/10783 4652/11085 4601/10924
vt 0.04899 0.38883
f 4453/10602 4581/11086 4486/10636
f 4425/10751 4606/10765 4600/11047
vt 0.53621 0.40432
f 4508/10626 4491/10488 4597/11087
vt 0.43163 0.40841
f 4535/10804 4737/11088 4541/11048
vt 0.74173 0.67375
f 4557/11028 4555/11089 4556/11029
vt 0.51107 0.58943
f 4504/10696 4629/10895 4676/11090
vt 0.39681 0.87949
f 4520/11044 4564/11091 4555/11045
f 4497/10929 4612/11041 4525/11007
vt 0.15271 0.10408
f 4670/10375 4589/10366 4830/11092
vt 0.11970 0.11263
f 4460/10800 4700/10799 4672/11093
vt 0.41020 0.66248
vt 0.41222 0.66230
vt 0.41295 0.66336
f 4450/11094 4464/11095 4631/11096
f 4477/10712 4621/11018 4755/11069
vt 0.64717 0.16398
f 4461/10827 4496/10829 4763/11097
vt 0.14834 0.66864
vt 0.14748 0.66748
f 4543/11098 4446/10713 4727/11099
vt 0.75008 0.76708
f 4559/10959 4613/10989 4579/11100
vt 0.73450 0.75060
f 4595/11066 4637/11030 4614/11101
vt 0.92399 0.81665
vt 0.92390 0.81407
vt 0.92507 0.81574
f 4460/11102 4672/11103 4615/11104
f 4479/11006 4626/10972 4698/10941
vt 0.05208 0.39281
f 4469/10522 4644/11084 4831/11105
vt 0.43936 0.40896
f 4471/10428 4468/10717 4686/11106
vt 0.97949 0.21761
vt 0.97873 0.21688
vt 0.97956 0.21621
f 4464/11107 4561/11108 4631/11109
vt 0.82606 0.17133
f 4535/11083 4722/11082 4737/11110
vt 0.52955 0.94903
vt 0.52789 0.94876
vt 0.52869 0.94745
f 4461/11111 4763/11112 4689/11113
vt 0.55158 0.18474
f 4543/11077 4727/11114 4582/11078
f 4368/10489 4584/11068 4661/10987
vt 0.43048 0.45010
f 4623/10735 4528/10887 4674/11115
vt 0.74620 0.68667
f 4511/10984 4539/11116 4583/11065
vt 0.55608 0.60418
f 4510/10939 4547/10930 4567/11117
vt 0.54922 0.42065
f 4529/10767 4625/11118 4440/10758
vt 0.55430 0.60185
f 4510/10939 4567/11117 4677/11119
vt 0.53354 0.40351
f 4492/11120 4597/11087 4491/10488
vt 0.53463 0.40222
f 4492/11120 4609/11121 4597/11087
f 4513/10417 4662/10950 4604/11057
vt 0.74645 0.68859
f 4539/11116 4538/11122 4583/11065
f 4511/10984 4583/11065 4526/10985
vt 0.21888 0.08319
f 4294/9796 4508/10510 4560/11123
vt 0.91530 0.12937
vt 0.91697 0.12905
vt 0.91665 0.13040
f 4565/11124 4661/11125 4632/11126
vt 0.39737 0.88766
f 4533/10969 4551/10968 4586/11127
f 4551/10968 4587/11067 4586/11127
vt 0.74221 0.67713
f 4557/11028 4586/11013 4587/11128
f 4555/11089 4557/11028 4587/11128
vt 0.64474 0.16370
f 4496/10829 4550/11004 4596/11129
f 4496/10829 4596/11129 4763/11097
vt 0.63193 0.32398
f 4458/10777 4668/11130 4612/11041
f 4515/10988 4676/11072 4613/10989
vt 0.94385 0.66637
f 4482/11050 4578/11131 4704/11051
vt 0.90739 0.25657
vt 0.90514 0.25510
vt 0.90735 0.25344
f 4614/11132 4847/11133 4595/11134
vt 0.74135 0.67186
f 4556/11029 4555/11089 4564/11135
vt 0.74331 0.68245
f 4526/10985 4533/11136 4586/11013
vt 0.04031 0.38766
f 4634/10268 4787/11137 4622/10814
vt 0.03116 0.38383
f 4576/11038 4885/11138 4548/10940
f 4555/11045 4587/11067 4452/11046
f 4469/10522 4831/11105 4687/11003
vt 0.53617 0.16898
f 4635/11039 4709/11139 4531/10880
vt 0.14419 0.68733
f 4606/10765 4450/10851 4766/11140
vt 0.04963 0.38837
f 4453/10602 4687/11003 4581/11141
vt 0.91523 0.13061
f 4565/11124 4632/11126 4652/11142
vt 0.05568 0.39132
f 4544/10625 4615/11143 4644/11084
vt 0.73785 0.75127
f 4637/11030 4728/11144 4614/11101
vt 0.43477 0.44098
f 4527/11026 4663/10928 4584/11145
f 4652/11142 4632/11126 4601/10995
vt 0.04755 0.38975
f 4486/10636 4581/11086 4593/11146
vt 0.34720 0.97748
vt 0.34673 0.97606
vt 0.34729 0.97575
f 4503/11147 4570/11148 4564/11149
vt 0.39740 0.89449
f 4526/11054 4583/11150 4603/11055
vt 0.63454 0.34031
f 4590/10846 4517/10921 4744/11151
vt 0.55854 0.60812
f 4547/10930 4569/10882 4723/11152
vt 0.43559 0.40840
vt 0.43697 0.40849
f 4468/10717 4541/11153 4608/11154
f 4468/10717 4608/11154 4686/11106
vt 0.56437 0.61562
f 4501/10841 4820/11155 4578/10997
vt 0.80698 0.06197
f 4488/10590 4695/10982 4646/11156
vt 0.43760 0.47189
f 4495/10527 4519/10780 4744/11157
vt 0.43830 0.47158
f 4495/10527 4744/11158 4517/10805
f 4485/10783 4607/10771 4652/11085
vt 0.72695 0.04854
f 4492/10878 4698/10941 4609/11159
vt 0.85052 0.68224
f 4802/11070 4643/10848 4642/11160
vt 0.09081 0.55263
f 4691/10944 4874/11161 4611/10975
vt 0.54751 0.41685
vt 0.54896 0.41591
f 4524/10759 4756/11162 4550/11163
vt 0.53697 0.40499
f 4508/10626 4597/11087 4560/11164
vt 0.14576 0.66821
f 4446/10713 4616/10990 4594/11165
f 4486/10636 4593/11146 4726/11012
vt 0.14459 0.66898
vt 0.14582 0.66916
f 4540/10926 4734/11166 4616/11167
vt 0.74278 0.69026
f 4583/11065 4768/11064 4797/11168
f 4471/10428 4686/11106 4662/10950
vt 0.95596 0.91658
f 4570/11010 4556/11009 4564/11169
f 4546/10331 4681/10943 4462/10634
vt 0.80778 0.51573
f 4545/10724 4646/11170 4585/11076
vt 0.80996 0.06367
f 4531/10935 4709/11171 4695/10982
vt 0.63181 0.05644
f 4545/10652 4488/10734 4646/11172
f 4524/10759 4440/10758 4756/11162
vt 0.44015 0.48368
vt 0.43901 0.48433
vt 0.43916 0.48337
f 4605/11173 4592/11174 4685/11175
vt 0.97863 0.21628
f 4631/11109 4561/11108 4603/11176
vt 0.66887 0.57980
f 4553/10531 4667/11177 4619/11056
vt 0.63364 0.33067
f 4525/11007 4749/11178 4474/10870
vt 0.63524 0.32997
f 4525/11007 4822/11179 4749/11178
vt 0.43975 0.48503
f 4592/11174 4605/11173 4647/11180
f 4600/11047 4606/10765 4766/11140
vt 0.63345 0.33558
f 4517/10921 4639/10885 4678/11181
vt 0.67790 0.37268
f 4506/10379 4641/11182 4640/10963
f 4506/10379 4738/11024 4641/11182
vt 0.43715 0.47730
f 4575/10964 4697/11183 4519/10780
vt 0.40068 0.67214
vt 0.40112 0.67277
vt 0.40069 0.67354
f 4575/11184 4610/11185 4697/11186
vt 0.14497 0.69050
f 4450/10851 4631/11187 4766/11140
vt 0.02812 0.38091
f 4529/10983 4542/10504 4625/11188
vt 0.82676 0.16681
f 4554/11081 4690/11189 4722/11082
vt 0.63566 0.34527
f 4575/10976 4590/10846 4610/11190
f 4599/10958 4820/11155 4501/10841
vt 0.89638 0.77055
f 4528/10837 4659/10838 4674/11191
f 4446/10713 4594/11165 4727/11099
vt 0.82465 0.17323
vt 0.82525 0.17559
f 4541/11192 4737/11110 4608/11193
vt 0.73633 0.05318
f 4577/10971 4802/11194 4626/10972
vt 0.42826 0.45064
f 4674/11115 4667/11195 4623/10735
vt 0.87316 0.01582
vt 0.87256 0.01287
f 4569/11196 4742/11074 4723/11197
vt 0.03537 0.38186
vt 0.03565 0.38327
f 4576/11198 4602/11199 4885/11138
vt 0.60614 0.37737
vt 0.60495 0.37576
vt 0.60607 0.37546
f 4522/11200 4683/11201 4347/11202
vt 0.52869 0.94543
vt 0.52793 0.94618
f 4480/11203 4689/11113 4669/11204
vt 0.43927 0.48615
f 4592/11174 4647/11180 4624/11205
vt 0.43906 0.48497
f 4592/11174 4624/11205 4653/11206
vt 0.51461 0.58977
f 4629/10895 4588/10937 4693/11207
vt 0.86946 0.01718
f 4534/11073 4704/11208 4742/11074
f 4441/10608 4678/11025 4621/11018
vt 0.43618 0.47575
f 4519/10780 4697/11183 4775/11209
vt 0.74245 0.68775
f 4603/11210 4583/11065 4797/11168
vt 0.49513 0.88628
vt 0.49504 0.88448
vt 0.49731 0.88392
f 4630/11211 4627/11212 4684/11213
vt 0.32665 0.93221
vt 0.32774 0.93131
vt 0.32821 0.93165
f 4605/11214 4653/11215 4647/11216
vt 0.91808 0.54921
vt 0.91581 0.54751
vt 0.91652 0.54646
f 4613/11217 4701/11218 4579/11219
vt 0.72728 0.05086
f 4698/10941 4655/11220 4609/11159
vt 0.64489 0.16169
f 4550/11004 4756/11221 4596/11129
vt 0.44182 0.40867
f 4662/10950 4686/11106 4665/11222
vt 0.73835 0.26182
f 4473/10609 4563/10962 4651/11223
f 4607/10857 4473/10609 4651/11223
vt 0.91923 0.40480
f 4652/11035 4651/11224 4598/11036
vt 0.53906 0.17081
f 4705/11040 4711/11225 4635/11039
vt 0.91930 0.40128
f 4598/11036 4651/11224 4563/11226
vt 0.60586 0.37414
f 4347/11202 4683/11201 4554/11227
vt 0.96711 0.96387
vt 0.96701 0.96566
f 4622/11228 4628/11229 4618/10903
vt 0.86923 0.15951
vt 0.86948 0.15765
vt 0.87164 0.15965
f 4601/11230 4632/11231 4703/11232
f 4519/10780 4775/11209 4744/11157
vt 0.14852 0.10657
f 4591/9952 4670/10375 4993/11233
vt 0.91710 0.12968
f 4632/11126 4661/11125 4779/11234
f 4294/9796 4560/11123 4633/10500
vt 0.87550 0.19753
vt 0.87579 0.19505
vt 0.87679 0.19795
f 4643/11235 4566/11236 4642/11237
vt 0.87446 0.28990
f 4552/10992 4579/11238 4768/10993
vt 0.43910 0.48578
f 4624/11205 4648/11239 4653/11206
vt 0.14386 0.67015
f 4540/10926 4712/11240 4734/11166
f 4474/10870 4749/11178 4639/10885
vt 0.87138 0.15817
f 4632/11231 4779/11241 4703/11232
vt 0.87573 0.19035
vt 0.87804 0.19318
f 4566/11236 4604/11242 4660/11243
vt 0.80804 0.51704
f 4585/11076 4646/11170 4810/11244
vt 0.80578 0.51728
f 4585/11076 4810/11244 4705/11245
vt 0.04830 0.97584
vt 0.04962 0.97611
vt 0.04951 0.97720
f 4588/11246 4480/11247 4669/11248
vt 0.04851 0.97702
f 4588/11246 4669/11248 4693/11249
f 4553/10531 4623/10801 4667/11177
vt 0.86887 0.16024
vt 0.87005 0.16164
f 4572/11250 4601/11230 4666/11251
vt 0.75250 0.82559
vt 0.75102 0.82599
vt 0.75169 0.82455
f 4674/11252 4659/11253 4731/11254
vt 0.87010 0.16179
f 4601/11230 4703/11232 4666/11255
vt 0.32649 0.93004
f 4605/11214 4685/11256 4653/11215
vt 0.92660 0.81408
f 4615/11104 4672/11103 4644/11257
vt 0.43842 0.48617
f 4624/11205 4645/11258 4648/11239
vt 0.63403 0.32670
f 4525/11007 4612/11041 4715/11259
vt 0.99325 0.64729
vt 0.99315 0.64733
vt 0.99325 0.64686
f 4648/11260 4647/11261 4653/11262
vt 0.93710 0.21868
vt 0.93687 0.22122
vt 0.93612 0.21998
f 4680/11263 4732/11264 4702/11265
vt 0.43774 0.48286
f 4685/11175 4592/11174 4649/11266
f 4548/10940 4885/11138 4542/10504
vt 0.60491 0.40039
vt 0.60359 0.39901
vt 0.60663 0.39714
f 4728/11267 4682/11268 4614/11269
f 4514/10497 4906/10854 5090/11011
vt 0.74032 0.74164
f 4580/10965 4617/11005 4619/11270
vt 0.74174 0.68905
f 4603/11210 4797/11168 4631/11271
vt 0.32857 0.93132
vt 0.32887 0.93061
f 4647/11216 4648/11272 4658/11273
vt 0.32930 0.93066
vt 0.32894 0.93152
f 4647/11216 4645/11274 4624/11275
f 4647/11216 4658/11273 4645/11274
vt 0.43400 0.45571
f 4755/11069 4716/11276 4568/10832
vt 0.67368 0.36761
vt 0.67403 0.36797
f 4607/10771 4651/11277 4652/11278
vt 0.63485 0.33604
f 4678/11181 4639/10885 4720/11279
vt 0.12366 0.98919
vt 0.12333 0.98883
vt 0.12379 0.98885
f 4616/11280 4734/11281 4730/11282
vt 0.93793 0.22007
f 4680/11263 4664/11283 4732/11264
vt 0.63443 0.33644
f 4678/11181 4720/11279 4671/11284
vt 0.95913 0.40188
vt 0.95872 0.40341
vt 0.95852 0.40186
f 4616/11285 4730/11286 4594/11287
vt 0.78407 0.92961
vt 0.78484 0.93012
vt 0.78422 0.93156
f 4630/11288 4684/11289 4841/11290
vt 0.21147 0.08853
f 4573/10411 4633/10500 4816/11291
vt 0.53792 0.40253
f 4597/11087 4609/11121 4812/11292
vt 0.98909 0.98650
vt 0.98867 0.98692
vt 0.98867 0.98625
f 4579/11293 4701/11294 4818/11295
vt 0.43866 0.48524
f 4648/11239 4645/11258 4656/11296
vt 0.32805 0.93086
vt 0.32801 0.93068
f 4648/11272 4656/11297 4657/11298
f 4648/11272 4657/11298 4658/11273
vt 0.43824 0.48549
f 4645/11258 4658/11299 4656/11296
vt 0.43714 0.46799
vt 0.43616 0.46775
f 4678/11025 4671/11300 4751/11301
vt 0.09145 0.53734
f 4571/10974 4636/11019 4759/11302
vt 0.03901 0.38591
f 4622/10814 4787/11137 4628/11303
vt 0.67456 0.92987
vt 0.67583 0.92915
vt 0.67564 0.93074
f 4680/11304 4702/11305 4717/11306
vt 0.74184 0.74441
f 4580/10965 4619/11270 4769/11307
f 4580/10965 4769/11307 4637/11030
vt 0.49478 0.88222
vt 0.49769 0.88327
f 4627/11212 4804/11308 4684/11309
vt 0.84936 0.68266
f 4802/11070 4642/11160 4707/11310
vt 0.60501 0.37335
f 4554/11227 4683/11201 4690/11311
vt 0.75158 0.82178
vt 0.74989 0.82230
vt 0.75116 0.82131
f 4666/11312 4738/11313 4572/11314
f 4592/11174 4653/11206 4656/11296
vt 0.43751 0.48480
f 4592/11174 4656/11296 4724/11315
f 4440/10758 4625/11118 4756/11162
vt 0.32779 0.92967
f 4653/11215 4685/11256 4724/11316
f 4653/11215 4657/11298 4656/11297
f 4653/11215 4724/11316 4657/11298
f 4542/10504 4885/11138 4625/11188
vt 0.63567 0.34302
f 4590/10846 4744/11151 4793/11317
f 4656/11296 4658/11299 4724/11315
vt 0.87715 0.19096
f 4604/11242 4920/11318 4660/11243
f 4731/11254 4738/11313 4666/11312
vt 0.42965 0.45151
f 4674/11115 4746/11319 4667/11195
vt 0.94058 0.57512
vt 0.93974 0.57419
vt 0.94096 0.57450
f 4584/11320 4721/11321 4661/11322
vt 0.43358 0.44138
vt 0.43235 0.44265
f 4584/11323 4663/10928 4721/11324
vt 0.54541 0.18091
f 4458/11079 4582/11078 4668/11325
vt 0.87515 0.29230
f 4579/11238 4818/11326 4768/10993
vt 0.14396 0.68439
vt 0.14392 0.68216
f 4600/11047 4854/11327 4858/11328
vt 0.52786 0.94813
f 4763/11112 4815/11329 4689/11113
vt 0.56733 0.61987
vt 0.56536 0.62019
vt 0.56686 0.61851
f 4537/11330 4876/11331 4599/11332
vt 0.14372 0.67724
f 4675/10710 4620/10945 4753/11333
vt 0.43563 0.47187
f 4744/11157 4775/11209 4824/11334
vt 0.14376 0.68108
f 4600/11047 4858/11328 4714/11335
f 4591/9952 4993/11233 4530/10956
vt 0.17000 0.10060
f 4574/10499 4783/10908 4921/11336
vt 0.05022 0.39149
f 4687/11003 4831/11105 4826/11337
vt 0.21816 0.08522
f 4560/11123 4812/11338 4633/10500
vt 0.43434 0.45089
vt 0.43329 0.45235
f 4659/11339 4650/11043 4673/11340
f 4599/11332 4876/11331 4820/11155
f 4657/11298 4724/11316 4658/11273
vt 0.60389 0.39760
f 4614/11269 4682/11268 4782/11341
vt 0.43202 0.40754
vt 0.42896 0.40617
vt 0.43356 0.40448
f 4737/11342 4722/11343 4719/11344
vt 0.55665 0.60900
f 4547/10930 4723/11152 4694/11345
f 4573/10411 4816/11291 4638/10627
vt 0.90741 0.25119
vt 0.90598 0.25234
f 4537/11346 4595/11134 4876/11347
vt 0.14315 0.67249
f 4540/10926 4675/10710 4803/11348
vt 0.63493 0.32488
f 4612/11041 4668/11130 4865/11349
f 4612/11041 4865/11349 4715/11259
vt 0.87681 0.18739
vt 0.87752 0.18929
f 4604/11242 4662/11350 4867/11351
vt 0.12475 0.11205
f 4465/10673 4834/11352 4700/10799
vt 0.91728 0.55142
f 4613/11217 4676/11353 4701/11218
vt 0.55274 0.18671
vt 0.55091 0.18774
f 4727/11114 4594/11354 4760/11355
f 4620/10945 4600/11047 4753/11333
vt 0.04253 0.38834
f 4634/10268 4726/11012 4859/11356
vt 0.53720 0.17176
vt 0.53646 0.17074
f 4635/11039 4679/11357 4838/11358
vt 0.43332 0.44460
f 4640/11059 4641/11359 4663/10928
vt 0.86963 0.16591
vt 0.87020 0.16479
vt 0.87139 0.16714
f 4674/11360 4731/11361 4746/11362
f 4634/10268 4859/11356 4787/11137
vt 0.09178 0.53558
f 4636/11019 4677/11363 4759/11302
vt 0.09120 0.54450
f 4681/10943 4699/11364 4462/10634
vt 0.98549 0.24136
vt 0.98521 0.24090
vt 0.98528 0.24013
f 4763/11365 4596/11366 4846/11367
vt 0.43236 0.46539
f 4621/11018 4678/11025 4985/11368
vt 0.51316 0.59230
f 4629/10895 4849/11369 4676/11090
vt 0.60293 0.37863
f 4522/11200 4855/11370 4683/11201
vt 0.64559 0.16326
vt 0.64681 0.16177
f 4596/11371 4756/11221 4846/11372
vt 0.51737 0.59011
vt 0.51587 0.59158
f 4693/11207 4669/11373 4688/11374
vt 0.03296 0.38500
f 4602/11199 4811/11375 4885/11138
vt 0.51709 0.59203
f 4669/11373 4807/11376 4688/11374
vt 0.54945 0.18447
f 4582/11078 4727/11114 4664/11377
vt 0.03670 0.38899
f 4618/10865 4871/11378 4692/10866
vt 0.78304 0.92984
vt 0.78381 0.93127
f 4630/11379 4841/11290 4790/11380
f 4600/11047 4766/11140 4854/11327
f 4709/11139 4635/11039 4838/11358
vt 0.97928 0.09515
vt 0.97911 0.09594
vt 0.97850 0.09525
f 4669/11381 4689/11382 4807/11383
vt 0.08864 0.55805
f 4522/10954 4611/10975 4855/11384
f 4592/11174 4724/11315 4649/11266
f 4547/10930 4694/11345 4567/11117
vt 0.66752 0.57931
f 4619/11056 4667/11177 4780/11385
vt 0.04861 0.39070
f 4581/11086 4750/11386 4593/11146
vt 0.63471 0.33817
vt 0.63513 0.33748
vt 0.63536 0.33822
f 4696/11387 4725/11388 4890/11389
vt 0.14009 0.10874
f 4530/10956 4814/11390 4853/10957
vt 0.10747 0.70467
vt 0.10740 0.70382
vt 0.10899 0.70440
f 4744/11391 4696/11392 4890/11393
vt 0.43695 0.46942
f 4744/11157 4824/11334 4696/11394
vt 0.43563 0.46923
f 4696/11394 4824/11334 4754/11395
f 4641/11359 4721/11324 4663/10928
f 4731/11254 4659/11253 4738/11313
vt 0.54631 0.18357
f 4582/11078 4664/11377 4829/11396
f 4549/10694 5090/11011 4896/10961
f 4540/10926 4803/11348 4712/11240
f 4568/10832 4716/11276 4650/11043
vt 0.43396 0.46020
f 4621/11018 4729/11397 4755/11069
f 4635/11039 4711/11225 4679/11357
vt 0.87852 0.19634
f 4566/11236 4660/11243 4817/11398
vt 0.87757 0.18580
vt 0.87784 0.18726
f 4662/11350 4665/11399 4861/11400
vt 0.67474 0.93301
vt 0.67407 0.93049
f 4717/11306 4880/11401 4680/11402
f 4566/11236 4817/11398 4642/11237
vt 0.98597 0.45030
vt 0.98604 0.44936
vt 0.98625 0.44991
f 4696/11403 4671/11404 4725/11405
vt 0.43629 0.46872
f 4696/11394 4743/11406 4671/11300
vt 0.09112 0.54672
f 4462/10634 4699/11364 4840/11407
vt 0.83952 0.36473
vt 0.84110 0.36481
vt 0.83944 0.36631
f 4774/11408 4773/11409 4702/11410
f 4604/11242 4867/11351 4920/11318
vt 0.87257 0.16180
f 4666/11255 4703/11232 4708/11411
vt 0.84066 0.36645
f 4773/11409 4717/11412 4702/11410
vt 0.56310 0.61137
f 4578/10997 4820/11155 4704/11413
vt 0.90491 0.25674
f 4614/11132 4782/11414 4847/11133
vt 0.60296 0.37442
f 4683/11201 4857/11415 4690/11311
vt 0.12272 0.11303
f 4700/10799 4801/11416 4672/11093
vt 0.55272 0.60445
f 4677/11119 4567/11117 4759/11417
f 4629/10895 4693/11207 4849/11369
vt 0.21839 0.08800
f 4633/10500 4812/11338 5035/11418
vt 0.13185 0.11265
f 4465/10673 4558/10772 4996/11419
f 4558/10772 4853/10957 4996/11419
vt 0.02862 0.93466
vt 0.02788 0.93362
vt 0.02887 0.93272
f 4581/11420 4687/11421 4750/11422
f 4610/11190 4590/10846 4793/11317
vt 0.19931 0.09320
f 4162/10179 4562/10233 4713/11423
vt 0.43076 0.44626
f 4641/11359 4872/11424 4721/11324
vt 0.80822 0.06456
f 4709/11171 4767/11425 4695/10982
vt 0.84043 0.36304
f 4774/11408 4736/11426 4773/11409
vt 0.12798 0.11260
f 4465/10673 4996/11419 4903/11427
f 4678/11025 4751/11301 4985/11368
vt 0.94169 0.57225
f 4779/11428 4661/11322 4721/11321
f 4693/11207 4688/11374 4849/11369
vt 0.43967 0.40791
vt 0.43660 0.40780
vt 0.43887 0.40454
f 4686/11429 4608/11430 4863/11431
vt 0.98614 0.44910
f 4671/11404 4720/11432 4725/11405
f 4671/11300 4743/11406 4751/11301
vt 0.74941 0.82110
vt 0.74842 0.82189
f 4641/11433 4738/11313 4872/11434
f 4666/11255 4708/11411 4731/11361
f 4650/11043 4716/11276 4673/11340
vt 0.84123 0.35533
vt 0.84000 0.35724
vt 0.83979 0.35394
f 4758/11435 4757/11436 4710/11437
vt 0.54213 0.17233
vt 0.54031 0.17373
vt 0.54087 0.17233
f 4710/11438 4791/11439 4747/11440
f 4608/11430 4737/11342 4719/11344
vt 0.91473 0.54895
f 4701/11218 4676/11353 4718/11441
vt 0.44290 0.40461
vt 0.44273 0.40791
f 4686/11429 4892/11442 4665/11443
vt 0.09153 0.54046
f 4681/10943 4571/10974 4735/11444
vt 0.53755 0.40395
f 4597/11087 4812/11292 4560/11445
vt 0.63537 0.33707
f 4725/11388 4720/11279 4743/11446
f 4662/11350 4861/11400 4867/11351
vt 0.91488 0.55148
f 4676/11353 4740/11447 4718/11441
vt 0.63507 0.33670
f 4720/11279 4751/11448 4743/11446
vt 0.03493 0.38637
f 4692/10866 4871/11378 4870/11449
vt 0.54551 0.17401
vt 0.54345 0.17490
f 4710/11438 4757/11450 4762/11451
vt 0.67315 0.93221
vt 0.67290 0.93061
f 4680/11402 4829/11452 4664/11453
vt 0.99247 0.87828
vt 0.99247 0.87784
vt 0.99269 0.87816
f 4696/11454 4754/11455 4743/11456
f 4462/10634 4840/11407 4691/10944
vt 0.74109 0.74879
f 4637/11030 4808/11457 4728/11144
vt 0.43701 0.48628
vt 0.43418 0.48403
f 4827/11458 4916/11459 4724/11315
vt 0.74222 0.74242
f 4619/11270 4780/11460 4769/11307
f 4680/11402 4880/11401 4829/11452
f 4162/10179 4713/11423 4654/10871
vt 0.15883 0.10438
f 4431/10463 4809/11461 4589/10366
vt 0.63543 0.33646
f 4751/11448 4720/11279 4706/11462
vt 0.96733 0.73556
vt 0.96644 0.73676
vt 0.96602 0.73540
f 4689/11463 4815/11464 4807/11465
vt 0.55289 0.60788
f 4567/11117 4694/11345 4735/11466
vt 0.80721 0.51887
vt 0.80588 0.51870
f 4705/11245 4761/11467 4711/11468
f 4759/11302 4735/11444 4571/10974
f 4692/10866 4870/11449 4602/11199
vt 0.04933 0.39096
f 4826/11337 4750/11469 4687/11003
f 4863/11431 4608/11430 4719/11344
f 4567/11117 4735/11466 4759/11417
vt 0.55086 0.17544
vt 0.55003 0.17683
f 4736/11470 4752/11471 4757/11450
vt 0.01308 0.37275
vt 0.01159 0.37492
vt 0.01081 0.37212
f 4630/11472 4790/11473 4627/11474
vt 0.50814 0.96282
vt 0.50831 0.96100
vt 0.50948 0.96141
f 4701/11475 4765/11476 4818/11477
vt 0.84061 0.35079
vt 0.84259 0.35052
vt 0.84137 0.35186
f 4711/11478 4761/11479 4747/11480
vt 0.14196 0.67480
f 4675/10710 4733/11481 4803/11348
vt 0.97927 0.93525
vt 0.97863 0.93517
vt 0.97908 0.93419
f 4709/11482 4838/11483 4767/11484
f 4589/10366 4809/11461 4830/11092
vt 0.96819 0.41040
vt 0.96883 0.41170
vt 0.96813 0.41206
f 4602/11485 4813/11486 4811/11487
vt 0.82010 0.97745
vt 0.81985 0.97601
vt 0.82072 0.97646
f 4602/11488 4870/11489 4813/11490
vt 0.84038 0.35292
f 4710/11491 4747/11480 4758/11435
vt 0.14278 0.67780
f 4753/11333 4600/11047 4821/11492
f 4711/11225 4747/11440 4791/11439
vt 0.42758 0.40614
vt 0.42655 0.40333
f 4690/11493 4857/11494 4722/11343
vt 0.14271 0.69052
f 4631/11187 4799/11495 4766/11140
f 4700/10799 4834/11352 4801/11416
f 4724/11315 4916/11459 4649/11266
vt 0.93999 0.57232
f 4779/11428 4721/11321 4898/11496
vt 0.75007 0.82831
vt 0.74895 0.82613
f 4659/11253 4673/11497 4902/11498
vt 0.55471 0.61054
f 4694/11345 4852/11499 4735/11466
vt 0.95409 0.36098
vt 0.95328 0.35836
vt 0.95499 0.35829
f 4740/11500 4739/11501 4718/11502
vt 0.49710 0.88092
vt 0.49840 0.88118
f 4684/11309 4741/11503 4886/11504
f 4582/11078 4829/11396 4668/11325
vt 0.67592 0.93263
f 4880/11401 4717/11306 4745/11505
vt 0.63539 0.33995
vt 0.63557 0.34065
f 4793/11317 4744/11506 4833/11507
vt 0.43264 0.46112
f 4621/11018 4985/11368 4729/11508
vt 0.32572 0.92997
vt 0.32604 0.92896
f 4649/11509 4785/11510 4685/11256
vt 0.99247 0.69927
vt 0.99278 0.69901
vt 0.99278 0.69934
f 4754/11511 4706/11512 4743/11513
vt 0.84188 0.36660
f 4717/11412 4773/11409 4745/11514
f 4710/11438 4762/11451 4791/11439
f 4675/10710 4753/11333 4733/11481
vt 0.87849 0.19863
f 4642/11237 4817/11398 4707/11515
vt 0.55257 0.17688
vt 0.55430 0.17716
vt 0.55360 0.17900
f 4774/11516 4702/11517 4843/11518
vt 0.99369 0.52544
vt 0.99394 0.52556
vt 0.99369 0.52570
f 4743/11519 4706/11520 4725/11521
vt 0.87258 0.16668
f 4731/11361 4899/11522 4746/11362
f 4711/11225 4791/11439 4679/11357
vt 0.36202 0.90734
vt 0.36115 0.90837
vt 0.36056 0.90779
f 4702/11523 4732/11524 4843/11525
vt 0.42906 0.45292
vt 0.42904 0.45368
f 4746/11526 4800/11527 4667/11195
vt 0.95012 0.61095
vt 0.95068 0.61008
vt 0.95141 0.61070
f 4684/11528 4886/11529 4841/11530
f 4431/10463 4574/10499 4809/11461
vt 0.19348 0.09534
f 4906/10854 4654/10871 4966/11531
vt 0.56699 0.62142
vt 0.56645 0.62342
f 4595/11532 4847/11533 4876/11331
vt 0.55306 0.18799
f 4594/11354 4730/11534 4760/11355
f 4659/11253 4902/11498 4738/11313
f 4670/10375 4830/11092 4993/11233
vt 0.43408 0.48693
f 4827/11458 4784/11535 4916/11459
vt 0.54607 0.17648
f 4757/11450 4752/11471 4796/11536
vt 0.43333 0.47103
f 4824/11334 4792/11537 4754/11395
vt 0.84240 0.35844
f 4736/11426 4757/11436 4894/11538
vt 0.43610 0.46832
f 4706/11539 4754/11395 4751/11301
f 4757/11436 4758/11435 4894/11538
f 4600/11047 4714/11335 4821/11492
f 4736/11470 4774/11516 4752/11471
vt 0.76681 0.65763
vt 0.76844 0.65716
vt 0.76803 0.65845
f 4734/11540 4712/11541 4730/11542
vt 0.97410 0.11153
vt 0.97504 0.11117
vt 0.97395 0.11276
f 4732/11543 4664/11544 4868/11545
vt 0.60157 0.40168
f 4728/11267 4873/11546 4682/11268
vt 0.10670 0.15566
vt 0.10653 0.15269
vt 0.10942 0.15433
f 4800/11547 4746/11548 4981/11549
vt 0.63338 0.05661
vt 0.63392 0.05769
f 4695/11550 4767/11551 4646/11172
vt 0.10808 0.70514
vt 0.10885 0.70571
f 4744/11552 4890/11393 4833/11553
f 4684/11309 4804/11308 4741/11503
vt 0.10807 0.70295
vt 0.10915 0.70208
f 4890/11393 4725/11554 4897/11555
vt 0.09088 0.55663
f 4611/10975 4874/11161 4883/11556
vt 0.87738 0.45683
vt 0.87677 0.45637
vt 0.87885 0.45661
f 4724/11557 4685/11558 4827/11559
vt 0.74138 0.69055
f 4631/11271 4797/11168 4799/11560
vt 0.95880 0.46562
vt 0.95985 0.46517
vt 0.95949 0.46703
f 4701/11561 4718/11562 4739/11563
vt 0.09108 0.54907
f 4691/10944 4840/11407 4850/11564
vt 0.43634 0.47744
vt 0.43557 0.47756
f 4697/11565 4866/11566 4775/11209
vt 0.40210 0.67501
vt 0.40114 0.67540
f 4697/11186 4610/11567 4866/11568
vt 0.10794 0.70188
f 4725/11554 4706/11569 4897/11555
vt 0.96938 0.60108
vt 0.96828 0.60069
vt 0.96912 0.59989
f 4726/11570 4895/11571 4859/11572
vt 0.20493 0.09183
f 4562/10233 4638/10627 5012/11573
vt 0.43632 0.47884
vt 0.43508 0.47931
f 4748/11574 4764/11575 4866/11566
vt 0.84220 0.36362
f 4736/11426 4771/11576 4773/11409
vt 0.43635 0.48176
f 4649/11266 4916/11459 4788/11577
f 4727/11114 4760/11355 4664/11377
vt 0.95852 0.46628
f 4701/11561 4739/11563 4765/11578
f 4611/10975 4883/11556 4855/11384
vt 0.42867 0.45577
vt 0.42594 0.45454
f 4667/11195 4800/11579 4778/11580
vt 0.98595 0.95609
vt 0.98605 0.95544
vt 0.98617 0.95613
f 4649/11581 4788/11582 4785/11583
vt 0.53531 0.40146
vt 0.53757 0.39923
f 4812/11292 4609/11584 4998/11585
vt 0.51059 0.59285
f 4676/11090 4849/11369 4940/11586
vt 0.63499 0.33094
vt 0.63643 0.33297
f 4749/11587 4832/11588 4639/10885
vt 0.63559 0.32647
f 4715/11259 4865/11349 4930/11589
vt 0.42587 0.45312
vt 0.42630 0.45081
f 4667/11195 4769/11590 4780/11591
vt 0.75127 0.83353
vt 0.75159 0.83474
vt 0.75037 0.83502
f 4716/11592 4755/11593 4946/11594
vt 0.60369 0.40241
f 4728/11267 4805/11595 4873/11546
f 4667/11195 4778/11580 4769/11590
vt 0.55252 0.18926
f 4730/11534 4772/11596 4760/11355
vt 0.84214 0.36173
f 4736/11426 4894/11538 4844/11597
vt 0.30429 0.70981
vt 0.30683 0.70969
vt 0.30503 0.71044
f 4822/11598 4931/11599 4749/11600
vt 0.10633 0.17383
vt 0.10828 0.17286
vt 0.10707 0.17558
f 4777/11601 4933/11602 4776/11603
vt 0.92614 0.81152
f 4644/11257 4672/11103 4831/11604
vt 0.44274 0.40792
vt 0.44536 0.40673
f 4665/11605 4892/11442 4861/11606
vt 0.54328 0.18323
f 4668/11325 4829/11396 4856/11607
f 4683/11201 4855/11370 4857/11415
vt 0.10636 0.17249
vt 0.10648 0.17056
f 4789/11608 4770/11609 4933/11602
vt 0.97344 0.28722
vt 0.97223 0.28683
vt 0.97279 0.28637
f 4753/11610 4893/11611 4733/11612
vt 0.02752 0.51838
vt 0.02590 0.51619
vt 0.02725 0.51591
f 4777/11613 4888/11614 4789/11615
vt 0.43653 0.47985
f 4748/11616 4788/11577 4764/11575
f 4771/11576 4736/11426 4844/11597
vt 0.42926 0.46595
vt 0.42739 0.46349
vt 0.42885 0.46059
f 4781/11617 4825/11618 4875/11619
vt 0.98633 0.95578
f 4788/11582 4889/11620 4785/11583
vt 0.42938 0.47039
vt 0.42818 0.46711
f 4770/11621 4794/11622 4781/11617
f 4738/11313 4902/11498 4872/11434
vt 0.54724 0.41857
f 4625/11118 4887/11623 4756/11162
vt 0.10707 0.16104
vt 0.10781 0.16301
vt 0.10667 0.16630
f 4875/11624 4819/11625 4781/11626
f 4777/11601 4789/11608 4933/11602
vt 0.87237 0.00911
vt 0.87305 0.01090
f 4723/11197 4852/11627 4694/11628
f 4810/11244 4761/11467 4705/11245
vt 0.75146 0.83618
f 4755/11593 4729/11629 4946/11594
vt 0.74191 0.74665
f 4637/11030 4769/11307 4778/11630
vt 0.43011 0.44331
f 4721/11324 4872/11424 4898/11631
vt 0.54934 0.18711
f 4760/11355 4905/11632 4664/11377
f 4781/11617 4794/11622 4825/11618
vt 0.63184 0.05812
f 4767/11551 4810/11633 4646/11172
vt 0.97257 0.28800
f 4753/11610 4821/11634 4893/11611
vt 0.00864 0.37413
f 4627/11474 4790/11473 4804/11635
vt 0.50827 0.59084
f 4740/11636 4676/11090 4940/11586
vt 0.12599 0.11188
f 4834/11352 4465/10673 4786/11637
f 4465/10673 4903/11427 4786/11637
vt 0.42671 0.45752
f 4800/11579 4806/11638 4778/11580
f 4757/11450 4796/11536 4762/11451
vt 0.76984 0.65786
f 4712/11541 4803/11639 4730/11542
vt 0.63512 0.32760
f 4525/11007 4715/11640 4822/11179
vt 0.84778 0.28769
vt 0.84806 0.28840
vt 0.84748 0.28985
f 4618/11641 4628/11642 4871/11643
f 4686/11429 4863/11431 4892/11442
vt 0.14166 0.67257
f 4803/11348 4733/11481 4891/11644
vt 0.87276 0.16457
f 4731/11361 4708/11411 4956/11645
vt 0.77700 0.14216
vt 0.77766 0.14404
vt 0.77675 0.14612
f 4609/11646 4655/11647 4998/11648
vt 0.02727 0.51422
f 4770/11649 4789/11615 4888/11614
f 4754/11395 4792/11537 4751/11301
vt 0.96854 0.60249
f 4726/11570 4795/11650 4895/11571
vt 0.07350 0.94967
vt 0.07365 0.94835
vt 0.07473 0.94829
f 4788/11651 4748/11652 4869/11653
vt 0.07448 0.95010
f 4788/11651 4869/11653 4889/11654
vt 0.10999 0.16672
f 4781/11626 4851/11655 4770/11609
vt 0.74119 0.75285
vt 0.74148 0.75024
f 4805/11656 4728/11144 4806/11657
vt 0.97472 0.11326
f 4868/11545 4664/11544 4905/11658
f 4691/10944 4850/11564 4874/11161
vt 0.87610 0.45535
f 4685/11558 4785/11659 4827/11559
vt 0.04508 0.39182
f 4593/11146 4795/11660 4726/11012
f 4899/11522 4731/11361 4956/11645
vt 0.02454 0.51326
f 4770/11649 4888/11614 4935/11661
f 4639/10885 4832/11588 4720/11279
vt 0.10949 0.15976
f 4800/11547 4981/11549 4860/11662
vt 0.53834 0.17362
f 4679/11357 4791/11439 4837/11663
vt 0.54903 0.17764
f 4752/11471 4884/11664 4796/11536
vt 0.55281 0.61084
f 4852/11499 4699/11665 4735/11466
vt 0.84216 0.36373
vt 0.84300 0.36518
f 4773/11409 4771/11666 4911/11667
vt 0.02654 0.51066
f 4770/11649 4935/11661 4794/11668
f 4637/11030 4778/11630 4808/11457
vt 0.74082 0.69194
f 4797/11168 4823/11669 4799/11560
f 4681/10943 4735/11444 4699/11364
vt 0.64831 0.16182
f 4763/11097 4846/11372 4815/11670
vt 0.10811 0.15119
f 4746/11548 4899/11671 4981/11549
f 4728/11144 4808/11457 4806/11657
vt 0.02821 0.93134
vt 0.02973 0.93206
f 4750/11422 4826/11672 4786/11673
vt 0.04862 0.39173
f 4750/11386 4786/11674 4593/11146
vt 0.84294 0.35203
f 4761/11479 4932/11675 4747/11480
vt 0.94636 0.62141
vt 0.94491 0.62343
vt 0.94500 0.62126
f 4859/11676 4895/11677 4798/11678
vt 0.72764 0.05346
f 4655/11220 4698/10941 4901/11679
f 4816/11291 5012/11573 4638/10627
vt 0.03767 0.38894
f 4628/11303 4787/11137 5028/11680
vt 0.16482 0.10462
f 4574/10499 4965/11681 4809/11461
vt 0.54768 0.42061
f 4625/11118 4962/11682 4887/11623
vt 0.07396 0.94679
vt 0.07446 0.94559
vt 0.07471 0.94668
f 4748/11683 4866/11684 4910/11685
f 4745/11514 4773/11409 4911/11667
vt 0.45676 0.40794
vt 0.45408 0.40773
vt 0.45420 0.40612
f 4707/11686 4817/11687 4881/11688
f 4562/10233 5012/11573 4713/11423
vt 0.64676 0.15955
f 4756/11221 4970/11689 4846/11372
vt 0.43296 0.45277
vt 0.43326 0.45612
vt 0.43090 0.45360
f 4673/11690 4716/11691 4958/11692
vt 0.14356 0.66998
vt 0.14292 0.67079
vt 0.14288 0.66944
f 4730/11693 4803/11694 4772/11695
f 4768/11064 4823/11669 4797/11168
vt 0.02704 0.51967
f 4777/11613 4776/11696 4888/11614
vt 0.45079 0.40805
f 4660/11697 4881/11688 4817/11687
vt 0.94013 0.57076
f 4779/11428 4898/11496 4839/11698
vt 0.78276 0.93171
vt 0.78307 0.93319
f 4790/11699 4841/11290 4842/11700
vt 0.42641 0.46130
f 4875/11619 4805/11701 4806/11638
vt 0.14236 0.68852
f 4766/11140 4799/11495 4912/11702
vt 0.55406 0.61266
f 4852/11499 4836/11703 4699/11665
vt 0.84293 0.35453
f 4747/11480 4932/11675 4936/11704
f 4747/11480 4936/11704 4758/11435
vt 0.43204 0.45866
f 4716/11691 4946/11705 4958/11692
vt 0.45991 0.40616
f 4707/11686 4881/11688 4950/11706
vt 0.93049 0.36126
vt 0.93028 0.36448
vt 0.92944 0.36197
f 4707/11707 4950/11708 4802/11709
f 4875/11619 4806/11638 4800/11579
vt 0.42903 0.40130
f 4722/11343 4857/11494 4877/11710
vt 0.63291 0.06074
vt 0.63154 0.06002
f 4810/11633 4923/11711 4761/11712
vt 0.14225 0.68676
f 4766/11140 4912/11702 4997/11713
vt 0.14285 0.68519
f 4766/11140 4997/11713 4854/11714
vt 0.63413 0.05963
f 4767/11551 4838/11715 4923/11711
f 4767/11551 4923/11711 4810/11633
vt 0.10808 0.14318
vt 0.10857 0.14565
vt 0.10772 0.14472
f 4779/11716 4708/11717 4703/11718
vt 0.10946 0.14401
f 4779/11716 4839/11719 4708/11717
f 4875/11619 4825/11618 4805/11701
vt 0.55118 0.17888
f 4774/11516 4964/11720 4752/11471
vt 0.02684 0.38393
f 4625/11188 4885/11138 4962/11721
vt 0.55830 0.61118
f 4704/11413 4820/11155 4938/11722
vt 0.56025 0.61040
f 4704/11413 4938/11722 4742/11723
vt 0.02335 0.50850
vt 0.02647 0.50713
f 4794/11668 4922/11724 4825/11725
vt 0.73295 0.05504
f 4698/10941 4626/10972 4828/11726
f 4574/10499 4921/11336 4965/11681
f 4633/10500 5035/11418 4816/11291
vt 0.86882 0.01300
f 4742/11074 4938/11727 4723/11197
f 4866/11566 4764/11575 4775/11209
vt 0.63658 0.33580
vt 0.63594 0.33586
f 4720/11279 4897/11728 4706/11729
f 4770/11609 4851/11655 4933/11602
vt 0.14266 0.68235
vt 0.14198 0.67945
f 4714/11335 4858/11730 4975/11731
f 4714/11335 4975/11731 4821/11492
f 4781/11626 4819/11625 4851/11655
vt 0.84281 0.36660
f 4745/11514 4911/11667 4999/11732
vt 0.87493 0.29349
f 4768/10993 4818/11326 4823/11733
vt 0.42535 0.45649
f 4778/11580 4806/11638 4808/11734
vt 0.87736 0.45223
f 4827/11559 4785/11659 5055/11735
f 4758/11435 4936/11704 4894/11538
vt 0.43205 0.47998
f 4764/11575 4788/11577 4924/11736
vt 0.73468 0.05500
f 4802/11194 4828/11737 4626/10972
vt 0.57069 0.97656
vt 0.57151 0.97667
vt 0.57093 0.97767
f 4748/11738 4910/11739 4869/11740
vt 0.16835 0.87930
vt 0.16616 0.88008
vt 0.16718 0.87920
f 4715/11741 4931/11742 4822/11743
vt 0.54355 0.18095
f 4668/11325 4856/11607 4865/11744
vt 0.35931 0.90854
f 4732/11524 4868/11745 4843/11525
vt 0.02673 0.50486
vt 0.02342 0.50523
f 4805/11746 4825/11725 4845/11747
vt 0.96720 0.77614
vt 0.96704 0.77683
vt 0.96657 0.77635
f 4799/11748 4823/11749 4908/11750
vt 0.84260 0.36076
f 4894/11538 4913/11751 4844/11597
vt 0.92859 0.36321
f 4802/11709 4950/11708 4828/11752
vt 0.44978 0.40646
f 4660/11697 4920/11753 4881/11688
vt 0.55213 0.17938
f 4774/11516 4843/11518 4937/11754
vt 0.92399 0.81157
f 4831/11604 4672/11103 4801/11755
vt 0.55284 0.61383
f 4699/11665 4836/11703 4840/11756
vt 0.10735 0.15955
f 4800/11547 4860/11662 4875/11757
f 4751/11301 4792/11537 4985/11368
vt 0.04755 0.39317
f 4593/11146 4786/11674 5032/11758
f 4788/11577 4916/11459 4924/11736
vt 0.03006 0.93173
vt 0.03026 0.93103
f 4786/11759 4826/11672 4834/11760
vt 0.09075 0.55853
f 4855/11384 4883/11556 4919/11761
f 4720/11279 4832/11588 4897/11728
vt 0.56729 0.62525
vt 0.56504 0.62583
f 4782/11762 4904/11763 4847/11533
vt 0.60150 0.39599
f 4782/11341 4682/11268 4904/11764
vt 0.86950 0.00986
f 4723/11197 4938/11727 4835/11765
f 4723/11197 4835/11765 4852/11627
vt 0.24478 0.76638
vt 0.24419 0.76757
vt 0.24333 0.76608
f 4679/11766 4837/11767 4838/11768
vt 0.00902 0.37686
f 4804/11635 4790/11473 5054/11769
f 4722/11343 4877/11710 4719/11344
vt 0.55389 0.61353
vt 0.55401 0.61615
f 4836/11770 4864/11771 4840/11756
vt 0.75722 0.04143
vt 0.75951 0.04359
vt 0.75631 0.04496
f 4836/11772 4989/11773 4864/11774
vt 0.43385 0.47654
f 4824/11334 4775/11209 4926/11775
vt 0.94211 0.50305
vt 0.94219 0.50495
vt 0.94039 0.50341
f 4807/11776 4815/11777 4917/11778
vt 0.75786 0.04014
f 4852/11779 4989/11773 4836/11772
vt 0.12692 0.11362
f 4786/11637 4903/11427 5032/11780
vt 0.94109 0.50580
f 4815/11777 4862/11781 4917/11778
vt 0.78965 0.29645
vt 0.79019 0.29529
vt 0.79001 0.29609
f 4756/11782 4887/11783 4970/11784
vt 0.64962 0.16133
f 4846/11372 4862/11785 4815/11670
vt 0.04688 0.39388
f 4593/11146 5032/11758 5014/11786
vt 0.02548 0.51934
f 4888/11614 4776/11696 4941/11787
vt 0.02960 0.92941
f 4826/11672 4801/11788 4834/11760
vt 0.14774 0.97767
vt 0.14704 0.97674
vt 0.14815 0.97618
f 4688/11789 4848/11790 4849/11791
vt 0.94277 0.50245
vt 0.94227 0.50181
f 4688/11792 4807/11776 4848/11793
vt 0.02816 0.93015
f 4831/11794 4801/11788 4826/11672
vt 0.43172 0.45019
f 4673/11690 4958/11692 4902/11795
vt 0.17600 0.10123
f 4783/10908 5019/11796 4921/11336
f 4774/11516 4937/11754 4964/11720
vt 0.36116 0.90326
vt 0.35993 0.90308
vt 0.35968 0.90251
f 4745/11797 4999/11798 4880/11799
vt 0.63121 0.06078
vt 0.63060 0.06279
f 4761/11800 4923/11711 4932/11801
vt 0.77820 0.14620
f 4655/11647 4901/11802 4998/11648
vt 0.16847 0.88042
f 4715/11741 4930/11803 4931/11742
vt 0.55249 0.61575
f 4840/11756 4864/11771 4850/11804
vt 0.01122 0.37596
f 4790/11473 4842/11805 5054/11769
vt 0.10931 0.17615
f 4776/11603 4933/11602 4941/11806
f 4896/10961 5019/11796 4783/10908
vt 0.63774 0.34372
f 4793/11317 4973/11807 4610/11190
f 4794/11668 4935/11661 4922/11724
vt 0.76979 0.65963
vt 0.76762 0.65963
f 4803/11639 4891/11808 4772/11809
vt 0.24562 0.77036
vt 0.24415 0.77093
f 4791/11810 4934/11811 4837/11767
vt 0.96872 0.41292
vt 0.96805 0.41349
f 4811/11487 4813/11812 4953/11813
vt 0.87910 0.45451
f 4827/11559 5055/11735 5066/11814
vt 0.43011 0.44948
f 4902/11795 4963/11815 4872/11424
f 4764/11575 4926/11775 4775/11209
vt 0.64689 0.15954
f 4846/11372 4970/11816 4862/11785
f 4698/10941 4828/11726 4901/11679
vt 0.62058 0.06789
vt 0.62191 0.06658
vt 0.62127 0.06936
f 4771/11817 4844/11818 4988/11819
vt 0.50936 0.96004
f 4818/11477 4765/11476 4823/11820
f 4807/11776 4917/11778 4848/11793
vt 0.24586 0.77634
vt 0.24449 0.77548
vt 0.24594 0.77324
f 4796/11821 4915/11822 4762/11823
vt 0.63775 0.34164
f 4793/11317 4833/11824 4973/11807
vt 0.49668 0.87945
f 4741/11503 4804/11308 4909/11825
vt 0.77062 0.65832
vt 0.77229 0.65910
vt 0.77064 0.66044
f 4891/11826 4733/11827 4987/11828
vt 0.35891 0.90775
f 4843/11525 4868/11745 4937/11829
vt 0.50131 0.82152
vt 0.49991 0.82614
vt 0.49915 0.82170
f 4827/11830 5066/11831 4784/11832
vt 0.60324 0.40347
vt 0.59969 0.40505
f 4805/11833 4845/11834 4873/11546
vt 0.10839 0.18007
vt 0.10969 0.18223
vt 0.10851 0.18323
f 4947/11835 4918/11836 4882/11837
vt 0.02614 0.52320
vt 0.02664 0.52682
vt 0.02427 0.52464
f 4947/11838 4882/11839 5020/11840
vt 0.14268 0.11158
f 4530/10956 4993/11233 5002/11841
vt 0.84930 0.28939
f 4628/11642 5028/11842 4871/11643
vt 0.10947 0.69640
vt 0.11147 0.69643
vt 0.10979 0.69809
f 4749/11843 4995/11844 4832/11845
vt 0.96870 0.41413
f 4813/11812 5043/11846 4953/11813
vt 0.55454 0.62166
vt 0.55282 0.61960
f 4864/11771 4878/11847 4874/11848
vt 0.24760 0.78563
vt 0.24699 0.78732
vt 0.24541 0.78743
f 4868/11849 4905/11850 4943/11851
f 4593/11146 5014/11786 4795/11660
vt 0.75056 0.32461
vt 0.75022 0.32166
vt 0.75315 0.32417
f 4740/11852 4944/11853 4739/11854
vt 0.63809 0.34509
f 4610/11190 4973/11807 4976/11855
vt 0.40359 0.67751
vt 0.40172 0.67606
f 4610/11567 4976/11856 4866/11857
vt 0.55012 0.19036
f 4760/11355 4772/11596 4939/11858
vt 0.21905 0.90537
vt 0.21975 0.90501
vt 0.21991 0.90752
f 4785/11859 4889/11860 4992/11861
vt 0.30862 0.71067
f 4749/11600 4931/11599 4995/11862
vt 0.11127 0.16397
f 4819/11625 4860/11662 4971/11863
f 4850/11804 4864/11771 4874/11848
f 4819/11625 4875/11757 4860/11662
vt 0.28411 0.72205
vt 0.28302 0.72400
vt 0.28235 0.72171
f 4854/11864 4997/11865 4942/11866
vt 0.87596 0.45300
f 4785/11659 4992/11867 5055/11735
vt 0.00596 0.37532
f 4804/11635 5054/11769 4951/11868
vt 0.10890 0.18659
f 4882/11837 4918/11836 4879/11869
vt 0.24665 0.78085
vt 0.24475 0.78143
vt 0.24580 0.77946
f 4752/11870 4964/11871 4884/11872
vt 0.49836 0.87936
f 4741/11503 4900/11873 4886/11504
vt 0.43100 0.46109
f 4729/11508 4972/11874 4946/11705
f 4791/11810 4762/11823 4915/11822
f 4791/11810 4915/11822 4934/11811
vt 0.96023 0.84144
vt 0.95911 0.84128
vt 0.95991 0.84107
f 4895/11875 4795/11876 4990/11877
vt 0.24268 0.76774
f 4838/11768 4837/11767 4923/11878
vt 0.63717 0.33436
f 4897/11728 4832/11588 5030/11879
vt 0.55987 0.61627
f 4876/11331 4914/11880 4820/11155
f 4530/10956 5002/11841 4814/11390
vt 0.62080 0.06887
f 4771/11817 4988/11819 4911/11881
vt 0.01050 0.37800
f 4842/11805 4994/11882 5054/11769
vt 0.14760 0.97548
f 4848/11790 4960/11883 4849/11791
vt 0.90002 0.33650
vt 0.90003 0.33566
vt 0.90078 0.33584
f 4829/11884 4880/11885 4986/11886
vt 0.02293 0.51784
f 4888/11614 4941/11787 5006/11887
vt 0.63735 0.33316
f 4832/11588 5008/11888 5030/11879
vt 0.02692 0.53374
vt 0.02549 0.53282
vt 0.02684 0.53014
f 4961/11889 4952/11890 4879/11891
f 4819/11625 4971/11863 4851/11655
vt 0.49445 0.88003
f 4804/11308 4951/11892 4909/11825
f 4825/11725 4922/11724 4845/11747
vt 0.97206 0.03187
vt 0.97323 0.03250
vt 0.97227 0.03365
f 4859/11893 4798/11894 4968/11895
vt 0.03448 0.39016
f 4871/11378 4980/11896 4870/11449
vt 0.95945 0.46974
vt 0.95871 0.46883
f 4739/11563 5010/11897 4765/11898
vt 0.28375 0.72071
f 4854/11864 4942/11866 4858/11899
vt 0.76884 0.66300
f 4772/11809 4891/11808 5120/11900
f 4741/11503 4909/11825 4900/11873
vt 0.98772 0.59478
vt 0.98776 0.59574
vt 0.98742 0.59511
f 4823/11901 4954/11902 4908/11903
vt 0.24576 0.66468
vt 0.24711 0.66392
vt 0.24795 0.66527
f 4889/11904 4977/11905 4992/11906
vt 0.99037 0.40544
vt 0.99037 0.40623
vt 0.99015 0.40574
f 4895/11907 4990/11908 4798/11909
vt 0.02376 0.52906
f 4882/11839 4959/11910 5020/11840
f 4820/11155 4914/11880 4938/11722
vt 0.14136 0.68170
f 4858/11730 4942/11911 4975/11731
vt 0.15606 0.84843
vt 0.15417 0.84962
vt 0.15390 0.84764
f 4865/11912 5015/11913 4930/11914
f 4882/11839 4879/11891 4959/11910
vt 0.02427 0.52194
f 5020/11840 4978/11915 4947/11838
vt 0.44635 0.40239
f 4861/11606 4892/11442 5051/11916
vt 0.44782 0.40611
f 4861/11606 5051/11916 4867/11917
vt 0.03295 0.38837
vt 0.03166 0.38793
vt 0.03412 0.38539
f 5081/11918 5043/11919 4813/11920
vt 0.53946 0.40041
f 4812/11292 4998/11585 5035/11921
vt 0.90160 0.33649
f 4829/11884 4986/11886 5005/11922
vt 0.54527 0.18619
f 4829/11396 5005/11923 4856/11607
vt 0.55347 0.62302
f 4878/11847 4883/11924 4874/11848
vt 0.43159 0.47446
f 4824/11334 4926/11775 4983/11925
vt 0.21553 0.09359
f 5035/11418 5098/11926 4816/11291
vt 0.04129 0.38917
vt 0.04041 0.39150
f 4859/11927 4968/11928 4787/11137
vt 0.77698 0.14943
f 4998/11648 4901/11802 5016/11929
vt 0.78656 0.29392
vt 0.78863 0.29249
f 4887/11783 4962/11930 5101/11931
vt 0.11096 0.70195
vt 0.11026 0.70479
f 4897/11555 5030/11932 4890/11933
vt 0.77946 0.14798
f 4901/11802 4957/11934 5016/11929
vt 0.59770 0.39690
f 4682/11268 4873/11546 5094/11935
f 4682/11268 5094/11935 4904/11764
f 4824/11334 4983/11925 4792/11537
vt 0.43259 0.48716
f 4784/11535 4928/11936 4916/11459
f 4796/11821 4884/11872 4915/11822
vt 0.60087 0.37550
f 4857/11415 4855/11370 4974/11937
vt 0.45951 0.40430
f 4950/11706 4881/11688 4907/11938
vt 0.51583 0.59297
vt 0.51771 0.59431
vt 0.51496 0.59474
f 4848/11939 4917/11940 4960/11941
vt 0.24586 0.66043
vt 0.24736 0.66033
vt 0.24619 0.66144
f 4866/11942 4976/11943 4910/11944
f 4764/11575 4924/11736 4926/11775
vt 0.31412 0.93912
vt 0.31507 0.93649
vt 0.31509 0.93854
f 4870/11945 5081/11946 4813/11947
vt 0.11063 0.15132
f 4981/11549 4899/11671 4982/11948
vt 0.62384 0.06802
f 4844/11818 4913/11949 4988/11819
vt 0.24593 0.66341
f 4889/11904 4869/11950 4977/11905
vt 0.92745 0.23176
vt 0.92727 0.23377
vt 0.92503 0.23258
f 4900/11951 5045/11952 4886/11953
vt 0.62473 0.06550
vt 0.62816 0.06392
vt 0.62686 0.06639
f 4894/11954 4936/11955 4915/11956
f 4894/11954 4915/11956 4913/11949
vt 0.55481 0.62524
f 4878/11847 4945/11957 4883/11924
vt 0.11071 0.14662
f 4708/11717 4839/11719 4925/11958
vt 0.75514 0.32461
vt 0.75594 0.32365
vt 0.75612 0.32481
f 4765/11959 4954/11960 4823/11961
vt 0.43163 0.48743
vt 0.43128 0.48680
f 4928/11936 4927/11962 4879/11963
vt 0.54765 0.18815
f 4905/11632 4760/11355 4943/11964
vt 0.43084 0.48338
f 4928/11936 4918/11965 4916/11459
vt 0.11048 0.18810
vt 0.10939 0.18975
f 4879/11869 4927/11966 4961/11967
f 4928/11936 4879/11963 4918/11965
vt 0.73009 0.05670
f 4901/11679 4828/11726 4949/11968
vt 0.72796 0.05545
f 4901/11679 4949/11968 4957/11969
vt 0.10894 0.14936
f 4956/11970 4982/11948 4899/11671
vt 0.44831 0.40480
vt 0.44826 0.40316
f 4920/11753 4867/11971 5013/11972
vt 0.92956 0.36701
vt 0.92827 0.36473
f 4950/11708 4949/11973 4828/11974
vt 0.55392 0.62551
f 4883/11924 4945/11957 4919/11975
vt 0.24461 0.67439
vt 0.24645 0.67437
vt 0.24545 0.67546
f 4886/11976 5017/11977 4841/11978
vt 0.56043 0.62277
f 4847/11533 4904/11763 4948/11979
vt 0.92637 0.23491
f 4886/11953 5045/11952 5017/11980
vt 0.59773 0.40392
f 4873/11546 4845/11834 5158/11981
vt 0.64955 0.15887
f 4862/11785 4970/11689 5048/11982
vt 0.42938 0.44982
f 4902/11795 4958/11692 4963/11983
f 4847/11533 4948/11979 4876/11331
vt 0.11120 0.16841
f 4851/11655 4979/11984 4933/11602
vt 0.42680 0.40092
f 4857/11494 4974/11985 4877/11710
vt 0.77343 0.65967
vt 0.77267 0.66036
f 4733/11827 4893/11986 5027/11987
vt 0.60049 0.38316
vt 0.59990 0.37982
vt 0.60144 0.38076
f 4945/11988 5102/11989 4919/11990
f 4918/11965 4924/11736 4916/11459
vt 0.11097 0.17210
f 4933/11602 4979/11984 4929/11991
vt 0.28304 0.72711
vt 0.28006 0.72480
f 4997/11865 4912/11992 5112/11993
vt 0.15675 0.84938
f 4865/11912 4856/11994 5015/11913
f 4914/11880 4876/11331 4948/11979
f 4654/10871 4713/11423 4966/11531
vt 0.42880 0.44362
vt 0.42825 0.44648
f 4839/11995 4898/11631 4925/11996
f 4867/11917 5051/11916 5013/11972
vt 0.42950 0.45732
f 4946/11705 4991/11997 4958/11692
vt 0.43073 0.47127
f 4985/11368 4792/11537 4929/11998
vt 0.24298 0.77029
f 4837/11767 4934/11811 4932/11999
f 4872/11424 4925/11996 4898/11631
f 4923/11878 4837/11767 4932/11999
vt 0.60169 0.37974
vt 0.60067 0.37729
f 4855/11370 4919/12000 5000/12001
vt 0.16829 0.88216
f 4930/11803 5037/12002 4931/11742
vt 0.24779 0.67586
vt 0.24611 0.67719
f 4841/11978 5079/12003 4842/12004
vt 0.28334 0.71388
vt 0.28331 0.71509
vt 0.28268 0.71602
f 4893/12005 4821/12006 4975/12007
vt 0.76097 0.04249
f 4852/11779 4835/12008 4989/11773
vt 0.02674 0.53584
vt 0.02692 0.53786
vt 0.02373 0.53562
f 4900/12009 4909/12010 5045/12011
vt 0.42952 0.46130
f 4729/11508 4969/12012 4972/11874
f 4729/11508 4985/11368 4969/12012
vt 0.18252 0.10116
f 4896/10961 5090/11011 5083/12013
vt 0.24603 0.78361
vt 0.24430 0.78266
f 4937/12014 4967/12015 4964/11871
vt 0.45148 0.40375
f 4920/11753 5057/12016 4881/11688
vt 0.11113 0.17990
f 4918/11836 4947/11835 4924/12017
f 4920/11753 5013/11972 5057/12016
vt 0.00621 0.37671
f 4951/11868 5054/11769 5060/12018
vt 0.50626 0.59503
f 4740/11636 4940/11586 4944/12019
f 4896/10961 5083/12013 5019/11796
vt 0.49671 0.82123
vt 0.49721 0.82431
f 4928/12020 4784/11832 5004/12021
vt 0.11131 0.17802
f 4947/11835 4955/12022 4924/12017
vt 0.24405 0.77877
f 4915/11822 4884/11872 4913/12023
vt 0.24775 0.67882
f 4842/12004 5079/12003 4994/12024
vt 0.89939 0.33450
vt 0.90174 0.33288
vt 0.90145 0.33486
f 4880/12025 4999/12026 4986/12027
vt 0.63022 0.06460
f 4936/11955 4932/11801 4934/12028
f 4936/11955 4934/12028 4915/11956
vt 0.11082 0.17501
f 4933/11602 4984/12029 4941/11806
f 4868/11849 4943/11851 4937/12014
f 4919/12000 5102/11989 5000/12001
vt 0.03113 0.38517
vt 0.03201 0.38611
vt 0.02880 0.38722
f 4811/12030 4953/12031 5011/12032
f 4811/12030 5011/12032 4885/11138
vt 0.42943 0.46422
f 4985/11368 4971/12033 4969/12012
vt 0.04287 0.39261
f 4795/11660 5014/11786 4990/12034
vt 0.28188 0.71378
f 4893/12005 4975/12007 5027/12035
vt 0.43058 0.47797
f 4924/11736 4955/12036 4926/11775
vt 0.90088 0.33108
vt 0.90271 0.33132
f 4911/12037 4988/12038 4999/12026
vt 0.46314 0.40486
vt 0.46257 0.40562
f 4950/11706 5001/12039 4949/12040
f 4872/11424 4963/11983 4925/11996
f 4792/11537 4983/11925 4929/11998
f 4855/11370 5000/12001 4974/11937
f 4884/11872 4964/11871 4913/12023
vt 0.51248 0.59578
f 4960/11941 5095/12041 4849/11369
vt 0.11063 0.70664
f 4890/11933 5030/11932 4833/12042
vt 0.41554 0.66552
vt 0.41743 0.66709
vt 0.41760 0.66919
f 4799/12043 4908/12044 5073/12045
vt 0.28200 0.72029
vt 0.27924 0.72023
f 4942/12046 5042/12047 4975/12007
vt 0.11106 0.18887
f 4961/11967 4927/11966 4952/12048
vt 0.11086 0.14971
f 4956/11970 4963/12049 4982/11948
f 4885/11138 5011/12032 4962/11721
vt 0.11101 0.16132
f 4971/11863 4860/11662 4969/12050
vt 0.15617 0.85090
f 5015/11913 4856/11994 5009/12051
vt 0.02483 0.52117
vt 0.02481 0.52009
f 4947/12052 4978/11915 4941/12053
vt 0.31397 0.93655
f 4870/11945 5091/12054 5081/11946
f 4941/12053 4978/11915 5006/11887
vt 0.11115 0.69863
f 4995/11844 5008/12055 4832/11845
f 4708/11717 4925/11958 4956/11970
vt 0.24940 0.66248
vt 0.24631 0.66282
f 4910/11944 5087/12056 4869/12057
vt 0.42958 0.46811
f 4985/11368 4929/11998 4979/12058
vt 0.19119 0.09872
f 5090/11011 4906/10854 5084/12059
vt 0.62186 0.06998
f 4988/11819 4913/11949 4964/12060
f 4869/12057 5087/12056 4977/11905
f 4956/11970 4925/11958 4963/12049
vt 0.94335 0.62228
vt 0.94353 0.62075
f 4798/11678 4990/12061 4968/12062
f 4929/11991 4984/12029 4933/11602
vt 0.75883 0.04808
vt 0.75564 0.04962
f 4864/11774 5029/12063 4878/12064
vt 0.49539 0.82099
vt 0.49525 0.82152
f 4927/12065 4928/12020 4952/12066
vt 0.02662 0.53966
vt 0.02444 0.54044
f 4951/12067 5060/12068 4909/12010
vt 0.38202 0.92870
vt 0.38376 0.92976
vt 0.38327 0.93118
f 4917/12069 4862/12070 5052/12071
f 4909/12010 5060/12068 5045/12011
vt 0.76599 0.66236
f 4772/11809 5120/11900 4939/12072
f 4879/11891 4952/11890 4959/11910
f 4926/11775 4955/12036 4983/11925
vt 0.49594 0.82338
f 4928/12020 5063/12073 4952/12066
f 4947/11835 4941/11806 4955/12022
vt 0.94389 0.19984
vt 0.94473 0.20183
vt 0.94383 0.20303
f 4891/12074 4987/12075 5120/12076
f 4953/12031 5043/11919 5011/12032
vt 0.11123 0.15728
f 4981/11549 4991/12077 4860/11662
vt 0.72829 0.05661
f 4957/11969 4949/11968 5050/12078
f 4966/11531 5084/12059 4906/10854
f 4864/11774 4989/11773 5029/12063
vt 0.46128 0.40391
f 4907/11938 5033/12079 4950/11706
vt 0.42876 0.45428
f 4958/11692 4991/11997 4981/12080
vt 0.42846 0.45122
f 4958/11692 4981/12080 4982/12081
vt 0.75406 0.32228
vt 0.75549 0.32210
f 4765/11959 5010/12082 5074/12083
f 4765/11959 5074/12083 4954/11960
f 4910/11944 4976/11943 5087/12056
f 4733/11827 5027/11987 4987/11828
vt 0.83317 0.28306
vt 0.83256 0.28513
vt 0.83196 0.28458
f 4930/12084 5015/12085 5037/12086
f 4849/11369 5095/12041 4940/11586
vt 0.54697 0.19058
f 4943/11964 4760/11355 5107/12087
f 4950/11706 5033/12079 5001/12039
vt 0.42990 0.46034
f 4972/12088 4991/11997 4946/11705
vt 0.21112 0.09535
f 5012/11573 4816/11291 5208/12089
vt 0.11143 0.16014
f 4969/12050 4860/11662 4972/12090
vt 0.75542 0.05389
vt 0.75883 0.05179
f 4945/12091 4878/12064 5044/12092
f 4760/11355 4939/11858 5107/12087
f 4841/11978 5017/11977 5079/12003
f 4958/11692 4982/12081 4963/11983
vt 0.11164 0.17372
f 4929/11991 4983/12093 4984/12029
vt 0.54279 0.18644
f 4856/11607 5005/11923 5082/12094
vt 0.98070 0.01194
vt 0.97984 0.01179
vt 0.98090 0.01090
f 4949/12095 5001/12096 5022/12097
vt 0.24390 0.78443
f 4937/12014 5024/12098 4967/12015
vt 0.90347 0.33309
f 4999/12026 4988/12038 5024/12099
vt 0.54222 0.18420
f 4856/11607 5082/12094 5009/12100
vt 0.55612 0.61601
f 4938/11722 4914/11880 5026/12101
vt 0.42991 0.47484
f 4983/11925 4955/12036 4984/12102
f 4739/11854 4944/11853 5010/12082
vt 0.55530 0.61230
f 4938/11722 5026/12101 4835/12103
f 4984/12029 4955/12022 4941/11806
vt 0.03847 0.39421
f 4787/11137 4968/11928 5062/12104
vt 0.55769 0.61884
f 4914/11880 4948/11979 5036/12105
vt 0.90337 0.33070
vt 0.90402 0.33154
f 4964/12106 4967/12107 4988/12038
vt 0.04561 0.90389
vt 0.04544 0.90558
vt 0.04352 0.90400
f 4954/12108 5074/12109 4908/12110
vt 0.28670 0.96267
vt 0.28626 0.96380
vt 0.28577 0.96344
f 4986/12111 5003/12112 5005/12113
f 4814/11390 5002/11841 4853/10957
vt 0.03241 0.39078
f 4870/11449 4980/11896 5091/12114
vt 0.76090 0.04595
f 4835/12008 5026/12115 4989/11773
vt 0.15749 0.10923
f 4809/11461 5118/12116 4830/11092
vt 0.04507 0.39612
f 4990/12034 5014/11786 5099/12117
f 4860/11662 4991/12077 4972/12090
f 4937/12014 4943/11851 5024/12098
f 4888/11614 5006/11887 4935/11661
vt 0.02527 0.38570
f 4962/11721 5011/12032 5031/12118
vt 0.56185 0.62625
f 4904/11763 5080/12119 4948/11979
f 5024/12099 4988/12038 4967/12107
f 4914/11880 5036/12105 5026/12101
vt 0.97996 0.01085
f 5022/12097 5001/12096 5033/12120
vt 0.64648 0.15794
vt 0.64795 0.15738
f 4970/11689 4887/12121 5053/12122
vt 0.38121 0.93073
f 4917/12069 5052/12071 5034/12123
vt 0.59914 0.39338
f 4904/11764 5094/11935 5080/12124
vt 0.28295 0.72865
vt 0.28130 0.72869
f 4799/12125 5073/12126 4912/11992
f 4985/11368 4979/12058 4971/12033
vt 0.42889 0.39977
f 4974/11985 5000/12127 4877/11710
vt 0.78591 0.29161
f 4962/11930 5031/12128 5101/11931
vt 0.49789 0.82715
f 4784/11832 5066/11831 5114/12129
vt 0.02304 0.53277
f 4952/11890 5063/12130 4959/11910
vt 0.54507 0.18893
vt 0.54605 0.18746
f 4943/11964 5103/12131 5003/12132
vt 0.16978 0.10781
f 4921/11336 5229/12133 4965/11681
vt 0.21802 0.09112
f 5035/11418 5077/12134 5098/11926
vt 0.45492 0.40371
f 4881/11688 5047/12135 4907/11938
vt 0.50841 0.59747
f 4940/11586 5095/12041 5190/12136
vt 0.16552 0.88183
f 4931/11742 5037/12002 4995/12137
f 4944/12019 4940/11586 5190/12136
f 4928/12020 5004/12021 5063/12073
vt 0.96879 0.31657
vt 0.96899 0.31917
vt 0.96826 0.31773
f 5032/12138 5021/12139 5014/12140
f 4787/11137 5062/12104 5028/11680
vt 0.77947 0.14984
f 5050/12141 5016/11929 4957/11934
f 4943/11964 5107/12087 5103/12131
vt 0.02212 0.53737
f 5045/12011 5060/12068 5056/12142
f 4989/11773 5026/12115 5029/12063
vt 0.96995 0.06677
vt 0.97107 0.06739
vt 0.97034 0.06812
f 5095/12143 4960/12144 5007/12145
vt 0.64888 0.15809
f 4970/11689 5053/12122 5049/12146
f 4970/11689 5049/12146 5048/11982
f 4979/11984 4851/11655 4971/11863
f 4881/11688 5057/12016 5047/12135
vt 0.43395 0.40082
f 4719/11344 4877/11710 5018/12147
vt 0.11053 0.71076
vt 0.11039 0.70940
vt 0.11329 0.71066
f 4976/12148 4973/12149 5038/12150
vt 0.51647 0.59615
f 4917/11940 5034/12151 4960/11941
vt 0.65105 0.15917
f 4862/11785 5048/11982 5052/12152
f 4719/11344 5018/12147 4863/11431
vt 0.16601 0.88406
f 5037/12002 5041/12153 4995/12137
vt 0.20598 0.09713
f 5012/11573 5208/12089 5270/12154
vt 0.02144 0.53195
f 5063/12130 5072/12155 4959/11910
vt 0.02079 0.52148
f 5006/11887 4978/11915 5163/12156
f 4968/11928 4990/12034 5062/12104
vt 0.24328 0.78616
f 5024/12098 4943/11851 5023/12157
vt 0.17376 0.10491
f 5019/11796 5142/12158 4921/11336
vt 0.90370 0.33434
vt 0.90344 0.33499
f 4999/12026 5024/12159 5023/12160
f 5003/12132 5103/12131 5005/11923
vt 0.51509 0.59578
f 4960/11941 5034/12151 5007/12161
vt 0.90244 0.33561
f 4986/12027 5023/12160 5003/12162
vt 0.25021 0.67893
f 4994/12024 5079/12003 5086/12163
vt 0.01990 0.51192
f 4935/11661 5025/12164 4922/11724
vt 0.55637 0.61841
f 5026/12101 5036/12105 5029/12165
f 4999/12026 5023/12160 4986/12027
vt 0.61479 0.96074
vt 0.61619 0.96024
vt 0.61580 0.96195
f 4949/12166 5022/12167 5050/12168
vt 0.13838 0.11621
f 4853/10957 5002/11841 5188/12169
vt 0.44073 0.40081
f 4892/11442 4863/11431 5078/12170
f 4912/11992 5073/12126 5112/11993
f 5044/12092 4878/12064 5029/12063
vt 0.75781 0.05476
f 5044/12092 5085/12171 4945/12091
vt 0.54082 0.39785
f 5035/11921 4998/11585 5077/12172
vt 0.19744 0.10019
f 4713/11423 5300/12173 4966/11531
vt 0.02628 0.38698
f 5011/12032 5070/12174 5031/12118
vt 0.79050 0.29306
vt 0.79072 0.29499
f 5101/11931 5061/12175 4887/12176
vt 0.40637 0.67839
vt 0.40675 0.67947
f 4976/11856 5038/12177 5132/12178
vt 0.25055 0.66055
f 4976/11943 5132/12179 5087/12056
f 5020/11840 5163/12156 4978/11915
f 4830/11092 5118/12116 4993/11233
vt 0.11399 0.70616
f 5030/11932 5110/12180 4833/12042
vt 0.24420 0.78762
f 4943/11851 5003/12181 5023/12157
vt 0.84944 0.29267
f 5028/11842 5039/12182 4871/11643
vt 0.64677 0.15630
f 4887/12121 5061/12183 5053/12122
vt 0.02982 0.38924
f 5011/12032 5043/11919 5058/12184
f 4997/11865 5112/11993 4942/11866
vt 0.75888 0.34101
vt 0.75896 0.33793
vt 0.76084 0.33887
f 5033/12185 4907/12186 5065/12187
vt 0.11583 0.69895
vt 0.11435 0.70161
f 5008/12055 5143/12188 5124/12189
f 5008/12055 5124/12189 5030/11932
f 4977/11905 5087/12056 4992/11906
vt 0.96419 0.46872
vt 0.96533 0.46981
vt 0.96393 0.46997
f 5022/12190 5033/12191 5134/12192
vt 0.75952 0.33420
f 5047/12193 5065/12187 4907/12186
f 5008/12055 4995/11844 5143/12188
vt 0.55643 0.62117
f 5036/12105 4948/11979 5044/12194
vt 0.03412 0.39193
f 4871/11378 5040/12195 4980/11896
vt 0.55640 0.61983
f 5029/12196 5036/12105 5044/12194
f 4816/11291 5098/11926 5208/12089
f 4921/11336 5142/12158 5229/12133
vt 0.04804 0.39665
f 5014/11786 5021/12197 5099/12117
vt 0.77900 0.15011
vt 0.77785 0.15166
f 5016/11929 5050/12198 5111/12199
vt 0.59785 0.38510
f 4945/11988 5085/12200 5102/11989
vt 0.27997 0.71398
f 5027/12035 4975/12007 5088/12201
vt 0.16868 0.88274
vt 0.16843 0.88455
f 5037/12002 5015/12202 5069/12203
vt 0.24821 0.67264
f 5079/12003 5017/11977 5097/12204
vt 0.75286 0.32026
vt 0.75352 0.32220
f 4944/11853 5109/12205 5010/12206
vt 0.84778 0.29372
f 4871/11643 5039/12182 5040/12207
vt 0.44351 0.39870
f 5051/11916 4892/11442 5105/12208
vt 0.97104 0.06912
vt 0.97004 0.06890
f 5007/12145 5034/12209 5071/12210
vt 0.01034 0.38065
f 4994/11882 5086/12211 5054/11769
f 4990/12034 5099/12117 5062/12104
vt 0.94428 0.20440
f 5120/12076 4987/12075 5173/12212
f 4784/11832 5114/12129 5004/12021
vt 0.55941 0.62552
f 4948/11979 5080/12119 5108/12213
f 4833/12042 5110/12180 4973/12149
f 4973/12149 5110/12180 5038/12150
vt 0.43244 0.39875
f 4877/11710 5000/12127 5064/12214
vt 0.55823 0.62351
f 5044/12194 4948/11979 5059/12215
vt 0.77307 0.66207
f 5027/11987 5088/12216 4987/11828
vt 0.28015 0.72164
f 4942/11866 5112/11993 5076/12217
vt 0.03514 0.39177
f 5028/11680 5062/12104 5039/12218
f 4877/11710 5064/12214 5018/12147
vt 0.02199 0.53453
f 5056/12142 5068/12219 5045/12011
vt 0.15404 0.85211
f 5015/11913 5009/12051 5069/12220
f 5005/11923 5103/12131 5082/12094
f 5030/11932 5124/12189 5110/12180
vt 0.14805 0.11313
f 4993/11233 5168/12221 5002/11841
vt 0.12937 0.11795
f 4903/11427 5119/12222 5032/11780
vt 0.15185 0.11192
f 4993/11233 5118/12116 5178/12223
vt 0.53886 0.39675
f 4998/11585 5016/12224 5077/12172
vt 0.76007 0.33082
vt 0.76025 0.32789
vt 0.76177 0.32940
f 5057/12225 5013/12226 5106/12227
vt 0.76169 0.34169
f 5033/12185 5065/12187 5134/12228
vt 0.76605 0.66576
f 4939/12072 5120/11900 5107/12229
vt 0.50605 0.59839
f 5190/12136 5191/12230 4944/12019
vt 0.51432 0.59610
vt 0.51470 0.59712
vt 0.51257 0.59795
f 5007/12231 5071/12232 5148/12233
vt 0.75928 0.05549
f 5085/12171 5044/12092 5067/12234
vt 0.76122 0.05303
f 5059/12235 5067/12234 5044/12092
vt 0.00610 0.37867
f 5060/12018 5054/11769 5096/12236
f 4863/11431 5018/12147 5078/12170
vt 0.97288 0.62924
vt 0.97235 0.62812
vt 0.97328 0.62777
f 5048/12237 5049/12238 5052/12239
vt 0.90716 0.32039
vt 0.90749 0.32108
vt 0.90635 0.32074
f 5053/12240 5061/12241 5093/12242
vt 0.28967 0.97716
vt 0.28935 0.97763
vt 0.28892 0.97699
f 5049/12243 5093/12244 5071/12245
f 4853/10957 5188/12169 4996/11419
vt 0.87592 0.45112
f 4992/11867 5046/12246 5055/11735
f 4948/11979 5108/12213 5059/12215
vt 0.24611 0.67335
vt 0.24674 0.67257
vt 0.24642 0.67369
f 5045/12247 5068/12248 5017/12249
vt 0.38253 0.93298
vt 0.38197 0.93291
vt 0.38240 0.93261
f 5049/12250 5071/12251 5052/12252
vt 0.59482 0.40078
f 5158/11981 5210/12253 4873/11546
f 5034/12123 5052/12071 5071/12251
vt 0.30970 0.71133
vt 0.31085 0.71141
vt 0.31230 0.71377
f 4995/12254 5041/12255 5126/12256
vt 0.16466 0.10897
f 4965/11681 5146/12257 4809/11461
vt 0.12628 0.11662
f 5032/11780 5119/12222 5021/12258
vt 0.44608 0.39807
f 5051/11916 5105/12208 5135/12259
f 4903/11427 4996/11419 5119/12222
vt 0.04301 0.90583
f 4908/12110 5074/12109 5073/12260
vt 0.11540 0.69623
f 4995/11844 5126/12261 5143/12188
vt 0.64902 0.15755
vt 0.64892 0.15625
f 5049/12262 5053/12122 5093/12263
vt 0.90746 0.32233
f 5061/12241 5075/12264 5093/12242
vt 0.95634 0.51047
vt 0.95771 0.51015
vt 0.95667 0.51126
f 5050/12265 5155/12266 5111/12267
vt 0.01928 0.52643
f 4959/11910 5160/12268 5020/11840
f 4892/11442 5078/12170 5105/12208
f 5020/11840 5160/12268 5163/12156
vt 0.92932 0.33058
vt 0.92829 0.33014
vt 0.92916 0.32864
f 5070/12269 5011/12270 5104/12271
vt 0.95639 0.50799
vt 0.95763 0.50785
f 5022/12272 5134/12273 5050/12265
vt 0.24637 0.67125
vt 0.24761 0.67010
f 5063/12274 5004/12275 5097/12204
f 5017/12249 5068/12248 5097/12204
vt 0.15797 0.85304
vt 0.15654 0.85453
f 5009/12051 5082/12276 5092/12277
f 5037/12002 5069/12203 5041/12153
f 5007/12231 5148/12233 5095/12041
vt 0.77095 0.66440
f 4987/11828 5088/12216 5173/12278
f 4975/12007 5042/12047 5088/12201
vt 0.78810 0.28811
f 5101/11931 5031/12128 5197/12279
f 4873/11546 5210/12253 5094/11935
vt 0.01839 0.51515
f 4935/11661 5006/11887 5213/12280
f 5063/12130 5068/12219 5072/12155
vt 0.43615 0.39822
f 5078/12170 5018/12147 5263/12281
f 5009/12051 5092/12277 5069/12220
vt 0.20165 0.09844
f 4713/11423 5166/12282 5300/12173
f 5043/11919 5081/11918 5058/12184
vt 0.42950 0.39639
f 5000/12127 5150/12283 5064/12214
vt 0.59624 0.38137
f 5102/11989 5085/12200 5133/12284
vt 0.55817 0.62500
f 5059/12215 5108/12213 5067/12285
vt 0.76353 0.33268
f 5047/12193 5057/12225 5164/12286
f 5047/12193 5164/12286 5065/12187
f 5068/12248 5063/12274 5097/12204
vt 0.59918 0.37712
vt 0.59673 0.37783
f 5000/12287 5102/11989 5150/12288
vt 0.87630 0.44821
f 5055/11735 5046/12246 5123/12289
vt 0.24980 0.67054
f 5004/12275 5114/12290 5097/12204
vt 0.87920 0.45192
vt 0.87928 0.44924
f 5066/12291 5055/11735 5122/12292
f 5018/12147 5064/12214 5263/12281
vt 0.90574 0.32218
f 5075/12264 5171/12293 5093/12242
f 5055/11735 5123/12289 5122/12292
vt 0.79051 0.29126
f 5101/11931 5121/12294 5061/12175
vt 0.90776 0.32644
vt 0.90592 0.32708
vt 0.90729 0.32430
f 5011/12295 5058/12296 5104/12297
f 4942/12046 5076/12217 5042/12047
f 4809/11461 5146/12257 5118/12116
f 4959/11910 5072/12155 5160/12268
vt 0.18808 0.10319
f 5084/12059 5141/12298 5090/11011
vt 0.92904 0.32561
vt 0.93021 0.32586
vt 0.92881 0.32653
f 5061/12299 5121/12300 5075/12301
vt 0.17954 0.10582
f 5019/11796 5083/12013 5255/12302
vt 0.02529 0.38798
f 5031/12118 5070/12174 5128/12303
vt 0.02303 0.38746
f 5031/12118 5128/12303 5115/12304
vt 0.11714 0.70824
f 5110/12180 5196/12305 5038/12150
vt 0.13310 0.11829
f 4996/11419 5188/12169 5180/12306
f 5078/12170 5263/12281 5105/12208
vt 0.75176 0.31833
f 4944/11853 5089/12307 5109/12205
vt 0.14426 0.11475
f 5002/11841 5168/12221 5211/12308
f 4935/11661 5213/12280 5025/12164
vt 0.59833 0.38773
vt 0.59606 0.38904
f 5067/12309 5317/12310 5085/12200
vt 0.78586 0.28871
f 5031/12128 5115/12311 5197/12279
vt 0.93065 0.32993
f 5070/12269 5104/12271 5128/12312
vt 0.26535 0.76985
vt 0.26261 0.77007
vt 0.26378 0.76650
f 5135/12313 5212/12314 5051/12315
vt 0.04692 0.39727
f 5021/12197 5125/12316 5099/12117
vt 0.51383 0.59846
f 5071/12232 5136/12317 5148/12233
vt 0.75543 0.32004
f 5010/12082 5100/12318 5074/12083
vt 0.75308 0.32012
f 5010/12082 5109/12319 5100/12318
vt 0.44019 0.39654
f 5263/12281 5167/12320 5105/12208
vt 0.25077 0.66505
f 4992/11906 5087/12056 5046/12321
vt 0.76011 0.32598
vt 0.76075 0.32634
f 5013/12226 5051/12322 5138/12323
vt 0.27739 0.72849
f 5112/11993 5073/12126 5137/12324
vt 0.04532 0.90728
f 5074/12109 5100/12325 5073/12260
vt 0.02971 0.39077
f 5058/12184 5081/11918 5147/12326
f 5075/12264 5104/12297 5171/12293
f 4713/11423 5012/11573 5166/12282
f 5050/12265 5134/12273 5155/12266
vt 0.50978 0.59782
f 5190/12136 5095/12041 5130/12327
vt 0.59822 0.38892
vt 0.59816 0.39127
f 5067/12328 5108/12329 5317/12310
vt 0.02184 0.54097
f 5060/12068 5096/12330 5056/12142
f 4980/11896 5040/12195 5091/12114
f 4993/11233 5178/12223 5168/12221
vt 0.27705 0.71560
f 5042/12047 5179/12331 5088/12201
vt 0.90569 0.32118
f 5171/12293 5237/12332 5093/12242
vt 0.50017 0.82832
f 5066/11831 5122/12333 5114/12129
vt 0.59324 0.39378
f 5080/12124 5094/11935 5234/12334
vt 0.04332 0.90912
f 5073/12260 5100/12325 5200/12335
vt 0.02028 0.50707
f 4845/11747 4922/11724 5127/12336
vt 0.31507 0.93511
vt 0.31416 0.93314
f 5081/12337 5091/12054 5116/12338
vt 0.26235 0.76813
f 5051/12315 5212/12314 5138/12339
vt 0.54248 0.18842
f 5082/12094 5103/12131 5092/12340
vt 0.90510 0.32515
f 5104/12297 5058/12296 5184/12341
f 5083/12013 5090/11011 5141/12298
vt 0.96563 0.57913
vt 0.96416 0.58075
vt 0.96391 0.58024
f 5071/12342 5093/12343 5256/12344
vt 0.96397 0.57872
f 5071/12342 5256/12344 5136/12345
f 5057/12225 5106/12227 5164/12286
vt 0.27791 0.71384
f 5088/12201 5179/12331 5113/12346
vt 0.25140 0.67396
f 5079/12003 5097/12204 5233/12347
vt 0.41804 0.67255
vt 0.41705 0.67300
f 5073/12045 5200/12348 5137/12349
vt 0.31534 0.93341
f 5081/12337 5116/12338 5147/12350
f 4966/11531 5300/12173 5084/12059
vt 0.00921 0.38430
vt 0.00654 0.38228
f 5086/12211 5325/12351 5232/12352
f 5086/12211 5232/12352 5054/11769
vt 0.01867 0.51873
f 5006/11887 5131/12353 5213/12280
f 5080/12124 5234/12334 5108/12329
f 5086/12163 5079/12003 5233/12347
vt 0.54465 0.19102
f 5103/12131 5107/12087 5169/12354
vt 0.54199 0.39203
f 5077/12172 5016/12224 5195/12355
vt 0.03514 0.39594
f 5039/12218 5062/12104 5151/12356
vt 0.75270 0.31784
f 5089/12307 5189/12357 5109/12205
vt 0.93105 0.32719
f 5121/12300 5172/12358 5075/12301
vt 0.12753 0.11843
f 5021/12258 5119/12222 5125/12359
vt 0.52424 0.38153
vt 0.52441 0.38000
vt 0.52520 0.38204
f 5013/12360 5138/12361 5106/12362
f 5006/11887 5163/12156 5131/12353
vt 0.04513 0.90887
f 5200/12335 5100/12325 5177/12363
f 5075/12301 5172/12358 5104/12271
vt 0.74989 0.31650
f 4944/11853 5187/12364 5089/12307
vt 0.11586 0.70327
f 5110/12180 5124/12189 5194/12365
vt 0.76386 0.33575
f 5065/12187 5164/12286 5209/12366
vt 0.50259 0.59810
f 4944/12019 5191/12230 5187/12367
vt 0.49773 0.83129
f 5122/12333 5162/12368 5114/12129
vt 0.50044 0.83086
f 5122/12333 5157/12369 5162/12368
f 5104/12297 5184/12341 5171/12293
vt 0.76346 0.33828
f 5065/12187 5221/12370 5134/12228
f 4996/11419 5180/12306 5119/12222
vt 0.59457 0.38375
f 5085/12200 5317/12310 5193/12371
vt 0.59650 0.40621
f 4845/11834 5127/12372 5158/11981
vt 0.54034 0.39403
f 5016/12224 5111/12373 5195/12355
vt 0.15422 0.85537
f 5092/12277 5161/12374 5069/12220
vt 0.54302 0.19011
f 5103/12131 5169/12354 5153/12375
vt 0.02760 0.39483
vt 0.03000 0.39143
f 5091/12114 5337/12376 5116/12377
vt 0.04415 0.39802
vt 0.04187 0.39744
f 5099/12117 5117/12378 5220/12379
vt 0.64949 0.15400
vt 0.65070 0.15429
f 5093/12263 5237/12380 5256/12381
vt 0.04512 0.39800
f 5125/12316 5217/12382 5099/12117
f 5103/12131 5153/12375 5092/12340
f 5096/12236 5054/11769 5232/12352
vt 0.01601 0.53495
f 5068/12219 5129/12383 5072/12155
vt 0.16811 0.88715
f 5041/12153 5069/12203 5161/12384
vt 0.99134 0.78316
vt 0.99113 0.78357
vt 0.99099 0.78316
f 5109/12385 5189/12386 5159/12387
vt 0.21855 0.91116
vt 0.22000 0.91036
vt 0.21855 0.91312
f 5123/12388 5046/12389 5144/12390
vt 0.76755 0.66655
f 5107/12229 5120/11900 5183/12391
f 5012/11573 5270/12154 5166/12282
f 5076/12217 5112/11993 5042/12047
f 5102/11989 5133/12284 5150/12288
vt 0.76863 0.66641
f 5120/11900 5165/12392 5183/12391
f 5065/12187 5209/12366 5221/12370
vt 0.25373 0.67882
f 5086/12163 5233/12347 5239/12393
vt 0.21746 0.09482
f 5077/12134 5145/12394 5098/11926
vt 0.01128 0.38355
f 5086/12211 5239/12395 5325/12351
f 5104/12271 5172/12358 5128/12312
f 4922/11724 5025/12164 5127/12336
vt 0.78612 0.28606
f 5197/12279 5115/12311 5174/12396
vt 0.76268 0.34601
vt 0.76244 0.34434
vt 0.76381 0.34621
f 5111/12397 5155/12398 5216/12399
vt 0.76773 0.66803
f 5107/12229 5183/12391 5169/12400
vt 0.15643 0.11464
f 5178/12223 5118/12116 5370/12401
vt 0.75395 0.31857
f 5109/12319 5159/12402 5100/12318
vt 0.89222 0.90866
vt 0.89121 0.90882
vt 0.89076 0.90653
f 5058/12403 5147/12404 5184/12405
vt 0.25270 0.66317
f 5087/12056 5182/12406 5046/12321
vt 0.59504 0.39916
f 5094/11935 5210/12253 5202/12407
f 5101/11931 5197/12279 5121/12294
vt 0.16566 0.88654
f 5041/12153 5161/12384 5126/12408
vt 0.27409 0.72505
f 5112/11993 5137/12324 5214/12409
vt 0.01792 0.53946
f 5056/12142 5096/12330 5277/12410
vt 0.01488 0.52988
f 5072/12155 5335/12411 5160/12268
f 4965/11681 5229/12133 5146/12257
vt 0.59537 0.39786
f 5094/11935 5202/12412 5234/12334
vt 0.76328 0.33070
f 5106/12227 5139/12413 5164/12286
vt 0.54289 0.39462
f 5077/12172 5195/12355 5145/12414
f 5072/12155 5129/12383 5335/12411
f 5019/11796 5255/12302 5142/12158
vt 0.11647 0.70482
f 5110/12180 5194/12365 5149/12415
vt 0.51216 0.59860
f 5095/12041 5148/12416 5130/12327
f 5087/12056 5132/12179 5182/12406
vt 0.87921 0.44768
f 5122/12292 5123/12289 5157/12417
f 5112/11993 5214/12409 5042/12047
f 5099/12117 5217/12382 5117/12378
vt 0.01875 0.50955
f 5127/12336 5025/12164 5219/12418
vt 0.25396 0.66494
f 5046/12321 5182/12406 5144/12419
vt 0.76870 0.66653
f 5120/11900 5173/12278 5165/12420
vt 0.44425 0.39428
f 5105/12208 5354/12421 5135/12259
vt 0.11279 0.90298
vt 0.11424 0.90295
vt 0.11360 0.90426
f 5121/12422 5156/12423 5172/12424
f 5114/12290 5233/12347 5097/12204
vt 0.01687 0.52321
f 5163/12156 5160/12268 5311/12425
vt 0.02447 0.39028
f 5115/12304 5128/12303 5140/12426
vt 0.98742 0.48271
vt 0.98792 0.48311
vt 0.98742 0.48351
f 5106/12427 5138/12428 5139/12429
f 5068/12219 5056/12142 5129/12383
f 5099/12117 5220/12379 5062/12104
vt 0.01917 0.54161
f 5096/12330 5232/12430 5277/12410
vt 0.77315 0.66635
f 5088/12216 5113/12431 5173/12278
vt 0.51300 0.59879
vt 0.51332 0.59997
f 5136/12432 5207/12433 5148/12416
vt 0.59118 0.38586
f 5317/12310 5181/12434 5193/12371
vt 0.75580 0.31818
f 5100/12318 5159/12402 5177/12435
vt 0.11653 0.71095
f 5038/12150 5196/12305 5176/12436
vt 0.76384 0.34152
f 5134/12228 5221/12370 5154/12437
vt 0.11765 0.70280
f 5124/12189 5143/12188 5192/12438
vt 0.27515 0.71387
f 5113/12346 5179/12331 5198/12439
f 5133/12284 5085/12200 5193/12371
vt 0.11064 0.90672
vt 0.11250 0.90585
vt 0.11245 0.90690
f 5128/12440 5172/12441 5170/12442
vt 0.11176 0.90793
f 5128/12440 5170/12442 5140/12443
f 5194/12365 5124/12189 5192/12438
vt 0.84942 0.29592
f 5039/12182 5152/12444 5040/12207
vt 0.12930 0.11950
f 5125/12359 5119/12222 5217/12445
vt 0.53630 0.39027
vt 0.53725 0.38961
vt 0.53779 0.39086
f 5134/12446 5154/12447 5155/12448
vt 0.89068 0.90265
vt 0.88978 0.90518
vt 0.88921 0.90284
f 5237/12449 5171/12450 5156/12451
f 5119/12222 5180/12306 5217/12445
vt 0.13507 0.11916
f 5188/12169 5271/12452 5180/12306
vt 0.03860 0.39663
f 5062/12104 5220/12379 5175/12453
vt 0.43058 0.39371
f 5064/12214 5150/12283 5266/12454
vt 0.02054 0.39125
f 5115/12304 5140/12426 5293/12455
f 5002/11841 5211/12308 5188/12169
f 5108/12329 5234/12334 5317/12310
vt 0.03226 0.39361
f 5039/12218 5151/12356 5152/12456
vt 0.02010 0.38831
f 5115/12304 5293/12455 5174/12457
vt 0.01772 0.51067
f 5025/12164 5240/12458 5219/12418
f 5110/12180 5149/12415 5196/12305
f 5056/12142 5277/12410 5129/12383
f 5064/12214 5266/12454 5263/12281
vt 0.93227 0.60734
vt 0.93298 0.60472
vt 0.93411 0.60631
f 5157/12459 5123/12460 5236/12461
f 5105/12208 5167/12320 5354/12421
vt 0.67224 0.26589
vt 0.67261 0.26458
vt 0.67474 0.26596
f 5311/12462 5274/12463 5163/12464
vt 0.64673 0.15249
vt 0.64785 0.14914
vt 0.64779 0.15317
f 5121/12465 5361/12466 5156/12467
vt 0.15686 0.85675
vt 0.15478 0.85717
f 5092/12277 5153/12468 5223/12469
vt 0.27397 0.71935
f 5042/12047 5203/12470 5179/12331
vt 0.40903 0.67995
f 5038/12177 5176/12471 5132/12178
vt 0.51114 0.60138
f 5148/12416 5207/12433 5249/12472
vt 0.76695 0.66959
vt 0.76823 0.66920
f 5153/12473 5169/12400 5218/12474
vt 0.16124 0.11380
f 5118/12116 5146/12257 5366/12475
vt 0.75563 0.31610
f 5177/12435 5159/12402 5226/12476
vt 0.79070 0.28757
f 5121/12294 5197/12279 5244/12477
vt 0.31262 0.72207
vt 0.31372 0.72299
vt 0.31168 0.72398
f 5198/12478 5258/12479 5113/12480
vt 0.01765 0.51247
f 5025/12164 5213/12280 5248/12481
vt 0.88920 0.90860
f 5147/12404 5257/12482 5184/12405
vt 0.25329 0.66373
f 5182/12406 5186/12483 5144/12419
f 5130/12327 5148/12416 5249/12472
vt 0.25443 0.66017
f 5132/12179 5176/12484 5182/12406
f 5130/12327 5249/12472 5190/12136
vt 0.15500 0.85915
f 5153/12468 5218/12485 5223/12469
vt 0.88877 0.90661
vt 0.88863 0.90572
f 5171/12450 5170/12486 5172/12487
f 5156/12467 5361/12466 5237/12380
vt 0.27455 0.72235
f 5042/12047 5205/12488 5203/12470
vt 0.11857 0.71049
f 5196/12305 5241/12489 5176/12436
vt 0.93437 0.60407
f 5123/12460 5144/12490 5236/12461
vt 0.11849 0.69600
f 5126/12261 5185/12491 5143/12188
f 5092/12277 5223/12469 5161/12374
vt 0.75344 0.31685
f 5159/12402 5189/12492 5226/12476
vt 0.98564 0.46286
vt 0.98576 0.46351
vt 0.98535 0.46338
f 5171/12493 5260/12494 5170/12495
f 5156/12451 5171/12450 5172/12487
f 5149/12415 5192/12438 5196/12305
vt 0.98083 0.32112
vt 0.98013 0.32045
vt 0.98077 0.32012
f 5149/12496 5194/12497 5192/12498
vt 0.20965 0.10033
f 5208/12089 5301/12499 5270/12154
vt 0.88956 0.90573
vt 0.88934 0.90718
f 5171/12500 5184/12405 5260/12501
vt 0.29944 0.94734
vt 0.29935 0.94949
vt 0.29841 0.94767
f 5136/12502 5256/12503 5207/12504
vt 0.52406 0.37864
vt 0.52478 0.37780
vt 0.52490 0.37889
f 5138/12505 5212/12506 5297/12507
vt 0.03043 0.39447
f 5091/12114 5040/12195 5296/12508
vt 0.75602 0.31696
f 5177/12435 5226/12476 5231/12509
vt 0.59426 0.40569
f 5127/12372 5219/12510 5158/11981
vt 0.31484 0.93118
f 5147/12350 5116/12338 5257/12511
vt 0.77012 0.66775
f 5173/12278 5230/12512 5165/12420
vt 0.18283 0.10922
f 5255/12302 5083/12013 5434/12513
f 5091/12114 5296/12508 5337/12376
vt 0.25369 0.67107
f 5114/12290 5162/12514 5233/12347
vt 0.53985 0.39219
f 5216/12515 5155/12448 5154/12447
vt 0.04514 0.91057
f 5177/12363 5231/12516 5200/12335
vt 0.84783 0.29789
f 5040/12207 5152/12444 5296/12517
vt 0.27479 0.72868
f 5137/12324 5225/12518 5214/12409
vt 0.71695 0.96098
vt 0.71617 0.96215
vt 0.71678 0.95978
f 5169/12519 5183/12520 5218/12521
f 5042/12047 5214/12409 5205/12488
f 5184/12405 5257/12482 5260/12501
vt 0.16615 0.88956
f 5161/12384 5185/12522 5126/12408
vt 0.64650 0.15015
f 5121/12465 5244/12523 5361/12466
f 5111/12373 5216/12515 5195/12355
vt 0.75252 0.31573
f 5187/12364 5206/12524 5089/12307
vt 0.77186 0.66696
f 5113/12431 5262/12525 5173/12278
vt 0.17147 0.97710
vt 0.17192 0.97859
vt 0.17156 0.97927
f 5186/12526 5228/12527 5267/12528
vt 0.25664 0.67577
f 5239/12393 5233/12347 5291/12529
vt 0.31382 0.72143
f 5198/12478 5243/12530 5258/12479
f 5089/12307 5206/12524 5189/12357
vt 0.01838 0.52201
f 5163/12156 5274/12531 5131/12353
vt 0.11999 0.69792
f 5143/12188 5204/12532 5192/12438
f 5143/12188 5185/12491 5204/12532
f 5025/12164 5248/12481 5240/12458
vt 0.17464 0.11102
f 5142/12158 5288/12533 5229/12133
vt 0.59202 0.40334
f 5158/11981 5345/12534 5210/12253
f 5173/12278 5262/12525 5230/12512
vt 0.01044 0.38757
f 5239/12395 5342/12535 5325/12351
vt 0.75328 0.31492
f 5189/12357 5206/12524 5242/12536
vt 0.74969 0.31407
vt 0.75200 0.31263
vt 0.75232 0.31365
f 5199/12537 5201/12538 5206/12539
vt 0.97771 0.38509
vt 0.97742 0.38432
vt 0.97758 0.38321
f 5187/12540 5199/12541 5206/12542
vt 0.41728 0.67530
f 5137/12349 5200/12348 5251/12543
vt 0.41574 0.67590
f 5137/12349 5251/12543 5225/12544
vt 0.77752 0.97652
vt 0.77711 0.97752
vt 0.77693 0.97667
f 5186/12545 5267/12546 5144/12547
vt 0.16843 0.89015
f 5185/12522 5161/12384 5223/12548
vt 0.11963 0.70272
f 5192/12438 5203/12549 5196/12305
vt 0.25532 0.66211
vt 0.25360 0.66332
f 5182/12406 5228/12550 5186/12551
f 5176/12484 5228/12550 5182/12406
vt 0.96802 0.03285
vt 0.96895 0.03335
vt 0.96829 0.03560
f 5201/12552 5268/12553 5206/12554
vt 0.03697 0.39585
f 5175/12453 5252/12555 5062/12104
vt 0.12023 0.70699
f 5196/12305 5203/12549 5214/12556
vt 0.27300 0.71591
f 5179/12331 5203/12470 5204/12557
f 5179/12331 5204/12557 5198/12439
vt 0.74968 0.31226
f 5201/12538 5199/12537 5227/12558
f 5189/12492 5242/12536 5226/12476
vt 0.92506 0.31733
vt 0.92396 0.31828
vt 0.92521 0.31527
f 5117/12559 5217/12560 5220/12561
vt 0.42869 0.39451
f 5133/12562 5266/12454 5150/12283
vt 0.13826 0.12148
f 5188/12169 5408/12563 5271/12452
vt 0.77313 0.66730
f 5113/12431 5258/12564 5262/12525
vt 0.11994 0.69612
f 5204/12532 5185/12491 5246/12565
vt 0.27303 0.71378
f 5198/12439 5204/12557 5246/12566
vt 0.59426 0.38152
f 5133/12284 5193/12371 5250/12567
vt 0.50378 0.59916
f 5191/12230 5238/12568 5187/12367
vt 0.13402 0.11866
f 5180/12306 5271/12452 5215/12569
vt 0.41714 0.67600
f 5225/12544 5251/12543 5261/12570
f 5062/12104 5252/12555 5151/12356
vt 0.50127 0.59937
vt 0.49949 0.59798
f 5187/12367 5222/12571 5199/12572
vt 0.19376 0.10355
f 5084/12059 5290/12573 5141/12298
f 5084/12059 5300/12173 5290/12573
vt 0.97837 0.42592
vt 0.97754 0.42664
vt 0.97708 0.42517
f 5133/12574 5250/12575 5266/12576
f 5192/12438 5204/12532 5203/12549
vt 0.12046 0.70327
f 5214/12556 5203/12549 5205/12577
vt 0.31386 0.71928
f 5198/12478 5246/12578 5243/12530
vt 0.92002 0.13728
vt 0.91961 0.13960
vt 0.91934 0.13755
f 5175/12579 5254/12580 5252/12581
vt 0.93454 0.60767
f 5236/12461 5283/12582 5157/12459
f 5241/12489 5196/12305 5214/12556
vt 0.27268 0.72850
f 5225/12518 5275/12583 5214/12409
vt 0.01319 0.38596
f 5239/12395 5235/12584 5342/12535
vt 0.98807 0.06349
vt 0.98866 0.06341
vt 0.98866 0.06403
f 5175/12585 5220/12586 5215/12587
vt 0.04375 0.91201
f 5200/12335 5231/12516 5251/12588
vt 0.49737 0.59989
vt 0.49729 0.59822
f 5199/12572 5333/12589 5227/12590
vt 0.92381 0.31511
f 5217/12560 5180/12591 5220/12561
vt 0.52598 0.37875
vt 0.52659 0.38079
f 5138/12361 5297/12592 5139/12593
vt 0.93438 0.60850
f 5157/12459 5283/12582 5162/12594
vt 0.31406 0.93028
f 5116/12338 5289/12595 5257/12511
vt 0.02657 0.39325
f 5116/12377 5337/12376 5289/12596
vt 0.83319 0.29247
vt 0.83553 0.29430
vt 0.83470 0.29424
f 5223/12597 5218/12598 5245/12599
vt 0.52852 0.38408
vt 0.53019 0.38162
vt 0.53081 0.38549
f 5164/12600 5328/12601 5209/12602
vt 0.50215 0.59929
f 5187/12367 5238/12568 5222/12603
vt 0.11984 0.71082
f 5241/12489 5214/12556 5275/12604
vt 0.96892 0.03621
f 5206/12554 5268/12553 5242/12605
vt 0.02458 0.39245
f 5140/12426 5295/12606 5293/12455
vt 0.26524 0.77449
f 5135/12313 5349/12607 5212/12314
vt 0.43926 0.39104
f 5167/12320 5263/12281 5427/12608
vt 0.92405 0.31402
f 5220/12561 5180/12591 5215/12609
vt 0.87660 0.28860
vt 0.87850 0.28958
vt 0.87762 0.29109
f 5231/12610 5226/12611 5224/12612
vt 0.77305 0.94568
vt 0.77397 0.94601
vt 0.77213 0.94684
f 5218/12613 5230/12614 5245/12615
vt 0.84952 0.29837
f 5152/12444 5307/12616 5296/12517
vt 0.25615 0.66026
f 5176/12484 5241/12617 5228/12550
vt 0.11365 0.90815
f 5170/12442 5260/12618 5140/12443
vt 0.92382 0.31307
vt 0.92449 0.31322
f 5215/12609 5271/12619 5175/12620
vt 0.56711 0.96235
vt 0.56621 0.95998
vt 0.56725 0.96012
f 5202/12621 5384/12622 5286/12623
vt 0.76784 0.66721
f 5165/12420 5230/12512 5183/12624
vt 0.88854 0.90761
f 5260/12501 5257/12482 5282/12625
vt 0.96929 0.07080
vt 0.96820 0.06929
vt 0.96916 0.06855
f 5227/12626 5268/12627 5201/12628
vt 0.53364 0.38726
vt 0.53830 0.38661
f 5154/12447 5221/12629 5247/12630
vt 0.77384 0.94779
f 5230/12614 5243/12631 5245/12615
vt 0.16547 0.11391
f 5146/12257 5474/12632 5366/12475
f 5083/12013 5141/12298 5434/12513
vt 0.19774 0.65057
vt 0.19841 0.64733
vt 0.20197 0.65031
f 5131/12633 5387/12634 5213/12635
vt 0.59271 0.39783
f 5202/12412 5286/12636 5234/12334
vt 0.03025 0.39531
f 5152/12456 5151/12356 5307/12637
vt 0.52739 0.38166
f 5164/12600 5139/12638 5328/12601
vt 0.76868 0.66863
f 5183/12624 5230/12512 5218/12639
vt 0.25628 0.66546
vt 0.25490 0.66718
f 5144/12419 5264/12640 5236/12641
vt 0.20179 0.64686
f 5213/12635 5387/12634 5373/12642
vt 0.50034 0.60058
f 5199/12572 5222/12571 5292/12643
f 5199/12572 5292/12643 5333/12589
vt 0.44647 0.39296
f 5135/12259 5354/12421 5349/12644
vt 0.65498 0.16958
vt 0.65598 0.17025
vt 0.65499 0.17159
f 5230/12645 5259/12646 5243/12647
vt 0.11281 0.90898
f 5140/12443 5260/12618 5295/12648
vt 0.16778 0.89131
f 5223/12548 5245/12649 5185/12522
vt 0.97655 0.31787
vt 0.97586 0.31807
vt 0.97587 0.31681
f 5249/12650 5308/12651 5190/12652
vt 0.75569 0.31371
f 5226/12476 5242/12536 5269/12653
vt 0.94198 0.94661
vt 0.94261 0.94548
vt 0.94382 0.94785
f 5222/12654 5238/12655 5298/12656
vt 0.94453 0.94642
f 5238/12655 5281/12657 5298/12656
f 5158/11981 5219/12510 5345/12534
vt 0.19505 0.65045
f 5131/12633 5274/12658 5387/12634
vt 0.92062 0.13908
vt 0.92118 0.14014
f 5175/12659 5271/12660 5254/12580
vt 0.25614 0.66409
f 5267/12661 5264/12640 5144/12419
vt 0.31466 0.92945
f 5257/12511 5289/12595 5282/12662
vt 0.16598 0.89152
f 5185/12522 5245/12649 5246/12663
vt 0.50773 0.60145
f 5190/12136 5308/12664 5191/12230
vt 0.77177 0.94889
f 5245/12615 5243/12631 5246/12665
vt 0.14235 0.12132
f 5188/12169 5211/12308 5411/12666
vt 0.15316 0.11844
f 5168/12221 5178/12223 5285/12667
vt 0.25599 0.67906
vt 0.25913 0.67633
vt 0.25800 0.67917
f 5235/12668 5343/12669 5276/12670
vt 0.42676 0.39102
vt 0.43023 0.38987
f 5250/12671 5362/12672 5266/12454
f 5216/12515 5154/12447 5195/12355
vt 0.20431 0.64823
f 5213/12635 5373/12642 5248/12673
vt 0.29113 0.74862
vt 0.29034 0.75054
vt 0.28951 0.74995
f 5251/12674 5231/12675 5265/12676
vt 0.75354 0.31321
vt 0.75411 0.31326
f 5268/12677 5253/12678 5242/12536
vt 0.96796 0.07037
f 5227/12626 5287/12679 5268/12627
vt 0.53266 0.38296
f 5221/12629 5209/12602 5323/12680
vt 0.01655 0.38807
f 5174/12457 5293/12455 5276/12681
f 5235/12668 5291/12529 5343/12669
vt 0.25766 0.66058
f 5241/12617 5275/12682 5228/12550
vt 0.98775 0.20732
vt 0.98742 0.20704
vt 0.98775 0.20606
f 5225/12683 5261/12684 5275/12685
f 5178/12223 5370/12401 5285/12667
f 5242/12536 5253/12678 5269/12653
f 5160/12268 5335/12411 5311/12425
vt 0.20939 0.64707
vt 0.20699 0.64709
vt 0.20844 0.64355
f 5219/12686 5240/12687 5345/12688
vt 0.75660 0.31450
f 5226/12476 5269/12653 5279/12689
vt 0.59141 0.39981
f 5210/12253 5384/12690 5202/12407
vt 0.25755 0.66435
vt 0.25753 0.66328
vt 0.25845 0.66296
f 5253/12691 5267/12692 5269/12693
vt 0.26086 0.77002
vt 0.25909 0.77186
f 5297/12694 5212/12314 5365/12695
f 5235/12668 5239/12393 5291/12529
vt 0.01366 0.38949
f 5235/12584 5276/12681 5273/12696
vt 0.20495 0.10424
f 5270/12154 5536/12697 5166/12282
f 5142/12158 5255/12302 5288/12533
vt 0.03308 0.39821
f 5151/12356 5336/12698 5307/12637
vt 0.96172 0.38303
vt 0.96208 0.38534
vt 0.96141 0.38439
f 5230/12699 5303/12700 5259/12701
vt 0.97733 0.23442
vt 0.97723 0.23309
vt 0.97794 0.23420
f 5251/12702 5278/12703 5261/12704
vt 0.65569 0.17206
f 5243/12647 5259/12646 5258/12705
vt 0.02618 0.39154
vt 0.02642 0.39252
f 5260/12706 5282/12707 5289/12596
vt 0.29020 0.74671
vt 0.28812 0.74848
f 5278/12708 5251/12674 5348/12709
vt 0.79093 0.28413
f 5174/12396 5383/12710 5197/12279
vt 0.53575 0.38505
f 5221/12629 5367/12711 5247/12630
vt 0.25663 0.66298
f 5228/12550 5275/12682 5267/12712
vt 0.50528 0.60141
f 5238/12568 5191/12230 5320/12713
vt 0.90518 0.61219
vt 0.90600 0.61300
vt 0.90524 0.61408
f 5267/12714 5253/12715 5264/12716
vt 0.14714 0.11968
f 5168/12221 5285/12667 5464/12717
vt 0.94186 0.94838
f 5222/12654 5298/12656 5292/12718
vt 0.87836 0.29073
f 5226/12611 5279/12719 5224/12612
vt 0.89300 0.96195
vt 0.89364 0.96032
vt 0.89428 0.96194
f 5262/12720 5303/12721 5230/12722
vt 0.97799 0.23305
f 5278/12703 5280/12723 5261/12704
vt 0.73295 0.96137
vt 0.73182 0.96077
vt 0.73284 0.95998
f 5278/12724 5319/12725 5280/12726
vt 0.96824 0.07125
f 5227/12626 5333/12727 5287/12679
f 5348/12709 5251/12674 5265/12676
vt 0.89206 0.96155
vt 0.89249 0.96024
f 5262/12720 5258/12728 5310/12729
vt 0.97908 0.43324
vt 0.97857 0.43355
vt 0.97884 0.43174
f 5151/12730 5252/12731 5304/12732
f 5269/12693 5267/12712 5275/12682
vt 0.54155 0.38838
f 5154/12447 5312/12733 5195/12355
vt 0.78625 0.28309
vt 0.78902 0.28172
f 5276/12734 5343/12735 5174/12396
vt 0.75759 0.31391
f 5279/12689 5269/12653 5261/12736
f 5168/12221 5464/12717 5211/12308
f 5235/12584 5273/12696 5342/12535
vt 0.65017 0.15106
f 5361/12466 5306/12737 5237/12380
vt 0.66734 0.94724
vt 0.66572 0.94891
vt 0.66566 0.94788
f 5238/12738 5320/12739 5305/12740
vt 0.66564 0.94575
f 5238/12738 5305/12740 5281/12741
vt 0.90796 0.73138
vt 0.90719 0.73289
vt 0.90770 0.72984
f 5237/12742 5306/12743 5256/12744
vt 0.11441 0.90908
f 5295/12648 5260/12618 5284/12745
vt 0.26105 0.77500
f 5212/12314 5349/12607 5357/12746
vt 0.75795 0.31216
f 5261/12736 5269/12653 5275/12747
vt 0.25618 0.67271
f 5291/12529 5233/12347 5272/12748
vt 0.25579 0.66894
f 5236/12641 5264/12640 5283/12749
f 5154/12447 5247/12630 5312/12733
vt 0.90561 0.72955
f 5256/12744 5306/12743 5207/12750
vt 0.02546 0.39330
f 5260/12706 5289/12596 5284/12751
vt 0.00682 0.38651
f 5325/12351 5402/12752 5232/12352
vt 0.97447 0.27920
vt 0.97460 0.28109
vt 0.97384 0.28066
f 5258/12753 5339/12754 5310/12755
f 5209/12602 5328/12601 5323/12680
vt 0.50823 0.60354
f 5308/12664 5249/12472 5351/12756
vt 0.90668 0.61443
f 5253/12715 5268/12757 5264/12716
f 5211/12308 5464/12717 5411/12666
vt 0.01455 0.54224
f 5232/12430 5402/12758 5277/12410
vt 0.43547 0.39005
f 5263/12281 5266/12454 5424/12759
vt 0.18870 0.10811
f 5141/12298 5290/12573 5422/12760
f 5262/12720 5310/12729 5303/12721
vt 0.59306 0.38382
f 5193/12371 5181/12434 5250/12761
f 5197/12279 5383/12710 5244/12477
f 5233/12347 5162/12514 5272/12748
f 5118/12116 5366/12475 5370/12401
vt 0.65742 0.17118
f 5259/12646 5339/12762 5258/12705
vt 0.44217 0.38948
f 5427/12608 5458/12763 5167/12320
vt 0.21472 0.09997
f 5098/11926 5441/12764 5208/12089
vt 0.87559 0.28986
vt 0.87584 0.29148
f 5265/12765 5231/12610 5299/12766
vt 0.03398 0.39739
f 5151/12356 5304/12767 5336/12698
f 5221/12629 5323/12680 5367/12711
vt 0.65575 0.18793
vt 0.65661 0.18702
vt 0.65577 0.18907
f 5261/12768 5280/12769 5279/12770
vt 0.20056 0.10638
f 5166/12282 5401/12771 5300/12173
vt 0.28802 0.74619
f 5278/12708 5348/12709 5341/12772
vt 0.90596 0.61656
f 5268/12757 5287/12773 5264/12716
vt 0.50688 0.60168
f 5191/12230 5308/12774 5320/12713
f 5166/12282 5536/12697 5401/12771
f 5263/12281 5424/12759 5427/12608
f 5167/12320 5458/12763 5354/12421
f 5231/12610 5224/12612 5299/12766
f 5174/12396 5343/12735 5383/12710
vt 0.59059 0.39681
f 5286/12636 5371/12775 5234/12334
f 5208/12089 5441/12764 5301/12499
f 5146/12257 5229/12133 5474/12632
vt 0.19508 0.64810
f 5274/12658 5329/12776 5387/12634
vt 0.21672 0.09821
f 5098/11926 5145/12394 5378/12777
vt 0.64888 0.14876
f 5361/12466 5364/12778 5306/12737
vt 0.25720 0.66698
f 5264/12640 5287/12779 5283/12749
vt 0.95617 0.14651
vt 0.95770 0.14760
vt 0.95602 0.14802
f 5281/12780 5305/12781 5298/12782
vt 0.54461 0.39110
f 5145/12414 5195/12355 5378/12783
vt 0.03674 0.39685
vt 0.03386 0.39937
vt 0.03448 0.39737
f 5252/12784 5350/12785 5304/12786
vt 0.64643 0.14892
vt 0.64580 0.14686
f 5244/12787 5383/12788 5361/12466
vt 0.90496 0.73209
f 5207/12750 5306/12743 5249/12789
vt 0.20477 0.64361
f 5240/12687 5248/12673 5407/12790
vt 0.52731 0.37933
f 5139/12638 5297/12791 5328/12601
f 5162/12514 5283/12749 5272/12748
vt 0.92050 0.14225
f 5254/12580 5271/12660 5327/12792
vt 0.97066 0.49587
vt 0.97131 0.49753
vt 0.97016 0.49681
f 5265/12793 5299/12794 5313/12795
vt 0.17866 0.11182
f 5288/12533 5255/12302 5440/12796
vt 0.51042 0.60224
f 5249/12472 5294/12797 5351/12756
vt 0.66923 0.26496
f 5274/12463 5311/12462 5321/12798
vt 0.67155 0.26215
f 5274/12463 5321/12798 5329/12799
vt 0.73154 0.96215
f 5278/12724 5341/12800 5319/12725
vt 0.03814 0.39824
vt 0.03684 0.40064
f 5252/12784 5254/12801 5302/12802
vt 0.02001 0.39363
f 5293/12455 5295/12606 5437/12803
f 5252/12784 5302/12802 5350/12785
vt 0.95788 0.14917
f 5298/12782 5305/12781 5334/12804
vt 0.28801 0.74927
f 5348/12709 5265/12676 5313/12805
vt 0.25724 0.66868
f 5283/12749 5287/12779 5333/12806
f 5240/12687 5407/12790 5345/12688
vt 0.56655 0.84973
vt 0.56821 0.84878
vt 0.56762 0.85108
f 5326/12807 5303/12808 5310/12809
vt 0.59021 0.39097
f 5234/12334 5420/12810 5317/12310
vt 0.01205 0.52356
vt 0.01437 0.52313
f 5311/12425 5309/12811 5321/12812
vt 0.42911 0.38737
f 5250/12671 5400/12813 5362/12672
vt 0.43314 0.39002
f 5266/12454 5362/12672 5419/12814
vt 0.48972 0.90316
vt 0.49127 0.90290
vt 0.49039 0.90418
f 5320/12815 5308/12816 5322/12817
vt 0.26577 0.97652
vt 0.26612 0.97799
vt 0.26560 0.97811
f 5298/12818 5334/12819 5292/12820
vt 0.56787 0.84800
f 5326/12807 5332/12821 5303/12808
vt 0.50584 0.60249
f 5308/12664 5351/12756 5322/12822
vt 0.01607 0.39299
f 5276/12681 5293/12455 5453/12823
vt 0.49820 0.60141
f 5292/12643 5356/12824 5333/12589
vt 0.90527 0.73402
f 5249/12789 5306/12743 5294/12825
f 5365/12695 5212/12314 5357/12746
vt 0.73148 0.95978
f 5280/12726 5319/12725 5359/12826
vt 0.65766 0.18775
f 5280/12769 5359/12827 5279/12770
vt 0.01158 0.53863
f 5277/12410 5450/12828 5129/12383
vt 0.50444 0.60117
vt 0.50357 0.60216
f 5305/12829 5320/12713 5347/12830
vt 0.44514 0.39001
f 5354/12421 5428/12831 5349/12644
vt 0.87677 0.29202
f 5224/12612 5406/12832 5299/12766
vt 0.50048 0.60164
vt 0.50291 0.60107
f 5334/12833 5305/12834 5347/12830
vt 0.97008 0.95211
vt 0.97104 0.95060
vt 0.97073 0.95234
f 5330/12835 5331/12836 5340/12837
vt 0.02334 0.39509
f 5284/12751 5289/12596 5392/12838
vt 0.84924 0.30095
f 5296/12517 5307/12616 5314/12839
vt 0.03924 0.40023
f 5254/12801 5327/12840 5302/12802
vt 0.52765 0.37843
f 5297/12791 5365/12841 5328/12601
vt 0.65714 0.17035
f 5259/12646 5303/12842 5339/12762
vt 0.56706 0.86437
vt 0.56749 0.86204
vt 0.56850 0.86481
f 5341/12843 5316/12844 5319/12845
f 5098/11926 5378/12777 5441/12764
vt 0.28732 0.73303
vt 0.28570 0.73266
vt 0.28648 0.73125
f 5310/12846 5403/12847 5326/12848
vt 0.28759 0.73470
vt 0.28703 0.73662
f 5315/12849 5338/12850 5310/12846
vt 0.28810 0.74104
vt 0.28821 0.74367
vt 0.28676 0.74270
f 5344/12851 5316/12852 5324/12853
vt 0.28778 0.73891
f 5344/12851 5324/12853 5318/12854
vt 0.68412 0.82417
vt 0.68244 0.82328
vt 0.68578 0.82279
f 5331/12855 5330/12856 5385/12857
vt 0.56737 0.85462
vt 0.56837 0.85318
vt 0.56869 0.85688
f 5338/12858 5315/12859 5353/12860
vt 0.56739 0.85751
f 5338/12858 5353/12860 5318/12861
vt 0.28585 0.73543
f 5310/12846 5338/12850 5358/12862
f 5266/12454 5419/12814 5424/12759
vt 0.17195 0.11584
f 5474/12632 5229/12133 5494/12863
vt 0.19427 0.10841
f 5290/12573 5507/12864 5422/12760
f 5270/12154 5301/12499 5536/12697
f 5188/12169 5411/12666 5408/12563
vt 0.63050 0.92944
vt 0.63115 0.92986
vt 0.63081 0.93266
f 5284/12865 5392/12866 5390/12867
f 5310/12846 5358/12862 5403/12847
f 5248/12673 5373/12642 5407/12790
vt 0.65645 0.19038
vt 0.65789 0.18782
f 5224/12868 5279/12770 5359/12869
vt 0.13401 0.12164
f 5271/12452 5408/12563 5327/12870
vt 0.28505 0.73151
f 5326/12848 5403/12847 5415/12871
vt 0.25832 0.67328
f 5291/12529 5272/12748 5423/12872
vt 0.97096 0.95303
vt 0.97042 0.95330
f 5340/12837 5374/12873 5330/12874
vt 0.49727 0.60133
f 5333/12589 5356/12824 5355/12875
vt 0.42592 0.38702
f 5250/12671 5181/12876 5400/12813
vt 0.68362 0.82138
f 5330/12856 5377/12877 5385/12857
vt 0.56902 0.85082
f 5310/12809 5339/12878 5315/12859
vt 0.62986 0.93074
f 5284/12865 5390/12867 5295/12879
vt 0.56865 0.86072
f 5344/12880 5318/12861 5353/12860
vt 0.28680 0.74555
f 5316/12852 5341/12772 5360/12881
f 5316/12852 5360/12881 5324/12853
vt 0.23901 0.84906
vt 0.23735 0.84927
vt 0.23769 0.84794
f 5326/12882 5415/12883 5332/12884
f 5316/12844 5344/12880 5319/12845
vt 0.65860 0.18951
f 5224/12868 5359/12869 5406/12885
f 5277/12410 5402/12758 5450/12828
vt 0.56951 0.85358
f 5353/12860 5315/12859 5416/12886
vt 0.25985 0.67425
f 5291/12529 5395/12887 5343/12669
vt 0.79110 0.28188
f 5343/12735 5346/12888 5383/12710
vt 0.21244 0.63930
vt 0.21044 0.63909
vt 0.21239 0.63742
f 5286/12889 5384/12890 5371/12891
vt 0.58945 0.39473
f 5234/12334 5371/12775 5375/12892
vt 0.48870 0.90513
f 5322/12817 5347/12893 5320/12815
vt 0.56940 0.84776
f 5332/12821 5394/12894 5303/12808
vt 0.82810 0.38463
vt 0.82613 0.38701
vt 0.82541 0.38527
f 5330/12895 5374/12896 5389/12897
f 5291/12529 5423/12872 5395/12887
f 5311/12425 5335/12411 5309/12811
f 5210/12253 5345/12534 5384/12690
f 5290/12573 5300/12173 5507/12864
vt 0.28608 0.73936
f 5318/12854 5386/12898 5338/12850
f 5292/12643 5334/12833 5356/12824
vt 0.84733 0.30192
f 5296/12517 5314/12839 5337/12899
f 5289/12596 5337/12376 5392/12838
f 5255/12302 5434/12513 5440/12796
vt 0.19588 0.64614
f 5387/12634 5329/12776 5376/12900
vt 0.68287 0.82527
vt 0.68369 0.82811
f 5340/12901 5331/12855 5356/12902
f 5318/12854 5324/12853 5386/12898
vt 0.90642 0.61843
vt 0.90655 0.61966
vt 0.90557 0.62039
f 5333/12903 5355/12904 5368/12905
vt 0.26282 0.77828
f 5349/12607 5454/12906 5357/12746
vt 0.92811 0.64501
vt 0.92880 0.64068
vt 0.92885 0.64384
f 5312/12907 5247/12908 5431/12909
vt 0.28605 0.74698
f 5348/12709 5360/12910 5341/12772
vt 0.79097 0.27985
vt 0.79114 0.28019
f 5343/12735 5395/12911 5382/12912
vt 0.96154 0.38670
vt 0.96134 0.38629
f 5303/12700 5394/12913 5339/12914
vt 0.68285 0.82696
vt 0.68294 0.82827
f 5340/12915 5356/12902 5334/12916
vt 0.68627 0.82536
f 5385/12857 5398/12917 5331/12855
vt 0.25745 0.66933
vt 0.25735 0.67065
f 5333/12918 5368/12919 5283/12749
vt 0.66698 0.26151
f 5321/12798 5369/12920 5329/12799
f 5331/12855 5398/12917 5356/12902
f 5272/12748 5283/12749 5368/12919
vt 0.56937 0.85163
f 5315/12859 5339/12878 5388/12921
f 5315/12859 5388/12921 5416/12886
vt 0.03927 0.40226
f 5302/12802 5327/12840 5352/12922
vt 0.92907 0.91019
vt 0.92996 0.91157
vt 0.92905 0.91110
f 5304/12923 5350/12924 5336/12925
vt 0.13363 0.12376
f 5327/12870 5408/12563 5352/12926
vt 0.82897 0.38942
vt 0.82703 0.38997
vt 0.82840 0.38701
f 5334/12927 5445/12928 5340/12929
f 5317/12310 5420/12810 5181/12434
vt 0.68470 0.82947
vt 0.68635 0.82851
f 5355/12930 5356/12902 5417/12931
f 5325/12351 5342/12535 5402/12752
vt 0.20613 0.63864
f 5345/12688 5429/12932 5384/12890
vt 0.53168 0.37790
f 5328/12601 5365/12841 5380/12933
f 5340/12929 5445/12928 5374/12896
vt 0.28593 0.73784
f 5338/12850 5386/12898 5421/12934
f 5398/12917 5417/12931 5356/12902
vt 0.90697 0.73541
f 5294/12825 5306/12743 5364/12935
vt 0.90523 0.73581
f 5294/12825 5364/12935 5351/12936
vt 0.64869 0.14598
f 5383/12788 5466/12937 5361/12466
vt 0.68644 0.82111
f 5385/12857 5377/12877 5433/12938
vt 0.25843 0.67170
f 5272/12748 5368/12939 5423/12872
vt 0.92819 0.63805
vt 0.92847 0.63492
vt 0.92915 0.63548
f 5367/12940 5323/12941 5372/12942
vt 0.02946 0.40051
f 5307/12637 5336/12698 5503/12943
f 5141/12298 5422/12760 5434/12513
f 5343/12735 5382/12912 5346/12888
vt 0.97010 0.49842
f 5299/12794 5406/12944 5313/12795
vt 0.66710 0.26410
f 5321/12798 5309/12945 5369/12920
vt 0.53210 0.38210
f 5328/12601 5380/12933 5323/12946
vt 0.50137 0.60287
f 5334/12833 5347/12830 5445/12947
vt 0.56928 0.86237
f 5319/12845 5344/12880 5410/12948
f 5229/12133 5288/12533 5494/12863
f 5338/12850 5421/12934 5358/12862
vt 0.82689 0.38269
f 5330/12895 5389/12897 5377/12949
vt 0.62978 0.93412
f 5295/12879 5390/12867 5437/12950
vt 0.03213 0.40056
f 5336/12698 5363/12951 5503/12943
vt 0.52932 0.37513
f 5365/12841 5456/12952 5380/12933
f 5364/12778 5361/12466 5466/12937
vt 0.50706 0.60365
vt 0.50696 0.60515
f 5322/12822 5351/12953 5439/12954
vt 0.14485 0.94656
vt 0.14548 0.94615
vt 0.14559 0.94856
f 5348/12955 5313/12956 5399/12957
vt 0.68593 0.83045
f 5355/12930 5417/12931 5368/12958
vt 0.54397 0.38908
f 5312/12733 5378/12959 5195/12355
vt 0.02560 0.39953
f 5307/12637 5503/12943 5555/12960
vt 0.02793 0.39625
f 5307/12637 5555/12960 5314/12961
vt 0.50457 0.60336
vt 0.50369 0.60352
vt 0.50326 0.60303
f 5322/12962 5393/12963 5347/12964
vt 0.65904 0.16874
vt 0.65978 0.17092
f 5339/12762 5394/12965 5391/12966
vt 0.01159 0.38976
f 5273/12696 5405/12967 5342/12535
vt 0.64381 0.14502
vt 0.64207 0.14337
vt 0.64319 0.14380
f 5346/12968 5382/12969 5413/12970
vt 0.94196 0.73928
vt 0.94162 0.74041
vt 0.94067 0.73993
f 5364/12971 5466/12972 5475/12973
vt 0.21639 0.10053
f 5378/12777 5438/12974 5441/12764
vt 0.23880 0.86167
vt 0.23873 0.86464
vt 0.23783 0.86455
f 5324/12975 5360/12976 5418/12977
vt 0.65838 0.18135
vt 0.65795 0.17802
vt 0.65941 0.17823
f 5344/12978 5353/12979 5381/12980
f 5276/12681 5453/12823 5273/12696
vt 0.02361 0.39708
f 5392/12838 5337/12376 5490/12981
vt 0.53379 0.38211
f 5323/12946 5380/12933 5372/12982
vt 0.67096 0.25999
f 5329/12799 5369/12920 5376/12983
f 5345/12688 5407/12790 5429/12932
vt 0.63993 0.14261
vt 0.63843 0.14104
vt 0.63917 0.14049
f 5395/12984 5423/12985 5459/12986
vt 0.13615 0.12521
f 5352/12926 5408/12563 5470/12987
vt 0.84897 0.30437
f 5314/12839 5452/12988 5337/12899
vt 0.48892 0.90756
vt 0.48778 0.90652
f 5347/12893 5447/12989 5445/12990
vt 0.65832 0.18592
vt 0.65923 0.18567
f 5319/12991 5410/12992 5359/12869
vt 0.50499 0.60485
f 5322/12822 5439/12954 5409/12993
vt 0.58888 0.38745
f 5181/12434 5420/12810 5412/12994
vt 0.26546 0.77780
f 5349/12607 5396/12995 5454/12906
f 5354/12421 5458/12763 5428/12831
vt 0.44745 0.39011
f 5349/12644 5428/12831 5396/12996
f 5300/12173 5401/12771 5507/12864
vt 0.65967 0.18190
f 5410/12992 5344/12978 5379/12997
f 5344/12978 5381/12980 5379/12997
vt 0.65957 0.17475
f 5353/12979 5416/12998 5381/12980
f 5234/12334 5375/12892 5420/12810
vt 0.14729 0.94615
vt 0.14744 0.94774
f 5313/12956 5406/12999 5460/13000
vt 0.00959 0.53325
f 5335/12411 5129/12383 5462/13001
vt 0.89791 0.19039
vt 0.89681 0.18870
vt 0.89849 0.18938
f 5273/13002 5404/13003 5405/13004
vt 0.23654 0.84725
f 5332/12884 5415/12883 5394/13005
vt 0.43261 0.38924
f 5362/12672 5400/12813 5419/13006
vt 0.49131 0.90704
vt 0.49089 0.90792
vt 0.48999 0.90651
f 5383/13007 5346/13008 5393/13009
vt 0.82476 0.38301
f 5377/12949 5389/12897 5481/13010
vt 0.28480 0.74811
f 5348/12709 5432/13011 5360/12910
vt 0.48926 0.90648
f 5347/13012 5393/13009 5447/12989
vt 0.94148 0.73718
vt 0.93974 0.73823
f 5351/13013 5364/12971 5426/13014
vt 0.54418 0.38672
f 5312/12733 5435/13015 5378/12959
vt 0.54142 0.38632
f 5312/12733 5431/13016 5435/13015
f 5346/13008 5447/12989 5393/13009
vt 0.48970 0.90844
f 5346/13008 5413/13017 5447/12989
vt 0.03799 0.40374
f 5352/12922 5489/13018 5302/12802
vt 0.65932 0.17251
f 5339/12762 5391/12966 5388/13019
f 5364/12971 5475/12973 5426/13014
vt 0.91404 0.61392
vt 0.91291 0.61662
vt 0.91137 0.61561
f 5433/13020 5377/13021 5481/13022
vt 0.21131 0.10490
f 5301/12499 5441/12764 5524/13023
vt 0.82329 0.38560
f 5389/12897 5502/13024 5481/13010
vt 0.54431 0.38842
f 5378/12959 5435/13015 5438/13025
vt 0.89865 0.18555
vt 0.89819 0.18684
vt 0.89751 0.18512
f 5395/13026 5397/13027 5382/13028
f 5313/12956 5460/13000 5399/12957
vt 0.89477 0.19053
vt 0.89646 0.18918
f 5273/13002 5453/13029 5404/13030
vt 0.20888 0.63457
f 5384/12890 5444/13031 5371/12891
vt 0.92888 0.91262
f 5336/12925 5350/12924 5363/13032
vt 0.23804 0.85364
vt 0.23741 0.85755
vt 0.23689 0.85497
f 5358/13033 5421/13034 5416/13035
vt 0.23737 0.85206
f 5358/13033 5416/13035 5403/13036
vt 0.94105 0.73639
f 5351/13013 5426/13014 5439/13037
vt 0.68793 0.82970
f 5417/12931 5468/13038 5368/12958
f 5397/13027 5405/13004 5404/13003
vt 0.66022 0.17398
f 5388/13019 5403/13039 5416/12998
vt 0.23817 0.86015
f 5324/12975 5418/12977 5386/13040
vt 0.43536 0.38580
f 5400/12813 5504/13041 5419/13006
vt 0.84746 0.30512
f 5337/12899 5452/12988 5490/13042
vt 0.63106 0.93639
f 5390/12867 5443/13043 5437/12950
vt 0.91759 0.89929
vt 0.91621 0.89922
vt 0.91830 0.89707
f 5383/13044 5393/13045 5476/13046
vt 0.82456 0.38830
f 5374/12896 5497/13047 5389/12897
vt 0.53611 0.38408
vt 0.53762 0.38394
f 5367/13048 5372/12982 5247/13049
vt 0.28536 0.74948
f 5348/12709 5399/13050 5432/13011
vt 0.21147 0.63445
f 5371/12891 5444/13031 5375/13051
vt 0.20029 0.64078
f 5387/12634 5425/13052 5373/12642
vt 0.66005 0.16926
vt 0.66009 0.17015
f 5394/12965 5415/13053 5391/13054
vt 0.42669 0.38409
f 5181/12876 5412/13055 5400/12813
vt 0.02454 0.39735
f 5314/12961 5555/12960 5452/13056
vt 0.90552 0.18330
vt 0.90799 0.18365
vt 0.90570 0.18514
f 5395/13057 5459/13058 5397/13059
vt 0.64549 0.14614
vt 0.64771 0.14425
f 5466/12937 5383/13060 5476/13061
vt 0.20369 0.63842
f 5407/12790 5430/13062 5429/12932
f 5397/13027 5404/13003 5382/13028
vt 0.53911 0.38144
f 5372/12982 5414/13063 5247/13049
vt 0.90764 0.18618
f 5397/13059 5459/13058 5493/13064
vt 0.19796 0.64126
f 5387/12634 5449/13065 5425/13052
vt 0.90631 0.18780
f 5397/13059 5493/13064 5405/13066
vt 0.23721 0.86105
f 5386/13040 5418/12977 5379/13067
f 5386/13040 5379/13067 5421/13034
vt 0.66003 0.17954
f 5379/12997 5381/12980 5421/13068
vt 0.66122 0.18903
f 5406/12885 5359/12869 5460/13069
vt 0.23648 0.85667
f 5381/13070 5416/13035 5421/13034
vt 0.16078 0.12022
f 5370/12401 5366/12475 5594/13071
f 5129/12383 5450/12828 5462/13001
vt 0.23706 0.86338
f 5379/13067 5418/12977 5410/13072
f 5293/12455 5437/12803 5453/12823
vt 0.25865 0.77418
f 5365/12695 5357/12746 5456/13073
f 5373/12642 5425/13052 5407/12790
vt 0.64956 0.96129
vt 0.64865 0.96025
vt 0.65014 0.96019
f 5418/13074 5457/13075 5410/13076
vt 0.00833 0.39157
f 5342/12535 5405/12967 5471/13077
vt 0.23628 0.85152
vt 0.23567 0.84997
f 5388/13078 5391/13079 5403/13036
vt 0.89413 0.18945
f 5453/13029 5499/13080 5404/13030
vt 0.00944 0.52500
f 5309/12811 5335/12411 5513/13081
f 5403/13036 5391/13079 5415/12883
vt 0.19595 0.64207
f 5376/12900 5463/13082 5387/12634
vt 0.00715 0.38970
f 5402/12752 5342/12535 5455/13083
f 5407/12790 5425/13052 5430/13062
vt 0.68788 0.82353
f 5385/12857 5487/13084 5398/12917
vt 0.64946 0.96252
vt 0.64828 0.96171
f 5360/13085 5432/13086 5418/13074
vt 0.66798 0.25522
vt 0.67169 0.25535
f 5376/12983 5488/13087 5463/13088
vt 0.91545 0.89881
vt 0.91540 0.89780
f 5393/13045 5322/13089 5448/13090
vt 0.68617 0.83174
f 5368/12958 5468/13038 5423/13091
f 5342/12535 5471/13077 5455/13083
vt 0.58726 0.39179
f 5375/12892 5446/13092 5420/12810
vt 0.02202 0.39411
vt 0.01823 0.39456
f 5390/13093 5392/12838 5443/13094
vt 0.16516 0.12012
f 5366/12475 5651/13095 5594/13071
vt 0.66121 0.18705
f 5410/12992 5457/13096 5359/12869
f 5419/12814 5504/13041 5424/12759
f 5445/12928 5497/13047 5374/12896
vt 0.92997 0.91340
f 5350/12924 5436/13097 5363/13032
f 5384/12890 5429/12932 5444/13031
vt 0.43841 0.38535
f 5427/12608 5424/12759 5478/13098
f 5247/13049 5414/13063 5431/13016
vt 0.91458 0.89740
f 5322/13089 5409/13099 5448/13090
vt 0.58753 0.38906
f 5420/12810 5446/13092 5492/13100
f 5389/12897 5497/13047 5502/13024
vt 0.63927 0.13860
f 5423/12985 5498/13101 5459/12986
vt 0.64466 0.14114
f 5413/12970 5382/12969 5508/13102
vt 0.64591 0.14292
f 5413/12970 5508/13102 5461/13103
vt 0.68808 0.83170
f 5423/13091 5468/13038 5498/13104
vt 0.26419 0.77911
f 5454/12906 5396/12995 5465/13105
f 5387/12634 5463/13082 5449/13065
vt 0.31289 0.82216
vt 0.31350 0.82385
vt 0.31250 0.82323
f 5438/13106 5435/13107 5469/13108
vt 0.82735 0.39331
vt 0.82513 0.39324
vt 0.82553 0.39195
f 5413/13109 5461/13110 5447/13111
f 5385/12857 5433/12938 5487/13084
vt 0.00930 0.52950
f 5462/13001 5577/13112 5335/12411
f 5376/12983 5369/12920 5488/13087
f 5420/12810 5492/13100 5412/12994
vt 0.82433 0.39220
f 5461/13110 5448/13113 5447/13111
vt 0.13501 0.12632
f 5352/12926 5470/12987 5528/13114
vt 0.95308 0.78363
vt 0.95505 0.78457
vt 0.95440 0.78547
f 5447/13115 5448/13116 5467/13117
vt 0.68724 0.82651
f 5398/12917 5451/13118 5417/12931
f 5418/13074 5432/13086 5457/13075
vt 0.03275 0.40198
f 5350/12785 5302/12802 5436/13119
vt 0.64360 0.14154
f 5382/12969 5480/13120 5508/13102
vt 0.63000 0.93839
f 5437/12950 5443/13043 5453/13121
vt 0.91171 0.61278
f 5481/13022 5520/13122 5433/13020
vt 0.01103 0.54246
f 5450/12828 5402/12758 5455/13123
vt 0.44103 0.38706
f 5427/12608 5505/13124 5458/12763
f 5359/12869 5457/13096 5460/13069
vt 0.43011 0.38284
f 5400/12813 5514/13125 5504/13041
vt 0.89588 0.18666
f 5382/13028 5404/13003 5480/13126
vt 0.00935 0.39186
f 5405/12967 5491/13127 5471/13077
f 5372/12982 5380/12933 5414/13063
vt 0.23501 0.94978
vt 0.23607 0.94825
vt 0.23666 0.95057
f 5396/13128 5428/13129 5465/13130
f 5366/12475 5474/12632 5651/13095
vt 0.92008 0.14408
vt 0.91999 0.14581
vt 0.91924 0.14516
f 5352/13131 5528/13132 5489/13133
vt 0.21727 0.10176
f 5438/12974 5469/13134 5441/12764
vt 0.21579 0.10580
f 5441/12764 5469/13134 5442/13135
vt 0.91596 0.89793
vt 0.91626 0.89714
f 5393/13045 5448/13136 5477/13137
f 5393/13045 5477/13137 5476/13046
f 5400/12813 5412/13055 5514/13125
vt 0.95301 0.78593
f 5467/13117 5526/13138 5447/13115
vt 0.94309 0.01902
vt 0.94109 0.02064
vt 0.94101 0.01808
f 5426/13139 5500/13140 5439/13141
f 5478/13098 5424/12759 5504/13041
vt 0.96047 0.16920
vt 0.96058 0.17088
vt 0.95913 0.17107
f 5432/13142 5399/13143 5460/13144
vt 0.54390 0.38412
f 5414/13063 5501/13145 5431/13016
vt 0.01432 0.39243
vt 0.01515 0.39428
vt 0.01348 0.39423
f 5404/13146 5499/13147 5506/13148
f 5427/12608 5478/13098 5505/13124
vt 0.23624 0.94569
vt 0.23661 0.94666
f 5458/13149 5472/13150 5428/13129
vt 0.74865 0.46202
vt 0.74899 0.45947
vt 0.75097 0.45965
f 5487/13151 5433/13152 5520/13153
vt 0.89550 0.18878
f 5404/13003 5506/13154 5480/13126
vt 0.89003 0.92934
vt 0.89024 0.93245
vt 0.88883 0.93035
f 5430/13155 5425/13156 5473/13157
f 5335/12411 5577/13112 5513/13081
vt 0.82572 0.39134
vt 0.82380 0.39106
f 5445/12928 5447/13158 5526/13159
vt 0.88905 0.93264
f 5425/13156 5518/13160 5473/13157
vt 0.21117 0.63150
f 5375/13051 5444/13031 5446/13161
vt 0.25890 0.77626
f 5357/12746 5454/12906 5456/13162
vt 0.94253 0.02122
f 5426/13139 5475/13163 5500/13140
vt 0.17959 0.11590
f 5434/12513 5563/13164 5440/12796
vt 0.03384 0.40386
f 5302/12802 5489/13018 5485/13165
vt 0.82409 0.39297
f 5461/13110 5477/13166 5448/13113
vt 0.65004 0.14448
vt 0.65048 0.14620
f 5466/12937 5500/13167 5475/13168
vt 0.90862 0.18791
f 5405/13066 5493/13064 5491/13169
f 5441/12764 5442/13135 5524/13023
vt 0.95855 0.16857
f 5432/13142 5460/13144 5457/13170
f 5370/12401 5594/13071 5285/12667
f 5302/12802 5485/13165 5436/13119
f 5431/13016 5501/13145 5435/13015
vt 0.89008 0.93441
f 5425/13156 5449/13171 5518/13160
vt 0.74792 0.46799
vt 0.75030 0.46728
vt 0.74863 0.47024
f 5468/13172 5532/13173 5498/13174
f 5301/12499 5524/13023 5536/12697
vt 0.31152 0.82572
f 5469/13108 5435/13107 5556/13175
vt 0.44040 0.38491
f 5478/13098 5486/13176 5505/13124
vt 0.82456 0.39019
f 5497/13047 5445/12928 5540/13177
f 5445/12928 5526/13159 5540/13177
vt 0.19126 0.11453
f 5422/12760 5507/12864 5650/13178
vt 0.63097 0.93868
f 5443/13043 5499/13179 5453/13121
vt 0.14564 0.12541
f 5464/12717 5584/13180 5411/12666
vt 0.14147 0.12412
f 5411/12666 5495/13181 5408/12563
vt 0.03197 0.40201
f 5363/12951 5495/13182 5503/12943
vt 0.66336 0.26320
f 5309/12945 5513/13183 5369/12920
vt 0.95540 0.78560
f 5448/13116 5483/13184 5467/13117
vt 0.91528 0.89612
f 5409/13099 5483/13185 5448/13090
vt 0.15020 0.12523
f 5464/12717 5285/12667 5603/13186
vt 0.18659 0.11535
f 5422/12760 5602/13187 5434/12513
vt 0.92811 0.91409
f 5363/13032 5436/13097 5495/13188
vt 0.74851 0.46314
vt 0.75107 0.46292
f 5398/13189 5487/13151 5535/13190
vt 0.50556 0.60696
f 5409/12993 5439/12954 5483/13191
vt 0.74847 0.47139
vt 0.74852 0.47092
vt 0.74916 0.47115
f 5459/13192 5498/13193 5541/13194
vt 0.74909 0.47341
f 5459/13192 5541/13194 5493/13195
vt 0.27008 0.93323
vt 0.26874 0.93297
vt 0.27055 0.92948
f 5506/13196 5517/13197 5480/13198
vt 0.74877 0.46658
f 5468/13172 5417/13199 5532/13173
vt 0.13939 0.12561
f 5470/12987 5408/12563 5509/13200
vt 0.98168 0.93967
vt 0.98168 0.94125
vt 0.98109 0.94042
f 5497/13201 5511/13202 5502/13203
vt 0.53820 0.37772
f 5414/13063 5380/12933 5512/13204
vt 0.91715 0.89525
f 5476/13046 5477/13137 5484/13205
vt 0.83525 0.58811
vt 0.83538 0.59006
vt 0.83325 0.58870
f 5458/13206 5505/13207 5472/13208
vt 0.20434 0.10865
f 5536/12697 5523/13209 5401/12771
f 5411/12666 5584/13180 5495/13181
vt 0.01572 0.39687
f 5443/13094 5496/13210 5499/13147
vt 0.74874 0.46532
f 5398/13189 5535/13190 5451/13211
vt 0.84874 0.30928
f 5452/12988 5547/13212 5490/13042
vt 0.54294 0.38086
f 5501/13145 5414/13063 5479/13213
vt 0.26249 0.78065
f 5465/13105 5561/13214 5454/12906
f 5466/12937 5476/13061 5500/13167
f 5440/12796 5563/13164 5288/12533
vt 0.20641 0.63137
f 5429/12932 5539/13215 5444/13031
vt 0.53059 0.37381
vt 0.53265 0.37527
f 5380/12933 5482/13216 5516/13217
vt 0.00869 0.53223
f 5462/13001 5559/13218 5577/13112
vt 0.20435 0.63341
f 5429/12932 5537/13219 5539/13215
f 5417/13199 5451/13211 5532/13173
vt 0.90183 0.34977
vt 0.90125 0.34947
vt 0.90168 0.34890
f 5483/13220 5477/13221 5467/13222
vt 0.44381 0.38812
vt 0.44733 0.38561
vt 0.44620 0.38849
f 5472/13223 5545/13224 5428/13225
f 5430/13062 5537/13219 5429/12932
f 5477/13137 5483/13185 5484/13205
vt 0.89987 0.34857
vt 0.89986 0.34753
f 5477/13221 5461/13226 5533/13227
f 5477/13221 5533/13227 5467/13222
vt 0.21898 0.10325
f 5469/13134 5552/13228 5442/13135
vt 0.19781 0.64013
vt 0.19621 0.64048
vt 0.19852 0.63923
f 5449/13229 5463/13230 5518/13231
vt 0.00743 0.53488
f 5450/12828 5560/13232 5462/13001
f 5456/12952 5482/13216 5380/12933
vt 0.93991 0.01893
f 5439/13141 5500/13140 5483/13233
vt 0.01912 0.39798
f 5392/12838 5490/12981 5510/13234
f 5392/12838 5510/13234 5443/13094
vt 0.02038 0.39849
f 5452/13056 5555/12960 5547/13235
vt 0.14084 0.12447
f 5408/12563 5495/13236 5509/13200
vt 0.90992 0.61420
f 5481/13022 5519/13237 5520/13122
vt 0.43362 0.38149
f 5504/13041 5514/13125 5553/13238
vt 0.36569 0.88831
vt 0.36355 0.88797
vt 0.36556 0.88371
f 5430/13239 5473/13240 5537/13241
vt 0.93500 0.71559
vt 0.93279 0.71482
vt 0.93522 0.71358
f 5469/13242 5556/13243 5552/13244
vt 0.92863 0.91553
f 5436/13097 5509/13245 5495/13188
vt 0.01383 0.39730
f 5499/13147 5562/13246 5506/13148
f 5464/12717 5603/13186 5584/13180
f 5451/13211 5535/13190 5532/13173
vt 0.13799 0.12698
f 5470/12987 5509/13200 5549/13247
vt 0.26003 0.77859
f 5454/12906 5515/13248 5456/13162
vt 0.31024 0.87972
vt 0.31068 0.88173
vt 0.30886 0.87988
f 5481/13249 5502/13250 5519/13251
vt 0.44818 0.38809
f 5428/13225 5545/13224 5465/13252
f 5454/12906 5561/13214 5515/13248
vt 0.64598 0.14296
vt 0.64693 0.14114
f 5461/13253 5508/13102 5533/13254
vt 0.92929 0.98946
vt 0.92958 0.98883
vt 0.92958 0.98964
f 5476/13255 5484/13256 5500/13257
vt 0.00980 0.54321
vt 0.00818 0.54173
f 5455/13123 5471/13258 5522/13259
f 5494/12863 5288/12533 5563/13164
vt 0.25855 0.77735
f 5456/13162 5515/13248 5482/13260
vt 0.83183 0.59147
f 5505/13207 5587/13261 5472/13208
vt 0.26813 0.93017
f 5480/13198 5517/13197 5521/13262
vt 0.26928 0.92912
f 5480/13198 5521/13262 5508/13263
vt 0.75090 0.47142
f 5493/13195 5541/13194 5527/13264
vt 0.03025 0.40294
f 5495/13182 5550/13265 5503/12943
vt 0.83624 0.59195
vt 0.83369 0.59424
f 5505/13207 5486/13266 5531/13267
vt 0.31343 0.82621
f 5435/13107 5501/13268 5556/13175
vt 0.84750 0.30979
f 5490/13042 5547/13212 5510/13269
vt 0.92966 0.91644
f 5436/13097 5485/13270 5509/13245
vt 0.45097 0.38711
f 5465/13252 5545/13224 5561/13271
f 5455/13123 5522/13259 5450/12828
vt 0.75024 0.47596
vt 0.74875 0.47554
f 5493/13195 5548/13272 5491/13273
vt 0.42767 0.38074
vt 0.42939 0.38079
vt 0.42754 0.38184
f 5446/13274 5544/13275 5492/13276
f 5520/13153 5535/13190 5487/13151
f 5446/13161 5444/13031 5539/13215
vt 0.00937 0.39408
f 5491/13127 5548/13277 5471/13077
vt 0.20838 0.62888
f 5446/13161 5539/13215 5544/13278
vt 0.20100 0.63599
vt 0.20319 0.63656
f 5518/13231 5579/13279 5473/13280
vt 0.36288 0.88419
f 5537/13241 5473/13240 5604/13281
f 5412/13055 5492/13276 5514/13125
vt 0.93983 0.02054
f 5500/13140 5484/13282 5483/13233
vt 0.43680 0.38085
f 5504/13041 5573/13283 5478/13098
vt 0.43936 0.38106
f 5478/13098 5581/13284 5486/13176
vt 0.90233 0.34716
f 5467/13222 5533/13227 5526/13285
vt 0.00702 0.54399
f 5471/13258 5525/13286 5522/13259
f 5422/12760 5650/13178 5602/13187
vt 0.15437 0.12458
f 5285/12667 5594/13071 5605/13287
vt 0.14303 0.12562
f 5495/13181 5584/13180 5550/13288
vt 0.01869 0.40031
f 5555/12960 5568/13289 5547/13235
vt 0.53523 0.37640
f 5380/12933 5530/13290 5512/13204
f 5380/12933 5516/13217 5530/13290
vt 0.00583 0.53835
f 5450/12828 5522/13259 5572/13291
vt 0.16964 0.12022
f 5494/12863 5592/13292 5474/12632
vt 0.44366 0.38508
f 5472/13223 5587/13293 5545/13224
vt 0.01787 0.39671
f 5534/13294 5443/13094 5510/13234
vt 0.26070 0.78040
f 5515/13248 5561/13214 5538/13295
vt 0.01689 0.39710
f 5443/13094 5534/13296 5496/13210
vt 0.31063 0.88426
vt 0.30772 0.88533
vt 0.30957 0.88307
f 5497/13297 5543/13298 5511/13299
f 5499/13147 5496/13210 5562/13246
vt 0.30952 0.88581
f 5497/13297 5540/13300 5543/13298
vt 0.20955 0.62828
vt 0.20852 0.62778
f 5492/13301 5544/13278 5514/13302
vt 0.00814 0.39287
f 5471/13077 5548/13277 5525/13303
vt 0.00797 0.53755
f 5450/12828 5551/13304 5560/13232
vt 0.93421 0.71318
f 5552/13244 5556/13243 5576/13305
vt 0.66499 0.25735
f 5369/12920 5597/13306 5488/13087
vt 0.75054 0.47051
f 5498/13174 5532/13173 5541/13307
vt 0.58347 0.90315
vt 0.58430 0.90348
vt 0.58356 0.90472
f 5482/13308 5515/13309 5516/13310
vt 0.83544 0.59587
f 5486/13266 5581/13311 5531/13267
vt 0.75098 0.47309
vt 0.75027 0.47514
f 5493/13195 5521/13312 5548/13313
vt 0.87698 0.09819
vt 0.87628 0.10132
vt 0.87572 0.09947
f 5515/13314 5529/13315 5516/13316
f 5504/13041 5553/13238 5573/13283
vt 0.03729 0.40520
vt 0.03517 0.40558
f 5489/13018 5528/13317 5549/13318
vt 0.26792 0.92930
f 5521/13262 5527/13319 5508/13263
vt 0.26740 0.93297
f 5517/13197 5548/13320 5521/13262
f 5493/13195 5527/13264 5521/13312
f 5450/12828 5572/13291 5551/13304
f 5563/13164 5434/12513 5602/13187
f 5474/12632 5592/13292 5651/13095
vt 0.19503 0.63685
f 5463/13230 5614/13321 5518/13231
vt 0.02764 0.40424
f 5503/12943 5589/13322 5555/12960
f 5485/13165 5489/13018 5549/13318
vt 0.19594 0.11341
f 5507/12864 5401/12771 5588/13323
vt 0.30733 0.88189
f 5519/13251 5502/13250 5542/13324
vt 0.01204 0.39514
f 5506/13148 5562/13246 5517/13325
vt 0.92910 0.91774
f 5509/13245 5485/13270 5549/13326
vt 0.90194 0.34583
vt 0.90354 0.34594
f 5526/13285 5554/13327 5540/13328
vt 0.54455 0.38258
f 5501/13145 5479/13213 5546/13329
f 5526/13285 5533/13227 5554/13327
vt 0.66375 0.26118
f 5369/12920 5513/13183 5580/13330
vt 0.87851 0.09947
f 5515/13314 5538/13331 5529/13315
f 5581/13284 5478/13098 5573/13283
vt 0.53398 0.37558
f 5516/13217 5529/13332 5530/13290
vt 0.30991 0.88276
f 5511/13333 5542/13324 5502/13250
vt 0.20545 0.62729
f 5514/13302 5544/13278 5553/13334
vt 0.64269 0.13835
vt 0.64627 0.13883
f 5508/13102 5527/13335 5582/13336
vt 0.66934 0.25077
f 5463/13088 5488/13087 5614/13337
vt 0.30710 0.88306
f 5511/13299 5543/13298 5542/13338
f 5285/12667 5605/13287 5603/13186
f 5508/13102 5582/13336 5533/13254
vt 0.17695 0.11919
f 5494/12863 5563/13164 5609/13339
vt 0.30747 0.87970
f 5520/13340 5519/13251 5542/13324
vt 0.01767 0.39768
vt 0.01499 0.39819
f 5534/13341 5568/13289 5600/13342
vt 0.01016 0.39397
vt 0.01056 0.39568
f 5548/13343 5517/13325 5557/13344
f 5470/12987 5549/13247 5528/13114
vt 0.97579 0.18704
vt 0.97663 0.18681
vt 0.97647 0.18794
f 5534/13345 5510/13346 5547/13347
vt 0.75254 0.46578
f 5532/13173 5535/13190 5543/13348
vt 0.75273 0.46325
f 5543/13348 5535/13190 5542/13349
vt 0.20178 0.11235
f 5523/13209 5608/13350 5401/12771
f 5650/13178 5507/12864 5588/13323
vt 0.66381 0.25965
f 5369/12920 5580/13330 5612/13351
f 5369/12920 5612/13351 5597/13306
vt 0.02271 0.40434
f 5555/12960 5644/13352 5568/13289
vt 0.15972 0.12437
f 5594/13071 5618/13353 5605/13287
f 5544/13278 5539/13215 5553/13334
vt 0.75458 0.46866
f 5532/13173 5599/13354 5541/13307
vt 0.31342 0.82762
f 5501/13268 5546/13355 5556/13175
f 5503/12943 5550/13265 5589/13322
vt 0.63718 0.00101
vt 0.63729 0.00181
vt 0.63532 0.00144
f 5462/13356 5560/13357 5559/13358
vt 0.60510 0.95082
vt 0.60463 0.94863
vt 0.60586 0.94853
f 5534/13359 5600/13360 5496/13361
f 5547/13235 5568/13289 5534/13341
vt 0.90313 0.34437
f 5540/13328 5554/13327 5543/13362
vt 0.20997 0.10985
f 5524/13023 5442/13135 5619/13363
f 5524/13023 5619/13363 5536/12697
vt 0.87567 0.10331
vt 0.87601 0.10548
f 5530/13364 5529/13315 5567/13365
vt 0.62827 0.00085
vt 0.63191 0.00122
vt 0.62804 0.00322
f 5513/13366 5577/13367 5580/13368
vt 0.58262 0.90855
vt 0.58396 0.91137
vt 0.58308 0.91053
f 5530/13369 5567/13370 5512/13371
vt 0.87846 0.10459
f 5529/13315 5574/13372 5567/13365
vt 0.75196 0.47082
f 5541/13307 5599/13354 5527/13373
vt 0.75329 0.46238
f 5535/13190 5520/13153 5542/13374
vt 0.01170 0.39596
f 5517/13325 5586/13375 5557/13344
vt 0.75437 0.46714
f 5532/13173 5543/13376 5599/13354
vt 0.20379 0.62991
f 5539/13215 5537/13219 5558/13377
vt 0.14524 0.12699
f 5584/13180 5589/13378 5550/13288
vt 0.89981 0.34488
f 5533/13227 5582/13379 5554/13327
f 5505/13207 5531/13267 5587/13261
vt 0.54155 0.37885
f 5414/13063 5578/13380 5479/13213
vt 0.00409 0.54118
f 5522/13259 5657/13381 5572/13291
vt 0.20354 0.62933
f 5539/13215 5558/13382 5553/13334
f 5414/13063 5512/13204 5578/13380
vt 0.36283 0.88167
f 5537/13241 5604/13281 5583/13383
vt 0.58441 0.91391
vt 0.58296 0.91350
f 5567/13370 5590/13384 5512/13385
vt 0.21902 0.10560
f 5442/13135 5552/13228 5576/13386
vt 0.95607 0.64176
vt 0.95707 0.64318
vt 0.95618 0.64424
f 5479/13387 5585/13388 5546/13389
f 5517/13325 5562/13246 5586/13375
vt 0.36575 0.87987
f 5537/13241 5583/13383 5558/13390
vt 0.20332 0.62892
vt 0.20285 0.62751
f 5553/13334 5558/13391 5573/13392
vt 0.91509 0.39739
vt 0.91662 0.39693
vt 0.91475 0.39932
f 5538/13393 5561/13394 5564/13395
vt 0.64456 0.55712
vt 0.64339 0.55913
vt 0.64253 0.55654
f 5556/13396 5575/13397 5576/13398
vt 0.36350 0.87981
f 5558/13390 5583/13383 5621/13399
vt 0.64525 0.13740
f 5582/13336 5527/13335 5571/13400
vt 0.75450 0.47052
f 5527/13373 5599/13354 5571/13401
vt 0.00964 0.39596
vt 0.00788 0.39506
f 5548/13277 5557/13402 5525/13403
vt 0.63671 0.00361
f 5559/13358 5560/13357 5570/13404
vt 0.20245 0.62825
f 5558/13391 5569/13405 5573/13392
vt 0.87922 0.10199
f 5529/13315 5564/13406 5574/13372
vt 0.10576 0.72582
vt 0.10357 0.72689
vt 0.10485 0.72429
f 5560/13407 5566/13408 5570/13409
vt 0.01171 0.39614
vt 0.01194 0.39719
f 5586/13410 5562/13246 5565/13411
vt 0.58334 0.91465
f 5512/13385 5590/13384 5578/13412
f 5536/12697 5619/13363 5523/13209
f 5555/12960 5589/13322 5644/13352
vt 0.43578 0.37843
vt 0.43590 0.37743
vt 0.43742 0.37849
f 5558/13413 5621/13414 5569/13415
vt 0.19664 0.63409
f 5518/13231 5614/13321 5595/13416
f 5518/13231 5595/13416 5579/13279
vt 0.31211 0.82968
f 5556/13175 5546/13355 5585/13417
vt 0.00710 0.53753
f 5551/13418 5572/13291 5560/13232
f 5522/13259 5525/13286 5657/13381
vt 0.45152 0.38404
f 5545/13224 5610/13419 5561/13271
f 5538/13331 5564/13406 5529/13315
vt 0.66766 0.25147
f 5614/13337 5488/13087 5623/13420
f 5401/12771 5608/13350 5588/13323
f 5581/13284 5573/13283 5569/13415
vt 0.17436 0.12247
f 5494/12863 5609/13339 5648/13421
vt 0.00520 0.53482
f 5560/13232 5572/13291 5566/13422
vt 0.90140 0.34330
f 5543/13362 5554/13327 5599/13423
vt 0.60602 0.94692
f 5600/13360 5562/13424 5496/13361
vt 0.91675 0.40236
f 5561/13394 5596/13425 5564/13395
vt 0.31411 0.97717
vt 0.31509 0.97580
vt 0.31524 0.97705
f 5581/13426 5569/13427 5593/13428
vt 0.21823 0.10802
f 5442/13135 5576/13386 5627/13429
vt 0.10207 0.72632
f 5570/13409 5566/13408 5615/13430
vt 0.01088 0.39697
vt 0.00798 0.39796
f 5557/13402 5586/13431 5591/13432
f 5557/13402 5591/13432 5525/13403
vt 0.47992 0.92920
vt 0.48046 0.93213
vt 0.47794 0.93057
f 5590/13433 5637/13434 5578/13435
f 5554/13327 5582/13379 5599/13423
vt 0.20277 0.63281
f 5473/13280 5579/13279 5604/13436
vt 0.60469 0.94587
f 5600/13360 5601/13437 5562/13424
vt 0.83324 0.59707
f 5581/13311 5632/13438 5531/13267
vt 0.63364 0.00718
f 5559/13358 5570/13404 5662/13439
vt 0.30981 0.82932
f 5556/13175 5585/13417 5575/13440
f 5559/13358 5662/13439 5577/13367
vt 0.44055 0.38127
vt 0.44422 0.38035
f 5587/13293 5531/13441 5625/13442
vt 0.95601 0.64004
vt 0.95722 0.64035
f 5578/13443 5607/13444 5479/13387
vt 0.87869 0.10706
f 5567/13365 5574/13372 5598/13445
vt 0.87640 0.10818
f 5567/13365 5598/13445 5590/13446
vt 0.91466 0.40257
f 5564/13395 5596/13425 5574/13447
vt 0.60569 0.94547
f 5562/13424 5601/13437 5565/13448
f 5580/13368 5577/13367 5662/13439
vt 0.64211 0.55963
f 5576/13398 5575/13397 5627/13449
vt 0.62774 0.00629
f 5580/13368 5662/13439 5612/13450
vt 0.81727 0.97587
vt 0.81743 0.97698
vt 0.81629 0.97659
f 5565/13451 5601/13452 5586/13453
vt 0.45726 0.38545
f 5596/13454 5561/13271 5610/13419
vt 0.91566 0.40398
f 5596/13425 5598/13455 5574/13447
vt 0.66501 0.25449
f 5597/13306 5620/13456 5488/13087
vt 0.00320 0.53530
f 5566/13422 5572/13291 5615/13457
vt 0.89947 0.34355
f 5582/13379 5571/13458 5599/13423
vt 0.43651 0.37569
vt 0.43902 0.37544
f 5569/13415 5621/13459 5633/13460
vt 0.44080 0.37549
vt 0.44015 0.37820
f 5569/13415 5629/13461 5593/13462
vt 0.01236 0.39831
vt 0.01293 0.40006
f 5601/13463 5600/13342 5616/13464
vt 0.45789 0.38333
f 5596/13454 5610/13419 5634/13465
vt 0.02484 0.40561
f 5589/13322 5617/13466 5644/13352
vt 0.83606 0.59864
f 5581/13311 5593/13467 5632/13438
vt 0.31152 0.83235
f 5585/13417 5655/13468 5575/13440
vt 0.18351 0.12076
f 5563/13164 5602/13187 5656/13469
vt 0.14770 0.12858
f 5584/13180 5617/13470 5589/13378
f 5494/12863 5648/13421 5592/13292
vt 0.16440 0.12765
f 5594/13071 5666/13471 5618/13353
vt 0.01032 0.39971
f 5601/13463 5606/13472 5586/13431
f 5584/13180 5603/13186 5617/13470
vt 0.39322 0.84975
vt 0.39218 0.85106
vt 0.39137 0.84751
f 5596/13473 5634/13474 5598/13475
f 5594/13071 5651/13095 5666/13471
vt 0.64916 0.56136
vt 0.65017 0.56237
vt 0.64639 0.56108
f 5479/13476 5607/13477 5585/13478
vt 0.95870 0.69208
vt 0.95933 0.69217
vt 0.95864 0.69375
f 5590/13479 5598/13480 5637/13481
vt 0.19876 0.63186
f 5579/13279 5595/13416 5611/13482
vt 0.62612 0.00636
vt 0.62723 0.01010
f 5597/13483 5612/13450 5620/13484
vt 0.21483 0.11102
f 5442/13135 5658/13485 5619/13363
f 5604/13436 5579/13279 5611/13482
vt 0.20239 0.63107
f 5604/13436 5611/13482 5583/13486
vt 0.47814 0.93241
f 5578/13435 5637/13434 5607/13487
vt 0.66598 0.25289
f 5488/13087 5622/13488 5623/13420
vt 0.44124 0.37974
f 5531/13441 5632/13489 5625/13442
vt 0.01608 0.40096
f 5568/13289 5613/13490 5600/13342
vt 0.38951 0.84879
f 5598/13475 5634/13474 5631/13491
f 5587/13293 5625/13442 5545/13224
f 5488/13087 5620/13456 5622/13488
vt 0.00365 0.54463
f 5525/13286 5591/13492 5657/13381
f 5569/13415 5633/13460 5629/13461
f 5586/13431 5606/13472 5591/13432
vt 0.01771 0.40293
f 5568/13289 5624/13493 5613/13490
vt 0.95970 0.69320
f 5598/13480 5631/13494 5637/13481
f 5600/13342 5613/13490 5616/13464
f 5568/13289 5644/13352 5624/13493
vt 0.64516 0.56418
f 5585/13478 5607/13477 5655/13495
vt 0.63624 0.00635
f 5570/13404 5638/13496 5662/13439
vt 0.20174 0.62907
f 5583/13486 5611/13482 5621/13497
vt 0.20526 0.11500
f 5523/13209 5649/13498 5608/13350
f 5563/13164 5656/13469 5609/13339
vt 0.67008 0.24709
vt 0.66658 0.24739
f 5595/13499 5614/13337 5670/13500
vt 0.83386 0.60020
f 5632/13438 5593/13467 5645/13501
vt 0.96593 0.21927
vt 0.96744 0.22048
vt 0.96620 0.22135
f 5613/13502 5652/13503 5616/13504
vt 0.96712 0.21935
f 5613/13502 5640/13505 5652/13503
f 5442/13135 5627/13429 5658/13485
vt 0.66713 0.24980
f 5614/13337 5623/13420 5671/13506
vt 0.10079 0.72160
f 5615/13430 5709/13507 5570/13409
vt 0.00809 0.40100
f 5606/13472 5665/13508 5591/13432
f 5601/13463 5616/13464 5606/13472
vt 0.44275 0.37540
f 5593/13462 5629/13461 5645/13509
vt 0.66854 0.24527
f 5595/13499 5670/13500 5659/13510
f 5523/13209 5619/13363 5649/13498
vt 0.44944 0.37951
f 5610/13419 5545/13224 5676/13511
vt 0.65111 0.56492
vt 0.64795 0.56592
f 5607/13477 5637/13512 5691/13513
vt 0.19715 0.63010
f 5621/13497 5611/13482 5643/13514
vt 0.00042 0.54339
f 5657/13381 5591/13492 5674/13515
vt 0.10372 0.72168
f 5570/13409 5709/13507 5638/13516
vt 0.62965 0.01066
f 5612/13450 5653/13517 5620/13484
vt 0.95189 0.28371
vt 0.95197 0.28591
vt 0.95009 0.28406
f 5613/13518 5624/13519 5640/13520
vt 0.96716 0.22169
f 5652/13503 5628/13521 5616/13504
f 5545/13224 5625/13442 5676/13511
vt 0.62481 0.01219
vt 0.62727 0.01293
vt 0.62617 0.01483
f 5623/13522 5622/13523 5671/13524
vt 0.19958 0.62786
f 5621/13497 5643/13514 5633/13525
f 5614/13337 5671/13506 5670/13500
vt 0.14969 0.12965
f 5603/13186 5630/13526 5617/13470
vt 0.01935 0.40730
f 5644/13352 5647/13527 5624/13493
vt 0.44297 0.37789
f 5632/13489 5660/13528 5625/13442
vt 0.18947 0.12194
f 5602/13187 5650/13178 5737/13529
vt 0.01146 0.40237
f 5616/13464 5636/13530 5606/13472
vt 0.94689 0.29965
vt 0.94844 0.30133
vt 0.94694 0.30122
f 5616/13531 5628/13532 5636/13533
vt 0.31019 0.83210
f 5575/13440 5655/13468 5646/13534
vt 0.16967 0.12594
f 5592/13292 5684/13535 5651/13095
vt 0.19878 0.11767
f 5608/13350 5649/13498 5682/13536
vt 0.62886 0.01401
f 5622/13523 5639/13537 5671/13524
vt 0.88307 0.53031
vt 0.88441 0.53182
vt 0.88305 0.53334
f 5622/13538 5620/13539 5641/13540
vt 0.95048 0.28570
f 5624/13519 5654/13541 5640/13520
f 5611/13482 5595/13416 5643/13514
vt 0.62910 0.01328
f 5622/13523 5641/13542 5639/13537
vt 0.19690 0.62751
f 5633/13525 5643/13514 5629/13543
vt 0.64244 0.56271
f 5575/13397 5646/13544 5627/13449
vt 0.02261 0.40668
f 5644/13352 5617/13466 5630/13545
vt 0.15403 0.13010
f 5605/13287 5661/13546 5603/13186
vt 0.15851 0.12966
f 5618/13353 5635/13547 5605/13287
f 5608/13350 5682/13536 5588/13323
f 5592/13292 5648/13421 5684/13535
vt 0.45784 0.38076
f 5610/13419 5676/13511 5672/13548
f 5612/13450 5662/13439 5653/13517
vt 0.00048 0.53719
f 5615/13457 5572/13291 5678/13549
vt 0.67121 0.24436
f 5595/13499 5659/13510 5643/13550
vt 0.21157 0.11613
f 5619/13363 5658/13485 5758/13551
vt 0.17995 0.12511
f 5609/13339 5656/13469 5705/13552
f 5619/13363 5758/13551 5649/13498
vt 0.63319 0.01435
f 5641/13542 5642/13553 5639/13537
f 5610/13419 5672/13548 5634/13465
f 5588/13323 5682/13536 5650/13178
vt 0.88488 0.53377
f 5620/13539 5653/13554 5641/13540
vt 0.63179 0.01149
f 5653/13517 5662/13439 5667/13555
vt 0.91297 0.25915
vt 0.91074 0.26098
vt 0.91045 0.25824
f 5652/13556 5640/13557 5685/13558
vt 0.19602 0.62834
f 5643/13514 5675/13559 5629/13543
vt 0.01606 0.40540
f 5624/13493 5647/13527 5689/13560
vt 0.00105 0.54533
f 5591/13492 5665/13561 5674/13515
vt 0.21711 0.11132
f 5658/13485 5627/13429 5646/13562
vt 0.19591 0.62735
f 5629/13543 5675/13559 5645/13563
vt 0.63573 0.00956
f 5638/13496 5664/13564 5662/13439
vt 0.63132 0.01663
f 5639/13537 5642/13553 5683/13565
vt 0.67144 0.24225
f 5643/13550 5659/13510 5675/13566
f 5609/13339 5705/13552 5648/13421
vt 0.83159 0.59822
f 5632/13438 5645/13501 5660/13567
vt 0.00068 0.53602
f 5615/13457 5678/13549 5626/13568
f 5606/13472 5636/13530 5665/13508
vt 0.90977 0.26067
f 5640/13557 5654/13569 5685/13558
vt 0.38795 0.84722
vt 0.38673 0.84795
f 5637/13570 5631/13491 5663/13571
vt 0.15242 0.13103
f 5603/13186 5647/13572 5630/13526
vt 0.57470 0.93438
vt 0.57440 0.93284
vt 0.57642 0.93391
f 5624/13573 5689/13574 5654/13575
f 5607/13477 5691/13513 5655/13495
f 5602/13187 5737/13529 5656/13469
vt 0.39079 0.85367
f 5634/13474 5672/13576 5631/13491
vt 0.67165 0.23745
vt 0.67396 0.23999
f 5675/13566 5704/13577 5645/13578
vt 0.88476 0.53712
f 5641/13540 5653/13554 5667/13579
f 5572/13291 5657/13381 5678/13549
vt 0.09853 0.72521
f 5615/13430 5626/13580 5709/13507
vt 0.10332 0.71783
f 5638/13516 5709/13507 5664/13581
f 5605/13287 5635/13547 5661/13546
vt 0.65192 0.56671
f 5637/13512 5663/13582 5691/13513
vt 0.73911 0.76663
vt 0.73787 0.76902
vt 0.73636 0.76722
f 5645/13583 5669/13584 5660/13585
f 5618/13353 5666/13471 5635/13547
f 5666/13471 5651/13095 5684/13535
f 5603/13186 5661/13546 5647/13572
vt 0.88197 0.53670
f 5641/13540 5667/13579 5642/13586
vt 0.67445 0.23808
f 5669/13587 5645/13578 5704/13577
vt 0.57683 0.93160
f 5654/13575 5689/13574 5685/13588
f 5630/13545 5647/13527 5644/13352
vt 0.44642 0.37768
f 5625/13442 5660/13528 5673/13589
vt 0.38679 0.84970
f 5631/13491 5690/13590 5663/13571
f 5625/13442 5673/13589 5676/13511
vt 0.31037 0.83378
f 5646/13534 5655/13468 5668/13591
vt 0.88237 0.53918
f 5642/13586 5667/13579 5686/13592
vt 0.91242 0.25728
f 5652/13556 5685/13558 5628/13593
vt 0.73539 0.77120
f 5660/13585 5669/13584 5673/13594
vt 0.38784 0.85209
f 5672/13576 5700/13595 5631/13491
vt 0.20740 0.11845
f 5758/13551 5723/13596 5649/13498
vt 0.63517 0.01233
f 5667/13555 5662/13439 5677/13597
vt 0.00021 0.54026
f 5657/13381 5674/13515 5680/13598
f 5631/13491 5700/13595 5690/13590
f 5662/13439 5664/13564 5677/13597
vt 0.21630 0.11299
f 5658/13485 5646/13562 5668/13599
f 5657/13381 5680/13598 5678/13549
vt 0.94771 0.30380
f 5628/13532 5681/13600 5636/13533
vt 0.63510 0.01533
f 5642/13553 5686/13601 5683/13565
vt 0.64435 0.56673
f 5691/13513 5706/13602 5655/13495
vt 0.65004 0.56975
f 5691/13513 5663/13582 5688/13603
vt 0.21543 0.11459
f 5658/13485 5668/13599 5706/13604
vt 0.31124 0.83541
f 5655/13468 5706/13605 5668/13591
vt 0.17536 0.12701
f 5684/13535 5648/13421 5738/13606
vt 0.88483 0.53953
f 5667/13579 5677/13607 5686/13592
f 5639/13537 5683/13565 5671/13524
vt 0.10641 0.71178
vt 0.10427 0.71476
vt 0.10292 0.71173
f 5686/13608 5677/13609 5721/13610
vt 0.38607 0.84905
f 5663/13571 5690/13590 5688/13611
vt 0.45628 0.37731
f 5672/13548 5676/13511 5692/13612
vt 0.19508 0.12180
f 5737/13529 5650/13178 5693/13613
f 5650/13178 5682/13536 5693/13613
vt 0.66692 0.24397
f 5659/13510 5670/13500 5679/13614
vt 0.90992 0.25640
f 5685/13558 5681/13615 5628/13593
vt 0.73681 0.77184
f 5669/13584 5687/13616 5673/13594
f 5658/13485 5706/13604 5758/13551
vt 0.57452 0.92949
f 5685/13588 5689/13574 5696/13617
vt 0.10024 0.71414
f 5677/13609 5664/13581 5756/13618
vt 0.01182 0.40459
vt 0.00872 0.40556
f 5636/13530 5681/13619 5731/13620
vt 0.62303 0.01906
vt 0.62414 0.01590
f 5671/13524 5679/13621 5670/13622
vt 0.66930 0.23854
f 5675/13566 5711/13623 5704/13577
vt 0.46013 0.37811
f 5698/13624 5672/13548 5692/13612
vt 0.57098 0.28164
vt 0.56913 0.28189
vt 0.57069 0.27978
f 5674/13625 5665/13626 5703/13627
vt 0.56862 0.28079
f 5665/13626 5708/13628 5703/13627
vt 0.66878 0.13214
vt 0.67070 0.13443
vt 0.66823 0.13480
f 5669/13629 5704/13630 5687/13631
f 5677/13609 5756/13618 5721/13610
vt 0.44938 0.37633
f 5673/13589 5697/13632 5676/13511
vt 0.00708 0.40292
f 5665/13508 5636/13530 5708/13633
vt 0.66806 0.24112
f 5675/13566 5659/13510 5695/13634
vt 0.17191 0.13194
f 5738/13606 5742/13635 5684/13535
vt 0.62849 0.01979
f 5671/13524 5683/13565 5701/13636
vt 0.73573 0.77395
f 5687/13616 5697/13637 5673/13594
vt 0.57659 0.28116
vt 0.57486 0.28068
vt 0.57825 0.28020
f 5678/13638 5680/13639 5626/13640
f 5674/13625 5703/13627 5680/13639
vt 0.57624 0.92957
f 5685/13588 5696/13617 5681/13641
vt 0.73733 0.77526
f 5687/13616 5707/13642 5697/13637
f 5648/13421 5705/13552 5738/13606
vt 0.01685 0.40792
f 5647/13527 5710/13643 5689/13560
vt 0.15543 0.13211
f 5661/13546 5635/13547 5710/13644
f 5679/13621 5671/13524 5701/13636
vt 0.21464 0.11676
f 5706/13604 5736/13645 5758/13551
vt 0.39068 0.85468
vt 0.38761 0.85410
f 5698/13646 5702/13647 5672/13576
f 5661/13546 5710/13644 5647/13572
f 5636/13530 5731/13620 5708/13633
f 5672/13576 5702/13647 5700/13595
vt 0.63493 0.01839
f 5683/13565 5686/13601 5735/13648
f 5659/13510 5679/13614 5695/13634
f 5675/13566 5695/13634 5711/13623
vt 0.64757 0.56934
f 5691/13513 5688/13603 5724/13649
vt 0.45495 0.37540
f 5692/13612 5676/13511 5713/13650
vt 0.09817 0.72059
f 5626/13580 5694/13651 5709/13507
vt 0.10443 0.70919
f 5686/13608 5721/13610 5735/13652
vt 0.86566 0.58704
vt 0.86369 0.58961
vt 0.86395 0.58777
f 5698/13653 5732/13654 5702/13655
vt 0.01278 0.40603
f 5681/13619 5696/13656 5731/13620
vt 0.20123 0.12117
f 5682/13536 5753/13657 5693/13613
f 5664/13581 5709/13507 5756/13618
vt 0.18412 0.12642
f 5656/13469 5737/13529 5750/13658
f 5649/13498 5753/13657 5682/13536
vt 0.64413 0.56986
f 5691/13513 5724/13649 5729/13659
f 5691/13513 5729/13659 5706/13602
vt 0.16650 0.13312
f 5684/13535 5699/13660 5666/13471
vt 0.66704 0.13776
vt 0.66918 0.13861
f 5707/13661 5687/13631 5727/13662
vt 0.57854 0.27610
f 5626/13640 5680/13639 5694/13663
vt 0.01375 0.40818
f 5689/13560 5716/13664 5696/13656
vt 0.57207 0.27652
f 5680/13639 5703/13627 5712/13665
f 5656/13469 5750/13658 5705/13552
f 5676/13511 5697/13632 5713/13650
vt 0.01128 0.40704
f 5696/13656 5739/13666 5731/13620
vt 0.73632 0.77966
f 5697/13637 5707/13642 5713/13667
vt 0.62588 0.02243
vt 0.62264 0.02158
f 5679/13621 5719/13668 5695/13669
f 5679/13621 5701/13636 5719/13668
f 5687/13631 5704/13630 5727/13662
f 5684/13535 5742/13635 5699/13660
vt 0.56838 0.27680
f 5708/13628 5762/13670 5703/13627
vt 0.66580 0.14224
f 5707/13661 5727/13662 5714/13671
vt 0.01543 0.40817
f 5710/13643 5716/13672 5689/13560
vt 0.73826 0.78051
f 5707/13642 5714/13673 5713/13667
vt 0.16173 0.13263
f 5635/13547 5666/13471 5717/13674
vt 0.65397 0.57123
vt 0.65059 0.57332
vt 0.65227 0.56951
f 5700/13675 5744/13676 5690/13677
vt 0.57623 0.27335
f 5680/13639 5752/13678 5694/13663
f 5690/13677 5744/13676 5688/13603
vt 0.00334 0.40520
f 5708/13633 5731/13620 5762/13679
vt 0.62336 0.02476
f 5695/13669 5719/13668 5711/13680
f 5680/13639 5712/13665 5752/13678
vt 0.86629 0.58862
vt 0.86660 0.59116
f 5698/13681 5718/13682 5732/13654
vt 0.19250 0.12682
f 5693/13613 5780/13683 5737/13529
vt 0.15889 0.13333
f 5635/13547 5717/13674 5728/13684
f 5683/13565 5735/13648 5701/13636
vt 0.46018 0.37509
f 5692/13612 5713/13650 5720/13685
f 5692/13612 5720/13685 5698/13624
f 5635/13547 5728/13684 5710/13644
vt 0.73874 0.78402
f 5733/13686 5713/13667 5714/13673
f 5696/13656 5716/13664 5739/13666
vt 0.94529 0.09580
vt 0.94510 0.09856
vt 0.94391 0.09682
f 5744/13687 5715/13688 5688/13689
vt 0.56419 0.28818
vt 0.56417 0.28509
vt 0.56468 0.28631
f 5710/13690 5728/13691 5716/13692
vt 0.46296 0.37597
f 5698/13624 5720/13685 5718/13693
vt 0.09832 0.71649
f 5709/13507 5694/13651 5740/13694
f 5709/13507 5740/13694 5756/13618
vt 0.73765 0.78487
f 5733/13686 5720/13695 5713/13667
f 5649/13498 5723/13596 5753/13657
vt 0.64258 0.56775
vt 0.64229 0.56945
f 5706/13696 5729/13659 5736/13697
vt 0.63089 0.02499
f 5701/13636 5741/13698 5719/13668
f 5703/13627 5762/13670 5712/13665
vt 0.86642 0.59270
vt 0.86503 0.59288
f 5718/13682 5722/13699 5759/13700
vt 0.64494 0.57033
f 5729/13659 5724/13649 5726/13701
vt 0.62623 0.02657
f 5711/13680 5719/13668 5748/13702
vt 0.65356 0.57281
vt 0.65179 0.57385
f 5702/13703 5732/13704 5744/13676
f 5702/13703 5744/13676 5700/13675
vt 0.73966 0.78801
f 5733/13686 5743/13705 5720/13695
vt 0.94389 0.10104
vt 0.94319 0.09790
f 5726/13706 5724/13707 5715/13688
f 5715/13688 5724/13707 5688/13689
vt 0.67294 0.13575
vt 0.67179 0.13764
f 5704/13630 5711/13708 5748/13709
vt 0.01310 0.40838
vt 0.01217 0.40788
f 5716/13664 5728/13710 5739/13711
vt 0.57806 0.27208
f 5694/13663 5752/13678 5740/13712
vt 0.46157 0.37479
vt 0.46450 0.37437
f 5720/13713 5730/13714 5718/13693
vt 0.73830 0.78870
f 5720/13695 5743/13705 5730/13715
vt 0.63553 0.02108
vt 0.63476 0.02407
f 5735/13648 5725/13716 5757/13717
vt 0.46497 0.37540
f 5722/13718 5718/13693 5730/13714
vt 0.64582 0.57168
vt 0.64792 0.57152
vt 0.64809 0.57432
f 5726/13719 5715/13720 5747/13721
vt 0.64555 0.57503
f 5726/13719 5747/13721 5761/13722
f 5718/13682 5759/13700 5732/13654
vt 0.66805 0.14373
f 5727/13662 5734/13723 5714/13671
f 5704/13630 5748/13709 5727/13662
vt 0.67024 0.14127
f 5727/13662 5745/13724 5734/13723
f 5715/13720 5744/13676 5747/13721
vt 0.18797 0.12746
f 5750/13658 5737/13529 5774/13725
vt 0.17709 0.13171
f 5738/13606 5705/13552 5789/13726
f 5738/13606 5789/13726 5742/13635
f 5735/13648 5741/13698 5701/13636
f 5735/13648 5757/13717 5741/13698
vt 0.22087 0.75027
vt 0.22236 0.75112
vt 0.22274 0.75346
f 5722/13727 5730/13728 5772/13729
vt 0.66358 0.14609
f 5714/13671 5734/13723 5733/13730
vt 0.00815 0.40732
f 5739/13666 5763/13731 5731/13620
f 5717/13674 5666/13471 5699/13660
vt 0.86201 0.59178
f 5732/13654 5759/13700 5744/13732
vt 0.20375 0.12598
f 5753/13657 5723/13596 5773/13733
vt 0.20893 0.12305
f 5758/13551 5792/13734 5723/13596
f 5719/13668 5741/13698 5748/13702
vt 0.92407 0.93019
vt 0.92292 0.93124
vt 0.92249 0.92994
f 5726/13735 5760/13736 5729/13737
f 5737/13529 5780/13683 5774/13725
vt 0.22430 0.75168
f 5730/13728 5743/13738 5772/13729
vt 0.66228 0.14964
vt 0.66440 0.15158
f 5743/13739 5733/13730 5755/13740
vt 0.22487 0.75309
f 5743/13738 5755/13741 5772/13729
vt 0.67103 0.14019
f 5727/13662 5748/13709 5745/13742
vt 0.86200 0.59403
f 5759/13700 5747/13743 5744/13732
vt 0.10443 0.70667
vt 0.10182 0.70662
f 5725/13744 5735/13652 5768/13745
vt 0.66870 0.14606
f 5733/13730 5734/13723 5754/13746
vt 0.21370 0.11883
f 5758/13551 5736/13645 5760/13747
vt 0.64253 0.57239
f 5736/13697 5729/13659 5760/13748
vt 0.00739 0.40855
f 5731/13620 5763/13731 5746/13749
vt 0.86418 0.59499
f 5759/13700 5751/13750 5747/13743
vt 0.09816 0.71305
f 5740/13694 5767/13751 5756/13618
vt 0.16248 0.13404
f 5717/13674 5763/13752 5728/13684
vt 0.92409 0.93247
f 5726/13735 5761/13753 5760/13736
vt 0.57118 0.27173
f 5712/13665 5762/13670 5749/13754
f 5712/13665 5749/13754 5752/13678
f 5731/13620 5746/13749 5762/13679
vt 0.62920 0.02857
f 5748/13702 5741/13698 5745/13755
vt 0.19935 0.12865
f 5693/13613 5753/13657 5822/13756
vt 0.21941 0.75125
f 5722/13727 5772/13729 5759/13757
vt 0.56459 0.28131
vt 0.56615 0.28347
f 5728/13691 5763/13758 5739/13759
f 5717/13674 5699/13660 5763/13752
vt 0.57726 0.26848
f 5740/13712 5752/13678 5767/13760
vt 0.66986 0.14426
f 5734/13723 5745/13724 5764/13761
vt 0.19627 0.12881
f 5693/13613 5803/13762 5780/13683
vt 0.09959 0.70768
f 5735/13652 5788/13763 5768/13745
vt 0.63215 0.02870
f 5745/13755 5741/13698 5764/13764
f 5723/13596 5792/13734 5773/13733
f 5735/13652 5721/13610 5788/13763
vt 0.92355 0.93336
f 5760/13736 5761/13753 5777/13765
vt 0.56803 0.27336
f 5749/13754 5762/13670 5778/13766
vt 0.86206 0.59574
f 5747/13743 5751/13750 5761/13767
vt 0.13270 0.92914
vt 0.13216 0.93193
vt 0.13011 0.92949
f 5751/13768 5785/13769 5761/13770
vt 0.57315 0.26737
f 5752/13678 5749/13754 5783/13771
vt 0.66740 0.14939
f 5733/13730 5754/13746 5765/13772
vt 0.63651 0.02205
vt 0.63773 0.02386
f 5725/13773 5766/13774 5757/13717
vt 0.83452 0.90325
vt 0.83603 0.90475
vt 0.83382 0.90530
f 5725/13775 5768/13776 5766/13777
vt 0.16898 0.13473
f 5699/13660 5742/13635 5784/13778
vt 0.09828 0.70940
f 5756/13618 5793/13779 5721/13610
f 5734/13723 5764/13761 5754/13746
vt 0.21201 0.12095
f 5758/13551 5760/13747 5777/13780
vt 0.16491 0.13432
f 5699/13660 5746/13781 5763/13752
vt 0.21983 0.75537
f 5772/13729 5770/13782 5759/13757
f 5753/13657 5773/13733 5822/13756
vt 0.18074 0.13250
f 5705/13552 5809/13783 5789/13726
vt 0.63570 0.02905
f 5741/13698 5771/13784 5764/13764
f 5752/13678 5783/13771 5767/13760
vt 0.64664 0.57691
vt 0.64781 0.57734
vt 0.64567 0.57958
f 5751/13785 5759/13786 5785/13787
f 5741/13698 5757/13717 5771/13784
vt 0.63396 0.02934
f 5764/13764 5771/13784 5754/13788
f 5758/13551 5777/13780 5792/13734
f 5733/13730 5765/13772 5755/13740
vt 0.00156 0.40748
vt 0.00023 0.40580
f 5762/13679 5805/13789 5778/13790
vt 0.63745 0.02637
f 5757/13717 5766/13774 5769/13791
vt 0.18524 0.13258
f 5750/13658 5808/13792 5809/13783
f 5750/13658 5809/13783 5705/13552
vt 0.22647 0.75698
f 5755/13741 5786/13793 5772/13729
f 5693/13613 5822/13756 5803/13762
f 5750/13658 5774/13725 5808/13792
f 5788/13763 5721/13610 5793/13779
vt 0.66906 0.14816
f 5754/13746 5771/13794 5765/13772
vt 0.88432 0.03174
vt 0.88316 0.03007
vt 0.88488 0.02770
f 5766/13795 5794/13796 5769/13797
f 5757/13717 5769/13791 5771/13784
vt 0.00476 0.40884
f 5746/13749 5776/13798 5762/13679
vt 0.83506 0.90791
f 5766/13777 5768/13776 5790/13799
f 5756/13618 5767/13751 5793/13779
vt 0.83383 0.90801
f 5766/13777 5790/13799 5775/13800
vt 0.00280 0.40835
f 5762/13679 5784/13801 5805/13789
vt 0.66862 0.15045
f 5765/13772 5771/13794 5782/13802
vt 0.63756 0.02907
f 5771/13784 5769/13791 5782/13803
vt 0.16724 0.13481
f 5699/13660 5776/13804 5746/13781
vt 0.56759 0.26874
f 5749/13754 5778/13766 5807/13805
vt 0.17010 0.13486
f 5742/13635 5787/13806 5784/13778
vt 0.64724 0.58081
f 5759/13786 5770/13807 5785/13787
vt 0.21086 0.12265
f 5792/13734 5777/13780 5781/13808
vt 0.66834 0.15208
vt 0.66684 0.15360
f 5755/13740 5796/13809 5786/13810
vt 0.88298 0.03307
f 5766/13795 5775/13811 5794/13796
vt 0.00300 0.40832
f 5762/13679 5776/13798 5784/13812
f 5765/13772 5796/13809 5755/13740
f 5765/13772 5782/13802 5796/13809
vt 0.56503 0.27130
f 5778/13766 5791/13813 5807/13805
f 5699/13660 5784/13778 5776/13804
vt 0.64428 0.57588
vt 0.64528 0.57521
vt 0.64249 0.57646
f 5777/13814 5761/13815 5781/13816
vt 0.56585 0.27369
f 5778/13766 5805/13817 5791/13813
vt 0.88496 0.02405
vt 0.88303 0.02658
f 5782/13818 5769/13797 5779/13819
f 5769/13797 5794/13796 5779/13819
vt 0.57619 0.26534
f 5767/13760 5783/13771 5793/13820
vt 0.13025 0.93142
f 5761/13770 5785/13769 5799/13821
vt 0.01224 0.85483
vt 0.01009 0.85427
vt 0.01295 0.85258
f 5775/13822 5798/13823 5794/13824
vt 0.64249 0.57778
f 5761/13815 5799/13825 5781/13816
vt 0.00161 0.40824
f 5805/13789 5784/13801 5787/13826
vt 0.83683 0.90680
f 5768/13776 5788/13827 5790/13799
vt 0.37492 0.90266
vt 0.37592 0.90384
vt 0.37424 0.90410
f 5788/13828 5793/13829 5790/13830
vt 0.37320 0.90759
vt 0.37518 0.90617
f 5795/13831 5790/13830 5797/13832
vt 0.88241 0.02426
vt 0.88384 0.02320
f 5782/13818 5806/13833 5796/13834
vt 0.20953 0.12408
f 5792/13734 5781/13808 5799/13835
vt 0.01294 0.85613
vt 0.01044 0.85655
vt 0.01111 0.85490
f 5790/13836 5795/13837 5775/13838
f 5749/13754 5807/13805 5783/13771
vt 0.37455 0.90929
f 5795/13831 5797/13832 5802/13839
vt 0.57346 0.26466
f 5793/13820 5783/13771 5797/13840
f 5790/13830 5793/13829 5797/13832
vt 0.64266 0.57939
f 5799/13825 5785/13787 5801/13841
f 5782/13818 5779/13819 5806/13833
vt 0.19051 0.13284
f 5774/13725 5780/13683 5827/13842
f 5774/13725 5827/13842 5808/13792
vt 0.17171 0.13523
f 5742/13635 5805/13843 5787/13806
vt 0.20688 0.12663
f 5773/13733 5792/13734 5815/13844
vt 0.66882 0.15452
f 5796/13809 5800/13845 5786/13810
vt 0.01115 0.85480
f 5795/13837 5798/13823 5775/13846
vt 0.81908 0.04015
vt 0.81820 0.04159
vt 0.81786 0.03896
f 5795/13847 5802/13848 5798/13849
f 5772/13729 5786/13793 5770/13782
vt 0.57126 0.26492
f 5797/13840 5783/13771 5802/13850
vt 0.17533 0.13554
f 5742/13635 5789/13726 5811/13851
vt 0.01089 0.85149
f 5798/13823 5817/13852 5794/13824
vt 0.56957 0.26592
f 5783/13771 5807/13805 5804/13853
vt 0.67087 0.15601
f 5796/13809 5816/13854 5800/13845
vt 0.20846 0.12531
f 5799/13835 5801/13855 5792/13734
vt 0.19455 0.13226
f 5780/13683 5803/13762 5830/13856
f 5742/13635 5811/13851 5805/13843
vt 0.56975 0.26526
f 5802/13850 5783/13771 5804/13857
vt 0.67110 0.15246
f 5796/13809 5806/13858 5816/13854
vt 0.64249 0.58142
f 5785/13787 5815/13859 5801/13841
vt 0.56437 0.27281
vt 0.56404 0.27114
f 5805/13860 5811/13861 5791/13813
vt 0.01163 0.84850
f 5794/13824 5817/13852 5779/13862
vt 0.81691 0.04287
f 5802/13848 5804/13863 5798/13849
vt 0.64578 0.58346
f 5785/13787 5770/13807 5812/13864
f 5792/13734 5801/13855 5815/13844
vt 0.56806 0.26530
f 5804/13853 5807/13805 5813/13865
f 5785/13787 5812/13864 5815/13859
vt 0.22371 0.76018
vt 0.22127 0.75914
f 5786/13793 5824/13866 5818/13867
f 5786/13793 5818/13867 5770/13782
vt 0.56416 0.26905
vt 0.56440 0.26590
f 5807/13805 5811/13868 5810/13869
vt 0.21922 0.75808
f 5770/13782 5818/13867 5812/13870
vt 0.22772 0.75915
vt 0.22740 0.76037
f 5800/13871 5814/13872 5786/13793
vt 0.81523 0.04301
f 5804/13863 5813/13873 5798/13849
vt 0.01212 0.84750
vt 0.01053 0.84733
f 5806/13874 5779/13862 5816/13875
vt 0.00985 0.84866
f 5817/13852 5821/13876 5779/13862
vt 0.66895 0.15587
f 5800/13845 5816/13854 5814/13877
vt 0.17916 0.13628
f 5809/13783 5810/13878 5789/13726
vt 0.56673 0.26399
f 5807/13805 5810/13869 5813/13879
f 5807/13805 5791/13813 5811/13868
f 5780/13683 5830/13856 5827/13842
f 5814/13872 5824/13866 5786/13793
f 5779/13862 5821/13876 5816/13875
vt 0.18259 0.13698
f 5809/13783 5823/13880 5810/13878
vt 0.81441 0.03948
f 5813/13873 5825/13881 5798/13849
f 5811/13851 5789/13726 5810/13878
f 5809/13783 5808/13792 5823/13880
vt 0.70520 0.92915
vt 0.70488 0.93041
vt 0.70289 0.93000
f 5814/13882 5820/13883 5824/13884
vt 0.81500 0.03633
vt 0.81772 0.03473
f 5798/13849 5828/13885 5817/13886
vt 0.20551 0.12963
f 5815/13844 5819/13887 5773/13733
vt 0.56448 0.26200
f 5813/13879 5810/13869 5823/13888
vt 0.66991 0.15872
vt 0.66909 0.15661
f 5816/13854 5820/13889 5814/13890
vt 0.18683 0.13692
f 5808/13792 5833/13891 5823/13880
vt 0.20338 0.13113
f 5773/13733 5829/13892 5822/13756
f 5808/13792 5827/13842 5833/13891
vt 0.20166 0.13171
f 5822/13756 5829/13892 5832/13893
vt 0.64229 0.58456
f 5815/13859 5812/13864 5819/13894
f 5798/13849 5825/13881 5828/13885
vt 0.64617 0.58577
vt 0.64623 0.58725
vt 0.64463 0.58757
f 5818/13895 5824/13896 5831/13897
vt 0.67138 0.15968
f 5816/13854 5836/13898 5820/13889
vt 0.19500 0.13500
f 5827/13842 5830/13856 5837/13899
vt 0.64270 0.58685
f 5812/13864 5818/13895 5829/13900
vt 0.81732 0.03163
vt 0.81653 0.02932
vt 0.81835 0.02912
f 5821/13901 5836/13902 5816/13903
vt 0.56607 0.26052
f 5813/13879 5823/13888 5825/13904
f 5773/13733 5819/13887 5829/13892
vt 0.70282 0.93255
f 5820/13883 5831/13905 5824/13884
f 5818/13895 5831/13897 5829/13900
vt 0.81418 0.03751
f 5825/13881 5833/13906 5828/13885
vt 0.19918 0.13275
f 5803/13762 5822/13756 5826/13907
f 5819/13894 5812/13864 5829/13900
vt 0.81530 0.03474
vt 0.81514 0.03371
f 5817/13886 5828/13908 5834/13909
f 5817/13886 5834/13909 5821/13901
vt 0.19680 0.13397
f 5830/13856 5803/13762 5835/13910
vt 0.66970 0.15946
f 5820/13889 5836/13898 5826/13911
f 5803/13762 5826/13907 5835/13910
vt 0.70432 0.93237
f 5831/13905 5820/13883 5826/13912
vt 0.22607 0.76254
vt 0.22751 0.76338
vt 0.22692 0.76318
f 5826/13913 5836/13914 5835/13915
f 5822/13756 5832/13893 5826/13907
vt 0.70333 0.93356
f 5831/13905 5826/13912 5832/13916
f 5830/13856 5835/13910 5837/13899
vt 0.64336 0.58792
f 5831/13897 5832/13917 5829/13900
vt 0.19018 0.13663
f 5833/13891 5827/13842 5838/13918
vt 0.56692 0.25221
vt 0.56787 0.25453
vt 0.56629 0.25382
f 5836/13919 5821/13920 5834/13921
vt 0.56655 0.25667
vt 0.56469 0.25533
f 5834/13921 5828/13922 5838/13923
vt 0.56460 0.25816
f 5823/13888 5833/13924 5825/13904
f 5828/13922 5833/13924 5838/13923
vt 0.56515 0.25233
f 5834/13921 5837/13925 5836/13919
vt 0.66958 0.16138
vt 0.67146 0.16238
f 5835/13926 5836/13898 5837/13927
f 5827/13842 5837/13899 5838/13918
f 5834/13921 5838/13923 5837/13925
vt 0.96956 0.20457
f 5839/13928 2519/5706 2419/5705
vt 0.98742 0.90908
vt 0.98784 0.90978
vt 0.98750 0.90999
f 5839/13929 2396/13930 2519/13931
vt 0.98702 0.56608
vt 0.98702 0.56761
vt 0.98672 0.56755
f 5840/13932 5842/13933 5841/13934
vt 0.97854 0.49036
vt 0.97900 0.48869
vt 0.97932 0.48913
f 5840/13935 2472/13936 5842/13937
vt 0.78863 0.36614
f 2415/13938 2596/5967 2562/5987
vt 0.78812 0.36610
f 2415/13938 2529/13939 2596/5967
vt 0.87631 0.85928
f 3093/7316 3178/13940 3036/7044
f 3598/8239 3694/8457 3778/9201
vt 0.24195 0.99037
vt 0.24178 0.98954
vt 0.24193 0.98899
f 3598/13941 3513/13942 3694/13943
vt 0.97933 0.56929
vt 0.97868 0.56808
vt 0.97926 0.56825
f 5843/13944 3748/13945 3635/13946
vt 0.90701 0.57100
f 3771/13947 3844/9083 3791/9154
f 3771/13947 3835/9303 3844/9083
vt 0.93102 0.28082
vt 0.93128 0.28139
f 5845/9280 3819/13948 3839/13949
vt 0.92869 0.28073
f 5845/9280 3922/13950 3819/13948
f 5846/10553 4548/10808 4444/10554
f 5846/10553 4437/10809 4548/10808
vt 0.84942 0.66962
f 5848/13951 5849/6699 2815/6552
f 5848/13951 2791/6622 5849/6699
f 5848/13951 2838/6763 2791/6622
vt 0.99428 0.78172
vt 0.99419 0.78187
vt 0.99419 0.78151
f 5848/13952 5847/13953 5849/13954
vt 0.99419 0.70617
vt 0.99430 0.70600
vt 0.99430 0.70629
f 5848/13955 5849/13956 2838/13957
f 5848/13951 2815/6552 5847/6762

