
v -0.3023 -0.1691 0.0527
v -0.3043 -0.1693 0.0624
v -0.3023 -0.1694 0.0223
v -0.3037 -0.1403 0.0551
v -0.3031 -0.1682 0.0292
v -0.3032 -0.1659 0.0576
v -0.3023 -0.1686 0.0394
v -0.2991 -0.1362 0.0579
v -0.3009 -0.1394 0.0616
v -0.3019 -0.1687 0.0478
v -0.3009 -0.1467 0.0589
v -0.3007 -0.1457 0.0517
v -0.2962 -0.1604 0.0600
v -0.3015 -0.1703 0.0307
v -0.2949 -0.1628 0.0717
v -0.3008 -0.1554 0.0581
v -0.3007 -0.1286 0.0556
v -0.2969 -0.1705 0.0399
v -0.2974 -0.1455 0.0593
v -0.2997 -0.1677 0.0139
v -0.2997 -0.1691 -0.0300
v -0.2991 -0.1561 0.0512
v -0.3002 -0.1651 0.0647
v -0.3003 -0.1376 0.0506
v -0.2989 -0.1690 0.0791
v -0.2964 -0.1627 -0.0267
v -0.2984 -0.1617 0.0554
v -0.2983 -0.1690 -0.0190
v -0.2948 -0.1703 -0.0341
v -0.2960 -0.1689 0.0041
v -0.2964 -0.1631 0.0491
v -0.2967 -0.1669 -0.0385
v -0.2936 -0.1260 0.0563
v -0.3007 -0.1688 0.0720
v -0.2958 -0.1408 0.0476
v -0.2970 -0.1632 0.0212
v -0.2974 -0.1701 0.0097
v -0.2919 -0.1522 0.0510
v -0.2935 -0.1691 -0.0038
v -0.2908 -0.1655 0.0026
v -0.2942 -0.1374 0.0515
v -0.2964 -0.1682 0.0832
v -0.2938 -0.1471 0.0433
v -0.2928 -0.1429 0.0499
v -0.2927 -0.1701 -0.0499
v -0.2933 -0.1437 0.0583
v -0.2939 -0.1680 -0.0531
v -0.2929 -0.1702 -0.0561
v -0.2932 -0.1516 0.0588
v -0.2947 -0.1689 0.0904
v -0.2935 -0.1620 0.0843
v -0.2915 -0.1355 0.0552
v -0.2931 -0.1400 0.0482
v -0.2924 -0.1441 0.0387
v -0.2914 -0.1553 0.0384
v -0.2951 -0.1698 -0.0118
v -0.2944 -0.1434 0.0438
v -0.2932 -0.1475 0.0509
v -0.2934 -0.1588 0.0521
v -0.2927 -0.1368 0.0589
v -0.2967 -0.1619 0.0375
v -0.2925 -0.1586 0.0566
v -0.2933 -0.1409 0.0342
v -0.2928 -0.1692 -0.0616
v -0.2939 -0.1369 0.0420
v -0.2945 -0.1704 0.0235
v -0.2912 -0.1636 0.0091
v -0.2894 -0.1489 0.0380
v -0.2935 -0.1425 0.0609
v -0.2929 -0.1525 0.0475
v -0.2909 -0.1587 0.0689
v -0.2891 -0.1564 0.0336
v -0.2911 -0.1694 -0.0434
v -0.2873 -0.1403 0.0587
v -0.2932 -0.1434 0.0472
v -0.2979 -0.1704 0.0627
v -0.2899 -0.1670 -0.0441
v -0.2915 -0.1389 0.0079
v -0.2903 -0.1436 -0.0107
v -0.2896 -0.1493 0.0256
v -0.2917 -0.1570 0.0441
v -0.2887 -0.1446 0.0285
v -0.2896 -0.1687 -0.0094
v -0.2904 -0.1536 0.0082
v -0.2928 -0.1628 -0.0166
v -0.2889 -0.1401 0.0523
v -0.2912 -0.1705 0.0040
v -0.2893 -0.1467 0.0377
v -0.2936 -0.1703 0.0799
v -0.2903 -0.1374 0.0046
v -0.2864 -0.1495 0.0634
v -0.2906 -0.1426 0.0206
v -0.2889 -0.1395 -0.0204
v -0.2908 -0.1410 -0.0169
v -0.2897 -0.1462 0.0091
v -0.2808 -0.1703 0.0347
v -0.2898 -0.1546 0.0212
v -0.2881 -0.1615 -0.0557
v -0.2899 -0.1524 0.0731
v -0.2861 -0.1634 -0.0123
v -0.2906 -0.1487 0.0323
v -0.2923 -0.1704 0.0526
v -0.2853 -0.1531 0.0306
v -0.2896 -0.1390 -0.0096
v -0.2863 -0.1454 0.0140
v -0.2887 -0.1365 0.0351
v -0.2877 -0.1483 0.0022
v -0.2876 -0.1471 0.0449
v -0.2859 -0.1483 0.0165
v -0.2889 -0.1297 -0.0155
v -0.2880 -0.1505 -0.0118
v -0.2850 -0.1703 -0.0177
v -0.2814 -0.1580 0.0190
v -0.2899 -0.1579 0.0245
v -0.2874 -0.1529 0.0155
v -0.2888 -0.1473 0.0399
v -0.2849 -0.1450 0.0328
v -0.2841 -0.1701 -0.0444
v -0.2861 -0.1364 -0.0112
v -0.2872 -0.1582 -0.0113
v -0.2853 -0.1440 -0.0100
v -0.2890 -0.1406 0.0259
v -0.2864 -0.1352 -0.0171
v -0.2842 -0.1552 0.0814
v -0.2879 -0.1498 0.0725
v -0.2825 -0.1568 0.0182
v -0.2873 -0.1491 -0.0173
v -0.2865 -0.1478 0.0200
v -0.2876 -0.1349 0.0085
v -0.2876 -0.1416 0.0112
v -0.2897 -0.1560 0.0267
v -0.2893 -0.1592 -0.0249
v -0.2832 -0.1270 -0.0131
v -0.2885 -0.1698 -0.0678
v -0.2865 -0.1492 0.0354
v -0.2915 -0.1579 0.0789
v -0.2848 -0.1426 0.0259
v -0.2868 -0.1620 -0.0166
v -0.2825 -0.1522 0.0365
v -0.2848 -0.1592 0.0114
v -0.2888 -0.1645 0.0880
v -0.2878 -0.1576 -0.0167
v -0.2830 -0.1570 0.0530
v -0.2842 -0.1610 -0.0399
v -0.2841 -0.1583 -0.0327
v -0.2841 -0.1473 0.0217
v -0.2871 -0.1570 0.0625
v -0.2872 -0.1404 0.0452
v -0.2867 -0.1401 0.0306
v -0.2841 -0.1555 0.0328
v -0.2825 -0.1446 -0.0192
v -0.2817 -0.1434 0.0705
v -0.2851 -0.1525 0.0313
v -0.2831 -0.1401 0.0180
v -0.2808 -0.1659 -0.0437
v -0.2820 -0.1443 0.0155
v -0.2838 -0.1538 0.0297
v -0.2883 -0.1693 0.0936
v -0.2864 -0.1630 0.0037
v -0.2855 -0.1445 0.0648
v -0.2787 -0.1503 -0.0186
v -0.2835 -0.1434 -0.0006
v -0.2830 -0.1510 -0.0118
v -0.2832 -0.1550 0.0125
v -0.2843 -0.1390 -0.0211
v -0.2843 -0.1654 -0.0099
v -0.2847 -0.1567 0.0431
v -0.2807 -0.1386 0.0058
v -0.2836 -0.1440 -0.0061
v -0.2826 -0.1557 -0.0002
v -0.2836 -0.1522 0.0261
v -0.2844 -0.1513 0.0139
v -0.2813 -0.1527 0.0132
v -0.2811 -0.1696 0.0968
v -0.2840 -0.1703 0.0714
v -0.2824 -0.1502 0.0097
v -0.2817 -0.1489 0.0010
v -0.2820 -0.1487 0.0187
v -0.2821 -0.1603 0.0104
v -0.2842 -0.1644 -0.0064
v -0.2839 -0.1461 0.0110
v -0.2833 -0.1517 -0.0008
v -0.2808 -0.1443 -0.0057
v -0.2830 -0.1385 0.0118
v -0.2808 -0.1454 0.0071
v -0.2806 -0.1470 0.0033
v -0.2839 -0.1355 0.0056
v -0.2801 -0.1572 -0.0202
v -0.2822 -0.1519 0.0525
v -0.2817 -0.1592 -0.0006
v -0.2819 -0.1425 0.0557
v -0.2823 -0.1396 -0.0014
v -0.2801 -0.1402 0.0652
v -0.2824 -0.1558 -0.0029
v -0.2823 -0.1564 0.0310
v -0.2831 -0.1369 -0.0062
v -0.2815 -0.1371 -0.0226
v -0.2823 -0.1412 -0.0261
v -0.2793 -0.1452 -0.0234
v -0.2821 -0.1488 -0.0048
v -0.2802 -0.1600 -0.0677
v -0.2821 -0.1514 -0.0108
v -0.2819 -0.1690 -0.0746
v -0.2776 -0.1702 0.0858
v -0.2804 -0.1564 0.0394
v -0.2804 -0.1602 0.0069
v -0.2799 -0.1464 -0.0098
v -0.2808 -0.1465 -0.0591
v -0.2805 -0.1557 -0.0564
v -0.2780 -0.1668 0.0185
v -0.2813 -0.1663 0.0945
v -0.2800 -0.1421 0.0115
v -0.2794 -0.1451 -0.0178
v -0.2806 -0.1499 0.0770
v -0.2807 -0.1301 -0.0162
v -0.2797 -0.1669 0.0111
v -0.2754 -0.1517 -0.0096
v -0.2775 -0.1555 0.0803
v -0.2797 -0.1573 -0.0245
v -0.2694 -0.1703 0.0639
v -0.2797 -0.1411 -0.0032
v -0.2757 -0.1421 0.0436
v -0.2794 -0.1558 -0.0616
v -0.2768 -0.1405 0.0046
v -0.2778 -0.1558 0.0423
v -0.2814 -0.1595 0.0853
v -0.2760 -0.1585 0.0365
v -0.2800 -0.1599 -0.0302
v -0.2787 -0.1436 -0.0121
v -0.2815 -0.1701 -0.0324
v -0.2801 -0.1577 0.0016
v -0.2771 -0.1528 0.0005
v -0.2840 -0.1705 -0.0034
v -0.2782 -0.1378 -0.0049
v -0.2747 -0.1703 0.0491
v -0.2735 -0.1342 0.0629
v -0.2751 -0.1507 -0.0074
v -0.2732 -0.1408 0.0690
v -0.2758 -0.1415 0.0533
v -0.2799 -0.1359 -0.0327
v -0.2804 -0.1366 -0.0108
v -0.2786 -0.1500 -0.0159
v -0.2793 -0.1374 -0.0159
v -0.2773 -0.1417 -0.0059
v -0.2805 -0.1606 0.0881
v -0.2773 -0.1703 -0.0529
v -0.2773 -0.1555 -0.0341
v -0.2773 -0.1704 -0.0651
v -0.2791 -0.1582 0.0862
v -0.2776 -0.1613 0.0238
v -0.2785 -0.1472 -0.0287
v -0.2779 -0.1476 -0.0077
v -0.2780 -0.1615 -0.0376
v -0.2769 -0.1519 0.0045
v -0.2746 -0.1698 -0.0739
v -0.2788 -0.1419 -0.0361
v -0.2768 -0.1448 0.0714
v -0.2767 -0.1394 -0.0212
v -0.2734 -0.1692 0.1009
v -0.2741 -0.1475 -0.0050
v -0.2734 -0.1424 -0.0329
v -0.2758 -0.1385 -0.0273
v -0.2725 -0.1383 -0.0075
v -0.2740 -0.1497 0.0365
v -0.2781 -0.1565 -0.0009
v -0.2758 -0.1584 -0.0537
v -0.2734 -0.1546 -0.0059
v -0.2802 -0.1597 -0.0500
v -0.2748 -0.1703 -0.0100
v -0.2718 -0.1381 0.0654
v -0.2757 -0.1610 0.0295
v -0.2772 -0.1590 -0.0001
v -0.2733 -0.1472 -0.0608
v -0.2760 -0.1613 0.0859
v -0.2746 -0.1517 -0.0533
v -0.2727 -0.1632 -0.0710
v -0.2752 -0.1357 -0.0489
v -0.2730 -0.1616 0.0926
v -0.2738 -0.1513 0.0810
v -0.2778 -0.1654 -0.0416
v -0.2761 -0.1427 -0.0081
v -0.2726 -0.1564 -0.0597
v -0.2750 -0.1524 -0.0493
v -0.2760 -0.1664 0.0246
v -0.2743 -0.1569 -0.0170
v -0.2708 -0.1583 -0.0645
v -0.2745 -0.1519 -0.0452
v -0.2771 -0.1514 -0.0033
v -0.2726 -0.1704 -0.0260
v -0.2737 -0.1590 -0.0438
v -0.2734 -0.1494 -0.0290
v -0.2736 -0.1597 -0.0019
v -0.2718 -0.1575 -0.0234
v -0.2749 -0.1419 -0.0458
v -0.2740 -0.1595 0.0322
v -0.2738 -0.1372 -0.0361
v -0.2771 -0.1468 -0.0532
v -0.2730 -0.1476 -0.0353
v -0.2742 -0.1546 -0.0285
v -0.2712 -0.1572 -0.0537
v -0.2718 -0.1539 -0.0016
v -0.2693 -0.1461 -0.0263
v -0.2757 -0.1475 -0.0252
v -0.2696 -0.1545 -0.0041
v -0.2729 -0.1559 -0.0069
v -0.2726 -0.1621 0.0121
v -0.2646 -0.1454 0.0726
v -0.2722 -0.1568 -0.0473
v -0.2704 -0.1522 -0.0548
v -0.2736 -0.1370 -0.0413
v -0.2705 -0.1575 -0.0521
v -0.2755 -0.1517 0.0743
v -0.2691 -0.1354 -0.0484
v -0.2720 -0.1622 -0.0053
v -0.2702 -0.1462 0.0767
v -0.2679 -0.1497 -0.0347
v -0.2705 -0.1496 0.0274
v -0.2730 -0.1575 -0.0287
v -0.2711 -0.1605 -0.0529
v -0.2681 -0.1600 0.0905
v -0.2690 -0.1562 -0.0571
v -0.2716 -0.1593 -0.0552
v -0.2660 -0.1662 0.1019
v -0.2711 -0.1325 0.0584
v -0.2758 -0.1702 0.0189
v -0.2704 -0.1482 -0.0131
v -0.2724 -0.1474 -0.0165
v -0.2704 -0.1419 0.0310
v -0.2671 -0.1528 -0.0523
v -0.2687 -0.1559 0.0848
v -0.2714 -0.1443 0.0672
v -0.2673 -0.1394 0.0709
v -0.2711 -0.1542 -0.0178
v -0.2703 -0.1434 -0.0151
v -0.2695 -0.1687 -0.0727
v -0.2683 -0.1703 -0.0404
v -0.2690 -0.1573 -0.0303
v -0.2688 -0.1703 0.0743
v -0.2712 -0.1490 -0.0410
v -0.2705 -0.1373 -0.0503
v -0.2681 -0.1521 -0.0209
v -0.2697 -0.1422 -0.0247
v -0.2709 -0.1346 0.0547
v -0.2690 -0.1510 -0.0072
v -0.2728 -0.1570 -0.0017
v -0.2662 -0.1569 -0.0001
v -0.2668 -0.1703 0.0075
v -0.2690 -0.1322 -0.0429
v -0.2689 -0.1594 -0.0555
v -0.2657 -0.1502 -0.0038
v -0.2716 -0.1564 0.0884
v -0.2694 -0.1488 -0.0592
v -0.2648 -0.1703 -0.0044
v -0.2700 -0.1528 0.0775
v -0.2653 -0.1414 -0.0132
v -0.2690 -0.1378 0.0454
v -0.2678 -0.1578 -0.0039
v -0.2670 -0.1582 0.0085
v -0.2650 -0.1435 0.0699
v -0.2697 -0.1703 0.0332
v -0.2671 -0.1706 0.0897
v -0.2667 -0.1567 -0.0532
v -0.2631 -0.1469 -0.0197
v -0.2716 -0.1477 -0.0223
v -0.2679 -0.1529 -0.0077
v -0.2688 -0.1533 -0.0123
v -0.2680 -0.1545 -0.0302
v -0.2685 -0.1568 -0.0477
v -0.2701 -0.1599 0.0251
v -0.2669 -0.1348 -0.0544
v -0.2709 -0.1526 -0.0572
v -0.2680 -0.1602 -0.0041
v -0.2683 -0.1482 -0.0518
v -0.2674 -0.1413 0.0388
v -0.2658 -0.1484 -0.0163
v -0.2647 -0.1635 0.0978
v -0.2641 -0.1337 0.0579
v -0.2647 -0.1549 -0.0359
v -0.2670 -0.1369 -0.0597
v -0.2643 -0.1551 -0.0453
v -0.2654 -0.1370 -0.0466
v -0.2681 -0.1662 0.0166
v -0.2670 -0.1468 -0.0572
v -0.2639 -0.1168 0.0054
v -0.2660 -0.0769 0.0145
v -0.2616 -0.1703 -0.0549
v -0.2658 -0.1026 0.0099
v -0.2655 -0.1572 -0.0563
v -0.2617 -0.1704 -0.0725
v -0.2638 -0.1628 -0.0724
v -0.2670 -0.1140 0.0128
v -0.2635 -0.1575 0.0037
v -0.2660 -0.1526 0.0121
v -0.2670 -0.1450 -0.0563
v -0.2618 -0.1703 0.0197
v -0.2655 -0.1333 0.0541
v -0.2674 -0.1447 -0.0436
v -0.2664 -0.0842 0.0111
v -0.2665 -0.1579 -0.0502
v -0.2662 -0.1698 0.1038
v -0.2639 -0.1571 -0.0549
v -0.2649 -0.1502 -0.0367
v -0.2656 -0.1530 -0.0510
v -0.2659 -0.1383 0.0133
v -0.2632 -0.1568 0.0920
v -0.2661 -0.1292 0.0140
v -0.2583 -0.1703 -0.0260
v -0.2670 -0.1337 0.0502
v -0.2627 -0.1604 0.0157
v -0.2627 -0.0959 0.0048
v -0.2635 -0.1038 0.0162
v -0.2614 -0.1362 0.0559
v -0.2647 -0.1360 0.0634
v -0.2638 -0.1557 -0.0589
v -0.2643 -0.1522 -0.0622
v -0.2641 -0.1349 0.0429
v -0.2650 -0.1433 -0.0062
v -0.2678 -0.1606 -0.0613
v -0.2652 -0.1685 -0.0792
v -0.2635 -0.1475 -0.0493
v -0.2626 -0.1390 0.0044
v -0.2662 -0.1553 -0.0031
v -0.2635 -0.0754 0.0107
v -0.2656 -0.0920 0.0151
v -0.2652 -0.1491 -0.0408
v -0.2623 -0.0775 0.0035
v -0.2621 -0.1365 0.0364
v -0.2644 -0.1466 -0.0554
v -0.2668 -0.1669 0.0217
v -0.2610 -0.1424 -0.0623
v -0.2693 -0.1539 -0.0264
v -0.2637 -0.1377 -0.0663
v -0.2635 -0.1557 -0.0540
v -0.2622 -0.1377 -0.0746
v -0.2632 -0.1546 -0.0540
v -0.2628 -0.1538 -0.0553
v -0.2630 -0.1490 -0.0433
v -0.2628 -0.1547 -0.0549
v -0.2678 -0.1379 -0.0034
v -0.2658 -0.1468 0.0111
v -0.2583 -0.1493 -0.0568
v -0.2593 -0.1062 -0.0033
v -0.2610 -0.1322 0.0468
v -0.2627 -0.1445 -0.0695
v -0.2635 -0.1552 -0.0556
v -0.2617 -0.1537 -0.0550
v -0.2575 -0.1421 0.0235
v -0.2614 -0.1459 -0.0109
v -0.2614 -0.1364 0.0482
v -0.2596 -0.1596 -0.0034
v -0.2627 -0.1509 -0.0528
v -0.2609 -0.1483 -0.0502
v -0.2622 -0.1521 -0.0094
v -0.2610 -0.1534 -0.0498
v -0.2579 -0.1596 0.0979
v -0.2629 -0.1560 -0.0668
v -0.2620 -0.1454 0.0803
v -0.2588 -0.1327 0.0386
v -0.2608 -0.1565 -0.0713
v -0.2624 -0.1424 -0.0537
v -0.2628 -0.1460 -0.0363
v -0.2603 -0.1464 -0.0227
v -0.2621 -0.1440 -0.0642
v -0.2621 -0.1360 -0.0581
v -0.2659 -0.1507 0.0844
v -0.2611 -0.1555 0.0894
v -0.2610 -0.1511 0.0010
v -0.2601 -0.1379 -0.0029
v -0.2602 -0.1388 -0.0015
v -0.2621 -0.1579 -0.0654
v -0.2644 -0.1417 0.0262
v -0.2613 -0.1481 -0.0170
v -0.2620 -0.1524 -0.0721
v -0.2604 -0.1422 -0.0439
v -0.2555 -0.1703 0.0641
v -0.2630 -0.1399 -0.0188
v -0.2598 -0.1367 -0.0652
v -0.2565 -0.1356 -0.0715
v -0.2608 -0.1649 0.0999
v -0.2614 -0.1568 -0.0580
v -0.2575 -0.1396 -0.0621
v -0.2585 -0.1480 -0.0448
v -0.2562 -0.1429 -0.0706
v -0.2599 -0.1456 -0.0020
v -0.2590 -0.1539 -0.0587
v -0.2606 -0.1402 -0.0804
v -0.2601 -0.1559 -0.0029
v -0.2574 -0.1451 -0.0654
v -0.2625 -0.1485 0.0159
v -0.2575 -0.1514 0.0217
v -0.2583 -0.1532 -0.0555
v -0.2596 -0.1413 -0.0031
v -0.2632 -0.1276 0.0041
v -0.2578 -0.1655 0.1045
v -0.2574 -0.1564 -0.0646
v -0.2563 -0.1407 -0.0103
v -0.2587 -0.1395 0.0740
v -0.2592 -0.1262 0.0582
v -0.2601 -0.0788 0.0178
v -0.2542 -0.0774 0.0202
v -0.2574 -0.1360 -0.0802
v -0.2601 -0.1370 -0.0863
v -0.2594 -0.1404 -0.0349
v -0.2599 -0.1395 -0.0424
v -0.2566 -0.1480 -0.0352
v -0.2552 -0.1531 0.0844
v -0.2553 -0.1353 -0.0881
v -0.2592 -0.1534 -0.0633
v -0.2620 -0.1529 0.0809
v -0.2618 -0.1489 -0.0310
v -0.2604 -0.1694 -0.0840
v -0.2596 -0.1695 0.1077
v -0.2615 -0.1702 0.0488
v -0.2592 -0.1592 -0.0025
v -0.2573 -0.1227 -0.0081
v -0.2587 -0.1467 -0.0056
v -0.2585 -0.1422 -0.0271
v -0.2572 -0.1303 -0.0822
v -0.2577 -0.0782 -0.0067
v -0.2588 -0.1099 0.0518
v -0.2567 -0.1212 0.0497
v -0.2578 -0.1327 0.0473
v -0.2581 -0.1434 -0.0799
v -0.2597 -0.1514 0.0880
v -0.2572 -0.1444 -0.0321
v -0.2575 -0.1592 -0.0075
v -0.2574 -0.1541 -0.0087
v -0.2570 -0.1575 0.0196
v -0.2577 -0.0817 0.0536
v -0.2582 -0.1401 -0.0918
v -0.2542 -0.1335 0.0397
v -0.2556 -0.1565 0.0950
v -0.2574 -0.1556 -0.0065
v -0.2576 -0.1481 -0.0719
v -0.2577 -0.1256 -0.0866
v -0.2579 -0.1537 -0.0069
v -0.2551 -0.1596 -0.0097
v -0.2547 -0.1223 0.0617
v -0.2544 -0.0773 0.0443
v -0.2574 -0.1452 -0.0876
v -0.2604 -0.1567 -0.0652
v -0.2579 -0.0929 0.0188
v -0.2572 -0.0954 0.0515
v -0.2569 -0.1474 -0.0692
v -0.2543 -0.0900 0.0593
v -0.2566 -0.1599 -0.0790
v -0.2546 -0.1456 0.0761
v -0.2553 -0.0863 0.0475
v -0.2567 -0.1477 -0.0331
v -0.2558 -0.1526 -0.0748
v -0.2559 -0.1453 -0.0142
v -0.2563 -0.1453 -0.0440
v -0.2553 -0.1559 -0.0685
v -0.2554 -0.1534 -0.0132
v -0.2555 -0.1041 0.0584
v -0.2565 -0.1208 -0.0376
v -0.2554 -0.1526 -0.0573
v -0.2555 -0.1373 -0.0379
v -0.2598 -0.1378 0.0664
v -0.2531 -0.1454 -0.0518
v -0.2530 -0.1096 0.0459
v -0.2541 -0.1218 0.0454
v -0.2567 -0.1538 -0.0875
v -0.2567 -0.0910 -0.0077
v -0.2562 -0.1520 -0.0804
v -0.2562 -0.0734 0.0508
v -0.2567 -0.1307 -0.0380
v -0.2551 -0.1506 -0.0113
v -0.2549 -0.1407 0.0284
v -0.2542 -0.1460 0.0841
v -0.2568 -0.1223 0.0196
v -0.2543 -0.1505 -0.0338
v -0.2549 -0.1466 -0.0154
v -0.2557 -0.1377 -0.0427
v -0.2543 -0.1351 0.0507
v -0.2551 -0.1411 -0.0460
v -0.2564 -0.1318 0.0430
v -0.2572 -0.1401 -0.0196
v -0.2553 -0.1300 -0.0431
v -0.2450 -0.1409 0.0431
v -0.2547 -0.1456 0.0266
v -0.2549 -0.1561 0.0260
v -0.2573 -0.1185 0.0556
v -0.2543 -0.1439 -0.0780
v -0.2579 -0.1121 0.0192
v -0.2516 -0.1405 0.0377
v -0.2550 -0.1548 -0.0684
v -0.2541 -0.1149 0.0599
v -0.2534 -0.1503 -0.0335
v -0.2560 -0.1483 -0.0162
v -0.2547 -0.1513 -0.0164
v -0.2550 -0.1542 -0.0667
v -0.2559 -0.1440 -0.0453
v -0.2537 -0.1421 -0.0447
v -0.2552 -0.1654 -0.0885
v -0.2534 -0.1442 -0.0182
v -0.2544 -0.1449 -0.0160
v -0.2489 -0.1703 -0.0714
v -0.2542 -0.1413 -0.0330
v -0.2515 -0.0836 0.0593
v -0.2564 -0.1326 0.0624
v -0.2574 -0.1435 -0.0490
v -0.2537 -0.1410 -0.0258
v -0.2555 -0.1125 -0.0390
v -0.2548 -0.1511 -0.0492
v -0.2540 -0.1525 -0.0742
v -0.2532 -0.1474 -0.0336
v -0.2540 -0.1545 -0.0676
v -0.2517 -0.1130 -0.0336
v -0.2526 -0.1369 -0.0801
v -0.2538 -0.1109 -0.0152
v -0.2528 -0.1466 0.0870
v -0.2546 -0.1329 0.0556
v -0.2545 -0.0943 -0.0376
v -0.2514 -0.1578 0.0995
v -0.2556 -0.1570 -0.0770
v -0.2572 -0.1043 0.0497
v -0.2497 -0.1704 -0.0191
v -0.2545 -0.1187 -0.0430
v -0.2551 -0.1575 0.0203
v -0.2537 -0.1512 -0.0331
v -0.2537 -0.1551 -0.0336
v -0.2535 -0.1514 -0.0739
v -0.2541 -0.1000 -0.0358
v -0.2508 -0.1402 -0.0900
v -0.2534 -0.1464 -0.0176
v -0.2492 -0.1702 0.0742
v -0.2528 -0.1514 -0.0628
v -0.2512 -0.1395 0.0774
v -0.2533 -0.1426 -0.0167
v -0.2540 -0.1529 -0.0667
v -0.2511 -0.1400 -0.0449
v -0.2515 -0.0782 -0.0200
v -0.2517 -0.1551 -0.0697
v -0.2548 -0.1468 -0.0459
v -0.2512 -0.1703 0.0497
v -0.2524 -0.1682 0.1078
v -0.2510 -0.0941 -0.0452
v -0.2482 -0.0729 -0.0108
v -0.2526 -0.0716 0.0413
v -0.2524 -0.1291 -0.0824
v -0.2529 -0.1278 -0.0334
v -0.2450 -0.1414 0.0287
v -0.2475 -0.1343 -0.0317
v -0.2524 -0.1442 -0.0556
v -0.2503 -0.1426 -0.0586
v -0.2514 -0.1449 -0.0241
v -0.2536 -0.1697 -0.0914
v -0.2520 -0.0651 0.0336
v -0.2519 -0.0631 0.0281
v -0.2546 -0.1375 0.0206
v -0.2530 -0.0943 0.0467
v -0.2525 -0.1425 -0.0449
v -0.2497 -0.1352 -0.0850
v -0.2499 -0.0929 -0.0221
v -0.2512 -0.0817 0.0455
v -0.2520 -0.1275 0.0446
v -0.2516 -0.0740 0.0345
v -0.2489 -0.1534 -0.0737
v -0.2518 -0.1264 -0.0870
v -0.2489 -0.1241 -0.0268
v -0.2503 -0.1471 -0.0617
v -0.2505 -0.1358 0.0528
v -0.2518 -0.1330 -0.0207
v -0.2461 -0.1489 -0.0721
v -0.2479 -0.1703 -0.0013
v -0.2492 -0.1360 0.0573
v -0.2501 -0.1364 0.0564
v -0.2488 -0.0735 0.0577
v -0.2538 -0.1702 0.1009
v -0.2519 -0.1608 -0.0324
v -0.2516 -0.1006 -0.0487
v -0.2541 -0.0785 0.0604
v -0.2521 -0.0474 0.0274
v -0.2544 -0.1493 0.0874
v -0.2518 -0.1017 -0.0412
v -0.2485 -0.1308 -0.0460
v -0.2497 -0.0798 0.0339
v -0.2526 -0.1548 -0.0769
v -0.2468 -0.0937 0.0473
v -0.2519 -0.0546 0.0339
v -0.2511 -0.0408 0.0364
v -0.2511 -0.1188 0.0598
v -0.2491 -0.1428 -0.0315
v -0.2497 -0.1443 0.0786
v -0.2528 -0.1366 0.0605
v -0.2501 -0.1587 -0.0192
v -0.2509 -0.1506 -0.0319
v -0.2482 -0.0562 0.0243
v -0.2498 -0.1413 0.0816
v -0.2496 -0.1437 -0.0633
v -0.2487 -0.1607 -0.0237
v -0.2493 -0.1685 0.1046
v -0.2500 -0.1105 -0.0432
v -0.2528 -0.0383 0.0298
v -0.2496 -0.1560 -0.0251
v -0.2492 -0.1175 0.0469
v -0.2524 -0.0695 0.0512
v -0.2461 -0.1207 0.0609
v -0.2488 -0.1394 -0.0273
v -0.2492 -0.1045 0.0465
v -0.2485 -0.1339 0.0627
v -0.2491 -0.1482 -0.0290
v -0.2481 -0.1349 0.0576
v -0.2520 -0.0700 0.0100
v -0.2474 -0.1546 -0.0293
v -0.2478 -0.0503 0.0373
v -0.2466 -0.0763 -0.0256
v -0.2485 -0.1666 -0.0980
v -0.2463 -0.0835 -0.0301
v -0.2495 -0.1097 -0.0243
v -0.2449 -0.1378 -0.0731
v -0.2508 -0.1009 -0.0630
v -0.2498 -0.0944 -0.0633
v -0.2482 -0.0940 -0.0510
v -0.2479 -0.1363 0.0572
v -0.2447 -0.1445 0.0873
v -0.2486 -0.1515 -0.0300
v -0.2471 -0.1313 0.0478
v -0.2483 -0.0919 -0.0349
v -0.2462 -0.0794 0.0251
v -0.2462 -0.1047 -0.0530
v -0.2452 -0.0683 0.0496
v -0.2461 -0.0992 -0.0313
v -0.2472 -0.1573 -0.0316
v -0.2476 -0.0808 -0.0374
v -0.2489 -0.0998 -0.0584
v -0.2474 -0.1506 0.0930
v -0.2449 -0.1241 0.0462
v -0.2451 -0.1224 0.0263
v -0.2499 -0.0708 0.0265
v -0.2483 -0.0634 0.0375
v -0.2435 -0.1088 0.0494
v -0.2477 -0.1491 -0.0318
v -0.2474 -0.1168 -0.0315
v -0.2495 -0.1702 0.0200
v -0.2453 -0.1328 0.0447
v -0.2467 -0.0913 -0.0421
v -0.2491 -0.1613 -0.0881
v -0.2480 -0.1093 0.0610
v -0.2459 -0.0948 -0.0703
v -0.2500 -0.1703 -0.0467
v -0.2449 -0.1334 0.0599
v -0.2448 -0.0903 0.0563
v -0.2469 -0.1410 -0.0533
v -0.2472 -0.1180 -0.0492
v -0.2469 -0.1422 -0.0842
v -0.2468 -0.1597 -0.0241
v -0.2491 -0.0431 0.0238
v -0.2487 -0.1414 -0.0785
v -0.2420 -0.0821 0.0311
v -0.2450 -0.1587 -0.0285
v -0.2468 -0.0744 -0.0392
v -0.2461 -0.0754 0.0211
v -0.2449 -0.1281 0.0617
v -0.2452 -0.1490 0.0263
v -0.2473 -0.1635 0.0994
v -0.2445 -0.1039 0.0510
v -0.2490 -0.1580 0.0245
v -0.2474 -0.1625 -0.0311
v -0.2442 -0.0785 -0.0306
v -0.2453 -0.0329 0.0342
v -0.2461 -0.0681 -0.0410
v -0.2451 -0.0666 -0.0355
v -0.2435 -0.0921 -0.0642
v -0.2421 -0.1688 -0.1081
v -0.2442 -0.0895 0.0505
v -0.2452 -0.1564 0.0939
v -0.2449 -0.1428 -0.0715
v -0.2451 -0.0829 0.0483
v -0.2400 -0.1703 -0.0772
v -0.2455 -0.1354 0.0551
v -0.2446 -0.0885 0.0271
v -0.2432 -0.0674 0.0243
v -0.2460 -0.1179 0.0575
v -0.2471 -0.1004 0.0588
v -0.2427 -0.1419 -0.0638
v -0.2455 -0.0796 0.0411
v -0.2452 -0.1372 0.0253
v -0.2440 -0.0934 -0.0565
v -0.2459 -0.1530 0.0280
v -0.2438 -0.1696 0.1072
v -0.2449 -0.0794 0.0578
v -0.2463 -0.1504 -0.0851
v -0.2407 -0.0602 0.0355
v -0.2486 -0.1703 -0.0873
v -0.2463 -0.0326 0.0274
v -0.2423 -0.1703 0.0535
v -0.2504 -0.1703 0.0869
v -0.2462 -0.1690 -0.1017
v -0.2438 -0.1328 0.0555
v -0.2410 -0.1359 0.0476
v -0.2438 -0.1189 0.0532
v -0.2384 -0.0661 -0.0305
v -0.2431 -0.1368 -0.0793
v -0.2430 -0.1367 0.0588
v -0.2430 -0.1553 0.0855
v -0.2433 -0.0754 -0.0487
v -0.2436 -0.1025 -0.0609
v -0.2425 -0.1376 0.0681
v -0.2443 -0.1107 -0.0573
v -0.2410 -0.1353 -0.0645
v -0.2428 -0.1316 0.0531
v -0.2408 -0.0692 0.0412
v -0.2407 -0.1399 -0.0812
v -0.2403 -0.1342 0.0589
v -0.2430 -0.1290 -0.0730
v -0.2433 -0.1297 -0.0773
v -0.2399 -0.1701 -0.0383
v -0.2463 -0.0674 0.0385
v -0.2416 -0.0398 0.0234
v -0.2415 -0.0753 0.0489
v -0.2457 -0.1592 -0.0839
v -0.2448 -0.1378 0.0797
v -0.2374 -0.1415 0.0482
v -0.2427 -0.1236 -0.0612
v -0.2433 -0.0470 0.0244
v -0.2398 -0.1398 0.0741
v -0.2392 -0.1112 -0.0701
v -0.2509 -0.1703 0.0346
v -0.2398 -0.1397 -0.0721
v -0.2417 -0.1204 -0.0724
v -0.2405 -0.1141 -0.0760
v -0.2394 -0.1031 -0.0686
v -0.2411 -0.1061 -0.0731
v -0.2416 -0.1015 -0.0712
v -0.2398 -0.0934 -0.0605
v -0.2417 -0.1416 0.0363
v -0.2416 -0.1651 0.1063
v -0.2354 -0.0403 0.0247
v -0.2417 -0.1447 -0.0801
v -0.2400 -0.1494 -0.0812
v -0.2401 -0.0507 -0.0160
v -0.2390 -0.0626 -0.0150
v -0.2418 -0.0911 -0.0547
v -0.2354 -0.1387 0.0334
v -0.2381 -0.1232 -0.0768
v -0.2436 -0.0618 0.0241
v -0.2380 -0.0658 -0.0578
v -0.2397 -0.1035 -0.0762
v -0.2383 -0.0742 0.0397
v -0.2399 -0.0704 -0.0162
v -0.2385 -0.0754 -0.0276
v -0.2391 -0.0632 -0.0243
v -0.2382 -0.0534 0.0304
v -0.2298 -0.1634 0.1095
v -0.2389 -0.0443 -0.0273
v -0.2413 -0.0399 0.0378
v -0.2390 -0.1620 0.0921
v -0.2342 -0.1156 0.0336
v -0.2425 -0.1113 0.0287
v -0.2392 -0.0306 0.0312
v -0.2400 -0.1703 0.0089
v -0.2359 -0.1088 -0.0757
v -0.2392 -0.1314 -0.0719
v -0.2392 -0.0655 0.0272
v -0.2401 -0.0679 -0.0045
v -0.2395 -0.0319 0.0264
v -0.2371 -0.0932 -0.0752
v -0.2390 -0.0931 -0.0707
v -0.2406 -0.1422 0.0327
v -0.2367 -0.0614 -0.0373
v -0.2405 -0.1423 -0.0782
v -0.2390 -0.0680 0.0388
v -0.2383 -0.1217 -0.0700
v -0.2374 -0.0445 0.0319
v -0.2381 -0.0609 -0.0462
v -0.2347 -0.1414 -0.0799
v -0.2348 -0.0747 -0.0684
v -0.2437 -0.1335 0.0296
v -0.2382 -0.1321 -0.0771
v -0.2454 -0.1008 0.0266
v -0.2372 -0.0782 0.0357
v -0.2430 -0.1702 0.0975
v -0.2362 -0.0666 0.0486
v -0.2353 -0.1626 0.0856
v -0.2375 -0.0698 0.0196
v -0.2375 -0.1409 0.0384
v -0.2421 -0.0452 0.0363
v -0.2389 -0.0811 -0.0600
v -0.2373 -0.0941 -0.0664
v -0.2350 -0.1676 0.1148
v -0.2372 -0.0570 0.0412
v -0.2384 -0.0622 0.0323
v -0.2374 -0.1353 0.0542
v -0.2371 -0.0758 0.0430
v -0.2353 -0.0574 -0.0340
v -0.2357 -0.1390 0.0486
v -0.2372 -0.1703 -0.0625
v -0.2322 -0.0564 -0.0099
v -0.2330 -0.1596 -0.0799
v -0.2343 -0.0374 -0.0099
v -0.2369 -0.1597 -0.0807
v -0.2390 -0.0411 -0.0193
v -0.2363 -0.1339 0.0387
v -0.2343 -0.0429 0.0291
v -0.2338 -0.0670 -0.0673
v -0.2362 -0.0343 0.0372
v -0.2356 -0.1284 -0.0799
v -0.2343 -0.1159 -0.0803
v -0.2350 -0.0830 0.0418
v -0.2345 -0.1703 0.0208
v -0.2363 -0.1702 -0.0999
v -0.2341 -0.1290 0.0341
v -0.2352 -0.1137 0.0396
v -0.2344 -0.1227 0.0340
v -0.2342 -0.1031 0.0337
v -0.2382 -0.1491 0.0814
v -0.2353 -0.1072 0.0397
v -0.2367 -0.1700 0.1119
v -0.2329 -0.0559 0.0491
v -0.2340 -0.0841 0.0332
v -0.2352 -0.0946 0.0409
v -0.2309 -0.1627 0.0784
v -0.2344 -0.1406 0.0648
v -0.2347 -0.1440 0.0758
v -0.2383 -0.1597 -0.0954
v -0.2347 -0.0852 -0.0676
v -0.2376 -0.0422 -0.0120
v -0.2362 -0.0365 -0.0261
v -0.2319 -0.1401 0.0539
v -0.2332 -0.0767 0.0518
v -0.2308 -0.0841 0.0493
v -0.2336 -0.1281 0.0449
v -0.2268 -0.1087 -0.0737
v -0.2324 -0.0555 0.0398
v -0.2368 -0.1703 0.0835
v -0.2254 -0.1704 0.0861
v -0.2300 -0.1703 -0.1141
v -0.2300 -0.1560 -0.0794
v -0.2324 -0.1155 0.0473
v -0.2312 -0.0647 -0.0013
v -0.2353 -0.1683 -0.1155
v -0.2312 -0.1271 -0.0781
v -0.2289 -0.0581 -0.0561
v -0.2340 -0.0690 0.0252
v -0.2334 -0.0925 -0.0685
v -0.2338 -0.0386 0.0362
v -0.2330 -0.0391 -0.0347
v -0.2315 -0.1631 -0.1140
v -0.2285 -0.1373 0.0529
v -0.2325 -0.0674 -0.0110
v -0.2335 -0.0357 0.0224
v -0.2306 -0.1507 -0.0783
v -0.2297 -0.1702 -0.0545
v -0.2354 -0.1703 -0.0193
v -0.2314 -0.0569 -0.0472
v -0.2288 -0.1417 0.0565
v -0.2333 -0.1702 0.0709
v -0.2346 -0.0654 0.0103
v -0.2336 -0.1120 -0.0767
v -0.2349 -0.0563 0.0271
v -0.2315 -0.0309 -0.0095
v -0.2315 -0.0954 -0.0738
v -0.2310 -0.0429 -0.0058
v -0.2329 -0.0260 0.0323
v -0.2318 -0.1578 -0.1049
v -0.2313 -0.1703 -0.0916
v -0.2318 -0.0319 -0.0189
v -0.2266 -0.0310 0.0381
v -0.2338 -0.0480 -0.0363
v -0.2278 -0.0867 -0.0668
v -0.2288 -0.1703 0.0400
v -0.2264 -0.0577 0.0232
v -0.2317 -0.1634 0.0903
v -0.2283 -0.0803 0.0540
v -0.2289 -0.1620 0.0744
v -0.2281 -0.0400 0.0208
v -0.2273 -0.1481 -0.0834
v -0.2271 -0.0343 -0.0044
v -0.2231 -0.1703 -0.0693
v -0.2283 -0.0365 0.0136
v -0.2262 -0.0960 -0.0729
v -0.2283 -0.0777 -0.0671
v -0.2266 -0.0304 0.0102
v -0.2303 -0.1418 0.0681
v -0.2281 -0.0278 0.0234
v -0.2247 -0.0661 0.0159
v -0.2278 -0.0405 0.0028
v -0.2262 -0.1703 -0.0306
v -0.2296 -0.0575 0.0004
v -0.2198 -0.0560 0.0571
v -0.2280 -0.0318 0.0201
v -0.2278 -0.0364 0.0030
v -0.2294 -0.0531 -0.0398
v -0.2279 -0.1528 -0.0956
v -0.2224 -0.0421 0.0146
v -0.2259 -0.0407 0.0106
v -0.2276 -0.1666 0.1193
v -0.2241 -0.0261 0.0300
v -0.2240 -0.1703 0.0302
v -0.2236 -0.0433 0.0060
v -0.2295 -0.1514 0.0710
v -0.2197 -0.0286 0.0145
v -0.2283 -0.0685 0.0216
v -0.2318 -0.1703 0.1048
v -0.2224 -0.1426 0.0727
v -0.2241 -0.0388 -0.0331
v -0.2306 -0.0604 0.0537
v -0.2248 -0.1266 -0.0755
v -0.2261 -0.1514 -0.0863
v -0.2249 -0.1639 0.0765
v -0.2276 -0.1703 -0.0007
v -0.2249 -0.0527 -0.0468
v -0.2247 -0.1691 -0.1228
v -0.2237 -0.0952 -0.0770
v -0.2267 -0.1450 -0.0758
v -0.2247 -0.0645 -0.0641
v -0.2229 -0.0653 0.0025
v -0.2259 -0.0789 -0.0736
v -0.2269 -0.1703 -0.0827
v -0.2219 -0.0572 -0.0568
v -0.2249 -0.1376 -0.0759
v -0.2196 -0.0904 -0.0871
v -0.2245 -0.1132 -0.0751
v -0.2253 -0.0400 0.0371
v -0.2233 -0.0278 -0.0059
v -0.2192 -0.0400 0.0314
v -0.2234 -0.1392 0.0612
v -0.2291 -0.1017 0.0510
v -0.2208 -0.1485 -0.0874
v -0.2232 -0.0659 0.0092
v -0.2211 -0.0512 0.0123
v -0.2160 -0.1702 0.0155
v -0.2225 -0.1289 0.0536
v -0.2231 -0.0287 0.0021
v -0.2240 -0.0443 -0.0413
v -0.2267 -0.1703 0.0970
v -0.2291 -0.1703 0.0579
v -0.2266 -0.0695 0.0566
v -0.2207 -0.1160 -0.0846
v -0.2194 -0.1229 -0.0883
v -0.2221 -0.1451 -0.0821
v -0.2238 -0.0346 -0.0269
v -0.2216 -0.0740 -0.0645
v -0.2220 -0.0451 -0.0525
v -0.2217 -0.0568 0.0227
v -0.2236 -0.1693 0.1239
v -0.2196 -0.1658 0.1244
v -0.2273 -0.1632 0.0988
v -0.2208 -0.0376 -0.0462
v -0.2177 -0.0277 -0.0190
v -0.2215 -0.0264 -0.0357
v -0.2241 -0.0280 0.0126
v -0.2197 -0.1576 -0.1179
v -0.2243 -0.0427 0.0260
v -0.2222 -0.0222 -0.0254
v -0.2245 -0.1194 0.0534
v -0.2187 -0.0778 -0.0914
v -0.2201 -0.0541 0.0056
v -0.2192 -0.0743 -0.0770
v -0.2177 -0.0072 -0.0242
v -0.2202 -0.0297 0.0238
v -0.2229 -0.0276 -0.0132
v -0.2190 -0.0421 0.0179
v -0.2210 -0.1661 -0.1237
v -0.2165 -0.0605 0.0583
v -0.2187 -0.1703 -0.1037
v -0.2180 -0.1365 0.0561
v -0.2194 -0.0308 -0.0515
v -0.2146 -0.0502 -0.0653
v -0.2178 -0.1696 0.1179
v -0.2243 -0.0553 0.0293
v -0.2206 -0.0763 -0.0841
v -0.2182 -0.1642 0.1167
v -0.2136 -0.0261 -0.0161
v -0.2189 -0.0792 0.0569
v -0.2199 -0.1615 0.0771
v -0.2281 -0.1701 0.1190
v -0.2211 -0.1519 -0.1069
v -0.2185 -0.1649 0.0889
v -0.2185 -0.0706 -0.0628
v -0.2236 -0.0859 0.0536
v -0.2163 -0.1465 -0.0977
v -0.2159 -0.0271 0.0074
v -0.2200 -0.1647 0.0822
v -0.2192 -0.1414 0.0635
v -0.2147 -0.0413 0.0232
v -0.2190 -0.0326 0.0345
v -0.2196 -0.0647 0.0606
v -0.2206 -0.0091 -0.0300
v -0.2214 -0.1002 0.0538
v -0.2185 -0.1360 -0.0903
v -0.2169 -0.0556 0.0447
v -0.2182 -0.1702 0.1042
v -0.2177 -0.0425 0.0106
v -0.2144 -0.0197 0.0053
v -0.2212 -0.1702 -0.0459
v -0.2166 -0.0389 0.0202
v -0.2171 -0.0706 0.0591
v -0.2182 -0.0252 -0.0014
v -0.2119 -0.1587 -0.1241
v -0.2184 -0.0122 -0.0430
v -0.2172 -0.0210 -0.0497
v -0.2166 -0.0196 -0.0048
v -0.2176 -0.1540 0.0692
v -0.2090 -0.1703 -0.0918
v -0.2182 -0.0629 -0.0632
v -0.2178 -0.1053 -0.0921
v -0.2193 -0.0547 0.0251
v -0.2146 -0.1661 0.1094
v -0.2163 -0.0903 -0.0957
v -0.2137 -0.0837 -0.1032
v -0.2172 -0.1667 0.0948
v -0.2092 -0.0675 0.0578
v -0.2173 -0.1702 0.1270
v -0.2148 -0.1665 0.0889
v -0.2147 -0.1668 0.1010
v -0.2151 -0.1336 -0.0990
v -0.2135 -0.1703 -0.0642
v -0.2167 -0.0129 0.0021
v -0.2169 -0.0349 -0.0584
v -0.2138 -0.0830 0.0532
v -0.2134 -0.0199 -0.0159
v -0.2132 -0.0107 -0.0093
v -0.2111 -0.0485 0.0310
v -0.2154 -0.1687 -0.1279
v -0.2143 -0.0928 0.0527
v -0.2131 -0.1703 -0.0816
v -0.2142 -0.1102 0.0528
v -0.2105 -0.1667 0.0821
v -0.2183 -0.1703 0.0674
v -0.2159 -0.1630 0.0756
v -0.2112 -0.1703 -0.0084
v -0.2134 -0.1605 0.0985
v -0.2154 -0.1677 0.1303
v -0.2119 -0.0098 0.0084
v -0.2123 -0.1445 -0.1086
v -0.2091 -0.0558 0.0542
v -0.2117 -0.0054 -0.0302
v -0.2133 -0.0312 0.0158
v -0.2138 -0.0769 -0.1006
v -0.2105 -0.0978 -0.1088
v -0.2069 -0.0714 -0.0934
v -0.2128 -0.0011 -0.0024
v -0.2135 -0.1498 0.0622
v -0.2145 -0.1521 -0.1167
v -0.2160 -0.1703 -0.0354
v -0.2147 -0.1611 0.1188
v -0.2161 -0.1703 -0.0183
v -0.2138 -0.1157 -0.1021
v -0.2097 -0.1703 -0.1118
v -0.2125 -0.0700 -0.0688
v -0.2104 -0.1602 0.0632
v -0.2138 -0.0177 0.0168
v -0.2141 -0.0339 0.0186
v -0.2099 -0.0133 -0.0586
v -0.2116 -0.0621 -0.0698
v -0.2131 -0.1412 0.0549
v -0.2078 -0.0692 -0.0792
v -0.2135 -0.1653 0.1139
v -0.2078 -0.0838 0.0503
v -0.2072 -0.1702 0.0250
v -0.2122 -0.1703 -0.1232
v -0.2164 -0.1703 0.0559
v -0.2105 -0.1210 -0.1106
v -0.2119 -0.1647 0.1266
v -0.2145 -0.0259 0.0131
v -0.2084 -0.1702 0.0390
v -0.2121 -0.0096 -0.0473
v -0.2095 -0.0782 -0.1148
v -0.2122 0.0011 0.0047
v -0.2098 -0.0066 -0.0175
v -0.2028 -0.0618 -0.0697
v -0.2067 -0.1409 -0.1204
v -0.2083 -0.0931 0.0498
v -0.2138 -0.1279 0.0517
v -0.2097 -0.1310 -0.1137
v -0.2091 0.0031 -0.0049
v -0.2088 -0.0099 0.0179
v -0.2055 -0.1665 0.0758
v -0.2032 -0.1624 0.1166
v -0.2086 -0.0021 0.0148
v -0.2085 -0.0551 0.0344
v -0.2028 -0.1559 -0.1286
v -0.2038 -0.0293 0.0184
v -0.2081 -0.0449 -0.0719
v -0.2069 -0.1424 0.0511
v -0.2079 -0.1240 0.0498
v -0.2078 -0.1083 0.0499
v -0.2085 -0.0396 -0.0709
v -0.2063 -0.0035 -0.0240
v -0.2055 -0.1703 0.0596
v -0.2004 -0.1586 0.1206
v -0.2104 -0.1594 0.1226
v -0.2078 -0.1326 0.0492
v -0.2110 -0.1634 0.1335
v -0.2093 -0.1635 0.0668
v -0.2100 -0.0180 -0.0612
v -0.2090 -0.0294 -0.0660
v -0.2110 -0.1703 0.0023
v -0.2055 -0.1426 0.0538
v -0.2047 -0.1703 -0.0592
v -0.2048 -0.1183 0.0543
v -0.2063 -0.1474 0.0540
v -0.2056 -0.0869 -0.1214
v -0.2069 -0.0009 0.0093
v -0.1937 -0.1703 -0.0056
v -0.2052 0.0009 -0.0195
v -0.1951 -0.1609 0.0870
v -0.2063 -0.0680 -0.0697
v -0.2050 -0.0366 0.0295
v -0.2046 -0.1642 0.1079
v -0.2053 0.0036 0.0058
v -0.2053 -0.1609 0.0830
v -0.2048 -0.1591 0.0969
v -0.2048 -0.1570 0.0547
v -0.2056 -0.0061 -0.0420
v -0.2060 -0.1050 -0.1190
v -0.1987 -0.1703 0.0334
v -0.2042 -0.1581 0.1282
v -0.2020 -0.0029 -0.0304
v -0.2047 -0.1703 -0.0363
v -0.2054 0.0057 0.0151
v -0.2026 -0.1597 0.1052
v -0.1931 -0.1702 -0.0391
v -0.2026 -0.1675 0.0690
v -0.2053 -0.0778 -0.1222
v -0.2000 -0.0563 0.0465
v -0.1996 -0.1648 0.0601
v -0.2041 -0.0796 0.0548
v -0.2050 -0.0918 0.0545
v -0.2021 -0.1337 0.0560
v -0.1980 -0.1702 -0.0162
v -0.2046 -0.1620 0.0571
v -0.2032 -0.1245 -0.1222
v -0.2026 -0.0663 0.0533
v -0.2014 -0.0009 0.0185
v -0.1989 -0.1074 0.0552
v -0.2057 -0.1155 -0.1208
v -0.1996 -0.1703 0.0096
v -0.2010 -0.1629 0.1402
v -0.2018 -0.0225 0.0225
v -0.2063 -0.1689 -0.1330
v -0.1956 0.0023 -0.0182
v -0.2021 -0.0719 -0.1082
v -0.2023 -0.0100 -0.0570
v -0.2021 -0.0570 0.0527
v -0.1989 -0.1702 -0.0741
v -0.1998 -0.1382 0.0556
v -0.1978 -0.0568 0.0378
v -0.1959 -0.1626 0.1126
v -0.1989 -0.1702 0.1420
v -0.1950 -0.1624 0.1410
v -0.1998 -0.1692 0.1459
v -0.2037 -0.1608 0.1309
v -0.2023 -0.1659 0.0715
v -0.1992 -0.0912 0.0556
v -0.1974 -0.1514 -0.1282
v -0.1996 -0.0519 -0.0710
v -0.1911 -0.0547 -0.0759
v -0.1988 -0.1523 0.0559
v -0.1975 -0.1516 0.0473
v -0.1978 -0.1088 -0.1214
v -0.2000 -0.0772 0.0545
v -0.2014 -0.0899 -0.1221
v -0.1983 -0.0336 -0.0691
v -0.1985 -0.0787 0.0488
v -0.1997 -0.1703 -0.1018
v -0.1979 -0.1691 0.0616
v -0.1977 -0.1705 0.0569
v -0.1988 -0.1122 0.0547
v -0.1940 -0.0506 0.0572
v -0.1991 -0.1575 0.0563
v -0.1985 -0.1210 0.0548
v -0.1982 -0.0976 0.0545
v -0.1967 -0.1625 0.0677
v -0.1977 -0.1570 0.0483
v -0.1964 -0.0837 0.0512
v -0.1986 -0.0464 0.0361
v -0.1981 -0.1324 0.0535
v -0.1955 -0.0436 0.0568
v -0.1994 -0.0242 -0.0646
v -0.1971 -0.0733 0.0553
v -0.1966 -0.0119 -0.0636
v -0.1973 -0.1423 0.0533
v -0.1970 -0.0962 0.0479
v -0.1984 -0.0901 0.0466
v -0.1973 -0.1173 0.0479
v -0.1982 -0.1060 0.0479
v -0.2035 -0.1703 0.0527
v -0.1910 -0.1700 0.0537
v -0.1969 -0.0362 0.0316
v -0.1939 0.0060 0.0134
v -0.1989 -0.0497 0.0526
v -0.1976 -0.1361 0.0472
v -0.1932 -0.1654 -0.1404
v -0.1954 -0.1664 0.1480
v -0.1956 -0.0821 0.0484
v -0.1963 -0.1459 0.0487
v -0.1942 -0.0525 0.0387
v -0.1931 -0.1569 0.0479
v -0.1978 -0.1254 0.0479
v -0.1879 -0.0371 0.0336
v -0.1967 -0.0107 0.0266
v -0.1932 -0.0755 0.0516
v -0.1983 -0.1668 0.1413
v -0.1904 -0.1598 0.1061
v -0.1936 -0.1578 0.1293
v -0.1941 -0.1633 0.0619
v -0.1972 -0.0764 -0.1213
v -0.1909 -0.0830 0.0467
v -0.1963 -0.0324 0.0275
v -0.1953 -0.1706 0.1453
v -0.1902 -0.0347 -0.0759
v -0.1894 -0.1703 -0.1089
v -0.1970 -0.1350 -0.1231
v -0.1930 -0.0775 0.0476
v -0.1931 -0.1501 0.0487
v -0.1875 -0.1606 0.1233
v -0.1956 0.0047 0.0192
v -0.1949 -0.0605 0.0550
v -0.1981 -0.0453 -0.0714
v -0.1961 -0.0665 -0.0917
v -0.1972 -0.1696 -0.1394
v -0.1935 -0.1070 0.0415
v -0.1933 -0.1021 0.0377
v -0.1902 -0.1004 0.0478
v -0.1934 -0.1571 0.0418
v -0.1929 -0.1318 0.0376
v -0.1935 -0.1255 0.0375
v -0.1936 -0.1013 0.0488
v -0.1931 -0.1326 0.0490
v -0.1924 -0.1703 -0.0505
v -0.1922 -0.0905 -0.1202
v -0.1931 -0.1311 0.0415
v -0.1932 -0.1486 0.0409
v -0.1930 -0.1217 0.0409
v -0.1929 -0.1427 0.0365
v -0.1930 -0.0881 0.0371
v -0.1933 -0.1438 0.0388
v -0.1910 -0.1570 0.0371
v -0.1932 -0.0921 0.0415
v -0.1901 -0.1371 0.0371
v -0.1922 -0.0830 0.0360
v -0.1896 -0.0451 0.0392
v -0.1895 -0.1705 0.1449
v -0.1927 -0.1355 0.0371
v -0.1978 -0.1601 0.1373
v -0.1907 -0.1448 0.0369
v -0.1889 -0.1203 0.0488
v -0.1910 -0.1311 0.0382
v -0.1952 -0.1418 0.0502
v -0.1864 -0.1654 0.1519
v -0.1942 -0.0012 0.0261
v -0.1940 -0.1636 0.1174
v -0.1920 -0.0215 -0.0744
v -0.1925 -0.0698 0.0477
v -0.1935 -0.0929 0.0495
v -0.1922 -0.1112 0.0369
v -0.1897 -0.0645 0.0468
v -0.1938 -0.0065 -0.0447
v -0.1963 -0.1703 0.0447
v -0.1943 -0.0654 -0.0746
v -0.1908 -0.1172 0.0426
v -0.1906 -0.1484 0.0400
v -0.1930 -0.1619 0.0755
v -0.1940 -0.1577 0.0573
v -0.1918 -0.1521 0.0363
v -0.1913 -0.0781 0.0430
v -0.1910 -0.1253 0.0414
v -0.1929 -0.1701 0.1497
v -0.1897 -0.0642 -0.0816
v -0.1895 -0.1616 0.1422
v -0.1901 -0.1045 0.0427
v -0.1966 -0.1013 -0.1215
v -0.1867 -0.0776 -0.1191
v -0.1912 -0.1382 0.0477
v -0.1914 -0.1235 0.0485
v -0.1916 -0.0909 0.0364
v -0.1905 -0.1167 0.0482
v -0.1911 -0.1330 0.0363
v -0.1907 -0.1496 0.0428
v -0.1839 -0.1702 -0.0960
v -0.1922 -0.1383 0.0395
v -0.1921 -0.0088 -0.0586
v -0.1911 -0.0875 0.0417
v -0.1872 -0.1297 0.0392
v -0.1898 -0.1237 0.0371
v -0.1901 -0.1193 0.0369
v -0.1905 -0.1323 0.0419
v -0.1997 0.0054 -0.0012
v -0.1923 -0.0787 0.0367
v -0.1855 -0.1179 0.0448
v -0.1911 -0.1014 0.0425
v -0.1862 -0.0712 0.0450
v -0.1901 -0.1574 0.0439
v -0.1891 -0.1451 0.0476
v -0.1882 -0.0124 -0.0727
v -0.1919 -0.0104 -0.0681
v -0.1937 -0.1703 -0.1228
v -0.1892 -0.1700 0.1523
v -0.1961 -0.1429 -0.1246
v -0.1944 -0.1703 -0.0850
v -0.1807 -0.1703 0.0410
v -0.1884 -0.1370 0.0393
v -0.1902 -0.1647 0.1123
v -0.1898 -0.0973 0.0491
v -0.1914 -0.0395 0.0510
v -0.1891 -0.1406 0.0386
v -0.1856 -0.1605 0.0975
v -0.1896 -0.0757 0.0495
v -0.1889 -0.0724 0.0502
v -0.1887 -0.0052 0.0289
v -0.1892 -0.0931 0.0437
v -0.1894 -0.1025 0.0379
v -0.1887 -0.1702 -0.0291
v -0.1881 -0.1397 0.0414
v -0.1849 -0.1570 -0.1338
v -0.1877 -0.0449 0.0587
v -0.1884 0.0051 0.0015
v -0.1887 -0.0794 0.0389
v -0.1891 -0.0411 -0.0768
v -0.1898 -0.1137 0.0396
v -0.1865 -0.1392 0.0456
v -0.1825 -0.1626 0.0675
v -0.1842 -0.1614 0.0872
v -0.1894 -0.1152 -0.1202
v -0.1906 -0.0023 -0.0315
v -0.1880 -0.0564 0.0476
v -0.1869 -0.0579 0.0451
v -0.1870 -0.1703 0.0174
v -0.1873 -0.1702 -0.0625
v -0.1885 0.0000 0.0241
v -0.1880 -0.0489 0.0539
v -0.1869 -0.1062 0.0390
v -0.1898 -0.1514 0.0386
v -0.1852 -0.0953 0.0510
v -0.1902 -0.1614 0.1323
v -0.1862 -0.1434 0.0512
v -0.1867 -0.0600 0.0505
v -0.1864 -0.0415 -0.0819
v -0.1901 -0.0923 0.0390
v -0.1858 -0.1228 0.0393
v -0.1855 -0.0531 -0.0899
v -0.1875 -0.1174 0.0386
v -0.1885 -0.0859 0.0390
v -0.1865 -0.0590 0.0436
v -0.1866 -0.1578 0.0612
v -0.1817 -0.1357 0.0408
v -0.1831 -0.0721 0.0404
v -0.1895 -0.0335 0.0591
v -0.1874 -0.1221 0.0472
v -0.1840 -0.1228 0.0520
v -0.1853 -0.1622 0.1143
v -0.1877 -0.0255 0.0327
v -0.1865 -0.0538 0.0477
v -0.1831 -0.1616 0.1348
v -0.1856 -0.1017 0.0453
v -0.1871 -0.1493 -0.1250
v -0.1856 -0.0922 0.0486
v -0.1849 -0.1179 0.0501
v -0.1865 -0.0157 0.0298
v -0.1850 -0.0569 0.0440
v -0.1816 -0.1702 -0.0214
v -0.1887 -0.0695 0.0382
v -0.1938 -0.1238 -0.1215
v -0.1822 -0.0233 -0.0756
v -0.1836 -0.0528 0.0407
v -0.1830 -0.0265 0.0626
v -0.1870 -0.0945 0.0445
v -0.1859 -0.0343 0.0489
v -0.1861 -0.0772 0.0444
v -0.1847 -0.0171 0.0366
v -0.1853 -0.1053 0.0494
v -0.1856 -0.0670 0.0468
v -0.1847 -0.1130 0.0489
v -0.1870 -0.0653 -0.0922
v -0.1847 -0.0790 0.0499
v -0.1832 -0.0700 0.0493
v -0.1846 -0.0380 0.0400
v -0.1827 -0.0628 0.0500
v -0.1846 -0.0098 0.0400
v -0.1843 -0.1690 0.1568
v -0.1852 -0.0400 0.0609
v -0.1812 -0.0332 0.0422
v -0.1794 -0.1493 -0.1233
v -0.1804 -0.1511 0.0417
v -0.1844 -0.0536 0.0442
v -0.1799 -0.1176 0.0497
v -0.1847 -0.1253 0.0444
v -0.1828 0.0034 0.0259
v -0.1804 -0.1703 0.0283
v -0.1791 -0.0429 0.0478
v -0.1854 -0.1320 0.0460
v -0.1845 -0.0579 0.0398
v -0.1858 -0.1691 -0.1428
v -0.1840 -0.1338 0.0505
v -0.1833 -0.0110 0.0306
v -0.1838 -0.0740 -0.1122
v -0.1750 -0.1703 0.0491
v -0.1840 -0.0482 0.0486
v -0.1838 -0.0432 -0.0896
v -0.1839 -0.1703 -0.1355
v -0.1837 -0.1611 0.1444
v -0.1810 -0.1000 0.0417
v -0.1817 -0.0069 0.0280
v -0.1816 -0.0916 -0.1180
v -0.1869 -0.1649 0.1449
v -0.1801 -0.1376 0.0444
v -0.1808 -0.1703 -0.0769
v -0.1855 0.0025 0.0082
v -0.1840 -0.0885 0.0444
v -0.1857 -0.1703 0.0029
v -0.1798 -0.1325 0.0447
v -0.1813 -0.0377 -0.0762
v -0.1771 -0.1654 0.1511
v -0.1795 -0.1575 0.0429
v -0.1812 -0.0707 0.0434
v -0.1815 -0.1219 0.0415
v -0.1821 -0.1190 0.0413
v -0.1823 -0.0412 0.0541
v -0.1806 -0.0715 0.0545
v -0.1790 -0.0945 0.0485
v -0.1810 -0.0961 0.0420
v -0.1836 -0.0683 -0.1011
v -0.1745 -0.1099 -0.1168
v -0.1834 -0.1407 0.0403
v -0.1812 -0.0847 0.0501
v -0.1815 -0.0077 -0.0678
v -0.1815 -0.0353 0.0627
v -0.1802 -0.0980 0.0550
v -0.1838 -0.1447 0.0398
v -0.1818 -0.1174 0.0435
v -0.1806 -0.1169 0.0413
v -0.1810 -0.1007 0.0439
v -0.1810 -0.1380 0.0503
v -0.1793 -0.1104 0.0470
v -0.1839 -0.1347 -0.1208
v -0.1815 -0.0513 0.0541
v -0.1812 -0.1211 0.0415
v -0.1798 -0.1248 0.0419
v -0.1810 -0.0446 -0.0959
v -0.1789 -0.0587 0.0467
v -0.1806 -0.1195 0.0543
v -0.1808 -0.0203 0.0428
v -0.1797 -0.0555 0.0515
v -0.1820 -0.1576 0.1389
v -0.1810 -0.1211 0.0415
v -0.1809 -0.0586 -0.1031
v -0.1818 -0.0495 0.0448
v -0.1771 -0.1637 0.0868
v -0.1817 -0.1659 0.0985
v -0.1819 -0.0555 0.0414
v -0.1804 -0.1200 0.0421
v -0.1816 -0.0780 0.0436
v -0.1799 -0.0774 0.0483
v -0.1804 -0.0600 0.0424
v -0.1807 -0.0755 0.0417
v -0.1793 -0.0887 0.0483
v -0.1789 -0.0696 0.0474
v -0.1793 -0.1238 0.0438
v -0.1739 -0.0211 -0.0716
v -0.1816 -0.1073 0.0441
v -0.1761 -0.1006 0.0545
v -0.1816 -0.1015 0.0499
v -0.1754 -0.1621 0.1226
v -0.1809 -0.1242 0.0504
v -0.1782 -0.0980 0.0435
v -0.1775 -0.0494 -0.1032
v -0.1818 -0.0054 0.0406
v -0.1818 -0.1467 0.0450
v -0.1796 -0.0078 -0.0561
v -0.1803 -0.1618 0.1303
v -0.1781 -0.0719 -0.1066
v -0.1789 -0.1579 0.1333
v -0.1740 -0.0767 0.0450
v -0.1748 -0.0059 -0.0635
v -0.1774 -0.0308 0.0436
v -0.1781 -0.1684 0.1614
v -0.1740 -0.1009 0.0486
v -0.1767 -0.1703 -0.0472
v -0.1787 -0.1687 0.0908
v -0.1762 -0.0431 0.0554
v -0.1787 0.0024 0.0420
v -0.1740 -0.0387 -0.0878
v -0.1759 -0.0538 -0.1073
v -0.1789 -0.0461 0.0520
v -0.1680 0.0070 0.0214
v -0.1776 -0.0508 0.0432
v -0.1731 -0.0732 0.0472
v -0.1774 -0.0366 0.0557
v -0.1784 -0.0478 0.0463
v -0.1771 -0.0303 0.0645
v -0.1710 -0.1512 0.0464
v -0.1688 -0.1586 0.1311
v -0.1759 -0.0371 0.0509
v -0.1758 -0.0231 0.0574
v -0.1788 -0.1006 0.0461
v -0.1770 -0.1420 0.0439
v -0.1788 -0.1627 -0.1398
v -0.1729 -0.0980 0.0590
v -0.1798 -0.0657 0.0416
v -0.1691 -0.1577 -0.1339
v -0.1766 0.0026 0.0292
v -0.1798 0.0028 -0.0185
v -0.1777 -0.1189 0.0435
v -0.1770 -0.1436 0.0439
v -0.1762 -0.1214 0.0444
v -0.1760 -0.0496 0.0445
v -0.1761 -0.0523 0.0440
v -0.1746 -0.0617 -0.1075
v -0.1740 -0.0510 0.0455
v -0.1751 -0.1637 0.0994
v -0.1760 -0.0787 0.0511
v -0.1782 -0.0430 0.0430
v -0.1768 -0.0027 -0.0340
v -0.1758 -0.1276 0.0507
v -0.1749 -0.1568 0.1408
v -0.1761 -0.0779 0.0545
v -0.1750 -0.0331 0.0572
v -0.1755 -0.0945 0.0505
v -0.1740 -0.0476 0.0459
v -0.1719 -0.0942 0.0560
v -0.1791 -0.0867 0.0421
v -0.1714 -0.0336 -0.0727
v -0.1759 -0.0520 0.0466
v -0.1763 -0.1394 0.0540
v -0.1746 -0.0091 0.0492
v -0.1741 -0.0436 0.0511
v -0.1802 -0.0489 0.0414
v -0.1707 -0.1703 -0.0650
v -0.1791 -0.1449 0.0537
v -0.1716 -0.1703 -0.1315
v -0.1758 -0.1249 0.0545
v -0.1688 -0.0867 -0.1153
v -0.1759 -0.1082 0.0529
v -0.1757 -0.0937 0.0543
v -0.1756 -0.0530 0.0523
v -0.1740 -0.0607 0.0498
v -0.1769 -0.0775 -0.1165
v -0.1754 -0.0269 0.0461
v -0.1683 -0.0464 0.0483
v -0.1747 -0.0477 0.0477
v -0.1781 0.0043 0.0111
v -0.1704 -0.0235 0.0487
v -0.1761 -0.1616 0.1471
v -0.1680 -0.0295 0.0547
v -0.1758 -0.1179 0.0543
v -0.1753 -0.0701 0.0509
v -0.1726 -0.0569 0.0453
v -0.1711 -0.1056 0.0494
v -0.1696 -0.1503 -0.1217
v -0.1748 -0.1576 0.0548
v -0.1738 0.0068 0.0407
v -0.1793 -0.1701 0.1559
v -0.1750 -0.1389 0.0494
v -0.1804 -0.0079 -0.0440
v -0.1759 -0.1628 0.0780
v -0.1752 -0.0871 0.0496
v -0.1734 -0.1674 0.0861
v -0.1738 -0.0692 0.0553
v -0.1663 -0.1634 0.1199
v -0.1711 -0.0935 0.0493
v -0.1743 -0.0510 0.0565
v -0.1708 -0.1268 0.0497
v -0.1765 -0.1692 -0.1440
v -0.1727 -0.0975 0.0472
v -0.1716 -0.1201 0.0461
v -0.1678 -0.0958 0.0480
v -0.1733 -0.1177 0.0558
v -0.1694 -0.1137 0.0529
v -0.1712 -0.0350 0.0472
v -0.1690 -0.1447 0.0582
v -0.1731 -0.0763 0.0483
v -0.1766 -0.1702 -0.1138
v -0.1763 -0.1702 -0.0044
v -0.1697 -0.0496 0.0477
v -0.1727 -0.1436 0.0472
v -0.1733 -0.1210 0.0581
v -0.1685 -0.1398 0.0476
v -0.1750 -0.1586 0.0694
v -0.1759 -0.1197 -0.1178
v -0.1721 -0.1382 0.0562
v -0.1707 -0.1362 -0.1183
v -0.1668 -0.1698 -0.1431
v -0.1681 -0.1647 0.1574
v -0.1710 -0.1475 0.0505
v -0.1729 -0.0412 0.0449
v -0.1695 -0.0997 0.0499
v -0.1652 -0.1702 -0.0483
v -0.1750 0.0033 -0.0089
v -0.1712 -0.0501 0.0569
v -0.1694 -0.0693 0.0500
v -0.1663 -0.1592 0.1483
v -0.1727 -0.1635 0.0728
v -0.1701 -0.0320 0.0530
v -0.1727 -0.1182 0.0487
v -0.1721 -0.0521 0.0486
v -0.1723 -0.0371 0.0564
v -0.1695 0.0051 0.0440
v -0.1705 -0.1635 0.1222
v -0.1726 -0.0445 0.0558
v -0.1702 -0.1291 0.0468
v -0.1710 -0.0594 0.0547
v -0.1725 -0.0773 0.0561
v -0.1659 -0.1183 0.0614
v -0.1711 -0.1693 0.1636
v -0.1715 -0.1250 0.0562
v -0.1727 -0.1219 0.0472
v -0.1666 -0.1215 0.0491
v -0.1692 -0.1630 0.1129
v -0.1696 -0.0017 -0.0271
v -0.1677 -0.1189 0.0490
v -0.1696 -0.0593 0.0508
v -0.1626 -0.1155 0.0507
v -0.1684 -0.0706 0.0537
v -0.1709 -0.0828 0.0493
v -0.1706 -0.0729 -0.1073
v -0.1700 -0.0823 0.0532
v -0.1710 -0.0893 0.0551
v -0.1677 -0.0204 0.0515
v -0.1700 -0.1703 -0.0147
v -0.1720 -0.1419 0.0592
v -0.1675 -0.0177 0.0642
v -0.1703 -0.1025 0.0537
v -0.1694 -0.1392 0.0502
v -0.1695 -0.1241 0.0517
v -0.1714 -0.1074 0.0460
v -0.1689 -0.0949 0.0525
v -0.1682 -0.1689 0.1212
v -0.1690 -0.0424 0.0500
v -0.1695 -0.0441 0.0512
v -0.1726 -0.0722 0.0587
v -0.1750 -0.0129 -0.0692
v -0.1686 -0.1575 0.0490
v -0.1679 -0.1702 -0.0975
v -0.1689 -0.0765 0.0509
v -0.1658 -0.0778 0.0580
v -0.1726 0.0070 0.0318
v -0.1664 -0.1179 0.0540
v -0.1682 -0.0360 0.0482
v -0.1629 -0.0051 0.0496
v -0.1730 -0.0263 0.0670
v -0.1676 -0.1204 0.0485
v -0.1651 -0.1574 0.0679
v -0.1659 -0.1193 0.0500
v -0.1662 -0.1010 0.0568
v -0.1654 -0.0791 0.0493
v -0.1655 -0.0496 0.0604
v -0.1626 -0.0187 0.0513
v -0.1660 -0.0079 -0.0322
v -0.1671 -0.0085 0.0514
v -0.1690 -0.0072 -0.0414
v -0.1647 -0.0264 0.0613
v -0.1665 -0.0723 0.0494
v -0.1670 -0.1391 0.0567
v -0.1625 -0.1702 -0.1186
v -0.1663 -0.0761 0.0605
v -0.1698 -0.1703 0.0361
v -0.1655 -0.1643 0.1000
v -0.1678 -0.1648 0.0870
v -0.1602 -0.1703 -0.0151
v -0.1671 -0.1703 0.0150
v -0.1643 -0.1393 0.0546
v -0.1574 -0.1006 -0.1123
v -0.1622 -0.1682 0.1650
v -0.1573 -0.0065 -0.0198
v -0.1670 -0.0004 -0.0184
v -0.1671 -0.0292 0.0575
v -0.1681 -0.1639 -0.1408
v -0.1631 -0.0292 0.0538
v -0.1659 -0.0435 0.0582
v -0.1720 -0.0197 0.0680
v -0.1652 -0.0823 0.0558
v -0.1680 -0.1703 -0.0302
v -0.1627 -0.0146 -0.0322
v -0.1657 -0.0941 0.0562
v -0.1675 -0.1612 0.1537
v -0.1654 -0.1249 0.0602
v -0.1662 -0.1253 0.0557
v -0.1668 0.0045 -0.0060
v -0.1640 -0.0434 0.0544
v -0.1653 -0.1422 0.0510
v -0.1638 0.0063 0.0100
v -0.1659 -0.0362 0.0556
v -0.1649 -0.0426 -0.0957
v -0.1644 -0.0074 0.0574
v -0.1610 -0.1444 -0.1171
v -0.1644 -0.1702 -0.0768
v -0.1607 -0.0676 0.0520
v -0.1639 -0.0837 0.0603
v -0.1658 -0.0091 -0.0236
v -0.1615 -0.0133 -0.0235
v -0.1665 -0.0288 0.0488
v -0.1655 -0.0097 0.0663
v -0.1630 -0.0114 -0.0400
v -0.1653 -0.0614 -0.1051
v -0.1642 -0.0506 0.0555
v -0.1612 -0.1685 -0.1432
v -0.1603 -0.0388 0.0604
v -0.1604 -0.0451 0.0655
v -0.1636 -0.0694 0.0593
v -0.1613 -0.1478 0.0518
v -0.1595 -0.1575 0.0536
v -0.1631 0.0026 0.0443
v -0.1639 -0.0632 0.0553
v -0.1621 -0.0589 0.0600
v -0.1640 -0.1203 0.0505
v -0.1588 -0.1518 -0.1244
v -0.1644 -0.1664 0.1242
v -0.1637 -0.1630 0.1156
v -0.1635 -0.0764 0.0529
v -0.1642 -0.1126 0.0570
v -0.1616 0.0035 0.0302
v -0.1638 -0.1234 0.0524
v -0.1609 -0.1568 0.1443
v -0.1644 -0.0127 0.0609
v -0.1636 -0.1067 0.0601
v -0.1639 0.0011 0.0673
v -0.1662 -0.0979 0.0626
v -0.1632 -0.0981 0.0513
v -0.1668 -0.0064 -0.0537
v -0.1630 -0.0493 -0.1034
v -0.1601 -0.0162 0.0502
v -0.1642 -0.1631 0.0772
v -0.1678 -0.1703 -0.0875
v -0.1643 -0.0359 -0.0795
v -0.1614 -0.0933 0.0554
v -0.1618 -0.1249 0.0606
v -0.1642 -0.0344 0.0619
v -0.1555 -0.1630 0.0821
v -0.1626 -0.1349 0.0608
v -0.1649 -0.0942 0.0605
v -0.1640 -0.0768 -0.1121
v -0.1635 -0.0328 -0.0692
v -0.1636 -0.1023 0.0548
v -0.1615 -0.1644 0.1592
v -0.1650 -0.0451 0.0624
v -0.1582 -0.1429 0.0656
v -0.1575 -0.1703 -0.0021
v -0.1634 -0.1220 0.0506
v -0.1631 -0.0159 0.0712
v -0.1545 -0.0574 -0.1012
v -0.1623 -0.1447 0.0525
v -0.1585 -0.1031 0.0537
v -0.1613 -0.1166 0.0548
v -0.1606 -0.1683 0.0938
v -0.1627 -0.0723 0.0536
v -0.1605 -0.1085 0.0556
v -0.1606 -0.0221 0.0733
v -0.1615 -0.1206 0.0525
v -0.1600 -0.1160 0.0582
v -0.1619 -0.0168 0.0550
v -0.1619 -0.0747 0.0647
v -0.1634 -0.0504 0.0508
v -0.1628 -0.1396 0.0622
v -0.1627 -0.1703 0.0533
v -0.1630 -0.1633 0.1069
v -0.1631 -0.0703 0.0616
v -0.1642 -0.0450 0.0504
v -0.1616 -0.1310 0.0548
v -0.1625 -0.1247 -0.1150
v -0.1626 -0.0032 0.0637
v -0.1617 -0.0368 0.0546
v -0.1583 -0.0103 0.0501
v -0.1624 -0.1016 0.0616
v -0.1618 -0.0787 0.0545
v -0.1614 -0.0498 0.0614
v -0.1570 -0.1703 -0.1036
v -0.1564 -0.1703 -0.0334
v -0.1587 -0.0235 -0.0641
v -0.1597 -0.0753 0.0532
v -0.1554 -0.1245 0.0617
v -0.1592 -0.1580 0.1503
v -0.1600 -0.1655 0.1267
v -0.1584 0.0020 0.0426
v -0.1653 -0.0081 -0.0615
v -0.1606 -0.0941 0.0597
v -0.1597 -0.1389 0.0566
v -0.1587 -0.0036 0.0712
v -0.1597 -0.0180 -0.0430
v -0.1605 0.0031 0.0610
v -0.1606 -0.1221 0.0538
v -0.1603 -0.1252 0.0572
v -0.1587 0.0047 0.0672
v -0.1592 -0.0437 0.0584
v -0.1596 -0.0992 0.0550
v -0.1606 -0.1067 0.0596
v -0.1589 -0.0489 0.0543
v -0.1603 -0.0533 0.0558
v -0.1553 -0.0489 0.0556
v -0.1583 -0.0948 0.0657
v -0.1598 -0.0269 0.0535
v -0.1615 -0.1168 0.0613
v -0.1629 -0.1230 0.0637
v -0.1589 -0.1643 0.1209
v -0.1585 -0.0141 -0.0556
v -0.1598 -0.1286 0.0530
v -0.1547 -0.0999 0.0671
v -0.1599 -0.1623 -0.1377
v -0.1605 -0.1638 0.0897
v -0.1561 -0.1390 0.0646
v -0.1559 -0.0744 -0.1037
v -0.1596 -0.0779 0.0602
v -0.1617 -0.1569 0.1129
v -0.1551 -0.0933 0.0651
v -0.1606 0.0024 0.0718
v -0.1594 -0.1704 -0.1341
v -0.1591 0.0048 -0.0022
v -0.1593 0.0095 0.0642
v -0.1603 -0.1461 0.0585
v -0.1602 -0.1682 0.0981
v -0.1604 -0.0260 0.0583
v -0.1545 -0.1584 0.0983
v -0.1590 -0.0161 0.0631
v -0.1601 -0.0124 0.0658
v -0.1610 -0.1577 0.0754
v -0.1564 -0.1404 0.0559
v -0.1556 -0.0986 0.0565
v -0.1555 -0.0767 0.0554
v -0.1577 -0.0019 0.0616
v -0.1569 -0.1595 0.1342
v -0.1541 -0.0132 0.0698
v -0.1561 -0.0324 -0.0652
v -0.1572 -0.1563 0.1059
v -0.1594 -0.0707 0.0565
v -0.1562 -0.0450 0.0549
v -0.1569 0.0093 0.0567
v -0.1563 -0.0747 0.0675
v -0.1577 -0.1434 0.0544
v -0.1492 -0.1631 0.0862
v -0.1537 -0.1181 0.0687
v -0.1562 -0.0056 0.0586
v -0.1582 -0.1207 0.0536
v -0.1553 -0.1591 -0.1330
v -0.1596 -0.1616 0.1539
v -0.1584 -0.0710 0.0645
v -0.1578 -0.1702 0.0336
v -0.1566 -0.1202 0.0551
v -0.1566 -0.1222 0.0550
v -0.1554 -0.1582 0.1195
v -0.1582 -0.0019 0.0488
v -0.1595 -0.1192 0.0658
v -0.1573 -0.0085 0.0725
v -0.1542 -0.0246 0.0652
v -0.1566 -0.0155 -0.0328
v -0.1552 -0.0475 -0.0968
v -0.1556 -0.1629 0.1604
v -0.1584 -0.1139 -0.1130
v -0.1579 -0.1406 0.0542
v -0.1558 -0.1416 0.0552
v -0.1524 -0.1551 0.1138
v -0.1476 -0.1703 -0.1088
v -0.1511 -0.1510 -0.1212
v -0.1561 -0.1433 0.0552
v -0.1553 -0.1408 0.0555
v -0.1553 -0.1431 0.0557
v -0.1599 -0.1689 0.1648
v -0.1532 -0.1193 0.0586
v -0.1550 -0.1243 0.0669
v -0.1590 -0.0391 0.0535
v -0.1569 -0.0888 0.0544
v -0.1560 -0.1643 0.0937
v -0.1555 -0.0330 0.0605
v -0.1548 -0.0853 0.0647
v -0.1542 0.0012 0.0734
v -0.1549 -0.1307 0.0620
v -0.1542 -0.0777 0.0652
v -0.1549 -0.0329 0.0669
v -0.1572 -0.0149 0.0679
v -0.1542 -0.0941 0.0604
v -0.1559 -0.0267 0.0597
v -0.1546 -0.0779 0.0622
v -0.1573 0.0015 0.0563
v -0.1550 -0.0420 0.0662
v -0.1505 -0.1564 0.1190
v -0.1579 -0.1703 -0.0642
v -0.1538 -0.0271 -0.0604
v -0.1568 -0.0216 -0.0536
v -0.1491 -0.1621 0.1563
v -0.1604 -0.1701 0.1587
v -0.1494 -0.1679 0.1654
v -0.1531 -0.0660 0.0644
v -0.1552 0.0007 0.0023
v -0.1557 0.0023 0.0156
v -0.1553 -0.0125 0.0637
v -0.1534 -0.1405 0.0567
v -0.1539 -0.1233 0.0556
v -0.1527 -0.1283 0.0661
v -0.1512 -0.0025 0.0724
v -0.1459 -0.0758 0.0714
v -0.1547 -0.0893 -0.1111
v -0.1496 0.0062 0.0424
v -0.1535 -0.0641 0.0603
v -0.1504 -0.0851 0.0643
v -0.1532 -0.0507 0.0618
v -0.1522 -0.0107 -0.0177
v -0.1537 -0.1694 -0.1400
v -0.1544 -0.1382 0.0608
v -0.1505 -0.1703 -0.0478
v -0.1492 -0.0345 -0.0723
v -0.1525 -0.1454 0.0565
v -0.1545 -0.1395 0.0557
v -0.1502 -0.0676 0.0580
v -0.1533 -0.1170 0.0561
v -0.1507 -0.0616 0.0643
v -0.1520 -0.1610 0.1451
v -0.1531 -0.0746 0.0572
v -0.1486 0.0110 0.0603
v -0.1522 -0.1647 0.1280
v -0.1548 -0.0249 0.0559
v -0.1532 -0.0153 0.0769
v -0.1528 -0.1671 0.1299
v -0.1513 -0.0339 0.0668
v -0.1540 -0.1388 0.0664
v -0.1491 -0.0259 0.0660
v -0.1539 0.0068 0.0683
v -0.1547 0.0093 0.0662
v -0.1530 -0.1428 0.0570
v -0.1535 -0.0718 0.0569
v -0.1533 -0.0709 0.0589
v -0.1518 -0.0714 0.0581
v -0.1511 -0.1408 0.0574
v -0.1546 -0.0703 0.0656
v -0.1513 -0.0751 0.0576
v -0.1532 -0.0054 0.0542
v -0.1471 -0.1207 0.0686
v -0.1553 -0.0005 -0.0143
v -0.1558 -0.0427 0.0617
v -0.1488 -0.0044 0.0778
v -0.1500 0.0008 0.0542
v -0.1525 -0.0752 0.0579
v -0.1493 -0.1466 0.0609
v -0.1538 -0.0559 0.0644
v -0.1494 -0.0373 0.0610
v -0.1531 0.0054 0.0496
v -0.1541 -0.1313 -0.1132
v -0.1498 -0.1302 0.0604
v -0.1537 -0.1453 0.0662
v -0.1487 -0.1169 0.0592
v -0.1536 0.0024 0.0321
v -0.1497 -0.1288 0.0582
v -0.1498 -0.0313 0.0594
v -0.1526 -0.1214 0.0571
v -0.1507 -0.1247 0.0589
v -0.1513 -0.1632 0.1320
v -0.1537 -0.1577 0.0673
v -0.1484 -0.1380 0.0625
v -0.1490 -0.1702 0.1447
v -0.1498 -0.1702 0.1588
v -0.1502 -0.1167 0.0642
v -0.1515 -0.0150 0.0658
v -0.1494 -0.1574 -0.1287
v -0.1481 -0.0439 0.0612
v -0.1477 -0.0277 0.0638
v -0.1515 -0.0222 -0.0487
v -0.1483 0.0035 0.0706
v -0.1388 0.0061 0.0345
v -0.1517 -0.1575 0.0806
v -0.1499 -0.0951 0.0603
v -0.1484 -0.0423 0.0655
v -0.1496 -0.0581 0.0599
v -0.1487 -0.1004 0.0630
v -0.1477 0.0072 0.0729
v -0.1497 -0.0501 0.0638
v -0.1512 -0.0050 -0.0042
v -0.1495 -0.0852 0.0609
v -0.1485 -0.0014 0.0672
v -0.1496 -0.0010 0.0660
v -0.1481 -0.0015 0.0669
v -0.1493 -0.0781 0.0608
v -0.1440 -0.1702 -0.0105
v -0.1460 -0.0321 -0.0600
v -0.1517 -0.1703 0.0155
v -0.1455 -0.1608 0.1406
v -0.1535 -0.0220 0.0766
v -0.1452 -0.0208 -0.0417
v -0.1509 -0.0467 0.0703
v -0.1499 -0.0501 0.0591
v -0.1487 -0.0013 0.0661
v -0.1458 -0.0484 0.0606
v -0.1464 -0.1207 0.0622
v -0.1491 -0.0696 0.0624
v -0.1426 -0.0424 -0.0882
v -0.1477 0.0043 0.0606
v -0.1492 -0.1589 0.0917
v -0.1483 -0.1410 0.0702
v -0.1481 0.0017 0.0755
v -0.1480 -0.0015 0.0684
v -0.1446 -0.1700 0.1332
v -0.1515 -0.1703 0.0619
v -0.1510 -0.0558 0.0575
v -0.1427 -0.0805 0.0618
v -0.1497 -0.1682 -0.1384
v -0.1463 0.0117 0.0704
v -0.1490 -0.0127 -0.0118
v -0.1445 -0.0134 0.0709
v -0.1498 -0.1615 0.1214
v -0.1495 -0.0988 0.0582
v -0.1483 -0.0017 0.0710
v -0.1474 -0.0018 0.0699
v -0.1501 -0.1231 0.0678
v -0.1475 -0.0754 0.0594
v -0.1492 -0.0328 0.0582
v -0.1446 -0.1703 -0.0638
v -0.1469 -0.0099 0.0768
v -0.1473 -0.0718 0.0712
v -0.1481 -0.1224 0.0599
v -0.1448 -0.0774 0.0663
v -0.1449 -0.0503 0.0695
v -0.1475 -0.0015 0.0683
v -0.1451 0.0006 0.0696
v -0.1468 -0.0015 0.0692
v -0.1428 -0.1704 0.1450
v -0.1446 -0.1567 0.1071
v -0.1492 -0.0245 0.0588
v -0.1502 -0.1576 0.0591
v -0.1442 -0.0134 0.0668
v -0.1458 -0.0017 0.0684
v -0.1406 -0.0741 0.0641
v -0.1470 -0.1703 -0.0277
v -0.1460 -0.0264 0.0687
v -0.1453 0.0001 0.0571
v -0.1431 -0.0010 0.0613
v -0.1465 -0.0432 0.0694
v -0.1435 -0.0646 -0.0972
v -0.1443 -0.0014 0.0651
v -0.1397 -0.1703 -0.0545
v -0.1489 -0.0790 -0.1087
v -0.1456 -0.0136 -0.0039
v -0.1438 0.0047 0.0545
v -0.1438 -0.0169 0.0813
v -0.1438 -0.0742 -0.0992
v -0.1457 -0.1236 0.0700
v -0.1449 -0.0448 0.0609
v -0.1452 -0.0371 0.0682
v -0.1409 -0.1664 -0.1323
v -0.1407 -0.1447 -0.1108
v -0.1449 -0.1382 0.0705
v -0.1446 -0.1306 0.0688
v -0.1424 -0.0808 0.0718
v -0.1438 -0.0291 0.0623
v -0.1447 -0.0880 0.0675
v -0.1469 -0.1702 -0.0766
v -0.1471 -0.1703 0.0044
v -0.1442 -0.1020 -0.1084
v -0.1437 -0.0692 0.0709
v -0.1416 -0.1554 -0.1217
v -0.1440 -0.0619 0.0707
v -0.1400 -0.0481 0.0648
v -0.1440 -0.0245 0.0714
v -0.1432 -0.1221 0.0635
v -0.1433 -0.0561 0.0660
v -0.1437 -0.1050 0.0626
v -0.1426 -0.1151 0.0716
v -0.1440 -0.0938 0.0713
v -0.1488 -0.1704 -0.1266
v -0.1415 0.0076 0.0663
v -0.1444 -0.0432 0.0719
v -0.1405 -0.0483 0.0752
v -0.1459 -0.1142 0.0606
v -0.1449 -0.0236 0.0807
v -0.1437 -0.1021 0.0692
v -0.1431 -0.1097 0.0634
v -0.1472 -0.1403 -0.1115
v -0.1481 -0.0826 0.0589
v -0.1385 -0.1054 0.0654
v -0.1441 -0.0836 -0.1081
v -0.1399 -0.0099 -0.0003
v -0.1423 -0.0157 0.0722
v -0.1424 -0.1183 0.0656
v -0.1392 -0.0575 0.0672
v -0.1395 -0.0955 0.0660
v -0.1404 -0.0876 0.0656
v -0.1418 -0.1244 0.0723
v -0.1459 -0.1527 0.0602
v -0.1433 -0.1387 0.0657
v -0.1396 -0.0439 0.0710
v -0.1432 -0.0323 0.0721
v -0.1459 -0.1703 0.0508
v -0.1434 -0.1607 0.1242
v -0.1452 -0.0135 -0.0268
v -0.1429 -0.1610 0.1137
v -0.1416 -0.0702 0.0622
v -0.1439 -0.1409 0.0628
v -0.1422 -0.1703 0.1298
v -0.1386 -0.0278 -0.0515
v -0.1406 -0.0041 0.0657
v -0.1423 -0.0046 0.0730
v -0.1430 -0.0282 0.0668
v -0.1422 -0.0435 0.0657
v -0.1423 -0.1580 0.0861
v -0.1430 -0.0978 0.0670
v -0.1438 0.0018 0.0065
v -0.1451 -0.0021 -0.0006
v -0.1450 -0.1702 0.0341
v -0.1471 -0.1703 -0.0890
v -0.1421 -0.1628 0.0895
v -0.1397 -0.0898 0.0704
v -0.1434 -0.0708 0.0649
v -0.1403 -0.0771 0.0717
v -0.1418 -0.1459 0.0664
v -0.1415 -0.1045 0.0730
v -0.1373 -0.1703 -0.0972
v -0.1400 -0.1210 0.0639
v -0.1409 -0.0393 0.0626
v -0.1417 -0.1395 0.0624
v -0.1415 -0.1654 0.1592
v -0.1396 -0.1452 0.0731
v -0.1387 -0.1010 0.0721
v -0.1317 -0.0335 0.0677
v -0.1392 -0.1383 0.0717
v -0.1484 -0.0402 -0.0817
v -0.1382 -0.0167 0.0666
v -0.1399 -0.1307 0.0710
v -0.1354 -0.0141 -0.0126
v -0.1383 -0.1577 0.0653
v -0.1410 -0.1422 0.0748
v -0.1377 -0.1703 -0.0260
v -0.1404 -0.0795 0.0659
v -0.1395 -0.1208 0.0759
v -0.1427 -0.1260 0.0621
v -0.1354 -0.1674 0.1616
v -0.1411 -0.1591 0.0974
v -0.1390 -0.0280 0.0662
v -0.1405 -0.1197 -0.1077
v -0.1359 -0.0326 -0.0660
v -0.1393 -0.0101 0.0656
v -0.1414 -0.0507 -0.0955
v -0.1336 -0.0015 0.0604
v -0.1351 -0.1608 0.1341
v -0.1413 -0.1693 0.1649
v -0.1387 -0.0664 0.0683
v -0.1393 -0.1388 0.0671
v -0.1395 -0.0511 0.0706
v -0.1418 -0.0552 0.0625
v -0.1388 -0.0327 0.0701
v -0.1370 -0.0461 0.0666
v -0.1313 -0.1702 -0.0120
v -0.1355 -0.0507 0.0726
v -0.1390 -0.0385 0.0667
v -0.1405 -0.0728 0.0758
v -0.1337 -0.0328 -0.0504
v -0.1390 -0.1610 0.1059
v -0.1341 -0.0283 -0.0473
v -0.1380 -0.0262 0.0717
v -0.1380 -0.0706 0.0689
v -0.1382 -0.1073 0.0653
v -0.1366 0.0047 0.0137
v -0.1385 -0.0258 0.0660
v -0.1387 -0.0466 0.0647
v -0.1383 -0.1172 0.0652
v -0.1338 -0.1702 -0.0427
v -0.1366 -0.1703 0.0090
v -0.1382 -0.0165 -0.0008
v -0.1379 0.0053 0.0261
v -0.1356 -0.0729 0.0666
v -0.1351 -0.0208 -0.0371
v -0.1331 -0.1403 0.0699
v -0.1353 -0.1391 0.0723
v -0.1368 -0.1435 0.0670
v -0.1376 -0.0466 0.0775
v -0.1344 -0.1245 0.0771
v -0.1328 -0.0688 0.0671
v -0.1384 -0.0962 0.0644
v -0.1299 -0.1614 0.1056
v -0.1377 -0.0761 0.0651
v -0.1357 -0.1436 0.0783
v -0.1414 -0.1701 -0.1321
v -0.1350 -0.1188 0.0666
v -0.1333 -0.1398 -0.1069
v -0.1362 -0.0087 0.0698
v -0.1379 -0.0263 0.0850
v -0.1352 -0.0708 0.0715
v -0.1350 -0.0942 0.0758
v -0.1346 -0.1196 0.0796
v -0.1387 -0.1234 0.0653
v -0.1370 -0.1610 0.1556
v -0.1298 -0.1704 0.1531
v -0.1392 -0.1703 0.1593
v -0.1328 -0.0776 -0.1020
v -0.1304 -0.1687 -0.1274
v -0.1320 -0.0467 0.0676
v -0.1304 -0.1703 0.0597
v -0.1332 -0.1209 0.0685
v -0.1355 -0.0107 0.0639
v -0.1353 0.0025 0.0572
v -0.1318 -0.1004 0.0786
v -0.1324 -0.0477 0.0690
v -0.1348 -0.1240 0.0709
v -0.1364 -0.1576 0.0774
v -0.1345 -0.0029 0.0028
v -0.1351 -0.0384 0.0773
v -0.1330 -0.0440 0.0779
v -0.1349 -0.0447 0.0718
v -0.1346 -0.0284 0.0743
v -0.1358 -0.0173 0.0717
v -0.1345 -0.0748 0.0668
v -0.1349 -0.0868 0.0733
v -0.1352 -0.0337 0.0722
v -0.1342 -0.1277 0.0767
v -0.1371 -0.1703 0.0668
v -0.1345 -0.0775 0.0761
v -0.1320 -0.0299 0.0787
v -0.1323 -0.0278 0.0709
v -0.1338 -0.0575 0.0757
v -0.1298 -0.1002 0.0693
v -0.1319 -0.1285 0.0704
v -0.1318 -0.0959 -0.1041
v -0.1311 -0.0062 0.0670
v -0.1342 -0.0507 0.0699
v -0.1329 -0.0515 0.0775
v -0.1355 -0.1173 0.0709
v -0.1354 -0.1016 0.0723
v -0.1322 -0.0934 0.0708
v -0.1358 -0.1631 0.0929
v -0.1318 -0.0746 0.0693
v -0.1211 -0.1609 0.1519
v -0.1318 -0.0250 0.0684
v -0.1334 -0.0615 -0.0929
v -0.1314 -0.1483 0.0731
v -0.1310 -0.1285 0.0679
v -0.1279 -0.0887 0.0702
v -0.1332 -0.0774 0.0702
v -0.1295 -0.0092 0.0755
v -0.1343 -0.0633 0.0724
v -0.1296 -0.0390 0.0774
v -0.1304 -0.1703 0.0397
v -0.1263 -0.1703 0.0057
v -0.1300 -0.0838 0.0707
v -0.1303 -0.0392 -0.0553
v -0.1314 -0.0644 0.0769
v -0.1343 -0.0722 0.0794
v -0.1325 -0.0385 0.0701
v -0.1248 -0.0793 -0.1015
v -0.1272 0.0041 0.0285
v -0.1332 -0.1703 0.1198
v -0.1328 -0.1702 -0.1199
v -0.1260 -0.0968 0.0828
v -0.1315 -0.1385 0.0779
v -0.1323 -0.0188 0.0755
v -0.1300 -0.0255 -0.0427
v -0.1298 -0.0332 -0.0629
v -0.1292 -0.0777 0.0767
v -0.1354 -0.0719 -0.0938
v -0.1366 -0.1703 0.0262
v -0.1333 -0.1211 0.0671
v -0.1314 -0.1425 0.0680
v -0.1301 -0.0003 0.0639
v -0.1349 -0.0205 0.0865
v -0.1295 -0.0536 0.0719
v -0.1299 -0.1180 -0.1039
v -0.1255 -0.0061 0.0060
v -0.1291 -0.1249 0.0762
v -0.1305 -0.0939 0.0775
v -0.1330 -0.1576 0.0896
v -0.1312 -0.1336 -0.1058
v -0.1241 -0.1576 0.0820
v -0.1324 -0.0291 0.0885
v -0.1305 -0.0471 0.0820
v -0.1281 -0.0245 0.0899
v -0.1293 -0.0742 0.0698
v -0.1303 -0.0968 0.0694
v -0.1277 0.0015 0.0095
v -0.1302 -0.0762 0.0811
v -0.1297 -0.1510 -0.1114
v -0.1292 -0.1416 0.0702
v -0.1303 -0.1077 0.0772
v -0.1299 -0.0644 0.0708
v -0.1300 -0.1042 0.0705
v -0.1305 -0.0867 0.0776
v -0.1302 -0.1606 -0.1207
v -0.1284 -0.1230 0.0708
v -0.1286 -0.0459 0.0763
v -0.1288 -0.1187 0.0712
v -0.1294 -0.1147 0.0706
v -0.1256 -0.1703 0.0226
v -0.1229 -0.0405 0.0734
v -0.1290 -0.0711 0.0767
v -0.1289 -0.0946 0.0742
v -0.1307 -0.1174 0.0777
v -0.1279 -0.0307 0.0711
v -0.1283 -0.0722 0.0719
v -0.1287 -0.0520 0.0768
v -0.1286 -0.1574 0.0702
v -0.1341 0.0040 0.0451
v -0.1286 -0.1387 0.0729
v -0.1286 0.0000 0.0707
v -0.1301 -0.1422 0.0813
v -0.1274 -0.0765 0.0724
v -0.1304 -0.0804 0.0683
v -0.1290 -0.1685 0.1626
v -0.1271 -0.1480 0.0707
v -0.1291 -0.0330 0.0781
v -0.1251 -0.1393 0.0791
v -0.1258 -0.1004 0.0729
v -0.1280 -0.0504 0.0707
v -0.1281 -0.1452 0.0714
v -0.1285 -0.0457 0.0705
v -0.1268 -0.0955 0.0717
v -0.1288 -0.1241 0.0807
v -0.1289 -0.0719 0.0822
v -0.1275 -0.0346 0.0911
v -0.1275 -0.1128 0.0701
v -0.1265 -0.0411 -0.0632
v -0.1264 -0.1269 -0.1045
v -0.1281 -0.0344 0.0765
v -0.1225 -0.0152 -0.0145
v -0.1305 0.0021 0.0544
v -0.1250 -0.0712 0.0722
v -0.1247 -0.1220 0.0728
v -0.1245 -0.1466 0.0787
v -0.1307 -0.0397 -0.0491
v -0.1265 -0.1287 0.0713
v -0.1296 -0.0397 -0.0799
v -0.1232 -0.1178 0.0839
v -0.1250 -0.1411 0.0724
v -0.1230 -0.0421 -0.0809
v -0.1279 -0.0183 0.0045
v -0.1220 -0.1455 0.0736
v -0.1230 -0.0161 -0.0042
v -0.1245 -0.0434 -0.0662
v -0.1238 -0.0416 0.0744
v -0.1276 -0.0472 -0.0901
v -0.1216 -0.1418 0.0753
v -0.1242 -0.0524 0.0853
v -0.1246 -0.0465 0.0796
v -0.1252 -0.1609 0.1208
v -0.1267 -0.1193 0.0839
v -0.1219 -0.0779 0.0851
v -0.1208 -0.0537 0.0753
v -0.1242 -0.1125 0.0806
v -0.1234 -0.1249 0.0787
v -0.1300 -0.1702 -0.0729
v -0.1275 -0.1703 -0.0882
v -0.1224 -0.1259 0.0837
v -0.1290 -0.1704 0.1371
v -0.1235 -0.0148 0.0805
v -0.1239 -0.1181 0.0782
v -0.1218 -0.1198 0.0743
v -0.1199 0.0051 0.0646
v -0.1208 -0.1150 0.0741
v -0.1240 -0.0555 0.0791
v -0.1223 -0.1435 0.0740
v -0.1232 -0.1219 0.0739
v -0.1232 -0.0691 0.0822
v -0.1232 -0.0849 0.0790
v -0.1209 -0.1327 0.0839
v -0.1238 -0.0411 -0.0744
v -0.1251 -0.1704 0.1128
v -0.1243 -0.0948 0.0792
v -0.1212 -0.0689 0.0779
v -0.1241 -0.1022 0.0797
v -0.1239 -0.1340 0.0797
v -0.1204 -0.0392 0.0815
v -0.1206 -0.1067 0.0773
v -0.1162 -0.1624 0.1095
v -0.1235 -0.0361 0.0817
v -0.1238 -0.0658 0.0796
v -0.1292 -0.1703 -0.1070
v -0.1226 -0.0483 0.0739
v -0.1250 -0.1538 -0.1131
v -0.1227 -0.0249 0.0820
v -0.1235 -0.1193 0.0735
v -0.1230 -0.0739 0.0733
v -0.1192 -0.1337 0.0774
v -0.1197 -0.1702 0.0363
v -0.1223 -0.1208 0.0737
v -0.1175 -0.1009 -0.0994
v -0.1214 -0.0497 -0.0858
v -0.1249 -0.1581 0.0949
v -0.1183 -0.1199 0.0766
v -0.1214 -0.0222 -0.0339
v -0.1220 -0.1627 0.0990
v -0.1240 -0.0785 0.0802
v -0.1198 -0.0652 0.0804
v -0.1191 -0.0009 0.0229
v -0.1222 -0.1703 0.0842
v -0.1206 -0.1440 0.0751
v -0.1150 -0.1576 0.0921
v -0.1209 -0.1703 0.0704
v -0.1264 -0.1703 -0.0261
v -0.1214 -0.0551 0.0817
v -0.1245 -0.1403 -0.1113
v -0.1165 -0.1464 -0.1110
v -0.1224 -0.0718 0.0761
v -0.1168 -0.0711 0.0841
v -0.1232 -0.0355 0.0737
v -0.1228 -0.0705 -0.0892
v -0.1200 -0.0388 0.0771
v -0.1168 -0.1577 0.0775
v -0.1224 -0.0916 0.0844
v -0.1192 -0.0784 0.0781
v -0.1218 -0.0526 -0.0713
v -0.1259 -0.1702 -0.0575
v -0.1286 -0.0562 0.0695
v -0.1252 -0.0032 0.0780
v -0.1217 0.0021 0.0150
v -0.1209 -0.0946 0.0779
v -0.1202 -0.1488 0.0789
v -0.1188 -0.1228 0.0751
v -0.1214 -0.1219 0.0742
v -0.1226 -0.0320 0.0946
v -0.1244 0.0063 0.0750
v -0.1226 -0.1339 -0.1102
v -0.1192 -0.1391 0.0830
v -0.1194 -0.1249 0.0834
v -0.1203 -0.1000 0.0757
v -0.1185 -0.0613 0.0754
v -0.1206 -0.0532 -0.0779
v -0.1201 -0.0605 -0.0859
v -0.1193 -0.1702 -0.0405
v -0.1179 0.0042 0.0817
v -0.1221 -0.1401 0.0850
v -0.1195 -0.0733 0.0748
v -0.1196 -0.0605 -0.0730
v -0.1213 -0.0730 0.0868
v -0.1191 -0.0841 0.0780
v -0.1183 -0.1155 0.0780
v -0.1200 -0.0184 0.0080
v -0.1194 -0.1176 0.0828
v -0.1204 0.0006 0.0310
v -0.1195 -0.0470 0.0806
v -0.1209 -0.0466 0.0960
v -0.1228 -0.0425 0.0937
v -0.1182 -0.1066 0.0815
v -0.1174 -0.0086 0.0101
v -0.1175 -0.0822 0.0757
v -0.1171 -0.0714 0.0802
v -0.1195 -0.0598 0.0777
v -0.1244 -0.0165 -0.0252
v -0.1186 -0.1203 -0.1020
v -0.1190 -0.0653 -0.0744
v -0.1204 -0.1700 0.1630
v -0.1177 -0.0448 0.0845
v -0.1219 -0.0999 0.0838
v -0.1179 -0.1223 0.0774
v -0.1175 -0.0515 0.0767
v -0.1199 -0.1702 -0.0025
v -0.1212 -0.0278 -0.0416
v -0.1180 -0.1630 -0.1151
v -0.1208 -0.0824 0.0851
v -0.1214 -0.0480 0.0781
v -0.1181 -0.0546 0.0797
v -0.1196 -0.0964 0.0858
v -0.1175 -0.0775 0.0790
v -0.1194 -0.0054 0.0822
v -0.1180 -0.0939 0.0812
v -0.1228 -0.1646 0.1585
v -0.1191 -0.1227 0.0759
v -0.1161 -0.1004 0.0777
v -0.1159 -0.1070 0.0763
v -0.1189 -0.1269 -0.1083
v -0.1236 -0.0472 0.0837
v -0.1191 -0.1380 0.0749
v -0.1189 -0.0596 0.0862
v -0.1175 0.0030 0.0473
v -0.1228 -0.1703 0.1232
v -0.1198 -0.1703 0.0530
v -0.1196 -0.1664 0.1633
v -0.1193 0.0062 0.0762
v -0.1204 -0.0957 0.0745
v -0.1175 -0.1497 0.0762
v -0.1181 -0.0676 -0.0834
v -0.1172 -0.0383 0.0963
v -0.1167 -0.0654 0.0846
v -0.1135 -0.1703 -0.0538
v -0.1184 -0.1397 0.0777
v -0.1176 -0.0528 0.0984
v -0.1162 -0.0537 0.0893
v -0.1157 -0.1238 0.0841
v -0.1161 -0.0509 0.0869
v -0.1172 -0.1206 0.0766
v -0.1168 -0.1212 0.0767
v -0.1168 -0.1185 0.0778
v -0.1126 -0.0168 0.0004
v -0.1140 -0.1702 0.0240
v -0.1171 -0.1702 0.1526
v -0.1139 -0.0604 0.0780
v -0.1166 -0.0761 0.0892
v -0.1151 -0.0765 0.0771
v -0.1175 -0.0721 0.0764
v -0.1117 -0.0951 0.0801
v -0.1107 0.0011 0.0800
v -0.1242 -0.0850 -0.1016
v -0.1192 -0.1455 0.0844
v -0.1169 -0.0028 0.0166
v -0.1223 -0.0390 -0.0451
v -0.1156 -0.0705 0.0889
v -0.1169 -0.0744 0.0766
v -0.1191 -0.1214 0.0869
v -0.1144 -0.1168 0.0875
v -0.1145 -0.1702 -0.0246
v -0.1181 -0.1112 -0.1005
v -0.1153 -0.0658 -0.0727
v -0.1114 -0.0775 0.0887
v -0.1155 -0.1185 0.0769
v -0.1145 -0.0602 0.0906
v -0.1149 -0.1013 0.0833
v -0.1134 -0.1624 0.1023
v -0.1150 -0.0468 0.0772
v -0.1152 -0.0533 0.0780
v -0.1154 -0.0526 -0.0674
v -0.1043 -0.1702 0.1454
v -0.1164 -0.0191 0.0832
v -0.1144 -0.0351 -0.0418
v -0.1121 -0.0860 -0.0987
v -0.1164 -0.1453 0.0778
v -0.1150 -0.0628 0.0995
v -0.1148 -0.1386 0.0860
v -0.1133 -0.1239 0.0819
v -0.1147 -0.1703 -0.1131
v -0.1147 -0.0777 0.0840
v -0.1150 -0.1576 0.0995
v -0.1077 -0.0213 -0.0269
v -0.1149 -0.1088 0.0867
v -0.1126 -0.1221 0.0787
v -0.1147 -0.1397 0.0999
v -0.1106 -0.1353 0.1029
v -0.1123 -0.1703 0.0925
v -0.1121 -0.1567 0.0942
v -0.1142 -0.0925 0.0836
v -0.1117 -0.0282 -0.0381
v -0.1147 -0.1313 0.0992
v -0.1106 -0.1009 0.0800
v -0.1138 -0.1177 0.1011
v -0.1137 -0.1069 0.1013
v -0.1098 -0.1557 0.0803
v -0.1141 -0.1406 0.0791
v -0.1153 -0.0733 0.0770
v -0.1132 -0.0457 -0.0622
v -0.1140 -0.1335 0.0829
v -0.1127 -0.1219 0.0912
v -0.1146 -0.0972 0.0993
v -0.1140 -0.0978 0.0889
v -0.1085 -0.1260 0.1033
v -0.1148 -0.1059 0.1128
v -0.1135 -0.0505 0.0851
v -0.1159 -0.1696 -0.1177
v -0.1107 -0.1084 0.0807
v -0.1117 -0.0773 0.0922
v -0.1097 -0.1382 0.0808
v -0.1147 -0.0698 0.0999
v -0.1136 -0.0928 0.1012
v -0.1143 -0.1139 0.1083
v -0.1135 -0.1478 0.0860
v -0.1036 -0.1647 0.1609
v -0.1147 -0.1432 0.0907
v -0.1113 -0.0694 0.0798
v -0.1155 -0.0068 0.0206
v -0.1129 -0.1338 -0.1093
v -0.1168 -0.0409 -0.0553
v -0.1140 -0.0922 -0.1000
v -0.1129 -0.1566 0.0843
v -0.1099 -0.1703 -0.0810
v -0.1115 -0.1450 0.0801
v -0.1123 -0.0314 0.0875
v -0.1116 -0.1222 0.1087
v -0.1101 -0.0460 0.0936
v -0.1103 -0.0775 0.0800
v -0.1122 -0.1277 0.0917
v -0.1140 -0.0041 0.0818
v -0.1130 -0.1418 0.0940
v -0.1120 -0.0997 0.0912
v -0.1136 -0.0127 0.0125
v -0.1145 -0.0829 0.0990
v -0.1123 -0.0702 0.0924
v -0.1115 -0.0944 0.0895
v -0.1141 -0.1703 0.1358
v -0.1145 -0.0516 0.0788
v -0.1088 0.0021 0.0735
v -0.1133 -0.1703 0.1051
v -0.1105 -0.0783 -0.0963
v -0.1101 -0.0700 -0.0869
v -0.1062 -0.0707 0.1044
v -0.1125 -0.1175 0.0810
v -0.1105 0.0042 0.0593
v -0.1126 -0.0891 0.0927
v -0.1119 -0.1141 0.1152
v -0.1103 -0.1023 0.1031
v -0.1098 -0.1158 0.1031
v -0.1107 -0.0803 0.0900
v -0.1102 -0.1686 -0.1177
v -0.1176 -0.1616 0.1359
v -0.1120 -0.0822 0.0900
v -0.1105 -0.0829 0.0903
v -0.1102 -0.1119 0.0889
v -0.1113 -0.1247 0.0897
v -0.1154 -0.1703 -0.0670
v -0.1101 -0.0883 0.0886
v -0.1100 -0.0191 0.0145
v -0.1069 0.0025 0.0374
v -0.1096 -0.1257 0.0812
v -0.1099 -0.1185 0.0805
v -0.1126 -0.1548 -0.1141
v -0.1101 -0.1250 -0.1073
v -0.1089 -0.1630 -0.1147
v -0.1118 -0.0964 0.1078
v -0.1097 -0.0141 0.0221
v -0.1120 -0.1120 0.0923
v -0.1114 -0.1495 0.0803
v -0.1098 -0.1014 0.0894
v -0.1106 -0.1375 0.0891
v -0.1108 -0.1016 0.1153
v -0.1098 -0.0906 0.0807
v -0.1113 -0.1703 0.1170
v -0.1084 -0.1620 0.1105
v -0.1109 -0.1183 0.0896
v -0.1075 -0.1703 -0.1063
v -0.1136 -0.1703 -0.0953
v -0.1145 -0.1703 0.0102
v -0.1123 -0.0465 0.0995
v -0.1053 -0.1703 0.1050
v -0.1094 -0.1703 0.0594
v -0.1129 -0.1634 0.1245
v -0.1103 -0.1154 -0.1053
v -0.1085 -0.0176 0.0882
v -0.1123 -0.0371 0.0877
v -0.1073 -0.0913 0.0841
v -0.1100 -0.1571 0.0868
v -0.1099 -0.1476 0.1028
v -0.1090 -0.1466 0.0882
v -0.1125 -0.1350 0.0909
v -0.0995 -0.1703 0.0026
v -0.1093 -0.0800 0.0904
v -0.1094 -0.0165 -0.0145
v -0.1059 -0.1261 0.1091
v -0.1083 -0.1252 0.0885
v -0.1090 -0.0625 0.1027
v -0.1074 -0.0970 0.0874
v -0.1083 -0.1649 0.1335
v -0.1054 -0.0344 -0.0407
v -0.1040 -0.1009 0.0855
v -0.1051 -0.1703 0.0394
v -0.1045 -0.1677 0.1671
v -0.1067 -0.1135 0.0826
v -0.1081 -0.0779 0.0883
v -0.1072 -0.0994 0.0826
v -0.1096 -0.0035 0.0248
v -0.1079 -0.0788 0.0853
v -0.1073 -0.0942 0.1044
v -0.1113 -0.0070 0.0870
v -0.1068 -0.1478 0.0829
v -0.1084 -0.1647 0.1190
v -0.1077 -0.1590 0.1246
v -0.1067 -0.0160 0.0248
v -0.1084 -0.0004 0.0873
v -0.1066 -0.1354 0.0828
v -0.1086 -0.1173 0.0889
v -0.1071 -0.1283 0.0831
v -0.1107 -0.1687 0.1661
v -0.1097 -0.1703 0.0753
v -0.1057 -0.1501 0.1047
v -0.1063 -0.0543 0.0958
v -0.1070 -0.1651 0.1480
v -0.1068 -0.0229 0.0219
v -0.1071 -0.1060 0.0826
v -0.1059 -0.0873 0.0887
v -0.1067 -0.0569 0.0918
v -0.1060 -0.1517 0.1304
v -0.1068 -0.1567 0.0885
v -0.1050 -0.1339 0.0868
v -0.1064 -0.1417 0.0849
v -0.1084 -0.0682 0.1108
v -0.1070 -0.1592 0.1367
v -0.1051 -0.1468 0.0866
v -0.1074 -0.1625 0.1044
v -0.1069 -0.1642 0.1377
v -0.1060 -0.1406 0.0859
v -0.1071 -0.0943 0.1105
v -0.1050 -0.1223 0.0866
v -0.1028 -0.1703 0.1324
v -0.1070 -0.0785 0.1053
v -0.1020 -0.1275 0.1067
v -0.1044 -0.1151 0.0857
v -0.1061 -0.1494 0.1145
v -0.1039 -0.1484 0.0835
v -0.1052 -0.1577 0.0832
v -0.1068 -0.0562 0.1026
v -0.1039 0.0004 0.0834
v -0.1046 -0.0786 0.0828
v -0.0988 -0.0007 0.0704
v -0.1094 -0.1447 -0.1110
v -0.1046 -0.1406 0.0827
v -0.1042 -0.0658 -0.0661
v -0.1114 -0.1702 -0.0075
v -0.1067 -0.1703 0.0506
v -0.1011 -0.1702 -0.0666
v -0.1019 -0.0232 0.0913
v -0.1055 -0.1198 0.0833
v -0.1027 -0.1416 0.1055
v -0.1016 -0.0170 0.0068
v -0.1049 -0.0601 0.0922
v -0.0974 -0.0188 0.0129
v -0.1023 -0.0103 0.0900
v -0.1048 -0.1244 0.0830
v -0.1043 -0.0925 0.0836
v -0.1051 -0.1705 0.1610
v -0.1075 -0.0591 0.1123
v -0.1022 -0.0837 0.1071
v -0.0968 -0.0286 0.0931
v -0.1038 -0.1155 0.1128
v -0.1026 -0.1576 0.1429
v -0.1053 -0.0505 0.0907
v -0.1038 -0.0899 0.1054
v -0.1020 -0.1702 0.0210
v -0.1070 -0.0642 0.1159
v -0.1032 -0.0029 0.0275
v -0.1019 -0.0230 0.0286
v -0.1057 -0.1035 0.1155
v -0.1006 -0.1411 0.1169
v -0.1024 -0.0716 0.1179
v -0.1013 -0.0317 0.0920
v -0.1027 -0.1606 0.1463
v -0.0923 -0.0227 0.0160
v -0.1037 -0.0566 0.0940
v -0.1024 -0.0975 0.1062
v -0.1035 -0.1011 -0.1034
v -0.1015 -0.0098 0.0276
v -0.1035 -0.1620 0.1364
v -0.1015 -0.1217 0.1110
v -0.1005 -0.0980 0.1134
v -0.1018 -0.1093 0.1103
v -0.1021 -0.1330 0.1069
v -0.1032 -0.0378 -0.0519
v -0.0969 -0.0426 -0.0534
v -0.1012 -0.0249 0.0200
v -0.1039 -0.1541 0.1395
v -0.1025 -0.1479 0.1343
v -0.1004 -0.0192 0.0886
v -0.1022 0.0013 0.0544
v -0.0949 -0.0009 0.0396
v -0.1000 -0.0011 0.0148
v -0.1044 -0.0474 -0.0594
v -0.0986 -0.1703 -0.0962
v -0.0968 -0.0173 -0.0080
v -0.1015 -0.0076 0.0197
v -0.0998 -0.0166 0.0299
v -0.0998 -0.1505 0.1454
v -0.0995 -0.0108 0.0127
v -0.0994 -0.0861 0.1160
v -0.1022 -0.0401 0.0917
v -0.1003 -0.0321 -0.0365
v -0.1016 -0.1258 -0.1073
v -0.0982 -0.1542 0.1401
v -0.0989 -0.1703 -0.0256
v -0.0998 -0.1107 0.1154
v -0.0996 -0.1324 0.1474
v -0.0978 -0.0114 0.0308
v -0.1063 -0.1703 0.0871
v -0.0969 -0.1402 0.1199
v -0.0988 -0.0071 0.0071
v -0.0985 -0.1469 0.1494
v -0.0966 -0.0122 0.0183
v -0.1017 -0.1702 -0.0472
v -0.1019 -0.1703 -0.0140
v -0.0972 -0.0045 0.0021
v -0.1010 -0.0812 -0.0962
v -0.0946 -0.0657 -0.0752
v -0.0979 -0.1628 0.1544
v -0.1028 -0.1413 -0.1098
v -0.0987 -0.0321 0.0988
v -0.0954 -0.1322 0.1541
v -0.0998 -0.0005 0.0297
v -0.0982 -0.0124 -0.0005
v -0.0984 -0.0556 0.1099
v -0.0956 -0.1435 0.1368
v -0.0994 -0.1404 0.1438
v -0.0954 -0.0383 -0.0448
v -0.0964 -0.0169 -0.0012
v -0.0916 -0.1703 0.0306
v -0.1003 -0.0656 -0.0644
v -0.0979 -0.0552 0.0976
v -0.0959 -0.0253 0.0910
v -0.0954 -0.0281 0.0955
v -0.0948 -0.1455 0.1343
v -0.0916 -0.0486 -0.0541
v -0.0973 -0.0080 0.0833
v -0.0968 -0.1545 0.1365
v -0.0968 -0.0273 0.0925
v -0.1007 -0.1700 -0.1160
v -0.0967 -0.0564 0.1214
v -0.0979 -0.1306 0.1184
v -0.0956 -0.0253 0.0927
v -0.0950 -0.0169 0.0084
v -0.0930 -0.1703 0.1235
v -0.0956 -0.0273 0.0923
v -0.0930 -0.0760 0.1250
v -0.0983 -0.0600 -0.0616
v -0.0933 -0.0048 0.0788
v -0.0927 -0.0750 -0.0902
v -0.0944 -0.0265 0.0918
v -0.1031 -0.1416 0.1320
v -0.0937 -0.1703 0.0125
v -0.0938 -0.0095 0.0321
v -0.0866 -0.0053 0.0685
v -0.0942 -0.0282 0.0922
v -0.0930 -0.1703 -0.0561
v -0.0989 -0.0679 -0.0838
v -0.0948 -0.0138 0.0148
v -0.0933 -0.1552 0.1580
v -0.0963 -0.0630 0.1242
v -0.0972 -0.0129 0.0879
v -0.0883 -0.1642 0.1615
v -0.0918 -0.0548 0.1008
v -0.0953 -0.1270 0.1460
v -0.0956 -0.1088 -0.1033
v -0.0943 -0.0282 0.0930
v -0.0953 -0.0548 -0.0590
v -0.0853 -0.0148 0.0959
v -0.0910 -0.0609 -0.0654
v -0.0939 0.0014 0.0097
v -0.0932 0.0010 0.0228
v -0.0967 -0.0909 -0.1000
v -0.0976 -0.1703 0.0653
v -0.0936 -0.0031 0.0501
v -0.0906 -0.1703 0.1082
v -0.0831 -0.1703 0.0834
v -0.0911 -0.1703 0.0478
v -0.0885 -0.0564 0.1245
v -0.0908 -0.0260 0.0976
v -0.0916 -0.0040 -0.0013
v -0.0918 -0.1401 0.1598
v -0.0898 -0.0355 0.1037
v -0.0925 -0.0396 0.1023
v -0.0874 -0.0005 0.0131
v -0.0918 -0.0242 0.0933
v -0.0941 -0.1702 0.1661
v -0.0912 -0.0830 -0.0954
v -0.0945 -0.1564 -0.1106
v -0.0883 -0.1268 0.1555
v -0.0821 -0.0324 -0.0303
v -0.0901 -0.0133 0.0324
v -0.0919 -0.0180 0.0129
v -0.0886 -0.0712 0.1257
v -0.0934 -0.0422 0.0979
v -0.0926 -0.0962 0.1211
v -0.0949 -0.1329 0.1369
v -0.0935 -0.1703 -0.1077
v -0.0860 -0.0204 -0.0165
v -0.0942 -0.0340 -0.0354
v -0.0933 -0.1676 0.1687
v -0.0857 -0.0066 0.0441
v -0.0917 -0.0107 -0.0055
v -0.0935 -0.0228 -0.0238
v -0.0857 -0.1686 -0.1172
v -0.0879 -0.1703 0.1516
v -0.0949 -0.1642 -0.1137
v -0.0940 -0.1196 0.1205
v -0.0874 -0.0055 0.0594
v -0.0904 -0.1703 0.0742
v -0.0864 -0.0787 0.1255
v -0.0906 -0.0229 0.0309
v -0.0888 -0.1352 0.1246
v -0.0900 -0.0288 0.0958
v -0.0946 -0.0818 0.1215
v -0.0857 -0.0189 0.0102
v -0.0820 -0.1520 0.1609
v -0.0888 -0.0040 0.0894
v -0.0892 -0.1467 -0.1063
v -0.0931 -0.0043 0.0343
v -0.0877 -0.0415 0.1009
v -0.0934 -0.1410 0.1286
v -0.0846 -0.0046 0.0014
v -0.0893 -0.0078 0.0248
v -0.0870 -0.1082 0.1227
v -0.0863 -0.0174 -0.0038
v -0.0896 -0.1703 -0.0761
v -0.0798 -0.1703 -0.0657
v -0.0864 -0.1703 -0.0176
v -0.0927 -0.1702 -0.0871
v -0.0850 -0.0067 0.0129
v -0.0835 -0.0232 0.0337
v -0.0808 -0.1703 0.0205
v -0.0906 -0.1686 -0.1149
v -0.0979 -0.1703 -0.0360
v -0.0874 -0.0644 0.1264
v -0.0832 -0.1704 0.1613
v -0.0886 -0.1422 0.1331
v -0.0881 -0.0289 0.1009
v -0.0854 -0.1401 0.1248
v -0.0886 -0.0100 0.0176
v -0.0877 -0.0413 -0.0473
v -0.0878 -0.1702 0.0005
v -0.0853 -0.0982 -0.0994
v -0.0859 -0.0946 0.1229
v -0.0851 -0.0253 0.0192
v -0.0844 -0.0359 0.1031
v -0.0825 -0.0567 0.1280
v -0.0819 -0.1360 0.1317
v -0.0834 -0.1260 -0.1012
v -0.0854 -0.0589 -0.0618
v -0.0820 -0.0193 -0.0057
v -0.0814 -0.0607 0.1267
v -0.0871 -0.1185 -0.1014
v -0.0851 -0.0822 0.1224
v -0.0812 -0.1113 -0.0984
v -0.0829 -0.0377 0.0985
v -0.0831 -0.0106 0.0060
v -0.0882 -0.1353 -0.1043
v -0.0858 -0.0551 0.1036
v -0.0872 -0.0655 -0.0855
v -0.0837 -0.0495 -0.0540
v -0.0843 -0.1617 -0.1104
v -0.0877 -0.1268 0.1372
v -0.0831 -0.0244 0.0125
v -0.0801 -0.1703 -0.1117
v -0.0824 -0.1433 0.1308
v -0.0840 -0.0111 -0.0029
v -0.0762 -0.0586 -0.0598
v -0.0776 -0.1689 -0.1215
v -0.0728 -0.1637 0.1653
v -0.0802 -0.1574 -0.1076
v -0.0820 -0.0170 0.0081
v -0.0828 -0.0581 0.1397
v -0.0821 -0.1192 0.1225
v -0.0819 -0.0323 0.0999
v -0.0831 -0.0457 0.1018
v -0.0837 -0.0789 -0.0955
v -0.0810 -0.0583 0.1462
v -0.0822 -0.0211 0.0028
v -0.0813 -0.0620 -0.0802
v -0.0804 -0.1412 0.1239
v -0.0855 -0.0171 0.0180
v -0.0813 -0.0661 0.1303
v -0.0873 -0.0404 -0.0344
v -0.0873 -0.1703 0.1334
v -0.0803 -0.1703 0.1204
v -0.0830 -0.1687 0.1702
v -0.0800 -0.1085 0.1212
v -0.0801 -0.0664 0.1369
v -0.0780 -0.0258 0.0029
v -0.0807 -0.1423 -0.1029
v -0.0745 -0.1703 -0.0324
v -0.0707 -0.0615 -0.0763
v -0.0788 -0.0120 0.0382
v -0.0802 -0.1273 0.1563
v -0.0773 -0.0532 0.1043
v -0.0748 -0.0175 0.0124
v -0.0779 -0.0557 0.1229
v -0.0845 -0.1702 0.0958
v -0.0826 -0.1291 0.1228
v -0.0818 -0.1296 0.1339
v -0.0785 -0.1703 0.0564
v -0.0802 -0.1639 -0.1157
v -0.0735 -0.1689 0.1719
v -0.0785 -0.0064 0.0163
v -0.0809 -0.1703 -0.0944
v -0.0752 -0.1703 0.0375
v -0.0761 -0.1148 -0.1006
v -0.0794 -0.1344 0.1329
v -0.0816 -0.0860 -0.0966
v -0.0782 -0.1620 0.1609
v -0.0784 -0.1345 0.1599
v -0.0795 -0.1461 0.1610
v -0.0806 -0.0671 0.1268
v -0.0766 -0.0630 0.1488
v -0.0760 -0.1328 -0.1053
v -0.0770 -0.1270 0.1430
v -0.0798 -0.0952 -0.0970
v -0.0678 -0.0441 -0.0489
v -0.0777 -0.0573 0.1522
v -0.0773 -0.0741 0.1259
v -0.0823 -0.0558 0.1135
v -0.0779 -0.0686 0.1440
v -0.0786 -0.0792 0.1248
v -0.0771 -0.0099 0.0100
v -0.0782 -0.0258 -0.0057
v -0.0784 -0.0920 0.1202
v -0.0836 -0.1703 -0.0477
v -0.0754 -0.0596 -0.0645
v -0.0812 -0.0037 0.0806
v -0.0697 -0.1702 -0.0771
v -0.0797 -0.0098 0.0949
v -0.0708 -0.0541 0.1185
v -0.0764 -0.1316 0.1381
v -0.0762 -0.1331 0.1374
v -0.0777 -0.0217 -0.0133
v -0.0737 -0.1095 0.1292
v -0.0766 -0.0955 0.1253
v -0.0762 -0.1020 0.1289
v -0.0745 -0.1223 0.1328
v -0.0705 -0.1703 0.0853
v -0.0756 -0.1333 0.1391
v -0.0742 -0.0926 0.1230
v -0.0759 -0.0359 -0.0067
v -0.0758 -0.1185 0.1342
v -0.0759 -0.0812 0.1255
v -0.0757 -0.0998 0.1344
v -0.0763 -0.1155 0.1242
v -0.0763 -0.1212 0.1243
v -0.0739 -0.0970 0.1295
v -0.0764 -0.1179 0.1287
v -0.0779 -0.1354 0.1228
v -0.0757 -0.0795 0.1339
v -0.0749 -0.1325 0.1387
v -0.0758 -0.0858 0.1266
v -0.0749 -0.0697 -0.0852
v -0.0761 -0.1057 0.1241
v -0.0762 -0.1276 0.1361
v -0.0747 -0.0397 -0.0103
v -0.0756 -0.1031 0.1350
v -0.0756 -0.1129 0.1363
v -0.0753 -0.0833 0.1389
v -0.0735 -0.0825 0.1334
v -0.0759 -0.0287 -0.0232
v -0.0740 -0.0383 -0.0276
v -0.0776 -0.1252 -0.1028
v -0.0758 -0.1333 0.1263
v -0.0757 -0.0952 0.1380
v -0.0740 -0.1273 0.1503
v -0.0731 -0.1508 0.1559
v -0.0666 -0.0103 0.0263
v -0.0734 -0.1159 0.1289
v -0.0729 -0.1592 -0.1158
v -0.0773 -0.0553 0.1407
v -0.0751 -0.0774 0.1394
v -0.0728 -0.1330 0.1334
v -0.0758 -0.1330 0.1366
v -0.0727 -0.1044 0.1308
v -0.0755 -0.0159 0.0973
v -0.0755 -0.1276 0.1263
v -0.0765 -0.1484 -0.1046
v -0.0747 -0.0228 0.0381
v -0.0743 -0.0312 -0.0167
v -0.0711 -0.1420 0.1546
v -0.0731 -0.0572 0.1573
v -0.0746 -0.0723 0.1355
v -0.0753 -0.1337 0.1371
v -0.0746 -0.0692 0.1403
v -0.0752 -0.1253 0.1389
v -0.0752 -0.1195 0.1407
v -0.0734 -0.1040 0.1414
v -0.0779 -0.1053 -0.0984
v -0.0715 -0.0677 0.1412
v -0.0745 -0.1045 0.1181
v -0.0743 -0.0982 0.1180
v -0.0746 -0.1155 0.1180
v -0.0750 -0.0695 0.1310
v -0.0687 -0.0535 0.1439
v -0.0747 -0.0359 0.1044
v -0.0739 -0.0511 -0.0556
v -0.0747 -0.0835 0.1185
v -0.0741 -0.0078 0.0222
v -0.0733 -0.1703 0.0112
v -0.0735 -0.1327 0.1420
v -0.0733 -0.1007 0.1222
v -0.0720 -0.1054 0.1226
v -0.0778 -0.0402 -0.0426
v -0.0708 -0.0528 0.1308
v -0.0734 -0.1507 -0.1099
v -0.0708 -0.0152 0.0908
v -0.0748 -0.1406 -0.1058
v -0.0737 -0.1224 0.1181
v -0.0734 -0.0534 0.1264
v -0.0698 -0.0411 -0.0049
v -0.0726 -0.1233 0.1301
v -0.0733 -0.0533 0.1357
v -0.0715 -0.1150 0.1226
v -0.0736 -0.1703 0.1369
v -0.0712 -0.1046 0.1341
v -0.0717 -0.0487 0.1333
v -0.0717 -0.0824 0.1411
v -0.0692 -0.1691 -0.1242
v -0.0728 -0.0792 0.1440
v -0.0727 -0.1354 0.1188
v -0.0718 -0.1157 0.1403
v -0.0729 -0.1307 0.1164
v -0.0714 -0.0383 -0.0202
v -0.0713 -0.0672 0.1564
v -0.0700 -0.0888 0.1393
v -0.0730 -0.0757 0.1338
v -0.0706 -0.1702 -0.1004
v -0.0726 -0.0926 0.1336
v -0.0705 -0.0509 0.1384
v -0.0712 -0.1268 0.1230
v -0.0705 -0.1193 0.1285
v -0.0702 -0.1048 0.1406
v -0.0727 -0.0830 0.1290
v -0.0724 -0.0747 0.1282
v -0.0778 -0.0255 0.1004
v -0.0681 -0.0101 0.0760
v -0.0702 -0.1290 0.1440
v -0.0680 -0.1702 0.1639
v -0.0765 -0.1703 -0.0062
v -0.0678 -0.0140 0.0415
v -0.0724 -0.1617 0.1562
v -0.0671 -0.1212 -0.1004
v -0.0754 -0.1703 0.0683
v -0.0695 -0.0758 0.1413
v -0.0708 -0.1214 0.1484
v -0.0701 -0.0699 0.1354
v -0.0656 -0.0687 0.1517
v -0.0722 -0.1284 0.1321
v -0.0697 -0.1298 0.1243
v -0.0708 -0.1048 0.1270
v -0.0712 -0.0987 -0.0978
v -0.0705 -0.0708 0.1217
v -0.0705 -0.0821 0.1480
v -0.0689 -0.0826 0.1444
v -0.0703 -0.1322 -0.1041
v -0.0703 -0.0762 0.1482
v -0.0692 -0.1159 0.1446
v -0.0710 -0.1170 0.1458
v -0.0684 -0.0781 0.1328
v -0.0723 -0.0461 0.1059
v -0.0704 -0.0688 0.1286
v -0.0712 -0.0490 0.1286
v -0.0684 -0.1702 0.1484
v -0.0704 -0.1085 0.1488
v -0.0710 -0.0987 0.1340
v -0.0697 -0.0755 0.1379
v -0.0705 -0.0992 0.1262
v -0.0713 -0.1156 0.1348
v -0.0696 -0.1193 0.1251
v -0.0693 -0.0961 0.1502
v -0.0700 -0.1343 0.1533
v -0.0609 -0.0339 0.0000
v -0.0719 -0.1235 0.1343
v -0.0697 -0.0803 0.1367
v -0.0695 -0.1238 0.1441
v -0.0692 -0.0997 0.1407
v -0.0703 -0.1021 0.1489
v -0.0674 -0.1703 -0.0191
v -0.0711 -0.0694 0.1473
v -0.0688 -0.1044 0.1444
v -0.0700 -0.1259 0.1495
v -0.0698 -0.1329 0.1497
v -0.0694 -0.1185 0.1376
v -0.0702 -0.0502 0.1425
v -0.0665 -0.1296 0.1444
v -0.0695 -0.0544 0.1507
v -0.0663 -0.0184 0.0163
v -0.0712 -0.0285 -0.0027
v -0.0689 -0.0146 0.0839
v -0.0714 -0.0261 0.0151
v -0.0697 -0.1247 0.1423
v -0.0652 -0.1124 0.1467
v -0.0670 -0.0691 0.1418
v -0.0639 -0.0506 0.1247
v -0.0699 -0.1230 0.1426
v -0.0691 -0.1519 0.1542
v -0.0713 -0.0789 -0.0913
v -0.0657 -0.1702 0.0264
v -0.0685 -0.1437 0.1530
v -0.0721 -0.0060 0.0535
v -0.0668 -0.1357 0.1581
v -0.0701 -0.0981 0.1452
v -0.0654 -0.1333 0.1530
v -0.0683 -0.0066 0.0464
v -0.0663 -0.0239 0.0414
v -0.0673 -0.0179 0.1010
v -0.0689 -0.0920 0.1447
v -0.0723 -0.0062 0.0668
v -0.0653 -0.1005 0.1454
v -0.0662 -0.0540 0.1538
v -0.0659 -0.0771 0.1313
v -0.0677 -0.0501 0.1449
v -0.0627 -0.0761 0.1523
v -0.0705 -0.0621 0.1559
v -0.0656 -0.0516 0.1343
v -0.0670 -0.0483 0.1206
v -0.0655 -0.1061 0.1493
v -0.0650 -0.1203 0.1454
v -0.0667 -0.0782 0.1402
v -0.0657 -0.0740 0.1439
v -0.0677 -0.0591 -0.0584
v -0.0641 -0.0101 0.0669
v -0.0629 -0.1703 -0.0518
v -0.0682 -0.0910 0.1288
v -0.0641 -0.0751 0.1482
v -0.0664 -0.0287 0.1068
v -0.0665 -0.0808 0.1304
v -0.0641 -0.1147 0.1267
v -0.0654 -0.0274 0.0019
v -0.0703 -0.0251 0.0290
v -0.0689 -0.1475 -0.1029
v -0.0626 -0.0494 0.1066
v -0.0634 -0.0547 0.1590
v -0.0645 -0.0483 0.1144
v -0.0696 -0.1116 0.1245
v -0.0677 -0.0530 0.1112
v -0.0773 -0.0141 0.0219
v -0.0661 -0.0240 0.1337
v -0.0632 -0.0277 0.1425
v -0.0658 -0.0527 0.1177
v -0.0627 -0.1495 -0.1101
v -0.0642 -0.1227 0.1512
v -0.0632 -0.0707 0.1211
v -0.0709 -0.1703 0.1061
v -0.0645 -0.0981 0.1496
v -0.0661 -0.0576 0.1639
v -0.0650 -0.0237 0.1254
v -0.0653 -0.0310 0.1289
v -0.0665 -0.1677 0.1730
v -0.0653 -0.0851 0.1504
v -0.0647 -0.0903 0.1487
v -0.0643 -0.1252 0.1501
v -0.0616 -0.1023 0.1563
v -0.0670 -0.0910 -0.0943
v -0.0635 -0.1195 0.1557
v -0.0646 -0.0011 0.1295
v -0.0651 -0.0685 0.1483
v -0.0630 -0.0381 0.1286
v -0.0647 -0.0819 0.1502
v -0.0637 -0.0000 0.1380
v -0.0625 -0.0500 -0.0544
v -0.0610 -0.0181 0.0735
v -0.0635 -0.0629 0.1616
v -0.0671 -0.1586 0.1516
v -0.0653 -0.1011 0.1521
v -0.0611 -0.0096 0.0548
v -0.0579 -0.1648 -0.1231
v -0.0589 -0.1702 -0.0044
v -0.0665 -0.1171 0.1511
v -0.0626 -0.1620 0.1621
v -0.0646 -0.1703 0.1198
v -0.0588 -0.1703 0.0060
v -0.0595 -0.1109 0.1260
v -0.0667 -0.0398 -0.0145
v -0.0618 -0.0483 0.1491
v -0.0690 -0.1296 0.1352
v -0.0591 -0.0690 0.1251
v -0.0634 -0.0355 0.1392
v -0.0615 -0.0088 0.1360
v -0.0634 -0.1442 0.1591
v -0.0630 -0.0682 -0.0767
v -0.0659 -0.0517 0.1384
v -0.0619 -0.0014 0.1219
v -0.0688 -0.1703 -0.0414
v -0.0584 -0.1349 0.1622
v -0.0620 -0.0430 0.1390
v -0.0601 -0.0470 0.1331
v -0.0626 -0.0535 0.1107
v -0.0628 -0.0230 0.1420
v -0.0618 -0.0110 0.0137
v -0.0613 0.0040 0.1293
v -0.0625 -0.0063 0.0191
v -0.0623 -0.0433 0.1261
v -0.0579 -0.0708 -0.0731
v -0.0598 -0.0872 0.1511
v -0.0614 -0.0983 0.1521
v -0.0639 -0.0786 0.1456
v -0.0604 -0.1014 0.1499
v -0.0620 -0.0446 -0.0010
v -0.0614 -0.1163 0.1532
v -0.0648 -0.1622 0.1553
v -0.0601 -0.0750 0.1512
v -0.0578 -0.1703 0.1410
v -0.0645 -0.1702 0.0642
v -0.0610 -0.1700 0.1736
v -0.0642 -0.1226 0.1258
v -0.0616 -0.0262 0.0199
v -0.0595 -0.1173 0.1580
v -0.0635 -0.0979 0.1289
v -0.0563 -0.0118 0.0264
v -0.0615 -0.0257 0.0147
v -0.0620 -0.1264 0.1522
v -0.0613 -0.0215 0.1366
v -0.0614 -0.0082 0.1258
v -0.0611 -0.0202 0.0195
v -0.0593 -0.0554 -0.0586
v -0.0617 -0.1189 0.1502
v -0.0605 -0.0124 0.1265
v -0.0578 -0.1563 0.1567
v -0.0593 -0.0159 0.0258
v -0.0604 -0.0508 0.1565
v -0.0597 -0.0939 0.1577
v -0.0600 -0.1286 0.1251
v -0.0615 -0.1041 0.1516
v -0.0599 -0.0748 0.1574
v -0.0609 -0.0213 0.1261
v -0.0639 -0.0531 0.1068
v -0.0570 -0.1341 0.1575
v -0.0601 -0.0249 0.0107
v -0.0625 -0.1297 0.1481
v -0.0615 -0.1694 -0.1249
v -0.0606 -0.1529 0.1588
v -0.0592 -0.1703 0.0433
v -0.0598 -0.0216 0.0841
v -0.0574 -0.1703 0.1576
v -0.0537 -0.0416 -0.0111
v -0.0496 -0.1703 0.0247
v -0.0567 -0.1004 0.1523
v -0.0637 -0.0382 -0.0335
v -0.0549 -0.0488 0.1102
v -0.0600 -0.0244 0.0445
v -0.0573 -0.0586 0.1668
v -0.0593 -0.0509 0.1189
v -0.0576 -0.0471 0.1237
v -0.0651 -0.1702 -0.1152
v -0.0574 -0.0738 0.1254
v -0.0580 -0.0383 0.1071
v -0.0592 -0.0166 0.0629
v -0.0553 -0.0155 0.0536
v -0.0604 -0.0695 0.1563
v -0.0495 -0.0570 0.1692
v -0.0598 -0.0563 0.1039
v -0.0577 -0.0696 0.1542
v -0.0618 -0.0805 0.1552
v -0.0584 -0.0697 0.1175
v -0.0551 -0.0750 0.1541
v -0.0582 -0.0541 0.1089
v -0.0531 -0.0494 0.1583
v -0.0565 0.0002 0.1473
v -0.0566 -0.0216 0.1203
v -0.0582 -0.0501 0.1426
v -0.0598 -0.0229 0.0959
v -0.0573 -0.0497 0.1524
v -0.0588 -0.1028 -0.0929
v -0.0557 -0.1562 -0.1163
v -0.0544 -0.0197 0.0245
v -0.0582 -0.1098 0.1517
v -0.0588 -0.1703 0.0883
v -0.0564 -0.0065 0.1182
v -0.0577 -0.0435 0.1072
v -0.0625 -0.0643 -0.0658
v -0.0565 -0.1276 0.1536
v -0.0610 -0.1476 -0.0996
v -0.0660 -0.1703 -0.0619
v -0.0596 -0.0996 0.1576
v -0.0572 -0.0466 0.1417
v -0.0571 0.0052 0.1252
v -0.0559 -0.1617 0.1605
v -0.0593 -0.1703 -0.0300
v -0.0585 -0.0126 0.0464
v -0.0563 -0.0272 0.0874
v -0.0583 -0.0294 0.1052
v -0.0567 -0.0211 0.1441
v -0.0575 -0.1277 0.1578
v -0.0586 -0.1670 0.1745
v -0.0585 -0.0316 0.1161
v -0.0567 -0.1271 0.1402
v -0.0551 -0.0504 0.1467
v -0.0560 -0.1048 0.1567
v -0.0526 -0.0292 0.0064
v -0.0639 -0.1116 -0.0974
v -0.0598 -0.0161 0.0135
v -0.0531 -0.1254 -0.0946
v -0.0564 -0.1703 0.0150
v -0.0542 -0.0474 0.0020
v -0.0504 0.0071 0.1281
v -0.0562 -0.0707 0.1563
v -0.0547 -0.0240 0.0492
v -0.0561 -0.1226 0.1574
v -0.0529 -0.0361 0.0970
v -0.0559 -0.1157 0.1564
v -0.0559 -0.0912 0.1561
v -0.0565 -0.1197 0.1530
v -0.0559 -0.0981 0.1565
v -0.0554 -0.1455 0.1598
v -0.0543 -0.0267 0.0239
v -0.0562 -0.0817 0.1573
v -0.0543 -0.0850 0.1306
v -0.0533 -0.0560 0.0975
v -0.0593 -0.1702 -0.0830
v -0.0497 -0.1528 0.1614
v -0.0511 -0.0689 0.1369
v -0.0540 -0.0610 -0.0639
v -0.0521 -0.1125 0.1244
v -0.0589 -0.0795 0.1504
v -0.0556 -0.0234 0.1495
v -0.0554 -0.0810 0.1533
v -0.0600 -0.0239 0.1174
v -0.0549 -0.0395 0.1167
v -0.0535 0.0128 0.1277
v -0.0574 -0.0365 0.1470
v -0.0517 0.0080 0.1333
v -0.0557 0.0138 0.1338
v -0.0569 -0.0891 -0.0877
v -0.0494 -0.0763 0.1541
v -0.0474 -0.1460 0.1634
v -0.0553 -0.0693 0.1115
v -0.0530 -0.1702 0.0733
v -0.0517 -0.0531 0.1597
v -0.0542 -0.0515 0.0982
v -0.0493 -0.1189 0.1545
v -0.0560 -0.0001 0.1161
v -0.0522 -0.0704 -0.0656
v -0.0543 -0.0222 0.0553
v -0.0513 0.0062 0.1422
v -0.0572 -0.1388 -0.0984
v -0.0469 -0.0777 -0.0749
v -0.0479 0.0060 0.1210
v -0.0589 -0.0674 0.1651
v -0.0571 -0.0780 -0.0819
v -0.0529 -0.0738 0.1158
v -0.0535 -0.1702 -0.0925
v -0.0524 -0.0539 0.1091
v -0.0486 -0.0469 0.1458
v -0.0544 -0.0255 0.0817
v -0.0515 -0.1270 0.1595
v -0.0496 -0.0004 0.1507
v -0.0534 -0.0316 0.0138
v -0.0556 -0.0184 0.0098
v -0.0551 -0.1418 0.1643
v -0.0521 -0.1266 0.1325
v -0.0527 -0.0437 0.1481
v -0.0527 -0.0476 0.1193
v -0.0450 -0.0231 0.1523
v -0.0461 -0.1702 -0.0625
v -0.0539 -0.1697 -0.1237
v -0.0481 -0.1619 0.1609
v -0.0538 -0.0277 0.0097
v -0.0542 -0.0450 -0.0455
v -0.0500 0.0134 0.1399
v -0.0485 -0.0247 0.0568
v -0.0490 -0.1423 0.1658
v -0.0477 -0.0190 0.0222
v -0.0529 -0.0930 0.1259
v -0.0499 -0.0234 0.0095
v -0.0568 -0.0062 0.1454
v -0.0517 -0.0344 0.0869
v -0.0507 -0.0238 0.0688
v -0.0500 -0.0071 0.1157
v -0.0522 -0.1279 0.1238
v -0.0476 -0.1703 -0.1155
v -0.0516 -0.1648 0.1709
v -0.0481 -0.0807 0.1541
v -0.0516 -0.0409 0.0938
v -0.0554 -0.0267 0.0325
v -0.0491 -0.0500 0.1536
v -0.0500 -0.0692 0.1594
v -0.0513 -0.0988 0.1555
v -0.0441 -0.1406 -0.0913
v -0.0494 0.0189 0.1260
v -0.0538 -0.1020 0.1248
v -0.0508 -0.0575 0.0941
v -0.0527 -0.0760 0.1324
v -0.0502 -0.0492 0.1076
v -0.0514 -0.1703 0.0986
v -0.0514 -0.1022 0.1544
v -0.0505 -0.0349 0.0065
v -0.0505 -0.0567 0.0966
v -0.0496 -0.1239 0.1575
v -0.0471 -0.0172 0.0139
v -0.0517 -0.0517 0.1126
v -0.0529 -0.1703 0.1276
v -0.0494 -0.0946 0.1129
v -0.0475 -0.0240 0.1122
v -0.0526 -0.1567 0.1587
v -0.0517 0.0174 0.1352
v -0.0490 -0.1279 0.1481
v -0.0504 -0.0358 0.0135
v -0.0543 -0.0773 0.1585
v -0.0513 0.0218 0.1325
v -0.0504 -0.0806 0.1254
v -0.0535 -0.0105 0.1185
v -0.0521 -0.0117 0.0187
v -0.0499 -0.0755 0.1578
v -0.0418 -0.0350 0.1514
v -0.0518 -0.1028 0.1590
v -0.0499 -0.1167 0.1586
v -0.0452 0.0007 0.1137
v -0.0494 -0.1702 -0.0537
v -0.0502 -0.0327 0.0161
v -0.0528 -0.1479 -0.1043
v -0.0457 -0.0283 0.0502
v -0.0492 -0.0785 0.1133
v -0.0500 -0.1687 0.1761
v -0.0494 -0.1085 0.1589
v -0.0468 -0.0771 0.1199
v -0.0487 -0.0821 0.1581
v -0.0493 -0.0928 0.1553
v -0.0486 -0.0985 0.1596
v -0.0497 -0.0651 0.0962
v -0.0500 -0.1050 0.1132
v -0.0500 -0.1473 -0.0947
v -0.0500 -0.1101 0.1152
v -0.0453 -0.1703 0.0592
v -0.0515 -0.0405 0.0047
v -0.0489 -0.0838 0.1140
v -0.0477 -0.1354 0.1652
v -0.0466 -0.0395 0.0112
v -0.0513 -0.0696 0.1569
v -0.0475 -0.1054 0.1545
v -0.0424 -0.0685 0.1476
v -0.0541 -0.0686 0.1494
v -0.0502 -0.0311 0.1517
v -0.0514 -0.0529 0.0917
v -0.0512 -0.0224 0.0844
v -0.0501 -0.0129 0.1475
v -0.0476 -0.1628 0.1677
v -0.0511 -0.0370 0.1156
v -0.0432 -0.0551 0.1643
v -0.0490 -0.0604 -0.0623
v -0.0437 -0.1265 0.1251
v -0.0476 -0.0282 0.0905
v -0.0432 -0.0983 -0.0839
v -0.0457 -0.1703 0.1102
v -0.0466 -0.1259 0.1547
v -0.0450 -0.1281 0.1546
v -0.0472 -0.0500 0.0046
v -0.0486 -0.0547 0.1061
v -0.0484 0.0074 0.1381
v -0.0451 -0.1563 0.1595
v -0.0485 -0.0215 0.1482
v -0.0428 -0.1646 0.1706
v -0.0432 -0.0343 0.1138
v -0.0496 -0.1212 0.1234
v -0.0473 -0.0792 0.1601
v -0.0470 -0.1575 0.1620
v -0.0458 -0.0517 0.1617
v -0.0449 -0.0624 0.0958
v -0.0494 -0.1702 0.0495
v -0.0487 -0.0691 0.1186
v -0.0473 -0.0297 0.0137
v -0.0486 -0.1218 0.1600
v -0.0442 -0.0445 0.1485
v -0.0455 -0.1125 0.1549
v -0.0458 -0.1565 0.1637
v -0.0464 -0.0363 0.0966
v -0.0419 -0.1593 0.1677
v -0.0489 -0.0384 0.1492
v -0.0465 -0.0933 0.1606
v -0.0435 -0.1443 0.1636
v -0.0462 -0.0276 0.0668
v -0.0449 -0.0197 0.0747
v -0.0449 -0.0253 0.0153
v -0.0460 -0.0698 0.1551
v -0.0457 -0.1548 -0.1108
v -0.0528 -0.1703 -0.1039
v -0.0465 -0.1139 0.1184
v -0.0444 -0.1703 0.0843
v -0.0450 -0.0694 0.1618
v -0.0482 -0.0496 0.1494
v -0.0439 -0.1702 -0.0000
v -0.0468 -0.0217 0.1157
v -0.0432 0.0211 0.1368
v -0.0499 -0.1703 -0.0188
v -0.0468 -0.1344 0.1608
v -0.0448 -0.1572 0.1618
v -0.0441 -0.0094 0.1163
v -0.0489 -0.0694 0.1073
v -0.0474 -0.0989 0.1541
v -0.0424 -0.1040 0.1583
v -0.0448 -0.0853 0.1603
v -0.0398 -0.0470 -0.0418
v -0.0469 -0.1615 -0.1169
v -0.0478 -0.0506 -0.0513
v -0.0438 -0.1191 0.1551
v -0.0445 -0.0398 -0.0191
v -0.0433 -0.0536 0.1596
v -0.0447 -0.1295 0.1607
v -0.0435 -0.0901 0.1559
v -0.0495 -0.1703 0.1714
v -0.0509 -0.1702 -0.0427
v -0.0428 -0.0505 0.1110
v -0.0448 -0.0448 0.0087
v -0.0438 -0.1267 0.1597
v -0.0443 0.0168 0.1374
v -0.0449 -0.0467 0.0977
v -0.0451 -0.0812 0.1546
v -0.0437 -0.0757 0.1587
v -0.0444 -0.1195 0.1604
v -0.0353 -0.1282 0.1469
v -0.0473 -0.0676 0.1673
v -0.0416 -0.0210 0.0870
v -0.0423 -0.0400 0.0112
v -0.0425 -0.0287 0.0470
v -0.0370 -0.0363 0.1008
v -0.0389 -0.0537 0.1045
v -0.0434 -0.0698 0.1581
v -0.0434 -0.0353 0.0563
v -0.0427 -0.1685 -0.1198
v -0.0418 -0.1219 0.1572
v -0.0454 -0.0345 0.0123
v -0.0429 -0.0819 0.1589
v -0.0439 0.0164 0.1269
v -0.0387 -0.0006 0.1490
v -0.0442 -0.1509 0.1621
v -0.0428 -0.1703 0.1200
v -0.0432 -0.1084 0.1596
v -0.0377 -0.0439 0.0129
v -0.0423 -0.0984 0.1571
v -0.0442 -0.0429 0.1145
v -0.0411 -0.1166 0.1182
v -0.0439 -0.0536 0.0957
v -0.0427 0.0070 0.1267
v -0.0434 -0.1005 0.1602
v -0.0396 -0.0429 -0.0030
v -0.0314 -0.0786 -0.0700
v -0.0380 -0.0503 0.1467
v -0.0418 0.0162 0.1326
v -0.0448 -0.0488 0.1575
v -0.0410 -0.0290 0.1513
v -0.0448 0.0127 0.1239
v -0.0459 -0.0468 0.1167
v -0.0419 0.0214 0.1291
v -0.0376 -0.0294 0.0276
v -0.0444 -0.1584 0.1599
v -0.0435 -0.0701 -0.0619
v -0.0322 -0.1702 -0.0783
v -0.0424 -0.0326 0.0612
v -0.0451 -0.0244 0.0205
v -0.0422 -0.1167 0.1581
v -0.0424 -0.0570 0.0988
v -0.0396 0.0135 0.1373
v -0.0430 -0.0776 0.1540
v -0.0422 -0.0088 0.1477
v -0.0371 -0.0424 0.1469
v -0.0400 -0.0117 0.1186
v -0.0320 -0.1703 0.1243
v -0.0414 -0.1062 -0.0822
v -0.0394 -0.1638 0.1674
v -0.0350 -0.0697 -0.0577
v -0.0431 -0.1703 0.0331
v -0.0394 -0.1480 -0.0905
v -0.0362 -0.0519 0.1125
v -0.0429 -0.1143 -0.0871
v -0.0388 -0.1563 0.1573
v -0.0369 -0.0796 0.1517
v -0.0409 -0.1298 -0.0849
v -0.0410 0.0078 0.1325
v -0.0420 0.0070 0.1369
v -0.0372 -0.0239 0.1145
v -0.0406 -0.1059 -0.0749
v -0.0402 -0.0217 0.1473
v -0.0398 -0.0008 0.1144
v -0.0423 -0.1034 0.1560
v -0.0410 -0.1703 0.1363
v -0.0438 -0.0842 -0.0773
v -0.0395 -0.0548 -0.0551
v -0.0427 -0.0286 0.0308
v -0.0378 -0.0262 0.0927
v -0.0320 -0.0416 -0.0281
v -0.0362 -0.0219 0.1196
v -0.0396 -0.0254 0.0704
v -0.0348 -0.1703 0.0217
v -0.0386 0.0131 0.1298
v -0.0382 -0.1554 -0.1076
v -0.0395 -0.0527 0.1103
v -0.0380 -0.0573 0.1674
v -0.0386 -0.0189 0.0807
v -0.0383 -0.0334 0.0008
v -0.0370 -0.0426 0.1175
v -0.0475 -0.0400 -0.0327
v -0.0393 -0.0406 0.0058
v -0.0399 -0.0470 0.1442
v -0.0363 -0.1704 0.1707
v -0.0366 -0.0434 0.0016
v -0.0398 -0.0812 0.1590
v -0.0358 -0.1020 0.1588
v -0.0336 -0.1441 -0.0876
v -0.0395 -0.1611 0.1631
v -0.0355 -0.0107 0.1433
v -0.0448 -0.1052 0.1173
v -0.0347 -0.0551 0.0986
v -0.0379 -0.1250 0.1407
v -0.0362 -0.0089 0.1198
v -0.0339 -0.0412 -0.0041
v -0.0385 -0.1702 0.0701
v -0.0358 -0.0365 0.0600
v -0.0377 -0.0693 0.1582
v -0.0334 -0.0447 0.0047
v -0.0380 -0.1237 -0.0713
v -0.0385 -0.0755 0.1570
v -0.0390 -0.0488 0.0075
v -0.0358 -0.0278 0.0181
v -0.0369 -0.1381 -0.0847
v -0.0374 -0.1313 -0.0798
v -0.0358 -0.1340 0.1582
v -0.0259 -0.0543 -0.0463
v -0.0297 -0.1703 0.0781
v -0.0398 -0.0912 0.1179
v -0.0416 -0.1507 -0.1012
v -0.0319 -0.1282 -0.0762
v -0.0327 -0.0004 0.1440
v -0.0362 -0.0463 0.1216
v -0.0405 -0.1278 0.1187
v -0.0357 -0.1521 0.1595
v -0.0302 -0.0357 0.0330
v -0.0397 -0.1703 -0.0726
v -0.0346 -0.1622 0.1591
v -0.0369 -0.1193 0.1535
v -0.0316 -0.1334 0.1568
v -0.0374 -0.1280 0.1575
v -0.0357 -0.1703 0.0973
v -0.0257 -0.1703 0.0428
v -0.0377 -0.1365 0.1645
v -0.0361 -0.0977 0.1556
v -0.0357 -0.1162 0.1548
v -0.0358 -0.0618 0.1652
v -0.0352 -0.0631 -0.0561
v -0.0355 -0.0238 0.1493
v -0.0353 -0.1243 0.1576
v -0.0359 -0.0914 0.1541
v -0.0371 -0.1702 -0.0050
v -0.0297 -0.0360 0.0528
v -0.0354 -0.1047 0.1550
v -0.0359 -0.0692 0.1147
v -0.0371 -0.1198 0.1596
v -0.0358 -0.0318 0.0980
v -0.0390 -0.1176 -0.0726
v -0.0357 -0.0778 0.1585
v -0.0365 -0.0471 0.1009
v -0.0309 -0.0814 0.1518
v -0.0356 0.0052 0.1390
v -0.0308 -0.0406 -0.0135
v -0.0354 -0.0833 0.1567
v -0.0355 0.0050 0.1251
v -0.0357 -0.0494 0.1525
v -0.0313 -0.0259 0.0811
v -0.0346 -0.0343 0.0487
v -0.0323 -0.1254 0.1525
v -0.0402 -0.0772 0.1152
v -0.0282 -0.0419 0.0084
v -0.0321 -0.0892 -0.0710
v -0.0430 -0.1703 0.1495
v -0.0331 -0.0942 0.1521
v -0.0327 -0.0748 0.1519
v -0.0298 -0.0740 -0.0618
v -0.0310 -0.1630 -0.1051
v -0.0387 -0.1681 0.1760
v -0.0304 -0.0437 0.1357
v -0.0338 -0.1155 0.1579
v -0.0328 -0.1512 -0.0915
v -0.0325 -0.0328 0.1467
v -0.0349 -0.0311 0.0222
v -0.0299 -0.0310 0.0867
v -0.0318 -0.1603 0.1665
v -0.0334 -0.0212 0.1419
v -0.0329 -0.0304 0.0696
v -0.0316 -0.0104 0.1356
v -0.0330 -0.1230 -0.0701
v -0.0329 -0.0478 0.1283
v -0.0361 -0.0284 0.0092
v -0.0298 -0.0503 0.1452
v -0.0339 -0.0499 0.1188
v -0.0337 -0.1702 -0.0476
v -0.0279 -0.1277 0.1321
v -0.0343 -0.1649 -0.1128
v -0.0304 -0.1573 0.1548
v -0.0354 -0.0687 0.1524
v -0.0330 -0.1289 0.1523
v -0.0332 -0.0470 0.1366
v -0.0333 -0.0689 0.1589
v -0.0278 -0.0414 0.0138
v -0.0345 -0.1016 0.1522
v -0.0267 -0.1159 -0.0673
v -0.0310 -0.0684 0.1430
v -0.0319 -0.0505 0.1570
v -0.0309 -0.0333 0.0192
v -0.0338 -0.0155 0.1235
v -0.0316 -0.1702 -0.0197
v -0.0372 -0.1703 -0.0941
v -0.0359 -0.1703 -0.1067
v -0.0293 -0.0983 0.1527
v -0.0311 -0.0933 0.1574
v -0.0335 -0.1697 -0.1134
v -0.0293 -0.0237 0.1424
v -0.0337 -0.1453 0.1588
v -0.0321 -0.1558 -0.0993
v -0.0311 -0.0075 0.1261
v -0.0387 -0.0689 0.1351
v -0.0297 -0.0508 0.1382
v -0.0363 -0.1431 0.1636
v -0.0318 -0.0355 0.0431
v -0.0307 -0.0219 0.1312
v -0.0257 -0.1702 0.0615
v -0.0297 -0.1168 0.1525
v -0.0364 -0.1703 0.0110
v -0.0276 -0.0576 -0.0516
v -0.0282 -0.0008 0.1347
v -0.0320 -0.1683 0.1757
v -0.0302 -0.0825 0.1562
v -0.0258 -0.0753 0.1230
v -0.0279 -0.1273 0.1544
v -0.0302 -0.1055 0.1565
v -0.0295 -0.1343 -0.0832
v -0.0312 -0.0799 0.1494
v -0.0286 -0.0788 0.1551
v -0.0361 -0.0688 0.1226
v -0.0310 -0.0421 0.1252
v -0.0249 -0.0482 -0.0359
v -0.0311 -0.0005 0.1218
v -0.0329 -0.0673 0.1645
v -0.0289 -0.0539 0.1561
v -0.0310 -0.0426 0.0175
v -0.0263 -0.0490 0.1502
v -0.0253 -0.0687 0.1415
v -0.0307 -0.0044 0.1393
v -0.0296 -0.0326 0.1222
v -0.0266 -0.0763 0.1430
v -0.0339 -0.0379 0.0212
v -0.0269 -0.0302 0.0051
v -0.0298 -0.0374 0.1320
v -0.0297 -0.0608 0.1001
v -0.0319 -0.0395 0.1417
v -0.0273 -0.1512 -0.1002
v -0.0298 -0.0311 -0.0016
v -0.0279 -0.0318 0.0769
v -0.0285 -0.1523 0.1563
v -0.0285 -0.0702 0.1536
v -0.0298 -0.0561 0.0991
v -0.0329 -0.0545 0.1590
v -0.0305 -0.1213 0.1511
v -0.0290 -0.0986 0.1248
v -0.0307 -0.1286 0.1207
v -0.0379 -0.0988 -0.0733
v -0.0301 -0.0399 -0.0069
v -0.0242 -0.1298 0.1219
v -0.0290 -0.1182 0.1560
v -0.0285 -0.0378 0.0665
v -0.0289 -0.1047 0.1518
v -0.0206 -0.0360 0.0381
v -0.0285 -0.0327 0.0139
v -0.0264 -0.0998 0.1456
v -0.0383 -0.1702 -0.0333
v -0.0293 -0.0235 0.1228
v -0.0279 -0.1702 -0.0054
v -0.0308 -0.0479 0.1126
v -0.0218 -0.1703 -0.0982
v -0.0369 -0.1702 0.1582
v -0.0263 -0.0392 0.0732
v -0.0252 -0.0691 0.1232
v -0.0242 -0.0353 -0.0041
v -0.0247 -0.0569 0.1014
v -0.0271 -0.1328 0.1512
v -0.0270 -0.0327 0.1350
v -0.0273 -0.0232 0.1312
v -0.0292 -0.1101 0.1201
v -0.0240 -0.0411 -0.0047
v -0.0287 -0.0515 0.1174
v -0.0233 -0.0489 0.1180
v -0.0266 -0.0459 0.0099
v -0.0279 -0.0855 0.1249
v -0.0262 -0.0419 0.0916
v -0.0246 -0.0577 0.1630
v -0.0283 -0.1018 0.1550
v -0.0252 -0.1439 0.1584
v -0.0286 -0.1352 0.1606
v -0.0297 -0.1080 -0.0693
v -0.0234 -0.0387 0.0287
v -0.0233 -0.0985 0.1486
v -0.0251 -0.1231 0.1471
v -0.0277 -0.0619 0.1611
v -0.0246 -0.0680 0.1543
v -0.0289 -0.0752 0.1515
v -0.0268 -0.0543 0.1090
v -0.0207 -0.0529 0.1385
v -0.0242 -0.1702 0.0091
v -0.0259 -0.0739 0.1481
v -0.0274 -0.0514 0.1273
v -0.0260 -0.1308 0.1459
v -0.0268 -0.0512 0.0952
v -0.0343 -0.1703 0.0389
v -0.0234 -0.0822 0.1485
v -0.0239 -0.1703 0.1341
v -0.0250 -0.1344 0.1474
v -0.0274 -0.1400 -0.0941
v -0.0253 -0.0819 0.1462
v -0.0246 -0.0905 0.1481
v -0.0238 -0.1305 0.1418
v -0.0216 -0.1019 0.1491
v -0.0217 -0.0461 0.0206
v -0.0207 -0.1308 0.1492
v -0.0272 -0.1178 0.1469
v -0.0210 -0.1703 -0.0676
v -0.0247 -0.1109 0.1476
v -0.0257 -0.1036 0.1461
v -0.0248 -0.0952 0.1448
v -0.0274 -0.1195 0.1210
v -0.0237 -0.0344 0.0076
v -0.0260 -0.1443 0.1536
v -0.0234 -0.0502 0.1227
v -0.0194 -0.1092 -0.0650
v -0.0223 -0.1551 0.1458
v -0.0263 -0.0698 0.1490
v -0.0231 -0.1698 0.1746
v -0.0262 -0.1703 -0.0555
v -0.0206 -0.0927 0.1259
v -0.0204 -0.1703 -0.0217
v -0.0243 -0.1218 0.1495
v -0.0248 -0.0546 0.1522
v -0.0227 -0.0537 0.0915
v -0.0239 -0.0527 0.1468
v -0.0289 -0.1193 -0.0753
v -0.0209 -0.0752 0.1454
v -0.0235 -0.0846 0.1427
v -0.0212 -0.0386 0.0030
v -0.0279 -0.1695 -0.1077
v -0.0241 -0.1265 -0.0843
v -0.0248 -0.0688 0.1322
v -0.0197 -0.0566 0.1068
v -0.0199 -0.0490 0.1249
v -0.0217 -0.0537 0.1175
v -0.0234 -0.1214 0.1422
v -0.0198 -0.1213 0.1481
v -0.0240 -0.0779 0.1283
v -0.0202 -0.0974 0.1422
v -0.0229 -0.0438 0.0029
v -0.0197 -0.0689 0.1466
v -0.0196 -0.0751 0.1280
v -0.0182 -0.1529 -0.1012
v -0.0213 -0.0459 0.0776
v -0.0202 -0.0599 -0.0491
v -0.0228 -0.0791 0.1392
v -0.0235 -0.1015 0.1418
v -0.0175 -0.1702 -0.0045
v -0.0234 -0.1702 -0.0845
v -0.0231 -0.0629 0.1064
v -0.0248 -0.0604 0.0939
v -0.0211 -0.0813 0.1350
v -0.0222 -0.0776 0.1341
v -0.0213 -0.0487 0.1426
v -0.0213 -0.0999 0.1355
v -0.0214 -0.1167 0.1416
v -0.0193 -0.1303 0.1275
v -0.0208 -0.1192 0.1274
v -0.0158 -0.1703 0.1556
v -0.0191 -0.0696 0.1269
v -0.0199 -0.1098 0.1245
v -0.0220 -0.1316 0.1367
v -0.0230 -0.0669 0.1582
v -0.0197 -0.0926 0.1465
v -0.0216 -0.0495 0.1295
v -0.0176 -0.0978 0.1278
v -0.0195 -0.0419 -0.0193
v -0.0206 -0.0681 0.1410
v -0.0200 -0.0632 0.1008
v -0.0206 -0.1226 0.1336
v -0.0201 -0.1040 0.1376
v -0.0233 -0.0479 0.0879
v -0.0223 -0.0801 -0.0669
v -0.0251 -0.1703 0.1115
v -0.0249 -0.1616 -0.1041
v -0.0198 -0.0767 0.1389
v -0.0208 -0.1026 0.1332
v -0.0191 -0.0865 0.1276
v -0.0207 -0.0946 0.1339
v -0.0207 -0.1665 0.1737
v -0.0222 -0.1176 0.1495
v -0.0212 -0.0497 0.1354
v -0.0202 -0.1163 0.1331
v -0.0196 -0.0824 0.1420
v -0.0190 -0.1161 0.1370
v -0.0190 -0.1128 0.1460
v -0.0191 -0.0540 0.1425
v -0.0192 -0.1007 0.1466
v -0.0195 -0.1084 0.1369
v -0.0207 -0.1461 0.1475
v -0.0195 -0.0804 0.1469
v -0.0185 -0.1340 0.1454
v -0.0172 -0.1553 0.1462
v -0.0177 -0.0620 0.1117
v -0.0195 -0.1041 0.1426
v -0.0183 -0.1223 0.1308
v -0.0221 -0.1703 0.0952
v -0.0192 -0.1267 0.1422
v -0.0195 -0.1231 0.1408
v -0.0203 -0.0916 0.1367
v -0.0172 -0.0795 0.1382
v -0.0195 -0.0701 0.1359
v -0.0195 -0.0520 0.1325
v -0.0161 -0.0759 0.1328
v -0.0174 -0.1133 0.1296
v -0.0171 -0.1188 0.1428
v -0.0155 -0.1115 -0.0744
v -0.0186 -0.1352 0.1510
v -0.0137 -0.1691 0.1739
v -0.0188 -0.1504 0.1416
v -0.0122 -0.1637 -0.1066
v -0.0185 -0.1336 0.1394
v -0.0185 -0.0506 0.0234
v -0.0157 -0.0556 0.1473
v -0.0186 -0.0980 0.1295
v -0.0182 -0.1548 0.1405
v -0.0178 -0.0987 0.1381
v -0.0208 -0.1017 0.1279
v -0.0177 -0.1435 -0.0982
v -0.0181 -0.0538 0.1247
v -0.0200 -0.0622 0.1541
v -0.0146 -0.0581 0.1113
v -0.0181 -0.1227 0.1276
v -0.0182 -0.1453 0.1431
v -0.0224 -0.1704 0.1683
v -0.0171 -0.0961 0.1283
v -0.0173 -0.0574 0.1562
v -0.0184 -0.0738 0.1329
v -0.0169 -0.1169 0.1285
v -0.0161 -0.0701 0.1367
v -0.0158 -0.1161 0.1360
v -0.0196 -0.0700 -0.0514
v -0.0164 -0.0852 0.1368
v -0.0126 -0.0586 0.1493
v -0.0156 -0.0760 0.1274
v -0.0172 -0.1100 -0.0695
v -0.0166 -0.1030 0.1372
v -0.0148 -0.0669 0.1487
v -0.0201 -0.0935 -0.0650
v -0.0167 -0.1564 0.1381
v -0.0129 -0.0643 0.0979
v -0.0157 -0.0969 0.1357
v -0.0174 -0.1236 0.1373
v -0.0171 -0.1703 0.0484
v -0.0161 -0.0963 0.1295
v -0.0230 -0.1703 0.1464
v -0.0167 -0.1244 -0.0892
v -0.0173 -0.1501 0.1322
v -0.0116 -0.0572 0.1184
v -0.0160 -0.0435 -0.0040
v -0.0192 -0.1424 0.1532
v -0.0119 -0.0594 -0.0456
v -0.0162 -0.1072 0.1306
v -0.0158 -0.1308 0.1275
v -0.0145 -0.1402 0.1403
v -0.0152 -0.0926 0.1269
v -0.0149 -0.1703 0.0288
v -0.0095 -0.0551 0.0279
v -0.0146 -0.1450 0.1349
v -0.0160 -0.0982 0.1280
v -0.0152 -0.0624 0.1184
v -0.0154 -0.0553 0.1341
v -0.0157 -0.1041 0.1273
v -0.0153 -0.1226 0.1308
v -0.0160 -0.1204 -0.0837
v -0.0149 -0.1194 0.1301
v -0.0131 -0.1353 0.1423
v -0.0138 -0.0464 0.0146
v -0.0111 -0.0523 0.0210
v -0.0150 -0.1703 0.0789
v -0.0130 -0.0480 0.0906
v -0.0179 -0.0694 0.1315
v -0.0173 -0.1577 0.1530
v -0.0103 -0.1514 0.1253
v -0.0088 -0.1013 -0.0668
v -0.0141 -0.0623 0.1426
v -0.0163 -0.1690 -0.1078
v -0.0177 -0.0457 0.0082
v -0.0151 -0.1541 0.1280
v -0.0093 -0.1308 -0.0936
v -0.0151 -0.0450 0.0284
v -0.0101 -0.1703 0.1004
v -0.0157 -0.1326 0.1352
v -0.0090 -0.1031 0.1273
v -0.0145 -0.1431 0.1465
v -0.0134 -0.0557 0.1241
v -0.0145 -0.1229 0.1271
v -0.0069 -0.1703 -0.1044
v -0.0173 -0.0444 0.0708
v -0.0119 -0.0662 0.1264
v -0.0124 -0.1431 0.1266
v -0.0131 -0.0615 0.1265
v -0.0166 -0.1702 -0.0357
v -0.0150 -0.0836 0.1271
v -0.0118 -0.0674 0.1408
v -0.0127 -0.0669 0.1343
v -0.0105 -0.1365 0.1351
v -0.0113 -0.1135 -0.0788
v -0.0160 -0.1620 0.1666
v -0.0110 -0.1429 0.1398
v -0.0163 -0.1040 -0.0637
v -0.0104 -0.0567 0.1425
v -0.0151 -0.1109 0.1276
v -0.0071 -0.1702 -0.0548
v -0.0125 -0.1703 0.0099
v -0.0093 -0.0783 -0.0600
v -0.0068 -0.0871 -0.0590
v -0.0119 -0.0586 0.0948
v -0.0104 -0.1588 0.1483
v -0.0174 -0.0391 0.0565
v -0.0087 -0.0499 0.0128
v -0.0145 -0.1703 0.0647
v -0.0083 -0.1703 -0.0762
v -0.0114 -0.1368 0.1279
v -0.0039 -0.0673 -0.0422
v -0.0093 -0.1425 0.1369
v -0.0114 -0.1190 0.1267
v -0.0105 -0.1541 -0.1017
v -0.0098 -0.0575 0.1359
v -0.0095 -0.0579 0.1263
v -0.0099 -0.0496 0.0302
v -0.0059 -0.1703 0.0533
v -0.0101 -0.1703 -0.0924
v -0.0105 -0.0671 0.1224
v -0.0119 -0.0689 -0.0470
v -0.0068 -0.0679 0.1142
v -0.0135 -0.0432 0.0841
v -0.0034 -0.0914 -0.0575
v -0.0115 -0.1348 -0.0954
v -0.0082 -0.1441 0.1258
v -0.0086 -0.1435 0.1304
v -0.0061 -0.1590 -0.1051
v -0.0109 -0.0475 0.0044
v -0.0081 -0.1226 -0.0896
v -0.0104 -0.1703 0.1191
v -0.0060 -0.1300 0.1276
v -0.0055 -0.0578 -0.0401
v -0.0065 -0.1465 -0.0978
v -0.0056 -0.0659 0.0993
v -0.0054 -0.1691 -0.1083
v -0.0063 -0.0848 0.1269
v -0.0105 -0.0384 0.0411
v -0.0065 -0.1480 0.1280
v -0.0063 -0.0459 0.0898
v -0.0069 -0.1418 0.1278
v -0.0015 -0.1703 0.0856
v -0.0064 -0.1469 0.1402
v -0.0052 -0.1601 0.1464
v -0.0042 -0.1595 0.1278
v -0.0026 -0.1103 -0.0851
v -0.0057 -0.1693 0.1703
v -0.0074 -0.1582 0.1374
v -0.0084 -0.0447 -0.0208
v -0.0042 -0.1577 0.1348
v -0.0046 -0.1083 0.1267
v -0.0061 -0.0935 0.1270
v -0.0103 -0.1703 0.1372
v -0.0027 -0.1703 0.0716
v 0.0033 -0.1703 0.0088
v -0.0042 -0.0456 -0.0122
v -0.0066 -0.0745 0.1243
v -0.0051 -0.1503 0.1438
v -0.0052 -0.0498 -0.0002
v -0.0082 -0.0438 0.0621
v -0.0043 -0.1359 0.1426
v -0.0061 -0.0463 -0.0029
v -0.0024 -0.1555 0.1281
v -0.0098 -0.0974 -0.0612
v -0.0078 -0.0493 -0.0284
v -0.0031 -0.1519 -0.0987
v -0.0006 -0.0569 -0.0043
v -0.0044 -0.0631 0.1331
v 0.0013 -0.1703 0.1094
v 0.0012 -0.1703 0.0223
v 0.0044 -0.1558 -0.0996
v -0.0041 -0.1199 0.1285
v 0.0025 -0.0466 0.0662
v -0.0027 -0.0550 0.0939
v -0.0053 -0.1050 -0.0759
v 0.0044 -0.1703 0.1573
v -0.0017 -0.1560 0.1355
v -0.0031 -0.1336 0.1343
v -0.0026 -0.1332 0.1282
v -0.0011 -0.1576 0.1441
v -0.0051 -0.1703 -0.0156
v -0.0014 -0.1260 0.1271
v -0.0015 -0.0761 0.1181
v -0.0029 -0.0621 0.1247
v -0.0009 -0.0693 0.1142
v -0.0029 -0.1533 0.1413
v -0.0080 -0.0666 0.1079
v -0.0017 -0.1218 0.1364
v -0.0028 -0.1559 0.1460
v 0.0004 -0.1532 0.1435
v -0.0031 -0.0569 0.1278
v 0.0047 -0.1011 -0.0795
v -0.0014 -0.1198 -0.0922
v -0.0029 -0.1702 -0.0414
v 0.0031 -0.0674 0.1086
v -0.0041 -0.0540 0.0224
v -0.0006 -0.1141 0.1295
v -0.0033 -0.1641 0.1581
v -0.0014 -0.0430 0.0523
v 0.0005 -0.1692 0.1645
v -0.0011 -0.1580 0.1467
v -0.0018 -0.0594 0.0010
v -0.0004 -0.1703 0.1228
v -0.0010 -0.0542 0.1369
v 0.0065 -0.0578 0.1223
v -0.0004 -0.1133 0.1351
v -0.0039 -0.1427 0.1423
v 0.0041 -0.1147 0.1401
v -0.0014 -0.0633 0.1409
v 0.0038 -0.0462 0.0545
v 0.0036 -0.1702 -0.0290
v 0.0006 -0.1319 -0.0960
v -0.0030 -0.1170 0.1271
v -0.0000 -0.0666 0.1300
v 0.0005 -0.0967 -0.0698
v 0.0001 -0.0568 0.0342
v 0.0032 -0.0786 0.1238
v 0.0005 -0.1119 0.1217
v 0.0014 -0.1631 -0.1061
v 0.0007 -0.0686 0.1356
v 0.0003 -0.1334 0.1403
v 0.0068 -0.0904 -0.0602
v 0.0036 -0.0896 0.1391
v 0.0004 -0.1009 0.1353
v 0.0032 -0.1572 0.1398
v -0.0009 -0.1703 0.0381
v 0.0047 -0.0683 -0.0385
v 0.0030 -0.1372 0.1483
v -0.0032 -0.1288 0.1378
v 0.0013 -0.1501 0.1456
v 0.0009 -0.1323 0.1240
v 0.0013 -0.0507 -0.0224
v 0.0051 -0.1149 0.1238
v 0.0003 -0.0516 0.0118
v 0.0030 -0.1598 0.1435
v 0.0011 -0.0475 0.0736
v -0.0003 -0.0904 0.1353
v 0.0008 -0.0953 0.1272
v 0.0022 -0.0773 0.1379
v 0.0010 -0.0622 0.1210
v 0.0037 -0.0527 0.1217
v 0.0006 -0.0947 0.1213
v 0.0026 -0.0475 0.1343
v 0.0054 -0.1266 0.1443
v 0.0043 -0.0578 0.0298
v -0.0024 -0.1703 0.1519
v 0.0029 -0.0355 0.1280
v 0.0025 -0.0315 0.1326
v 0.0004 -0.0750 0.1277
v 0.0011 -0.0555 0.0856
v -0.0010 -0.0458 0.0363
v 0.0039 -0.0888 -0.0544
v 0.0071 -0.1091 0.1236
v 0.0038 -0.0676 0.1240
v 0.0035 -0.0522 0.0078
v 0.0084 -0.0899 0.1237
v 0.0017 -0.0494 0.1286
v 0.0004 -0.1703 -0.0020
v 0.0028 -0.1056 0.1261
v 0.0034 -0.0730 -0.0465
v 0.0043 -0.0553 0.0744
v 0.0038 -0.0425 0.0451
v 0.0022 -0.1182 0.1431
v 0.0016 -0.0537 0.0025
v 0.0053 -0.1437 0.1452
v 0.0054 -0.1187 -0.0887
v 0.0063 -0.0484 0.1369
v 0.0028 -0.0787 -0.0549
v 0.0109 -0.1635 -0.1033
v 0.0075 -0.0629 0.1175
v 0.0088 -0.0511 0.0007
v 0.0021 -0.1703 -0.0664
v 0.0058 -0.0319 0.1362
v 0.0039 -0.1672 0.1604
v 0.0120 -0.1371 0.1483
v 0.0024 -0.0561 -0.0133
v 0.0045 -0.0380 0.1362
v 0.0042 -0.0589 -0.0344
v 0.0078 -0.1172 0.1455
v 0.0065 -0.1678 0.1545
v 0.0056 -0.1139 0.1230
v 0.0038 -0.0522 0.1408
v 0.0089 -0.0544 0.0155
v 0.0071 -0.0301 0.1277
v 0.0057 -0.1021 0.1225
v 0.0044 -0.0664 0.0355
v 0.0049 -0.0473 0.0591
v 0.0040 -0.1640 0.1498
v 0.0113 -0.0976 -0.0739
v 0.0034 -0.0528 0.0375
v 0.0059 -0.0672 0.1401
v 0.0025 -0.0636 0.1027
v 0.0052 -0.1239 0.1421
v 0.0043 -0.0453 0.1265
v 0.0055 -0.0634 0.0016
v 0.0062 -0.1698 -0.1078
v 0.0059 -0.1051 0.1397
v 0.0088 -0.0983 0.1236
v -0.0012 -0.0863 0.1207
v 0.0074 -0.1132 0.1238
v 0.0095 -0.1101 0.1241
v 0.0070 -0.1335 0.1431
v 0.0072 -0.0966 0.1411
v 0.0075 -0.1572 0.1421
v 0.0029 -0.1471 -0.0977
v 0.0221 -0.1703 0.0165
v 0.0095 -0.0794 -0.0517
v 0.0084 -0.0635 0.0821
v 0.0097 -0.0593 -0.0287
v 0.0090 -0.1703 -0.0151
v 0.0047 -0.0637 0.0927
v 0.0037 -0.1703 0.0955
v 0.0062 -0.0648 -0.0059
v 0.0094 -0.0482 0.0412
v 0.0127 -0.0623 0.0835
v 0.0107 -0.0325 0.1348
v 0.0077 -0.0573 0.0679
v 0.0104 -0.0536 0.0538
v 0.0119 -0.1106 0.1244
v 0.0096 -0.1042 0.1240
v 0.0148 -0.1519 -0.0943
v 0.0060 -0.1703 0.0568
v 0.0120 -0.1703 0.0797
v 0.0112 -0.0517 0.1225
v 0.0168 -0.0754 0.0371
v 0.0081 -0.0731 0.1167
v 0.0090 -0.0772 0.1237
v 0.0100 -0.0624 -0.0342
v 0.0130 -0.0647 -0.0270
v 0.0120 -0.1013 0.1247
v 0.0090 -0.1704 -0.0969
v 0.0084 -0.0746 0.0350
v 0.0124 -0.1130 0.1382
v 0.0080 -0.1703 0.1324
v 0.0104 -0.1692 0.1600
v 0.0134 -0.1660 0.1520
v 0.0100 -0.0648 -0.0180
v 0.0132 -0.0954 0.1250
v 0.0112 -0.0961 0.1245
v 0.0126 -0.0910 0.1248
v 0.0093 -0.0632 0.0920
v 0.0109 -0.1131 0.1249
v 0.0122 -0.1062 0.1252
v 0.0087 -0.1407 -0.0936
v 0.0117 -0.0857 0.1392
v 0.0167 -0.1482 0.1435
v 0.0201 -0.1703 0.0016
v 0.0114 -0.0320 0.1291
v 0.0111 -0.0409 0.1276
v 0.0165 -0.1174 0.1397
v 0.0180 -0.0627 0.0546
v 0.0151 -0.1289 0.1422
v 0.0131 -0.0577 0.1241
v 0.0118 -0.0483 0.1346
v 0.0127 -0.1421 0.1447
v 0.0068 -0.0631 0.1444
v 0.0123 -0.1684 0.1654
v 0.0107 -0.0582 0.1411
v 0.0140 -0.1557 0.1398
v 0.0126 -0.0678 -0.0330
v 0.0123 -0.0849 0.1247
v 0.0130 -0.0575 0.0885
v 0.0147 -0.1703 -0.0657
v 0.0055 -0.1702 -0.0812
v 0.0131 -0.0936 0.1252
v 0.0141 -0.0418 0.0907
v 0.0106 -0.1513 0.1466
v 0.0129 -0.0951 0.1251
v 0.0144 -0.0973 0.1274
v 0.0124 -0.0484 0.1290
v 0.0155 -0.1134 0.1306
v 0.0126 -0.0519 0.1401
v 0.0181 -0.0682 -0.0038
v 0.0155 -0.1016 0.1352
v 0.0148 -0.1233 0.1402
v 0.0130 -0.0927 0.1247
v 0.0128 -0.0773 0.1248
v 0.0142 -0.0574 0.0160
v 0.0118 -0.0656 0.1224
v 0.0168 -0.0755 0.0257
v 0.0128 -0.0451 0.0875
v 0.0139 -0.0586 0.0935
v 0.0120 -0.0569 -0.0013
v 0.0210 -0.1144 0.1265
v 0.0142 -0.0645 0.1405
v 0.0172 -0.0435 0.0945
v 0.0163 -0.0747 0.1335
v 0.0125 -0.0634 0.0724
v 0.0139 -0.0615 0.1198
v 0.0158 -0.0874 0.1306
v 0.0122 -0.0708 0.1245
v 0.0135 -0.1703 0.0417
v 0.0132 -0.0663 0.0005
v 0.0166 -0.0632 -0.0051
v 0.0146 -0.1703 0.1541
v 0.0158 -0.0953 0.1360
v 0.0158 -0.0672 0.1332
v 0.0168 -0.0526 0.1349
v 0.0189 -0.0774 -0.0462
v 0.0132 -0.1703 -0.0354
v 0.0138 -0.0565 0.0439
v 0.0170 -0.0531 0.1277
v 0.0166 -0.0577 0.1327
v 0.0148 -0.0639 0.0421
v 0.0148 -0.0627 0.0634
v 0.0180 -0.1702 0.1445
v 0.0133 -0.0923 -0.0510
v 0.0201 -0.0642 0.0457
v 0.0146 -0.0660 0.1002
v 0.0192 -0.0881 -0.0468
v 0.0188 -0.0626 0.1242
v 0.0158 -0.1702 0.1642
v 0.0133 -0.0477 0.0100
v 0.0135 -0.1682 0.1760
v 0.0220 -0.0509 0.0063
v 0.0126 -0.0684 0.0213
v 0.0230 -0.0650 -0.0053
v 0.0197 -0.1369 0.1453
v 0.0188 -0.0708 -0.0348
v 0.0176 -0.1235 0.1318
v 0.0215 -0.1703 -0.0374
v 0.0173 -0.1551 0.1359
v 0.0135 -0.1067 -0.0796
v 0.0187 -0.0694 0.0010
v 0.0191 -0.1692 -0.1034
v 0.0159 -0.1340 0.1402
v 0.0161 -0.1646 0.1538
v 0.0174 -0.1338 0.1265
v 0.0206 -0.0755 0.1252
v 0.0174 -0.1175 0.1262
v 0.0182 -0.0429 0.0848
v 0.0198 -0.1703 -0.0814
v 0.0218 -0.0434 0.0923
v 0.0169 -0.1701 0.1771
v 0.0171 -0.1414 0.1422
v 0.0225 -0.0686 0.0994
v 0.0193 -0.0623 0.1374
v 0.0241 -0.1087 -0.0766
v 0.0181 -0.1703 0.1051
v 0.0166 -0.0899 0.1249
v 0.0182 -0.1327 0.1335
v 0.0169 -0.0963 -0.0689
v 0.0199 -0.1269 0.1351
v 0.0207 -0.0626 0.0674
v 0.0127 -0.1703 -0.0509
v 0.0203 -0.0747 0.0331
v 0.0183 -0.0689 0.0327
v 0.0205 -0.1178 0.1338
v 0.0215 -0.0593 0.0099
v 0.0208 -0.0613 0.0359
v 0.0226 -0.0583 0.0903
v 0.0194 -0.1585 -0.0970
v 0.0250 -0.1703 0.1322
v 0.0227 -0.0692 -0.0011
v 0.0194 -0.0510 -0.0010
v 0.0215 -0.0722 0.0399
v 0.0144 -0.1260 -0.0880
v 0.0221 -0.1370 0.1365
v 0.0167 -0.0693 0.1115
v 0.0209 -0.0620 0.1306
v 0.0277 -0.1636 -0.0949
v 0.0183 -0.1603 0.1580
v 0.0183 -0.1285 0.1270
v 0.0227 -0.0745 0.0233
v 0.0227 -0.1024 -0.0714
v 0.0239 -0.0615 0.0542
v 0.0215 -0.0480 0.0249
v 0.0216 -0.1513 0.1342
v 0.0230 -0.1641 0.1496
v 0.0184 -0.0585 0.0838
v 0.0195 -0.0593 0.0945
v 0.0231 -0.1381 0.1397
v 0.0198 -0.0629 0.0265
v 0.0223 -0.0455 0.0380
v 0.0219 -0.0279 0.0347
v 0.0195 -0.1601 0.1712
v 0.0198 -0.1703 0.1185
v 0.0197 -0.1230 0.1267
v 0.0224 -0.0641 0.0827
v 0.0240 -0.1377 0.1318
v 0.0220 -0.0976 -0.0560
v 0.0215 -0.0795 0.1269
v 0.0203 -0.0226 0.0300
v 0.0255 -0.0633 0.0924
v 0.0235 -0.1703 0.0755
v 0.0224 -0.0469 0.0867
v 0.0189 -0.0554 0.0840
v 0.0199 -0.1619 0.1476
v 0.0220 -0.0707 0.0015
v 0.0221 -0.1009 0.1263
v 0.0207 -0.0753 0.0197
v 0.0209 -0.0471 0.0326
v 0.0220 -0.0901 0.1262
v 0.0283 -0.1703 -0.0536
v 0.0207 -0.0668 0.0082
v 0.0229 -0.1445 0.1338
v 0.0248 -0.0781 0.1218
v 0.0252 -0.0669 0.0168
v 0.0244 -0.0673 0.0444
v 0.0283 -0.1063 0.1226
v 0.0209 -0.1551 0.1298
v 0.0237 -0.0393 0.0319
v 0.0252 -0.0239 0.0175
v 0.0288 -0.0376 0.0406
v 0.0246 -0.0335 0.0243
v 0.0247 -0.1638 0.1780
v 0.0275 -0.0781 -0.0423
v 0.0258 -0.0476 0.0418
v 0.0242 -0.1602 0.1519
v 0.0248 -0.1462 0.1261
v 0.0239 -0.0571 -0.0064
v 0.0237 -0.0526 0.0336
v 0.0259 -0.0569 0.0300
v 0.0253 -0.0966 0.1182
v 0.0249 -0.1697 -0.0994
v 0.0253 -0.1390 0.1277
v 0.0261 -0.1703 -0.0684
v 0.0262 -0.0607 0.0495
v 0.0246 -0.0986 -0.0444
v 0.0210 -0.0656 -0.0243
v 0.0285 -0.0615 0.0451
v 0.0231 -0.1186 -0.0811
v 0.0258 -0.0512 0.0015
v 0.0282 -0.0756 0.1107
v 0.0235 -0.1369 -0.0852
v 0.0215 -0.0635 0.0412
v 0.0285 -0.0680 -0.0056
v 0.0267 -0.0562 0.0271
v 0.0254 -0.0719 0.1007
v 0.0233 -0.1703 -0.0164
v 0.0270 -0.0532 0.0207
v 0.0307 -0.1704 -0.0808
v 0.0292 -0.0702 0.0951
v 0.0287 -0.1641 0.1400
v 0.0264 -0.1206 0.1241
v 0.0214 -0.1703 0.0554
v 0.0280 -0.0565 0.0355
v 0.0303 -0.1616 0.1324
v 0.0284 -0.0466 0.0152
v 0.0277 -0.1007 0.1134
v 0.0295 -0.0180 0.0211
v 0.0266 -0.1604 0.1338
v 0.0307 -0.0550 0.0042
v 0.0274 -0.0684 0.0822
v 0.0327 -0.0490 0.0450
v 0.0297 -0.1285 -0.0750
v 0.0219 -0.1703 0.0295
v 0.0277 -0.1378 0.1237
v 0.0294 -0.1345 0.1226
v 0.0309 -0.0538 0.0419
v 0.0323 -0.0654 0.0555
v 0.0293 -0.0856 0.1045
v 0.0271 -0.0689 0.1010
v 0.0348 -0.1703 -0.0185
v 0.0356 -0.1703 0.0089
v 0.0288 -0.0749 0.0191
v 0.0286 -0.1420 0.1284
v 0.0313 -0.0180 0.0276
v 0.0239 -0.0558 0.0092
v 0.0299 -0.0710 0.0149
v 0.0280 -0.1674 0.1789
v 0.0296 -0.1155 0.1176
v 0.0284 -0.1404 0.1336
v 0.0317 -0.1023 -0.0568
v 0.0311 -0.0682 0.0941
v 0.0282 -0.1702 0.1731
v 0.0310 -0.1448 0.1220
v 0.0322 -0.1120 0.1192
v 0.0311 -0.1617 0.1392
v 0.0329 -0.1185 0.1122
v 0.0311 -0.0611 0.0165
v 0.0280 -0.1516 -0.0870
v 0.0328 -0.0754 0.0157
v 0.0296 -0.0743 0.1026
v 0.0328 -0.1048 -0.0495
v 0.0304 -0.1496 0.1418
v 0.0327 -0.0721 0.0858
v 0.0318 -0.1471 0.1359
v 0.0279 -0.1583 0.1358
v 0.0306 -0.1542 0.1363
v 0.0351 -0.1437 0.1312
v 0.0322 -0.1516 0.1465
v 0.0257 -0.0174 0.0309
v 0.0309 -0.1571 0.1393
v 0.0303 -0.1414 0.1448
v 0.0282 -0.0371 0.0194
v 0.0319 -0.0690 0.0905
v 0.0360 -0.1702 0.1429
v 0.0308 -0.1575 0.1375
v 0.0308 -0.1583 0.1380
v 0.0353 -0.1135 -0.0632
v 0.0296 -0.1610 0.1603
v 0.0303 -0.1029 -0.0643
v 0.0374 -0.0601 -0.0022
v 0.0338 -0.1681 0.1720
v 0.0305 -0.0958 0.1052
v 0.0364 -0.0697 0.0907
v 0.0294 -0.0659 0.0475
v 0.0283 -0.1618 0.1709
v 0.0334 -0.1431 0.1358
v 0.0291 -0.1122 -0.0699
v 0.0306 -0.0734 0.0099
v 0.0313 -0.0125 0.0319
v 0.0293 -0.1615 0.1453
v 0.0319 -0.0064 0.0329
v 0.0406 -0.0741 0.0758
v 0.0312 -0.1531 0.1398
v 0.0329 -0.1590 0.1383
v 0.0295 -0.0565 0.0221
v 0.0279 -0.0661 0.0694
v 0.0303 -0.1476 0.1284
v 0.0313 -0.1059 0.1158
v 0.0330 -0.0114 0.0265
v 0.0383 -0.1352 0.1142
v 0.0321 -0.1057 -0.0400
v 0.0326 -0.0066 0.0257
v 0.0344 -0.1123 0.1147
v 0.0312 -0.0713 0.0982
v 0.0319 -0.1260 0.1130
v 0.0295 -0.1703 0.0899
v 0.0366 -0.0477 0.0469
v 0.0322 -0.1548 0.1392
v 0.0315 -0.1703 0.0441
v 0.0309 -0.1017 0.1083
v 0.0366 -0.1604 0.1506
v 0.0341 -0.1551 0.1374
v 0.0322 -0.1703 0.0702
v 0.0322 -0.1535 0.1399
v 0.0364 -0.1488 0.1407
v 0.0320 -0.1037 0.1133
v 0.0362 -0.1551 0.1390
v 0.0356 -0.0628 0.0483
v 0.0362 -0.0633 0.0527
v 0.0316 -0.0622 -0.0062
v 0.0341 -0.0180 0.0359
v 0.0321 -0.1385 0.1441
v 0.0264 -0.0245 0.0431
v 0.0301 -0.0819 0.1087
v 0.0352 -0.1450 0.1405
v 0.0311 -0.1697 -0.0957
v 0.0316 -0.1576 0.1370
v 0.0277 -0.0666 -0.0119
v 0.0370 -0.1595 0.1373
v 0.0364 -0.0775 -0.0374
v 0.0338 0.0005 0.0316
v 0.0325 -0.0230 0.0140
v 0.0340 -0.0013 0.0265
v 0.0352 -0.0862 0.0928
v 0.0326 -0.1310 0.1426
v 0.0363 -0.0813 0.0980
v 0.0362 -0.1108 -0.0523
v 0.0336 -0.1523 -0.0793
v 0.0341 -0.0913 0.0989
v 0.0374 -0.1413 0.1469
v 0.0389 -0.1080 0.1139
v 0.0342 -0.0030 0.0308
v 0.0347 -0.0566 0.0201
v 0.0354 -0.0699 0.0141
v 0.0382 -0.1192 0.1111
v 0.0387 -0.0069 0.0243
v 0.0331 -0.1703 0.0565
v 0.0302 -0.1703 0.1571
v 0.0383 -0.0884 0.0980
v 0.0398 -0.0057 0.0344
v 0.0344 -0.0098 0.0331
v 0.0394 -0.0695 0.0857
v 0.0398 -0.1198 -0.0470
v 0.0370 -0.1485 0.1487
v 0.0387 -0.1425 0.1260
v 0.0355 -0.1703 0.1253
v 0.0378 -0.0180 0.0229
v 0.0358 -0.0597 0.0106
v 0.0389 -0.0032 0.0270
v 0.0370 -0.0690 -0.0051
v 0.0364 -0.1681 0.1660
v 0.0357 -0.1537 0.1408
v 0.0351 -0.0968 0.1051
v 0.0266 -0.0657 0.0136
v 0.0384 -0.1692 -0.0881
v 0.0357 -0.1469 0.1263
v 0.0334 -0.0710 -0.0284
v 0.0356 -0.0139 0.0367
v 0.0376 -0.0661 0.0142
v 0.0349 -0.1321 0.1111
v 0.0365 -0.1647 -0.0855
v 0.0367 -0.1219 0.1068
v 0.0402 -0.0151 0.0228
v 0.0340 -0.1359 0.1247
v 0.0361 -0.1490 0.1368
v 0.0345 -0.1331 0.1373
v 0.0423 -0.0723 0.0613
v 0.0386 -0.0741 0.0171
v 0.0369 -0.1145 0.1107
v 0.0389 -0.1683 0.1608
v 0.0374 -0.1253 -0.0376
v 0.0364 -0.1029 0.1063
v 0.0406 -0.1516 0.1402
v 0.0409 -0.1080 -0.0344
v 0.0354 -0.1165 -0.0386
v 0.0383 -0.1236 0.1118
v 0.0379 -0.1332 0.1468
v 0.0343 -0.1702 -0.0405
v 0.0400 -0.0338 0.0168
v 0.0365 -0.1235 -0.0656
v 0.0369 -0.1027 0.0963
v 0.0464 -0.1701 0.0670
v 0.0393 -0.0942 0.0977
v 0.0373 -0.0774 0.0910
v 0.0390 -0.0438 0.0138
v 0.0376 -0.1287 0.1048
v 0.0390 -0.0745 0.0842
v 0.0383 -0.0562 0.0399
v 0.0334 -0.1703 0.1049
v 0.0355 -0.1409 0.1237
v 0.0417 -0.0717 0.0888
v 0.0399 0.0000 0.0326
v 0.0381 -0.1384 0.1377
v 0.0382 -0.1480 0.1308
v 0.0384 0.0005 0.0256
v 0.0385 -0.0886 0.0906
v 0.0393 -0.0236 0.0467
v 0.0389 -0.1197 0.0982
v 0.0375 -0.1360 -0.0711
v 0.0406 -0.0954 0.0859
v 0.0422 -0.1417 0.1418
v 0.0393 -0.1438 0.1380
v 0.0421 -0.0764 0.0818
v 0.0430 -0.0851 -0.0338
v 0.0401 -0.0033 0.0303
v 0.0416 -0.1539 0.1362
v 0.0386 -0.1480 0.1272
v 0.0390 -0.0099 0.0325
v 0.0479 -0.1039 0.1003
v 0.0394 -0.1495 -0.0728
v 0.0392 -0.1170 -0.0539
v 0.0413 -0.1631 0.1563
v 0.0408 -0.1317 0.1420
v 0.0413 -0.0532 0.0425
v 0.0427 -0.0958 0.0817
v 0.0388 -0.0413 0.0443
v 0.0402 -0.1488 0.1356
v 0.0403 -0.0230 0.0131
v 0.0398 -0.1566 0.1490
v 0.0367 0.0035 0.0290
v 0.0374 -0.1428 0.1510
v 0.0339 -0.0932 -0.0384
v 0.0431 -0.1703 -0.0398
v 0.0390 -0.0104 0.0257
v 0.0382 -0.1125 0.1005
v 0.0429 -0.0893 0.0882
v 0.0402 -0.1544 0.1402
v 0.0408 -0.0710 -0.0031
v 0.0389 -0.0952 0.0904
v 0.0398 -0.0870 0.0838
v 0.0396 -0.1106 0.0955
v 0.0411 -0.1275 -0.0561
v 0.0396 -0.0571 0.0204
v 0.0420 -0.1137 0.1103
v 0.0421 -0.1607 0.1474
v 0.0433 -0.1497 0.1310
v 0.0405 -0.0342 0.0433
v 0.0438 -0.1264 0.0895
v 0.0417 -0.1693 -0.0846
v 0.0396 -0.1018 0.0873
v 0.0407 -0.1601 0.1391
v 0.0411 -0.1325 0.1085
v 0.0393 -0.0490 0.0131
v 0.0432 -0.1356 -0.0541
v 0.0420 -0.1506 -0.0656
v 0.0444 -0.1031 0.1029
v 0.0434 -0.0070 0.0295
v 0.0435 -0.1135 0.0947
v 0.0386 -0.1703 -0.0031
v 0.0370 -0.0672 -0.0184
v 0.0420 -0.1423 0.1178
v 0.0470 -0.0182 0.0369
v 0.0407 -0.0179 0.0347
v 0.0422 -0.0180 0.0274
v 0.0348 -0.0185 0.0424
v 0.0381 -0.0409 0.0159
v 0.0476 -0.1346 0.1127
v 0.0416 -0.1704 -0.0730
v 0.0446 -0.1571 0.1410
v 0.0426 -0.1451 0.1513
v 0.0454 -0.0232 0.0444
v 0.0427 -0.0599 0.0431
v 0.0419 -0.1186 -0.0342
v 0.0466 -0.1703 -0.0202
v 0.0411 -0.1703 -0.0589
v 0.0469 -0.0694 -0.0097
v 0.0512 -0.1317 -0.0478
v 0.0472 -0.0967 0.0822
v 0.0447 -0.1521 0.1487
v 0.0425 -0.1276 -0.0460
v 0.0440 -0.0138 0.0308
v 0.0470 -0.0361 0.0387
v 0.0418 -0.0658 0.0500
v 0.0430 -0.0656 0.0147
v 0.0437 -0.0855 0.0771
v 0.0464 -0.1610 0.1379
v 0.0429 -0.1192 0.0886
v 0.0471 -0.0761 0.0828
v 0.0427 -0.0870 0.0799
v 0.0448 -0.0854 0.0812
v 0.0437 -0.1568 0.1332
v 0.0425 -0.0792 0.0826
v 0.0455 -0.1426 0.1429
v 0.0468 -0.1613 0.1414
v 0.0440 -0.1376 0.1161
v 0.0477 -0.0768 0.0751
v 0.0441 -0.1584 0.1478
v 0.0459 -0.1532 0.1369
v 0.0451 -0.0496 0.0156
v 0.0427 -0.1484 0.1226
v 0.0477 -0.1485 0.1176
v 0.0499 -0.0608 0.0233
v 0.0448 -0.1643 -0.0776
v 0.0476 -0.1129 0.0931
v 0.0420 -0.1410 -0.0610
v 0.0435 -0.0842 0.0788
v 0.0450 -0.1501 0.1410
v 0.0428 -0.1704 0.1532
v 0.0485 -0.0222 0.0178
v 0.0460 -0.1691 0.1590
v 0.0435 -0.0562 0.0230
v 0.0413 -0.1291 0.0941
v 0.0470 -0.0483 0.0425
v 0.0473 -0.1591 0.1359
v 0.0448 -0.0648 -0.0030
v 0.0460 -0.1052 0.0804
v 0.0455 -0.1514 0.1329
v 0.0472 -0.0850 0.0784
v 0.0453 -0.1609 0.1475
v 0.0470 -0.0416 0.0188
v 0.0448 -0.1131 0.1065
v 0.0428 -0.1703 0.0788
v 0.0466 -0.1415 0.0779
v 0.0421 -0.0709 0.0566
v 0.0463 -0.1417 0.1102
v 0.0455 -0.0569 0.0273
v 0.0469 -0.1696 -0.0770
v 0.0498 -0.0595 0.0362
v 0.0486 -0.0817 0.0826
v 0.0450 -0.1445 0.1347
v 0.0476 -0.1628 0.1443
v 0.0479 -0.0324 0.0208
v 0.0460 -0.0846 0.0747
v 0.0459 -0.0697 0.0558
v 0.0469 -0.1057 0.0912
v 0.0477 -0.1373 0.1133
v 0.0470 -0.1154 0.0913
v 0.0442 -0.1703 0.0177
v 0.0460 -0.1100 0.0861
v 0.0520 -0.1498 0.1430
v 0.0524 -0.1704 -0.0596
v 0.0465 -0.1516 0.1247
v 0.0464 -0.0557 0.0311
v 0.0482 -0.1478 0.0706
v 0.0479 -0.1119 0.0986
v 0.0490 -0.1609 0.1392
v 0.0480 -0.0701 0.0436
v 0.0502 -0.0516 0.0378
v 0.0482 -0.0990 0.0746
v 0.0518 -0.1279 0.0904
v 0.0414 -0.1703 0.0352
v 0.0477 -0.1496 0.1367
v 0.0545 -0.1363 0.1099
v 0.0495 -0.1113 0.0848
v 0.0528 -0.0442 0.0264
v 0.0476 -0.1410 0.1079
v 0.0470 -0.1312 0.0754
v 0.0468 -0.1355 0.1053
v 0.0486 -0.1459 0.1171
v 0.0482 -0.1374 0.1005
v 0.0470 -0.0735 0.0664
v 0.0483 -0.0679 0.0173
v 0.0510 -0.1684 0.1500
v 0.0480 -0.0645 0.0423
v 0.0496 -0.0881 0.0776
v 0.0482 -0.0889 0.0827
v 0.0489 -0.1624 0.0739
v 0.0509 -0.0789 0.0706
v 0.0522 -0.0878 0.0721
v 0.0489 -0.1091 0.0742
v 0.0504 -0.1613 0.1447
v 0.0517 -0.1699 -0.0669
v 0.0510 -0.1312 0.0856
v 0.0482 -0.1417 0.1344
v 0.0524 -0.0721 -0.0198
v 0.0505 -0.1098 0.0799
v 0.0491 -0.1165 0.0906
v 0.0501 -0.1704 0.1324
v 0.0489 -0.1491 0.1273
v 0.0502 -0.1395 -0.0563
v 0.0505 -0.0707 0.0509
v 0.0500 -0.1622 0.1398
v 0.0487 -0.1151 0.0744
v 0.0499 -0.0593 0.0290
v 0.0498 -0.1703 -0.0022
v 0.0455 -0.1703 0.0966
v 0.0544 -0.1702 0.0799
v 0.0525 -0.0485 0.0222
v 0.0498 -0.1310 0.0678
v 0.0507 -0.1597 0.0662
v 0.0501 -0.1509 0.0654
v 0.0506 -0.1395 0.0651
v 0.0509 -0.1515 0.1205
v 0.0463 -0.1503 0.0754
v 0.0461 -0.0615 0.0065
v 0.0510 -0.1256 -0.0298
v 0.0536 -0.0582 0.0197
v 0.0464 -0.1590 0.0752
v 0.0501 -0.1023 0.0673
v 0.0494 -0.0713 -0.0030
v 0.0494 -0.0864 0.0657
v 0.0511 -0.0441 0.0377
v 0.0510 -0.0411 0.0321
v 0.0554 -0.1153 0.0821
v 0.0513 -0.1480 0.1102
v 0.0521 -0.1490 0.1126
v 0.0524 -0.1703 0.0283
v 0.0509 -0.1586 0.1216
v 0.0500 -0.1412 0.1236
v 0.0509 -0.0674 0.0193
v 0.0495 -0.0657 -0.0009
v 0.0534 -0.1252 0.0769
v 0.0513 -0.1352 0.0905
v 0.0496 -0.1586 0.0716
v 0.0540 -0.1688 0.1444
v 0.0520 -0.1450 0.1130
v 0.0532 -0.0705 0.0591
v 0.0506 -0.0336 0.0275
v 0.0566 -0.1703 -0.0321
v 0.0533 -0.1162 0.0877
v 0.0508 -0.0752 0.0600
v 0.0522 -0.1531 0.1192
v 0.0543 -0.0690 0.0083
v 0.0509 -0.1491 0.1348
v 0.0548 -0.1570 0.1391
v 0.0570 -0.1605 0.0641
v 0.0522 -0.1518 0.1459
v 0.0527 -0.0975 0.0740
v 0.0523 -0.1119 0.0757
v 0.0539 -0.0236 0.0245
v 0.0534 -0.1491 0.1139
v 0.0599 -0.1703 0.0370
v 0.0474 -0.0182 0.0242
v 0.0548 -0.1425 0.1280
v 0.0532 -0.1602 0.1270
v 0.0548 -0.0716 0.0414
v 0.0519 -0.0938 0.0658
v 0.0523 -0.0230 0.0378
v 0.0538 -0.1420 0.1154
v 0.0485 -0.0764 -0.0297
v 0.0540 -0.1431 0.1127
v 0.0550 -0.0771 0.0594
v 0.0521 -0.1554 0.1180
v 0.0528 -0.0698 0.0349
v 0.0525 -0.1591 0.0633
v 0.0523 -0.1490 0.1152
v 0.0528 -0.1490 0.1134
v 0.0542 -0.0488 0.0304
v 0.0525 -0.1615 -0.0637
v 0.0526 -0.0662 0.0303
v 0.0545 -0.0558 0.0347
v 0.0584 -0.1598 0.1186
v 0.0521 -0.1556 0.1246
v 0.0530 -0.1480 0.1140
v 0.0539 -0.1490 0.1130
v 0.0557 -0.1439 0.0811
v 0.0571 -0.0684 0.0288
v 0.0510 -0.1703 0.1128
v 0.0479 -0.1703 0.0518
v 0.0538 -0.0755 0.0569
v 0.0534 -0.1328 0.0655
v 0.0552 -0.1414 0.0663
v 0.0542 -0.1475 0.1145
v 0.0538 -0.0711 0.0274
v 0.0598 -0.1352 0.0717
v 0.0503 -0.0983 -0.0291
v 0.0541 -0.1546 0.1201
v 0.0518 -0.0617 0.0342
v 0.0526 -0.0658 0.0127
v 0.0579 -0.1601 0.0773
v 0.0580 -0.1182 0.0786
v 0.0532 -0.0747 0.0012
v 0.0519 -0.1289 0.0864
v 0.0556 -0.1602 0.1223
v 0.0520 -0.1470 -0.0599
v 0.0563 -0.1505 0.1340
v 0.0570 -0.1598 0.0553
v 0.0585 -0.1592 0.0592
v 0.0525 -0.1506 0.1298
v 0.0562 -0.0651 0.0403
v 0.0544 -0.1483 0.1235
v 0.0576 -0.0700 0.0269
v 0.0518 -0.1151 0.0833
v 0.0554 -0.0674 0.0371
v 0.0550 -0.0833 0.0584
v 0.0517 -0.1437 0.1091
v 0.0550 -0.1536 0.1170
v 0.0571 -0.1703 0.0586
v 0.0558 -0.1251 0.0033
v 0.0557 -0.0962 0.0027
v 0.0591 -0.1653 0.1357
v 0.0564 -0.1573 0.1241
v 0.0575 -0.0567 0.0128
v 0.0561 -0.0844 0.0017
v 0.0588 -0.1042 -0.0050
v 0.0592 -0.1271 0.0030
v 0.0567 -0.1327 0.0023
v 0.0568 -0.1501 0.1111
v 0.0529 -0.1067 0.0619
v 0.0595 -0.1651 0.0798
v 0.0532 -0.1648 0.0774
v 0.0586 -0.1266 -0.0252
v 0.0585 -0.1703 -0.0125
v 0.0586 -0.1561 0.1129
v 0.0564 -0.0783 0.0007
v 0.0538 -0.0838 -0.0278
v 0.0608 -0.1589 0.1245
v 0.0565 -0.0852 0.0490
v 0.0608 -0.0888 0.0499
v 0.0586 -0.0807 0.0497
v 0.0617 -0.1358 0.0937
v 0.0572 -0.1211 0.0857
v 0.0572 -0.1562 0.1153
v 0.0537 -0.1233 0.0635
v 0.0572 -0.1242 0.0909
v 0.0603 -0.1441 0.1111
v 0.0634 -0.1703 0.1143
v 0.0606 -0.1566 0.0662
v 0.0579 -0.1550 0.1130
v 0.0672 -0.1364 0.0012
v 0.0565 -0.1572 0.1156
v 0.0558 -0.1619 0.1357
v 0.0577 -0.1149 -0.0253
v 0.0567 -0.1405 0.0888
v 0.0604 -0.1544 0.1055
v 0.0580 -0.1303 0.0601
v 0.0578 -0.1344 0.0887
v 0.0596 -0.0637 0.0065
v 0.0602 -0.1593 0.0634
v 0.0588 -0.1547 0.1130
v 0.0587 -0.0926 0.0452
v 0.0583 -0.1453 0.1185
v 0.0627 -0.1698 -0.0622
v 0.0561 -0.1083 0.0036
v 0.0590 -0.1611 0.0822
v 0.0626 -0.0519 0.0201
v 0.0625 -0.1319 0.0833
v 0.0576 -0.1487 0.1006
v 0.0652 -0.1307 -0.0357
v 0.0587 -0.1405 0.0793
v 0.0594 -0.1067 0.0459
v 0.0607 -0.0969 0.0570
v 0.0513 -0.1258 -0.0370
v 0.0594 -0.1024 0.0520
v 0.0590 -0.1534 0.0823
v 0.0561 -0.1295 -0.0433
v 0.0565 -0.1195 0.0029
v 0.0636 -0.1596 0.0460
v 0.0594 -0.1125 0.0434
v 0.0618 -0.1293 0.0510
v 0.0639 -0.1633 -0.0596
v 0.0615 -0.1402 0.1204
v 0.0600 -0.1192 0.0461
v 0.0587 -0.1050 0.0563
v 0.0611 -0.1435 0.0904
v 0.0597 -0.0529 0.0288
v 0.0623 -0.1531 0.0804
v 0.0593 -0.1597 0.0463
v 0.0595 -0.1316 0.0431
v 0.0596 -0.1384 0.1157
v 0.0608 -0.1507 0.1280
v 0.0610 -0.1253 0.0860
v 0.0564 -0.1433 0.0975
v 0.0593 -0.1688 0.1395
v 0.0619 -0.1285 0.1184
v 0.0623 -0.0852 0.0568
v 0.0604 -0.0915 -0.0101
v 0.0609 -0.1540 0.1304
v 0.0622 -0.0785 -0.0118
v 0.0616 -0.0780 0.0427
v 0.0605 -0.1400 0.0890
v 0.0594 -0.0851 0.0408
v 0.0610 -0.0559 0.0383
v 0.0618 -0.1598 0.1303
v 0.0609 -0.1586 0.0756
v 0.0623 -0.1310 0.0359
v 0.0591 -0.1261 -0.0044
v 0.0646 -0.1318 0.0932
v 0.0656 -0.1287 0.0874
v 0.0603 -0.1317 0.0701
v 0.0625 -0.1439 0.0726
v 0.0599 -0.1380 -0.0520
v 0.0598 -0.1402 0.0693
v 0.0616 -0.1209 0.0364
v 0.0614 -0.1417 0.0670
v 0.0612 -0.1399 0.1132
v 0.0599 -0.1165 0.0565
v 0.0631 -0.0709 0.0404
v 0.0579 -0.1044 -0.0250
v 0.0634 -0.1120 0.0344
v 0.0626 -0.1475 0.0677
v 0.0654 -0.1478 0.1216
v 0.0630 -0.0854 0.0293
v 0.0619 -0.1260 0.0815
v 0.0635 -0.1347 0.0690
v 0.0672 -0.1310 0.0549
v 0.0633 -0.1371 0.0648
v 0.0624 -0.1013 0.0364
v 0.0653 -0.1338 -0.0169
v 0.0645 -0.1049 0.0334
v 0.0638 -0.1507 0.0968
v 0.0635 -0.1319 0.0635
v 0.0614 -0.1703 0.0906
v 0.0656 -0.1585 0.0463
v 0.0647 -0.0671 0.0413
v 0.0690 -0.1567 0.1130
v 0.0661 -0.1373 0.0755
v 0.0622 -0.1703 0.1053
v 0.0640 -0.0948 -0.0187
v 0.0638 -0.1397 0.0816
v 0.0628 -0.1318 0.1133
v 0.0633 -0.1600 0.0572
v 0.0714 -0.1588 0.1264
v 0.0639 -0.0714 0.0267
v 0.0625 -0.1704 -0.0507
v 0.0685 -0.1384 0.1151
v 0.0651 -0.0816 -0.0203
v 0.0639 -0.1392 0.0855
v 0.0641 -0.0764 -0.0197
v 0.0653 -0.0577 0.0374
v 0.0635 -0.0887 -0.0215
v 0.0658 -0.0584 0.0103
v 0.0660 -0.1704 0.1262
v 0.0637 -0.1703 0.0193
v 0.0647 -0.1431 0.1120
v 0.0645 -0.1268 -0.0164
v 0.0610 -0.1332 -0.0070
v 0.0620 -0.1120 -0.0098
v 0.0650 -0.1209 -0.0181
v 0.0672 -0.1696 0.1390
v 0.0659 -0.1588 0.0710
v 0.0666 -0.1356 0.0561
v 0.0633 -0.1358 0.0442
v 0.0628 -0.1298 -0.0231
v 0.0647 -0.1149 -0.0201
v 0.0653 -0.0683 0.0261
v 0.0653 -0.1049 -0.0187
v 0.0670 -0.1389 -0.0485
v 0.0630 -0.1202 0.0536
v 0.0630 -0.1700 0.0746
v 0.0676 -0.0800 0.0323
v 0.0696 -0.1365 0.0698
v 0.0712 -0.1372 0.0616
v 0.0652 -0.1466 0.1131
v 0.0634 -0.1418 0.0664
v 0.0640 -0.0916 0.0348
v 0.0663 -0.0915 0.0267
v 0.0658 -0.0800 0.0379
v 0.0647 -0.0687 0.0280
v 0.0680 -0.1395 0.1095
v 0.0668 -0.1644 0.0809
v 0.0691 -0.1521 0.1176
v 0.0661 -0.1411 0.0958
v 0.0665 -0.0887 0.0279
v 0.0651 -0.0895 0.0299
v 0.0656 -0.0713 0.0337
v 0.0676 -0.1536 0.0012
v 0.0655 -0.0846 0.0274
v 0.0662 -0.1057 0.0327
v 0.0652 -0.1593 0.1053
v 0.0751 -0.1390 -0.0346
v 0.0671 -0.1051 0.0321
v 0.0657 -0.1562 0.0045
v 0.0672 -0.0844 0.0307
v 0.0660 -0.1577 0.1209
v 0.0728 -0.1682 -0.0562
v 0.0668 -0.1042 0.0277
v 0.0682 -0.1038 0.0365
v 0.0671 -0.1053 0.0273
v 0.0678 -0.0596 0.0332
v 0.0707 -0.1332 0.0520
v 0.0676 -0.1181 0.0491
v 0.0664 -0.0554 0.0285
v 0.0671 -0.0820 0.0272
v 0.0696 -0.1401 0.0409
v 0.0665 -0.1120 0.0552
v 0.0693 -0.1416 0.0594
v 0.0685 -0.1420 0.1021
v 0.0696 -0.1405 0.1038
v 0.0692 -0.1346 0.0378
v 0.0682 -0.1302 0.0360
v 0.0698 -0.1024 0.0248
v 0.0679 -0.0587 0.0253
v 0.0657 -0.1435 0.0921
v 0.0682 -0.1049 0.0274
v 0.0685 -0.1066 0.0339
v 0.0678 -0.1513 0.0822
v 0.0709 -0.0622 0.0192
v 0.0685 -0.1458 0.1008
v 0.0676 -0.1591 0.0306
v 0.0687 -0.0554 0.0204
v 0.0657 -0.1620 0.1363
v 0.0681 -0.1334 0.1213
v 0.0690 -0.0814 0.0053
v 0.0697 -0.1432 0.1171
v 0.0670 -0.1119 0.0469
v 0.0676 -0.1317 0.0464
v 0.0680 -0.1400 0.0982
v 0.0721 -0.0911 0.0210
v 0.0682 -0.1355 -0.0156
v 0.0705 -0.0756 0.0237
v 0.0657 -0.1389 0.0485
v 0.0710 -0.0783 0.0257
v 0.0684 -0.1309 0.1162
v 0.0747 -0.0938 0.0274
v 0.0685 -0.1599 0.1181
v 0.0685 -0.1348 0.0960
v 0.0697 -0.1562 0.0952
v 0.0684 -0.1544 0.0066
v 0.0663 -0.1412 0.0677
v 0.0730 -0.1438 0.1039
v 0.0703 -0.1613 0.0009
v 0.0678 -0.1424 0.1094
v 0.0735 -0.1653 0.1370
v 0.0675 -0.1507 0.0747
v 0.0698 -0.1465 0.0857
v 0.0691 -0.1037 0.0069
v 0.0699 -0.0781 0.0305
v 0.0660 -0.1225 0.0352
v 0.0696 -0.1406 0.0964
v 0.0702 -0.0782 0.0277
v 0.0693 -0.0814 0.0290
v 0.0705 -0.1363 0.0285
v 0.0695 -0.1687 0.1176
v 0.0691 -0.0935 0.0346
v 0.0694 -0.1103 0.0252
v 0.0712 -0.0947 0.0096
v 0.0714 -0.1399 0.0366
v 0.0694 -0.1604 0.0987
v 0.0698 -0.1382 -0.0049
v 0.0718 -0.1573 0.0856
v 0.0685 -0.1337 0.0897
v 0.0690 -0.1377 0.0874
v 0.0701 -0.1421 0.0764
v 0.0687 -0.1489 0.0701
v 0.0698 -0.1406 -0.0149
v 0.0714 -0.0781 0.0277
v 0.0647 -0.1703 0.0026
v 0.0711 -0.1377 0.0935
v 0.0699 -0.1392 0.0959
v 0.0703 -0.1531 0.0983
v 0.0694 -0.1281 0.0256
v 0.0721 -0.1528 0.1026
v 0.0760 -0.1290 0.0319
v 0.0726 -0.1429 0.0954
v 0.0710 -0.1340 0.0961
v 0.0708 -0.1418 0.1131
v 0.0716 -0.1430 0.0508
v 0.0725 -0.0983 0.0190
v 0.0711 -0.1524 0.0006
v 0.0743 -0.1502 0.0032
v 0.0715 -0.1479 -0.0088
v 0.0706 -0.1568 0.1031
v 0.0681 -0.1703 0.0513
v 0.0715 -0.1589 0.0736
v 0.0688 -0.1155 0.0063
v 0.0697 -0.1506 0.0936
v 0.0690 -0.1616 0.0839
v 0.0734 -0.1507 -0.0011
v 0.0724 -0.1360 -0.0228
v 0.0720 -0.1593 0.0206
v 0.0730 -0.1416 0.0709
v 0.0681 -0.0716 0.0075
v 0.0727 -0.1246 0.0309
v 0.0710 -0.1389 0.0978
v 0.0713 -0.0721 0.0185
v 0.0707 -0.1329 0.0399
v 0.0709 -0.1581 0.0247
v 0.0729 -0.0946 0.0361
v 0.0699 -0.1265 0.0064
v 0.0710 -0.1428 0.0011
v 0.0730 -0.1478 0.0885
v 0.0750 -0.1411 0.0909
v 0.0712 -0.1572 0.1073
v 0.0679 -0.1519 -0.0539
v 0.0712 -0.1538 0.0306
v 0.0703 -0.1203 0.0256
v 0.0770 -0.1499 0.0775
v 0.0709 -0.1703 -0.0220
v 0.0734 -0.1520 0.0937
v 0.0717 -0.1700 0.1123
v 0.0717 -0.1482 0.0921
v 0.0751 -0.1580 0.0314
v 0.0730 -0.0804 0.0249
v 0.0727 -0.1149 0.0186
v 0.0725 -0.1463 0.0917
v 0.0726 -0.1055 0.0186
v 0.0785 -0.1686 0.1201
v 0.0766 -0.1059 0.0348
v 0.0744 -0.1538 0.0148
v 0.0764 -0.1516 0.0090
v 0.0736 -0.1254 0.0166
v 0.0740 -0.1635 0.0026
v 0.0740 -0.1610 0.1184
v 0.0743 -0.0813 0.0151
v 0.0795 -0.1407 0.0384
v 0.0723 -0.0838 0.0206
v 0.0723 -0.1645 0.0111
v 0.0729 -0.1493 0.0920
v 0.0748 -0.1475 0.0921
v 0.0750 -0.0785 0.0231
v 0.0727 -0.1472 0.0948
v 0.0719 -0.1656 0.0812
v 0.0757 -0.1548 0.1015
v 0.0754 -0.1355 0.0511
v 0.0746 -0.0766 0.0286
v 0.0733 -0.1337 0.0134
v 0.0702 -0.1244 0.0344
v 0.0721 -0.1628 0.1126
v 0.0772 -0.1703 0.1025
v 0.0732 -0.0822 0.0349
v 0.0729 -0.1337 0.0225
v 0.0744 -0.0764 0.0170
v 0.0776 -0.1586 0.0757
v 0.0709 -0.1337 0.0057
v 0.0759 -0.1505 0.0677
v 0.0759 -0.1527 0.0878
v 0.0789 -0.1701 -0.0510
v 0.0727 -0.1380 -0.0174
v 0.0736 -0.1497 0.0711
v 0.0732 -0.1492 0.0625
v 0.0745 -0.1152 0.0343
v 0.0776 -0.1362 0.0066
v 0.0721 -0.0996 0.0239
v 0.0765 -0.1567 -0.0003
v 0.0746 -0.1446 0.0071
v 0.0755 -0.1559 0.0266
v 0.0745 -0.1331 0.0946
v 0.0727 -0.1703 0.0305
v 0.0739 -0.1512 0.0907
v 0.0763 -0.1484 0.0521
v 0.0752 -0.0779 0.0325
v 0.0757 -0.1445 0.0452
v 0.0744 -0.0814 0.0281
v 0.0760 -0.1701 0.0804
v 0.0753 -0.1419 0.0127
v 0.0752 -0.1519 0.0959
v 0.0780 -0.1442 0.0874
v 0.0757 -0.1436 0.0213
v 0.0781 -0.1438 0.0408
v 0.0752 -0.1254 0.0970
v 0.0768 -0.0935 0.0329
v 0.0760 -0.1473 0.0738
v 0.0752 -0.1337 0.0917
v 0.0745 -0.1452 0.0685
v 0.0772 -0.1459 0.0603
v 0.0778 -0.1426 -0.0147
v 0.0790 -0.1428 0.0528
v 0.0763 -0.1565 0.0799
v 0.0770 -0.1674 0.1336
v 0.0764 -0.1428 0.0794
v 0.0762 -0.1314 0.0386
v 0.0764 -0.1101 0.0366
v 0.0756 -0.1562 0.0203
v 0.0788 -0.1254 0.0925
v 0.0756 -0.1684 0.1094
v 0.0755 -0.1428 0.0749
v 0.0795 -0.0973 0.0370
v 0.0758 -0.1408 0.1039
v 0.0771 -0.1442 0.1002
v 0.0744 -0.1703 0.0146
v 0.0763 -0.1112 0.0269
v 0.0818 -0.1258 0.0982
v 0.0815 -0.1555 0.0001
v 0.0759 -0.1512 0.0289
v 0.0761 -0.1065 0.0286
v 0.0792 -0.1703 0.0383
v 0.0805 -0.1479 0.0488
v 0.0748 -0.1606 0.0795
v 0.0774 -0.1457 0.0295
v 0.0767 -0.1431 -0.0415
v 0.0812 -0.1312 0.0375
v 0.0791 -0.1361 0.0821
v 0.0789 -0.1633 0.1218
v 0.0774 -0.1324 0.0982
v 0.0783 -0.1499 0.0179
v 0.0794 -0.1389 0.0715
v 0.0834 -0.1698 -0.0470
v 0.0784 -0.1363 0.0192
v 0.0780 -0.1257 0.0762
v 0.0775 -0.1667 0.0840
v 0.0785 -0.1408 0.0577
v 0.0785 -0.1382 0.0179
v 0.0768 -0.1498 -0.0453
v 0.0809 -0.1439 0.0633
v 0.0766 -0.1609 0.1052
v 0.0820 -0.1349 0.0918
v 0.0827 -0.1414 0.0235
v 0.0780 -0.1696 0.1105
v 0.0787 -0.1397 0.0055
v 0.0755 -0.1703 -0.0097
v 0.0793 -0.1370 0.0412
v 0.0804 -0.1493 0.0416
v 0.0780 -0.1039 0.0375
v 0.0792 -0.1691 0.1277
v 0.0794 -0.1462 0.0746
v 0.0808 -0.0962 0.0283
v 0.0769 -0.1379 0.0307
v 0.0805 -0.1482 0.0980
v 0.0786 -0.1498 0.0835
v 0.0785 -0.1417 0.0645
v 0.0781 -0.1486 0.0730
v 0.0763 -0.1703 -0.0377
v 0.0771 -0.1703 0.0934
v 0.0762 -0.1388 0.0751
v 0.0802 -0.1255 0.0820
v 0.0792 -0.1499 0.0550
v 0.0809 -0.1585 0.0107
v 0.0794 -0.1438 0.0259
v 0.0825 -0.1636 0.0871
v 0.0793 -0.1385 0.0555
v 0.0839 -0.1610 0.1063
v 0.0835 -0.1702 -0.0005
v 0.0825 -0.1500 -0.0060
v 0.0811 -0.1041 0.0279
v 0.0820 -0.1497 0.0640
v 0.0834 -0.1392 0.0195
v 0.0788 -0.1318 0.0751
v 0.0807 -0.1412 0.0338
v 0.0832 -0.1423 0.0779
v 0.0798 -0.1620 0.0044
v 0.0819 -0.1402 0.1013
v 0.0804 -0.1595 0.0966
v 0.0847 -0.1463 0.0843
v 0.0825 -0.1444 0.0580
v 0.0812 -0.1409 0.0708
v 0.0814 -0.1489 0.0234
v 0.0824 -0.1372 0.0845
v 0.0889 -0.1704 0.1029
v 0.0838 -0.1613 0.0922
v 0.0867 -0.1366 0.0412
v 0.0782 -0.1392 0.0852
v 0.0844 -0.1650 0.1145
v 0.0802 -0.1554 0.0866
v 0.0828 -0.1260 0.0748
v 0.0810 -0.1402 0.0741
v 0.0878 -0.1551 0.0010
v 0.0860 -0.1612 0.0816
v 0.0797 -0.1413 0.0824
v 0.0838 -0.1475 0.0565
v 0.0829 -0.1357 0.0235
v 0.0819 -0.1550 0.0560
v 0.0815 -0.1552 0.0270
v 0.0751 -0.1703 0.0670
v 0.0845 -0.1408 0.0904
v 0.0820 -0.1311 0.0951
v 0.0833 -0.1505 0.0891
v 0.0833 -0.1429 -0.0232
v 0.0908 -0.1591 0.0304
v 0.0837 -0.1363 0.0841
v 0.0836 -0.1531 0.0525
v 0.0923 -0.1564 0.0213
v 0.0808 -0.1551 0.0205
v 0.0837 -0.1419 0.0806
v 0.0839 -0.1589 0.0344
v 0.0812 -0.1601 0.0787
v 0.0841 -0.1421 0.0798
v 0.0796 -0.1512 0.0318
v 0.0855 -0.1424 0.0829
v 0.0868 -0.1262 0.0804
v 0.0854 -0.1391 0.0840
v 0.0860 -0.1573 0.0590
v 0.0849 -0.1393 0.0879
v 0.0867 -0.1401 0.0752
v 0.0856 -0.1488 0.0765
v 0.0851 -0.1574 0.0514
v 0.0852 -0.1545 0.0540
v 0.0857 -0.1344 0.0334
v 0.0855 -0.1561 0.0828
v 0.0898 -0.1498 0.0553
v 0.0837 -0.1508 -0.0380
v 0.0839 -0.1644 -0.0441
v 0.0848 -0.1508 0.0526
v 0.0873 -0.1495 0.0805
v 0.0852 -0.1527 0.0491
v 0.0866 -0.1322 0.0770
v 0.0863 -0.1343 0.0824
v 0.0883 -0.1579 0.0527
v 0.0885 -0.1643 0.0907
v 0.0877 -0.1517 0.0451
v 0.0872 -0.1420 0.0801
v 0.0881 -0.1702 0.0761
v 0.0862 -0.1430 0.0421
v 0.0867 -0.1469 -0.0325
v 0.0899 -0.1379 0.0381
v 0.0907 -0.1562 0.0273
v 0.0840 -0.1689 0.1148
v 0.0900 -0.1388 0.0797
v 0.0883 -0.1705 -0.0307
v 0.0922 -0.1629 -0.0338
v 0.0917 -0.1475 -0.0217
v 0.0918 -0.1632 0.0997
v 0.0876 -0.1703 0.0565
v 0.0916 -0.1703 0.0437
v 0.0902 -0.1701 0.0881
v 0.0905 -0.1484 0.0415
v 0.0902 -0.1416 0.0437
v 0.0906 -0.1442 0.0346
v 0.1009 -0.1703 0.0679
v 0.0912 -0.1366 0.0207
v 0.0914 -0.1570 0.0850
v 0.0926 -0.1323 0.0397
v 0.0949 -0.1684 0.0847
v 0.0929 -0.1465 0.0189
v 0.0929 -0.1702 0.0110
v 0.0925 -0.1703 -0.0186
v 0.0946 -0.1698 0.1001
v 0.0912 -0.1387 0.0339
v 0.0927 -0.1393 0.0182
v 0.0887 -0.1695 -0.0407
v 0.0932 -0.1582 0.0355
v 0.0904 -0.1610 0.0076
v 0.0953 -0.1471 0.0172
v 0.0929 -0.1674 0.1082
v 0.0916 -0.1524 0.0276
v 0.0926 -0.1375 0.0285
v 0.0927 -0.1424 0.0137
v 0.0969 -0.1323 0.0413
v 0.0912 -0.1493 -0.0120
v 0.0952 -0.1253 0.0343
v 0.0964 -0.1506 0.0348
v 0.0957 -0.1331 0.0252
v 0.0987 -0.1542 0.0205
v 0.0912 -0.1268 0.0390
v 0.0945 -0.1332 0.0197
v 0.0952 -0.1690 0.0926
v 0.0930 -0.1391 0.0148
v 0.0930 -0.1331 0.0348
v 0.1003 -0.1591 0.0134
v 0.0979 -0.1583 -0.0260
v 0.0975 -0.1702 0.0332
v 0.0985 -0.1367 0.0187
v 0.0939 -0.1255 0.0241
v 0.0977 -0.1697 -0.0323
v 0.0927 -0.1432 0.0277
v 0.0997 -0.1259 0.0377
v 0.0963 -0.1581 0.0209
v 0.0984 -0.1431 0.0341
v 0.0986 -0.1349 0.0352
v 0.0960 -0.1389 0.0313
v 0.0982 -0.1594 0.0278
v 0.1013 -0.1531 0.0299
v 0.1021 -0.1260 0.0217
v 0.1008 -0.1697 0.0399
v 0.0922 -0.1703 0.0227
v 0.0979 -0.1703 0.0785
v 0.0982 -0.1493 0.0407
v 0.1007 -0.1288 0.0262
v 0.0989 -0.1440 0.0370
v 0.0993 -0.1400 0.0420
v 0.0956 -0.1261 0.0183
v 0.1002 -0.1511 0.0360
v 0.0954 -0.1488 0.0719
v 0.1000 -0.1509 0.0328
v 0.0992 -0.1629 0.0871
v 0.1024 -0.1464 0.0289
v 0.0984 -0.1449 0.0168
v 0.1012 -0.1365 0.0287
v 0.1005 -0.1583 0.0323
v 0.1059 -0.1698 -0.0196
v 0.0992 -0.1514 0.0857
v 0.1045 -0.1504 0.0430
v 0.1008 -0.1405 0.0168
v 0.1018 -0.1405 0.0298
v 0.1023 -0.1591 -0.0064
v 0.1018 -0.1500 0.0749
v 0.1100 -0.1582 0.0342
v 0.1030 -0.1320 0.0210
v 0.1047 -0.1397 0.0222
v 0.1017 -0.1581 0.0278
v 0.1031 -0.1439 0.0221
v 0.1007 -0.1604 0.0056
v 0.1013 -0.1631 0.0402
v 0.1020 -0.1490 0.0526
v 0.1003 -0.1548 0.0381
v 0.1050 -0.1682 0.0410
v 0.1032 -0.1576 0.0231
v 0.1029 -0.1697 -0.0259
v 0.1022 -0.1703 -0.0099
v 0.1015 -0.1690 0.0858
v 0.1023 -0.1693 0.0369
v 0.1047 -0.1626 -0.0168
v 0.1040 -0.1586 0.0782
v 0.1087 -0.1696 0.0663
v 0.1067 -0.1684 0.0746
v 0.1049 -0.1707 0.0509
v 0.1034 -0.1613 0.0359
v 0.1093 -0.1642 0.0642
v 0.1122 -0.1603 0.0202
v 0.1029 -0.1704 0.0021
v 0.1100 -0.1697 0.0113
v 0.1101 -0.1507 0.0487
v 0.1071 -0.1525 0.0618
v 0.1090 -0.1633 0.0099
v 0.1081 -0.1632 0.0060
v 0.1128 -0.1685 0.0552
v 0.1120 -0.1577 0.0511
v 0.1109 -0.1681 -0.0015
v 0.1108 -0.1680 0.0031
v 0.1102 -0.1689 -0.0105
v 0.1100 -0.1704 0.0259
v 0.1106 -0.1582 0.0417
v 0.1137 -0.1672 0.0369
v 0.1126 -0.1688 0.0427
v 0.1168 -0.1674 0.0303
v 0.1144 -0.1693 0.0488
v 0.1143 -0.1688 0.0181
v 0.1177 -0.1691 0.0252
v 0.1166 -0.1619 0.0265
v -0.2826 -0.1561 -0.0111
v -0.2762 -0.1568 -0.0157
v -0.2736 -0.1561 -0.0096
v -0.2628 -0.1482 -0.0139
v -0.2607 -0.1511 -0.0113
v -0.2532 -0.1568 -0.0293
v 0.0508 -0.1548 0.1202
v 0.0911 -0.1648 0.0835
v -0.2504 -0.1348 0.0565
v -0.2141 -0.1697 0.1327
v -0.2047 -0.1692 0.1372
v -0.1490 -0.1696 0.1324
v -0.1300 -0.1709 0.1109
v -0.1715 -0.1702 0.1044
v -0.1249 -0.1704 0.1099


vt 0.79413 0.33022
vt 0.79471 0.32911
vt 0.79479 0.33105
f 6/1 1/2 2/3
vt 0.32800 0.25498
vt 0.33062 0.25494
vt 0.32837 0.25664
f 2/4 1/5 76/6
vt 0.40581 0.70095
vt 0.40465 0.70205
vt 0.40553 0.70004
f 2/7 23/8 6/9
vt 0.30355 0.92963
vt 0.30284 0.93159
vt 0.30214 0.92943
f 4/10 11/11 9/12
vt 0.26475 0.94568
vt 0.26448 0.94690
vt 0.26431 0.94571
f 5/13 3/14 14/15
vt 0.40596 0.69195
vt 0.40437 0.68946
vt 0.40580 0.68958
f 5/16 36/17 3/18
vt 0.33689 0.25375
vt 0.33733 0.25401
vt 0.33510 0.25430
f 5/19 14/20 7/21
vt 0.40406 0.69406
f 5/16 61/22 36/17
vt 0.26006 0.96158
vt 0.25956 0.96294
vt 0.25925 0.96174
f 4/23 9/24 8/25
vt 0.40542 0.70242
vt 0.40479 0.70407
f 2/26 34/27 23/8
vt 0.25897 0.96011
f 4/23 8/25 24/28
vt 0.40539 0.69443
f 5/16 7/29 61/22
vt 0.32568 0.25643
f 2/4 76/6 34/30
vt 0.33490 0.25579
f 7/21 14/20 18/31
vt 0.78880 0.32976
vt 0.78651 0.32989
vt 0.78810 0.32855
f 11/32 4/33 12/34
vt 0.79078 0.32962
f 11/32 12/34 16/35
vt 0.33237 0.25485
f 7/21 18/31 10/36
vt 0.40522 0.68738
f 3/18 36/17 20/37
vt 0.78584 0.32834
vt 0.78682 0.32774
f 24/38 35/39 4/33
vt 0.40525 0.69680
f 7/29 10/40 61/22
vt 0.40512 0.69834
vt 0.40381 0.69746
f 1/41 31/42 10/40
f 10/40 31/42 61/22
vt 0.33150 0.25777
f 1/5 10/36 102/43
vt 0.79096 0.32816
f 16/35 12/34 22/44
f 10/36 18/31 102/43
f 4/33 35/39 12/34
vt 0.30228 0.93058
f 11/11 19/45 9/12
vt 0.40442 0.70023
vt 0.40452 0.69914
f 6/9 27/46 1/47
f 23/8 27/46 6/9
vt 0.40356 0.70068
f 23/8 13/48 27/46
vt 0.33971 0.25349
vt 0.33964 0.25572
f 14/20 3/49 66/50
vt 0.34201 0.25366
f 3/49 20/51 66/50
vt 0.30171 0.93044
f 9/12 19/45 69/52
vt 0.79257 0.32895
f 16/35 22/44 27/53
vt 0.96636 0.58489
vt 0.96691 0.58649
vt 0.96599 0.58622
f 17/54 24/55 8/56
vt 0.40312 0.70397
f 34/27 15/57 23/8
vt 0.40377 0.70606
f 34/27 25/58 15/57
f 1/5 102/43 76/6
vt 0.96723 0.58573
f 17/54 41/59 24/55
vt 0.93778 0.83480
vt 0.93770 0.83645
vt 0.93619 0.83548
f 21/60 28/61 26/62
vt 0.32359 0.25730
vt 0.32368 0.25871
f 25/63 34/30 89/64
vt 0.78844 0.32735
f 12/34 58/65 22/44
vt 0.25861 0.96242
f 8/25 9/24 60/66
vt 0.79359 0.32883
vt 0.79279 0.32745
f 1/67 27/53 31/68
vt 0.35467 0.25156
vt 0.35610 0.25267
vt 0.35186 0.25259
f 21/69 29/70 28/71
vt 0.34347 0.25419
f 66/50 20/51 37/72
vt 0.40303 0.70657
f 15/57 25/58 42/73
vt 0.86058 0.93480
vt 0.85894 0.93464
vt 0.85989 0.93246
f 21/74 26/75 32/76
vt 0.35728 0.25199
f 21/69 32/77 29/70
f 14/20 66/50 18/31
vt 0.30291 0.93558
vt 0.30195 0.93535
vt 0.30314 0.93389
f 27/78 13/79 16/80
vt 0.30172 0.93348
f 16/80 13/79 49/81
vt 0.40193 0.70292
f 23/8 15/57 71/82
f 23/8 71/82 13/48
vt 0.71638 0.88192
vt 0.71731 0.88196
vt 0.71610 0.88276
f 24/83 41/84 35/85
f 16/80 49/81 11/11
vt 0.71704 0.88497
vt 0.71715 0.88634
vt 0.71572 0.88717
f 58/86 38/87 22/88
vt 0.94838 0.27992
vt 0.94814 0.28200
vt 0.94689 0.28017
f 17/89 8/90 60/91
vt 0.94684 0.27974
f 17/89 60/91 33/92
vt 0.78750 0.32701
f 12/34 44/93 58/65
vt 0.26443 0.95017
vt 0.26489 0.94966
vt 0.26459 0.95193
f 37/94 20/95 30/96
vt 0.93629 0.83787
f 28/61 85/97 26/62
vt 0.97533 0.05418
vt 0.97459 0.05528
vt 0.97414 0.05426
f 9/98 69/99 60/100
vt 0.30131 0.94950
vt 0.30230 0.94957
vt 0.30117 0.95025
f 35/101 44/102 12/103
vt 0.71668 0.88826
vt 0.71623 0.88848
f 22/88 59/104 27/105
vt 0.94546 0.59184
vt 0.94574 0.59303
vt 0.94473 0.59358
f 19/106 11/107 49/108
vt 0.40264 0.69579
f 61/22 31/42 81/109
vt 0.79204 0.32786
f 27/53 59/110 31/68
vt 0.40289 0.68582
vt 0.40432 0.68461
f 20/37 67/111 30/112
vt 0.93777 0.83855
f 28/61 56/113 85/97
vt 0.37846 0.85030
vt 0.37840 0.85340
vt 0.37676 0.85147
f 26/114 85/115 132/116
vt 0.32196 0.25841
f 25/63 89/64 42/117
vt 0.71713 0.87928
vt 0.71860 0.87940
f 17/118 33/119 41/84
vt 0.30216 0.94883
f 35/101 75/120 44/102
vt 0.40288 0.68395
f 30/112 67/111 40/121
vt 0.86364 0.16726
vt 0.86384 0.16876
vt 0.86265 0.16825
f 42/122 50/123 51/124
vt 0.30133 0.94863
vt 0.30153 0.94779
f 35/125 57/126 75/120
vt 0.94460 0.59136
f 19/106 49/108 46/127
vt 0.94546 0.59122
f 19/106 46/127 69/128
vt 0.40248 0.69967
f 13/48 71/82 62/129
vt 0.78711 0.32555
vt 0.78677 0.32657
vt 0.78594 0.32542
f 57/130 35/131 65/132
vt 0.32072 0.25922
f 42/117 89/64 50/133
vt 0.78676 0.32341
f 57/130 65/132 63/134
vt 0.34520 0.25432
vt 0.34540 0.25570
f 30/135 87/136 37/72
vt 0.40380 0.68259
f 30/112 40/121 39/137
vt 0.98081 0.81031
vt 0.98014 0.81094
vt 0.98007 0.81040
f 35/138 41/139 53/140
vt 0.94543 0.59566
vt 0.94411 0.59538
f 13/141 62/142 49/108
vt 0.34757 0.25465
f 30/135 39/143 87/136
vt 0.69621 0.89253
vt 0.69607 0.89367
vt 0.69553 0.89368
f 65/144 35/145 53/146
vt 0.35893 0.25329
f 32/77 73/147 29/70
vt 0.78758 0.32392
f 57/130 63/134 54/148
vt 0.37635 0.84835
f 26/114 132/116 32/149
vt 0.78981 0.32552
vt 0.79084 0.32399
vt 0.79121 0.32508
f 70/150 55/151 81/152
vt 0.32022 0.26104
f 89/64 158/153 50/133
vt 0.73909 0.43838
vt 0.74001 0.43830
vt 0.74117 0.43957
f 42/154 51/155 136/156
f 20/37 36/17 67/111
vt 0.78893 0.32504
f 70/150 43/157 55/151
f 22/88 38/87 59/104
vt 0.35194 0.25628
f 28/71 29/70 112/158
vt 0.36136 0.25205
vt 0.36250 0.25216
vt 0.36075 0.25256
f 47/159 48/160 45/161
vt 0.71683 0.88275
vt 0.71717 0.88360
f 53/162 41/84 44/163
vt 0.71762 0.88803
f 59/104 38/87 62/164
vt 0.93755 0.83960
f 85/97 56/113 83/165
vt 0.71766 0.88403
f 58/86 44/163 86/166
vt 0.87765 0.25680
vt 0.87831 0.25751
vt 0.87712 0.25802
f 51/167 50/168 141/169
vt 0.82598 0.90348
vt 0.82641 0.90310
vt 0.82622 0.90461
f 48/170 47/171 64/172
vt 0.40284 0.69827
f 31/42 59/173 81/109
vt 0.97639 0.19815
vt 0.97583 0.19837
vt 0.97609 0.19740
f 45/174 77/175 47/176
vt 0.71871 0.88154
f 41/84 33/119 52/177
vt 0.94360 0.59243
f 49/108 58/178 46/127
vt 0.40227 0.69021
f 36/17 61/22 114/179
vt 0.78795 0.32540
vt 0.78791 0.32471
f 57/180 54/181 43/157
vt 0.73989 0.43979
vt 0.73958 0.43944
f 15/182 42/183 136/156
vt 0.35627 0.25653
f 29/70 230/184 112/158
vt 0.97615 0.19952
f 45/174 73/185 77/175
vt 0.40161 0.68659
f 36/17 140/186 67/111
f 37/72 87/136 66/50
vt 0.71684 0.88354
vt 0.71692 0.88318
f 75/187 53/188 44/163
vt 0.71859 0.88300
f 41/84 86/189 44/163
vt 0.94333 0.59134
f 46/127 58/178 86/190
vt 0.40229 0.69412
f 61/22 81/109 55/191
vt 0.40098 0.70124
f 71/82 147/192 62/129
vt 0.40144 0.68126
f 39/137 40/121 180/193
vt 0.79399 0.30531
vt 0.79181 0.30700
vt 0.79298 0.30386
f 47/194 77/195 98/196
vt 0.85995 0.93019
vt 0.86063 0.93040
f 32/76 77/197 73/198
vt 0.78916 0.32255
f 63/134 101/199 54/148
vt 0.89868 0.47192
vt 0.89859 0.47288
vt 0.89697 0.47220
f 53/200 75/201 148/202
vt 0.96686 0.07159
vt 0.96599 0.07120
vt 0.96647 0.06887
f 60/203 52/204 33/205
vt 0.78925 0.32390
f 43/157 68/206 55/151
vt 0.78860 0.32403
f 43/157 116/207 68/206
vt 0.94324 0.59388
f 58/178 49/108 38/208
vt 0.87838 0.25869
f 50/168 158/209 141/169
vt 0.47349 0.96017
vt 0.47362 0.96088
vt 0.47255 0.96091
f 57/210 43/211 108/212
vt 0.78706 0.32153
vt 0.78770 0.32151
f 63/134 122/213 82/214
vt 0.74039 0.44050
vt 0.74132 0.44157
f 15/215 136/156 71/216
vt 0.69488 0.89346
f 53/146 148/217 65/144
f 43/157 54/181 116/207
f 62/142 38/208 49/108
vt 0.99099 0.17298
vt 0.99135 0.17298
vt 0.99119 0.17340
f 43/218 70/219 108/220
f 55/151 68/206 101/199
f 41/84 52/177 86/189
vt 0.34984 0.25375
f 28/71 112/158 56/221
f 36/17 114/179 140/186
vt 0.47264 0.96003
f 57/210 108/212 75/222
vt 0.36427 0.25195
vt 0.36580 0.25610
f 64/223 248/224 48/160
vt 0.87664 0.25672
vt 0.87613 0.25726
vt 0.87563 0.25660
f 51/225 141/226 136/227
vt 0.37454 0.84988
f 32/149 132/116 145/228
vt 0.32657 0.26104
f 34/30 175/229 89/64
vt 0.34935 0.25528
f 56/221 112/158 83/230
vt 0.69620 0.89081
vt 0.69518 0.89050
f 63/231 65/144 106/232
vt 0.79385 0.30411
f 64/233 47/194 98/196
vt 0.78825 0.32211
f 101/199 63/134 82/234
vt 0.78812 0.32370
f 54/181 88/235 116/207
vt 0.78657 0.32218
f 63/134 149/236 122/213
vt 0.92255 0.36436
vt 0.92222 0.36312
vt 0.92323 0.36336
f 79/237 104/238 94/239
vt 0.97681 0.18917
vt 0.97583 0.18908
vt 0.97657 0.18810
f 101/240 88/241 54/242
vt 0.79117 0.32248
f 55/151 101/199 72/243
vt 0.82777 0.90727
vt 0.82610 0.90690
f 64/172 201/244 134/245
vt 0.82771 0.90529
f 64/172 98/246 201/244
vt 0.40183 0.69288
f 61/22 55/191 72/247
vt 0.35960 0.25519
f 73/147 118/248 29/70
vt 0.48632 0.97652
vt 0.48617 0.97724
vt 0.48531 0.97702
f 52/249 60/250 74/251
vt 0.74284 0.44134
f 136/156 99/252 71/216
f 61/22 72/247 114/179
vt 0.34790 0.25732
f 39/143 233/253 87/136
vt 0.97610 0.18961
f 101/240 68/254 88/241
vt 0.78590 0.32274
f 63/134 106/255 149/236
vt 0.36599 0.25284
f 64/223 134/256 248/224
vt 0.40082 0.69574
f 59/173 167/257 81/109
vt 0.36236 0.25668
f 48/160 246/258 45/161
f 48/160 248/224 246/258
vt 0.92144 0.28911
vt 0.92071 0.28818
vt 0.92163 0.28850
f 78/259 129/260 90/261
vt 0.48599 0.97556
f 52/249 74/251 86/262
vt 0.89869 0.47555
vt 0.89628 0.47660
vt 0.89706 0.47408
f 70/263 167/264 108/265
f 65/144 148/217 106/232
vt 0.86205 0.01761
vt 0.86333 0.01971
vt 0.86203 0.01936
f 78/266 107/267 95/268
vt 0.95689 0.54888
vt 0.95582 0.54827
vt 0.95736 0.54802
f 131/269 80/270 97/271
vt 0.37386 0.84788
vt 0.37542 0.84717
f 32/149 144/272 77/273
vt 0.37855 0.85490
vt 0.37733 0.85485
f 83/274 100/275 85/115
vt 0.26454 0.95439
vt 0.26498 0.95568
vt 0.26458 0.95595
f 39/276 180/277 83/278
f 39/143 83/230 233/253
vt 0.96480 0.89463
vt 0.96396 0.89435
vt 0.96531 0.89383
f 69/279 46/280 74/281
vt 0.96410 0.89281
f 86/282 74/281 46/280
vt 0.98337 0.83259
vt 0.98405 0.83306
vt 0.98324 0.83315
f 122/283 92/284 82/285
f 34/30 76/6 175/229
vt 0.89759 0.47686
f 70/263 81/286 167/264
vt 0.86183 0.02167
vt 0.86322 0.02367
f 84/287 107/267 159/288
vt 0.33720 0.26010
f 18/31 96/289 102/43
vt 0.95627 0.54697
f 97/271 80/270 128/290
vt 0.94981 0.33356
vt 0.95073 0.33253
vt 0.95141 0.33323
f 92/291 128/292 146/293
vt 0.95069 0.33520
f 92/291 146/293 82/294
vt 0.74373 0.44402
f 71/216 99/252 91/295
vt 0.51873 0.25292
vt 0.52005 0.25214
vt 0.52211 0.25307
f 94/296 104/297 110/298
f 29/70 118/248 230/184
vt 0.86242 0.01659
f 78/266 90/299 107/267
vt 0.69645 0.88577
vt 0.69598 0.88764
vt 0.69507 0.88507
f 92/300 122/301 154/302
f 95/268 107/267 84/287
vt 0.33340 0.26253
f 102/43 96/289 235/303
vt 0.97865 0.26089
vt 0.97952 0.26103
vt 0.97934 0.26163
f 60/304 69/305 74/306
vt 0.89794 0.47313
f 75/307 108/265 148/202
f 73/147 45/161 118/248
vt 0.79039 0.32138
f 72/243 101/199 103/308
vt 0.96529 0.28166
vt 0.96371 0.28108
vt 0.96532 0.27999
f 131/309 103/310 80/311
vt 0.92101 0.29115
vt 0.92005 0.28979
f 78/259 95/312 130/313
vt 0.93444 0.59209
vt 0.93368 0.59361
vt 0.93338 0.59188
f 94/314 111/315 79/316
vt 0.74406 0.44240
f 99/252 125/317 91/295
vt 0.37664 0.85391
f 85/115 138/318 132/116
vt 0.87760 0.26100
f 141/169 158/209 211/319
vt 0.51659 0.25374
vt 0.51623 0.25287
f 94/296 127/320 111/321
vt 0.97205 0.29703
vt 0.97300 0.29763
vt 0.97249 0.29882
f 90/322 129/323 187/324
vt 0.54035 0.82526
vt 0.53914 0.82440
vt 0.53878 0.82320
f 141/325 124/326 136/327
f 83/230 112/158 233/253
vt 0.52065 0.25380
vt 0.51932 0.25405
f 94/296 123/328 93/329
vt 0.89577 0.47416
vt 0.89578 0.47449
vt 0.89544 0.47453
f 88/330 68/331 135/332
vt 0.40173 0.68490
f 40/121 67/111 159/333
vt 0.74157 0.44409
f 71/216 91/295 147/334
vt 0.51808 0.25378
f 94/296 93/335 127/320
f 110/298 123/328 94/296
vt 0.53869 0.82165
vt 0.53766 0.82163
f 99/336 136/327 125/337
vt 0.86458 0.01818
f 90/299 162/338 107/267
vt 0.92127 0.29333
vt 0.91956 0.29219
f 84/339 176/340 95/312
vt 0.95898 0.24962
vt 0.96028 0.24820
vt 0.96006 0.24895
f 92/341 105/342 128/343
vt 0.95919 0.24746
f 92/341 130/344 105/342
vt 0.51429 0.25342
f 111/321 127/320 142/345
vt 0.40129 0.68032
vt 0.40255 0.68030
f 180/193 166/346 83/347
f 32/149 145/228 144/272
vt 0.92308 0.36033
vt 0.92201 0.36196
f 110/348 104/238 119/349
vt 0.92192 0.35991
f 110/348 119/349 133/350
vt 0.93725 0.84006
vt 0.93674 0.84114
vt 0.93624 0.84039
f 83/351 166/352 100/353
vt 0.96074 0.24848
f 128/343 105/342 109/354
f 78/259 130/313 129/260
vt 0.39992 0.69833
f 59/173 62/129 143/355
f 59/173 143/355 167/257
vt 0.94349 0.55208
vt 0.94372 0.55020
vt 0.94497 0.55049
f 97/356 115/357 126/358
vt 0.95722 0.54633
f 97/271 128/290 115/359
vt 0.32277 0.26356
f 89/64 204/360 158/153
vt 0.40120 0.68356
f 40/121 159/361 180/193
vt 0.92099 0.29549
vt 0.91989 0.29502
f 84/339 159/362 140/363
f 85/115 100/275 138/318
vt 0.96603 0.45151
vt 0.96589 0.45042
vt 0.96692 0.45010
f 101/364 82/365 117/366
vt 0.91953 0.29115
f 95/312 181/367 130/313
f 45/161 246/258 118/248
vt 0.97861 0.34132
vt 0.97887 0.34077
vt 0.97932 0.34145
f 88/368 135/369 116/370
vt 0.98883 0.47287
vt 0.98909 0.47352
vt 0.98870 0.47352
f 93/371 165/372 151/373
f 18/31 66/50 96/289
vt 0.79084 0.32156
f 72/243 103/308 150/374
vt 0.93423 0.59514
vt 0.93363 0.59580
f 142/375 120/376 111/315
vt 0.51807 0.25498
f 93/335 151/377 127/320
vt 0.79020 0.30435
f 77/195 268/378 98/196
vt 0.51375 0.25295
vt 0.51305 0.25368
f 120/379 142/345 138/380
vt 0.87820 0.26059
f 158/209 174/381 211/319
vt 0.93270 0.59194
f 79/316 111/315 121/382
vt 0.53285 0.96201
vt 0.53180 0.96182
vt 0.53190 0.96035
f 68/383 116/384 139/385
vt 0.53282 0.96091
f 68/383 139/385 135/386
f 76/6 102/43 175/229
vt 0.91967 0.28853
f 129/260 130/313 184/387
vt 0.74512 0.44394
f 125/317 160/388 91/295
f 89/64 175/229 204/360
vt 0.95586 0.54605
f 128/290 109/389 115/359
vt 0.96670 0.45180
vt 0.96637 0.45237
f 101/364 153/390 103/391
vt 0.82648 0.90935
f 134/245 201/244 203/392
vt 0.40107 0.68645
f 67/111 140/393 159/333
vt 0.39993 0.68850
f 114/179 113/394 140/393
vt 0.93441 0.59674
vt 0.93367 0.59731
f 120/376 138/395 100/396
vt 0.40060 0.69252
f 72/247 150/397 114/179
vt 0.69643 0.88354
f 92/300 154/302 130/398
vt 0.87708 0.25928
f 141/169 211/319 245/399
vt 0.69498 0.88977
vt 0.69441 0.89012
vt 0.69513 0.88890
f 106/400 117/401 149/402
vt 0.96706 0.45119
f 101/364 117/366 135/403
f 176/340 181/367 95/312
vt 0.39992 0.69192
f 114/179 195/404 113/394
vt 0.69502 0.88765
f 122/301 149/402 137/405
vt 0.34194 0.26075
f 87/136 325/406 66/50
vt 0.95942 0.47518
vt 0.95935 0.47661
vt 0.95865 0.47639
f 79/407 121/408 104/409
vt 0.95154 0.33434
vt 0.95167 0.33569
f 82/294 137/410 117/411
f 101/364 135/403 153/390
vt 0.89591 0.47481
f 108/265 167/264 116/412
vt 0.93300 0.59368
f 111/315 163/413 121/382
vt 0.89482 0.47466
vt 0.89465 0.47331
vt 0.89568 0.47374
f 135/414 117/415 116/416
vt 0.94490 0.55202
f 97/356 126/358 171/417
vt 0.95389 0.04292
vt 0.95444 0.04471
vt 0.95326 0.04404
f 128/418 80/419 171/420
vt 0.50526 0.93571
vt 0.50455 0.93431
vt 0.50585 0.93523
f 82/421 146/422 137/423
vt 0.94359 0.55317
f 97/356 171/417 131/424
vt 0.79126 0.30284
f 98/196 268/378 209/425
f 114/179 150/397 195/404
f 108/265 116/416 148/202
vt 0.86482 0.02186
f 107/267 170/426 159/288
vt 0.92153 0.36288
vt 0.92207 0.36317
vt 0.92033 0.36282
f 119/427 104/428 196/429
vt 0.93973 0.08056
vt 0.94050 0.08001
vt 0.94002 0.08105
f 130/430 181/431 105/432
vt 0.85916 0.92977
vt 0.85975 0.92887
f 77/197 144/433 155/434
vt 0.53967 0.82540
f 141/325 226/435 124/326
vt 0.91925 0.29383
f 140/363 164/436 84/339
vt 0.93049 0.87937
vt 0.92988 0.87993
vt 0.92953 0.87916
f 93/437 123/438 165/439
vt 0.95701 0.54542
vt 0.95767 0.54547
f 115/359 172/440 164/441
vt 0.69533 0.88332
f 130/398 154/302 184/442
vt 0.93233 0.59549
f 120/376 100/396 5671/443
vt 0.82927 0.90614
f 98/246 209/444 201/244
f 62/129 147/192 143/355
vt 0.94448 0.55373
vt 0.94501 0.55364
f 103/445 131/424 157/446
f 116/416 117/415 148/202
f 131/424 171/417 157/446
vt 0.96379 0.28066
f 80/311 103/310 153/447
vt 0.95303 0.04568
vt 0.95310 0.04532
f 80/419 153/448 157/449
f 115/359 109/389 172/440
vt 0.95580 0.06363
vt 0.95695 0.06318
vt 0.95739 0.06411
f 110/450 133/451 215/452
vt 0.95606 0.06544
f 110/450 215/452 123/453
vt 0.97789 0.53853
vt 0.97728 0.53759
vt 0.97789 0.53758
f 90/454 187/455 168/456
vt 0.82927 0.90670
f 201/244 209/444 223/457
f 80/419 157/449 171/420
vt 0.54400 0.65745
vt 0.54366 0.65785
vt 0.54221 0.65697
f 125/458 152/459 160/460
vt 0.94438 0.54905
f 115/357 164/461 126/358
vt 0.74300 0.44719
f 91/295 189/462 147/334
vt 0.89458 0.47571
f 116/412 167/264 139/463
vt 0.89554 0.47164
f 106/464 148/202 117/415
vt 0.69672 0.88116
vt 0.69515 0.88139
vt 0.69667 0.88054
f 90/465 168/466 162/467
vt 0.95759 0.06612
f 123/453 215/452 243/468
f 122/301 137/405 154/302
vt 0.89070 0.44176
vt 0.89042 0.44342
vt 0.88956 0.44280
f 141/469 245/470 226/471
vt 0.92107 0.36425
f 104/428 121/472 196/429
f 66/50 325/406 96/289
vt 0.91933 0.29281
f 84/339 164/436 172/473
vt 0.50559 0.93621
vt 0.50598 0.93614
f 117/474 137/423 149/475
vt 0.54322 0.65869
vt 0.54145 0.65834
f 160/460 152/476 193/477
vt 0.86483 0.02288
f 159/288 170/426 190/478
vt 0.95594 0.06611
f 165/479 123/453 243/468
vt 0.74158 0.44697
f 147/334 189/462 143/480
vt 0.94486 0.55429
vt 0.94505 0.55430
f 103/481 157/446 150/482
vt 0.92410 0.29781
vt 0.92531 0.29883
vt 0.92401 0.29949
f 119/483 196/484 241/485
f 84/339 172/473 176/340
vt 0.81525 0.09979
vt 0.81436 0.09980
vt 0.81590 0.09920
f 111/486 120/487 163/488
vt 0.95301 0.04239
f 128/418 171/420 178/489
vt 0.86485 0.02087
f 170/426 107/267 182/490
vt 0.78944 0.30595
f 77/195 155/491 268/378
vt 0.97984 0.91642
vt 0.98001 0.91591
vt 0.98061 0.91641
f 105/492 156/493 109/494
vt 0.94126 0.08110
f 105/432 181/431 156/495
vt 0.81435 0.09938
f 120/487 5671/496 163/488
vt 0.91964 0.29492
f 140/363 179/497 164/436
vt 0.36817 0.25450
f 134/256 203/498 248/224
vt 0.53324 0.95980
f 153/499 135/386 139/385
vt 0.53742 0.82328
f 136/327 214/500 125/337
vt 0.37417 0.85175
f 132/116 228/501 145/228
vt 0.51947 0.25505
vt 0.51884 0.25668
f 165/502 198/503 151/377
vt 0.97356 0.29843
f 129/323 184/504 187/324
f 132/116 138/318 228/501
vt 0.91941 0.36333
f 121/472 192/505 196/429
vt 0.92022 0.36444
f 121/472 169/506 192/505
vt 0.86440 0.01908
f 107/267 162/338 186/507
vt 0.86471 0.01979
f 107/267 177/508 182/490
vt 0.53813 0.82383
f 136/327 124/509 214/500
f 107/267 186/507 177/508
vt 0.08527 0.97556
vt 0.08539 0.97685
vt 0.08454 0.97596
f 153/510 139/511 150/512
vt 0.95711 0.37062
vt 0.95745 0.37063
vt 0.95743 0.37106
f 153/513 150/514 157/515
vt 0.51418 0.25433
vt 0.51445 0.25567
f 142/516 127/320 188/517
vt 0.51310 0.25457
f 142/516 188/517 138/518
vt 0.74556 0.44672
f 91/295 160/388 191/519
vt 0.95356 0.04183
vt 0.95308 0.04177
f 109/520 178/489 173/521
vt 0.98074 0.91569
f 109/494 156/493 178/522
vt 0.93241 0.59694
f 5671/443 100/396 166/523
vt 0.95151 0.33221
f 128/292 178/524 146/293
f 102/43 235/303 175/229
f 233/253 325/406 87/136
vt 0.51621 0.25559
f 127/320 161/525 188/517
vt 0.98644 0.42310
vt 0.98607 0.42359
vt 0.98624 0.42313
f 109/526 173/527 172/528
vt 0.91947 0.36420
f 192/505 169/506 162/529
f 91/295 191/519 189/462
vt 0.51785 0.25501
f 127/320 151/530 161/525
vt 0.51971 0.25603
f 165/502 197/531 198/503
vt 0.54136 0.65830
vt 0.53923 0.65677
f 160/460 193/532 191/533
vt 0.53665 0.82271
vt 0.53626 0.82165
f 125/337 214/534 152/535
vt 0.51838 0.25595
f 198/503 199/536 151/377
vt 0.50572 0.93314
f 146/422 154/537 137/423
vt 0.81744 0.09946
vt 0.81722 0.09885
f 121/538 163/488 229/539
vt 0.86573 0.02395
f 180/540 159/288 190/478
vt 0.97938 0.64439
vt 0.97856 0.64432
vt 0.97910 0.64382
f 172/541 173/542 176/543
vt 0.98037 0.91535
f 156/493 146/544 178/522
vt 0.92099 0.36190
f 119/349 241/545 133/350
vt 0.93028 0.84406
vt 0.92985 0.84277
vt 0.93083 0.84291
f 176/546 185/547 181/548
vt 0.94498 0.54896
f 164/461 173/549 126/358
vt 0.92821 0.87936
vt 0.92901 0.87805
f 165/439 243/550 197/551
vt 0.08454 0.97685
f 150/512 139/511 195/552
vt 0.86575 0.02079
vt 0.86591 0.02020
vt 0.86714 0.02069
f 182/553 200/554 202/555
vt 0.69593 0.87954
f 162/467 168/466 192/556
vt 0.40027 0.68622
f 140/393 113/394 179/557
vt 0.86619 0.01886
f 200/554 169/558 202/555
vt 0.86575 0.02191
f 182/553 202/555 194/559
vt 0.39853 0.69491
f 167/257 143/355 225/560
vt 0.99270 0.21055
vt 0.99247 0.21049
vt 0.99270 0.21008
f 182/561 177/562 200/563
vt 0.96548 0.38598
vt 0.96442 0.38543
vt 0.96487 0.38439
f 180/564 190/565 194/566
vt 0.94137 0.08004
f 181/431 212/567 156/495
vt 0.95906 0.47720
vt 0.95971 0.47745
f 169/568 121/408 207/569
vt 0.86728 0.01921
f 169/558 207/570 202/555
vt 0.55165 0.97561
vt 0.55153 0.97703
vt 0.55121 0.97591
f 169/571 200/572 183/573
vt 0.86535 0.02188
f 182/490 194/574 170/426
vt 0.37535 0.85274
vt 0.37414 0.85291
f 228/501 138/575 219/576
vt 0.94002 0.07657
vt 0.94082 0.07599
vt 0.94099 0.07756
f 162/577 221/578 186/579
vt 0.39933 0.69443
f 167/257 225/560 205/580
vt 0.37473 0.85363
f 138/575 188/581 219/576
vt 0.93982 0.07535
vt 0.94032 0.07535
f 162/577 169/582 183/583
vt 0.92894 0.84299
f 176/546 186/584 185/547
vt 0.95691 0.37187
vt 0.95750 0.37377
vt 0.95603 0.37345
f 171/585 126/586 178/587
vt 0.86702 0.02210
f 202/555 5671/588 194/559
f 194/559 5671/588 180/540
vt 0.86674 0.02397
f 180/540 5671/588 166/589
vt 0.89502 0.47668
f 139/463 167/264 205/590
vt 0.50521 0.93251
f 146/422 156/591 154/537
vt 0.88932 0.44233
vt 0.88944 0.44332
vt 0.88890 0.44158
f 226/592 249/593 124/594
vt 0.96011 0.47779
f 121/408 229/595 207/569
vt 0.93039 0.84679
vt 0.92922 0.84690
vt 0.93091 0.84564
f 179/596 206/597 164/598
vt 0.98299 0.46124
vt 0.98224 0.46104
vt 0.98241 0.46018
f 124/599 218/600 214/601
vt 0.92939 0.87524
vt 0.92965 0.87664
f 197/551 240/602 198/603
f 164/598 206/597 176/546
vt 0.37268 0.84933
f 144/272 145/228 253/604
vt 0.50623 0.93209
vt 0.50558 0.93124
f 184/605 154/537 212/606
vt 0.50625 0.93084
f 184/605 212/606 187/607
vt 0.96389 0.38476
f 190/565 265/608 194/566
vt 0.81603 0.09756
vt 0.81750 0.09750
f 163/488 242/609 213/610
f 163/488 213/610 229/539
vt 0.32651 0.26547
f 175/229 338/611 204/360
vt 0.98380 0.12810
vt 0.98388 0.12872
vt 0.98339 0.12835
f 194/612 265/613 170/614
vt 0.93072 0.84503
f 164/598 176/546 173/615
f 156/591 212/606 154/537
vt 0.42484 0.88438
vt 0.42492 0.88340
vt 0.42635 0.88474
f 5671/616 202/617 5673/618
vt 0.94111 0.07872
f 181/431 185/619 212/567
vt 0.39918 0.69033
f 113/394 195/404 250/620
vt 0.74190 0.45012
f 143/480 189/462 225/621
vt 0.93305 0.70248
vt 0.93257 0.70219
vt 0.93361 0.70234
f 206/622 179/623 216/624
vt 0.98332 0.12909
f 170/614 265/613 231/625
vt 0.96589 0.93891
vt 0.96681 0.93861
vt 0.96650 0.93943
f 170/626 231/627 190/628
vt 0.64081 0.90850
vt 0.64121 0.90777
vt 0.64233 0.90784
f 151/629 213/630 161/631
vt 0.92598 0.29945
vt 0.92554 0.30033
f 192/632 234/633 196/484
vt 0.89709 0.23558
vt 0.89742 0.23641
vt 0.89663 0.23683
f 190/634 231/635 272/636
vt 0.89404 0.47680
f 139/463 205/590 227/637
vt 0.96640 0.72612
vt 0.96663 0.72494
vt 0.96706 0.72602
f 151/638 199/639 213/640
vt 0.93229 0.36924
vt 0.93366 0.36861
vt 0.93311 0.37023
f 200/641 177/642 288/643
vt 0.31956 0.26304
f 158/153 204/360 174/644
f 162/577 183/583 221/578
vt 0.53784 0.65787
f 191/533 193/532 239/645
vt 0.97824 0.97790
vt 0.97736 0.97754
vt 0.97810 0.97671
f 126/646 173/647 178/648
vt 0.92817 0.87733
f 240/602 197/551 258/649
vt 0.08442 0.97771
f 139/511 227/650 195/552
vt 0.96379 0.38536
f 190/565 272/651 265/608
vt 0.39863 0.69166
f 195/404 271/652 250/620
vt 0.50403 0.96222
vt 0.50452 0.96006
vt 0.50532 0.96233
f 209/653 208/654 223/655
vt 0.81991 0.09859
vt 0.82180 0.09796
vt 0.82261 0.09864
f 241/656 215/657 133/658
vt 0.81970 0.09734
f 241/656 243/659 215/657
vt 0.92834 0.84456
f 176/546 206/597 254/660
vt 0.93221 0.70050
vt 0.93430 0.69998
f 113/661 210/662 179/623
vt 0.36508 0.92905
vt 0.36754 0.92947
vt 0.36538 0.93061
f 208/663 209/664 297/665
vt 0.93422 0.70177
f 179/623 210/662 216/666
vt 0.69450 0.88054
f 168/466 224/667 192/556
vt 0.96600 0.72436
vt 0.96637 0.72351
f 198/668 251/669 199/639
vt 0.54263 0.65927
f 152/476 257/670 193/477
vt 0.52011 0.25874
vt 0.51855 0.25934
f 198/503 240/671 256/672
vt 0.37346 0.85066
f 145/228 228/673 253/604
vt 0.95962 0.41588
vt 0.95979 0.41704
vt 0.95895 0.41699
f 183/674 200/675 252/676
vt 0.50627 0.92993
f 187/607 212/606 168/677
vt 0.42525 0.88170
vt 0.42633 0.88320
f 202/617 207/678 217/679
vt 0.32946 0.26482
f 235/303 220/680 175/229
vt 0.35025 0.25957
f 233/253 112/158 269/681
vt 0.96007 0.41433
vt 0.95967 0.41490
vt 0.95933 0.41419
f 192/682 221/683 234/684
vt 0.36830 0.25642
f 248/224 203/498 255/685
vt 0.54469 0.65986
vt 0.54279 0.66017
f 214/686 257/687 152/476
vt 0.95904 0.41783
f 200/675 237/688 252/676
vt 0.64198 0.90746
f 161/631 213/630 242/689
vt 0.51467 0.25692
vt 0.51471 0.25924
vt 0.51339 0.25801
f 219/690 247/691 228/692
vt 0.35493 0.25939
f 230/184 289/693 112/158
vt 0.88792 0.44332
f 124/594 249/593 218/694
vt 0.97133 0.62635
vt 0.97021 0.62624
vt 0.97137 0.62506
f 155/695 144/696 280/697
vt 0.95966 0.41776
f 200/675 288/698 237/688
vt 0.95868 0.41543
f 183/674 244/699 221/683
f 202/617 217/679 5673/618
vt 0.51726 0.25801
f 198/503 256/672 251/700
vt 0.86359 0.17332
vt 0.86395 0.17273
vt 0.86375 0.17469
f 211/701 174/702 259/703
vt 0.50492 0.93049
vt 0.50456 0.92960
vt 0.50571 0.92918
f 185/704 186/705 224/706
f 219/690 251/700 247/691
vt 0.85738 0.92915
vt 0.85853 0.93004
vt 0.85755 0.93061
f 214/707 218/708 279/709
vt 0.79018 0.30434
vt 0.78955 0.30276
f 209/425 268/710 266/711
vt 0.97037 0.62472
f 144/696 253/712 280/697
vt 0.69502 0.87976
f 192/556 224/667 221/713
vt 0.74576 0.45034
f 191/519 222/714 189/462
vt 0.93292 0.69878
f 113/661 250/715 210/662
vt 0.93449 0.36857
vt 0.93469 0.36922
f 186/716 254/717 177/642
vt 0.88923 0.44430
f 226/471 245/470 274/718
vt 0.54223 0.65948
f 193/477 257/670 238/719
vt 0.88918 0.44573
f 249/593 351/720 218/694
vt 0.95885 0.41618
f 183/674 252/676 207/721
f 212/606 224/706 168/677
f 212/606 185/704 224/706
vt 0.66846 0.31901
vt 0.66740 0.32012
vt 0.66619 0.31869
f 206/722 216/723 306/724
f 183/674 207/721 244/699
vt 0.39818 0.69339
f 271/652 195/404 227/725
vt 0.39786 0.69211
f 271/652 227/725 295/726
vt 0.98404 0.12930
f 231/625 265/613 232/727
f 251/700 256/672 247/691
vt 0.34568 0.26273
f 233/253 347/728 325/406
f 175/229 220/680 338/611
vt 0.97016 0.04654
vt 0.97037 0.04595
vt 0.97050 0.04763
f 249/729 226/730 274/731
vt 0.96611 0.93740
vt 0.96673 0.93730
f 231/627 232/732 254/733
vt 0.97205 0.60515
vt 0.97252 0.60367
vt 0.97343 0.60518
f 186/734 221/735 224/736
vt 0.92819 0.84630
f 206/597 231/737 254/660
vt 0.89874 0.23704
f 206/738 272/636 231/635
vt 0.56331 0.97658
vt 0.56219 0.97686
vt 0.56230 0.97570
f 214/739 312/740 257/741
vt 0.42582 0.88207
f 207/678 252/742 217/679
vt 0.81814 0.09830
f 241/656 229/743 243/659
f 197/551 243/550 258/649
vt 0.96731 0.72506
f 213/640 199/639 258/744
vt 0.42508 0.88027
vt 0.42585 0.88052
f 207/678 229/745 244/746
vt 0.78837 0.30565
f 268/710 155/491 280/747
vt 0.42523 0.87934
vt 0.42600 0.88021
f 241/748 281/749 229/745
vt 0.79274 0.29866
vt 0.79215 0.29965
vt 0.79129 0.29820
f 203/750 201/751 276/752
vt 0.93397 0.36986
f 177/642 232/753 288/643
f 177/642 254/717 232/753
vt 0.95892 0.41505
f 234/684 221/683 244/754
vt 0.81791 0.09691
f 229/743 213/755 243/659
vt 0.92877 0.84372
f 176/546 254/660 186/756
vt 0.92816 0.87571
f 240/602 258/649 262/757
vt 0.39899 0.69350
f 227/758 205/580 225/560
vt 0.50568 0.96019
f 208/654 273/759 223/655
vt 0.36817 0.93073
vt 0.36697 0.93079
f 209/664 266/760 275/761
f 112/158 289/693 269/681
vt 0.81911 0.09590
f 213/755 258/762 243/659
vt 0.53566 0.65700
f 191/533 239/645 222/763
f 189/462 222/714 225/621
f 209/664 275/761 297/665
vt 0.35925 0.25989
f 230/184 118/248 336/764
f 196/484 234/633 241/485
vt 0.78837 0.93176
vt 0.78619 0.93137
vt 0.78798 0.92950
f 210/765 382/766 216/767
f 229/745 281/749 244/746
vt 0.51964 0.26003
f 256/672 240/671 296/768
vt 0.32222 0.26677
vt 0.31875 0.26555
f 174/644 361/769 259/770
f 174/644 204/360 361/769
vt 0.77510 0.98911
vt 0.77550 0.98883
vt 0.77550 0.98942
f 253/771 228/772 247/773
vt 0.37342 0.85491
f 219/576 188/581 285/774
vt 0.37244 0.85359
f 219/576 285/774 293/775
vt 0.54477 0.66212
vt 0.54346 0.66103
f 214/686 279/776 312/777
f 118/248 246/258 336/764
vt 0.88555 0.63973
vt 0.88411 0.64019
vt 0.88479 0.63908
f 251/778 219/779 303/780
vt 0.93450 0.69876
f 210/662 250/715 284/781
vt 0.94364 0.40380
vt 0.94399 0.40167
vt 0.94466 0.40349
f 203/782 276/783 255/784
vt 0.72360 0.90318
vt 0.72450 0.90505
vt 0.72341 0.90557
f 193/785 343/786 239/787
vt 0.72476 0.90371
f 193/785 236/788 343/786
vt 0.33818 0.26318
f 96/289 360/789 235/303
vt 0.42703 0.87940
f 241/748 263/790 281/749
vt 0.98224 0.34887
vt 0.98284 0.34930
vt 0.98261 0.34980
f 161/791 242/792 327/793
vt 0.53961 0.82713
vt 0.54011 0.82808
vt 0.53887 0.82920
f 245/794 211/795 278/796
vt 0.52665 0.88139
vt 0.52641 0.88254
vt 0.52550 0.88191
f 252/797 237/798 260/799
vt 0.96587 0.03518
vt 0.96449 0.03624
vt 0.96442 0.03440
f 208/800 297/801 273/802
vt 0.79159 0.30126
vt 0.78962 0.30059
vt 0.78978 0.29935
f 223/803 282/804 286/805
f 223/803 286/805 201/751
vt 0.81773 0.09579
vt 0.81709 0.09446
vt 0.81945 0.09441
f 199/806 251/807 262/808
vt 0.81834 0.09291
f 251/807 261/809 262/808
vt 0.92471 0.30176
f 234/633 263/810 241/485
vt 0.92550 0.30294
f 234/633 439/811 263/810
vt 0.74360 0.45217
f 222/714 264/812 225/621
vt 0.01551 0.91239
vt 0.01372 0.91208
vt 0.01503 0.91054
f 257/813 312/814 315/815
vt 0.64418 0.90810
vt 0.64417 0.90689
f 188/816 161/631 285/817
f 199/806 262/808 258/762
vt 0.51289 0.25993
vt 0.51362 0.26200
vt 0.51201 0.26096
f 253/818 290/819 280/820
vt 0.52529 0.87905
vt 0.52544 0.88021
vt 0.52305 0.87986
f 234/821 244/822 439/823
vt 0.92828 0.87393
f 240/602 262/757 296/824
vt 0.93314 0.69750
vt 0.93422 0.69829
f 250/715 271/825 284/826
vt 0.95892 0.65858
vt 0.95929 0.65949
vt 0.95869 0.65966
f 232/827 265/828 301/829
vt 0.88485 0.63857
vt 0.88291 0.64005
vt 0.88432 0.63732
f 303/830 219/831 364/832
vt 0.51781 0.25987
vt 0.51663 0.26035
f 247/691 256/833 298/834
vt 0.93292 0.37145
vt 0.93219 0.37059
f 288/643 267/835 237/836
vt 0.97405 0.97272
vt 0.97435 0.97170
vt 0.97452 0.97333
f 252/837 281/838 217/839
vt 0.51594 0.26069
f 247/691 298/834 339/840
vt 0.89772 0.24040
f 206/738 358/841 272/636
f 253/818 247/691 290/819
vt 0.96019 0.65984
vt 0.95940 0.66020
f 265/828 272/842 345/843
vt 0.34915 0.26270
f 233/253 353/844 347/728
vt 0.98674 0.43091
vt 0.98715 0.43121
vt 0.98688 0.43165
f 251/845 303/846 291/847
vt 0.96146 0.02128
vt 0.96231 0.01964
vt 0.96254 0.02086
f 256/848 296/849 261/850
vt 0.98433 0.95484
vt 0.98467 0.95618
vt 0.98422 0.95573
f 193/851 238/852 270/853
vt 0.93424 0.37150
f 288/643 232/753 301/854
vt 0.93244 0.37128
f 237/836 267/835 305/855
vt 0.97394 0.97176
f 252/837 244/856 281/838
f 252/797 260/799 244/822
f 233/253 269/681 353/844
vt 0.94684 0.93797
vt 0.94769 0.93552
vt 0.94854 0.93791
f 223/857 273/858 282/859
vt 0.53860 0.82631
vt 0.53831 0.82778
vt 0.53749 0.82829
f 249/860 274/861 351/862
vt 0.54059 0.66060
vt 0.54012 0.65978
f 193/477 270/863 236/864
f 96/289 325/406 360/789
vt 0.36789 0.93186
f 275/761 266/760 300/865
vt 0.92970 0.61494
vt 0.92813 0.61503
vt 0.92980 0.61270
f 242/866 5672/867 326/868
vt 0.37106 0.97736
vt 0.37065 0.97586
vt 0.37165 0.97649
f 257/869 331/870 238/871
vt 0.73947 0.45389
vt 0.74063 0.45543
vt 0.73870 0.45454
f 271/872 369/873 284/874
vt 0.96211 0.02262
f 256/848 261/850 298/875
vt 0.78849 0.93311
vt 0.78595 0.93326
f 210/765 284/876 429/877
f 210/765 429/877 382/766
vt 0.93077 0.07435
vt 0.93012 0.07603
vt 0.92925 0.07460
f 277/878 294/879 310/880
vt 0.88212 0.63886
f 219/831 293/881 364/832
vt 0.36849 0.93129
f 266/760 322/882 300/865
vt 0.57658 0.90449
vt 0.57815 0.90517
vt 0.57753 0.90663
f 5672/883 5673/884 366/885
vt 0.51555 0.26200
f 247/691 287/886 290/819
f 247/691 339/840 287/886
f 230/184 336/764 289/693
vt 0.96001 0.66069
f 272/842 292/887 345/843
vt 0.78828 0.30240
f 280/747 319/888 268/710
f 266/711 268/710 319/888
vt 0.52024 0.26280
vt 0.51977 0.26407
vt 0.51827 0.26270
f 277/889 340/890 294/891
vt 0.42673 0.88125
vt 0.42782 0.88234
f 217/679 281/892 344/893
f 265/828 345/843 301/829
vt 0.74129 0.45218
f 225/621 264/812 227/894
vt 0.74580 0.45374
f 264/812 222/714 328/895
vt 0.64286 0.90589
f 161/631 333/896 285/817
vt 0.42717 0.88277
vt 0.42721 0.88403
f 217/679 237/897 305/898
vt 0.93032 0.61383
f 327/899 242/866 326/868
vt 0.89029 0.44626
f 245/470 278/900 274/718
vt 0.51548 0.26287
vt 0.51667 0.26246
vt 0.51671 0.26457
f 283/901 287/902 373/903
vt 0.64168 0.90608
f 161/631 327/904 333/896
vt 0.82006 0.09274
f 262/808 261/809 296/905
vt 0.89571 0.23760
f 272/636 358/841 292/906
f 5673/618 217/679 305/898
vt 0.92831 0.61265
f 5672/867 366/907 326/868
vt 0.81622 0.09356
f 251/807 291/908 261/809
f 287/902 294/891 373/903
f 217/679 344/893 237/897
vt 0.72543 0.90400
vt 0.72569 0.90499
f 343/786 236/909 324/910
vt 0.44368 0.93435
vt 0.44454 0.93328
vt 0.44451 0.93481
f 299/911 431/912 318/913
f 338/611 361/769 204/360
vt 0.89896 0.23999
f 206/738 306/914 358/841
vt 0.95907 0.66081
f 292/887 267/915 345/843
vt 0.74081 0.45314
vt 0.73977 0.45380
f 295/916 369/873 271/917
vt 0.51437 0.26293
f 287/886 308/918 290/819
vt 0.93384 0.37205
f 288/643 301/854 304/919
vt 0.78866 0.30182
f 266/711 319/888 322/920
vt 0.85858 0.93274
f 279/709 218/708 330/921
vt 0.93006 0.07886
vt 0.92844 0.07775
f 294/879 287/922 339/923
f 283/901 308/918 287/886
vt 0.96481 0.81016
vt 0.96432 0.81121
vt 0.96403 0.81044
f 275/924 300/925 309/926
f 227/894 264/812 295/916
vt 0.51316 0.26433
f 280/820 290/819 319/927
vt 0.92887 0.07332
f 277/878 310/880 348/928
vt 0.88799 0.44602
f 351/720 330/929 218/694
vt 0.53315 0.65805
vt 0.53184 0.65655
f 222/763 374/930 328/931
vt 0.37260 0.85462
f 293/775 285/774 333/932
vt 0.94517 0.40229
f 276/783 335/933 255/784
vt 0.66427 0.31940
f 306/724 216/723 382/934
vt 0.87818 0.26384
vt 0.87659 0.26465
f 259/935 376/936 211/319
vt 0.73888 0.45686
f 284/874 369/873 429/937
vt 0.95988 0.66159
f 267/915 292/887 314/938
vt 0.81482 0.09385
vt 0.81469 0.09325
f 299/939 367/940 291/908
vt 0.98970 0.98877
vt 0.98996 0.98894
vt 0.98970 0.98950
f 291/941 303/942 302/943
f 281/892 263/790 344/893
vt 0.51533 0.26434
f 283/901 373/903 403/944
vt 0.87654 0.26257
f 211/319 376/936 278/945
vt 0.44281 0.93331
vt 0.44318 0.93169
f 291/946 302/947 299/911
vt 0.95889 0.66126
f 267/915 314/938 305/948
vt 0.88935 0.44680
f 274/718 278/900 320/949
vt 0.54137 0.66080
vt 0.54154 0.66344
f 331/950 257/687 307/951
f 288/643 304/919 267/835
vt 0.97733 0.37822
vt 0.97802 0.37723
vt 0.97815 0.37798
f 303/952 342/953 302/954
f 244/822 260/799 439/823
vt 0.54134 0.66050
vt 0.54118 0.66269
f 238/955 332/956 270/863
vt 0.98196 0.53868
vt 0.98171 0.53907
vt 0.98125 0.53823
f 299/957 318/958 367/959
vt 0.89532 0.94587
vt 0.89534 0.94762
vt 0.89413 0.94714
f 339/960 298/961 316/962
vt 0.51399 0.26421
f 290/819 311/963 319/927
vt 0.74362 0.45475
f 295/916 264/812 317/964
vt 0.96376 0.81009
f 275/924 309/926 371/965
vt 0.96500 0.80897
f 275/924 371/965 297/966
vt 0.96359 0.80909
f 297/966 371/965 273/967
vt 0.93123 0.61247
f 327/899 326/868 334/968
vt 0.81687 0.09257
f 291/908 298/969 261/809
vt 0.81486 0.09237
vt 0.81646 0.09253
f 291/908 367/970 298/971
vt 0.01321 0.91029
f 312/814 354/972 315/815
vt 0.78806 0.30357
vt 0.78759 0.30390
vt 0.78792 0.30251
f 290/973 308/974 311/975
vt 0.72436 0.90830
f 343/786 356/976 239/787
vt 0.36369 0.26107
f 246/258 386/977 336/764
vt 0.52642 0.88597
vt 0.52502 0.88513
vt 0.52596 0.88413
f 314/978 357/979 305/980
vt 0.42822 0.88428
vt 0.42764 0.88407
vt 0.42866 0.88390
f 345/981 267/982 304/983
f 222/763 239/645 374/930
f 295/916 317/964 369/873
vt 0.94908 0.93637
f 273/858 371/984 282/859
vt 0.53780 0.82940
f 274/861 320/985 351/862
vt 0.54354 0.66248
f 312/777 279/776 354/986
f 340/890 373/903 294/891
vt 0.20375 0.97553
vt 0.20373 0.97719
vt 0.20308 0.97669
f 277/987 348/988 313/989
vt 0.54305 0.66279
f 257/687 315/990 307/951
vt 0.78865 0.29977
f 282/804 418/991 286/805
vt 0.94384 0.40026
vt 0.94451 0.39972
f 276/783 201/992 286/993
vt 0.42902 0.88067
f 263/790 417/994 344/893
vt 0.88530 0.63750
vt 0.88590 0.63643
f 303/995 364/832 342/996
f 264/812 328/895 317/964
vt 0.89472 0.23825
vt 0.89468 0.23762
f 292/906 372/997 314/998
vt 0.89606 0.24057
f 292/906 392/999 372/997
vt 0.36850 0.25789
f 255/685 335/1000 248/224
f 292/906 358/841 392/999
vt 0.78688 0.30342
f 308/974 368/1001 311/975
f 299/911 302/947 431/912
vt 0.92843 0.07587
f 294/879 397/1002 310/880
vt 0.52524 0.88577
f 314/978 372/1003 357/979
vt 0.54099 0.66243
f 331/950 307/951 359/1004
vt 0.99234 0.98337
vt 0.99234 0.98388
vt 0.99212 0.98372
f 277/1005 313/1006 340/1007
vt 0.94955 0.93777
vt 0.94951 0.93832
f 282/859 321/1008 322/1009
vt 0.94922 0.93684
f 282/859 371/1010 321/1008
vt 0.57908 0.90567
vt 0.57878 0.90675
f 305/1011 365/1012 5673/884
vt 0.98422 0.84204
vt 0.98445 0.84200
vt 0.98455 0.84255
f 322/1013 321/1014 300/1015
vt 0.87742 0.26575
f 376/936 259/935 323/1016
vt 0.31828 0.26782
f 361/769 400/1017 259/770
vt 0.78821 0.30082
f 282/804 322/920 349/1018
f 282/804 349/1018 418/991
f 248/224 386/977 246/258
vt 0.54458 0.66474
f 279/776 465/1019 354/986
vt 0.72350 0.90986
f 239/787 356/976 374/1020
vt 0.88228 0.63825
vt 0.88286 0.63686
f 364/832 293/1021 341/1022
vt 0.98106 0.53876
f 367/959 318/958 337/1023
vt 0.98435 0.47826
vt 0.98483 0.47838
vt 0.98449 0.47916
f 304/1024 357/1025 345/1026
vt 0.36787 0.93240
vt 0.36671 0.93296
f 300/865 311/1027 329/1028
vt 0.36668 0.93187
f 300/865 329/1028 309/1029
vt 0.81576 0.09155
f 298/971 367/970 316/1030
vt 0.51376 0.26475
f 319/927 311/963 300/1031
vt 0.01918 0.97591
vt 0.02015 0.97600
vt 0.01926 0.97680
f 318/1032 431/1033 337/1034
f 322/920 319/888 349/1018
f 294/879 339/923 397/1002
vt 0.35565 0.26344
f 289/693 407/1035 269/681
vt 0.98490 0.84180
f 300/1015 321/1014 349/1036
vt 0.98036 0.50744
vt 0.98053 0.50846
vt 0.98000 0.50820
f 237/1037 344/1038 260/1039
vt 0.86388 0.17570
vt 0.86385 0.17765
vt 0.86342 0.17643
f 259/1040 400/1041 323/1042
vt 0.51347 0.26544
f 300/1031 349/1043 319/927
vt 0.64029 0.90480
vt 0.64183 0.90467
f 327/904 334/1044 375/1045
f 327/904 375/1045 333/896
vt 0.51982 0.26672
vt 0.51784 0.26589
f 340/890 379/1046 394/1047
vt 0.52509 0.88455
f 357/979 304/1048 305/980
vt 0.96822 0.81656
vt 0.96895 0.81557
vt 0.96924 0.81660
f 293/1049 333/1050 341/1051
vt 0.97568 0.87494
vt 0.97657 0.87507
vt 0.97591 0.87616
f 301/1052 345/1053 346/1054
vt 0.94541 0.40000
f 276/783 286/993 418/1055
vt 0.36637 0.93146
vt 0.36612 0.93194
vt 0.36582 0.93149
f 371/1056 309/1057 352/1058
vt 0.98094 0.43843
vt 0.98030 0.43950
vt 0.97987 0.43863
f 236/1059 270/1060 413/1061
vt 0.88904 0.44733
f 351/720 405/1062 330/929
vt 0.88535 0.63410
f 364/832 476/1063 342/996
vt 0.74579 0.45647
f 328/895 471/1064 317/964
vt 0.57948 0.90662
f 305/1011 344/1065 365/1012
vt 0.52509 0.88346
f 305/980 304/1048 344/1066
vt 0.89050 0.44890
f 278/900 376/1067 320/949
vt 0.98008 0.15741
vt 0.98073 0.15804
vt 0.98003 0.15842
f 345/1068 357/1069 346/1070
f 335/933 276/783 418/1055
vt 0.45839 0.77923
vt 0.45628 0.77818
vt 0.45968 0.77825
f 310/1071 397/1072 348/1073
vt 0.53736 0.65970
vt 0.53868 0.65984
vt 0.53681 0.66066
f 343/1074 324/1075 396/1076
vt 0.93452 0.37282
f 304/919 301/854 422/1077
vt 0.33417 0.26629
f 235/303 360/789 513/1078
vt 0.52379 0.88319
f 260/799 350/1079 439/823
vt 0.97987 0.33959
vt 0.98051 0.33993
vt 0.97984 0.34059
f 238/1080 331/1081 332/1082
vt 0.34242 0.26477
f 325/406 347/728 395/1083
f 260/799 344/1066 350/1079
vt 0.78672 0.30239
f 311/975 368/1001 399/1084
vt 0.42857 0.87908
f 263/790 439/1085 417/994
vt 0.99138 0.57413
vt 0.99156 0.57456
vt 0.99138 0.57488
f 352/1086 309/1087 383/1088
vt 0.89409 0.94542
f 339/960 316/962 425/1089
vt 0.52013 0.26585
f 340/890 370/1090 379/1046
vt 0.90123 0.62694
vt 0.90117 0.62517
vt 0.90182 0.62557
f 313/1091 370/1092 340/1093
vt 0.36556 0.93285
f 309/1057 329/1028 373/1094
vt 0.36522 0.93227
f 309/1057 373/1094 383/1095
vt 0.85743 0.93337
f 279/709 330/921 465/1096
vt 0.51931 0.26402
f 373/903 340/1097 394/1047
vt 0.96990 0.87194
vt 0.96867 0.87258
vt 0.96887 0.87162
f 348/1098 381/1099 313/1100
vt 0.98016 0.34117
f 331/1081 359/1101 332/1082
vt 0.01995 0.97703
f 337/1034 431/1033 367/1102
vt 0.93114 0.61121
f 334/968 326/868 355/1103
vt 0.95815 0.67617
vt 0.95797 0.67666
vt 0.95755 0.67638
f 329/1104 311/1105 362/1106
vt 0.52422 0.88462
f 344/1066 304/1048 422/1107
f 344/1066 422/1107 350/1079
vt 0.98668 0.76735
vt 0.98705 0.76683
vt 0.98720 0.76764
f 368/1108 403/1109 380/1110
vt 0.93513 0.37273
f 301/854 346/1111 422/1077
vt 0.53567 0.65992
f 343/1074 396/1076 408/1112
f 325/406 395/1083 360/789
f 269/681 407/1035 353/844
vt 0.78715 0.30167
f 399/1084 362/1113 311/975
vt 0.53505 0.65866
vt 0.53743 0.65923
vt 0.53555 0.65960
f 356/1114 343/1115 408/1116
vt 0.53771 0.66150
f 324/1075 377/1117 396/1076
vt 0.88371 0.63505
f 364/832 363/1118 476/1063
vt 0.51433 0.26579
vt 0.51380 0.26603
f 349/1043 321/1119 388/1120
vt 0.51319 0.26629
vt 0.51367 0.26663
vt 0.51318 0.26693
f 349/1121 388/1122 418/1123
vt 0.51088 0.26888
vt 0.51173 0.26957
vt 0.51061 0.27108
f 335/1124 390/1125 419/1126
vt 0.66360 0.31764
f 306/724 382/934 409/1127
vt 0.90031 0.62687
f 313/1091 381/1128 370/1092
vt 0.51642 0.26607
vt 0.51658 0.26681
vt 0.51552 0.26748
f 352/1129 383/1130 415/1131
vt 0.51537 0.26567
f 352/1129 415/1131 371/1132
f 365/1012 366/885 5673/884
vt 0.51550 0.26503
f 373/903 329/1133 403/944
vt 0.45820 0.77684
f 348/1073 397/1072 381/1134
vt 0.42864 0.88319
f 344/893 417/994 365/1135
vt 0.36491 0.93263
f 383/1095 373/1094 394/1136
vt 0.45546 0.77936
vt 0.45496 0.77881
f 339/1137 425/1138 397/1072
vt 0.89882 0.24120
f 306/914 409/1139 358/841
vt 0.36872 0.26020
f 335/1000 389/1140 248/224
vt 0.53904 0.66201
f 236/864 413/1141 324/1075
vt 0.72445 0.91040
f 356/976 416/1142 374/1020
vt 0.81475 0.09077
f 316/1030 367/970 378/1143
f 371/1132 415/1131 321/1119
vt 0.54348 0.66323
vt 0.54341 0.66467
f 354/1144 465/1019 509/1145
vt 0.97215 0.41489
vt 0.97218 0.41349
vt 0.97275 0.41378
f 321/1146 415/1147 414/1148
vt 0.98568 0.86931
vt 0.98511 0.86993
vt 0.98511 0.86929
f 341/1149 333/1150 375/1151
vt 0.53924 0.66376
f 270/863 332/956 559/1152
vt 0.53948 0.66183
f 270/863 559/1152 413/1153
vt 0.43037 0.87919
f 439/1085 468/1154 417/994
vt 0.95760 0.82545
vt 0.95725 0.82633
vt 0.95723 0.82492
f 367/1155 431/1156 510/1157
vt 0.95760 0.82419
f 367/1155 510/1157 378/1158
vt 0.92982 0.61039
f 326/868 448/1159 355/1103
vt 0.71884 0.96299
vt 0.71904 0.96095
vt 0.71965 0.96229
f 418/1160 390/1161 335/1162
f 364/832 341/1022 363/1118
vt 0.37070 0.25912
f 335/1000 419/1163 389/1140
f 324/1075 413/1141 377/1117
vt 0.01312 0.90821
f 354/972 509/1164 315/815
vt 0.89369 0.94619
f 316/962 402/1165 425/1089
vt 0.78668 0.30084
f 362/1113 399/1084 401/1166
vt 0.33876 0.26861
f 360/789 820/1167 513/1078
vt 0.44493 0.93007
f 302/947 462/1168 431/912
vt 0.90029 0.62404
vt 0.90138 0.62288
f 370/1092 464/1169 379/1170
vt 0.66718 0.30443
vt 0.66639 0.30156
vt 0.66781 0.30135
f 391/1171 411/1172 387/1173
vt 0.74309 0.45832
f 317/964 490/1174 369/873
vt 0.66615 0.30887
vt 0.66423 0.30359
f 391/1171 406/1175 585/1176
vt 0.38333 0.66498
vt 0.38539 0.66588
vt 0.38580 0.66902
f 391/1177 384/1178 493/1179
vt 0.38340 0.66944
f 391/1177 493/1179 406/1180
vt 0.64059 0.90355
f 334/1044 355/1181 375/1045
vt 0.52997 0.65728
f 328/931 374/930 471/1182
f 235/303 513/1078 220/680
vt 0.53690 0.83051
f 351/862 320/985 405/1183
vt 0.98923 0.05457
vt 0.98933 0.05416
vt 0.98959 0.05429
f 357/1184 422/1185 346/1186
vt 0.45512 0.77828
f 397/1072 425/1138 437/1187
vt 0.97284 0.41474
f 321/1146 414/1148 388/1188
vt 0.89457 0.23889
vt 0.89505 0.24079
f 372/1189 392/999 514/1190
vt 0.51296 0.26740
vt 0.51342 0.26870
vt 0.51298 0.26950
f 418/1191 470/1192 390/1193
f 248/224 389/1140 386/977
vt 0.66872 0.29587
vt 0.66660 0.29429
vt 0.66830 0.29412
f 398/1194 499/1195 385/1196
vt 0.38338 0.67217
f 406/1180 493/1179 404/1197
vt 0.01483 0.90719
f 315/815 509/1164 457/1198
vt 0.54301 0.66508
f 315/990 457/1199 307/951
vt 0.66345 0.30648
f 585/1176 406/1175 571/1200
vt 0.88980 0.44840
f 376/1067 405/1201 320/949
vt 0.78572 0.30277
f 368/1001 380/1202 399/1084
vt 0.51953 0.26862
vt 0.51851 0.26809
f 379/1046 432/1203 463/1204
vt 0.38388 0.67756
vt 0.38356 0.67612
vt 0.38553 0.67737
f 358/1205 393/1206 392/1207
vt 0.66770 0.29853
f 398/1194 424/1208 499/1195
vt 0.98518 0.86891
f 341/1149 375/1151 363/1209
f 394/1047 379/1046 463/1204
vt 0.96388 0.85153
vt 0.96389 0.84966
vt 0.96449 0.84973
f 394/1210 463/1211 430/1212
vt 0.66532 0.31711
vt 0.66526 0.31563
f 358/1213 409/1127 393/1214
f 387/1173 411/1172 424/1208
vt 0.66564 0.31352
vt 0.66403 0.31425
vt 0.66568 0.31154
f 440/1215 489/1216 404/1217
vt 0.38329 0.65431
vt 0.38478 0.65436
vt 0.38374 0.65627
f 385/1218 423/1219 398/1220
f 440/1215 393/1214 489/1216
vt 0.81581 0.09047
f 316/1030 378/1143 402/1221
vt 0.98324 0.69206
vt 0.98331 0.69152
vt 0.98389 0.69173
f 383/1222 394/1223 428/1224
vt 0.38580 0.67231
vt 0.38383 0.67445
f 404/1197 421/1225 440/1226
vt 0.64157 0.90281
f 375/1045 355/1181 448/1227
vt 0.98060 0.22327
vt 0.98028 0.22432
vt 0.97993 0.22306
f 377/1228 413/1229 412/1230
vt 0.92809 0.61079
f 366/907 453/1231 326/868
vt 0.64209 0.90415
f 375/1045 448/1227 472/1232
vt 0.95708 0.67582
vt 0.95769 0.67545
f 362/1106 433/1233 403/1234
vt 0.95804 0.67571
f 362/1106 403/1234 329/1235
vt 0.95718 0.67643
vt 0.95697 0.67618
f 401/1236 388/1237 362/1106
vt 0.92600 0.30484
vt 0.92554 0.30492
f 439/811 469/1238 468/1239
vt 0.97335 0.41523
vt 0.97357 0.41474
f 362/1240 388/1188 433/1241
vt 0.57899 0.90736
vt 0.57844 0.90854
f 365/1242 453/1243 366/885
vt 0.53363 0.65939
f 356/1114 408/1116 416/1244
vt 0.88832 0.44822
f 330/929 405/1062 466/1245
vt 0.85848 0.93522
f 330/921 466/1246 465/1096
vt 0.52381 0.88595
f 357/979 372/1003 450/1247
f 357/979 450/1247 422/1107
f 326/868 453/1231 448/1159
vt 0.78760 0.30060
vt 0.78649 0.29959
f 388/1248 401/1166 480/1249
vt 0.38353 0.65940
vt 0.38577 0.65983
vt 0.38413 0.66174
f 424/1250 410/1251 387/1252
vt 0.53441 0.66074
vt 0.53395 0.65982
f 408/1112 443/1253 416/1254
vt 0.66301 0.31909
vt 0.66332 0.31836
f 382/934 429/1255 409/1256
f 393/1206 440/1226 392/1207
f 317/964 471/1064 490/1174
vt 0.44328 0.93010
f 302/947 342/1257 462/1168
vt 0.97676 0.41033
vt 0.97637 0.41112
vt 0.97579 0.41040
f 375/1258 472/1259 363/1260
f 370/1092 381/1128 464/1169
vt 0.38622 0.65457
f 398/1220 423/1219 426/1261
vt 0.85729 0.93539
f 465/1096 466/1246 524/1262
vt 0.72351 0.91221
vt 0.72429 0.91156
f 471/1263 374/1020 427/1264
f 391/1177 387/1252 384/1178
f 360/789 395/1083 820/1167
f 424/1250 398/1220 410/1251
vt 0.97343 0.41439
f 388/1188 445/1265 433/1241
f 388/1188 414/1148 445/1265
f 391/1171 585/1176 411/1172
f 374/1020 416/1142 427/1264
vt 0.78615 0.30195
f 399/1084 433/1266 401/1166
f 380/1202 433/1266 399/1084
vt 0.78780 0.29890
f 388/1248 480/1249 418/1267
vt 0.43030 0.88168
f 417/994 516/1268 365/1135
vt 0.28980 0.96016
vt 0.29053 0.96076
vt 0.28917 0.96163
f 397/1269 437/1270 420/1271
vt 0.96456 0.85146
f 394/1210 430/1212 428/1272
vt 0.87618 0.26671
f 376/936 323/1016 479/1273
vt 0.89384 0.24098
f 372/1189 514/1190 450/1274
vt 0.66270 0.31676
f 393/1214 409/1127 528/1275
vt 0.51185 0.27023
vt 0.51300 0.27266
f 419/1126 390/1276 546/1277
f 404/1197 493/1179 421/1225
f 336/764 407/1035 289/693
vt 0.95724 0.67527
f 403/1234 433/1233 435/1278
vt 0.64215 0.90356
f 448/1227 5674/1279 472/1232
vt 0.61736 0.94869
vt 0.61719 0.94795
vt 0.61803 0.94711
f 402/1280 461/1281 504/1282
vt 0.61800 0.94853
f 402/1280 504/1282 425/1283
f 396/1076 443/1253 408/1112
vt 0.95759 0.67458
f 403/1234 435/1278 451/1284
f 398/1220 426/1261 410/1251
vt 0.57925 0.90933
f 365/1242 536/1285 453/1243
vt 0.43032 0.88315
f 365/1135 516/1268 536/1286
vt 0.28949 0.96237
f 420/1271 437/1270 452/1287
vt 0.53182 0.65923
vt 0.52894 0.65998
f 427/1288 569/1289 471/1182
vt 0.52218 0.88160
f 350/1079 492/1290 439/823
f 393/1214 528/1275 489/1216
vt 0.92955 0.00639
vt 0.92848 0.00624
vt 0.92949 0.00402
f 332/1291 359/1292 497/1293
vt 0.95584 0.82616
vt 0.95609 0.82495
f 431/1156 462/1294 510/1295
vt 0.37180 0.26018
f 419/1163 511/1296 389/1140
vt 0.96803 0.97613
vt 0.96834 0.97687
vt 0.96802 0.97736
f 380/1297 454/1298 433/1299
vt 0.95343 0.24473
vt 0.95459 0.24433
vt 0.95399 0.24550
f 428/1300 460/1301 420/1302
vt 0.31973 0.27114
f 361/769 670/1303 400/1017
vt 0.99336 0.15335
vt 0.99317 0.15313
vt 0.99336 0.15299
f 433/1304 445/1305 436/1306
vt 0.99410 0.74706
vt 0.99396 0.74674
vt 0.99410 0.74674
f 433/1307 436/1308 438/1309
vt 0.97224 0.50727
vt 0.97201 0.50703
vt 0.97266 0.50728
f 433/1310 438/1311 401/1312
vt 0.94842 0.77274
vt 0.94750 0.77314
vt 0.94820 0.77181
f 444/1313 463/1314 432/1315
vt 0.90029 0.62143
vt 0.90132 0.62133
f 379/1170 477/1316 432/1317
vt 0.51956 0.26894
vt 0.51956 0.27079
vt 0.51768 0.26961
f 432/1318 434/1319 444/1320
vt 0.96969 0.31557
vt 0.96853 0.31474
vt 0.96964 0.31422
f 380/1321 403/1322 454/1323
vt 0.51448 0.26914
vt 0.51668 0.26901
vt 0.51535 0.27028
f 456/1324 463/1325 473/1326
vt 0.66530 0.29816
f 424/1208 411/1172 542/1327
f 463/1325 444/1320 473/1326
vt 0.69453 0.90683
vt 0.69370 0.90743
vt 0.69164 0.90660
f 342/1328 476/1329 578/1330
vt 0.97342 0.41363
f 445/1265 414/1148 480/1331
vt 0.97357 0.41428
f 445/1265 480/1331 438/1332
vt 0.52194 0.88113
vt 0.52167 0.88014
f 439/823 492/1333 469/1334
vt 0.53676 0.66197
vt 0.53678 0.66478
f 412/1335 413/1141 686/1336
vt 0.44402 0.92887
f 342/1257 578/1337 462/1168
vt 0.96216 0.17340
vt 0.96284 0.17537
vt 0.96134 0.17439
f 383/1338 441/1339 415/1340
vt 0.95323 0.24608
f 420/1302 451/1341 428/1300
vt 0.38946 0.65488
f 426/1261 519/1342 410/1251
vt 0.38813 0.66288
f 384/1178 387/1252 442/1343
vt 0.66202 0.31069
f 406/1175 404/1217 651/1344
f 406/1175 651/1344 571/1200
vt 0.99430 0.65790
vt 0.99419 0.65817
vt 0.99419 0.65786
f 445/1345 438/1346 446/1347
vt 0.99440 0.05659
vt 0.99451 0.05650
vt 0.99451 0.05672
f 445/1348 446/1349 436/1350
vt 0.96509 0.85113
f 428/1272 430/1212 460/1351
vt 0.98637 0.98796
vt 0.98595 0.98749
vt 0.98652 0.98763
f 396/1352 377/1353 412/1354
vt 0.89296 0.93269
vt 0.89287 0.93292
vt 0.89282 0.93267
f 436/1355 435/1356 438/1357
vt 0.45516 0.77652
vt 0.45646 0.77498
f 420/1358 460/1359 397/1072
vt 0.45661 0.77559
f 397/1072 460/1360 381/1134
vt 0.51413 0.27038
f 473/1326 459/1361 456/1324
vt 0.97309 0.41306
f 414/1148 415/1147 485/1362
vt 0.96592 0.51305
vt 0.96629 0.51406
vt 0.96587 0.51374
f 414/1363 485/1364 480/1365
vt 0.61894 0.94674
f 425/1283 504/1282 474/1366
vt 0.61871 0.94872
f 425/1283 474/1366 437/1367
vt 0.38681 0.67582
vt 0.38804 0.67814
f 392/1207 467/1368 514/1369
vt 0.97475 0.12337
vt 0.97396 0.12185
vt 0.97481 0.12165
f 396/1370 449/1371 443/1372
vt 0.53652 0.66110
vt 0.53484 0.66104
f 396/1373 412/1335 449/1374
vt 0.78755 0.29793
f 418/1267 480/1249 470/1375
f 387/1252 410/1251 442/1343
vt 0.97224 0.50688
vt 0.97269 0.50630
f 401/1312 438/1376 480/1377
vt 0.57876 0.90958
f 453/1243 536/1285 533/1378
f 470/1192 456/1324 390/1193
vt 0.95402 0.24601
f 420/1302 452/1379 451/1341
f 379/1170 464/1169 477/1316
vt 0.64299 0.90277
f 5674/1279 448/1227 5675/1380
vt 0.96890 0.31406
f 403/1322 451/1381 454/1323
vt 0.95692 0.67474
f 435/1278 436/1382 451/1284
vt 0.89251 0.93252
f 438/1357 435/1356 446/1383
vt 0.89263 0.93394
vt 0.89204 0.93390
f 435/1356 433/1384 454/1385
f 435/1356 454/1385 446/1383
vt 0.33008 0.26880
f 220/680 475/1386 338/611
vt 0.52197 0.88254
f 422/1107 484/1387 350/1079
vt 0.52302 0.88513
f 422/1107 487/1388 484/1387
vt 0.53740 0.83207
vt 0.53689 0.83226
f 405/1183 376/1389 455/1390
vt 0.53651 0.83119
f 405/1183 455/1390 466/1391
vt 0.74120 0.45860
f 429/937 369/873 528/1392
vt 0.95956 0.72870
vt 0.95899 0.72966
vt 0.95894 0.72858
f 429/1393 528/1394 409/1395
f 390/1193 459/1361 546/1277
vt 0.94817 0.77602
vt 0.94711 0.77626
vt 0.94709 0.77531
f 456/1396 541/1397 508/1398
vt 0.87785 0.26679
vt 0.87690 0.26825
f 323/1016 400/1399 494/1400
f 323/1016 494/1400 479/1273
vt 0.53204 0.66031
f 416/1254 443/1253 458/1401
f 456/1396 508/1398 463/1314
vt 0.45793 0.77411
f 460/1360 464/1402 381/1134
vt 0.31756 0.26984
f 400/1017 670/1303 512/1403
f 456/1324 459/1361 390/1193
vt 0.61761 0.94639
f 461/1281 503/1404 504/1282
vt 0.95607 0.67442
f 451/1284 436/1382 491/1405
f 424/1208 542/1327 499/1195
vt 0.72500 0.91174
vt 0.72550 0.90977
vt 0.72586 0.91159
f 427/1406 416/1407 458/1408
f 440/1226 421/1225 467/1368
f 440/1226 467/1368 392/1207
vt 0.35408 0.26623
f 353/844 407/1035 618/1409
vt 0.17772 0.73954
vt 0.17790 0.74087
vt 0.17620 0.74067
f 423/1410 385/1411 499/1412
vt 0.51837 0.27141
vt 0.51799 0.26948
f 434/1319 523/1413 444/1414
vt 0.53840 0.83170
vt 0.53824 0.83328
vt 0.53721 0.83312
f 376/1415 479/1416 455/1417
vt 0.90009 0.61942
vt 0.90148 0.61902
f 432/1317 478/1418 434/1419
vt 0.72572 0.96277
vt 0.72439 0.96212
vt 0.72512 0.96209
f 422/1420 450/1421 487/1422
vt 0.51051 0.27341
f 511/1423 419/1126 546/1277
vt 0.87795 0.26851
f 400/1399 512/1424 494/1400
f 369/873 490/1174 528/1392
f 432/1317 477/1316 478/1418
vt 0.54095 0.66504
f 559/1152 332/956 497/1425
vt 0.96676 0.51242
vt 0.96754 0.51442
f 415/1426 441/1427 485/1364
vt 0.96410 0.36256
vt 0.96480 0.36169
vt 0.96503 0.36297
f 462/1428 517/1429 510/1430
vt 0.95430 0.24646
vt 0.95323 0.24706
f 451/1341 452/1431 454/1432
f 413/1141 559/1152 686/1336
vt 0.88312 0.63415
f 476/1063 363/1118 472/1433
vt 0.38767 0.67391
f 421/1225 484/1434 467/1368
vt 0.95660 0.67487
f 436/1382 446/1435 491/1405
vt 0.38795 0.67212
vt 0.38762 0.67247
f 468/1436 469/1437 421/1225
f 350/1079 484/1387 492/1290
f 417/994 468/1154 516/1268
vt 0.38954 0.66769
f 442/1343 515/1438 384/1178
vt 0.99382 0.83804
vt 0.99382 0.83852
vt 0.99369 0.83834
f 456/1439 470/1440 541/1441
vt 0.89952 0.62219
f 464/1169 481/1442 477/1316
vt 0.95770 0.67397
vt 0.95640 0.67365
f 428/1443 451/1284 441/1444
vt 0.96300 0.17398
f 428/1445 441/1339 383/1338
vt 0.89162 0.93223
f 454/1385 491/1446 446/1383
vt 0.97642 0.71954
vt 0.97582 0.71937
vt 0.97615 0.71785
f 453/1447 5675/1448 448/1449
vt 0.99203 0.39895
vt 0.99176 0.39909
vt 0.99176 0.39861
f 453/1450 533/1451 5675/1452
f 421/1225 493/1179 468/1436
f 493/1179 384/1178 515/1438
vt 0.53634 0.83228
f 455/1390 532/1453 466/1391
vt 0.61942 0.94816
f 437/1367 474/1366 482/1454
vt 0.45685 0.77241
f 464/1402 460/1359 481/1455
vt 0.92793 0.00479
f 359/1292 307/1456 497/1293
vt 0.51884 0.27233
f 434/1319 486/1457 523/1413
vt 0.54360 0.66579
vt 0.54338 0.66639
f 509/1145 465/1458 506/1459
f 421/1225 469/1437 484/1434
vt 0.38960 0.65850
f 410/1251 519/1342 564/1460
vt 0.36197 0.26481
f 336/764 386/977 742/1461
vt 0.29090 0.96197
f 437/1270 482/1462 452/1287
vt 0.74577 0.45783
f 471/1064 447/1463 490/1174
vt 0.78629 0.29754
f 480/1249 495/1464 470/1375
vt 0.94514 0.34219
vt 0.94423 0.34109
vt 0.94582 0.34074
f 378/1465 510/1466 505/1467
f 336/764 742/1461 407/1035
f 220/680 513/1078 475/1386
vt 0.32753 0.27108
f 361/769 338/611 627/1468
f 451/1284 491/1405 441/1444
vt 0.97428 0.12123
vt 0.97471 0.12089
f 443/1372 449/1469 522/1470
vt 0.52811 0.65875
f 471/1182 569/1289 447/1471
vt 0.78696 0.29725
f 470/1375 495/1464 541/1472
vt 0.21497 0.69717
vt 0.21547 0.69841
vt 0.21408 0.69668
f 402/1473 378/1474 505/1475
vt 0.99118 0.97923
vt 0.99099 0.97900
vt 0.99118 0.97850
f 402/1476 505/1477 461/1478
vt 0.94697 0.74394
vt 0.94737 0.74109
vt 0.94831 0.74363
f 444/1479 523/1480 483/1481
vt 0.88318 0.63252
f 472/1433 551/1482 476/1063
vt 0.51844 0.27321
vt 0.51991 0.27372
vt 0.51803 0.27354
f 486/1483 502/1484 523/1485
vt 0.32383 0.27137
f 361/769 789/1486 670/1303
vt 0.93775 0.86619
vt 0.93775 0.86504
vt 0.93866 0.86521
f 486/1487 501/1488 502/1489
vt 0.51727 0.27445
f 502/1484 540/1490 523/1485
vt 0.51877 0.27506
f 502/1484 530/1491 540/1490
vt 0.21554 0.69625
vt 0.21468 0.69466
f 461/1492 505/1475 503/1493
vt 0.94368 0.33938
vt 0.94501 0.33955
f 517/1494 525/1495 510/1466
vt 0.53277 0.66152
f 458/1401 443/1253 577/1496
vt 0.51975 0.27252
f 486/1457 434/1319 501/1497
vt 0.38759 0.67448
vt 0.38788 0.67728
f 484/1498 487/1499 467/1368
f 467/1368 487/1499 514/1369
vt 0.97005 0.37853
vt 0.97144 0.37879
vt 0.97033 0.37908
f 473/1500 550/1501 459/1502
f 410/1251 564/1460 442/1343
vt 0.51660 0.27098
f 444/1320 534/1503 473/1326
vt 0.54122 0.66642
f 457/1199 547/1504 307/951
vt 0.51534 0.27183
f 473/1326 534/1503 550/1505
vt 0.45503 0.77264
vt 0.45515 0.77176
vt 0.45605 0.77243
f 463/1506 488/1507 430/1508
vt 0.17493 0.73807
f 423/1410 499/1412 705/1509
vt 0.76031 0.97613
vt 0.76097 0.97568
vt 0.76126 0.97659
f 444/1510 483/1511 544/1512
vt 0.51744 0.27079
f 444/1320 544/1513 534/1503
vt 0.39017 0.67288
vt 0.38886 0.67466
f 468/1436 496/1514 516/1515
vt 0.95451 0.24756
f 454/1432 452/1431 605/1516
vt 0.96531 0.84920
f 460/1351 430/1212 481/1517
f 361/769 627/1468 789/1486
vt 0.61961 0.94722
f 474/1366 552/1518 482/1454
vt 0.45298 0.77284
f 463/1506 508/1519 488/1507
vt 0.51399 0.27254
f 546/1277 459/1361 616/1520
vt 0.38804 0.67300
f 469/1437 492/1521 484/1434
vt 0.97260 0.50574
vt 0.97211 0.50502
vt 0.97271 0.50402
f 480/1522 485/1523 495/1524
vt 0.57777 0.90910
vt 0.57848 0.91009
f 5675/1525 533/1378 527/1526
vt 0.57753 0.91027
f 5675/1525 527/1526 554/1527
vt 0.21265 0.97710
vt 0.21205 0.97714
vt 0.21209 0.97607
f 452/1528 482/1529 602/1530
vt 0.69766 0.38675
vt 0.69921 0.38705
vt 0.69857 0.38894
f 583/1531 521/1532 498/1533
vt 0.89069 0.93360
f 454/1385 605/1534 491/1446
f 404/1217 489/1216 651/1344
vt 0.96734 0.52736
vt 0.96708 0.52889
vt 0.96628 0.52845
f 504/1535 503/1536 558/1537
f 411/1172 585/1176 542/1327
vt 0.53458 0.66278
f 412/1335 575/1538 449/1374
vt 0.90102 0.61724
f 478/1418 501/1539 434/1419
vt 0.17819 0.73694
vt 0.17653 0.73227
vt 0.17831 0.73344
f 426/1540 639/1541 519/1542
vt 0.96652 0.51446
f 485/1364 441/1427 491/1543
vt 0.72479 0.96145
f 450/1421 533/1544 487/1422
vt 0.54476 0.66677
vt 0.54379 0.66708
f 465/1019 524/1545 506/1546
vt 0.96402 0.36096
f 517/1429 462/1428 578/1547
vt 0.38899 0.67755
f 487/1499 533/1548 514/1369
vt 0.01294 0.90610
f 457/1198 509/1164 506/1549
vt 0.01475 0.90576
f 457/1198 506/1549 570/1550
vt 0.70050 0.38976
f 498/1533 521/1532 522/1551
vt 0.14635 0.92983
vt 0.14766 0.92901
vt 0.14704 0.92954
f 498/1552 522/1553 613/1554
vt 0.52262 0.27416
vt 0.52041 0.27484
f 502/1484 535/1555 507/1556
vt 0.91110 0.84649
vt 0.91189 0.84694
vt 0.91187 0.84812
f 427/1557 458/1558 531/1559
vt 0.53136 0.66036
f 427/1288 586/1560 569/1289
vt 0.91068 0.84766
f 427/1557 531/1559 586/1561
vt 0.98511 0.52841
vt 0.98576 0.52814
vt 0.98572 0.52897
f 498/1562 613/1563 601/1564
vt 0.94563 0.34044
f 510/1466 525/1495 549/1565
vt 0.98575 0.49107
vt 0.98534 0.49068
vt 0.98571 0.49021
f 510/1566 549/1567 505/1568
vt 0.16270 0.94536
vt 0.16356 0.94557
vt 0.16274 0.94590
f 476/1569 551/1570 578/1571
vt 0.17429 0.74097
f 499/1412 500/1572 705/1509
vt 0.93753 0.86323
f 502/1489 501/1488 518/1573
vt 0.93845 0.86208
f 535/1574 502/1489 518/1573
vt 0.53395 0.66145
f 443/1253 522/1575 577/1496
f 493/1179 515/1438 468/1436
vt 0.96513 0.85615
vt 0.96473 0.85772
vt 0.96419 0.85649
f 449/1576 575/1577 522/1578
vt 0.98484 0.08655
vt 0.98472 0.08733
vt 0.98438 0.08744
f 482/1579 552/1580 635/1581
vt 0.36906 0.26388
f 389/1140 511/1296 598/1582
vt 0.92804 0.00272
f 307/1456 547/1583 497/1293
vt 0.69270 0.90495
vt 0.69136 0.90456
f 517/1584 578/1330 603/1585
vt 0.98032 0.88760
vt 0.97988 0.88621
vt 0.98039 0.88666
f 613/1586 522/1587 575/1588
vt 0.21150 0.97692
f 482/1529 635/1589 602/1530
vt 0.45288 0.77114
vt 0.45433 0.77110
f 508/1519 631/1590 544/1591
f 508/1519 544/1591 488/1507
vt 0.98138 0.61872
vt 0.98106 0.61852
vt 0.98147 0.61781
f 450/1592 514/1593 526/1594
vt 0.89084 0.93172
vt 0.89175 0.93100
f 491/1446 557/1595 485/1596
vt 0.95057 0.11386
vt 0.95186 0.11428
vt 0.95063 0.11541
f 602/1597 560/1598 452/1599
vt 0.86493 0.41590
vt 0.86356 0.41411
vt 0.86494 0.41419
f 520/1600 555/1601 617/1602
vt 0.69697 0.38432
f 520/1603 521/1532 583/1531
vt 0.72445 0.96088
f 450/1421 526/1604 533/1544
vt 0.54433 0.66810
f 524/1545 675/1605 506/1546
vt 0.66120 0.31634
f 528/1275 620/1606 489/1216
vt 0.45648 0.77176
f 430/1508 488/1507 481/1607
vt 0.21147 0.97619
f 602/1530 635/1589 593/1608
vt 0.93630 0.86462
f 501/1488 610/1609 518/1573
f 468/1436 515/1438 496/1514
vt 0.54291 0.66753
f 457/1199 570/1610 547/1504
vt 0.51157 0.27510
vt 0.51040 0.27622
f 511/1423 595/1611 648/1612
vt 0.88295 0.63285
f 472/1433 573/1613 551/1482
vt 0.88270 0.63318
f 472/1433 590/1614 573/1613
vt 0.86485 0.40763
vt 0.86289 0.40680
vt 0.86498 0.40559
f 529/1615 673/1616 566/1617
vt 0.39173 0.66430
f 442/1343 564/1460 611/1618
vt 0.62007 0.94635
f 552/1518 474/1366 576/1619
vt 0.62002 0.94711
f 552/1518 576/1619 593/1620
vt 0.96630 0.52727
f 504/1535 558/1537 574/1621
vt 0.98807 0.66347
vt 0.98834 0.66372
vt 0.98807 0.66405
f 527/1622 533/1623 526/1624
vt 0.34295 0.26829
f 395/1083 347/728 736/1625
vt 0.33442 0.26928
f 513/1078 636/1626 475/1386
f 820/1167 636/1626 513/1078
vt 0.45203 0.77177
vt 0.45247 0.77148
f 508/1519 541/1627 592/1628
vt 0.78073 0.36817
vt 0.77914 0.36847
vt 0.78100 0.36670
f 540/1629 565/1630 523/1631
vt 0.53180 0.66215
f 577/1496 531/1632 458/1401
vt 0.37464 0.26166
vt 0.37360 0.26317
f 511/1296 648/1633 786/1634
vt 0.69272 0.90404
f 517/1584 603/1585 525/1635
vt 0.78024 0.36900
f 540/1629 563/1636 565/1630
vt 0.70169 0.38916
f 522/1551 521/1532 577/1637
f 423/1410 705/1509 426/1540
vt 0.53659 0.83458
vt 0.53645 0.83367
f 479/1416 615/1638 455/1639
vt 0.86296 0.41730
f 555/1601 520/1600 588/1640
vt 0.93688 0.86240
f 518/1573 641/1641 535/1574
vt 0.38911 0.67663
vt 0.39054 0.67571
f 536/1642 516/1515 568/1643
vt 0.38962 0.67674
f 536/1642 568/1643 527/1644
vt 0.14765 0.93182
vt 0.14492 0.93133
f 498/1552 601/1645 538/1646
vt 0.61867 0.94600
vt 0.61978 0.94570
f 474/1366 504/1647 574/1648
vt 0.53736 0.66841
f 497/1425 800/1649 559/1152
vt 0.45736 0.77105
vt 0.45569 0.77038
f 477/1650 481/1607 483/1651
vt 0.85802 0.93748
f 466/1246 532/1652 524/1262
vt 0.86429 0.41806
f 520/1600 583/1653 588/1640
vt 0.53802 0.83473
f 479/1416 494/1654 615/1638
vt 0.39009 0.67828
f 533/1548 537/1655 514/1369
vt 0.86510 0.41164
f 617/1602 555/1601 543/1656
vt 0.14419 0.92978
f 498/1552 538/1646 583/1657
vt 0.21150 0.97548
f 602/1530 593/1608 576/1658
vt 0.69380 0.37710
vt 0.69326 0.37447
vt 0.69532 0.37481
f 529/1659 566/1660 539/1661
vt 0.98120 0.61709
f 526/1594 514/1593 537/1662
vt 0.31746 0.27137
f 512/1403 670/1303 637/1663
vt 0.72447 0.95996
vt 0.72560 0.96052
f 526/1604 537/1664 527/1665
vt 0.21323 0.69465
f 503/1493 505/1475 599/1666
vt 0.69558 0.37751
f 529/1659 539/1661 548/1667
vt 0.97918 0.52743
vt 0.97913 0.52846
vt 0.97854 0.52761
f 502/1668 507/1669 530/1670
vt 0.76163 0.97588
f 544/1512 483/1511 488/1671
vt 0.95751 0.81088
vt 0.95636 0.81075
vt 0.95789 0.80913
f 459/1672 553/1673 616/1674
vt 0.69555 0.38042
f 543/1675 529/1659 548/1667
vt 0.86309 0.41011
f 529/1615 543/1656 545/1676
vt 0.89072 0.92993
f 485/1596 557/1595 628/1677
vt 0.97084 0.37969
f 459/1502 550/1501 553/1678
f 543/1656 555/1601 545/1676
f 474/1366 574/1648 576/1619
vt 0.77986 0.36910
vt 0.77831 0.37041
f 563/1679 546/1680 565/1630
vt 0.34910 0.26768
f 347/728 353/844 666/1681
f 515/1438 442/1343 611/1618
f 533/1548 536/1642 537/1655
f 511/1423 546/1277 595/1611
f 488/1507 483/1651 481/1607
vt 0.51485 0.27451
vt 0.51367 0.27393
f 563/1682 595/1611 546/1683
vt 0.39100 0.67429
f 516/1515 551/1684 568/1643
vt 0.57840 0.91026
f 527/1526 568/1685 554/1527
vt 0.90485 0.22019
vt 0.90516 0.21838
vt 0.90529 0.22037
f 528/1686 490/1687 620/1688
vt 0.69201 0.90299
f 525/1635 603/1585 599/1689
vt 0.98511 0.49045
vt 0.98524 0.49012
f 505/1568 549/1690 572/1691
f 516/1515 496/1514 551/1684
vt 0.67400 0.71485
vt 0.67477 0.71389
vt 0.67551 0.71490
f 530/1692 507/1693 625/1694
vt 0.99172 0.72427
vt 0.99172 0.72467
vt 0.99138 0.72427
f 541/1695 495/1696 553/1697
vt 0.97238 0.96075
vt 0.97330 0.96097
vt 0.97290 0.96141
f 590/1698 554/1699 591/1700
vt 0.97640 0.61518
vt 0.97665 0.61586
vt 0.97627 0.61652
f 534/1701 544/1702 631/1703
vt 0.59182 0.73323
vt 0.59291 0.73292
vt 0.59178 0.73477
f 567/1704 579/1705 558/1706
f 426/1540 705/1509 639/1541
vt 0.45214 0.77135
f 541/1627 587/1707 592/1628
vt 0.45198 0.77120
f 541/1627 553/1708 587/1707
f 491/1446 605/1534 557/1595
f 508/1519 592/1628 631/1590
vt 0.59160 0.73027
f 567/1704 556/1709 579/1705
vt 0.98970 0.03701
vt 0.99012 0.03732
vt 0.98970 0.03749
f 550/1710 534/1711 623/1712
vt 0.89132 0.92978
f 485/1596 628/1677 495/1713
vt 0.67475 0.71125
vt 0.67589 0.71094
vt 0.67509 0.71329
f 535/1714 660/1715 507/1716
vt 0.95526 0.24680
f 452/1431 560/1717 605/1516
vt 0.69915 0.38327
f 520/1603 561/1718 521/1532
vt 0.59206 0.72792
vt 0.59298 0.72981
f 556/1709 604/1719 619/1720
f 556/1709 619/1720 579/1705
vt 0.21495 0.68887
vt 0.21480 0.69172
vt 0.21322 0.69065
f 556/1721 567/1722 642/1723
vt 0.65848 0.31336
f 489/1216 756/1724 651/1344
vt 0.45707 0.76896
f 483/1651 478/1725 477/1650
vt 0.78584 0.29699
vt 0.78595 0.29667
f 495/1464 628/1726 592/1727
vt 0.91443 0.55369
vt 0.91490 0.55417
vt 0.91457 0.55417
f 495/1728 592/1729 553/1730
f 338/611 475/1386 627/1468
vt 0.69703 0.38258
f 617/1731 561/1718 520/1603
vt 0.70120 0.38769
f 577/1637 521/1532 657/1732
vt 0.90523 0.21590
vt 0.90640 0.21680
f 447/1733 581/1734 490/1687
vt 0.21330 0.68648
vt 0.21493 0.68615
f 556/1721 609/1735 604/1736
f 556/1721 642/1723 609/1735
vt 0.77936 0.36606
f 565/1630 584/1737 523/1631
vt 0.69717 0.37931
f 543/1675 548/1667 652/1738
f 543/1675 652/1738 617/1731
vt 0.39398 0.65913
f 564/1460 655/1739 611/1618
vt 0.94844 0.74176
f 523/1480 584/1740 483/1481
vt 0.86364 0.40495
f 566/1617 673/1616 698/1741
vt 0.38981 0.67717
f 536/1642 527/1742 537/1655
vt 0.97178 0.37931
f 550/1501 606/1743 553/1678
vt 0.70053 0.38655
f 521/1532 562/1744 657/1732
vt 0.16367 0.94603
f 578/1571 551/1570 597/1745
vt 0.90641 0.21978
f 490/1687 582/1746 620/1688
f 786/1634 598/1582 511/1296
vt 0.95609 0.80988
f 616/1674 553/1673 634/1747
vt 0.94556 0.33894
vt 0.94626 0.33988
f 525/1495 599/1748 607/1749
f 525/1495 607/1749 549/1565
vt 0.77792 0.36937
f 546/1680 616/1750 565/1630
vt 0.87685 0.26969
f 494/1400 512/1424 637/1751
vt 0.89971 0.61681
f 501/1539 478/1418 610/1752
f 395/1083 736/1625 820/1167
vt 0.96607 0.52933
f 503/1536 599/1753 558/1537
vt 0.64836 0.97627
vt 0.64783 0.97733
vt 0.64775 0.97627
f 530/1754 625/1755 540/1756
f 489/1216 620/1606 756/1724
vt 0.59278 0.73522
f 558/1706 579/1705 574/1757
vt 0.85733 0.93729
f 524/1262 532/1652 675/1758
vt 0.92954 0.00180
f 547/1583 629/1759 497/1293
vt 0.95583 0.81079
vt 0.95587 0.81059
f 553/1673 592/1760 608/1761
f 553/1673 608/1761 634/1747
f 618/1409 666/1681 353/844
vt 0.39160 0.67470
f 551/1684 573/1762 568/1643
vt 0.53774 0.83574
vt 0.53717 0.83510
f 494/1654 637/1763 615/1764
vt 0.77765 0.36868
f 616/1750 679/1765 565/1630
vt 0.86253 0.40829
f 529/1615 545/1676 600/1766
vt 0.97570 0.61524
f 534/1701 631/1703 623/1767
vt 0.95876 0.73104
vt 0.95988 0.73160
vt 0.95905 0.73241
f 620/1768 582/1769 759/1770
vt 0.16357 0.94673
f 578/1571 597/1745 596/1771
vt 0.90989 0.85075
f 531/1559 580/1772 586/1561
vt 0.59311 0.72835
f 604/1719 694/1773 619/1720
vt 0.66108 0.29608
f 542/1327 773/1774 499/1195
vt 0.39159 0.67600
vt 0.39083 0.67664
f 568/1643 591/1775 554/1776
f 673/1616 529/1615 600/1766
vt 0.53460 0.66433
f 575/1538 412/1335 663/1777
vt 0.98807 0.59452
vt 0.98848 0.59414
vt 0.98848 0.59497
f 490/1778 581/1779 582/1780
vt 0.90870 0.21878
f 581/1734 781/1781 582/1746
vt 0.98606 0.26299
vt 0.98644 0.26356
vt 0.98607 0.26388
f 574/1782 594/1783 576/1784
vt 0.69439 0.37324
f 566/1660 698/1785 539/1661
vt 0.45553 0.76863
f 483/1651 584/1786 478/1725
vt 0.70001 0.38524
f 561/1718 697/1787 521/1532
vt 0.51378 0.27527
f 563/1682 739/1788 595/1611
vt 0.21297 0.69648
f 505/1475 607/1789 599/1666
vt 0.01382 0.90541
f 506/1549 675/1790 570/1550
vt 0.77766 0.36754
f 565/1630 623/1791 584/1737
vt 0.77786 0.36805
f 565/1630 550/1792 623/1791
f 565/1630 679/1765 550/1792
vt 0.01458 0.90471
f 570/1550 675/1790 612/1793
vt 0.78570 0.29661
f 628/1726 631/1794 592/1727
vt 0.21359 0.69695
vt 0.21290 0.69731
f 572/1795 589/1796 505/1475
vt 0.93238 0.21547
vt 0.93284 0.21532
vt 0.93241 0.21605
f 549/1797 607/1798 572/1799
vt 0.97141 0.37970
vt 0.97049 0.38021
f 553/1678 606/1800 587/1801
vt 0.16450 0.94610
vt 0.16428 0.94598
f 590/1802 596/1771 573/1803
vt 0.16493 0.94625
vt 0.16426 0.94634
f 590/1802 591/1804 626/1805
f 590/1802 626/1805 596/1771
vt 0.54075 0.66724
f 800/1649 497/1425 629/1806
vt 0.90691 0.21560
f 447/1733 569/1807 581/1734
f 347/728 666/1681 736/1625
vt 0.97024 0.38045
vt 0.97053 0.38053
f 592/1808 587/1801 608/1809
vt 0.45138 0.92959
vt 0.45107 0.93099
vt 0.44977 0.93032
f 575/1810 663/1811 613/1812
vt 0.98920 0.07079
vt 0.98941 0.07026
vt 0.98952 0.07069
f 593/1813 653/1814 552/1815
vt 0.98924 0.07030
f 593/1813 594/1816 653/1814
vt 0.88901 0.45060
vt 0.88999 0.45151
vt 0.88963 0.45191
f 532/1817 455/1818 615/1819
vt 0.99312 0.35541
vt 0.99312 0.35509
vt 0.99325 0.35498
f 573/1820 596/1821 597/1822
vt 0.67516 0.71852
vt 0.67761 0.71780
vt 0.67618 0.72103
f 563/1823 784/1824 739/1825
vt 0.23330 0.97568
vt 0.23375 0.97722
vt 0.23257 0.97684
f 535/1826 641/1827 660/1828
vt 0.98008 0.51577
vt 0.98061 0.51669
vt 0.97991 0.51615
f 550/1829 679/1830 606/1831
f 389/1140 598/1582 386/977
vt 0.94738 0.92787
vt 0.94793 0.92903
vt 0.94701 0.92846
f 538/1832 683/1833 583/1834
vt 0.39329 0.65497
f 519/1342 633/1835 564/1460
vt 0.99381 0.75162
vt 0.99388 0.75191
vt 0.99369 0.75191
f 593/1836 635/1837 594/1838
vt 0.59320 0.73755
vt 0.59390 0.73657
vt 0.59398 0.73764
f 552/1839 653/1840 635/1841
vt 0.39210 0.67350
f 551/1684 496/1514 630/1842
vt 0.39168 0.67420
f 551/1684 630/1842 597/1843
vt 0.69619 0.37572
f 548/1667 539/1661 656/1844
vt 0.69084 0.90561
f 578/1330 596/1845 603/1585
vt 0.39210 0.67457
f 597/1843 626/1846 573/1762
vt 0.93265 0.21624
f 572/1799 607/1798 621/1847
vt 0.21445 0.69349
f 558/1848 599/1666 642/1723
vt 0.92514 0.09758
vt 0.92501 0.09863
vt 0.92383 0.09748
f 602/1849 576/1850 632/1851
vt 0.77635 0.36599
f 584/1737 623/1791 665/1852
f 573/1762 591/1775 568/1643
f 573/1762 626/1846 591/1775
vt 0.59427 0.73569
f 574/1757 579/1705 632/1853
vt 0.59358 0.73632
f 574/1757 632/1853 594/1854
vt 0.39324 0.67076
f 515/1438 664/1855 496/1514
vt 0.59492 0.73312
f 579/1705 677/1856 632/1853
f 496/1514 664/1855 630/1842
f 558/1848 642/1723 567/1722
vt 0.59198 0.72274
vt 0.59321 0.72473
vt 0.59195 0.72509
f 614/1857 676/1858 624/1859
vt 0.29724 0.83604
vt 0.29803 0.83493
vt 0.29951 0.83589
f 577/1860 657/1861 719/1862
vt 0.53275 0.66445
f 577/1496 719/1863 531/1632
f 597/1843 630/1842 626/1846
vt 0.27804 0.98932
vt 0.27759 0.98942
vt 0.27759 0.98883
f 587/1864 606/1865 623/1866
vt 0.99176 0.94331
vt 0.99176 0.94287
vt 0.99203 0.94315
f 587/1867 631/1868 608/1869
vt 0.45234 0.77066
vt 0.45303 0.77003
f 587/1870 623/1871 631/1590
vt 0.69560 0.37298
f 539/1661 698/1785 640/1872
vt 0.91622 0.55195
vt 0.91695 0.55165
vt 0.91743 0.55210
f 557/1873 560/1874 645/1875
f 611/1618 664/1855 515/1438
vt 0.31822 0.27204
f 670/1303 693/1876 637/1663
vt 0.95230 0.11327
f 602/1597 745/1877 560/1598
vt 0.86239 0.41839
f 588/1640 583/1653 683/1878
vt 0.14610 0.93264
f 538/1646 601/1645 755/1879
vt 0.45727 0.76709
vt 0.45888 0.76641
vt 0.45839 0.76714
f 610/1880 641/1881 518/1882
vt 0.67488 0.71630
f 563/1823 540/1883 784/1824
f 505/1475 589/1796 607/1789
f 412/1335 686/1336 663/1777
vt 0.90760 0.22017
f 582/1746 781/1781 759/1884
vt 0.54158 0.66782
f 547/1504 570/1610 685/1885
vt 0.91499 0.55450
vt 0.91539 0.55455
vt 0.91508 0.55541
f 608/1886 631/1887 634/1888
vt 0.98046 0.27374
vt 0.97997 0.27486
vt 0.98011 0.27362
f 5676/1889 671/1890 622/1891
vt 0.66501 0.29351
f 499/1195 773/1774 500/1892
vt 0.97893 0.70215
vt 0.97878 0.70260
vt 0.97853 0.70193
f 594/1893 635/1894 576/1895
vt 0.32124 0.27401
f 670/1303 789/1486 874/1896
vt 0.94634 0.34107
vt 0.94644 0.34069
vt 0.94652 0.34100
f 621/1897 607/1898 589/1899
vt 0.95130 0.11590
vt 0.95236 0.11561
f 605/1900 560/1598 557/1901
vt 0.93246 0.21682
vt 0.93310 0.21797
f 622/1902 621/1847 5676/1903
vt 0.98024 0.27268
vt 0.98038 0.27278
f 622/1891 572/1904 621/1905
f 564/1460 633/1835 655/1739
vt 0.95708 0.80825
f 616/1674 634/1747 679/1906
vt 0.93288 0.21619
vt 0.93325 0.21643
f 621/1847 589/1907 688/1908
f 621/1847 688/1908 5676/1903
vt 0.21467 0.68164
vt 0.21434 0.68282
vt 0.21323 0.68025
f 614/1909 624/1910 720/1911
vt 0.66076 0.29963
f 542/1327 872/1912 773/1774
vt 0.16347 0.94714
vt 0.16356 0.94841
vt 0.16252 0.94839
f 596/1913 647/1914 603/1915
vt 0.21290 0.69909
vt 0.21246 0.70024
vt 0.21115 0.69913
f 622/1916 671/1917 725/1918
vt 0.21305 0.69766
f 622/1916 725/1918 572/1919
f 572/1919 725/1918 589/1796
vt 0.97925 0.52938
vt 0.97880 0.52899
f 507/1669 654/1920 625/1921
f 604/1736 609/1735 624/1910
f 542/1327 585/1176 872/1912
vt 0.45659 0.76778
f 584/1786 610/1922 478/1725
vt 0.98771 0.33209
vt 0.98748 0.33255
vt 0.98754 0.33176
f 596/1923 626/1924 630/1925
vt 0.67681 0.71349
f 507/1716 660/1715 654/1926
vt 0.86248 0.40567
f 673/1616 669/1927 698/1741
vt 0.59403 0.72268
f 614/1857 638/1928 676/1858
vt 0.21211 0.69698
f 589/1796 725/1918 688/1929
vt 0.92398 0.09564
f 602/1849 632/1851 745/1930
vt 0.86191 0.41571
f 555/1601 588/1640 740/1931
vt 0.74298 0.98883
vt 0.74307 0.98943
vt 0.74267 0.98943
f 631/1932 628/1933 634/1934
vt 0.59468 0.72443
f 676/1858 638/1928 672/1935
vt 0.17214 0.74035
f 500/1572 754/1936 705/1509
vt 0.39272 0.67388
f 630/1842 664/1855 596/1937
vt 0.00572 0.88031
vt 0.00557 0.88252
vt 0.00443 0.88106
f 695/1938 674/1939 682/1940
vt 0.01498 0.90538
vt 0.01558 0.90485
f 570/1941 612/1793 690/1942
vt 0.69869 0.38189
f 617/1731 701/1943 561/1718
vt 0.92840 0.00125
f 629/1759 547/1583 685/1944
vt 0.21185 0.69492
f 599/1666 684/1945 642/1723
f 386/977 598/1582 742/1461
f 540/1883 625/1694 784/1824
f 559/1152 800/1649 686/1336
f 617/1731 652/1738 701/1943
f 594/1854 632/1853 653/1840
vt 0.45552 0.76731
f 584/1786 750/1946 610/1922
vt 0.77675 0.36429
f 584/1737 665/1852 769/1947
vt 0.77900 0.36573
f 584/1737 769/1947 750/1948
f 562/1744 521/1532 697/1787
vt 0.86214 0.41369
f 555/1601 740/1931 776/1949
vt 0.36004 0.26809
f 407/1035 742/1461 809/1950
vt 0.69688 0.37701
f 548/1667 680/1951 652/1738
f 548/1667 656/1844 680/1951
vt 0.69391 0.36318
vt 0.69607 0.36372
vt 0.69544 0.36538
f 695/1952 749/1953 674/1954
vt 0.59390 0.72723
f 604/1719 624/1859 694/1955
vt 0.91589 0.55358
vt 0.91716 0.55379
f 628/1956 557/1873 662/1957
vt 0.90858 0.21564
vt 0.90886 0.21684
f 569/1807 643/1958 756/1959
f 569/1807 756/1959 581/1734
vt 0.69767 0.37397
f 640/1872 678/1960 539/1661
vt 0.21163 0.69255
f 642/1723 684/1945 644/1961
vt 0.17829 0.72957
f 519/1542 639/1541 633/1962
vt 0.51129 0.27848
f 595/1611 709/1963 648/1612
f 624/1859 676/1858 694/1955
vt 0.39402 0.67428
f 596/1937 664/1855 647/1964
vt 0.14715 0.93311
f 601/1645 702/1965 755/1879
vt 0.93399 0.21665
vt 0.93374 0.21758
f 688/1908 718/1966 5676/1967
vt 0.85801 0.93908
vt 0.85743 0.93877
f 532/1652 615/1968 728/1969
vt 0.53055 0.66232
vt 0.52767 0.66251
f 569/1289 586/1970 643/1971
vt 0.00567 0.88766
vt 0.00514 0.88809
vt 0.00504 0.88501
f 650/1972 649/1973 681/1974
vt 0.65909 0.31596
f 620/1606 759/1975 756/1724
vt 0.98123 0.28531
vt 0.98106 0.28394
vt 0.98129 0.28401
f 635/1976 653/1977 576/1978
vt 0.21219 0.68205
f 624/1910 609/1735 724/1979
vt 0.53538 0.66492
f 686/1336 668/1980 663/1777
vt 0.69728 0.37288
f 640/1872 658/1981 678/1960
vt 0.69687 0.37133
vt 0.69720 0.36957
vt 0.69878 0.37129
f 649/1982 650/1983 731/1984
vt 0.69771 0.36711
vt 0.69537 0.36703
f 674/1954 689/1985 681/1986
f 681/1986 689/1985 650/1983
vt 0.69739 0.37200
f 649/1982 731/1984 658/1987
vt 0.95591 0.80874
f 679/1906 634/1747 659/1988
vt 0.33376 0.27203
f 636/1626 788/1989 475/1386
vt 0.69123 0.90269
f 599/1689 603/1585 684/1990
f 555/1601 776/1949 545/1676
vt 0.92410 0.09854
f 576/1850 653/1991 632/1851
vt 0.91641 0.55444
f 628/1956 662/1992 634/1888
vt 0.53182 0.66449
f 719/1863 737/1993 531/1632
vt 0.91671 0.66908
vt 0.91518 0.66788
vt 0.91722 0.66610
f 698/1994 723/1995 640/1996
vt 0.36960 0.77874
vt 0.37046 0.77584
vt 0.37201 0.77623
f 637/1997 757/1998 615/1999
vt 0.99121 0.74237
vt 0.99099 0.74287
vt 0.99099 0.74221
f 606/2000 659/2001 623/2002
vt 0.39510 0.66822
f 664/1855 611/1618 661/2003
f 557/1873 645/1875 662/1957
vt 0.00354 0.88381
f 681/1974 707/2004 674/1939
vt 0.98369 0.50931
vt 0.98325 0.50941
vt 0.98340 0.50832
f 645/2005 560/2006 745/2007
f 658/1981 731/1984 678/1960
vt 0.39450 0.66403
f 611/1618 655/1739 711/2008
vt 0.67661 0.71193
f 660/1715 641/2009 654/1926
f 674/1939 707/2004 682/1940
vt 0.21141 0.69675
f 688/1929 725/1918 734/2010
vt 0.54485 0.66944
vt 0.54491 0.67044
f 532/2011 728/2012 675/1605
vt 0.59377 0.73154
vt 0.59371 0.73012
f 579/2013 619/2014 677/1856
f 611/1618 711/2008 661/2003
vt 0.53566 0.66516
f 686/1336 667/2015 668/1980
vt 0.97741 0.06177
vt 0.97733 0.06069
vt 0.97814 0.06081
f 570/2016 690/2017 685/2018
f 624/1910 724/1979 720/1911
vt 0.90575 0.64734
vt 0.90707 0.64606
vt 0.90651 0.64763
f 539/2019 778/2020 656/2021
vt 0.93446 0.21900
vt 0.93347 0.21899
f 5676/1903 692/2022 671/2023
vt 0.97993 0.51722
f 606/1831 679/1830 659/2024
vt 0.16850 0.77896
vt 0.16674 0.77980
vt 0.16793 0.77741
f 588/2025 775/2026 740/2027
f 475/1386 788/1989 627/1468
vt 0.77644 0.36751
f 623/1791 659/2028 665/1852
vt 0.14411 0.93151
vt 0.14398 0.93207
f 683/2029 538/1646 699/2030
vt 0.91700 0.55613
f 634/1888 662/1992 665/2031
vt 0.29780 0.83317
vt 0.29876 0.83182
vt 0.29968 0.83381
f 562/2032 697/2033 729/2034
vt 0.21095 0.70059
f 725/1918 671/1917 760/2035
vt 0.51216 0.27681
f 595/1611 739/2036 709/1963
vt 0.52911 0.66443
f 586/1970 828/2037 643/1971
vt 0.59583 0.72254
f 638/1928 715/2038 672/1935
vt 0.36983 0.77688
f 637/1997 693/2039 757/1998
vt 0.37116 0.26611
f 598/1582 786/1634 771/2040
vt 0.37711 0.26299
f 648/1633 790/2041 786/1634
vt 0.00484 0.88999
vt 0.00302 0.88860
f 649/1973 658/2042 810/2043
vt 0.00359 0.88751
f 649/1973 810/2043 732/2044
vt 0.00376 0.87927
f 695/1938 682/1940 762/2045
vt 0.92530 0.09577
vt 0.92497 0.09519
f 645/2046 745/1930 646/2047
vt 0.69518 0.36157
f 695/1952 787/2048 749/1953
vt 0.53461 0.66563
f 668/1980 772/2049 663/1777
vt 0.53529 0.66560
f 668/1980 716/2050 772/2049
vt 0.93436 0.21768
f 718/1966 706/2051 5676/1967
f 562/2032 729/2034 657/1861
vt 0.39522 0.67266
f 647/1964 664/1855 700/2052
vt 0.90509 0.64474
f 678/2053 778/2020 539/2019
vt 0.91798 0.55310
vt 0.91822 0.55443
f 646/2054 691/2055 662/1957
vt 0.66229 0.29366
f 500/1892 773/1774 721/2056
vt 0.66313 0.29286
f 500/1892 721/2056 754/2057
vt 0.51067 0.27962
f 709/1963 790/2058 648/1612
vt 0.69639 0.37168
vt 0.69723 0.37286
f 640/1872 810/2059 658/2060
vt 0.69896 0.36924
f 650/1983 838/2061 731/1984
vt 0.29778 0.82962
vt 0.29824 0.82821
vt 0.30002 0.82932
f 561/2062 701/2063 733/2064
vt 0.21189 0.68746
f 642/1723 735/2065 609/1735
vt 0.29785 0.82716
vt 0.29864 0.82502
f 652/2066 680/2067 701/2063
vt 0.93459 0.21806
f 5676/1903 696/2068 692/2022
vt 0.88255 0.97593
vt 0.88258 0.97696
vt 0.88181 0.97653
f 5676/2069 706/2070 696/2071
vt 0.59575 0.72944
f 619/2014 694/1955 746/2072
vt 0.94802 0.76760
vt 0.94766 0.76918
vt 0.94723 0.76830
f 671/2073 692/2074 748/2075
vt 0.91839 0.55281
f 645/1875 646/2076 662/1957
vt 0.16753 0.76702
vt 0.16836 0.76883
vt 0.16679 0.76874
f 669/2077 673/2078 783/2079
vt 0.45658 0.76591
f 610/1880 654/2080 641/1881
f 610/1880 750/1946 654/2080
f 619/2014 746/2072 677/1856
f 781/1781 581/1734 756/1959
vt 0.91204 0.85099
f 531/1559 737/2081 580/1772
f 664/1855 661/2003 700/2052
vt 0.11746 0.85750
vt 0.11634 0.85701
vt 0.11780 0.85650
f 638/2082 738/2083 715/2084
f 649/1973 732/2044 681/1974
vt 0.67803 0.72022
f 739/1825 784/1824 813/2085
vt 0.93396 0.21541
vt 0.93457 0.21579
f 718/1966 688/2086 703/2087
f 561/2062 733/2064 697/2033
vt 0.16315 0.95020
f 603/1915 647/1914 684/2088
vt 0.54157 0.66838
vt 0.54070 0.66950
f 629/1806 690/2089 814/2090
f 629/1806 814/2090 800/1649
vt 0.92891 0.00111
vt 0.92945 0.00087
f 629/1759 685/2091 690/2092
vt 0.34661 0.27044
f 736/1625 666/1681 853/2093
vt 0.92523 0.09311
vt 0.92526 0.09471
vt 0.92383 0.09255
f 691/2094 646/2095 777/2096
vt 0.16769 0.78009
f 588/2025 683/2097 775/2026
vt 0.16727 0.77478
vt 0.16641 0.77193
vt 0.16840 0.77164
f 776/2098 744/2099 545/2100
vt 0.16793 0.77005
f 545/2100 744/2099 600/2101
vt 0.32784 0.97698
vt 0.32728 0.97580
vt 0.32833 0.97589
f 687/2102 692/2103 696/2104
vt 0.93464 0.21489
f 688/2086 684/2105 703/2087
vt 0.37199 0.77407
f 757/1998 768/2106 615/1999
vt 0.21185 0.69036
f 642/1723 644/2107 735/2065
vt 0.54297 0.66894
vt 0.54210 0.67000
vt 0.54210 0.66846
f 612/2108 717/2109 690/2110
f 667/2015 686/1336 716/2050
vt 0.96323 0.54977
vt 0.96211 0.54944
vt 0.96280 0.54804
f 713/2111 727/2112 714/2113
vt 0.21188 0.69602
f 688/2114 734/2010 684/1945
vt 0.90600 0.74330
vt 0.90676 0.74150
vt 0.90668 0.74469
f 672/2115 722/2116 676/2117
vt 0.39648 0.66097
f 655/1739 724/2118 711/2008
vt 0.93511 0.21513
f 684/2105 647/2119 703/2087
vt 0.98734 0.90716
vt 0.98672 0.90716
vt 0.98716 0.90646
f 675/2120 728/2121 612/2122
f 650/1983 689/1985 838/2061
vt 0.39567 0.65475
vt 0.39631 0.65652
f 633/1835 708/2123 710/2124
f 407/1035 809/1950 618/1409
vt 0.65918 0.30245
f 585/1176 851/2125 872/1912
vt 0.98520 0.72673
vt 0.98562 0.72628
vt 0.98559 0.72742
f 696/2126 748/2127 687/2128
f 633/1835 710/2124 655/1739
vt 0.39557 0.67520
f 647/1964 700/2052 703/2129
vt 0.70061 0.37301
f 678/1960 731/1984 721/2130
vt 0.11690 0.85979
vt 0.11563 0.85971
f 614/2131 720/2132 738/2083
f 614/2131 738/2083 638/2082
vt 0.90570 0.74021
vt 0.90492 0.73843
vt 0.90665 0.73878
f 727/2133 713/2134 799/2135
vt 0.77758 0.36308
vt 0.77850 0.36460
f 769/1947 712/2136 750/2137
f 571/1200 851/2125 585/1176
vt 0.65967 0.30584
f 651/1344 730/2138 571/1200
vt 0.65918 0.31004
f 651/1344 779/2139 730/2138
vt 0.29713 0.82174
vt 0.29883 0.82181
f 680/2067 656/2140 770/2141
vt 0.59724 0.72415
vt 0.59622 0.72495
f 672/1935 727/2142 722/2143
vt 0.30939 0.94543
vt 0.31032 0.94675
vt 0.30845 0.94674
f 695/2144 762/2145 787/2146
f 662/1957 691/2055 665/2031
vt 0.36709 0.26766
f 742/1461 598/1582 889/2147
f 571/1200 730/2138 851/2125
f 681/1974 732/2044 707/2004
f 651/1344 756/1724 779/2139
vt 0.91552 0.55650
f 634/1888 665/2031 659/2148
f 646/2095 745/1930 777/2096
vt 0.99328 0.48060
vt 0.99318 0.48078
vt 0.99312 0.48047
f 667/2149 716/2150 704/2151
vt 0.17776 0.72812
f 633/1962 639/1541 708/2152
vt 0.17361 0.73291
f 639/1541 705/1509 857/2153
vt 0.98423 0.31107
vt 0.98418 0.31005
vt 0.98478 0.31066
f 696/2154 706/2155 748/2156
vt 0.54351 0.67009
vt 0.54282 0.67032
f 612/2108 728/2157 717/2158
vt 0.90749 0.64764
f 656/2021 778/2020 770/2159
vt 0.00325 0.88257
f 707/2004 879/2160 682/1940
vt 0.39634 0.66615
f 711/2008 735/2161 661/2003
vt 0.31892 0.27274
f 670/1303 874/1896 693/2162
vt 0.21126 0.82129
vt 0.21337 0.82127
vt 0.21143 0.82281
f 714/2163 741/2164 713/2165
f 727/2133 799/2135 722/2116
vt 0.93204 0.06972
vt 0.93176 0.07084
vt 0.93040 0.07067
f 702/2166 743/2167 755/2168
f 600/2101 783/2079 673/2078
f 600/2101 744/2099 783/2079
vt 0.67765 0.71531
f 654/1926 747/2169 625/1694
vt 0.53122 0.66508
f 828/2037 586/1970 580/2170
vt 0.32549 0.27507
f 627/1468 927/2171 789/1486
vt 0.92927 0.06931
vt 0.92833 0.07058
f 538/2172 755/2168 699/2173
f 724/1979 609/1735 735/2065
f 672/1935 715/2038 727/2142
vt 0.59679 0.73589
f 677/1856 745/2174 632/1853
vt 0.39636 0.67103
f 700/2052 661/2003 644/2175
vt 0.94869 0.92947
vt 0.94817 0.93067
f 683/1833 699/2176 775/2177
vt 0.37369 0.77401
f 615/1999 768/2106 728/2178
f 690/2089 717/2109 814/2090
vt 0.59678 0.72561
f 694/1955 676/1858 722/2179
f 694/1955 722/2179 746/2072
vt 0.39614 0.67371
vt 0.39635 0.67534
f 700/2052 684/2180 734/2181
f 700/2052 734/2181 703/2129
vt 0.69647 0.36215
f 787/2048 811/2182 749/1953
vt 0.45532 0.76565
f 654/2080 750/1946 747/2183
vt 0.45003 0.93221
vt 0.44970 0.93319
vt 0.44865 0.93251
f 704/2184 743/2185 702/2186
vt 0.00287 0.88095
f 682/1940 879/2160 848/2187
vt 0.96439 0.04977
vt 0.96453 0.04806
vt 0.96488 0.04826
f 687/2188 748/2189 692/2190
vt 0.78613 0.45317
vt 0.78901 0.45348
vt 0.78628 0.45482
f 720/2191 726/2192 738/2193
vt 0.11775 0.85558
vt 0.11678 0.85473
f 715/2194 738/2083 835/2195
vt 0.21087 0.69835
f 725/1918 718/2196 734/2010
vt 0.90515 0.64252
vt 0.90663 0.64313
f 678/2053 721/2197 751/2198
vt 0.91525 0.67033
f 698/1994 669/2199 723/1995
vt 0.59746 0.72253
f 727/2142 715/2038 780/2200
f 657/1861 729/2034 719/1862
vt 0.52803 0.66413
f 828/2037 861/2201 643/1971
f 700/2052 644/2175 684/2180
vt 0.70108 0.37118
f 731/1984 754/2202 721/2130
vt 0.21221 0.67860
f 720/1911 724/1979 710/2203
vt 0.21308 0.67720
f 720/1911 710/2203 726/2204
f 636/1626 820/1167 788/1989
vt 0.30010 0.82782
f 701/2063 680/2067 758/2205
f 701/2063 758/2205 733/2064
f 661/2003 735/2161 644/2175
vt 0.11954 0.85293
vt 0.11867 0.85164
vt 0.11981 0.85053
f 714/2206 765/2207 741/2208
vt 0.96140 0.54774
f 714/2113 727/2112 780/2209
vt 0.31842 0.27431
f 693/2162 874/1896 782/2210
vt 0.39589 0.67629
f 703/2129 734/2181 718/2211
f 625/1694 747/2169 784/1824
vt 0.21380 0.82292
f 713/2165 741/2164 826/2212
vt 0.91485 0.66523
f 640/1996 723/1995 804/2213
vt 0.91608 0.66482
f 640/1996 804/2213 810/2214
vt 0.53510 0.66702
f 686/1336 796/2215 716/2050
vt 0.69715 0.36447
f 674/1954 749/1953 817/2216
f 674/1954 817/2216 689/1985
f 711/2008 724/2118 735/2161
vt 0.21404 0.67365
vt 0.21352 0.67507
vt 0.21295 0.67294
f 763/2217 753/2218 764/2219
vt 0.17154 0.73935
vt 0.17041 0.73606
f 705/1509 754/2220 950/2221
vt 0.11773 0.85364
f 715/2194 835/2195 780/2222
vt 0.21466 0.83435
vt 0.21551 0.83434
vt 0.21596 0.83460
f 750/2223 795/2224 747/2225
vt 0.96491 0.04757
vt 0.96439 0.04699
vt 0.96491 0.04692
f 748/2226 752/2227 760/2228
vt 0.39691 0.65533
f 708/2123 761/2229 710/2124
f 714/2206 780/2222 765/2207
vt 0.29965 0.82365
f 680/2067 770/2141 767/2230
vt 0.21061 0.69842
f 718/2196 725/1918 706/2231
vt 0.16561 0.76649
f 669/2077 783/2079 723/2232
f 678/2053 751/2198 778/2020
vt 0.79300 0.45410
vt 0.79091 0.45636
vt 0.79099 0.45368
f 763/2233 798/2234 753/2235
vt 0.21175 0.67627
f 726/2204 761/2236 753/2218
vt 0.96359 0.04721
f 706/2237 752/2227 748/2189
vt 0.59800 0.72733
f 722/2179 801/2238 746/2072
vt 0.21005 0.69944
f 706/2231 725/1918 752/2239
f 686/1336 800/1649 796/2215
vt 0.69999 0.37006
f 838/2061 774/2240 731/1984
f 753/2218 761/2236 764/2219
vt 0.59924 0.73108
f 745/2174 677/1856 816/2241
f 716/2050 796/2215 772/2049
f 677/1856 746/2072 816/2241
f 726/2204 710/2203 761/2236
vt 0.90853 0.64727
f 770/2159 778/2020 812/2242
f 705/1509 950/2221 857/2153
f 710/2124 724/2118 655/1739
vt 0.80133 0.47508
vt 0.80041 0.47145
vt 0.80195 0.47252
f 739/2243 917/2244 709/2245
f 746/2072 801/2238 816/2241
vt 0.30098 0.83230
f 697/2033 793/2246 729/2034
vt 0.48260 0.37384
vt 0.48249 0.37614
vt 0.48075 0.37432
f 693/2247 829/2248 757/2249
f 753/2235 798/2234 726/2192
vt 0.90627 0.73614
f 713/2134 826/2250 799/2135
vt 0.37201 0.77181
f 768/2106 797/2251 728/2178
vt 0.16565 0.77735
f 776/2098 740/2027 733/2252
vt 0.59894 0.72519
f 722/2179 799/2253 801/2238
vt 0.21449 0.83322
vt 0.21558 0.83345
f 750/2223 712/2254 795/2255
f 740/2027 775/2026 733/2252
f 697/2033 733/2064 793/2246
vt 0.37515 0.77205
vt 0.37346 0.76986
f 717/2256 728/2178 908/2257
vt 0.11729 0.85268
f 780/2222 827/2258 765/2207
f 728/2178 797/2251 908/2257
f 725/1918 760/2035 752/2239
vt 0.89128 0.04648
vt 0.89096 0.04926
vt 0.88983 0.04900
f 707/2259 732/2260 785/2261
vt 0.97583 0.90140
vt 0.97689 0.90212
vt 0.97616 0.90228
f 747/2262 795/2263 805/2264
vt 0.79968 0.47535
f 739/2243 813/2265 917/2244
vt 0.91846 0.55654
f 665/2031 691/2055 769/2266
f 726/2192 798/2234 738/2193
vt 0.86369 0.20763
vt 0.86327 0.20631
vt 0.86388 0.20542
f 693/2267 782/2268 829/2269
vt 0.66079 0.29416
f 773/1774 751/2270 721/2056
vt 0.94871 0.93082
vt 0.94761 0.93176
f 775/2177 699/2271 793/2272
vt 0.67948 0.71471
f 747/2169 805/2273 784/1824
vt 0.37570 0.26788
f 786/1634 958/2274 771/2040
vt 0.30148 0.83547
f 719/1862 729/2034 803/2275
vt 0.21524 0.83139
f 712/2254 808/2276 795/2255
vt 0.65817 0.30880
f 730/2138 779/2139 870/2277
vt 0.70138 0.36986
f 774/2240 877/2278 731/1984
vt 0.60030 0.73443
f 745/2174 816/2241 802/2279
f 762/2045 682/1940 848/2187
vt 0.99272 0.08272
vt 0.99247 0.08251
vt 0.99272 0.08229
f 743/2280 772/2281 791/2282
vt 0.65818 0.31092
f 779/2139 643/2283 870/2277
vt 0.16543 0.77569
f 776/2098 733/2252 758/2284
f 776/2098 758/2284 744/2099
vt 0.65738 0.31434
f 756/1724 759/1975 781/2285
vt 0.59996 0.73612
f 745/2174 802/2279 777/2286
vt 0.16538 0.77145
f 744/2099 767/2287 783/2079
vt 0.65827 0.31133
f 779/2139 756/1724 643/2288
vt 0.77835 0.36060
vt 0.77840 0.36233
f 712/2136 807/2289 808/2290
vt 0.30035 0.82509
f 680/2067 767/2230 744/2291
vt 0.65675 0.31097
f 643/2283 861/2292 870/2277
vt 0.16546 0.77955
f 775/2026 793/2293 733/2252
f 758/2205 680/2067 744/2291
vt 0.92857 0.07263
f 699/2173 755/2168 793/2294
vt 0.88869 0.57177
vt 0.88811 0.57062
vt 0.88891 0.56975
f 817/2295 749/2296 811/2297
vt 0.37571 0.77140
vt 0.37633 0.76981
f 717/2298 908/2257 814/2299
vt 0.89078 0.05094
f 732/2260 810/2300 785/2261
vt 0.97642 0.32620
vt 0.97665 0.32705
vt 0.97573 0.32663
f 772/2301 796/2302 791/2303
vt 0.78696 0.45847
f 798/2234 835/2304 738/2193
vt 0.35485 0.27036
f 666/1681 618/1409 946/2305
vt 0.32923 0.27547
f 627/1468 788/1989 949/2306
vt 0.16521 0.76950
f 783/2079 767/2287 770/2307
vt 0.93140 0.07246
f 791/2308 755/2168 743/2167
vt 0.53858 0.66992
f 800/1649 814/2090 818/2309
vt 0.89023 0.04473
f 707/2259 785/2261 879/2310
vt 0.87897 0.08717
vt 0.87731 0.08599
vt 0.87943 0.08541
f 764/2311 862/2312 763/2313
vt 0.37982 0.26414
vt 0.37782 0.26603
f 790/2041 766/2314 903/2315
vt 0.91448 0.66689
f 723/1995 812/2316 804/2213
vt 0.91120 0.85251
f 580/1772 737/2081 792/2317
vt 0.16431 0.76744
f 770/2307 812/2318 783/2079
vt 0.67991 0.72027
f 784/1824 893/2319 813/2085
f 783/2079 812/2318 723/2232
vt 0.65557 0.30977
f 870/2277 861/2292 836/2320
vt 0.21069 0.67268
f 761/2236 794/2321 764/2219
vt 0.21577 0.83238
f 795/2255 808/2276 871/2322
vt 0.79440 0.45664
f 763/2233 867/2323 798/2234
vt 0.30985 0.94844
f 762/2145 852/2324 787/2146
f 754/2202 731/1984 877/2278
vt 0.90695 0.73651
f 799/2135 826/2250 824/2325
vt 0.67905 0.71662
vt 0.67978 0.71748
f 784/1824 831/2326 832/2327
vt 0.92498 0.09076
f 769/2328 691/2094 777/2096
vt 0.11862 0.84975
f 741/2208 765/2207 860/2329
vt 0.67980 0.71752
f 784/1824 832/2330 893/2319
vt 0.97606 0.32783
f 791/2303 796/2302 806/2331
vt 0.65645 0.30315
f 730/2138 850/2332 851/2125
vt 0.88865 0.56877
vt 0.88965 0.56838
f 787/2333 858/2334 811/2297
vt 0.00246 0.87926
f 762/2045 848/2187 898/2335
vt 0.37030 0.77289
f 757/1998 849/2336 768/2106
f 627/1468 949/2306 927/2171
f 786/1634 790/2041 903/2315
f 786/1634 903/2315 958/2274
vt 0.53232 0.66637
vt 0.53220 0.66563
f 719/1863 792/2337 737/2338
vt 0.53348 0.66641
f 719/1863 803/2339 792/2337
vt 0.53425 0.66641
vt 0.53441 0.66760
f 791/2340 806/2341 803/2339
vt 0.31964 0.27759
f 782/2210 874/1896 996/2342
vt 0.90825 0.64575
f 778/2020 841/2343 812/2242
vt 0.77637 0.36307
f 712/2136 769/1947 821/2344
vt 0.90836 0.64363
f 751/2198 873/2345 778/2020
vt 0.17001 0.73888
f 950/2221 754/2220 877/2346
f 618/1409 809/1950 946/2305
vt 0.67946 0.71476
f 784/1824 805/2347 831/2326
vt 0.34348 0.27260
f 736/1625 853/2093 902/2348
vt 0.88827 0.57428
vt 0.89072 0.57370
f 689/2349 817/2295 845/2350
vt 0.88877 0.57602
f 689/2349 845/2350 838/2351
vt 0.89003 0.57108
f 817/2295 811/2297 896/2352
vt 0.98184 0.52099
vt 0.98134 0.52103
vt 0.98155 0.52042
f 863/2353 831/2354 805/2355
f 729/2034 793/2246 803/2275
vt 0.93036 0.07283
f 793/2294 755/2168 803/2356
f 755/2168 791/2308 803/2356
vt 0.80251 0.47115
f 709/2245 917/2244 790/2357
vt 0.77919 0.35965
vt 0.77906 0.35819
f 808/2358 807/2289 822/2359
vt 0.17504 0.72945
f 708/2152 639/1541 842/2360
vt 0.86307 0.20397
f 829/2269 782/2268 910/2361
vt 0.21479 0.82068
vt 0.21452 0.82258
f 741/2164 860/2362 826/2363
vt 0.89003 0.05111
f 785/2261 810/2300 864/2364
vt 0.33828 0.27523
f 820/1167 963/2365 788/1989
f 598/1582 771/2040 889/2147
f 742/1461 889/2147 809/1950
vt 0.92435 0.09020
f 769/2328 777/2096 821/2366
vt 0.77723 0.36083
f 807/2289 712/2136 855/2367
vt 0.65606 0.30519
f 870/2277 906/2368 730/2138
f 712/2136 821/2344 855/2367
vt 0.51269 0.28228
vt 0.51059 0.28179
f 790/2058 957/2369 766/2370
vt 0.60130 0.72539
f 799/2253 824/2371 801/2238
vt 0.96508 0.92620
vt 0.96388 0.92793
vt 0.96372 0.92610
f 797/2372 768/2373 849/2374
vt 0.31749 0.27644
f 782/2210 996/2342 910/2375
vt 0.17599 0.72682
f 708/2152 842/2360 843/2376
vt 0.30842 0.94845
f 787/2146 852/2324 858/2377
vt 0.78654 0.45847
vt 0.78618 0.46023
f 780/2378 835/2304 827/2379
vt 0.80246 0.47056
f 790/2357 917/2244 957/2380
vt 0.60141 0.72741
f 801/2238 819/2381 816/2241
vt 0.21513 0.82846
vt 0.21582 0.82909
f 808/2276 822/2382 837/2383
vt 0.54011 0.67048
vt 0.53814 0.67109
f 814/2384 916/2385 818/2309
vt 0.90966 0.85333
f 580/1772 792/2317 815/2386
f 736/1625 902/2348 820/1167
vt 0.77808 0.35792
f 807/2289 865/2387 822/2359
vt 0.16212 0.76830
vt 0.16118 0.76817
vt 0.16187 0.76710
f 778/2388 873/2389 841/2390
f 801/2238 824/2371 819/2381
vt 0.88883 0.04999
f 785/2261 864/2364 884/2391
f 730/2138 906/2368 850/2332
vt 0.87874 0.08397
f 763/2313 862/2312 867/2392
vt 0.53492 0.66805
f 796/2215 800/1649 806/2393
f 807/2289 855/2367 865/2387
vt 0.21503 0.82660
vt 0.21558 0.82681
f 822/2382 819/2394 823/2395
vt 0.21020 0.67495
f 794/2321 761/2236 843/2396
vt 0.91452 0.66471
f 804/2213 864/2397 810/2214
vt 0.31088 0.94842
f 762/2145 898/2398 852/2324
vt 0.88990 0.57693
vt 0.88868 0.57767
f 838/2351 856/2399 774/2400
vt 0.78966 0.45981
f 798/2234 880/2401 835/2304
vt 0.52909 0.66580
f 580/2170 878/2402 828/2037
vt 0.60182 0.73033
f 802/2279 816/2241 865/2403
vt 0.79738 0.47409
f 813/2265 893/2404 917/2244
vt 0.67988 0.71157
vt 0.68081 0.70977
vt 0.68078 0.71275
f 808/2405 837/2406 871/2407
vt 0.65798 0.29469
f 751/2270 773/1774 912/2408
f 639/1541 857/2153 842/2360
f 822/2382 823/2395 837/2383
vt 0.78039 0.35609
vt 0.77955 0.35548
vt 0.78093 0.35443
f 823/2409 819/2410 825/2411
vt 0.79406 0.45896
f 798/2234 867/2323 839/2412
vt 0.11763 0.85023
f 765/2207 881/2413 860/2329
vt 0.16289 0.76616
vt 0.16198 0.76576
f 804/2414 841/2390 864/2415
f 798/2234 839/2412 880/2401
f 841/2390 804/2414 812/2318
vt 0.88850 0.04738
f 785/2261 845/2416 879/2310
vt 0.21521 0.82443
vt 0.21594 0.82590
f 825/2417 854/2418 823/2395
vt 0.21583 0.82319
f 825/2417 826/2363 840/2419
vt 0.53303 0.66762
f 803/2339 885/2420 792/2337
f 825/2417 840/2419 854/2418
f 816/2241 819/2381 865/2403
vt 0.89092 0.57147
f 817/2295 896/2352 866/2421
f 817/2295 866/2421 845/2350
vt 0.78104 0.35302
vt 0.78017 0.35342
f 826/2422 825/2411 824/2423
vt 0.67998 0.71380
vt 0.68023 0.71518
f 795/2424 863/2425 805/2273
vt 0.87725 0.08744
f 764/2311 794/2426 862/2312
f 789/1486 927/2171 874/1896
vt 0.17079 0.74075
vt 0.16947 0.74087
f 774/2427 856/2428 877/2346
vt 0.91014 0.85415
f 792/2317 888/2429 815/2386
vt 0.47936 0.37517
f 757/2249 829/2248 849/2430
f 803/2339 806/2341 885/2420
vt 0.89045 0.56993
f 811/2297 830/2431 896/2352
f 795/2424 871/2407 863/2425
vt 0.34992 0.27350
f 666/1681 1003/2432 853/2093
vt 0.17761 0.72651
f 708/2152 843/2376 761/2433
vt 0.68049 0.70751
vt 0.68131 0.70708
f 837/2406 823/2434 951/2435
vt 0.44676 0.66558
vt 0.44663 0.66176
vt 0.44827 0.66549
f 834/2436 833/2437 844/2438
vt 0.44714 0.66787
f 834/2436 844/2438 842/2439
vt 0.44917 0.66017
f 833/2437 847/2440 844/2438
vt 0.11726 0.85185
f 765/2207 827/2441 881/2413
vt 0.44773 0.65899
f 833/2437 894/2442 847/2440
vt 0.21600 0.82113
f 826/2363 859/2443 840/2419
f 826/2363 860/2362 859/2443
f 825/2411 819/2410 824/2423
f 819/2410 822/2359 865/2387
vt 0.15304 0.74775
vt 0.15157 0.74544
vt 0.15306 0.74480
f 833/2444 919/2445 894/2446
vt 0.15027 0.74957
f 833/2444 890/2447 919/2445
vt 0.88840 0.04486
f 879/2310 845/2416 866/2448
f 820/1167 902/2348 963/2365
vt 0.60217 0.73535
f 777/2286 802/2279 821/2449
vt 0.89090 0.57662
f 856/2399 838/2351 884/2450
vt 0.53549 0.67008
f 800/1649 818/2309 915/2451
vt 0.37551 0.76929
vt 0.37464 0.76765
f 814/2452 908/2257 916/2453
f 811/2297 858/2334 830/2431
vt 0.60229 0.73344
f 802/2279 855/2454 821/2449
vt 0.44884 0.66887
f 842/2439 844/2438 843/2455
vt 0.88881 0.04402
vt 0.89042 0.04315
f 879/2310 866/2456 848/2457
f 838/2351 845/2350 884/2450
vt 0.11684 0.84892
f 860/2329 881/2413 937/2458
f 666/1681 946/2305 1003/2432
vt 0.17095 0.73260
f 857/2153 950/2221 932/2459
vt 0.68149 0.70562
f 823/2434 854/2460 951/2435
vt 0.47660 0.37589
vt 0.47725 0.37726
f 876/2461 849/2430 965/2462
f 835/2304 880/2401 827/2379
vt 0.68148 0.72029
f 893/2319 832/2330 891/2463
f 802/2279 865/2403 855/2454
f 785/2261 884/2391 845/2416
vt 0.96783 0.86760
vt 0.96630 0.86733
vt 0.96689 0.86654
f 806/2464 921/2465 885/2466
vt 0.84825 0.93257
vt 0.84675 0.93104
vt 0.84868 0.93074
f 852/2467 898/2468 956/2469
vt 0.15275 0.75121
f 834/2470 890/2447 833/2444
vt 0.36978 0.77063
f 797/2251 876/2471 908/2257
vt 0.70829 0.41193
vt 0.70701 0.41450
vt 0.70585 0.41165
f 864/2472 886/2473 875/2474
vt 0.11865 0.84803
f 860/2329 937/2458 859/2475
vt 0.44969 0.66648
f 844/2438 794/2476 843/2455
vt 0.45207 0.66135
f 847/2440 961/2477 844/2438
vt 0.91135 0.85434
f 792/2317 885/2478 888/2429
vt 0.68004 0.71582
vt 0.68110 0.71512
f 832/2330 831/2479 868/2480
vt 0.51241 0.28529
vt 0.51065 0.28468
f 766/2370 940/2481 933/2482
vt 0.96393 0.92536
f 797/2372 849/2374 876/2483
vt 0.70786 0.41356
f 864/2472 841/2484 886/2473
f 828/2037 878/2402 861/2201
vt 0.79173 0.46201
f 880/2401 839/2412 869/2485
vt 0.53147 0.66704
f 580/2170 815/2486 878/2402
vt 0.70768 0.40897
f 864/2472 875/2474 883/2487
vt 0.70856 0.40993
f 864/2472 883/2487 884/2488
vt 0.17254 0.73034
f 842/2360 857/2153 942/2489
vt 0.86351 0.20298
f 829/2269 910/2361 882/2490
vt 0.44934 0.65808
f 847/2440 894/2442 920/2491
vt 0.53487 0.66850
vt 0.53440 0.66854
f 806/2492 800/1649 921/2493
vt 0.90750 0.64288
f 912/2494 873/2345 751/2198
vt 0.84584 0.93180
vt 0.84544 0.93140
f 848/2495 938/2496 898/2468
vt 0.38228 0.26573
vt 0.38215 0.26714
f 766/2314 933/2497 929/2498
vt 0.84776 0.90386
vt 0.84770 0.90526
vt 0.84651 0.90455
f 858/2499 943/2500 830/2501
vt 0.92398 0.06109
vt 0.92489 0.06247
vt 0.92384 0.06408
f 871/2502 868/2503 863/2504
f 903/2315 766/2314 929/2498
vt 0.92425 0.06482
f 863/2504 868/2503 831/2505
vt 0.97890 0.03573
vt 0.97849 0.03528
vt 0.97896 0.03383
f 919/2506 892/2507 894/2508
vt 0.45115 0.66401
f 961/2477 887/2509 844/2438
f 829/2248 965/2462 849/2430
vt 0.47923 0.37922
f 829/2248 1040/2510 965/2462
vt 0.16840 0.73984
f 856/2428 936/2511 877/2346
vt 0.78655 0.46187
f 880/2401 881/2512 827/2379
vt 0.92105 0.66317
vt 0.92259 0.66206
vt 0.92249 0.66493
f 884/2513 883/2514 952/2515
vt 0.74249 0.38185
vt 0.74104 0.38218
vt 0.74205 0.38044
f 852/2516 956/2517 858/2518
vt 0.88886 0.04316
f 848/2457 866/2456 938/2519
f 766/2370 957/2369 940/2481
vt 0.33318 0.27599
f 788/1989 1029/2520 949/2306
vt 0.89039 0.57744
vt 0.89086 0.57719
vt 0.89082 0.57771
f 856/2521 884/2522 936/2523
vt 0.48425 0.37869
vt 0.48235 0.37953
f 829/2248 882/2524 846/2525
f 844/2438 887/2509 794/2476
f 788/1989 963/2365 1029/2520
vt 0.36521 0.27018
f 809/1950 889/2147 945/2526
vt 0.65555 0.30713
f 870/2277 836/2320 904/2527
vt 0.92389 0.05842
vt 0.92495 0.05988
f 871/2502 837/2528 899/2529
f 829/2248 846/2525 1040/2510
vt 0.84825 0.06259
vt 0.84907 0.06371
vt 0.84785 0.06369
f 841/2530 873/2531 886/2532
vt 0.15323 0.75334
vt 0.15071 0.75267
f 842/2533 942/2534 834/2470
vt 0.76900 0.51782
vt 0.77207 0.51898
vt 0.77160 0.52019
f 952/2535 883/2536 926/2537
vt 0.53428 0.66896
f 800/1649 915/2451 921/2538
f 870/2277 904/2527 906/2368
vt 0.68225 0.71782
f 832/2330 944/2539 891/2463
vt 0.79405 0.46166
f 869/2485 839/2412 897/2540
vt 0.65686 0.29980
f 872/1912 851/2125 907/2541
f 872/1912 907/2541 773/1774
vt 0.84779 0.08126
vt 0.84820 0.07939
vt 0.84944 0.08062
f 878/2542 895/2543 836/2544
vt 0.84866 0.08154
vt 0.84922 0.08159
f 878/2545 836/2544 861/2546
vt 0.84870 0.06475
f 886/2532 873/2531 901/2547
f 773/1774 907/2541 912/2408
vt 0.35856 0.27243
f 809/1950 980/2548 946/2305
vt 0.45204 0.66491
f 794/2476 887/2509 862/2549
vt 0.70448 0.41451
f 886/2473 922/2550 875/2474
vt 0.70638 0.43313
vt 0.70535 0.43326
vt 0.70474 0.43252
f 878/2551 815/2552 888/2553
vt 0.70694 0.43108
f 878/2551 888/2553 895/2554
vt 0.92512 0.05658
f 837/2528 900/2555 899/2529
vt 0.45206 0.65890
f 920/2491 939/2556 847/2440
vt 0.92436 0.05586
f 951/2557 900/2555 837/2528
vt 0.78878 0.46239
f 881/2512 880/2401 918/2558
f 880/2401 869/2485 918/2558
vt 0.32212 0.27863
f 874/1896 927/2171 1028/2559
f 832/2330 868/2480 944/2539
vt 0.68079 0.70373
vt 0.68125 0.70121
vt 0.68273 0.70190
f 840/2560 859/2561 954/2562
vt 0.91915 0.66560
f 884/2513 952/2515 936/2563
vt 0.77387 0.52145
f 883/2536 911/2564 926/2537
f 871/2502 899/2529 868/2503
vt 0.70529 0.40856
f 883/2487 875/2474 911/2565
vt 0.70675 0.41640
f 886/2473 901/2566 922/2550
f 840/2560 954/2562 854/2460
f 847/2440 939/2556 961/2477
vt 0.70363 0.40976
f 875/2474 999/2567 911/2565
f 818/2309 916/2385 915/2451
vt 0.87738 0.08338
f 867/2392 862/2312 947/2568
vt 0.78691 0.46285
f 881/2512 918/2558 937/2569
vt 0.84995 0.06547
f 873/2531 912/2570 901/2547
f 850/2332 907/2541 851/2125
vt 0.70542 0.42936
f 895/2554 888/2553 924/2571
vt 0.53272 0.66811
vt 0.53238 0.66934
vt 0.53176 0.66812
f 885/2572 921/2573 888/2574
vt 0.14902 0.74577
f 890/2447 955/2575 919/2445
vt 0.70699 0.42957
f 895/2554 924/2571 904/2576
vt 0.37336 0.26958
f 771/2040 958/2274 1011/2577
f 874/1896 1028/2559 996/2342
vt 0.68087 0.71133
vt 0.68210 0.71103
f 868/2480 899/2578 934/2579
vt 0.70697 0.42854
vt 0.70687 0.42521
f 906/2580 924/2571 905/2581
f 904/2576 924/2571 906/2580
vt 0.70728 0.42129
vt 0.70690 0.42331
vt 0.70674 0.41970
f 907/2582 909/2583 913/2584
vt 0.11703 0.84767
f 859/2475 937/2458 954/2585
vt 0.79657 0.47353
vt 0.79651 0.47209
f 893/2404 891/2586 930/2587
vt 0.15315 0.74356
vt 0.15196 0.74384
vt 0.15129 0.74308
f 920/2588 894/2589 959/2590
vt 0.84893 0.06787
f 901/2547 912/2570 913/2591
vt 0.15045 0.74405
f 894/2589 892/2592 959/2590
vt 0.84954 0.07621
vt 0.84846 0.07338
vt 0.84982 0.07328
f 906/2593 905/2594 850/2595
vt 0.84885 0.07162
f 905/2594 909/2596 850/2595
vt 0.14966 0.74230
f 892/2592 953/2597 959/2590
vt 0.87755 0.08017
f 867/2392 947/2568 935/2598
vt 0.87944 0.08088
f 867/2392 935/2598 839/2599
vt 0.84977 0.07046
f 913/2591 912/2570 907/2600
f 892/2592 919/2445 955/2575
vt 0.36931 0.76833
f 876/2471 914/2601 908/2257
vt 0.84950 0.07799
f 836/2544 895/2543 904/2602
f 834/2470 942/2534 890/2447
f 917/2244 893/2404 930/2587
vt 0.68191 0.71952
f 944/2539 930/2603 891/2463
f 909/2596 907/2600 850/2595
vt 0.36318 0.27304
f 809/1950 945/2526 1088/2604
vt 0.70345 0.42167
f 913/2584 909/2583 1020/2605
vt 0.84883 0.90350
vt 0.84982 0.90602
f 858/2606 977/2607 943/2500
vt 0.70477 0.42572
f 924/2571 931/2608 905/2581
vt 0.68105 0.70777
f 899/2578 900/2609 934/2579
vt 0.72891 0.85586
vt 0.72738 0.85549
vt 0.72765 0.85433
f 938/2610 866/2611 896/2612
f 905/2581 931/2608 909/2583
vt 0.74138 0.36345
vt 0.74209 0.36569
vt 0.73892 0.36307
f 939/2613 920/2614 998/2615
vt 0.76788 0.52063
f 952/2535 926/2537 1063/2616
vt 0.53485 0.66991
vt 0.53270 0.67044
f 915/2617 948/2618 921/2573
f 909/2583 931/2608 1020/2605
vt 0.73941 0.37965
f 858/2518 956/2517 977/2619
vt 0.91980 0.66709
f 936/2563 952/2515 995/2620
vt 0.45356 0.66352
vt 0.45463 0.66413
f 862/2549 985/2621 947/2622
f 862/2549 887/2509 985/2621
f 857/2153 932/2459 942/2489
vt 0.36978 0.27132
f 771/2040 1011/2577 971/2623
f 771/2040 971/2623 889/2147
vt 0.86272 0.20120
f 910/2361 1069/2624 882/2490
f 853/2093 1003/2432 902/2348
vt 0.68375 0.70566
f 854/2460 954/2562 925/2625
vt 0.45383 0.66271
f 887/2509 961/2477 985/2626
vt 0.84733 0.92925
f 898/2468 960/2627 956/2469
vt 0.70436 0.41668
f 922/2550 901/2566 923/2628
vt 0.16749 0.73819
f 877/2346 936/2511 995/2629
vt 0.87989 0.07799
f 839/2599 935/2598 897/2630
vt 0.32531 0.27854
f 927/2171 928/2631 1028/2559
f 927/2171 949/2306 928/2631
vt 0.68349 0.71593
f 868/2480 1007/2632 944/2539
f 901/2566 913/2584 923/2628
f 913/2584 1020/2605 923/2628
vt 0.70710 0.88561
vt 0.70862 0.88605
vt 0.70771 0.88778
f 918/2633 962/2634 937/2635
vt 0.70212 0.41238
f 999/2567 875/2474 1030/2636
vt 0.53566 0.67165
f 915/2617 976/2637 948/2618
vt 0.48478 0.38093
f 882/2524 989/2638 846/2525
vt 0.84575 0.93033
f 898/2468 938/2639 960/2627
vt 0.70714 0.88309
f 869/2640 962/2634 918/2633
vt 0.79852 0.46937
f 917/2244 930/2587 986/2641
vt 0.37187 0.76622
f 916/2453 908/2257 993/2642
f 915/2451 916/2385 976/2637
vt 0.86326 0.20047
f 882/2490 1069/2624 989/2643
vt 0.70258 0.43198
vt 0.70124 0.42947
f 888/2553 941/2644 1025/2645
f 888/2553 1025/2645 924/2571
vt 0.84526 0.92903
f 938/2639 1016/2646 960/2627
f 868/2480 934/2579 1007/2632
vt 0.36957 0.76700
f 908/2257 914/2601 967/2647
f 892/2592 955/2575 953/2597
vt 0.37416 0.76573
f 916/2453 993/2642 976/2648
f 908/2257 967/2647 993/2642
vt 0.70282 0.43266
f 888/2553 921/2649 941/2644
vt 0.70176 0.42680
f 931/2608 924/2571 1048/2650
vt 0.84660 0.90668
f 943/2500 968/2651 830/2501
vt 0.34137 0.27604
f 902/2348 991/2652 963/2365
f 875/2474 922/2550 1030/2636
vt 0.74084 0.36741
vt 0.74067 0.36990
vt 0.73839 0.36916
f 959/2653 953/2654 1054/2655
vt 0.72712 0.85349
vt 0.72816 0.85174
f 830/2656 968/2657 896/2612
vt 0.14956 0.75128
f 890/2447 942/2534 932/2658
vt 0.73095 0.85482
f 896/2612 1016/2659 938/2610
vt 0.47407 0.37663
f 876/2461 965/2462 914/2660
vt 0.31608 0.27939
f 910/2375 996/2342 1069/2661
f 809/1950 1088/2604 980/2548
vt 0.37974 0.27088
f 903/2315 929/2498 1058/2662
vt 0.16726 0.73644
f 877/2346 995/2629 978/2663
f 877/2346 978/2663 950/2221
vt 0.51056 0.28851
f 1005/2664 933/2482 940/2481
vt 0.14767 0.75006
f 932/2658 981/2665 890/2447
vt 0.14777 0.74341
f 955/2575 970/2666 953/2597
vt 0.84881 0.90698
f 943/2500 977/2607 983/2667
f 943/2500 983/2667 968/2651
vt 0.68203 0.70656
f 951/2668 854/2460 925/2625
f 889/2147 971/2623 945/2526
vt 0.70295 0.41550
f 922/2550 923/2628 966/2669
f 934/2579 900/2609 951/2668
f 890/2447 981/2665 955/2575
vt 0.38488 0.26840
f 933/2497 1005/2670 929/2498
vt 0.14658 0.74539
f 981/2665 979/2671 955/2575
vt 0.87757 0.07776
f 897/2630 935/2598 1008/2672
f 903/2315 1058/2662 958/2274
vt 0.70843 0.88354
f 962/2634 869/2640 974/2673
vt 0.79621 0.47092
f 930/2587 1001/2674 986/2641
vt 0.70748 0.88058
vt 0.70970 0.88254
f 869/2640 897/2675 1035/2676
f 931/2608 1048/2650 1020/2605
vt 0.76677 0.51902
f 952/2535 1063/2616 964/2677
vt 0.70939 0.87991
f 897/2675 1008/2678 1035/2676
vt 0.80127 0.46835
f 917/2244 986/2641 957/2679
vt 0.11558 0.84743
f 954/2585 937/2458 973/2680
vt 0.68387 0.71078
vt 0.68384 0.71378
f 934/2579 1000/2681 1013/2682
vt 0.70110 0.40848
f 911/2565 999/2567 982/2683
f 934/2579 1013/2682 1007/2632
vt 0.87664 0.08246
vt 0.87581 0.08439
vt 0.87551 0.08241
f 947/2684 985/2685 1004/2686
vt 0.70194 0.41737
f 1020/2605 1073/2687 923/2628
vt 0.72963 0.85205
f 1016/2659 896/2612 1046/2688
f 924/2571 1025/2645 1048/2650
vt 0.14650 0.74388
f 979/2671 984/2689 955/2575
f 955/2575 984/2689 970/2666
vt 0.53320 0.67186
f 976/2637 1019/2690 948/2618
vt 0.68394 0.70260
f 954/2562 973/2691 925/2625
vt 0.68372 0.70775
f 951/2668 925/2625 1015/2692
vt 0.14862 0.75200
vt 0.14616 0.75224
f 932/2693 1009/2694 981/2665
vt 0.16840 0.73268
f 932/2459 950/2221 1009/2695
f 920/2614 959/2653 998/2615
vt 0.70260 0.43292
vt 0.70167 0.43300
f 921/2696 948/2697 941/2644
vt 0.94336 0.84141
vt 0.94352 0.84002
vt 0.94498 0.84076
f 944/2698 1007/2699 969/2700
vt 0.92230 0.66704
f 952/2515 964/2701 995/2620
vt 0.94376 0.84289
f 930/2702 944/2698 969/2700
vt 0.47312 0.37766
vt 0.47270 0.37701
f 914/2660 1002/2703 967/2704
f 896/2612 968/2657 1046/2688
f 914/2660 965/2462 1002/2703
f 869/2640 1035/2676 974/2673
vt 0.14515 0.74620
f 979/2671 981/2665 992/2705
vt 0.77052 0.52478
f 911/2564 1084/2706 926/2537
f 934/2579 951/2668 1015/2692
f 934/2579 1015/2692 1000/2681
vt 0.45509 0.66065
f 961/2477 939/2556 1027/2707
vt 0.48326 0.38332
f 846/2525 989/2638 1065/2708
vt 0.14753 0.74204
f 970/2666 1017/2709 953/2597
vt 0.73873 0.37096
f 953/2654 1017/2710 1054/2655
vt 0.86272 0.19907
f 1069/2624 1038/2711 989/2643
vt 0.98040 0.71476
vt 0.97984 0.71443
vt 0.98014 0.71377
f 972/2712 968/2713 983/2714
vt 0.94516 0.84205
f 969/2700 1001/2715 930/2702
f 961/2477 1027/2707 985/2626
vt 0.73830 0.36610
f 959/2653 1054/2655 1034/2716
vt 0.33437 0.27953
f 1029/2520 963/2365 1155/2717
vt 0.79950 0.46569
vt 0.80198 0.46670
f 957/2679 1070/2718 940/2719
vt 0.53318 0.27607
vt 0.53485 0.27597
vt 0.53204 0.27752
f 937/2720 962/2721 973/2722
f 966/2669 1030/2636 922/2550
vt 0.84749 0.90820
vt 0.84925 0.90817
f 972/2723 983/2667 1044/2724
vt 0.84897 0.90886
f 972/2723 1044/2724 975/2725
vt 0.96731 0.31508
vt 0.96642 0.31507
vt 0.96657 0.31359
f 984/2726 972/2727 975/2728
vt 0.92595 0.00272
vt 0.92385 0.00093
vt 0.92578 0.00031
f 993/2729 997/2730 976/2731
f 947/2684 1004/2686 935/2598
vt 0.53704 0.27600
vt 0.53693 0.27768
f 962/2721 974/2732 1010/2733
vt 0.16754 0.73442
f 950/2221 1022/2734 1009/2695
vt 0.96607 0.31623
f 984/2726 988/2735 972/2727
vt 0.96677 0.31634
f 984/2726 979/2736 988/2735
vt 0.97413 0.24146
vt 0.97480 0.24209
vt 0.97443 0.24339
f 964/2737 1037/2738 995/2739
vt 0.35556 0.27591
f 946/2305 980/2548 1140/2740
vt 0.73852 0.38152
f 977/2619 956/2517 990/2741
vt 0.53294 0.67371
f 976/2637 1077/2742 1019/2690
f 946/2305 1140/2740 1003/2432
vt 0.34592 0.27761
f 902/2348 1003/2432 1024/2743
f 902/2348 1024/2743 991/2652
vt 0.73871 0.36496
f 959/2653 1034/2744 998/2615
vt 0.73927 0.38356
f 956/2517 960/2745 990/2741
vt 0.14458 0.74920
f 981/2665 1050/2746 992/2705
vt 0.92600 0.00579
vt 0.92510 0.00663
f 967/2747 1002/2748 993/2729
vt 0.47398 0.37975
f 1002/2703 965/2462 1076/2749
vt 0.77388 0.52573
f 911/2564 982/2750 1084/2706
vt 0.70222 0.41595
f 923/2628 1073/2687 966/2751
vt 0.73877 0.36122
f 939/2613 998/2615 1027/2752
vt 0.87588 0.07933
f 1008/2672 935/2598 1012/2753
f 935/2598 1004/2686 1012/2753
vt 0.70012 0.43243
vt 0.70262 0.43203
f 948/2697 1019/2754 941/2755
vt 0.76623 0.52127
vt 0.76595 0.52051
f 1063/2616 1100/2756 1037/2757
f 1063/2616 1037/2757 964/2677
vt 0.72737 0.85009
vt 0.72832 0.84898
f 968/2657 972/2758 987/2759
f 957/2679 986/2641 1070/2718
vt 0.53227 0.27887
f 962/2721 1010/2733 1006/2760
f 973/2722 962/2721 1006/2760
vt 0.33100 0.27955
f 1029/2520 1122/2761 949/2306
vt 0.47565 0.38073
f 1040/2510 1071/2762 965/2462
vt 0.92403 0.00599
f 993/2729 1002/2748 1068/2763
vt 0.51323 0.00020
vt 0.51326 0.00198
vt 0.51175 0.00020
f 974/2764 1035/2765 1010/2766
vt 0.70131 0.42149
f 1020/2605 1082/2767 1073/2687
vt 0.97134 0.96758
vt 0.97042 0.96926
vt 0.97025 0.96770
f 969/2768 1007/2769 1033/2770
vt 0.73730 0.37706
vt 0.73961 0.37861
f 977/2619 994/2771 983/2772
f 968/2657 987/2759 1046/2688
vt 0.41440 0.93300
vt 0.41356 0.93195
vt 0.41500 0.93150
f 984/2773 1026/2774 970/2775
vt 0.45598 0.66274
f 985/2626 1027/2707 1004/2776
vt 0.41306 0.93339
f 975/2777 1026/2774 984/2773
vt 0.73928 0.37570
vt 0.73855 0.37642
vt 0.73831 0.37350
f 975/2778 1044/2779 1026/2780
f 983/2772 994/2771 1044/2779
f 965/2462 1071/2762 1076/2749
vt 0.52817 0.27769
f 973/2722 1006/2760 925/2781
vt 0.72732 0.84852
f 972/2758 988/2782 987/2759
vt 0.41347 0.93005
f 970/2775 1026/2774 1017/2783
vt 0.73092 0.90276
vt 0.73298 0.90358
vt 0.73127 0.90481
f 960/2784 1016/2785 1079/2786
vt 0.51139 0.28928
f 940/2481 1056/2787 1005/2664
vt 0.97053 0.96675
f 969/2768 1033/2770 1021/2788
vt 0.51376 0.28805
f 940/2481 1045/2789 1056/2787
vt 0.48574 0.38261
vt 0.48548 0.38373
f 989/2638 1038/2790 1039/2791
vt 0.73742 0.37965
f 977/2619 990/2741 1053/2792
vt 0.52714 0.27846
vt 0.52624 0.28107
vt 0.52322 0.27843
f 1015/2793 1031/2794 1000/2795
f 926/2537 1084/2706 1063/2616
f 950/2221 978/2663 1022/2734
f 925/2781 1006/2760 1015/2793
vt 0.79553 0.46954
f 1001/2674 1021/2796 986/2641
vt 0.36045 0.27504
f 980/2548 1088/2604 1138/2797
vt 0.76920 0.96041
vt 0.77044 0.96163
vt 0.76907 0.96246
f 941/2798 1019/2799 1059/2800
vt 0.70013 0.43130
f 1025/2645 941/2644 1059/2801
vt 0.47261 0.37937
f 1002/2703 1076/2749 1068/2802
vt 0.72601 0.84723
vt 0.72748 0.84719
f 979/2803 992/2804 988/2782
vt 0.79709 0.46626
f 986/2641 1021/2796 1074/2805
f 993/2729 1068/2763 997/2730
vt 0.73746 0.38185
f 960/2745 1079/2806 990/2741
vt 0.53538 0.67403
f 976/2637 997/2807 1077/2742
vt 0.70038 0.41494
f 966/2669 1067/2808 1030/2636
vt 0.53762 0.27903
vt 0.53740 0.28082
f 1010/2733 1051/2809 1064/2810
vt 0.38256 0.27301
f 929/2498 1142/2811 1058/2662
f 989/2638 1039/2791 1065/2708
vt 0.80116 0.46363
f 940/2719 1070/2718 1045/2812
vt 0.32050 0.28143
f 996/2342 1085/2813 1069/2661
vt 0.69989 0.41115
f 999/2567 1030/2636 1080/2814
vt 0.08020 0.88550
vt 0.08073 0.88400
vt 0.08157 0.88567
f 995/2815 1037/2816 978/2817
vt 0.53364 0.28181
f 1010/2733 1064/2810 1014/2818
vt 0.73159 0.85264
f 1046/2688 1018/2819 1016/2659
f 994/2771 977/2619 1053/2792
vt 0.51805 0.27840
vt 0.52013 0.27873
vt 0.51784 0.28034
f 1007/2820 1013/2821 1033/2822
f 981/2665 1009/2694 1050/2746
f 1010/2733 1014/2818 1006/2760
f 986/2641 1074/2805 1070/2718
vt 0.45777 0.66073
f 1027/2707 1036/2823 1004/2776
vt 0.87611 0.07772
f 1008/2672 1012/2753 1098/2824
f 1028/2559 1085/2813 996/2342
vt 0.35297 0.27780
f 1003/2432 1140/2740 1124/2825
vt 0.99176 0.49034
vt 0.99192 0.49002
vt 0.99192 0.49078
f 969/2826 1021/2827 1001/2828
vt 0.48090 0.38369
f 846/2525 1101/2829 1040/2510
vt 0.45860 0.66439
f 1004/2776 1036/2823 1012/2830
vt 0.80079 0.46407
f 1045/2812 1070/2718 1137/2831
vt 0.08332 0.88595
vt 0.08361 0.88175
f 1022/2832 978/2817 1023/2833
vt 0.52928 0.28323
f 1006/2760 1099/2834 1015/2793
vt 0.08272 0.88311
f 978/2817 1037/2835 1023/2833
vt 0.45285 0.65765
vt 0.45307 0.65343
vt 0.45467 0.65504
f 1034/2836 1047/2837 1043/2838
vt 0.45427 0.65846
f 1034/2836 1043/2838 998/2839
vt 0.52422 0.28215
f 1031/2794 1032/2840 1000/2795
f 1000/2795 1032/2840 1013/2821
vt 0.37377 0.27356
f 971/2623 1011/2577 1119/2841
vt 0.73322 0.90565
f 1016/2785 1018/2842 1079/2786
f 988/2782 992/2804 987/2759
vt 0.36876 0.27433
f 945/2526 971/2623 1110/2843
f 945/2526 1110/2843 1088/2604
vt 0.96448 0.13429
vt 0.96383 0.13475
vt 0.96403 0.13304
f 1036/2844 1027/2845 1041/2846
f 1006/2760 1014/2818 1099/2834
vt 0.71109 0.88125
f 1008/2678 1072/2847 1035/2676
vt 0.08493 0.88279
vt 0.08476 0.88587
f 1022/2832 1050/2848 1009/2849
vt 0.45521 0.65969
vt 0.45669 0.65850
f 1027/2850 998/2839 1041/2851
vt 0.70098 0.42414
f 1020/2605 1048/2650 1120/2852
f 1020/2605 1120/2852 1082/2767
vt 0.70028 0.40970
f 999/2567 1080/2814 1057/2853
vt 0.47723 0.38175
f 1040/2510 1104/2854 1071/2762
vt 0.70099 0.41606
f 966/2751 1073/2687 1113/2855
vt 0.95351 0.67654
vt 0.95351 0.67747
vt 0.95285 0.67790
f 966/2856 1113/2857 1067/2858
f 846/2525 1065/2708 1101/2829
vt 0.31475 0.28095
vt 0.31663 0.28225
f 1038/2859 1069/2661 1062/2860
vt 0.69982 0.41228
f 1030/2636 1090/2861 1080/2814
vt 0.73820 0.37198
vt 0.73701 0.37215
f 1017/2862 1091/2863 1054/2655
f 1022/2832 1023/2833 1050/2848
vt 0.73687 0.36731
f 1054/2655 1042/2864 1034/2716
vt 0.73627 0.37489
f 1026/2780 1044/2779 1075/2865
f 990/2741 1079/2806 1053/2792
f 998/2839 1043/2838 1041/2851
vt 0.73806 0.37347
f 1017/2862 1026/2866 1091/2863
f 1122/2761 1029/2520 1155/2717
vt 0.34994 0.27840
f 1003/2432 1124/2825 1191/2867
vt 0.71085 0.87937
f 1008/2678 1098/2868 1072/2847
f 999/2567 1057/2853 982/2683
vt 0.37687 0.27424
f 1058/2662 1097/2869 958/2274
f 949/2306 1122/2761 928/2631
vt 0.36180 0.88687
vt 0.35932 0.88518
vt 0.36158 0.88373
f 1034/2870 1042/2871 1047/2872
vt 0.45723 0.65875
vt 0.46021 0.65794
f 1036/2823 1041/2873 1112/2874
f 1015/2793 1099/2834 1031/2794
vt 0.53724 0.28291
f 1064/2810 1049/2875 1014/2818
vt 0.50976 0.00165
f 1010/2766 1035/2765 1051/2876
vt 0.31413 0.28287
f 1038/2859 1062/2860 1106/2877
vt 0.33487 0.24961
vt 0.33328 0.24869
vt 0.33598 0.24708
f 1037/2878 1100/2879 1023/2880
vt 0.45400 0.65013
f 1047/2837 1081/2881 1043/2838
f 1028/2559 928/2631 1085/2813
vt 0.72953 0.84900
f 1046/2688 987/2759 1055/2882
vt 0.73045 0.85050
f 1046/2688 1055/2882 1089/2883
vt 0.38564 0.27175
f 929/2498 1154/2884 1142/2811
vt 0.52043 0.28276
f 1013/2821 1083/2885 1033/2822
vt 0.47876 0.38299
f 1040/2510 1108/2886 1104/2854
f 958/2274 1097/2869 1011/2577
f 1040/2510 1101/2829 1108/2886
f 1032/2840 1083/2885 1013/2821
vt 0.45825 0.65672
f 1041/2873 1060/2887 1112/2874
vt 0.47166 0.38042
f 1068/2802 1076/2749 1123/2888
vt 0.72880 0.84746
f 987/2759 992/2804 1086/2889
f 1026/2866 1075/2865 1091/2863
vt 0.51691 0.28176
f 1033/2822 1083/2885 1021/2890
vt 0.36217 0.88026
vt 0.36067 0.87946
f 1081/2891 1047/2872 1052/2892
vt 0.45698 0.65118
vt 0.45847 0.65380
f 1043/2838 1093/2893 1094/2894
vt 0.86229 0.19643
vt 0.86313 0.19741
f 1038/2711 1106/2895 1039/2896
vt 0.73641 0.37805
f 994/2771 1053/2792 1146/2897
vt 0.45733 0.65664
f 1041/2851 1043/2838 1060/2898
vt 0.46190 0.66254
f 1036/2823 1061/2899 1012/2830
f 929/2498 1005/2670 1154/2884
f 1011/2577 1097/2869 1119/2841
f 1043/2838 1081/2881 1093/2893
vt 0.33496 0.24522
f 1023/2880 1100/2879 1055/2900
f 1046/2688 1089/2883 1018/2819
vt 0.72171 0.09764
vt 0.72216 0.10225
vt 0.72027 0.10021
f 997/2901 1068/2902 1096/2903
f 1043/2838 1094/2894 1060/2898
vt 0.71893 0.09678
f 997/2901 1096/2903 1077/2904
vt 0.34364 0.28058
f 1024/2743 1153/2905 991/2652
vt 0.46064 0.66612
f 1012/2830 1061/2899 1098/2906
vt 0.14333 0.74637
f 1050/2746 1086/2907 992/2705
f 987/2759 1086/2889 1055/2882
vt 0.33295 0.24496
f 1100/2879 1078/2908 1055/2900
vt 0.35811 0.88208
f 1047/2872 1114/2909 1052/2892
vt 0.71759 0.09264
vt 0.71619 0.09232
vt 0.71782 0.09015
f 1025/2910 1167/2911 1048/2912
vt 0.71676 0.08728
f 1048/2912 1167/2911 1120/2913
vt 0.53362 0.28432
f 1014/2818 1049/2875 1102/2914
f 1036/2823 1112/2874 1061/2899
vt 0.08332 0.87927
vt 0.08480 0.87948
f 1023/2833 1055/2915 1086/2916
vt 0.79857 0.46416
vt 0.79988 0.46357
f 1070/2718 1128/2917 1137/2918
f 1047/2872 1042/2871 1114/2909
vt 0.73054 0.90739
vt 0.73236 0.90852
f 1053/2919 1079/2786 1089/2920
f 1023/2833 1086/2916 1050/2848
vt 0.48402 0.38400
f 1065/2708 1039/2791 1139/2921
vt 0.71909 0.09565
vt 0.71915 0.09628
vt 0.71776 0.09490
f 1019/2922 1077/2923 1059/2924
vt 0.51066 0.29127
f 1056/2787 1117/2925 1005/2664
vt 0.51745 0.28481
f 1083/2885 1074/2926 1021/2890
f 1003/2432 1191/2867 1024/2743
vt 0.38638 0.27024
f 1005/2670 1117/2927 1154/2884
vt 0.86290 0.19576
f 1106/2895 1126/2928 1039/2896
f 1060/2887 1094/2894 1112/2874
f 1099/2834 1014/2818 1102/2914
vt 0.48207 0.38446
f 1065/2708 1151/2929 1101/2829
vt 0.51359 0.29118
f 1056/2787 1092/2930 1117/2925
f 1018/2842 1089/2920 1079/2786
vt 0.73591 0.36844
f 1054/2655 1066/2931 1042/2864
vt 0.51359 0.00280
vt 0.51148 0.00410
f 1035/2765 1072/2932 1143/2933
vt 0.49496 0.25272
vt 0.49752 0.25409
vt 0.49604 0.25602
f 1093/2934 1081/2935 1130/2936
vt 0.73102 0.90908
f 1053/2919 1089/2920 1146/2937
vt 0.53733 0.28593
f 1049/2875 1132/2938 1102/2914
vt 0.71834 0.08425
vt 0.71708 0.08227
vt 0.71827 0.08076
f 1082/2939 1118/2940 1073/2941
vt 0.72100 0.10274
f 1068/2902 1123/2942 1096/2903
f 1035/2765 1143/2933 1051/2876
vt 0.34802 0.91185
vt 0.34610 0.91208
vt 0.34649 0.91005
f 1091/2943 1075/2944 1087/2945
vt 0.71803 0.09889
f 1096/2903 1136/2946 1077/2904
vt 0.33390 0.24436
f 1078/2908 1089/2947 1055/2900
vt 0.71674 0.09613
f 1077/2923 1149/2948 1059/2924
vt 0.69958 0.41278
f 1030/2636 1067/2808 1090/2949
vt 0.73664 0.37035
f 1054/2655 1091/2950 1066/2931
f 971/2623 1119/2841 1110/2843
f 1025/2910 1059/2924 1167/2911
vt 0.82442 0.83634
vt 0.82346 0.83321
vt 0.82516 0.83492
f 1091/2951 1111/2952 1095/2953
vt 0.52107 0.28523
f 1083/2885 1032/2840 1109/2954
vt 0.76669 0.52532
f 1063/2616 1084/2706 1174/2955
vt 0.52620 0.28618
f 1031/2794 1099/2834 1141/2956
f 1031/2794 1141/2956 1032/2840
vt 0.86337 0.19600
f 1039/2896 1126/2928 1157/2957
f 1056/2787 1045/2789 1092/2930
vt 0.46038 0.66828
vt 0.46332 0.66599
vt 0.46277 0.66819
f 1072/2958 1148/2959 1143/2960
vt 0.47452 0.38137
f 1071/2762 1107/2961 1076/2749
vt 0.77160 0.52793
f 982/2750 1129/2962 1084/2706
vt 0.71723 0.07947
f 1073/2941 1118/2940 1113/2963
f 1072/2958 1098/2906 1148/2959
f 1083/2885 1109/2954 1074/2926
vt 0.82817 0.83619
f 1091/2951 1095/2953 1066/2964
vt 0.73600 0.37588
f 1044/2779 994/2771 1075/2965
vt 0.73567 0.37699
f 994/2771 1146/2897 1131/2966
vt 0.48527 0.38525
f 1039/2791 1157/2967 1139/2921
vt 0.49226 0.25298
f 1093/2934 1130/2936 1160/2968
vt 0.50572 0.00082
vt 0.50794 0.00085
vt 0.50419 0.00373
f 1049/2969 1064/2970 1134/2971
vt 0.50252 0.00136
f 1049/2969 1134/2971 1132/2972
vt 0.53547 0.28640
f 1102/2914 1132/2938 1103/2973
vt 0.34801 0.90844
f 1111/2974 1091/2943 1087/2945
vt 0.49784 0.25544
f 1081/2935 1052/2975 1130/2936
vt 0.83989 0.97590
vt 0.84037 0.97578
vt 0.83995 0.97677
f 1071/2976 1104/2977 1107/2978
vt 0.82636 0.83217
f 1111/2952 1115/2979 1095/2953
f 1070/2718 1074/2805 1128/2917
vt 0.35801 0.87926
f 1052/2892 1114/2909 1163/2980
f 1082/2939 1120/2913 1118/2940
f 1109/2954 1032/2840 1141/2956
f 1069/2661 1085/2813 1062/2860
vt 0.90511 0.32768
vt 0.90676 0.32769
vt 0.90542 0.32909
f 1104/2981 1125/2982 1107/2983
f 1100/2756 1063/2616 1174/2955
f 994/2771 1131/2966 1075/2965
vt 0.71861 0.10260
f 1123/2942 1188/2984 1096/2903
vt 0.33962 0.28094
f 1155/2717 963/2365 1159/2985
f 991/2652 1159/2985 963/2365
vt 0.82798 0.83406
f 1095/2953 1114/2986 1066/2964
f 1098/2906 1061/2899 1148/2959
vt 0.88666 0.25779
vt 0.88568 0.25928
vt 0.88417 0.25827
f 1080/2987 1090/2988 1105/2989
vt 0.59484 0.94945
vt 0.59602 0.94927
vt 0.59589 0.95113
f 1157/2990 1185/2991 1139/2992
f 991/2652 1153/2905 1159/2985
vt 0.88460 0.26145
vt 0.88336 0.26206
f 1067/2993 1113/2994 1105/2989
vt 0.34617 0.90708
f 1111/2974 1087/2945 1127/2995
vt 0.82337 0.82920
vt 0.82459 0.82954
f 1111/2952 1162/2996 1135/2997
vt 0.86209 0.19558
f 1126/2928 1106/2895 5680/2998
vt 0.47312 0.38234
f 1076/2749 1107/2961 1121/2999
f 1076/2749 1121/2999 1123/2888
vt 0.93612 0.68963
vt 0.93604 0.68787
vt 0.93758 0.68864
f 1104/3000 1108/3001 1125/3002
vt 0.34757 0.90419
f 1111/2974 1127/2995 1162/3003
vt 0.49834 0.25846
f 1052/2975 1163/3004 1130/2936
vt 0.32944 0.24896
vt 0.33072 0.24711
f 1100/2879 1174/3005 1116/3006
vt 0.51573 0.28903
f 1045/2789 1137/3007 1092/2930
f 1114/2986 1095/2953 1115/2979
vt 0.91616 0.47020
vt 0.91530 0.46948
vt 0.91633 0.46816
f 1075/3008 1158/3009 1087/3010
vt 0.50820 0.00460
f 1051/2876 1150/3011 1064/2970
vt 0.45906 0.65095
f 1093/2893 1160/3012 1094/2894
f 1078/2908 1100/2879 1116/3006
vt 0.91439 0.46716
f 1158/3009 1145/3013 1087/3010
vt 0.35803 0.88423
f 1042/2871 1066/3014 1114/2909
vt 0.97581 0.83384
vt 0.97642 0.83354
vt 0.97616 0.83498
f 1065/3015 1139/3016 1151/3017
f 1111/2952 1135/2997 1115/2979
vt 0.38668 0.27066
vt 0.38842 0.27282
f 1117/3018 1234/3019 1154/2884
f 1059/2924 1149/2948 1167/2911
f 980/2548 1138/2797 1140/2740
f 1090/2988 1067/2993 1105/2989
vt 0.71608 0.09670
f 1077/2904 1136/2946 1149/3020
vt 0.46235 0.65321
f 1112/2874 1094/2894 1189/3021
vt 0.33555 0.24071
vt 0.33399 0.24182
vt 0.33474 0.24034
f 1075/3022 1131/3023 1158/3024
vt 0.86215 0.19465
vt 0.86375 0.19384
f 1126/2928 5680/3025 1187/3026
vt 0.52465 0.28858
f 1109/2954 1141/2956 1156/3027
vt 0.71742 0.10186
f 1096/2903 1188/2984 1144/3028
vt 0.33320 0.24298
f 1089/2947 1078/2908 1146/3029
f 1051/2876 1143/2933 1150/3011
vt 0.53139 0.28821
f 1099/2834 1102/2914 1133/3030
f 1096/2903 1144/3028 1136/2946
vt 0.51788 0.28782
f 1074/2926 1109/2954 1128/3031
vt 0.36780 0.27710
f 1110/2843 1193/3032 1088/2604
vt 0.49226 0.25537
f 1130/2936 1208/3033 1160/2968
vt 0.91557 0.46541
f 1145/3013 1127/3034 1087/3010
vt 0.33590 0.28320
f 1155/2717 1159/2985 1281/3035
vt 0.52172 0.28934
f 1109/2954 1156/3027 1168/3036
f 1109/2954 1168/3036 1128/3031
vt 0.88550 0.25681
f 1080/2987 1105/2989 1057/3037
vt 0.46190 0.65173
f 1094/2894 1160/3012 1147/3038
f 1094/2894 1147/3038 1189/3021
f 1099/2834 1133/3030 1141/2956
vt 0.32974 0.24364
f 1146/3029 1078/2908 1202/3039
vt 0.51077 0.29387
f 1117/2925 1092/2930 1234/3040
vt 0.88580 0.25517
vt 0.88580 0.25639
vt 0.88332 0.25511
f 982/3041 1057/3042 1129/3043
vt 0.48633 0.38582
vt 0.48699 0.38715
vt 0.48547 0.38672
f 1126/3044 1187/3045 1157/3046
vt 0.46446 0.65951
f 1112/2874 1181/3047 1061/2899
vt 0.46348 0.65654
f 1112/2874 1190/3048 1181/3047
f 1057/3042 1105/2989 1129/3043
f 1064/2970 1150/3011 1134/2971
f 1103/2973 1133/3030 1102/2914
vt 0.82650 0.82879
f 1115/2979 1135/2997 1169/3049
vt 0.36124 0.27822
f 1088/2604 1213/3050 1138/2797
vt 0.47772 0.38346
vt 0.47663 0.38536
vt 0.47554 0.38282
f 1125/3051 1206/3052 1107/3053
vt 0.53688 0.28970
f 1103/2973 1132/2938 1161/3054
vt 0.82836 0.83055
f 1115/2979 1163/3055 1114/2986
vt 0.33387 0.28281
f 1155/2717 1281/3035 1183/3056
vt 0.71495 0.09818
f 1149/3020 1136/2946 1195/3057
f 1140/2740 1138/2797 1213/3050
vt 0.47938 0.38519
f 1101/2829 1203/3058 1108/2886
vt 0.48357 0.38458
vt 0.48415 0.38608
vt 0.48197 0.38748
f 1139/3059 1185/3060 1172/3061
f 1139/3059 1172/3061 1151/2929
f 1112/2874 1189/3021 1190/3048
f 1122/2761 1155/2717 1183/3056
vt 0.33390 0.23807
vt 0.33254 0.23583
vt 0.33405 0.23521
f 1145/3062 1170/3063 1127/3064
vt 0.49602 0.25810
f 1130/2936 1163/3004 1182/3065
vt 0.51889 0.29139
f 1128/3031 1165/3066 1137/3007
vt 0.71531 0.08222
f 1118/2940 1166/3067 1113/2963
vt 0.50368 0.26227
vt 0.50136 0.26112
vt 0.50225 0.26087
f 1162/3068 1169/3069 1135/3070
vt 0.46456 0.66121
f 1181/3047 1177/3071 1061/2899
vt 0.93369 0.20169
vt 0.93360 0.20266
vt 0.93232 0.20324
f 1131/3072 1146/3073 1176/3074
vt 0.90535 0.33113
vt 0.90664 0.33210
f 1121/3075 1107/2983 1205/3076
f 1103/2973 1161/3054 1133/3030
vt 0.71511 0.08635
f 1120/2913 1180/3077 1118/2940
f 1118/2940 1180/3077 1166/3067
vt 0.71554 0.07962
f 1113/2963 1166/3067 1152/3078
vt 0.51440 0.29398
f 1092/2930 1137/3007 1175/3079
vt 0.37234 0.27800
f 1110/2843 1119/2841 1239/3080
vt 0.76840 0.52904
f 1084/2706 1129/2962 1219/3081
vt 0.88213 0.26118
f 1113/2994 1221/3082 1105/2989
vt 0.33152 0.24139
f 1131/3023 1176/3083 1158/3024
vt 0.34557 0.90419
f 1127/2995 1197/3084 1162/3003
f 1168/3036 1165/3066 1128/3031
vt 0.47095 0.38313
vt 0.46881 0.38141
f 1123/2888 1171/3085 1188/3086
f 1061/2899 1177/3071 1148/2959
vt 0.93669 0.68527
f 1108/3001 1203/3087 1125/3002
vt 0.50022 0.00137
vt 0.49972 0.00382
vt 0.49805 0.00160
f 1132/3088 1236/3089 1161/3090
f 1132/2972 1134/2971 1236/3089
f 1115/2979 1169/3049 1163/3055
vt 0.33311 0.23356
f 1127/3064 1170/3063 1173/3091
vt 0.91477 0.46335
vt 0.91599 0.46271
f 1127/3034 1173/3092 1197/3093
vt 0.52927 0.29120
f 1133/3030 1209/3094 1141/2956
vt 0.34841 0.28199
f 1024/2743 1231/3095 1153/2905
vt 0.71457 0.09666
f 1167/2911 1149/2948 1178/3096
vt 0.71452 0.09372
f 1167/2911 1178/3096 1186/3097
vt 0.38021 0.27639
f 1058/2662 1142/2811 1259/3098
vt 0.95420 0.68101
vt 0.95367 0.68140
vt 0.95358 0.67954
f 1152/3099 1221/3100 1113/3101
vt 0.47298 0.38387
f 1107/3053 1206/3052 1205/3102
f 1078/2908 1116/3006 1202/3039
f 1120/2913 1167/2911 1180/3077
f 1137/3007 1165/3066 1175/3079
vt 0.51068 0.00588
f 1143/2933 1201/3103 1150/3011
vt 0.53457 0.29179
f 1161/3054 1196/3104 1133/3030
f 1158/3024 1176/3083 1145/3062
vt 0.50326 0.26375
f 1162/3068 1204/3105 1169/3069
vt 0.71463 0.10070
f 1136/2946 1207/3106 1195/3057
f 1141/2956 1209/3094 1156/3027
vt 0.52622 0.29177
f 1168/3036 1156/3027 1230/3107
vt 0.34169 0.28344
f 1159/2985 1153/2905 1210/3108
vt 0.82835 0.82856
f 1163/3055 1169/3049 1199/3109
vt 0.70572 0.89529
vt 0.70565 0.89438
vt 0.70590 0.89503
f 1143/3110 1148/3111 1201/3112
vt 0.34646 0.90321
f 1162/3003 1197/3084 1204/3113
f 1123/2888 1121/2999 1171/3085
f 1133/3030 1196/3104 1209/3094
vt 0.71478 0.09111
f 1167/2911 1186/3097 1179/3114
vt 0.47975 0.38634
f 1101/2829 1151/2929 1203/3115
f 1180/3077 1167/2911 1179/3114
f 1149/2948 1195/3057 1178/3096
vt 0.71521 0.10195
f 1136/2946 1144/3028 1225/3116
vt 0.50055 0.26388
f 1169/3069 1204/3105 1382/3117
vt 0.32705 0.24653
f 1116/3006 1174/3005 1270/3118
vt 0.48584 0.38858
f 1157/3046 1187/3045 1246/3119
vt 0.47867 0.38650
f 1125/3051 1215/3120 1206/3052
vt 0.37565 0.27874
f 1119/2841 1097/2869 1394/3121
vt 0.59488 0.94646
f 1157/2990 1246/3122 1185/2991
vt 0.48918 0.25168
vt 0.48884 0.25397
f 1147/3123 1160/2968 1237/3124
vt 0.33080 0.23317
f 1170/3063 1228/3125 1173/3091
vt 0.49432 0.25820
f 1130/2936 1212/3126 1208/3033
f 1151/2929 1172/3061 1203/3115
vt 0.83036 0.82935
f 1163/3055 1199/3109 1182/3127
vt 0.59592 0.94735
f 1185/2991 1246/3122 1211/3128
vt 0.93414 0.20480
f 1146/3073 1202/3129 1176/3074
f 1234/3040 1092/2930 1175/3079
f 1119/2841 1394/3121 1239/3080
vt 0.91502 0.46128
f 1173/3092 1214/3130 1197/3093
vt 0.33861 0.28474
f 1281/3035 1159/2985 1353/3131
f 1058/2662 1259/3098 1097/2869
f 1156/3027 1209/3094 1230/3107
f 1088/2604 1193/3032 1213/3050
f 1024/2743 1191/2867 1231/3095
vt 0.86204 0.19210
f 5680/3025 5681/3132 1187/3026
f 1084/2706 1219/3081 1174/2955
f 1130/2936 1182/3065 1212/3126
vt 0.53702 0.29211
f 1161/3054 1218/3133 1196/3104
f 1136/2946 1225/3116 1207/3106
vt 0.33018 0.23938
f 1145/3062 1233/3134 1170/3063
vt 0.90536 0.33390
f 1121/3075 1205/3076 1171/3135
vt 0.10565 0.47418
vt 0.10419 0.47705
vt 0.10421 0.46940
f 1180/3136 1194/3137 1222/3138
vt 0.33231 0.23152
f 1173/3091 1228/3125 1214/3139
vt 0.52361 0.29242
f 1168/3036 1230/3107 1226/3140
f 1168/3036 1226/3140 1165/3066
vt 0.10553 0.46713
vt 0.10575 0.46967
f 1152/3141 1166/3142 1222/3138
f 1166/3142 1180/3136 1222/3138
vt 0.93768 0.68515
f 1125/3002 1203/3087 1215/3143
vt 0.10576 0.48117
vt 0.10526 0.48395
vt 0.10443 0.48406
f 1186/3144 1178/3145 1192/3146
vt 0.10567 0.47860
f 1179/3147 1186/3144 1194/3137
vt 0.48512 0.38830
vt 0.48277 0.38865
f 1185/3060 1211/3148 1184/3149
vt 0.46835 0.38289
vt 0.46722 0.38143
f 1188/3086 1217/3150 1144/3151
f 1116/3006 1270/3118 1202/3039
f 1160/2968 1208/3033 1237/3124
f 1179/3147 1194/3137 1180/3136
vt 0.70591 0.87946
vt 0.70688 0.87955
vt 0.70611 0.88063
f 1147/3152 1237/3153 1189/3154
vt 0.70671 0.89328
vt 0.70643 0.89492
f 1148/3111 1164/3155 1201/3156
vt 0.70508 0.88418
vt 0.70696 0.88212
f 1190/3157 1189/3154 1273/3158
f 1186/3144 1192/3146 1194/3137
vt 0.88207 0.25782
f 1105/2989 1221/3082 1227/3159
vt 0.35586 0.28115
f 1213/3050 1224/3160 1140/2740
vt 0.48699 0.39073
f 1187/3045 1339/3161 1246/3119
f 1145/3062 1176/3083 1233/3134
vt 0.10389 0.46599
f 1152/3141 1222/3138 1221/3162
vt 0.50378 0.00684
f 1150/3011 1314/3163 1134/2971
vt 0.36593 0.28102
f 1193/3032 1324/3164 1213/3050
f 1154/2884 1234/3019 1142/2811
f 1134/2971 1314/3163 1236/3089
vt 0.35305 0.28290
f 1191/2867 1124/2825 1198/3165
vt 0.70661 0.88521
vt 0.70523 0.88664
f 1190/3157 1257/3166 1181/3167
f 1185/3060 1184/3149 1172/3061
f 1170/3063 1233/3134 1228/3125
vt 0.49585 0.00458
vt 0.49602 0.00229
f 1161/3090 1301/3168 1218/3169
vt 0.70663 0.88825
f 1181/3167 1257/3166 1313/3170
vt 0.86372 0.19070
f 5681/3132 1232/3171 1187/3026
vt 0.10493 0.48461
vt 0.10423 0.48632
f 1178/3172 1195/3173 1192/3146
vt 0.10331 0.48147
f 1192/3146 1223/3174 1194/3137
vt 0.46922 0.38339
f 1188/3086 1171/3085 1247/3175
f 1188/3086 1247/3175 1217/3150
vt 0.47304 0.38702
f 1205/3102 1206/3052 1200/3176
vt 0.70476 0.88869
f 1181/3167 1313/3170 1177/3177
vt 0.70672 0.89064
vt 0.70500 0.89157
f 1177/3177 1250/3178 1148/3179
vt 0.53323 0.29236
f 1196/3104 1256/3180 1209/3094
vt 0.91637 0.46101
f 1197/3093 1214/3130 1204/3181
vt 0.76998 0.52933
f 1129/2962 1238/3182 1219/3081
f 1148/3179 1250/3178 1164/3155
f 1140/2740 1224/3160 1124/2825
f 1177/3177 1313/3170 1250/3178
f 1161/3090 1236/3089 1301/3168
vt 0.46622 0.38331
f 1144/3151 1217/3150 1220/3183
vt 0.46572 0.38184
f 1144/3151 1220/3183 1225/3184
f 1105/2989 1227/3159 1129/3043
vt 0.52820 0.29262
f 1230/3107 1209/3094 1254/3185
vt 0.10319 0.48612
f 1192/3146 1195/3173 1252/3186
vt 0.10325 0.48326
f 1192/3146 1240/3187 1223/3174
vt 0.52095 0.29304
f 1165/3066 1226/3140 1307/3188
vt 0.49740 0.25949
f 1199/3189 1212/3126 1182/3065
vt 0.53086 0.29293
f 1209/3094 1256/3180 1366/3190
vt 0.88223 0.25510
f 1129/3043 1227/3159 1238/3191
vt 0.55600 0.68760
vt 0.55686 0.68607
vt 0.55853 0.68758
f 1201/3192 1164/3193 1354/3194
vt 0.50839 0.00846
f 1201/3103 1354/3195 1150/3011
f 1159/2985 1210/3108 1353/3131
vt 0.38647 0.27709
f 1142/2811 1234/3019 1391/3196
f 1190/3157 1273/3158 1257/3166
vt 0.51788 0.29376
f 1165/3066 1393/3197 1175/3079
vt 0.49597 0.26182
f 1169/3069 1382/3117 1235/3198
f 1169/3069 1235/3198 1199/3189
vt 0.27562 0.45315
vt 0.27392 0.45272
vt 0.27407 0.45151
f 1196/3199 1218/3200 1301/3201
vt 0.93222 0.20629
f 1202/3129 1303/3202 1176/3074
vt 0.32946 0.23183
f 1214/3139 1228/3125 1311/3203
vt 0.48958 0.25762
f 1208/3033 1212/3126 1352/3204
vt 0.86427 0.19196
f 1187/3026 1232/3171 1339/3205
vt 0.10403 0.48814
vt 0.10316 0.48961
vt 0.10259 0.48838
f 1207/3206 1225/3207 1264/3208
vt 0.10310 0.46888
f 1222/3138 1248/3209 1221/3162
vt 0.10291 0.47370
f 1194/3137 1229/3210 1222/3138
vt 0.10327 0.46525
vt 0.10380 0.46212
f 1221/3162 1255/3211 1227/3212
f 1192/3146 1252/3186 1240/3187
f 1142/2811 1391/3196 1259/3098
f 1110/2843 1239/3080 1193/3032
f 1124/2825 1224/3160 1198/3165
f 1195/3173 1207/3206 1252/3186
f 1150/3011 1354/3195 1314/3163
vt 0.50515 0.26539
f 1204/3105 1214/3213 1382/3117
vt 0.55665 0.67372
vt 0.55664 0.67131
vt 0.55773 0.67531
f 1189/3214 1237/3215 1273/3216
vt 0.27747 0.45264
f 1196/3199 1301/3201 1256/3217
vt 0.50463 0.26831
vt 0.50298 0.26769
f 1214/3213 1311/3218 1284/3219
vt 0.96657 0.68509
vt 0.96610 0.68280
vt 0.96690 0.68267
f 1217/3220 1260/3221 1220/3222
vt 0.46968 0.38660
f 1205/3102 1200/3176 1357/3223
vt 0.47016 0.38390
vt 0.46948 0.38441
f 1171/3224 1205/3102 1247/3225
vt 0.55860 0.67212
f 1237/3215 1275/3226 1273/3216
vt 0.51077 0.29678
f 1234/3040 1175/3079 1315/3227
vt 0.76603 0.52841
f 1174/2955 1219/3081 1241/3228
vt 0.48010 0.38905
f 1203/3115 1172/3061 1242/3229
vt 0.48452 0.39121
f 1211/3148 1299/3230 1184/3149
vt 0.90558 0.33542
vt 0.90594 0.33688
vt 0.90482 0.33625
f 1247/3231 1267/3232 1217/3233
vt 0.10307 0.47849
f 1194/3137 1223/3174 1265/3234
vt 0.10312 0.47624
f 1194/3137 1265/3234 1262/3235
f 1097/2869 1259/3098 1394/3121
f 1207/3206 1264/3208 1252/3186
f 1194/3137 1262/3235 1229/3210
f 1209/3094 1366/3190 1254/3185
vt 0.10303 0.47099
f 1222/3138 1229/3210 1266/3236
f 1222/3138 1266/3236 1248/3209
vt 0.93711 0.68346
f 1203/3087 1242/3237 1215/3143
vt 0.10184 0.49048
f 1225/3207 1220/3238 1264/3208
vt 0.86239 0.19025
f 1232/3171 5681/3132 1297/3239
vt 0.86172 0.19041
f 5681/3132 1243/3240 1297/3239
vt 0.10252 0.46396
f 1255/3211 1274/3241 1227/3212
f 1199/3189 1235/3198 1212/3126
vt 0.74046 0.14734
vt 0.74124 0.15094
vt 0.73992 0.15040
f 1265/3242 1223/3243 1271/3244
vt 0.35999 0.28315
f 1224/3160 1213/3050 1407/3245
f 1191/2867 1198/3165 1231/3095
f 1208/3033 1352/3204 1237/3124
vt 0.74138 0.13620
vt 0.74071 0.13870
vt 0.74054 0.13482
f 1221/3246 1248/3247 1255/3248
vt 0.33500 0.28492
f 1281/3035 1261/3249 1183/3056
vt 0.82168 0.85691
vt 0.82152 0.85494
vt 0.82334 0.85650
f 1238/3250 1285/3251 1219/3252
vt 0.29053 0.45315
vt 0.28740 0.45394
vt 0.28746 0.45192
f 1307/3253 1226/3254 1457/3255
vt 0.32820 0.24229
f 1176/3083 1303/3256 1233/3134
vt 0.34686 0.28598
f 1153/2905 1231/3095 1422/3257
f 1205/3102 1357/3223 1247/3225
vt 0.51580 0.29494
f 1175/3079 1393/3197 1249/3258
f 1211/3148 1246/3119 1299/3230
vt 0.74071 0.15636
vt 0.73991 0.15356
vt 0.74083 0.15234
f 1252/3259 1276/3260 1240/3261
vt 0.28448 0.45371
f 1230/3262 1457/3255 1226/3254
vt 0.38273 0.27895
f 1391/3196 1306/3263 1259/3098
vt 0.51213 0.29800
f 1175/3079 1287/3264 1315/3227
vt 0.93281 0.20700
f 1202/3129 1283/3265 1303/3202
vt 0.36263 0.28140
f 1213/3050 1216/3266 1407/3245
f 1213/3050 1324/3164 1216/3266
f 1223/3243 1240/3261 1271/3244
vt 0.32662 0.24946
f 1174/3005 1241/3267 1270/3118
f 1214/3213 1284/3219 1382/3117
vt 0.10062 0.49009
f 1264/3208 1220/3238 1300/3268
vt 0.10379 0.45925
vt 0.10131 0.45731
vt 0.10305 0.45720
f 1238/3269 1263/3270 1285/3271
vt 0.98679 0.37943
vt 0.98731 0.37896
vt 0.98738 0.37963
f 1245/3272 1297/3273 1243/3274
f 1165/3066 1307/3188 1393/3197
vt 0.28400 0.45284
vt 0.28310 0.45235
f 1230/3275 1254/3276 1457/3255
vt 0.48606 0.25557
vt 0.48582 0.25402
f 1237/3124 1376/3277 1275/3278
vt 0.48807 0.39029
vt 0.48788 0.39169
f 1232/3279 1244/3280 1339/3161
vt 0.49208 0.26064
f 1212/3126 1235/3198 1419/3281
vt 0.86264 0.18989
vt 0.86374 0.18952
f 1232/3171 1297/3282 1244/3283
vt 0.10267 0.46271
vt 0.10200 0.45996
f 1227/3212 1274/3284 1312/3285
vt 0.87561 0.42887
vt 0.87685 0.42984
vt 0.87572 0.42955
f 1255/3286 1296/3287 1274/3288
vt 0.90475 0.33841
f 1217/3233 1267/3232 1260/3289
vt 0.39091 0.27531
f 1234/3019 1315/3290 1391/3196
vt 0.30965 0.28883
vt 0.31069 0.28883
vt 0.30997 0.29004
f 1245/3291 1243/3292 1304/3293
vt 0.87703 0.42859
f 1255/3286 1258/3294 1296/3287
vt 0.48828 0.39125
vt 0.48979 0.39171
vt 0.48974 0.39257
f 1297/3295 1245/3296 1288/3297
vt 0.32822 0.23606
f 1233/3134 1295/3298 1228/3125
vt 0.55782 0.68352
vt 0.56031 0.68468
f 1164/3193 1250/3299 1251/3300
f 1164/3193 1251/3300 1354/3194
vt 0.46792 0.38499
f 1247/3225 1357/3223 1267/3301
f 1175/3079 1249/3258 1287/3264
vt 0.98282 0.02195
vt 0.98271 0.02334
vt 0.98244 0.02254
f 1258/3302 1255/3303 1269/3304
vt 0.48132 0.39000
f 1172/3061 1346/3305 1242/3229
vt 0.49923 0.26689
f 1382/3117 1284/3219 1411/3306
vt 0.32576 0.24837
f 1241/3267 1291/3307 1270/3118
vt 0.32528 0.24038
f 1233/3134 1303/3256 1446/3308
vt 0.36959 0.28189
f 1193/3032 1423/3309 1324/3164
f 1237/3124 1352/3204 1376/3277
f 1212/3126 1419/3281 1352/3204
vt 0.47781 0.38999
f 1215/3120 1298/3310 1206/3052
vt 0.97566 0.29395
vt 0.97648 0.29432
vt 0.97635 0.29547
f 1280/3311 1229/3312 1262/3313
vt 0.97631 0.29368
f 1280/3311 1266/3314 1229/3312
f 1227/3212 1312/3285 1238/3269
vt 0.82529 0.85496
vt 0.82505 0.85625
f 1219/3252 1291/3315 1241/3316
vt 0.74083 0.15778
vt 0.73982 0.15739
f 1264/3317 1268/3318 1252/3259
vt 0.96813 0.94275
vt 0.96911 0.94427
vt 0.96836 0.94442
f 1278/3319 1266/3320 1277/3321
vt 0.96905 0.94263
f 1278/3319 1269/3322 1266/3320
vt 0.98014 0.43717
vt 0.97999 0.43607
vt 0.98044 0.43604
f 1276/3323 1286/3324 1271/3325
vt 0.98595 0.04149
vt 0.98641 0.04099
vt 0.98641 0.04229
f 1279/3326 1262/3327 1265/3328
vt 0.73942 0.14758
vt 0.73873 0.14648
f 1293/3329 1279/3330 1265/3242
vt 0.73887 0.14860
f 1271/3244 1293/3331 1265/3242
vt 0.73870 0.15129
f 1293/3331 1271/3244 1286/3332
vt 0.27793 0.45041
vt 0.28091 0.45179
f 1256/3217 1325/3333 1366/3334
vt 0.10168 0.45540
f 1285/3271 1263/3270 1272/3335
vt 0.96885 0.94161
f 1278/3319 1289/3336 1269/3322
vt 0.73890 0.14368
vt 0.74033 0.14484
vt 0.73873 0.14448
f 1280/3337 1262/3338 1279/3339
vt 0.32777 0.23331
f 1228/3125 1295/3298 1345/3340
vt 0.74004 0.15079
vt 0.73946 0.15278
f 1271/3341 1240/3261 1276/3342
vt 0.10102 0.49132
f 1220/3238 1260/3343 1300/3268
vt 0.74020 0.14069
vt 0.73885 0.14166
vt 0.73883 0.14038
f 1266/3344 1280/3345 1277/3346
vt 0.35103 0.28560
f 1231/3095 1198/3165 1504/3347
vt 0.73902 0.15244
vt 0.73865 0.15290
f 1276/3348 1343/3349 1286/3332
vt 0.98220 0.02193
f 1258/3302 1269/3304 1289/3350
vt 0.73939 0.13672
f 1248/3247 1269/3351 1255/3248
vt 0.30895 0.29080
f 1245/3291 1304/3293 1362/3352
f 1285/3251 1291/3315 1219/3252
f 1266/3344 1269/3351 1248/3247
vt 0.73864 0.15459
f 1252/3259 1290/3353 1276/3260
vt 0.73935 0.15657
f 1268/3318 1253/3354 1252/3259
f 1238/3269 1312/3285 1263/3270
vt 0.96856 0.45908
vt 0.96932 0.45986
vt 0.96825 0.46029
f 1172/3355 1184/3356 1346/3357
f 1301/3201 1325/3333 1256/3217
vt 0.32752 0.24351
f 1202/3039 1270/3118 1283/3358
f 1215/3120 1242/3229 1298/3310
vt 0.55853 0.67824
vt 0.56127 0.67513
f 1257/3359 1273/3216 1347/3360
f 1253/3354 1290/3353 1252/3259
vt 0.33636 0.28667
f 1281/3035 1353/3131 1282/3361
vt 0.05400 0.88577
vt 0.05292 0.88452
vt 0.05376 0.88306
f 1280/3362 1322/3363 1277/3364
vt 0.99369 0.96169
vt 0.99383 0.96162
vt 0.99383 0.96197
f 1261/3365 1281/3366 1282/3367
vt 0.50012 0.69430
vt 0.49984 0.69545
vt 0.49823 0.69314
f 1264/3368 1358/3369 1268/3370
vt 0.27903 0.94299
vt 0.27974 0.94251
vt 0.27922 0.94476
f 1362/3371 1288/3372 1245/3373
f 1233/3134 1446/3308 1295/3298
vt 0.73890 0.13507
vt 0.73858 0.13626
vt 0.73786 0.13479
f 1258/3374 1289/3375 1308/3376
vt 0.90580 0.33859
f 1260/3289 1267/3232 1300/3377
f 1193/3032 1239/3080 1423/3309
f 1246/3119 1339/3161 1299/3230
vt 0.73880 0.15345
f 1276/3260 1290/3353 1343/3378
vt 0.48242 0.39211
f 1184/3149 1299/3230 1310/3379
vt 0.05278 0.88215
vt 0.05413 0.88070
f 1277/3364 1349/3380 1278/3381
f 1228/3125 1345/3340 1311/3203
vt 0.05400 0.89912
vt 0.05318 0.89876
vt 0.05327 0.89741
f 1253/3382 1309/3383 1290/3384
vt 0.05394 0.90038
vt 0.05348 0.90048
f 1268/3385 1292/3386 1253/3382
vt 0.05398 0.89436
vt 0.05285 0.89351
vt 0.05380 0.89168
f 1286/3387 1323/3388 1293/3389
vt 0.37404 0.28302
f 1239/3080 1501/3390 1423/3309
vt 0.28512 0.45049
f 1457/3255 1254/3276 1418/3391
vt 0.05377 0.88915
vt 0.05261 0.88758
f 1280/3362 1279/3392 1371/3393
f 1280/3362 1371/3393 1322/3363
vt 0.82260 0.85156
f 1285/3251 1399/3394 1291/3315
vt 0.05343 0.87933
f 1289/3395 1278/3381 1349/3380
vt 0.55856 0.68178
f 1250/3299 1313/3396 1251/3300
vt 0.05273 0.89091
f 1293/3389 1369/3397 1279/3392
vt 0.43857 0.83236
vt 0.43615 0.83110
vt 0.43853 0.82872
f 1274/3398 1348/3399 1312/3400
vt 0.82110 0.85314
f 1285/3251 1272/3401 1399/3394
f 1277/3364 1322/3363 1349/3380
vt 0.50612 0.00912
f 1354/3195 1363/3402 1314/3163
vt 0.32517 0.24375
f 1283/3358 1270/3118 1294/3403
vt 0.87805 0.42974
f 1258/3294 1308/3404 1296/3287
vt 0.48753 0.39230
vt 0.48511 0.39238
f 1339/3161 1244/3405 1429/3406
vt 0.10058 0.48877
f 1264/3208 1300/3268 1358/3407
vt 0.05298 0.89622
vt 0.05290 0.89517
f 1343/3408 1368/3409 1286/3387
f 1254/3276 1366/3334 1418/3391
f 1286/3387 1368/3409 1323/3388
vt 0.43700 0.83284
f 1274/3398 1296/3410 1348/3399
f 1273/3216 1275/3226 1347/3360
f 1253/3382 1292/3386 1309/3383
f 1210/3108 1153/2905 1422/3257
vt 0.47505 0.39053
f 1206/3052 1298/3310 1401/3411
vt 0.51085 0.30019
f 1315/3227 1287/3264 1487/3412
vt 0.43570 0.82952
f 1348/3399 1351/3413 1312/3400
vt 0.82141 0.85029
f 1272/3401 1442/3414 1399/3394
vt 0.05239 0.88980
f 1279/3392 1369/3397 1341/3415
vt 0.37932 0.28116
f 1394/3121 1259/3098 1374/3416
vt 0.56051 0.67175
f 1275/3226 1390/3417 1347/3360
vt 0.56145 0.67898
f 1313/3396 1257/3359 1305/3418
f 1293/3389 1323/3388 1369/3397
f 1279/3392 1341/3415 1371/3393
vt 0.50021 0.00939
f 1314/3163 1516/3419 1236/3089
vt 0.96898 0.46214
f 1346/3357 1184/3356 1310/3420
vt 0.47935 0.39069
f 1242/3229 1346/3305 1397/3421
vt 0.32481 0.24646
f 1270/3118 1291/3307 1336/3422
vt 0.49746 0.69421
f 1268/3370 1358/3369 1292/3423
vt 0.73724 0.13636
f 1289/3375 1302/3424 1308/3376
f 1283/3358 1294/3403 1303/3256
vt 0.82563 0.85257
f 1399/3394 1336/3425 1291/3315
vt 0.23268 0.94008
vt 0.23312 0.93774
vt 0.23378 0.93991
f 1297/3426 1499/3427 1244/3428
vt 0.48822 0.39409
f 1297/3295 1288/3297 1499/3429
f 1257/3359 1347/3360 1305/3418
vt 0.48386 0.25404
f 1275/3278 1376/3277 1390/3430
f 1206/3052 1401/3411 1200/3176
vt 0.39057 0.27921
f 1315/3290 1494/3431 1391/3196
vt 0.73816 0.13706
vt 0.73826 0.13921
f 1289/3432 1349/3433 1302/3424
vt 0.47938 0.39007
f 1298/3310 1242/3229 1397/3434
vt 0.43915 0.82602
vt 0.43740 0.82527
f 1263/3435 1312/3400 1425/3436
vt 0.48366 0.91066
vt 0.48342 0.91097
vt 0.48320 0.90935
f 1326/3437 1320/3438 1321/3439
vt 0.48385 0.90419
vt 0.48283 0.90602
vt 0.48327 0.90265
f 1316/3440 1350/3441 1317/3442
vt 0.48397 0.90281
f 1316/3440 1317/3442 1385/3443
vt 0.48329 0.91452
vt 0.48278 0.91434
vt 0.48328 0.91296
f 1331/3444 1329/3445 1375/3446
vt 0.96249 0.65153
vt 0.96153 0.65086
vt 0.96199 0.65031
f 1333/3447 1370/3448 1330/3449
vt 0.48353 0.90559
f 1316/3440 1328/3450 1350/3441
vt 0.05252 0.88412
f 1322/3363 1318/3451 1349/3380
vt 0.48387 0.91837
vt 0.48261 0.91830
vt 0.48259 0.91706
f 1319/3452 1332/3453 1359/3454
vt 0.48338 0.91586
f 1319/3452 1359/3454 1327/3455
vt 0.48291 0.91231
f 1375/3446 1329/3445 1338/3456
vt 0.91459 0.62373
vt 0.91484 0.62276
vt 0.91492 0.62542
f 1321/3457 1328/3458 1326/3459
f 1327/3455 1359/3454 1329/3445
f 1331/3444 1327/3455 1329/3445
vt 0.97229 0.09221
vt 0.97209 0.09086
vt 0.97306 0.09130
f 1345/3460 1424/3461 1311/3462
f 1231/3095 1504/3347 1422/3257
vt 0.47123 0.76636
vt 0.47359 0.76661
vt 0.47161 0.76845
f 1287/3463 1249/3464 1409/3465
vt 0.48381 0.90728
f 1328/3466 1321/3439 1350/3441
vt 0.48284 0.90531
vt 0.48265 0.90281
f 1317/3442 1350/3467 1406/3468
vt 0.98295 0.11502
vt 0.98223 0.11507
vt 0.98288 0.11414
f 1326/3469 1381/3470 1320/3471
vt 0.09880 0.45402
vt 0.09977 0.45237
f 1272/3335 1475/3472 1442/3473
vt 0.91497 0.61940
vt 0.91572 0.62100
vt 0.91500 0.62144
f 1316/3474 1355/3475 1328/3476
vt 0.91584 0.61800
f 1316/3474 1365/3477 1355/3475
f 1270/3118 1336/3422 1294/3403
vt 0.91515 0.62401
f 1326/3459 1328/3458 1361/3478
vt 0.63111 0.94841
vt 0.63111 0.94730
vt 0.63133 0.94815
f 1327/3479 1331/3480 1356/3481
vt 0.99099 0.83462
vt 0.99132 0.83425
vt 0.99132 0.83469
f 1316/3482 1385/3483 1365/3484
vt 0.93473 0.46430
vt 0.93515 0.46506
vt 0.93396 0.46540
f 1317/3485 1406/3486 1385/3487
vt 0.96182 0.64882
f 1335/3488 1330/3449 1370/3448
vt 0.48246 0.90905
vt 0.48243 0.90786
f 1321/3439 1379/3489 1380/3490
f 1321/3439 1380/3490 1350/3441
vt 0.98016 0.94373
vt 0.98051 0.94437
vt 0.97984 0.94445
f 1327/3491 1356/3492 1373/3493
vt 0.63134 0.95110
vt 0.63136 0.94880
vt 0.63225 0.94931
f 1319/3494 1327/3495 1373/3496
vt 0.49607 0.69361
vt 0.49600 0.69457
vt 0.49444 0.69359
f 1319/3497 1387/3498 1332/3499
vt 0.32553 0.23752
f 1295/3298 1446/3308 1453/3500
vt 0.95310 0.63666
vt 0.95372 0.63704
vt 0.95287 0.63783
f 1383/3501 1360/3502 1335/3503
vt 0.48248 0.91345
vt 0.48248 0.91151
f 1329/3445 1334/3504 1372/3505
f 1329/3445 1372/3505 1338/3456
vt 0.48307 0.91124
f 1320/3506 1372/3505 1321/3439
vt 0.95305 0.63900
f 1335/3503 1360/3502 1330/3507
vt 0.95375 0.63882
f 1330/3507 1360/3502 1377/3508
vt 0.27912 0.94136
f 1362/3371 1392/3509 1288/3372
vt 0.87804 0.43102
f 1296/3287 1308/3404 1402/3510
vt 0.49712 0.00864
f 1236/3089 1490/3511 1301/3168
f 1236/3089 1516/3419 1490/3511
vt 0.47963 0.39213
f 1397/3421 1346/3305 1445/3512
f 1321/3439 1372/3505 1379/3489
vt 0.47188 0.39020
f 1200/3176 1417/3513 1357/3223
vt 0.43587 0.82719
f 1312/3400 1351/3413 1420/3514
vt 0.31035 0.29161
f 1304/3293 1337/3515 1362/3352
vt 0.97758 0.26070
vt 0.97785 0.26176
vt 0.97716 0.26138
f 1339/3516 1429/3517 1299/3518
vt 0.29293 0.45337
vt 0.29091 0.44998
f 1393/3519 1307/3253 1529/3520
vt 0.29500 0.45192
vt 0.29514 0.45449
f 1393/3519 1450/3521 1249/3522
f 1320/3506 1338/3456 1372/3505
vt 0.98819 0.33785
vt 0.98837 0.33855
vt 0.98814 0.33872
f 1320/3523 1342/3524 1338/3525
vt 0.48238 0.91563
f 1359/3454 1340/3526 1329/3445
vt 0.27447 0.44872
f 1301/3201 1367/3527 1325/3333
vt 0.23354 0.93866
f 1499/3427 1364/3528 1244/3428
vt 0.48767 0.39359
f 1429/3406 1244/3405 1364/3529
vt 0.98755 0.92720
vt 0.98795 0.92716
vt 0.98766 0.92774
f 1338/3530 1334/3531 1375/3532
vt 0.73729 0.14143
vt 0.73774 0.14096
f 1318/3533 1398/3534 1349/3433
vt 0.49002 0.39534
f 1288/3297 1344/3535 1499/3429
f 1307/3253 1457/3255 1529/3520
vt 0.32622 0.23457
f 1295/3298 1453/3500 1404/3536
vt 0.94757 0.00887
vt 0.94793 0.00740
vt 0.94810 0.00908
f 1338/3537 1342/3538 1334/3539
vt 0.63218 0.95130
f 1319/3494 1373/3496 1387/3540
vt 0.98243 0.11439
f 1320/3471 1381/3470 1342/3541
vt 0.73745 0.14034
vt 0.73662 0.13902
f 1349/3433 1398/3542 1405/3543
vt 0.09964 0.48984
vt 0.09899 0.48869
f 1358/3407 1300/3544 1439/3545
vt 0.73740 0.15233
vt 0.73834 0.15340
vt 0.73693 0.15321
f 1368/3546 1343/3547 1415/3548
vt 0.50582 0.27009
vt 0.50543 0.27150
vt 0.50438 0.27094
f 1345/3549 1404/3550 1424/3551
vt 0.73805 0.15455
vt 0.73802 0.15576
vt 0.73719 0.15433
f 1290/3552 1309/3553 1388/3554
f 1290/3552 1388/3554 1343/3547
vt 0.97244 0.66427
vt 0.97202 0.66311
vt 0.97286 0.66341
f 1356/3555 1331/3556 1340/3557
vt 0.56154 0.68085
f 1313/3396 1305/3418 1413/3558
vt 0.73804 0.14173
vt 0.73745 0.14587
vt 0.73642 0.14257
f 1322/3559 1371/3560 1365/3561
f 1322/3559 1365/3561 1318/3533
vt 0.43620 0.83216
f 1296/3410 1403/3562 1348/3399
vt 0.43609 0.83269
f 1296/3410 1402/3563 1403/3562
vt 0.56216 0.67263
f 1390/3417 1389/3564 1347/3360
f 1295/3298 1404/3536 1345/3340
vt 0.73682 0.13486
f 1308/3376 1302/3424 1360/3565
vt 0.94826 0.00777
f 1342/3538 1372/3566 1334/3539
vt 0.94702 0.00455
vt 0.94825 0.00532
vt 0.94722 0.00579
f 1328/3567 1379/3568 1361/3569
vt 0.46626 0.38546
f 1267/3301 1357/3223 1300/3570
vt 0.73784 0.15763
vt 0.73679 0.15762
f 1309/3553 1292/3571 1387/3572
vt 0.73648 0.15574
f 1309/3553 1387/3572 1373/3573
vt 0.48380 0.39196
f 1299/3230 1429/3574 1310/3379
f 1239/3080 1394/3121 1501/3390
vt 0.35818 0.28557
f 1224/3160 1407/3245 1455/3575
vt 0.97286 0.08921
f 1311/3462 1424/3461 1284/3576
f 1312/3400 1420/3514 1425/3436
f 1313/3396 1413/3558 1251/3300
vt 0.09986 0.45542
f 1272/3335 1263/3270 1410/3577
f 1272/3335 1410/3577 1475/3472
vt 0.91555 0.62378
vt 0.91564 0.62574
f 1326/3459 1361/3578 1381/3579
vt 0.97283 0.66217
f 1331/3556 1400/3580 1340/3557
vt 0.87952 0.42958
vt 0.88103 0.42869
vt 0.88072 0.42959
f 1360/3581 1383/3582 1412/3583
vt 0.39237 0.27840
f 1315/3290 1487/3584 1494/3431
vt 0.97297 0.81437
vt 0.97218 0.81461
vt 0.97244 0.81363
f 1333/3585 1433/3586 1370/3587
f 1292/3423 1358/3369 1387/3498
vt 0.43512 0.82755
f 1420/3514 1351/3413 1421/3588
f 1343/3547 1388/3554 1415/3548
vt 0.97201 0.08915
f 1284/3576 1424/3461 1502/3589
vt 0.97240 0.66198
f 1331/3556 1375/3590 1400/3580
vt 0.06156 0.55137
vt 0.06103 0.55209
vt 0.06036 0.55092
f 1329/3591 1340/3592 1400/3593
vt 0.06090 0.54994
f 1329/3591 1400/3593 1334/3594
vt 0.49570 0.00679
f 1301/3168 1490/3511 1367/3595
f 1446/3308 1303/3256 1294/3403
vt 0.73656 0.13806
f 1349/3433 1405/3543 1377/3596
f 1349/3433 1377/3596 1302/3424
vt 0.95419 0.63898
vt 0.95436 0.63637
vt 0.95472 0.63782
f 1377/3597 1360/3598 1302/3599
vt 0.97270 0.81553
f 1333/3585 1405/3600 1433/3586
vt 0.73741 0.14711
vt 0.73770 0.14809
vt 0.73705 0.14744
f 1341/3601 1369/3602 1443/3603
vt 0.50301 0.00927
f 1314/3163 1363/3402 1468/3604
vt 0.06102 0.54192
vt 0.06025 0.54310
vt 0.06001 0.54181
f 1350/3605 1414/3606 1426/3607
vt 0.73669 0.14384
f 1365/3561 1371/3560 1355/3608
vt 0.73652 0.15446
f 1309/3553 1373/3573 1388/3609
f 1361/3569 1379/3568 1342/3538
f 1314/3163 1468/3604 1516/3419
f 1360/3581 1402/3510 1308/3404
vt 0.87989 0.43106
f 1360/3581 1463/3610 1402/3510
vt 0.98520 0.32556
vt 0.98514 0.32417
vt 0.98545 0.32483
f 1433/3611 1437/3612 1370/3613
f 1342/3538 1379/3568 1372/3566
vt 0.06084 0.54474
f 1350/3605 1380/3614 1414/3606
vt 0.94822 0.00398
f 1328/3567 1380/3615 1379/3568
vt 0.91549 0.61719
vt 0.91638 0.61678
vt 0.91628 0.61727
f 1385/3616 1318/3617 1365/3618
vt 0.97295 0.66512
vt 0.97263 0.66496
f 1356/3555 1359/3619 1427/3620
vt 0.95371 0.64008
vt 0.95481 0.64025
f 1333/3621 1377/3597 1405/3622
vt 0.06117 0.55420
vt 0.06084 0.55555
vt 0.06052 0.55400
f 1359/3623 1332/3624 1427/3625
vt 0.73804 0.15066
vt 0.73613 0.15053
f 1323/3626 1368/3546 1381/3627
f 1323/3626 1381/3627 1369/3602
vt 0.77506 0.96119
vt 0.77504 0.96205
vt 0.77415 0.96189
f 1335/3628 1370/3629 1437/3630
vt 0.77416 0.96023
f 1335/3628 1437/3630 1412/3631
vt 0.27979 0.94061
f 1392/3509 1344/3632 1288/3372
vt 0.47307 0.76857
f 1409/3465 1249/3464 1450/3633
vt 0.77501 0.95993
f 1335/3628 1412/3631 1383/3634
vt 0.06116 0.55302
vt 0.06115 0.55365
vt 0.06098 0.55324
f 1340/3635 1359/3636 1356/3637
vt 0.49311 0.26541
f 1235/3198 1382/3117 1596/3638
vt 0.98051 0.05570
vt 0.98049 0.05666
vt 0.97989 0.05639
f 1361/3639 1342/3640 1378/3641
vt 0.34408 0.28842
f 1422/3257 1483/3642 1210/3108
f 1259/3098 1306/3263 1374/3416
f 1224/3160 1455/3575 1198/3165
vt 0.48510 0.39459
f 1429/3406 1364/3529 1448/3643
vt 0.27861 0.44779
f 1325/3333 1498/3644 1366/3334
vt 0.94775 0.00370
f 1355/3645 1380/3615 1328/3567
vt 0.95521 0.40384
vt 0.95492 0.40264
vt 0.95569 0.40272
f 1355/3646 1436/3647 1380/3648
f 1360/3581 1412/3583 1463/3610
vt 0.56141 0.68752
f 1354/3194 1251/3300 1363/3649
vt 0.43361 0.83046
f 1348/3399 1456/3650 1351/3413
vt 0.73609 0.14852
vt 0.73497 0.14987
vt 0.73503 0.14832
f 1361/3651 1378/3652 1434/3653
vt 0.39370 0.96178
vt 0.39408 0.96044
vt 0.39521 0.96210
f 1361/3654 1434/3655 1443/3656
vt 0.73636 0.14848
vt 0.73674 0.14799
f 1369/3602 1361/3657 1443/3658
f 1369/3602 1381/3627 1361/3657
vt 0.95425 0.40467
vt 0.95357 0.40355
f 1355/3646 1371/3659 1384/3660
vt 0.78864 0.52315
vt 0.78743 0.52427
vt 0.78620 0.52292
f 1348/3661 1386/3662 1456/3663
vt 0.43894 0.82543
vt 0.43849 0.82425
f 1263/3664 1425/3436 1410/3665
vt 0.73523 0.15190
f 1381/3627 1368/3546 1396/3666
vt 0.50031 0.26883
f 1284/3219 1502/3667 1411/3306
vt 0.78877 0.52454
f 1348/3661 1403/3668 1386/3662
vt 0.73566 0.15497
f 1373/3573 1356/3669 1388/3609
vt 0.06005 0.55002
f 1334/3594 1400/3593 1396/3670
vt 0.73582 0.15262
f 1368/3546 1408/3671 1396/3666
vt 0.48757 0.39533
f 1364/3529 1495/3672 1448/3643
vt 0.48739 0.26083
f 1352/3204 1419/3281 1648/3673
vt 0.06009 0.54409
f 1414/3606 1380/3614 1436/3674
vt 0.31046 0.29232
vt 0.30835 0.29214
f 1362/3352 1337/3675 1392/3676
f 1210/3108 1483/3642 1353/3131
vt 0.73555 0.15015
f 1342/3677 1381/3627 1378/3652
vt 0.06036 0.54002
f 1350/3605 1426/3607 1406/3678
vt 0.73640 0.13971
f 1398/3542 1461/3679 1405/3543
vt 0.99092 0.20815
vt 0.99076 0.20857
vt 0.99066 0.20826
f 1334/3680 1396/3681 1375/3682
vt 0.98529 0.59675
vt 0.98580 0.59632
vt 0.98575 0.59681
f 1375/3683 1408/3684 1400/3685
vt 0.48448 0.25890
f 1352/3204 1563/3686 1376/3277
f 1325/3333 1367/3527 1498/3644
f 1381/3627 1396/3666 1378/3652
f 1355/3646 1384/3660 1436/3647
vt 0.95358 0.40477
f 1371/3659 1341/3687 1384/3660
vt 0.98527 0.59624
f 1375/3683 1396/3688 1408/3684
vt 0.56296 0.68151
f 1251/3300 1413/3558 1432/3689
vt 0.73493 0.15603
vt 0.73485 0.15454
f 1427/3690 1523/3691 1356/3669
vt 0.56441 0.68490
vt 0.56415 0.68840
f 1363/3649 1435/3692 1468/3693
vt 0.43464 0.82785
f 1351/3413 1438/3694 1421/3588
f 1235/3198 1596/3638 1419/3281
vt 0.09678 0.48977
f 1300/3544 1416/3695 1439/3545
vt 0.56298 0.67559
f 1347/3360 1389/3564 1458/3696
vt 0.47210 0.39012
f 1200/3176 1401/3411 1417/3697
vt 0.32432 0.24543
f 1336/3422 1471/3698 1294/3403
f 1251/3300 1432/3689 1363/3649
vt 0.43567 0.82638
f 1425/3436 1420/3514 1447/3699
vt 0.93261 0.46618
vt 0.93365 0.46712
vt 0.93248 0.46711
f 1318/3700 1449/3701 1398/3702
vt 0.78759 0.21850
vt 0.78769 0.22072
vt 0.78612 0.21927
f 1356/3703 1562/3704 1388/3705
vt 0.78863 0.21991
f 1356/3703 1523/3706 1562/3704
vt 0.48787 0.39465
f 1364/3529 1499/3707 1495/3672
vt 0.05861 0.55101
f 1396/3670 1400/3593 1518/3708
vt 0.32486 0.23614
f 1453/3500 1489/3709 1404/3536
vt 0.48247 0.39310
f 1346/3305 1310/3710 1445/3512
vt 0.96121 0.01233
vt 0.96186 0.01261
vt 0.96144 0.01360
f 1400/3711 1408/3712 1518/3713
vt 0.38477 0.28235
f 1306/3263 1391/3196 1666/3714
vt 0.28687 0.44730
f 1418/3391 1673/3715 1457/3255
f 1385/3487 1449/3701 1318/3700
vt 0.48210 0.25641
f 1390/3430 1376/3277 1520/3716
vt 0.48202 0.25446
f 1389/3717 1390/3430 1520/3716
f 1366/3334 1498/3644 1418/3391
vt 0.33099 0.55829
vt 0.33091 0.55920
vt 0.32910 0.55829
f 1403/3718 1402/3719 1513/3720
vt 0.51231 0.29988
f 1287/3264 1591/3721 1487/3412
vt 0.95841 0.35573
vt 0.95840 0.35649
vt 0.95724 0.35610
f 1398/3722 1428/3723 1461/3724
vt 0.33148 0.57916
vt 0.33043 0.57870
vt 0.33139 0.57744
f 1388/3725 1430/3726 1415/3727
vt 0.46658 0.38890
f 1357/3223 1416/3728 1300/3570
vt 0.95693 0.35548
vt 0.95591 0.35557
f 1405/3729 1461/3724 1433/3730
vt 0.49967 0.27102
f 1424/3551 1635/3731 1502/3667
vt 0.97844 0.56879
vt 0.97795 0.56969
vt 0.97753 0.56860
f 1404/3732 1489/3733 1424/3734
vt 0.27919 0.93942
f 1344/3632 1392/3509 1474/3735
f 1363/3649 1432/3689 1435/3692
vt 0.82370 0.84965
f 1399/3394 1442/3414 1462/3736
vt 0.29511 0.44994
f 1393/3519 1529/3520 1477/3737
vt 0.56257 0.67790
f 1305/3418 1347/3360 1506/3738
vt 0.82599 0.85039
f 1399/3394 1471/3739 1336/3425
vt 0.78586 0.52448
f 1386/3662 1441/3740 1456/3663
vt 0.35358 0.28796
f 1198/3165 1667/3741 1504/3347
vt 0.78600 0.22039
f 1388/3705 1562/3704 1430/3742
vt 0.96303 0.01242
vt 0.96293 0.01329
f 1368/3743 1415/3744 1408/3712
vt 0.66680 0.32303
vt 0.66633 0.32460
vt 0.66553 0.32337
f 1305/3745 1506/3746 1413/3747
vt 0.30775 0.29519
vt 0.30734 0.29388
f 1392/3676 1646/3748 1474/3749
vt 0.50338 0.27199
f 1424/3551 1482/3750 1635/3731
vt 0.97622 0.49305
vt 0.97575 0.49337
vt 0.97591 0.49194
f 1414/3751 1436/3752 1426/3753
vt 0.87865 0.43213
f 1463/3610 1469/3754 1402/3510
vt 0.95311 0.40448
f 1341/3687 1452/3755 1384/3660
f 1393/3519 1477/3737 1450/3521
vt 0.46945 0.76962
f 1409/3465 1591/3756 1287/3463
vt 0.09536 0.48880
f 1439/3545 1416/3695 1672/3757
vt 0.93254 0.46763
f 1398/3702 1449/3701 1556/3758
vt 0.33132 0.56550
vt 0.33002 0.56659
vt 0.33011 0.56491
f 1398/3759 1556/3760 1428/3761
f 1399/3394 1462/3736 1471/3739
vt 0.34044 0.28894
f 1353/3131 1395/3762 1282/3361
vt 0.78889 0.52696
vt 0.78812 0.52564
f 1403/3668 1513/3763 1470/3764
f 1403/3668 1470/3764 1386/3662
f 1347/3360 1458/3696 1506/3738
vt 0.09771 0.45271
f 1442/3473 1475/3472 1521/3765
vt 0.05762 0.55574
f 1427/3625 1332/3624 1508/3766
vt 0.05792 0.55396
f 1427/3625 1508/3766 1478/3767
vt 0.33130 0.57198
vt 0.32962 0.57286
vt 0.33038 0.57186
f 1341/3768 1444/3769 1452/3770
vt 0.33119 0.57274
f 1341/3768 1443/3771 1444/3769
vt 0.22515 0.93219
vt 0.22527 0.93061
vt 0.22579 0.93136
f 1431/3772 1447/3773 1421/3774
vt 0.05871 0.55198
f 1427/3625 1478/3767 1523/3775
vt 0.49436 0.69706
f 1387/3498 1508/3776 1332/3499
f 1351/3413 1456/3650 1438/3694
vt 0.33067 0.56384
vt 0.33129 0.56432
f 1428/3761 1451/3777 1461/3778
vt 0.05959 0.53334
vt 0.05920 0.53524
vt 0.05735 0.53533
f 1412/3779 1437/3780 1615/3781
vt 0.43547 0.82478
f 1425/3436 1447/3699 1492/3782
f 1353/3131 1483/3642 1395/3762
vt 0.05973 0.54794
vt 0.05833 0.54948
f 1378/3783 1396/3670 1440/3784
f 1392/3676 1337/3675 1646/3748
f 1306/3263 1666/3714 1374/3416
vt 0.05962 0.53761
vt 0.05843 0.53793
f 1433/3785 1515/3786 1437/3780
f 1394/3121 1374/3416 1501/3390
f 1455/3575 1667/3741 1198/3165
vt 0.46883 0.39152
f 1357/3223 1649/3787 1416/3728
vt 0.05965 0.54421
vt 0.05798 0.54407
vt 0.05964 0.54102
f 1436/3788 1525/3789 1426/3790
vt 0.49853 0.01019
f 1490/3511 1516/3419 1565/3791
f 1382/3117 1411/3306 1596/3638
vt 0.48910 0.26334
f 1419/3281 1607/3792 1648/3673
vt 0.05991 0.53001
vt 0.05851 0.53106
vt 0.05754 0.52929
f 1456/3793 1441/3794 1593/3795
f 1396/3670 1518/3708 1440/3784
vt 0.88093 0.43022
vt 0.88111 0.43134
f 1463/3610 1412/3796 1549/3797
vt 0.22645 0.93119
f 1421/3774 1447/3773 1454/3798
vt 0.43503 0.82731
vt 0.43452 0.82719
f 1421/3799 1454/3800 1420/3514
vt 0.95378 0.35743
vt 0.95300 0.35630
vt 0.95393 0.35576
f 1461/3801 1451/3802 1503/3803
vt 0.99406 0.46423
vt 0.99396 0.46397
vt 0.99406 0.46377
f 1447/3804 1420/3805 1479/3806
vt 0.22638 0.93018
f 1447/3773 1479/3807 1454/3798
vt 0.95099 0.53455
vt 0.95045 0.53643
vt 0.95009 0.53388
f 1481/3808 1485/3809 1443/3810
f 1419/3281 1596/3638 1607/3792
vt 0.43370 0.82583
vt 0.43483 0.82636
f 1420/3514 1459/3811 1479/3812
f 1420/3514 1454/3800 1459/3811
vt 0.33045 0.55457
vt 0.33073 0.55622
vt 0.32979 0.55575
f 1431/3813 1466/3814 1472/3815
vt 0.49563 0.01025
f 1367/3595 1490/3511 1631/3816
vt 0.49991 0.69775
vt 0.49672 0.69990
f 1358/3369 1439/3817 1644/3818
vt 0.33075 0.57506
f 1443/3771 1485/3819 1444/3769
f 1358/3369 1644/3818 1387/3498
vt 0.33084 0.55283
vt 0.32859 0.55215
f 1447/3820 1431/3813 1530/3821
vt 0.33003 0.57588
f 1415/3727 1430/3726 1488/3822
vt 0.43348 0.82730
f 1438/3694 1486/3823 1454/3800
vt 0.32383 0.23802
f 1453/3500 1446/3308 1464/3824
vt 0.43319 0.82870
f 1438/3694 1456/3825 1486/3823
vt 0.11286 0.95077
vt 0.11292 0.94839
vt 0.11404 0.95117
f 1401/3826 1298/3827 1543/3828
vt 0.11397 0.94709
f 1397/3829 1543/3828 1298/3827
vt 0.56778 0.68714
f 1435/3692 1540/3830 1468/3693
f 1563/3686 1352/3204 1648/3673
vt 0.33100 0.56056
vt 0.33096 0.56186
vt 0.33021 0.56046
f 1463/3831 1503/3832 1469/3833
f 1415/3727 1488/3822 1485/3819
vt 0.82311 0.84821
f 1462/3736 1442/3414 1460/3834
f 1408/3712 1415/3744 1518/3713
vt 0.39520 0.96054
f 1443/3656 1434/3655 1481/3835
vt 0.09740 0.45017
f 1442/3473 1521/3765 1460/3836
vt 0.56507 0.68212
f 1432/3689 1493/3837 1435/3692
vt 0.33019 0.55154
f 1447/3820 1530/3821 1492/3838
vt 0.36580 0.28569
f 1216/3266 1324/3164 1572/3839
vt 0.95289 0.35398
f 1469/3840 1503/3803 1451/3802
vt 0.05793 0.53922
f 1426/3790 1496/3841 1406/3678
vt 0.32830 0.56562
f 1428/3761 1556/3760 1522/3842
vt 0.26941 0.70947
vt 0.26617 0.71180
vt 0.26744 0.70918
f 1432/3843 1576/3844 1493/3845
vt 0.48104 0.39564
f 1310/3710 1557/3846 1445/3512
vt 0.43662 0.82294
f 1425/3436 1512/3847 1410/3665
vt 0.95350 0.35291
vt 0.95443 0.35313
f 1463/3848 1546/3849 1503/3803
vt 0.33090 0.56677
vt 0.33041 0.56773
f 1449/3850 1465/3851 1556/3760
vt 0.49454 0.26821
f 1411/3306 1502/3667 1682/3852
f 1454/3800 1486/3823 1459/3811
f 1485/3819 1488/3822 1444/3769
vt 0.95004 0.94054
vt 0.95021 0.93867
vt 0.95098 0.93967
f 1467/3853 1465/3854 1554/3855
vt 0.95010 0.94192
vt 0.95064 0.94204
f 1452/3856 1467/3853 1384/3857
vt 0.32861 0.57190
f 1444/3769 1535/3858 1452/3770
vt 0.95052 0.93759
f 1449/3859 1554/3855 1465/3854
vt 0.32966 0.56315
f 1451/3777 1428/3761 1519/3860
f 1451/3777 1519/3860 1469/3833
vt 0.32915 0.55920
f 1402/3719 1469/3861 1513/3720
vt 0.96229 0.01435
f 1415/3744 1500/3862 1518/3713
vt 0.93528 0.46615
vt 0.93516 0.46788
f 1406/3863 1496/3864 1385/3487
vt 0.32961 0.57725
f 1430/3726 1527/3865 1488/3822
vt 0.33066 0.55735
vt 0.32996 0.55750
f 1466/3814 1386/3866 1470/3867
f 1466/3814 1470/3867 1472/3815
vt 0.05801 0.53223
f 1412/3779 1615/3781 1549/3868
f 1453/3500 1464/3824 1489/3709
vt 0.32372 0.23785
vt 0.32178 0.23899
f 1464/3869 1446/3308 1536/3870
vt 0.43461 0.82577
f 1479/3812 1459/3811 1541/3871
vt 0.48359 0.39508
f 1448/3643 1564/3872 1429/3406
f 1446/3308 1294/3403 1536/3870
f 1385/3487 1496/3864 1449/3701
vt 0.78646 0.52502
f 1386/3662 1509/3873 1441/3740
vt 0.91559 0.09339
vt 0.91445 0.09197
vt 0.91643 0.09246
f 1464/3874 1473/3875 1489/3876
vt 0.43864 0.82283
f 1410/3665 1512/3847 1475/3877
vt 0.91486 0.09038
f 1473/3875 1561/3878 1489/3876
vt 0.32303 0.23592
f 1473/3879 1464/3869 1536/3870
vt 0.93460 0.46801
f 1449/3701 1496/3864 1526/3880
vt 0.32378 0.24455
vt 0.32244 0.24273
f 1294/3403 1471/3881 1476/3882
vt 0.67259 0.32393
vt 0.67433 0.32547
vt 0.67309 0.32693
f 1389/3883 1520/3884 1725/3885
vt 0.97716 0.56934
f 1424/3734 1489/3733 1497/3886
vt 0.05885 0.52695
f 1456/3793 1593/3795 1486/3887
vt 0.88059 0.43210
f 1463/3610 1549/3797 1546/3888
f 1357/3223 1417/3513 1649/3787
vt 0.28407 0.44652
f 1418/3391 1517/3889 1673/3715
f 1418/3391 1498/3644 1517/3889
vt 0.32931 0.55349
f 1431/3813 1537/3890 1530/3821
f 1376/3277 1563/3686 1520/3716
vt 0.82566 0.84924
f 1471/3739 1462/3736 1476/3891
vt 0.43361 0.82472
f 1459/3811 1621/3892 1541/3871
vt 0.94222 0.70106
vt 0.94040 0.70189
vt 0.94159 0.69965
f 1424/3893 1497/3894 1482/3895
vt 0.05770 0.52743
f 1486/3887 1593/3795 1548/3896
f 1294/3403 1476/3882 1536/3870
vt 0.05767 0.54635
f 1378/3783 1440/3784 1532/3897
vt 0.05934 0.54581
f 1378/3783 1532/3897 1434/3898
vt 0.95144 0.94202
f 1384/3857 1467/3853 1524/3899
vt 0.95293 0.40264
f 1384/3660 1524/3900 1436/3647
f 1429/3406 1564/3872 1310/3710
vt 0.95584 0.35598
vt 0.95608 0.35719
f 1433/3901 1461/3724 1515/3902
vt 0.32981 0.57368
f 1444/3769 1488/3822 1558/3903
f 1467/3853 1554/3855 1524/3899
vt 0.95034 0.53828
vt 0.95140 0.53813
f 1415/3904 1485/3809 1500/3905
vt 0.67029 0.32452
f 1389/3883 1725/3885 1458/3906
vt 0.05833 0.54465
f 1436/3788 1511/3907 1525/3789
vt 0.95438 0.35649
f 1503/3803 1515/3908 1461/3801
f 1457/3255 1673/3715 1529/3520
vt 0.33040 0.56990
vt 0.33020 0.57130
vt 0.32971 0.57088
f 1467/3909 1452/3910 1480/3911
vt 0.05803 0.52620
vt 0.05816 0.52516
f 1486/3887 1544/3912 1459/3913
vt 0.22745 0.93056
f 1479/3807 1544/3914 1454/3798
vt 0.27048 0.70984
vt 0.26989 0.71177
f 1432/3843 1413/3915 1506/3916
vt 0.32917 0.55126
f 1492/3838 1530/3821 1578/3917
vt 0.47784 0.39138
vt 0.47509 0.39183
f 1397/3918 1445/3512 1543/3919
vt 0.22754 0.93189
f 1454/3798 1544/3914 1548/3920
vt 0.56673 0.68270
f 1435/3692 1493/3837 1533/3921
vt 0.22641 0.93480
vt 0.22604 0.93387
vt 0.22756 0.93473
f 1386/3922 1466/3923 1509/3924
f 1391/3196 1494/3431 1666/3714
f 1216/3266 1572/3839 1407/3245
vt 0.47025 0.77279
f 1591/3756 1409/3465 1594/3925
vt 0.95335 0.40219
f 1436/3647 1524/3900 1511/3926
vt 0.27469 0.44594
f 1367/3527 1631/3927 1498/3644
f 1435/3692 1533/3921 1540/3830
vt 0.49122 0.39642
vt 0.49182 0.39834
vt 0.48918 0.39779
f 1474/3928 1570/3929 1507/3930
f 1474/3928 1507/3930 1344/3535
vt 0.47347 0.39113
f 1401/3411 1573/3931 1417/3697
vt 0.33839 0.29099
f 1282/3361 1395/3762 1491/3932
vt 0.39006 0.28290
f 1494/3431 1624/3933 1666/3714
vt 0.92667 0.90105
vt 0.92567 0.90237
vt 0.92582 0.90019
f 1431/3934 1472/3935 1537/3936
vt 0.56705 0.68988
f 1468/3693 1540/3830 1516/3937
vt 0.91658 0.09105
f 1489/3876 1561/3878 1497/3938
vt 0.11359 0.95242
f 1401/3826 1543/3828 1573/3939
vt 0.95161 0.93745
f 1554/3855 1449/3859 1526/3940
vt 0.43724 0.82217
f 1475/3877 1512/3847 1521/3941
vt 0.43460 0.82313
f 1425/3436 1492/3782 1484/3942
f 1544/3912 1486/3887 1548/3896
vt 0.32864 0.57883
vt 0.32890 0.57768
f 1430/3726 1623/3943 1527/3944
f 1324/3164 1423/3309 1572/3839
vt 0.32770 0.55922
f 1469/3861 1610/3945 1513/3720
vt 0.96366 0.43351
vt 0.96467 0.43382
vt 0.96372 0.43385
f 1495/3946 1538/3947 1448/3948
f 1425/3436 1484/3942 1512/3847
vt 0.47337 0.77052
f 1450/3633 1477/3949 1409/3465
vt 0.39520 0.95973
f 1481/3835 1434/3655 1510/3950
vt 0.98324 0.02252
vt 0.98354 0.02230
vt 0.98384 0.02302
f 1481/3951 1510/3952 1552/3953
vt 0.83348 0.94630
vt 0.83204 0.94562
vt 0.83276 0.94547
f 1578/3954 1541/3955 1492/3956
vt 0.95155 0.53656
f 1485/3809 1505/3957 1500/3905
vt 0.95168 0.53513
f 1481/3808 1552/3958 1485/3809
vt 0.95444 0.72997
vt 0.95329 0.72929
vt 0.95450 0.72758
f 1467/3959 1528/3960 1465/3961
vt 0.95415 0.72677
f 1465/3961 1528/3960 1556/3962
f 1485/3809 1552/3958 1505/3957
f 1499/3429 1344/3535 1507/3930
f 1387/3498 1644/3818 1508/3776
vt 0.05812 0.54550
f 1434/3898 1532/3897 1510/3963
vt 0.95443 0.29809
vt 0.95396 0.29951
vt 0.95343 0.29743
f 1469/3964 1519/3965 1547/3966
vt 0.43441 0.82491
f 1492/3782 1541/3967 1621/3892
vt 0.64812 0.66028
vt 0.64835 0.66136
vt 0.64773 0.66078
f 1509/3968 1549/3969 1441/3970
vt 0.95444 0.68709
vt 0.95424 0.68934
vt 0.95402 0.68564
f 1488/3971 1527/3972 1558/3973
vt 0.78715 0.52653
f 1470/3764 1513/3763 1551/3974
vt 0.22677 0.92914
vt 0.22764 0.92933
f 1479/3807 1541/3975 1580/3976
f 1479/3807 1580/3976 1544/3914
vt 0.92505 0.90427
vt 0.92415 0.90406
f 1472/3935 1470/3977 1551/3978
vt 0.95416 0.30222
vt 0.95325 0.30054
f 1428/3979 1550/3980 1519/3965
vt 0.95319 0.30212
f 1428/3979 1514/3981 1550/3980
f 1411/3306 1682/3852 1596/3638
vt 0.23370 0.93513
vt 0.23408 0.93672
f 1499/3427 1637/3982 1495/3983
vt 0.22776 0.93379
f 1466/3923 1548/3920 1509/3984
vt 0.78606 0.22265
f 1430/3742 1562/3704 1623/3985
vt 0.67068 0.32686
f 1458/3906 1725/3885 1553/3986
f 1441/3794 1549/3868 1593/3795
vt 0.26469 0.70941
f 1493/3845 1576/3844 1533/3987
vt 0.34852 0.29155
f 1422/3257 1504/3347 1754/3988
vt 0.64897 0.67086
vt 0.64968 0.67179
vt 0.64895 0.67353
f 1554/3989 1528/3990 1524/3991
f 1525/3789 1496/3841 1426/3790
f 1515/3786 1615/3781 1437/3780
f 1432/3843 1506/3916 1576/3844
vt 0.09671 0.45164
f 1460/3836 1521/3765 1584/3992
vt 0.39315 0.28099
f 1487/3584 1657/3993 1494/3431
vt 0.96369 0.43439
vt 0.96455 0.43571
f 1448/3994 1538/3947 1566/3995
vt 0.96377 0.43603
f 1448/3994 1566/3995 1564/3996
vt 0.32173 0.23415
f 1473/3879 1536/3870 1561/3997
vt 0.30656 0.29512
f 1474/3749 1646/3748 1570/3998
vt 0.98371 0.02214
vt 0.98377 0.02217
f 1510/3952 1531/3999 1539/4000
f 1510/3952 1539/4000 1552/3953
vt 0.21850 0.98964
vt 0.21840 0.98998
vt 0.21841 0.98942
f 1510/4001 1532/4002 1531/4003
vt 0.82465 0.84858
vt 0.82560 0.84754
vt 0.82522 0.84832
f 1476/4004 1632/4005 1569/4006
vt 0.21837 0.98906
vt 0.21835 0.98943
f 1511/4007 1531/4003 1539/4008
vt 0.21827 0.98916
f 1511/4007 1539/4008 1525/4009
vt 0.99433 0.22682
vt 0.99433 0.22711
vt 0.99419 0.22699
f 1511/4010 1524/4011 1545/4012
vt 0.98381 0.02194
vt 0.98405 0.02198
f 1511/4013 1545/4014 1531/3999
vt 0.38057 0.28566
f 1666/3714 1727/4015 1374/3416
vt 0.43348 0.82340
f 1621/3892 1606/4016 1492/3782
vt 0.43470 0.82195
f 1484/3942 1587/4017 1512/3847
f 1531/4003 1532/4002 1539/4008
f 1531/3999 1545/4014 1539/4000
vt 0.64849 0.66238
vt 0.64925 0.66416
vt 0.64850 0.66460
f 1546/4018 1550/4019 1503/4020
vt 0.95387 0.73129
f 1467/3959 1480/4021 1528/3960
vt 0.91722 0.08799
f 1497/3938 1561/3878 1595/4022
vt 0.82398 0.84797
f 1476/4004 1462/4023 1632/4005
vt 0.64875 0.66727
f 1503/4020 1550/4019 1515/4024
vt 0.92452 0.90094
f 1472/3935 1534/4025 1537/3936
vt 0.29173 0.44677
f 1477/3737 1529/3520 1675/4026
vt 0.95802 0.05398
vt 0.95843 0.05497
vt 0.95721 0.05549
f 1452/4027 1535/4028 1480/4029
vt 0.37593 0.94959
vt 0.37561 0.94880
vt 0.37655 0.94863
f 1521/4030 1512/4031 1582/4032
vt 0.05801 0.54526
vt 0.05770 0.54494
f 1539/4033 1545/4034 1525/3789
vt 0.05799 0.54526
vt 0.05724 0.54577
f 1539/4035 1532/3897 1552/4036
vt 0.98611 0.87131
vt 0.98646 0.87080
vt 0.98653 0.87136
f 1524/4037 1597/4038 1545/4039
vt 0.83275 0.94649
f 1578/3954 1583/4040 1541/3955
vt 0.48762 0.39777
vt 0.48680 0.39570
f 1495/3672 1637/4041 1538/4042
vt 0.46906 0.76815
vt 0.46828 0.76979
f 1487/4043 1591/3756 1657/4044
vt 0.75970 0.13509
vt 0.75914 0.13688
vt 0.75776 0.13511
f 1460/4045 1588/4046 1462/4047
vt 0.96399 0.10845
vt 0.96535 0.10898
vt 0.96376 0.10961
f 1417/4048 1573/4049 1542/4050
vt 0.43594 0.82204
vt 0.43648 0.82190
f 1512/3847 1587/4051 1582/4052
vt 0.05745 0.52432
f 1459/3913 1544/3912 1621/4053
vt 0.37113 0.28649
f 1501/3390 1622/4054 1423/3309
vt 0.23280 0.93477
f 1499/3427 1507/4055 1637/3982
vt 0.87960 0.43327
vt 0.87831 0.43496
f 1469/3754 1547/4056 1610/4057
f 1310/3710 1564/3872 1557/3846
vt 0.32571 0.55826
f 1513/3720 1610/3945 1724/4058
vt 0.95635 0.78031
vt 0.95610 0.77814
vt 0.95668 0.77902
f 1538/4059 1637/4060 1609/4061
vt 0.88794 0.20022
vt 0.88872 0.19962
vt 0.88840 0.20176
f 1522/4062 1556/4063 1555/4064
vt 0.88070 0.43251
vt 0.88076 0.43298
f 1546/4065 1549/4066 1547/4056
vt 0.93477 0.46827
vt 0.93498 0.46867
f 1526/4067 1496/3864 1559/4068
vt 0.43352 0.82291
f 1492/3782 1606/4069 1484/3942
vt 0.05687 0.54452
f 1525/3789 1545/4034 1597/4070
vt 0.47466 0.39368
f 1543/3919 1445/3512 1604/4071
vt 0.95605 0.35729
vt 0.95678 0.35812
vt 0.95619 0.35811
f 1515/4072 1514/4073 1559/4074
vt 0.50024 0.27503
f 1482/3750 1579/4075 1635/3731
vt 0.05699 0.53867
f 1515/3786 1559/4076 1615/3781
vt 0.56881 0.68459
f 1540/3830 1533/3921 1560/4077
vt 0.64880 0.66887
vt 0.64954 0.66901
f 1526/4078 1589/4079 1554/3989
vt 0.64926 0.66841
f 1526/4078 1559/4080 1589/4079
vt 0.32095 0.24192
f 1476/3882 1569/4081 1536/3870
f 1551/3978 1534/4025 1472/3935
vt 0.95789 0.05656
f 1535/4028 1639/4082 1480/4029
vt 0.93989 0.69977
f 1497/3894 1595/4083 1482/3895
f 1519/3965 1550/3980 1547/3966
vt 0.88021 0.43421
f 1547/4056 1549/4066 1665/4084
vt 0.64865 0.65978
vt 0.64854 0.65721
vt 0.64952 0.65986
f 1509/4085 1548/4086 1551/4087
vt 0.64978 0.67366
f 1528/3990 1597/4088 1524/3991
vt 0.31914 0.23582
f 1536/3870 1619/4089 1561/3997
vt 0.08102 0.90282
vt 0.08137 0.90479
vt 0.07987 0.90350
f 1428/4090 1522/4091 1514/4092
vt 0.95302 0.68775
f 1558/3973 1527/3972 1505/4093
vt 0.95296 0.68572
f 1558/3973 1505/4093 1552/4094
vt 0.05672 0.55129
f 1440/3784 1518/3708 1590/4095
vt 0.56978 0.68609
f 1540/3830 1560/4077 1577/4096
vt 0.43842 0.82147
vt 0.43690 0.82157
vt 0.43791 0.82093
f 1521/4097 1582/4098 1584/4099
vt 0.95336 0.68938
f 1527/3972 1500/4100 1505/4093
vt 0.64936 0.66227
f 1546/4018 1547/4101 1550/4019
vt 0.05706 0.52506
f 1544/3912 1580/4102 1621/4053
vt 0.91476 0.08818
f 1561/3878 1575/4103 1595/4022
vt 0.95285 0.30066
f 1550/3980 1514/3981 1515/4104
vt 0.49444 0.70082
f 1644/3818 1726/4105 1508/3776
f 1529/3520 1673/3715 1675/4026
vt 0.09482 0.45027
f 1460/3836 1584/3992 1734/4106
vt 0.83187 0.71615
vt 0.83272 0.71700
vt 0.83160 0.71668
f 1537/4107 1629/4108 1530/4109
vt 0.34992 0.96162
vt 0.34858 0.96176
vt 0.34880 0.96025
f 1527/4110 1618/4111 1647/4112
vt 0.35047 0.96029
f 1527/4110 1647/4112 1500/4113
vt 0.34983 0.95995
f 1500/4113 1647/4112 1590/4114
vt 0.64935 0.67953
vt 0.65017 0.68076
vt 0.64853 0.68055
f 1500/4115 1590/4116 1518/4117
vt 0.48611 0.39543
vt 0.48595 0.39740
vt 0.48430 0.39571
f 1538/4118 1609/4119 1566/4120
vt 0.95307 0.73127
f 1480/4021 1597/4121 1528/3960
vt 0.32772 0.57745
f 1623/3943 1618/4122 1527/3944
vt 0.14818 0.96251
vt 0.14788 0.96163
vt 0.14931 0.96178
f 1444/4123 1558/4124 1625/4125
f 1509/4085 1551/4087 1549/3969
vt 0.66717 0.32723
f 1458/3906 1616/4126 1506/3746
vt 0.05500 0.55398
vt 0.05681 0.55192
f 1478/3767 1585/4127 1598/4128
vt 0.50324 0.27399
f 1482/3750 1595/4129 1579/4075
vt 0.64919 0.65704
f 1548/4086 1534/4130 1551/4087
vt 0.95281 0.72777
f 1528/3960 1554/4131 1556/3962
vt 0.75654 0.13575
f 1462/4047 1588/4046 1632/4132
vt 0.95319 0.72668
f 1556/3962 1554/4131 1589/4133
vt 0.05469 0.54760
f 1532/3897 1440/3784 1694/4134
vt 0.83134 0.94653
vt 0.83112 0.94604
f 1541/3955 1583/4135 1580/4136
vt 0.56852 0.69089
f 1516/3937 1540/3830 1565/4137
f 1478/3767 1598/4128 1523/3775
vt 0.05496 0.54128
f 1496/3841 1525/3789 1719/4138
f 1496/3841 1719/4138 1559/4076
vt 0.05569 0.53242
f 1549/3868 1615/3781 1567/4139
f 1440/3784 1590/4095 1694/4134
f 1549/3868 1567/4139 1593/3795
f 1409/3465 1477/3949 1594/3925
vt 0.48195 0.25864
f 1563/3686 1568/4140 1520/3716
vt 0.78865 0.22182
f 1523/3706 1598/4141 1562/3704
vt 0.32001 0.24078
f 1536/3870 1569/4081 1632/4142
vt 0.89009 0.20147
f 1555/4064 1556/4063 1571/4143
f 1504/3347 1667/3741 1754/3988
vt 0.35683 0.28920
f 1667/3741 1455/3575 1713/4144
vt 0.50033 0.70206
f 1439/3817 1672/4145 1644/3818
vt 0.89012 0.20002
f 1556/4063 1589/4146 1571/4143
vt 0.47259 0.39199
f 1543/3919 1604/4071 1573/4147
vt 0.98711 0.88229
vt 0.98690 0.88269
vt 0.98686 0.88186
f 1534/4148 1548/4149 1601/4150
vt 0.92682 0.07071
vt 0.92639 0.06967
vt 0.92703 0.06927
f 1584/4151 1582/4152 1611/4153
vt 0.37774 0.28622
f 1501/3390 1374/3416 1817/4154
vt 0.27760 0.44441
f 1631/3927 1626/4155 1498/3644
vt 0.09444 0.44847
f 1460/3836 1734/4106 1764/4156
vt 0.07978 0.90447
vt 0.07872 0.90338
f 1514/4092 1612/4157 1559/4158
vt 0.56920 0.68860
f 1540/3830 1602/4159 1565/4137
f 1502/3667 1635/3731 1682/3852
f 1374/3416 1727/4015 1817/4154
vt 0.47111 0.39195
f 1649/3787 1417/3513 1542/4160
f 1458/3906 1553/3986 1616/4126
vt 0.32124 0.23241
f 1561/3997 1619/4089 1575/4161
vt 0.30625 0.29748
f 1570/3998 1646/3748 1698/4162
vt 0.32831 0.55059
vt 0.32718 0.54972
f 1578/4163 1530/3821 1574/4164
vt 0.32588 0.57841
f 1623/3943 1714/4165 1618/4122
vt 0.92379 0.89909
vt 0.92430 0.89901
f 1534/4025 1601/4166 1617/4167
vt 0.96452 0.11050
f 1542/4050 1573/4049 1651/4168
vt 0.31873 0.23985
f 1536/3870 1632/4142 1636/4169
vt 0.95619 0.05489
vt 0.95624 0.05630
f 1597/4170 1480/4029 1688/4171
f 1540/3830 1577/4096 1602/4159
vt 0.87906 0.43469
f 1610/4057 1547/4056 1605/4172
vt 0.32622 0.57232
vt 0.32756 0.57131
f 1535/3858 1670/4173 1639/4174
f 1535/3858 1444/3769 1670/4173
vt 0.26728 0.71529
f 1506/3916 1818/4175 1576/3844
f 1494/3431 1657/3993 1624/3933
vt 0.47782 0.39651
f 1557/3846 1702/4176 1445/3512
vt 0.32614 0.55153
f 1530/3821 1655/4177 1574/4164
vt 0.05525 0.52671
f 1548/3896 1593/3795 1641/4178
vt 0.05641 0.52568
f 1548/3896 1641/4178 1601/4179
vt 0.46715 0.39191
f 1649/3787 1686/4180 1416/3728
vt 0.65090 0.66088
f 1551/4087 1581/4181 1549/3969
vt 0.36140 0.28906
f 1407/3245 1572/3839 1766/4182
f 1423/3309 1622/4054 1572/3839
f 1407/3245 1766/4182 1455/3575
vt 0.67479 0.32751
f 1520/3884 1568/4183 1725/3885
f 1547/4056 1665/4084 1605/4172
vt 0.78646 0.52762
f 1551/3974 1513/3763 1581/4184
vt 0.05684 0.52269
vt 0.05535 0.52216
f 1606/4185 1621/4053 1679/4186
vt 0.47164 0.39275
f 1573/4147 1604/4071 1651/4187
vt 0.49000 0.40068
f 1570/3929 1677/4188 1507/3930
vt 0.32656 0.55932
f 1610/3945 1696/4189 1724/4058
vt 0.83233 0.94663
vt 0.83338 0.94732
vt 0.83218 0.94776
f 1583/4190 1578/4191 1634/4192
vt 0.05422 0.55066
f 1590/4095 1671/4193 1694/4134
vt 0.49721 0.01279
f 1490/3511 1709/4194 1631/3816
vt 0.05645 0.54537
f 1552/4036 1532/3897 1599/4195
vt 0.09372 0.48996
f 1416/3695 1686/4196 1672/3757
vt 0.48330 0.39575
vt 0.48279 0.39824
f 1564/4197 1566/4120 1586/4198
f 1564/4197 1586/4198 1557/3846
vt 0.05666 0.52500
vt 0.05613 0.52456
f 1621/4053 1580/4199 1600/4200
vt 0.83208 0.94665
vt 0.83179 0.94759
vt 0.83119 0.94761
f 1583/4201 1634/4202 1613/4203
vt 0.98626 0.95759
vt 0.98663 0.95802
vt 0.98631 0.95792
f 1583/4204 1613/4205 1600/4206
f 1534/4025 1617/4167 1537/3936
vt 0.14764 0.95989
vt 0.14813 0.95970
vt 0.14929 0.96036
f 1552/4207 1599/4208 1700/4209
f 1552/4207 1700/4209 1558/4124
vt 0.78839 0.22223
vt 0.78820 0.22296
f 1562/3704 1598/4210 1669/4211
f 1562/3704 1669/4211 1623/3985
vt 0.14974 0.96249
f 1444/4123 1625/4125 1670/4212
vt 0.43411 0.82275
f 1484/4213 1606/4069 1587/4017
f 1525/3789 1597/4070 1719/4138
vt 0.83312 0.71625
vt 0.83383 0.71637
f 1537/4214 1617/4215 1629/4108
vt 0.47354 0.77370
f 1477/3949 1643/4216 1594/3925
f 1566/4120 1609/4119 1586/4198
vt 0.76090 0.13589
vt 0.76116 0.13951
f 1460/4217 1764/4218 1588/4046
f 1565/3791 1709/4194 1490/3511
vt 0.95624 0.78849
vt 0.95574 0.78782
vt 0.95707 0.78826
f 1578/4219 1574/4220 1620/4221
f 1480/4029 1639/4082 1688/4171
vt 0.32594 0.56568
vt 0.32602 0.56471
f 1522/3842 1592/4222 1614/4223
f 1558/4124 1700/4209 1625/4125
vt 0.46827 0.77254
f 1591/3756 1761/4224 1657/4044
vt 0.65001 0.67420
vt 0.65159 0.67373
vt 0.65003 0.67482
f 1597/4225 1688/4226 1599/4227
vt 0.79572 0.16793
vt 0.79844 0.16947
vt 0.79542 0.16950
f 1584/4228 1760/4229 1734/4230
vt 0.08043 0.90476
f 1522/4091 1628/4231 1514/4092
vt 0.98035 0.80266
vt 0.98033 0.80313
vt 0.98009 0.80284
f 1583/4232 1603/4233 1580/4234
vt 0.98923 0.66429
vt 0.98943 0.66399
vt 0.98923 0.66462
f 1583/4235 1600/4236 1603/4237
vt 0.92391 0.89870
f 1580/4238 1617/4167 1601/4166
vt 0.98023 0.80339
f 1580/4234 1603/4233 1617/4239
vt 0.05613 0.52531
f 1580/4199 1601/4240 1600/4200
f 1478/3767 1508/3766 1585/4127
vt 0.78889 0.52983
vt 0.78843 0.52850
f 1513/3763 1724/4241 1652/4242
vt 0.78756 0.52797
f 1513/3763 1652/4242 1640/4243
vt 0.32730 0.54793
vt 0.32652 0.54807
f 1582/4244 1574/4164 1690/4245
f 1514/4092 1628/4231 1612/4157
vt 0.95571 0.78654
vt 0.95698 0.78645
f 1582/4246 1587/4247 1620/4221
f 1582/4246 1620/4221 1574/4220
vt 0.65018 0.66864
vt 0.64953 0.66793
vt 0.65139 0.66794
f 1589/4248 1559/4249 1658/4250
vt 0.65115 0.66888
f 1589/4248 1658/4250 1571/4251
vt 0.47056 0.39274
f 1542/4160 1651/4252 1649/3787
vt 0.65084 0.66168
f 1549/3969 1581/4181 1665/4253
f 1513/3763 1640/4243 1581/4184
vt 0.26968 0.71445
f 1506/3916 1616/4254 1818/4175
vt 0.31853 0.23323
f 1575/4161 1619/4089 1691/4255
vt 0.32756 0.56603
f 1555/4256 1592/4222 1522/3842
vt 0.32670 0.54720
f 1582/4244 1690/4245 1611/4257
vt 0.50441 0.27524
vt 0.50623 0.27649
vt 0.50335 0.27589
f 1595/4258 1575/4259 1730/4260
vt 0.32646 0.55017
f 1574/4164 1655/4177 1693/4261
vt 0.49376 0.27060
f 1635/3731 1772/4262 1682/3852
vt 0.37649 0.94683
vt 0.37581 0.94537
vt 0.37631 0.94540
f 1587/4263 1606/4264 1663/4265
vt 0.83368 0.71704
f 1617/4215 1689/4266 1629/4108
vt 0.65023 0.68127
vt 0.65148 0.68119
f 1598/4267 1590/4116 1669/4268
vt 0.95585 0.28963
vt 0.95699 0.28928
vt 0.95625 0.29039
f 1625/4269 1700/4270 1608/4271
vt 0.74358 0.94852
vt 0.74431 0.94841
vt 0.74359 0.95022
f 1610/4272 1650/4273 1628/4274
vt 0.74387 0.94617
f 1610/4272 1605/4275 1650/4273
vt 0.74397 0.95046
f 1628/4274 1650/4273 1612/4276
vt 0.50569 0.27718
f 1575/4259 1645/4277 1730/4260
vt 0.07902 0.90481
f 1559/4158 1612/4157 1658/4278
vt 0.99408 0.73379
vt 0.99408 0.73417
vt 0.99396 0.73412
f 1600/4279 1601/4280 1603/4281
vt 0.79732 0.16778
f 1584/4228 1611/4282 1760/4229
vt 0.05554 0.52401
f 1600/4200 1613/4283 1621/4053
vt 0.95376 0.42830
vt 0.95308 0.42804
vt 0.95381 0.42783
f 1522/4284 1614/4285 1628/4286
vt 0.32788 0.57444
vt 0.32745 0.57349
f 1608/4287 1618/4122 1625/4288
vt 0.94989 0.85155
vt 0.95092 0.85165
vt 0.94998 0.85365
f 1555/4289 1571/4290 1627/4291
vt 0.95663 0.29337
vt 0.95562 0.29340
f 1608/4271 1647/4292 1618/4293
vt 0.65138 0.67493
f 1599/4227 1688/4226 1700/4294
vt 0.34236 0.29183
f 1483/3642 1750/4295 1395/3762
f 1483/3642 1422/3257 1754/3988
vt 0.05509 0.54498
f 1599/4195 1532/3897 1659/4296
vt 0.32658 0.57703
f 1618/4122 1714/4165 1674/4297
f 1598/4128 1585/4127 1590/4095
f 1597/4070 1599/4195 1659/4296
vt 0.23376 0.93203
f 1637/3982 1507/4055 1769/4298
vt 0.83326 0.94762
vt 0.83226 0.94858
f 1578/4299 1620/4300 1634/4192
f 1445/3512 1702/4176 1604/4071
vt 0.48615 0.26399
f 1563/3686 1648/3673 1744/4301
vt 0.83179 0.71816
f 1530/4109 1629/4108 1655/4302
f 1536/3870 1636/4169 1619/4089
vt 0.05384 0.53793
f 1615/3781 1559/4076 1660/4303
vt 0.32003 0.23165
f 1575/4161 1691/4255 1645/4304
f 1559/4076 1719/4138 1660/4303
vt 0.30091 0.45355
vt 0.30022 0.45179
vt 0.30101 0.45241
f 1657/4305 1761/4306 1676/4307
f 1648/3673 1607/3792 1744/4301
vt 0.74479 0.94701
f 1605/4275 1708/4308 1650/4273
f 1595/4129 1730/4260 1579/4075
vt 0.74470 0.94578
f 1605/4275 1665/4309 1708/4308
vt 0.32667 0.57122
vt 0.32744 0.56828
f 1639/4174 1661/4310 1627/4311
f 1498/3644 1626/4155 1517/3889
vt 0.95134 0.85623
vt 0.95002 0.85617
f 1627/4291 1688/4312 1639/4313
vt 0.67438 0.33049
f 1568/4183 1868/4314 1725/3885
vt 0.74468 0.94955
vt 0.74448 0.95063
f 1612/4276 1654/4315 1658/4316
f 1618/4122 1674/4297 1625/4288
f 1574/4164 1693/4261 1690/4245
vt 0.05410 0.55567
f 1508/3766 1726/4317 1585/4127
vt 0.05468 0.52041
f 1606/4185 1679/4186 1663/4318
f 1532/3897 1694/4134 1659/4296
vt 0.26754 0.96064
vt 0.26765 0.96364
vt 0.26679 0.96451
f 1629/4319 1630/4320 1652/4321
vt 0.26750 0.96489
f 1630/4320 1640/4322 1652/4321
vt 0.05547 0.52498
f 1601/4240 1641/4178 1603/4323
vt 0.32600 0.57158
f 1670/4173 1661/4324 1639/4174
vt 0.75630 0.13705
f 1632/4132 1588/4046 1636/4325
vt 0.95142 0.85275
f 1571/4290 1642/4326 1627/4291
vt 0.95730 0.29013
f 1608/4271 1700/4270 1656/4327
f 1612/4276 1650/4273 1654/4315
vt 0.26245 0.70933
vt 0.26306 0.71340
f 1560/4328 1533/3987 1777/4329
vt 0.32613 0.57306
f 1625/4288 1699/4330 1670/4173
vt 0.32637 0.57379
f 1625/4288 1674/4297 1699/4331
f 1483/3642 1754/3988 1750/4295
vt 0.97657 0.12594
vt 0.97659 0.12492
vt 0.97699 0.12591
f 1617/4332 1634/4333 1689/4334
vt 0.95374 0.42379
vt 0.95288 0.42635
vt 0.95303 0.42331
f 1610/4335 1711/4336 1696/4337
f 1621/4053 1613/4283 1679/4186
f 1610/4335 1628/4286 1711/4336
vt 0.92573 0.06842
vt 0.92733 0.06869
f 1611/4153 1690/4338 1638/4339
vt 0.98391 0.64437
vt 0.98333 0.64398
vt 0.98392 0.64354
f 1617/4340 1603/4341 1634/4342
vt 0.94764 0.14133
vt 0.94690 0.13992
vt 0.94810 0.13895
f 1630/4343 1629/4344 1689/4345
vt 0.65156 0.68013
f 1590/4116 1647/4346 1669/4268
vt 0.79913 0.16886
f 1611/4282 1638/4347 1760/4229
vt 0.98342 0.64352
f 1634/4342 1603/4341 1613/4348
vt 0.32656 0.57045
f 1627/4311 1661/4310 1662/4349
vt 0.32658 0.56753
f 1627/4311 1662/4349 1716/4350
vt 0.78788 0.22424
f 1623/3985 1669/4211 1678/4351
vt 0.32715 0.56653
f 1627/4311 1716/4350 1555/4352
vt 0.83180 0.94831
f 1634/4192 1620/4300 1633/4353
vt 0.78562 0.22443
f 1623/3985 1678/4351 1714/4354
f 1688/4312 1627/4291 1642/4326
vt 0.47057 0.39456
f 1651/4187 1604/4071 1752/4355
vt 0.74576 0.01737
vt 0.74907 0.01667
vt 0.74756 0.01783
f 1602/4356 1709/4357 1565/4358
f 1615/3781 1660/4303 1567/4139
vt 0.26641 0.96143
vt 0.26691 0.96009
f 1629/4319 1695/4359 1655/4360
vt 0.34365 0.29508
f 1750/4295 1754/3988 1929/4361
f 1647/4292 1608/4271 1656/4327
f 1597/4070 1659/4296 1719/4138
f 1628/4286 1614/4285 1711/4336
vt 0.94830 0.14384
vt 0.94727 0.14397
f 1630/4343 1684/4362 1640/4363
f 1629/4319 1652/4321 1695/4359
vt 0.47949 0.39791
f 1557/3846 1653/4364 1702/4176
vt 0.48938 0.26627
f 1596/3638 1703/4365 1607/3792
vt 0.95840 0.78614
f 1587/4247 1663/4366 1620/4221
vt 0.27537 0.44253
f 1626/4155 1631/3927 1825/4367
vt 0.74346 0.01733
vt 0.74273 0.01410
vt 0.74597 0.01504
f 1577/4368 1814/4369 1788/4370
vt 0.05421 0.52459
f 1613/4283 1668/4371 1679/4186
vt 0.75665 0.13821
f 1588/4046 1712/4372 1636/4325
vt 0.48050 0.39699
f 1557/3846 1586/4198 1692/4373
f 1590/4095 1585/4127 1671/4193
vt 0.94816 0.14440
f 1640/4363 1684/4362 1581/4374
vt 0.88789 0.20332
vt 0.88814 0.20221
vt 0.88911 0.20321
f 1592/4375 1555/4376 1716/4377
vt 0.23292 0.93219
f 1507/4055 1677/4378 1769/4298
vt 0.49167 0.40111
f 1570/3929 1698/4379 1677/4188
vt 0.49561 0.01429
f 1631/3816 1709/4194 1825/4380
f 1455/3575 1766/4182 1713/4144
vt 0.92712 0.06740
f 1638/4339 1690/4338 1687/4381
vt 0.48276 0.26224
f 1563/3686 1813/4382 1568/4140
vt 0.95451 0.71741
vt 0.95340 0.71742
vt 0.95327 0.71639
f 1661/4383 1731/4384 1662/4385
vt 0.78630 0.22597
f 1714/4354 1678/4351 1664/4386
vt 0.75981 0.13990
f 1764/4218 1715/4387 1588/4046
vt 0.32522 0.55128
f 1693/4261 1655/4177 1683/4388
vt 0.32365 0.55032
f 1693/4261 1683/4388 1829/4389
f 1594/3925 1761/4224 1591/3756
f 1395/3762 1750/4295 1491/3932
vt 0.37484 0.28768
f 1501/3390 1780/4390 1622/4054
vt 0.65181 0.67808
vt 0.65229 0.67637
vt 0.65276 0.67977
f 1647/4391 1656/4392 1717/4393
vt 0.65245 0.66853
f 1571/4251 1658/4250 1680/4394
vt 0.65192 0.66669
vt 0.65146 0.66453
vt 0.65191 0.66362
f 1654/4395 1650/4396 1708/4397
vt 0.26133 0.70974
vt 0.26108 0.71299
f 1577/4398 1560/4328 1814/4399
f 1560/4328 1777/4329 1814/4399
vt 0.65203 0.67025
f 1571/4251 1680/4394 1642/4400
vt 0.65095 0.65388
vt 0.65166 0.65418
vt 0.65134 0.65482
f 1634/4401 1668/4402 1689/4403
vt 0.05513 0.52412
f 1613/4404 1603/4323 1668/4371
vt 0.83182 0.94887
f 1620/4300 1723/4405 1633/4353
vt 0.98106 0.42390
vt 0.98188 0.42467
vt 0.98121 0.42468
f 1633/4406 1668/4407 1634/4408
vt 0.38286 0.28843
f 1727/4015 1666/3714 1860/4409
f 1533/3987 1576/3844 1777/4329
vt 0.95834 0.78759
vt 0.95789 0.78863
f 1620/4221 1722/4410 1723/4411
vt 0.49873 0.70415
f 1672/4145 1736/4412 1644/3818
vt 0.94823 0.14037
f 1630/4343 1689/4345 1705/4413
vt 0.32450 0.55911
f 1696/4189 1749/4414 1724/4058
vt 0.48121 0.26063
f 1568/4140 1813/4382 1868/4415
vt 0.36668 0.28889
f 1572/3839 1681/4416 1766/4182
vt 0.31744 0.23909
f 1619/4089 1636/4169 1712/4417
f 1647/4346 1717/4393 1669/4268
vt 0.09171 0.95091
vt 0.09088 0.95094
vt 0.09139 0.94790
f 1652/4418 1707/4419 1695/4420
vt 0.39348 0.28364
f 1657/3993 1676/4421 1624/3933
vt 0.48659 0.39858
vt 0.48563 0.40158
f 1609/4119 1637/4422 1807/4423
vt 0.94811 0.41576
vt 0.94795 0.41911
vt 0.94737 0.41707
f 1696/4424 1711/4425 1710/4426
vt 0.09201 0.94579
vt 0.09067 0.94553
f 1655/4427 1695/4420 1683/4428
f 1557/3846 1692/4373 1653/4364
vt 0.05370 0.52049
f 1679/4186 1732/4429 1663/4318
f 1572/3839 1622/4054 1681/4416
vt 0.30791 0.30061
f 1646/3748 1972/4430 1698/4162
vt 0.47396 0.39633
f 1604/4071 1751/4431 1752/4355
vt 0.49690 0.27404
f 1635/3731 1775/4432 1772/4262
f 1620/4221 1663/4366 1722/4410
vt 0.88914 0.20454
f 1592/4375 1716/4377 1738/4433
vt 0.78808 0.52937
vt 0.78724 0.53007
f 1652/4434 1724/4241 1707/4435
vt 0.48686 0.40040
f 1637/4422 1685/4436 1807/4423
f 1603/4323 1641/4178 1668/4371
vt 0.65268 0.67230
f 1642/4400 1662/4437 1688/4226
vt 0.50564 0.27878
f 1645/4277 1691/4438 1730/4260
f 1577/4368 1788/4370 1602/4356
vt 0.31705 0.23572
f 1691/4255 1619/4089 1743/4439
vt 0.96368 0.82292
vt 0.96439 0.82253
vt 0.96431 0.82441
f 1663/4440 1732/4441 1722/4442
vt 0.92370 0.06860
vt 0.92433 0.06727
f 1693/4443 1722/4444 1690/4338
vt 0.47129 0.39304
f 1649/3787 1651/4445 1752/4355
vt 0.48872 0.40038
vt 0.48752 0.40057
f 1769/4446 1685/4447 1637/4041
vt 0.65283 0.67560
f 1656/4392 1700/4294 1718/4448
f 1635/3731 1579/4075 1775/4432
vt 0.32379 0.56563
f 1592/4222 1811/4449 1614/4223
vt 0.05341 0.54531
f 1659/4296 1694/4134 1701/4450
vt 0.05383 0.54502
f 1659/4296 1701/4450 1735/4451
vt 0.05146 0.52978
f 1593/3795 1567/4139 1781/4452
f 1563/3686 1744/4301 1813/4382
vt 0.95404 0.38817
vt 0.95423 0.39157
vt 0.95280 0.39207
f 1699/4453 1674/4454 1717/4455
vt 0.05301 0.53310
f 1660/4303 1739/4456 1567/4139
vt 0.29552 0.44746
f 1477/3737 1675/4026 1643/4457
vt 0.38684 0.28614
f 1666/3714 1624/3933 1748/4458
vt 0.05383 0.52356
f 1679/4186 1668/4371 1633/4459
vt 0.95024 0.60016
vt 0.95039 0.59863
vt 0.95158 0.59959
f 1699/4460 1718/4461 1771/4462
vt 0.28873 0.44402
f 1675/4026 1673/3715 1853/4463
vt 0.65154 0.65692
vt 0.65227 0.65685
vt 0.65218 0.65962
f 1630/4464 1705/4465 1684/4466
vt 0.86465 0.90338
vt 0.86531 0.90361
vt 0.86505 0.90544
f 1661/4467 1670/4468 1697/4469
vt 0.95199 0.60052
f 1699/4460 1771/4462 1770/4470
vt 0.95082 0.60074
f 1699/4460 1770/4470 1670/4471
vt 0.65248 0.66197
f 1665/4253 1728/4472 1708/4397
vt 0.65275 0.66063
f 1581/4181 1684/4466 1746/4473
vt 0.49097 0.26843
f 1596/3638 1682/3852 1759/4474
vt 0.32438 0.55127
f 1829/4389 1683/4388 1740/4475
vt 0.65265 0.66683
f 1654/4395 1720/4476 1658/4250
vt 0.65231 0.68187
f 1669/4268 1717/4393 1678/4477
f 1602/4356 1788/4370 1709/4357
vt 0.32399 0.57314
vt 0.32405 0.57164
f 1670/4173 1770/4478 1697/4479
f 1596/3638 1759/4474 1703/4365
vt 0.66763 0.32945
f 1616/4126 1553/3986 1826/4480
vt 0.94984 0.59791
vt 0.95066 0.59784
f 1700/4481 1701/4482 1718/4461
vt 0.94683 0.41556
f 1696/4424 1710/4426 1728/4483
vt 0.65257 0.66394
f 1654/4395 1708/4397 1710/4484
vt 0.65259 0.66591
f 1654/4395 1711/4485 1720/4476
f 1654/4395 1710/4484 1711/4485
f 1689/4403 1668/4402 1705/4465
vt 0.78817 0.22505
f 1664/4386 1678/4351 1774/4486
vt 0.65277 0.67400
f 1688/4226 1704/4487 1700/4294
vt 0.09030 0.95072
f 1695/4420 1707/4419 1684/4488
vt 0.09034 0.94790
f 1695/4420 1684/4488 1705/4489
vt 0.94822 0.42047
vt 0.94715 0.42047
f 1614/4490 1720/4491 1711/4425
vt 0.05225 0.54364
f 1719/4138 1659/4296 1706/4492
vt 0.65267 0.67451
vt 0.65301 0.67487
f 1700/4294 1735/4493 1701/4494
vt 0.46758 0.39466
f 1686/4180 1649/3787 1816/4495
f 1700/4294 1704/4487 1735/4493
vt 0.94700 0.41689
f 1710/4426 1708/4496 1728/4483
f 1695/4420 1705/4489 1683/4428
vt 0.65280 0.67329
f 1688/4226 1662/4437 1704/4497
vt 0.95294 0.38899
vt 0.95314 0.38800
f 1699/4453 1656/4498 1718/4499
f 1699/4453 1717/4455 1656/4498
f 1581/4181 1746/4473 1665/4253
f 1604/4071 1702/4176 1751/4431
vt 0.92712 0.06730
f 1690/4338 1722/4444 1687/4500
vt 0.32417 0.56488
f 1614/4223 1811/4449 1824/4501
vt 0.09097 0.48982
f 1672/3757 1686/4196 1816/4502
vt 0.86345 0.90443
f 1661/4467 1697/4469 1731/4503
vt 0.92379 0.06720
f 1693/4443 1723/4504 1722/4444
vt 0.65242 0.66857
vt 0.65277 0.66957
f 1642/4400 1680/4505 1716/4506
f 1609/4119 1807/4423 1586/4198
f 1642/4400 1716/4506 1662/4437
vt 0.93651 0.59085
vt 0.93730 0.58940
vt 0.93776 0.59059
f 1692/4507 1801/4508 1721/4509
vt 0.98060 0.49076
vt 0.98015 0.49196
vt 0.97984 0.49058
f 1692/4510 1721/4511 1653/4512
vt 0.05223 0.52502
f 1668/4371 1641/4178 1846/4513
vt 0.89045 0.20326
f 1716/4377 1680/4514 1738/4433
vt 0.53155 0.90309
vt 0.53113 0.90479
vt 0.53013 0.90317
f 1693/4515 1763/4516 1723/4517
vt 0.88820 0.20532
f 1592/4375 1738/4433 1857/4518
vt 0.32348 0.56635
f 1592/4222 1857/4519 1811/4449
vt 0.47826 0.39841
f 1702/4176 1653/4364 1802/4520
vt 0.92629 0.96169
vt 0.92523 0.96136
vt 0.92639 0.95986
f 1674/4521 1747/4522 1717/4523
f 1588/4046 1715/4387 1712/4372
vt 0.48096 0.39742
vt 0.48099 0.39874
f 1692/4524 1586/4198 1801/4525
vt 0.95294 0.71715
f 1731/4384 1704/4526 1662/4385
vt 0.92553 0.95993
f 1717/4523 1747/4522 1774/4527
vt 0.92613 0.06639
f 1687/4500 1722/4444 1732/4528
vt 0.28575 0.44250
f 1673/3715 1940/4529 1853/4463
vt 0.09013 0.94566
f 1705/4489 1668/4530 1683/4428
vt 0.79898 0.16816
vt 0.80041 0.16835
f 1687/4531 1785/4532 1638/4347
f 1607/3792 1703/4365 1744/4301
vt 0.92754 0.06611
f 1687/4500 1732/4528 1785/4533
f 1567/4139 1739/4456 1781/4452
f 1593/3795 1781/4452 1641/4178
vt 0.52928 0.90452
vt 0.52927 0.90301
f 1723/4517 1851/4534 1633/4535
vt 0.84790 0.23644
vt 0.84874 0.23798
vt 0.84765 0.23841
f 1696/4536 1729/4537 1749/4538
vt 0.67001 0.33153
f 1553/3986 1725/3885 1862/4539
vt 0.05340 0.54473
f 1735/4451 1704/4540 1659/4296
f 1619/4089 1712/4417 1743/4439
f 1679/4186 1633/4459 1732/4429
vt 0.83442 0.71817
vt 0.83457 0.71990
vt 0.83217 0.71910
f 1668/4541 1846/4542 1683/4543
vt 0.05186 0.55299
f 1585/4127 1794/4544 1671/4193
vt 0.95195 0.59822
f 1718/4461 1806/4545 1771/4462
f 1659/4296 1704/4540 1706/4492
f 1501/3390 1817/4154 1780/4390
vt 0.65291 0.66158
f 1665/4253 1746/4473 1728/4546
vt 0.65372 0.68086
f 1678/4477 1717/4393 1774/4547
f 1718/4461 1701/4482 1806/4545
vt 0.12424 0.72713
vt 0.12175 0.72654
vt 0.12364 0.72555
f 1759/4548 1783/4549 1703/4550
f 1723/4517 1763/4516 1851/4534
vt 0.92590 0.96231
f 1674/4521 1714/4551 1747/4522
vt 0.79792 0.17071
f 1734/4230 1760/4229 1745/4552
vt 0.08073 0.90655
vt 0.08108 0.90861
vt 0.08003 0.90799
f 1614/4553 1824/4554 1768/4555
vt 0.07945 0.90664
f 1614/4553 1768/4555 1720/4556
vt 0.84970 0.23672
f 1696/4536 1728/4557 1729/4537
vt 0.49311 0.27302
f 1772/4262 1775/4432 1900/4558
vt 0.92472 0.96226
f 1714/4551 1847/4559 1747/4522
vt 0.78675 0.52971
vt 0.78625 0.52996
f 1684/4560 1707/4435 1746/4561
vt 0.07892 0.90791
vt 0.07873 0.90666
f 1720/4556 1812/4562 1658/4563
vt 0.53225 0.90512
f 1693/4515 1829/4564 1763/4516
vt 0.33776 0.29465
f 1491/3932 1750/4295 1848/4565
vt 0.32262 0.57285
f 1697/4479 1770/4478 1886/4566
f 1673/3715 1517/3889 1940/4529
vt 0.31730 0.23400
f 1691/4255 1743/4439 1733/4567
vt 0.05229 0.52322
f 1633/4459 1851/4568 1732/4429
f 1759/4474 1682/3852 1772/4262
vt 0.09106 0.44895
f 1764/4156 1734/4106 1841/4569
vt 0.78853 0.22677
f 1774/4486 1835/4570 1664/4386
vt 0.86271 0.90331
vt 0.86224 0.90388
f 1704/4571 1731/4503 1737/4572
vt 0.65348 0.66782
f 1658/4250 1812/4573 1680/4394
vt 0.31691 0.23793
f 1712/4417 1741/4574 1743/4439
vt 0.50114 0.27814
f 1730/4260 1691/4438 1805/4575
vt 0.88984 0.59478
vt 0.88905 0.59625
vt 0.88815 0.59416
f 1783/4576 1742/4577 1703/4578
vt 0.35388 0.29340
f 1667/3741 1713/4144 1831/4579
vt 0.05245 0.54553
f 1694/4134 1832/4580 1701/4450
vt 0.88832 0.59579
f 1703/4578 1742/4577 1744/4581
vt 0.32443 0.57901
vt 0.32323 0.57779
f 1714/4165 1664/4582 1847/4583
vt 0.05023 0.53599
f 1739/4456 1660/4303 1953/4584
vt 0.32223 0.55132
f 1740/4475 1859/4585 1829/4389
vt 0.49445 0.70367
f 1644/3818 1736/4412 1795/4586
f 1641/4178 1781/4452 1846/4513
vt 0.28198 0.44177
f 1626/4155 1756/4587 1517/3889
vt 0.83348 0.72050
vt 0.83193 0.72074
f 1683/4543 1789/4588 1740/4589
vt 0.78849 0.53247
vt 0.78766 0.53140
f 1724/4241 1850/4590 1793/4591
f 1724/4241 1793/4591 1707/4435
vt 0.29449 0.44466
f 1675/4026 1779/4592 1643/4457
f 1666/3714 1748/4458 1860/4409
vt 0.39138 0.28628
f 1676/4421 1899/4593 1624/3933
vt 0.30110 0.45043
f 1676/4307 1761/4306 1790/4594
f 1649/3787 1752/4355 1816/4495
vt 0.79998 0.16996
f 1638/4347 1762/4595 1760/4229
vt 0.09094 0.48869
f 1816/4502 1908/4596 1672/3757
vt 0.89066 0.20452
f 1680/4514 1812/4597 1738/4433
vt 0.50003 0.70624
f 1736/4412 1672/4145 1908/4598
vt 0.92469 0.96043
f 1747/4522 1755/4599 1774/4527
f 1940/4529 1517/3889 1756/4587
vt 0.80071 0.16899
f 1638/4347 1785/4600 1762/4595
vt 0.65397 0.66153
f 1728/4546 1746/4473 1803/4601
vt 0.78651 0.53125
f 1746/4561 1707/4435 1839/4602
vt 0.32243 0.55894
f 1724/4058 1749/4414 1845/4603
vt 0.30616 0.30007
f 1698/4162 1972/4430 1757/4604
vt 0.48682 0.26576
vt 0.48496 0.26489
f 1744/4301 1742/4605 1787/4606
vt 0.93701 0.63153
vt 0.93620 0.63071
vt 0.93798 0.62883
f 1741/4607 1815/4608 1743/4609
f 1576/3844 1818/4175 1777/4329
vt 0.47576 0.39763
f 1702/4176 1849/4610 1751/4431
vt 0.35743 0.29198
f 1766/4182 1753/4611 1713/4144
vt 0.47189 0.39705
f 1752/4355 1751/4431 1838/4612
vt 0.95449 0.60991
vt 0.95330 0.61016
vt 0.95428 0.60843
f 1776/4613 1821/4614 1760/4615
vt 0.84987 0.23817
f 1729/4537 1728/4557 1803/4616
vt 0.78744 0.22812
f 1664/4386 1835/4570 1902/4617
vt 0.89059 0.59748
f 1742/4577 1783/4576 1767/4618
vt 0.32296 0.55811
f 1724/4058 1845/4603 1850/4619
vt 0.53017 0.90498
f 1763/4516 1773/4620 1851/4534
vt 0.86250 0.90448
f 1737/4572 1731/4503 1799/4621
vt 0.95349 0.60806
f 1821/4614 1745/4622 1760/4615
vt 0.89003 0.20480
f 1738/4433 1812/4597 1827/4623
vt 0.65316 0.67433
vt 0.65332 0.67422
f 1701/4494 1704/4624 1737/4625
vt 0.65396 0.67519
f 1701/4494 1737/4625 1806/4626
vt 0.48258 0.40179
f 1586/4198 1807/4423 1913/4627
vt 0.76097 0.14195
f 1715/4387 1764/4218 1833/4628
f 1683/4543 1846/4542 1789/4588
f 1720/4556 1768/4555 1812/4562
vt 0.32496 0.57722
vt 0.32361 0.57635
vt 0.32480 0.57514
f 1747/4629 1823/4630 1771/4631
vt 0.32414 0.57357
f 1771/4631 1823/4630 1770/4632
vt 0.95408 0.61247
f 1776/4613 1763/4633 1821/4614
f 1848/4565 1750/4295 1929/4361
vt 0.37156 0.29018
f 1622/4054 1968/4634 1681/4416
vt 0.49133 0.40338
f 1698/4379 1757/4635 1677/4188
vt 0.26978 0.71666
f 1818/4175 1616/4254 1826/4636
vt 0.93763 0.62648
vt 0.93702 0.62761
vt 0.93672 0.62606
f 1691/4637 1733/4638 1796/4639
f 1702/4176 1802/4520 1849/4610
vt 0.95878 0.30237
vt 0.96001 0.30239
vt 0.95917 0.30432
f 1760/4640 1762/4641 1776/4642
f 1553/3986 1862/4539 1826/4480
f 1707/4435 1793/4591 1839/4602
vt 0.95648 0.28527
vt 0.95579 0.28513
vt 0.95651 0.28359
f 1731/4643 1697/4644 1804/4645
vt 0.12267 0.72909
f 1783/4549 1759/4548 1758/4646
vt 0.23323 0.92970
f 1677/4378 1828/4647 1769/4298
vt 0.47063 0.39681
f 1752/4355 1838/4612 1892/4648
f 1585/4127 1726/4317 1794/4544
vt 0.65435 0.66053
f 1746/4473 1839/4649 1803/4601
f 1747/4629 1847/4583 1823/4630
f 1744/4301 1787/4606 1813/4382
vt 0.95858 0.75599
vt 0.95957 0.75548
vt 0.95910 0.75694
f 1729/4650 1803/4651 1765/4652
vt 0.29089 0.44207
f 1675/4026 1853/4463 2028/4653
vt 0.95892 0.76020
f 1768/4654 1729/4650 1765/4652
vt 0.95713 0.58568
vt 0.95630 0.58595
vt 0.95691 0.58168
f 1768/4655 1824/4656 1729/4657
vt 0.92926 0.23092
vt 0.93033 0.23230
vt 0.92877 0.23226
f 1786/4658 1778/4659 1808/4660
vt 0.49002 0.27170
f 1759/4474 1772/4262 2019/4661
vt 0.95612 0.58321
f 1824/4656 1782/4662 1729/4657
vt 0.93053 0.23093
f 1786/4658 1854/4663 1778/4659
vt 0.95869 0.30628
vt 0.95969 0.30635
f 1763/4664 1776/4642 1773/4665
vt 0.84859 0.24014
vt 0.84727 0.24017
f 1749/4538 1895/4666 1845/4667
vt 0.75939 0.14304
f 1715/4387 1833/4628 1961/4668
vt 0.48989 0.40271
f 1677/4188 1757/4635 1828/4669
f 1713/4144 1753/4611 1831/4579
f 1579/4075 1730/4260 1805/4575
vt 0.75747 0.14032
f 1712/4372 1715/4387 1844/4670
f 1644/3818 1795/4586 1726/4105
vt 0.96014 0.30421
f 1776/4642 1762/4641 1855/4671
vt 0.05072 0.55091
vt 0.05125 0.54748
f 1671/4193 1941/4672 1889/4673
vt 0.95902 0.89464
vt 0.95993 0.89549
vt 0.95911 0.89623
f 1857/4674 1738/4675 1809/4676
f 1694/4134 1671/4193 1889/4673
vt 0.05313 0.54526
vt 0.05268 0.54515
f 1701/4677 1799/4678 1704/4540
f 1701/4677 1832/4580 1799/4678
vt 0.32187 0.56493
f 1824/4501 1811/4449 1883/4679
vt 0.50463 0.28034
f 1691/4438 1796/4680 1805/4575
f 1624/3933 1899/4593 1748/4458
f 1704/4540 1799/4678 1706/4492
f 1622/4054 1780/4390 1968/4634
vt 0.79553 0.17325
f 1734/4230 1745/4552 1841/4681
vt 0.86270 0.90521
f 1731/4503 1842/4682 1799/4621
vt 0.86287 0.90543
f 1731/4503 1837/4683 1842/4682
vt 0.65390 0.67428
f 1737/4625 1799/4684 1806/4626
vt 0.32178 0.57181
f 1886/4566 1934/4685 1697/4479
f 1725/3885 1868/4314 1862/4539
vt 0.05095 0.53199
f 1739/4456 1863/4686 1781/4452
vt 0.75843 0.14193
f 1715/4387 1961/4668 1906/4687
f 1715/4387 1906/4687 1844/4670
f 1667/3741 1831/4579 1754/3988
vt 0.95738 0.28488
f 1731/4643 1804/4645 1837/4688
vt 0.36100 0.63555
vt 0.36101 0.63679
vt 0.35886 0.63533
f 1783/4689 1784/4690 1767/4691
vt 0.62041 0.94563
vt 0.62090 0.94614
vt 0.62027 0.94662
f 1770/4692 1820/4693 1886/4694
vt 0.05074 0.52153
vt 0.05300 0.51872
f 1732/4429 1952/4695 1785/4696
vt 0.97388 0.48817
vt 0.97500 0.48859
vt 0.97431 0.48932
f 1653/4697 1721/4698 1801/4699
vt 0.95925 0.89933
vt 0.95889 0.89891
vt 0.95950 0.89755
f 1697/4700 1885/4701 1804/4702
f 1732/4429 1851/4568 1952/4695
vt 0.39375 0.28497
f 1676/4421 1790/4703 1899/4593
vt 0.94790 0.56881
vt 0.94804 0.56995
vt 0.94721 0.57125
f 1740/4704 1789/4705 1798/4706
vt 0.95887 0.59537
vt 0.95917 0.59188
vt 0.96003 0.59341
f 1747/4707 1771/4708 1852/4709
vt 0.95980 0.59550
f 1747/4707 1852/4709 1755/4710
vt 0.88919 0.59870
f 1742/4577 1767/4618 1787/4711
vt 0.92864 0.23420
f 1778/4659 1844/4712 1808/4660
vt 0.95626 0.28116
vt 0.95708 0.28086
f 1738/4713 1827/4714 1804/4645
vt 0.95960 0.89604
f 1738/4715 1804/4702 1809/4676
vt 0.95321 0.61273
vt 0.95281 0.61212
f 1763/4633 1829/4716 1791/4717
f 1763/4633 1791/4717 1821/4614
vt 0.09175 0.44734
f 1764/4156 1841/4569 1833/4718
vt 0.95988 0.75627
f 1765/4652 1803/4651 1858/4719
vt 0.95982 0.75977
f 1768/4654 1765/4652 1819/4720
vt 0.75609 0.13969
f 1712/4372 1844/4670 1741/4721
vt 0.32359 0.57443
f 1770/4632 1823/4630 1820/4722
vt 0.94806 0.57215
f 1789/4705 1797/4723 1798/4706
vt 0.95997 0.59121
vt 0.96007 0.59207
f 1771/4708 1806/4724 1874/4725
vt 0.74960 0.01366
f 1709/4357 1788/4370 1894/4726
vt 0.48813 0.40281
f 1685/4447 1769/4446 1927/4727
vt 0.95977 0.76063
f 1768/4654 1819/4720 1812/4728
vt 0.32190 0.55035
f 1829/4389 1859/4585 1792/4729
f 1671/4193 1794/4544 1941/4672
f 1765/4652 1858/4719 1819/4720
vt 0.95649 0.58129
vt 0.95582 0.58157
f 1749/4730 1729/4657 1895/4731
f 1771/4708 1874/4725 1852/4709
vt 0.94750 0.57387
f 1797/4723 1793/4732 1798/4706
vt 0.05076 0.54008
f 1660/4303 1719/4138 1836/4733
vt 0.48122 0.26310
f 1813/4382 1888/4734 1868/4415
vt 0.49708 0.01703
f 1709/4194 1894/4735 1825/4380
vt 0.95888 0.89537
f 1809/4676 1879/4736 1857/4674
vt 0.99410 0.47355
vt 0.99410 0.47390
vt 0.99396 0.47379
f 1799/4737 1832/4738 1806/4739
vt 0.36285 0.29217
f 1766/4182 1681/4416 1861/4740
vt 0.49702 0.70701
f 1736/4412 2038/4741 1795/4586
vt 0.80062 0.17015
f 1785/4600 1884/4742 1762/4595
vt 0.93617 0.62909
f 1743/4609 1815/4608 1856/4743
f 1743/4609 1856/4743 1733/4638
f 1776/4642 1855/4671 1773/4665
f 1729/4657 1782/4662 1895/4731
vt 0.05174 0.54519
f 1799/4678 1842/4744 1706/4492
f 1832/4580 1694/4134 1889/4673
vt 0.48169 0.40080
f 1586/4198 1866/4745 1801/4525
f 1586/4198 1913/4627 1866/4745
vt 0.08122 0.91095
vt 0.08013 0.90980
f 1824/4554 1883/4746 1869/4747
vt 0.42198 0.90251
vt 0.42312 0.90298
vt 0.42140 0.90423
f 1802/4748 1896/4749 1849/4750
vt 0.94739 0.28391
vt 0.94827 0.28400
vt 0.94795 0.28548
f 1808/4751 1844/4752 1906/4753
vt 0.95234 0.59789
vt 0.95258 0.59829
f 1806/4545 1832/4754 1842/4755
vt 0.47307 0.39769
f 1838/4612 1751/4431 1903/4756
vt 0.95035 0.58431
vt 0.95079 0.58248
vt 0.95124 0.58461
f 1793/4757 1797/4758 1839/4759
vt 0.90495 0.64962
vt 0.90594 0.64843
vt 0.90683 0.64984
f 1854/4760 1810/4761 1873/4762
vt 0.89736 0.46527
vt 0.89699 0.46832
vt 0.89569 0.46558
f 1786/4763 1935/4764 1854/4765
vt 0.47201 0.77643
f 1594/3925 1643/4216 1800/4766
vt 0.94716 0.28418
vt 0.94721 0.28517
f 1808/4767 1906/4753 1907/4768
vt 0.53582 0.90263
vt 0.53496 0.90405
vt 0.53466 0.90268
f 1808/4769 1907/4770 1786/4771
f 1675/4026 2028/4653 1779/4592
vt 0.95629 0.77573
vt 0.95590 0.77388
vt 0.95669 0.77415
f 1685/4772 1927/4773 1865/4774
vt 0.48719 0.40263
f 1685/4436 1865/4775 1807/4423
vt 0.94707 0.56890
f 1740/4704 1798/4706 1859/4776
vt 0.65484 0.68009
vt 0.65486 0.68146
f 1755/4777 1835/4778 1774/4547
vt 0.65571 0.67967
f 1755/4777 1870/4779 1835/4778
vt 0.95855 0.89870
f 1804/4702 1885/4780 1809/4676
vt 0.93126 0.23194
f 1854/4663 1912/4781 1778/4659
vt 0.50347 0.28112
f 1796/4680 1867/4782 1805/4575
vt 0.48296 0.26440
f 1787/4606 1872/4783 1813/4382
vt 0.86539 0.90773
vt 0.86447 0.90662
f 1697/4469 1934/4784 1885/4785
vt 0.48925 0.40227
f 1769/4446 1828/4786 1927/4727
vt 0.65471 0.66922
vt 0.65413 0.66814
vt 0.65551 0.66836
f 1827/4787 1812/4788 1878/4789
vt 0.47377 0.77711
f 1643/4216 1779/4790 1800/4766
vt 0.46841 0.77509
f 1761/4224 1594/3925 1891/4791
vt 0.46743 0.77450
f 1761/4224 1891/4791 1790/4792
vt 0.46815 0.39750
f 1752/4355 1892/4648 1822/4793
vt 0.95984 0.14255
vt 0.95995 0.14464
vt 0.95926 0.14524
f 1782/4794 1824/4795 1869/4796
vt 0.95927 0.14097
f 1782/4794 1869/4796 1895/4797
vt 0.95071 0.57923
vt 0.95125 0.58024
f 1797/4758 1789/4798 1881/4799
vt 0.95731 0.28197
f 1804/4645 1827/4714 1840/4800
f 1804/4645 1840/4800 1837/4688
vt 0.02570 0.94565
vt 0.02598 0.94778
vt 0.02439 0.94582
f 1745/4801 1821/4802 1904/4803
vt 0.12455 0.73038
f 1759/4548 2019/4804 1758/4646
f 1706/4492 1836/4733 1719/4138
vt 0.32167 0.57868
f 1664/4582 1830/4805 1847/4583
vt 0.78596 0.22857
f 1664/4386 1902/4617 1830/4806
vt 0.65517 0.66654
f 1812/4788 1819/4807 1878/4789
vt 0.48013 0.39908
vt 0.48077 0.40026
vt 0.47925 0.40014
f 1801/4808 1866/4809 1887/4810
f 1801/4808 1887/4810 1653/4364
f 1752/4355 1822/4793 1816/4495
vt 0.35798 0.63688
f 1767/4691 1784/4690 1937/4811
vt 0.65529 0.67753
f 1755/4777 1852/4812 1870/4779
vt 0.02509 0.94906
vt 0.02589 0.95039
vt 0.02473 0.95045
f 1791/4813 1829/4814 1877/4815
f 1813/4382 1872/4783 1888/4734
vt 0.48741 0.94534
vt 0.48705 0.94672
vt 0.48619 0.94561
f 1810/4816 1876/4817 1873/4818
vt 0.89806 0.46679
f 1786/4763 1907/4819 1935/4764
f 1836/4733 1953/4584 1660/4303
vt 0.66743 0.33195
f 1826/4480 1862/4539 1915/4820
vt 0.47399 0.39768
f 1751/4431 1849/4821 1903/4756
vt 0.65475 0.67458
vt 0.65526 0.67333
vt 0.65522 0.67503
f 1842/4822 1837/4823 1874/4824
vt 0.36724 0.29307
f 1681/4416 1968/4634 1991/4825
vt 0.93592 0.62629
f 1796/4639 1733/4638 1933/4826
vt 0.74527 0.01184
f 1788/4370 1814/4369 1834/4827
vt 0.32178 0.55798
f 1850/4619 1845/4603 1928/4828
f 1832/4580 1889/4673 1842/4744
vt 0.65512 0.66145
f 1803/4601 1839/4649 1863/4829
vt 0.65472 0.66231
f 1803/4601 1863/4829 1858/4830
f 1681/4416 1991/4825 1861/4740
vt 0.05085 0.51813
f 1785/4696 1952/4695 1884/4831
vt 0.65439 0.65434
vt 0.65516 0.65400
vt 0.65514 0.65504
f 1789/4832 1880/4833 1881/4834
vt 0.48832 0.94675
f 1876/4817 1810/4816 1898/4835
vt 0.65549 0.67104
f 1840/4836 1827/4787 1878/4789
vt 0.27881 0.44068
f 1626/4155 1983/4837 1756/4587
vt 0.53235 0.90725
vt 0.53104 0.90790
vt 0.53184 0.90615
f 1792/4838 2020/4839 1829/4840
vt 0.32100 0.56618
f 1857/4519 1890/4841 1811/4449
vt 0.05080 0.54513
f 1842/4744 1925/4842 1706/4492
vt 0.95917 0.31210
vt 0.95963 0.31324
vt 0.95888 0.31477
f 1879/4843 1809/4844 1843/4845
vt 0.95969 0.31511
f 1809/4844 1885/4846 1843/4845
vt 0.65478 0.67561
f 1842/4822 1874/4824 1806/4847
vt 0.05039 0.55549
f 1726/4317 1795/4848 1794/4544
vt 0.28599 0.95034
vt 0.28631 0.94836
vt 0.28716 0.95046
f 1773/4849 1855/4850 1877/4851
vt 0.28641 0.95089
f 1773/4849 1877/4851 1851/4852
vt 0.53049 0.90666
f 1829/4840 2020/4839 1877/4853
vt 0.26171 0.71588
f 1777/4329 1938/4854 1814/4399
vt 0.49669 0.27700
f 1579/4075 1976/4855 1775/4432
vt 0.83430 0.72165
f 1789/4588 1846/4542 1880/4856
vt 0.57955 0.97667
vt 0.57892 0.97777
vt 0.57880 0.97631
f 1838/4857 1954/4858 1892/4859
vt 0.30646 0.30145
f 1757/4604 1972/4430 1949/4860
vt 0.89028 0.60059
f 1787/4711 1767/4618 1872/4861
vt 0.44355 0.95998
vt 0.44360 0.96283
vt 0.44263 0.96008
f 1820/4862 1823/4863 1875/4864
vt 0.50433 0.28143
f 1796/4680 1933/4865 1867/4782
vt 0.95084 0.29665
vt 0.95084 0.29933
vt 0.95031 0.29785
f 1859/4866 1798/4867 1881/4868
f 1653/4364 1887/4810 1802/4520
vt 0.42354 0.90452
f 1849/4750 1896/4749 1916/4869
vt 0.98238 0.01719
vt 0.98277 0.01684
vt 0.98282 0.01759
f 1810/4870 1854/4871 1871/4872
f 1821/4802 1791/4813 1904/4803
vt 0.12089 0.72906
f 1783/4549 1758/4646 1784/4873
vt 0.08786 0.48865
f 1908/4596 1816/4502 2050/4874
vt 0.89442 0.46607
vt 0.89569 0.46774
vt 0.89398 0.46735
f 1810/4875 1871/4876 1898/4877
vt 0.94694 0.28639
f 1907/4768 1906/4753 1977/4878
vt 0.78652 0.23094
f 1830/4806 1902/4617 2030/4879
f 1788/4370 1834/4827 1894/4726
f 1842/4744 1889/4673 1925/4842
vt 0.95101 0.30166
vt 0.95027 0.30209
f 1793/4880 1917/4881 1798/4867
vt 0.49450 0.70679
f 1795/4586 2038/4741 2108/4882
vt 0.65465 0.65814
vt 0.65506 0.65516
vt 0.65562 0.65996
f 1797/4883 1881/4884 1917/4885
f 1797/4883 1917/4885 1839/4649
vt 0.79914 0.17150
vt 0.79834 0.17377
f 1745/4552 1904/4886 1936/4887
f 1745/4552 1936/4887 1841/4681
vt 0.90597 0.65026
f 1873/4762 1912/4888 1854/4760
vt 0.65514 0.66246
vt 0.65548 0.66479
f 1819/4807 1858/4889 1869/4890
f 1854/4765 1935/4764 1871/4876
vt 0.04978 0.52323
f 1851/4568 1918/4891 1952/4695
vt 0.65599 0.68043
f 1870/4779 1941/4892 1835/4778
vt 0.49370 0.27476
f 1775/4432 1976/4855 1975/4893
vt 0.46953 0.77643
f 1594/3925 1926/4894 1891/4791
f 1953/4584 1863/4686 1739/4456
vt 0.08858 0.44717
f 1841/4569 2003/4895 1833/4718
vt 0.48968 0.40452
f 1828/4786 1939/4896 1927/4727
vt 0.62157 0.94787
f 1886/4694 1820/4693 1864/4897
vt 0.65636 0.67444
f 1874/4824 1837/4823 1930/4898
f 1775/4432 1975/4893 1900/4558
vt 0.35580 0.63501
f 1767/4691 1937/4811 1872/4899
vt 0.52920 0.90704
f 1851/4534 1877/4853 1918/4900
f 1839/4649 1917/4885 1863/4829
vt 0.65594 0.67587
f 1852/4812 1874/4824 1875/4901
f 1852/4812 1875/4901 1870/4779
vt 0.28610 0.94603
vt 0.28694 0.94674
f 1855/4850 1762/4902 1904/4903
vt 0.28721 0.94881
f 1855/4850 1904/4903 1791/4904
vt 0.65594 0.67324
f 1837/4823 1840/4836 1843/4905
vt 0.65587 0.66530
vt 0.65586 0.66217
f 1869/4906 1858/4889 1895/4907
vt 0.44247 0.96363
f 1823/4863 1870/4908 1875/4864
vt 0.44338 0.96381
f 1847/4909 1870/4908 1823/4863
f 1579/4075 1805/4575 1976/4855
vt 0.95075 0.64957
vt 0.95020 0.64885
vt 0.95149 0.64891
f 1912/4910 1924/4911 1778/4912
vt 0.95110 0.30238
f 1793/4880 1850/4913 1917/4881
vt 0.95877 0.31407
f 1879/4843 1843/4845 1840/4914
vt 0.28670 0.94551
f 1762/4902 1884/4915 1904/4903
vt 0.90674 0.65138
f 1873/4762 1965/4916 1912/4888
vt 0.20402 0.88687
vt 0.20194 0.88567
vt 0.20410 0.88448
f 1896/4917 1943/4918 1916/4919
vt 0.62249 0.94618
f 1820/4693 1875/4920 1864/4897
vt 0.65544 0.65601
f 1917/4885 1881/4884 1798/4921
vt 0.65583 0.67008
f 1878/4789 1879/4922 1840/4836
f 1855/4850 1791/4904 1877/4851
vt 0.56886 0.94570
vt 0.56856 0.94681
vt 0.56755 0.94578
f 1873/4923 1876/4924 1901/4925
vt 0.94997 0.29656
f 1859/4866 1881/4868 1880/4926
vt 0.26487 0.71939
f 1777/4329 1818/4175 2204/4927
vt 0.84968 0.23914
vt 0.85020 0.23967
f 1858/4928 1863/4929 1895/4666
vt 0.93066 0.23498
f 1844/4712 1778/4659 1856/4930
vt 0.95786 0.70300
vt 0.95622 0.70312
vt 0.95802 0.70170
f 1847/4931 1893/4932 1870/4933
vt 0.95968 0.31065
vt 0.95852 0.31048
f 1857/4934 1879/4843 1878/4935
f 1733/4638 1856/4743 1933/4826
f 1800/4766 1926/4894 1594/3925
f 1753/4611 1766/4182 1861/4740
vt 0.65613 0.68111
f 1835/4778 1941/4892 1921/4936
vt 0.04956 0.55072
f 1941/4672 1994/4937 1889/4673
vt 0.95159 0.64855
vt 0.95026 0.64813
vt 0.95152 0.64726
f 1778/4938 1924/4939 1856/4940
vt 0.88854 0.20627
vt 0.89029 0.20620
vt 0.89065 0.20733
f 1857/4941 1878/4942 1910/4943
vt 0.50018 0.28030
f 1805/4575 1867/4782 2032/4944
vt 0.83226 0.72208
vt 0.83444 0.72277
f 1859/4945 1880/4856 1882/4946
vt 0.65639 0.68024
f 1870/4779 1909/4947 1941/4892
vt 0.84737 0.24177
f 1845/4667 1895/4666 1920/4948
vt 0.32204 0.57785
f 1847/4583 1830/4805 1893/4949
vt 0.07912 0.90936
vt 0.07896 0.91037
f 1819/4950 1869/4747 1910/4951
vt 0.65671 0.66808
f 1819/4807 1910/4952 1878/4789
f 1811/4449 1890/4841 1883/4679
vt 0.92948 0.23547
f 1844/4712 1856/4930 1815/4953
vt 0.92870 0.23517
f 1844/4712 1815/4953 1741/4954
vt 0.90788 0.64904
vt 0.90861 0.65065
f 1901/4955 1919/4956 1873/4762
vt 0.53195 0.90866
f 2020/4839 1792/4838 1966/4957
vt 0.32071 0.55892
f 1845/4603 1920/4958 1928/4828
vt 0.78856 0.53404
vt 0.78659 0.53289
f 1850/4590 1928/4959 1917/4960
vt 0.56742 0.94673
f 1901/4925 1876/4924 2009/4961
vt 0.39330 0.28756
f 1790/4703 1989/4962 1899/4593
vt 0.76114 0.14529
f 1833/4628 2003/4963 1961/4668
vt 0.04828 0.52639
vt 0.05055 0.52448
f 1846/4513 2083/4964 1880/4965
f 1873/4762 1919/4956 1965/4916
vt 0.29363 0.44059
f 1779/4592 2028/4653 2156/4966
vt 0.04967 0.53251
f 1863/4686 1953/4584 1911/4967
vt 0.86330 0.90660
vt 0.86261 0.90719
f 1843/4968 1885/4785 1930/4969
vt 0.86271 0.90637
f 1843/4968 1930/4969 1837/4970
f 1846/4513 1781/4452 2083/4964
vt 0.37921 0.29201
f 1727/4015 2188/4971 1817/4154
vt 0.37565 0.29274
f 1780/4390 2135/4972 1968/4634
vt 0.94380 0.34672
vt 0.94339 0.34459
vt 0.94501 0.34428
f 1802/4973 1887/4974 1932/4975
vt 0.07943 0.91121
f 1869/4747 1883/4746 1962/4976
vt 0.74288 0.01081
f 1814/4369 1938/4977 1834/4827
vt 0.95644 0.70184
f 1870/4933 1893/4932 1990/4978
vt 0.78874 0.22826
f 1902/4617 1835/4570 1921/4979
f 1877/4853 2020/4839 1918/4900
vt 0.88827 0.20876
f 1857/4941 1910/4943 1890/4980
vt 0.89039 0.60345
vt 0.88844 0.60285
f 1872/4861 1970/4981 1888/4982
vt 0.08069 0.91182
f 1883/4746 1897/4983 1962/4976
vt 0.04904 0.55232
f 1794/4544 1795/4848 1993/4984
vt 0.36168 0.29513
f 1753/4611 1861/4740 2112/4985
vt 0.49076 0.40492
f 1828/4669 1757/4635 1949/4986
f 1626/4155 1825/4367 1983/4837
vt 0.79574 0.17564
f 1841/4681 1936/4887 2067/4987
f 1772/4262 1900/4558 2019/4661
f 1828/4669 1949/4986 1939/4896
vt 0.65583 0.67536
vt 0.65640 0.67499
f 1875/4988 1874/4824 1931/4989
vt 0.83277 0.72414
f 1859/4945 1882/4946 1987/4990
vt 0.30842 0.30366
f 1972/4430 2041/4991 1949/4860
vt 0.08813 0.48974
f 1816/4502 1822/4992 2050/4874
vt 0.89796 0.46788
f 1907/4819 1914/4993 1935/4764
vt 0.80041 0.17108
vt 0.80060 0.17244
f 1884/4994 2002/4995 1904/4886
vt 0.35260 0.63460
vt 0.35319 0.63647
f 1970/4996 1872/4899 2047/4997
vt 0.65613 0.67464
f 1874/4824 1925/4998 1931/4989
vt 0.34915 0.29597
f 1754/3988 1831/4579 2065/4999
vt 0.42038 0.90761
vt 0.42051 0.90666
vt 0.42186 0.90820
f 1838/5000 1903/5001 1954/5002
vt 0.42337 0.90717
f 1849/4750 1905/5003 1903/5001
vt 0.05053 0.55161
f 1941/4672 1794/4544 1921/5004
vt 0.32024 0.55804
f 1928/4828 1920/4958 2015/5005
vt 0.42332 0.90463
f 1916/5006 1905/5003 1849/4750
vt 0.67287 0.33294
f 1868/4314 1888/5007 1862/4539
vt 0.32053 0.57751
f 1893/4949 1830/4805 2006/5008
vt 0.31896 0.55074
f 1859/4585 2069/5009 1792/4729
vt 0.48778 0.94812
f 1898/4835 1957/5010 1876/4817
vt 0.94538 0.34668
f 1802/4973 1932/4975 1896/5011
f 1736/4412 1908/4598 2038/4741
vt 0.38980 0.28964
f 1748/4458 1899/4593 2148/5012
f 1754/3988 2065/4999 1929/4361
f 1727/4015 1860/4409 2188/4971
f 1780/4390 1817/4154 2135/4972
vt 0.46878 0.39955
f 1822/4793 1892/4648 1922/5013
f 1874/4824 1930/4898 1925/4998
vt 0.05017 0.54520
vt 0.04921 0.54409
f 1925/4842 1930/5014 1996/5015
f 1925/4842 1996/5015 1706/4492
f 1869/4747 1962/4976 1910/4951
f 1777/4329 2204/4927 1938/4854
vt 0.09391 0.97626
vt 0.09464 0.97628
vt 0.09430 0.97767
f 1865/5016 1927/5017 1998/5018
vt 0.48518 0.40408
f 1865/4775 1998/5019 1807/4423
vt 0.53578 0.90503
vt 0.53423 0.90591
f 1907/4770 1977/5020 1914/5021
vt 0.32052 0.57281
f 1934/4685 1886/4566 1951/5022
vt 0.31999 0.57154
f 1934/4685 1951/5022 1923/5023
vt 0.48792 0.40596
f 1927/4727 1939/4896 1971/5024
vt 0.20284 0.88724
vt 0.20194 0.88733
f 1896/5025 1932/5026 1943/4918
vt 0.95041 0.64677
f 1856/4940 1924/4939 2017/5027
vt 0.08818 0.44882
f 1841/4569 2067/5028 2003/4895
vt 0.04767 0.51975
f 1884/4831 1952/4695 2095/5029
vt 0.89429 0.46897
f 1871/4876 1957/5030 1898/4877
vt 0.62030 0.94859
f 1886/4694 1864/4897 1951/5031
f 1903/5001 1905/5003 1954/5002
vt 0.79960 0.17304
f 1904/4886 2002/4995 1963/5032
vt 0.78605 0.53388
vt 0.78599 0.53334
f 1917/4960 2011/5033 1863/5034
vt 0.04937 0.52446
f 1880/4965 2083/4964 1882/5035
vt 0.27609 0.43857
f 1825/4367 2120/5036 1983/4837
vt 0.86284 0.90838
f 1885/4785 1934/4784 1950/5037
vt 0.67023 0.33324
f 1888/5007 1970/5038 1862/4539
vt 0.30027 0.44873
vt 0.30159 0.44831
f 1790/4594 1891/5039 1989/5040
f 1706/4492 1996/5015 1836/4733
vt 0.84876 0.24177
vt 0.84814 0.24244
f 1895/4666 1964/5041 1959/5042
f 1895/4666 1959/5042 1920/4948
vt 0.04930 0.51751
f 1884/4831 2095/5029 2002/5043
vt 0.47115 0.39846
f 1892/4648 1954/5044 1922/5013
f 1817/4154 2188/4971 2135/4972
vt 0.33938 0.29936
f 1929/4361 2171/5045 1848/4565
vt 0.05021 0.54560
f 1889/4673 1931/5046 1925/4842
vt 0.04946 0.54592
f 1889/4673 1979/5047 1931/5046
f 1794/4544 1993/4984 1921/5004
vt 0.27014 0.71912
vt 0.26752 0.72014
f 1826/4636 1915/5048 1992/5049
vt 0.85992 0.67270
vt 0.85869 0.67278
vt 0.85915 0.67057
f 1867/5050 1933/5051 2027/5052
vt 0.78882 0.22866
f 1921/4979 1946/5053 1902/4617
vt 0.05007 0.55163
f 1921/5004 1993/4984 1946/5054
vt 0.85031 0.24065
f 1863/4929 1911/5055 1895/4666
vt 0.78679 0.53464
f 1917/4960 1928/4959 2012/5056
vt 0.30652 0.30370
f 1949/4860 2041/4991 1973/5057
vt 0.49542 0.01883
f 1894/4735 2120/5058 1825/4380
f 1826/4636 1992/5049 1818/4175
vt 0.83161 0.72537
f 1859/4945 1987/4990 2069/5059
vt 0.48017 0.40273
f 1887/4810 1866/4809 2001/5060
vt 0.95736 0.70098
f 1870/4933 1990/4978 1909/5061
vt 0.38478 0.29088
f 1860/4409 1748/4458 1944/5062
vt 0.78850 0.22914
f 1902/4617 1946/5053 1948/5063
f 1885/4785 1950/5037 1930/4969
vt 0.56759 0.94799
f 2009/4961 1876/4924 2008/5064
vt 0.48157 0.40308
f 1866/4745 1913/4627 2037/5065
vt 0.62291 0.94720
f 1875/4920 1931/5066 1864/4897
vt 0.47075 0.77773
f 1800/4766 2044/5067 1926/4894
f 1872/4899 1937/4811 2047/4997
f 1904/4886 1963/5032 1936/4887
vt 0.90592 0.65322
vt 0.90507 0.65206
f 1965/4916 2017/5068 1924/5069
vt 0.35834 0.64056
f 1784/4690 2173/5070 1937/4811
vt 0.29889 0.44697
vt 0.30144 0.44703
f 1891/5039 1926/5071 2085/5072
vt 0.35255 0.29670
f 1831/4579 2136/5073 2065/4999
f 1930/5014 1979/5047 1996/5015
vt 0.90570 0.65100
f 1912/5074 1965/4916 1924/5069
vt 0.75804 0.14448
f 1906/4687 1961/4668 2043/5075
vt 0.48521 0.40415
f 1927/4727 1971/5024 1998/5076
f 1931/5046 1979/5047 1930/5014
vt 0.47225 0.77886
f 1800/4766 1779/4790 1945/5077
vt 0.86385 0.90989
f 1934/4784 2042/5078 1950/5037
vt 0.94766 0.28642
vt 0.94743 0.28748
f 1906/5079 2043/5080 1977/4878
vt 0.66900 0.33340
f 1862/4539 1969/5081 1915/4820
vt 0.32044 0.57920
f 1830/4805 2030/5082 2006/5008
f 1853/4463 1940/4529 2028/4653
vt 0.99188 0.57466
vt 0.99179 0.57499
vt 0.99176 0.57471
f 1909/5083 1942/5084 1941/5085
vt 0.99247 0.98704
vt 0.99262 0.98721
vt 0.99254 0.98738
f 1909/5086 1947/5087 1942/5088
vt 0.04901 0.53114
f 1863/4686 2011/5089 1781/4452
vt 0.04977 0.55161
f 1946/5054 1993/4984 1948/5090
vt 0.05001 0.55121
vt 0.04978 0.55100
f 1941/4672 1942/5091 1947/5092
f 1941/4672 1947/5092 1994/4937
vt 0.85691 0.67439
vt 0.85639 0.67241
f 1933/5051 1856/5093 2017/5094
vt 0.31965 0.54987
vt 0.32057 0.54942
f 1792/4729 2116/5095 1966/5096
f 1792/4729 2069/5009 2116/5095
vt 0.12170 0.73068
f 2019/4804 1988/5097 1758/4646
vt 0.50001 0.70930
f 1908/4598 2050/5098 2038/4741
vt 0.50183 0.28303
f 1867/4782 1984/5099 2032/4944
f 1805/4575 2032/4944 1976/4855
f 1891/5039 2085/5072 1989/5040
vt 0.97391 0.55081
vt 0.97461 0.55017
vt 0.97464 0.55224
f 1900/5100 1975/5101 2057/5102
f 1800/4766 1945/5077 2044/5067
vt 0.04677 0.54325
f 1836/4733 1996/5015 2152/5103
vt 0.88997 0.20965
f 1890/4980 1910/4943 2054/5104
f 1758/4646 1988/5097 1784/4873
vt 0.99247 0.98763
f 1946/5105 1942/5088 1947/5087
vt 0.98354 0.68603
vt 0.98324 0.68574
vt 0.98375 0.68573
f 1946/5106 1947/5107 1948/5108
vt 0.99185 0.57525
vt 0.99185 0.57550
vt 0.99178 0.57499
f 1946/5109 1948/5110 1942/5111
f 1942/5091 1948/5090 1947/5092
vt 0.12538 0.73163
vt 0.12378 0.73331
f 1900/5112 2057/5113 2019/4804
vt 0.95653 0.70099
f 1909/5061 1990/4978 1978/5114
vt 0.99247 0.27156
vt 0.99247 0.27097
vt 0.99265 0.27123
f 1909/5115 1978/5116 1947/5117
vt 0.83451 0.72431
f 1882/4946 2070/5118 1987/4990
vt 0.93710 0.58778
vt 0.93669 0.58516
vt 0.93779 0.58572
f 1866/5119 2037/5120 2004/5121
vt 0.48086 0.40205
f 1866/4809 2004/5122 2001/5060
f 1970/5038 1969/5081 1862/4539
vt 0.04794 0.52470
f 2083/4964 2070/5123 1882/5035
f 1917/4960 2012/5056 2011/5033
vt 0.48637 0.94840
f 1957/5010 2008/5124 1876/4817
vt 0.48656 0.94964
f 1957/5010 2048/5125 2008/5124
vt 0.65742 0.67422
f 1930/4898 1950/5126 1931/4989
vt 0.47892 0.40176
f 1887/4810 2001/5060 2089/5127
vt 0.94395 0.34293
f 1887/4974 2089/5128 1932/4975
vt 0.78827 0.53526
f 1928/4959 2015/5129 2012/5056
vt 0.04935 0.55173
f 1948/5090 1993/4984 1994/5130
vt 0.04807 0.54752
f 1889/4673 2033/5131 1979/5047
vt 0.32031 0.56498
f 1883/4679 1890/4841 1897/5132
vt 0.04694 0.55442
f 1795/4848 2167/5133 1993/4984
vt 0.62264 0.94813
f 1864/4897 1931/5066 2035/5134
vt 0.94751 0.62175
vt 0.94771 0.62411
vt 0.94677 0.62257
f 1955/5135 2020/5136 1960/5137
vt 0.04794 0.53881
f 1836/4733 2090/5138 1953/4584
vt 0.94700 0.62342
f 1966/5139 1960/5137 2020/5136
vt 0.50392 0.28361
f 1867/4782 2027/5140 1984/5099
vt 0.94679 0.07781
vt 0.94699 0.07652
vt 0.94775 0.07818
f 1897/5141 1956/5142 1962/5143
f 1748/4458 2148/5012 1944/5062
vt 0.20059 0.88669
f 1943/4918 1932/5026 1967/5144
vt 0.29614 0.44298
f 1779/4592 2156/4966 1945/5145
vt 0.32098 0.57358
vt 0.32042 0.57451
vt 0.32002 0.57284
f 1951/5146 1980/5147 2093/5148
vt 0.32072 0.54648
vt 0.32040 0.54679
vt 0.32171 0.54527
f 1955/5149 1960/5150 1963/5151
vt 0.04804 0.52979
f 1781/4452 2011/5089 1995/5152
vt 0.20085 0.88297
vt 0.20448 0.88211
f 1916/4919 2106/5153 1905/5154
vt 0.45940 0.94964
vt 0.45956 0.94769
vt 0.46010 0.94967
f 1893/5155 1958/5156 1990/5157
vt 0.32126 0.57722
vt 0.32130 0.57542
f 1893/5158 1980/5147 1958/5159
vt 0.32012 0.55923
vt 0.31796 0.55922
f 1920/4958 1959/5160 1982/5161
vt 0.94682 0.07421
vt 0.94722 0.07373
vt 0.94687 0.07506
f 1959/5162 1964/5163 1956/5164
vt 0.86530 0.90959
f 1934/4784 1923/5165 2042/5078
vt 0.32138 0.57391
f 1864/5166 1958/5159 1980/5147
f 1864/5166 1980/5147 1951/5146
vt 0.32011 0.54763
f 1960/5150 1966/5096 2005/5167
vt 0.85016 0.24169
f 1895/4666 1911/5055 2023/5168
f 1895/4666 2023/5168 1964/5041
vt 0.78828 0.23121
f 2030/4879 1902/4617 2024/5169
vt 0.65752 0.67474
f 1931/4989 1950/5126 2035/5170
vt 0.94732 0.62037
vt 0.94851 0.62054
f 1955/5135 1963/5171 2034/5172
vt 0.94824 0.62210
f 2020/5136 1955/5135 2026/5173
f 1956/5142 1964/5163 1962/5143
vt 0.37211 0.29400
f 1968/4634 2135/4972 2096/5174
vt 0.96640 0.11311
vt 0.96624 0.11540
vt 0.96596 0.11415
f 1956/5175 1897/5176 1986/5177
f 1893/5158 2006/5008 1980/5147
f 1781/4452 1995/5152 2083/4964
vt 0.78864 0.22998
f 1948/5063 2010/5178 1902/4617
vt 0.32047 0.54450
f 1963/5151 1960/5150 1936/5179
vt 0.85025 0.24140
f 1911/5055 1999/5180 2023/5168
vt 0.89598 0.47084
f 1871/4876 1935/4764 2021/5181
vt 0.75016 0.00980
f 1894/4726 1834/4827 2124/5182
vt 0.31802 0.55814
f 2015/5005 1920/4958 2098/5183
vt 0.98866 0.26219
vt 0.98807 0.26253
vt 0.98807 0.26193
f 1939/5184 1949/5185 1973/5186
vt 0.83326 0.72529
f 2069/5059 1987/4990 2056/5187
vt 0.94693 0.19451
vt 0.94753 0.19282
vt 0.94768 0.19461
f 2015/5188 1985/5189 2012/5190
vt 0.95915 0.61598
vt 0.95906 0.61485
vt 0.95974 0.61427
f 2015/5191 1974/5192 1985/5193
vt 0.36116 0.63944
f 1784/4690 1988/5194 2173/5070
vt 0.80067 0.17368
f 1963/5032 2002/4995 2107/5195
vt 0.28786 0.93538
vt 0.28656 0.93516
vt 0.28763 0.93366
f 1890/5196 2054/5197 1897/5198
f 1951/5022 2093/5148 1923/5023
vt 0.98346 0.68523
vt 0.98384 0.68526
f 1948/5108 1947/5199 2010/5200
vt 0.99035 0.10151
vt 0.99020 0.10160
vt 0.99027 0.10115
f 1948/5201 1994/5202 1947/5203
vt 0.33590 0.29832
f 1848/4565 2171/5045 2082/5204
vt 0.48333 0.40555
f 1913/4627 1807/4423 2066/5205
vt 0.04746 0.53415
f 1911/4967 1953/4584 2157/5206
vt 0.94758 0.61961
vt 0.94836 0.61900
f 1963/5207 2107/5208 2034/5172
vt 0.35435 0.63891
f 1937/4811 2068/5209 2047/4997
vt 0.95609 0.70115
f 1990/4978 2014/5210 1978/5114
vt 0.48749 0.95022
f 1957/5010 2079/5211 2048/5125
vt 0.49259 0.27807
f 1976/4855 2185/5212 1975/4893
vt 0.35696 0.29684
f 1753/4611 2063/5213 1831/4579
vt 0.89564 0.46771
vt 0.89525 0.46944
f 1871/5214 1981/5215 1957/5030
vt 0.50977 0.28735
vt 0.50980 0.28929
vt 0.50920 0.28786
f 1871/5216 2021/5217 1981/5218
vt 0.98345 0.68492
f 1947/5199 1978/5219 2010/5200
vt 0.85718 0.67043
f 1933/5051 2022/5220 2027/5052
vt 0.50552 0.28424
vt 0.50599 0.28439
vt 0.50467 0.28541
f 2017/5221 1965/5222 2022/5223
vt 0.95929 0.61194
f 1985/5193 1974/5192 2025/5224
f 1836/4733 2152/5103 2090/5138
vt 0.94672 0.19081
vt 0.94728 0.18925
f 2025/5225 1987/5226 1985/5189
vt 0.53298 0.90567
vt 0.53371 0.90595
vt 0.53278 0.90815
f 1935/5227 1914/5228 2097/5229
vt 0.45938 0.94615
vt 0.46060 0.94686
f 1864/5230 2036/5231 1958/5156
vt 0.31965 0.54895
f 2005/5167 1966/5096 2052/5232
vt 0.27755 0.43767
f 1983/4837 2120/5036 2159/5233
f 1968/4634 2096/5174 1991/4825
vt 0.95938 0.61030
vt 0.95882 0.61030
f 1987/5234 2025/5224 2056/5235
vt 0.46067 0.94780
f 1990/5157 1958/5156 2029/5236
vt 0.26251 0.72014
f 1938/4854 2204/4927 2075/5237
f 2112/4985 2063/5213 1753/4611
vt 0.94839 0.07553
f 1962/5143 1964/5163 2058/5238
vt 0.04773 0.54414
f 1996/5015 2031/5239 2152/5103
vt 0.31865 0.57810
f 2006/5008 2030/5082 2078/5240
f 1920/4958 1982/5161 2098/5183
f 1966/5096 2116/5095 2052/5232
f 1913/4627 2066/5205 2037/5065
vt 0.65763 0.66709
vt 0.65853 0.66711
f 1910/4952 1962/5241 2051/5242
f 1958/5156 2036/5231 2029/5236
vt 0.92993 0.88029
vt 0.92931 0.88304
vt 0.92823 0.88082
f 1919/5243 2076/5244 1965/5245
vt 0.04909 0.55149
f 1994/5130 1993/4984 2010/5246
vt 0.53568 0.90553
vt 0.53539 0.90647
f 1977/5247 2043/5248 1914/5021
f 1952/4695 1918/4891 2095/5029
vt 0.99440 0.10429
vt 0.99440 0.10406
vt 0.99440 0.10375
f 1994/5249 2010/5250 1978/5251
vt 0.04841 0.53096
f 2011/5089 2013/5252 1995/5152
vt 0.85008 0.24218
f 1964/5041 2023/5168 2016/5253
vt 0.94849 0.07309
vt 0.94836 0.07366
f 1964/5163 2016/5254 2062/5255
vt 0.22177 0.92972
vt 0.22159 0.93112
vt 0.21942 0.93177
f 1901/5256 2009/5257 2000/5258
vt 0.21984 0.92949
f 1901/5256 2000/5258 1919/5259
vt 0.95894 0.61394
f 1974/5192 1997/5260 2025/5224
vt 0.42340 0.90947
f 1954/5002 1905/5003 2077/5261
vt 0.04886 0.54542
f 1979/5047 2035/5262 1996/5015
vt 0.04799 0.55567
f 1795/4848 2108/5263 2167/5133
vt 0.30123 0.44395
f 1926/5071 2128/5264 2085/5072
vt 0.04886 0.53177
vt 0.04834 0.53202
f 1999/5265 1911/4967 2016/5266
vt 0.04919 0.55091
vt 0.04854 0.55093
f 1978/5267 2014/5268 1994/4937
vt 0.08603 0.48967
f 1822/4992 1922/5269 2050/4874
f 1916/4919 1943/4918 2106/5153
f 1911/4967 2157/5206 2016/5266
f 1955/5135 2034/5172 2026/5173
vt 0.49126 0.27672
vt 0.49173 0.27409
f 1975/4893 2186/5270 2057/5271
vt 0.28582 0.93386
f 1897/5198 2054/5197 2051/5272
vt 0.28624 0.93270
f 1897/5198 2051/5272 2058/5273
vt 0.56864 0.94956
vt 0.56775 0.94996
f 2008/5064 2048/5274 2055/5275
f 1889/4673 1994/4937 2033/5131
vt 0.79869 0.17514
f 1936/4887 2007/5276 2067/4987
vt 0.22112 0.93148
vt 0.22227 0.93217
vt 0.22138 0.93369
f 2009/5277 2008/5278 2086/5279
vt 0.99312 0.46355
vt 0.99320 0.46370
vt 0.99320 0.46388
f 2011/5280 2012/5281 1999/5282
vt 0.99419 0.16294
vt 0.99428 0.16278
vt 0.99419 0.16312
f 2012/5283 2013/5284 1999/5285
vt 0.28674 0.93110
f 1897/5198 2058/5273 1986/5286
f 1994/4937 2014/5268 2033/5131
vt 0.99288 0.34151
vt 0.99302 0.34130
vt 0.99303 0.34173
f 1999/5287 2013/5288 2023/5289
vt 0.99312 0.46439
f 1999/5282 2016/5290 2011/5280
f 1933/5051 2017/5094 2022/5220
vt 0.96945 0.48275
vt 0.96883 0.48341
vt 0.96820 0.48265
f 2093/5291 2018/5292 1923/5293
vt 0.04868 0.54470
f 2035/5262 1950/5294 1996/5015
vt 0.94817 0.19100
f 1987/5226 2053/5295 1985/5189
vt 0.94535 0.34346
f 1932/4975 2089/5128 1967/5296
vt 0.42282 0.91036
f 1954/5002 2077/5261 1922/5297
vt 0.79811 0.17586
f 2067/4987 2007/5276 2113/5298
vt 0.28278 0.43823
f 1756/4587 2137/5299 1940/4529
vt 0.46090 0.94943
vt 0.46085 0.94971
f 1990/5157 2039/5300 2014/5301
vt 0.31967 0.54446
f 1936/5179 1960/5150 2007/5302
vt 0.46049 0.94553
f 1864/5230 2035/5303 2036/5231
vt 0.94815 0.19434
f 2012/5190 1985/5189 2013/5304
f 1756/4587 1983/4837 2137/5299
vt 0.04860 0.53192
f 2013/5252 2011/5089 2023/5305
vt 0.99431 0.02187
vt 0.99431 0.02224
vt 0.99419 0.02204
f 2011/5306 2016/5307 2023/5308
f 1902/4617 2010/5178 2024/5169
f 1807/4423 1998/5019 2066/5205
vt 0.35055 0.63474
f 1970/4996 2047/4997 1969/5309
vt 0.65893 0.66831
f 1910/4952 2051/5242 2054/5310
vt 0.27041 0.72259
f 1992/5049 1915/5048 2064/5311
f 2010/5246 1993/4984 2014/5268
vt 0.05401 0.67364
vt 0.05440 0.67294
vt 0.05520 0.67405
f 2010/5312 2014/5313 2024/5314
f 1990/5157 2029/5236 2039/5300
vt 0.95397 0.84461
vt 0.95312 0.84529
vt 0.95367 0.84309
f 1974/5315 2074/5316 1997/5317
f 1964/5163 2062/5255 2058/5238
vt 0.95416 0.84107
vt 0.95350 0.83985
f 2025/5318 1997/5317 2056/5319
vt 0.04751 0.51743
f 2002/5043 2095/5029 2107/5320
vt 0.94842 0.07801
f 1962/5143 2058/5238 2051/5321
vt 0.28755 0.93032
vt 0.28729 0.92899
f 1956/5322 1986/5286 1959/5323
f 1950/5294 2031/5239 1996/5015
vt 0.86245 0.90964
f 1950/5037 2042/5078 2031/5324
vt 0.66776 0.33530
f 1915/4820 1969/5081 2064/5325
vt 0.36268 0.64128
f 1988/5194 2087/5326 2173/5070
f 1937/4811 2173/5070 2068/5209
f 2009/5277 2086/5279 2000/5258
vt 0.52958 0.90925
f 2020/4839 2045/5327 1918/4900
f 2019/4804 2057/5113 1988/5097
vt 0.49034 0.40666
f 1939/4896 1973/5328 1971/5024
f 1998/5019 1971/5024 2066/5205
vt 0.50869 0.28821
f 1981/5218 2021/5217 2091/5329
vt 0.98282 0.35594
vt 0.98275 0.35670
vt 0.98215 0.35581
f 2001/5330 2004/5331 2037/5332
vt 0.93092 0.88267
f 1919/5243 2000/5333 2076/5244
vt 0.52916 0.90980
f 1918/4900 2045/5327 2126/5334
vt 0.04630 0.52320
f 1918/4891 2126/5335 2095/5029
vt 0.95386 0.84549
f 1974/5315 2015/5336 2074/5316
vt 0.35058 0.63697
f 1969/5309 2047/4997 2064/5337
vt 0.94806 0.78130
vt 0.94716 0.78132
vt 0.94834 0.77867
f 2006/5338 2039/5339 1980/5340
vt 0.94817 0.18937
f 1987/5226 2070/5341 2053/5295
vt 0.34416 0.29879
f 1929/4361 2065/4999 2187/5342
f 1989/4962 2148/5012 1899/4593
vt 0.39267 0.28943
f 1989/4962 2085/5343 2148/5012
vt 0.04808 0.54598
f 1979/5047 2033/5131 2036/5344
f 1979/5047 2036/5344 2035/5262
vt 0.05399 0.65077
vt 0.05451 0.64903
vt 0.05486 0.65216
f 1985/5345 2053/5346 2074/5347
vt 0.10962 0.93435
vt 0.11079 0.93292
vt 0.11082 0.93479
f 2020/5348 2026/5349 2045/5350
vt 0.38869 0.29452
f 2148/5012 2329/5351 1944/5062
vt 0.31242 0.30315
f 1972/4430 2040/5352 2041/4991
vt 0.28802 0.43782
f 1940/4529 2217/5353 2028/4653
vt 0.05410 0.65276
f 2013/5354 1985/5345 2074/5347
vt 0.75855 0.14746
f 2003/4963 2161/5355 1961/4668
vt 0.20399 0.87974
f 1905/5154 2106/5153 2077/5356
vt 0.53448 0.90867
f 1914/5021 2088/5357 2097/5229
vt 0.56678 0.94977
f 2008/5064 2055/5275 2086/5358
vt 0.96103 0.35328
vt 0.95918 0.35273
vt 0.96062 0.35185
f 2006/5359 2078/5360 2039/5361
vt 0.84986 0.24293
vt 0.84909 0.24478
f 1959/5042 2062/5362 2100/5363
f 1831/4579 2063/5213 2136/5073
vt 0.96631 0.58049
vt 0.96641 0.57997
vt 0.96729 0.57993
f 1957/5364 1981/5365 2079/5366
vt 0.96805 0.48370
f 1923/5293 2018/5292 2042/5367
vt 0.50566 0.28629
f 1965/5222 2076/5368 2022/5223
f 1975/4893 2185/5212 2186/5270
vt 0.12141 0.73252
f 2057/5113 2087/5369 1988/5097
vt 0.49737 0.02061
f 1894/4735 2124/5370 2120/5058
vt 0.47840 0.40264
vt 0.47857 0.40465
f 2089/5371 2001/5060 2172/5372
vt 0.28601 0.92907
f 1986/5286 2062/5373 1959/5323
vt 0.05465 0.66854
vt 0.05535 0.66815
vt 0.05516 0.66993
f 2036/5374 2099/5375 2029/5376
vt 0.84772 0.24494
f 1959/5042 2100/5363 1982/5377
vt 0.85689 0.66858
f 2027/5052 2022/5220 2122/5378
vt 0.29842 0.44480
f 1926/5071 2044/5379 2128/5264
f 1818/4175 1992/5049 2204/4927
f 1961/4668 2161/5355 2043/5075
vt 0.49863 0.94666
vt 0.49826 0.94783
vt 0.49710 0.94625
f 1960/5380 2005/5381 2046/5382
vt 0.31269 0.30498
f 2040/5352 2105/5383 2041/4991
vt 0.49783 0.94561
f 1960/5380 2046/5382 2007/5384
vt 0.96687 0.57918
f 1981/5365 2091/5385 2079/5366
f 1914/5021 2043/5248 2088/5357
vt 0.14303 0.98906
vt 0.14305 0.98944
vt 0.14271 0.98937
f 2016/5386 2094/5387 2062/5388
vt 0.26103 0.71931
f 1938/4854 2075/5237 2220/5389
vt 0.04732 0.53198
f 2016/5266 2157/5206 2094/5390
vt 0.04573 0.53352
f 2157/5206 2084/5391 2094/5390
vt 0.78876 0.53779
vt 0.78689 0.53617
f 2015/5129 2098/5392 2074/5393
vt 0.74771 0.00898
f 1834/4827 2117/5394 2124/5182
vt 0.50781 0.28999
f 2021/5217 2180/5395 2091/5329
f 2090/5138 2157/5206 1953/4584
f 1983/4837 2159/5233 2137/5299
vt 0.04554 0.55061
f 2033/5131 2014/5268 2198/5396
vt 0.05422 0.64691
vt 0.05463 0.64681
f 2070/5397 2056/5398 2053/5346
vt 0.04737 0.54556
f 2036/5344 2033/5131 2099/5399
vt 0.95275 0.84221
f 2074/5316 2053/5400 1997/5317
vt 0.05491 0.65400
f 2013/5354 2074/5347 2094/5401
vt 0.50730 0.28713
vt 0.50738 0.28766
vt 0.50722 0.28773
f 2060/5402 2059/5403 2061/5404
vt 0.50711 0.28738
f 2060/5402 2061/5404 2071/5405
vt 0.65866 0.66429
vt 0.65863 0.66225
vt 0.65879 0.66360
f 2058/5406 2062/5407 1986/5408
f 1997/5317 2053/5400 2056/5319
vt 0.94687 0.77878
vt 0.94690 0.77721
f 1980/5340 2029/5409 2099/5410
vt 0.94818 0.77752
f 1980/5340 2099/5410 2093/5411
vt 0.74377 0.00769
f 1938/4977 2220/5412 1834/4827
f 1993/4984 2167/5133 2198/5396
f 1980/5340 2039/5339 2029/5409
vt 0.49749 0.95017
vt 0.49696 0.94891
f 2052/5413 2026/5414 2005/5381
f 2187/5342 2171/5045 1929/4361
f 1861/4740 1991/4825 2112/4985
vt 0.83254 0.72729
f 2069/5059 2056/5187 2101/5415
f 2217/5353 1940/4529 2137/5299
vt 0.79817 0.17731
f 2067/4987 2113/5298 2142/5416
vt 0.49816 0.28410
f 1984/5099 2049/5417 2032/4944
f 2013/5252 2094/5390 1995/5152
f 2037/5065 2066/5205 2172/5372
f 2037/5065 2172/5372 2001/5060
vt 0.96597 0.57808
vt 0.96622 0.57802
vt 0.96637 0.57828
f 2060/5418 2071/5419 2059/5420
vt 0.89749 0.47071
f 1935/4764 2097/5421 2021/5181
vt 0.83436 0.72470
vt 0.83453 0.72590
f 2056/5187 2070/5422 2072/5423
f 2014/5268 1993/4984 2198/5396
vt 0.85034 0.24319
f 2062/5362 2094/5424 2100/5363
vt 0.95682 0.91968
vt 0.95592 0.91818
vt 0.95639 0.91805
f 2093/5425 2099/5426 2073/5427
vt 0.49301 0.28097
f 1976/4855 2240/5428 2185/5212
vt 0.76102 0.14823
f 2003/4963 2123/5429 2161/5355
vt 0.12274 0.73669
vt 0.12169 0.73476
f 2057/5113 2160/5430 2121/5431
vt 0.29625 0.44115
f 1945/5145 2156/4966 2139/5432
vt 0.29519 0.43915
f 2156/4966 2129/5433 2139/5432
f 2057/5113 2121/5431 2087/5369
f 2005/5381 2026/5414 2046/5382
vt 0.11074 0.93110
vt 0.11201 0.93043
f 2026/5349 2034/5434 2046/5435
vt 0.11124 0.92932
f 2107/5436 2046/5435 2034/5434
vt 0.11143 0.93433
f 2026/5349 2052/5437 2045/5350
vt 0.08547 0.44781
f 2003/4895 2067/5028 2123/5438
vt 0.29749 0.44376
vt 0.29827 0.44182
f 1945/5439 2139/5440 2044/5379
vt 0.50778 0.28839
f 2091/5329 2180/5395 2092/5441
vt 0.96662 0.57817
f 2059/5420 2071/5419 2061/5442
vt 0.50755 0.28799
vt 0.50744 0.28810
f 2059/5403 2080/5443 2102/5444
vt 0.96666 0.57852
f 2059/5420 2061/5442 2080/5445
f 2059/5403 2102/5444 2061/5404
vt 0.08419 0.48864
f 2050/4874 1922/5269 2183/5446
vt 0.20006 0.88511
f 1943/4918 1967/5144 2174/5447
vt 0.05566 0.67176
vt 0.05701 0.67299
f 2039/5448 2176/5449 2014/5313
vt 0.04540 0.53053
f 1995/5152 2094/5390 2175/5450
vt 0.31593 0.30259
vt 0.31706 0.30431
vt 0.31593 0.30386
f 5682/5451 2177/5452 2081/5453
vt 0.12481 0.73552
f 2057/5113 2186/5454 2160/5430
vt 0.05669 0.65259
f 2074/5347 2191/5455 2094/5401
vt 0.46955 0.40081
vt 0.46897 0.40188
f 1922/5013 2077/5456 2189/5457
vt 0.08585 0.44925
f 2067/5028 2153/5458 2123/5438
f 2014/5313 2176/5449 2024/5314
vt 0.31748 0.57913
f 2030/5082 2200/5459 2078/5240
vt 0.96870 0.48472
f 2042/5367 2018/5292 2073/5460
vt 0.96801 0.48475
f 2042/5367 2073/5460 2031/5461
vt 0.04579 0.54670
f 2099/5399 2033/5131 2213/5462
vt 0.78808 0.23385
f 2024/5169 2193/5463 2030/4879
f 2094/5390 2084/5391 2175/5450
vt 0.31784 0.55126
vt 0.31718 0.55046
f 2069/5009 2101/5464 2150/5465
vt 0.96691 0.57869
vt 0.96713 0.57843
f 2091/5385 2104/5466 2103/5467
f 2091/5385 2103/5467 2079/5366
f 2083/4964 1995/5152 2175/5450
vt 0.04534 0.52621
f 2083/4964 2175/5450 2227/5468
vt 0.50805 0.28833
f 2080/5443 2091/5469 2092/5441
f 2080/5443 2092/5441 2102/5444
vt 0.96679 0.57844
f 2080/5445 2061/5442 2102/5470
f 2080/5445 2102/5470 2091/5385
vt 0.95909 0.35118
vt 0.95968 0.35073
f 2039/5361 2168/5471 2176/5472
f 2091/5385 2102/5470 2104/5466
vt 0.33523 0.30260
f 2082/5204 2171/5045 2293/5473
vt 0.95725 0.91780
f 2073/5427 2143/5474 2093/5425
vt 0.04505 0.52160
f 2095/5029 2126/5335 2197/5475
vt 0.53558 0.90854
f 2043/5248 2109/5476 2088/5357
vt 0.04433 0.53808
f 2090/5138 2256/5477 2157/5206
vt 0.48817 0.40833
f 1973/5328 2199/5478 1971/5024
vt 0.96239 0.59524
vt 0.96209 0.59639
vt 0.96159 0.59529
f 2046/5479 2181/5480 2007/5481
vt 0.50435 0.28688
f 2076/5368 2114/5482 2022/5223
vt 0.31775 0.57721
f 2078/5240 2200/5459 2130/5483
vt 0.35143 0.63912
f 2047/4997 2178/5484 2064/5337
vt 0.49604 0.28284
f 2032/4944 2247/5485 1976/4855
vt 0.31582 0.55847
f 2098/5183 1982/5161 2233/5486
vt 0.30725 0.30649
f 1973/5057 2041/4991 2223/5487
vt 0.04660 0.52420
f 2070/5123 2083/4964 2072/5488
vt 0.96143 0.59622
f 2007/5481 2181/5480 2113/5489
vt 0.95291 0.49827
vt 0.95384 0.49818
vt 0.95376 0.50059
f 1967/5490 2089/5491 2174/5492
vt 0.96701 0.57789
f 2061/5442 2118/5493 2102/5470
vt 0.50718 0.28851
f 2061/5404 2102/5444 2110/5494
vt 0.50656 0.28822
f 2061/5404 2110/5494 2118/5495
vt 0.78673 0.53759
f 2074/5393 2098/5392 2191/5496
vt 0.99444 0.24436
vt 0.99445 0.24456
vt 0.99440 0.24456
f 2102/5497 2092/5498 2104/5499
vt 0.99440 0.23512
vt 0.99446 0.23531
vt 0.99440 0.23532
f 2102/5500 2103/5501 2110/5502
f 2102/5470 2118/5493 2103/5467
vt 0.30878 0.30671
f 2041/4991 2271/5503 2223/5487
f 2040/5352 2081/5453 2105/5383
f 2156/4966 2028/4653 2217/5353
vt 0.95792 0.91905
vt 0.95777 0.91936
f 2093/5425 2125/5504 2018/5505
f 2056/5187 2072/5423 2101/5415
vt 0.79579 0.17836
f 2067/4987 2142/5416 2153/5506
f 2032/4944 2049/5417 2247/5485
vt 0.05788 0.67416
f 2024/5314 2176/5449 2193/5507
vt 0.78680 0.23527
f 2030/4879 2193/5463 2200/5508
vt 0.04655 0.54178
f 2152/5103 2155/5509 2090/5138
vt 0.95115 0.60856
vt 0.94982 0.60792
vt 0.95058 0.60781
f 2069/5510 2150/5511 2116/5512
vt 0.49456 0.71083
f 2038/4741 2050/5098 2208/5513
vt 0.05554 0.66644
vt 0.05616 0.66713
vt 0.05550 0.66754
f 2031/5514 2073/5515 2099/5516
vt 0.75731 0.14657
f 2043/5075 2161/5355 2109/5517
vt 0.47570 0.40385
f 2089/5371 2172/5372 2174/5518
vt 0.04597 0.54043
f 2090/5138 2155/5509 2145/5519
vt 0.85602 0.66913
f 2022/5220 2114/5520 2122/5378
f 2039/5361 2078/5360 2168/5471
f 2099/5399 2213/5462 2152/5103
f 2099/5399 2152/5103 2031/5239
vt 0.50750 0.28848
f 2092/5441 2110/5494 2104/5521
f 2092/5441 2180/5395 2110/5494
vt 0.26772 0.72430
f 2064/5311 2218/5522 1992/5049
vt 0.05726 0.65362
f 2191/5455 2111/5523 2094/5401
vt 0.92802 0.88332
vt 0.92816 0.88450
f 2114/5524 2076/5244 2115/5525
vt 0.39174 0.29151
f 2085/5343 2260/5526 2148/5012
vt 0.50355 0.28652
f 2027/5140 2122/5527 1984/5099
f 1943/4918 2174/5447 2106/5153
vt 0.35178 0.29995
f 2136/5073 2245/5528 2065/4999
f 1834/4827 2220/5412 2117/5394
f 2044/5379 2139/5440 2128/5264
f 2038/4741 2208/5513 2108/4882
vt 0.30214 0.44429
f 2085/5072 2128/5264 2260/5529
vt 0.99419 0.73273
vt 0.99424 0.73252
vt 0.99432 0.73263
f 2104/5530 2110/5531 2103/5532
vt 0.93438 0.05552
vt 0.93509 0.05516
vt 0.93491 0.05622
f 2048/5533 2079/5534 2103/5535
f 2093/5425 2143/5474 2125/5504
vt 0.93341 0.05482
f 2055/5536 2048/5533 2103/5535
vt 0.38200 0.29440
f 1860/4409 1944/5062 2195/5537
vt 0.21962 0.93380
f 2086/5279 2149/5538 2000/5258
vt 0.85012 0.24466
f 2094/5424 2111/5539 2100/5363
vt 0.31569 0.55131
f 2150/5465 2101/5464 2151/5540
f 1976/4855 2247/5485 2240/5428
vt 0.36973 0.29587
f 1991/4825 2096/5174 2119/5541
vt 0.97308 0.76672
vt 0.97225 0.76565
vt 0.97349 0.76519
f 2018/5542 2162/5543 2073/5544
vt 0.04572 0.51867
f 2095/5029 2133/5545 2107/5320
vt 0.95071 0.60767
vt 0.95038 0.60613
vt 0.95173 0.60727
f 2116/5546 2182/5547 2052/5548
vt 0.20130 0.88006
f 2077/5356 2106/5153 2215/5549
vt 0.88598 0.61996
vt 0.88482 0.61976
vt 0.88566 0.61793
f 2021/5550 2097/5551 2180/5552
vt 0.31857 0.57224
vt 0.31793 0.57313
vt 0.31728 0.57114
f 2018/5553 2125/5554 2146/5555
f 2090/5138 2145/5519 2256/5477
vt 0.31609 0.57844
f 2130/5483 2200/5459 2209/5556
vt 0.95875 0.35230
f 2078/5360 2130/5557 2168/5471
vt 0.36098 0.64482
f 2173/5070 2087/5326 2207/5558
vt 0.97440 0.70169
vt 0.97447 0.70340
vt 0.97404 0.70222
f 1971/5559 2199/5560 2269/5561
vt 0.08380 0.48969
f 1922/5269 2189/5562 2183/5446
vt 0.12098 0.73725
f 2121/5431 2160/5430 2246/5563
vt 0.96302 0.59482
vt 0.96307 0.59597
f 2107/5564 2133/5565 2046/5479
vt 0.93015 0.88475
f 2115/5525 2076/5244 2149/5566
vt 0.78812 0.53874
f 2098/5392 2138/5567 2191/5496
f 2046/5479 2133/5565 2181/5480
vt 0.95204 0.60628
f 2052/5548 2182/5547 2045/5568
f 1860/4409 2195/5537 2188/4971
vt 0.48940 0.40891
f 1973/5328 2223/5569 2199/5478
vt 0.49722 0.71278
f 2050/5098 2282/5570 2208/5513
f 2033/5131 2198/5396 2213/5462
f 2068/5209 2178/5484 2047/4997
vt 0.36416 0.64312
f 2087/5326 2121/5571 2207/5558
vt 0.49974 0.28706
f 1984/5099 2122/5527 2377/5572
vt 0.31786 0.54832
vt 0.31789 0.54961
vt 0.31715 0.54967
f 2127/5573 2116/5574 2150/5575
vt 0.34683 0.30079
f 2187/5342 2065/4999 2337/5576
vt 0.95111 0.60552
f 2045/5568 2182/5547 2126/5577
vt 0.95617 0.10984
vt 0.95706 0.11163
vt 0.95598 0.11131
f 2127/5578 2182/5579 2116/5580
vt 0.31800 0.54528
vt 0.31687 0.54664
f 2113/5581 2127/5573 2170/5582
f 2127/5573 2150/5575 2170/5582
vt 0.93223 0.05526
vt 0.93285 0.05707
f 2086/5583 2055/5536 2149/5584
vt 0.97209 0.48792
vt 0.97228 0.48587
vt 0.97285 0.48794
f 2077/5585 2215/5586 2189/5587
f 2095/5029 2197/5475 2133/5545
vt 0.50569 0.28926
f 2110/5494 2180/5395 2179/5588
f 2103/5535 2149/5584 2055/5536
vt 0.95299 0.60304
vt 0.95337 0.60131
vt 0.95406 0.60324
f 2130/5589 2131/5590 2168/5591
vt 0.93714 0.39941
vt 0.93739 0.40086
vt 0.93641 0.40031
f 1982/5592 2100/5593 2132/5594
f 2000/5333 2149/5566 2076/5244
vt 0.93744 0.40170
vt 0.93704 0.40396
f 2134/5595 2147/5596 2132/5594
f 2134/5595 2132/5594 2100/5593
vt 0.04520 0.52417
f 2072/5488 2083/4964 2141/5597
vt 0.83171 0.72910
vt 0.83292 0.72878
f 2151/5598 2101/5415 2226/5599
vt 0.04432 0.55552
f 2108/5263 2208/5600 2167/5133
vt 0.36663 0.29812
f 2112/4985 1991/4825 2244/5601
vt 0.50015 0.71260
f 2050/5098 2183/5602 2282/5570
vt 0.35442 0.64214
f 2068/5209 2173/5070 2249/5603
vt 0.64800 0.93398
vt 0.64904 0.93500
vt 0.64827 0.93594
f 2147/5604 2184/5605 2154/5606
vt 0.64856 0.93202
f 2147/5604 2134/5607 2184/5605
vt 0.95623 0.10743
vt 0.95705 0.10748
f 2113/5608 2181/5609 2127/5578
vt 0.95567 0.75435
vt 0.95566 0.75172
vt 0.95656 0.75436
f 2138/5610 2140/5611 2191/5612
vt 0.84796 0.24617
vt 0.84767 0.24636
f 1982/5377 2192/5613 2233/5614
vt 0.93619 0.39927
f 1982/5592 2132/5594 2192/5615
vt 0.31709 0.54442
f 2113/5581 2170/5582 2142/5616
vt 0.95312 0.59967
vt 0.95388 0.59930
f 2125/5617 2143/5618 2131/5590
f 2110/5494 2179/5588 2118/5495
vt 0.31781 0.57521
vt 0.31677 0.57346
f 2131/5619 2166/5620 2125/5554
vt 0.78892 0.54043
f 2098/5392 2233/5621 2138/5567
vt 0.97661 0.40813
vt 0.97547 0.40784
vt 0.97631 0.40675
f 2018/5622 2146/5623 2162/5624
vt 0.95358 0.62063
vt 0.95404 0.61739
vt 0.95420 0.61797
f 2140/5625 2101/5626 2144/5627
vt 0.48660 0.40919
f 1971/5024 2269/5628 2066/5205
vt 0.31560 0.57213
f 2125/5554 2166/5620 2212/5629
vt 0.31694 0.57602
f 2130/5483 2206/5630 2131/5619
vt 0.31662 0.57746
f 2130/5483 2203/5631 2206/5630
vt 0.93528 0.05730
f 2103/5535 2118/5632 2149/5584
f 1984/5099 2377/5572 2049/5417
vt 0.95451 0.59940
f 2131/5590 2143/5618 2268/5633
vt 0.95424 0.60059
f 2131/5590 2268/5633 2225/5634
f 2125/5554 2212/5629 2146/5555
vt 0.64888 0.92929
vt 0.64962 0.92979
f 2134/5607 2100/5635 2211/5636
vt 0.64967 0.93224
f 2134/5607 2211/5636 2165/5637
vt 0.95753 0.11038
f 2127/5578 2232/5638 2182/5579
f 2131/5619 2206/5630 2166/5620
f 2134/5607 2165/5637 2184/5605
vt 0.04470 0.54534
f 2213/5462 2196/5639 2152/5103
vt 0.95650 0.75071
f 2140/5611 2144/5640 2191/5612
vt 0.97255 0.48633
f 2189/5587 2215/5586 2307/5641
f 2083/4964 2227/5468 2141/5597
vt 0.83434 0.72760
f 2072/5423 2141/5642 2101/5415
vt 0.97226 0.76507
f 2073/5544 2162/5543 2143/5643
vt 0.93746 0.40613
vt 0.93645 0.40673
f 2154/5644 2194/5645 2147/5596
vt 0.36170 0.29786
f 2112/4985 2210/5646 2063/5213
vt 0.92854 0.88493
f 2115/5525 2149/5566 2118/5647
vt 0.04424 0.54412
vt 0.04518 0.54215
f 2152/5103 2243/5648 2155/5649
f 2041/4991 2105/5383 2271/5503
vt 0.93632 0.40234
f 2147/5596 2190/5650 2132/5594
vt 0.75003 0.00677
f 2117/5394 2336/5651 2124/5182
vt 0.33763 0.30426
f 2171/5045 2275/5652 2293/5473
vt 0.08399 0.44981
f 2123/5438 2153/5458 2264/5653
vt 0.95607 0.74899
vt 0.95686 0.74910
f 2101/5654 2141/5655 2144/5640
vt 0.31483 0.55082
f 2150/5465 2151/5540 2253/5656
vt 0.50506 0.28816
f 2118/5495 2179/5588 2115/5657
vt 0.79891 0.17886
f 2153/5506 2142/5416 2237/5658
f 2127/5578 2181/5609 2232/5638
vt 0.96284 0.59716
f 2181/5480 2133/5565 2216/5659
vt 0.64972 0.93703
f 2154/5606 2184/5605 2158/5660
f 1992/5049 2218/5522 2204/4927
vt 0.31626 0.54504
f 2170/5582 2237/5661 2142/5616
vt 0.93644 0.40516
f 2147/5596 2194/5645 2201/5662
vt 0.97650 0.02325
vt 0.97602 0.02402
vt 0.97585 0.02315
f 2145/5663 2155/5664 2239/5665
f 2130/5483 2209/5556 2203/5631
vt 0.95308 0.61761
f 2101/5626 2140/5625 2226/5666
vt 0.97201 0.76523
f 2162/5543 2196/5667 2143/5643
vt 0.88369 0.61782
f 2097/5551 2088/5668 2180/5552
vt 0.05717 0.64893
vt 0.05802 0.64876
f 2191/5455 2144/5669 2163/5670
vt 0.95305 0.50091
vt 0.95372 0.50238
f 2106/5671 2174/5492 2235/5672
vt 0.93634 0.40422
f 2147/5596 2201/5662 2190/5673
vt 0.04433 0.51843
f 2133/5545 2197/5475 2216/5674
vt 0.95041 0.60529
f 2126/5577 2182/5547 2242/5675
vt 0.04424 0.52374
f 2126/5335 2242/5676 2197/5475
f 2065/4999 2245/5528 2337/5576
f 2131/5590 2225/5634 2168/5591
vt 0.92449 0.95048
vt 0.92357 0.95060
vt 0.92455 0.94743
f 2150/5677 2169/5678 2170/5679
vt 0.64987 0.92887
f 2100/5635 2258/5680 2211/5636
vt 0.84956 0.24523
vt 0.84992 0.24559
f 2100/5681 2111/5539 2258/5682
vt 0.35228 0.64019
f 2068/5209 2236/5683 2178/5484
vt 0.49595 0.02350
f 2124/5370 2272/5684 2120/5058
vt 0.92336 0.94739
vt 0.92354 0.94564
f 2170/5679 2228/5685 2237/5686
vt 0.64967 0.93434
f 2184/5605 2165/5637 2164/5687
vt 0.20016 0.88209
f 2106/5153 2235/5688 2215/5549
f 2081/5453 2177/5452 2105/5383
vt 0.29996 0.43928
f 2128/5264 2139/5440 2363/5689
vt 0.97216 0.63528
vt 0.97321 0.63431
vt 0.97268 0.63596
f 2154/5690 2158/5691 2194/5692
vt 0.53580 0.90915
vt 0.53585 0.90972
f 2109/5693 2219/5694 2088/5357
vt 0.05934 0.67367
f 2176/5449 2252/5695 2193/5507
f 2139/5440 2129/5433 2363/5689
vt 0.50124 0.28952
f 2122/5527 2400/5696 2377/5572
vt 0.75665 0.14773
f 2109/5517 2161/5355 2205/5697
vt 0.38520 0.29621
f 1944/5062 2451/5698 2195/5537
f 2112/4985 2244/5601 2210/5646
f 2136/5073 2063/5213 2245/5528
f 1944/5062 2329/5351 2451/5698
vt 0.04421 0.54125
f 2145/5519 2239/5699 2256/5477
vt 0.74718 0.00588
f 2117/5394 2220/5412 2311/5700
vt 0.78705 0.53988
f 2138/5567 2233/5621 2238/5701
vt 0.84842 0.24673
vt 0.84780 0.24844
f 2233/5614 2192/5702 2294/5703
vt 0.97657 0.40643
vt 0.97619 0.40609
f 2196/5704 2162/5624 2243/5705
vt 0.79569 0.18071
f 2237/5658 2264/5706 2153/5506
f 2170/5679 2169/5678 2228/5685
vt 0.95117 0.21440
vt 0.95015 0.21364
vt 0.95102 0.21240
f 2138/5707 2224/5708 2140/5709
vt 0.89622 0.09204
vt 0.89652 0.09423
vt 0.89518 0.09291
f 2150/5710 2253/5711 2169/5712
f 2157/5206 2256/5477 2084/5391
vt 0.36847 0.97568
vt 0.36792 0.97717
vt 0.36785 0.97570
f 2162/5713 2146/5714 2243/5715
vt 0.95014 0.21477
f 2138/5707 2238/5716 2224/5708
vt 0.05827 0.66813
vt 0.05695 0.66730
vt 0.05820 0.66738
f 2268/5717 2143/5718 2196/5719
vt 0.05730 0.64621
f 2144/5669 2141/5720 2163/5670
vt 0.05834 0.65128
f 2191/5455 2163/5670 2224/5721
f 2141/5597 2227/5468 2242/5676
f 2152/5103 2196/5639 2243/5648
vt 0.04256 0.53012
f 2175/5450 2255/5722 2227/5468
vt 0.88367 0.61619
f 2088/5668 2219/5723 2180/5552
vt 0.88327 0.61727
vt 0.88198 0.61667
f 2109/5724 2205/5725 2219/5723
vt 0.05803 0.67183
vt 0.05887 0.67198
f 2168/5726 2225/5727 2176/5449
vt 0.04360 0.53236
f 2084/5391 2258/5728 2175/5450
vt 0.28145 0.43463
f 2137/5299 2159/5233 2300/5729
f 2148/5012 2260/5526 2329/5351
vt 0.05699 0.64051
vt 0.05789 0.64049
vt 0.05782 0.64323
f 2181/5730 2216/5731 2232/5732
vt 0.36437 0.64557
f 2121/5571 2246/5733 2207/5558
vt 0.12488 0.73818
f 2160/5430 2186/5454 2283/5734
vt 0.49104 0.27942
f 2185/5212 2240/5428 2283/5735
vt 0.31561 0.30852
f 2105/5383 2177/5452 2428/5736
f 2186/5270 2185/5212 2283/5735
f 2176/5449 2225/5727 2252/5695
vt 0.95063 0.20944
f 2140/5709 2224/5708 2226/5737
vt 0.04209 0.51996
f 2216/5674 2197/5475 2202/5738
vt 0.66880 0.33833
vt 0.66722 0.33954
f 2178/5739 2234/5740 2064/5325
f 2155/5649 2243/5648 2239/5699
vt 0.05837 0.65254
f 2191/5455 2224/5721 2238/5741
f 2191/5455 2238/5741 2111/5523
f 2068/5209 2249/5603 2236/5683
vt 0.76938 0.92991
vt 0.76837 0.92928
vt 0.76906 0.92904
f 2132/5742 2211/5743 2192/5744
vt 0.76889 0.93267
f 2132/5742 2190/5745 2211/5743
vt 0.88546 0.61594
f 2180/5552 2219/5723 2179/5746
vt 0.75753 0.14909
f 2205/5697 2161/5355 2288/5747
vt 0.05819 0.64678
f 2141/5720 2226/5748 2163/5670
vt 0.05834 0.64626
f 2141/5720 2302/5749 2226/5748
vt 0.37994 0.29765
f 2188/4971 2195/5537 2426/5750
vt 0.95661 0.72903
vt 0.95596 0.72706
vt 0.95717 0.72738
f 2206/5751 2268/5752 2166/5753
vt 0.85519 0.66772
f 2122/5378 2114/5520 2278/5754
vt 0.34331 0.30322
f 2187/5342 2319/5755 2171/5045
vt 0.76813 0.92888
f 2192/5744 2211/5743 2258/5756
vt 0.05782 0.65750
vt 0.05861 0.65869
vt 0.05821 0.65947
f 2165/5757 2190/5758 2164/5759
vt 0.05890 0.66891
f 2268/5717 2206/5760 2225/5727
vt 0.83297 0.73013
f 2226/5599 2231/5761 2151/5598
vt 0.47322 0.40425
vt 0.47233 0.40672
f 2235/5762 2174/5518 2257/5763
vt 0.76832 0.93127
f 2211/5743 2190/5745 2165/5764
vt 0.32034 0.30644
f 2177/5452 2328/5765 2428/5736
f 2188/4971 2426/5750 2135/4972
f 2119/5541 2244/5601 1991/4825
vt 0.05814 0.66134
vt 0.05842 0.66052
vt 0.05841 0.66253
f 2184/5766 2164/5767 2158/5768
f 2167/5133 2208/5600 2198/5396
vt 0.05832 0.64558
f 2141/5720 2229/5769 2302/5749
vt 0.29220 0.43590
f 2156/4966 2217/5353 2348/5770
vt 0.05749 0.64566
f 2141/5720 2242/5771 2229/5769
vt 0.08306 0.44856
f 2264/5653 2341/5772 2123/5438
vt 0.75839 0.15136
f 2161/5355 2123/5429 2332/5773
f 2117/5394 2311/5700 2336/5651
vt 0.50276 0.28894
f 2122/5527 2278/5774 2400/5696
vt 0.78832 0.23541
f 2193/5463 2252/5775 2200/5508
vt 0.91512 0.22798
vt 0.91703 0.22798
vt 0.91639 0.22924
f 2166/5776 2268/5777 2281/5778
vt 0.91463 0.22874
f 2166/5776 2281/5778 2212/5779
vt 0.88348 0.61507
f 2179/5746 2219/5723 2277/5780
vt 0.84952 0.24802
f 2294/5703 2192/5702 2315/5781
vt 0.04223 0.52374
f 2197/5475 2242/5676 2274/5782
vt 0.85005 0.24684
f 2258/5783 2315/5781 2192/5702
vt 0.97917 0.14867
vt 0.97897 0.14949
vt 0.97866 0.14886
f 2243/5784 2146/5785 2304/5786
vt 0.89685 0.96016
vt 0.89756 0.96088
vt 0.89641 0.96116
f 2203/5787 2209/5788 2251/5789
vt 0.48058 0.40780
f 2172/5372 2066/5205 2222/5790
vt 0.05830 0.64855
f 2163/5670 2226/5791 2224/5721
vt 0.97862 0.14988
f 2146/5785 2212/5792 2304/5786
vt 0.95582 0.72990
vt 0.95671 0.73125
f 2225/5793 2206/5751 2203/5794
vt 0.76912 0.93587
vt 0.76797 0.93448
f 2201/5795 2164/5796 2190/5745
vt 0.05814 0.64179
f 2232/5732 2216/5731 2228/5797
vt 0.50369 0.28955
f 2179/5588 2221/5798 2115/5657
vt 0.48807 0.41018
f 2223/5569 2214/5799 2199/5478
vt 0.27642 0.43485
f 2120/5036 2272/5800 2159/5233
vt 0.35802 0.30039
f 2063/5213 2210/5646 2230/5801
vt 0.76122 0.15121
f 2123/5429 2341/5802 2332/5773
vt 0.05840 0.64498
vt 0.05758 0.64487
f 2232/5732 2229/5803 2182/5804
vt 0.92281 0.95073
vt 0.92275 0.94969
f 2169/5678 2229/5805 2232/5806
f 2115/5657 2221/5798 2114/5482
f 2228/5685 2169/5678 2232/5806
f 2242/5771 2182/5804 2229/5769
vt 0.08170 0.48865
f 2183/5446 2189/5562 2347/5807
vt 0.26080 0.72329
f 2220/5389 2075/5237 2415/5808
vt 0.97854 0.14823
f 2243/5784 2304/5786 2261/5809
vt 0.28789 0.43481
f 2137/5299 2343/5810 2217/5353
vt 0.31448 0.57882
vt 0.31427 0.57770
f 2209/5556 2259/5811 2331/5812
vt 0.78635 0.23556
vt 0.78642 0.23729
f 2209/5813 2200/5508 2259/5814
f 2174/5518 2172/5372 2257/5763
vt 0.49819 0.02367
f 2124/5370 2336/5815 2272/5684
vt 0.05832 0.64132
vt 0.05849 0.64044
f 2228/5816 2216/5731 2237/5817
vt 0.02295 0.98883
vt 0.02295 0.98959
vt 0.02259 0.98935
f 2114/5818 2221/5819 2278/5820
vt 0.31464 0.55941
vt 0.31354 0.55840
f 2233/5486 2294/5821 2324/5822
vt 0.89734 0.96184
f 2209/5788 2331/5823 2251/5789
vt 0.89580 0.95993
f 2203/5787 2251/5789 2225/5824
vt 0.83399 0.73004
f 2226/5599 2302/5825 2231/5761
vt 0.04229 0.55148
f 2198/5396 2208/5600 2339/5826
vt 0.05897 0.66107
f 2158/5768 2164/5767 2201/5827
vt 0.89386 0.09299
vt 0.89486 0.09414
f 2229/5828 2169/5712 2286/5829
vt 0.30827 0.30775
f 2223/5487 2271/5503 2214/5830
vt 0.79889 0.18000
f 2237/5658 2287/5831 2264/5706
vt 0.29401 0.43668
f 2156/4966 2348/5770 2262/5832
f 2156/4966 2262/5832 2129/5433
vt 0.05819 0.63972
f 2216/5731 2241/5833 2237/5817
vt 0.88561 0.61349
f 2179/5746 2277/5780 2221/5834
vt 0.89561 0.96124
f 2225/5824 2251/5789 2250/5835
vt 0.26330 0.72453
f 2204/4927 2218/5522 2406/5836
vt 0.49977 0.71535
f 2282/5570 2183/5602 2347/5837
vt 0.04182 0.53351
f 2084/5391 2382/5838 2258/5728
vt 0.04362 0.54578
f 2196/5639 2213/5462 2268/5839
vt 0.76940 0.93702
vt 0.76796 0.93678
f 2194/5840 2158/5841 2201/5795
vt 0.27137 0.72650
f 2064/5311 2234/5842 2218/5522
vt 0.04093 0.53592
f 2084/5391 2256/5477 2314/5843
f 2084/5391 2314/5843 2382/5838
vt 0.04363 0.51763
f 2216/5674 2202/5738 2241/5844
vt 0.69548 0.10920
vt 0.69568 0.11004
vt 0.69531 0.10958
f 2219/5845 2205/5846 2277/5847
vt 0.08180 0.45101
f 2264/5653 2350/5848 2341/5772
vt 0.08134 0.48970
f 2189/5562 2307/5849 2347/5807
f 2169/5712 2253/5711 2286/5829
vt 0.31100 0.30910
f 2105/5383 2270/5850 2271/5503
vt 0.04112 0.52655
f 2227/5468 2255/5722 2487/5851
vt 0.37543 0.29771
f 2096/5174 2135/4972 2425/5852
f 2096/5174 2425/5852 2119/5541
vt 0.46937 0.40404
vt 0.47101 0.40404
f 2307/5853 2215/5854 2257/5763
f 2137/5299 2300/5729 2343/5810
vt 0.05844 0.65291
vt 0.05884 0.65331
f 2238/5855 2248/5856 2111/5523
f 2105/5383 2428/5736 2270/5850
vt 0.06068 0.67273
f 2225/5727 2250/5857 2252/5695
f 2227/5468 2487/5851 2242/5676
vt 0.11718 0.90337
vt 0.11747 0.90495
vt 0.11624 0.90407
f 2212/5858 2267/5859 2304/5860
vt 0.48748 0.40896
vt 0.48740 0.41015
f 2199/5861 2214/5862 2269/5628
vt 0.91497 0.23021
f 2212/5779 2281/5778 2254/5863
vt 0.27857 0.43224
f 2159/5233 2272/5800 2576/5864
vt 0.80026 0.17807
vt 0.80059 0.17907
f 2237/5658 2241/5865 2310/5866
f 2235/5762 2257/5763 2215/5854
vt 0.35232 0.64303
f 2236/5683 2249/5603 2333/5867
vt 0.31433 0.57294
vt 0.31380 0.57193
f 2212/5629 2254/5868 2267/5869
vt 0.04218 0.54743
f 2213/5462 2198/5396 2313/5870
f 2213/5462 2313/5870 2268/5839
vt 0.04334 0.53168
f 2175/5450 2258/5728 2248/5871
f 2175/5450 2248/5871 2255/5722
f 2348/5770 2217/5353 2343/5810
f 2161/5355 2332/5773 2288/5747
vt 0.48416 0.41322
f 2269/5628 2309/5872 2066/5205
vt 0.78733 0.54103
vt 0.78645 0.54023
f 2238/5701 2265/5873 2248/5874
f 2159/5233 2576/5864 2300/5729
vt 0.05876 0.65399
f 2111/5523 2248/5856 2258/5875
f 2171/5045 2319/5755 2275/5652
vt 0.35640 0.64630
f 2173/5070 2207/5558 2522/5876
f 2187/5342 2337/5576 2319/5755
vt 0.36232 0.30107
f 2210/5646 2244/5601 2473/5877
f 2238/5701 2233/5621 2265/5873
vt 0.30220 0.44086
f 2128/5264 2363/5689 2273/5878
vt 0.31234 0.57844
f 2259/5811 2380/5879 2331/5812
f 2242/5676 2487/5851 2274/5782
vt 0.85008 0.24784
f 2258/5783 2289/5880 2315/5781
vt 0.69375 0.10932
vt 0.69508 0.11117
vt 0.69408 0.11249
f 2263/5881 2288/5882 2332/5883
vt 0.04195 0.51766
f 2241/5844 2202/5738 2310/5884
vt 0.99324 0.76754
vt 0.99324 0.76819
vt 0.99312 0.76795
f 2263/5885 2205/5886 2288/5887
vt 0.04319 0.54455
f 2243/5648 2261/5888 2239/5699
vt 0.69488 0.10963
f 2277/5847 2205/5846 2263/5889
f 2173/5070 2522/5876 2249/5603
f 2075/5237 2406/5836 2415/5808
vt 0.78783 0.23747
f 2200/5508 2252/5775 2312/5890
vt 0.05973 0.65286
vt 0.06021 0.65369
f 2248/5856 2265/5891 2308/5892
vt 0.05917 0.65388
f 2248/5856 2308/5892 2289/5893
f 2128/5264 2273/5878 2260/5529
f 2204/4927 2406/5836 2075/5237
vt 0.83214 0.73154
f 2231/5761 2303/5894 2151/5598
vt 0.49054 0.28235
f 2283/5735 2240/5428 2355/5895
vt 0.83145 0.73135
f 2151/5598 2303/5894 2253/5896
vt 0.66866 0.34012
f 2178/5739 2236/5897 2234/5740
vt 0.89613 0.09491
f 2253/5711 2285/5898 2286/5829
vt 0.91744 0.22873
f 2268/5777 2338/5899 2281/5778
vt 0.11658 0.90601
f 2267/5859 2372/5900 2304/5860
vt 0.37126 0.29965
f 2119/5541 2425/5852 2486/5901
f 2063/5213 2230/5801 2245/5528
f 2066/5205 2309/5872 2222/5790
vt 0.78898 0.54227
f 2233/5621 2324/5902 2265/5873
vt 0.04295 0.53191
f 2248/5871 2289/5903 2255/5722
vt 0.29685 0.43718
f 2363/5689 2129/5433 2357/5904
vt 0.80053 0.18002
vt 0.79996 0.17992
f 2237/5658 2310/5905 2296/5906
vt 0.30842 0.30946
f 2214/5830 2271/5503 2383/5907
f 2200/5508 2312/5890 2259/5814
f 2135/4972 2426/5750 2425/5852
vt 0.11536 0.90401
vt 0.11472 0.90338
f 2304/5860 2276/5908 2261/5909
vt 0.31499 0.56680
vt 0.31329 0.56631
vt 0.31450 0.56460
f 2305/5910 2279/5911 2266/5912
vt 0.91034 0.82548
vt 0.90988 0.82358
vt 0.91106 0.82388
f 2305/5913 2266/5914 2354/5915
vt 0.97389 0.31981
vt 0.97505 0.31909
vt 0.97503 0.32013
f 2263/5916 2301/5917 2277/5918
vt 0.12429 0.74081
f 2160/5430 2344/5919 2246/5563
vt 0.95061 0.32853
vt 0.95135 0.32961
vt 0.94993 0.33058
f 2291/5920 2325/5921 2284/5922
vt 0.93857 0.67575
vt 0.93761 0.67671
vt 0.93829 0.67392
f 2291/5923 2284/5924 2287/5925
vt 0.05975 0.64599
f 2302/5749 2229/5769 2280/5926
vt 0.39078 0.29480
f 2329/5351 2260/5526 2273/5927
f 2210/5646 2473/5877 2230/5801
vt 0.95747 0.55242
vt 0.95647 0.55350
vt 0.95632 0.55263
f 2281/5928 2292/5929 2254/5930
vt 0.33518 0.95109
vt 0.33409 0.95113
vt 0.33502 0.94901
f 2265/5931 2324/5932 2317/5933
f 2198/5396 2339/5826 2313/5870
vt 0.31222 0.57297
f 2254/5868 2392/5934 2267/5869
vt 0.60514 0.96056
vt 0.60579 0.96004
vt 0.60629 0.96154
f 2292/5935 2281/5936 2299/5937
vt 0.60512 0.96373
f 2292/5935 2299/5937 2251/5938
vt 0.91081 0.82283
f 2266/5914 2306/5939 2354/5915
vt 0.91007 0.82120
f 2266/5914 2290/5940 2306/5939
vt 0.91078 0.83011
vt 0.91048 0.82956
vt 0.91111 0.82961
f 2276/5941 2304/5942 2367/5943
vt 0.31243 0.55935
f 2324/5822 2294/5821 2356/5944
vt 0.95070 0.33170
f 2284/5922 2325/5921 2286/5945
vt 0.90999 0.82863
f 2372/5946 2305/5913 2304/5942
vt 0.78856 0.23664
f 2252/5775 2389/5947 2312/5890
f 2237/5658 2296/5906 2287/5831
vt 0.93780 0.67848
vt 0.93686 0.67806
f 2286/5948 2285/5949 2284/5924
f 2119/5541 2486/5901 2244/5601
vt 0.04152 0.53928
f 2256/5477 2239/5699 2298/5950
vt 0.89417 0.09412
f 2286/5829 2280/5951 2229/5828
f 2197/5475 2274/5782 2202/5738
vt 0.04275 0.54530
f 2268/5839 2313/5870 2338/5952
vt 0.08080 0.45000
f 2341/5772 2350/5848 2352/5953
vt 0.91727 0.22909
f 2338/5899 2276/5954 2281/5778
vt 0.91003 0.81906
vt 0.91084 0.81855
f 2294/5955 2315/5956 2290/5940
vt 0.47603 0.40930
f 2172/5372 2222/5790 2419/5957
f 2172/5372 2419/5957 2257/5763
f 2258/5728 2382/5838 2289/5903
vt 0.60593 0.96412
f 2251/5938 2299/5937 2250/5958
vt 0.93690 0.67429
f 2284/5924 2295/5959 2287/5925
vt 0.04096 0.54284
f 2239/5699 2261/5888 2395/5960
vt 0.95723 0.55615
vt 0.95594 0.55619
f 2251/5961 2331/5962 2292/5929
vt 0.95147 0.32697
f 2291/5920 2296/5963 2325/5921
f 2239/5699 2395/5960 2298/5950
vt 0.48620 0.41334
f 2214/5862 2540/5964 2269/5628
vt 0.31301 0.55184
vt 0.31230 0.55104
f 2253/5656 2303/5965 2351/5966
vt 0.05966 0.66721
vt 0.05971 0.66678
vt 0.06024 0.66720
f 2338/5967 2261/5968 2276/5969
vt 0.95049 0.32714
f 2291/5920 2287/5970 2296/5963
vt 0.11739 0.90696
f 2267/5859 2420/5971 2372/5900
vt 0.95582 0.51778
vt 0.95598 0.51652
vt 0.95667 0.51685
f 2297/5972 2231/5973 2302/5974
vt 0.95622 0.51991
f 2297/5972 2302/5974 2317/5975
vt 0.33447 0.94726
vt 0.33395 0.94559
vt 0.33500 0.94568
f 2297/5976 2303/5977 2231/5978
vt 0.91089 0.82050
f 2290/5940 2321/5979 2306/5939
f 2290/5940 2315/5956 2321/5979
vt 0.31427 0.55983
vt 0.31461 0.56313
vt 0.31369 0.56177
f 2294/5980 2290/5981 2362/5982
vt 0.95687 0.52059
vt 0.95623 0.52212
f 2317/5975 2360/5983 2265/5984
vt 0.91112 0.82629
f 2304/5942 2305/5913 2361/5985
vt 0.60650 0.95973
f 2281/5936 2276/5986 2299/5937
vt 0.95151 0.33132
f 2286/5945 2325/5921 2390/5987
vt 0.79774 0.18144
f 2287/5831 2295/5988 2264/5706
vt 0.48781 0.41197
f 2214/5799 2383/5989 2540/5964
vt 0.33380 0.94934
f 2317/5933 2323/5990 2297/5976
vt 0.85003 0.24833
f 2289/5880 2308/5991 2315/5781
vt 0.95700 0.52225
f 2265/5984 2360/5983 2308/5992
vt 0.26784 0.72629
f 2218/5522 2234/5842 2334/5993
vt 0.06172 0.67407
f 2252/5695 2250/5857 2389/5994
vt 0.49443 0.71375
f 2282/5570 2376/5995 2208/5513
vt 0.89673 0.09660
vt 0.89603 0.09593
f 2253/5711 2351/5996 2285/5997
vt 0.93686 0.67634
f 2284/5924 2285/5949 2318/5998
vt 0.74331 0.00369
f 2220/5412 2415/5999 2311/5700
f 2129/5433 2262/5832 2357/5904
vt 0.31351 0.56449
f 2266/5912 2346/6000 2290/5981
f 2266/5912 2279/5911 2346/6000
vt 0.91136 0.82475
f 2305/5913 2298/6001 2361/5985
vt 0.28624 0.43162
f 2343/5810 2300/5729 2585/6002
vt 0.31367 0.57113
vt 0.31332 0.56860
f 2372/6003 2359/6004 2305/5910
vt 0.04151 0.55542
f 2208/5600 2376/6005 2339/5826
f 2160/5430 2283/5734 2344/5919
vt 0.04162 0.53823
f 2256/5477 2298/5950 2354/6006
f 2284/5924 2318/5998 2295/5959
vt 0.04133 0.53168
f 2255/5722 2289/5903 2353/6007
f 2317/5933 2324/5932 2323/5990
vt 0.69445 0.10855
vt 0.69190 0.10737
vt 0.69300 0.10676
f 2277/6008 2340/6009 2221/6010
vt 0.69285 0.10893
f 2277/6008 2301/6011 2340/6009
vt 0.31336 0.55988
f 2294/5980 2362/5982 2335/6012
f 2290/5981 2346/6000 2362/5982
vt 0.33369 0.94685
f 2297/5976 2375/6013 2303/5977
vt 0.46976 0.40821
f 2257/5763 2465/6014 2307/5853
f 2305/5910 2359/6004 2279/5911
f 2305/5913 2354/5915 2298/6001
vt 0.79610 0.18292
f 2264/5706 2295/5988 2350/6015
vt 0.12078 0.74043
f 2246/5563 2344/5919 2410/6016
f 2271/5503 2270/5850 2383/5907
vt 0.31137 0.57189
f 2267/5869 2392/5934 2420/6017
vt 0.50257 0.29005
f 2278/5774 2221/6018 2400/5696
vt 0.84743 0.25061
vt 0.84861 0.25026
f 2356/6019 2294/5703 2335/6020
vt 0.05997 0.64517
vt 0.06076 0.64553
vt 0.05980 0.64572
f 2286/6021 2390/6022 2280/6023
vt 0.69198 0.11080
f 2263/5881 2332/5883 2316/6024
vt 0.05991 0.64741
vt 0.06099 0.64767
vt 0.06022 0.64979
f 2302/6025 2342/6026 2317/6027
vt 0.47949 0.41272
f 2222/5790 2675/6028 2419/5957
f 2256/5477 2354/6006 2314/5843
vt 0.07896 0.48863
f 2347/5807 2307/5849 2462/6029
vt 0.49408 0.28789
f 2377/5572 2513/6030 2049/5417
vt 0.91584 0.23145
vt 0.91486 0.23211
f 2254/5863 2345/6031 2392/6032
vt 0.99093 0.41526
vt 0.99067 0.41573
vt 0.99058 0.41526
f 2254/6033 2292/6034 2345/6035
vt 0.66590 0.34331
f 2236/5897 2579/6036 2234/5740
vt 0.63539 0.78530
vt 0.63360 0.78258
vt 0.63596 0.78258
f 2357/6037 2262/6038 2475/6039
vt 0.06059 0.66499
vt 0.06113 0.66314
vt 0.06132 0.66528
f 2304/6040 2361/6041 2367/6042
vt 0.06083 0.65059
f 2317/6027 2342/6026 2360/6043
vt 0.66545 0.34084
f 2234/5740 2579/6036 2404/6044
vt 0.83572 0.00043
vt 0.83628 0.00166
vt 0.83557 0.00244
f 2234/6045 2404/6046 2322/6047
f 2302/6025 2280/5926 2342/6026
vt 0.78904 0.54404
vt 0.78775 0.54325
f 2324/5902 2393/6048 2370/6049
vt 0.94837 0.92334
vt 0.94755 0.92330
vt 0.94798 0.92148
f 2324/6050 2370/6051 2323/6052
vt 0.83340 0.00238
f 2334/6053 2234/6045 2322/6047
vt 0.78625 0.23925
f 2259/5814 2312/5890 2380/6054
vt 0.96704 0.92696
vt 0.96636 0.92871
vt 0.96592 0.92670
f 2263/6055 2316/6056 2301/6057
f 2323/5990 2375/6013 2297/5976
vt 0.27690 0.43217
f 2576/5864 2272/5800 2326/6058
vt 0.49467 0.28575
f 2049/5417 2327/6059 2247/5485
vt 0.31177 0.55821
f 2324/5822 2356/5944 2393/6060
vt 0.36467 0.64881
vt 0.36184 0.64905
f 2246/5733 2410/6061 2412/6062
f 2246/5733 2412/6062 2207/5558
vt 0.31131 0.56531
f 2279/5911 2330/6063 2346/6000
f 2195/5537 2451/5698 2426/5750
vt 0.06097 0.64668
f 2280/5926 2390/6022 2388/6064
f 2222/5790 2309/5872 2675/6028
f 2289/5903 2382/5838 2353/6007
vt 0.63387 0.78116
f 2262/6038 2348/6065 2475/6039
vt 0.50313 0.29198
f 2221/6018 2340/6066 2400/5696
vt 0.05997 0.64029
vt 0.06035 0.64015
vt 0.06052 0.64047
f 2296/6067 2310/6068 2373/6069
f 2049/5417 2513/6030 2327/6059
vt 0.35319 0.30269
f 2230/5801 2320/6070 2245/5528
vt 0.49070 0.28465
f 2240/5428 2247/5485 2489/6071
vt 0.34843 0.30374
f 2245/5528 2368/6072 2337/5576
vt 0.06098 0.65385
vt 0.06059 0.65517
f 2308/5892 2353/6073 2315/6074
vt 0.95705 0.00013
vt 0.95660 0.00248
vt 0.95643 0.00098
f 2295/6075 2318/6076 2385/6077
vt 0.04083 0.55307
f 2339/5826 2376/6005 2384/6078
vt 0.04063 0.52354
f 2202/5738 2274/5782 2390/6079
f 2280/5926 2388/6064 2342/6026
vt 0.06221 0.67204
vt 0.06168 0.67299
f 2250/5857 2378/6080 2358/6081
vt 0.06171 0.66647
f 2276/5969 2367/6042 2366/6082
vt 0.06168 0.66762
f 2276/5969 2366/6082 2364/6083
vt 0.92576 0.72501
vt 0.92636 0.72678
vt 0.92532 0.72686
f 2346/6084 2330/6085 2442/6086
vt 0.06145 0.67342
f 2250/5857 2358/6087 2389/5994
vt 0.06030 0.64329
vt 0.06104 0.64144
f 2325/6088 2296/6067 2398/6089
vt 0.35901 0.64803
f 2207/5558 2412/6062 2399/6090
f 2261/5888 2338/5952 2395/5960
vt 0.06140 0.65295
f 2308/5892 2374/6091 2353/6073
vt 0.12648 0.74070
f 2283/5734 2355/6092 2344/5919
f 2296/6067 2373/6069 2398/6089
vt 0.83435 0.00456
f 2322/6047 2396/6093 2334/6053
vt 0.78746 0.23998
f 2312/5890 2403/6094 2380/6054
vt 0.06103 0.66937
f 2250/5857 2299/6095 2378/6080
vt 0.35374 0.64613
f 2249/5603 2464/6096 2333/5867
vt 0.95157 0.44734
vt 0.95142 0.45050
vt 0.95083 0.44681
f 2292/6097 2331/6098 2345/6099
vt 0.07775 0.48956
f 2307/5849 2465/6100 2462/6029
vt 0.04059 0.51922
f 2310/5884 2202/5738 2373/6101
vt 0.06146 0.65440
vt 0.06104 0.65640
f 2315/6074 2381/6102 2321/6103
vt 0.49675 0.71657
f 2347/5837 2349/6104 2282/5570
vt 0.69146 0.11361
f 2332/5883 2429/6105 2316/6024
vt 0.83141 0.73272
vt 0.83157 0.73474
f 2351/6106 2303/5894 2417/6107
vt 0.89506 0.09644
f 2285/5997 2351/5996 2365/6108
vt 0.94706 0.92196
f 2323/6052 2370/6051 2360/6109
f 2308/5892 2360/6043 2374/6091
vt 0.95743 0.00367
vt 0.95638 0.00444
f 2318/6076 2285/6110 2365/6111
f 2315/6074 2353/6073 2381/6102
vt 0.69071 0.10859
f 2301/6011 2379/6112 2340/6009
vt 0.76112 0.15349
f 2332/5773 2341/5802 2352/6113
vt 0.29045 0.43430
f 2348/5770 2343/5810 2397/6114
vt 0.83293 0.73257
f 2303/5894 2375/6115 2417/6107
f 2282/5570 2349/6104 2376/5995
vt 0.04060 0.52495
f 2274/5782 2487/5851 2388/6116
f 2276/5969 2364/6083 2299/6095
vt 0.74992 0.00321
f 2336/5651 2311/5700 2480/6117
vt 0.04073 0.53124
f 2353/6007 2374/6118 2255/5722
vt 0.04099 0.54581
vt 0.04084 0.54463
f 2338/5952 2364/6119 2366/6120
f 2338/5952 2366/6120 2395/5960
vt 0.32273 0.30842
vt 0.31986 0.30957
f 2328/5765 2441/6121 2549/6122
f 2338/5952 2313/5870 2364/6119
f 2207/5558 2399/6090 2522/5876
vt 0.66900 0.34156
f 2236/5897 2333/6123 2579/6036
vt 0.06152 0.64348
f 2325/6088 2398/6089 2318/6124
f 2428/5736 2328/5765 2549/6122
vt 0.36674 0.30238
f 2244/5601 2503/6125 2473/5877
vt 0.35591 0.30409
f 2230/5801 2530/6126 2320/6070
vt 0.79802 0.18264
f 2295/5988 2385/6127 2350/6015
vt 0.95592 0.00112
f 2398/6128 2385/6077 2318/6076
vt 0.33504 0.30749
f 2293/5473 2275/5652 2472/6129
vt 0.32305 0.30690
f 2328/5765 5683/6130 2441/6121
vt 0.78872 0.23835
f 2312/5890 2389/6131 2403/6094
vt 0.04053 0.54749
f 2313/5870 2339/5826 2405/6132
vt 0.04134 0.55119
f 2339/5826 2358/6133 2405/6132
vt 0.94792 0.54329
vt 0.94679 0.54249
vt 0.94796 0.54049
f 2372/6134 2367/6135 2359/6136
f 2240/5428 2489/6071 2355/5895
vt 0.94675 0.53847
vt 0.94779 0.53857
vt 0.94706 0.53955
f 2298/6137 2279/6138 2361/6139
vt 0.93035 0.29216
vt 0.93027 0.29329
vt 0.92847 0.29297
f 2298/6140 2387/6141 2279/6142
f 2279/6138 2359/6136 2361/6139
vt 0.94772 0.91807
f 2323/6052 2360/6109 2375/6143
vt 0.95963 0.15463
vt 0.95870 0.15473
vt 0.95962 0.15259
f 2346/6144 2371/6145 2362/6146
vt 0.92386 0.72423
vt 0.92465 0.72514
vt 0.92377 0.72527
f 2354/6147 2371/6148 2391/6149
f 2359/6136 2367/6135 2361/6139
vt 0.94698 0.91863
f 2375/6143 2360/6109 2342/6150
vt 0.06169 0.65558
f 2321/6103 2381/6102 2335/6151
vt 0.06130 0.64406
f 2325/6088 2318/6124 2365/6152
vt 0.06095 0.65877
vt 0.06194 0.65933
f 2306/6153 2321/6103 2371/6154
vt 0.06233 0.66859
f 2378/6080 2299/6095 2345/6155
f 2249/5603 2522/5876 2464/6096
f 2337/5576 2368/6072 2319/5755
vt 0.03912 0.52197
f 2390/6079 2369/6156 2202/5738
vt 0.69185 0.11027
f 2301/6011 2316/6157 2379/6112
f 2325/6088 2365/6152 2390/6022
vt 0.04043 0.55207
f 2358/6133 2339/5826 2389/6158
vt 0.06083 0.66033
f 2354/6159 2306/6153 2371/6154
vt 0.26490 0.72658
f 2406/5836 2218/5522 2440/6160
f 2299/6095 2364/6083 2345/6155
vt 0.11589 0.90778
vt 0.11502 0.90596
f 2372/5900 2430/6161 2366/6162
vt 0.12382 0.74332
f 2344/5919 2518/6163 2410/6016
vt 0.94669 0.92341
f 2360/6109 2370/6051 2374/6164
vt 0.74743 0.00174
f 2311/5700 2415/5999 2502/6165
vt 0.95869 0.15252
vt 0.95929 0.15006
f 2362/6146 2321/6166 2335/6167
f 2388/6116 2390/6079 2274/5782
vt 0.95038 0.45058
f 2331/6098 2378/6168 2345/6099
f 2346/6084 2442/6086 2371/6148
vt 0.94672 0.54343
f 2367/6135 2372/6134 2366/6169
f 2362/6146 2371/6145 2321/6166
vt 0.99247 0.95343
vt 0.99273 0.95304
vt 0.99273 0.95343
f 2342/6170 2388/6171 2375/6172
f 2218/5522 2334/5993 2440/6160
vt 0.68970 0.11058
vt 0.69122 0.11019
f 2316/6024 2488/6173 2379/6174
vt 0.57062 0.19374
vt 0.56714 0.19613
vt 0.56908 0.19299
f 2404/6175 2643/6176 2322/6177
f 2372/5900 2420/5971 2430/6161
f 2269/5628 2540/5964 2309/5872
vt 0.31135 0.56629
f 2279/5911 2444/6178 2330/6063
f 2245/5528 2320/6070 2368/6072
f 2247/5485 2327/6059 2489/6071
vt 0.48717 0.41466
f 2383/5989 2551/6179 2540/5964
vt 0.33103 0.30778
f 2293/5473 2472/6129 2469/6180
vt 0.04066 0.53792
f 2314/5843 2354/6006 2391/6181
vt 0.04025 0.53246
f 2353/6007 2382/5838 2381/6182
vt 0.07865 0.45236
f 2350/5848 2494/6183 2352/5953
f 2316/6024 2429/6105 2488/6173
f 2339/5826 2384/6078 2389/6158
f 2313/5870 2405/6132 2364/6119
vt 0.31041 0.55244
vt 0.31045 0.55140
f 2417/6184 2545/6185 2351/5966
f 2311/5700 2502/6165 2480/6117
vt 0.56662 0.19267
f 2322/6177 2643/6176 2396/6186
vt 0.08043 0.45255
f 2350/5848 2394/6187 2494/6183
vt 0.95052 0.13549
vt 0.95216 0.13537
vt 0.95135 0.13696
f 2378/6188 2331/6189 2386/6190
vt 0.50173 0.29381
f 2340/6066 2432/6191 2400/5696
vt 0.68913 0.10863
f 2379/6112 2488/6173 2495/6192
vt 0.03990 0.53084
f 2255/5722 2374/6118 2401/6193
vt 0.03997 0.53937
f 2298/5950 2395/5960 2387/6194
vt 0.32357 0.30834
f 5683/6130 5685/6195 2441/6121
vt 0.29824 0.43629
f 2357/5904 2453/6196 2363/5689
vt 0.94996 0.13504
vt 0.95000 0.13599
f 2358/6197 2378/6188 2408/6198
vt 0.03907 0.52050
f 2202/5738 2479/6199 2373/6101
vt 0.30997 0.55980
f 2356/5944 2421/6200 2393/6060
vt 0.78647 0.54282
vt 0.78632 0.54392
f 2374/6201 2370/6049 2456/6202
vt 0.95229 0.13687
f 2331/6189 2380/6203 2386/6190
vt 0.89636 0.09867
vt 0.89532 0.09782
f 2351/5996 2545/6204 2418/6205
vt 0.91731 0.23209
f 2392/6032 2345/6031 2402/6206
vt 0.49838 0.02750
f 2336/5815 2480/6207 2272/5684
vt 0.91729 0.23136
f 2345/6031 2364/6208 2402/6206
f 2351/5996 2418/6205 2365/6108
f 2371/6148 2442/6086 2391/6149
vt 0.38900 0.29925
f 2273/5927 2630/6209 2329/5351
vt 0.30288 0.43623
f 2273/5878 2363/5689 2630/6210
vt 0.38765 0.30007
f 2329/5351 2603/6211 2451/5698
vt 0.84834 0.25201
f 2335/6020 2466/6212 2356/6019
vt 0.31179 0.31268
f 2270/5850 2428/5736 2569/6213
vt 0.63386 0.77882
vt 0.63605 0.78064
f 2348/6065 2397/6214 2496/6215
vt 0.79819 0.18397
f 2385/6127 2449/6216 2350/6015
vt 0.50433 0.29266
f 2379/6217 2432/6191 2340/6066
vt 0.89378 0.09752
vt 0.89376 0.09587
f 2365/6108 2452/6218 2390/6219
vt 0.83385 0.00603
f 2334/6053 2396/6093 2413/6220
f 2230/5801 2473/5877 2530/6126
vt 0.83231 0.00650
f 2334/6053 2413/6220 2440/6221
vt 0.03999 0.55114
f 2358/6133 2408/6222 2405/6132
vt 0.78851 0.54559
vt 0.78810 0.54456
f 2393/6048 2437/6223 2443/6224
f 2348/6065 2496/6215 2475/6039
f 2202/5738 2369/6156 2479/6199
f 2255/5722 2401/6193 2487/5851
f 2244/5601 2486/5901 2503/6125
vt 0.79067 0.97564
vt 0.79137 0.97563
vt 0.79115 0.97658
f 2373/6225 2479/6226 2398/6227
vt 0.49465 0.71741
f 2349/6104 2482/6228 2376/5995
vt 0.28332 0.43092
f 2300/5729 2460/6229 2585/6002
vt 0.84757 0.25233
f 2356/6019 2466/6212 2421/6230
vt 0.26240 0.72614
f 2406/5836 2409/6231 2415/5808
vt 0.69313 0.11578
f 2332/5883 2454/6232 2429/6105
f 2365/6108 2418/6205 2452/6218
vt 0.11468 0.90724
f 2366/6162 2430/6161 2455/6233
vt 0.03958 0.54465
f 2366/6120 2455/6234 2395/5960
vt 0.91629 0.23319
f 2402/6206 2424/6235 2392/6032
vt 0.75857 0.15390
f 2352/6113 2454/6236 2332/5773
vt 0.30874 0.31225
f 2383/5907 2270/5850 2525/6237
vt 0.34482 0.30610
f 2319/5755 2368/6072 2458/6238
vt 0.95459 0.36791
vt 0.95450 0.37088
vt 0.95317 0.36907
f 2398/6239 2418/6240 2449/6241
vt 0.95613 0.11230
vt 0.95704 0.11417
vt 0.95585 0.11526
f 2398/6242 2414/6243 2418/6244
vt 0.50485 0.29456
f 2379/6217 2495/6245 2432/6191
vt 0.85002 0.25023
f 2335/6020 2381/6246 2466/6212
vt 0.79620 0.18426
f 2350/6015 2449/6216 2394/6247
f 2393/6048 2443/6224 2370/6049
f 2382/5838 2314/5843 2381/6182
vt 0.03799 0.55570
f 2376/6005 2482/6248 2384/6078
vt 0.07895 0.45468
f 2394/6187 2516/6249 2494/6183
vt 0.95434 0.36718
vt 0.95310 0.36886
f 2385/6250 2398/6239 2449/6251
vt 0.78617 0.54320
f 2374/6201 2456/6202 2401/6252
vt 0.78684 0.24205
f 2380/6054 2403/6094 2577/6253
vt 0.34006 0.30693
f 2319/5755 2550/6254 2275/5652
vt 0.66887 0.34405
f 2333/6123 2531/6255 2579/6036
vt 0.92846 0.29467
f 2279/6142 2387/6141 2444/6256
f 2378/6188 2386/6190 2408/6198
vt 0.03729 0.54119
f 2387/6194 2395/5960 2543/6257
vt 0.03845 0.53789
f 2391/6181 2553/6258 2314/5843
vt 0.83443 0.73221
vt 0.83437 0.73415
f 2375/6115 2388/6259 2422/6260
vt 0.03979 0.54544
f 2364/6119 2405/6132 2402/6261
vt 0.11721 0.90847
f 2420/5971 2407/6262 2430/6161
f 2329/5351 2630/6209 2603/6211
vt 0.56587 0.19361
f 2396/6186 2643/6176 2413/6263
vt 0.03870 0.54351
f 2395/5960 2433/6264 2543/6257
vt 0.49096 0.54406
vt 0.49262 0.54461
vt 0.49121 0.54584
f 2394/6265 2449/6266 2516/6267
vt 0.69075 0.11597
f 2454/6232 2596/6268 2429/6105
vt 0.83306 0.73400
f 2375/6115 2434/6269 2417/6107
vt 0.03824 0.55012
f 2408/6222 2546/6270 2405/6132
vt 0.95043 0.13725
f 2386/6190 2416/6271 2408/6198
vt 0.95221 0.13798
vt 0.95142 0.13703
f 2380/6203 2505/6272 2386/6273
vt 0.03774 0.55357
f 2384/6078 2482/6248 2554/6274
vt 0.03917 0.55238
f 2384/6078 2554/6274 2411/6275
vt 0.49734 0.29129
f 2377/5572 2400/5696 2548/6276
vt 0.31036 0.57376
f 2392/5934 2427/6277 2420/6017
vt 0.30938 0.55843
f 2393/6060 2421/6200 2508/6278
f 2319/5755 2458/6238 2550/6254
vt 0.83256 0.73511
f 2417/6107 2434/6269 2474/6279
vt 0.30990 0.56619
f 2444/6178 2527/6280 2330/6063
vt 0.31067 0.55791
f 2393/6060 2508/6278 2437/6281
vt 0.95731 0.11257
f 2414/6243 2398/6242 2479/6282
vt 0.63658 0.78548
f 2357/6037 2475/6039 2453/6283
vt 0.50003 0.71828
f 2347/5837 2462/6284 2349/6104
f 2406/5836 2440/6160 2409/6231
vt 0.35249 0.30627
f 2368/6072 2320/6070 2702/6285
vt 0.91495 0.23395
f 2392/6032 2424/6235 2427/6286
vt 0.63573 0.77846
f 2496/6215 2397/6214 2544/6287
f 2389/6158 2384/6078 2411/6275
vt 0.78873 0.23958
f 2389/6131 2435/6288 2403/6094
vt 0.87548 0.81740
vt 0.87647 0.81671
vt 0.87618 0.81730
f 2389/6289 2416/6290 2435/6291
vt 0.37452 0.30218
f 2425/5852 2680/6292 2486/5901
vt 0.78676 0.54480
f 2370/6049 2443/6224 2477/6293
f 2370/6049 2477/6293 2456/6202
vt 0.92374 0.72729
f 2391/6149 2442/6086 2553/6294
vt 0.30952 0.57913
vt 0.30976 0.57788
f 2380/5879 2577/6295 2505/6296
f 2395/5960 2455/6234 2433/6264
vt 0.91718 0.23273
f 2402/6206 2436/6297 2424/6235
vt 0.32223 0.31254
f 2441/6121 2697/6298 2549/6122
vt 0.95655 0.11528
f 2414/6243 2534/6299 2418/6244
vt 0.12590 0.74304
f 2355/6092 2489/6300 2344/5919
vt 0.03760 0.53407
f 2314/5843 2519/6301 2381/6182
f 2375/6115 2422/6260 2434/6269
vt 0.87550 0.81681
f 2389/6289 2408/6302 2416/6290
f 2389/6158 2411/6275 2408/6222
vt 0.95358 0.37134
f 2449/6241 2418/6240 2545/6303
f 2377/5572 2548/6276 2513/6030
vt 0.60770 0.96431
vt 0.60686 0.96405
vt 0.60734 0.96291
f 2443/6304 2437/6305 2450/6306
vt 0.31677 0.31268
f 2428/5736 2660/6307 2569/6213
vt 0.76061 0.15453
f 2352/6113 2494/6308 2454/6236
vt 0.74424 0.00162
f 2415/5999 2461/6309 2502/6165
vt 0.30923 0.56518
f 2330/6063 2527/6280 2536/6310
f 2549/6122 2660/6307 2428/5736
vt 0.31086 0.56490
vt 0.31017 0.56384
vt 0.31113 0.56409
f 2330/6311 2483/6312 2442/6313
vt 0.68768 0.10903
f 2495/6192 2488/6173 2552/6314
f 2320/6070 2530/6126 2702/6285
vt 0.03835 0.52575
f 2388/6116 2487/5851 2422/6315
vt 0.31132 0.57110
vt 0.31047 0.57128
vt 0.31095 0.56961
f 2430/6316 2407/6317 2423/6318
vt 0.49546 0.02588
f 2326/6319 2272/5684 2480/6207
vt 0.49573 0.03027
f 2326/6319 2480/6207 2664/6320
vt 0.03835 0.53919
f 2387/6194 2543/6257 2499/6321
vt 0.31145 0.57703
vt 0.31117 0.57604
f 2386/6322 2505/6296 2445/6323
f 2275/5652 2550/6254 2472/6129
vt 0.34860 0.30711
f 2368/6072 2702/6285 2568/6324
vt 0.37880 0.30300
f 2425/5852 2426/5750 2646/6325
f 2270/5850 2569/6213 2525/6237
vt 0.28094 0.43014
f 2576/5864 2644/6326 2300/5729
vt 0.93029 0.29502
f 2387/6141 2499/6327 2444/6256
vt 0.56938 0.19718
f 2643/6176 2404/6175 2579/6328
vt 0.48193 0.98883
vt 0.48242 0.98883
vt 0.48218 0.98905
f 2430/6329 2431/6330 2455/6331
f 2400/5696 2432/6191 2548/6276
vt 0.36468 0.65130
f 2410/6061 2511/6332 2412/6062
vt 0.03908 0.55174
f 2411/6275 2435/6333 2408/6222
vt 0.30100 0.43568
f 2363/5689 2453/6196 2532/6334
vt 0.31132 0.56707
f 2444/6335 2423/6318 2527/6280
f 2314/5843 2553/6258 2519/6301
vt 0.03934 0.53168
f 2381/6182 2519/6301 2456/6336
vt 0.31117 0.56071
vt 0.31092 0.56152
vt 0.30983 0.56139
f 2466/6337 2438/6338 2533/6339
vt 0.90506 0.76752
vt 0.90479 0.76526
vt 0.90546 0.76525
f 2383/6340 2525/6341 2551/6342
vt 0.07741 0.45352
f 2494/6183 2516/6249 2556/6343
vt 0.31010 0.57574
f 2445/6323 2505/6296 2439/6344
vt 0.95646 0.56634
vt 0.95585 0.56869
vt 0.95578 0.56643
f 2424/6345 2445/6346 2427/6347
vt 0.31094 0.56007
f 2466/6348 2533/6339 2421/6200
f 2408/6222 2435/6333 2546/6270
vt 0.03814 0.54579
f 2405/6132 2546/6270 2492/6349
f 2442/6313 2483/6312 2438/6338
vt 0.95026 0.87397
vt 0.95069 0.87148
vt 0.95129 0.87404
f 2442/6350 2438/6351 2490/6352
vt 0.95609 0.57005
vt 0.95620 0.56884
vt 0.95714 0.56904
f 2386/6353 2445/6354 2457/6355
vt 0.95700 0.57058
f 2386/6353 2457/6355 2416/6356
vt 0.60685 0.96278
f 2450/6306 2437/6305 2467/6357
vt 0.60755 0.96030
vt 0.60676 0.96036
f 2434/6358 2450/6306 2474/6359
vt 0.95314 0.05155
vt 0.95426 0.05269
vt 0.95300 0.05435
f 2444/6360 2447/6361 2423/6362
f 2445/6323 2439/6344 2427/6277
f 2438/6338 2483/6312 2533/6339
f 2450/6306 2467/6357 2474/6359
vt 0.03821 0.53145
f 2401/6193 2456/6336 2506/6363
vt 0.95292 0.37017
f 2449/6241 2545/6303 2446/6364
vt 0.03883 0.54549
f 2405/6132 2492/6349 2493/6365
vt 0.03950 0.54533
f 2405/6132 2493/6365 2402/6366
vt 0.03902 0.52418
f 2390/6079 2452/6367 2369/6156
vt 0.31027 0.57034
f 2407/6317 2512/6368 2423/6318
vt 0.85012 0.25139
vt 0.84955 0.25233
f 2381/6246 2456/6369 2484/6370
f 2381/6246 2484/6370 2466/6212
vt 0.03783 0.52803
f 2487/5851 2401/6193 2500/6371
f 2330/6063 2536/6310 2483/6312
vt 0.49202 0.28663
f 2327/6059 2468/6372 2489/6071
f 2401/6193 2506/6363 2500/6371
vt 0.83455 0.00846
f 2413/6220 2485/6373 2440/6221
vt 0.49303 0.28617
f 2513/6030 2468/6372 2327/6374
vt 0.89454 0.09843
f 2452/6218 2418/6205 2534/6375
vt 0.95452 0.05506
vt 0.95326 0.05585
f 2423/6362 2510/6376 2430/6377
vt 0.03931 0.54500
vt 0.03914 0.54522
f 2455/6378 2402/6366 2459/6379
vt 0.48237 0.98928
vt 0.48229 0.98934
f 2455/6331 2436/6380 2402/6381
f 2455/6331 2431/6330 2436/6380
vt 0.99369 0.31838
vt 0.99369 0.31795
vt 0.99384 0.31822
f 2436/6382 2459/6383 2493/6384
vt 0.91741 0.23316
f 2436/6297 2493/6385 2424/6235
f 2402/6366 2493/6365 2459/6379
vt 0.35209 0.64562
f 2333/5867 2464/6096 2531/6386
vt 0.78897 0.23998
f 2435/6288 2411/6387 2403/6094
f 2455/6234 2459/6379 2433/6264
f 2630/6210 2363/5689 2532/6334
vt 0.92471 0.72736
f 2442/6086 2490/6388 2553/6294
vt 0.99176 0.43291
vt 0.99176 0.43223
vt 0.99191 0.43252
f 2436/6389 2431/6390 2459/6391
vt 0.95586 0.32500
vt 0.95612 0.32356
vt 0.95706 0.32468
f 2414/6392 2479/6393 2481/6394
vt 0.36246 0.30455
f 2473/5877 2503/6125 2584/6395
f 2445/6354 2424/6345 2457/6355
vt 0.28872 0.43226
f 2397/6114 2343/5810 2523/6396
vt 0.78896 0.24031
f 2403/6094 2411/6387 2470/6397
vt 0.78816 0.24098
f 2403/6094 2470/6397 2491/6398
vt 0.55046 0.77841
vt 0.55266 0.77723
vt 0.55217 0.77930
f 2413/6399 2594/6400 2485/6401
vt 0.78926 0.54666
vt 0.78801 0.54729
f 2437/6223 2508/6402 2478/6403
vt 0.29717 0.43565
vt 0.29448 0.43527
vt 0.29641 0.43416
f 2453/6404 2475/6405 2476/6406
vt 0.37083 0.30336
f 2486/5901 2558/6407 2503/6125
f 2423/6362 2447/6361 2510/6376
vt 0.95738 0.57035
f 2416/6356 2457/6355 2559/6408
vt 0.95646 0.32726
f 2414/6392 2481/6394 2534/6409
f 2300/5729 2644/6326 2460/6229
vt 0.83363 0.01003
f 2440/6221 2485/6373 2501/6410
vt 0.31021 0.57333
vt 0.30904 0.57248
f 2420/6017 2427/6411 2582/6412
vt 0.47212 0.41077
f 2257/5763 2448/6413 2465/6014
vt 0.31011 0.56841
f 2423/6318 2512/6368 2517/6414
f 2423/6318 2517/6414 2527/6280
vt 0.74265 0.00108
f 2415/5999 2409/6415 2461/6309
vt 0.95416 0.05116
f 2444/6360 2499/6416 2447/6361
vt 0.12112 0.74315
f 2410/6016 2518/6163 2511/6417
vt 0.31004 0.57704
f 2505/6296 2497/6418 2439/6344
vt 0.49444 0.54529
vt 0.49127 0.54640
f 2449/6266 2446/6419 2516/6420
vt 0.95162 0.87138
f 2438/6351 2509/6421 2490/6352
vt 0.27717 0.42813
f 2326/6058 2664/6422 2576/5864
f 2257/5763 2419/5957 2448/6413
f 2368/6072 2568/6324 2458/6238
vt 0.87686 0.81725
f 2416/6290 2470/6423 2435/6291
vt 0.94722 0.94550
vt 0.94818 0.94485
vt 0.94817 0.94633
f 2434/6424 2422/6425 2521/6426
vt 0.94714 0.94810
f 2450/6427 2434/6424 2521/6426
vt 0.94791 0.94889
f 2450/6427 2521/6426 2443/6428
vt 0.49804 0.72024
f 2349/6104 2462/6284 2471/6429
vt 0.03885 0.54497
f 2459/6379 2431/6430 2433/6264
vt 0.95738 0.56639
f 2424/6345 2541/6431 2457/6355
vt 0.95720 0.32706
f 2534/6409 2481/6394 2514/6432
vt 0.91713 0.23361
f 2424/6235 2493/6385 2541/6433
vt 0.38265 0.30125
f 2451/5698 2701/6434 2426/5750
f 2425/5852 2646/6325 2680/6292
vt 0.11499 0.90854
vt 0.11469 0.90782
f 2430/6161 2463/6435 2431/6436
vt 0.31033 0.57153
f 2420/6017 2582/6412 2407/6437
vt 0.03879 0.55183
f 2435/6333 2470/6438 2546/6270
vt 0.84292 0.97584
vt 0.84285 0.97675
vt 0.84201 0.97712
f 2397/6439 2523/6440 2544/6441
vt 0.34139 0.31049
f 2458/6238 2778/6442 2550/6254
vt 0.95436 0.05622
f 2430/6377 2510/6376 2463/6443
vt 0.91978 0.78794
vt 0.92056 0.78784
vt 0.92117 0.78874
f 2456/6444 2477/6445 2581/6446
vt 0.83139 0.00796
f 2440/6221 2501/6410 2409/6447
vt 0.32546 0.31136
f 2441/6121 2663/6448 2697/6298
f 2456/6336 2519/6301 2506/6363
vt 0.30815 0.55923
f 2508/6278 2421/6200 2571/6449
vt 0.97106 0.65390
vt 0.97041 0.65377
vt 0.97065 0.65183
f 2545/6450 2514/6451 2446/6452
vt 0.83183 0.00971
f 2409/6447 2501/6410 2461/6453
vt 0.78783 0.24115
f 2403/6094 2491/6454 2577/6253
vt 0.30938 0.55366
vt 0.30892 0.55454
f 2417/6184 2474/6455 2547/6456
f 2343/5810 2585/6002 2523/6396
vt 0.87758 0.81585
f 2416/6290 2559/6457 2470/6423
vt 0.99396 0.47638
vt 0.99405 0.47664
vt 0.99396 0.47693
f 2431/6458 2493/6459 2492/6460
vt 0.87563 0.81045
vt 0.87658 0.81029
vt 0.87654 0.81116
f 2431/6461 2463/6462 2541/6463
f 2431/6430 2492/6349 2433/6264
vt 0.87577 0.81092
f 2431/6461 2541/6463 2493/6464
vt 0.27469 0.88002
vt 0.27734 0.88088
vt 0.27468 0.88295
f 2454/6465 2494/6466 2709/6467
vt 0.49037 0.28579
f 2489/6071 2468/6372 2578/6468
vt 0.33419 0.31093
f 2469/6180 2472/6129 2743/6469
vt 0.29276 0.43485
f 2475/6405 2496/6470 2476/6406
vt 0.95149 0.75883
vt 0.95113 0.75999
vt 0.95096 0.75768
f 2427/6471 2439/6472 2498/6473
vt 0.95032 0.86975
vt 0.95153 0.86965
f 2438/6351 2466/6474 2484/6475
f 2438/6351 2484/6475 2509/6421
vt 0.83474 0.00897
vt 0.83527 0.00989
f 2485/6476 2507/6477 2501/6410
vt 0.36473 0.96268
vt 0.36488 0.96180
vt 0.36547 0.96247
f 2427/6478 2498/6479 2582/6480
vt 0.55414 0.77954
f 2485/6401 2594/6400 2507/6481
f 2487/5851 2500/6371 2422/6315
vt 0.07798 0.45603
f 2516/6249 2515/6482 2556/6343
vt 0.30779 0.55350
f 2417/6184 2547/6456 2561/6483
vt 0.49404 0.54688
f 2446/6419 2526/6484 2516/6420
vt 0.30805 0.55249
f 2417/6184 2563/6485 2545/6185
f 2417/6184 2561/6483 2563/6485
vt 0.40765 0.96406
vt 0.40657 0.96423
vt 0.40684 0.96292
f 2437/6486 2520/6487 2467/6488
vt 0.97029 0.65228
f 2446/6452 2514/6451 2481/6489
vt 0.68681 0.11067
f 2488/6173 2504/6490 2552/6314
vt 0.74518 0.00077
f 2461/6309 2501/6491 2502/6165
vt 0.40750 0.96018
vt 0.40640 0.96133
f 2474/6492 2467/6488 2521/6493
vt 0.36187 0.65235
f 2511/6332 2567/6494 2412/6062
vt 0.49135 0.54791
f 2516/6420 2526/6484 2515/6495
vt 0.68868 0.11243
f 2488/6173 2429/6105 2538/6496
vt 0.92095 0.78964
f 2456/6444 2581/6446 2484/6497
vt 0.99053 0.62751
vt 0.99053 0.62796
vt 0.99015 0.62795
f 2477/6498 2506/6499 2581/6500
vt 0.68241 0.93552
vt 0.68326 0.93565
vt 0.68300 0.93612
f 2477/6501 2573/6502 2506/6503
vt 0.74668 0.00085
f 2501/6491 2507/6504 2502/6165
vt 0.33101 0.31242
f 2469/6180 2743/6469 2841/6505
vt 0.68273 0.93458
vt 0.68257 0.93266
vt 0.68307 0.93408
f 2443/6506 2521/6507 2467/6508
vt 0.03874 0.55206
f 2411/6275 2554/6274 2470/6509
vt 0.95132 0.26039
vt 0.95107 0.26110
vt 0.95027 0.26053
f 2483/6510 2536/6511 2539/6512
vt 0.95122 0.25747
f 2483/6510 2539/6512 2533/6513
f 2470/6509 2554/6274 2546/6270
vt 0.92437 0.72811
f 2490/6388 2539/6514 2553/6294
vt 0.29839 0.43516
f 2686/6515 2453/6196 2476/6406
f 2686/6515 2532/6334 2453/6196
vt 0.03747 0.53115
f 2500/6371 2506/6363 2573/6516
vt 0.74950 0.00099
f 2480/6117 2502/6165 2555/6517
vt 0.93622 0.47960
vt 0.93726 0.47976
vt 0.93625 0.48065
f 2474/6518 2535/6519 2547/6520
vt 0.03679 0.52365
f 2369/6156 2452/6367 2592/6521
vt 0.35771 0.30630
f 2530/6126 2473/5877 2777/6522
vt 0.78708 0.54678
f 2437/6223 2478/6403 2520/6523
vt 0.29087 0.43313
vt 0.29290 0.43266
f 2496/6470 2544/6524 2642/6525
vt 0.89378 0.09895
f 2534/6375 2529/6526 2452/6218
vt 0.36580 0.96156
f 2582/6480 2498/6479 2562/6527
f 2477/6501 2443/6506 2573/6502
vt 0.56537 0.19574
f 2413/6263 2643/6176 2622/6528
vt 0.35757 0.65154
f 2412/6062 2717/6529 2399/6090
vt 0.68195 0.93052
vt 0.68264 0.93042
vt 0.68248 0.93144
f 2422/6530 2535/6531 2521/6532
vt 0.87780 0.81830
vt 0.87796 0.81724
f 2491/6533 2470/6423 2599/6534
vt 0.40657 0.95990
f 2474/6492 2521/6493 2535/6535
vt 0.49980 0.02924
vt 0.49816 0.03114
f 2480/6207 2555/6536 2665/6537
vt 0.03784 0.52108
f 2479/6199 2369/6156 2481/6538
f 2488/6173 2538/6496 2504/6490
vt 0.50431 0.29588
f 2495/6245 2552/6539 2432/6191
vt 0.03740 0.52517
f 2452/6367 2529/6540 2592/6521
vt 0.11715 0.90921
vt 0.11722 0.91070
vt 0.11640 0.90973
f 2407/6541 2582/6542 2512/6543
vt 0.92150 0.78932
f 2484/6497 2581/6446 2537/6544
vt 0.03695 0.54447
f 2433/6264 2492/6349 2588/6545
f 2344/5919 2489/6300 2518/6163
f 2369/6156 2592/6521 2481/6538
vt 0.68351 0.93488
f 2443/6506 2467/6508 2520/6546
vt 0.68395 0.93543
f 2443/6506 2520/6547 2573/6502
vt 0.95392 0.08591
vt 0.95329 0.08768
vt 0.95289 0.08625
f 2527/6548 2517/6549 2542/6550
vt 0.87566 0.80504
vt 0.87628 0.80478
vt 0.87681 0.80653
f 2499/6551 2542/6552 2517/6553
vt 0.87587 0.80638
f 2499/6551 2517/6553 2447/6554
vt 0.27722 0.88295
f 2494/6466 2556/6555 2709/6467
vt 0.95055 0.25609
vt 0.95130 0.25608
f 2533/6513 2537/6556 2421/6557
vt 0.87789 0.81655
f 2470/6423 2559/6457 2620/6558
vt 0.87673 0.80890
f 2447/6554 2517/6553 2510/6559
vt 0.87703 0.80971
f 2463/6462 2510/6559 2566/6560
vt 0.98491 0.40356
vt 0.98424 0.40390
vt 0.98433 0.40307
f 2491/6561 2599/6562 2577/6563
vt 0.55094 0.77537
f 2413/6399 2622/6564 2594/6400
f 2486/5901 2680/6292 2558/6407
vt 0.83527 0.01107
vt 0.83587 0.01270
vt 0.83468 0.01295
f 2507/6565 2524/6566 2502/6567
vt 0.91935 0.79385
vt 0.92054 0.79121
vt 0.92022 0.79376
f 2490/6568 2509/6569 2539/6570
vt 0.03687 0.53924
f 2543/6257 2542/6571 2499/6321
vt 0.49541 0.54498
vt 0.49571 0.54729
f 2446/6419 2481/6572 2592/6573
f 2446/6419 2592/6573 2526/6484
vt 0.63779 0.92950
vt 0.63959 0.92938
vt 0.63743 0.93104
f 2421/6574 2537/6575 2571/6576
vt 0.07613 0.48796
f 2465/6100 2605/6577 2462/6029
vt 0.49984 0.72100
f 2462/6284 2605/6578 2471/6429
vt 0.68252 0.92970
f 2422/6530 2529/6579 2535/6531
f 2422/6315 2500/6371 2529/6540
vt 0.49322 0.54933
vt 0.49132 0.54946
f 2515/6495 2561/6580 2560/6581
f 2451/5698 2603/6211 2701/6434
vt 0.55618 0.77851
vt 0.55577 0.78008
f 2507/6481 2586/6582 2524/6583
vt 0.94990 0.25650
f 2533/6513 2484/6584 2537/6556
vt 0.68252 0.92887
vt 0.68337 0.92955
f 2534/6585 2661/6586 2529/6579
vt 0.89451 0.09912
vt 0.89509 0.09931
vt 0.89422 0.09992
f 2534/6587 2514/6588 2661/6589
vt 0.95010 0.75830
f 2498/6473 2439/6472 2541/6590
vt 0.47593 0.41304
f 2419/5957 2675/6028 2706/6591
f 2496/6470 2642/6525 2476/6406
vt 0.68916 0.11372
f 2429/6105 2653/6592 2538/6496
f 2429/6105 2596/6268 2653/6592
vt 0.92609 0.72929
vt 0.92396 0.73000
vt 0.92461 0.72863
f 2536/6593 2574/6594 2539/6595
f 2419/5957 2706/6591 2448/6413
vt 0.95097 0.76171
vt 0.95006 0.76069
f 2439/6472 2497/6596 2457/6597
f 2439/6472 2457/6597 2541/6590
f 2515/6495 2526/6484 2561/6580
vt 0.94995 0.25774
f 2533/6513 2509/6598 2484/6584
f 2533/6513 2539/6512 2509/6598
vt 0.30744 0.55819
f 2508/6278 2571/6449 2580/6599
vt 0.95019 0.76184
f 2497/6596 2559/6600 2457/6597
vt 0.95385 0.09065
vt 0.95279 0.08960
f 2512/6601 2510/6602 2517/6549
vt 0.95466 0.27963
vt 0.95339 0.27912
vt 0.95485 0.27889
f 2505/6603 2601/6604 2497/6605
vt 0.35200 0.64796
f 2531/6386 2464/6096 2614/6606
vt 0.83552 0.01352
f 2524/6566 2555/6607 2502/6567
vt 0.78896 0.54821
f 2478/6403 2508/6402 2580/6608
vt 0.94989 0.75729
f 2541/6590 2528/6609 2498/6473
vt 0.30743 0.57872
f 2505/6296 2577/6295 2639/6610
vt 0.03747 0.53203
f 2506/6363 2519/6301 2581/6611
vt 0.03779 0.54502
f 2492/6349 2463/6612 2588/6545
vt 0.03778 0.54532
f 2492/6349 2541/6613 2463/6612
vt 0.95291 0.09094
f 2512/6601 2566/6614 2510/6602
vt 0.07578 0.45589
f 2515/6482 2703/6615 2556/6343
vt 0.36440 0.96066
f 2498/6479 2528/6616 2562/6527
f 2529/6579 2661/6586 2535/6531
vt 0.50197 0.02965
vt 0.50230 0.03102
vt 0.50044 0.02933
f 2524/6617 2586/6618 2555/6619
f 2470/6423 2620/6558 2599/6534
vt 0.03682 0.53241
f 2519/6301 2572/6620 2581/6611
vt 0.03750 0.54515
f 2463/6612 2564/6621 2588/6545
vt 0.99430 0.69355
vt 0.99430 0.69383
vt 0.99424 0.69382
f 2541/6622 2564/6623 2528/6624
f 2541/6613 2492/6349 2564/6621
f 2426/5750 2701/6434 2646/6325
vt 0.48510 0.41891
f 2551/6179 2638/6625 2540/5964
f 2349/6104 2471/6429 2482/6228
vt 0.93032 0.29641
vt 0.92923 0.29752
vt 0.92815 0.29643
f 2542/6626 2590/6627 2527/6628
f 2553/6294 2539/6595 2574/6594
vt 0.63905 0.93073
f 2571/6576 2537/6575 2604/6629
vt 0.07684 0.45781
f 2515/6482 2560/6630 2703/6615
vt 0.69189 0.11967
f 2596/6268 2454/6232 2648/6631
vt 0.69298 0.12082
f 2454/6232 2709/6632 2648/6631
vt 0.30749 0.56561
f 2527/6280 2626/6633 2536/6310
vt 0.49104 0.28847
f 2468/6372 2513/6030 2730/6634
f 2507/6481 2594/6400 2586/6582
vt 0.66693 0.34567
f 2579/6036 2531/6255 2597/6635
vt 0.03615 0.54562
f 2546/6270 2608/6636 2492/6349
vt 0.68342 0.93003
f 2535/6531 2661/6586 2593/6637
vt 0.93835 0.48149
f 2547/6520 2535/6519 2570/6638
vt 0.93636 0.48247
f 2547/6520 2570/6638 2557/6639
vt 0.29061 0.43162
f 2544/6524 2687/6640 2642/6525
vt 0.98694 0.91064
vt 0.98724 0.91131
vt 0.98672 0.91091
f 2468/6641 2641/6642 2578/6643
vt 0.03661 0.52575
f 2500/6371 2593/6644 2529/6540
vt 0.49321 0.55119
f 2560/6581 2561/6580 2589/6645
f 2433/6264 2588/6545 2543/6257
vt 0.03681 0.53140
f 2573/6516 2621/6646 2500/6371
vt 0.63459 0.77666
vt 0.63659 0.77487
vt 0.63620 0.77721
f 2523/6647 2707/6648 2544/6649
vt 0.95482 0.27815
f 2497/6605 2601/6604 2559/6650
vt 0.36595 0.96060
f 2528/6616 2602/6651 2562/6527
f 2412/6062 2567/6494 2717/6529
f 2522/5876 2399/6090 2717/6529
vt 0.98879 0.64328
vt 0.98896 0.64364
vt 0.98879 0.64406
f 2528/6652 2565/6653 2608/6654
vt 0.36552 0.95980
f 2528/6616 2608/6655 2602/6651
vt 0.03708 0.55213
f 2546/6270 2554/6274 2599/6656
vt 0.03697 0.55118
f 2546/6270 2599/6656 2620/6657
vt 0.49372 0.54867
f 2526/6484 2563/6658 2561/6580
vt 0.90499 0.76286
f 2551/6342 2525/6341 2742/6659
vt 0.12292 0.74484
f 2511/6417 2518/6163 2656/6660
vt 0.12131 0.74621
f 2511/6417 2656/6660 2682/6661
vt 0.12578 0.74440
f 2489/6300 2578/6662 2518/6163
vt 0.63449 0.77362
f 2523/6647 2585/6663 2707/6648
vt 0.68366 0.93586
f 2573/6502 2520/6547 2581/6664
vt 0.66867 0.34675
f 2614/6665 2597/6635 2531/6255
vt 0.89617 0.10089
f 2545/6204 2563/6666 2514/6588
vt 0.47013 0.41108
f 2448/6413 2591/6667 2465/6014
vt 0.50507 0.29729
vt 0.50370 0.29862
f 2504/6668 2575/6669 2552/6539
vt 0.36624 0.96229
f 2582/6480 2562/6527 2624/6670
vt 0.99445 0.24479
vt 0.99441 0.24468
vt 0.99445 0.24456
f 2528/6671 2564/6672 2463/6673
vt 0.99419 0.75598
vt 0.99434 0.75581
vt 0.99434 0.75602
f 2528/6674 2463/6675 2565/6676
vt 0.03735 0.54534
f 2564/6621 2565/6677 2588/6545
f 2564/6621 2492/6349 2565/6677
vt 0.99341 0.71011
vt 0.99356 0.70974
vt 0.99356 0.71023
f 2463/6678 2566/6679 2565/6680
vt 0.93851 0.47962
f 2535/6519 2593/6681 2570/6638
vt 0.29492 0.43296
f 2476/6406 2642/6525 2774/6682
vt 0.32916 0.31101
f 2469/6180 2841/6505 2611/6683
vt 0.03624 0.52818
f 2500/6371 2621/6646 2570/6684
vt 0.49157 0.55127
f 2560/6581 2589/6645 2600/6685
f 2500/6371 2570/6684 2593/6644
vt 0.49471 0.54837
f 2526/6484 2629/6686 2563/6658
vt 0.92171 0.78875
f 2581/6446 2621/6687 2537/6544
vt 0.99071 0.65669
vt 0.99058 0.65723
vt 0.99061 0.65653
f 2581/6688 2572/6689 2573/6690
vt 0.75405 0.49850
vt 0.75356 0.50093
vt 0.75260 0.49889
f 2468/6691 2730/6692 2641/6693
f 2555/6536 2586/6618 2665/6537
f 2573/6516 2572/6620 2621/6646
vt 0.43049 0.97705
vt 0.43089 0.97574
vt 0.43136 0.97712
f 2526/6694 2592/6695 2629/6696
vt 0.50185 0.29790
f 2432/6191 2552/6539 2662/6697
f 2578/6662 2656/6660 2518/6163
vt 0.03719 0.54474
f 2565/6677 2566/6698 2588/6545
vt 0.30834 0.55605
vt 0.30740 0.55495
f 2547/6456 2557/6699 2589/6700
f 2547/6456 2589/6700 2561/6483
vt 0.95300 0.27963
f 2505/6603 2639/6701 2601/6604
vt 0.89481 0.10040
f 2514/6588 2563/6702 2661/6589
f 2529/6540 2593/6644 2592/6521
vt 0.78639 0.54655
vt 0.78628 0.54708
f 2581/6703 2520/6523 2621/6704
vt 0.03572 0.53783
f 2553/6258 2574/6705 2519/6301
f 2492/6349 2608/6636 2565/6677
vt 0.27921 0.42910
f 2576/5864 2598/6706 2644/6326
f 2473/5877 2584/6395 2777/6522
vt 0.30865 0.56625
vt 0.30837 0.56679
f 2527/6707 2590/6708 2626/6633
vt 0.07520 0.48943
f 2465/6100 2591/6709 2605/6577
vt 0.11674 0.91118
f 2582/6542 2583/6710 2512/6543
vt 0.30847 0.57163
vt 0.30716 0.57266
vt 0.30787 0.57103
f 2582/6711 2624/6712 2583/6713
f 2552/6539 2575/6669 2662/6697
vt 0.35403 0.65059
f 2464/6096 2606/6714 2614/6606
vt 0.36638 0.96191
f 2624/6670 2562/6527 2679/6715
vt 0.64039 0.92996
f 2604/6629 2537/6575 2572/6716
vt 0.11495 0.90965
f 2512/6543 2583/6710 2566/6717
vt 0.30821 0.56433
f 2536/6310 2626/6633 2613/6718
vt 0.33875 0.31022
f 2472/6129 2550/6254 2705/6719
vt 0.95439 0.27730
f 2559/6650 2601/6604 2620/6720
vt 0.94815 0.23832
vt 0.94741 0.23748
vt 0.94884 0.23601
f 2538/6721 2653/6722 2504/6723
vt 0.34465 0.31042
f 2458/6238 2725/6724 2778/6442
vt 0.07608 0.46060
vt 0.07422 0.46060
f 2560/6630 2600/6725 2720/6726
vt 0.92569 0.73027
f 2536/6593 2613/6727 2574/6594
vt 0.30649 0.55760
f 2557/6699 2658/6728 2589/6700
vt 0.49888 0.29500
f 2432/6191 2668/6729 2548/6276
vt 0.36514 0.65470
f 2511/6332 2682/6730 2567/6494
vt 0.99280 0.72639
vt 0.99280 0.72584
vt 0.99297 0.72603
f 2537/6731 2621/6732 2572/6733
vt 0.30827 0.55744
f 2557/6699 2580/6734 2658/6728
vt 0.11531 0.91105
f 2566/6717 2583/6710 2667/6735
vt 0.48716 0.41698
f 2551/6179 2742/6736 2638/6625
vt 0.98442 0.05235
vt 0.98497 0.05203
vt 0.98499 0.05286
f 2563/6737 2629/6738 2661/6739
vt 0.30856 0.55743
f 2557/6699 2478/6740 2580/6734
vt 0.63824 0.93221
vt 0.63750 0.93267
f 2571/6576 2587/6741 2632/6742
vt 0.03570 0.53030
f 2621/6646 2640/6743 2570/6684
vt 0.30646 0.55920
f 2571/6449 2632/6744 2580/6599
vt 0.49151 0.55348
f 2600/6685 2589/6645 2634/6745
vt 0.63390 0.77073
vt 0.63613 0.77138
f 2460/6746 2809/6747 2585/6663
vt 0.31447 0.31598
f 2660/6307 2595/6748 2569/6213
vt 0.31008 0.31647
vt 0.30832 0.31528
f 2525/6237 2789/6749 2742/6750
vt 0.97247 0.90337
vt 0.97313 0.90437
vt 0.97213 0.90540
f 2578/6751 2641/6752 2656/6753
f 2576/5864 2664/6422 2598/6706
f 2525/6237 2569/6213 2789/6749
vt 0.49769 0.72134
f 2471/6429 2605/6578 2612/6754
vt 0.78706 0.24393
vt 0.78619 0.24379
f 2577/6253 2637/6755 2639/6756
vt 0.93970 0.69417
vt 0.94037 0.69648
vt 0.93962 0.69770
f 2562/6757 2623/6758 2601/6759
vt 0.78632 0.54798
f 2478/6403 2640/6760 2520/6523
vt 0.03532 0.53284
f 2519/6301 2651/6761 2572/6620
f 2550/6254 2778/6442 2705/6719
f 2549/6122 2697/6298 2660/6307
vt 0.49314 0.55379
f 2589/6645 2658/6762 2634/6745
vt 0.30853 0.57367
vt 0.30830 0.57724
vt 0.30706 0.57333
f 2562/6763 2601/6764 2679/6765
vt 0.94066 0.69393
f 2562/6757 2602/6766 2623/6758
f 2432/6191 2662/6697 2668/6729
vt 0.89928 0.86834
vt 0.89957 0.86679
vt 0.90010 0.86920
f 2670/6767 2628/6768 2636/6769
vt 0.30824 0.56027
vt 0.30710 0.56091
f 2604/6770 2613/6718 2676/6771
vt 0.94034 0.69800
f 2601/6759 2623/6758 2620/6772
vt 0.30132 0.43369
f 2630/6210 2532/6334 2688/6773
vt 0.97270 0.90569
f 2641/6752 2690/6774 2656/6753
f 2464/6096 2522/5876 2606/6714
vt 0.75124 0.50006
f 2641/6693 2730/6692 2690/6775
vt 0.21774 0.94994
vt 0.21830 0.94777
vt 0.21920 0.95016
f 2583/6776 2607/6777 2667/6778
f 2458/6238 2568/6324 2725/6724
vt 0.03523 0.55010
f 2546/6270 2620/6657 2633/6779
vt 0.07589 0.48309
vt 0.07447 0.48167
vt 0.07585 0.47924
f 2609/6780 2610/6781 2615/6782
vt 0.94730 0.23570
f 2504/6723 2653/6722 2575/6783
vt 0.30709 0.57685
f 2601/6764 2694/6784 2679/6765
vt 0.49089 0.57417
vt 0.49237 0.57475
vt 0.49244 0.57889
f 2609/6785 2654/6786 2612/6787
vt 0.30803 0.56879
f 2590/6708 2607/6788 2626/6633
vt 0.49086 0.57884
f 2609/6785 2612/6787 2605/6789
vt 0.78766 0.24351
f 2577/6253 2647/6790 2637/6755
vt 0.07435 0.48523
f 2605/6577 2712/6791 2609/6780
vt 0.36652 0.30872
f 2503/6125 2967/6792 2584/6395
f 2639/6610 2694/6784 2601/6764
vt 0.03544 0.53953
f 2542/6571 2543/6257 2616/6793
f 2613/6718 2626/6633 2676/6771
vt 0.49115 0.57147
vt 0.49114 0.56739
vt 0.49296 0.57085
f 2615/6794 2617/6795 2652/6796
vt 0.48182 0.41676
f 2540/5964 2746/6797 2309/5872
vt 0.49113 0.56499
vt 0.49137 0.56188
vt 0.49312 0.56607
f 2618/6798 2625/6799 2691/6800
f 2618/6798 2691/6800 2617/6795
vt 0.55670 0.77570
f 2586/6582 2594/6400 2776/6801
vt 0.49323 0.29199
f 2548/6276 2683/6802 2513/6030
vt 0.21841 0.94567
vt 0.21964 0.94766
f 2590/6803 2631/6804 2607/6777
vt 0.49290 0.56895
f 2617/6795 2624/6805 2652/6796
f 2617/6795 2691/6800 2624/6805
vt 0.78882 0.24207
vt 0.78880 0.24342
f 2577/6253 2599/6806 2647/6807
vt 0.49119 0.55972
vt 0.49160 0.55756
vt 0.49304 0.55951
f 2635/6808 2657/6809 2669/6810
f 2580/6599 2632/6744 2658/6728
f 2625/6799 2635/6808 2669/6810
vt 0.68703 0.11458
vt 0.68757 0.11290
f 2596/6268 2733/6811 2653/6812
vt 0.03540 0.55519
f 2554/6274 2482/6248 2619/6813
vt 0.93627 0.48395
vt 0.93789 0.48396
f 2478/6814 2557/6639 2640/6815
vt 0.93056 0.29765
f 2542/6626 2616/6816 2590/6627
vt 0.11460 0.91048
f 2566/6717 2667/6735 2588/6817
vt 0.03552 0.52521
f 2593/6644 2661/6818 2592/6521
vt 0.47416 0.41370
f 2706/6591 2735/6819 2448/6413
vt 0.64050 0.93103
f 2572/6716 2651/6820 2604/6629
vt 0.49344 0.55618
f 2634/6745 2632/6821 2657/6809
vt 0.36953 0.30706
f 2503/6125 2558/6407 2846/6822
f 2571/6576 2604/6629 2587/6741
vt 0.49626 0.29609
f 2548/6276 2822/6823 2683/6802
vt 0.78608 0.54729
f 2520/6523 2640/6760 2621/6824
vt 0.30696 0.55982
f 2676/6771 2587/6825 2604/6770
vt 0.03534 0.54177
f 2543/6257 2631/6826 2616/6793
vt 0.03545 0.55313
f 2554/6274 2619/6813 2692/6827
f 2554/6274 2692/6827 2599/6656
vt 0.30690 0.57149
f 2583/6713 2624/6712 2699/6828
vt 0.49336 0.56262
f 2691/6800 2625/6799 2655/6829
vt 0.43168 0.97609
f 2592/6695 2661/6830 2629/6696
vt 0.30677 0.56729
f 2626/6633 2607/6788 2693/6831
vt 0.07402 0.47901
f 2615/6782 2610/6781 2627/6832
vt 0.63757 0.77764
f 2544/6649 2707/6648 2687/6833
f 2605/6577 2591/6709 2712/6791
vt 0.90071 0.86414
vt 0.90180 0.86587
f 2628/6768 2689/6834 2671/6835
vt 0.91626 0.54065
vt 0.91497 0.53955
vt 0.91640 0.53789
f 2628/6836 2695/6837 2689/6838
vt 0.07588 0.46537
vt 0.07318 0.46524
vt 0.07592 0.46299
f 2657/6839 2764/6840 2634/6841
f 2607/6777 2631/6804 2667/6778
f 2634/6745 2658/6762 2632/6821
vt 0.07543 0.46931
vt 0.07261 0.46854
f 2635/6842 2796/6843 2657/6839
vt 0.07577 0.47113
vt 0.07547 0.47349
vt 0.07423 0.47174
f 2625/6844 2618/6845 2671/6846
f 2636/6769 2628/6768 2671/6835
vt 0.91660 0.54368
vt 0.91619 0.54543
vt 0.91532 0.54311
f 2636/6847 2649/6848 2670/6849
vt 0.49281 0.57468
vt 0.49279 0.57430
vt 0.49367 0.57377
f 2639/6850 2654/6851 2694/6852
vt 0.08715 0.96005
vt 0.08706 0.96131
vt 0.08579 0.96064
f 2647/6853 2692/6854 2637/6855
f 2657/6839 2796/6843 2764/6840
vt 0.27749 0.88536
vt 0.27586 0.88545
f 2556/6555 2703/6856 2650/6857
f 2609/6785 2615/6794 2654/6786
vt 0.63444 0.76843
f 2460/6746 2644/6858 2809/6747
vt 0.08606 0.96291
f 2637/6855 2692/6854 2645/6859
vt 0.94143 0.69412
f 2623/6758 2602/6766 2684/6860
vt 0.94156 0.69762
f 2620/6772 2623/6758 2633/6861
vt 0.32594 0.31369
f 2697/6298 2663/6448 2704/6862
vt 0.38608 0.30244
f 2603/6211 2700/6863 2701/6434
vt 0.49568 0.71983
f 2482/6228 2471/6429 2645/6864
vt 0.47037 0.41269
f 2591/6667 2448/6413 2758/6865
vt 0.78604 0.24442
vt 0.78730 0.24524
f 2639/6866 2637/6755 2713/6867
vt 0.07547 0.47656
f 2615/6782 2627/6832 2617/6868
vt 0.56532 0.19763
f 2622/6528 2643/6176 2825/6869
vt 0.55195 0.77311
f 2594/6400 2622/6564 2825/6870
vt 0.49318 0.57282
f 2654/6851 2714/6871 2694/6852
f 2625/6844 2671/6846 2635/6842
vt 0.44528 0.94588
vt 0.44690 0.94909
vt 0.44552 0.94969
f 2604/6872 2696/6873 2613/6874
vt 0.97089 0.29511
vt 0.97091 0.29728
vt 0.96999 0.29491
f 2637/6875 2645/6876 2713/6877
f 2530/6126 2777/6522 2702/6285
vt 0.03556 0.55219
f 2599/6656 2692/6827 2647/6878
vt 0.90200 0.86956
f 2671/6835 2672/6879 2636/6769
vt 0.30676 0.56596
f 2626/6633 2693/6831 2655/6880
vt 0.49402 0.57621
f 2612/6787 2654/6786 2713/6881
vt 0.90058 0.87147
f 2636/6769 2672/6879 2649/6882
vt 0.49250 0.57326
f 2615/6794 2714/6883 2654/6786
f 2652/6796 2714/6883 2615/6794
vt 0.49376 0.55755
f 2669/6810 2657/6809 2676/6884
vt 0.49394 0.56105
f 2625/6799 2669/6810 2659/6885
f 2625/6799 2659/6885 2655/6829
vt 0.30686 0.56253
f 2626/6633 2681/6886 2676/6771
vt 0.30685 0.56456
f 2626/6633 2659/6887 2681/6886
vt 0.57006 0.19865
f 2579/6328 2597/6888 2643/6176
vt 0.97004 0.29729
f 2645/6876 2711/6889 2713/6877
vt 0.29909 0.43375
f 2686/6890 2688/6773 2532/6334
vt 0.98867 0.64852
vt 0.98867 0.64762
vt 0.98900 0.64782
f 2657/6891 2632/6892 2676/6893
f 2659/6887 2626/6633 2655/6880
vt 0.30695 0.57399
f 2679/6765 2694/6784 2719/6894
vt 0.49371 0.56970
f 2652/6796 2624/6805 2679/6895
vt 0.49371 0.56811
f 2624/6805 2691/6800 2699/6896
f 2556/6555 2650/6857 2709/6467
vt 0.30672 0.56128
f 2676/6771 2681/6886 2677/6897
vt 0.30667 0.56050
f 2676/6771 2673/6898 2587/6825
vt 0.68851 0.11740
f 2596/6268 2708/6899 2733/6811
vt 0.49588 0.72092
f 2471/6429 2711/6900 2645/6864
vt 0.07363 0.48902
f 2591/6709 2758/6901 2712/6791
vt 0.03506 0.54660
f 2546/6270 2684/6902 2608/6636
vt 0.66702 0.34750
f 2614/6665 2723/6903 2597/6635
vt 0.21974 0.94560
f 2631/6804 2590/6803 2616/6904
f 2557/6639 2570/6638 2640/6815
vt 0.78606 0.24500
f 2639/6866 2713/6867 2654/6905
f 2746/6797 2540/5964 2638/6625
vt 0.98472 0.55627
vt 0.98483 0.55668
vt 0.98445 0.55693
f 2588/6906 2667/6907 2608/6908
vt 0.03520 0.54459
f 2588/6545 2608/6636 2685/6909
vt 0.91457 0.54145
f 2628/6836 2670/6849 2801/6910
f 2628/6836 2801/6910 2695/6837
vt 0.07432 0.47568
f 2618/6845 2617/6868 2672/6911
f 2472/6129 2705/6719 2743/6469
f 2663/6448 2611/6683 2704/6862
vt 0.30690 0.56985
f 2583/6713 2678/6912 2607/6788
f 2607/6788 2678/6912 2693/6831
f 2480/6207 2665/6537 2664/6320
f 2548/6276 2668/6729 2822/6823
f 2583/6713 2699/6828 2678/6912
vt 0.07332 0.46301
f 2634/6841 2764/6840 2666/6913
f 2522/5876 2717/6529 2606/6714
vt 0.49392 0.55691
f 2676/6884 2632/6821 2673/6914
vt 0.98474 0.55724
f 2602/6915 2608/6908 2667/6907
vt 0.97881 0.81716
vt 0.97908 0.81573
vt 0.97932 0.81686
f 2602/6916 2667/6917 2684/6918
vt 0.07403 0.45867
f 2560/6630 2770/6919 2703/6615
f 2634/6841 2666/6913 2600/6725
vt 0.36006 0.30866
f 2584/6395 2847/6920 2777/6522
vt 0.91529 0.53784
f 2689/6838 2695/6837 2761/6921
vt 0.56908 0.20103
f 2597/6888 2723/6922 2643/6176
vt 0.49529 0.55908
f 2669/6810 2749/6923 2659/6885
f 2623/6758 2684/6860 2633/6861
vt 0.08732 0.96280
f 2692/6854 2619/6924 2645/6859
f 2309/5872 2746/6797 2675/6028
vt 0.07351 0.46994
f 2635/6842 2671/6846 2732/6925
vt 0.68529 0.11374
f 2653/6812 2733/6811 2738/6926
vt 0.68634 0.11235
f 2653/6812 2738/6926 2575/6927
vt 0.49434 0.56298
f 2655/6829 2693/6928 2691/6800
vt 0.12253 0.74659
f 2656/6660 2690/6929 2682/6661
f 2596/6268 2648/6631 2708/6899
vt 0.49808 0.03455
f 2665/6537 2586/6618 2890/6930
f 2609/6780 2712/6791 2610/6781
vt 0.49443 0.71978
f 2645/6864 2619/6931 2482/6228
f 2560/6630 2720/6726 2770/6919
f 2711/6900 2471/6429 2612/6754
vt 0.49600 0.72173
f 2711/6900 2612/6754 2752/6932
vt 0.49419 0.55836
f 2676/6884 2677/6933 2669/6810
f 2569/6213 2595/6748 2789/6749
vt 0.21974 0.95023
f 2667/6778 2631/6804 2685/6934
vt 0.11018 0.85703
vt 0.11038 0.85845
vt 0.10966 0.85841
f 2678/6935 2699/6936 2740/6937
f 2669/6810 2677/6933 2749/6923
vt 0.97947 0.81601
f 2667/6917 2685/6938 2684/6918
vt 0.49479 0.56958
f 2652/6796 2679/6895 2719/6939
f 2503/6125 2846/6822 2967/6792
f 2543/6257 2588/6545 2631/6826
vt 0.27812 0.42602
f 2598/6706 2664/6422 2849/6940
vt 0.37509 0.30625
f 2558/6407 2680/6292 2779/6941
vt 0.49466 0.57897
f 2713/6881 2752/6942 2612/6787
f 2513/6030 2683/6802 2730/6634
vt 0.03535 0.54432
f 2588/6545 2685/6943 2631/6826
f 2608/6636 2684/6902 2685/6909
vt 0.93296 0.48805
vt 0.93379 0.48712
vt 0.93338 0.49012
f 2476/6944 2774/6945 2686/6946
vt 0.49470 0.56754
f 2691/6800 2740/6947 2699/6896
vt 0.03505 0.53621
f 2574/6705 2696/6948 2519/6301
f 2546/6270 2633/6779 2684/6902
vt 0.91511 0.54547
f 2649/6848 2718/6949 2670/6849
vt 0.44654 0.95048
f 2613/6874 2696/6873 2574/6950
vt 0.27483 0.88599
f 2650/6857 2795/6951 2709/6467
vt 0.98347 0.65355
vt 0.98337 0.65258
vt 0.98365 0.65301
f 2677/6952 2673/6953 2716/6954
vt 0.90212 0.86367
f 2689/6834 2732/6955 2671/6835
f 2519/6301 2696/6948 2651/6761
vt 0.44684 0.94633
f 2604/6872 2651/6956 2696/6873
f 2618/6845 2672/6911 2671/6846
vt 0.97647 0.88846
vt 0.97672 0.88898
vt 0.97573 0.88926
f 2688/6957 2674/6958 2630/6959
vt 0.48683 0.41917
f 2638/6625 2742/6736 2726/6960
vt 0.35193 0.65101
f 2606/6714 2834/6961 2614/6606
vt 0.63881 0.93303
f 2587/6741 2728/6962 2632/6742
vt 0.47193 0.41295
f 2448/6413 2735/6819 2698/6963
f 2585/6663 2809/6747 2707/6648
vt 0.35005 0.31043
f 2568/6324 2702/6285 2797/6964
vt 0.11016 0.84716
vt 0.11033 0.84793
vt 0.10966 0.84716
f 2587/6965 2673/6966 2728/6967
vt 0.49429 0.55691
f 2673/6914 2632/6821 2716/6968
vt 0.10893 0.84749
f 2673/6966 2731/6969 2728/6967
vt 0.56602 0.19996
f 2643/6176 2723/6922 2816/6970
vt 0.29474 0.43282
vt 0.29535 0.43080
f 2774/6971 2642/6525 2852/6972
vt 0.30204 0.43418
vt 0.30215 0.43055
f 2674/6973 2688/6773 2939/6974
vt 0.28809 0.43034
vt 0.29102 0.42963
vt 0.28979 0.43085
f 2707/6975 2835/6976 2687/6977
vt 0.11035 0.84861
f 2673/6966 2677/6978 2731/6969
vt 0.49065 0.29137
f 2730/6634 2683/6802 2799/6979
vt 0.11022 0.85171
vt 0.10859 0.85103
vt 0.11006 0.85016
f 2659/6980 2710/6981 2681/6982
f 2681/6982 2731/6969 2677/6978
vt 0.97548 0.01832
vt 0.97455 0.01887
vt 0.97447 0.01756
f 2689/6983 2761/6984 2732/6985
vt 0.36233 0.65599
f 2567/6494 2682/6730 2783/6986
vt 0.69140 0.12353
f 2709/6632 2833/6987 2648/6631
vt 0.12184 0.74799
f 2690/6929 2737/6988 2682/6661
vt 0.38915 0.30182
f 2630/6209 2674/6989 2603/6211
f 2448/6413 2698/6963 2758/6865
vt 0.90224 0.87228
f 2649/6882 2672/6879 2627/6990
vt 0.74999 0.50177
f 2690/6775 2730/6692 2737/6991
vt 0.38910 0.30397
f 2603/6211 2872/6992 2700/6863
vt 0.49491 0.55632
f 2632/6821 2728/6993 2716/6968
vt 0.47790 0.41504
f 2675/6028 2722/6994 2706/6591
f 2680/6292 2646/6325 2779/6941
f 2617/6868 2627/6832 2672/6911
vt 0.90166 0.87257
f 2649/6882 2627/6990 2718/6995
vt 0.11012 0.85408
vt 0.10830 0.85526
f 2693/6996 2678/6935 2748/6997
f 2691/6800 2693/6928 2740/6947
vt 0.47910 0.41569
f 2675/6028 2746/6797 2759/6998
f 2675/6028 2759/6998 2722/6994
f 2706/6591 2722/6994 2735/6819
vt 0.31827 0.31576
f 2660/6307 2697/6298 2763/6999
vt 0.38366 0.30551
f 2701/6434 2700/6863 2826/7000
f 2568/6324 2797/6964 2725/6724
f 2600/6725 2666/6913 2720/6726
vt 0.07295 0.46131
vt 0.07115 0.46116
vt 0.07211 0.46010
f 2720/7001 2798/7002 2790/7003
vt 0.49553 0.57249
f 2652/6796 2719/6939 2753/7004
vt 0.49404 0.57230
f 2652/6796 2753/7004 2714/7005
vt 0.10934 0.85271
f 2659/6980 2721/7006 2710/6981
vt 0.49526 0.56156
f 2659/6885 2749/6923 2721/7007
vt 0.35785 0.65561
f 2717/6529 2567/6494 2827/7008
f 2681/6982 2710/6981 2731/6969
vt 0.49425 0.57383
f 2694/7009 2714/7005 2753/7004
vt 0.10975 0.86724
vt 0.10979 0.86988
vt 0.10836 0.86750
f 2713/7010 2711/7011 2734/7012
f 2678/6935 2740/6937 2748/6997
vt 0.68955 0.12190
f 2648/6631 2804/7013 2708/6899
vt 0.07232 0.46212
f 2720/7001 2755/7014 2798/7002
vt 0.49431 0.55691
f 2716/7015 2749/6923 2677/6933
vt 0.49609 0.56310
f 2740/6947 2693/6928 2724/7016
vt 0.50455 0.30026
vt 0.50266 0.30016
f 2575/6669 2738/7017 2771/7018
vt 0.89120 0.08858
vt 0.88937 0.08875
vt 0.89021 0.08537
f 2670/7019 2793/7020 2801/7021
vt 0.11017 0.86434
vt 0.10922 0.86496
vt 0.10833 0.86370
f 2694/7022 2760/7023 2739/7024
f 2558/6407 2779/6941 2846/6822
vt 0.10822 0.85742
f 2740/6937 2727/7025 2748/6997
vt 0.27597 0.88711
f 2650/6857 2703/6856 2745/7026
vt 0.27512 0.88765
f 2650/6857 2745/7026 2750/7027
vt 0.36353 0.30895
f 2584/6395 2837/7028 2847/6920
vt 0.07313 0.48591
f 2758/6901 2744/7029 2712/6791
f 2635/6842 2732/6925 2796/6843
f 2704/6862 2611/6683 2841/6505
vt 0.29194 0.43128
f 2642/6525 2687/7030 2835/6976
f 2642/6525 2835/6976 2852/6972
vt 0.33764 0.31387
f 2743/6469 2705/6719 2906/7031
vt 0.10950 0.86059
vt 0.10840 0.86174
f 2719/7032 2694/7022 2741/7033
vt 0.10842 0.86994
f 2711/7011 2769/7034 2734/7012
vt 0.10827 0.85337
f 2693/6996 2748/6997 2729/7035
f 2693/6996 2729/7035 2721/7006
vt 0.95142 0.34886
vt 0.95104 0.34697
vt 0.95151 0.34730
f 2720/7036 2790/7037 2770/7038
f 2694/7022 2739/7024 2741/7033
vt 0.49937 0.29966
f 2662/6697 2773/7039 2668/6729
vt 0.69395 0.12521
f 2709/6632 2795/7040 2833/6987
f 2825/6869 2643/6176 2816/6970
vt 0.99276 0.79354
vt 0.99259 0.79389
vt 0.99247 0.79354
f 2735/7041 2722/7042 2736/7043
f 2603/6211 2674/6989 2872/6992
vt 0.10867 0.86540
f 2739/7024 2760/7023 2754/7044
vt 0.10810 0.86488
f 2739/7024 2754/7044 2775/7045
vt 0.89122 0.08529
vt 0.88965 0.08301
f 2695/7046 2801/7021 2761/7047
vt 0.08590 0.75446
vt 0.08590 0.75342
vt 0.08729 0.75363
f 2722/7048 2759/7049 2756/7050
vt 0.88982 0.09054
f 2670/7019 2718/7051 2793/7020
vt 0.10902 0.85923
vt 0.10818 0.85924
f 2740/6937 2762/7052 2781/7053
vt 0.28176 0.42863
vt 0.28004 0.42858
vt 0.28114 0.42623
f 2644/7054 2598/7055 2905/7056
vt 0.10788 0.84770
f 2731/6969 2710/6981 2772/7057
vt 0.97992 0.80888
vt 0.98058 0.80872
vt 0.98052 0.80973
f 2755/7058 2666/7059 2803/7060
f 2719/7032 2741/7033 2781/7053
vt 0.49544 0.57440
f 2694/7009 2753/7004 2760/7061
vt 0.12065 0.74811
f 2682/6661 2737/6988 2747/7062
vt 0.60769 0.88402
vt 0.60604 0.88548
vt 0.60718 0.88103
f 2698/7063 2735/7064 2767/7065
vt 0.55538 0.77319
f 2594/6400 2880/7066 2776/6801
f 2594/6400 2825/6870 2880/7066
f 2701/6434 2826/7000 2646/6325
vt 0.68591 0.11680
f 2738/6926 2733/6811 2786/7067
vt 0.06988 0.46330
f 2755/7014 2803/7068 2798/7002
f 2716/6968 2728/6993 2749/6923
f 2721/7006 2729/7035 2710/6981
f 2598/7055 2849/6940 2905/7056
vt 0.60489 0.88398
f 2735/7064 2736/7069 2767/7065
f 2650/6857 2750/7027 2795/6951
f 2740/6937 2781/7053 2727/7025
vt 0.07186 0.48098
f 2610/6781 2815/7070 2627/6832
vt 0.35544 0.31019
f 2702/6285 2777/6522 2715/7071
f 2648/6631 2833/6987 2804/7013
vt 0.26810 0.90901
vt 0.26813 0.90748
vt 0.26946 0.90752
f 2722/7072 2756/7073 2736/7074
vt 0.30001 0.42962
f 2686/6890 2921/7075 2688/6773
vt 0.60782 0.88466
vt 0.60909 0.88448
f 2698/7076 2767/7065 2758/7077
vt 0.49531 0.56168
f 2693/6928 2721/7078 2724/7016
vt 0.49462 0.72152
f 2769/7079 2711/6900 2752/6932
f 2584/6395 2967/6792 2837/7028
vt 0.99176 0.23137
vt 0.99204 0.23106
vt 0.99204 0.23152
f 2713/7080 2754/7081 2757/7082
f 2662/6697 2575/6669 2771/7018
vt 0.10813 0.86084
f 2781/7053 2741/7033 2787/7083
vt 0.10884 0.86634
f 2713/7010 2734/7012 2754/7084
vt 0.34231 0.58101
vt 0.34117 0.58309
vt 0.33922 0.58063
f 2790/7085 2857/7086 2770/7087
vt 0.26836 0.90541
f 2736/7074 2756/7073 2751/7088
vt 0.08637 0.75350
f 2759/7049 2811/7089 2756/7050
vt 0.28384 0.42850
vt 0.28626 0.42709
f 2809/7090 2898/7091 2707/6975
vt 0.24348 0.54125
vt 0.24396 0.54272
vt 0.24233 0.54301
f 2682/7092 2747/7093 2818/7094
vt 0.08866 0.75239
vt 0.08917 0.75369
f 2756/7050 2819/7095 2751/7096
vt 0.60478 0.88113
f 2736/7069 2751/7097 2767/7065
vt 0.90566 0.35842
vt 0.90552 0.36075
vt 0.90492 0.35796
f 2748/7098 2727/7099 2724/7100
vt 0.10792 0.85115
f 2710/6981 2729/7035 2788/7101
f 2719/7032 2781/7053 2762/7052
f 2734/7012 2775/7045 2754/7044
vt 0.95111 0.35050
vt 0.95057 0.35016
f 2720/7036 2666/7102 2755/7103
vt 0.07201 0.47934
f 2627/6832 2815/7070 2765/7104
vt 0.49547 0.57625
f 2713/6881 2757/7105 2752/6942
vt 0.50318 0.03427
f 2586/6618 2776/7106 2890/6930
vt 0.27743 0.88816
vt 0.27594 0.88783
f 2703/6856 2770/7107 2745/7108
vt 0.98345 0.05784
vt 0.98371 0.05763
vt 0.98392 0.05862
f 2754/7109 2760/7110 2757/7111
vt 0.10796 0.86723
f 2734/7012 2768/7112 2775/7045
vt 0.60916 0.88122
f 2767/7065 2744/7113 2758/7077
f 2710/6981 2788/7101 2772/7057
vt 0.49670 0.55675
f 2728/6993 2772/7114 2749/6923
vt 0.90560 0.36486
vt 0.90537 0.36639
vt 0.90521 0.36381
f 2741/7115 2739/7116 2787/7117
vt 0.90536 0.37330
vt 0.90510 0.37156
vt 0.90569 0.37145
f 2769/7118 2768/7119 2734/7120
vt 0.63941 0.93279
vt 0.64043 0.93319
f 2728/6962 2731/7121 2772/7122
f 2668/6729 2773/7039 2822/6823
vt 0.07230 0.48348
f 2712/6791 2744/7029 2782/7123
vt 0.96824 0.73986
vt 0.96899 0.74034
vt 0.96814 0.74140
f 2750/7124 2807/7125 2784/7126
vt 0.30293 0.43447
vt 0.30346 0.43226
f 2674/7127 2939/6974 2872/7128
vt 0.29624 0.43242
f 2686/6890 2774/7129 2921/7075
vt 0.96975 0.96411
vt 0.96961 0.96559
vt 0.96877 0.96483
f 2627/7130 2765/7131 2718/7132
vt 0.96915 0.73990
f 2750/7124 2745/7133 2807/7125
vt 0.08567 0.75195
vt 0.08676 0.75085
vt 0.08636 0.75216
f 2746/7134 2805/7135 2759/7136
vt 0.49599 0.56699
vt 0.49569 0.56947
f 2740/6947 2766/7137 2762/7138
vt 0.49623 0.57447
f 2760/7061 2775/7139 2757/7105
f 2719/6939 2762/7138 2753/7004
vt 0.30838 0.31826
f 2742/6750 2789/6749 2726/7140
vt 0.97459 0.24650
vt 0.97403 0.24573
vt 0.97506 0.24577
f 2759/7141 2794/7142 2811/7143
vt 0.91373 0.84296
vt 0.91157 0.84490
vt 0.91274 0.84207
f 2738/7144 2786/7145 2771/7146
f 2660/6307 2763/6999 2595/6748
vt 0.07216 0.46335
f 2764/6840 2803/7068 2666/7147
vt 0.68778 0.11791
f 2708/6899 2821/7148 2786/7067
f 2708/6899 2786/7067 2733/6811
vt 0.08752 0.75156
f 2759/7136 2805/7135 2794/7149
f 2712/6791 2782/7123 2610/6781
vt 0.69472 0.12565
vt 0.69486 0.12672
f 2750/7150 2784/7151 2795/7040
vt 0.68813 0.11987
f 2821/7148 2708/6899 2780/7152
vt 0.26876 0.90527
vt 0.26681 0.90425
vt 0.26715 0.90266
f 2751/7153 2820/7154 2884/7155
vt 0.60411 0.87927
f 2751/7097 2884/7156 2767/7065
f 2702/6285 2715/7071 2797/6964
f 2610/6781 2782/7123 2815/7070
vt 0.90471 0.36062
f 2727/7099 2766/7157 2724/7100
vt 0.90558 0.35653
f 2748/7098 2724/7100 2729/7158
vt 0.90494 0.35507
f 2729/7158 2724/7100 2788/7159
vt 0.97388 0.01758
f 2732/6985 2761/6984 2808/7160
vt 0.49635 0.03365
f 2664/6320 2665/6537 2849/7161
vt 0.74842 0.50379
vt 0.74808 0.50177
f 2737/6991 2800/7162 2747/7163
vt 0.07206 0.47062
f 2732/6925 2808/7164 2796/6843
vt 0.88797 0.08375
f 2761/7047 2801/7021 2808/7165
f 2760/7061 2753/7004 2775/7139
vt 0.08957 0.75258
f 2751/7096 2819/7095 2820/7166
vt 0.49627 0.57681
f 2757/7105 2775/7139 2768/7167
vt 0.49605 0.57914
f 2752/6942 2768/7167 2769/7168
vt 0.49652 0.56045
f 2749/6923 2788/7169 2721/7078
f 2567/6494 2783/6986 2827/7008
f 2721/7078 2788/7169 2724/7016
vt 0.75377 0.50272
vt 0.75202 0.50317
f 2730/6692 2799/7170 2810/7171
vt 0.90512 0.36194
f 2727/7099 2781/7172 2766/7157
f 2740/6947 2724/7016 2766/7137
f 2752/6942 2757/7105 2768/7167
f 2708/6899 2804/7013 2780/7152
vt 0.49611 0.56938
f 2766/7137 2787/7173 2762/7138
vt 0.49616 0.56751
f 2766/7137 2781/7174 2787/7173
vt 0.60928 0.88036
vt 0.60904 0.87937
f 2744/7175 2767/7065 2782/7176
vt 0.90494 0.36597
f 2787/7117 2739/7116 2762/7177
f 2737/6991 2730/6692 2810/7171
vt 0.75145 0.50479
f 2737/6991 2810/7171 2840/7178
vt 0.08735 0.75217
f 2819/7095 2756/7050 2811/7179
vt 0.91023 0.84651
vt 0.91001 0.84499
f 2821/7180 2894/7181 2786/7145
vt 0.90504 0.36701
f 2739/7116 2775/7182 2762/7177
vt 0.48286 0.41993
f 2746/6797 2638/6625 2851/7183
f 2644/7054 2905/7056 2809/7090
vt 0.33775 0.58287
vt 0.33729 0.58093
f 2770/7087 2864/7184 2745/7185
vt 0.74994 0.50420
f 2737/6991 2840/7178 2829/7186
f 2705/6719 2778/6442 2906/7031
f 2707/6975 2898/7091 2835/6976
vt 0.36341 0.65791
f 2682/6730 2785/7187 2783/6986
vt 0.49009 0.29230
f 2683/6802 2855/7188 2799/6979
vt 0.88812 0.09165
f 2718/7051 2765/7189 2793/7020
f 2753/7004 2762/7138 2775/7139
f 2662/6697 2771/7018 2773/7039
vt 0.24343 0.54518
f 2747/7093 2800/7190 2818/7094
vt 0.06789 0.45915
f 2798/7002 2873/7191 2790/7003
f 2788/7169 2749/6923 2772/7114
vt 0.60665 0.87913
f 2884/7156 2802/7192 2767/7065
vt 0.48131 0.41776
f 2746/6797 2851/7183 2805/7193
vt 0.33674 0.58142
f 2745/7185 2864/7184 2807/7194
f 2737/6991 2829/7186 2800/7162
vt 0.68815 0.12197
f 2804/7013 2792/7195 2780/7152
vt 0.38716 0.30636
f 2700/6863 2930/7196 2826/7000
vt 0.08794 0.75177
f 2819/7095 2811/7179 2836/7197
vt 0.60886 0.87897
f 2767/7065 2802/7192 2782/7198
vt 0.24219 0.54148
f 2682/7092 2818/7094 2785/7199
vt 0.07189 0.46671
f 2764/6840 2796/6843 2791/7200
f 2700/6863 2872/6992 2930/7196
vt 0.66771 0.34952
f 2723/6903 2614/6665 2834/7201
vt 0.07179 0.46628
vt 0.06993 0.46614
f 2764/6840 2791/7202 2832/7203
vt 0.69418 0.12725
f 2784/7151 2807/7204 2795/7040
f 2770/7087 2857/7086 2864/7184
vt 0.88814 0.08970
f 2793/7020 2765/7189 2812/7205
vt 0.34297 0.31482
f 2778/6442 2725/6724 2910/7206
vt 0.55713 0.77407
f 2776/6801 2880/7066 2863/7207
vt 0.50017 0.03639
f 2890/6930 2776/7106 2850/7208
f 2764/6840 2832/7203 2803/7068
vt 0.88845 0.08691
f 2793/7020 2814/7209 2801/7021
vt 0.87718 0.10885
vt 0.87649 0.11109
vt 0.87555 0.10985
f 2799/7210 2828/7211 2810/7212
vt 0.49380 0.29731
f 2822/6823 2907/7213 2683/6802
vt 0.23956 0.54290
f 2818/7094 2806/7214 2785/7199
vt 0.74127 0.85067
vt 0.74129 0.85489
vt 0.73910 0.85387
f 2802/7215 2884/7216 2954/7217
f 2774/7129 2852/6972 2921/7075
vt 0.33546 0.31636
f 2743/6469 2906/7031 2942/7218
vt 0.32129 0.31812
f 2704/6862 2877/7219 2697/6298
vt 0.35319 0.65479
f 2606/6714 2936/7220 2834/6961
f 2801/7021 2814/7209 2808/7165
f 2665/6537 2890/6930 2849/7161
f 2697/6298 2877/7219 2763/6999
f 2777/6522 2847/6920 2715/7071
vt 0.06960 0.46745
f 2796/6843 2832/7221 2791/7200
vt 0.97474 0.24495
vt 0.97430 0.24458
f 2811/7222 2794/7142 2836/7223
vt 0.87816 0.10977
f 2799/7210 2855/7224 2828/7211
f 2793/7020 2812/7205 2814/7209
vt 0.37834 0.30906
f 2646/6325 2959/7225 2779/6941
vt 0.07033 0.47089
f 2808/7164 2813/7226 2796/6843
f 2796/6843 2813/7226 2832/7221
f 2606/6714 2717/6529 2936/7220
vt 0.07117 0.47422
f 2808/7164 2814/7227 2813/7226
vt 0.69286 0.12771
f 2795/7040 2807/7204 2864/7228
vt 0.34438 0.58384
f 2857/7086 2790/7085 2873/7229
vt 0.07092 0.47774
f 2765/7104 2815/7070 2812/7230
vt 0.56671 0.20302
f 2723/6922 2860/7231 2816/6970
vt 0.91044 0.84266
f 2771/7146 2786/7145 2869/7232
vt 0.06726 0.46622
f 2832/7203 2947/7233 2803/7068
vt 0.49160 0.29515
f 2683/6802 2823/7234 2855/7188
vt 0.68832 0.12345
f 2833/6987 2853/7235 2804/7013
f 2688/6773 2921/7075 2939/6974
vt 0.81540 0.33214
vt 0.81775 0.33273
vt 0.81772 0.33391
f 2810/7236 2828/7237 2845/7238
vt 0.07111 0.48331
vt 0.06984 0.48314
f 2782/7239 2802/7240 2815/7070
vt 0.09009 0.75022
f 2794/7149 2805/7135 2830/7241
vt 0.06978 0.47457
f 2814/7227 2812/7230 2838/7242
f 2814/7227 2838/7242 2813/7226
vt 0.87857 0.11177
f 2828/7211 2855/7224 2824/7243
vt 0.68792 0.12100
vt 0.68780 0.12031
f 2780/7152 2871/7244 2821/7245
vt 0.34785 0.31385
f 2725/6724 2797/6964 2862/7246
vt 0.54972 0.77098
vt 0.55121 0.77010
f 2816/7247 2817/7248 2825/6870
vt 0.38138 0.30760
f 2646/6325 2962/7249 2959/7225
vt 0.06730 0.46082
f 2798/7002 2893/7250 2873/7191
vt 0.06875 0.48034
f 2815/7070 2802/7240 2874/7251
vt 0.55326 0.76961
f 2825/6870 2817/7248 2868/7252
vt 0.91046 0.84131
f 2771/7146 2869/7232 2881/7253
f 2743/6469 2942/7218 2841/6505
vt 0.35291 0.31235
f 2797/6964 2715/7071 2885/7254
vt 0.37251 0.30910
f 2779/6941 2889/7255 2846/6822
vt 0.29411 0.42648
f 2852/6972 2835/6976 2991/7256
vt 0.27925 0.42482
f 2849/6940 2920/7257 2905/7056
f 2780/7152 2792/7195 2871/7244
f 2833/6987 2795/7040 2864/7228
vt 0.55437 0.77154
f 2825/6870 2900/7258 2880/7066
vt 0.50040 0.30242
f 2771/7018 2881/7259 2773/7039
vt 0.56503 0.20174
f 2816/6970 2860/7231 2817/7260
vt 0.31871 0.32019
f 2595/6748 2763/6999 3018/7261
vt 0.30910 0.32002
f 2789/6749 2919/7262 2726/7140
vt 0.96897 0.78364
vt 0.96915 0.78498
vt 0.96815 0.78396
f 2804/7263 2853/7264 2792/7265
vt 0.26600 0.90378
f 2820/7154 2867/7266 2884/7155
vt 0.08815 0.74658
f 2805/7135 2892/7267 2830/7241
vt 0.29737 0.42743
f 2852/6972 2991/7256 2951/7268
vt 0.87624 0.11308
f 2828/7211 2824/7243 2831/7269
vt 0.96907 0.78886
vt 0.96811 0.78791
vt 0.96930 0.78736
f 2819/7270 2870/7271 2820/7272
vt 0.81944 0.33346
f 2828/7237 2831/7273 2845/7238
f 2815/7070 2874/7251 2812/7230
vt 0.24077 0.54693
f 2800/7190 2944/7274 2818/7094
vt 0.06760 0.47712
f 2812/7230 2874/7251 2940/7275
f 2786/7145 2894/7181 2869/7232
vt 0.48625 0.42254
f 2726/6960 2933/7276 2638/6625
vt 0.06821 0.48304
f 2802/7240 2842/7277 2874/7251
vt 0.87728 0.11425
f 2831/7269 2824/7243 2843/7278
vt 0.15074 0.82060
vt 0.15071 0.82340
vt 0.14848 0.82125
f 2839/7279 2929/7280 2859/7281
f 2725/6724 2862/7246 2910/7206
vt 0.96402 0.51987
vt 0.96462 0.52187
vt 0.96406 0.52144
f 2821/7282 2871/7283 2865/7284
vt 0.35104 0.65387
f 2936/7220 2932/7285 2834/6961
f 2907/7213 2823/7234 2683/6802
vt 0.14399 0.82116
vt 0.14562 0.82099
vt 0.14455 0.82248
f 2794/7286 2830/7287 2836/7288
vt 0.31354 0.32097
f 2789/6749 2938/7289 2919/7262
vt 0.09365 0.75002
vt 0.09068 0.74924
f 2859/7290 2830/7241 2844/7291
vt 0.96841 0.78908
f 2819/7270 2836/7292 2870/7271
f 2830/7241 2892/7267 2844/7291
vt 0.09485 0.74754
f 2859/7290 2844/7291 2854/7293
vt 0.09490 0.74971
f 2859/7290 2854/7293 2839/7294
vt 0.15206 0.82155
f 2839/7279 2897/7295 2929/7280
vt 0.74864 0.50584
f 2800/7162 2829/7186 2944/7296
vt 0.81426 0.33318
f 2810/7236 2845/7238 2840/7297
vt 0.96822 0.78506
f 2853/7264 2866/7298 2792/7265
vt 0.87872 0.11508
vt 0.87662 0.11617
f 2843/7278 2848/7299 2856/7300
f 2812/7230 2940/7275 2838/7242
vt 0.87917 0.11332
f 2824/7243 2903/7301 2843/7278
vt 0.48759 0.29270
vt 0.48720 0.29038
f 2855/7188 2904/7302 2824/7303
vt 0.08604 0.74801
f 2805/7135 2851/7304 2892/7267
vt 0.56904 0.20320
f 2723/6922 2834/7305 2860/7231
vt 0.35961 0.65660
f 2783/6986 2861/7306 2827/7008
f 2717/6529 2827/7008 2936/7220
vt 0.14768 0.82352
f 2830/7287 2859/7281 2858/7307
vt 0.36187 0.31288
f 2847/6920 2837/7028 2961/7308
f 2826/7000 2962/7249 2646/6325
vt 0.36201 0.65797
f 2783/6986 2785/7187 2876/7309
vt 0.75091 0.50676
f 2829/7186 2924/7310 2944/7296
f 2809/7090 2905/7056 2898/7091
f 2763/6999 2877/7219 3018/7261
vt 0.68956 0.12611
f 2864/7228 2927/7311 2833/6987
f 2789/6749 2595/6748 2938/7289
vt 0.49484 0.30037
f 2773/7039 2941/7312 2822/6823
f 2830/7287 2858/7307 2836/7288
vt 0.49602 0.03518
f 2849/7161 2890/6930 2882/7313
vt 0.50318 0.03579
vt 0.50017 0.03639
f 2776/7106 2863/7314 2850/7315
vt 0.06712 0.47042
f 2813/7226 2838/7242 2928/7316
f 2813/7226 2928/7316 2832/7221
f 2853/7235 2833/6987 2927/7311
vt 0.48446 0.29023
f 2824/7303 2904/7302 2903/7317
f 2843/7278 2903/7301 2848/7299
f 2803/7068 2893/7250 2798/7002
vt 0.87579 0.11505
vt 0.87581 0.11412
f 2843/7278 2876/7318 2831/7319
f 2852/6972 2951/7268 2921/7075
vt 0.09254 0.74580
f 2844/7291 2914/7320 2854/7293
f 2838/7242 2940/7275 2928/7316
vt 0.74007 0.85145
f 2802/7215 2954/7217 2842/7321
f 2783/6986 2876/7309 2861/7306
vt 0.32960 0.31914
f 2704/6862 2841/6505 3032/7322
f 2778/6442 2910/7206 2906/7031
vt 0.35662 0.31344
f 2847/6920 2975/7323 2715/7071
vt 0.90513 0.76027
vt 0.90471 0.75939
vt 0.90529 0.75860
f 2726/7324 2919/7325 2933/7326
vt 0.36129 0.73876
vt 0.36271 0.74013
vt 0.36140 0.74265
f 2894/7327 2821/7328 2918/7329
vt 0.95929 0.14701
vt 0.96020 0.14729
vt 0.95934 0.14925
f 2843/7330 2856/7331 2876/7332
vt 0.36267 0.74218
f 2821/7328 2865/7333 2918/7329
vt 0.31919 0.94864
vt 0.32038 0.94915
vt 0.32075 0.94952
f 2863/7334 2880/7335 2850/7336
vt 0.15227 0.82408
f 2929/7280 2897/7295 2996/7337
vt 0.49007 0.29493
f 2855/7188 2823/7234 2952/7338
vt 0.14603 0.82369
f 2858/7307 2867/7339 2836/7288
vt 0.81838 0.33490
f 2831/7273 2891/7340 2845/7238
vt 0.06685 0.46295
f 2803/7068 2879/7341 2893/7250
vt 0.56514 0.20456
f 2860/7231 2974/7342 2817/7260
f 2859/7281 2929/7280 2858/7307
vt 0.96007 0.14905
f 2856/7331 2861/7343 2876/7332
vt 0.82020 0.33483
vt 0.81942 0.33469
f 2831/7273 2876/7344 2891/7345
vt 0.68739 0.12149
vt 0.68726 0.12249
f 2875/7346 2792/7195 2866/7347
vt 0.99337 0.90729
vt 0.99312 0.90707
vt 0.99337 0.90697
f 2871/7348 2878/7349 2865/7350
vt 0.68830 0.12618
f 2853/7235 2927/7311 2916/7351
vt 0.06562 0.48165
f 2842/7277 2945/7352 2874/7251
vt 0.26523 0.90534
vt 0.26535 0.90405
f 2820/7154 2870/7353 2867/7354
vt 0.32575 0.31803
f 2704/6862 2908/7355 2877/7219
f 2779/6941 2959/7225 2889/7255
f 2829/7186 2840/7178 2924/7310
vt 0.98843 0.30394
vt 0.98834 0.30459
vt 0.98824 0.30405
f 2792/7356 2899/7357 2871/7358
vt 0.98679 0.11002
vt 0.98706 0.10957
vt 0.98716 0.10990
f 2792/7359 2875/7360 2878/7361
vt 0.98704 0.11005
f 2792/7359 2878/7361 2899/7362
vt 0.33850 0.58473
f 2864/7184 2857/7086 2896/7363
f 2595/6748 3018/7261 2938/7289
f 2900/7258 2825/6870 2868/7252
f 2844/7291 2892/7267 2914/7320
vt 0.09629 0.74882
f 2839/7294 2854/7293 2897/7364
vt 0.56859 0.20474
f 2834/7305 2932/7365 2860/7231
vt 0.87780 0.11820
f 2856/7300 2848/7299 2935/7366
vt 0.14485 0.82375
f 2836/7288 2867/7339 2870/7367
vt 0.06652 0.46451
f 2947/7233 2879/7368 2803/7068
vt 0.99432 0.55995
vt 0.99432 0.56023
vt 0.99419 0.56002
f 2865/7369 2878/7370 2875/7371
vt 0.96460 0.98919
vt 0.96486 0.98933
vt 0.96463 0.98940
f 2865/7372 2875/7373 2883/7374
f 2847/6920 2961/7308 2975/7323
vt 0.27769 0.42388
f 2849/6940 2882/7375 2920/7257
vt 0.98814 0.30461
f 2871/7358 2899/7357 2888/7376
vt 0.99269 0.57960
vt 0.99269 0.57999
vt 0.99251 0.57961
f 2871/7377 2888/7378 2878/7379
vt 0.99412 0.35069
vt 0.99417 0.35093
vt 0.99396 0.35093
f 2878/7380 2883/7381 2899/7382
vt 0.99247 0.57982
f 2878/7379 2888/7378 2883/7383
vt 0.36250 0.74279
f 2865/7333 2883/7384 2918/7329
vt 0.30329 0.42990
f 2872/7128 2939/6974 2966/7385
vt 0.50365 0.03723
vt 0.50255 0.03819
f 2850/7208 2880/7386 2902/7387
vt 0.75242 0.50599
f 2840/7178 2886/7388 2924/7310
vt 0.28935 0.42524
f 2835/6976 2986/7389 2991/7256
f 2832/7221 2928/7316 2947/7233
vt 0.69132 0.12933
f 2864/7228 2896/7390 2927/7311
f 2855/7188 2952/7338 2904/7302
f 2797/6964 2885/7254 2862/7246
vt 0.50156 0.30262
vt 0.50192 0.30542
f 2869/7391 2950/7392 2881/7259
vt 0.81552 0.33494
f 2840/7297 2845/7238 2956/7393
vt 0.81443 0.33418
f 2840/7297 2956/7393 2886/7394
vt 0.87567 0.11733
f 2856/7300 2935/7366 2861/7395
vt 0.35438 0.65754
f 2936/7220 2827/7008 2931/7396
vt 0.55162 0.76714
f 2817/7248 2974/7397 2868/7252
vt 0.36116 0.73720
vt 0.35846 0.73821
f 2869/7398 2894/7327 2950/7399
f 2704/6862 3032/7322 2908/7355
vt 0.99410 0.54682
vt 0.99396 0.54704
vt 0.99396 0.54670
f 2875/7400 2899/7401 2883/7402
vt 0.48159 0.28876
vt 0.48384 0.28873
f 2913/7403 2848/7404 2903/7317
vt 0.49661 0.03762
f 2890/6930 2850/7208 2993/7405
vt 0.49681 0.30217
f 2773/7039 2887/7406 2941/7312
vt 0.16812 0.97707
vt 0.16761 0.97575
vt 0.16824 0.97603
f 2785/7407 2806/7408 2925/7409
vt 0.37058 0.31220
f 2846/6822 2889/7255 3061/7410
vt 0.87923 0.11684
f 2848/7299 2913/7411 2935/7366
f 2822/6823 2941/7312 2907/7213
vt 0.81900 0.33568
f 2891/7345 2876/7344 2925/7412
vt 0.68683 0.12593
vt 0.68631 0.12438
f 2853/7235 2915/7413 2971/7414
vt 0.96810 0.78684
f 2853/7264 2971/7415 2866/7298
vt 0.09589 0.74577
f 2897/7364 2854/7293 2922/7416
vt 0.28056 0.42420
f 2920/7257 3043/7417 2905/7056
vt 0.06583 0.46267
f 2893/7250 2879/7341 2926/7418
vt 0.06580 0.46146
f 2893/7250 2926/7418 2968/7419
vt 0.48392 0.42317
f 2638/6625 2933/7276 2895/7420
vt 0.34208 0.58773
f 2857/7086 2873/7229 3055/7421
vt 0.38944 0.30693
f 2872/6992 2966/7422 2930/7196
vt 0.36287 0.65903
f 2785/7187 2925/7423 2876/7309
f 2837/7028 2967/6792 2961/7308
f 2846/6822 3061/7410 2967/6792
vt 0.91963 0.33810
vt 0.92136 0.33893
vt 0.91982 0.34005
f 2890/7424 2993/7425 2882/7426
vt 0.36264 0.74330
f 2883/7384 2888/7427 2918/7329
vt 0.36244 0.74368
f 2888/7427 2899/7428 2918/7329
f 2853/7235 2916/7351 2915/7413
f 2851/7183 2638/6625 2895/7420
vt 0.08579 0.74504
f 2851/7304 2895/7429 2892/7267
vt 0.13465 0.95997
vt 0.13523 0.96057
vt 0.13513 0.96164
f 2875/7430 2866/7431 2912/7432
vt 0.81757 0.33582
f 2956/7393 2845/7238 2973/7433
vt 0.32000 0.94731
vt 0.32084 0.94606
vt 0.32120 0.94785
f 2880/7434 2900/7435 2902/7436
vt 0.23798 0.54461
f 2818/7094 2978/7437 2806/7214
vt 0.07409 0.76742
vt 0.07609 0.76613
vt 0.07522 0.76879
f 2904/7438 2952/7439 2956/7440
vt 0.75345 0.50672
f 2886/7388 2952/7441 2924/7310
vt 0.36152 0.74432
f 2899/7428 2946/7442 2918/7329
vt 0.07713 0.76724
f 2886/7443 2956/7440 2952/7439
f 2835/6976 2898/7091 2986/7389
vt 0.99167 0.47785
vt 0.99167 0.47832
vt 0.99138 0.47790
f 2884/7444 2867/7445 2970/7446
vt 0.73762 0.85500
f 2884/7216 2970/7447 2954/7217
vt 0.06561 0.47976
f 2874/7251 3033/7448 2940/7275
vt 0.97218 0.66850
vt 0.97293 0.66821
vt 0.97214 0.66994
f 2899/7449 2875/7450 2946/7451
vt 0.35786 0.65881
f 2827/7008 2861/7306 2958/7452
vt 0.56798 0.20683
f 2932/7365 3017/7453 2860/7231
f 2773/7039 2881/7259 2887/7406
vt 0.33324 0.31893
f 2841/6505 2942/7218 2909/7454
vt 0.31101 0.32281
f 2919/7262 2938/7289 2969/7455
f 2715/7071 2975/7323 2885/7254
vt 0.88071 0.69918
vt 0.88088 0.70245
vt 0.87736 0.69877
f 2897/7456 2922/7457 2996/7458
vt 0.48431 0.29215
f 2904/7302 2917/7459 2903/7317
vt 0.87611 0.11864
f 2861/7395 2935/7366 2958/7460
vt 0.49102 0.29816
f 2907/7213 2934/7461 2823/7234
vt 0.97285 0.66989
f 2875/7450 2912/7462 2946/7451
f 2874/7251 2945/7352 3033/7448
vt 0.06557 0.45888
f 2873/7191 2893/7250 2911/7463
vt 0.73687 0.85271
f 2842/7321 2954/7217 2972/7464
vt 0.06509 0.48295
f 2842/7277 2972/7465 2945/7352
f 2818/7094 2944/7274 2978/7437
vt 0.68624 0.12324
f 2866/7347 2971/7414 2912/7466
vt 0.96142 0.84324
vt 0.96250 0.84245
vt 0.96200 0.84445
f 2916/7467 2927/7468 2953/7469
f 2854/7293 2914/7320 2922/7416
f 2891/7340 2973/7433 2845/7238
vt 0.35833 0.74155
f 2894/7327 2918/7329 2901/7470
vt 0.14709 0.82428
vt 0.14823 0.82564
f 2867/7471 2858/7307 2970/7472
vt 0.49859 0.30551
f 2881/7259 2950/7392 3063/7473
f 2841/6505 2909/7454 3032/7322
vt 0.35120 0.65642
f 2932/7285 2936/7220 2923/7474
vt 0.92120 0.34153
vt 0.91949 0.34268
f 2882/7426 3010/7475 2920/7476
vt 0.68998 0.13064
f 2896/7390 2992/7477 2927/7311
vt 0.19342 0.84796
vt 0.19375 0.85040
vt 0.19207 0.84983
f 2891/7478 3015/7479 2973/7480
vt 0.28355 0.42391
f 2905/7056 2976/7481 2898/7091
f 2882/7426 2993/7425 3010/7475
vt 0.19407 0.84849
f 2891/7478 2925/7482 3015/7479
vt 0.06558 0.47387
f 2928/7316 2940/7275 2957/7483
vt 0.35681 0.65979
f 2827/7008 2958/7452 2984/7484
f 2860/7231 3017/7453 2974/7342
f 2894/7327 2901/7470 2950/7399
f 2823/7234 2934/7461 2952/7338
vt 0.49777 0.03975
f 2850/7208 2902/7387 3013/7485
vt 0.38404 0.31064
f 2826/7000 2930/7196 3039/7486
f 2826/7000 3039/7486 2962/7249
vt 0.35128 0.31642
f 2885/7254 2965/7487 2862/7246
vt 0.37588 0.31238
f 2959/7225 2960/7488 2889/7255
f 2885/7254 2975/7323 2965/7487
f 2827/7008 2984/7484 2931/7396
vt 0.08910 0.74358
f 2914/7320 2892/7267 2949/7489
vt 0.09082 0.74308
f 2914/7320 2949/7489 3046/7490
vt 0.06495 0.46090
f 2893/7250 2968/7491 2911/7463
vt 0.91986 0.34413
f 2920/7476 3010/7475 3043/7492
vt 0.92822 0.40876
vt 0.92999 0.40902
vt 0.92913 0.41056
f 2935/7493 3000/7494 2958/7495
f 2993/7405 2850/7208 3013/7485
vt 0.48562 0.42581
f 2933/7276 3020/7496 2895/7420
vt 0.81953 0.33742
vt 0.81760 0.33767
f 2925/7412 2948/7497 3015/7498
vt 0.59674 0.91113
vt 0.59644 0.91030
vt 0.59754 0.91042
f 2900/7499 2868/7500 2983/7501
vt 0.50377 0.03858
vt 0.50357 0.03939
f 2900/7502 2983/7503 2902/7387
vt 0.29157 0.42464
f 2986/7389 2982/7504 2991/7256
vt 0.92859 0.40728
f 2913/7505 3000/7494 2935/7493
vt 0.48149 0.29091
f 2913/7403 2903/7317 2955/7506
vt 0.30871 0.32354
f 2919/7262 2969/7455 3020/7507
vt 0.90476 0.75820
vt 0.90501 0.75601
f 2919/7508 3020/7509 2933/7326
vt 0.34118 0.31885
f 2906/7031 2910/7206 3035/7510
vt 0.50156 0.04255
f 2902/7387 3062/7511 3013/7485
vt 0.94780 0.86981
vt 0.94837 0.87009
vt 0.94755 0.87095
f 2879/7512 2947/7513 2943/7514
vt 0.32282 0.32156
f 2908/7355 3019/7515 2877/7219
vt 0.34672 0.31888
f 2862/7246 3040/7516 2910/7206
f 2905/7056 3043/7417 2976/7481
f 2881/7259 3063/7473 2887/7406
vt 0.34519 0.58625
f 2873/7229 2911/7517 3055/7421
vt 0.68842 0.12888
f 2927/7311 2992/7477 3009/7518
vt 0.68572 0.12522
f 2971/7414 2915/7413 2979/7519
vt 0.06492 0.46529
vt 0.06542 0.46316
f 2879/7368 2943/7520 2926/7521
vt 0.31971 0.93138
vt 0.31919 0.93172
vt 0.31869 0.93046
f 2916/7522 2953/7523 2979/7524
vt 0.31936 0.93046
f 2916/7522 2979/7524 2915/7525
vt 0.93050 0.40697
f 2913/7505 2955/7526 3000/7494
vt 0.55292 0.76722
f 2868/7252 2974/7397 2994/7527
vt 0.74827 0.50823
f 2944/7296 2924/7310 2964/7528
vt 0.48313 0.29129
f 2903/7317 2917/7459 2955/7529
vt 0.07686 0.77255
vt 0.07779 0.77272
vt 0.07655 0.77474
f 2925/7530 2806/7531 2997/7532
vt 0.07571 0.77392
f 2925/7530 2997/7532 2948/7533
vt 0.07206 0.77002
f 2904/7438 2956/7440 2917/7534
vt 0.06537 0.46985
f 2928/7316 2957/7483 2977/7535
vt 0.23791 0.54304
f 2806/7214 2978/7437 2997/7536
vt 0.33885 0.58563
vt 0.33920 0.58688
f 2896/7537 2857/7086 2992/7538
f 2858/7307 2929/7280 2970/7472
f 2889/7255 2960/7488 3061/7410
vt 0.30157 0.42744
f 2939/6974 2921/7075 2995/7539
f 2939/6974 2995/7539 2966/7385
f 2906/7031 3035/7510 2942/7218
vt 0.68804 0.12714
f 2927/7311 3009/7518 2953/7540
vt 0.09404 0.74323
f 2914/7320 3045/7541 2922/7416
f 2914/7320 3046/7490 3045/7541
vt 0.13556 0.96281
vt 0.13454 0.96225
f 2912/7432 2971/7542 2946/7543
f 2898/7091 2976/7481 2986/7389
f 2962/7249 3039/7486 2959/7225
vt 0.06525 0.46654
f 2947/7233 2928/7316 2987/7544
vt 0.35796 0.74553
f 2918/7329 2946/7442 3172/7545
vt 0.06370 0.46012
f 2911/7463 2968/7491 2985/7546
vt 0.06508 0.47732
f 2940/7275 3007/7547 2957/7483
f 2940/7275 3033/7448 3007/7547
vt 0.06467 0.46355
f 2926/7521 2943/7520 3057/7548
vt 0.66692 0.35127
vt 0.66745 0.35455
vt 0.66553 0.35364
f 2932/7549 2923/7550 3017/7551
vt 0.50310 0.04012
f 2902/7387 2983/7552 3062/7511
vt 0.59644 0.90870
f 2868/7500 2994/7553 2983/7501
vt 0.39017 0.30812
vt 0.38898 0.31002
f 2966/7422 2937/7554 2998/7555
f 2966/7422 2998/7555 2930/7196
vt 0.87622 0.70198
f 2996/7458 2922/7457 3050/7556
vt 0.13456 0.96356
f 2946/7543 2971/7542 3008/7557
vt 0.35998 0.74648
f 2946/7442 3008/7558 3172/7545
f 2928/7316 2977/7535 2987/7544
vt 0.06379 0.45899
f 2911/7463 2985/7546 2980/7559
vt 0.07479 0.77053
vt 0.07311 0.77149
f 2956/7440 2973/7560 2963/7561
vt 0.94785 0.87191
f 2947/7513 2987/7562 2943/7514
f 2956/7440 2963/7561 2917/7534
f 2857/7086 3055/7421 2992/7538
vt 0.23915 0.54853
f 2944/7274 2964/7563 2978/7437
vt 0.35907 0.31630
f 2975/7323 2961/7308 3176/7564
vt 0.97204 0.26192
vt 0.97306 0.26232
vt 0.97232 0.26267
f 2966/7565 2995/7566 2937/7567
vt 0.34618 0.58791
f 2911/7517 2980/7568 3055/7421
vt 0.35447 0.66007
f 2984/7484 3069/7569 2931/7396
vt 0.19295 0.85343
f 3015/7479 3274/7570 2973/7480
f 2968/7491 2926/7521 3057/7548
f 2892/7267 2895/7429 2949/7489
vt 0.35235 0.65866
f 2931/7396 3097/7571 2936/7220
vt 0.48919 0.29813
f 2952/7338 2934/7461 3027/7572
vt 0.75135 0.51020
f 2952/7441 3027/7573 2924/7310
vt 0.28748 0.42324
f 2986/7389 2976/7481 2988/7574
vt 0.30026 0.42599
f 2951/7268 3004/7575 2921/7075
f 2936/7220 3097/7571 2923/7474
vt 0.96264 0.84534
vt 0.96191 0.84525
f 2953/7469 2989/7576 2979/7577
vt 0.15195 0.82633
f 2996/7337 3034/7578 2929/7280
vt 0.31849 0.93200
vt 0.31793 0.93319
vt 0.31789 0.93174
f 2953/7579 3009/7580 2989/7581
vt 0.29620 0.42487
f 2951/7268 2991/7256 3024/7582
f 2918/7329 3172/7545 2901/7470
vt 0.06508 0.47287
f 2957/7483 3021/7583 2977/7535
vt 0.56470 0.20778
f 3017/7453 3140/7584 2974/7342
vt 0.68888 0.13033
f 2992/7477 3029/7585 3009/7518
vt 0.35707 0.74141
f 2901/7470 3065/7586 2950/7399
vt 0.15007 0.82708
f 2929/7280 3034/7578 2981/7587
vt 0.34466 0.58918
f 3055/7421 2980/7568 3031/7588
vt 0.27811 0.42219
vt 0.27470 0.42054
vt 0.27582 0.41823
f 3010/7589 2993/7590 3089/7591
vt 0.31863 0.92887
vt 0.31781 0.92943
f 2971/7592 2979/7524 3008/7593
vt 0.07161 0.77218
f 2917/7534 2963/7561 2955/7594
vt 0.06361 0.46204
f 2968/7491 3057/7548 3047/7595
f 2970/7472 2929/7280 2981/7587
f 2907/7213 2941/7312 2934/7461
f 2877/7219 3019/7515 3018/7261
vt 0.36667 0.31555
f 2967/6792 3061/7410 3025/7596
f 2967/6792 3025/7596 2961/7308
vt 0.32736 0.32354
f 3032/7322 3281/7597 2908/7355
vt 0.08629 0.74307
f 2895/7429 3044/7598 2949/7489
vt 0.09555 0.74357
f 2922/7416 3045/7541 3028/7599
vt 0.19121 0.85376
f 2973/7480 3274/7570 3135/7600
vt 0.73578 0.85397
f 2954/7217 2970/7447 2999/7601
vt 0.33790 0.32036
f 2942/7218 3180/7602 2909/7454
vt 0.85735 0.01524
vt 0.85675 0.01763
vt 0.85591 0.01571
f 2973/7603 3038/7604 2963/7605
vt 0.59783 0.90822
f 2994/7553 3001/7606 2983/7501
f 2954/7217 2999/7601 2972/7464
vt 0.97201 0.26362
f 2937/7567 2995/7566 3036/7607
f 2995/7539 2921/7075 3004/7575
vt 0.94696 0.87310
f 2943/7514 2987/7562 3057/7608
vt 0.49082 0.30287
f 2941/7312 3237/7609 2934/7461
vt 0.56270 0.20469
f 2994/7610 2974/7342 3140/7584
vt 0.85508 0.54922
vt 0.85657 0.54989
vt 0.85528 0.55174
f 2937/7611 3036/7612 3002/7613
vt 0.35828 0.66026
f 2958/7452 3012/7614 2984/7484
vt 0.50865 0.83601
vt 0.50821 0.83757
vt 0.50756 0.83441
f 2945/7615 2972/7616 3033/7617
vt 0.07491 0.77606
f 2948/7533 2997/7532 3012/7618
vt 0.07420 0.77458
f 2948/7533 3012/7618 3005/7619
vt 0.07280 0.77352
f 2963/7561 2990/7620 2955/7594
vt 0.90732 0.59122
vt 0.90680 0.59289
vt 0.90631 0.59082
f 2963/7621 3058/7622 2990/7623
vt 0.39185 0.31031
f 2937/7554 3002/7624 2998/7555
f 2964/7528 2924/7310 3027/7573
vt 0.50857 0.82100
vt 0.50868 0.82441
vt 0.50676 0.82363
f 2987/7625 2977/7626 3060/7627
vt 0.93129 0.40826
f 2955/7526 2990/7628 3000/7494
vt 0.31751 0.93068
f 2979/7524 2989/7629 3008/7593
vt 0.28618 0.42272
f 2976/7481 3125/7630 2988/7574
vt 0.93109 0.41126
f 2958/7495 3000/7494 3012/7631
vt 0.29301 0.42437
f 2982/7504 3099/7632 2991/7256
vt 0.48355 0.42776
f 3020/7496 3003/7633 2895/7420
vt 0.28288 0.42212
f 2976/7481 3051/7634 3125/7630
vt 0.28969 0.42363
f 2986/7389 2988/7574 3041/7635
vt 0.50287 0.04265
f 2983/7552 3001/7636 3062/7511
vt 0.81829 0.34038
f 3015/7498 2948/7497 3030/7637
f 2908/7355 3281/7597 3019/7515
f 2985/7546 2968/7491 3047/7595
f 2930/7196 2998/7555 3039/7486
vt 0.14823 0.82734
f 2970/7472 2981/7587 2999/7638
vt 0.87940 0.70430
vt 0.87700 0.70405
f 2922/7457 3028/7639 3102/7640
vt 0.50875 0.82857
vt 0.50774 0.83157
vt 0.50718 0.82843
f 2957/7641 3007/7642 3021/7643
vt 0.28023 0.42225
f 2976/7481 3043/7644 3051/7634
vt 0.49388 0.30510
f 2941/7312 2887/7406 3245/7645
vt 0.50705 0.83656
f 2972/7616 3085/7646 3033/7617
vt 0.50742 0.83774
f 2972/7616 3014/7647 3085/7646
vt 0.50141 0.30827
f 2950/7392 3065/7648 3063/7473
vt 0.85823 0.01894
f 2973/7603 3135/7649 3038/7604
vt 0.29855 0.42502
f 2951/7268 3024/7582 3114/7650
f 2951/7268 3114/7650 3004/7575
f 2922/7457 3102/7640 3050/7556
vt 0.85738 0.07686
vt 0.85558 0.07606
vt 0.85759 0.07605
f 3016/7651 3022/7652 3006/7653
vt 0.69877 0.96069
vt 0.69892 0.96005
vt 0.69993 0.96106
f 3016/7654 3006/7655 2980/7656
vt 0.81992 0.33859
f 2948/7497 3005/7657 3030/7637
vt 0.34886 0.58813
vt 0.34979 0.58967
f 3006/7658 3107/7659 2980/7568
f 2910/7206 3040/7516 3035/7510
vt 0.69950 0.96205
f 2980/7656 2985/7660 3016/7654
vt 0.07625 0.77626
f 2997/7532 3023/7661 3012/7618
vt 0.90485 0.59147
f 2990/7623 3058/7622 3005/7662
vt 0.07291 0.77362
vt 0.07317 0.77462
f 2990/7663 3005/7619 3000/7664
vt 0.36122 0.74762
vt 0.35857 0.74881
f 2989/7665 3132/7666 3008/7558
f 2986/7389 3041/7635 2982/7504
f 3005/7619 3012/7618 3000/7664
f 2991/7256 3099/7632 3024/7582
vt 0.36169 0.74936
f 2989/7665 3009/7667 3132/7666
vt 0.73544 0.85260
f 2972/7464 2999/7601 3014/7668
f 2941/7312 3245/7645 3237/7609
f 2862/7246 2965/7487 3040/7516
f 2942/7218 3035/7510 3180/7602
vt 0.35432 0.31810
f 2965/7487 2975/7323 3136/7669
f 3021/7643 3060/7627 2977/7626
vt 0.27375 0.41841
f 2993/7590 3013/7670 3089/7591
f 2931/7396 3069/7569 3097/7571
vt 0.50598 0.82148
f 3060/7627 3134/7671 2987/7625
vt 0.35130 0.58872
f 3006/7658 3011/7672 3107/7659
vt 0.74829 0.51121
f 2964/7528 3027/7573 3115/7673
vt 0.88193 0.19582
vt 0.88342 0.19345
vt 0.88319 0.19645
f 2982/7674 3041/7675 3099/7676
vt 0.07391 0.77708
vt 0.07463 0.77895
f 2984/7677 3012/7618 3059/7678
vt 0.85539 0.01807
f 2963/7605 3038/7604 3058/7679
vt 0.94823 0.87399
f 2987/7562 3134/7680 3057/7608
vt 0.69856 0.96318
vt 0.69856 0.96223
f 3047/7681 3016/7682 2985/7660
vt 0.85716 0.54879
vt 0.85823 0.54809
f 2995/7683 3004/7684 3036/7612
vt 0.31840 0.32430
f 2938/7289 3018/7261 3151/7685
vt 0.14878 0.82908
vt 0.14830 0.82775
f 2981/7587 3014/7686 2999/7687
vt 0.15031 0.82798
vt 0.15013 0.82924
f 2981/7587 3042/7688 3085/7689
f 2981/7587 3085/7689 3014/7686
vt 0.52376 0.95100
vt 0.52264 0.95036
vt 0.52385 0.95001
f 2981/7690 3034/7691 3042/7692
vt 0.87559 0.69959
f 2996/7458 3050/7556 3034/7693
vt 0.36949 0.31678
f 3061/7410 3321/7694 3025/7596
vt 0.48319 0.42533
f 2895/7420 3003/7633 3044/7695
f 2980/7568 3107/7659 3031/7588
vt 0.23510 0.54888
f 2978/7437 2964/7563 3267/7696
vt 0.35701 0.74288
f 2901/7470 3112/7697 3065/7586
f 2887/7406 3063/7473 3245/7645
vt 0.31105 0.32727
f 2969/7455 3175/7698 3020/7507
vt 0.23387 0.54505
f 2978/7437 3267/7696 3227/7699
vt 0.74003 0.97795
vt 0.74058 0.97664
vt 0.74075 0.97846
f 3011/7700 3006/7701 3048/7702
vt 0.59623 0.90666
f 3001/7606 2994/7553 3133/7703
vt 0.23487 0.54062
vt 0.23421 0.54113
vt 0.23371 0.53938
f 3012/7704 3023/7705 3059/7706
vt 0.85611 0.07294
vt 0.85676 0.07530
f 3022/7652 3048/7707 3006/7708
f 2901/7470 3172/7545 3112/7697
vt 0.49797 0.04292
f 3013/7485 3062/7511 3026/7709
vt 0.07360 0.77753
vt 0.07275 0.77970
f 2984/7710 3059/7678 3069/7711
vt 0.88205 0.20115
vt 0.88348 0.20124
vt 0.88310 0.20272
f 3024/7712 3144/7713 3114/7714
f 2975/7323 3176/7564 3136/7669
vt 0.23657 0.54306
f 2978/7437 3227/7699 2997/7715
vt 0.88373 0.19871
f 3099/7676 3049/7716 3024/7712
vt 0.36167 0.75259
vt 0.35955 0.75167
f 3009/7667 3029/7717 3197/7718
vt 0.85815 0.55124
f 3036/7612 3004/7684 3106/7719
vt 0.56116 0.20732
f 2994/7610 3140/7584 3133/7720
f 3008/7558 3132/7666 3172/7545
f 3036/7612 3106/7719 3002/7613
vt 0.27850 0.41881
f 3010/7589 3089/7591 3234/7721
vt 0.33919 0.58883
f 2992/7538 3055/7421 3029/7722
vt 0.96369 0.04604
vt 0.96359 0.04472
vt 0.96473 0.04351
f 3057/7723 3054/7724 3047/7725
f 2997/7715 3227/7699 3023/7705
vt 0.56787 0.21075
f 3017/7453 3098/7726 3140/7584
vt 0.85476 0.07355
f 3022/7652 3056/7727 3048/7707
vt 0.85835 0.54809
vt 0.86048 0.54979
f 3004/7728 3142/7729 3106/7719
f 3019/7515 3151/7685 3018/7261
vt 0.23729 0.55074
f 2964/7563 3115/7730 3267/7696
vt 0.35310 0.58984
f 3011/7672 3053/7731 3107/7659
f 3009/7667 3197/7718 3132/7666
vt 0.66584 0.35685
f 3017/7551 2923/7550 3098/7732
f 3010/7589 3234/7721 3043/7644
vt 0.33329 0.32258
f 3032/7322 2909/7454 3074/7733
vt 0.30854 0.32612
f 3020/7507 3175/7698 3037/7734
vt 0.37966 0.31471
f 2959/7225 3064/7735 2960/7488
vt 0.37554 0.31648
f 3061/7410 2960/7488 3411/7736
vt 0.36323 0.31824
f 3176/7564 2961/7308 3215/7737
vt 0.04052 0.66099
vt 0.04110 0.66224
vt 0.03895 0.66196
f 3016/7738 3130/7739 3022/7740
vt 0.52343 0.94874
f 3034/7691 3067/7741 3042/7692
vt 0.90522 0.59384
f 3005/7662 3058/7622 3030/7742
vt 0.88284 0.18744
vt 0.88398 0.18787
vt 0.88308 0.19018
f 3051/7743 3188/7744 3125/7745
vt 0.86051 0.54799
f 3004/7728 3114/7746 3142/7729
vt 0.86611 0.84671
vt 0.86594 0.84966
vt 0.86383 0.84655
f 2949/7747 3044/7748 3103/7749
f 2959/7225 3039/7486 3064/7735
vt 0.49820 0.30820
f 3063/7473 3065/7648 3226/7750
f 3024/7712 3049/7716 3144/7713
vt 0.04138 0.66048
f 3016/7738 3047/7751 3130/7739
vt 0.48851 0.30230
f 2934/7461 3241/7752 3027/7572
vt 0.35253 0.59201
f 3053/7731 3223/7753 3107/7659
vt 0.48539 0.42803
f 3020/7496 3037/7754 3003/7633
vt 0.52397 0.94920
f 3042/7692 3067/7741 3120/7755
vt 0.31543 0.32637
f 2938/7289 3151/7685 3200/7756
vt 0.34823 0.59068
f 3107/7659 3149/7757 3031/7588
vt 0.23185 0.54046
f 3059/7706 3023/7705 3225/7758
vt 0.85748 0.07380
vt 0.85772 0.07246
f 3011/7759 3048/7707 3053/7760
vt 0.52243 0.94779
f 3034/7691 3050/7761 3067/7741
vt 0.48167 0.42701
f 3044/7695 3003/7633 3178/7762
vt 0.03734 0.66361
vt 0.03846 0.66369
f 3056/7763 3022/7740 3121/7764
vt 0.86558 0.84186
vt 0.86603 0.84516
vt 0.86317 0.84397
f 3045/7765 3046/7766 3117/7767
vt 0.50529 0.83231
vt 0.50554 0.83049
f 3007/7642 3145/7768 3129/7769
f 3007/7642 3129/7769 3021/7643
vt 0.94717 0.87403
f 3057/7608 3134/7680 3079/7770
f 3007/7642 3033/7617 3145/7768
vt 0.75530 0.05824
vt 0.75468 0.05962
vt 0.75382 0.05827
f 3047/7771 3054/7772 3130/7773
vt 0.04016 0.66243
f 3022/7740 3130/7739 3119/7774
vt 0.81605 0.33984
f 3015/7498 3030/7637 3274/7775
vt 0.38626 0.31328
f 3039/7486 2998/7555 3164/7776
vt 0.75494 0.06094
vt 0.75400 0.06163
f 3057/7777 3079/7778 3054/7772
vt 0.86379 0.84955
f 3044/7748 3178/7779 3103/7749
vt 0.52389 0.94884
f 3067/7741 3068/7780 3120/7755
vt 0.50551 0.82724
f 3021/7643 3127/7781 3060/7627
f 2961/7308 3025/7596 3215/7737
f 2938/7289 3200/7756 2969/7455
f 2949/7747 3103/7749 3046/7766
vt 0.50636 0.83611
vt 0.50482 0.83483
f 3033/7617 3085/7782 3159/7783
vt 0.56169 0.20937
f 3140/7584 3052/7784 3133/7720
vt 0.34324 0.59114
f 3055/7421 3031/7588 3066/7785
f 3180/7602 3074/7733 2909/7454
vt 0.39074 0.31413
f 2998/7555 3002/7624 3382/7786
vt 0.88255 0.19287
vt 0.88328 0.19156
f 2988/7787 3125/7788 3041/7675
vt 0.27385 0.41525
f 3013/7670 3026/7789 3089/7591
vt 0.66839 0.35727
f 2923/7550 3097/7790 3098/7732
vt 0.85698 0.07169
f 3053/7760 3048/7707 3251/7791
vt 0.35449 0.59124
f 3053/7731 3118/7792 3223/7753
vt 0.81663 0.06100
vt 0.81752 0.06282
vt 0.81496 0.06203
f 3059/7793 3225/7794 3077/7795
vt 0.07397 0.78237
f 3059/7678 3116/7796 3069/7711
vt 0.87544 0.49639
vt 0.87564 0.49580
vt 0.87612 0.49716
f 3084/7797 3081/7798 3082/7799
vt 0.73295 0.84789
vt 0.73454 0.84792
vt 0.73420 0.84949
f 3065/7800 3112/7801 3143/7802
vt 0.75275 0.06905
vt 0.75209 0.07110
vt 0.75150 0.06945
f 3090/7803 3081/7804 3070/7805
vt 0.75175 0.07299
vt 0.75097 0.07488
vt 0.75079 0.07292
f 3082/7806 3113/7807 3073/7808
vt 0.75149 0.07195
f 3082/7806 3073/7808 3084/7809
vt 0.75214 0.06781
f 3090/7803 3070/7805 3072/7810
vt 0.88396 0.19984
f 3049/7716 3192/7811 3144/7713
vt 0.86521 0.83985
vt 0.86347 0.84051
f 3028/7812 3045/7765 3102/7813
vt 0.95573 0.14182
vt 0.95625 0.14220
vt 0.95583 0.14228
f 3067/7814 3110/7815 3068/7816
vt 0.75042 0.07202
f 3084/7809 3073/7808 3078/7817
f 3021/7643 3129/7769 3127/7781
vt 0.87630 0.48979
vt 0.87645 0.49268
vt 0.87575 0.49158
f 3071/7818 3090/7819 3072/7820
vt 0.75327 0.06076
f 3079/7778 3086/7821 3054/7772
vt 0.07652 0.78162
f 3059/7678 3077/7822 3116/7796
f 3081/7804 3084/7809 3070/7805
vt 0.52380 0.94854
vt 0.52398 0.94844
f 3068/7780 3087/7823 3075/7824
vt 0.98807 0.86036
vt 0.98828 0.86005
vt 0.98834 0.86061
f 3068/7825 3110/7826 3087/7827
vt 0.85773 0.06996
f 3053/7760 3251/7791 3118/7828
vt 0.95586 0.13979
vt 0.95573 0.13907
vt 0.95619 0.13876
f 3122/7829 3123/7830 3078/7831
vt 0.95700 0.13926
f 3122/7829 3078/7831 3073/7832
vt 0.95616 0.14078
f 3122/7829 3073/7832 3091/7833
vt 0.67293 0.71119
vt 0.67256 0.71123
vt 0.67262 0.71021
f 3110/7834 3067/7835 3091/7836
vt 0.93325 0.37461
vt 0.93279 0.37489
vt 0.93221 0.37338
f 3085/7837 3100/7838 3157/7839
vt 0.93368 0.37732
vt 0.93280 0.37552
f 3085/7837 3042/7840 3100/7841
vt 0.99268 0.54233
vt 0.99268 0.54282
vt 0.99252 0.54260
f 3067/7842 3075/7843 3087/7844
vt 0.50549 0.82528
f 3060/7627 3128/7845 3134/7671
vt 0.87625 0.48696
vt 0.87721 0.48898
f 3088/7846 3076/7847 3071/7818
f 3033/7617 3159/7783 3145/7768
f 3060/7627 3127/7781 3128/7845
vt 0.34686 0.59097
f 3031/7588 3149/7757 3141/7848
vt 0.67223 0.71152
f 3067/7835 3087/7849 3091/7836
vt 0.87698 0.48619
f 3088/7846 3079/7850 3076/7847
vt 0.67283 0.70793
vt 0.67196 0.70780
vt 0.67286 0.70578
f 3078/7851 3123/7852 3094/7853
vt 0.75305 0.06567
vt 0.75203 0.06562
vt 0.75356 0.06293
f 3071/7854 3083/7855 3088/7856
vt 0.52387 0.94741
f 3067/7741 3050/7761 3137/7857
f 3067/7741 3137/7857 3075/7824
vt 0.05283 0.91153
vt 0.05376 0.91217
vt 0.05268 0.91246
f 3080/7858 3072/7859 3093/7860
vt 0.75311 0.06002
f 3054/7772 3086/7821 3163/7861
vt 0.75337 0.05957
f 3054/7772 3163/7861 3171/7862
vt 0.75112 0.07118
f 3084/7809 3105/7863 3070/7805
vt 0.87714 0.49380
vt 0.87626 0.49551
f 3090/7819 3139/7864 3081/7865
f 2934/7461 3237/7609 3241/7752
vt 0.01728 0.97579
vt 0.01704 0.97725
vt 0.01637 0.97689
f 3084/7866 3078/7867 3205/7868
vt 0.01653 0.97590
f 3084/7866 3205/7868 3105/7869
vt 0.96655 0.21145
vt 0.96741 0.21158
vt 0.96721 0.21251
f 3086/7870 3079/7871 3170/7872
f 3061/7410 3411/7736 3321/7694
vt 0.05245 0.90527
vt 0.05340 0.90466
vt 0.05302 0.90573
f 3108/7873 3163/7874 3086/7875
vt 0.67315 0.69670
vt 0.67242 0.69730
vt 0.67223 0.69559
f 3086/7876 3095/7877 3108/7878
vt 0.85494 0.07028
f 3048/7707 3056/7727 3161/7879
vt 0.67287 0.70192
vt 0.67307 0.70289
vt 0.67155 0.70338
f 3080/7880 3093/7881 3124/7882
f 3054/7772 3171/7862 3130/7773
vt 0.05390 0.90621
vt 0.05346 0.90669
f 3086/7875 3170/7883 3096/7884
vt 0.59821 0.90634
f 3001/7606 3133/7703 3258/7885
vt 0.67298 0.69337
vt 0.67261 0.69461
vt 0.67204 0.69344
f 3022/7886 3119/7887 3121/7888
vt 0.73367 0.85177
f 3065/7800 3143/7802 3226/7889
vt 0.75249 0.06668
f 3071/7854 3072/7890 3083/7855
vt 0.95715 0.13971
f 3073/7832 3210/7891 3091/7833
vt 0.05252 0.90704
f 3086/7875 3096/7884 3095/7892
vt 0.07248 0.78105
vt 0.07311 0.78216
f 3069/7893 3116/7796 3097/7894
vt 0.93259 0.37909
vt 0.93230 0.37945
vt 0.93248 0.37853
f 3075/7895 3137/7896 3120/7897
vt 0.93258 0.37882
f 3075/7895 3120/7897 3068/7898
vt 0.34111 0.59190
f 3055/7421 3066/7785 3273/7899
vt 0.33949 0.58991
f 3055/7421 3273/7899 3029/7900
f 3032/7322 3074/7733 3281/7597
vt 0.56499 0.21260
f 3140/7584 3376/7901 3052/7784
vt 0.05248 0.91010
f 3095/7892 3096/7884 3101/7902
f 3093/7881 3094/7853 3124/7882
vt 0.05290 0.90371
f 3108/7873 3119/7903 3163/7874
vt 0.19158 0.85609
f 3274/7570 3104/7904 3135/7600
vt 0.67256 0.70066
f 3080/7880 3124/7882 3101/7905
vt 0.32373 0.32602
f 3019/7515 3308/7906 3151/7685
vt 0.28161 0.42105
vt 0.28211 0.41880
f 3051/7907 3043/7644 3291/7908
vt 0.28414 0.42058
f 3051/7907 3291/7908 3188/7909
f 3046/7766 3103/7749 3117/7767
vt 0.93212 0.37708
f 3042/7840 3109/7910 3100/7841
vt 0.07669 0.78269
f 3077/7822 3092/7911 3116/7796
vt 0.67251 0.71166
vt 0.67242 0.71180
f 3087/7849 3110/7912 3120/7913
vt 0.75144 0.06803
f 3072/7810 3070/7805 3111/7914
f 3098/7726 3376/7901 3140/7584
f 3120/7897 3109/7910 3042/7840
vt 0.95735 0.14216
f 3110/7815 3091/7833 3109/7915
vt 0.34556 0.59064
f 3031/7588 3141/7848 3146/7916
vt 0.67144 0.70654
f 3094/7853 3158/7917 3124/7882
f 3094/7853 3123/7852 3158/7917
vt 0.87741 0.49109
f 3090/7819 3071/7818 3138/7918
vt 0.87738 0.49191
f 3090/7819 3138/7918 3139/7919
vt 0.67568 0.97574
vt 0.67664 0.97571
vt 0.67644 0.97648
f 3093/7920 3072/7921 3111/7922
f 3071/7818 3076/7847 3138/7918
vt 0.75057 0.07630
vt 0.74915 0.07587
f 3100/7923 3109/7924 3113/7807
vt 0.05354 0.90945
f 3101/7902 3096/7884 3165/7925
vt 0.87569 0.50065
vt 0.87610 0.49932
vt 0.87710 0.50084
f 3100/7926 3113/7927 3157/7928
vt 0.05333 0.91099
f 3080/7858 3101/7902 3202/7929
f 3101/7902 3165/7925 3202/7929
vt 0.85558 0.55401
f 3002/7613 3106/7719 3155/7930
vt 0.67135 0.69716
f 3095/7877 3154/7931 3108/7878
vt 0.81402 0.06242
vt 0.81419 0.06412
f 3092/7932 3077/7795 3147/7933
vt 0.75084 0.51326
f 3027/7573 3177/7934 3115/7673
vt 0.05235 0.91528
vt 0.05271 0.91253
vt 0.05331 0.91331
f 3094/7935 3093/7936 3152/7937
vt 0.52252 0.94650
f 3050/7761 3102/7938 3137/7857
vt 0.34899 0.59144
f 3107/7659 3166/7939 3149/7757
vt 0.95677 0.14237
f 3110/7815 3109/7915 3120/7940
f 3119/7887 3108/7878 3121/7888
vt 0.05324 0.91531
vt 0.05282 0.91655
f 3094/7935 3205/7941 3078/7942
f 3094/7935 3152/7937 3205/7941
vt 0.33082 0.97693
vt 0.32971 0.97692
vt 0.33060 0.97578
f 3080/7943 3202/7944 3072/7945
vt 0.67215 0.71201
vt 0.67148 0.71160
f 3120/7946 3137/7947 3087/7849
vt 0.33005 0.97583
f 3072/7945 3202/7944 3083/7948
vt 0.04023 0.66285
vt 0.04081 0.66361
f 3119/7949 3130/7739 3183/7950
f 3043/7644 3234/7721 3291/7908
vt 0.67092 0.69612
f 3108/7878 3154/7931 3156/7951
vt 0.75252 0.06197
f 3079/7778 3088/7856 3170/7952
vt 0.87729 0.49556
f 3081/7865 3150/7953 3082/7799
vt 0.03770 0.66554
f 3121/7764 3216/7954 3056/7763
f 3088/7856 3083/7855 3170/7952
vt 0.50480 0.83589
f 3159/7783 3085/7782 3157/7955
vt 0.67107 0.71156
f 3087/7849 3137/7956 3091/7836
vt 0.95738 0.14097
f 3091/7833 3210/7891 3185/7957
vt 0.74958 0.07466
vt 0.75021 0.07347
f 3113/7807 3185/7958 3148/7959
f 3091/7833 3185/7957 3109/7915
f 3113/7807 3148/7959 3073/7808
vt 0.86267 0.84160
f 3045/7765 3208/7960 3102/7813
vt 0.85722 0.02210
f 3038/7604 3135/7649 3329/7961
f 3038/7604 3329/7961 3058/7679
vt 0.86421 0.20861
vt 0.86458 0.20980
vt 0.86290 0.20966
f 3163/7962 3196/7963 3171/7964
vt 0.35035 0.32104
f 2965/7487 3136/7669 3235/7965
vt 0.75389 0.06841
vt 0.75331 0.07151
vt 0.75256 0.06823
f 3127/7966 3129/7967 3139/7968
vt 0.67569 0.97674
f 3093/7920 3111/7922 3152/7969
vt 0.67218 0.70945
f 3091/7836 3137/7956 3122/7970
f 3081/7865 3139/7864 3150/7953
vt 0.33958 0.32325
f 3035/7510 3341/7971 3180/7602
vt 0.87786 0.48721
f 3079/7850 3134/7972 3076/7847
vt 0.87650 0.70465
vt 0.87612 0.70402
f 3102/7640 3208/7973 3219/7974
f 2998/7555 3382/7786 3164/7776
vt 0.66952 0.70832
vt 0.67010 0.70704
f 3182/7975 3195/7976 3123/7852
vt 0.49530 0.30755
f 3063/7473 3226/7750 3173/7977
vt 0.29120 0.42334
vt 0.28828 0.42197
vt 0.29073 0.42085
f 3099/7978 3041/7979 3179/7980
vt 0.35056 0.59205
vt 0.34992 0.59107
f 3107/7659 3131/7981 3221/7982
vt 0.87727 0.49890
f 3113/7927 3082/7799 3167/7983
vt 0.28594 0.42188
vt 0.28813 0.41930
f 3125/7984 3428/7985 3041/7979
vt 0.75407 0.06496
vt 0.75421 0.06654
vt 0.75339 0.06559
f 3134/7986 3128/7987 3076/7988
vt 0.87729 0.49746
f 3082/7799 3206/7989 3167/7983
vt 0.85640 0.07024
f 3048/7707 3161/7879 3251/7990
vt 0.29380 0.42250
vt 0.29313 0.42349
f 3099/7978 3192/7991 3049/7992
vt 0.99046 0.52810
vt 0.99015 0.52803
vt 0.99046 0.52754
f 3127/7993 3138/7994 3128/7995
vt 0.75314 0.06707
f 3127/7966 3139/7968 3138/7996
vt 0.57223 0.21319
vt 0.57299 0.21519
vt 0.57015 0.21460
f 3092/7997 3147/7998 3311/7999
f 3031/7588 3146/7916 3066/7785
vt 0.67085 0.70873
f 3123/7852 3232/8000 3182/7975
f 2960/7488 3064/7735 3411/7736
vt 0.97159 0.95785
vt 0.97126 0.95934
vt 0.97104 0.95797
f 3123/8001 3195/8002 3158/8003
vt 0.03561 0.66688
f 3056/7763 3216/7954 3161/8004
vt 0.75269 0.07341
vt 0.75126 0.06995
f 3129/7967 3145/8005 3272/8006
f 3129/7967 3272/8006 3139/7968
vt 0.66589 0.35860
f 3097/7790 3160/8007 3098/7732
vt 0.66724 0.35863
f 3097/7790 3116/8008 3160/8007
f 3128/7987 3138/7996 3076/7988
vt 0.52378 0.94559
f 3102/7938 3219/8009 3137/7857
vt 0.67146 0.69905
f 3095/7877 3101/7905 3162/8010
f 3095/7877 3162/8010 3154/7931
vt 0.67007 0.70187
f 3101/7905 3124/7882 3239/8011
vt 0.67120 0.70131
f 3101/7905 3239/8011 3213/8012
vt 0.67144 0.69492
f 3121/7888 3108/7878 3181/8013
vt 0.97749 0.96609
vt 0.97809 0.96547
vt 0.97819 0.96640
f 3073/8014 3148/8015 3210/8016
f 3113/7807 3109/7924 3185/7958
vt 0.07517 0.78404
f 3092/7911 3160/8017 3116/7796
vt 0.56940 0.21252
f 3092/7997 3311/7999 3160/8018
vt 0.38188 0.31739
f 3039/7486 3164/7776 3447/8019
f 3039/7486 3447/8019 3064/7735
f 3101/7905 3213/8012 3162/8010
vt 0.75197 0.06384
f 3083/7855 3261/8020 3170/7952
vt 0.81681 0.34262
f 3030/7637 3224/8021 3274/7775
f 3063/7473 3173/7977 3245/7645
vt 0.04240 0.66320
f 3130/7739 3198/8022 3183/7950
vt 0.35489 0.74516
vt 0.35633 0.74333
f 3172/7545 3243/8023 3112/8024
f 3019/7515 3281/7597 3308/7906
f 2965/7487 3235/7965 3040/7516
vt 0.59224 0.94990
vt 0.59269 0.95139
vt 0.59174 0.95159
f 3150/8025 3206/8026 3082/8027
f 3107/7659 3223/7753 3131/7981
vt 0.03906 0.66458
f 3121/7764 3126/8028 3216/7954
vt 0.75250 0.51395
f 3027/7573 3241/8029 3177/7934
f 3113/7927 3167/7983 3157/7928
vt 0.03404 0.82143
vt 0.03379 0.82314
vt 0.03231 0.82191
f 3114/8030 3268/8031 3142/8032
f 2969/7455 3200/7756 3175/7698
vt 0.97847 0.61616
vt 0.97911 0.61509
vt 0.97961 0.61608
f 3149/8033 3153/8034 3141/8035
f 3045/7765 3117/7767 3208/7960
f 3122/7970 3232/8000 3123/7852
vt 0.98066 0.15226
vt 0.98004 0.15166
vt 0.98069 0.15108
f 3146/8036 3141/8037 3199/8038
f 3125/7984 3188/7909 3428/7985
vt 0.29604 0.42376
vt 0.29813 0.42237
vt 0.29815 0.42375
f 3144/8039 3268/8040 3114/8041
vt 0.97826 0.52602
vt 0.97737 0.52524
vt 0.97837 0.52495
f 3149/8042 3166/8043 3153/8044
vt 0.95993 0.82634
vt 0.95890 0.82732
vt 0.95890 0.82516
f 3083/8045 3204/8046 3261/8047
vt 0.71130 0.96232
vt 0.71264 0.96143
vt 0.71268 0.96279
f 3171/8048 3198/8049 3130/8050
vt 0.66942 0.70279
f 3124/7882 3214/8051 3239/8011
vt 0.67065 0.70302
f 3124/7882 3217/8052 3214/8051
f 3107/7659 3221/7982 3166/7939
vt 0.75238 0.07571
vt 0.75115 0.07440
f 3145/8005 3159/8053 3167/8054
f 3098/7726 3160/8018 3376/7901
vt 0.39293 0.31290
f 3002/7624 3155/8055 3382/7786
vt 0.86265 0.84693
f 3103/7749 3178/7779 3233/8056
vt 0.01583 0.97598
f 3105/7869 3205/7868 3168/8057
vt 0.01581 0.97548
f 3105/7869 3168/8057 3206/8058
vt 0.67060 0.70926
f 3122/7970 3228/8059 3232/8000
vt 0.15504 0.70149
vt 0.15570 0.70053
vt 0.15521 0.70219
f 3119/8060 3183/8061 3163/8062
vt 0.34582 0.32370
f 3040/7516 3370/8063 3035/7510
vt 0.35948 0.32148
f 3176/7564 3305/8064 3136/7669
vt 0.35405 0.32302
f 3136/7669 3431/8065 3235/7965
vt 0.81712 0.06592
f 3225/7794 3209/8066 3077/7795
f 3144/8039 3192/7991 3268/8040
vt 0.75177 0.07674
f 3157/8067 3167/8054 3159/8053
vt 0.92979 0.17252
vt 0.92819 0.17418
vt 0.92914 0.17142
f 3148/8068 3186/8069 3168/8070
vt 0.23071 0.54230
f 3023/7705 3266/8071 3225/7758
vt 0.75081 0.07283
f 3145/8005 3206/8072 3272/8006
vt 0.15507 0.71610
vt 0.15467 0.71489
vt 0.15611 0.71458
f 3210/8073 3168/8074 3220/8075
f 3099/7978 3179/7980 3192/7991
vt 0.92957 0.17030
vt 0.92805 0.16995
vt 0.92935 0.16877
f 3105/8076 3150/8077 3070/8078
vt 0.15487 0.70709
vt 0.15580 0.70647
vt 0.15534 0.70884
f 3165/8079 3162/8080 3202/8081
f 3145/8005 3167/8054 3206/8072
vt 0.97404 0.46189
vt 0.97505 0.46178
vt 0.97451 0.46261
f 3108/8082 3156/8083 3181/8084
vt 0.32941 0.97581
f 3083/7948 3202/7944 3204/8085
vt 0.50258 0.04510
f 3001/7636 3258/8086 3062/7511
vt 0.92875 0.16703
vt 0.92973 0.16721
f 3070/8078 3187/8087 3111/8088
vt 0.92978 0.17381
f 3148/8068 3185/8089 3186/8069
vt 0.96611 0.21232
vt 0.96630 0.21311
f 3096/8090 3170/7872 3196/8091
vt 0.97201 0.76234
vt 0.97267 0.76152
vt 0.97216 0.76272
f 3156/8092 3154/8093 3190/8094
vt 0.66963 0.69708
vt 0.66958 0.69526
f 3156/7951 3190/8095 3193/8096
vt 0.59220 0.94662
vt 0.59280 0.94732
vt 0.59215 0.94894
f 3139/8097 3187/8098 3150/8099
vt 0.56040 0.20957
f 3052/7784 3298/8100 3133/7720
vt 0.35932 0.75405
f 3029/7717 3364/8101 3197/7718
vt 0.15429 0.71564
f 3148/8102 3168/8074 3210/8073
vt 0.90641 0.59696
f 3030/7742 3058/7622 3327/8103
vt 0.67020 0.71047
f 3122/7970 3137/7956 3174/8104
f 3122/7970 3174/8104 3228/8059
vt 0.48473 0.43048
f 3037/7754 3286/8105 3003/7633
vt 0.92876 0.16714
f 3070/8078 3150/8077 3187/8106
vt 0.97050 0.95942
f 3158/8003 3195/8002 3194/8107
vt 0.92823 0.17195
f 3105/8076 3206/8108 3150/8077
vt 0.23536 0.55259
f 3267/7696 3115/7730 3242/8109
vt 0.96603 0.64534
vt 0.96713 0.64566
vt 0.96614 0.64726
f 3146/8110 3199/8111 3066/8112
vt 0.71204 0.96065
f 3171/8048 3189/8113 3198/8049
vt 0.19932 0.97696
vt 0.19862 0.97773
vt 0.19915 0.97570
f 3121/8114 3203/8115 3126/8116
vt 0.15502 0.70404
vt 0.15542 0.70332
vt 0.15612 0.70361
f 3096/8117 3196/8118 3211/8119
vt 0.67698 0.97706
f 3111/7922 3187/8120 3152/7969
vt 0.01586 0.97719
vt 0.01581 0.97641
f 3205/7868 3220/8121 3168/8122
vt 0.33308 0.32610
f 3074/7733 3405/8123 3281/7597
vt 0.96691 0.78537
vt 0.96676 0.78715
vt 0.96632 0.78415
f 3124/8124 3158/8125 3169/8126
vt 0.19932 0.97766
f 3121/8114 3181/8127 3203/8115
vt 0.59634 0.90447
f 3133/7703 3298/8128 3258/7885
vt 0.48176 0.43026
f 3003/7633 3307/8129 3178/7762
vt 0.36674 0.32001
f 3025/7596 3416/8130 3215/7737
f 3023/7705 3227/7699 3266/8071
vt 0.03729 0.66757
f 3161/8004 3216/7954 3184/8131
vt 0.03970 0.66597
f 3216/7954 3126/8028 3230/8132
vt 0.97019 0.95834
f 3158/8003 3194/8107 3220/8133
f 3077/7795 3209/8066 3147/7933
vt 0.15634 0.70212
f 3183/8061 3203/8134 3163/8062
vt 0.86231 0.84485
f 3117/7767 3103/7749 3236/8135
vt 0.66856 0.70717
f 3182/7975 3306/8136 3195/7976
vt 0.35698 0.72199
vt 0.35812 0.72279
vt 0.35509 0.72304
f 3185/8137 3313/8138 3186/8139
vt 0.15484 0.71730
vt 0.15634 0.71773
f 3185/8140 3210/8073 3313/8141
vt 0.97021 0.56717
vt 0.97123 0.56755
vt 0.97017 0.56760
f 3232/8142 3212/8143 3182/8144
f 3096/8117 3162/8080 3165/8079
f 3096/8117 3211/8119 3162/8080
vt 0.97022 0.47541
vt 0.97029 0.47499
vt 0.97124 0.47530
f 3156/8145 3193/8146 3181/8147
vt 0.96487 0.27801
vt 0.96417 0.27816
vt 0.96522 0.27706
f 3166/8148 3319/8149 3153/8150
vt 0.19846 0.97613
f 3126/8116 3203/8115 3183/8151
vt 0.97049 0.56835
f 3182/8144 3212/8143 3218/8152
vt 0.66907 0.71158
f 3137/7956 3219/8153 3174/8104
vt 0.96574 0.78591
f 3158/8125 3205/8154 3169/8126
f 3168/8070 3186/8069 3206/8108
vt 0.96397 0.94589
vt 0.96360 0.94328
vt 0.96435 0.94487
f 3195/8155 3201/8156 3194/8157
vt 0.86466 0.21079
f 3196/7963 3248/8158 3171/7964
vt 0.59291 0.94549
vt 0.59313 0.94604
f 3139/8097 3204/8159 3187/8160
f 3160/8018 3311/7999 3376/7901
vt 0.96356 0.94189
vt 0.96447 0.94252
f 3201/8156 3214/8161 3217/8162
f 3201/8156 3217/8162 3194/8157
vt 0.66891 0.70092
f 3214/8051 3207/8163 3239/8011
vt 0.15519 0.71058
vt 0.15490 0.70973
f 3152/8164 3204/8165 3202/8081
vt 0.66939 0.70460
f 3195/7976 3306/8136 3201/8166
vt 0.96611 0.78770
f 3158/8125 3220/8167 3205/8154
vt 0.97297 0.76273
f 3190/8094 3154/8093 3191/8168
vt 0.53022 0.96033
vt 0.53109 0.96282
vt 0.53028 0.96253
f 3190/8169 3244/8170 3207/8171
vt 0.95952 0.95421
vt 0.95894 0.95425
vt 0.95908 0.95166
f 3213/8172 3202/8173 3162/8174
vt 0.97130 0.56865
f 3218/8152 3212/8143 3174/8175
vt 0.91145 0.85507
vt 0.91011 0.85650
vt 0.91008 0.85520
f 3117/8176 3238/8177 3208/8178
vt 0.53078 0.96464
f 3207/8171 3244/8170 3239/8179
f 3103/7749 3233/8056 3236/8135
vt 0.97609 0.00948
vt 0.97670 0.00925
vt 0.97648 0.01041
f 3124/8180 3169/8181 3217/8182
vt 0.04025 0.66452
f 3126/8028 3183/8183 3230/8132
f 3163/8062 3203/8134 3196/8118
f 3074/7733 3180/7602 3341/7971
f 3041/7979 3428/7985 3179/7980
vt 0.33989 0.59284
f 3029/7900 3273/7899 3364/8184
vt 0.15673 0.71617
f 3210/8073 3220/8075 3228/8185
vt 0.66915 0.70962
vt 0.66952 0.71045
f 3218/8186 3174/8187 3219/8153
vt 0.95857 0.94943
vt 0.95940 0.94989
f 3162/8174 3211/8188 3154/8189
vt 0.15536 0.71329
vt 0.15651 0.71031
f 3205/8190 3152/8164 3169/8191
vt 0.92890 0.16685
vt 0.92934 0.16610
vt 0.92983 0.16667
f 3187/8192 3204/8193 3152/8194
vt 0.67001 0.70922
f 3228/8059 3174/8104 3212/8195
vt 0.96463 0.27850
vt 0.96414 0.27948
f 3166/8196 3221/8197 3319/8149
vt 0.92768 0.98932
vt 0.92753 0.98883
vt 0.92799 0.98883
f 3152/8198 3213/8199 3169/8200
vt 0.97026 0.47353
f 3193/8146 3216/8201 3181/8147
vt 0.97470 0.46338
vt 0.97407 0.46330
f 3181/8084 3256/8202 3203/8203
vt 0.53111 0.96013
f 3190/8169 3191/8204 3244/8170
vt 0.86181 0.21119
f 3171/7964 3248/8158 3189/8205
f 3176/7564 3215/7737 3305/8064
f 3035/7510 3370/8063 3341/7971
vt 0.46797 0.97764
vt 0.46703 0.97806
vt 0.46744 0.97590
f 3199/8206 3141/8207 3231/8208
vt 0.75199 0.06672
vt 0.74984 0.06544
f 3204/8209 3139/7968 3346/8210
vt 0.66744 0.71167
f 3219/8153 3240/8211 3218/8186
vt 0.75009 0.07500
vt 0.74931 0.07222
f 3206/8072 3186/8212 3343/8213
vt 0.66978 0.69358
vt 0.66865 0.69301
f 3216/8214 3193/8096 3184/8215
vt 0.50019 0.04612
f 3026/7709 3062/7511 3408/8216
vt 0.15683 0.70921
f 3152/8164 3202/8081 3213/8217
vt 0.90707 0.59581
f 3058/7622 3329/8218 3327/8103
vt 0.97172 0.47376
f 3181/8147 3216/8201 3230/8219
vt 0.23004 0.54497
f 3227/7699 3366/8220 3266/8071
f 3183/8183 3198/8022 3230/8132
vt 0.96704 0.64770
f 3066/8112 3199/8111 3253/8221
vt 0.66776 0.70246
f 3214/8051 3302/8222 3207/8163
vt 0.30859 0.32823
f 3037/7734 3175/7698 3286/8223
vt 0.15707 0.71574
f 3228/8185 3220/8075 3232/8224
vt 0.75124 0.06396
vt 0.75120 0.06094
f 3170/7952 3261/8225 3264/8226
vt 0.97940 0.37499
vt 0.97898 0.37620
vt 0.97861 0.37518
f 3153/8227 3252/8228 3141/8229
vt 0.15811 0.71765
f 3210/8073 3228/8185 3222/8230
f 3210/8073 3222/8230 3313/8141
f 3196/8118 3203/8134 3211/8119
vt 0.91202 0.85595
f 3117/8176 3236/8231 3238/8177
vt 0.24397 0.56661
vt 0.24206 0.56837
vt 0.24218 0.56544
f 3112/8232 3243/8233 3143/8234
f 3139/7968 3272/8006 3346/8210
vt 0.29605 0.41889
f 3268/8040 3192/7991 3473/8235
vt 0.24054 0.73991
vt 0.24054 0.74096
vt 0.23981 0.74033
f 3208/8236 3240/8237 3219/8238
vt 0.24207 0.74051
f 3208/8236 3238/8239 3240/8237
vt 0.86202 0.84926
f 3178/7779 3301/8240 3233/8056
vt 0.97351 0.76122
vt 0.97350 0.76231
f 3211/8241 3256/8242 3154/8093
vt 0.86295 0.21295
f 3189/8205 3248/8158 3280/8243
f 3025/7596 3321/7694 3416/8130
vt 0.97658 0.87202
vt 0.97570 0.87160
vt 0.97619 0.87129
f 3221/8244 3131/8245 3249/8246
vt 0.35624 0.75113
f 3132/7666 3197/7718 3384/8247
f 3154/8093 3256/8242 3191/8168
vt 0.15767 0.71166
vt 0.15886 0.71280
vt 0.15785 0.71379
f 3217/8248 3229/8249 3194/8250
vt 0.96728 0.21395
vt 0.96674 0.21370
f 3170/7872 3264/8251 3196/8252
vt 0.37280 0.31789
f 3411/7736 3260/8253 3321/7694
vt 0.66845 0.69836
f 3207/8163 3287/8254 3190/8095
vt 0.35652 0.32196
f 3136/7669 3309/8255 3431/8065
vt 0.66837 0.70467
f 3201/8166 3306/8136 3254/8256
f 3201/8166 3254/8256 3214/8051
vt 0.15761 0.71617
f 3228/8185 3212/8257 3222/8230
vt 0.15859 0.71510
vt 0.15734 0.71553
f 3220/8075 3255/8258 3232/8259
vt 0.74959 0.07044
f 3272/8006 3206/8072 3265/8260
vt 0.15798 0.71050
f 3169/8191 3213/8217 3217/8261
vt 0.96364 0.27913
f 3319/8149 3221/8197 3249/8262
vt 0.96607 0.64818
f 3066/8112 3253/8221 3277/8263
vt 0.03979 0.97687
vt 0.04041 0.97679
vt 0.04007 0.97931
f 3118/8264 3251/8265 3283/8266
vt 0.49252 0.30677
f 3245/7645 3173/7977 3259/8267
f 3214/8051 3254/8256 3302/8222
vt 0.90475 0.59590
f 3030/7742 3327/8103 3224/8268
vt 0.38814 0.31814
f 3164/7776 3382/7786 3613/8269
vt 0.15721 0.70217
vt 0.15838 0.70170
vt 0.15740 0.70295
f 3181/8270 3257/8271 3256/8272
vt 0.47973 0.42772
vt 0.48006 0.42906
f 3301/8273 3178/7762 3338/8274
vt 0.96396 0.27699
f 3153/8150 3319/8149 3252/8275
vt 0.15778 0.70860
vt 0.15784 0.70682
vt 0.15863 0.70935
f 3239/8276 3244/8277 3246/8278
vt 0.35547 0.74826
f 3172/7545 3132/7666 3263/8279
vt 0.97174 0.47511
f 3181/8147 3230/8219 3257/8280
f 3203/8134 3256/8272 3211/8119
vt 0.66802 0.69665
f 3190/8095 3296/8281 3193/8096
f 3190/8095 3287/8254 3296/8281
vt 0.34299 0.59266
f 3066/7785 3277/8282 3273/7899
vt 0.98106 0.55872
vt 0.98163 0.55790
vt 0.98174 0.55868
f 3223/8283 3249/8284 3131/8285
vt 0.27581 0.41384
f 3089/7591 3026/7789 3318/8286
vt 0.66657 0.70780
f 3306/8136 3182/7975 3292/8287
vt 0.03104 0.82433
f 3142/8032 3268/8031 3278/8288
vt 0.66829 0.70893
f 3182/7975 3218/8186 3279/8289
vt 0.66877 0.69403
f 3193/8096 3294/8290 3184/8215
vt 0.35595 0.59336
vt 0.35485 0.59408
f 3118/7792 3283/8291 3270/8292
vt 0.35343 0.59310
f 3118/7792 3247/8293 3223/7753
f 3118/7792 3270/8292 3247/8293
vt 0.15754 0.71574
f 3232/8294 3255/8258 3212/8257
vt 0.35825 0.75357
f 3197/7718 3364/8101 3269/8295
vt 0.34561 0.59133
vt 0.34497 0.59318
vt 0.34392 0.59231
f 3199/8296 3231/8297 3253/8298
vt 0.23178 0.54741
f 3227/7699 3267/7696 3344/8299
vt 0.74812 0.51426
f 3115/7673 3177/7934 3242/8300
vt 0.66858 0.69500
f 3193/8096 3262/8301 3294/8290
vt 0.66641 0.69654
f 3193/8096 3296/8281 3391/8302
vt 0.75173 0.06592
f 3204/8303 3346/8210 3261/8225
f 3212/8257 3255/8258 3222/8230
f 3172/7545 3263/8279 3243/8023
vt 0.84779 0.03525
vt 0.85012 0.03543
vt 0.84818 0.03714
f 3236/8304 3233/8305 3317/8306
vt 0.97005 0.95928
f 3194/8107 3255/8307 3220/8133
f 3217/8261 3213/8217 3246/8278
vt 0.15776 0.70884
f 3213/8217 3239/8308 3246/8278
vt 0.66743 0.70868
f 3182/7975 3279/8309 3292/8287
vt 0.85921 0.02204
f 3135/7649 3104/8310 3329/7961
f 3178/7762 3307/8129 3338/8274
vt 0.66782 0.70941
f 3218/8186 3240/8211 3289/8311
f 3218/8186 3289/8311 3279/8289
vt 0.97429 0.47297
vt 0.97524 0.47320
vt 0.97399 0.47379
f 3249/8312 3223/8313 3312/8314
vt 0.81822 0.06525
f 3225/7794 3266/8315 3209/8066
vt 0.04428 0.66271
vt 0.04559 0.66389
f 3189/8316 3280/8317 3198/8022
vt 0.97492 0.47431
f 3223/8313 3247/8318 3312/8314
vt 0.81416 0.06676
f 3147/7933 3209/8066 3336/8319
vt 0.91194 0.85787
f 3238/8177 3236/8231 3317/8320
vt 0.66719 0.69516
f 3193/8096 3391/8302 3250/8321
f 3193/8096 3250/8321 3262/8301
vt 0.28190 0.41535
f 3291/7908 3234/7721 3461/8322
vt 0.48915 0.30563
f 3245/7645 3303/8323 3237/7609
vt 0.34689 0.59158
vt 0.34762 0.59296
f 3141/8324 3252/8325 3231/8297
vt 0.74805 0.51573
f 3177/7934 3378/8326 3242/8300
f 3194/8250 3229/8249 3255/8258
vt 0.03683 0.66953
f 3161/8004 3184/8131 3387/8327
vt 0.97341 0.76318
f 3191/8168 3256/8242 3334/8328
f 3003/7633 3286/8105 3307/8129
f 3136/7669 3305/8064 3309/8255
vt 0.96240 0.12988
vt 0.96146 0.12802
vt 0.96182 0.12645
f 3207/8329 3288/8330 3287/8331
f 3245/7645 3259/8267 3303/8323
vt 0.85616 0.06765
f 3161/7879 3300/8332 3251/7990
vt 0.27881 0.41384
f 3089/7591 3477/8333 3234/7721
vt 0.85763 0.55436
f 3106/7719 3304/8334 3155/7930
vt 0.73423 0.85559
vt 0.73238 0.85395
f 3226/7889 3299/8335 3173/8336
vt 0.15915 0.71068
f 3217/8261 3246/8278 3254/8337
vt 0.15914 0.70623
f 3244/8277 3288/8338 3246/8278
f 3237/7609 3303/8323 3241/7752
vt 0.56028 0.97777
vt 0.56015 0.97679
vt 0.56109 0.97675
f 3273/8339 3277/8340 3271/8341
vt 0.15797 0.70414
f 3244/8277 3191/8342 3288/8338
vt 0.82094 0.20388
vt 0.82117 0.20638
vt 0.81960 0.20687
f 3243/8343 3263/8344 3419/8345
vt 0.31804 0.32900
f 3151/7685 3340/8346 3200/7756
f 3206/8072 3343/8213 3265/8260
vt 0.49844 0.04546
f 3026/7709 3408/8216 3318/8347
vt 0.96204 0.13027
vt 0.96155 0.13018
f 3207/8329 3302/8348 3282/8349
vt 0.15911 0.70305
f 3191/8342 3334/8350 3288/8338
vt 0.28575 0.41713
f 3188/7909 3291/7908 3401/8351
f 3188/7909 3401/8351 3428/7985
vt 0.23996 0.56786
f 3143/8234 3243/8233 3399/8352
f 3132/7666 3384/8247 3263/8279
vt 0.57280 0.21778
f 3147/7998 3336/8353 3311/7999
vt 0.38487 0.31855
f 3164/7776 3613/8269 3479/8354
vt 0.03392 0.82587
f 3268/8031 3410/8355 3278/8288
f 3207/8329 3282/8349 3288/8330
vt 0.85668 0.06793
f 3251/7990 3300/8332 3283/8356
vt 0.74854 0.07427
f 3186/8212 3360/8357 3343/8213
vt 0.73277 0.85635
f 3259/8358 3173/8336 3299/8335
vt 0.56058 0.21328
f 3052/7784 3376/7901 3496/8359
f 3089/7591 3318/8286 3477/8333
f 3257/8271 3334/8350 3256/8272
vt 0.35567 0.72508
f 3186/8139 3313/8138 3360/8360
f 3164/7776 3479/8354 3447/8019
vt 0.15962 0.71653
f 3222/8230 3255/8258 3289/8361
vt 0.34893 0.59294
vt 0.35088 0.59261
vt 0.35006 0.59518
f 3319/8362 3249/8363 3398/8364
vt 0.15793 0.70038
vt 0.15889 0.70022
f 3230/8365 3294/8366 3257/8271
vt 0.85953 0.55326
f 3106/7719 3142/7729 3278/8367
vt 0.85626 0.55503
f 3155/7930 3304/8334 3368/8368
vt 0.29242 0.41691
f 3192/7991 3179/7980 3430/8369
f 3217/8261 3254/8337 3229/8249
vt 0.85491 0.06597
f 3300/8332 3161/7879 3476/8370
vt 0.96393 0.79068
vt 0.96426 0.79176
vt 0.96355 0.79318
f 3233/8371 3301/8372 3369/8373
vt 0.15923 0.71778
f 3222/8230 3289/8361 3367/8374
vt 0.96882 0.36087
vt 0.96815 0.35979
vt 0.96833 0.35788
f 3306/8375 3229/8376 3254/8377
f 3258/8086 3408/8216 3062/7511
vt 0.03513 0.67128
f 3161/8004 3387/8327 3476/8378
vt 0.97607 0.82256
vt 0.97653 0.82390
vt 0.97573 0.82379
f 3294/8379 3262/8380 3257/8381
vt 0.66671 0.70974
f 3289/8311 3240/8211 3349/8382
f 3151/7685 3308/7906 3340/8346
vt 0.85511 0.02744
vt 0.85666 0.02654
vt 0.85616 0.02910
f 3275/8383 3285/8384 3276/8385
vt 0.34091 0.59352
f 3273/7899 3325/8386 3364/8184
vt 0.85834 0.02836
f 3285/8384 3315/8387 3276/8385
vt 0.30867 0.32975
f 3286/8223 3175/7698 3342/8388
vt 0.81405 0.34421
f 3274/7775 3224/8021 3357/8389
f 3106/7719 3278/8367 3304/8334
vt 0.74933 0.06156
f 3264/8226 3261/8225 3445/8390
f 3197/7718 3269/8295 3384/8247
vt 0.83073 0.50913
vt 0.83076 0.51089
vt 0.82875 0.51003
f 3275/8391 3284/8392 3285/8393
f 3040/7516 3235/7965 3370/8063
vt 0.31335 0.32996
f 3175/7698 3200/7756 3372/8394
vt 0.75108 0.06012
vt 0.74998 0.05972
f 3196/8395 3264/8226 3248/8396
vt 0.89672 0.94720
vt 0.89805 0.94632
vt 0.89812 0.94774
f 3258/8397 3298/8398 3353/8399
vt 0.97864 0.10468
vt 0.97916 0.10409
vt 0.97907 0.10540
f 3271/8400 3325/8401 3273/8402
vt 0.15984 0.70223
f 3257/8271 3262/8403 3334/8350
vt 0.85481 0.02888
f 3275/8383 3276/8385 3326/8404
vt 0.62385 0.44309
vt 0.62595 0.44496
vt 0.62467 0.44470
f 3275/8405 3326/8406 3350/8407
vt 0.97405 0.47465
f 3312/8314 3247/8318 3400/8408
vt 0.35539 0.74971
f 3263/8279 3384/8247 3419/8409
vt 0.82677 0.51064
vt 0.82792 0.50957
f 3285/8393 3295/8410 3315/8411
vt 0.97702 0.85297
vt 0.97772 0.85190
vt 0.97807 0.85320
f 3253/8412 3231/8413 3277/8414
vt 0.90515 0.59720
f 3224/8268 3327/8103 3429/8415
vt 0.15943 0.70433
f 3288/8338 3334/8350 3287/8416
vt 0.15941 0.70375
f 3334/8350 3296/8417 3287/8416
vt 0.91085 0.97553
vt 0.91088 0.97602
vt 0.90995 0.97606
f 3254/8418 3335/8419 3302/8420
vt 0.75128 0.51624
f 3177/7934 3241/8029 3417/8421
vt 0.15946 0.70876
f 3288/8338 3282/8422 3246/8278
vt 0.35286 0.59344
vt 0.35376 0.59457
vt 0.35289 0.59470
f 3247/8423 3358/8424 3400/8425
vt 0.96802 0.36086
f 3306/8375 3354/8426 3229/8376
vt 0.39361 0.31470
f 3155/8055 3368/8427 3382/7786
vt 0.16031 0.71462
f 3255/8258 3229/8249 3354/8428
vt 0.56029 0.97560
f 3271/8341 3277/8340 3380/8429
vt 0.89734 0.94967
f 3258/8397 3353/8399 3408/8430
vt 0.97436 0.94071
vt 0.97485 0.94158
vt 0.97405 0.94177
f 3296/8431 3452/8432 3391/8433
vt 0.15988 0.71569
f 3289/8361 3255/8258 3279/8434
vt 0.16052 0.70964
f 3254/8337 3246/8278 3335/8435
vt 0.97597 0.53324
vt 0.97655 0.53330
vt 0.97600 0.53422
f 3282/8436 3302/8437 3333/8438
vt 0.34525 0.59428
f 3231/8297 3252/8325 3381/8439
vt 0.74951 0.06870
f 3272/8006 3310/8440 3346/8210
f 3272/8006 3265/8260 3310/8440
vt 0.97669 0.53462
f 3302/8437 3412/8441 3333/8438
f 3264/8226 3445/8390 3248/8396
vt 0.23104 0.54578
f 3227/7699 3344/8299 3348/8442
vt 0.23162 0.55148
f 3267/7696 3242/8109 3512/8443
f 3177/7934 3417/8421 3378/8326
vt 0.82864 0.51414
f 3285/8393 3284/8392 3423/8444
f 3295/8410 3285/8393 3423/8444
vt 0.03960 0.67004
vt 0.03836 0.66728
f 3230/8132 3569/8445 3294/8446
vt 0.19300 0.85754
f 3104/7904 3274/7570 3357/8447
vt 0.66610 0.70283
vt 0.66540 0.70205
f 3302/8222 3290/8448 3412/8449
vt 0.48472 0.43257
f 3286/8105 3422/8450 3307/8129
vt 0.36061 0.72312
vt 0.36009 0.72586
f 3222/8451 3424/8452 3313/8138
vt 0.81863 0.20480
f 3243/8343 3419/8345 3399/8453
vt 0.49069 0.30691
f 3259/8267 3385/8454 3303/8323
f 3246/8278 3282/8422 3335/8435
vt 0.79473 0.07486
vt 0.79267 0.07621
vt 0.79434 0.07396
f 3293/8455 3297/8456 3328/8457
vt 0.85030 0.03798
f 3233/8305 3369/8458 3317/8306
vt 0.86479 0.21363
f 3280/8243 3248/8158 3383/8459
vt 0.83078 0.51348
f 3284/8392 3455/8460 3423/8444
vt 0.95416 0.18819
vt 0.95426 0.18919
vt 0.95354 0.18948
f 3247/8461 3270/8462 3358/8463
vt 0.16065 0.70883
f 3282/8422 3333/8464 3335/8435
f 3234/7721 3477/8333 3461/8322
vt 0.23946 0.56570
vt 0.24040 0.56358
f 3143/8234 3371/8465 3226/8466
f 3143/8234 3399/8352 3371/8465
vt 0.16038 0.71721
f 3289/8361 3349/8467 3367/8374
vt 0.59125 0.84758
vt 0.59224 0.84913
vt 0.59119 0.84975
f 3293/8468 3328/8469 3320/8470
f 3279/8434 3255/8258 3354/8428
vt 0.27625 0.97648
vt 0.27565 0.97732
vt 0.27584 0.97583
f 3292/8471 3337/8472 3306/8473
vt 0.37402 0.32162
f 3260/8253 3411/7736 3546/8474
vt 0.35664 0.75253
f 3384/8247 3269/8295 3407/8475
vt 0.81693 0.34394
vt 0.81568 0.34403
f 3224/8021 3429/8476 3352/8477
vt 0.97526 0.94053
f 3296/8431 3334/8478 3452/8432
vt 0.32208 0.32976
f 3308/7906 3529/8479 3340/8346
vt 0.37080 0.32177
f 3260/8253 3638/8480 3321/7694
vt 0.33762 0.32700
f 3074/7733 3341/7971 3465/8481
vt 0.29844 0.42031
f 3268/8040 3473/8235 3410/8482
vt 0.91062 0.97684
f 3302/8420 3335/8419 3361/8483
f 3227/7699 3348/8442 3366/8220
vt 0.62144 0.44260
vt 0.62206 0.44359
f 3284/8484 3275/8405 3363/8485
vt 0.36198 0.72385
f 3222/8451 3367/8486 3424/8452
vt 0.04492 0.66533
f 3280/8317 3314/8487 3198/8022
vt 0.30984 0.33285
f 3175/7698 3637/8488 3342/8388
vt 0.34331 0.59450
f 3231/8297 3380/8489 3277/8282
vt 0.24285 0.74298
f 3240/8237 3238/8239 3365/8490
vt 0.35816 0.72762
f 3313/8138 3488/8491 3360/8360
vt 0.48074 0.43197
f 3338/8274 3307/8129 3415/8492
vt 0.74587 0.84692
vt 0.74763 0.84733
vt 0.74794 0.84861
f 3293/8493 3351/8494 3316/8495
vt 0.74544 0.84856
f 3293/8493 3316/8495 3297/8496
vt 0.67728 0.98970
vt 0.67728 0.98883
vt 0.67756 0.98915
f 3249/8497 3312/8498 3398/8499
vt 0.98513 0.83283
vt 0.98578 0.83227
vt 0.98578 0.83293
f 3364/8500 3325/8501 3389/8502
vt 0.48738 0.30519
f 3241/7752 3303/8323 3417/8503
vt 0.61967 0.44376
vt 0.61918 0.44297
f 3284/8484 3397/8504 3455/8505
vt 0.34713 0.59436
f 3252/8325 3319/8362 3324/8506
vt 0.58940 0.84889
f 3293/8468 3320/8470 3351/8507
vt 0.90483 0.75084
vt 0.90546 0.74988
vt 0.90522 0.75151
f 3342/8508 3422/8509 3286/8510
vt 0.82521 0.51133
vt 0.82565 0.50965
f 3330/8511 3323/8512 3295/8410
f 3279/8309 3349/8382 3292/8287
vt 0.90977 0.85877
f 3238/8177 3317/8320 3322/8513
vt 0.86049 0.02859
vt 0.86085 0.02704
vt 0.86091 0.02761
f 3323/8514 3330/8515 3324/8516
f 3261/8225 3346/8210 3445/8390
f 3052/7784 3496/8359 3298/8100
vt 0.97313 0.90748
vt 0.97234 0.90791
vt 0.97245 0.90650
f 3250/8517 3339/8518 3262/8519
f 3192/7991 3430/8369 3473/8235
vt 0.62138 0.44348
f 3284/8484 3363/8520 3397/8504
vt 0.74716 0.85138
f 3297/8496 3316/8495 3503/8521
vt 0.96430 0.79396
f 3301/8372 3356/8522 3369/8373
vt 0.23873 0.56438
vt 0.23766 0.56185
f 3226/8466 3371/8523 3299/8524
vt 0.16081 0.71676
f 3279/8434 3354/8428 3349/8525
vt 0.35499 0.59731
f 3270/8292 3283/8291 3466/8526
f 3231/8297 3381/8439 3380/8489
vt 0.66672 0.70347
f 3302/8222 3361/8527 3290/8448
vt 0.24387 0.74211
f 3238/8239 3322/8528 3365/8490
vt 0.27500 0.97673
f 3306/8473 3337/8472 3354/8529
f 3275/8405 3350/8407 3363/8485
vt 0.85767 0.06718
vt 0.85729 0.06537
f 3283/8530 3300/8332 3379/8531
f 3300/8332 3476/8370 3379/8531
vt 0.56912 0.21838
f 3311/7999 3336/8353 3373/8532
vt 0.84398 0.30452
vt 0.84489 0.30525
vt 0.84222 0.30572
f 3330/8533 3381/8534 3324/8535
vt 0.03793 0.66945
f 3184/8131 3294/8446 3390/8536
vt 0.85904 0.02707
f 3295/8537 3323/8514 3315/8387
f 3252/8325 3324/8506 3381/8439
f 3200/7756 3340/8346 3372/8394
vt 0.81644 0.06939
f 3209/8066 3562/8538 3336/8319
vt 0.66481 0.70996
f 3292/8287 3349/8382 3421/8539
vt 0.16127 0.92964
vt 0.16242 0.93045
vt 0.16064 0.93218
f 3301/8540 3338/8541 3356/8542
vt 0.33883 0.59427
vt 0.34027 0.59433
f 3389/8543 3325/8386 3394/8544
f 3349/8382 3240/8211 3421/8539
vt 0.66558 0.69479
f 3391/8302 3362/8545 3250/8321
vt 0.66662 0.70508
f 3361/8527 3337/8546 3290/8448
vt 0.93342 0.53385
vt 0.93399 0.53614
vt 0.93239 0.53481
f 3429/8547 3366/8548 3352/8549
vt 0.96131 0.10478
vt 0.96193 0.10442
vt 0.96212 0.10610
f 3391/8550 3452/8551 3332/8552
vt 0.96184 0.10917
vt 0.96122 0.10745
f 3333/8553 3359/8554 3332/8552
vt 0.66662 0.70090
vt 0.66541 0.70032
f 3333/8555 3412/8449 3359/8556
vt 0.03800 0.67186
f 3387/8327 3566/8557 3476/8378
vt 0.66675 0.69858
f 3332/8558 3359/8556 3391/8302
vt 0.16102 0.70220
f 3262/8403 3339/8559 3334/8350
vt 0.66650 0.70662
vt 0.66521 0.70710
f 3337/8560 3292/8287 3345/8561
vt 0.84065 0.30621
vt 0.84081 0.30671
f 3323/8562 3324/8535 3413/8563
f 3224/8021 3352/8477 3357/8389
vt 0.19211 0.85759
f 3357/8447 3347/8564 3104/7904
vt 0.34896 0.59486
f 3319/8362 3413/8565 3324/8506
vt 0.49786 0.04685
f 3318/8347 3408/8216 3331/8566
f 3184/8131 3390/8536 3387/8327
vt 0.33043 0.32871
f 3281/7597 3405/8123 3522/8567
vt 0.16197 0.93330
f 3338/8541 3415/8568 3356/8542
vt 0.58562 0.84756
vt 0.58804 0.84910
vt 0.58557 0.84913
f 3350/8569 3355/8570 3363/8571
vt 0.35709 0.59540
f 3283/8291 3379/8572 3466/8526
vt 0.36403 0.32325
f 3215/7737 3621/8573 3305/8064
f 3074/7733 3465/8481 3405/8123
vt 0.48317 0.43409
f 3422/8450 3509/8574 3307/8129
f 3294/8446 3569/8445 3390/8536
f 3337/8560 3345/8561 3290/8448
vt 0.85866 0.03125
f 3315/8387 3458/8575 3276/8385
vt 0.93290 0.53642
f 3352/8549 3366/8548 3348/8576
vt 0.96432 0.64602
vt 0.96463 0.64714
vt 0.96390 0.64938
f 3361/8577 3404/8578 3337/8579
vt 0.58897 0.84759
f 3350/8569 3316/8580 3355/8570
vt 0.66584 0.69346
f 3250/8321 3362/8545 3387/8581
vt 0.23352 0.55456
f 3242/8109 3378/8582 3512/8443
vt 0.77205 0.30300
vt 0.77226 0.30553
vt 0.77141 0.30267
f 3265/8583 3343/8584 3310/8585
vt 0.58919 0.84919
f 3355/8570 3316/8580 3351/8586
vt 0.89838 0.94955
f 3408/8430 3353/8399 3450/8587
vt 0.57225 0.22021
f 3336/8353 3432/8588 3373/8532
vt 0.73376 0.85854
f 3259/8358 3299/8335 3385/8589
vt 0.85824 0.55486
f 3278/8367 3402/8590 3304/8334
vt 0.16196 0.71497
f 3354/8428 3440/8591 3349/8525
vt 0.77238 0.29892
vt 0.76988 0.30009
f 3346/8592 3310/8585 3518/8593
vt 0.97580 0.01869
vt 0.97592 0.01734
vt 0.97665 0.01875
f 3250/8594 3387/8595 3339/8596
vt 0.19604 0.85635
vt 0.19444 0.85622
vt 0.19528 0.85566
f 3344/8597 3352/8598 3348/8599
vt 0.66472 0.71190
f 3240/8211 3365/8600 3421/8539
vt 0.96228 0.10854
f 3333/8553 3332/8552 3375/8601
vt 0.82634 0.51476
f 3423/8444 3456/8602 3295/8410
f 3319/8362 3398/8364 3413/8565
vt 0.96445 0.64949
f 3337/8579 3404/8578 3354/8603
vt 0.85877 0.02424
f 3104/8310 3347/8604 3329/7961
vt 0.23867 0.56631
f 3371/8465 3399/8352 3418/8605
vt 0.74526 0.85180
f 3297/8496 3503/8521 3396/8606
vt 0.35452 0.59558
f 3270/8292 3466/8526 3358/8607
vt 0.75129 0.84901
f 3316/8495 3350/8608 3503/8521
f 3330/8511 3295/8410 3456/8602
vt 0.59254 0.85059
f 3320/8470 3328/8469 3414/8609
f 3267/7696 3512/8443 3344/8299
vt 0.16120 0.70337
f 3334/8350 3339/8559 3452/8610
f 3313/8138 3424/8452 3488/8491
f 3307/8129 3509/8574 3415/8492
f 3175/7698 3372/8394 3637/8488
vt 0.66509 0.70551
f 3345/8561 3438/8611 3290/8448
vt 0.86092 0.03003
f 3323/8514 3413/8612 3458/8575
f 3323/8514 3458/8575 3315/8387
vt 0.97667 0.01758
f 3339/8596 3387/8595 3390/8613
vt 0.03183 0.82757
vt 0.02895 0.82560
f 3278/8288 3548/8614 3402/8615
f 3321/7694 3638/8480 3416/8130
vt 0.84814 0.03928
f 3317/8306 3369/8458 3442/8616
vt 0.95636 0.25074
vt 0.95683 0.25318
vt 0.95590 0.25357
f 3317/8617 3442/8618 3487/8619
vt 0.82515 0.51376
f 3330/8511 3456/8602 3381/8620
vt 0.66493 0.70832
f 3292/8287 3421/8539 3436/8621
f 3292/8287 3436/8621 3345/8561
vt 0.56280 0.21679
f 3376/7901 3728/8622 3496/8359
vt 0.16138 0.71207
f 3354/8428 3404/8623 3440/8591
vt 0.66451 0.69645
f 3391/8302 3444/8624 3362/8545
f 3291/7908 3461/8322 3401/8351
vt 0.34104 0.59414
vt 0.34197 0.59303
vt 0.34070 0.59558
f 3325/8625 3271/8626 3377/8627
vt 0.58981 0.85163
f 3320/8470 3406/8628 3351/8586
vt 0.36302 0.72406
vt 0.36389 0.72532
f 3349/8629 3409/8630 3367/8486
vt 0.16070 0.93376
f 3415/8568 3532/8631 3356/8542
vt 0.04315 0.66907
f 3198/8022 3449/8632 3230/8132
vt 0.31640 0.33364
f 3340/8346 3800/8633 3372/8394
f 3179/7980 3428/7985 3430/8369
f 3281/7597 3522/8567 3308/7906
vt 0.35162 0.32552
f 3431/8065 3374/8634 3235/7965
vt 0.34198 0.32843
f 3341/7971 3561/8635 3465/8481
f 3410/8355 3548/8614 3278/8288
vt 0.16075 0.71018
vt 0.16180 0.70929
f 3404/8623 3361/8636 3375/8637
vt 0.66502 0.70343
f 3290/8448 3438/8611 3426/8638
f 3333/8464 3375/8637 3335/8435
vt 0.66509 0.69795
f 3359/8556 3444/8639 3391/8302
vt 0.74870 0.05967
f 3445/8390 3520/8640 3248/8396
f 3198/8022 3314/8487 3449/8632
vt 0.62605 0.44690
f 3326/8406 3420/8641 3350/8407
f 3361/8636 3335/8435 3375/8637
vt 0.04690 0.66461
f 3280/8317 3392/8642 3314/8487
f 3215/7737 3416/8130 3621/8573
vt 0.85475 0.03016
vt 0.85488 0.03207
f 3326/8643 3276/8385 3453/8644
f 3271/8626 3380/8489 3377/8627
vt 0.23600 0.55941
vt 0.23443 0.56163
f 3385/8645 3299/8524 3505/8646
vt 0.75135 0.85137
f 3350/8608 3420/8647 3503/8521
vt 0.66410 0.69547
f 3362/8545 3444/8624 3536/8648
vt 0.58558 0.85118
f 3363/8571 3355/8570 3397/8649
vt 0.66488 0.70182
f 3412/8449 3441/8650 3359/8556
vt 0.16175 0.71712
f 3349/8525 3440/8591 3409/8651
vt 0.93507 0.53455
f 3366/8548 3429/8547 3486/8652
f 3290/8448 3426/8638 3412/8449
vt 0.19402 0.85850
f 3352/8598 3403/8653 3357/8447
vt 0.81947 0.21263
vt 0.81924 0.21381
vt 0.81609 0.21263
f 3269/8654 3364/8655 3467/8656
vt 0.23670 0.56309
f 3299/8524 3371/8523 3482/8657
vt 0.78983 0.07501
f 3328/8457 3297/8456 3472/8658
vt 0.98966 0.54711
vt 0.98923 0.54680
vt 0.98966 0.54661
f 3362/8659 3434/8660 3387/8661
vt 0.66493 0.69414
f 3362/8545 3536/8648 3434/8662
vt 0.91154 0.86024
f 3322/8513 3317/8320 3487/8663
vt 0.39365 0.31687
f 3368/8427 3493/8664 3382/7786
vt 0.34034 0.59633
f 3394/8544 3480/8665 3389/8543
vt 0.35747 0.59812
f 3379/8572 3388/8666 3466/8526
vt 0.22813 0.54477
f 3266/8071 3366/8220 3427/8667
vt 0.81943 0.06813
f 3266/8315 3427/8668 3209/8066
vt 0.58928 0.84951
vt 0.58863 0.85217
f 3355/8570 3351/8669 3539/8670
f 3355/8570 3539/8670 3397/8649
vt 0.81909 0.21092
f 3269/8654 3467/8656 3407/8671
vt 0.58924 0.85109
f 3351/8586 3406/8628 3539/8672
vt 0.16202 0.70055
vt 0.16253 0.70202
f 3390/8673 3393/8674 3339/8559
vt 0.86279 0.21488
f 3280/8243 3383/8459 3392/8675
f 3235/7965 3374/8634 3370/8063
f 3260/8253 3546/8474 3638/8480
vt 0.79421 0.07226
f 3328/8457 3472/8658 3414/8676
vt 0.77150 0.30752
vt 0.76907 0.30571
f 3343/8584 3360/8677 3591/8678
vt 0.42454 0.50638
vt 0.42345 0.50539
vt 0.42474 0.50447
f 3368/8679 3304/8680 3493/8681
vt 0.59166 0.85212
f 3320/8470 3469/8682 3406/8628
vt 0.35442 0.59687
vt 0.35290 0.59551
f 3358/8424 3395/8683 3400/8684
vt 0.56582 0.21954
f 3311/7999 3633/8685 3376/7901
f 3339/8559 3393/8674 3452/8610
vt 0.81781 0.21443
f 3364/8655 3389/8686 3467/8656
vt 0.73336 0.86128
vt 0.73248 0.86053
f 3385/8589 3386/8687 3303/8688
vt 0.74958 0.05900
f 3383/8689 3248/8396 3520/8640
vt 0.35180 0.59442
vt 0.35117 0.59618
f 3398/8364 3312/8690 3425/8691
vt 0.55885 0.21042
vt 0.55834 0.21406
f 3298/8692 3496/8359 3631/8693
vt 0.85640 0.02301
vt 0.85683 0.02530
f 3327/8694 3329/7961 3540/8695
vt 0.19576 0.85834
f 3352/8598 3344/8597 3443/8696
f 3352/8598 3443/8696 3403/8653
f 3320/8470 3414/8609 3469/8682
f 3276/8385 3458/8575 3453/8644
vt 0.23024 0.54929
f 3344/8299 3512/8443 3443/8697
vt 0.76979 0.29752
f 3346/8592 3518/8593 3501/8698
vt 0.95720 0.65344
vt 0.95629 0.65463
vt 0.95617 0.65265
f 3359/8699 3441/8700 3439/8701
vt 0.90497 0.74769
f 3342/8508 3551/8702 3422/8509
vt 0.77093 0.29516
f 3346/8592 3501/8698 3445/8703
vt 0.74815 0.51768
f 3378/8326 3417/8421 3435/8704
vt 0.81584 0.20372
vt 0.81568 0.20531
vt 0.81433 0.20464
f 3371/8705 3418/8706 3482/8707
vt 0.73512 0.86112
f 3385/8589 3471/8708 3386/8687
vt 0.49926 0.04900
f 3408/8216 3470/8709 3331/8566
vt 0.97080 0.34208
vt 0.97158 0.34344
vt 0.97042 0.34320
f 3325/8710 3377/8711 3394/8712
vt 0.82315 0.51345
vt 0.82427 0.51267
vt 0.82369 0.51430
f 3380/8713 3381/8714 3490/8715
vt 0.79007 0.07678
f 3297/8456 3396/8716 3472/8658
vt 0.74899 0.85349
f 3503/8521 3420/8647 3573/8717
f 3311/7999 3373/8532 3633/8685
vt 0.86073 0.03249
f 3458/8575 3413/8612 3489/8718
vt 0.03756 0.67069
f 3387/8327 3434/8719 3566/8557
f 3064/7735 3447/8019 3411/7736
vt 0.34457 0.32683
f 3370/8063 3596/8720 3341/7971
vt 0.03407 0.82925
f 3548/8614 3410/8355 3559/8721
vt 0.77074 0.30341
f 3343/8584 3591/8678 3310/8722
vt 0.95631 0.65010
f 3359/8699 3439/8701 3444/8723
vt 0.34203 0.59571
f 3380/8489 3528/8724 3377/8627
f 3341/7971 3596/8720 3561/8635
vt 0.04806 0.66707
f 3314/8487 3392/8642 3597/8725
f 3367/8486 3409/8630 3424/8452
f 3390/8536 3569/8445 3434/8719
vt 0.62700 0.44777
f 3326/8406 3453/8726 3420/8641
vt 0.35569 0.72805
f 3360/8360 3488/8491 3507/8727
f 3312/8690 3400/8684 3425/8691
vt 0.55806 0.21015
f 3298/8692 3631/8693 3353/8728
vt 0.16109 0.70551
vt 0.16229 0.70389
f 3332/8729 3452/8610 3454/8730
vt 0.95391 0.19237
vt 0.95307 0.19108
f 3358/8463 3466/8731 3395/8732
vt 0.16268 0.70083
f 3390/8673 3434/8733 3393/8674
vt 0.27810 0.41249
f 3318/8286 3331/8734 3477/8333
vt 0.19248 0.85834
f 3357/8447 3403/8653 3347/8735
vt 0.48796 0.30658
f 3303/8323 3386/8736 3417/8503
vt 0.66457 0.70836
vt 0.66266 0.70835
f 3345/8561 3436/8737 3599/8738
vt 0.85049 0.03920
vt 0.85030 0.03996
f 3369/8458 3356/8739 3532/8740
vt 0.16259 0.71372
f 3440/8591 3404/8623 3438/8741
vt 0.16265 0.71677
f 3440/8591 3421/8742 3409/8651
vt 0.16259 0.71573
f 3440/8591 3436/8743 3421/8742
vt 0.23396 0.55780
f 3385/8645 3505/8646 3471/8744
vt 0.79295 0.06968
vt 0.79545 0.06997
f 3414/8676 3475/8745 3469/8746
vt 0.76978 0.30759
f 3360/8677 3507/8747 3591/8678
vt 0.16254 0.71045
f 3404/8623 3375/8637 3426/8748
f 3404/8623 3426/8748 3438/8741
vt 0.78859 0.52232
vt 0.78722 0.52070
vt 0.78956 0.52030
f 3408/8749 3450/8750 3470/8751
vt 0.16263 0.70646
f 3375/8637 3332/8729 3439/8752
vt 0.16250 0.70879
f 3375/8637 3439/8752 3441/8753
f 3332/8729 3454/8730 3439/8752
vt 0.85709 0.03371
f 3453/8644 3458/8575 3570/8754
vt 0.34264 0.59660
f 3380/8489 3490/8755 3528/8724
f 3369/8458 3532/8740 3442/8616
f 3569/8445 3230/8132 3449/8632
vt 0.03760 0.67265
f 3566/8557 3514/8756 3476/8378
vt 0.29871 0.41640
f 3410/8482 3473/8235 3559/8757
vt 0.90614 0.59906
vt 0.90547 0.59789
f 3327/8103 3540/8758 3429/8759
vt 0.01451 0.97548
vt 0.01508 0.97566
vt 0.01467 0.97687
f 3412/8760 3426/8761 3543/8762
vt 0.90973 0.86015
f 3322/8513 3487/8663 3564/8763
vt 0.86234 0.21579
vt 0.86318 0.21632
f 3464/8764 3392/8675 3478/8765
vt 0.16244 0.71436
f 3440/8591 3438/8741 3544/8766
vt 0.97870 0.50787
vt 0.97905 0.50906
vt 0.97853 0.50900
f 3434/8767 3536/8768 3393/8769
vt 0.22879 0.54541
f 3366/8220 3495/8770 3427/8667
vt 0.85537 0.02362
vt 0.85501 0.02484
f 3429/8771 3540/8695 3486/8772
vt 0.81816 0.06926
f 3209/8066 3427/8668 3524/8773
vt 0.30867 0.33335
f 3342/8388 3637/8488 3551/8774
vt 0.81934 0.20946
vt 0.81648 0.20817
f 3384/8775 3407/8671 3437/8776
vt 0.81566 0.20537
f 3418/8777 3399/8453 3437/8776
vt 0.97984 0.62649
vt 0.98032 0.62577
vt 0.98040 0.62685
f 3394/8778 3377/8779 3480/8780
f 3392/8675 3383/8459 3478/8765
f 3384/8775 3437/8776 3419/8345
vt 0.58971 0.85343
f 3469/8682 3506/8781 3406/8628
vt 0.75031 0.51803
f 3417/8421 3386/8782 3435/8704
vt 0.55645 0.21039
vt 0.55664 0.21248
f 3450/8783 3353/8728 3577/8784
vt 0.95592 0.65037
f 3444/8723 3439/8701 3454/8785
f 3407/8671 3467/8656 3437/8776
vt 0.33934 0.59751
f 3389/8543 3480/8665 3585/8786
vt 0.82438 0.51404
f 3381/8620 3456/8602 3490/8787
vt 0.93538 0.53655
f 3366/8548 3486/8652 3495/8788
vt 0.81433 0.06966
f 3336/8319 3562/8538 3432/8789
vt 0.66335 0.70281
vt 0.66446 0.70178
f 3412/8449 3543/8790 3441/8791
vt 0.82720 0.51586
f 3423/8444 3575/8792 3456/8602
vt 0.35220 0.59701
f 3400/8684 3617/8793 3425/8691
vt 0.35306 0.59799
f 3400/8684 3513/8794 3617/8793
f 3376/7901 3633/8685 3728/8622
vt 0.81549 0.21386
f 3389/8686 3446/8795 3467/8656
vt 0.39170 0.31906
f 3382/7786 3508/8796 3613/8269
vt 0.37667 0.32214
f 3411/7736 3447/8019 3492/8797
vt 0.85013 0.04085
f 3442/8616 3532/8740 3448/8798
vt 0.76963 0.30318
f 3310/8722 3591/8678 3451/8799
vt 0.28958 0.41300
f 3428/7985 3401/8351 3701/8800
vt 0.32745 0.33092
f 3529/8479 3308/7906 3581/8801
vt 0.77047 0.30028
f 3310/8722 3451/8799 3518/8802
vt 0.61715 0.44623
f 3455/8505 3397/8504 3619/8803
vt 0.99176 0.70351
vt 0.99206 0.70373
vt 0.99176 0.70392
f 3375/8804 3441/8805 3515/8806
vt 0.66300 0.70682
f 3345/8561 3599/8738 3544/8807
vt 0.66439 0.70707
f 3345/8561 3544/8807 3438/8808
vt 0.16369 0.71481
f 3440/8591 3544/8766 3468/8809
vt 0.62600 0.44951
f 3420/8641 3453/8726 3588/8810
vt 0.90767 0.03481
vt 0.90760 0.03705
vt 0.90628 0.03784
f 3347/8811 3403/8812 3500/8813
f 3631/8693 3577/8784 3353/8728
f 3434/8719 3569/8445 3566/8557
vt 0.23672 0.56418
f 3299/8524 3482/8814 3505/8646
vt 0.04900 0.66432
f 3392/8642 3464/8815 3597/8725
vt 0.36875 0.32582
f 3416/8130 3638/8480 3900/8816
vt 0.75140 0.85401
f 3420/8647 3588/8817 3573/8717
f 3419/8345 3437/8776 3399/8453
vt 0.81522 0.20936
f 3467/8656 3511/8818 3437/8776
vt 0.16357 0.70253
f 3452/8610 3393/8674 3462/8819
f 3546/8474 3411/7736 3492/8797
vt 0.74842 0.51830
f 3435/8704 3386/8782 3471/8820
vt 0.82490 0.51549
f 3456/8602 3679/8821 3490/8787
vt 0.85924 0.03362
f 3489/8718 3605/8822 3458/8575
vt 0.84820 0.04158
f 3442/8616 3448/8798 3463/8823
vt 0.36508 0.72526
vt 0.36581 0.72629
f 3421/8824 3483/8825 3409/8630
f 3522/8567 3581/8801 3308/7906
vt 0.22977 0.55684
f 3378/8582 3651/8826 3512/8443
vt 0.79225 0.07180
f 3414/8676 3433/8827 3475/8745
f 3329/7961 3347/8604 3540/8695
vt 0.97459 0.19514
vt 0.97466 0.19676
vt 0.97406 0.19639
f 3436/8828 3526/8829 3599/8830
vt 0.97992 0.67432
vt 0.97999 0.67295
vt 0.98048 0.67393
f 3460/8831 3457/8832 3459/8833
vt 0.01581 0.97598
vt 0.01555 0.97665
f 3426/8761 3375/8834 3523/8835
f 3426/8761 3523/8835 3543/8762
vt 0.97542 0.19529
f 3440/8836 3526/8829 3436/8828
vt 0.97533 0.19693
f 3440/8836 3468/8837 3526/8829
f 3428/7985 3701/8800 3430/8369
f 3314/8487 3597/8725 3449/8632
vt 0.98289 0.69274
vt 0.98286 0.69356
vt 0.98210 0.69337
f 3528/8838 3480/8839 3377/8840
vt 0.81429 0.20724
f 3418/8777 3437/8776 3504/8841
vt 0.48293 0.97729
vt 0.48214 0.97713
vt 0.48223 0.97576
f 3460/8842 3533/8843 3457/8844
f 3458/8575 3605/8822 3570/8754
vt 0.02961 0.82849
f 3548/8614 3612/8845 3402/8615
f 3418/8777 3504/8841 3482/8707
vt 0.23240 0.55671
f 3378/8582 3435/8846 3651/8826
vt 0.48198 0.97811
f 3460/8842 3497/8847 3533/8843
vt 0.82469 0.93111
vt 0.82431 0.93268
vt 0.82270 0.93115
f 3460/8848 3459/8849 3497/8850
f 3382/7786 3493/8664 3508/8796
vt 0.66268 0.70152
f 3441/8791 3543/8790 3556/8851
vt 0.50571 0.97575
vt 0.50608 0.97754
vt 0.50536 0.97694
f 3441/8852 3556/8853 3515/8854
vt 0.74534 0.85397
f 3396/8606 3503/8521 3484/8855
vt 0.16313 0.70917
vt 0.16337 0.70994
f 3375/8637 3515/8856 3523/8857
f 3400/8684 3395/8683 3513/8794
vt 0.85505 0.06341
f 3379/8531 3476/8370 3648/8858
vt 0.03641 0.67440
f 3476/8378 3514/8756 3648/8859
vt 0.92882 0.21473
vt 0.92802 0.21202
vt 0.92927 0.21336
f 3495/8860 3486/8861 3502/8862
vt 0.28499 0.41199
f 3401/8351 3461/8322 3580/8863
vt 0.33691 0.59591
f 3389/8543 3585/8786 3446/8864
vt 0.42179 0.50420
vt 0.42111 0.50088
vt 0.42246 0.50170
f 3402/8865 3612/8866 3630/8867
f 3402/8865 3630/8867 3304/8680
vt 0.36276 0.72764
f 3424/8452 3409/8630 3534/8868
vt 0.35089 0.59717
vt 0.35054 0.59658
f 3425/8691 3481/8869 3398/8870
vt 0.35170 0.59800
f 3425/8691 3617/8871 3481/8869
vt 0.92065 0.15872
vt 0.92120 0.15871
vt 0.92147 0.16045
f 3539/8872 3406/8873 3506/8874
f 3416/8130 3900/8816 3621/8573
vt 0.95115 0.42403
vt 0.95034 0.42652
vt 0.95010 0.42409
f 3398/8875 3481/8876 3413/8877
f 3401/8351 3580/8863 3701/8800
vt 0.28099 0.41042
f 3461/8322 3477/8333 3713/8878
vt 0.84003 0.30791
vt 0.84025 0.31031
vt 0.83937 0.30977
f 3413/8879 3481/8880 3489/8881
vt 0.78773 0.07632
f 3396/8716 3484/8882 3472/8658
vt 0.98058 0.67274
f 3457/8832 3433/8883 3459/8833
vt 0.33490 0.32998
f 3405/8123 3465/8481 3615/8884
vt 0.96175 0.26299
vt 0.96273 0.26363
vt 0.96150 0.26407
f 3495/8885 3485/8886 3427/8887
vt 0.86277 0.21736
vt 0.86163 0.21690
f 3478/8765 3550/8888 3464/8889
vt 0.90818 0.03918
f 3443/8890 3500/8813 3403/8812
vt 0.97363 0.74829
vt 0.97314 0.74904
vt 0.97253 0.74751
f 3536/8891 3541/8892 3393/8893
vt 0.66325 0.70990
f 3421/8539 3365/8600 3483/8894
vt 0.23615 0.56579
f 3482/8814 3572/8895 3505/8646
vt 0.90598 0.03602
f 3347/8811 3500/8813 3540/8896
vt 0.49681 0.04760
vt 0.49645 0.04974
f 3331/8897 3470/8709 3474/8898
vt 0.85480 0.03465
f 3570/8754 3491/8899 3453/8644
vt 0.97130 0.95462
vt 0.97005 0.95535
vt 0.97037 0.95399
f 3464/8900 3550/8901 3625/8902
vt 0.76890 0.29398
f 3445/8703 3501/8698 3538/8903
vt 0.24478 0.74524
f 3365/8490 3322/8528 3622/8904
vt 0.83080 0.51697
f 3455/8460 3531/8905 3423/8444
vt 0.61647 0.44551
f 3455/8505 3619/8803 3531/8906
f 3209/8066 3524/8773 3562/8538
vt 0.49580 0.04784
f 3331/8897 3474/8898 3477/8907
vt 0.95679 0.25519
f 3487/8619 3442/8618 3463/8908
vt 0.62657 0.45067
f 3453/8726 3491/8909 3588/8810
vt 0.23244 0.55873
f 3505/8646 3498/8910 3471/8744
vt 0.24588 0.74505
f 3322/8528 3564/8911 3622/8904
vt 0.78707 0.51937
f 3450/8750 3577/8912 3470/8751
vt 0.59162 0.85405
f 3469/8682 3545/8913 3506/8781
vt 0.66306 0.69609
f 3444/8624 3592/8914 3536/8648
vt 0.79137 0.07327
f 3414/8676 3472/8658 3459/8915
f 3414/8676 3459/8915 3433/8827
vt 0.16272 0.70370
f 3452/8610 3462/8819 3454/8916
vt 0.58560 0.85344
f 3397/8649 3539/8670 3619/8917
vt 0.85575 0.02648
f 3486/8772 3540/8695 3527/8918
vt 0.33678 0.59699
f 3446/8864 3585/8786 3525/8919
vt 0.93345 0.52131
vt 0.93514 0.52107
vt 0.93408 0.52285
f 3457/8920 3678/8921 3433/8922
vt 0.92979 0.21508
f 3495/8860 3502/8862 3485/8923
vt 0.97221 0.74886
f 3393/8893 3541/8892 3462/8924
vt 0.93286 0.52016
vt 0.93449 0.51952
f 3533/8925 3517/8926 3457/8920
f 3471/8744 3498/8910 3435/8846
vt 0.77086 0.29295
f 3520/8927 3445/8703 3538/8903
vt 0.81431 0.21385
f 3446/8795 3519/8928 3467/8656
vt 0.99300 0.04137
vt 0.99308 0.04173
vt 0.99280 0.04173
f 3446/8929 3525/8930 3519/8931
f 3424/8452 3534/8868 3488/8491
vt 0.66190 0.70768
f 3544/8807 3599/8738 3646/8932
vt 0.76743 0.30251
f 3518/8593 3451/8799 3560/8933
vt 0.81417 0.21253
f 3467/8656 3519/8928 3571/8934
vt 0.31421 0.33585
f 3372/8394 3800/8633 3905/8935
vt 0.93336 0.51893
f 3537/8936 3517/8926 3533/8925
f 3511/8818 3467/8656 3571/8934
f 3437/8776 3511/8818 3504/8841
vt 0.86692 0.21373
vt 0.86600 0.21565
f 3383/8459 3520/8937 3553/8938
vt 0.36549 0.72680
f 3483/8825 3526/8939 3409/8630
vt 0.93031 0.21130
f 3486/8861 3527/8940 3502/8862
vt 0.48415 0.43550
f 3422/8450 3551/8941 3509/8574
vt 0.79360 0.06771
f 3469/8746 3475/8745 3545/8942
vt 0.96833 0.44612
vt 0.96933 0.44556
vt 0.96950 0.44724
f 3444/8943 3454/8944 3510/8945
vt 0.96895 0.44735
f 3444/8943 3510/8945 3554/8946
vt 0.32024 0.33358
f 3340/8346 3529/8479 3712/8947
vt 0.35897 0.32591
f 3309/8255 3618/8948 3431/8065
vt 0.66223 0.71189
f 3365/8600 3622/8949 3483/8894
vt 0.22800 0.55247
f 3512/8443 3651/8826 3715/8950
vt 0.98613 0.25408
vt 0.98636 0.25451
vt 0.98595 0.25446
f 3485/8951 3547/8952 3535/8953
vt 0.76650 0.29505
f 3538/8903 3501/8698 3563/8954
vt 0.35653 0.73037
f 3488/8491 3578/8955 3507/8727
vt 0.36460 0.72717
f 3409/8630 3582/8956 3534/8868
vt 0.96267 0.26482
f 3485/8886 3535/8957 3427/8887
vt 0.97881 0.30849
vt 0.97943 0.30948
vt 0.97880 0.30930
f 3485/8958 3598/8959 3547/8960
vt 0.82743 0.51539
vt 0.82863 0.51696
f 3575/8961 3423/8444 3590/8962
vt 0.93094 0.21475
f 3485/8923 3502/8862 3598/8963
f 3372/8394 3905/8935 3637/8488
vt 0.82265 0.93278
f 3459/8849 3586/8964 3497/8850
vt 0.81945 0.45084
vt 0.81745 0.44965
vt 0.82004 0.44826
f 3504/8965 3579/8966 3482/8967
vt 0.16385 0.70934
f 3523/8857 3515/8856 3626/8968
vt 0.29706 0.41475
f 3559/8757 3473/8235 3516/8969
f 3461/8322 3713/8878 3580/8863
vt 0.95619 0.25501
f 3487/8619 3463/8908 3499/8970
f 3304/8680 3630/8867 3493/8681
vt 0.91163 0.86191
vt 0.90989 0.86190
f 3487/8663 3499/8971 3564/8972
f 3409/8630 3526/8939 3582/8956
vt 0.81876 0.45315
vt 0.82004 0.45624
vt 0.81723 0.45539
f 3511/8973 3571/8974 3643/8975
vt 0.81876 0.44780
f 3482/8967 3579/8966 3572/8976
f 3457/8920 3517/8926 3678/8921
vt 0.01570 0.97744
f 3523/8835 3567/8977 3543/8762
vt 0.05069 0.66498
f 3464/8815 3625/8978 3597/8725
f 3309/8255 3305/8064 3618/8948
vt 0.81616 0.07190
f 3432/8789 3562/8538 3640/8979
vt 0.81436 0.07138
f 3432/8789 3640/8979 3584/8980
vt 0.78996 0.07354
f 3459/8915 3472/8658 3586/8981
vt 0.97854 0.19087
vt 0.97907 0.18988
vt 0.97910 0.19101
f 3480/8982 3521/8983 3585/8984
vt 0.76680 0.30112
f 3560/8933 3558/8985 3518/8593
vt 0.76649 0.29802
f 3563/8954 3501/8698 3530/8986
vt 0.98019 0.93302
vt 0.97986 0.93212
vt 0.98073 0.93247
f 3480/8987 3528/8988 3521/8989
vt 0.16423 0.70341
f 3462/8819 3510/8990 3454/8916
vt 0.23351 0.56393
f 3505/8646 3572/8895 3609/8991
f 3340/8346 3712/8947 3800/8633
vt 0.32480 0.33225
f 3581/8801 3663/8992 3529/8479
vt 0.34957 0.32782
f 3374/8634 3698/8993 3370/8063
f 3522/8567 3405/8123 3615/8884
f 3501/8698 3518/8593 3530/8986
vt 0.39293 0.32038
f 3493/8664 3656/8994 3508/8796
vt 0.81683 0.45237
f 3511/8973 3643/8975 3603/8995
vt 0.96229 0.26515
vt 0.96143 0.26531
f 3427/8887 3535/8996 3524/8997
vt 0.98382 0.39301
vt 0.98376 0.39439
vt 0.98343 0.39354
f 3532/8998 3587/8999 3448/9000
f 3511/8973 3603/8995 3504/8965
f 3518/8593 3558/8985 3530/8986
vt 0.96501 0.18075
vt 0.96387 0.18038
vt 0.96544 0.18028
f 3519/9001 3525/9002 3557/9003
vt 0.82001 0.45784
vt 0.81799 0.45729
f 3571/8974 3519/9004 3669/9005
f 3504/8965 3603/8995 3579/8966
vt 0.37987 0.32345
f 3447/8019 3479/8354 3764/9006
vt 0.76746 0.29299
f 3520/8927 3538/8903 3553/9007
vt 0.76734 0.30370
f 3560/8933 3451/8799 3614/9008
vt 0.66320 0.70899
f 3483/8894 3599/8738 3526/9009
vt 0.66207 0.71051
f 3483/8894 3635/9010 3599/8738
vt 0.91955 0.57815
vt 0.92031 0.57704
vt 0.92028 0.57905
f 3523/9011 3626/9012 3567/9013
vt 0.86482 0.21711
f 3478/8765 3553/9014 3550/8888
f 3478/8765 3383/8459 3553/9014
vt 0.96196 0.26584
f 3535/8996 3565/9015 3524/8997
vt 0.85823 0.03429
f 3570/8754 3605/8822 3542/9016
vt 0.27941 0.41039
f 3477/8333 3474/9017 3713/8878
vt 0.76632 0.29352
f 3538/8903 3563/8954 3550/9018
vt 0.90669 0.03953
f 3500/8813 3443/8890 3686/9019
vt 0.70640 0.39291
vt 0.70363 0.39302
vt 0.70659 0.39116
f 3550/9020 3797/9021 3625/9022
vt 0.85781 0.06316
f 3379/8531 3648/8858 3388/9023
vt 0.96171 0.26613
f 3524/8997 3565/9015 3562/9024
vt 0.48180 0.43490
f 3415/8492 3509/8574 3574/9025
vt 0.48019 0.43415
f 3415/8492 3574/9025 3494/9026
vt 0.96831 0.44764
f 3444/8943 3554/8946 3592/9027
vt 0.97395 0.81159
vt 0.97401 0.81019
vt 0.97468 0.81171
f 3541/9028 3514/9029 3462/9030
vt 0.88309 0.03423
vt 0.88371 0.03377
vt 0.88359 0.03554
f 3535/9031 3547/9032 3658/9033
f 3492/8797 3447/8019 3764/9006
vt 0.50527 0.97760
f 3515/8854 3556/8853 3626/9034
vt 0.35409 0.59932
f 3513/8794 3395/8683 3676/9035
vt 0.23108 0.55749
f 3435/8846 3498/8910 3549/9036
vt 0.88481 0.03462
f 3547/9032 3598/9037 3658/9033
vt 0.95290 0.19170
vt 0.95298 0.19305
f 3395/9038 3466/8731 3594/9039
vt 0.35475 0.59883
f 3395/8683 3594/9040 3676/9035
f 3483/8894 3622/8949 3635/9010
vt 0.74698 0.85462
f 3503/8521 3691/9041 3484/8855
vt 0.92006 0.58333
vt 0.92004 0.58474
vt 0.91933 0.58440
f 3468/9042 3582/9043 3526/9044
vt 0.97723 0.60088
vt 0.97727 0.59997
vt 0.97780 0.60072
f 3538/9045 3550/9046 3553/9047
vt 0.66201 0.70267
f 3543/8790 3671/9048 3556/8851
vt 0.79090 0.07010
f 3433/8827 3670/9049 3475/8745
vt 0.38616 0.32309
f 3479/8354 3613/8269 3837/9050
vt 0.70605 0.40106
vt 0.70565 0.40280
vt 0.70417 0.40116
f 3558/9051 3560/9052 3738/9053
vt 0.97484 0.81021
f 3514/9029 3566/9054 3462/9030
vt 0.66332 0.69484
vt 0.66230 0.69590
f 3541/9055 3536/8648 3592/9056
vt 0.34249 0.59859
vt 0.34170 0.59734
f 3490/8755 3679/9057 3528/9058
vt 0.91917 0.58210
vt 0.91911 0.57992
vt 0.91998 0.58259
f 3544/9059 3552/9060 3468/9061
vt 0.99138 0.07904
vt 0.99170 0.07929
vt 0.99138 0.07948
f 3535/9062 3658/9063 3565/9064
vt 0.66312 0.69328
f 3541/9055 3592/9056 3514/9065
vt 0.82400 0.93001
vt 0.82236 0.93006
vt 0.82223 0.92916
f 3533/9066 3642/9067 3620/9068
vt 0.82423 0.92901
f 3533/9066 3620/9068 3537/9069
vt 0.91937 0.57880
f 3543/9070 3567/9013 3552/9060
vt 0.55602 0.21566
f 3577/8784 3631/8693 3714/9071
vt 0.81631 0.44817
f 3572/8976 3579/8966 3649/9072
vt 0.03152 0.83102
f 3548/8614 3757/9073 3612/8845
vt 0.91970 0.57537
vt 0.91934 0.57262
vt 0.92044 0.57317
f 3555/9074 3554/9075 3644/9076
vt 0.66342 0.69981
vt 0.66211 0.70005
vt 0.66302 0.69706
f 3555/9077 3606/9078 3554/9079
vt 0.34068 0.59921
vt 0.33989 0.59719
f 3528/9058 3639/9080 3521/9081
vt 0.92034 0.58156
f 3552/9060 3567/9013 3601/9082
f 3552/9060 3601/9082 3468/9061
vt 0.82549 0.51688
f 3456/8602 3667/9083 3679/8821
vt 0.93517 0.52251
f 3678/8921 3670/9084 3433/8922
f 3503/8521 3573/8717 3691/9041
f 3555/9077 3556/8851 3606/9078
vt 0.91931 0.57675
f 3556/9085 3555/9074 3626/9012
vt 0.76656 0.30765
f 3507/8747 3761/9086 3591/8678
f 3435/8846 3549/9036 3651/8826
f 3533/9066 3497/8850 3642/9067
vt 0.58823 0.85396
f 3539/8670 3624/9087 3619/8917
f 3548/8614 3559/8721 3757/9073
vt 0.42453 0.50132
f 3630/8867 3656/9088 3493/8681
vt 0.16479 0.70099
vt 0.16496 0.70288
f 3462/8819 3611/9089 3690/9090
f 3462/8819 3690/9090 3510/8990
vt 0.70595 0.39806
f 3558/9051 3738/9053 3530/9091
vt 0.33719 0.59899
f 3525/8919 3585/8786 3688/9092
f 3443/8697 3512/8443 3715/8950
vt 0.92017 0.57186
f 3554/9075 3510/9093 3644/9076
vt 0.33926 0.33099
f 3561/8635 3743/9094 3465/8481
f 3305/8064 3621/8573 3618/8948
vt 0.16198 0.93514
f 3415/8568 3494/9095 3532/8631
vt 0.96486 0.17939
f 3525/9002 3595/9096 3557/9003
vt 0.84019 0.31185
f 3489/8881 3481/8880 3600/9097
vt 0.85674 0.06289
f 3388/9023 3648/8858 3724/9098
vt 0.70573 0.39485
f 3550/9020 3563/9099 3797/9021
vt 0.82008 0.46033
vt 0.81894 0.45951
f 3519/9004 3557/9100 3595/9101
f 3519/9004 3595/9101 3669/9005
vt 0.04172 0.67279
f 3569/8445 3449/8632 3568/9102
vt 0.03772 0.67449
f 3514/8756 3616/9103 3648/8859
vt 0.66203 0.69321
f 3514/9065 3592/9056 3616/9104
vt 0.35605 0.59993
f 3466/8526 3388/8666 3576/9105
vt 0.22738 0.54948
f 3443/8697 3715/8950 3686/9106
vt 0.36077 0.32754
f 3621/8573 3779/9107 3618/8948
vt 0.35259 0.60186
f 3513/8794 3793/9108 3617/8871
f 3571/8974 3669/9005 3643/8975
vt 0.93515 0.52011
f 3517/8926 3660/9109 3678/8921
vt 0.86050 0.03411
f 3489/8718 3600/9110 3605/8822
vt 0.92048 0.57479
f 3555/9074 3644/9076 3636/9111
vt 0.85611 0.03463
f 3570/8754 3677/9112 3491/8899
vt 0.66268 0.70421
f 3552/9113 3544/8807 3646/8932
vt 0.16134 0.93520
f 3532/8631 3494/9095 3682/9114
vt 0.16121 0.93531
vt 0.16063 0.93500
f 3532/8631 3682/9115 3587/9116
vt 0.85118 0.04158
vt 0.85088 0.04209
f 3448/8798 3593/9117 3602/9118
vt 0.98334 0.39391
f 3448/9000 3587/8999 3593/9119
f 3552/9113 3671/9048 3543/8790
vt 0.93136 0.21331
f 3502/8862 3610/9120 3598/8963
f 3555/9074 3636/9111 3626/9012
vt 0.90474 0.03804
f 3540/8896 3500/8813 3527/9121
vt 0.35505 0.73128
f 3507/8727 3578/8955 3761/9122
vt 0.94926 0.81505
vt 0.94699 0.81426
vt 0.94824 0.81347
f 3537/9123 3680/9124 3517/9125
vt 0.59026 0.85458
f 3506/8781 3545/8913 3710/9126
vt 0.78973 0.51809
f 3470/8751 3577/8912 3683/9127
vt 0.04539 0.67190
f 3449/8632 3597/8725 3846/9128
vt 0.84982 0.04227
f 3448/8798 3602/9118 3662/9129
f 3448/8798 3662/9129 3463/8823
vt 0.35324 0.32961
f 3431/8065 3720/9130 3374/8634
vt 0.56912 0.22303
f 3373/8532 3432/8588 3672/9131
vt 0.36482 0.72844
f 3582/8956 3583/9132 3534/8868
vt 0.58897 0.85350
f 3539/8670 3506/9133 3624/9087
f 3451/8799 3591/8678 3614/9008
vt 0.35581 0.59916
f 3466/8526 3576/9105 3594/9134
vt 0.97520 0.81073
f 3462/9030 3566/9054 3611/9135
vt 0.70302 0.39712
f 3563/9099 3530/9091 3756/9136
f 3528/9058 3679/9057 3639/9080
f 3370/8063 3698/8993 3596/8720
vt 0.36317 0.73152
f 3534/8868 3583/9132 3647/9137
f 3423/8444 3531/8905 3590/8962
vt 0.85250 0.04190
vt 0.85296 0.04264
vt 0.85179 0.04220
f 3494/9138 3574/9139 3593/9140
vt 0.35619 0.32861
f 3431/8065 3853/9141 3720/9130
vt 0.03944 0.67300
f 3566/8557 3569/8445 3611/9142
f 3502/8862 3527/8940 3610/9120
vt 0.29412 0.41253
f 3430/8369 3704/9143 3473/8235
vt 0.23399 0.56367
vt 0.23287 0.56168
f 3609/9144 3608/9145 3505/8646
vt 0.95241 0.10995
vt 0.95221 0.11109
vt 0.95084 0.10951
f 3586/9146 3706/9147 3497/9148
vt 0.84778 0.04231
vt 0.84729 0.04235
f 3463/8823 3607/9149 3499/9150
vt 0.82661 0.51674
f 3456/8602 3575/9151 3667/9083
vt 0.23235 0.56028
f 3498/8910 3505/8646 3608/9152
vt 0.78861 0.07208
f 3586/8981 3472/8658 3706/9153
vt 0.98340 0.39445
f 3593/9119 3587/8999 3623/9154
vt 0.96600 0.33211
vt 0.96642 0.33074
vt 0.96714 0.33195
f 3521/9155 3639/9156 3585/9157
vt 0.17468 0.78030
vt 0.17600 0.77785
vt 0.17630 0.77966
f 3499/9158 3771/9159 3564/9160
vt 0.16133 0.93539
f 3494/9095 3593/9161 3682/9114
vt 0.66167 0.70954
f 3599/8738 3635/9010 3641/9162
vt 0.66190 0.69756
f 3554/9079 3606/9078 3628/9163
f 3554/9079 3628/9163 3592/9056
vt 0.58938 0.85466
f 3506/8781 3710/9126 3624/9164
vt 0.48311 0.43815
f 3509/8574 3551/8941 3805/9165
vt 0.48232 0.43651
f 3509/8574 3805/9165 3589/9166
vt 0.96405 0.17869
f 3525/9002 3688/9167 3595/9096
vt 0.70418 0.40368
f 3560/9052 3614/9168 3738/9053
vt 0.81767 0.07139
f 3562/8538 3565/9169 3640/8979
vt 0.55944 0.21743
f 3496/8359 3728/8622 3629/9170
vt 0.90566 0.03976
f 3686/9019 3610/9171 3500/8813
vt 0.66187 0.70441
f 3646/8932 3664/9172 3552/9113
f 3552/9113 3664/9172 3671/9048
vt 0.49969 0.05176
f 3470/8709 3683/9173 3474/8898
f 3496/8359 3629/9170 3631/8693
vt 0.97594 0.59757
vt 0.97645 0.59731
vt 0.97670 0.59761
f 3593/9174 3623/9175 3682/9176
f 3473/8235 3704/9143 3516/8969
vt 0.05082 0.66949
f 3625/8978 3782/9177 3597/8725
vt 0.29937 0.41380
f 3516/8969 3699/9178 3559/8757
f 3509/8574 3589/9166 3574/9025
vt 0.36121 0.73115
f 3578/8955 3488/8491 3740/9179
vt 0.74577 0.85492
f 3484/8855 3691/9041 3661/9180
vt 0.16420 0.71482
vt 0.16510 0.71493
vt 0.16441 0.71681
f 3468/9181 3632/9182 3582/9183
f 3530/9091 3738/9053 3756/9136
f 3563/9099 3756/9136 3797/9021
vt 0.78590 0.51587
vt 0.78785 0.51526
f 3577/8912 3714/9184 3775/9185
vt 0.16480 0.71304
f 3468/9181 3601/9186 3632/9182
vt 0.61089 0.62778
vt 0.61020 0.62710
vt 0.61098 0.62536
f 3592/9187 3645/9188 3616/9189
vt 0.35091 0.59837
vt 0.35080 0.59909
f 3481/9190 3617/8871 3730/9191
f 3488/8491 3534/8868 3740/9179
vt 0.85202 0.04303
f 3593/9140 3574/9139 3602/9192
vt 0.16426 0.70901
vt 0.16523 0.71017
vt 0.16422 0.71096
f 3626/9193 3711/9194 3567/9195
vt 0.33873 0.60019
f 3585/8786 3653/9196 3688/9092
vt 0.85221 0.04378
f 3574/9139 3604/9197 3602/9192
f 3527/9121 3500/8813 3610/9171
vt 0.97886 0.28426
vt 0.97871 0.28518
vt 0.97854 0.28441
f 3481/9198 3730/9199 3600/9200
f 3449/8632 3846/9128 3568/9102
vt 0.84357 0.27785
vt 0.84255 0.27730
vt 0.84512 0.27703
f 3575/9201 3590/9202 3667/9203
vt 0.17392 0.77887
f 3499/9158 3607/9204 3771/9159
vt 0.33162 0.33313
f 3522/8567 3769/9205 3581/8801
f 3479/8354 3837/9050 3764/9006
f 3569/8445 3568/9102 3611/9142
f 3513/8794 3676/9035 3793/9108
f 3431/8065 3618/8948 3853/9141
vt 0.66179 0.69718
f 3628/9163 3659/9206 3592/9056
vt 0.95052 0.11151
f 3706/9147 3689/9207 3497/9148
vt 0.57683 0.92986
vt 0.57837 0.92910
vt 0.57792 0.93057
f 3517/9208 3680/9209 3660/9210
f 3577/8912 3775/9185 3683/9127
f 3567/9195 3711/9194 3601/9186
vt 0.34833 0.33061
f 3596/8720 3938/9211 3561/8635
vt 0.60977 0.62864
f 3592/9187 3659/9212 3645/9188
vt 0.81554 0.07316
f 3584/8980 3640/8979 3749/9213
vt 0.70316 0.40449
f 3738/9053 3614/9168 3668/9214
vt 0.78595 0.07374
f 3472/8658 3484/8882 3661/9215
vt 0.23745 0.97664
vt 0.23640 0.97648
vt 0.23678 0.97545
f 3594/9216 3634/9217 3676/9218
vt 0.95296 0.12002
vt 0.95387 0.11881
vt 0.95468 0.12094
f 3549/9219 3498/9220 3655/9221
vt 0.04887 0.67074
f 3597/8725 3864/9222 3846/9128
vt 0.84821 0.17541
vt 0.84847 0.17210
vt 0.84962 0.17262
f 3619/9223 3624/9224 3693/9225
vt 0.94723 0.81626
f 3537/9123 3620/9226 3680/9124
vt 0.86080 0.42198
vt 0.86035 0.42368
vt 0.85919 0.42185
f 3600/9227 3692/9228 3605/9229
vt 0.95497 0.11837
vt 0.95485 0.11969
f 3608/9230 3685/9231 3498/9220
vt 0.17053 0.77950
vt 0.17029 0.77898
vt 0.17201 0.77870
f 3602/9232 3623/9233 3662/9234
vt 0.60891 0.64078
vt 0.60817 0.64148
vt 0.60866 0.63952
f 3599/9235 3641/9236 3646/9237
vt 0.16553 0.70223
f 3611/9089 3645/9238 3690/9090
vt 0.16548 0.71584
f 3582/9183 3632/9182 3657/9239
vt 0.81736 0.45848
f 3669/9005 3595/9101 3688/9240
vt 0.78697 0.07131
f 3472/8658 3789/9241 3706/9153
vt 0.85319 0.04392
f 3574/9139 3589/9242 3604/9197
f 3498/9220 3685/9231 3655/9221
vt 0.16560 0.70079
f 3611/9089 3654/9243 3645/9238
vt 0.57202 0.22232
f 3432/8588 3584/9244 3672/9131
vt 0.94992 0.11021
f 3497/9148 3689/9207 3642/9245
vt 0.16570 0.70898
f 3626/9193 3666/9246 3711/9194
f 3430/8369 3701/8800 3704/9143
vt 0.28733 0.41145
f 3580/8863 3695/9247 3701/8800
vt 0.23404 0.56747
f 3572/8895 3649/9248 3609/8991
vt 0.38978 0.32285
f 3613/8269 3838/9249 3837/9050
f 3698/8993 3938/9211 3596/8720
f 3529/8479 3663/8992 3712/8947
vt 0.48116 0.43718
f 3589/9166 3805/9165 3696/9250
vt 0.17309 0.77952
f 3463/9251 3662/9234 3607/9204
vt 0.60909 0.63399
vt 0.60884 0.63625
vt 0.60859 0.63491
f 3671/9252 3664/9253 3627/9254
vt 0.16490 0.70406
f 3510/8990 3690/9090 3644/9255
vt 0.60971 0.63357
vt 0.61019 0.63205
f 3556/9256 3671/9252 3606/9257
f 3472/8658 3661/9215 3789/9241
vt 0.03404 0.83263
f 3559/8721 3699/9258 3757/9073
vt 0.35521 0.59942
vt 0.35464 0.60024
f 3594/9259 3576/9105 3634/9260
f 3613/8269 3508/8796 3838/9249
f 3615/8884 3769/9205 3522/8567
vt 0.16579 0.70448
vt 0.16538 0.70649
f 3644/9255 3659/9261 3636/9262
vt 0.17058 0.77846
f 3623/9233 3587/9263 3662/9234
vt 0.76627 0.30487
f 3614/9008 3591/8678 3668/9264
vt 0.16467 0.71736
vt 0.16582 0.71697
f 3583/9265 3582/9183 3641/9266
vt 0.36632 0.72894
vt 0.36602 0.73033
f 3583/9132 3641/9267 3768/9268
f 3582/9183 3657/9239 3641/9266
vt 0.85945 0.96052
vt 0.85964 0.96155
vt 0.85899 0.96231
f 3623/9269 3602/9270 3604/9271
vt 0.85840 0.96141
f 3623/9269 3604/9271 3736/9272
vt 0.85906 0.96020
f 3623/9269 3736/9272 3682/9273
vt 0.23169 0.56241
vt 0.23148 0.56066
f 3608/9145 3719/9274 3685/9275
vt 0.61015 0.62684
vt 0.61032 0.62539
f 3616/9189 3645/9276 3654/9277
vt 0.61606 0.44884
f 3619/8803 3707/9278 3531/8906
vt 0.36282 0.73014
f 3534/8868 3647/9279 3740/9179
vt 0.88573 0.03492
vt 0.88513 0.03662
f 3598/9037 3610/9280 3818/9281
f 3598/9037 3818/9281 3658/9033
vt 0.26126 0.84825
vt 0.26124 0.84915
vt 0.25918 0.84789
f 3588/9282 3709/9283 3573/9284
vt 0.60794 0.64023
f 3646/9237 3641/9236 3657/9285
vt 0.16988 0.77821
vt 0.17040 0.77677
f 3587/9263 3682/9286 3702/9287
vt 0.61026 0.62961
vt 0.60946 0.63068
f 3628/9288 3606/9257 3636/9289
f 3628/9288 3636/9289 3659/9212
f 3626/9193 3636/9262 3666/9246
vt 0.60813 0.63833
f 3646/9237 3687/9290 3664/9253
vt 0.98742 0.45035
vt 0.98791 0.45081
vt 0.98743 0.45092
f 3645/9291 3659/9292 3733/9293
vt 0.17427 0.77755
f 3771/9159 3607/9204 3848/9294
vt 0.16584 0.71392
f 3601/9186 3687/9295 3632/9182
vt 0.85676 0.06124
vt 0.85546 0.06153
vt 0.85658 0.05933
f 3724/9296 3648/9297 3774/9298
vt 0.88210 0.03620
vt 0.88233 0.03706
f 3565/9299 3658/9033 3650/9300
vt 0.23255 0.56617
f 3609/8991 3649/9248 3725/9301
vt 0.81725 0.07318
f 3565/9169 3665/9302 3640/8979
vt 0.81791 0.07219
f 3565/9169 3650/9303 3665/9302
vt 0.03899 0.67414
f 3611/9142 3568/9102 3654/9304
vt 0.96709 0.32987
f 3585/9157 3639/9156 3723/9305
vt 0.49864 0.05550
f 3474/8898 3683/9173 3803/9306
vt 0.02950 0.83120
f 3612/8845 3757/9073 3722/9307
vt 0.88312 0.03826
f 3658/9033 3729/9308 3650/9300
vt 0.31070 0.33661
f 3905/8935 3731/9309 3637/8488
vt 0.81426 0.45326
f 3643/8975 3652/9310 3603/8995
vt 0.42350 0.49823
f 3630/8867 3823/9311 3656/9088
vt 0.86551 0.83379
vt 0.86654 0.83450
vt 0.86562 0.83511
f 3608/9312 3609/9313 3719/9314
vt 0.86191 0.83213
vt 0.86290 0.83307
vt 0.86228 0.83444
f 3655/9315 3685/9316 3744/9317
f 3374/8634 3720/9130 3698/8993
vt 0.85746 0.42110
vt 0.85825 0.42175
vt 0.85651 0.42194
f 3570/9318 3542/9319 3677/9320
vt 0.97339 0.34195
vt 0.97317 0.34337
vt 0.97225 0.34238
f 3645/9321 3748/9322 3690/9323
vt 0.25754 0.84859
f 3573/9284 3709/9283 3691/9324
vt 0.81505 0.44989
f 3579/8966 3716/9325 3649/9072
vt 0.17352 0.77609
f 3662/9234 3843/9326 3607/9204
vt 0.16591 0.71068
f 3711/9194 3627/9327 3601/9186
vt 0.35686 0.60187
f 3388/8666 3724/9328 3576/9105
vt 0.60887 0.63309
f 3636/9289 3606/9257 3666/9329
vt 0.79122 0.06739
f 3475/8745 3710/9330 3545/8942
f 3579/8966 3603/8995 3716/9325
vt 0.16577 0.71234
f 3601/9186 3664/9331 3687/9295
f 3591/8678 3761/9086 3668/9264
f 3606/9257 3671/9252 3666/9329
vt 0.96829 0.79925
vt 0.96816 0.79782
vt 0.96946 0.79897
f 3642/9332 3675/9333 3620/9334
f 3601/9186 3627/9327 3664/9331
vt 0.39180 0.32284
f 3508/8796 3841/9335 3838/9249
vt 0.62478 0.45156
f 3588/8810 3491/8909 3709/9336
vt 0.96949 0.50868
vt 0.96852 0.50987
vt 0.96840 0.50864
f 3644/9337 3733/9338 3659/9339
vt 0.96948 0.51003
f 3644/9337 3703/9340 3733/9338
vt 0.60919 0.62814
vt 0.60923 0.62700
f 3645/9188 3733/9341 3748/9342
vt 0.70290 0.39075
f 3797/9021 3782/9343 3625/9022
vt 0.04141 0.67521
f 3654/9304 3568/9102 3825/9344
vt 0.97037 0.42350
vt 0.97090 0.42415
vt 0.97024 0.42502
f 3646/9345 3657/9346 3783/9347
vt 0.33724 0.60080
f 3653/9196 3739/9348 3688/9092
vt 0.61453 0.71082
vt 0.61603 0.71139
vt 0.61412 0.71165
f 3690/9349 3703/9350 3644/9351
vt 0.37569 0.32817
f 3492/8797 3764/9006 3962/9352
vt 0.83995 0.27787
vt 0.83979 0.27579
f 3531/9353 3707/9354 3590/9202
vt 0.35087 0.60113
vt 0.35049 0.60010
f 3617/8871 3674/9355 3730/9356
f 3587/9263 3702/9287 3662/9234
f 3630/8867 3612/8866 3823/9311
vt 0.35375 0.60263
f 3676/9035 3833/9357 3793/9108
vt 0.88470 0.03913
f 3658/9033 3726/9358 3729/9308
vt 0.52963 0.96261
vt 0.52850 0.96203
vt 0.52934 0.96085
f 3642/9359 3689/9360 3675/9361
f 3617/8871 3793/9108 3674/9355
f 3658/9033 3818/9281 3726/9358
vt 0.34032 0.60004
f 3585/8786 3723/9362 3653/9196
vt 0.57895 0.93035
f 3660/9210 3680/9209 3675/9363
f 3640/8979 3665/9302 3749/9213
f 3615/8884 3465/8481 3743/9094
vt 0.70029 0.40249
f 3738/9053 3668/9214 3913/9364
vt 0.42336 0.97750
vt 0.42317 0.97680
vt 0.42422 0.97660
f 3589/9365 3696/9366 3604/9367
f 3618/8948 3779/9107 3853/9141
vt 0.36519 0.32844
f 3621/8573 3900/8816 3836/9368
f 3508/8796 3656/8994 3841/9335
vt 0.36492 0.73184
f 3647/9137 3583/9132 3826/9369
f 3583/9132 3768/9268 3826/9369
vt 0.23054 0.55825
vt 0.23029 0.55856
f 3549/9370 3655/9371 3651/8826
vt 0.52870 0.96047
vt 0.52963 0.95995
f 3675/9361 3721/9372 3660/9373
f 3621/8573 3836/9368 3779/9107
vt 0.57060 0.22294
vt 0.57000 0.22466
f 3584/9374 3732/9375 3672/9131
vt 0.60711 0.63937
vt 0.60742 0.63870
f 3646/9237 3783/9376 3687/9377
vt 0.96177 0.63081
vt 0.96114 0.63011
vt 0.96190 0.62999
f 3584/9378 3749/9379 3732/9380
vt 0.97134 0.42414
vt 0.97145 0.42495
f 3632/9381 3766/9382 3657/9346
vt 0.22626 0.55219
f 3686/9106 3715/8950 3681/9383
vt 0.84822 0.17164
vt 0.84899 0.16960
vt 0.84985 0.17183
f 3624/9384 3710/9385 3693/9386
vt 0.60841 0.64237
vt 0.60663 0.64179
f 3641/9236 3635/9387 3768/9388
vt 0.97395 0.82532
vt 0.97465 0.82546
vt 0.97388 0.82627
f 3632/9389 3687/9390 3766/9391
vt 0.84733 0.27776
vt 0.84852 0.27521
vt 0.84886 0.27651
f 3607/9392 3843/9393 3848/9394
vt 0.03313 0.83421
f 3757/9073 3699/9258 3808/9395
vt 0.30933 0.33678
f 3551/8774 3637/8488 3805/9396
vt 0.95181 0.11251
f 3706/9147 3705/9397 3689/9207
vt 0.28536 0.40868
f 3580/8863 3713/8878 3891/9398
vt 0.86093 0.42325
f 3600/9227 3730/9399 3692/9228
vt 0.86766 0.83601
f 3609/9313 3725/9400 3719/9314
vt 0.96914 0.79725
f 3620/9334 3675/9333 3680/9401
vt 0.85084 0.17555
f 3693/9225 3718/9402 3619/9223
vt 0.32413 0.33554
f 3663/8992 3694/9403 3712/8947
vt 0.57894 0.93305
vt 0.57767 0.93182
vt 0.58016 0.93242
f 3670/9404 3678/9405 3705/9406
f 3605/9229 3692/9228 3542/9319
vt 0.84505 0.27524
f 3667/9203 3590/9202 3727/9407
vt 0.57981 0.93100
f 3678/9405 3721/9408 3705/9406
vt 0.61438 0.71812
vt 0.61449 0.71723
vt 0.61635 0.71771
f 3711/9409 3666/9410 3830/9411
f 3597/8725 3782/9177 3864/9222
f 3373/8532 3672/9131 3633/8685
vt 0.85485 0.42160
vt 0.85505 0.42341
f 3491/9412 3677/9320 3776/9413
vt 0.03892 0.67752
f 3616/9103 3868/9414 3648/8859
vt 0.81426 0.45188
f 3603/8995 3784/9415 3716/9325
vt 0.85761 0.42456
f 3677/9320 3542/9319 3809/9416
vt 0.49658 0.05428
f 3474/8898 3803/9306 3673/9417
vt 0.50016 0.05443
f 3683/9173 3697/9418 3803/9306
vt 0.97040 0.67555
vt 0.97104 0.67583
vt 0.97010 0.67672
f 3627/9419 3711/9420 3734/9421
vt 0.97009 0.67585
f 3627/9419 3734/9421 3671/9422
vt 0.37307 0.32644
f 3638/8480 3546/8474 3821/9423
f 3638/8480 3821/9423 3900/8816
vt 0.24660 0.74759
f 3564/8911 3771/9424 3622/8904
vt 0.85500 0.05866
f 3648/9297 3868/9425 3774/9298
f 3660/9210 3721/9408 3678/9405
vt 0.28734 0.40994
vt 0.29074 0.40939
f 3695/9247 3708/9426 3785/9427
vt 0.96629 0.36780
vt 0.96682 0.36766
vt 0.96670 0.36888
f 3679/9428 3667/9429 3727/9430
vt 0.96612 0.36917
f 3679/9428 3727/9430 3760/9431
vt 0.17157 0.77654
f 3662/9234 3762/9432 3843/9326
vt 0.97460 0.53550
vt 0.97513 0.53615
vt 0.97433 0.53703
f 3666/9433 3671/9434 3772/9435
vt 0.34326 0.60066
vt 0.34091 0.60119
f 3679/9057 3760/9436 3700/9437
f 3679/9057 3700/9437 3639/9080
vt 0.48161 0.43838
f 3696/9250 3805/9165 3812/9438
f 3708/9426 3695/9247 3891/9398
vt 0.03976 0.67559
f 3616/9103 3654/9304 3745/9439
vt 0.78949 0.06827
f 3670/9049 3792/9440 3475/8745
vt 0.78903 0.07065
f 3670/9049 3705/9441 3792/9440
f 3695/9247 3785/9427 3701/8800
vt 0.60778 0.64366
vt 0.60625 0.64284
f 3635/9387 3622/9442 3753/9443
f 3635/9387 3753/9443 3768/9388
f 3616/9103 3745/9439 3868/9414
f 3695/9247 3580/8863 3891/9398
f 3603/8995 3652/9310 3784/9415
vt 0.45275 0.92924
vt 0.45398 0.92934
vt 0.45211 0.93049
f 3650/9444 3729/9445 3665/9446
vt 0.81484 0.45568
f 3643/8975 3669/9005 3787/9447
vt 0.23342 0.56894
f 3649/9248 3716/9448 3725/9301
f 3637/8488 3731/9309 3805/9396
vt 0.42340 0.97565
f 3604/9367 3696/9366 3736/9449
vt 0.22477 0.54988
f 3686/9106 3681/9383 3750/9450
f 3675/9361 3689/9360 3721/9372
vt 0.27983 0.40638
f 3474/9017 3673/9451 3713/8878
vt 0.98153 0.56943
vt 0.98106 0.56971
vt 0.98130 0.56915
f 3676/9452 3634/9453 3833/9454
f 3631/8693 3629/9170 3714/9071
vt 0.16953 0.77783
vt 0.16871 0.77770
vt 0.16883 0.77628
f 3682/9455 3736/9456 3765/9457
vt 0.29659 0.41188
f 3704/9143 3751/9458 3516/8969
vt 0.34071 0.60024
f 3639/9080 3700/9437 3723/9459
vt 0.62497 0.45254
f 3491/8909 3776/9460 3709/9336
vt 0.61707 0.44956
f 3619/8803 3718/9461 3707/9278
vt 0.81629 0.45832
f 3688/9240 3739/9462 3669/9005
vt 0.22378 0.54750
vt 0.22677 0.54819
f 3686/9106 3818/9463 3610/9464
vt 0.78964 0.51539
f 3683/9127 3775/9185 3697/9465
vt 0.96190 0.62865
f 3732/9380 3749/9379 3746/9466
vt 0.29466 0.41078
f 3704/9143 3752/9467 3751/9458
f 3492/8797 3962/9352 3546/8474
vt 0.98505 0.98618
vt 0.98523 0.98543
vt 0.98565 0.98617
f 3705/9468 3721/9469 3689/9470
vt 0.85952 0.42578
f 3692/9228 3880/9471 3542/9319
vt 0.28832 0.40653
f 3708/9426 3924/9472 3785/9427
vt 0.97201 0.34382
f 3690/9323 3748/9322 3703/9473
f 3701/8800 3785/9427 3704/9143
vt 0.97388 0.53627
f 3830/9474 3666/9433 3772/9435
vt 0.86661 0.83708
f 3725/9400 3794/9475 3719/9314
vt 0.29837 0.41194
f 3516/8969 3751/9458 3735/9476
vt 0.97420 0.82717
f 3766/9391 3687/9390 3773/9477
vt 0.85197 0.17371
f 3693/9225 3835/9478 3718/9402
f 3516/8969 3735/9476 3699/9178
vt 0.42078 0.49808
f 3612/8866 3722/9479 3823/9311
f 3475/8745 3792/9440 3710/9330
f 3542/9319 3880/9471 3809/9416
vt 0.60750 0.63416
vt 0.60781 0.63334
f 3671/9252 3734/9480 3772/9481
vt 0.22790 0.55764
f 3655/9371 3795/9482 3651/8826
f 3682/9455 3765/9457 3702/9287
vt 0.85045 0.17143
f 3710/9385 3741/9483 3693/9386
vt 0.85223 0.16947
f 3710/9385 3867/9484 3741/9483
vt 0.29267 0.40918
f 3785/9427 3747/9485 3704/9143
f 3654/9304 3825/9344 3745/9439
vt 0.81560 0.45812
f 3669/9005 3739/9486 3787/9447
vt 0.32812 0.33686
f 3663/8992 3581/8801 4017/9487
vt 0.33742 0.33386
f 3743/9094 3755/9488 3615/8884
vt 0.35927 0.73443
f 3740/9179 3822/9489 3578/8955
vt 0.28279 0.40682
f 3891/9398 3713/8878 3799/9490
vt 0.24542 0.74859
f 3622/8904 3771/9424 3753/9491
vt 0.60830 0.62716
f 3733/9341 3786/9492 3748/9342
vt 0.98269 0.83934
vt 0.98213 0.84010
vt 0.98242 0.83893
f 3702/9493 3762/9494 3662/9495
vt 0.23078 0.55922
vt 0.22942 0.56110
vt 0.22815 0.55854
f 3655/9496 3744/9497 3795/9498
vt 0.56174 0.22134
f 3728/8622 3717/9499 3629/9170
vt 0.35445 0.60281
f 3576/9105 3887/9500 3634/9260
vt 0.25812 0.85085
f 3691/9324 3709/9283 3737/9501
vt 0.22659 0.55597
f 3715/8950 3651/8826 3849/9502
vt 0.97059 0.67758
f 3734/9421 3711/9420 3781/9503
vt 0.70238 0.40768
vt 0.69973 0.40525
f 3668/9214 3761/9504 3954/9505
f 3643/8975 3787/9447 3652/9310
vt 0.25523 0.84899
f 3661/9506 3691/9324 3737/9501
vt 0.28730 0.40984
f 3708/9507 3891/9398 3924/9472
vt 0.42473 0.49805
f 3656/9088 3823/9311 3841/9508
vt 0.26110 0.85150
f 3709/9283 3813/9509 3737/9501
vt 0.34279 0.60185
f 3700/9437 3760/9436 3820/9510
f 3704/9143 3747/9485 3752/9467
vt 0.56521 0.22376
f 3672/9131 3790/9511 3633/8685
f 3686/9106 3750/9450 3818/9463
f 3615/8884 3755/9488 3769/9205
vt 0.85167 0.17213
f 3693/9225 3741/9512 3835/9478
vt 0.38188 0.32532
f 3837/9050 3684/9513 3764/9006
vt 0.04455 0.67495
f 3568/9102 3832/9514 3825/9344
f 3705/9441 3706/9153 3789/9241
f 3705/9441 3789/9241 3792/9440
f 3677/9320 3809/9416 3776/9413
f 3581/8801 3769/9205 4017/9487
vt 0.98992 0.76900
vt 0.98992 0.76988
vt 0.98970 0.76973
f 3685/9515 3814/9516 3744/9517
vt 0.62278 0.45267
f 3709/9336 3776/9460 3813/9518
f 3568/9102 3846/9128 3832/9514
vt 0.35033 0.60340
f 3674/9355 3793/9108 3819/9519
vt 0.97151 0.42566
vt 0.97079 0.42569
f 3657/9346 3766/9520 3777/9521
vt 0.56812 0.22429
f 3672/9131 3742/9522 3790/9511
vt 0.61507 0.70984
vt 0.61691 0.70991
f 3748/9523 3802/9524 3703/9350
vt 0.55630 0.22030
f 3714/9071 3629/9170 3754/9525
f 3546/8474 3962/9352 3821/9423
vt 0.84219 0.27271
f 3590/9202 3874/9526 3727/9407
vt 0.23219 0.56796
f 3725/9301 3716/9448 3794/9527
vt 0.69915 0.39536
f 3797/9021 3756/9136 3918/9528
f 3723/9362 3700/9437 3653/9196
vt 0.35594 0.73421
f 3578/8955 3890/9529 3761/9122
vt 0.88219 0.04027
f 3726/9358 3732/9530 3729/9308
vt 0.95993 0.50317
vt 0.95864 0.50292
vt 0.95875 0.50145
f 3747/9531 3816/9532 3758/9533
vt 0.86434 0.83635
f 3685/9316 3719/9314 3814/9534
f 3668/9214 3954/9505 3913/9364
vt 0.61488 0.70858
vt 0.61625 0.70836
f 3748/9523 3745/9535 3825/9536
vt 0.97132 0.71599
vt 0.97048 0.71631
vt 0.97085 0.71455
f 3748/9537 3786/9538 3745/9539
f 3748/9523 3825/9536 3802/9524
vt 0.94687 0.74925
vt 0.94748 0.74633
vt 0.94790 0.74911
f 3674/9540 3827/9541 3730/9542
vt 0.97510 0.82695
vt 0.97489 0.82731
f 3687/9390 3783/9543 3807/9544
f 3687/9390 3807/9544 3773/9477
f 3728/8622 3633/8685 3717/9499
f 3657/9346 3777/9521 3783/9347
vt 0.97141 0.67744
f 3830/9545 3781/9503 3711/9420
vt 0.96864 0.51061
f 3733/9338 3703/9340 3791/9546
f 3738/9053 3913/9364 3756/9136
vt 0.98069 0.62222
vt 0.97994 0.62233
vt 0.98039 0.62125
f 3634/9547 3887/9548 3833/9549
vt 0.56985 0.22449
f 3672/9131 3732/9550 3742/9522
vt 0.97025 0.71460
f 3745/9539 3786/9538 3828/9551
vt 0.99015 0.80182
vt 0.99050 0.80202
vt 0.99015 0.80231
f 3719/9552 3794/9553 3814/9554
vt 0.96806 0.51083
f 3733/9338 3791/9546 3786/9555
f 3713/8878 3673/9451 3799/9490
vt 0.25625 0.85262
f 3661/9506 3737/9501 3873/9556
vt 0.25512 0.85122
f 3661/9506 3873/9556 3759/9557
vt 0.96018 0.50170
f 3747/9531 3758/9533 3752/9558
vt 0.78575 0.07237
f 3789/9241 3661/9215 3759/9559
vt 0.47971 0.43762
vt 0.48086 0.43802
vt 0.48012 0.43905
f 3736/9560 3696/9561 3812/9562
vt 0.33726 0.60284
f 3739/9348 3653/9196 3886/9563
vt 0.31828 0.33921
f 3800/8633 3712/8947 4089/9564
vt 0.17004 0.77450
vt 0.17067 0.77574
f 3702/9287 3824/9565 3762/9566
vt 0.74769 0.87973
vt 0.74775 0.88101
vt 0.74703 0.88051
f 3681/9567 3810/9568 3750/9569
vt 0.88303 0.04155
f 3726/9358 3742/9570 3732/9530
vt 0.22490 0.55452
f 3715/8950 3849/9502 3763/9571
f 3715/8950 3763/9571 3681/9383
vt 0.94801 0.74718
f 3730/9542 3827/9541 3880/9572
vt 0.84165 0.31240
vt 0.84365 0.31348
vt 0.84242 0.31371
f 3730/9573 3880/9574 3692/9575
f 3663/8992 4017/9487 3694/9403
vt 0.61566 0.72283
vt 0.61692 0.72455
vt 0.61540 0.72400
f 3766/9576 3796/9577 3777/9578
vt 0.60489 0.64290
f 3753/9443 3767/9579 3768/9388
vt 0.61553 0.71644
vt 0.61674 0.71538
f 3772/9580 3801/9581 3830/9411
vt 0.22696 0.55983
f 3744/9497 3780/9582 3795/9498
vt 0.34766 0.33323
f 3938/9211 3770/9583 3561/8635
f 3698/8993 3720/9130 3938/9211
f 3578/8955 3822/9489 3890/9529
vt 0.55875 0.22196
f 3629/9170 3717/9499 3866/9584
vt 0.62219 0.45364
f 3813/9518 3776/9460 3842/9585
vt 0.03108 0.83361
f 3757/9073 3844/9586 3722/9307
vt 0.38404 0.32754
f 3837/9050 3992/9587 3684/9513
vt 0.45510 0.92932
vt 0.45474 0.93044
f 3729/9445 3732/9588 3746/9589
f 3707/9354 3874/9526 3590/9202
vt 0.61555 0.71250
f 3703/9350 3801/9581 3791/9590
vt 0.34123 0.60239
f 3700/9437 3820/9510 3903/9591
vt 0.61585 0.71474
f 3791/9590 3801/9581 3778/9592
vt 0.95955 0.10948
vt 0.95855 0.10890
vt 0.95947 0.10737
f 3772/9593 3840/9594 3778/9595
f 3629/9170 3866/9584 3754/9525
vt 0.61538 0.72508
vt 0.61662 0.72546
f 3768/9596 3777/9578 3826/9597
f 3576/9105 3724/9328 3887/9500
vt 0.34823 0.60339
vt 0.34843 0.60212
f 3674/9355 3847/9598 3827/9599
vt 0.17146 0.77453
f 3762/9432 3884/9600 3843/9326
f 3651/8826 3795/9482 3849/9502
vt 0.95914 0.10567
f 3778/9595 3840/9594 3791/9601
f 3777/9578 3796/9577 3826/9597
vt 0.84489 0.27247
vt 0.84601 0.27424
f 3727/9407 3865/9602 3760/9603
vt 0.85314 0.17128
f 3741/9483 3867/9484 3845/9604
vt 0.81036 0.77393
vt 0.81315 0.77616
vt 0.81028 0.77540
f 3794/9605 3716/9606 3811/9607
vt 0.48226 0.44020
f 3812/9438 3805/9165 3856/9608
vt 0.20819 0.97742
vt 0.20768 0.97800
vt 0.20787 0.97650
f 3768/9609 3767/9610 3777/9611
vt 0.24662 0.75010
f 3753/9491 3771/9424 3923/9612
vt 0.70050 0.40785
f 3761/9504 3890/9613 3954/9505
vt 0.61783 0.71137
f 3703/9350 3802/9524 3862/9614
vt 0.04031 0.67679
f 3745/9439 3828/9615 3868/9414
vt 0.33987 0.60368
f 3653/9196 3700/9437 3931/9616
vt 0.96247 0.74393
vt 0.96154 0.74363
vt 0.96231 0.74115
f 3773/9617 3807/9618 3781/9619
vt 0.99117 0.38685
vt 0.99099 0.38715
vt 0.99098 0.38652
f 3781/9620 3860/9621 3734/9622
vt 0.85180 0.16867
f 3710/9385 3792/9623 3867/9484
vt 0.45332 0.93253
f 3665/9446 3729/9445 3829/9624
vt 0.29234 0.40773
f 3747/9485 3785/9427 3816/9625
f 3874/9526 3865/9602 3727/9407
f 3772/9580 3778/9592 3801/9581
vt 0.96151 0.74070
f 3781/9619 3807/9618 3860/9626
vt 0.42136 0.49565
f 3722/9479 3844/9627 3823/9311
vt 0.61689 0.71293
f 3801/9581 3703/9350 3788/9628
f 3633/8685 3790/9511 3717/9499
vt 0.61755 0.72341
f 3766/9576 3888/9629 3796/9577
f 3674/9355 3819/9519 3847/9598
vt 0.81243 0.77784
f 3716/9606 3784/9630 3811/9607
vt 0.22457 0.55018
vt 0.22376 0.55034
f 3810/9631 3834/9632 3750/9450
vt 0.60580 0.63500
vt 0.60503 0.63375
f 3734/9480 3860/9633 3921/9634
f 3762/9566 3824/9565 3884/9600
vt 0.88389 0.04268
f 3726/9358 3892/9635 3742/9570
f 3702/9287 3765/9457 3824/9565
vt 0.57164 0.22485
vt 0.57277 0.22604
vt 0.57054 0.22823
f 3749/9636 3665/9637 3917/9638
vt 0.95987 0.50008
vt 0.96024 0.50100
vt 0.95879 0.49981
f 3751/9639 3752/9640 3861/9641
vt 0.22343 0.54565
vt 0.22087 0.54529
f 3726/9642 3818/9463 3882/9643
vt 0.74966 0.88190
vt 0.74833 0.88254
f 3810/9568 3876/9644 3834/9645
vt 0.24536 0.75010
f 3753/9491 3923/9612 3767/9646
vt 0.45459 0.93220
f 3729/9445 3798/9647 3829/9624
vt 0.95891 0.10999
f 3772/9593 3734/9648 3840/9594
vt 0.32177 0.33835
f 3712/8947 3940/9649 4089/9564
vt 0.35734 0.33201
f 3853/9141 3779/9107 3933/9650
vt 0.31208 0.34048
f 3731/9309 3905/8935 4068/9651
vt 0.29967 0.41218
f 3735/9476 3808/9652 3699/9178
vt 0.47860 0.43844
f 3736/9560 3812/9562 3765/9653
vt 0.42289 0.49599
f 3844/9627 3804/9654 3823/9311
f 3752/9640 3758/9533 3861/9641
vt 0.94801 0.74652
f 3880/9572 3827/9541 3806/9655
vt 0.84610 0.27436
vt 0.84708 0.27295
vt 0.84683 0.27400
f 3760/9656 3817/9657 3820/9658
vt 0.60487 0.63858
vt 0.60602 0.63782
f 3783/9376 3894/9659 3807/9660
vt 0.61580 0.71865
vt 0.61731 0.71963
vt 0.61578 0.72170
f 3781/9661 3896/9662 3773/9663
f 3781/9661 3830/9411 3896/9662
vt 0.60660 0.63156
f 3734/9480 3921/9634 3840/9664
vt 0.85501 0.42612
f 3776/9413 3809/9416 3842/9665
vt 0.45207 0.93233
f 3665/9446 3829/9624 3870/9666
vt 0.61730 0.71166
f 3703/9350 3862/9614 3788/9667
vt 0.81040 0.78157
vt 0.80843 0.78278
vt 0.80736 0.78068
f 3787/9668 3739/9669 3937/9670
f 3741/9512 3845/9604 3835/9478
vt 0.61707 0.72208
f 3766/9576 3773/9663 3852/9671
f 3766/9576 3852/9671 3888/9629
vt 0.60624 0.62720
vt 0.60829 0.62469
f 3786/9492 3863/9672 3828/9673
vt 0.25797 0.85324
f 3737/9501 3813/9509 3815/9674
vt 0.55529 0.21901
f 3714/9071 3754/9525 3854/9675
f 3712/8947 3694/9403 3940/9649
vt 0.03619 0.70963
vt 0.03734 0.70938
vt 0.03689 0.71186
f 3751/9676 3861/9677 3735/9678
vt 0.22655 0.55744
f 3795/9498 3780/9582 3849/9679
vt 0.78572 0.07136
vt 0.78604 0.06984
f 3789/9241 3759/9680 3855/9681
vt 0.88579 0.04065
f 3726/9358 3882/9682 3892/9635
vt 0.36130 0.33022
f 3779/9107 3836/9368 3902/9683
vt 0.98767 0.43733
vt 0.98763 0.43811
vt 0.98742 0.43766
f 3760/9684 3865/9685 3817/9686
vt 0.69934 0.39923
f 3756/9136 3889/9687 3918/9528
vt 0.78787 0.06820
f 3792/9440 3789/9241 3867/9688
vt 0.22250 0.54907
f 3750/9450 3834/9632 3898/9689
f 3757/9073 3808/9395 3844/9586
vt 0.57299 0.22843
f 3870/9690 3917/9638 3665/9637
f 3750/9450 3898/9689 3818/9463
vt 0.78624 0.51275
f 3714/9184 3854/9691 3775/9185
vt 0.61720 0.71662
f 3801/9581 3839/9692 3830/9411
f 3653/9196 3931/9616 3886/9563
vt 0.33294 0.33690
f 3769/9205 4040/9693 4017/9487
f 3773/9663 3896/9662 3852/9671
vt 0.60725 0.63034
vt 0.60662 0.62846
f 3791/9694 3840/9664 3857/9695
f 3791/9694 3857/9695 3786/9492
vt 0.86229 0.83723
f 3744/9317 3814/9534 3895/9696
vt 0.22794 0.56290
f 3744/9497 3895/9697 3780/9582
vt 0.04261 0.67821
f 3868/9414 3828/9615 3929/9698
vt 0.75055 0.88298
vt 0.75009 0.88478
f 3876/9644 3870/9699 3829/9700
vt 0.80837 0.77801
vt 0.81204 0.77928
f 3787/9668 3919/9701 3652/9702
f 3729/9445 3746/9589 3798/9647
vt 0.03695 0.71420
vt 0.03938 0.71192
f 3808/9703 3735/9678 3942/9704
vt 0.60403 0.64118
vt 0.60573 0.64029
f 3767/9579 3859/9705 3777/9706
f 3787/9668 3937/9670 3919/9701
vt 0.85651 0.05685
vt 0.85760 0.05796
f 3774/9298 3928/9707 3920/9708
vt 0.35514 0.60511
f 3724/9328 3920/9709 3887/9500
f 3737/9501 3815/9674 3873/9556
vt 0.29060 0.40571
f 3785/9427 3924/9472 3831/9710
f 3785/9427 3831/9710 3816/9625
vt 0.35167 0.60449
f 3793/9108 3871/9711 3819/9519
vt 0.17621 0.77532
f 3848/9294 3923/9712 3771/9159
vt 0.30975 0.33901
f 3805/9396 3731/9309 3856/9713
vt 0.34413 0.60256
vt 0.34509 0.60385
f 3820/9510 3817/9714 3935/9715
vt 0.94687 0.74525
vt 0.94720 0.74480
f 3827/9541 3847/9716 3817/9717
vt 0.22514 0.55183
f 3810/9718 3681/9383 3763/9571
vt 0.85373 0.17538
f 3835/9478 3850/9719 3718/9402
vt 0.80727 0.78279
f 3739/9669 3886/9720 3937/9670
vt 0.57014 0.22604
f 3749/9636 3917/9638 3746/9721
vt 0.61715 0.45154
f 3707/9278 3718/9461 3901/9722
vt 0.85773 0.06009
f 3774/9298 3920/9708 3724/9723
vt 0.47690 0.43865
f 3765/9653 3812/9562 3824/9724
f 3786/9492 3857/9695 3863/9672
vt 0.98220 0.88158
vt 0.98268 0.88233
vt 0.98232 0.88292
f 3793/9725 3833/9726 3869/9727
f 3789/9241 3855/9681 3867/9688
f 3777/9706 3859/9705 3783/9376
f 3779/9107 3902/9683 3933/9650
vt 0.34234 0.33417
f 3561/8635 3851/9728 3743/9094
vt 0.28056 0.40339
f 3799/9490 3673/9451 4016/9729
vt 0.04814 0.67494
f 3864/9222 3975/9730 3846/9128
vt 0.34249 0.60336
f 3820/9510 3935/9715 3915/9731
vt 0.34117 0.60244
f 3820/9510 3915/9731 3903/9732
vt 0.56772 0.22434
vt 0.56672 0.22497
f 3742/9733 3892/9734 3790/9511
vt 0.85039 0.27335
f 3848/9394 3843/9393 3922/9735
f 3652/9702 3919/9701 3784/9630
vt 0.61740 0.70871
f 3825/9536 3885/9736 3802/9524
vt 0.84626 0.31293
vt 0.84520 0.31380
vt 0.84541 0.31326
f 3817/9737 3806/9738 3827/9739
vt 0.84648 0.27181
vt 0.84507 0.27104
f 3817/9740 3865/9602 3806/9741
f 3876/9644 3829/9700 3834/9645
vt 0.03957 0.71544
vt 0.03815 0.71638
f 3808/9703 3881/9742 3844/9743
vt 0.60646 0.62473
f 3863/9672 3885/9744 3828/9673
vt 0.39022 0.32511
f 3841/9335 3973/9745 3838/9249
f 3823/9311 3804/9654 3841/9508
vt 0.78955 0.51166
f 3697/9465 3775/9185 4075/9746
vt 0.03522 0.70510
vt 0.03740 0.70470
vt 0.03615 0.70707
f 3816/9747 3969/9748 3758/9749
vt 0.85421 0.17293
f 3835/9478 3845/9604 3815/9750
vt 0.34535 0.60234
f 3817/9751 3847/9598 3935/9715
f 3756/9136 3913/9364 3889/9687
vt 0.86442 0.83886
f 3814/9534 3883/9752 3895/9696
f 3835/9478 3815/9750 3850/9719
f 3783/9376 3859/9705 3894/9659
vt 0.77763 0.97605
vt 0.77855 0.97671
vt 0.77763 0.97766
f 3700/9753 3903/9754 3931/9755
vt 0.45538 0.93198
f 3746/9589 3983/9756 3798/9647
vt 0.36633 0.33152
f 3836/9368 3900/8816 3964/9757
vt 0.96080 0.60140
vt 0.96030 0.60323
vt 0.95933 0.60159
f 3810/9758 3763/9759 3876/9760
vt 0.26113 0.85415
f 3813/9509 3850/9761 3815/9674
vt 0.83963 0.27259
f 3707/9354 3901/9762 3874/9526
vt 0.61947 0.45210
f 3850/9763 3901/9722 3718/9461
vt 0.25519 0.85392
f 3759/9557 3873/9556 3855/9764
f 3731/9309 4068/9651 3856/9713
f 3561/8635 3770/9583 3851/9728
vt 0.03578 0.70406
f 3816/9747 3831/9765 3969/9748
f 3774/9298 3868/9425 3928/9707
vt 0.84944 0.27243
f 3843/9393 3956/9766 3922/9735
f 3755/9488 4040/9693 3769/9205
vt 0.36451 0.73353
f 3826/9369 3910/9767 3647/9137
f 3807/9660 3894/9659 3860/9633
vt 0.97939 0.10394
vt 0.97884 0.10408
vt 0.97889 0.10299
f 3887/9768 3869/9769 3833/9770
vt 0.03957 0.71765
vt 0.03880 0.71808
f 3844/9743 4018/9771 3804/9772
f 3800/8633 4089/9564 3905/8935
vt 0.36327 0.73427
f 3647/9137 3936/9773 3740/9179
vt 0.50046 0.05907
f 3697/9418 4075/9774 3803/9306
vt 0.05029 0.67350
f 3864/9222 3782/9177 3907/9775
vt 0.61935 0.71711
vt 0.61802 0.71828
f 3830/9411 3899/9776 3896/9777
vt 0.61740 0.71694
f 3830/9411 3839/9778 3899/9776
f 3808/9703 3942/9704 3881/9742
f 3755/9488 3743/9094 3851/9728
f 3861/9677 3942/9704 3735/9678
vt 0.56831 0.22799
f 3746/9721 3917/9638 3983/9779
vt 0.04141 0.67722
f 3828/9615 3885/9780 3929/9698
vt 0.69902 0.39243
f 3797/9021 3918/9528 3858/9781
vt 0.04376 0.67702
f 3825/9344 3832/9514 3960/9782
vt 0.04242 0.67685
f 3825/9344 3960/9782 3885/9783
f 3850/9763 3813/9518 3842/9585
vt 0.61873 0.71001
f 3862/9614 3802/9524 3930/9784
vt 0.61997 0.71032
f 3862/9614 3930/9784 3875/9785
vt 0.22088 0.54745
f 3818/9463 3877/9786 3882/9643
vt 0.86066 0.42741
vt 0.85910 0.42782
f 3880/9471 3806/9787 3878/9788
vt 0.03930 0.70765
f 3758/9749 3969/9748 3974/9789
vt 0.61910 0.45300
f 3850/9763 3842/9585 3912/9790
f 3850/9763 3912/9790 3901/9722
f 3838/9249 3973/9745 3837/9050
vt 0.86524 0.83886
f 3814/9534 3794/9791 3883/9752
vt 0.37048 0.33193
f 3900/8816 3821/9423 4136/9792
vt 0.56217 0.22575
f 3790/9511 4010/9793 3717/9499
vt 0.25686 0.85466
f 3815/9674 3845/9794 3873/9556
vt 0.78703 0.51062
f 3775/9185 3988/9795 4075/9746
vt 0.42472 0.49570
f 3841/9508 3804/9654 3973/9796
f 3740/9179 3936/9773 3822/9489
vt 0.84359 0.27084
f 3865/9602 3874/9526 3878/9797
vt 0.37940 0.32906
f 3962/9352 3764/9006 3950/9798
f 3865/9602 3878/9797 3806/9741
vt 0.74782 0.88412
f 3834/9645 3829/9700 3898/9799
vt 0.22293 0.55695
f 3849/9679 3897/9800 3763/9571
f 3764/9006 3684/9513 3950/9798
f 3853/9141 3933/9650 3720/9130
f 3797/9021 3858/9781 3782/9343
f 3844/9743 3881/9742 4018/9771
vt 0.22414 0.56228
f 3895/9697 4153/9801 3780/9582
vt 0.35282 0.60338
f 3869/9802 3871/9711 3793/9108
vt 0.61767 0.72217
vt 0.61915 0.72230
f 3888/9629 3852/9803 3949/9804
f 3784/9630 3919/9701 3811/9607
vt 0.85443 0.16952
f 3845/9604 3867/9484 3855/9805
vt 0.80656 0.78373
vt 0.80534 0.78225
f 3886/9720 3879/9806 3994/9807
vt 0.17369 0.77352
f 3843/9326 3884/9600 3956/9808
vt 0.04571 0.67616
f 3832/9514 3975/9730 3872/9809
f 3873/9556 3845/9794 3855/9764
vt 0.85726 0.42817
f 3809/9416 3911/9810 3842/9665
vt 0.30955 0.96171
vt 0.30981 0.95997
vt 0.31046 0.96019
f 3801/9811 3788/9812 3857/9813
vt 0.31055 0.96204
f 3801/9811 3857/9813 3840/9814
vt 0.31018 0.96347
f 3801/9811 3840/9814 3839/9815
vt 0.80843 0.77483
f 3794/9605 3811/9607 3883/9816
vt 0.60510 0.63265
f 3840/9664 3921/9634 3839/9817
vt 0.17388 0.77423
f 3922/9818 3923/9712 3848/9294
vt 0.69896 0.39071
f 3782/9343 3858/9781 3907/9819
vt 0.60420 0.64010
f 3859/9705 3888/9820 3894/9659
vt 0.60462 0.63428
f 3860/9633 3896/9821 3921/9634
vt 0.60584 0.62625
f 3863/9672 3930/9822 3885/9744
vt 0.24485 0.75129
f 3767/9646 3923/9612 3910/9823
vt 0.22257 0.55409
f 3763/9571 3897/9800 3925/9824
vt 0.95320 0.25736
vt 0.95490 0.25783
vt 0.95461 0.25876
f 3892/9825 3882/9826 3908/9827
f 3832/9514 3846/9128 3975/9730
vt 0.98128 0.22338
vt 0.98158 0.22259
vt 0.98177 0.22363
f 3802/9828 3885/9829 3930/9830
vt 0.85504 0.05528
f 3928/9707 3868/9425 4006/9831
f 3861/9677 3758/9749 3974/9789
vt 0.22378 0.55219
f 3763/9571 3925/9824 3876/9832
vt 0.60480 0.63696
f 3894/9659 3852/9833 3860/9633
f 3647/9137 3910/9767 3936/9773
vt 0.91624 0.27807
vt 0.91608 0.27955
vt 0.91511 0.27830
f 3886/9834 3909/9835 3879/9836
vt 0.48114 0.44283
f 3856/9608 4023/9837 3812/9562
vt 0.18413 0.97737
vt 0.18412 0.97651
vt 0.18478 0.97732
f 3826/9838 3796/9839 3859/9840
vt 0.18424 0.97809
f 3826/9838 3859/9840 3910/9841
vt 0.96435 0.90621
vt 0.96516 0.90581
vt 0.96466 0.90654
f 3788/9842 3863/9843 3857/9844
vt 0.04228 0.67909
f 3929/9698 4006/9845 3868/9414
f 3860/9633 3852/9833 3896/9821
vt 0.60307 0.64254
f 3767/9579 3910/9846 3859/9705
vt 0.18464 0.97594
f 3796/9839 3888/9847 3859/9840
f 3886/9720 3994/9807 3937/9670
vt 0.69883 0.40815
f 3890/9613 3893/9848 3954/9505
vt 0.62261 0.16892
vt 0.62016 0.16920
vt 0.62224 0.16705
f 3879/9849 3993/9850 3994/9851
f 3880/9471 3878/9788 3911/9810
vt 0.96364 0.90539
vt 0.96411 0.90425
f 3862/9852 3943/9853 3788/9842
f 3821/9423 3962/9352 4136/9792
vt 0.34730 0.60465
f 3847/9598 4025/9854 3935/9715
f 3861/9677 3974/9789 3942/9704
f 3885/9780 3960/9782 3929/9698
f 3880/9471 3911/9810 3809/9416
f 3849/9679 3780/9582 3897/9800
vt 0.60260 0.63930
f 3888/9820 3965/9855 3894/9659
vt 0.56639 0.22647
f 3892/9734 3914/9856 3790/9511
vt 0.86230 0.83906
f 3895/9696 3883/9752 3906/9857
vt 0.91464 0.28092
f 3879/9836 3909/9835 3993/9858
vt 0.84186 0.27075
vt 0.84286 0.27122
f 3874/9526 3911/9859 3878/9860
f 3864/9222 3907/9775 3975/9730
vt 0.61971 0.71806
f 3896/9777 3899/9776 3952/9861
vt 0.34650 0.33596
f 3770/9583 4087/9862 3851/9728
vt 0.92768 0.73886
vt 0.92594 0.74090
vt 0.92580 0.73773
f 3831/9863 4079/9864 3969/9865
vt 0.28445 0.40324
f 4016/9729 4082/9866 3799/9490
vt 0.35060 0.60485
f 3819/9519 3871/9711 3968/9867
vt 0.42254 0.49424
f 3804/9654 4018/9868 3973/9796
vt 0.33818 0.60431
f 3886/9563 3931/9616 3909/9869
vt 0.17307 0.77109
f 3884/9600 4033/9870 3956/9808
vt 0.95912 0.01609
vt 0.95852 0.01456
vt 0.95993 0.01460
f 3869/9871 3966/9872 3871/9873
vt 0.04401 0.67669
f 3832/9514 3872/9809 3960/9874
vt 0.69736 0.39744
f 3918/9528 3889/9687 3963/9875
vt 0.61949 0.72400
f 3949/9804 3927/9876 3888/9629
vt 0.35353 0.60388
f 3869/9877 3887/9500 3920/9709
vt 0.35227 0.60506
f 3869/9877 3920/9709 3966/9878
vt 0.21985 0.54612
f 3882/9643 3877/9786 3908/9879
vt 0.61998 0.71170
f 3862/9614 3875/9785 3943/9880
vt 0.95301 0.25900
f 3892/9825 3908/9827 3914/9881
f 3818/9463 3898/9689 3877/9786
vt 0.83954 0.27048
f 3911/9859 3874/9526 3912/9882
vt 0.38808 0.32730
f 3837/9050 3973/9745 3904/9883
f 3901/9762 3912/9882 3874/9526
vt 0.36387 0.73405
f 3936/9773 3910/9767 3941/9884
vt 0.22306 0.55164
f 3876/9832 3925/9824 3870/9885
vt 0.61917 0.70904
f 3930/9784 3934/9886 3875/9785
vt 0.34305 0.60482
vt 0.34253 0.60336
f 3935/9715 3916/9887 3915/9888
vt 0.62024 0.16753
f 3994/9851 3993/9850 4012/9889
f 3992/9587 3837/9050 3904/9883
vt 0.29475 0.97708
vt 0.29470 0.97574
vt 0.29540 0.97610
f 3888/9890 3927/9891 3965/9892
vt 0.97085 0.00198
vt 0.97026 0.00226
vt 0.97005 0.00066
f 3852/9893 3894/9894 4024/9895
vt 0.49718 0.05790
f 3673/9417 3803/9306 4016/9896
vt 0.74959 0.88599
vt 0.74994 0.88816
vt 0.74870 0.88795
f 3798/9897 3983/9898 3972/9899
vt 0.62081 0.72341
f 3949/9804 3979/9900 3927/9876
vt 0.35688 0.73609
f 3822/9489 3893/9901 3890/9529
f 3811/9607 3919/9701 3883/9816
vt 0.31026 0.34060
f 3856/9713 4068/9651 3961/9902
vt 0.74776 0.88638
vt 0.74686 0.88574
f 3898/9799 3955/9903 3877/9904
vt 0.85488 0.42853
f 3842/9665 3911/9810 3912/9905
f 3775/9185 3854/9691 3988/9795
vt 0.17061 0.77128
f 3824/9565 3959/9906 3884/9600
vt 0.97971 0.18677
vt 0.98030 0.18632
vt 0.98075 0.18753
f 3903/9907 3915/9908 3931/9909
vt 0.69755 0.39333
f 3858/9781 3918/9528 3981/9910
vt 0.61924 0.70815
vt 0.62049 0.70821
f 3960/9911 3872/9912 3934/9886
f 3875/9785 3934/9886 3872/9912
f 3898/9799 3829/9700 3955/9903
vt 0.31599 0.34172
f 4068/9651 3905/8935 4002/9913
vt 0.60323 0.63258
f 3839/9817 3921/9634 3926/9914
vt 0.24521 0.75382
f 3923/9612 4051/9915 3910/9823
vt 0.96912 0.55751
vt 0.96848 0.55604
vt 0.96959 0.55650
f 3896/9916 3952/9917 3921/9918
vt 0.98541 0.14295
vt 0.98511 0.14217
vt 0.98557 0.14190
f 3856/9919 3961/9920 4023/9921
vt 0.22805 0.56549
vt 0.22561 0.56613
f 3895/9697 3906/9922 4132/9923
vt 0.60234 0.63810
f 3894/9659 3965/9855 4024/9924
f 3717/9499 4010/9793 3866/9584
f 3799/9490 4082/9866 3891/9398
vt 0.36218 0.73506
f 3822/9489 3936/9773 3945/9925
f 3836/9368 3964/9757 3902/9683
f 3900/8816 4136/9792 3964/9757
vt 0.47874 0.44344
f 3812/9562 4142/9926 3824/9724
vt 0.97093 0.00053
f 3852/9893 4024/9895 3949/9927
vt 0.97332 0.78656
vt 0.97250 0.78790
vt 0.97221 0.78648
f 3899/9928 3839/9929 3926/9930
vt 0.24377 0.75272
f 3910/9823 4051/9915 3941/9931
vt 0.80604 0.77498
f 3883/9816 3919/9701 3906/9932
vt 0.33921 0.60568
f 3931/9616 3976/9933 3909/9869
vt 0.85062 0.27091
f 3956/9766 4094/9934 3922/9735
vt 0.34198 0.60376
vt 0.34220 0.60526
f 3915/9935 3978/9936 3931/9616
vt 0.57236 0.23101
f 3870/9690 3947/9937 3917/9638
vt 0.34825 0.60543
f 3847/9598 3932/9938 4025/9854
vt 0.33792 0.33810
f 3755/9488 4113/9939 4040/9693
f 3884/9600 3959/9906 4033/9870
vt 0.36158 0.33323
f 3933/9650 3902/9683 3991/9940
vt 0.34883 0.60508
f 3819/9519 3997/9941 3847/9598
vt 0.97854 0.19544
vt 0.97946 0.19517
vt 0.97943 0.19590
f 3915/9942 3916/9943 3978/9944
vt 0.62091 0.71772
f 3899/9776 3990/9945 3952/9861
vt 0.47513 0.44192
f 3824/9724 4142/9926 4116/9946
vt 0.80627 0.77846
f 3937/9670 4015/9947 3919/9701
vt 0.74956 0.88595
f 3829/9700 3798/9948 3955/9903
f 3812/9562 4023/9837 4142/9926
vt 0.34384 0.60479
f 3935/9715 3957/9949 3916/9887
f 3895/9697 4132/9923 4153/9801
f 3798/9948 3972/9899 3955/9903
vt 0.36058 0.73599
f 3822/9489 3945/9925 4005/9950
vt 0.74229 0.32790
vt 0.74369 0.32892
vt 0.74227 0.32954
f 3870/9951 3925/9952 3947/9953
f 3914/9856 4010/9793 3790/9511
vt 0.35870 0.73678
f 3822/9489 4005/9950 4000/9954
vt 0.30277 0.96476
vt 0.30185 0.96455
vt 0.30264 0.96359
f 3899/9955 3926/9956 3953/9957
vt 0.04177 0.71375
f 3881/9742 3942/9704 4062/9958
vt 0.32669 0.34142
f 3694/9403 4017/9487 4178/9959
vt 0.35222 0.33562
f 3720/9130 4100/9960 3938/9211
f 3822/9489 4000/9954 3893/9901
vt 0.96498 0.90445
f 3788/9842 3943/9853 3939/9961
f 3788/9842 3939/9961 3863/9843
vt 0.69744 0.40239
f 3913/9364 3954/9505 4004/9962
vt 0.34956 0.60555
f 3968/9867 3997/9963 3819/9519
vt 0.21973 0.54752
f 3877/9786 3955/9964 3908/9879
vt 0.69676 0.39575
f 3918/9528 3963/9875 4021/9965
vt 0.61974 0.71369
vt 0.62067 0.71279
vt 0.62024 0.71544
f 3944/9966 3971/9967 3953/9968
vt 0.61996 0.71192
f 3944/9966 3943/9969 3971/9967
vt 0.60422 0.62653
f 3930/9822 3863/9672 3934/9970
vt 0.60267 0.63352
f 3921/9634 3946/9971 3926/9914
vt 0.30275 0.96012
vt 0.30225 0.96241
vt 0.30194 0.96008
f 3943/9972 3944/9973 3939/9974
f 3780/9582 4153/9801 3897/9800
vt 0.61994 0.72590
vt 0.62084 0.72599
f 3936/9975 3927/9876 3945/9976
vt 0.60915 0.96243
vt 0.60821 0.96348
vt 0.60779 0.96253
f 3936/9977 3941/9978 3948/9979
vt 0.60367 0.62790
vt 0.60274 0.62724
f 3863/9672 3939/9980 4034/9981
f 3990/9945 3899/9776 3953/9968
vt 0.17434 0.77186
f 3923/9712 3922/9818 4094/9982
vt 0.61982 0.72011
vt 0.62109 0.72023
f 3951/9983 4038/9984 3949/9804
f 3951/9983 3952/9861 3990/9945
f 3847/9598 3997/9941 3932/9938
vt 0.80505 0.77604
f 3906/9932 3919/9701 3987/9985
vt 0.95893 0.01327
f 3871/9873 3966/9872 3968/9986
vt 0.60890 0.96048
f 3936/9977 3948/9979 3927/9987
f 3889/9687 3913/9364 4004/9962
f 3684/9513 3992/9587 3950/9798
vt 0.62086 0.70873
f 3875/9785 3872/9912 4011/9988
f 3919/9701 4015/9947 3987/9985
f 3875/9785 3971/9967 3943/9880
vt 0.62165 0.71121
f 3875/9785 3989/9989 3971/9967
vt 0.80595 0.77988
f 3994/9807 3967/9990 3937/9670
vt 0.28897 0.40357
f 3924/9472 3958/9991 3831/9710
vt 0.47369 0.43989
f 3824/9724 4116/9946 3959/9992
f 3937/9670 3967/9990 4015/9947
vt 0.95786 0.82067
vt 0.95673 0.82143
vt 0.95742 0.82020
f 3981/9993 3985/9994 3858/9995
vt 0.18069 0.95989
vt 0.18022 0.96189
vt 0.17971 0.95989
f 3952/9996 3951/9997 3946/9998
f 3755/9488 3851/9728 4113/9939
f 4089/9564 4002/9913 3905/8935
vt 0.60450 0.62422
vt 0.60433 0.62544
vt 0.60329 0.62398
f 3960/9999 3934/10000 3984/10001
vt 0.22746 0.56740
f 3906/9922 3987/10002 4132/9923
vt 0.21923 0.54659
f 3908/9879 3955/9964 3972/10003
vt 0.96936 0.55581
f 3952/9917 3946/10004 3921/9918
vt 0.56876 0.23031
f 3917/9638 3947/9937 4121/10005
vt 0.05025 0.67542
f 3907/9775 4003/10006 3975/9730
f 3694/9403 4178/9959 3940/9649
f 3927/9876 3979/9900 3945/9976
vt 0.55525 0.22025
vt 0.55501 0.22185
f 3854/10007 3754/9525 3988/10008
f 3918/9528 4021/9965 3981/9910
f 3951/9983 3990/9945 4038/9984
f 3863/9672 4034/9981 3934/9970
vt 0.28759 0.40258
f 3924/9472 4144/10009 3958/9991
vt 0.96999 0.36551
vt 0.97078 0.36389
vt 0.97125 0.36568
f 3875/10010 4011/10011 3970/10012
f 3924/9472 3891/9398 4082/9866
f 3924/9472 4082/9866 4144/10009
vt 0.03828 0.70435
vt 0.04032 0.70536
f 3974/9789 3969/10013 4108/10014
vt 0.60787 0.96031
vt 0.60831 0.96008
f 3927/9987 3980/10015 3965/10016
vt 0.69696 0.40508
f 3954/9505 4001/10017 4004/9962
vt 0.62122 0.72189
f 3949/9804 4038/9984 3999/10018
vt 0.97064 0.36603
f 3875/10010 3970/10012 4019/10019
vt 0.69708 0.40806
f 3954/9505 3893/9848 4000/10020
vt 0.69642 0.40615
f 3954/9505 4000/10020 4066/10021
vt 0.18043 0.96350
vt 0.17956 0.96353
f 3951/9997 3949/10022 4024/10023
vt 0.34547 0.60555
vt 0.34433 0.60590
f 3935/9715 4008/10024 3977/10025
f 3935/9715 3977/10025 3957/9949
vt 0.04654 0.67730
f 3872/9809 3975/9730 4011/10026
vt 0.69691 0.40020
f 3963/9875 3889/9687 4061/10027
vt 0.60290 0.62567
f 3934/10000 3970/10028 3984/10001
vt 0.62136 0.71689
f 3990/9945 3953/9968 4060/10029
vt 0.62158 0.72225
f 3979/9900 3949/9804 3999/10030
vt 0.91605 0.28144
f 3993/9858 3909/9835 3976/10031
f 3938/9211 4100/9960 3770/9583
vt 0.62126 0.71061
f 3875/9785 4019/10032 3989/9989
f 3953/9957 3926/9956 3944/9973
vt 0.17612 0.77137
f 4051/10033 3923/9712 4094/9982
f 3931/9616 3978/9936 3976/9933
vt 0.34627 0.60551
f 3935/9715 4025/9854 4046/10034
vt 0.34590 0.60548
f 3935/9715 4046/10034 4008/10035
vt 0.69687 0.39081
f 3858/9781 4003/10036 3907/9819
vt 0.56665 0.22717
vt 0.56548 0.22886
f 4010/9793 3914/10037 4093/10038
vt 0.85642 0.05385
f 3928/9707 4006/9831 4064/10039
vt 0.92456 0.74092
f 3969/9865 4079/9864 4050/10040
f 3948/9979 3980/10015 3927/9987
vt 0.41961 0.49323
vt 0.42019 0.49254
f 3881/10041 3986/10042 4018/9868
vt 0.83200 0.08448
vt 0.83373 0.08239
vt 0.83287 0.08450
f 3928/10043 4064/10044 3920/10045
vt 0.62140 0.71240
f 3989/9989 4027/10046 3971/9967
vt 0.97956 0.02264
vt 0.97955 0.02348
vt 0.97875 0.02340
f 3957/10047 3978/10048 3916/10049
vt 0.36199 0.73543
vt 0.36202 0.73630
vt 0.36141 0.73587
f 3945/10050 4055/10051 4005/10052
vt 0.34371 0.60505
vt 0.34421 0.60636
f 3957/10053 4063/10054 3978/9936
vt 0.97233 0.05446
vt 0.97220 0.05330
vt 0.97336 0.05334
f 3957/10055 3977/10056 4063/10057
vt 0.04530 0.67834
f 3960/9782 3984/10058 3929/9698
vt 0.62163 0.72505
f 3945/9976 3979/9900 4041/10059
f 3934/9970 4034/9981 3970/10028
vt 0.60129 0.63902
f 3965/9855 3980/10060 4024/9924
vt 0.69673 0.39377
vt 0.69588 0.39306
f 3981/9910 3995/10061 3996/10062
vt 0.39079 0.32827
f 3973/9745 4120/10063 3904/9883
vt 0.62132 0.71515
f 3971/9967 3982/10064 3953/9968
vt 0.95445 0.26003
f 3908/9827 3972/10065 3914/9881
vt 0.17159 0.77032
f 4033/9870 3959/9906 4036/10066
vt 0.95766 0.82287
f 3981/9993 3996/10067 3985/9994
vt 0.84965 0.26966
f 3956/9766 4033/10068 4094/9934
vt 0.83403 0.08293
f 4064/10044 4070/10069 3920/10045
vt 0.95312 0.26029
f 3914/9881 3972/10065 3983/10070
vt 0.62134 0.71647
f 3953/9968 3982/10071 4060/10029
f 3902/9683 3964/9757 3991/9940
vt 0.60173 0.63323
f 3926/9914 3946/9971 4031/10072
vt 0.47336 0.44117
f 4116/9946 4036/10073 3959/9992
vt 0.62262 0.71721
f 3990/9945 4060/10029 3998/10074
f 3983/9779 3917/9638 4121/10005
vt 0.97567 0.53266
vt 0.97621 0.53164
vt 0.97652 0.53278
f 3990/10075 4014/10076 4038/10077
vt 0.38704 0.33089
f 3904/9883 4166/10078 3992/9587
vt 0.34200 0.33754
f 3851/9728 4155/10079 4113/9939
vt 0.60244 0.63617
vt 0.60112 0.63647
f 3951/10080 4029/10081 3946/9971
vt 0.60323 0.63042
vt 0.60213 0.63076
f 3944/10082 4007/10083 3939/9980
vt 0.35328 0.60711
f 3920/9709 4070/10084 3966/9878
f 3971/9967 4027/10046 3982/10064
vt 0.99195 0.62265
vt 0.99195 0.62328
vt 0.99176 0.62284
f 3996/10085 3995/10086 3989/10087
f 3914/10037 3983/9779 4093/10038
vt 0.69554 0.39323
vt 0.69480 0.39253
f 3989/10088 4019/10089 3996/10062
vt 0.33611 0.96259
vt 0.33703 0.96198
vt 0.33670 0.96310
f 3945/10090 4041/10091 4055/10092
vt 0.62265 0.71830
f 3990/9945 3998/10074 4014/10093
vt 0.59504 0.93317
vt 0.59542 0.93175
vt 0.59661 0.93311
f 3973/10094 4018/10095 4120/10096
vt 0.62221 0.72225
f 3999/10030 4028/10097 3979/9900
vt 0.74427 0.33144
f 3947/9953 3925/9952 4124/10098
vt 0.04782 0.67663
f 3975/9730 4045/10099 4011/10026
vt 0.62332 0.72201
f 3979/9900 4028/10097 4026/10100
vt 0.62318 0.72383
vt 0.62205 0.72353
f 3979/9900 4013/10101 4042/10102
f 3979/9900 4026/10100 4013/10101
vt 0.03981 0.70387
f 3969/10013 4050/10103 4108/10014
f 3954/9505 4066/10021 4001/10017
vt 0.69689 0.39228
f 3858/9781 3985/10104 4003/10036
f 3889/9687 4004/9962 4061/10027
f 3770/9583 4100/9960 4087/9862
vt 0.62167 0.72392
f 3979/9900 4042/10105 4041/10059
vt 0.92719 0.74094
f 3831/9863 3958/10106 4079/9864
vt 0.95066 0.17510
vt 0.95040 0.17633
vt 0.94999 0.17585
f 3961/10107 4052/10108 4023/10109
vt 0.04253 0.71105
f 3942/9704 3974/9789 4172/10110
vt 0.32153 0.34238
f 3940/9649 4200/10111 4089/9564
f 3951/10080 4024/9924 4029/10081
vt 0.35072 0.60758
f 3966/9878 4070/10084 4057/10112
vt 0.35041 0.60589
f 3966/9878 4057/10112 3968/10113
vt 0.55818 0.22737
f 3866/9584 4010/9793 4212/10114
vt 0.35372 0.96323
vt 0.35415 0.96180
vt 0.35460 0.96301
f 3989/10115 3995/10116 4044/10117
vt 0.95873 0.01177
vt 0.95993 0.01208
f 3968/9986 4030/10118 3997/10119
vt 0.34935 0.60653
f 3968/10113 4057/10112 4030/10120
f 3944/10082 3926/9914 4007/10083
vt 0.97807 0.84581
vt 0.97833 0.84701
vt 0.97747 0.84671
f 3997/10121 4030/10122 3932/10123
vt 0.04168 0.70786
f 3974/9789 4108/10014 4090/10124
vt 0.22887 0.57022
vt 0.22606 0.56998
f 4015/10125 4170/10126 3987/10002
vt 0.98310 0.45394
vt 0.98246 0.45385
vt 0.98310 0.45328
f 4020/10127 4058/10128 4061/10129
f 4029/10081 4031/10072 3946/9971
f 3926/9914 4031/10072 4007/10083
vt 0.04564 0.67943
f 3984/10058 4081/10130 3929/9698
vt 0.98220 0.45319
f 4061/10129 4058/10128 4009/10131
f 3939/9980 4007/10083 4034/9981
f 3720/9130 3933/9650 4100/9960
vt 0.35367 0.96022
vt 0.35464 0.96000
f 3981/10132 4021/10133 3995/10116
vt 0.62289 0.72608
vt 0.62276 0.72553
f 4005/10134 4086/10135 4013/10101
vt 0.62444 0.72584
f 4005/10134 4013/10101 4000/10136
vt 0.62328 0.71810
vt 0.62436 0.71671
f 4020/10137 3998/10074 4058/10138
vt 0.35437 0.96384
f 4027/10139 3989/10115 4044/10117
f 3998/10074 4020/10137 4014/10093
vt 0.69516 0.39116
f 3996/10062 4019/10089 4045/10140
vt 0.96691 0.82214
vt 0.96595 0.82247
vt 0.96635 0.82090
f 4005/10141 4055/10142 4086/10143
vt 0.41870 0.49255
f 3881/10041 4062/10144 3986/10042
vt 0.04936 0.67660
f 4003/10006 4115/10145 3975/9730
vt 0.62316 0.71569
f 3998/10074 4022/10146 4058/10138
vt 0.96635 0.81967
vt 0.96705 0.82039
f 4042/10147 4013/10148 4086/10143
vt 0.62358 0.72182
vt 0.62386 0.72302
f 4013/10101 4026/10149 4001/10150
vt 0.96197 0.02772
vt 0.96258 0.02814
vt 0.96191 0.02898
f 4014/10151 4020/10152 4032/10153
vt 0.62297 0.71504
vt 0.62326 0.71198
vt 0.62452 0.71354
f 4043/10154 3995/10155 4021/10156
f 4043/10154 4021/10156 4022/10146
vt 0.95685 0.82271
f 3996/10067 4071/10157 3985/9994
f 3942/9704 4172/10110 4062/9958
f 3983/9779 4121/10005 4093/10038
vt 0.22099 0.55582
f 3897/9800 4124/10158 3925/9824
vt 0.35772 0.33536
f 3933/9650 3991/9940 4148/10159
f 3975/9730 4115/10145 4045/10099
vt 0.60116 0.64175
vt 0.60089 0.64268
vt 0.60030 0.64248
f 3948/10160 3941/10161 4035/10162
vt 0.62455 0.72110
vt 0.62305 0.72099
f 4020/10137 4048/10163 4032/10164
vt 0.24370 0.75460
f 3941/9931 4051/9915 4035/10165
vt 0.34397 0.60785
f 4063/10054 4129/10166 3978/9936
vt 0.97161 0.36408
f 4011/10011 3984/10167 3970/10012
vt 0.97489 0.56445
vt 0.97412 0.56310
vt 0.97557 0.56397
f 4046/10168 4063/10169 4008/10170
vt 0.34687 0.60658
vt 0.34688 0.60744
f 4046/10171 4105/10172 4063/10054
f 4026/10149 4032/10164 4048/10163
vt 0.31091 0.34303
f 3961/9902 4068/9651 4052/10173
vt 0.39054 0.96487
vt 0.38967 0.96440
vt 0.39059 0.96355
f 3998/10174 4060/10175 4022/10176
vt 0.39069 0.96005
vt 0.38979 0.96083
vt 0.38980 0.95979
f 3995/10177 4076/10178 4044/10179
vt 0.97646 0.19014
vt 0.97602 0.19088
vt 0.97577 0.18988
f 4026/10180 4072/10181 4001/10182
f 3980/10060 4029/10081 4024/9924
vt 0.39028 0.96290
f 4022/10176 4060/10175 4043/10183
vt 0.97413 0.54751
vt 0.97506 0.54717
vt 0.97496 0.54833
f 4045/10184 4115/10185 4071/10186
f 3995/10177 4043/10183 4076/10178
f 3976/9933 3978/9936 4129/10166
vt 0.34039 0.60697
f 3976/9933 4129/10166 4065/10187
f 3929/9698 4081/10130 4006/9845
f 3803/9306 4075/9774 4016/9896
vt 0.62425 0.72377
f 4001/10150 4039/10188 4013/10101
vt 0.62473 0.71934
f 4020/10137 4096/10189 4048/10163
vt 0.96236 0.03125
vt 0.96152 0.03101
f 4026/10190 4028/10191 4032/10153
f 4013/10101 4039/10188 4000/10136
vt 0.97424 0.54897
f 3996/10192 4045/10184 4071/10186
vt 0.96835 0.60642
vt 0.96865 0.60307
vt 0.96905 0.60563
f 3999/10193 4038/10194 4029/10195
vt 0.90294 0.39272
vt 0.90061 0.39187
vt 0.90280 0.39130
f 3967/10196 4114/10197 4015/10198
vt 0.33773 0.96314
f 4041/10091 4035/10199 4055/10092
vt 0.97520 0.56296
f 4008/10170 4063/10169 3977/10200
vt 0.97933 0.14708
vt 0.97869 0.14814
vt 0.97860 0.14741
f 4001/10201 4109/10202 4039/10203
vt 0.55530 0.22380
f 3754/9525 4095/10204 3988/10008
f 3851/9728 4087/9862 4155/10079
vt 0.95936 0.28235
vt 0.95985 0.28597
vt 0.95912 0.28647
f 4027/10205 4007/10206 3982/10207
vt 0.95632 0.82266
f 3985/9994 4071/10157 4047/10208
vt 0.60154 0.62686
vt 0.60155 0.62621
f 3970/10028 4027/10209 4019/10210
vt 0.14995 0.97731
vt 0.14945 0.97768
vt 0.14963 0.97631
f 3982/10211 4031/10212 4060/10213
f 3970/10028 4034/9981 4027/10209
vt 0.96896 0.60670
f 3999/10193 4029/10195 4049/10214
vt 0.69633 0.39891
f 4061/10027 4009/10215 3963/9875
f 3933/9650 4148/10159 4100/9960
vt 0.96903 0.60381
f 4038/10194 4031/10216 4029/10195
vt 0.97696 0.53164
f 4038/10077 4014/10076 4080/10217
vt 0.78937 0.50869
f 4075/9746 3988/9795 4168/10218
vt 0.69621 0.40551
f 4001/10017 4066/10021 4109/10219
vt 0.61627 0.16725
f 3993/9850 4234/10220 4012/9889
vt 0.60201 0.62845
f 4007/10083 4027/10221 4034/9981
vt 0.90345 0.39489
vt 0.90086 0.39515
f 3967/10196 3994/10222 4151/10223
vt 0.85511 0.05170
f 4006/9831 4081/10224 4064/10039
vt 0.95988 0.28718
f 3982/10207 4007/10206 4031/10225
vt 0.04801 0.67770
f 4045/10099 4073/10226 4011/10026
vt 0.74170 0.33139
f 3947/9953 4124/10098 4056/10227
vt 0.04191 0.70436
f 4050/10103 4141/10228 4108/10014
vt 0.61773 0.16983
f 3993/9850 4037/10229 4234/10220
vt 0.69606 0.40426
f 4004/9962 4001/10017 4072/10230
vt 0.69604 0.40245
f 4004/9962 4072/10230 4146/10231
vt 0.69643 0.40707
f 4066/10021 4000/10020 4039/10232
vt 0.62483 0.71606
f 4021/10156 4069/10233 4022/10146
vt 0.59989 0.64051
f 3980/10060 3948/10160 4041/10234
vt 0.60005 0.63913
f 3980/10060 4041/10234 4042/10235
vt 0.60010 0.63042
vt 0.59971 0.63214
vt 0.59890 0.63146
f 4043/10236 4060/10237 4085/10238
vt 0.59973 0.62817
f 4043/10236 4085/10238 4076/10239
vt 0.96145 0.02820
f 4014/10151 4032/10153 4080/10240
vt 0.60045 0.62659
f 4019/10210 4027/10209 4044/10241
vt 0.90120 0.39671
f 3994/10222 4084/10242 4151/10223
vt 0.69443 0.39246
vt 0.69454 0.39109
f 4045/10140 4019/10243 4073/10244
vt 0.97734 0.81847
vt 0.97822 0.81931
vt 0.97720 0.81961
f 4025/10245 3932/10246 4046/10247
f 4035/10162 4041/10234 3948/10160
vt 0.95586 0.82190
f 3985/9994 4047/10208 4078/10248
f 4022/10146 4069/10233 4058/10138
vt 0.62481 0.71853
f 4020/10137 4061/10249 4096/10189
vt 0.59975 0.63803
f 3980/10060 4049/10250 4029/10081
vt 0.97209 0.23769
vt 0.97310 0.23819
vt 0.97252 0.23871
f 4053/10251 4036/10252 4059/10253
vt 0.56648 0.23133
f 4121/10005 4176/10254 4093/10038
vt 0.61902 0.16563
f 3994/9851 4012/9889 4084/10255
vt 0.60074 0.63370
f 4031/10072 4038/10256 4060/10237
vt 0.69614 0.39838
f 3963/9875 4009/10215 4069/10257
vt 0.97769 0.41996
vt 0.97828 0.41932
vt 0.97848 0.42004
f 4042/10258 4086/10259 4049/10260
f 3980/10060 4042/10235 4049/10250
vt 0.69626 0.39234
f 3985/10104 4078/10261 4003/10036
vt 0.97230 0.23621
f 4053/10251 4067/10262 4036/10252
vt 0.62469 0.72210
f 4026/10149 4048/10163 4072/10263
vt 0.24342 0.75638
f 4035/10165 4051/9915 4110/10264
vt 0.37644 0.33364
f 3962/9352 3950/9798 4147/10265
vt 0.22045 0.55872
f 3897/9800 4185/10266 4124/10158
vt 0.97105 0.93851
vt 0.97111 0.93983
vt 0.97000 0.93962
f 4028/10267 3999/10268 4049/10269
vt 0.59560 0.92998
vt 0.59728 0.93187
f 4018/10095 3986/10270 4054/10271
f 4018/10095 4054/10271 4120/10096
vt 0.17323 0.77004
f 4067/10272 4033/9870 4036/10066
vt 0.04771 0.67904
f 4011/10026 4073/10226 4138/10273
vt 0.24212 0.75538
f 4035/10165 4110/10264 4055/10274
f 3962/9352 4147/10265 4136/9792
vt 0.91484 0.28313
vt 0.91590 0.28293
f 4037/10275 3993/9858 4065/10276
f 4021/9965 3963/9875 4069/10257
vt 0.39057 0.33125
f 3904/9883 4120/10063 4131/10277
vt 0.85678 0.05352
vt 0.85739 0.05155
vt 0.85764 0.05330
f 4064/10278 4077/10279 4070/10280
vt 0.59861 0.64210
vt 0.59735 0.64145
vt 0.59839 0.63927
f 4055/10281 4126/10282 4086/10283
vt 0.56979 0.23207
f 4121/10005 3947/9937 4111/10284
vt 0.59916 0.63331
f 4080/10285 4060/10237 4038/10256
vt 0.62491 0.71878
f 4096/10189 4061/10249 4106/10286
f 3993/9858 3976/10031 4065/10276
vt 0.34825 0.60613
f 4046/10171 3932/10287 4105/10172
f 3932/10287 4030/10120 4105/10172
f 4063/10054 4105/10172 4129/10166
vt 0.74387 0.33348
f 4056/10227 4124/10098 4164/10288
vt 0.69607 0.40097
f 4061/10027 4004/9962 4106/10289
vt 0.62498 0.71627
f 4069/10233 4088/10290 4058/10138
f 3897/9800 4153/9801 4185/10266
vt 0.62473 0.72391
vt 0.62482 0.72361
f 4066/10291 4039/10188 4107/10292
vt 0.57130 0.23235
f 3947/9937 4056/10293 4111/10284
vt 0.97026 0.93836
f 4028/10267 4049/10269 4074/10294
vt 0.38247 0.33227
f 3992/9587 4156/10295 3950/9798
vt 0.99391 0.42863
vt 0.99380 0.42892
vt 0.99369 0.42863
f 4058/10296 4103/10297 4009/10298
vt 0.97229 0.64724
vt 0.97253 0.64665
vt 0.97278 0.64731
f 4058/10299 4088/10300 4103/10301
vt 0.96832 0.23613
vt 0.96877 0.23485
vt 0.96889 0.23675
f 4071/10302 4139/10303 4047/10304
f 3904/9883 4131/10277 4166/10078
vt 0.85048 0.26869
f 4033/10068 4128/10305 4094/9934
vt 0.59896 0.63694
vt 0.59823 0.63693
vt 0.59938 0.63487
f 4028/10306 4074/10307 4032/10308
vt 0.96814 0.23503
f 4071/10302 4115/10309 4139/10303
vt 0.69602 0.39886
f 4009/10215 4103/10310 4069/10257
vt 0.48048 0.44503
f 4023/9837 4052/10311 4142/9926
vt 0.62494 0.72335
f 4039/10188 4109/10312 4107/10292
f 3974/9789 4090/10124 4172/10110
vt 0.03829 0.70167
vt 0.03894 0.70024
vt 0.03943 0.70211
f 3958/10313 4144/10314 4079/10315
vt 0.33201 0.34061
f 4017/9487 4040/9693 4125/10316
vt 0.91652 0.06902
vt 0.91534 0.07082
vt 0.91473 0.06997
f 4091/10317 4059/10318 4083/10319
vt 0.98105 0.91559
vt 0.98175 0.91541
vt 0.98149 0.91630
f 4091/10320 4053/10321 4059/10322
f 4011/10026 4138/10273 4081/10130
f 4011/10026 4081/10130 3984/10058
vt 0.60068 0.62555
vt 0.60031 0.62396
f 4019/10323 4044/10241 4073/10324
f 4057/10112 4105/10172 4030/10120
f 3754/9525 3866/9584 4095/10204
vt 0.59808 0.63420
f 4032/10308 4074/10307 4096/10325
f 4032/10308 4096/10325 4080/10285
vt 0.91521 0.06768
f 4091/10317 4083/10319 4122/10326
f 4004/9962 4146/10231 4106/10289
vt 0.91802 0.06931
vt 0.91701 0.06976
f 4091/10317 4102/10327 4053/10328
vt 0.85634 0.05031
f 4064/10039 4081/10224 4119/10329
vt 0.83403 0.08118
vt 0.83469 0.07849
vt 0.83532 0.08017
f 4064/10330 4119/10331 4077/10332
f 3992/9587 4166/10078 4156/10295
f 4060/10237 4080/10285 4085/10238
vt 0.56170 0.23052
f 4093/10038 4203/10333 4010/9793
vt 0.47187 0.44059
vt 0.47321 0.44337
f 4059/10334 4036/10073 4152/10335
vt 0.47104 0.44079
f 4059/10334 4152/10335 4083/10336
vt 0.39231 0.96366
vt 0.39264 0.96300
vt 0.39300 0.96390
f 4072/10337 4048/10338 4109/10339
vt 0.83194 0.07020
vt 0.83243 0.06990
vt 0.83286 0.07153
f 4037/10340 4065/10341 4104/10342
f 3940/9649 4178/9959 4200/10111
vt 0.98324 0.75676
vt 0.98371 0.75658
vt 0.98349 0.75670
f 4066/10343 4107/10344 4130/10345
vt 0.69559 0.40602
vt 0.69566 0.40556
f 4066/10021 4130/10346 4109/10347
vt 0.91671 0.07121
vt 0.91805 0.07120
f 4053/10348 4102/10327 4067/10349
vt 0.22642 0.57172
f 4015/10125 4114/10350 4170/10126
vt 0.04004 0.70050
f 4144/10314 4118/10351 4079/10315
vt 0.61593 0.17086
f 4037/10229 4104/10352 4234/10220
vt 0.22215 0.56474
f 4153/9801 4132/9923 4207/10353
vt 0.34227 0.60822
f 4065/10187 4129/10166 4092/10354
vt 0.84930 0.26854
f 4033/10068 4067/10355 4128/10305
f 3967/10196 4151/10223 4114/10197
vt 0.28069 0.39965
f 4016/9729 4149/10356 4082/9866
f 3987/10002 4170/10126 4132/9923
vt 0.96919 0.23601
f 4047/10304 4139/10303 4073/10357
f 4049/10250 4086/10283 4074/10307
vt 0.17510 0.76947
f 4094/9982 4098/10358 4051/10033
vt 0.59911 0.62563
vt 0.59756 0.62740
vt 0.59798 0.62518
f 4047/10359 4137/10360 4078/10361
vt 0.59764 0.63087
vt 0.59735 0.63097
vt 0.59716 0.62990
f 4088/10362 4069/10363 4099/10364
vt 0.59938 0.62543
f 4044/10241 4047/10365 4073/10324
f 4044/10241 4076/10239 4047/10365
vt 0.49764 0.06120
f 4016/9896 4075/9774 4149/10366
vt 0.46835 0.44066
vt 0.47095 0.44078
vt 0.46991 0.44318
f 4122/10367 4083/10368 4195/10369
vt 0.24095 0.75692
f 4055/10274 4110/10264 4126/10370
vt 0.39273 0.96081
vt 0.39370 0.96329
f 4096/10371 4074/10372 4048/10338
vt 0.17399 0.76941
f 4094/9982 4128/10373 4098/10358
f 4137/10360 4047/10365 4076/10239
vt 0.97201 0.64514
vt 0.97341 0.64622
f 4088/10300 4099/10374 4085/10375
vt 0.55505 0.22625
f 3866/9584 4180/10376 4095/10204
vt 0.97339 0.64722
f 4088/10300 4085/10375 4103/10377
vt 0.05095 0.67671
f 4003/10006 4133/10378 4115/10145
vt 0.59836 0.62340
vt 0.59566 0.62443
f 4003/10379 4078/10361 4204/10380
vt 0.59748 0.62224
f 4003/10379 4204/10380 4133/10381
vt 0.97618 0.19138
vt 0.97566 0.19159
f 4072/10181 4109/10382 4160/10383
vt 0.59658 0.63674
vt 0.59541 0.63728
vt 0.59645 0.63519
f 4072/10384 4160/10385 4146/10386
vt 0.56014 0.22831
f 4010/9793 4203/10333 4196/10387
f 4099/10364 4137/10360 4076/10239
f 4099/10364 4076/10239 4085/10238
vt 0.84859 0.26614
vt 0.85016 0.26652
f 4067/10355 4102/10388 4143/10389
vt 0.59682 0.63867
f 4126/10282 4107/10390 4086/10283
vt 0.59776 0.63280
f 4096/10325 4106/10391 4080/10285
vt 0.59671 0.63770
f 4086/10283 4107/10390 4109/10392
vt 0.37266 0.98931
vt 0.37314 0.98883
vt 0.37314 0.98937
f 4048/10393 4074/10394 4109/10395
vt 0.74245 0.33414
f 4164/10288 4101/10396 4056/10227
f 4010/9793 4196/10387 4212/10114
vt 0.91806 0.06668
f 4091/10317 4122/10326 4134/10397
vt 0.98793 0.55608
vt 0.98742 0.55537
vt 0.98798 0.55537
f 4091/10398 4134/10399 4102/10400
vt 0.36534 0.33620
f 3964/9757 4228/10401 3991/9940
vt 0.59718 0.63196
f 4069/10363 4103/10402 4099/10364
vt 0.04949 0.67826
f 4073/10226 4139/10403 4138/10273
f 4085/10238 4080/10285 4106/10391
f 4085/10238 4106/10391 4103/10402
vt 0.28308 0.39914
f 4082/9866 4149/10356 4150/10404
vt 0.59681 0.63322
vt 0.59624 0.63382
f 4106/10405 4146/10386 4127/10406
vt 0.28564 0.40020
f 4082/9866 4150/10404 4211/10407
vt 0.78691 0.50819
f 3988/9795 4095/10408 4168/10218
f 4074/10307 4086/10283 4109/10392
vt 0.23998 0.75719
vt 0.24010 0.75791
f 4097/10409 4126/10370 4157/10410
vt 0.59595 0.64080
f 4126/10282 4097/10411 4107/10390
vt 0.17610 0.76831
f 4098/10358 4110/10412 4051/10033
f 3866/9584 4212/10114 4180/10376
vt 0.57250 0.23310
vt 0.57250 0.23517
vt 0.57181 0.23361
f 4056/10413 4101/10414 4112/10415
vt 0.59582 0.63860
f 4107/10390 4097/10411 4130/10416
f 4082/9866 4211/10407 4144/10009
f 4036/10073 4116/9946 4152/10335
vt 0.05115 0.67736
f 4115/10145 4133/10417 4139/10403
vt 0.35486 0.33985
f 4148/10159 4217/10418 4100/9960
vt 0.59676 0.93008
f 3986/10270 4161/10419 4054/10271
vt 0.35096 0.60862
f 4057/10112 4070/10084 4077/10420
f 4109/10392 4130/10416 4160/10385
f 4040/9693 4113/9939 4125/10316
f 3964/9757 4136/9792 4228/10401
f 4147/10265 3950/9798 4156/10295
vt 0.47528 0.44619
f 4142/9926 4245/10421 4116/9946
vt 0.41800 0.49111
vt 0.42058 0.49093
f 3986/10042 4062/10422 4161/10423
f 4012/9889 4234/10220 4084/10255
vt 0.34924 0.60896
f 4105/10172 4057/10112 4145/10424
vt 0.31248 0.34523
f 4068/9651 4002/9913 4194/10425
vt 0.34566 0.33942
f 4087/9862 4165/10426 4155/10079
f 4067/10355 4143/10389 4128/10305
vt 0.83376 0.07138
f 4104/10342 4065/10341 4092/10427
vt 0.04308 0.71032
f 4172/10110 4090/10124 4123/10428
vt 0.91587 0.06626
f 4122/10326 4117/10429 4134/10397
vt 0.96689 0.21045
vt 0.96639 0.21080
vt 0.96645 0.21016
f 4098/10430 4128/10431 4143/10432
vt 0.59586 0.64079
vt 0.59491 0.64091
vt 0.59583 0.63871
f 4097/10433 4179/10434 4130/10435
vt 0.95411 0.29604
vt 0.95329 0.29410
vt 0.95492 0.29500
f 4108/10436 4177/10437 4090/10438
f 4083/10336 4152/10335 4195/10369
vt 0.84757 0.26389
vt 0.84893 0.26412
f 4102/10388 4134/10439 4174/10440
vt 0.57062 0.23278
f 4056/10293 4112/10441 4111/10284
vt 0.36176 0.33846
f 3991/9940 4305/10442 4148/10159
vt 0.50119 0.06166
f 4075/9774 4168/10443 4149/10366
vt 0.59633 0.62258
f 4133/10381 4204/10380 4167/10444
vt 0.61465 0.17215
vt 0.61476 0.17126
f 4104/10352 4135/10445 4167/10446
vt 0.59509 0.64183
f 4097/10433 4157/10447 4179/10434
vt 0.96663 0.20979
f 4098/10430 4143/10432 4159/10448
vt 0.34765 0.60899
f 4105/10172 4162/10449 4129/10166
vt 0.70706 0.22546
vt 0.70595 0.22530
vt 0.70712 0.22415
f 4106/10450 4127/10451 4103/10452
vt 0.61437 0.17197
f 4135/10445 4133/10453 4167/10446
f 4068/9651 4194/10425 4052/10173
vt 0.56857 0.23154
vt 0.56863 0.23315
f 4121/10454 4111/10284 4154/10455
vt 0.85633 0.04989
vt 0.85498 0.04941
vt 0.85577 0.04825
f 4119/10456 4138/10457 4139/10458
vt 0.83402 0.07381
f 4104/10342 4092/10427 4135/10459
vt 0.85684 0.04856
f 4119/10456 4139/10458 4162/10460
f 4105/10172 4145/10424 4162/10449
vt 0.04106 0.70292
vt 0.04287 0.70258
f 4050/10461 4079/10315 4222/10462
vt 0.37286 0.33551
f 4136/9792 4147/10265 4241/10463
f 4081/10224 4138/10457 4119/10329
f 4057/10112 4077/10420 4145/10424
vt 0.89926 0.39424
f 4151/10223 4221/10464 4114/10197
vt 0.24137 0.75795
f 4126/10370 4110/10264 4140/10465
vt 0.31772 0.34537
f 4089/9564 4293/10466 4002/9913
vt 0.34062 0.34125
f 4113/9939 4155/10079 4201/10467
vt 0.42487 0.49256
vt 0.42401 0.49170
vt 0.42480 0.49172
f 4120/10468 4054/10469 4183/10470
vt 0.95303 0.29548
f 4108/10436 4141/10471 4177/10437
vt 0.70660 0.22238
f 4099/10472 4103/10452 4127/10451
vt 0.85654 0.04758
f 4139/10458 4135/10473 4162/10460
vt 0.74605 0.33324
f 4124/10098 4185/10474 4164/10288
vt 0.97243 0.22017
vt 0.97376 0.22113
vt 0.97240 0.22140
f 4135/10475 4139/10476 4133/10477
vt 0.83558 0.07867
f 4119/10331 4145/10478 4077/10332
vt 0.83483 0.07413
vt 0.83532 0.07648
f 4135/10459 4163/10479 4162/10480
vt 0.84977 0.26498
f 4102/10388 4174/10440 4159/10481
vt 0.70665 0.21987
vt 0.70572 0.21892
vt 0.70648 0.21768
f 4137/10482 4184/10483 4078/10484
vt 0.91729 0.06602
f 4117/10429 4173/10485 4134/10397
f 4126/10370 4140/10465 4157/10410
vt 0.65944 0.96174
vt 0.65864 0.96301
vt 0.65804 0.96266
f 4112/10486 4154/10487 4111/10488
vt 0.34463 0.60889
f 4092/10354 4129/10166 4163/10489
vt 0.41831 0.48934
f 4062/10422 4181/10490 4161/10423
vt 0.17487 0.76798
vt 0.17577 0.76639
f 4110/10412 4098/10491 4140/10492
vt 0.33667 0.34230
f 4125/10316 4113/9939 4189/10493
vt 0.70730 0.24021
vt 0.70656 0.24027
vt 0.70695 0.23935
f 4122/10494 4192/10495 4117/10496
vt 0.83414 0.07210
vt 0.83451 0.07289
f 4135/10459 4092/10497 4163/10498
vt 0.17479 0.76653
f 4159/10499 4140/10492 4098/10491
vt 0.61498 0.16855
f 4104/10352 4169/10500 4234/10220
f 4102/10388 4159/10481 4143/10389
f 4017/9487 4125/10316 4178/9959
vt 0.70557 0.23300
vt 0.70639 0.23503
vt 0.70542 0.23433
f 4179/10501 4157/10502 4226/10503
vt 0.59766 0.93082
f 4054/10271 4161/10419 4175/10504
f 4089/9564 4200/10111 4293/10466
f 4079/10315 4118/10351 4222/10462
f 4121/10454 4154/10455 4176/10254
vt 0.56409 0.23124
f 4176/10254 4209/10505 4093/10038
vt 0.59589 0.62144
vt 0.59597 0.62203
vt 0.59457 0.62198
f 4104/10506 4167/10507 4169/10508
vt 0.04201 0.70423
f 4050/10461 4222/10462 4141/10509
vt 0.16525 0.97652
vt 0.16615 0.97611
vt 0.16598 0.97703
f 4157/10510 4140/10511 4159/10512
vt 0.83558 0.07742
f 4119/10331 4162/10480 4145/10513
f 4162/10449 4163/10489 4129/10166
vt 0.59568 0.62742
f 4078/10361 4184/10514 4204/10380
vt 0.74662 0.33529
f 4164/10288 4185/10474 4298/10515
f 3991/9940 4228/10401 4305/10442
vt 0.61686 0.16479
f 4234/10220 4182/10516 4084/10255
vt 0.93593 0.59614
vt 0.93720 0.59662
vt 0.93641 0.59825
f 4144/10517 4211/10518 4118/10519
vt 0.22481 0.57227
f 4114/10350 4187/10520 4170/10126
f 4203/10333 4093/10038 4209/10505
vt 0.35027 0.34009
f 4100/9960 4273/10521 4087/9862
vt 0.16589 0.97771
f 4157/10510 4159/10512 4174/10522
vt 0.98790 0.02110
vt 0.98740 0.02141
vt 0.98743 0.02080
f 4157/10523 4174/10524 4188/10525
vt 0.78703 0.50618
vt 0.78921 0.50594
f 4095/10408 4180/10526 4158/10527
f 4095/10408 4158/10527 4168/10218
vt 0.57045 0.23575
f 4112/10415 4101/10414 4243/10528
vt 0.70686 0.23171
vt 0.70531 0.23104
f 4130/10529 4179/10501 4219/10530
vt 0.70663 0.22990
f 4130/10529 4219/10530 4160/10531
vt 0.39185 0.33185
f 4120/10063 4183/10532 4131/10277
vt 0.50013 0.06587
f 4168/10443 4307/10533 4149/10366
vt 0.57078 0.23346
f 4112/10534 4243/10528 4154/10455
vt 0.70552 0.22242
f 4137/10482 4099/10472 4199/10535
f 4137/10482 4199/10535 4184/10483
vt 0.84856 0.26321
f 4174/10440 4134/10439 4173/10536
vt 0.21986 0.56697
f 4132/9923 4170/10126 4220/10537
vt 0.47882 0.44685
f 4052/10311 4194/10538 4142/9926
vt 0.89918 0.39238
f 4114/10197 4221/10464 4187/10539
vt 0.41547 0.48938
f 4062/10422 4172/10540 4181/10490
f 4116/9946 4245/10421 4152/10335
vt 0.32613 0.34447
f 4178/9959 4250/10541 4200/10111
f 4087/9862 4273/10521 4165/10426
f 4155/10079 4165/10426 4201/10467
vt 0.47225 0.44464
f 4152/10335 4191/10542 4195/10369
f 4194/10425 4002/9913 4293/10466
vt 0.41993 0.48859
f 4161/10423 4181/10490 4213/10543
vt 0.70651 0.22801
vt 0.70536 0.22766
f 4146/10544 4198/10545 4127/10451
f 4099/10472 4127/10451 4199/10535
f 4132/9923 4220/10537 4207/10353
vt 0.46748 0.44292
f 4122/10367 4195/10369 4192/10546
vt 0.70571 0.23651
f 4157/10502 4188/10547 4226/10503
vt 0.89939 0.39736
f 4151/10223 4084/10242 4182/10548
vt 0.28440 0.39821
f 4150/10404 4171/10549 4211/10407
vt 0.04345 0.70912
vt 0.04379 0.70773
vt 0.04395 0.71023
f 4090/10550 4177/10551 4123/10552
f 4142/9926 4194/10538 4245/10421
vt 0.35881 0.33981
f 4148/10159 4202/10553 4217/10418
f 4151/10223 4182/10548 4221/10464
vt 0.04506 0.70432
f 4141/10509 4193/10554 4177/10551
vt 0.70523 0.22931
f 4160/10531 4260/10555 4146/10544
vt 0.59435 0.64414
vt 0.59394 0.64430
vt 0.59374 0.64365
f 4174/10556 4173/10557 4188/10558
vt 0.33002 0.34429
f 4125/10316 4216/10559 4178/9959
vt 0.33414 0.34432
f 4125/10316 4189/10493 4359/10560
vt 0.38020 0.33570
f 4156/10295 4319/10561 4147/10265
f 4152/10335 4245/10421 4191/10542
vt 0.42201 0.49064
vt 0.42322 0.48923
f 4175/10562 4266/10563 4054/10469
vt 0.56674 0.23143
vt 0.56718 0.23534
vt 0.56503 0.23218
f 4176/10564 4281/10565 4206/10566
vt 0.70563 0.23846
vt 0.70636 0.23723
f 4117/10496 4186/10567 4173/10568
vt 0.70501 0.24047
f 4117/10496 4210/10569 4186/10567
f 4176/10564 4154/10455 4281/10565
vt 0.11214 0.84806
vt 0.11237 0.84899
vt 0.11130 0.84938
f 4176/10570 4206/10571 4209/10572
vt 0.04528 0.71191
f 4123/10552 4177/10551 4259/10573
vt 0.04400 0.71256
f 4123/10552 4259/10573 4172/10574
f 4146/10544 4260/10555 4198/10545
vt 0.70514 0.24143
f 4117/10496 4192/10575 4210/10569
vt 0.50178 0.06374
f 4168/10443 4158/10576 4307/10533
vt 0.21958 0.56265
f 4153/9801 4246/10577 4185/10266
f 4148/10159 4305/10442 4202/10553
f 4100/9960 4217/10418 4273/10521
f 4160/10531 4219/10530 4260/10555
vt 0.49822 0.06501
f 4149/10366 4307/10533 4315/10578
vt 0.04571 0.70746
f 4177/10551 4193/10554 4240/10579
vt 0.70514 0.23792
f 4186/10580 4188/10547 4173/10568
vt 0.70495 0.23733
f 4186/10580 4190/10581 4188/10547
f 4154/10455 4243/10528 4281/10565
vt 0.95122 0.28863
vt 0.95102 0.28977
vt 0.95020 0.28768
f 4186/10582 4210/10583 4190/10584
vt 0.70457 0.23485
f 4188/10547 4225/10585 4226/10503
vt 0.70444 0.23554
f 4188/10547 4208/10586 4225/10585
vt 0.97850 0.26288
vt 0.97957 0.26232
vt 0.97930 0.26351
f 4190/10587 4210/10588 4233/10589
vt 0.97610 0.02942
vt 0.97642 0.03073
vt 0.97567 0.03055
f 4190/10590 4233/10591 4205/10592
vt 0.70228 0.23697
f 4188/10547 4254/10593 4208/10586
f 4188/10547 4190/10581 4254/10593
f 4141/10509 4222/10462 4193/10554
vt 0.93764 0.59978
f 4118/10519 4211/10518 4262/10594
vt 0.42474 0.49073
f 4054/10469 4266/10563 4183/10595
vt 0.46895 0.44390
f 4195/10369 4197/10596 4192/10546
vt 0.59524 0.63254
vt 0.59437 0.63418
vt 0.59533 0.63009
f 4127/10597 4198/10598 4199/10599
vt 0.38461 0.33594
f 4156/10295 4166/10078 4411/10600
vt 0.31457 0.34682
f 4194/10425 4293/10466 4247/10601
vt 0.42097 0.48920
f 4161/10423 4213/10543 4175/10602
vt 0.59501 0.62335
vt 0.59404 0.62289
f 4167/10603 4204/10380 4169/10604
f 4153/9801 4207/10353 4246/10577
vt 0.70318 0.23830
vt 0.70231 0.23921
f 4190/10605 4205/10606 4254/10593
vt 0.04481 0.71434
vt 0.04407 0.71507
f 4172/10574 4352/10607 4181/10608
vt 0.22121 0.56867
f 4187/10520 4283/10609 4170/10126
vt 0.36963 0.33801
f 4136/9792 4258/10610 4228/10401
vt 0.32379 0.34735
f 4200/10111 4250/10541 4381/10611
f 4113/9939 4201/10467 4189/10493
f 4172/10574 4259/10573 4352/10607
vt 0.47684 0.44750
f 4245/10421 4194/10538 4247/10612
f 4220/10537 4170/10126 4283/10609
vt 0.59325 0.62291
f 4169/10604 4204/10380 4232/10613
vt 0.74554 0.33753
f 4164/10288 4298/10515 4337/10614
vt 0.47165 0.44507
f 4191/10542 4236/10615 4195/10369
vt 0.95085 0.29185
vt 0.95006 0.29118
vt 0.95105 0.29087
f 4192/10616 4197/10617 4210/10618
vt 0.28098 0.39591
f 4150/10404 4149/10356 4315/10619
f 4136/9792 4241/10463 4258/10610
vt 0.97590 0.18024
vt 0.97651 0.18151
vt 0.97566 0.18108
f 4175/10620 4218/10621 4266/10622
vt 0.55833 0.23060
f 4196/10387 4279/10623 4212/10114
vt 0.59357 0.62732
f 4204/10380 4184/10514 4346/10624
vt 0.61343 0.16755
f 4169/10500 4232/10625 4234/10220
vt 0.18057 0.82154
vt 0.17973 0.82247
vt 0.17805 0.82131
f 4208/10626 4268/10627 4225/10628
vt 0.55500 0.22943
f 4180/10376 4212/10114 4325/10629
vt 0.98118 0.58327
vt 0.98161 0.58347
vt 0.98116 0.58394
f 4205/10630 4233/10631 4236/10632
vt 0.74384 0.33717
f 4164/10288 4263/10633 4101/10396
f 4199/10599 4346/10624 4184/10514
vt 0.59313 0.63107
f 4199/10599 4289/10634 4346/10624
vt 0.57206 0.23822
f 4101/10414 4263/10635 4243/10528
f 4199/10599 4198/10598 4289/10634
vt 0.90844 0.34978
vt 0.90676 0.34893
vt 0.90826 0.34824
f 4215/10636 4238/10637 4231/10638
vt 0.11476 0.85018
vt 0.11382 0.85120
f 4206/10571 4249/10639 4214/10640
f 4196/10387 4203/10333 4279/10623
f 4206/10571 4214/10640 4209/10572
vt 0.04557 0.70272
f 4222/10462 4239/10641 4193/10554
vt 0.80170 0.77498
vt 0.80203 0.77647
vt 0.79849 0.77590
f 4211/10642 4171/10643 4262/10644
vt 0.59385 0.63812
vt 0.59379 0.63966
vt 0.59351 0.63865
f 4219/10645 4179/10646 4229/10647
vt 0.33770 0.82985
vt 0.33800 0.83439
vt 0.33529 0.83218
f 4283/10648 4187/10649 4297/10650
vt 0.94997 0.88356
vt 0.95147 0.88482
vt 0.95038 0.88611
f 4206/10651 4311/10652 4249/10653
vt 0.91327 0.52236
vt 0.91333 0.52385
vt 0.91075 0.52308
f 4215/10654 4256/10655 4251/10656
vt 0.86233 0.50629
vt 0.86164 0.50404
vt 0.86281 0.50498
f 4215/10657 4231/10658 4261/10659
vt 0.50188 0.06675
f 4307/10533 4158/10576 4274/10660
vt 0.33540 0.83460
f 4187/10649 4221/10661 4297/10650
vt 0.59383 0.63660
vt 0.59239 0.63457
f 4198/10598 4260/10662 4265/10663
vt 0.59339 0.62468
f 4204/10380 4346/10624 4230/10664
vt 0.91175 0.52130
f 4215/10654 4251/10656 4238/10665
f 4204/10380 4230/10664 4232/10613
vt 0.94998 0.28949
vt 0.95049 0.29032
f 4233/10666 4210/10583 4224/10667
vt 0.31655 0.34756
f 4293/10466 4223/10668 4247/10601
vt 0.70154 0.24064
vt 0.70188 0.24203
vt 0.70105 0.24158
f 4236/10669 4191/10670 4248/10671
vt 0.11111 0.85188
f 4209/10572 4214/10640 4203/10672
vt 0.56470 0.23425
f 4206/10566 4281/10565 4311/10673
vt 0.59192 0.64047
vt 0.59306 0.63917
f 4179/10646 4278/10674 4229/10675
f 4164/10288 4337/10614 4263/10633
vt 0.59328 0.64124
f 4179/10646 4226/10676 4278/10674
vt 0.46868 0.44435
vt 0.46784 0.44400
f 4197/10596 4224/10677 4210/10678
vt 0.47249 0.44606
vt 0.47232 0.44532
f 4245/10421 4248/10679 4191/10680
vt 0.70069 0.23918
f 4205/10606 4236/10669 4277/10681
vt 0.47122 0.44559
vt 0.47070 0.44660
f 4195/10369 4227/10682 4282/10683
f 4125/10316 4359/10560 4216/10559
vt 0.34529 0.34299
f 4165/10426 4369/10684 4201/10467
f 4177/10551 4240/10579 4259/10573
f 4195/10369 4282/10683 4197/10596
vt 0.97616 0.95072
vt 0.97565 0.94989
vt 0.97608 0.94921
f 4207/10685 4257/10686 4246/10687
f 4236/10615 4227/10682 4195/10369
vt 0.79540 0.80609
vt 0.79680 0.80735
vt 0.79584 0.80756
f 4276/10688 4226/10689 4225/10690
vt 0.80011 0.77875
f 4171/10643 4269/10691 4262/10644
vt 0.38921 0.33612
f 4166/10078 4131/10277 4378/10692
vt 0.79621 0.80484
vt 0.79730 0.80540
f 4276/10688 4235/10693 4229/10694
f 4276/10688 4229/10694 4226/10689
vt 0.21726 0.56171
f 4185/10266 4246/10577 4309/10695
f 4178/9959 4216/10559 4250/10541
vt 0.98188 0.58384
vt 0.98175 0.58452
f 4236/10632 4233/10696 4227/10697
vt 0.93664 0.69796
vt 0.93814 0.69767
vt 0.93639 0.69902
f 4233/10698 4224/10699 4237/10700
f 4166/10078 4378/10692 4411/10600
vt 0.46940 0.44550
f 4197/10596 4282/10683 4272/10701
vt 0.78068 0.19814
vt 0.77974 0.19655
vt 0.78059 0.19699
f 4219/10702 4253/10703 4244/10704
vt 0.77970 0.20118
vt 0.78001 0.20247
vt 0.77848 0.20244
f 4276/10705 4225/10706 4268/10707
vt 0.79622 0.80320
vt 0.79675 0.80193
vt 0.79656 0.80306
f 4219/10708 4244/10709 4260/10710
vt 0.77980 0.19916
f 4219/10702 4235/10711 4253/10703
vt 0.61342 0.16557
vt 0.61661 0.16536
f 4234/10220 4242/10712 4182/10713
vt 0.54785 0.97691
vt 0.54787 0.97827
vt 0.54741 0.97740
f 4219/10714 4229/10715 4235/10716
vt 0.86352 0.50737
f 4215/10657 4261/10659 4256/10717
vt 0.78730 0.50382
f 4180/10526 4325/10718 4158/10527
vt 0.11293 0.85356
f 4203/10672 4214/10640 4323/10719
f 4198/10598 4265/10663 4289/10634
vt 0.21838 0.56537
f 4207/10353 4220/10537 4334/10720
vt 0.02318 0.76965
vt 0.02170 0.76761
vt 0.02355 0.76660
f 4346/10721 4264/10722 4230/10723
vt 0.93603 0.60033
f 4118/10519 4262/10594 4222/10724
vt 0.96708 0.62497
vt 0.96659 0.62631
vt 0.96637 0.62471
f 4236/10725 4248/10726 4237/10727
vt 0.96646 0.62389
f 4236/10725 4237/10727 4277/10728
vt 0.42114 0.48737
f 4175/10602 4213/10543 4218/10729
vt 0.60517 0.96078
vt 0.60451 0.96253
vt 0.60468 0.96079
f 4197/10730 4272/10731 4224/10732
vt 0.77714 0.19971
f 4276/10705 4340/10733 4235/10711
vt 0.21723 0.55943
f 4185/10266 4309/10695 4298/10734
vt 0.41870 0.48840
vt 0.41855 0.48723
f 4181/10735 4352/10736 4213/10543
vt 0.77906 0.19752
f 4235/10711 4255/10737 4253/10703
vt 0.90830 0.34655
f 4231/10638 4238/10637 4287/10738
vt 0.97864 0.57827
vt 0.97944 0.57821
vt 0.97913 0.57936
f 4233/10739 4237/10740 4227/10741
vt 0.41748 0.90693
vt 0.41649 0.90733
vt 0.41716 0.90598
f 4238/10742 4251/10743 4304/10744
vt 0.61421 0.16552
vt 0.61454 0.16424
f 4182/10516 4242/10745 4339/10746
vt 0.40723 0.48535
vt 0.41032 0.48501
vt 0.41085 0.48691
f 4193/10747 4313/10748 4240/10749
vt 0.86227 0.50255
f 4231/10658 4287/10750 4261/10659
f 4205/10606 4277/10681 4254/10593
vt 0.36595 0.34023
f 4228/10401 4258/10610 4357/10751
vt 0.28387 0.39601
f 4150/10404 4315/10619 4299/10752
f 4150/10404 4299/10752 4171/10549
vt 0.93781 0.69809
vt 0.93749 0.69942
f 4237/10700 4224/10753 4272/10754
vt 0.70211 0.23509
vt 0.69964 0.23549
f 4208/10755 4254/10593 4275/10756
vt 0.86449 0.50700
vt 0.86642 0.50755
f 4256/10717 4338/10757 4403/10758
vt 0.33307 0.83526
vt 0.33300 0.83298
f 4221/10661 4182/10759 4358/10760
vt 0.39209 0.33494
f 4131/10277 4183/10532 4343/10761
f 4200/10111 4381/10611 4293/10466
vt 0.32839 0.34999
f 4216/10559 4524/10762 4250/10541
vt 0.34993 0.34435
f 4165/10426 4273/10521 4439/10763
vt 0.42518 0.48851
f 4183/10595 4266/10563 4343/10764
vt 0.97950 0.57913
f 4227/10741 4237/10740 4248/10765
f 4156/10295 4411/10600 4319/10561
vt 0.11157 0.85496
f 4203/10672 4323/10719 4279/10766
vt 0.61567 0.16164
f 4182/10516 4339/10746 4358/10767
vt 0.78944 0.50332
f 4158/10527 4325/10718 4274/10768
vt 0.79835 0.80693
f 4226/10689 4229/10694 4278/10769
vt 0.77766 0.19813
f 4235/10711 4310/10770 4255/10737
vt 0.47523 0.44840
f 4245/10421 4247/10612 4321/10771
f 4232/10625 4242/10712 4234/10220
vt 0.86392 0.50661
f 4256/10717 4261/10659 4267/10772
vt 0.90689 0.34602
f 4287/10738 4238/10637 4252/10773
vt 0.21823 0.56401
f 4207/10353 4334/10720 4257/10774
vt 0.79584 0.80054
vt 0.79621 0.79802
vt 0.79799 0.79942
f 4253/10775 4271/10776 4306/10777
f 4253/10775 4306/10777 4244/10709
vt 0.93692 0.60220
f 4222/10724 4262/10594 4239/10778
vt 0.41654 0.90679
f 4251/10743 4290/10779 4304/10744
vt 0.21918 0.56349
f 4246/10780 4257/10774 4309/10695
f 4131/10277 4343/10761 4378/10692
vt 0.79565 0.79526
vt 0.79716 0.79648
f 4284/10781 4285/10782 4271/10776
vt 0.80190 0.77881
f 4171/10643 4299/10783 4269/10691
vt 0.79811 0.79252
f 4284/10781 4264/10784 4285/10782
vt 0.96363 0.77597
vt 0.96413 0.77542
vt 0.96447 0.77734
f 4265/10785 4260/10786 4280/10787
vt 0.79652 0.79095
f 4284/10781 4296/10788 4264/10784
vt 0.78042 0.18566
vt 0.77957 0.18377
vt 0.78037 0.18336
f 4296/10789 4267/10790 4261/10791
vt 0.56561 0.23551
f 4281/10565 4302/10792 4311/10673
vt 0.77974 0.19003
vt 0.77875 0.18623
f 4284/10793 4286/10794 4296/10789
vt 0.56988 0.23815
f 4243/10528 4292/10795 4281/10565
f 4296/10789 4286/10794 4267/10790
f 4212/10114 4279/10623 4325/10629
vt 0.90474 0.34797
vt 0.90556 0.34630
f 4238/10637 4304/10796 4288/10797
f 4256/10717 4267/10772 4338/10757
vt 0.33533 0.82917
f 4283/10648 4297/10650 4308/10798
f 4213/10543 4352/10736 4218/10729
vt 0.47240 0.44751
f 4248/10679 4245/10421 4335/10799
f 4248/10679 4335/10799 4227/10682
f 4271/10776 4285/10782 4306/10777
f 4221/10661 4358/10760 4297/10650
vt 0.93703 0.69960
f 4237/10700 4272/10754 4351/10800
vt 0.91145 0.52522
f 4251/10656 4256/10655 4405/10801
vt 0.18182 0.82359
f 4208/10626 4275/10802 4268/10627
vt 0.47356 0.44851
f 4245/10421 4327/10803 4335/10799
vt 0.51368 0.06893
vt 0.51131 0.07005
vt 0.51278 0.06890
f 4249/10804 4360/10805 4214/10806
vt 0.51337 0.07039
f 4249/10804 4342/10807 4360/10805
vt 0.41425 0.48737
f 4240/10749 4313/10748 4259/10808
f 4227/10682 4335/10799 4282/10683
vt 0.37190 0.34043
f 4241/10463 4447/10809 4258/10610
vt 0.02279 0.77208
vt 0.02273 0.77665
vt 0.02185 0.77427
f 4289/10810 4265/10811 4332/10812
vt 0.77776 0.19840
f 4235/10711 4340/10733 4310/10813
vt 0.37634 0.33957
f 4147/10265 4492/10814 4241/10463
vt 0.96493 0.77573
f 4260/10786 4244/10815 4280/10787
vt 0.79596 0.78829
vt 0.79803 0.78844
f 4261/10816 4301/10817 4296/10788
vt 0.70140 0.24016
vt 0.70020 0.24035
vt 0.70096 0.23991
f 4237/10818 4351/10819 4277/10820
vt 0.41678 0.48528
f 4259/10808 4391/10821 4352/10736
f 4245/10421 4321/10771 4327/10803
vt 0.77677 0.20052
f 4276/10705 4291/10822 4340/10733
vt 0.79776 0.78800
f 4261/10816 4287/10823 4301/10817
f 4238/10637 4288/10797 4252/10773
vt 0.11538 0.85351
f 4214/10640 4360/10824 4323/10719
vt 0.77747 0.18348
f 4267/10790 4286/10794 4338/10825
vt 0.61256 0.16730
vt 0.61230 0.16799
vt 0.61076 0.16664
f 4232/10826 4230/10827 4373/10828
vt 0.69967 0.23744
f 4254/10593 4277/10681 4312/10829
vt 0.33906 0.34583
f 4201/10467 4370/10830 4189/10493
vt 0.77819 0.18977
f 4284/10793 4270/10831 4286/10794
vt 0.77659 0.20237
f 4276/10705 4268/10707 4349/10832
vt 0.40531 0.48336
vt 0.40687 0.48153
f 4239/10833 4470/10834 4193/10747
vt 0.69954 0.23646
f 4254/10593 4312/10835 4275/10756
vt 0.79888 0.80189
f 4244/10709 4306/10777 4280/10836
f 4243/10528 4263/10635 4292/10795
vt 0.74260 0.33962
f 4263/10633 4337/10614 4333/10837
vt 0.61139 0.16843
f 4230/10827 4264/10838 4373/10828
vt 0.91306 0.52591
f 4256/10655 4403/10839 4405/10801
f 4147/10265 4319/10561 4492/10814
vt 0.93622 0.15490
vt 0.93767 0.15480
vt 0.93680 0.15601
f 4290/10840 4341/10841 4304/10842
vt 0.77958 0.19307
vt 0.77705 0.19177
f 4284/10793 4271/10843 4350/10844
f 4284/10793 4350/10844 4270/10831
vt 0.93614 0.15442
vt 0.93704 0.15206
f 4290/10845 4294/10846 4341/10841
vt 0.69924 0.23912
f 4277/10681 4351/10819 4414/10847
vt 0.79607 0.77815
vt 0.79583 0.77617
f 4262/10644 4336/10848 4239/10849
vt 0.94516 0.38493
vt 0.94459 0.38700
vt 0.94383 0.38449
f 4294/10850 4290/10851 4324/10852
vt 0.94487 0.38256
f 4294/10850 4324/10852 4295/10853
f 4276/10705 4349/10832 4291/10822
vt 0.41497 0.90809
vt 0.41604 0.90691
f 4251/10743 4329/10854 4290/10855
vt 0.02240 0.77786
vt 0.02201 0.77762
f 4265/10811 4280/10856 4328/10857
vt 0.95161 0.88736
f 4249/10653 4311/10652 4342/10858
f 4277/10681 4414/10847 4312/10829
vt 0.78791 0.50136
f 4274/10768 4325/10718 4375/10859
vt 0.77757 0.19418
f 4271/10843 4344/10860 4350/10844
vt 0.79930 0.79473
f 4285/10782 4264/10784 4303/10861
vt 0.82028 0.61234
vt 0.81747 0.61238
vt 0.82002 0.61073
f 4263/10862 4333/10863 4292/10864
vt 0.94354 0.38263
f 4295/10853 4324/10852 4320/10865
vt 0.38067 0.33931
f 4319/10561 4411/10600 4410/10866
f 4305/10442 4228/10401 4357/10751
vt 0.18039 0.82479
f 4268/10627 4275/10802 4349/10867
f 4253/10703 4344/10860 4271/10843
vt 0.77783 0.19697
f 4253/10703 4255/10868 4344/10860
f 4262/10644 4269/10691 4336/10848
vt 0.55572 0.23155
f 4279/10623 4356/10869 4325/10629
vt 0.93605 0.15101
vt 0.93776 0.15081
f 4295/10870 4331/10871 4294/10846
vt 0.33310 0.83011
f 4297/10650 4355/10872 4308/10798
vt 0.33682 0.82677
f 4283/10648 4308/10798 4220/10873
f 4297/10650 4358/10760 4355/10872
vt 0.56315 0.23589
f 4311/10673 4302/10792 4318/10874
f 4193/10747 4470/10834 4313/10748
vt 0.94356 0.38767
vt 0.94330 0.38719
f 4290/10851 4329/10875 4314/10876
vt 0.02145 0.77561
f 4332/10812 4265/10811 4300/10877
f 4165/10426 4439/10763 4369/10684
vt 0.90772 0.34537
vt 0.90848 0.34488
f 4287/10738 4252/10878 4317/10879
vt 0.79860 0.79108
f 4296/10788 4374/10880 4264/10784
vt 0.18128 0.82601
f 4275/10802 4322/10881 4349/10867
f 4273/10521 4217/10418 4439/10763
vt 0.79936 0.80028
f 4306/10777 4300/10882 4280/10836
vt 0.31601 0.34907
f 4247/10601 4223/10668 4382/10883
vt 0.88564 0.10921
vt 0.88455 0.11083
vt 0.88422 0.10829
f 4318/10884 4430/10885 4311/10886
f 4265/10811 4328/10857 4300/10877
vt 0.47166 0.44946
f 4282/10683 4335/10799 4383/10887
vt 0.47002 0.44792
f 4282/10683 4383/10887 4351/10888
vt 0.86313 0.50087
vt 0.86312 0.50238
f 4287/10750 4317/10889 4301/10890
vt 0.71356 0.90888
vt 0.71178 0.90831
vt 0.71352 0.90808
f 4310/10891 4326/10892 4255/10893
vt 0.95038 0.18261
vt 0.95041 0.18429
vt 0.95011 0.18316
f 4247/10894 4382/10895 4321/10896
vt 0.33211 0.34884
f 4359/10560 4486/10897 4216/10559
f 4232/10826 4373/10828 4242/10712
vt 0.77695 0.18645
f 4286/10794 4270/10831 4392/10898
f 4201/10467 4369/10684 4370/10830
vt 0.88831 0.96112
vt 0.88713 0.96219
vt 0.88714 0.96004
f 4295/10899 4320/10900 4331/10901
f 4286/10794 4392/10898 4338/10825
vt 0.33465 0.82711
f 4308/10798 4364/10902 4220/10873
vt 0.79954 0.79721
f 4285/10782 4303/10861 4345/10903
f 4285/10782 4345/10903 4306/10777
vt 0.98244 0.50107
vt 0.98283 0.50182
vt 0.98254 0.50199
f 4310/10904 4340/10905 4326/10906
vt 0.93830 0.15597
f 4304/10842 4341/10841 4371/10907
vt 0.41730 0.90470
vt 0.41562 0.90295
vt 0.41704 0.90344
f 4304/10908 4371/10909 4288/10910
f 4296/10788 4301/10817 4374/10880
vt 0.42349 0.48670
f 4266/10563 4218/10729 4316/10911
vt 0.28151 0.39388
f 4299/10752 4315/10619 4354/10912
vt 0.79945 0.80148
f 4280/10836 4300/10882 4347/10913
vt 0.56677 0.23791
f 4292/10795 4330/10914 4281/10565
vt 0.32085 0.35084
f 4293/10466 4381/10611 4453/10915
f 4241/10463 4492/10814 4447/10809
vt 0.56628 0.23686
f 4281/10565 4330/10916 4302/10792
vt 0.97324 0.21108
vt 0.97322 0.21281
vt 0.97228 0.21266
f 4302/10917 4330/10918 4460/10919
vt 0.41252 0.48295
f 4259/10808 4313/10748 4504/10920
f 4250/10541 4524/10762 4381/10611
vt 0.98807 0.18142
vt 0.98837 0.18199
vt 0.98807 0.18261
f 4275/10921 4312/10922 4322/10923
vt 0.91005 0.52473
f 4251/10656 4405/10801 4329/10924
vt 0.49860 0.06783
f 4315/10578 4307/10533 4354/10925
vt 0.88229 0.10961
f 4311/10886 4430/10885 4342/10926
vt 0.77707 0.19024
f 4270/10831 4350/10844 4392/10927
vt 0.11443 0.85662
f 4323/10719 4384/10928 4279/10766
vt 0.60971 0.16818
f 4264/10838 4374/10929 4373/10828
vt 0.79899 0.78814
vt 0.79886 0.78947
f 4301/10817 4426/10930 4438/10931
vt 0.74777 0.33845
f 4298/10515 4361/10932 4337/10614
vt 0.74817 0.33701
f 4309/10933 4361/10932 4298/10515
f 4266/10563 4316/10911 4343/10764
vt 0.94762 0.22210
vt 0.94710 0.22069
vt 0.94846 0.22124
f 4288/10934 4371/10935 4252/10936
vt 0.96487 0.77812
vt 0.96468 0.77801
f 4280/10787 4347/10937 4328/10938
f 4301/10817 4438/10931 4374/10880
vt 0.93815 0.15324
f 4294/10846 4396/10939 4341/10841
f 4294/10846 4331/10871 4396/10939
vt 0.71213 0.90712
f 4255/10893 4326/10892 4380/10940
f 4290/10851 4314/10876 4324/10852
vt 0.46980 0.44705
f 4272/10941 4282/10683 4351/10888
vt 0.02060 0.77071
f 4346/10721 4303/10942 4264/10722
vt 0.88620 0.96166
f 4331/10901 4320/10900 4363/10943
vt 0.47247 0.44817
vt 0.47339 0.44864
vt 0.47229 0.45025
f 4335/10944 4327/10945 4383/10946
vt 0.02097 0.77669
f 4328/10857 4348/10947 4300/10877
f 4259/10808 4504/10920 4391/10821
vt 0.77600 0.20098
f 4291/10822 4349/10832 4399/10948
vt 0.61206 0.16165
vt 0.61463 0.16057
f 4339/10746 4456/10949 4388/10950
vt 0.81623 0.60835
f 4292/10864 4333/10863 4463/10951
vt 0.28505 0.39342
f 4299/10752 4354/10912 4454/10952
vt 0.79947 0.80122
f 4347/10913 4300/10882 4389/10953
vt 0.41307 0.90674
vt 0.41455 0.90714
f 4329/10854 4419/10954 4314/10955
vt 0.91017 0.52595
f 4329/10924 4405/10801 4419/10956
vt 0.86493 0.50140
f 4301/10890 4317/10889 4426/10957
vt 0.33581 0.82358
vt 0.33756 0.82562
f 4220/10873 4365/10958 4334/10959
vt 0.33327 0.82746
f 4308/10798 4355/10872 4435/10960
vt 0.81884 0.60608
f 4292/10864 4463/10951 4425/10961
vt 0.35760 0.34558
f 4217/10418 4202/10553 4353/10962
vt 0.81967 0.60693
f 4292/10864 4425/10961 4330/10963
f 4323/10719 4360/10824 4384/10928
vt 0.60970 0.16395
f 4242/10712 4373/10828 4506/10964
f 4339/10746 4388/10950 4358/10767
vt 0.79972 0.79880
f 4306/10777 4367/10965 4300/10882
vt 0.74477 0.34212
f 4333/10837 4337/10614 4451/10966
vt 0.80154 0.78162
f 4299/10783 4454/10967 4269/10691
vt 0.02085 0.77332
f 4332/10812 4345/10968 4289/10810
f 4216/10559 4486/10897 4524/10762
f 4359/10560 4189/10493 4370/10830
f 4319/10561 4410/10866 4492/10814
vt 0.02135 0.77747
f 4348/10947 4328/10857 4347/10969
f 4306/10777 4345/10903 4367/10965
f 4289/10810 4345/10968 4303/10942
vt 0.93449 0.88005
vt 0.93348 0.87773
vt 0.93425 0.87764
f 4324/10970 4363/10971 4320/10972
f 4289/10810 4303/10942 4346/10721
vt 0.31797 0.35031
f 4223/10668 4293/10466 4442/10973
f 4293/10466 4453/10915 4442/10973
vt 0.02075 0.77501
f 4332/10812 4300/10877 4367/10974
vt 0.33784 0.82391
vt 0.33783 0.82272
f 4257/10975 4365/10958 4309/10976
vt 0.55480 0.23034
f 4325/10629 4356/10869 4375/10977
f 4334/10959 4365/10958 4257/10975
f 4220/10873 4364/10902 4365/10958
vt 0.61220 0.16473
f 4339/10746 4242/10978 4506/10964
vt 0.30264 0.85999
vt 0.30321 0.85977
vt 0.30360 0.86081
f 4300/10979 4348/10980 4389/10981
f 4308/10798 4435/10960 4364/10902
vt 0.47462 0.45016
f 4321/10771 4382/10982 4327/10945
vt 0.11277 0.85829
f 4279/10766 4384/10928 4356/10983
vt 0.56470 0.23817
f 4302/10792 4460/10984 4318/10874
vt 0.35384 0.34611
f 4217/10418 4353/10962 4594/10985
f 4217/10418 4594/10985 4439/10763
vt 0.51247 0.07239
f 4342/10807 4440/10986 4360/10805
vt 0.61626 0.15837
f 4358/10767 4388/10950 4355/10987
vt 0.33734 0.82123
f 4309/10976 4365/10958 4361/10988
vt 0.87186 0.03149
vt 0.87273 0.03225
vt 0.87075 0.03238
f 4312/10989 4414/10990 4402/10991
vt 0.74094 0.34164
f 4333/10837 4451/10966 4379/10992
vt 0.88221 0.11132
f 4342/10926 4430/10885 4440/10993
vt 0.53194 0.85855
vt 0.53226 0.86102
vt 0.53106 0.86072
f 4344/10994 4255/10995 4380/10996
vt 0.53207 0.84744
vt 0.53128 0.85280
vt 0.52943 0.84986
f 4338/10997 4392/10998 4434/10999
vt 0.02060 0.77758
vt 0.02031 0.77683
f 4347/10969 4389/11000 4366/11001
f 4347/10969 4366/11001 4348/10947
vt 0.93453 0.88211
vt 0.93303 0.88203
f 4324/10970 4314/11002 4401/11003
vt 0.61142 0.90463
vt 0.60941 0.90479
vt 0.61111 0.90303
f 4340/11004 4422/11005 4326/11006
f 4324/10970 4401/11003 4363/10971
vt 0.33451 0.82500
f 4365/10958 4364/10902 4452/11007
vt 0.81597 0.61220
f 4333/10863 4379/11008 4463/10951
vt 0.93281 0.63925
vt 0.93400 0.63927
vt 0.93354 0.64171
f 4331/11009 4395/11010 4396/11011
vt 0.41380 0.90578
f 4314/10955 4419/10954 4401/11012
vt 0.78944 0.50054
f 4274/10768 4375/10859 4407/11013
vt 0.93256 0.64305
vt 0.93408 0.64383
f 4341/11014 4396/11011 4417/11015
vt 0.34728 0.94612
vt 0.34668 0.94769
vt 0.34638 0.94692
f 4312/11016 4402/11017 4322/11018
vt 0.61129 0.90552
f 4340/11004 4291/11019 4422/11005
vt 0.42006 0.48411
f 4218/10729 4352/10736 4368/11020
f 4218/10729 4368/11020 4316/10911
f 4339/10746 4506/10964 4456/10949
vt 0.02001 0.77412
f 4367/10974 4377/11021 4332/10812
f 4352/10736 4391/10821 4368/11020
vt 0.91930 0.26695
vt 0.92053 0.26721
vt 0.91914 0.26805
f 4317/11022 4252/11023 4436/11024
vt 0.92880 0.58050
vt 0.92803 0.58015
vt 0.92991 0.57991
f 4355/11025 4388/11026 4362/11027
vt 0.47409 0.45066
f 4327/10945 4382/10982 4474/11028
vt 0.53245 0.85594
vt 0.52990 0.85565
f 4392/10998 4350/11029 4443/11030
vt 0.53072 0.84734
f 4338/10997 4434/10999 4432/11031
vt 0.40475 0.48127
f 4239/10833 4336/11032 4470/10834
f 4382/10883 4223/10668 4442/10973
f 4332/10812 4377/11021 4345/10968
vt 0.93257 0.64412
f 4341/11014 4417/11015 4371/11033
vt 0.30322 0.85827
vt 0.30318 0.85727
vt 0.30400 0.85881
f 4367/11034 4345/11035 4390/11036
f 4348/10980 4390/11036 4389/10981
vt 0.87222 0.03386
f 4414/10990 4393/11037 4402/10991
vt 0.86640 0.50657
vt 0.86788 0.50567
f 4338/11038 4432/11039 4403/10758
vt 0.30377 0.85700
f 4345/11035 4377/11040 4390/11036
vt 0.47016 0.45162
f 4351/10888 4383/10887 4535/11041
vt 0.94861 0.22009
f 4252/10936 4371/10935 4400/11042
vt 0.46865 0.44931
f 4351/10888 4535/11041 4406/11043
vt 0.74181 0.34351
f 4379/10992 4451/10966 4372/11044
vt 0.36172 0.34422
f 4202/10553 4305/10442 4394/11045
vt 0.51084 0.07353
f 4360/10805 4440/10986 4420/11046
f 4367/11034 4390/11036 4348/10980
vt 0.74667 0.34110
f 4451/10966 4337/10614 4448/11047
vt 0.33492 0.82093
f 4361/10988 4365/10958 4448/11048
vt 0.50223 0.07119
f 4307/10533 4274/10660 4466/11049
vt 0.61882 0.15522
vt 0.61718 0.15542
vt 0.61814 0.15287
f 4364/11050 4435/11051 4452/11052
vt 0.52978 0.85742
f 4350/11029 4344/10994 4421/11053
vt 0.93753 0.70129
vt 0.93795 0.70194
vt 0.93669 0.70196
f 4351/11054 4406/11055 4414/11056
vt 0.17914 0.82687
f 4349/10867 4322/10881 4473/11057
vt 0.79664 0.78027
f 4336/10848 4269/10691 4489/11058
vt 0.81517 0.61004
f 4463/10951 4379/11008 4427/11059
vt 0.11397 0.85893
f 4384/10928 4376/11060 4356/10983
vt 0.60991 0.90640
f 4291/11019 4399/11061 4422/11005
vt 0.28422 0.39120
f 4354/10912 4457/11062 4454/10952
f 4337/10614 4361/10932 4448/11047
vt 0.88607 0.96059
f 4331/10901 4363/10943 4395/11063
vt 0.91955 0.26887
f 4436/11024 4252/11023 4400/11064
vt 0.02063 0.77599
f 4367/10974 4348/11065 4366/11001
f 4367/10974 4366/11001 4377/11021
f 4344/10994 4380/10996 4421/11053
f 4357/10751 4258/10610 4447/10809
vt 0.49914 0.07030
f 4307/10533 4446/11066 4354/10925
vt 0.60904 0.16794
vt 0.60833 0.16771
f 4374/11067 4424/11068 4373/10828
vt 0.92862 0.57872
f 4362/11027 4388/11026 4409/11069
vt 0.02025 0.77330
vt 0.01961 0.77252
vt 0.02015 0.77264
f 4377/11070 4385/11071 4386/11072
vt 0.41572 0.48050
f 4504/10920 4572/11073 4391/10821
vt 0.82073 0.60469
f 4330/10963 4425/10961 4460/11074
f 4269/10691 4454/10967 4489/11058
vt 0.30423 0.84864
vt 0.30432 0.85059
vt 0.30330 0.85038
f 4438/11075 4424/11076 4374/11077
vt 0.50758 0.07019
f 4360/10805 4420/11046 4384/11078
f 4350/11029 4421/11053 4443/11030
vt 0.30369 0.85590
vt 0.30405 0.85437
vt 0.30417 0.85519
f 4386/11079 4387/11080 4412/11081
vt 0.98699 0.12588
vt 0.98672 0.12485
vt 0.98690 0.12442
f 4386/11082 4423/11083 4387/11084
vt 0.01966 0.77168
f 4386/11072 4385/11071 4423/11085
vt 0.30420 0.85565
f 4386/11079 4412/11081 4415/11086
f 4386/11079 4415/11086 4377/11040
vt 0.41040 0.47980
f 4313/10748 4470/10834 4569/11087
vt 0.78729 0.50049
vt 0.78875 0.49977
f 4375/10859 4356/11088 4376/11089
vt 0.61149 0.90759
vt 0.60928 0.90787
f 4399/11061 4349/11090 4473/11091
vt 0.92185 0.28786
vt 0.92072 0.28657
vt 0.92159 0.28616
f 4388/11092 4429/11093 4409/11094
vt 0.42210 0.48386
f 4316/10911 4368/11020 4499/11095
f 4202/10553 4394/11045 4353/10962
vt 0.50322 0.06962
f 4274/10660 4407/11096 4466/11049
vt 0.61526 0.15748
f 4355/10987 4362/11097 4435/11051
vt 0.47503 0.45097
f 4382/10982 4404/11098 4474/11028
f 4357/10751 4394/11045 4305/10442
vt 0.34083 0.34893
f 4370/10830 4369/10684 4532/11099
vt 0.61395 0.15656
f 4435/11051 4362/11097 4526/11100
f 4307/10533 4466/11049 4446/11066
vt 0.31513 0.35117
f 4382/10883 4442/10973 4459/11101
vt 0.31470 0.35028
f 4382/10883 4459/11101 4404/11102
vt 0.93233 0.88070
f 4363/10971 4401/11003 4396/11103
vt 0.93222 0.87815
f 4363/10971 4396/11103 4395/11104
vt 0.71145 0.90686
vt 0.71146 0.90558
f 4380/10940 4326/11105 4397/11106
vt 0.60887 0.90317
f 4326/11006 4422/11005 4397/11107
vt 0.33349 0.82211
f 4452/11007 4398/11108 4365/10958
vt 0.94821 0.63672
vt 0.94740 0.63779
vt 0.94697 0.63624
f 4405/11109 4403/11110 4432/11111
vt 0.93444 0.64323
f 4417/11015 4396/11011 4401/11112
vt 0.36697 0.34424
f 4357/10751 4447/10809 4577/11113
vt 0.81458 0.60779
f 4463/10951 4427/11059 4538/11114
vt 0.91946 0.28771
f 4388/11092 4456/11115 4429/11093
vt 0.84549 0.53651
vt 0.84323 0.53615
vt 0.84478 0.53333
f 4379/11116 4372/11117 4427/11118
vt 0.91916 0.26996
f 4400/11064 4458/11119 4436/11024
vt 0.70503 0.96463
vt 0.70475 0.96339
vt 0.70544 0.96327
f 4317/11120 4436/11121 4426/11122
f 4313/10748 4569/11087 4504/10920
f 4375/10859 4376/11089 4407/11013
f 4391/10821 4572/11073 4368/11020
vt 0.30496 0.85632
f 4377/11040 4416/11123 4390/11036
vt 0.38535 0.34000
f 4411/10600 4479/11124 4410/10866
vt 0.01963 0.77240
f 4385/11071 4415/11125 4423/11085
f 4327/10945 4474/11028 4383/10946
vt 0.01954 0.77196
f 4423/11085 4415/11125 4412/11126
f 4377/11040 4415/11086 4416/11123
vt 0.18039 0.82807
f 4322/10881 4465/11127 4473/11057
vt 0.01993 0.77798
vt 0.01814 0.77803
f 4389/11128 4431/11129 4366/11001
f 4378/10692 4479/11124 4411/10600
vt 0.34643 0.34731
f 4369/10684 4583/11130 4532/11099
vt 0.01970 0.77119
vt 0.01940 0.77116
f 4387/11131 4423/11085 4487/11132
f 4387/11080 4416/11123 4412/11081
vt 0.92196 0.28323
f 4409/11094 4429/11093 4428/11133
vt 0.50488 0.07019
vt 0.50494 0.07266
f 4376/11134 4384/11078 4567/11135
vt 0.30573 0.85060
vt 0.30417 0.85257
f 4424/11076 4434/11136 4408/11137
vt 0.30592 0.85348
f 4408/11137 4437/11138 4387/11080
vt 0.31229 0.35088
f 4404/11102 4459/11101 4461/11139
vt 0.99419 0.04307
vt 0.99432 0.04322
vt 0.99419 0.04340
f 4415/11140 4385/11141 4416/11142
f 4357/10751 4577/11113 4394/11045
vt 0.52918 0.84750
f 4432/11031 4434/10999 4444/11143
f 4387/11080 4437/11138 4416/11123
vt 0.93044 0.57882
f 4409/11069 4517/11144 4362/11027
vt 0.41437 0.90408
vt 0.41303 0.90480
f 4417/11145 4401/11012 4445/11146
vt 0.41331 0.90357
f 4417/11145 4449/11147 4371/10909
f 4401/11012 4419/10954 4445/11146
vt 0.30564 0.86086
f 4390/11036 4418/11148 4389/10981
vt 0.92168 0.28197
f 4413/11149 4428/11133 4429/11093
vt 0.87027 0.03419
f 4402/10991 4393/11037 4482/11150
vt 0.31167 0.35220
f 4461/11139 4459/11101 4481/11151
vt 0.76637 0.56837
vt 0.76683 0.56616
vt 0.76796 0.56630
f 4404/11152 4509/11153 4474/11154
vt 0.98769 0.09770
vt 0.98770 0.09810
vt 0.98742 0.09811
f 4423/11155 4412/11156 4487/11157
vt 0.94732 0.21857
f 4371/10935 4449/11158 4400/11042
f 4407/11096 4376/11134 4466/11049
vt 0.01787 0.77390
f 4377/11021 4366/11001 4537/11159
vt 0.40443 0.47886
f 4336/11032 4489/11160 4470/10834
vt 0.42208 0.48370
vt 0.42511 0.48495
f 4316/10911 4499/11161 4472/11162
vt 0.98762 0.09857
f 4412/11156 4385/11163 4487/11157
vt 0.30437 0.85525
vt 0.30437 0.85556
f 4412/11164 4416/11123 4385/11165
f 4439/10763 4583/11130 4369/10684
vt 0.98260 0.43816
vt 0.98222 0.43856
vt 0.98258 0.43691
f 4387/11166 4487/11167 4408/11168
vt 0.39129 0.33875
f 4378/10692 4343/10761 4472/11169
vt 0.61596 0.15283
f 4435/11051 4526/11100 4491/11170
f 4424/11076 4438/11075 4434/11136
vt 0.94708 0.47142
vt 0.94712 0.46914
vt 0.94878 0.47121
f 4405/11171 4450/11172 4419/11173
vt 0.87359 0.03341
vt 0.87435 0.03412
f 4414/11174 4406/11175 4393/11037
vt 0.52877 0.85333
f 4443/11030 4437/11176 4392/10998
f 4376/11134 4567/11135 4466/11049
f 4365/10958 4398/11108 4448/11048
vt 0.88625 0.11165
f 4430/10885 4318/10884 4502/11177
vt 0.87412 0.03559
f 4406/11175 4469/11178 4393/11037
vt 0.92835 0.57521
vt 0.93003 0.57718
f 4409/11069 4428/11179 4534/11180
f 4409/11069 4534/11180 4517/11144
vt 0.53070 0.86138
vt 0.52891 0.86083
f 4397/11181 4418/11182 4380/10996
f 4418/11148 4390/11036 4416/11123
vt 0.30363 0.84730
vt 0.30601 0.84759
f 4438/11075 4426/11183 4444/11184
vt 0.30616 0.85560
f 4437/11138 4443/11185 4416/11123
f 4366/11001 4431/11129 4537/11159
vt 0.92030 0.28228
f 4429/11093 4433/11186 4413/11149
vt 0.92824 0.57452
vt 0.92963 0.57455
f 4428/11179 4413/11187 4478/11188
vt 0.88345 0.11297
f 4430/10885 4441/11189 4440/10993
f 4343/10764 4316/10911 4472/11162
vt 0.86661 0.50126
vt 0.86711 0.50342
f 4426/10957 4458/11190 4444/11191
vt 0.28142 0.39098
f 4354/10912 4446/11192 4457/11062
f 4408/11137 4434/11136 4437/11138
vt 0.56115 0.23817
f 4318/10874 4460/10984 4502/11193
vt 0.98856 0.18872
vt 0.98807 0.18872
vt 0.98838 0.18798
f 4405/11194 4484/11195 4450/11196
vt 0.47199 0.45136
f 4383/10887 4474/11197 4535/11041
vt 0.01917 0.76722
vt 0.01918 0.76912
vt 0.01741 0.76800
f 4424/11198 4408/11199 4529/11200
vt 0.51213 0.07416
f 4440/10986 4471/11201 4420/11046
vt 0.01933 0.77269
f 4385/11202 4377/11021 4537/11159
vt 0.01876 0.77097
f 4385/11202 4537/11159 4487/11203
vt 0.86913 0.03201
vt 0.86959 0.03268
vt 0.86905 0.03392
f 4322/11204 4402/11205 4465/11206
vt 0.94892 0.21907
f 4400/11042 4449/11158 4458/11207
vt 0.17775 0.82845
f 4473/11057 4465/11127 4505/11208
vt 0.86835 0.50400
f 4432/11039 4444/11191 4484/11209
f 4445/11146 4449/11147 4417/11145
vt 0.50785 0.07550
f 4384/11078 4420/11046 4689/11210
vt 0.94862 0.21805
f 4449/11158 4450/11211 4458/11207
f 4392/10998 4437/11176 4434/10999
vt 0.34687 0.94907
vt 0.34594 0.94942
f 4402/11017 4482/11212 4465/11213
f 4428/11179 4478/11188 4534/11180
vt 0.32473 0.35218
f 4381/10611 4524/10762 4500/11214
vt 0.94856 0.46935
f 4450/11172 4445/11215 4419/11173
vt 0.30630 0.85760
f 4416/11123 4443/11185 4421/11216
vt 0.94122 0.02255
vt 0.94131 0.02441
vt 0.93970 0.02369
f 4404/11217 4461/11218 4523/11219
f 4438/11075 4444/11184 4434/11136
f 4380/10996 4418/11182 4421/11053
f 4416/11123 4421/11216 4418/11148
vt 0.94721 0.63449
f 4405/11109 4432/11111 4484/11220
vt 0.76574 0.56723
f 4404/11152 4523/11221 4509/11153
vt 0.46704 0.45123
f 4406/11043 4535/11041 4589/11222
vt 0.79921 0.78326
f 4454/10967 4528/11223 4489/11058
vt 0.71316 0.90378
vt 0.71386 0.90290
vt 0.71440 0.90308
f 4418/11224 4477/11225 4389/11226
vt 0.91986 0.28617
f 4429/11093 4518/11227 4433/11186
f 4435/11051 4491/11170 4452/11052
f 4408/11199 4487/11203 4529/11200
vt 0.37292 0.34268
f 4447/10809 4492/10814 4468/11228
vt 0.84308 0.53386
f 4427/11118 4372/11117 4493/11229
vt 0.60651 0.16659
f 4373/10828 4424/11068 4476/11230
vt 0.09402 0.88404
vt 0.09536 0.88323
vt 0.09541 0.88485
f 4362/11231 4517/11232 4526/11233
f 4429/11093 4456/11115 4518/11227
vt 0.70499 0.96160
f 4426/11122 4436/11121 4458/11234
vt 0.86804 0.50246
f 4444/11191 4507/11235 4484/11209
vt 0.74586 0.34360
f 4448/11047 4455/11236 4451/10966
f 4373/10828 4476/11230 4506/10964
vt 0.33343 0.82079
f 4448/11048 4398/11108 4455/11237
vt 0.81523 0.60432
f 4463/10951 4542/11238 4425/10961
f 4444/11191 4458/11190 4507/11235
vt 0.88577 0.11372
f 4430/10885 4502/11177 4558/11239
f 4430/10885 4558/11239 4441/11189
vt 0.94844 0.46863
f 4450/11172 4449/11240 4445/11215
vt 0.59149 0.96008
vt 0.59303 0.95981
vt 0.59170 0.96105
f 4440/11241 4441/11242 4471/11243
vt 0.93975 0.48028
vt 0.94095 0.48008
vt 0.93990 0.48132
f 4525/11244 4467/11245 4510/11246
vt 0.01870 0.77884
f 4389/11128 4477/11247 4431/11129
f 4381/10611 4500/11214 4453/10915
vt 0.33702 0.35134
f 4359/10560 4370/10830 4667/11248
f 4359/10560 4667/11248 4486/10897
vt 0.61058 0.16095
f 4506/10964 4483/11249 4456/10949
f 4384/11078 4689/11210 4567/11135
vt 0.56255 0.23990
f 4460/10984 4462/11250 4502/11193
vt 0.46715 0.44999
f 4406/11043 4589/11222 4469/11251
vt 0.60729 0.90334
f 4422/11005 4495/11252 4397/11107
vt 0.53515 0.96016
vt 0.53603 0.96133
vt 0.53508 0.96210
f 4413/11253 4433/11254 4480/11255
vt 0.92107 0.27134
vt 0.92014 0.27185
f 4450/11256 4507/11257 4458/11119
vt 0.61882 0.15028
f 4452/11052 4491/11170 4398/11258
vt 0.93994 0.47829
vt 0.94042 0.47774
vt 0.94167 0.47835
f 4477/11259 4418/11260 4495/11261
vt 0.92172 0.27247
f 4450/11256 4484/11262 4507/11257
vt 0.71194 0.90359
f 4418/11224 4397/11106 4495/11263
vt 0.60738 0.90750
f 4399/11061 4473/11091 4488/11264
vt 0.60742 0.90591
f 4399/11061 4488/11264 4490/11265
vt 0.81745 0.60373
f 4425/10961 4542/11238 4496/11266
vt 0.74396 0.34443
f 4451/10966 4503/11267 4372/11044
f 4422/11005 4399/11061 4490/11265
vt 0.93994 0.47953
vt 0.93997 0.47837
vt 0.94098 0.47994
f 4525/11268 4477/11269 4467/11270
vt 0.01743 0.76706
f 4424/11198 4529/11200 4476/11271
vt 0.28719 0.39008
f 4454/10952 4457/11062 4566/11272
vt 0.59327 0.96093
vt 0.59285 0.96178
f 4441/11242 4464/11273 4501/11274
f 4441/11242 4501/11274 4471/11243
vt 0.89621 0.31113
vt 0.89602 0.30660
vt 0.89728 0.30680
f 4518/11275 4480/11276 4433/11277
f 4477/11259 4495/11261 4467/11270
vt 0.01751 0.77080
f 4487/11203 4540/11278 4529/11200
vt 0.60771 0.90460
f 4422/11005 4467/11279 4495/11252
vt 0.86928 0.03657
f 4393/11037 4505/11280 4482/11150
vt 0.17688 0.82750
f 4473/11057 4505/11208 4488/11281
vt 0.98782 0.34125
vt 0.98742 0.34086
vt 0.98757 0.34045
f 4422/11282 4490/11283 4467/11284
vt 0.40750 0.47868
f 4470/10834 4485/11285 4569/11087
vt 0.89713 0.31252
vt 0.89623 0.31385
f 4456/11286 4483/11287 4518/11275
vt 0.94196 0.48093
f 4467/11245 4490/11288 4510/11246
vt 0.93999 0.48276
vt 0.94102 0.48277
f 4475/11289 4510/11246 4488/11290
vt 0.38198 0.34244
f 4410/10866 4479/11124 4564/11291
vt 0.47053 0.45265
f 4474/11197 4516/11292 4535/11041
vt 0.34690 0.95080
f 4482/11212 4519/11293 4465/11213
vt 0.81921 0.60214
f 4460/11074 4425/10961 4462/11294
vt 0.94115 0.48188
f 4510/11246 4490/11288 4488/11295
vt 0.31317 0.35505
f 4459/11101 4613/11296 4481/11151
vt 0.87293 0.03653
f 4469/11178 4515/11297 4393/11037
vt 0.76769 0.56499
vt 0.76965 0.56456
f 4474/11154 4509/11298 4516/11299
vt 0.61745 0.14920
f 4398/11258 4491/11170 4513/11300
f 4463/10951 4538/11114 4542/11238
vt 0.39063 0.34051
f 4378/10692 4472/11169 4562/11301
vt 0.37788 0.34381
f 4410/10866 4541/11302 4492/10814
vt 0.87352 0.03687
f 4469/11178 4548/11303 4515/11297
vt 0.42005 0.47986
f 4368/11020 4572/11073 4619/11304
vt 0.01841 0.78054
f 4477/11247 4525/11305 4431/11129
vt 0.68426 0.90878
vt 0.68316 0.90921
vt 0.68284 0.90753
f 4494/11306 4497/11307 4520/11308
vt 0.40557 0.47786
f 4470/10834 4489/11160 4512/11309
f 4470/10834 4512/11309 4485/11285
vt 0.17514 0.82733
f 4488/11281 4505/11208 4475/11310
vt 0.86995 0.03515
f 4482/11150 4505/11280 4519/11311
vt 0.81811 0.60264
f 4425/10961 4496/11266 4606/11312
vt 0.42361 0.48145
f 4472/11162 4499/11161 4508/11313
vt 0.87126 0.03702
f 4393/11037 4543/11314 4505/11280
vt 0.80172 0.78547
f 4454/10967 4566/11315 4528/11223
vt 0.90506 0.01911
vt 0.90484 0.01754
vt 0.90631 0.01801
f 4493/11316 4503/11317 4494/11318
vt 0.09690 0.87905
vt 0.09768 0.88048
vt 0.09594 0.88241
f 4478/11319 4533/11320 4534/11321
vt 0.53360 0.96111
f 4413/11253 4480/11255 4478/11322
vt 0.88365 0.11415
f 4441/11189 4558/11239 4464/11323
vt 0.89477 0.31060
f 4518/11275 4498/11324 4480/11276
vt 0.90700 0.01595
vt 0.90792 0.01711
f 4494/11318 4573/11325 4497/11326
vt 0.84159 0.53607
f 4372/11117 4503/11327 4493/11229
f 4487/11203 4537/11159 4540/11278
vt 0.59154 0.96187
f 4501/11274 4536/11328 4471/11243
vt 0.49973 0.07302
f 4466/11049 4554/11329 4446/11066
vt 0.79643 0.78192
f 4489/11058 4528/11223 4512/11330
f 4425/10961 4606/11312 4462/11294
vt 0.77819 0.45749
vt 0.77642 0.45659
vt 0.77883 0.45630
f 4461/11331 4553/11332 4523/11333
vt 0.61972 0.14789
f 4398/11258 4513/11300 4455/11334
vt 0.68569 0.90655
f 4494/11306 4520/11308 4511/11335
vt 0.17887 0.82870
f 4505/11208 4465/11127 4519/11336
vt 0.94170 0.02578
vt 0.94038 0.02676
f 4461/11218 4481/11337 4553/11338
f 4393/11037 4515/11297 4543/11314
vt 0.31788 0.35491
f 4442/10973 4709/11339 4459/11101
f 4368/11020 4619/11304 4499/11161
f 4378/10692 4562/11301 4479/11124
vt 0.74539 0.34473
f 4451/10966 4455/11236 4546/11340
vt 0.76889 0.56387
f 4516/11299 4509/11298 4556/11341
f 4451/10966 4546/11340 4503/11267
vt 0.51185 0.07564
vt 0.51070 0.07536
f 4420/11046 4536/11342 4501/11343
vt 0.17628 0.82913
f 4475/11310 4505/11208 4527/11344
vt 0.17527 0.82887
f 4475/11310 4527/11344 4563/11345
vt 0.61398 0.15213
f 4491/11170 4526/11100 4657/11346
vt 0.55682 0.82175
vt 0.55850 0.82482
vt 0.55657 0.82310
f 4530/11347 4552/11348 4522/11349
vt 0.68420 0.90471
f 4520/11308 4545/11350 4511/11335
vt 0.60672 0.16492
f 4506/10964 4476/11230 4544/11351
vt 0.34745 0.55111
vt 0.34626 0.55089
vt 0.34593 0.54954
f 4475/11352 4563/11353 4595/11354
vt 0.46546 0.45055
f 4469/11251 4589/11222 4548/11355
vt 0.09713 0.88385
f 4517/11232 4534/11321 4498/11356
vt 0.38573 0.34313
f 4564/11291 4479/11124 4579/11357
f 4442/10973 4453/10915 4709/11339
vt 0.94142 0.02710
f 4481/11337 4608/11358 4553/11338
vt 0.35061 0.55052
vt 0.35093 0.54885
vt 0.35272 0.54998
f 4525/11359 4582/11360 4431/11361
f 4494/11318 4503/11317 4573/11325
vt 0.09839 0.87980
f 4478/11319 4480/11362 4533/11320
vt 0.60944 0.16010
f 4506/10964 4576/11363 4483/11249
vt 0.04514 0.84809
vt 0.04469 0.84968
vt 0.04197 0.84879
f 4530/11364 4522/11365 4684/11366
vt 0.34917 0.55102
f 4475/11352 4595/11354 4510/11367
vt 0.55638 0.82843
vt 0.55714 0.82626
vt 0.55763 0.82905
f 4539/11368 4549/11369 4514/11370
f 4471/11201 4536/11342 4420/11046
vt 0.90261 0.24098
vt 0.90124 0.24267
vt 0.90016 0.24052
f 4542/11371 4725/11372 4496/11373
vt 0.97907 0.11743
vt 0.97883 0.11825
vt 0.97880 0.11731
f 4494/11374 4511/11375 4493/11376
vt 0.56020 0.82597
f 4514/11370 4549/11369 4633/11377
vt 0.28185 0.38807
f 4446/11192 4554/11378 4457/11062
vt 0.84343 0.53178
vt 0.84457 0.53122
f 4427/11118 4511/11379 4538/11380
f 4504/10920 4569/11087 4572/11073
f 4427/11118 4493/11229 4511/11379
vt 0.77898 0.45205
vt 0.78160 0.45376
f 4523/11333 4639/11381 4509/11382
vt 0.56080 0.24016
f 4462/11250 4570/11383 4502/11193
f 4447/10809 4468/11228 4577/11113
vt 0.86929 0.03771
f 4505/11280 4543/11314 4527/11384
vt 0.78174 0.45139
f 4509/11382 4639/11381 4556/11385
vt 0.79611 0.78425
f 4512/11330 4528/11223 4640/11386
vt 0.56012 0.82222
f 4530/11347 4550/11387 4552/11348
vt 0.61196 0.15524
f 4526/11100 4591/11388 4657/11346
vt 0.55873 0.82086
f 4530/11347 4630/11389 4550/11387
vt 0.04520 0.85502
vt 0.04419 0.85578
vt 0.04394 0.85475
f 4539/11390 4559/11391 4521/11392
vt 0.89442 0.31219
f 4518/11275 4483/11287 4531/11393
vt 0.36284 0.54783
vt 0.36280 0.54619
vt 0.36392 0.54741
f 4529/11394 4544/11395 4476/11396
vt 0.89438 0.31208
f 4518/11275 4531/11397 4498/11324
vt 0.89507 0.30777
f 4480/11276 4498/11324 4533/11398
vt 0.61743 0.14756
f 4513/11300 4565/11399 4455/11334
vt 0.04483 0.85298
f 4539/11390 4521/11392 4549/11400
f 4492/10814 4541/11302 4468/11228
vt 0.04263 0.85557
f 4521/11392 4559/11391 4555/11401
vt 0.68221 0.90524
f 4520/11308 4656/11402 4545/11350
vt 0.90554 0.01530
f 4573/11325 4503/11317 4546/11403
vt 0.62231 0.14336
vt 0.62114 0.14526
vt 0.62101 0.14315
f 4520/11404 4497/11405 4560/11406
vt 0.62047 0.14417
f 4497/11405 4584/11407 4560/11406
f 4534/11321 4533/11320 4498/11356
f 4613/11296 4459/11101 4709/11339
f 4410/10866 4564/11291 4541/11302
vt 0.31114 0.35464
f 4481/11151 4613/11296 4608/11408
f 4510/11367 4582/11360 4525/11359
vt 0.74767 0.34527
vt 0.74677 0.34597
f 4455/11236 4565/11409 4645/11410
vt 0.35017 0.34963
f 4583/11130 4439/10763 4670/11411
f 4455/11236 4645/11410 4546/11340
f 4522/11349 4552/11348 4549/11369
vt 0.56104 0.82875
f 4514/11370 4633/11377 4586/11412
f 4498/11356 4526/11233 4517/11232
f 4370/10830 4532/11099 4667/11248
vt 0.35667 0.54873
vt 0.35761 0.54638
vt 0.35990 0.54829
f 4537/11413 4561/11414 4540/11415
vt 0.04204 0.85242
f 4521/11392 4551/11416 4549/11400
f 4540/11415 4544/11395 4529/11394
vt 0.42533 0.48297
f 4472/11162 4508/11313 4562/11417
f 4510/11367 4595/11354 4582/11360
vt 0.55696 0.82985
vt 0.55770 0.83072
f 4539/11418 4514/11370 4575/11419
vt 0.55689 0.83069
f 4539/11418 4575/11419 4559/11420
vt 0.04279 0.84715
f 4530/11364 4684/11366 4630/11421
vt 0.60713 0.16202
f 4506/10964 4544/11351 4571/11422
f 4549/11369 4552/11348 4633/11377
f 4540/11415 4561/11414 4544/11395
vt 0.35484 0.54735
f 4431/11361 4582/11360 4547/11423
f 4431/11361 4547/11423 4537/11413
vt 0.84351 0.52749
vt 0.84566 0.52837
f 4538/11380 4649/11424 4542/11425
vt 0.09726 0.88488
f 4498/11356 4531/11426 4526/11233
vt 0.55953 0.23872
f 4502/11193 4570/11383 4558/11427
vt 0.62020 0.14580
vt 0.61781 0.14612
vt 0.61841 0.14468
f 4573/11428 4568/11429 4584/11430
vt 0.40847 0.47627
f 4512/11309 4648/11431 4485/11285
vt 0.62169 0.14190
f 4520/11404 4560/11406 4575/11432
vt 0.62157 0.14009
f 4520/11404 4575/11432 4656/11433
vt 0.84261 0.52995
f 4538/11380 4511/11379 4603/11434
vt 0.90659 0.01386
f 4573/11325 4546/11403 4568/11435
vt 0.56013 0.82052
f 4550/11387 4630/11389 4588/11436
vt 0.09734 0.88684
f 4526/11233 4531/11426 4634/11437
vt 0.82363 0.63827
vt 0.82368 0.63693
vt 0.82424 0.63822
f 4559/11438 4575/11439 4560/11440
vt 0.55962 0.83047
f 4514/11370 4578/11441 4575/11419
f 4522/11365 4549/11400 4551/11416
vt 0.92391 0.07571
vt 0.92428 0.07499
vt 0.92434 0.07632
f 4545/11442 4603/11443 4511/11444
vt 0.46747 0.45338
f 4535/11041 4581/11445 4589/11222
vt 0.77705 0.45447
f 4523/11333 4646/11446 4639/11381
vt 0.87004 0.03794
vt 0.86975 0.03794
f 4527/11384 4543/11447 4610/11448
f 4521/11392 4555/11401 4551/11416
vt 0.37444 0.34614
f 4468/11228 4541/11302 4749/11449
f 4514/11370 4586/11412 4578/11441
vt 0.50530 0.07756
f 4567/11135 4689/11210 4821/11450
f 4439/10763 4594/10985 4670/11411
vt 0.33292 0.35320
f 4486/10897 4667/11248 4760/11451
f 4468/11228 4749/11449 4577/11113
f 4506/10964 4571/11422 4576/11363
f 4523/11333 4553/11332 4646/11446
vt 0.88256 0.11456
vt 0.88361 0.11437
vt 0.88313 0.11530
f 4501/11452 4464/11453 4574/11454
vt 0.72260 0.90760
vt 0.72019 0.90755
vt 0.72215 0.90617
f 4548/11455 4626/11456 4515/11457
f 4497/11405 4573/11428 4584/11407
vt 0.35642 0.54686
f 4561/11414 4537/11413 4547/11458
vt 0.34393 0.55091
vt 0.34528 0.55098
f 4557/11459 4595/11354 4563/11460
vt 0.38687 0.94591
vt 0.38841 0.94585
vt 0.38806 0.94689
f 4557/11461 4563/11462 4604/11463
vt 0.38669 0.94746
f 4557/11461 4604/11463 4658/11464
vt 0.40586 0.47484
f 4512/11309 4640/11465 4648/11431
f 4491/11170 4657/11346 4513/11300
vt 0.82459 0.63919
vt 0.82515 0.63896
f 4559/11466 4560/11440 4584/11467
vt 0.90266 0.24361
f 4542/11371 4649/11468 4725/11372
vt 0.35611 0.54519
f 4561/11414 4547/11458 4587/11469
vt 0.50282 0.07578
f 4567/11135 4728/11470 4466/11049
vt 0.32720 0.35485
f 4524/10762 4717/11471 4500/11214
vt 0.34276 0.35114
f 4532/11099 4583/11130 4674/11472
vt 0.79782 0.78560
f 4528/11223 4611/11473 4640/11386
vt 0.46905 0.45338
f 4535/11041 4516/11292 4651/11474
vt 0.72054 0.90819
f 4548/11455 4589/11475 4626/11456
vt 0.28620 0.38658
f 4457/11062 4554/11378 4793/11476
f 4457/11062 4793/11476 4566/11272
vt 0.32222 0.35586
f 4453/10915 4635/11477 4709/11339
vt 0.09613 0.88653
f 4526/11233 4634/11437 4591/11478
f 4684/11366 4522/11365 4551/11416
vt 0.89385 0.31318
f 4483/11287 4612/11479 4531/11393
vt 0.89396 0.31411
f 4483/11287 4580/11480 4612/11479
vt 0.50966 0.07669
f 4501/11343 4574/11481 4420/11046
vt 0.77076 0.56261
f 4556/11341 4651/11482 4516/11299
vt 0.90506 0.01377
f 4546/11403 4645/11483 4568/11435
vt 0.36116 0.54255
f 4544/11395 4561/11414 4685/11484
vt 0.41324 0.47714
f 4569/11087 4593/11485 4572/11073
f 4535/11041 4651/11474 4581/11445
f 4485/11285 4648/11431 4569/11087
f 4499/11161 4619/11304 4508/11313
vt 0.35720 0.54260
f 4561/11414 4643/11486 4685/11484
vt 0.36309 0.54317
f 4544/11395 4685/11484 4571/11487
vt 0.82309 0.63615
vt 0.82385 0.63560
f 4578/11488 4656/11489 4575/11439
vt 0.38965 0.34214
f 4562/11301 4687/11490 4479/11124
vt 0.62355 0.14020
vt 0.62425 0.13839
vt 0.62491 0.14033
f 4464/11491 4558/11492 4681/11493
vt 0.88475 0.11518
f 4464/11453 4681/11494 4574/11454
vt 0.72231 0.90412
vt 0.72043 0.90429
f 4543/11495 4515/11457 4625/11496
vt 0.89552 0.31466
f 4483/11287 4576/11497 4580/11480
vt 0.17682 0.83043
vt 0.17569 0.82989
f 4527/11344 4610/11498 4563/11499
vt 0.81799 0.60083
vt 0.81870 0.60071
f 4462/11294 4590/11500 4570/11501
vt 0.93367 0.34132
vt 0.93259 0.33975
vt 0.93333 0.33821
f 4559/11502 4584/11503 4597/11504
vt 0.93425 0.33955
f 4559/11502 4597/11504 4555/11505
vt 0.60811 0.15984
f 4576/11363 4571/11422 4621/11506
f 4606/11312 4590/11500 4462/11294
vt 0.34670 0.35070
f 4583/11130 4670/11411 4708/11507
f 4453/10915 4500/11214 4635/11477
vt 0.84222 0.52851
f 4538/11380 4620/11508 4649/11424
vt 0.42532 0.48093
f 4508/11313 4687/11509 4562/11417
vt 0.04140 0.84773
f 4684/11366 4826/11510 4630/11421
vt 0.72205 0.90281
f 4543/11495 4625/11496 4610/11511
vt 0.34679 0.54849
f 4595/11354 4596/11512 4582/11360
f 4569/11087 4648/11431 4593/11485
vt 0.89947 0.24080
f 4496/11373 4725/11372 4606/11513
vt 0.98305 0.45911
vt 0.98311 0.45995
vt 0.98233 0.45906
f 4576/11514 4621/11515 4600/11516
vt 0.61514 0.14814
f 4513/11300 4657/11346 4598/11517
f 4479/11124 4687/11490 4579/11357
f 4552/11348 4550/11387 4633/11377
vt 0.97868 0.00168
vt 0.97934 0.00200
vt 0.97902 0.00312
f 4576/11518 4600/11519 4580/11520
vt 0.71992 0.90618
f 4626/11456 4627/11521 4515/11457
vt 0.62643 0.13751
vt 0.62652 0.13856
f 4570/11522 4590/11523 4558/11492
vt 0.36000 0.54209
f 4685/11484 4643/11486 4599/11524
vt 0.61009 0.15162
f 4657/11346 4591/11388 4653/11525
vt 0.03739 0.87927
vt 0.03854 0.88041
vt 0.03700 0.88077
f 4557/11526 4658/11527 4614/11528
vt 0.34392 0.54906
f 4557/11459 4614/11529 4595/11354
vt 0.77619 0.45480
f 4553/11332 4608/11530 4646/11446
f 4538/11380 4603/11434 4620/11508
vt 0.35318 0.35200
f 4594/10985 4912/11531 4670/11411
vt 0.36399 0.34928
f 4577/11113 4820/11532 4394/11045
f 4515/11457 4627/11521 4625/11496
vt 0.68617 0.90487
vt 0.68529 0.90329
f 4603/11533 4545/11350 4607/11534
f 4561/11414 4587/11469 4643/11486
vt 0.68251 0.90328
f 4656/11402 4618/11535 4545/11350
f 4821/11450 4728/11470 4567/11135
vt 0.71954 0.90705
f 4626/11456 4636/11536 4627/11521
vt 0.36437 0.54045
vt 0.36330 0.54114
vt 0.36358 0.53959
f 4600/11537 4621/11538 4665/11539
vt 0.50036 0.07616
f 4554/11329 4466/11049 4691/11540
f 4528/11223 4566/11315 4611/11473
vt 0.35292 0.54627
f 4582/11360 4615/11541 4547/11423
vt 0.78189 0.44907
f 4556/11385 4639/11381 4651/11542
vt 0.90155 0.24488
f 4725/11372 4649/11468 4705/11543
vt 0.71990 0.90803
f 4589/11475 4585/11544 4626/11456
f 4420/11046 4574/11481 4689/11210
vt 0.04036 0.85573
f 4555/11401 4592/11545 4551/11416
vt 0.35444 0.54530
vt 0.35611 0.54587
f 4547/11423 4659/11546 4587/11547
vt 0.65312 0.82259
vt 0.65424 0.82643
vt 0.65289 0.82525
f 4630/11548 4826/11549 4682/11550
vt 0.36041 0.34905
f 4394/11045 4602/11551 4353/10962
f 4394/11045 4820/11532 4602/11551
vt 0.35585 0.54349
f 4587/11469 4671/11552 4643/11486
vt 0.17570 0.83024
vt 0.17587 0.83083
f 4563/11553 4610/11498 4604/11554
f 4486/10897 4760/11451 4524/10762
vt 0.80204 0.78752
vt 0.80001 0.78696
f 4566/11315 4662/11555 4622/11556
vt 0.93419 0.33756
f 4555/11505 4597/11504 4592/11557
vt 0.86302 0.21804
vt 0.86468 0.21964
vt 0.86243 0.22034
f 4558/11558 4590/11559 4641/11560
vt 0.35508 0.54452
f 4587/11547 4659/11546 4677/11561
vt 0.65023 0.82167
vt 0.65146 0.82325
f 4588/11562 4630/11548 4605/11563
vt 0.35197 0.54656
f 4582/11360 4609/11564 4615/11541
vt 0.34879 0.54580
f 4582/11360 4666/11565 4609/11564
vt 0.38002 0.34719
f 4564/11291 4836/11566 4541/11302
f 4566/11315 4622/11556 4611/11473
vt 0.36821 0.34744
f 4577/11113 4749/11449 4601/11567
vt 0.28981 0.38756
f 4566/11272 4793/11476 4662/11568
vt 0.03964 0.84838
f 4826/11510 4684/11366 4768/11569
vt 0.72051 0.90306
f 4610/11511 4625/11496 4647/11570
vt 0.71940 0.90772
f 4626/11456 4585/11544 4655/11571
vt 0.42022 0.47718
f 4593/11485 4699/11572 4572/11073
vt 0.46668 0.45380
vt 0.46527 0.45321
f 4581/11445 4616/11573 4585/11574
vt 0.46616 0.45246
f 4581/11445 4585/11574 4589/11575
vt 0.94362 0.85903
vt 0.94439 0.85986
vt 0.94328 0.85997
f 4596/11576 4595/11577 4735/11578
vt 0.97618 0.98249
vt 0.97593 0.98175
vt 0.97629 0.98156
f 4600/11579 4665/11580 4580/11581
vt 0.09698 0.88759
f 4591/11478 4634/11437 4624/11582
vt 0.96689 0.70698
vt 0.96616 0.70798
vt 0.96592 0.70634
f 4531/11583 4612/11584 4634/11585
vt 0.77952 0.44875
f 4639/11381 4672/11586 4651/11542
vt 0.94545 0.86115
vt 0.94401 0.86120
f 4595/11577 4614/11587 4761/11588
f 4582/11360 4596/11512 4666/11565
vt 0.56094 0.82085
vt 0.56222 0.82198
f 4550/11387 4588/11589 4693/11590
vt 0.89988 0.24334
vt 0.89983 0.24261
f 4725/11372 4719/11591 4606/11592
vt 0.77705 0.45268
f 4639/11381 4646/11446 4722/11593
vt 0.77163 0.56241
vt 0.77051 0.56149
vt 0.77202 0.56138
f 4581/11594 4651/11595 4616/11596
vt 0.61483 0.14680
f 4513/11300 4598/11517 4680/11597
vt 0.86265 0.21877
f 4558/11558 4641/11560 4681/11598
vt 0.35798 0.54042
f 4599/11524 4643/11486 4700/11599
vt 0.35834 0.35192
f 4594/10985 4353/10962 4899/11600
vt 0.87230 0.73430
vt 0.87124 0.73360
vt 0.87200 0.73251
f 4587/11601 4677/11602 4671/11603
vt 0.35081 0.54499
f 4609/11564 4666/11565 4617/11604
f 4466/11049 4728/11470 4691/11540
f 4565/11399 4513/11300 4680/11597
f 4619/11304 4572/11073 4699/11572
vt 0.38828 0.34443
f 4687/11490 4726/11605 4579/11357
vt 0.38407 0.34661
f 4579/11357 4829/11606 4564/11291
f 4547/11423 4615/11541 4659/11546
vt 0.36245 0.54099
f 4571/11487 4685/11484 4621/11607
vt 0.77105 0.56048
f 4616/11596 4651/11595 4631/11608
vt 0.77155 0.56061
f 4616/11596 4631/11608 4637/11609
vt 0.86662 0.21932
vt 0.86581 0.22171
f 4606/11610 4719/11611 4590/11559
vt 0.82361 0.63472
vt 0.82451 0.63427
f 4578/11612 4704/11613 4656/11489
vt 0.76918 0.55935
f 4651/11595 4623/11614 4631/11608
vt 0.55712 0.90810
vt 0.55666 0.90582
vt 0.55748 0.90597
f 4651/11615 4629/11616 4623/11617
vt 0.71934 0.90568
f 4627/11521 4654/11618 4625/11496
vt 0.93770 0.81646
vt 0.93725 0.81818
vt 0.93704 0.81590
f 4613/11619 4642/11620 4608/11621
vt 0.61004 0.15513
f 4591/11388 4624/11622 4653/11525
f 4619/11304 4699/11572 4508/11313
vt 0.76835 0.55919
vt 0.76745 0.55785
vt 0.76915 0.55934
f 4629/11623 4632/11624 4623/11625
f 4564/11291 4829/11606 4836/11566
f 4583/11130 4708/11507 4674/11472
vt 0.71931 0.90713
f 4627/11521 4636/11536 4688/11626
vt 0.99334 0.20603
vt 0.99312 0.20604
vt 0.99312 0.20564
f 4580/11627 4665/11628 4612/11629
vt 0.71933 0.90706
f 4636/11536 4626/11456 4631/11630
f 4626/11456 4655/11571 4688/11626
vt 0.71923 0.90724
f 4626/11456 4637/11631 4631/11630
vt 0.99416 0.17748
vt 0.99416 0.17774
vt 0.99396 0.17760
f 4626/11632 4688/11633 4637/11634
vt 0.17620 0.83191
f 4604/11554 4610/11498 4628/11635
f 4595/11577 4761/11588 4735/11578
vt 0.68381 0.90251
f 4607/11534 4545/11350 4730/11636
vt 0.68449 0.90255
f 4607/11534 4730/11636 4705/11637
vt 0.35923 0.53872
f 4599/11524 4700/11599 4695/11638
vt 0.77634 0.45372
f 4646/11446 4608/11530 4642/11639
vt 0.56199 0.82687
f 4633/11377 4827/11640 4586/11412
vt 0.64927 0.82384
vt 0.64859 0.82165
f 4588/11562 4718/11641 4693/11642
vt 0.92427 0.07392
vt 0.92367 0.07322
vt 0.92432 0.07188
f 4603/11643 4607/11644 4705/11645
vt 0.38804 0.94875
f 4604/11463 4628/11646 4658/11464
vt 0.90571 0.01247
f 4568/11435 4645/11483 4679/11647
vt 0.55219 0.98938
vt 0.55193 0.98883
vt 0.55238 0.98883
f 4616/11648 4655/11649 4585/11650
vt 0.09771 0.88774
f 4624/11582 4634/11437 4644/11651
vt 0.35209 0.54485
f 4609/11564 4617/11604 4664/11652
vt 0.98106 0.40856
vt 0.98124 0.40753
vt 0.98169 0.40877
f 4609/11653 4664/11654 4615/11655
vt 0.77037 0.55974
f 4623/11625 4654/11656 4631/11608
vt 0.34688 0.54520
f 4666/11565 4596/11512 4731/11657
vt 0.98769 0.59802
vt 0.98742 0.59801
vt 0.98785 0.59761
f 4637/11658 4636/11659 4655/11660
vt 0.99395 0.34369
vt 0.99371 0.34360
vt 0.99388 0.34349
f 4637/11661 4688/11662 4636/11663
vt 0.77078 0.55977
vt 0.77131 0.56020
f 4631/11608 4669/11664 4655/11665
vt 0.34086 0.35462
f 4532/11099 4883/11666 4667/11248
vt 0.82628 0.63928
vt 0.82840 0.63858
vt 0.82716 0.63993
f 4584/11667 4759/11668 4597/11669
vt 0.77212 0.56070
f 4637/11609 4655/11670 4616/11596
f 4631/11608 4654/11656 4669/11664
vt 0.98743 0.59775
f 4636/11659 4631/11671 4655/11660
vt 0.98647 0.86902
vt 0.98595 0.86868
vt 0.98624 0.86840
f 4645/11672 4565/11673 4679/11674
vt 0.31588 0.35685
f 4613/11296 4709/11339 4722/11675
vt 0.86359 0.22395
f 4641/11560 4590/11559 4956/11676
vt 0.36020 0.54140
vt 0.36069 0.53921
f 4599/11677 4697/11678 4685/11484
vt 0.71921 0.90664
f 4688/11626 4673/11679 4627/11521
vt 0.99341 0.24925
vt 0.99368 0.24946
vt 0.99341 0.24954
f 4627/11680 4669/11681 4654/11682
vt 0.20141 0.94727
vt 0.20270 0.94735
vt 0.20178 0.94884
f 4650/11683 4660/11684 4605/11685
f 4577/11113 4601/11567 4820/11532
vt 0.76981 0.55912
f 4623/11625 4675/11686 4654/11656
f 4630/11548 4682/11550 4605/11563
vt 0.38613 0.97805
vt 0.38596 0.97642
vt 0.38657 0.97620
f 4599/11687 4695/11688 4697/11689
f 4500/11214 4717/11471 4635/11477
vt 0.98961 0.91416
vt 0.98960 0.91465
vt 0.98925 0.91447
f 4627/11690 4673/11691 4669/11692
vt 0.20215 0.94601
vt 0.20231 0.94542
vt 0.20310 0.94596
f 4652/11693 4703/11694 4663/11695
vt 0.17717 0.83170
f 4610/11498 4647/11696 4628/11635
vt 0.98376 0.05574
vt 0.98374 0.05714
vt 0.98324 0.05636
f 4643/11697 4671/11698 4724/11699
vt 0.56226 0.83009
f 4578/11441 4586/11412 4814/11700
vt 0.56108 0.83092
f 4578/11441 4814/11700 4704/11701
vt 0.42394 0.47773
f 4508/11313 4699/11572 4732/11702
vt 0.58939 0.94569
vt 0.58996 0.94670
vt 0.58885 0.94670
f 4652/11703 4660/11704 4712/11705
f 4621/11607 4685/11484 4665/11539
vt 0.58981 0.94749
vt 0.58983 0.94873
vt 0.58851 0.94905
f 4650/11706 4605/11707 4682/11708
vt 0.58799 0.94797
f 4650/11706 4682/11708 4729/11709
f 4663/11695 4660/11684 4652/11693
vt 0.41548 0.47471
f 4699/11572 4593/11485 4770/11710
vt 0.42032 0.82091
vt 0.42129 0.82201
vt 0.41925 0.82397
f 4596/11711 4735/11712 4661/11713
f 4650/11706 4712/11705 4660/11704
f 4550/11387 4693/11590 4633/11377
vt 0.35397 0.54509
vt 0.35264 0.54483
f 4659/11714 4615/11541 4664/11715
vt 0.55543 0.90476
vt 0.55758 0.90308
f 4629/11616 4715/11716 4632/11717
vt 0.76911 0.55757
f 4623/11625 4632/11624 4686/11718
f 4623/11625 4686/11718 4675/11686
vt 0.76723 0.55696
f 4632/11624 4683/11719 4686/11718
vt 0.31965 0.35830
f 4709/11339 4635/11477 4869/11720
f 4545/11350 4618/11535 4730/11636
vt 0.03834 0.88183
f 4614/11528 4658/11527 4727/11721
vt 0.94453 0.86274
f 4614/11587 4727/11722 4761/11588
vt 0.77742 0.45038
f 4722/11593 4741/11723 4639/11381
vt 0.41830 0.82324
f 4596/11711 4661/11713 4731/11724
vt 0.03921 0.85524
f 4551/11416 4592/11545 4668/11725
vt 0.61569 0.14581
f 4565/11399 4680/11597 4679/11726
vt 0.55502 0.90318
f 4632/11717 4715/11716 4792/11727
f 4508/11313 4732/11702 4687/11509
vt 0.95473 0.56345
vt 0.95442 0.56425
vt 0.95412 0.56274
f 4654/11728 4675/11729 4625/11730
vt 0.55493 0.90809
f 4651/11615 4672/11731 4629/11616
vt 0.95415 0.56472
vt 0.95354 0.56448
f 4675/11729 4669/11732 4673/11733
vt 0.40883 0.47364
f 4648/11431 4640/11465 4638/11734
f 4524/10762 4760/11451 4717/11471
vt 0.37470 0.34875
f 4749/11449 4794/11735 4601/11567
vt 0.96368 0.70442
vt 0.96461 0.70416
vt 0.96373 0.70516
f 4669/11736 4723/11737 4655/11738
vt 0.98183 0.05759
vt 0.98118 0.05816
vt 0.98177 0.05695
f 4659/11739 4664/11740 4677/11741
vt 0.28190 0.38531
f 4554/11378 4691/11742 4793/11476
vt 0.92498 0.07198
f 4603/11643 4705/11645 4739/11743
vt 0.96382 0.70401
vt 0.96406 0.70222
vt 0.96434 0.70263
f 4675/11744 4686/11745 4676/11746
vt 0.84088 0.52814
f 4603/11434 4739/11747 4620/11508
vt 0.31405 0.35643
f 4613/11296 4722/11675 4642/11748
f 4605/11563 4718/11641 4588/11562
vt 0.03943 0.85372
f 4551/11416 4668/11725 4787/11749
vt 0.96425 0.70534
f 4655/11738 4723/11737 4678/11750
vt 0.61190 0.14785
f 4598/11517 4657/11346 4738/11751
vt 0.93618 0.81849
vt 0.93709 0.81975
f 4646/11752 4642/11620 4722/11753
vt 0.61636 0.14343
f 4584/11430 4568/11429 4759/11754
vt 0.95378 0.56348
f 4675/11729 4673/11733 4736/11755
f 4675/11729 4736/11755 4625/11730
vt 0.38708 0.94938
f 4628/11646 4765/11756 4658/11464
vt 0.95475 0.86598
vt 0.95507 0.86779
vt 0.95421 0.86589
f 4632/11757 4792/11758 4683/11759
vt 0.95642 0.85334
vt 0.95730 0.85440
vt 0.95610 0.85443
f 4663/11760 4703/11761 4720/11762
vt 0.56270 0.82792
f 4586/11412 4827/11640 4756/11763
vt 0.36279 0.53941
vt 0.36151 0.53730
f 4665/11764 4697/11678 4755/11765
vt 0.94355 0.86201
f 4761/11588 4727/11722 4716/11766
vt 0.76603 0.55515
vt 0.76720 0.55481
f 4683/11719 4696/11767 4737/11768
f 4669/11736 4675/11744 4723/11737
vt 0.36404 0.53841
vt 0.36351 0.53781
f 4612/11769 4665/11539 4634/11770
vt 0.62189 0.13905
vt 0.62016 0.13852
f 4618/11771 4656/11433 4704/11772
vt 0.94800 0.27372
vt 0.94725 0.27382
vt 0.94812 0.27288
f 4688/11773 4690/11774 4673/11775
vt 0.41181 0.47381
f 4770/11710 4593/11485 4751/11776
f 4532/11099 4674/11472 4883/11666
f 4594/10985 4899/11600 4912/11531
vt 0.93405 0.31453
vt 0.93318 0.31387
vt 0.93425 0.31280
f 4671/11777 4743/11778 4724/11779
vt 0.20364 0.94942
f 4605/11685 4660/11684 4718/11780
vt 0.62403 0.14167
vt 0.62539 0.14264
f 4574/11781 4681/11493 4721/11782
vt 0.53294 0.97691
vt 0.53271 0.97625
vt 0.53349 0.97668
f 4703/11783 4692/11784 4694/11785
vt 0.95428 0.86741
f 4683/11759 4792/11758 4701/11786
vt 0.45597 0.98942
vt 0.45635 0.98886
vt 0.45640 0.98943
f 4655/11787 4678/11788 4690/11789
vt 0.03932 0.85114
f 4684/11366 4551/11416 4808/11790
vt 0.56244 0.82495
f 4633/11377 4693/11590 4750/11791
vt 0.56322 0.82927
f 4586/11412 4756/11763 4814/11792
vt 0.76892 0.55610
f 4683/11719 4764/11793 4686/11718
vt 0.53325 0.97565
f 4692/11784 4791/11794 4694/11785
vt 0.29073 0.38472
f 4662/11568 4793/11476 4745/11795
vt 0.94832 0.27450
f 4655/11796 4690/11774 4688/11773
f 4593/11485 4648/11431 4751/11776
vt 0.97810 0.86883
vt 0.97796 0.86987
vt 0.97727 0.86932
f 4700/11797 4643/11798 4724/11799
vt 0.41939 0.47464
f 4699/11572 4770/11710 4781/11800
vt 0.29301 0.38680
f 4662/11568 4745/11795 4746/11801
vt 0.20394 0.94614
f 4663/11695 4707/11802 4660/11684
f 4683/11719 4737/11768 4764/11793
vt 0.35162 0.54376
f 4617/11604 4740/11803 4664/11652
f 4633/11377 4750/11791 4827/11640
f 4650/11706 4729/11709 4712/11705
vt 0.95659 0.96020
vt 0.95621 0.96178
vt 0.95483 0.96030
f 4696/11804 4683/11805 4748/11806
f 4665/11539 4685/11484 4697/11678
vt 0.36898 0.87994
vt 0.37099 0.88027
vt 0.36881 0.88105
f 4622/11807 4662/11808 4698/11809
vt 0.50921 0.07842
vt 0.50685 0.08107
f 4689/11210 4721/11810 4837/11811
f 4665/11539 4755/11765 4634/11770
vt 0.40668 0.47327
f 4640/11465 4611/11812 4638/11734
vt 0.89989 0.24423
f 4719/11591 4725/11372 4730/11813
vt 0.03984 0.88247
f 4658/11527 4765/11814 4727/11721
vt 0.64698 0.82293
f 4693/11642 4718/11641 4789/11815
f 4689/11210 4574/11481 4721/11810
vt 0.87098 0.73114
f 4671/11603 4677/11602 4743/11816
vt 0.61301 0.14704
f 4598/11517 4738/11751 4885/11817
vt 0.42530 0.47918
f 4687/11509 4732/11702 4726/11818
vt 0.33592 0.35625
f 4760/11451 4667/11248 4947/11819
f 4568/11429 4679/11726 4759/11754
vt 0.20381 0.94735
f 4660/11684 4707/11802 4795/11820
f 4639/11381 4741/11723 4672/11586
vt 0.90031 0.24494
f 4705/11543 4730/11821 4725/11372
vt 0.35356 0.54343
vt 0.35422 0.54399
f 4664/11715 4702/11822 4677/11823
vt 0.14184 0.97590
vt 0.14192 0.97815
vt 0.14124 0.97625
f 4617/11824 4666/11825 4706/11826
vt 0.94735 0.27262
f 4673/11775 4690/11774 4678/11827
vt 0.82956 0.63869
f 4597/11669 4759/11668 4785/11828
vt 0.14133 0.97788
f 4666/11825 4747/11829 4706/11826
f 4551/11416 4787/11749 4808/11790
vt 0.95351 0.56237
vt 0.95451 0.56125
f 4625/11730 4736/11830 4647/11831
vt 0.53392 0.97616
f 4694/11785 4791/11794 4766/11832
vt 0.93373 0.33634
f 4592/11557 4597/11504 4785/11833
f 4590/11559 4719/11611 4956/11676
vt 0.40660 0.47178
vt 0.40797 0.47131
vt 0.40720 0.47217
f 4622/11834 4698/11835 4611/11836
vt 0.40885 0.47361
f 4611/11836 4698/11835 4638/11837
vt 0.94821 0.27114
f 4673/11775 4678/11827 4736/11838
vt 0.35027 0.54383
f 4617/11604 4706/11839 4740/11803
vt 0.38719 0.34604
f 4579/11357 4810/11840 4829/11606
f 4684/11366 4808/11790 4768/11569
vt 0.95357 0.56105
f 4647/11831 4736/11830 4628/11841
vt 0.95599 0.85353
vt 0.95573 0.85403
f 4663/11842 4720/11762 4707/11843
f 4821/11450 4689/11210 4837/11811
f 4648/11431 4638/11734 4751/11776
vt 0.97546 0.90862
vt 0.97539 0.90913
vt 0.97467 0.90841
f 4694/11844 4720/11845 4703/11846
vt 0.36350 0.53675
f 4634/11770 4755/11765 4644/11847
vt 0.36830 0.88427
f 4698/11809 4662/11808 4714/11848
vt 0.36723 0.88315
f 4698/11809 4714/11848 4782/11849
vt 0.20398 0.94868
f 4660/11684 4734/11850 4718/11780
f 4353/10962 4602/11551 4899/11600
vt 0.96460 0.70333
f 4675/11744 4676/11851 4723/11737
vt 0.97048 0.90914
vt 0.97118 0.91095
vt 0.97030 0.91108
f 4695/11852 4700/11853 4710/11854
vt 0.97014 0.90975
f 4695/11852 4710/11854 4767/11855
vt 0.58792 0.94573
f 4712/11705 4711/11856 4652/11703
vt 0.34900 0.54427
f 4666/11565 4731/11657 4747/11857
vt 0.60850 0.15574
vt 0.60858 0.15428
f 4624/11622 4644/11858 4713/11859
f 4579/11357 4726/11605 4810/11840
vt 0.95832 0.85427
vt 0.95774 0.85594
f 4652/11860 4711/11861 4703/11761
vt 0.60929 0.15383
f 4653/11525 4624/11622 4758/11862
vt 0.97650 0.84487
vt 0.97595 0.84578
vt 0.97567 0.84491
f 4700/11863 4724/11864 4710/11865
f 4541/11302 4836/11566 4749/11449
vt 0.82438 0.63278
vt 0.82572 0.63366
f 4704/11613 4814/11866 4804/11867
vt 0.84139 0.52754
f 4620/11508 4739/11868 4649/11424
vt 0.90511 0.49782
vt 0.90663 0.49958
vt 0.90552 0.49914
f 4592/11869 4785/11870 4668/11871
vt 0.37082 0.88332
f 4662/11808 4746/11872 4714/11848
f 4660/11684 4795/11820 4734/11850
vt 0.97868 0.91451
vt 0.97928 0.91357
vt 0.97948 0.91451
f 4703/11873 4763/11874 4692/11875
vt 0.95291 0.56195
f 4736/11830 4765/11876 4628/11841
f 4657/11346 4653/11525 4738/11751
vt 0.77001 0.55681
f 4686/11718 4764/11793 4773/11877
vt 0.62700 0.14063
f 4681/11493 4641/11878 4721/11782
vt 0.40981 0.47100
f 4638/11837 4698/11835 4782/11879
vt 0.53429 0.97631
vt 0.53414 0.97708
f 4694/11785 4766/11880 4720/11881
vt 0.95508 0.96223
f 4683/11805 4701/11882 4748/11806
vt 0.90223 0.24596
f 4649/11468 4739/11883 4705/11543
vt 0.60939 0.15285
f 4653/11525 4758/11862 4774/11884
vt 0.77021 0.55766
vt 0.77003 0.55817
f 4686/11718 4736/11885 4676/11886
vt 0.28423 0.38354
f 4793/11476 4691/11742 4775/11887
vt 0.94337 0.86335
f 4727/11722 4778/11888 4716/11766
vt 0.96840 0.17133
vt 0.96864 0.17030
vt 0.96935 0.17114
f 4729/11889 4779/11890 4712/11891
vt 0.35190 0.54296
vt 0.34948 0.54323
vt 0.35188 0.54109
f 4740/11892 4733/11893 4796/11894
vt 0.67820 0.92936
vt 0.67742 0.93015
vt 0.67708 0.92938
f 4618/11895 4845/11896 4730/11897
vt 0.03876 0.88305
f 4727/11721 4765/11814 4778/11898
vt 0.34439 0.35502
f 4674/11472 4708/11507 4753/11899
vt 0.34879 0.35468
f 4708/11507 4670/11411 5020/11900
vt 0.31696 0.96291
vt 0.31577 0.96286
vt 0.31590 0.96149
f 4729/11901 4682/11902 4824/11903
vt 0.77811 0.44871
f 4672/11586 4741/11723 4783/11904
vt 0.97137 0.45859
vt 0.97010 0.45810
vt 0.97122 0.45764
f 4692/11905 4763/11906 4791/11907
vt 0.61383 0.14521
f 4680/11597 4844/11908 4679/11726
vt 0.65144 0.82658
f 4682/11550 4826/11549 4824/11909
vt 0.34967 0.54095
f 4733/11893 4769/11910 4796/11894
vt 0.12825 0.97730
vt 0.12820 0.97614
vt 0.12908 0.97712
f 4624/11911 4713/11912 4758/11913
vt 0.86953 0.73172
f 4677/11602 4702/11914 4743/11816
f 4686/11718 4773/11877 4736/11885
vt 0.55445 0.90694
f 4629/11616 4672/11731 4790/11915
vt 0.31744 0.35739
f 4709/11339 4869/11720 4741/11916
f 4709/11339 4741/11916 4722/11675
vt 0.91961 0.13560
vt 0.91935 0.13284
vt 0.92101 0.13517
f 4740/11917 4796/11918 4805/11919
vt 0.91948 0.13687
f 4664/11920 4740/11917 4805/11919
vt 0.35185 0.54267
f 4664/11715 4805/11921 4702/11822
vt 0.67511 0.96233
vt 0.67583 0.96157
vt 0.67598 0.96292
f 4733/11922 4706/11923 4747/11924
vt 0.67575 0.96018
f 4733/11922 4740/11925 4706/11923
f 4638/11837 4782/11879 4751/11776
f 4697/11678 4695/11638 4755/11765
vt 0.55528 0.90480
f 4715/11926 4629/11616 4790/11915
vt 0.96501 0.06589
vt 0.96424 0.06751
vt 0.96376 0.06603
f 4696/11927 4784/11928 4737/11929
vt 0.94734 0.27150
f 4736/11838 4678/11827 4676/11930
vt 0.67901 0.93031
vt 0.67839 0.93135
f 4618/11895 4704/11931 4804/11932
f 4618/11895 4804/11932 4845/11896
vt 0.50913 0.07989
f 4837/11811 4721/11810 4799/11933
vt 0.93333 0.31085
f 4724/11779 4743/11778 4754/11934
vt 0.77092 0.55931
vt 0.77094 0.55852
f 4723/11935 4676/11886 4744/11936
vt 0.77128 0.55890
f 4723/11935 4744/11936 4798/11937
vt 0.77152 0.55935
f 4723/11935 4798/11937 4678/11938
vt 0.82615 0.63254
f 4814/11866 4860/11939 4804/11867
vt 0.61486 0.14353
f 4759/11754 4679/11726 4833/11940
vt 0.34745 0.54307
f 4733/11893 4757/11941 4769/11910
vt 0.93439 0.30963
f 4724/11779 4754/11934 4710/11942
vt 0.97388 0.85976
vt 0.97420 0.85951
vt 0.97481 0.85930
f 4712/11943 4779/11944 4711/11945
vt 0.35842 0.53594
f 4695/11638 4801/11946 4755/11765
vt 0.04134 0.88140
vt 0.04112 0.88232
f 4736/11947 4788/11948 4765/11814
vt 0.77077 0.55708
f 4736/11885 4773/11877 4788/11949
vt 0.94682 0.27175
f 4676/11930 4678/11827 4744/11950
vt 0.93219 0.31199
f 4743/11778 4752/11951 4754/11934
vt 0.35809 0.53771
f 4695/11638 4767/11952 4801/11946
vt 0.37061 0.88575
f 4746/11872 4742/11953 4714/11848
vt 0.41801 0.82544
f 4731/11724 4661/11713 4813/11954
f 4670/11411 4912/11531 5020/11900
vt 0.42044 0.82468
f 4661/11713 4735/11712 4856/11955
vt 0.35651 0.53898
vt 0.35586 0.53920
vt 0.35634 0.53783
f 4754/11956 4752/11957 4800/11958
vt 0.35429 0.53757
f 4752/11957 4811/11959 4800/11958
vt 0.67559 0.96430
f 4733/11922 4747/11924 4757/11960
vt 0.50358 0.08171
f 4821/11450 4936/11961 4728/11470
vt 0.42374 0.47446
f 4699/11572 4864/11962 4732/11702
vt 0.94671 0.27208
vt 0.94679 0.27191
f 4678/11827 4798/11963 4777/11964
f 4678/11827 4777/11964 4744/11950
vt 0.34625 0.54324
f 4731/11657 4813/11965 4757/11941
vt 0.50134 0.07995
f 4728/11470 4936/11961 5001/11966
vt 0.97466 0.09109
vt 0.97466 0.09275
vt 0.97388 0.09188
f 4598/11967 4885/11968 4680/11969
f 4754/11956 4800/11958 4767/11952
vt 0.29378 0.38477
f 4746/11801 4745/11795 4834/11970
vt 0.95679 0.85552
f 4703/11761 4711/11861 4776/11971
f 4731/11657 4757/11941 4747/11857
vt 0.62768 0.14253
f 4641/11878 4876/11972 4721/11782
f 4699/11572 4781/11800 4864/11962
f 4667/11248 4883/11666 4947/11819
vt 0.96572 0.06707
f 4748/11973 4784/11928 4696/11927
vt 0.87228 0.37948
vt 0.87384 0.38047
vt 0.87095 0.38090
f 4693/11974 4789/11975 4750/11976
vt 0.36280 0.53570
f 4644/11847 4755/11765 4762/11977
vt 0.66580 0.93418
vt 0.66474 0.93370
vt 0.66535 0.93086
f 4735/11978 4761/11979 4856/11980
vt 0.98422 0.20207
vt 0.98435 0.20097
vt 0.98483 0.20129
f 4755/11981 4758/11982 4762/11983
vt 0.86550 0.22432
f 4719/11611 4845/11984 4956/11676
vt 0.41282 0.47096
f 4751/11776 4782/11879 4803/11985
vt 0.47859 0.97582
vt 0.47852 0.97665
vt 0.47770 0.97609
f 4703/11986 4776/11987 4763/11988
vt 0.96880 0.90488
vt 0.96818 0.90409
vt 0.96871 0.90218
f 4757/11989 4813/11990 4873/11991
f 4751/11776 4803/11985 4770/11710
vt 0.34672 0.54010
f 4769/11910 4757/11941 4873/11992
vt 0.35193 0.54088
f 4702/11822 4805/11921 4882/11993
vt 0.36038 0.53468
f 4755/11765 4801/11946 4853/11994
vt 0.35607 0.53666
f 4800/11958 4811/11959 4771/11995
vt 0.89963 0.24577
vt 0.89958 0.24489
f 4730/11821 4845/11996 4719/11997
vt 0.43026 0.90454
vt 0.42967 0.90300
vt 0.43148 0.90303
f 4764/11998 4737/11999 4784/12000
vt 0.60787 0.15451
f 4644/11858 4762/12001 4713/11859
f 4674/11472 4753/11899 4883/11666
vt 0.95387 0.86907
vt 0.95313 0.86794
f 4701/11786 4831/12002 4772/12003
vt 0.77888 0.44760
f 4672/11586 4783/11904 4790/12004
vt 0.36817 0.88630
f 4742/11953 4841/12005 4714/11848
vt 0.96152 0.54402
vt 0.96224 0.54388
vt 0.96220 0.54544
f 4767/12006 4710/12007 4754/12008
vt 0.04320 0.95019
vt 0.04220 0.95065
vt 0.04297 0.94854
f 4761/12009 4716/12010 4822/12011
vt 0.61298 0.14649
f 4680/11597 4885/12012 4844/11908
vt 0.31842 0.35940
f 4741/11916 4869/11720 4871/12013
vt 0.97605 0.63255
vt 0.97658 0.63175
vt 0.97654 0.63250
f 4779/12014 4818/12015 4711/12016
vt 0.92150 0.13331
f 4796/11918 4882/12017 4805/11919
vt 0.87216 0.72846
vt 0.86901 0.72827
vt 0.87234 0.72605
f 4752/12018 4780/12019 4811/12020
vt 0.36189 0.53546
f 4755/11765 4853/11994 4758/12021
vt 0.35204 0.53966
f 4796/11894 4769/11910 4802/12022
vt 0.29553 0.38624
f 4746/11801 4834/11970 4742/12023
vt 0.14332 0.96007
vt 0.14331 0.96230
vt 0.14175 0.96215
f 4748/12024 4701/12025 4772/12026
vt 0.14190 0.95972
f 4748/12024 4772/12026 4784/12027
vt 0.31767 0.96193
f 4729/11901 4824/11903 4779/12028
vt 0.04031 0.88375
f 4778/11898 4765/11814 4807/12029
vt 0.35572 0.53540
f 4811/11959 4786/12030 4771/11995
vt 0.41684 0.47170
f 4770/11710 4866/12031 4781/11800
vt 0.31712 0.96033
f 4779/12028 4824/11903 4842/12032
vt 0.94422 0.53413
vt 0.94527 0.53495
vt 0.94383 0.53504
f 4720/12033 4818/12034 4707/12035
vt 0.55368 0.90406
f 4715/11716 4831/12036 4792/11727
vt 0.36927 0.35070
f 4601/11567 4794/11735 4835/12037
vt 0.62618 0.14380
f 4721/11782 4876/11972 4799/12038
vt 0.64788 0.82635
f 4789/11815 4718/11641 4994/12039
f 4701/11786 4792/11758 4831/12002
vt 0.36715 0.88555
f 4782/11849 4714/11848 4803/12040
vt 0.41001 0.97672
vt 0.40970 0.97565
vt 0.41009 0.97564
f 4766/12041 4791/12042 4763/12043
vt 0.41054 0.97576
f 4766/12041 4763/12043 4776/12044
vt 0.41108 0.97641
f 4766/12041 4776/12044 4720/12045
vt 0.41517 0.47012
f 4803/11985 4815/12046 4770/11710
vt 0.42513 0.47745
vt 0.42444 0.47619
vt 0.42516 0.47638
f 4726/12047 4732/12048 4810/12049
vt 0.64935 0.82551
f 4994/12039 4718/11641 4825/12050
vt 0.41970 0.47264
f 4781/11800 4866/12031 4816/12051
vt 0.36426 0.35253
f 4820/11532 4601/11567 4946/12052
vt 0.94419 0.53606
vt 0.94580 0.53671
vt 0.94412 0.53740
f 4795/12053 4842/12054 4734/12055
vt 0.96820 0.90267
f 4873/11991 4813/11990 4921/12056
vt 0.95619 0.85593
f 4776/11971 4711/11861 4818/12057
vt 0.95619 0.85523
f 4776/11971 4818/12057 4720/12058
f 4795/12053 4707/12035 4818/12034
vt 0.62692 0.56088
vt 0.62365 0.56252
vt 0.62512 0.55940
f 4742/12059 5104/12060 4841/12061
vt 0.55385 0.90585
f 4715/11926 4790/11915 4840/12062
f 4679/11726 4844/11908 4833/11940
vt 0.96836 0.16933
vt 0.96944 0.16899
f 4779/11890 4842/12063 4795/12064
vt 0.97737 0.45560
vt 0.97846 0.45506
vt 0.97831 0.45589
f 4801/12065 4767/12066 4797/12067
vt 0.33155 0.35861
f 4717/11471 4760/11451 5019/12068
vt 0.97576 0.63121
f 4779/12014 4795/12069 4818/12015
vt 0.12021 0.94785
vt 0.12067 0.94899
vt 0.11927 0.94893
f 4777/12070 4798/12071 4812/12072
vt 0.66407 0.93158
f 4761/11979 4822/12073 4856/11980
f 4770/11710 4815/12046 4866/12031
vt 0.43048 0.90625
vt 0.43178 0.90490
f 4773/12074 4764/11998 4772/12075
f 4753/11899 4708/11507 5020/11900
vt 0.34719 0.53859
f 4873/11992 4809/12076 4769/11910
vt 0.86941 0.72953
f 4752/12018 4743/11816 4817/12077
f 4752/12018 4817/12077 4780/12019
vt 0.82732 0.63303
f 4804/11867 4860/11939 4872/12078
vt 0.65446 0.82799
vt 0.65263 0.82888
f 4826/11549 4768/12079 4832/12080
f 4743/11816 4702/11914 4817/12077
vt 0.94421 0.53823
vt 0.94543 0.53812
f 4718/12081 4734/12055 4825/12082
vt 0.89389 0.10233
vt 0.89538 0.10178
vt 0.89520 0.10344
f 4716/12083 4778/12084 4861/12085
vt 0.82890 0.10198
vt 0.82672 0.10250
vt 0.82974 0.09898
f 4808/12086 4843/12087 4768/12088
vt 0.67673 0.93248
f 4845/11896 4804/11932 4923/12089
vt 0.98324 0.70384
vt 0.98398 0.70380
vt 0.98357 0.70448
f 4802/12090 4819/12091 4796/12092
vt 0.28825 0.38145
f 4745/11795 4793/11476 5027/12093
f 4715/11926 4840/12062 4831/12036
vt 0.12913 0.97563
f 4758/11913 4713/11912 4762/12094
vt 0.77609 0.44806
vt 0.77727 0.44877
f 4741/11723 4871/12095 4783/12096
vt 0.03815 0.88429
f 4778/11898 4807/12029 4861/12097
vt 0.24467 0.93512
vt 0.24433 0.93393
vt 0.24467 0.93272
f 4756/12098 4827/12099 4881/12100
vt 0.97006 0.38416
vt 0.97100 0.38417
vt 0.97028 0.38578
f 4801/12101 4797/12102 4771/12103
vt 0.12128 0.94855
vt 0.12149 0.94732
f 4744/12104 4777/12070 4788/12105
vt 0.35768 0.53635
f 4767/11952 4800/11958 4797/12106
vt 0.34903 0.53811
f 4802/12022 4769/11910 4848/12107
vt 0.82925 0.10376
f 4787/12108 4843/12087 4808/12086
vt 0.61578 0.14123
f 4759/11754 4833/11940 4904/12109
vt 0.41971 0.82543
f 4661/11713 4856/11955 4897/12110
vt 0.12074 0.94626
vt 0.12137 0.94629
f 4788/12105 4807/12111 4765/12112
f 4728/11470 5001/11966 4691/11540
vt 0.43000 0.90767
vt 0.43083 0.90845
f 4788/12113 4773/12074 4744/12114
f 4769/11910 4809/12076 4848/12107
vt 0.32590 0.35936
f 4717/11471 4939/12115 4635/11477
vt 0.11897 0.94727
f 4812/12072 4852/12116 4777/12070
vt 0.77834 0.44679
f 4790/12004 4783/11904 4880/12117
vt 0.77891 0.44724
f 4790/12004 4880/12117 4806/12118
vt 0.36117 0.53440
f 4758/12021 4853/11994 4774/12119
f 4764/11998 4784/12000 4772/12075
vt 0.29605 0.38227
f 4742/12023 4834/11970 4957/12120
vt 0.28217 0.38096
f 4691/11742 5001/12121 4775/11887
vt 0.78954 0.39525
vt 0.78886 0.39492
vt 0.78931 0.39421
f 4790/12122 4806/12123 4858/12124
vt 0.79093 0.39421
f 4790/12122 4858/12124 4840/12125
vt 0.95281 0.86881
f 4831/12002 4854/12126 4772/12003
vt 0.35919 0.53426
f 4801/11946 4867/12127 4853/11994
vt 0.35398 0.54075
f 4702/11822 4882/11993 4817/12128
f 4788/12105 4777/12070 4807/12111
vt 0.38537 0.34791
f 4829/11606 4810/11840 4888/12129
vt 0.41990 0.82676
f 4813/11954 4661/11713 4828/12130
vt 0.24601 0.93486
f 4756/12098 4881/12100 4814/12131
vt 0.35764 0.53482
f 4801/11946 4786/12030 4850/12132
vt 0.91950 0.12936
vt 0.92019 0.13080
vt 0.91932 0.13068
f 4848/12133 4819/12134 4802/12135
vt 0.87143 0.38337
vt 0.86900 0.38088
f 4750/11976 4893/12136 4827/12137
f 4803/12040 4714/11848 4841/12005
f 4661/11713 4897/12110 4828/12130
vt 0.83029 0.10581
vt 0.82883 0.10632
vt 0.82751 0.10607
f 4668/12138 4785/12139 4874/12140
f 4801/11946 4771/11995 4786/12030
vt 0.89379 0.10353
f 4716/12083 4861/12085 4822/12141
vt 0.35572 0.35479
f 4912/11531 4899/11600 4968/12142
vt 0.35807 0.53443
f 4801/11946 4850/12143 4867/12127
f 4781/11800 4816/12051 4864/11962
vt 0.43064 0.90931
vt 0.43150 0.90917
f 4798/12144 4744/12114 4868/12145
vt 0.65092 0.82839
f 4826/11549 4823/12146 4824/11909
f 4732/11702 4864/11962 4810/12049
vt 0.61198 0.14598
f 4885/12012 4895/12147 4844/11908
vt 0.03884 0.88518
f 4861/12097 4807/12029 4903/12148
f 4820/11532 4899/11600 4602/11551
f 4601/11567 4835/12037 4946/12052
vt 0.64685 0.82541
f 4994/12039 4870/12149 4789/11815
vt 0.41609 0.47089
vt 0.41640 0.47146
f 4815/12046 4941/12150 4866/12151
vt 0.41868 0.46942
f 4816/12051 4866/12031 5036/12152
vt 0.82926 0.10460
f 4668/12138 4874/12140 4787/12153
vt 0.87048 0.72655
vt 0.87155 0.72527
f 4811/12020 4896/12154 4900/12155
vt 0.98595 0.86800
vt 0.98599 0.86723
vt 0.98632 0.86715
f 4824/12156 4825/12157 4842/12158
vt 0.89406 0.10462
f 4822/12141 4861/12085 4920/12159
vt 0.24624 0.93322
f 4814/12131 4881/12100 4860/12160
vt 0.35297 0.53492
f 4786/12030 4811/11959 4877/12161
vt 0.41794 0.82737
vt 0.41657 0.82817
f 4813/11954 4919/12162 4921/12163
vt 0.62447 0.56433
f 4742/12059 4957/12164 5104/12060
f 4749/11449 4836/11566 4794/11735
f 4793/11476 4775/11887 5027/12093
vt 0.98601 0.86659
f 4825/12157 4734/12165 4842/12158
vt 0.43203 0.90815
f 4744/12114 4773/12074 4868/12166
f 4824/11909 4823/12146 4825/12050
vt 0.35263 0.53650
f 4811/11959 4900/12167 4877/12161
f 4825/12050 4823/12146 4994/12039
vt 0.43054 0.91063
vt 0.43157 0.91014
f 4812/12168 4798/12144 4830/12169
vt 0.93695 0.77126
vt 0.93686 0.76859
vt 0.93746 0.76917
f 4786/12170 4851/12171 4850/12172
f 4798/12144 4868/12145 4830/12169
vt 0.97129 0.38581
f 4771/12103 4797/12102 4800/12173
vt 0.91130 0.05598
vt 0.91090 0.05842
vt 0.91014 0.05702
f 4844/12174 4925/12175 4833/12176
vt 0.86212 0.22105
vt 0.86169 0.22294
f 4641/12177 4956/11676 4876/12178
vt 0.41304 0.46876
f 4803/11985 4841/12179 4815/12046
vt 0.35839 0.53358
f 4867/12127 4850/12143 4846/12180
f 4811/12020 4780/12019 4896/12154
vt 0.92031 0.12964
f 4819/12134 4848/12133 4898/12181
vt 0.93730 0.76628
vt 0.93689 0.76714
vt 0.93664 0.76615
f 4774/12182 4853/12183 4849/12184
vt 0.82817 0.09882
f 4768/12088 4843/12087 4832/12185
f 4750/11976 4789/11975 4893/12136
vt 0.78055 0.44526
vt 0.77941 0.44469
vt 0.77998 0.44401
f 4812/12186 4855/12187 4847/12188
f 4947/11819 5019/12068 4760/11451
f 4796/11918 4819/12134 4882/12017
vt 0.83097 0.63639
f 4759/11668 4909/12189 4785/11828
vt 0.60837 0.15030
vt 0.60987 0.14837
f 4653/11525 4857/12190 4922/12191
vt 0.60851 0.15266
vt 0.60729 0.15204
f 4774/12192 4849/12193 4653/11525
vt 0.98528 0.45127
vt 0.98554 0.45122
vt 0.98534 0.45168
f 4880/12194 4858/12195 4806/12196
f 4635/11477 4939/12115 4869/11720
vt 0.93607 0.76732
f 4853/12183 4890/12197 4849/12184
vt 0.62156 0.56150
f 4841/12061 5104/12060 5107/12198
vt 0.62233 0.55973
f 4841/12061 5107/12198 4838/12199
vt 0.97984 0.28264
vt 0.98070 0.28189
vt 0.98082 0.28319
f 4876/12200 4961/12201 4799/12202
vt 0.93749 0.76800
f 4867/12203 4851/12171 4853/12183
vt 0.66416 0.92926
f 4822/12073 4886/12204 4856/11980
vt 0.04185 0.94681
vt 0.04321 0.94624
f 4822/12011 4920/12205 4886/12206
vt 0.93653 0.77331
vt 0.93627 0.77177
f 4786/12170 4877/12207 4839/12208
vt 0.61915 0.13824
vt 0.61759 0.13842
vt 0.61650 0.13762
f 4804/12209 4872/12210 4863/12211
vt 0.78118 0.44499
vt 0.78134 0.44384
f 4812/12212 4847/12188 4852/12213
vt 0.42524 0.47377
f 4810/12049 4864/11962 4888/12214
vt 0.93614 0.77044
f 4851/12171 4786/12170 4927/12215
f 4786/12170 4839/12208 4927/12215
vt 0.38279 0.34981
f 4829/11606 4933/12216 4836/11566
f 4813/11954 4828/12130 4919/12162
vt 0.61436 0.14066
f 4904/12109 4833/11940 4889/12217
vt 0.82864 0.10734
vt 0.82613 0.10681
vt 0.82754 0.10616
f 4785/12218 4909/12219 4874/12220
f 4717/11471 5019/12068 4939/12115
vt 0.15439 0.96356
vt 0.15416 0.96409
vt 0.15396 0.96394
f 4846/12221 4850/12222 4851/12223
vt 0.15378 0.96353
f 4846/12221 4851/12223 4879/12224
vt 0.82940 0.63511
f 4759/11668 4904/12225 4909/12189
vt 0.97597 0.00369
vt 0.97691 0.00400
vt 0.97623 0.00476
f 4812/12226 4830/12227 4855/12228
vt 0.91230 0.05742
f 4925/12175 4844/12174 4908/12229
vt 0.61156 0.14400
vt 0.61334 0.14261
f 4844/11908 4942/12230 4908/12231
vt 0.11972 0.94562
f 4807/12111 4777/12070 4878/12232
f 4787/12153 4874/12140 4843/12087
vt 0.86908 0.38349
f 4827/12137 4893/12136 4881/12233
f 4826/11549 4832/12080 4823/12146
vt 0.96223 0.74794
vt 0.96275 0.74881
vt 0.96141 0.74950
f 4868/12234 4859/12235 4830/12236
vt 0.04003 0.88473
f 4807/12029 4878/12237 4903/12148
vt 0.43254 0.90647
f 4773/12074 4772/12075 4854/12238
vt 0.67880 0.93392
f 4804/11932 4863/12239 4923/12089
f 4852/12116 4878/12232 4777/12070
vt 0.92162 0.13184
f 4882/12017 4819/12134 4906/12240
f 4868/12166 4773/12074 4854/12238
vt 0.35835 0.53255
vt 0.35866 0.53313
f 4846/12180 4894/12241 4867/12242
vt 0.89487 0.10534
f 4861/12085 4862/12243 4920/12159
vt 0.98706 0.72195
vt 0.98681 0.72177
vt 0.98715 0.72152
f 4851/12244 4867/12245 4879/12246
f 4895/12147 4942/12230 4844/11908
vt 0.62394 0.55884
vt 0.62365 0.55729
f 4841/12247 4838/12199 4815/12248
vt 0.35356 0.53896
f 4817/12128 4882/11993 4780/12249
vt 0.92117 0.13015
f 4898/12181 4865/12250 4819/12134
vt 0.05399 0.97655
vt 0.05318 0.97708
vt 0.05337 0.97588
f 4852/12251 4875/12252 4859/12253
vt 0.77703 0.44673
f 4783/12096 4871/12095 4880/12254
vt 0.37316 0.35297
f 4794/11735 4980/12255 4835/12037
vt 0.79356 0.39290
vt 0.79276 0.39511
f 4840/12125 4854/12256 4831/12257
vt 0.15309 0.96301
f 4846/12221 4879/12224 4926/12258
vt 0.15415 0.96215
f 4846/12221 4926/12258 4894/12259
vt 0.78089 0.44367
vt 0.78018 0.44340
f 4852/12260 4847/12188 4875/12261
vt 0.50860 0.08238
f 4799/11933 4961/12262 4837/11811
vt 0.28418 0.38006
f 4775/11887 5001/12121 5067/12263
f 4653/11525 4922/12191 4738/11751
f 4820/11532 4946/12052 4899/11600
vt 0.79157 0.39278
f 4840/12125 4868/12264 4854/12256
vt 0.96257 0.75050
f 4830/12236 4859/12235 4875/12265
vt 0.96920 0.32130
vt 0.96842 0.32146
vt 0.96899 0.31988
f 4878/12266 4913/12267 4891/12268
vt 0.96826 0.31977
f 4891/12268 4913/12267 4935/12269
vt 0.98756 0.36195
vt 0.98779 0.36257
vt 0.98742 0.36272
f 4886/12270 4897/12271 4856/12272
vt 0.34443 0.53795
f 4873/11992 4974/12273 4809/12076
vt 0.61440 0.14221
f 4833/11940 4925/12274 4889/12217
f 4819/12134 4865/12250 4906/12240
vt 0.96876 0.32231
f 4878/12266 4859/12275 4913/12267
f 4853/12183 4851/12171 4890/12197
vt 0.93143 0.44645
vt 0.93132 0.44758
vt 0.93063 0.44697
f 4852/12276 4859/12277 4878/12278
vt 0.29023 0.37921
vt 0.29325 0.37960
f 4834/11970 5150/12279 5084/12280
vt 0.92867 0.44726
vt 0.93007 0.44517
f 4878/12278 4891/12281 4940/12282
vt 0.92118 0.78106
vt 0.91958 0.78048
vt 0.92154 0.77999
f 4868/12283 4901/12284 4859/12285
vt 0.83892 0.97756
vt 0.83881 0.97626
vt 0.83954 0.97681
f 4867/12286 4894/12287 4879/12288
vt 0.82567 0.10489
f 4843/12087 4874/12140 4963/12289
f 4834/11970 5084/12280 4957/12120
f 4834/11970 4745/11795 5150/12279
vt 0.86205 0.22436
f 4876/12178 4956/11676 4972/12290
vt 0.33992 0.53648
vt 0.34025 0.53504
vt 0.34211 0.53650
f 4955/12291 4905/12292 4884/12293
vt 0.82549 0.09889
f 4843/12087 4999/12294 4832/12185
vt 0.34529 0.53520
f 4884/12293 4905/12292 4918/12295
vt 0.33748 0.53695
f 4959/12296 4905/12292 4955/12291
vt 0.82676 0.09771
f 4832/12185 4999/12294 4823/12297
vt 0.34111 0.35794
f 4947/11819 4883/11666 4948/12298
vt 0.61634 0.13924
f 4872/12210 4887/12299 4863/12211
f 4821/11450 4837/11811 4936/11961
vt 0.41665 0.46894
f 4866/12031 4941/12300 5036/12152
vt 0.77697 0.44570
vt 0.77842 0.44509
f 4880/12254 4924/12301 4892/12302
vt 0.96150 0.74999
vt 0.96189 0.75052
f 4830/12303 4875/12265 4907/12304
vt 0.96150 0.75039
f 4830/12303 4907/12304 4855/12305
f 4887/12299 4904/12109 4889/12217
vt 0.93591 0.76841
f 4851/12171 4927/12215 4890/12306
vt 0.94683 0.50286
vt 0.94849 0.50260
vt 0.94739 0.50440
f 4900/12307 4896/12308 4898/12309
vt 0.92062 0.78230
f 4868/12283 4840/12310 4901/12284
vt 0.34663 0.53721
f 4848/12107 4809/12076 5034/12311
vt 0.96272 0.87114
vt 0.96186 0.87203
vt 0.96153 0.87116
f 4877/12312 4900/12313 4915/12314
vt 0.96204 0.86993
f 4877/12312 4915/12314 4937/12315
vt 0.62756 0.14431
vt 0.62891 0.14341
f 4961/12316 4876/11972 4972/12317
vt 0.03762 0.88625
f 4861/12097 4903/12148 4954/12318
vt 0.03703 0.88614
f 4861/12097 4954/12318 4862/12319
vt 0.24594 0.93071
f 4860/12160 4881/12100 4949/12320
vt 0.78781 0.39349
vt 0.78805 0.39285
vt 0.78812 0.39417
f 4892/12321 4932/12322 4880/12323
vt 0.96868 0.14394
vt 0.96867 0.14469
vt 0.96835 0.14437
f 4872/12324 4949/12325 4887/12326
vt 0.81749 0.26732
vt 0.81652 0.26856
vt 0.81623 0.26737
f 4848/12327 4938/12328 4898/12329
vt 0.62218 0.55772
f 4815/12248 4838/12199 4941/12330
vt 0.77875 0.44468
vt 0.77883 0.44372
f 4855/12187 4892/12331 4943/12332
f 4855/12187 4943/12332 4847/12188
vt 0.03988 0.88547
f 4903/12148 4878/12237 4940/12333
f 4653/11525 4849/12193 4857/12190
vt 0.91951 0.78156
f 4840/12310 4988/12334 4901/12284
vt 0.87434 0.38278
f 4789/11975 4870/12335 4893/12136
vt 0.86626 0.22609
f 4845/11984 4923/12336 4956/11676
vt 0.78971 0.39290
vt 0.79083 0.39219
f 4840/12125 4858/12337 4988/12338
vt 0.35742 0.53027
vt 0.35958 0.53044
f 4894/12241 4962/12339 4929/12340
vt 0.92824 0.44444
f 4891/12281 4970/12341 4940/12282
f 4775/11887 5067/12263 5027/12093
vt 0.42289 0.47007
f 4864/11962 4816/12051 5010/12342
f 4864/11962 5010/12342 4888/12214
vt 0.94859 0.50432
f 4898/12309 4896/12308 4865/12343
vt 0.38077 0.35038
f 4836/11566 4902/12344 4794/11735
vt 0.97719 0.58755
vt 0.97800 0.58733
vt 0.97735 0.58842
f 4900/12345 4898/12346 4915/12347
vt 0.92117 0.77944
f 4859/12285 4901/12284 4913/12348
vt 0.97649 0.00553
vt 0.97622 0.00532
f 4855/12228 4932/12349 4892/12350
vt 0.39388 0.94841
vt 0.39207 0.94932
vt 0.39211 0.94839
f 4935/12351 4913/12352 4985/12353
vt 0.32271 0.36078
f 4869/11720 4939/12115 4976/12354
vt 0.82848 0.63379
vt 0.82935 0.63222
f 4904/12225 4887/12355 4949/12356
vt 0.60979 0.14877
vt 0.60866 0.14976
vt 0.60859 0.14782
f 4922/12357 4857/12358 4929/12359
vt 0.92797 0.44638
f 4891/12281 4935/12360 4970/12341
f 4836/11566 4933/12216 4902/12344
vt 0.35154 0.53888
f 4882/11993 4906/12361 4780/12249
vt 0.34487 0.53318
f 4918/12295 4905/12292 4950/12362
vt 0.96687 0.89607
vt 0.96731 0.89776
vt 0.96616 0.89632
f 4885/12363 4982/12364 4895/12365
vt 0.34358 0.54229
vt 0.34392 0.54053
vt 0.34458 0.54170
f 4917/12366 4921/12367 4919/12368
vt 0.33719 0.53563
f 4959/12296 4975/12369 4905/12292
vt 0.81775 0.27040
f 4848/12327 4911/12370 4938/12328
vt 0.35521 0.53461
vt 0.35439 0.53398
f 4839/12371 4877/12161 4910/12372
vt 0.77984 0.44349
vt 0.77933 0.44366
f 4875/12373 4847/12188 4907/12374
vt 0.32084 0.36013
f 4869/11720 4924/12375 4871/12013
vt 0.34733 0.35765
f 5020/11900 5049/12376 4753/11899
vt 0.98115 0.52339
vt 0.98131 0.52264
vt 0.98163 0.52310
f 4910/12377 4926/12378 4839/12379
vt 0.81840 0.26951
f 4848/12327 5034/12380 4911/12370
vt 0.33657 0.53633
f 4959/12296 4928/12381 4975/12369
vt 0.37878 0.35372
f 4794/11735 4902/12344 5176/12382
vt 0.36765 0.35449
f 4835/12037 5064/12383 4946/12052
f 4829/11606 4888/12129 4933/12216
vt 0.93132 0.44493
vt 0.93147 0.44437
f 4903/12384 4940/12282 5014/12385
vt 0.78853 0.39241
f 4880/12323 4932/12386 4858/12337
vt 0.97816 0.58814
f 4898/12346 4938/12387 4915/12347
vt 0.92898 0.24642
vt 0.92985 0.24527
vt 0.93077 0.24747
f 4917/12388 4919/12389 4914/12390
f 4869/11720 4976/12354 4924/12375
vt 0.96644 0.89782
f 4895/12365 4982/12364 4978/12391
vt 0.60996 0.14544
f 4895/12147 4978/12392 4942/12230
vt 0.34672 0.53102
f 4918/12295 4950/12362 5075/12393
vt 0.64973 0.82884
f 4823/12146 4999/12394 4994/12039
vt 0.34962 0.53378
f 4918/12295 5075/12393 4944/12395
vt 0.89661 0.10415
vt 0.89675 0.10573
vt 0.89578 0.10552
f 4903/12396 5677/12397 4954/12398
vt 0.35145 0.53819
vt 0.35296 0.53755
f 4906/12361 4865/12399 4896/12400
f 4906/12361 4896/12400 4780/12249
vt 0.60990 0.14829
vt 0.61001 0.14615
f 4922/12401 4982/12402 4738/11751
vt 0.04183 0.94559
f 4920/12205 4977/12403 4886/12206
vt 0.96400 0.67004
vt 0.96397 0.66883
vt 0.96495 0.66999
f 4894/12404 4857/12405 4890/12406
vt 0.96419 0.67086
f 4894/12404 4890/12406 4879/12407
vt 0.35723 0.53278
vt 0.35726 0.53411
f 4839/12371 4926/12408 4927/12409
vt 0.30179 0.12673
vt 0.30174 0.12228
vt 0.30327 0.12500
f 4918/12410 4944/12411 4973/12412
f 4794/11735 5176/12382 4980/12255
vt 0.35427 0.53297
vt 0.35455 0.53196
f 4910/12413 4989/12414 4926/12408
vt 0.35924 0.53250
vt 0.36039 0.53184
f 4894/12415 4929/12340 4857/12416
vt 0.34229 0.53295
f 4950/12362 4905/12292 4953/12417
vt 0.96437 0.67129
vt 0.96484 0.67169
f 4926/12418 4879/12407 4927/12419
f 4738/11751 4982/12402 4885/11817
vt 0.41510 0.82849
vt 0.41490 0.82963
f 4873/12420 4921/12163 4974/12421
vt 0.34544 0.53676
f 4809/12076 4974/12273 4934/12422
vt 0.96475 0.66842
f 4857/12405 4849/12423 4890/12406
f 4879/12407 4890/12406 4927/12419
vt 0.78593 0.39494
vt 0.78614 0.39340
vt 0.78676 0.39440
f 4871/12424 4924/12425 4880/12426
vt 0.82675 0.63167
vt 0.82763 0.63236
f 4860/12427 4949/12356 4872/12428
vt 0.82447 0.10397
f 4843/12087 4963/12289 4964/12429
vt 0.61542 0.13884
f 4887/12299 4945/12430 4863/12211
vt 0.87396 0.38522
f 4870/12335 4991/12431 4893/12136
vt 0.15310 0.96107
vt 0.15442 0.96053
f 4894/12259 4930/12432 4962/12433
vt 0.35155 0.53415
vt 0.35169 0.53354
f 4877/12161 4937/12434 4931/12435
f 4874/12140 4909/12219 4963/12289
vt 0.35133 0.53331
vt 0.35294 0.53133
f 4877/12161 4931/12436 4960/12437
vt 0.93717 0.13308
vt 0.93614 0.13267
vt 0.93750 0.13163
f 4917/12438 5047/12439 4921/12440
vt 0.96408 0.80447
vt 0.96471 0.80587
vt 0.96379 0.80529
f 4907/12441 4932/12442 4855/12443
vt 0.42914 0.84786
vt 0.43004 0.84907
vt 0.42806 0.84960
f 4897/12444 4886/12445 5000/12446
vt 0.30409 0.12837
f 4918/12410 4973/12412 5101/12447
f 4809/12076 4934/12422 5034/12311
vt 0.99212 0.98883
vt 0.99231 0.98884
vt 0.99221 0.98925
f 4907/12448 4847/12449 4943/12450
f 4889/12217 4945/12430 4887/12299
vt 0.61458 0.13969
f 4889/12217 5029/12451 4945/12430
vt 0.92885 0.24797
f 4917/12388 4914/12390 5047/12452
vt 0.89599 0.10610
vt 0.89513 0.10589
f 4954/12398 4983/12453 4862/12454
vt 0.30181 0.12147
vt 0.30168 0.12039
vt 0.30268 0.12117
f 4944/12455 4931/12456 4990/12457
f 4877/12161 4960/12437 4910/12413
vt 0.89492 0.10585
vt 0.89479 0.10679
vt 0.89416 0.10564
f 4862/12458 5007/12459 4920/12460
vt 0.86524 0.22659
f 4923/12336 5030/12461 4956/11676
f 4745/11795 5027/12093 5150/12279
vt 0.33911 0.53374
f 4905/12292 4952/12462 4953/12417
f 4894/12259 4926/12258 4930/12432
vt 0.35134 0.52994
f 4931/12436 5060/12463 4960/12437
vt 0.77746 0.44343
f 4892/12302 4924/12301 4976/12464
vt 0.92067 0.77846
f 4901/12284 4985/12465 4913/12348
vt 0.33668 0.53429
f 4905/12292 4975/12369 4951/12466
vt 0.87519 0.38448
f 4870/12335 4994/12467 4991/12431
f 4931/12436 4944/12395 5060/12463
vt 0.91255 0.05844
vt 0.91243 0.06096
f 4925/12175 4908/12468 5005/12469
vt 0.33427 0.36143
f 5019/12068 4947/11819 5169/12470
vt 0.87130 0.38535
f 4893/12136 4979/12471 4881/12233
vt 0.67702 0.93369
f 4923/12089 4863/12239 4971/12472
vt 0.93079 0.44342
f 5014/12385 4940/12282 4954/12473
f 4944/12395 5075/12393 5060/12463
f 4905/12292 4951/12466 4952/12462
vt 0.42837 0.84772
f 4897/12444 5000/12446 4828/12474
vt 0.42920 0.84990
f 4886/12445 4977/12475 5000/12446
vt 0.30253 0.13588
vt 0.30199 0.13460
vt 0.30384 0.13645
f 4928/12476 4959/12477 5062/12478
vt 0.96464 0.80444
f 4907/12441 4943/12479 4932/12442
vt 0.89482 0.10681
f 4862/12454 4983/12453 5007/12480
vt 0.86866 0.38446
vt 0.86905 0.38558
f 4916/12481 4881/12233 4964/12482
f 4883/11666 4753/11899 4948/12298
vt 0.35779 0.52735
f 4962/12339 5046/12483 4929/12340
vt 0.30225 0.12972
f 4918/12410 5101/12447 4884/12484
f 4816/12051 5036/12152 5010/12342
vt 0.97585 0.13678
vt 0.97591 0.13531
vt 0.97658 0.13646
f 4910/12485 4960/12486 4989/12487
vt 0.64837 0.82881
f 4999/12394 4991/12488 4994/12039
vt 0.30278 0.12060
f 4931/12456 4937/12489 4990/12457
vt 0.35889 0.35753
f 4899/11600 5185/12490 4968/12142
f 4892/12302 4976/12464 4943/12332
vt 0.92960 0.44344
f 4970/12341 5042/12491 4940/12282
f 4944/12411 4990/12457 4973/12412
vt 0.24485 0.92975
f 4881/12100 4916/12492 4949/12320
vt 0.62797 0.14488
vt 0.62894 0.14624
f 4961/12493 4972/12317 5033/12494
vt 0.60913 0.14563
f 4922/12191 4929/12359 5003/12495
f 4922/12191 5003/12495 4982/12402
vt 0.90832 0.37371
vt 0.90773 0.37516
vt 0.90645 0.37417
f 4945/12496 5029/12497 5012/12498
vt 0.60800 0.77674
vt 0.60546 0.77711
vt 0.60762 0.77562
f 4953/12499 4952/12500 5023/12501
vt 0.88325 0.73735
vt 0.88320 0.73889
vt 0.88249 0.73793
f 4915/12502 5044/12503 4937/12504
f 4940/12282 5042/12491 4954/12473
vt 0.86606 0.22686
f 4923/12336 4971/12505 5030/12461
vt 0.61205 0.14107
vt 0.61359 0.13985
f 4908/12231 4997/12506 5005/12507
vt 0.83067 0.63364
f 4904/12225 5009/12508 4909/12189
f 4881/12233 4979/12471 4964/12482
vt 0.89765 0.10553
vt 0.89679 0.10657
f 4969/12509 5004/12510 5677/12397
vt 0.92001 0.80414
vt 0.92061 0.80581
vt 0.91906 0.80404
f 4928/12511 5062/12512 4975/12513
vt 0.86326 0.22587
f 4956/11676 4984/12514 4972/12290
vt 0.97780 0.58888
f 4938/12387 4981/12515 4915/12347
vt 0.89028 0.05253
vt 0.89094 0.05197
vt 0.89129 0.05389
f 4863/12516 4945/12517 4958/12518
vt 0.93167 0.44362
f 5014/12385 4954/12473 5677/12519
vt 0.42029 0.82850
f 4828/12130 4914/12520 4919/12162
vt 0.81628 0.27069
f 4938/12328 4911/12370 5076/12521
vt 0.30574 0.13522
f 4959/12477 5096/12522 5062/12478
vt 0.35501 0.53001
f 4962/12339 4998/12523 5046/12483
vt 0.90991 0.05980
f 4925/12175 5005/12469 4889/12524
vt 0.33670 0.53333
f 4951/12466 5006/12525 4952/12462
f 4908/12231 4942/12230 4997/12506
f 4858/12337 4932/12386 4988/12338
f 4960/12437 5060/12463 4998/12523
vt 0.82375 0.10230
f 4979/12526 4843/12087 4964/12429
vt 0.91010 0.06092
f 4889/12524 5005/12469 5029/12527
f 4904/12225 4949/12356 5009/12508
vt 0.96139 0.86922
vt 0.96197 0.86921
f 4937/12315 4965/12528 4990/12529
vt 0.30449 0.12298
f 4973/12412 4990/12457 5032/12530
vt 0.98361 0.28019
vt 0.98329 0.28112
vt 0.98327 0.28059
f 4964/12531 4963/12532 4916/12533
vt 0.34308 0.36011
f 4753/11899 5201/12534 4948/12298
vt 0.39382 0.94622
f 4935/12351 4985/12353 4995/12535
vt 0.97715 0.58882
f 5044/12536 4915/12347 4981/12515
vt 0.92799 0.24850
vt 0.92840 0.24921
vt 0.92791 0.24939
f 4966/12537 5015/12538 4967/12539
vt 0.92871 0.24893
f 4966/12537 5047/12452 4977/12540
f 4966/12537 4977/12540 5015/12538
vt 0.93664 0.12929
f 4921/12440 5047/12439 5124/12541
vt 0.88872 0.05389
f 4863/12516 4958/12518 4971/12542
vt 0.34266 0.53886
f 4921/12367 5124/12543 4974/12273
vt 0.97162 0.47596
vt 0.97161 0.47676
vt 0.97053 0.47677
f 5677/12544 5028/12545 5014/12546
vt 0.63062 0.14536
f 4972/12317 4984/12547 5033/12494
vt 0.95865 0.26793
vt 0.96009 0.26839
vt 0.95898 0.27011
f 4962/12548 4930/12549 4998/12550
vt 0.95869 0.27158
vt 0.96036 0.27090
f 4960/12551 4998/12550 4989/12552
vt 0.34418 0.53191
f 4950/12362 4953/12417 5022/12553
vt 0.89424 0.10710
f 4920/12460 5007/12459 5015/12554
vt 0.89375 0.10702
f 4920/12460 5015/12554 4977/12555
f 4950/12362 5022/12553 5075/12393
vt 0.42517 0.47060
f 4888/12214 5010/12342 4933/12556
vt 0.96537 0.80454
f 4932/12442 4943/12479 4986/12557
vt 0.91474 0.62987
vt 0.91453 0.62957
vt 0.91474 0.62944
f 5677/12558 5004/12559 4983/12560
vt 0.78792 0.39125
vt 0.78749 0.39063
vt 0.78801 0.38936
f 4943/12561 4976/12562 5083/12563
vt 0.91151 0.06199
f 5029/12527 5005/12469 5011/12564
vt 0.60322 0.77502
f 4952/12500 5079/12565 5023/12501
vt 0.99350 0.96442
vt 0.99359 0.96482
vt 0.99341 0.96482
f 5677/12566 4983/12567 5028/12568
f 4899/11600 4946/12052 5185/12490
vt 0.88515 0.73812
vt 0.88519 0.74076
vt 0.88399 0.73866
f 4938/12569 5076/12570 4981/12571
vt 0.97984 0.74858
vt 0.98031 0.74801
vt 0.98063 0.74842
f 4977/12572 5002/12573 5000/12574
vt 0.82369 0.10148
f 4843/12087 4979/12575 4999/12294
vt 0.60317 0.77662
f 4952/12500 5006/12576 5079/12565
f 4956/11676 5030/12461 4984/12514
vt 0.89605 0.10723
f 4983/12453 5048/12577 5007/12480
vt 0.78944 0.39025
f 4943/12561 5083/12563 4986/12578
vt 0.71532 0.27135
vt 0.71358 0.27200
vt 0.71376 0.27054
f 4951/12579 4987/12580 5006/12581
vt 0.88245 0.73926
f 5044/12503 4965/12582 4937/12504
vt 0.99280 0.32895
vt 0.99297 0.32933
vt 0.99280 0.32951
f 4983/12583 5004/12584 5048/12585
f 4753/11899 5049/12376 5201/12534
vt 0.34445 0.52974
f 5075/12393 5022/12553 5087/12586
vt 0.29727 0.88499
vt 0.29541 0.88647
vt 0.29496 0.88454
f 4945/12587 5012/12588 5117/12589
vt 0.91504 0.62883
vt 0.91546 0.62987
f 4954/12590 5028/12591 4983/12560
vt 0.34357 0.53679
vt 0.34480 0.53667
f 4974/12273 5085/12592 4934/12593
vt 0.30483 0.13060
vt 0.30181 0.13220
f 4884/12484 5017/12594 4955/12595
vt 0.92918 0.24860
f 5047/12452 5002/12596 4977/12540
vt 0.39162 0.94699
f 4985/12353 5040/12597 4995/12535
f 4893/12136 4991/12431 4979/12471
vt 0.92803 0.24954
f 4967/12539 5015/12538 5008/12598
vt 0.71650 0.27245
f 4975/12599 4987/12580 4951/12579
vt 0.93689 0.10750
vt 0.93661 0.10762
vt 0.93631 0.10764
f 4967/12600 5008/12601 4992/12602
vt 0.93637 0.10711
f 4967/12600 4992/12602 5016/12603
vt 0.93724 0.10658
f 4967/12600 5016/12603 4966/12604
vt 0.03212 0.96294
vt 0.03106 0.96072
vt 0.03245 0.96018
f 4935/12605 4995/12606 4970/12607
vt 0.35697 0.53114
f 4926/12408 4989/12414 4930/12608
vt 0.35361 0.35738
f 5020/11900 4912/11531 4993/12609
vt 0.62005 0.56025
f 4941/12330 4838/12199 5143/12610
f 4932/12386 4986/12578 4988/12338
vt 0.40684 0.95148
vt 0.40661 0.94863
vt 0.40770 0.95083
f 4966/12611 5099/12612 5047/12613
vt 0.29702 0.88309
f 4945/12587 5117/12589 4958/12614
vt 0.97681 0.44915
vt 0.97611 0.44917
vt 0.97629 0.44805
f 4982/12615 5021/12616 4978/12617
f 4998/12550 4930/12549 4989/12552
vt 0.50917 0.08371
vt 0.50762 0.08399
f 4961/12262 5033/12618 5066/12619
vt 0.60995 0.14462
f 4982/12402 5003/12495 5021/12620
vt 0.88945 0.05544
f 4971/12542 4958/12518 5030/12621
vt 0.89502 0.10714
f 5007/12480 5048/12577 4992/12622
vt 0.82361 0.09895
f 4979/12575 4991/12623 4999/12294
vt 0.61286 0.14050
f 4997/12506 5045/12624 5005/12507
vt 0.93643 0.10786
f 5008/12601 5007/12625 4992/12602
vt 0.92842 0.24959
f 5008/12598 5015/12538 5024/12626
vt 0.99393 0.30895
vt 0.99393 0.30922
vt 0.99375 0.30895
f 5008/12627 5016/12628 5007/12629
vt 0.92824 0.24966
f 5008/12598 5024/12626 5016/12630
vt 0.99369 0.30923
f 5007/12629 5016/12628 5015/12631
f 4974/12273 5124/12543 5085/12592
vt 0.91619 0.62805
f 4954/12590 5042/12632 5028/12591
vt 0.91276 0.06264
f 5005/12469 5025/12633 5011/12564
vt 0.82355 0.10614
f 4963/12289 4909/12219 5009/12634
vt 0.82365 0.10485
f 4963/12289 5009/12634 4916/12635
vt 0.71652 0.27396
vt 0.71558 0.27428
f 4975/12599 5062/12636 5031/12637
vt 0.35954 0.52726
f 4929/12340 5046/12483 5003/12638
vt 0.42196 0.82935
f 4828/12130 5121/12639 4914/12520
vt 0.97400 0.39191
vt 0.97491 0.39186
vt 0.97478 0.39274
f 4911/12640 5034/12641 5088/12642
vt 0.97223 0.67425
vt 0.97327 0.67311
vt 0.97329 0.67393
f 5011/12643 5043/12644 5018/12645
vt 0.98182 0.24456
vt 0.98140 0.24546
vt 0.98117 0.24438
f 4981/12646 5073/12647 5044/12648
vt 0.45429 0.97608
vt 0.45460 0.97700
vt 0.45355 0.97675
f 4942/12649 4978/12650 5021/12651
vt 0.81973 0.27231
vt 0.81862 0.27230
vt 0.81935 0.27080
f 5085/12652 5088/12653 4934/12654
vt 0.91518 0.62635
vt 0.91666 0.62629
f 4970/12655 4995/12656 5042/12632
vt 0.24598 0.92886
f 4916/12492 5009/12657 4949/12320
vt 0.42902 0.85161
vt 0.42860 0.85296
vt 0.42856 0.85113
f 4992/12658 5048/12659 5024/12660
f 4884/12484 5101/12447 5017/12594
vt 0.61005 0.77531
f 4953/12499 5023/12501 5022/12661
vt 0.30571 0.13305
f 4959/12477 5106/12662 5096/12522
vt 0.42669 0.84912
f 4828/12474 5000/12446 5121/12663
vt 0.91922 0.77938
f 4985/12465 4901/12284 5037/12664
vt 0.79124 0.39134
f 4988/12338 4986/12578 4901/12665
f 4959/12477 4955/12595 5106/12662
vt 0.85728 0.58372
vt 0.85714 0.58503
vt 0.85590 0.58548
f 4969/12666 5035/12667 5013/12668
vt 0.85511 0.58489
vt 0.85620 0.58390
f 4969/12666 5082/12669 5004/12670
f 4969/12666 5013/12668 5082/12669
vt 0.81852 0.27025
f 5034/12671 4934/12654 5088/12653
vt 0.85840 0.58475
f 4969/12666 4996/12672 5035/12667
vt 0.42898 0.85116
f 4992/12658 5024/12660 5015/12673
vt 0.89618 0.10656
vt 0.89695 0.10799
f 5004/12674 5082/12675 5048/12577
vt 0.99419 0.69218
vt 0.99419 0.69191
vt 0.99431 0.69203
f 4992/12676 5015/12677 5016/12678
f 4955/12595 5017/12594 5106/12662
vt 0.61377 0.13831
vt 0.61459 0.13801
f 5005/12507 5018/12679 5025/12680
f 4912/11531 4968/12142 4993/12609
vt 0.98595 0.07120
vt 0.98636 0.07113
vt 0.98608 0.07200
f 5011/12681 5025/12682 5043/12683
vt 0.92976 0.24912
f 5047/12452 4914/12390 5002/12684
vt 0.30355 0.12150
f 4990/12457 4965/12685 5032/12530
vt 0.90656 0.37710
f 5012/12498 5029/12497 5041/12686
f 4975/12599 5031/12637 4987/12580
vt 0.35140 0.52756
f 5060/12463 5115/12687 4998/12523
vt 0.88882 0.05725
vt 0.89035 0.05797
f 4984/12688 5030/12621 5089/12689
vt 0.33839 0.36049
f 4947/11819 4948/12298 5164/12690
vt 0.60913 0.77339
f 5022/12661 5023/12501 5026/12691
f 4961/12262 5066/12619 4837/11811
vt 0.61034 0.14189
f 5021/12620 5131/12692 4942/12230
vt 0.28599 0.37695
f 5027/12093 5067/12263 5182/12693
vt 0.98360 0.91446
vt 0.98382 0.91549
vt 0.98324 0.91563
f 4942/12694 5131/12695 4997/12696
vt 0.62292 0.56615
f 5104/12060 4957/12164 5063/12697
vt 0.88396 0.73963
f 4981/12571 5076/12570 5073/12698
vt 0.79124 0.38885
f 4901/12665 4986/12578 5037/12699
vt 0.97556 0.50042
vt 0.97413 0.50042
vt 0.97499 0.49949
f 4996/12700 5014/12701 5053/12702
vt 0.41607 0.46619
f 4941/12300 5143/12703 5036/12152
vt 0.90807 0.37626
vt 0.90769 0.37669
f 5029/12497 5011/12704 5045/12705
f 4835/12037 4980/12255 5064/12383
vt 0.97319 0.67538
f 5011/12643 5018/12645 5045/12706
vt 0.88828 0.77738
vt 0.88823 0.77685
vt 0.88915 0.77731
f 5016/12707 5024/12708 5059/12709
vt 0.91952 0.77759
vt 0.92099 0.77703
f 4985/12465 5037/12710 5040/12711
vt 0.39204 0.94571
f 5040/12597 5042/12712 4995/12535
vt 0.71197 0.27003
f 5006/12581 4987/12580 5038/12713
vt 0.99323 0.99710
vt 0.99312 0.99757
vt 0.99312 0.99716
f 5006/12714 5038/12715 5039/12716
vt 0.93611 0.10637
f 5016/12603 5059/12717 4966/12604
vt 0.42684 0.85119
f 5000/12446 5093/12718 5121/12663
vt 0.29660 0.37966
f 4957/12120 5084/12280 5063/12719
vt 0.93728 0.10394
f 4966/12604 5059/12717 5099/12720
vt 0.97101 0.47750
f 5014/12546 5028/12545 5053/12721
vt 0.96607 0.41376
vt 0.96696 0.41407
vt 0.96673 0.41478
f 5025/12722 5018/12723 5043/12724
vt 0.97552 0.49919
f 4996/12700 5053/12702 5035/12725
vt 0.96600 0.41250
vt 0.96685 0.41242
f 5005/12726 5045/12727 5018/12723
vt 0.81750 0.27386
f 4911/12370 5072/12728 5076/12521
vt 0.90745 0.37695
f 5029/12497 5045/12729 5041/12686
vt 0.89208 0.05598
f 4958/12518 5054/12730 5030/12621
vt 0.42141 0.82971
f 4914/12520 5121/12639 5147/12731
vt 0.90763 0.37732
vt 0.90764 0.37881
f 5045/12732 4997/12733 5041/12686
vt 0.33174 0.36222
f 5019/12068 5169/12470 5078/12734
f 5000/12446 5024/12660 5093/12718
vt 0.88793 0.77584
vt 0.88871 0.77565
f 5024/12708 5000/12735 5002/12736
vt 0.42534 0.46771
f 4933/12556 5010/12342 5094/12737
vt 0.91929 0.77562
f 5040/12711 5037/12710 5122/12738
vt 0.89662 0.10817
f 5048/12577 5082/12675 5074/12739
vt 0.42021 0.46492
f 5036/12152 5143/12703 5336/12740
vt 0.63327 0.14734
vt 0.62905 0.14756
f 5033/12494 5324/12741 5066/12742
vt 0.81811 0.27265
f 4911/12370 5088/12743 5072/12728
f 5019/12068 5078/12734 4939/12115
vt 0.34992 0.36042
f 5049/12376 5020/11900 5315/12744
vt 0.38199 0.35317
f 4933/12216 5094/12745 4902/12344
vt 0.88360 0.73980
vt 0.88351 0.74096
f 5044/12746 5073/12747 4965/12582
vt 0.92061 0.77563
f 5042/12748 5040/12711 5122/12738
f 5027/12093 5182/12693 5150/12279
vt 0.63106 0.14574
f 5033/12494 4984/12749 5324/12741
vt 0.32849 0.36352
f 4939/12115 5078/12734 5184/12750
f 5024/12660 5048/12659 5093/12718
vt 0.41892 0.77998
vt 0.41870 0.78215
vt 0.41659 0.78026
f 5050/12751 5058/12752 5138/12753
vt 0.97428 0.62013
vt 0.97475 0.62082
vt 0.97417 0.62207
f 5050/12754 5057/12755 5058/12756
vt 0.41893 0.77513
vt 0.41661 0.77396
vt 0.41869 0.77161
f 5095/12757 5056/12758 5051/12759
vt 0.79025 0.38735
f 4986/12578 5129/12760 5037/12699
vt 0.35804 0.52474
f 5046/12483 5071/12761 5003/12638
vt 0.96510 0.17397
vt 0.96388 0.17292
vt 0.96530 0.17189
f 5046/12762 5127/12763 5069/12764
vt 0.35684 0.52518
f 5069/12765 5071/12761 5046/12483
vt 0.41867 0.77867
f 5050/12751 5138/12753 5108/12766
vt 0.62762 0.15168
vt 0.62848 0.14935
vt 0.63180 0.14983
f 5051/12767 5055/12768 5255/12769
vt 0.62592 0.15570
vt 0.62946 0.15594
f 5095/12770 5051/12767 5278/12771
vt 0.29538 0.88182
vt 0.29749 0.88064
f 4958/12614 5097/12772 5054/12773
vt 0.32463 0.36241
f 4939/12115 5184/12750 5125/12774
vt 0.88968 0.77578
f 5024/12708 5077/12775 5059/12709
f 5024/12708 5002/12736 5077/12775
vt 0.78606 0.39156
vt 0.78607 0.38954
f 4976/12776 5125/12777 5083/12563
f 4838/12199 5107/12198 5143/12610
vt 0.35916 0.52575
f 5003/12638 5071/12761 5021/12778
f 5030/12621 5054/12730 5089/12689
vt 0.41497 0.77625
f 5108/12766 5189/12779 5095/12757
vt 0.42349 0.46684
f 5010/12342 5036/12152 5112/12780
vt 0.41620 0.78230
f 5058/12752 5188/12781 5138/12753
vt 0.91820 0.62885
f 5042/12632 5122/12782 5028/12591
vt 0.90493 0.37552
f 5012/12498 5041/12686 5134/12783
f 4986/12578 5083/12563 5129/12760
vt 0.91944 0.80664
vt 0.92068 0.80729
f 5031/12784 5062/12512 5061/12785
vt 0.40781 0.94689
f 5047/12613 5099/12612 5124/12786
vt 0.93102 0.24934
f 4914/12390 5147/12787 5002/12684
vt 0.35851 0.52267
f 5021/12778 5071/12761 5131/12788
f 4958/12614 5117/12589 5097/12772
vt 0.98996 0.58552
vt 0.98980 0.58580
vt 0.98970 0.58543
f 5096/12789 5061/12790 5062/12791
f 4976/12354 4939/12115 5125/12774
vt 0.91665 0.63063
f 5028/12591 5122/12782 5053/12792
vt 0.50578 0.08469
f 4837/11811 5066/12619 5130/12793
vt 0.85751 0.58560
vt 0.85732 0.58668
f 5035/12667 5053/12794 5068/12795
f 5035/12667 5068/12795 5013/12668
vt 0.36366 0.35700
f 4946/12052 5299/12796 5185/12490
f 4946/12052 5064/12383 5299/12796
f 4947/11819 5164/12690 5169/12470
vt 0.85481 0.58519
f 5082/12669 5013/12668 5065/12797
f 5095/12757 5189/12779 5056/12758
vt 0.88434 0.74023
vt 0.88448 0.74155
f 5073/12798 5076/12570 5123/12799
vt 0.30609 0.12517
f 5032/12530 5155/12800 4973/12412
vt 0.88218 0.74064
f 4965/12582 5073/12747 5032/12801
vt 0.60773 0.77404
f 5023/12501 5144/12802 5026/12691
vt 0.91863 0.62975
f 5053/12792 5122/12782 5129/12803
vt 0.91769 0.63086
f 5053/12792 5129/12803 5068/12804
vt 0.61003 0.77348
f 5022/12661 5026/12691 5141/12805
vt 0.81674 0.71592
vt 0.81478 0.71553
vt 0.81683 0.71376
f 5022/12806 5141/12807 5087/12808
vt 0.35363 0.52682
f 4998/12523 5115/12687 5103/12809
vt 0.71471 0.27527
f 5031/12637 5136/12810 4987/12580
vt 0.91677 0.67769
vt 0.91580 0.67603
vt 0.91711 0.67573
f 5059/12811 5086/12812 5099/12813
vt 0.60728 0.77425
f 5023/12501 5146/12814 5144/12802
vt 0.29325 0.88655
f 5012/12588 5134/12815 5117/12589
vt 0.91608 0.67788
f 5059/12811 5080/12816 5086/12812
vt 0.30651 0.12685
f 5101/12447 4973/12412 5098/12817
vt 0.92898 0.76060
vt 0.92829 0.75944
vt 0.92921 0.76036
f 5080/12818 5059/12819 5091/12820
vt 0.91524 0.67787
f 5080/12816 5065/12821 5086/12812
vt 0.34808 0.52799
f 5060/12463 5148/12822 5115/12687
f 5075/12393 5148/12822 5060/12463
vt 0.42858 0.85377
vt 0.42808 0.85467
f 5048/12659 5074/12823 5013/12824
f 5048/12659 5013/12824 5093/12718
vt 0.42857 0.85407
f 5074/12823 5065/12825 5013/12824
vt 0.62413 0.15956
vt 0.62468 0.15857
vt 0.62478 0.16052
f 5050/12826 5108/12827 5057/12828
vt 0.90671 0.37894
f 5041/12686 4997/12733 5149/12829
vt 0.78680 0.38898
f 5083/12563 5125/12777 5052/12830
f 5055/12768 5066/12742 5255/12769
vt 0.70866 0.26894
vt 0.70986 0.26837
f 5038/12713 5109/12831 5119/12832
vt 0.91027 0.57480
vt 0.90984 0.57238
vt 0.91158 0.57155
f 5038/12833 5119/12834 5165/12835
vt 0.50292 0.08479
f 4936/11961 5180/12836 5001/11966
f 4837/11811 5130/12793 4936/11961
vt 0.60566 0.77400
f 5023/12501 5079/12565 5152/12837
vt 0.89621 0.10870
f 5074/12739 5082/12675 5080/12838
vt 0.99409 0.86882
vt 0.99396 0.86854
vt 0.99409 0.86847
f 5074/12839 5080/12840 5091/12841
vt 0.92639 0.61155
vt 0.92617 0.61427
vt 0.92424 0.61286
f 5188/12842 5058/12843 5081/12844
vt 0.81926 0.27380
f 5085/12652 5132/12845 5088/12653
vt 0.89648 0.10877
f 5082/12675 5065/12846 5080/12838
vt 0.71284 0.27510
f 4987/12580 5136/12810 5192/12847
vt 0.35543 0.52466
vt 0.35431 0.52443
f 5069/12765 5070/12848 5092/12849
vt 0.60307 0.77544
f 5079/12565 5006/12576 5090/12850
vt 0.90548 0.37810
f 5041/12686 5149/12829 5166/12851
f 5108/12766 5138/12753 5189/12779
vt 0.35656 0.52616
f 4998/12523 5127/12852 5046/12483
vt 0.41524 0.77024
vt 0.41848 0.76835
f 5051/12759 5128/12853 5055/12854
f 5051/12759 5056/12758 5128/12853
vt 0.96834 0.20349
vt 0.96848 0.20289
vt 0.96884 0.20335
f 5074/12855 5091/12856 5065/12857
vt 0.93031 0.24975
f 5002/12684 5147/12787 5077/12858
vt 0.34675 0.52745
f 5075/12393 5087/12586 5200/12859
vt 0.35628 0.52258
f 5069/12765 5092/12849 5133/12860
vt 0.28248 0.37634
f 5001/12121 5180/12861 5067/12263
vt 0.91023 0.57729
vt 0.91116 0.57589
vt 0.91215 0.57677
f 5006/12862 5039/12863 5090/12864
vt 0.41822 0.76669
vt 0.41458 0.76653
f 5066/12865 5055/12854 5130/12866
vt 0.34583 0.36318
f 5201/12534 5049/12376 5505/12867
f 4902/12344 5094/12745 5176/12382
f 4948/12298 5201/12534 5164/12690
vt 0.78716 0.38862
vt 0.78818 0.38752
f 5083/12563 5052/12868 5135/12869
f 5083/12563 5135/12869 5129/12760
vt 0.92874 0.75759
vt 0.93022 0.75812
f 5059/12819 5077/12870 5205/12871
vt 0.42533 0.85003
f 5121/12663 5093/12718 5113/12872
vt 0.35722 0.52286
f 5069/12765 5133/12873 5071/12761
vt 0.93760 0.12740
vt 0.93644 0.12712
f 5085/12874 5124/12541 5116/12875
vt 0.96461 0.17168
f 5069/12764 5127/12763 5070/12876
f 5051/12767 5255/12769 5278/12771
vt 0.79105 0.38696
f 5037/12699 5129/12760 5122/12877
f 5010/12342 5112/12780 5094/12737
vt 0.01710 0.96155
vt 0.01795 0.96393
vt 0.01722 0.96397
f 5017/12878 5118/12879 5106/12880
vt 0.40658 0.94614
f 5099/12612 5162/12881 5124/12786
f 5023/12501 5152/12837 5146/12814
f 4968/12142 5185/12490 4993/12609
vt 0.81897 0.27382
f 5088/12743 5132/12882 5072/12728
f 4998/12523 5103/12809 5127/12852
vt 0.86228 0.65976
vt 0.86306 0.66148
vt 0.86243 0.66214
f 5092/12883 5105/12884 5102/12885
f 4973/12412 5155/12800 5098/12817
f 5038/12833 5165/12835 5039/12863
vt 0.35063 0.52505
vt 0.35147 0.52254
f 5092/12849 5102/12886 5159/12887
vt 0.30621 0.12924
f 5101/12447 5098/12817 5171/12888
f 5075/12393 5200/12859 5148/12822
vt 0.62004 0.56458
f 5063/12697 5100/12889 5104/12060
vt 0.35930 0.52266
vt 0.36022 0.52135
f 4997/12890 5131/12788 5149/12891
vt 0.30523 0.13154
vt 0.30504 0.12943
vt 0.30612 0.13294
f 5017/12892 5101/12893 5118/12894
vt 0.86369 0.66069
vt 0.86310 0.66021
vt 0.86433 0.65936
f 5115/12895 5105/12896 5103/12897
vt 0.81662 0.27301
f 5076/12521 5072/12728 5139/12898
vt 0.62797 0.15886
f 5108/12827 5095/12770 5317/12899
vt 0.98375 0.91213
vt 0.98345 0.91301
vt 0.98328 0.91242
f 5085/12900 5116/12901 5132/12902
vt 0.63294 0.14507
f 4984/12749 5089/12903 5324/12741
vt 0.89148 0.05795
f 5089/12689 5054/12730 5183/12904
vt 0.88363 0.74204
vt 0.88305 0.74223
f 5073/12747 5123/12905 5155/12906
f 5020/11900 4993/12609 5315/12744
vt 0.71083 0.27150
f 5038/12713 4987/12580 5173/12907
f 5038/12713 5173/12907 5109/12831
vt 0.91223 0.57452
f 5039/12863 5173/12908 5090/12864
vt 0.61887 0.56202
f 5107/12198 5199/12909 5143/12610
vt 0.28412 0.37626
f 5067/12263 5180/12861 5178/12910
vt 0.90498 0.37700
f 5041/12686 5166/12851 5181/12911
vt 0.71272 0.27244
f 4987/12580 5090/12912 5173/12907
vt 0.34617 0.52586
vt 0.34341 0.52605
vt 0.34601 0.52374
f 5114/12913 5120/12914 5145/12915
f 5095/12770 5278/12771 5317/12899
f 5107/12198 5104/12060 5100/12889
vt 0.01737 0.96517
f 5106/12880 5118/12879 5096/12916
vt 0.29343 0.37708
f 5084/12280 5196/12917 5063/12719
vt 0.91460 0.67502
f 5065/12821 5221/12918 5086/12812
vt 0.42663 0.85501
f 5093/12718 5013/12824 5226/12919
vt 0.42506 0.85223
f 5093/12718 5226/12919 5153/12920
vt 0.34891 0.52503
f 5102/12886 5110/12921 5159/12887
vt 0.86248 0.66614
vt 0.86370 0.66850
vt 0.86227 0.66961
f 5114/12922 5111/12923 5120/12924
f 5105/12896 5092/12883 5103/12897
vt 0.96482 0.79659
vt 0.96398 0.79640
vt 0.96462 0.79602
f 5052/12925 5253/12926 5135/12927
f 5134/12783 5041/12686 5181/12911
f 5055/12854 5128/12853 5130/12866
f 5059/12819 5205/12871 5091/12820
f 5036/12152 5336/12740 5112/12780
f 5073/12747 5155/12906 5032/12801
vt 0.71307 0.27352
f 4987/12580 5192/12847 5079/12928
f 4987/12580 5079/12928 5090/12912
vt 0.86302 0.65720
f 5092/12883 5070/12929 5103/12897
vt 0.35403 0.52128
f 5159/12887 5207/12930 5092/12849
f 5114/12913 5145/12915 5110/12921
vt 0.91868 0.63088
f 5129/12803 5135/12931 5068/12804
vt 0.34450 0.52728
f 5087/12586 5111/12932 5200/12859
vt 0.88854 0.77393
vt 0.88808 0.77171
vt 0.88925 0.77224
f 5121/12933 5126/12934 5172/12935
vt 0.42545 0.84814
vt 0.42451 0.84698
f 5121/12936 5113/12872 5126/12937
f 4936/11961 5130/12793 5180/12836
vt 0.86446 0.65645
f 5070/12929 5127/12938 5103/12897
vt 0.34898 0.52631
f 5148/12822 5237/12939 5115/12687
vt 0.85593 0.58770
vt 0.85594 0.58556
f 5068/12795 5226/12940 5013/12941
vt 0.86190 0.66383
vt 0.86255 0.66266
vt 0.86400 0.66395
f 5110/12942 5102/12943 5257/12944
vt 0.35610 0.36068
f 4993/12609 5390/12945 5315/12744
vt 0.37098 0.35755
f 4980/12255 5340/12946 5064/12383
vt 0.99419 0.15472
vt 0.99419 0.15447
vt 0.99436 0.15458
f 5043/12947 5210/12948 5175/12949
vt 0.29606 0.87936
f 5054/12773 5097/12772 5183/12950
vt 0.36030 0.51891
vt 0.35950 0.51839
vt 0.36032 0.51773
f 5043/12951 5175/12952 5197/12953
vt 0.58135 0.94892
vt 0.58148 0.94802
vt 0.58226 0.94774
f 5043/12954 5197/12955 5210/12956
vt 0.34325 0.52404
f 5120/12914 5137/12957 5145/12915
vt 0.81509 0.71343
vt 0.81745 0.71125
f 5087/12808 5163/12958 5111/12959
vt 0.91034 0.57067
f 5119/12834 5109/12960 5165/12835
f 5113/12872 5093/12718 5153/12920
f 5133/12860 5092/12849 5207/12930
vt 0.35579 0.52011
f 5133/12860 5207/12930 5154/12961
vt 0.91664 0.67350
f 5099/12813 5086/12812 5162/12962
vt 0.96535 0.79769
vt 0.96357 0.79758
f 5125/12963 5253/12964 5052/12925
vt 0.88957 0.77445
f 5121/12933 5172/12935 5147/12965
vt 0.19143 0.96394
vt 0.19155 0.96075
vt 0.19228 0.96152
f 5133/12966 5154/12967 5202/12968
vt 0.19230 0.96303
f 5133/12966 5202/12968 5209/12969
vt 0.62201 0.56754
f 5063/12697 5195/12970 5100/12889
vt 0.62335 0.16221
vt 0.62438 0.16127
vt 0.62549 0.16326
f 5058/12971 5057/12972 5376/12973
vt 0.62436 0.16376
f 5058/12971 5376/12973 5081/12974
vt 0.92048 0.80806
vt 0.91909 0.80731
f 5031/12784 5061/12975 5136/12976
f 5165/12835 5173/12908 5039/12863
vt 0.41292 0.77156
f 5128/12853 5056/12758 5170/12977
vt 0.40732 0.94557
f 5162/12881 5116/12978 5124/12786
f 5071/12761 5133/12873 5131/12788
vt 0.96303 0.68934
vt 0.96212 0.69093
vt 0.96234 0.68900
f 5105/12979 5237/12980 5102/12981
vt 0.34842 0.52242
f 5159/12887 5110/12921 5151/12982
vt 0.35032 0.52163
f 5159/12887 5151/12982 5161/12983
f 5087/12808 5141/12807 5163/12958
vt 0.32513 0.36457
f 5125/12774 5184/12750 5191/12984
f 5110/12921 5145/12915 5151/12982
vt 0.96197 0.42345
vt 0.96313 0.42298
vt 0.96282 0.42373
f 5123/12985 5076/12986 5140/12987
vt 0.81943 0.70957
vt 0.81707 0.70909
f 5120/12988 5111/12959 5258/12989
vt 0.29533 0.37703
f 5063/12719 5196/12917 5190/12990
vt 0.88557 0.74291
vt 0.88401 0.74309
f 5076/12570 5139/12991 5140/12992
vt 0.60658 0.77290
vt 0.60829 0.77151
f 5144/12802 5142/12993 5168/12994
f 5144/12802 5168/12994 5026/12691
vt 0.86370 0.66622
f 5114/12922 5200/12995 5111/12923
vt 0.97587 0.24432
vt 0.97645 0.24501
vt 0.97575 0.24504
f 5144/12996 5206/12997 5142/12998
vt 0.60692 0.77370
f 5146/12814 5152/12837 5206/12999
vt 0.94574 0.97613
vt 0.94611 0.97676
vt 0.94574 0.97716
f 5144/13000 5146/13001 5271/13002
vt 0.62687 0.16185
f 5057/12828 5108/12827 5331/13003
vt 0.30761 0.13246
f 5118/12894 5101/12893 5248/13004
vt 0.96554 0.73542
vt 0.96534 0.73668
vt 0.96517 0.73550
f 5026/13005 5168/13006 5141/13007
vt 0.60445 0.77173
f 5079/12565 5276/13008 5152/12837
vt 0.30675 0.12855
f 5098/12817 5179/13009 5171/12888
vt 0.96388 0.33093
vt 0.96536 0.33186
vt 0.96439 0.33273
f 5114/13010 5233/13011 5200/13012
vt 0.35002 0.52611
vt 0.35174 0.52635
f 5115/12687 5237/13013 5105/13014
vt 0.29755 0.37846
f 5063/12719 5190/12990 5195/13015
vt 0.74756 0.90926
vt 0.74698 0.90852
vt 0.74746 0.90742
f 5141/13016 5156/13017 5163/13018
f 5110/12942 5257/12944 5114/12922
vt 0.81954 0.27533
vt 0.81868 0.27584
f 5116/13019 5245/13020 5132/12882
vt 0.34539 0.52283
f 5145/12915 5137/12957 5280/13021
vt 0.42324 0.84811
f 5113/12872 5254/13022 5126/12937
f 5132/12882 5245/13020 5072/12728
f 5107/12198 5100/12889 5199/12909
vt 0.60232 0.77300
f 5079/12565 5192/13023 5276/13008
f 5066/12742 5324/12741 5255/12769
vt 0.41251 0.76772
f 5128/12853 5170/12977 5178/13024
f 5128/12853 5178/13024 5130/12866
vt 0.35749 0.52091
f 5133/12873 5209/13025 5131/12788
f 5067/12263 5178/12910 5182/12693
f 5108/12827 5317/12899 5331/13003
vt 0.97691 0.24430
f 5144/12996 5271/13026 5206/12997
vt 0.97600 0.24571
f 5142/12998 5206/12997 5152/13027
vt 0.74515 0.90847
vt 0.74509 0.90759
vt 0.74609 0.90783
f 5146/13028 5206/13029 5158/13030
vt 0.71205 0.27685
f 5136/12810 5316/13031 5192/12847
vt 0.30676 0.13162
f 5171/12888 5248/13032 5101/12893
vt 0.41254 0.77403
f 5056/12758 5198/13033 5170/12977
vt 0.81570 0.71108
f 5111/12959 5163/12958 5157/13034
vt 0.41278 0.77887
f 5138/12753 5190/13035 5189/12779
vt 0.41310 0.78044
f 5138/12753 5187/13036 5190/13035
vt 0.03289 0.96035
vt 0.03363 0.96018
vt 0.03317 0.96173
f 5146/13037 5158/13038 5271/13039
f 5138/12753 5188/12781 5187/13036
vt 0.36770 0.35946
f 5299/12796 5064/12383 5452/13040
f 5111/12959 5157/13034 5258/12989
vt 0.01016 0.98883
vt 0.01000 0.98938
vt 0.00965 0.98883
f 5136/13041 5061/13042 5212/13043
vt 0.96471 0.79856
f 5125/12963 5191/13044 5253/12964
vt 0.89088 0.77456
f 5077/12775 5147/12965 5211/13045
vt 0.30633 0.13636
vt 0.30721 0.13655
f 5061/13046 5096/12522 5212/13047
vt 0.89701 0.69566
vt 0.89667 0.69440
vt 0.89723 0.69495
f 5159/13048 5286/13049 5207/13050
vt 0.71386 0.27669
f 5136/12810 5212/13051 5316/13031
vt 0.92527 0.60911
vt 0.92653 0.60868
f 5188/12842 5261/13052 5160/13053
vt 0.41636 0.46398
f 5143/12703 5199/13054 5336/12740
vt 0.30882 0.12852
vt 0.30747 0.12905
f 5098/12817 5294/13055 5179/13056
vt 0.35475 0.52014
f 5154/12961 5207/12930 5216/13057
f 5142/12993 5152/12837 5276/13008
f 5145/12915 5280/13021 5151/12982
vt 0.03415 0.96005
vt 0.03453 0.95973
vt 0.03458 0.96042
f 5158/13058 5163/13059 5156/13060
vt 0.92915 0.75727
vt 0.92944 0.75675
vt 0.92972 0.75702
f 5077/13061 5211/13062 5186/13063
f 5131/12788 5209/13025 5149/12891
f 5086/12812 5221/12918 5162/12962
vt 0.93026 0.75713
f 5077/12870 5186/13064 5205/12871
f 5064/12383 5340/12946 5452/13040
vt 0.93138 0.76082
vt 0.93012 0.76034
f 5205/12871 5167/13065 5091/13066
f 5056/12758 5189/12779 5198/13033
vt 0.81839 0.27551
f 5072/12728 5245/13020 5214/13067
vt 0.28864 0.37657
f 5150/12279 5182/12693 5170/13068
vt 0.29069 0.37647
f 5150/12279 5198/13069 5084/12280
f 4993/12609 5185/12490 5390/12945
vt 0.96127 0.69014
f 5102/12981 5237/12980 5257/13070
vt 0.03451 0.96206
f 5158/13038 5203/13071 5271/13039
vt 0.96442 0.73533
f 5141/13007 5168/13006 5156/13072
vt 0.41327 0.78230
f 5188/12781 5160/13073 5187/13036
vt 0.43832 0.96028
vt 0.43980 0.96202
vt 0.43856 0.96234
f 5172/13074 5177/13075 5147/13076
vt 0.92993 0.76126
f 5091/13066 5167/13065 5065/13077
vt 0.82007 0.70760
f 5120/12988 5258/12989 5137/13078
f 5057/12972 5331/13003 5376/12973
vt 0.78704 0.96023
vt 0.78638 0.96105
vt 0.78578 0.96006
f 5137/13079 5242/13080 5280/13081
vt 0.30834 0.13550
f 5096/12522 5319/13082 5212/13047
vt 0.74640 0.90540
f 5163/13018 5158/13030 5193/13083
vt 0.85868 0.58742
vt 0.85709 0.58977
f 5068/12795 5135/13084 5174/13085
vt 0.93730 0.10080
vt 0.93678 0.10196
vt 0.93624 0.10054
f 5116/13086 5162/13087 5318/13088
vt 0.81955 0.27718
f 5116/13019 5318/13089 5245/13020
vt 0.75648 0.93360
vt 0.75562 0.93351
vt 0.75599 0.93149
f 5194/13090 5263/13091 5236/13092
vt 0.86453 0.66558
f 5114/12922 5257/12944 5233/13093
vt 0.96389 0.73685
vt 0.96361 0.73507
f 5156/13072 5203/13094 5158/13095
vt 0.89737 0.69619
vt 0.89603 0.69614
f 5161/13096 5229/13097 5159/13048
f 5049/12376 5315/12744 5505/12867
vt 0.88444 0.74366
f 5139/12991 5293/13098 5140/12992
vt 0.29270 0.88497
f 5134/12815 5181/13099 5117/12589
vt 0.34930 0.52169
vt 0.34994 0.52115
f 5161/12983 5151/13100 5220/13101
vt 0.35369 0.51900
f 5216/13057 5208/13102 5154/12961
vt 0.16962 0.92894
vt 0.17055 0.92895
vt 0.17026 0.93020
f 5224/13103 5218/13104 5270/13105
vt 0.96278 0.42432
vt 0.96157 0.42415
f 5123/12985 5140/13106 5155/13107
vt 0.29342 0.88389
f 5117/12589 5181/13099 5234/13108
f 5084/12280 5198/13069 5196/12917
vt 0.41299 0.76611
f 5130/12866 5178/13024 5180/13109
vt 0.41246 0.77037
f 5170/12977 5182/13110 5178/13024
vt 0.29384 0.88259
f 5117/12589 5234/13108 5244/13111
vt 0.35567 0.51865
f 5154/12961 5208/13102 5219/13112
vt 0.34716 0.52621
f 5148/12822 5200/13113 5237/12939
f 5117/12589 5244/13111 5097/12772
vt 0.29804 0.37705
f 5195/13015 5190/12990 5187/13114
f 5150/12279 5170/13068 5198/13069
f 5168/13006 5203/13094 5156/13072
vt 0.62203 0.56849
vt 0.61964 0.56883
f 5160/13115 5321/13116 5195/12970
vt 0.29874 0.37715
f 5160/13117 5195/13015 5187/13114
vt 0.33841 0.36508
f 5164/12690 5465/13118 5169/12470
vt 0.37573 0.35828
f 4980/12255 5176/12382 5464/13119
f 5096/12522 5118/12894 5319/13082
vt 0.19210 0.96075
f 5154/12967 5225/13120 5202/12968
vt 0.81639 0.27354
vt 0.81602 0.27510
f 5139/13121 5072/12728 5268/13122
vt 0.58248 0.94877
vt 0.58358 0.94802
f 5175/13123 5210/12956 5217/13124
vt 0.91439 0.67336
f 5162/12962 5221/12918 5290/13125
vt 0.41257 0.77614
f 5189/12779 5190/13035 5196/13126
vt 0.97043 0.55901
vt 0.97144 0.55926
vt 0.97012 0.56028
f 5172/13127 5126/13128 5265/13129
vt 0.92443 0.61109
f 5081/12844 5291/13130 5188/12842
vt 0.30795 0.12608
f 5098/12817 5155/12800 5140/13131
vt 0.81705 0.27604
f 5072/12728 5259/13132 5268/13122
vt 0.92618 0.54883
vt 0.92396 0.54778
vt 0.92605 0.54668
f 5065/13133 5167/13134 5221/13135
f 5189/12779 5196/13126 5198/13033
vt 0.35975 0.51950
vt 0.36132 0.52091
f 5149/12891 5217/13136 5166/13137
vt 0.74575 0.90563
f 5206/13029 5204/13138 5158/13030
vt 0.95440 0.94911
vt 0.95426 0.95031
vt 0.95308 0.94949
f 5139/13139 5268/13140 5293/13141
vt 0.42407 0.85062
f 5254/13022 5113/12872 5153/13142
vt 0.98025 0.67532
vt 0.98000 0.67505
vt 0.97997 0.67458
f 5216/13143 5215/13144 5208/13145
vt 0.89055 0.77519
vt 0.89159 0.77488
f 5186/13146 5211/13045 5274/13147
f 5068/12795 5174/13085 5226/12940
f 5098/12817 5140/13131 5294/13055
f 5286/13049 5159/13048 5229/13097
f 5188/12842 5291/13130 5261/13052
vt 0.94464 0.43338
vt 0.94365 0.43179
vt 0.94537 0.43180
f 5158/13148 5204/13149 5193/13150
vt 0.34205 0.36414
f 5164/12690 5396/13151 5465/13118
f 5201/12534 5396/13151 5164/12690
vt 0.86027 0.58894
f 5135/13084 5253/13152 5174/13085
vt 0.52867 0.92907
vt 0.52913 0.92968
vt 0.52810 0.93009
f 5161/13153 5223/13154 5229/13155
vt 0.19179 0.95991
vt 0.19213 0.96051
f 5154/12967 5219/13156 5225/13157
f 5149/12891 5209/13025 5217/13136
vt 0.81770 0.27588
f 5072/12728 5214/13158 5259/13132
f 5142/12993 5276/13008 5168/12994
vt 0.35877 0.51908
vt 0.35730 0.51934
vt 0.35829 0.51895
f 5217/13159 5202/13160 5175/13161
vt 0.29400 0.88099
f 5097/12772 5252/13162 5183/12950
vt 0.42485 0.46430
f 5094/12737 5112/12780 5227/13163
vt 0.74750 0.90479
f 5163/13018 5193/13083 5157/13164
vt 0.63494 0.14396
f 5089/12903 5183/13165 5324/12741
vt 0.36118 0.51776
vt 0.36287 0.51666
vt 0.36279 0.51819
f 5210/13166 5244/13167 5231/13168
vt 0.58193 0.94766
vt 0.58170 0.94590
vt 0.58300 0.94685
f 5210/13169 5231/13170 5217/13171
vt 0.89730 0.69059
vt 0.89734 0.69157
vt 0.89664 0.69050
f 5219/13172 5215/13173 5225/13174
f 5217/13136 5209/13025 5202/13160
vt 0.36294 0.51826
vt 0.36371 0.51943
f 5166/13137 5231/13175 5181/13176
vt 0.89750 0.93037
vt 0.89676 0.92978
vt 0.89739 0.92908
f 5151/13177 5247/13178 5220/13179
vt 0.18658 0.96033
vt 0.18698 0.96135
vt 0.18575 0.96249
f 5194/13180 5236/13181 5241/13182
vt 0.95595 0.04800
vt 0.95700 0.04593
vt 0.95736 0.04642
f 5194/13183 5241/13184 5328/13185
vt 0.30905 0.12717
f 5140/13131 5293/13186 5294/13055
f 4980/12255 5464/13119 5340/12946
vt 0.30698 0.12969
vt 0.30868 0.13101
f 5171/13187 5179/13056 5277/13188
vt 0.93158 0.75943
f 5167/13065 5205/12871 5213/13189
vt 0.36403 0.51575
vt 0.36316 0.51530
f 5097/13190 5244/13167 5252/13191
vt 0.58316 0.94589
f 5231/13170 5166/13192 5217/13171
f 5100/12889 5195/12970 5321/13116
vt 0.61754 0.56609
f 5100/12889 5321/13116 5222/13193
vt 0.95755 0.04821
vt 0.95656 0.04893
f 5194/13183 5258/13194 5263/13195
vt 0.32335 0.73563
vt 0.32037 0.73581
vt 0.32177 0.73450
f 5153/13196 5226/13197 5213/13198
vt 0.70753 0.27004
f 5109/12831 5173/12907 5165/13199
vt 0.63147 0.15385
f 5255/12769 5288/13200 5278/12771
vt 0.92958 0.62706
vt 0.92814 0.62700
vt 0.92914 0.62610
f 5147/13201 5177/13202 5211/13203
vt 0.35345 0.51676
f 5208/13102 5260/13204 5219/13112
vt 0.89702 0.69181
f 5215/13173 5216/13205 5225/13174
vt 0.38110 0.35602
f 5176/12382 5094/12745 5227/13206
vt 0.62203 0.56921
vt 0.62172 0.56977
f 5160/13207 5261/13208 5321/13116
vt 0.81886 0.27731
f 5318/13089 5343/13209 5245/13020
f 5194/13183 5328/13185 5258/13194
vt 0.89676 0.69220
vt 0.89588 0.69324
f 5207/13210 5286/13211 5216/13205
vt 0.89965 0.56964
vt 0.90043 0.57000
vt 0.89946 0.57104
f 5206/13212 5271/13213 5238/13214
vt 0.35798 0.51667
f 5197/12953 5175/12952 5262/13215
vt 0.35016 0.51998
f 5220/13101 5228/13216 5161/12983
vt 0.98623 0.06003
vt 0.98601 0.06000
vt 0.98623 0.05955
f 5220/13217 5223/13218 5228/13219
vt 0.53027 0.92938
vt 0.53032 0.92968
f 5161/13153 5228/13220 5246/13221
f 5161/13153 5246/13221 5223/13154
vt 0.81676 0.27725
f 5214/13158 5239/13222 5259/13132
vt 0.35791 0.51834
f 5175/13161 5202/13160 5282/13223
vt 0.74495 0.90636
f 5206/13029 5238/13224 5204/13138
f 5216/13205 5286/13211 5225/13174
f 5210/13166 5197/12953 5244/13167
f 5171/13187 5277/13188 5248/13004
vt 0.98629 0.05878
f 5228/13219 5223/13218 5230/13225
vt 0.95941 0.01992
vt 0.95877 0.01890
vt 0.95939 0.01832
f 5215/13226 5219/13227 5283/13228
vt 0.98601 0.05884
f 5230/13225 5223/13218 5246/13229
vt 0.32424 0.73380
vt 0.32677 0.73430
f 5153/13196 5256/13230 5254/13231
f 5153/13196 5213/13198 5256/13230
vt 0.68337 0.96286
vt 0.68365 0.96184
vt 0.68465 0.96226
f 5186/13232 5274/13233 5308/13234
vt 0.93098 0.75696
f 5186/13064 5308/13235 5205/12871
vt 0.52890 0.93050
f 5229/13155 5223/13154 5247/13236
vt 0.36404 0.51752
f 5234/13237 5181/13176 5231/13168
vt 0.97131 0.56086
f 5126/13128 5254/13238 5265/13129
vt 0.98923 0.24837
vt 0.98958 0.24862
vt 0.98923 0.24888
f 5239/13239 5214/13240 5250/13241
vt 0.81874 0.70662
f 5137/13078 5258/12989 5242/13242
vt 0.60678 0.77051
f 5168/12994 5276/13008 5295/13243
vt 0.95797 0.04920
f 5263/13195 5258/13194 5232/13244
vt 0.89220 0.77430
f 5211/13045 5240/13245 5274/13147
vt 0.99099 0.30347
vt 0.99123 0.30398
vt 0.99099 0.30409
f 5268/13246 5259/13247 5281/13248
vt 0.99229 0.28021
vt 0.99229 0.28089
vt 0.99212 0.28071
f 5234/13249 5231/13250 5244/13251
vt 0.35788 0.51781
f 5175/12952 5282/13252 5262/13215
vt 0.97586 0.48473
vt 0.97641 0.48448
vt 0.97576 0.48545
f 5235/13253 5283/13254 5219/13255
vt 0.17158 0.92949
f 5218/13104 5311/13256 5270/13105
vt 0.43990 0.95993
f 5172/13074 5265/13257 5177/13075
vt 0.91524 0.67197
f 5290/13125 5269/13258 5162/12962
vt 0.33094 0.36435
f 5078/12734 5285/13259 5184/12750
vt 0.36547 0.36219
f 5299/12796 5452/13040 5474/13260
vt 0.92570 0.54535
vt 0.92608 0.54443
f 5221/13135 5314/13261 5290/13262
f 5112/12780 5336/12740 5227/13163
f 5179/13056 5294/13055 5277/13188
vt 0.94869 0.55593
vt 0.94810 0.55542
vt 0.94880 0.55500
f 5202/13263 5279/13264 5282/13265
vt 0.35423 0.36291
f 5390/12945 5428/13266 5315/12744
vt 0.32694 0.36645
f 5191/12984 5184/12750 5411/13267
vt 0.97042 0.93079
vt 0.97097 0.93066
vt 0.97091 0.93109
f 5214/13268 5301/13269 5281/13270
vt 0.34980 0.51986
vt 0.35016 0.51925
f 5228/13216 5230/13271 5243/13272
vt 0.98220 0.40113
vt 0.98221 0.40024
vt 0.98263 0.40055
f 5228/13273 5243/13274 5246/13275
vt 0.93163 0.75704
f 5205/12871 5308/13235 5256/13276
vt 0.36074 0.36038
f 5299/12796 5422/13277 5185/12490
vt 0.34925 0.51705
f 5230/13271 5348/13278 5243/13272
vt 0.97153 0.93056
f 5214/13268 5245/13279 5301/13269
vt 0.97998 0.95347
vt 0.98013 0.95433
vt 0.97985 0.95386
f 5220/13280 5247/13281 5223/13282
f 5118/12894 5248/13004 5319/13082
vt 0.34736 0.52546
f 5237/12939 5200/13113 5233/13283
vt 0.36150 0.51497
f 5197/12953 5249/13284 5244/13167
vt 0.96481 0.23387
vt 0.96430 0.23572
vt 0.96372 0.23433
f 5251/13285 5329/13286 5337/13287
vt 0.99212 0.50321
vt 0.99233 0.50298
vt 0.99233 0.50353
f 5214/13288 5363/13289 5250/13290
vt 0.61843 0.56398
f 5199/12909 5100/12889 5432/13291
vt 0.63742 0.14419
vt 0.63625 0.14533
f 5252/13292 5249/13293 5183/13165
vt 0.71222 0.27870
f 5316/13031 5212/13051 5430/13294
vt 0.74512 0.92993
vt 0.74661 0.92966
vt 0.74560 0.93115
f 5253/13295 5191/13296 5275/13297
vt 0.39896 0.96031
vt 0.39859 0.96099
vt 0.39830 0.96022
f 5301/13298 5245/13299 5300/13300
vt 0.74921 0.94822
vt 0.74767 0.94704
vt 0.74977 0.94705
f 5224/13301 5273/13302 5218/13303
vt 0.34870 0.52485
f 5237/12939 5233/13283 5257/13304
vt 0.18682 0.96339
f 5236/13181 5289/13305 5241/13182
vt 0.93044 0.62386
vt 0.92960 0.62453
vt 0.93075 0.62323
f 5239/13306 5240/13307 5259/13308
vt 0.92508 0.54590
f 5221/13135 5335/13309 5314/13261
vt 0.30833 0.13665
f 5212/13047 5319/13082 5364/13310
f 5205/12871 5256/13276 5213/13189
vt 0.33271 0.36443
f 5169/12470 5342/13311 5078/12734
vt 0.34810 0.51924
f 5230/13271 5287/13312 5348/13278
vt 0.85517 0.58854
f 5226/12940 5174/13085 5267/13313
vt 0.31961 0.73496
f 5226/13197 5267/13314 5213/13198
vt 0.35226 0.51837
f 5208/13102 5385/13315 5260/13204
vt 0.35544 0.51620
vt 0.35647 0.51840
f 5219/13112 5358/13316 5235/13317
vt 0.91682 0.67169
f 5162/12962 5269/13258 5318/13318
vt 0.49039 0.97548
vt 0.49074 0.97603
vt 0.48996 0.97607
f 5261/13319 5297/13320 5380/13321
vt 0.62150 0.57001
vt 0.62024 0.57031
f 5261/13322 5380/13323 5321/13116
vt 0.35724 0.51722
f 5235/13317 5358/13316 5264/13324
vt 0.81567 0.71013
f 5157/13034 5232/13325 5258/12989
vt 0.97593 0.48369
f 5235/13253 5282/13326 5283/13254
vt 0.44042 0.96177
f 5265/13257 5254/13327 5177/13075
vt 0.89297 0.77475
f 5274/13147 5240/13245 5239/13328
vt 0.35704 0.51881
vt 0.35735 0.51868
f 5202/13160 5225/13329 5279/13330
vt 0.78513 0.96043
f 5280/13081 5242/13080 5369/13331
vt 0.81745 0.70691
f 5258/12989 5328/13332 5242/13242
f 5078/12734 5342/13311 5285/13259
vt 0.92379 0.72279
vt 0.92453 0.72171
vt 0.92550 0.72324
f 5208/13333 5215/13334 5266/13335
vt 0.98856 0.06331
vt 0.98818 0.06324
vt 0.98807 0.06271
f 5281/13336 5301/13337 5268/13338
vt 0.75673 0.29293
vt 0.75754 0.29291
vt 0.75668 0.29423
f 5230/13339 5246/13340 5287/13341
vt 0.89465 0.69031
f 5225/13174 5286/13211 5372/13342
vt 0.98836 0.60744
vt 0.98845 0.60807
vt 0.98807 0.60778
f 5235/13343 5264/13344 5282/13345
vt 0.68328 0.96012
vt 0.68407 0.95998
f 5239/13346 5272/13347 5274/13233
f 5282/13252 5264/13324 5262/13215
vt 0.43258 0.93197
vt 0.43507 0.93084
vt 0.43309 0.93301
f 5270/13348 5359/13349 5224/13350
vt 0.62401 0.57575
vt 0.62347 0.57767
vt 0.62297 0.57515
f 5224/13351 5359/13352 5273/13353
vt 0.31746 0.73507
vt 0.31847 0.73328
f 5267/13314 5285/13354 5370/13355
vt 0.32020 0.73354
f 5213/13198 5267/13314 5167/13356
f 5432/13291 5100/12889 5222/13193
vt 0.81653 0.27612
vt 0.81599 0.27661
f 5268/13122 5301/13357 5326/13358
vt 0.47323 0.94871
vt 0.47109 0.94873
vt 0.47146 0.94764
f 5285/13359 5267/13360 5355/13361
vt 0.60206 0.77090
f 5276/13008 5192/13023 5316/13362
vt 0.95385 0.95112
f 5268/13140 5307/13363 5293/13141
f 5267/13314 5370/13355 5167/13356
vt 0.35894 0.51516
f 5197/12953 5327/13364 5249/13284
vt 0.74684 0.90397
f 5157/13164 5193/13083 5232/13365
f 5197/12953 5262/13215 5327/13364
vt 0.92440 0.54617
f 5221/13135 5167/13134 5335/13366
vt 0.97169 0.02157
vt 0.97036 0.02275
vt 0.97023 0.02185
f 5168/13367 5323/13368 5203/13369
vt 0.97155 0.02264
f 5168/13367 5295/13370 5323/13368
vt 0.89629 0.93179
f 5151/13177 5383/13371 5247/13178
vt 0.33582 0.36558
f 5169/12470 5465/13118 5371/13372
vt 0.92987 0.62282
vt 0.93071 0.62272
f 5259/13308 5326/13373 5281/13374
f 5183/13165 5249/13293 5324/12741
vt 0.44052 0.96260
f 5177/13075 5254/13327 5256/13375
f 5219/13112 5260/13204 5358/13316
f 5249/13284 5252/13191 5244/13167
vt 0.41962 0.46128
f 5199/13054 5445/13376 5336/12740
vt 0.03365 0.96306
f 5271/13039 5203/13071 5323/13377
vt 0.84787 0.12896
vt 0.84847 0.12842
vt 0.84920 0.12871
f 5214/13378 5281/13379 5306/13380
vt 0.84934 0.12993
f 5214/13378 5306/13380 5363/13381
vt 0.81770 0.27805
vt 0.81629 0.27871
f 5239/13222 5250/13382 5272/13383
vt 0.92029 0.80915
vt 0.92053 0.81047
vt 0.91925 0.81067
f 5212/13384 5364/13385 5430/13386
vt 0.89733 0.93309
f 5280/13387 5383/13371 5151/13177
vt 0.97625 0.48380
f 5282/13326 5298/13388 5283/13254
vt 0.62706 0.58251
vt 0.62534 0.58352
vt 0.62574 0.58143
f 5251/13389 5344/13390 5329/13391
f 5240/13307 5326/13373 5259/13308
vt 0.39801 0.96217
f 5245/13299 5347/13392 5300/13300
f 5342/13311 5169/12470 5371/13372
vt 0.75637 0.30809
vt 0.75706 0.30688
vt 0.75797 0.30800
f 5251/13393 5337/13394 5344/13395
vt 0.81791 0.27668
f 5245/13020 5343/13209 5347/13396
vt 0.94447 0.42894
f 5193/13150 5204/13149 5366/13397
vt 0.75846 0.29460
f 5287/13341 5246/13340 5423/13398
vt 0.34298 0.52040
vt 0.34139 0.52097
vt 0.34162 0.51933
f 5303/13399 5284/13400 5373/13401
vt 0.31672 0.73415
f 5342/13402 5370/13355 5285/13354
vt 0.89551 0.93052
f 5247/13178 5383/13371 5414/13403
vt 0.89574 0.68887
f 5225/13174 5372/13342 5279/13404
vt 0.52831 0.93163
f 5229/13155 5247/13236 5455/13405
vt 0.34515 0.51974
vt 0.34658 0.51756
f 5287/13312 5338/13406 5346/13407
vt 0.84745 0.13002
vt 0.84846 0.13174
f 5250/13408 5363/13381 5302/13409
vt 0.98717 0.49750
vt 0.98699 0.49841
vt 0.98684 0.49790
f 5318/13410 5269/13411 5341/13412
vt 0.94525 0.43050
f 5193/13150 5366/13397 5232/13413
vt 0.81826 0.28011
f 5250/13382 5304/13414 5272/13383
vt 0.93755 0.11759
vt 0.93647 0.11819
vt 0.93636 0.11734
f 5291/13415 5297/13416 5261/13417
vt 0.81515 0.27567
f 5268/13122 5326/13358 5307/13418
vt 0.75643 0.29932
vt 0.75889 0.29986
vt 0.75690 0.30140
f 5303/13419 5305/13420 5284/13421
vt 0.85969 0.59093
f 5253/13152 5275/13422 5174/13085
vt 0.89474 0.69371
f 5229/13097 5330/13423 5286/13211
vt 0.92832 0.62393
f 5240/13307 5211/13203 5420/13424
f 5240/13307 5420/13424 5326/13373
vt 0.93882 0.11746
vt 0.93867 0.11891
f 5081/13425 5332/13426 5291/13415
vt 0.81934 0.27972
f 5250/13382 5302/13427 5304/13414
vt 0.35065 0.51863
vt 0.35132 0.51665
f 5243/13428 5310/13429 5385/13315
vt 0.30926 0.13410
f 5248/13004 5292/13430 5319/13082
f 5248/13004 5277/13188 5292/13430
vt 0.32460 0.73228
vt 0.32522 0.73289
f 5256/13230 5308/13431 5177/13432
vt 0.84759 0.13325
vt 0.84835 0.13381
f 5314/13433 5302/13409 5290/13434
vt 0.17180 0.93115
f 5270/13105 5311/13256 5312/13435
vt 0.34365 0.51791
f 5338/13406 5303/13399 5353/13436
f 5385/13315 5310/13429 5260/13204
vt 0.84874 0.13278
f 5302/13409 5269/13437 5290/13434
vt 0.74874 0.94584
vt 0.74993 0.94601
f 5218/13303 5386/13438 5311/13439
vt 0.62738 0.16430
f 5376/12973 5331/13003 5368/13440
vt 0.81926 0.28082
f 5302/13427 5314/13441 5304/13414
vt 0.99367 0.34772
vt 0.99341 0.34793
vt 0.99341 0.34763
f 5298/13442 5395/13443 5283/13444
vt 0.03844 0.97653
vt 0.03901 0.97572
vt 0.03923 0.97657
f 5264/13445 5358/13446 5345/13447
f 5243/13428 5348/13278 5310/13429
vt 0.90205 0.57308
vt 0.89929 0.57199
f 5271/13213 5462/13448 5238/13449
vt 0.95991 0.01760
vt 0.96022 0.01962
f 5283/13228 5395/13450 5215/13451
vt 0.84849 0.12791
f 5281/13379 5326/13452 5306/13380
vt 0.92820 0.62554
f 5211/13203 5177/13202 5308/13453
vt 0.92600 0.71979
f 5215/13334 5395/13454 5266/13335
vt 0.94835 0.55456
f 5282/13265 5279/13264 5298/13455
vt 0.30962 0.93387
vt 0.30900 0.93196
vt 0.30981 0.93316
f 5296/13456 5382/13457 5406/13458
f 5201/12534 5505/12867 5396/13151
vt 0.41745 0.46061
f 5199/13054 5432/13459 5445/13376
vt 0.98347 0.11445
vt 0.98374 0.11352
vt 0.98392 0.11384
f 5341/13460 5269/13461 5302/13462
f 5303/13399 5373/13401 5353/13436
vt 0.95741 0.95214
vt 0.95613 0.95207
vt 0.95686 0.94965
f 5369/13463 5325/13464 5383/13465
vt 0.95757 0.95128
f 5369/13463 5383/13465 5280/13466
vt 0.95053 0.20133
vt 0.95040 0.19986
vt 0.95139 0.20002
f 5337/13467 5329/13468 5388/13469
vt 0.94763 0.55409
f 5279/13264 5367/13470 5298/13455
vt 0.75835 0.30220
f 5284/13421 5305/13420 5459/13471
vt 0.81660 0.70576
f 5242/13242 5328/13332 5413/13472
vt 0.93711 0.12037
f 5297/13416 5291/13415 5313/13473
vt 0.75676 0.29708
vt 0.75804 0.29831
f 5338/13474 5325/13475 5303/13419
f 5211/13203 5308/13453 5420/13424
f 5218/13303 5273/13302 5386/13438
vt 0.92392 0.72357
f 5385/13476 5208/13333 5266/13335
vt 0.63532 0.14821
f 5324/12741 5249/13293 5327/13477
vt 0.48992 0.97710
f 5297/13320 5408/13478 5380/13321
vt 0.89533 0.92976
f 5247/13178 5414/13403 5350/13479
vt 0.93878 0.12092
f 5311/13480 5313/13473 5332/13426
vt 0.62309 0.16828
vt 0.62420 0.16598
vt 0.62433 0.16827
f 5311/13481 5332/13482 5312/13483
vt 0.74493 0.90530
vt 0.74458 0.90574
vt 0.74487 0.90475
f 5204/13484 5238/13485 5443/13486
f 5332/13426 5313/13473 5291/13415
vt 0.84849 0.12762
vt 0.84904 0.12727
f 5301/13487 5300/13488 5306/13380
f 5301/13487 5306/13380 5326/13452
vt 0.62211 0.57595
f 5273/13353 5359/13352 5354/13489
vt 0.62927 0.16220
f 5331/13003 5317/12899 5353/13490
vt 0.39854 0.96315
vt 0.39807 0.96326
vt 0.39838 0.96269
f 5318/13491 5391/13492 5343/13493
vt 0.44191 0.75051
vt 0.44243 0.75319
vt 0.44081 0.75184
f 5382/13494 5296/13495 5377/13496
vt 0.85489 0.58975
f 5267/13313 5174/13085 5355/13497
f 5287/13312 5346/13407 5348/13278
vt 0.89504 0.68867
f 5279/13404 5372/13342 5393/13498
vt 0.89982 0.57343
f 5238/13449 5462/13448 5443/13499
vt 0.37957 0.35831
f 5176/12382 5227/13206 5379/13500
vt 0.68474 0.96025
f 5274/13233 5272/13347 5420/13501
f 5274/13233 5420/13501 5308/13234
vt 0.17170 0.93224
f 5270/13105 5312/13435 5352/13502
vt 0.17032 0.93330
f 5270/13105 5352/13502 5351/13503
vt 0.30982 0.12774
vt 0.31048 0.12750
vt 0.31043 0.12831
f 5293/13504 5307/13505 5300/13506
f 5293/13504 5300/13506 5294/13055
vt 0.39763 0.96056
f 5300/13300 5347/13392 5294/13507
f 5286/13211 5330/13423 5372/13342
f 5338/13406 5353/13436 5346/13407
vt 0.91629 0.67108
vt 0.91682 0.67089
f 5318/13318 5341/13508 5360/13509
vt 0.74966 0.94565
f 5311/13439 5386/13438 5320/13510
vt 0.75483 0.93314
vt 0.75373 0.93265
vt 0.75395 0.93108
f 5263/13511 5309/13512 5394/13513
f 5263/13511 5394/13513 5236/13092
vt 0.94681 0.55520
f 5279/13264 5393/13514 5367/13470
f 5176/12382 5379/13500 5464/13119
vt 0.43373 0.92993
f 5359/13349 5270/13348 5322/13515
f 5338/13474 5287/13341 5423/13398
vt 0.44110 0.75280
f 5296/13495 5381/13516 5377/13496
vt 0.98626 0.76101
vt 0.98650 0.76141
vt 0.98597 0.76166
f 5318/13517 5360/13518 5391/13519
vt 0.31004 0.13222
f 5277/13188 5391/13520 5292/13430
vt 0.30992 0.13133
f 5277/13188 5333/13521 5391/13520
vt 0.75923 0.30624
f 5344/13395 5337/13394 5519/13522
vt 0.62243 0.57442
vt 0.62128 0.57479
vt 0.62140 0.57248
f 5311/13523 5320/13524 5313/13525
vt 0.63472 0.15101
f 5255/12769 5356/13526 5288/13200
vt 0.31093 0.12756
f 5307/13505 5389/13527 5300/13506
vt 0.31034 0.93366
f 5296/13456 5406/13458 5381/13528
vt 0.63516 0.14982
f 5324/12741 5327/13477 5374/13529
vt 0.90238 0.57073
f 5271/13213 5323/13530 5462/13448
vt 0.63093 0.15888
f 5278/12771 5346/13531 5317/12899
vt 0.43250 0.92933
f 5322/13515 5270/13348 5351/13532
vt 0.84947 0.12568
vt 0.85056 0.12810
f 5300/13488 5389/13533 5334/13534
vt 0.31965 0.73195
f 5167/13356 5370/13355 5335/13535
vt 0.35698 0.51587
f 5327/13364 5262/13215 5362/13536
vt 0.31021 0.13020
f 5294/13055 5347/13537 5277/13188
f 5299/12796 5474/13260 5422/13277
vt 0.88741 0.98906
vt 0.88768 0.98883
vt 0.88752 0.98940
f 5391/13538 5333/13539 5343/13540
vt 0.89411 0.69646
f 5229/13097 5455/13541 5330/13423
vt 0.75897 0.29327
f 5246/13340 5427/13542 5423/13398
vt 0.98517 0.35238
vt 0.98546 0.35238
vt 0.98535 0.35285
f 5298/13543 5264/13544 5345/13545
vt 0.95914 0.01669
vt 0.95979 0.01692
f 5298/13546 5345/13547 5395/13450
f 5277/13188 5347/13537 5333/13521
vt 0.62447 0.16456
vt 0.62604 0.16433
f 5081/13548 5376/13549 5332/13482
vt 0.94883 0.55394
f 5298/13455 5367/13470 5264/13550
f 5300/13488 5334/13534 5306/13380
f 5346/13531 5353/13490 5317/12899
vt 0.88771 0.98935
f 5343/13540 5333/13539 5360/13551
vt 0.11649 0.97846
vt 0.11655 0.97754
vt 0.11717 0.97829
f 5246/13552 5243/13553 5427/13554
vt 0.94931 0.55354
f 5262/13555 5264/13550 5367/13470
vt 0.78558 0.96227
f 5369/13331 5242/13080 5413/13556
vt 0.98282 0.72091
vt 0.98233 0.72062
vt 0.98279 0.72059
f 5343/13557 5363/13558 5347/13559
vt 0.99408 0.52658
vt 0.99418 0.52681
vt 0.99396 0.52681
f 5343/13560 5360/13561 5363/13562
vt 0.32882 0.36706
f 5184/12750 5456/13563 5411/13267
vt 0.90741 0.70066
vt 0.90723 0.70234
vt 0.90523 0.70065
f 5232/13564 5366/13565 5263/13566
vt 0.96266 0.15988
vt 0.96169 0.16097
vt 0.96165 0.15954
f 5359/13567 5322/13568 5415/13569
vt 0.52888 0.93249
f 5247/13236 5350/13570 5455/13405
vt 0.86895 0.97739
vt 0.86823 0.97792
vt 0.86846 0.97593
f 5313/13571 5408/13572 5297/13573
vt 0.63146 0.15726
f 5278/12771 5288/13200 5348/13574
f 5278/12771 5348/13574 5346/13531
vt 0.63283 0.15478
f 5288/13200 5310/13575 5348/13574
vt 0.33076 0.36668
f 5285/13259 5349/13576 5184/12750
vt 0.86091 0.86405
vt 0.85894 0.86365
vt 0.86074 0.86312
f 5241/13577 5453/13578 5328/13579
vt 0.90529 0.70253
vt 0.90643 0.70403
vt 0.90483 0.70432
f 5309/13580 5409/13581 5392/13582
vt 0.35721 0.51474
f 5327/13364 5362/13536 5374/13583
vt 0.84992 0.13122
f 5302/13409 5363/13381 5341/13584
f 5325/13475 5305/13420 5303/13419
vt 0.63394 0.15232
f 5288/13200 5260/13585 5310/13575
vt 0.31858 0.73085
vt 0.31973 0.73139
f 5335/13535 5447/13586 5314/13587
f 5288/13200 5356/13526 5260/13585
vt 0.81852 0.70502
vt 0.81789 0.70545
vt 0.81733 0.70446
f 5325/13588 5369/13589 5305/13590
vt 0.95094 0.19759
vt 0.95133 0.19794
f 5322/13591 5351/13592 5329/13468
f 5263/13566 5366/13565 5309/13580
f 5368/13440 5331/13003 5353/13490
vt 0.31667 0.73220
f 5370/13355 5342/13402 5417/13593
vt 0.34115 0.51765
f 5368/13594 5353/13436 5373/13401
vt 0.89194 0.26610
vt 0.89034 0.26696
vt 0.89096 0.26503
f 5284/13595 5459/13596 5373/13597
vt 0.60446 0.76929
vt 0.60581 0.76955
f 5276/13008 5339/13598 5418/13599
f 5276/13008 5418/13599 5295/13243
vt 0.32013 0.73083
vt 0.32027 0.72985
vt 0.32122 0.73045
f 5314/13600 5365/13601 5304/13602
f 5314/13600 5447/13586 5365/13601
vt 0.95568 0.72628
vt 0.95599 0.72540
vt 0.95703 0.72697
f 5243/13603 5385/13604 5427/13605
vt 0.62580 0.16715
f 5332/13482 5387/13606 5312/13483
vt 0.03961 0.97747
vt 0.03977 0.97628
f 5395/13607 5345/13447 5362/13608
vt 0.35588 0.51467
f 5260/13204 5356/13609 5358/13316
f 5370/13355 5447/13586 5335/13535
vt 0.96830 0.61278
vt 0.96918 0.61193
vt 0.96952 0.61308
f 5406/13610 5404/13611 5381/13612
f 5324/12741 5374/13529 5255/12769
vt 0.75624 0.93027
vt 0.75472 0.92905
f 5289/13613 5236/13092 5357/13614
vt 0.31024 0.13280
f 5292/13430 5391/13520 5378/13615
vt 0.39803 0.96293
vt 0.39748 0.96269
f 5347/13392 5360/13616 5333/13617
vt 0.99020 0.72865
vt 0.99041 0.72892
vt 0.99015 0.72923
f 5347/13618 5363/13619 5361/13620
vt 0.99015 0.65824
vt 0.99044 0.65777
vt 0.99044 0.65837
f 5347/13621 5361/13622 5360/13623
vt 0.85020 0.13069
vt 0.85045 0.12993
vt 0.85070 0.13093
f 5360/13624 5361/13625 5391/13626
f 5184/12750 5349/13576 5456/13563
vt 0.74607 0.93258
f 5191/13296 5411/13627 5275/13297
vt 0.60254 0.76899
f 5339/13598 5276/13008 5410/13628
vt 0.47365 0.94658
f 5285/13359 5355/13361 5349/13629
vt 0.81418 0.27675
f 5307/13418 5326/13358 5436/13630
vt 0.95354 0.95282
vt 0.95340 0.95184
f 5307/13363 5436/13631 5389/13632
vt 0.94889 0.55290
f 5262/13555 5367/13470 5362/13633
vt 0.95142 0.20054
f 5388/13469 5426/13634 5337/13467
vt 0.84986 0.13083
f 5363/13381 5360/13635 5341/13584
vt 0.85751 0.59118
f 5275/13422 5411/13636 5174/13085
vt 0.30911 0.13648
vt 0.30916 0.13603
vt 0.31023 0.13682
f 5364/13637 5319/13638 5442/13639
vt 0.61895 0.57457
f 5313/13525 5320/13524 5475/13640
vt 0.30977 0.13452
f 5319/13638 5292/13641 5442/13639
vt 0.86091 0.86523
vt 0.85904 0.86481
f 5289/13642 5357/13643 5241/13577
vt 0.95421 0.25391
vt 0.95422 0.25715
vt 0.95325 0.25679
f 5372/13644 5330/13645 5403/13646
vt 0.90328 0.56947
vt 0.90343 0.57061
f 5323/13530 5295/13647 5418/13648
vt 0.75822 0.30643
f 5337/13394 5426/13649 5519/13522
vt 0.62476 0.58041
f 5329/13391 5344/13390 5322/13650
vt 0.62656 0.16608
f 5376/13549 5451/13651 5332/13482
vt 0.62720 0.16534
f 5376/13549 5384/13652 5451/13651
vt 0.75883 0.29583
f 5325/13475 5338/13474 5383/13653
vt 0.96241 0.15799
f 5359/13567 5415/13569 5482/13654
vt 0.98257 0.58150
vt 0.98294 0.58170
vt 0.98276 0.58236
f 5309/13655 5392/13656 5394/13657
f 5255/12769 5374/13529 5356/13526
vt 0.85032 0.12595
f 5334/13534 5389/13533 5405/13658
f 5423/13398 5383/13653 5338/13474
f 5306/13380 5334/13534 5363/13381
vt 0.62454 0.58245
vt 0.62384 0.58069
f 5322/13650 5388/13659 5415/13660
f 5363/13381 5334/13534 5361/13625
vt 0.33375 0.36538
f 5342/13311 5371/13372 5417/13661
vt 0.35645 0.51622
f 5358/13316 5362/13536 5345/13662
f 5358/13316 5356/13609 5362/13536
vt 0.89348 0.69489
f 5455/13541 5419/13663 5330/13423
vt 0.60249 0.76983
f 5276/13008 5375/13664 5410/13628
vt 0.99055 0.90706
vt 0.99015 0.90721
vt 0.99015 0.90680
f 5369/13665 5413/13666 5305/13667
vt 0.85537 0.59107
f 5355/13497 5174/13085 5435/13668
f 5322/13650 5344/13390 5388/13659
vt 0.92074 0.81221
f 5364/13385 5442/13669 5430/13386
vt 0.89081 0.26225
vt 0.88961 0.26412
f 5368/13670 5373/13597 5440/13671
vt 0.95182 0.19870
f 5329/13468 5351/13592 5415/13672
vt 0.98923 0.12682
vt 0.98959 0.12679
vt 0.98959 0.12740
f 5241/13673 5357/13674 5453/13675
f 5316/13362 5375/13664 5276/13008
vt 0.32307 0.72907
f 5304/13602 5365/13601 5421/13676
vt 0.32287 0.73030
f 5304/13602 5421/13676 5272/13677
vt 0.43979 0.75264
f 5381/13516 5463/13678 5377/13496
vt 0.92843 0.54942
vt 0.92820 0.54807
vt 0.92976 0.54856
f 5273/13679 5354/13680 5386/13681
f 5388/13469 5329/13468 5415/13672
vt 0.01492 0.94911
vt 0.01531 0.94768
vt 0.01551 0.94884
f 5351/13682 5437/13683 5415/13684
f 5336/12740 5445/13376 5227/13163
vt 0.44095 0.75304
vt 0.44030 0.75346
f 5381/13685 5404/13686 5463/13678
vt 0.44240 0.74584
vt 0.44189 0.74738
vt 0.44113 0.74621
f 5394/13687 5392/13688 5429/13689
vt 0.62089 0.57718
f 5359/13352 5482/13690 5354/13489
f 5174/13085 5411/13636 5435/13668
f 5309/13580 5366/13565 5409/13581
f 5370/13355 5417/13593 5447/13586
vt 0.32431 0.72970
f 5272/13677 5421/13676 5420/13691
vt 0.96521 0.74759
vt 0.96527 0.74923
vt 0.96455 0.74903
f 5402/13692 5389/13693 5436/13694
vt 0.94317 0.42927
f 5366/13397 5204/13149 5472/13695
vt 0.81648 0.70568
vt 0.81560 0.70463
f 5413/13696 5433/13697 5305/13590
f 5185/12490 5422/13277 5390/12945
vt 0.31031 0.93282
vt 0.30935 0.93157
vt 0.30951 0.93050
f 5406/13698 5382/13699 5407/13700
vt 0.85207 0.12738
f 5334/13534 5405/13658 5493/13701
vt 0.85142 0.12802
f 5334/13534 5493/13701 5399/13702
vt 0.92532 0.71882
vt 0.92647 0.71865
f 5362/13703 5367/13704 5395/13454
vt 0.17065 0.93446
f 5351/13503 5352/13502 5437/13705
vt 0.74456 0.90356
vt 0.74506 0.90290
f 5204/13138 5443/13706 5472/13707
f 5374/13583 5362/13536 5356/13609
f 5361/13625 5334/13534 5391/13626
vt 0.44095 0.93146
vt 0.44176 0.92964
vt 0.44183 0.93128
f 5397/13708 5387/13709 5451/13710
vt 0.43941 0.75027
f 5382/13494 5377/13496 5477/13711
vt 0.88951 0.26052
vt 0.89103 0.26018
f 5368/13670 5384/13712 5376/13713
vt 0.96802 0.61190
f 5404/13611 5406/13610 5418/13714
vt 0.34947 0.36623
f 5315/12744 5428/13266 5554/13715
vt 0.37429 0.36206
f 5340/12946 5464/13119 5550/13716
vt 0.81450 0.27766
f 5436/13630 5326/13358 5420/13717
vt 0.97389 0.00977
vt 0.97448 0.00779
vt 0.97483 0.01040
f 5398/13718 5421/13719 5365/13720
f 5332/13482 5451/13651 5387/13606
vt 0.84906 0.12390
vt 0.85025 0.12369
f 5389/13533 5402/13721 5416/13722
vt 0.62018 0.57036
vt 0.61672 0.57007
f 5321/13116 5380/13723 5509/13724
vt 0.92694 0.71944
f 5367/13704 5393/13725 5395/13454
vt 0.44112 0.93235
f 5397/13708 5451/13710 5444/13726
vt 0.33365 0.36632
f 5371/13372 5450/13727 5417/13661
vt 0.44018 0.93374
vt 0.44079 0.93334
f 5400/13728 5397/13708 5444/13729
vt 0.85169 0.13130
f 5391/13626 5334/13534 5378/13730
vt 0.96647 0.97096
vt 0.96696 0.97304
vt 0.96608 0.97228
f 5421/13731 5398/13732 5460/13733
vt 0.90369 0.57197
f 5323/13530 5438/13734 5462/13448
vt 0.95333 0.25275
f 5372/13644 5403/13646 5393/13735
vt 0.75417 0.92948
f 5236/13092 5394/13513 5401/13736
vt 0.92679 0.72305
f 5395/13454 5403/13737 5266/13335
vt 0.64358 0.94873
vt 0.64410 0.94819
vt 0.64538 0.94777
f 5339/13738 5404/13739 5418/13740
vt 0.62713 0.16700
vt 0.62678 0.16898
f 5387/13606 5397/13741 5437/13742
vt 0.62757 0.16817
vt 0.62739 0.16855
f 5397/13741 5400/13743 5437/13744
vt 0.31126 0.13360
f 5292/13641 5495/13745 5442/13639
vt 0.76040 0.30847
f 5344/13395 5519/13522 5516/13746
vt 0.96152 0.15822
f 5482/13654 5415/13569 5469/13747
vt 0.44091 0.74824
f 5382/13494 5477/13711 5468/13748
vt 0.30887 0.93017
vt 0.30923 0.92906
f 5382/13749 5468/13750 5407/13700
vt 0.61919 0.57167
f 5380/13723 5408/13751 5509/13724
f 5313/13525 5475/13640 5408/13751
vt 0.90358 0.57122
f 5323/13530 5418/13752 5438/13734
f 5389/13533 5416/13722 5405/13658
vt 0.75797 0.30610
vt 0.75835 0.30465
f 5426/13753 5431/13754 5519/13522
f 5393/13725 5403/13737 5395/13454
vt 0.85990 0.86271
f 5328/13579 5453/13578 5413/13755
vt 0.60784 0.76875
vt 0.60654 0.76827
vt 0.60817 0.76733
f 5466/13756 5412/13757 5434/13758
vt 0.01500 0.94653
vt 0.01701 0.94758
f 5400/13759 5488/13760 5437/13683
vt 0.85252 0.13108
vt 0.85222 0.13226
f 5378/13730 5495/13761 5292/13762
f 5236/13092 5401/13736 5357/13614
vt 0.88956 0.26198
f 5368/13670 5451/13763 5384/13712
vt 0.88953 0.26270
f 5368/13670 5444/13764 5451/13763
vt 0.31872 0.72817
vt 0.31961 0.72872
f 5365/13601 5484/13765 5398/13766
vt 0.60423 0.76760
vt 0.60444 0.76893
f 5410/13628 5461/13767 5339/13768
vt 0.60604 0.76753
f 5412/13757 5500/13769 5434/13758
vt 0.94777 0.22960
vt 0.94677 0.22875
vt 0.94826 0.22797
f 5403/13770 5458/13771 5266/13772
vt 0.94871 0.23051
vt 0.94733 0.23080
f 5330/13773 5419/13774 5403/13770
vt 0.85195 0.12897
f 5334/13534 5399/13775 5378/13730
f 5412/13757 5339/13768 5461/13767
f 5412/13757 5461/13767 5500/13769
vt 0.62610 0.16930
f 5312/13483 5387/13606 5352/13776
vt 0.96958 0.38672
vt 0.96818 0.38646
vt 0.96940 0.38590
f 5383/13777 5423/13778 5414/13779
vt 0.60936 0.76811
f 5466/13756 5434/13758 5479/13780
vt 0.96379 0.74753
f 5402/13692 5436/13694 5424/13781
f 5447/13586 5484/13765 5365/13601
vt 0.47217 0.94608
f 5355/13361 5435/13782 5349/13629
vt 0.01642 0.94895
f 5415/13684 5437/13683 5514/13783
vt 0.71108 0.27864
f 5316/13031 5430/13294 5375/13784
vt 0.98001 0.86293
vt 0.98042 0.86315
vt 0.98011 0.86334
f 5320/13785 5386/13786 5425/13787
f 5387/13606 5437/13742 5352/13776
vt 0.96870 0.38489
vt 0.96820 0.38517
f 5350/13788 5414/13779 5427/13789
vt 0.53057 0.93205
vt 0.53082 0.93332
f 5350/13570 5427/13790 5476/13791
vt 0.99358 0.22635
vt 0.99341 0.22599
vt 0.99358 0.22589
f 5339/13792 5463/13793 5404/13794
vt 0.88849 0.26537
f 5459/13596 5502/13795 5373/13597
f 5414/13779 5423/13778 5427/13789
vt 0.96602 0.97428
f 5398/13732 5484/13796 5460/13733
vt 0.76005 0.30339
f 5431/13754 5459/13471 5480/13797
f 5431/13754 5480/13797 5519/13522
vt 0.97003 0.49376
vt 0.97120 0.49310
vt 0.97111 0.49443
f 5410/13798 5375/13799 5517/13800
vt 0.91981 0.81359
f 5430/13386 5442/13669 5471/13801
vt 0.64525 0.94598
vt 0.64582 0.94632
f 5418/13740 5487/13802 5438/13803
vt 0.91009 0.53215
vt 0.91083 0.53098
vt 0.91134 0.53192
f 5412/13804 5466/13805 5497/13806
f 5368/13670 5440/13671 5444/13764
f 5373/13597 5502/13795 5440/13671
vt 0.62306 0.58325
f 5344/13390 5504/13807 5388/13659
vt 0.62368 0.58515
f 5344/13390 5516/13808 5504/13807
vt 0.61999 0.57583
f 5320/13524 5425/13809 5475/13640
vt 0.42923 0.96178
vt 0.42972 0.95984
vt 0.43089 0.96093
f 5405/13810 5416/13811 5507/13812
vt 0.61599 0.57397
f 5408/13751 5475/13640 5580/13813
vt 0.91750 0.12226
vt 0.91718 0.12302
vt 0.91637 0.12264
f 5426/13814 5388/13815 5504/13816
vt 0.95670 0.72412
vt 0.95805 0.72450
f 5266/13817 5458/13818 5385/13604
vt 0.91780 0.11999
vt 0.91671 0.11958
vt 0.91802 0.11812
f 5431/13819 5470/13820 5459/13821
vt 0.93007 0.54745
f 5386/13681 5354/13680 5425/13822
vt 0.42385 0.45954
f 5227/13163 5445/13376 5533/13823
vt 0.60259 0.76695
f 5410/13628 5530/13824 5461/13767
vt 0.95794 0.77133
vt 0.95803 0.77296
vt 0.95665 0.77105
f 5493/13825 5405/13826 5489/13827
vt 0.91169 0.53304
vt 0.91084 0.53380
f 5412/13804 5457/13828 5339/13829
f 5378/13730 5399/13775 5495/13761
vt 0.97059 0.63962
vt 0.97138 0.64096
vt 0.97021 0.64089
f 5394/13830 5454/13831 5401/13832
vt 0.91202 0.53375
vt 0.91168 0.53327
f 5463/13833 5339/13829 5457/13834
vt 0.74648 0.93426
vt 0.74499 0.93526
f 5411/13627 5456/13835 5435/13836
f 5437/13683 5488/13760 5514/13783
vt 0.90339 0.57268
f 5438/13734 5487/13837 5462/13448
f 5321/13116 5509/13724 5222/13193
vt 0.97079 0.49542
f 5410/13798 5517/13800 5530/13838
vt 0.32415 0.72785
f 5420/13691 5421/13676 5483/13839
vt 0.95803 0.72638
f 5385/13604 5476/13840 5427/13605
vt 0.44158 0.74432
f 5429/13689 5454/13841 5394/13687
vt 0.42538 0.46181
f 5379/13842 5227/13163 5533/13823
vt 0.91781 0.12188
f 5426/13843 5504/13816 5431/13819
vt 0.31079 0.93055
f 5407/13700 5446/13844 5406/13698
vt 0.31135 0.93348
vt 0.31176 0.93233
f 5418/13845 5406/13698 5487/13846
vt 0.01579 0.94579
vt 0.01733 0.94610
f 5400/13847 5470/13848 5488/13760
f 5403/13770 5419/13774 5458/13771
vt 0.97904 0.68749
vt 0.97888 0.68643
vt 0.97943 0.68708
f 5444/13849 5440/13850 5478/13851
vt 0.76108 0.30159
f 5305/13420 5529/13852 5459/13471
vt 0.62244 0.58137
vt 0.62134 0.57885
f 5415/13660 5514/13853 5469/13854
f 5412/13804 5497/13806 5457/13828
f 5377/13496 5463/13678 5477/13711
f 5406/13698 5446/13844 5487/13846
vt 0.41988 0.45837
f 5445/13376 5432/13459 5532/13855
vt 0.95638 0.77282
f 5405/13826 5448/13856 5489/13827
vt 0.37872 0.35981
f 5379/13500 5439/13857 5464/13119
vt 0.32458 0.72741
vt 0.32630 0.72779
f 5420/13691 5483/13858 5436/13859
vt 0.43035 0.96254
f 5405/13810 5507/13812 5448/13860
vt 0.95163 0.13197
vt 0.95147 0.13319
vt 0.95027 0.13362
f 5417/13861 5450/13862 5494/13863
vt 0.95009 0.13186
f 5417/13861 5494/13863 5447/13864
vt 0.61102 0.76814
f 5479/13780 5434/13758 5441/13865
vt 0.44220 0.93421
vt 0.44164 0.93500
f 5444/13729 5478/13866 5449/13867
f 5444/13729 5449/13867 5400/13728
vt 0.71635 0.28531
vt 0.71511 0.28639
vt 0.71445 0.28357
f 5447/13868 5473/13869 5484/13870
vt 0.91073 0.52732
vt 0.91160 0.52746
vt 0.91125 0.52901
f 5441/13871 5496/13872 5479/13873
vt 0.92859 0.54695
f 5354/13680 5482/13874 5425/13822
vt 0.71080 0.27979
vt 0.71092 0.27911
f 5430/13294 5517/13875 5375/13876
vt 0.61106 0.76670
f 5441/13865 5434/13758 5467/13877
vt 0.90056 0.57447
vt 0.90152 0.57436
f 5443/13878 5462/13448 5446/13879
vt 0.96365 0.74900
f 5436/13694 5507/13880 5424/13781
vt 0.61509 0.56834
vt 0.61658 0.56509
f 5222/13193 5545/13881 5432/13882
vt 0.90768 0.70376
f 5366/13565 5472/13883 5409/13581
f 5385/13604 5458/13818 5476/13840
vt 0.85888 0.86282
f 5413/13755 5453/13578 5433/13884
vt 0.31087 0.13040
vt 0.31230 0.13226
f 5399/13885 5508/13886 5495/13745
vt 0.32295 0.72828
vt 0.32182 0.72778
f 5421/13887 5460/13888 5483/13839
vt 0.32663 0.72648
f 5436/13859 5483/13858 5507/13889
vt 0.31062 0.12906
vt 0.31231 0.13048
f 5399/13885 5493/13890 5506/13891
vt 0.74136 0.97646
vt 0.74097 0.97586
vt 0.74072 0.97550
f 5500/13892 5489/13893 5434/13894
vt 0.93209 0.70609
vt 0.93243 0.70466
vt 0.93277 0.70642
f 5466/13895 5479/13896 5497/13897
vt 0.88809 0.26448
f 5440/13671 5502/13795 5478/13898
vt 0.44052 0.93532
f 5470/13899 5400/13728 5449/13867
vt 0.91601 0.12139
f 5431/13819 5504/13816 5488/13900
vt 0.98713 0.33844
vt 0.98696 0.33907
vt 0.98672 0.33853
f 5463/13901 5457/13902 5526/13903
vt 0.71271 0.28328
f 5484/13870 5473/13869 5491/13904
vt 0.47361 0.94533
f 5349/13629 5435/13782 5456/13905
f 5480/13797 5459/13471 5529/13852
vt 0.90101 0.57508
f 5443/13878 5446/13879 5486/13906
f 5399/13885 5506/13891 5508/13886
vt 0.91580 0.11864
f 5470/13820 5449/13907 5459/13821
vt 0.85805 0.86548
vt 0.85716 0.86671
vt 0.85678 0.86462
f 5401/13908 5454/13909 5544/13910
vt 0.97329 0.69507
vt 0.97311 0.69652
vt 0.97206 0.69543
f 5402/13911 5424/13912 5416/13913
vt 0.52844 0.93327
vt 0.52946 0.93356
f 5455/13914 5350/13570 5476/13915
vt 0.96848 0.30640
vt 0.96963 0.30697
vt 0.96820 0.30737
f 5441/13916 5467/13917 5496/13918
vt 0.31167 0.13619
f 5442/13639 5495/13745 5471/13919
vt 0.95074 0.13462
f 5450/13862 5548/13920 5494/13863
vt 0.96088 0.76110
vt 0.96080 0.76330
vt 0.95906 0.76118
f 5455/13921 5476/13922 5419/13923
vt 0.81547 0.70343
f 5305/13590 5433/13697 5529/13924
vt 0.91568 0.11730
f 5459/13821 5449/13907 5502/13925
vt 0.71192 0.28172
f 5430/13294 5471/13926 5517/13875
vt 0.90046 0.57544
f 5443/13878 5486/13906 5472/13927
f 5340/12946 5550/13716 5452/13040
vt 0.36269 0.36546
f 5422/13277 5474/13260 5566/13928
vt 0.34390 0.36736
f 5396/13151 5543/13929 5465/13118
vt 0.96275 0.96206
vt 0.96273 0.96259
vt 0.96207 0.96251
f 5407/13930 5468/13931 5486/13932
vt 0.31018 0.92928
f 5407/13700 5486/13933 5446/13844
vt 0.33630 0.36893
f 5371/13372 5490/13934 5450/13727
vt 0.90555 0.70581
vt 0.90488 0.70528
f 5409/13581 5534/13935 5392/13936
vt 0.95882 0.76288
f 5419/13923 5476/13922 5458/13937
vt 0.90639 0.70586
f 5409/13581 5501/13938 5534/13935
vt 0.90496 0.70618
f 5392/13936 5534/13935 5512/13939
vt 0.33288 0.36832
f 5450/13727 5490/13934 5548/13940
vt 0.43964 0.74808
f 5468/13748 5477/13711 5501/13941
vt 0.91626 0.12012
f 5431/13819 5488/13900 5470/13942
vt 0.35931 0.36586
f 5390/12945 5422/13277 5606/13943
vt 0.60506 0.76619
f 5461/13767 5485/13944 5500/13769
vt 0.93415 0.70462
f 5479/13896 5537/13945 5497/13897
f 5315/12744 5554/13715 5505/12867
f 5390/12945 5606/13943 5428/13266
vt 0.64443 0.94545
vt 0.64489 0.94533
vt 0.64465 0.94579
f 5446/13946 5462/13947 5487/13948
vt 0.41870 0.45687
f 5432/13459 5545/13949 5532/13855
vt 0.60631 0.76608
f 5500/13769 5485/13944 5520/13950
f 5408/13751 5580/13813 5509/13724
vt 0.95205 0.86382
vt 0.95228 0.86492
vt 0.95095 0.86452
f 5497/13951 5481/13952 5457/13953
vt 0.43745 0.75347
f 5526/13954 5477/13711 5463/13678
f 5222/13193 5509/13724 5545/13881
vt 0.60743 0.76640
vt 0.60805 0.76614
f 5434/13758 5489/13955 5511/13956
f 5371/13372 5465/13118 5490/13934
vt 0.96069 0.93932
vt 0.95993 0.93892
vt 0.96107 0.93833
f 5392/13957 5512/13958 5429/13959
vt 0.96248 0.96333
f 5468/13931 5501/13960 5486/13932
f 5401/13908 5544/13910 5357/13643
vt 0.85767 0.86316
f 5433/13884 5453/13578 5492/13961
vt 0.32345 0.72545
f 5460/13888 5506/13962 5483/13839
f 5409/13581 5472/13883 5501/13938
f 5396/13151 5505/12867 5543/13929
vt 0.31239 0.12966
f 5506/13891 5493/13890 5524/13963
vt 0.43108 0.95991
f 5416/13811 5424/13964 5507/13812
vt 0.98076 0.97245
vt 0.97988 0.97207
vt 0.98028 0.97151
f 5500/13965 5520/13966 5518/13967
vt 0.35331 0.36674
f 5428/13266 5555/13968 5554/13715
vt 0.93290 0.70282
f 5479/13896 5496/13969 5537/13945
vt 0.71635 0.28819
f 5447/13868 5494/13970 5473/13869
vt 0.31282 0.13517
f 5471/13919 5495/13745 5491/13971
vt 0.90718 0.70542
f 5472/13883 5486/13972 5501/13938
vt 0.01746 0.94907
f 5514/13783 5488/13760 5504/13973
f 5461/13767 5530/13824 5485/13944
vt 0.37709 0.36179
f 5464/13119 5439/13857 5571/13974
vt 0.93001 0.54596
f 5482/13874 5498/13975 5425/13822
vt 0.92851 0.54519
f 5482/13874 5573/13976 5498/13975
vt 0.95060 0.86552
f 5457/13953 5481/13952 5526/13977
vt 0.71024 0.28122
f 5471/13926 5499/13978 5517/13875
f 5434/13758 5511/13956 5467/13877
vt 0.42529 0.46010
f 5379/13842 5533/13823 5439/13979
f 5422/13277 5566/13928 5606/13943
vt 0.60685 0.76663
vt 0.60702 0.76598
f 5489/13955 5500/13980 5522/13981
vt 0.95571 0.77178
f 5448/13856 5524/13982 5489/13827
vt 0.97566 0.07914
vt 0.97651 0.07851
vt 0.97612 0.07965
f 5503/13983 5528/13984 5523/13985
vt 0.95997 0.93782
f 5429/13959 5512/13958 5536/13986
f 5507/13889 5483/13839 5506/13962
vt 0.32544 0.72612
f 5507/13889 5506/13962 5448/13987
vt 0.95575 0.77298
f 5448/13856 5506/13988 5524/13982
vt 0.96891 0.30863
f 5467/13917 5521/13989 5496/13918
vt 0.97423 0.51541
vt 0.97462 0.51463
vt 0.97515 0.51461
f 5493/13990 5489/13991 5522/13992
vt 0.97515 0.51580
f 5493/13990 5522/13992 5524/13993
vt 0.61848 0.57911
f 5482/13690 5469/13854 5573/13994
f 5453/13578 5357/13643 5544/13910
vt 0.43940 0.74459
f 5454/13841 5429/13689 5541/13995
vt 0.95954 0.93965
vt 0.95877 0.93834
f 5503/13996 5527/13997 5512/13958
f 5495/13745 5508/13886 5491/13971
vt 0.62103 0.58525
f 5516/13808 5510/13998 5504/13807
vt 0.96200 0.06486
vt 0.96213 0.06370
vt 0.96316 0.06456
f 5481/13999 5497/14000 5525/14001
vt 0.43994 0.74584
f 5429/13689 5536/14002 5541/13995
f 5532/13855 5533/13823 5445/13376
vt 0.95612 0.77069
f 5489/13827 5524/13982 5511/14003
vt 0.61961 0.58284
f 5514/13853 5513/14004 5469/13854
vt 0.74104 0.97701
vt 0.74072 0.97724
f 5500/13892 5518/14005 5481/14006
vt 0.96148 0.06566
vt 0.96184 0.06559
f 5500/14007 5481/13999 5515/14008
vt 0.96168 0.06609
f 5500/14007 5515/14008 5522/14009
vt 0.32028 0.72593
f 5484/13765 5508/14010 5460/13888
vt 0.97588 0.07830
vt 0.97656 0.07832
f 5503/13983 5512/14011 5528/14012
vt 0.31799 0.72697
f 5484/13765 5491/14013 5508/14010
f 5512/13958 5527/13997 5536/13986
vt 0.97144 0.28451
vt 0.97015 0.28472
vt 0.97129 0.28312
f 5503/14014 5523/14015 5527/14016
f 5460/13888 5508/14010 5506/13962
vt 0.34058 0.36857
f 5543/13929 5556/14017 5465/13118
f 5453/13578 5544/13910 5492/13961
vt 0.61839 0.57705
f 5425/13809 5498/14018 5475/13640
f 5481/13999 5525/14001 5515/14008
vt 0.60856 0.76566
f 5467/13877 5511/13956 5538/14019
vt 0.60640 0.76672
vt 0.60659 0.76668
f 5518/14020 5520/13950 5515/14021
f 5515/14021 5520/13950 5522/13981
vt 0.60790 0.76572
f 5511/13956 5522/14022 5538/14019
vt 0.96237 0.06556
f 5515/14008 5525/14001 5518/14023
vt 0.81393 0.70442
f 5433/13697 5492/14024 5529/13924
vt 0.75833 0.97617
vt 0.75918 0.97622
vt 0.75822 0.97668
f 5512/14025 5534/14026 5528/14027
vt 0.71214 0.28634
f 5491/13904 5473/13869 5553/14028
vt 0.90371 0.81937
vt 0.90341 0.82034
vt 0.90138 0.82139
f 5517/14029 5499/14030 5562/14031
vt 0.90198 0.81984
f 5517/14029 5562/14031 5530/14032
vt 0.93407 0.70662
f 5497/13897 5537/13945 5525/14033
vt 0.62066 0.58424
f 5504/13807 5510/13998 5547/14034
vt 0.85550 0.86591
f 5454/13909 5557/14035 5544/13910
vt 0.43799 0.74726
f 5501/13941 5477/13711 5531/14036
f 5504/13807 5547/14034 5514/13853
vt 0.32639 0.72314
vt 0.32507 0.72275
vt 0.32699 0.72207
f 5467/14037 5538/14038 5521/14039
vt 0.91434 0.11781
f 5449/13907 5478/14040 5502/13925
vt 0.37109 0.36388
f 5452/13040 5550/13716 5567/14041
vt 0.43955 0.74684
f 5501/13941 5531/14036 5534/14042
vt 0.42527 0.45785
f 5439/13979 5533/13823 5571/14043
vt 0.32450 0.72393
vt 0.32388 0.72457
vt 0.32383 0.72353
f 5511/14044 5524/14045 5522/14046
vt 0.75887 0.97706
f 5534/14026 5536/14047 5528/14027
vt 0.76216 0.30458
f 5519/13522 5480/13797 5559/14048
vt 0.71128 0.28376
f 5471/13926 5491/13904 5540/14049
f 5471/13926 5540/14049 5499/13978
f 5465/13118 5556/14017 5490/13934
vt 0.32177 0.72405
vt 0.31942 0.72382
vt 0.32069 0.72322
f 5485/14050 5530/14051 5535/14052
vt 0.97035 0.28307
f 5527/14016 5523/14015 5539/14053
f 5452/13040 5567/14041 5474/13260
vt 0.76205 0.30334
f 5480/13797 5529/13852 5569/14054
f 5519/13522 5559/14048 5516/13746
vt 0.62192 0.58648
f 5516/13808 5572/14055 5510/13998
f 5469/13854 5513/14004 5573/13994
vt 0.32262 0.72286
f 5485/14050 5535/14052 5542/14056
f 5464/13119 5571/13974 5550/13716
vt 0.43971 0.74369
f 5454/13841 5541/13995 5557/14057
vt 0.95156 0.86613
f 5526/13977 5481/13952 5535/14058
vt 0.93436 0.70292
f 5537/13945 5496/13969 5521/14059
vt 0.32302 0.72283
f 5522/14046 5520/14060 5538/14038
vt 0.95255 0.86573
f 5481/13952 5518/14061 5535/14058
vt 0.75814 0.97722
f 5536/14047 5527/14062 5528/14027
vt 0.97995 0.53889
vt 0.98059 0.53885
vt 0.98054 0.53968
f 5528/14063 5527/14064 5539/14065
f 5536/14002 5534/14042 5541/13995
vt 0.95267 0.86617
f 5518/14061 5542/14066 5535/14058
vt 0.96287 0.06581
f 5518/14023 5525/14001 5542/14067
f 5559/14048 5480/13797 5569/14054
vt 0.43502 0.75134
f 5477/13711 5614/14068 5531/14036
vt 0.71347 0.28781
f 5473/13869 5494/13970 5575/14069
vt 0.61462 0.57148
f 5509/13724 5552/14070 5545/13881
f 5485/14050 5542/14056 5520/14060
vt 0.97657 0.84968
vt 0.97577 0.84902
vt 0.97677 0.84849
f 5523/14071 5528/14072 5539/14073
vt 0.70961 0.28263
f 5499/13978 5540/14049 5678/14074
vt 0.32527 0.72170
f 5538/14038 5537/14075 5521/14039
vt 0.32358 0.72177
f 5538/14038 5520/14060 5549/14076
f 5491/13904 5553/14028 5540/14049
vt 0.76314 0.30622
f 5516/13746 5559/14048 5582/14077
vt 0.90339 0.82176
f 5499/14030 5678/14078 5562/14031
vt 0.42341 0.45574
f 5533/13823 5532/13855 5551/14079
vt 0.97042 0.34799
vt 0.97020 0.34759
vt 0.97116 0.34717
f 5544/14080 5558/14081 5492/14082
vt 0.81415 0.70308
f 5529/13924 5492/14024 5546/14083
vt 0.96349 0.06585
vt 0.96316 0.06600
f 5542/14067 5549/14084 5520/14085
f 5514/13853 5547/14034 5513/14004
vt 0.97023 0.34669
f 5492/14082 5558/14081 5546/14086
vt 0.35660 0.36790
f 5428/13266 5592/14087 5555/13968
vt 0.43608 0.75447
f 5535/14088 5614/14068 5526/13954
f 5505/12867 5554/13715 5543/13929
f 5534/14042 5531/14036 5541/13995
vt 0.90033 0.81977
f 5530/14032 5562/14031 5535/14089
f 5428/13266 5606/13943 5592/14087
f 5473/13869 5575/14069 5553/14028
f 5538/14038 5549/14076 5537/14075
vt 0.76247 0.30277
f 5569/14054 5529/13852 5546/14090
vt 0.85558 0.86501
f 5544/13910 5557/14035 5558/14091
vt 0.93479 0.70674
vt 0.93519 0.70632
f 5542/14092 5525/14033 5549/14093
f 5477/13711 5526/13954 5614/14068
f 5525/14033 5537/13945 5549/14093
vt 0.93653 0.26980
vt 0.93736 0.26973
vt 0.93695 0.27215
f 5494/14094 5548/14095 5575/14096
f 5509/13724 5580/13813 5552/14070
f 5533/13823 5551/14079 5571/14043
vt 0.61652 0.58183
f 5513/14004 5590/14097 5573/13994
vt 0.42207 0.45302
f 5532/13855 5545/13949 5591/14098
f 5532/13855 5591/14098 5551/14079
vt 0.41904 0.45338
f 5545/13949 5552/14099 5591/14098
vt 0.33533 0.37017
f 5548/13940 5490/13934 5575/14100
vt 0.33733 0.37035
f 5556/14017 5568/14101 5490/13934
f 5475/13640 5498/14018 5580/13813
vt 0.34685 0.37059
f 5543/13929 5554/13715 5560/14102
vt 0.36572 0.36782
f 5474/13260 5651/14103 5566/13928
vt 0.85586 0.86364
vt 0.85712 0.86136
vt 0.85692 0.86311
f 5558/14104 5563/14105 5546/14106
vt 0.85599 0.86105
f 5558/14104 5579/14107 5563/14105
vt 0.61545 0.57977
f 5498/14018 5573/13994 5633/14108
vt 0.34371 0.37026
f 5543/13929 5607/14109 5556/14017
vt 0.70993 0.28487
f 5540/14049 5587/14110 5678/14074
vt 0.93354 0.43975
vt 0.93380 0.44156
vt 0.93290 0.44104
f 5585/14111 5589/14112 5563/14113
vt 0.43876 0.74355
vt 0.43678 0.74247
f 5557/14114 5541/13995 5608/14115
vt 0.43371 0.75483
f 5535/14088 5622/14116 5614/14068
f 5498/14018 5633/14108 5580/13813
vt 0.89939 0.86210
vt 0.90067 0.86317
vt 0.89946 0.86312
f 5576/14117 5513/14118 5547/14119
vt 0.43488 0.74548
f 5541/13995 5531/14036 5635/14120
vt 0.93225 0.44248
vt 0.93343 0.44307
f 5546/14121 5589/14112 5569/14122
f 5546/14121 5563/14113 5589/14112
f 5540/14049 5553/14028 5587/14110
vt 0.89993 0.85831
vt 0.90103 0.85835
vt 0.90097 0.86041
f 5561/14123 5570/14124 5565/14125
vt 0.89936 0.85913
f 5561/14123 5565/14125 5577/14126
vt 0.89942 0.86005
f 5576/14117 5596/14127 5565/14125
vt 0.33926 0.37014
f 5556/14017 5587/14128 5568/14101
f 5577/14126 5565/14125 5596/14127
vt 0.76326 0.30459
f 5582/14077 5559/14048 5599/14129
vt 0.90368 0.82365
vt 0.90173 0.82393
f 5678/14078 5564/14130 5616/14131
f 5678/14078 5616/14131 5562/14031
f 5576/14117 5565/14125 5513/14118
vt 0.98150 0.64037
vt 0.98190 0.64136
vt 0.98111 0.64070
f 5588/14132 5578/14133 5570/14134
vt 0.90780 0.23071
vt 0.90627 0.23108
vt 0.90676 0.23037
f 5561/14135 5577/14136 5583/14137
vt 0.61834 0.58334
f 5513/14004 5598/14138 5590/14097
vt 0.90011 0.85763
vt 0.90084 0.85651
f 5570/14124 5561/14139 5586/14140
vt 0.70883 0.28351
f 5678/14074 5587/14110 5564/14141
vt 0.94601 0.50392
vt 0.94524 0.50490
vt 0.94534 0.50384
f 5561/14142 5583/14143 5586/14144
vt 0.36912 0.36706
f 5474/13260 5567/14041 5640/14145
vt 0.35192 0.37088
f 5555/13968 5647/14146 5554/13715
vt 0.93465 0.43982
f 5589/14112 5585/14111 5581/14147
f 5490/13934 5568/14101 5575/14100
vt 0.34167 0.36970
f 5556/14017 5607/14109 5564/14148
vt 0.76266 0.30843
f 5516/13746 5582/14077 5572/14149
f 5556/14017 5564/14148 5587/14128
vt 0.90140 0.85925
vt 0.90180 0.85960
vt 0.90161 0.85986
f 5570/14150 5578/14151 5574/14152
vt 0.93258 0.44436
vt 0.93449 0.44362
vt 0.93336 0.44447
f 5559/14153 5601/14154 5599/14155
vt 0.99312 0.64446
vt 0.99327 0.64474
vt 0.99312 0.64498
f 5559/14156 5569/14157 5601/14158
f 5570/14124 5574/14152 5565/14125
vt 0.90657 0.23282
vt 0.90520 0.23157
vt 0.90623 0.23131
f 5596/14159 5601/14160 5577/14161
vt 0.89934 0.82201
f 5535/14089 5562/14031 5622/14162
vt 0.42532 0.45438
f 5551/14079 5595/14163 5571/14043
vt 0.89992 0.85461
vt 0.90121 0.85463
f 5594/14164 5612/14165 5586/14140
f 5531/14036 5614/14068 5635/14120
vt 0.79193 0.14624
vt 0.79093 0.14397
vt 0.79245 0.14481
f 5557/14166 5611/14167 5558/14168
vt 0.94566 0.50610
vt 0.94506 0.50687
vt 0.94363 0.50606
f 5577/14169 5601/14170 5619/14171
vt 0.90720 0.23539
vt 0.90737 0.23648
vt 0.90492 0.23580
f 5576/14172 5547/14173 5603/14174
vt 0.32225 0.88233
vt 0.32268 0.88166
vt 0.32314 0.88219
f 5570/14175 5586/14176 5593/14177
vt 0.90145 0.86276
f 5513/14118 5565/14125 5598/14178
vt 0.85797 0.86004
f 5563/14105 5579/14107 5585/14179
vt 0.98782 0.08713
vt 0.98773 0.08745
vt 0.98742 0.08771
f 5569/14180 5600/14181 5601/14182
vt 0.24545 0.95998
vt 0.24583 0.96186
vt 0.24518 0.96202
f 5594/14183 5586/14184 5583/14185
vt 0.62080 0.58679
vt 0.61886 0.58553
f 5510/13998 5572/14186 5602/14187
vt 0.90193 0.86148
f 5565/14125 5584/14188 5598/14178
vt 0.93648 0.27458
vt 0.93765 0.27423
f 5553/14189 5575/14096 5568/14190
vt 0.93717 0.27523
f 5553/14189 5568/14190 5587/14191
vt 0.61313 0.57335
f 5580/13813 5643/14192 5552/14070
vt 0.37525 0.36461
f 5571/13974 5595/14193 5550/13716
vt 0.98076 0.84116
vt 0.98030 0.84221
vt 0.97996 0.84151
f 5578/14194 5618/14195 5574/14196
f 5550/13716 5595/14193 5567/14041
f 5474/13260 5640/14145 5651/14103
f 5543/13929 5560/14102 5607/14109
vt 0.97502 0.69663
vt 0.97513 0.69811
vt 0.97423 0.69693
f 5570/14197 5593/14198 5588/14199
vt 0.90195 0.86048
f 5565/14125 5574/14200 5584/14188
vt 0.53848 0.96176
vt 0.53852 0.95988
vt 0.53946 0.96248
f 5589/14201 5581/14202 5600/14203
f 5541/13995 5635/14120 5608/14115
vt 0.53868 0.96233
f 5589/14201 5600/14203 5569/14204
vt 0.94517 0.97600
vt 0.94518 0.97706
vt 0.94426 0.97648
f 5510/14205 5602/14206 5547/14207
vt 0.35480 0.36911
f 5555/13968 5592/14087 5605/14208
vt 0.90176 0.85708
f 5612/14165 5593/14209 5586/14140
vt 0.79216 0.14372
vt 0.79150 0.14208
f 5558/14210 5611/14167 5579/14211
f 5577/14169 5619/14171 5583/14143
vt 0.90309 0.82483
f 5564/14130 5641/14212 5616/14131
vt 0.85664 0.85946
f 5585/14179 5579/14107 5597/14213
vt 0.90610 0.23664
f 5547/14173 5602/14214 5603/14174
vt 0.61878 0.58683
f 5572/14186 5620/14215 5602/14187
f 5576/14172 5603/14174 5596/14159
vt 0.37362 0.36635
f 5567/14041 5595/14193 5639/14216
vt 0.24397 0.96101
f 5583/14185 5609/14217 5594/14183
vt 0.42121 0.45130
f 5552/14099 5643/14218 5591/14098
vt 0.79154 0.14609
vt 0.79050 0.14654
f 5557/14219 5608/14220 5611/14167
vt 0.34258 0.37171
f 5564/14148 5607/14109 5641/14221
vt 0.96719 0.75591
vt 0.96649 0.75783
vt 0.96619 0.75644
f 5585/14222 5597/14223 5581/14224
vt 0.32122 0.88322
vt 0.32305 0.88345
vt 0.32239 0.88481
f 5578/14225 5624/14226 5618/14227
vt 0.32168 0.88274
f 5578/14225 5588/14228 5624/14226
vt 0.32200 0.88522
vt 0.32264 0.88726
f 5574/14229 5618/14227 5584/14230
f 5573/13994 5590/14097 5633/14108
vt 0.94739 0.54792
vt 0.94731 0.54599
vt 0.94869 0.54754
f 5572/14231 5582/14232 5620/14233
f 5551/14079 5591/14098 5595/14163
vt 0.53955 0.96020
f 5581/14202 5597/14234 5600/14203
vt 0.61365 0.57682
f 5580/13813 5633/14108 5626/14235
vt 0.37193 0.36757
f 5567/14041 5621/14236 5640/14145
vt 0.24421 0.96253
f 5619/14237 5609/14217 5583/14185
vt 0.90482 0.23394
f 5596/14159 5603/14174 5617/14238
vt 0.96933 0.72127
vt 0.96856 0.72290
vt 0.96812 0.72145
f 5594/14239 5604/14240 5612/14241
f 5554/13715 5647/14146 5560/14102
vt 0.43300 0.75185
f 5614/14068 5622/14116 5627/14242
f 5562/14031 5616/14131 5622/14162
vt 0.94424 0.50756
f 5601/14170 5600/14243 5619/14171
vt 0.94752 0.54401
vt 0.94838 0.54638
f 5582/14232 5599/14244 5615/14245
vt 0.90528 0.23720
f 5602/14214 5631/14246 5603/14174
vt 0.90471 0.23279
f 5596/14159 5617/14238 5625/14247
f 5567/14041 5639/14216 5621/14236
f 5582/14232 5615/14245 5620/14233
f 5580/13813 5626/14235 5643/14192
vt 0.35929 0.37106
f 5592/14087 5606/13943 5662/14248
vt 0.32198 0.88811
vt 0.32389 0.88809
f 5598/14249 5584/14230 5638/14250
vt 0.78991 0.14226
f 5579/14211 5611/14167 5600/14251
vt 0.78982 0.14494
f 5611/14167 5608/14220 5610/14252
vt 0.96953 0.72286
f 5594/14239 5609/14253 5604/14240
vt 0.96925 0.30475
vt 0.96948 0.30619
vt 0.96840 0.30551
f 5601/14254 5625/14255 5599/14256
vt 0.90509 0.23223
f 5596/14159 5625/14247 5601/14257
vt 0.78911 0.14688
f 5608/14220 5613/14258 5610/14252
vt 0.79071 0.13997
f 5579/14211 5600/14251 5597/14259
f 5605/14208 5647/14146 5555/13968
vt 0.32344 0.87931
vt 0.32459 0.88133
f 5612/14260 5629/14261 5593/14177
vt 0.61788 0.58577
f 5602/14187 5620/14215 5631/14262
vt 0.78917 0.14418
f 5610/14252 5599/14263 5611/14167
vt 0.32494 0.87986
f 5612/14260 5604/14264 5629/14261
vt 0.42518 0.45206
f 5595/14163 5591/14098 5639/14265
vt 0.78887 0.14610
vt 0.78906 0.14532
f 5610/14252 5615/14266 5599/14267
f 5610/14252 5613/14258 5615/14266
f 5588/14228 5593/14177 5624/14226
vt 0.35578 0.36977
f 5605/14208 5592/14087 5642/14268
vt 0.78899 0.14859
vt 0.78822 0.14982
vt 0.78810 0.14880
f 5636/14269 5648/14270 5620/14271
vt 0.36344 0.37029
f 5566/13928 5651/14103 5652/14272
vt 0.78777 0.14011
vt 0.78774 0.14238
vt 0.78673 0.14105
f 5609/14273 5619/14274 5629/14275
vt 0.78926 0.15024
f 5636/14269 5634/14276 5648/14270
vt 0.78792 0.14361
f 5600/14251 5611/14167 5625/14277
vt 0.94349 0.50697
f 5600/14243 5625/14278 5619/14171
vt 0.35450 0.37026
f 5605/14208 5637/14279 5647/14146
vt 0.89969 0.41310
vt 0.90022 0.41321
vt 0.89997 0.41430
f 5613/14280 5608/14281 5636/14282
vt 0.32438 0.88465
f 5618/14227 5632/14283 5584/14230
vt 0.78873 0.14752
f 5636/14269 5620/14271 5613/14284
vt 0.61692 0.58462
f 5598/14138 5638/14285 5590/14097
vt 0.43503 0.74265
f 5635/14120 5623/14286 5608/14115
vt 0.98672 0.05430
vt 0.98735 0.05461
vt 0.98672 0.05502
f 5618/14287 5624/14288 5632/14289
vt 0.97036 0.11919
vt 0.97077 0.11975
vt 0.97044 0.12134
f 5615/14290 5613/14291 5620/14292
f 5593/14177 5629/14261 5624/14226
f 5599/14263 5625/14277 5611/14167
f 5566/13928 5652/14272 5606/13943
vt 0.83655 0.84538
vt 0.83350 0.84568
vt 0.83462 0.84295
f 5622/14293 5616/14294 5644/14295
f 5606/13943 5652/14272 5662/14248
vt 0.78885 0.15186
vt 0.78823 0.15190
f 5634/14276 5605/14296 5642/14297
f 5634/14276 5642/14297 5648/14270
vt 0.61638 0.58830
f 5631/14262 5620/14215 5628/14298
vt 0.83697 0.84260
f 5622/14293 5644/14295 5627/14299
vt 0.90035 0.41661
vt 0.90124 0.41818
vt 0.90004 0.41803
f 5634/14300 5637/14301 5605/14302
vt 0.90140 0.41319
f 5608/14281 5623/14303 5636/14282
vt 0.78653 0.13948
f 5609/14273 5629/14275 5604/14304
vt 0.78732 0.14526
vt 0.78589 0.14315
f 5617/14305 5630/14306 5625/14277
f 5584/14230 5632/14283 5638/14250
vt 0.32487 0.88358
f 5624/14226 5629/14261 5630/14307
vt 0.83181 0.84462
f 5616/14294 5641/14308 5644/14295
vt 0.78671 0.14846
vt 0.78577 0.14805
vt 0.78732 0.14726
f 5631/14309 5638/14310 5603/14311
f 5624/14226 5630/14307 5632/14283
vt 0.43305 0.74766
f 5614/14068 5654/14312 5635/14120
f 5614/14068 5627/14242 5654/14312
vt 0.61769 0.58827
f 5620/14215 5648/14313 5628/14298
f 5631/14262 5628/14298 5638/14285
f 5625/14277 5630/14306 5619/14274
vt 0.61352 0.58006
f 5633/14108 5656/14314 5626/14235
vt 0.61443 0.58499
f 5638/14285 5650/14315 5590/14097
vt 0.90265 0.41540
vt 0.90116 0.41603
f 5636/14282 5663/14316 5634/14317
f 5603/14311 5638/14310 5617/14305
vt 0.78625 0.14482
f 5617/14305 5638/14310 5632/14318
f 5617/14305 5632/14318 5630/14306
f 5662/14248 5642/14268 5592/14087
vt 0.42334 0.44971
f 5591/14098 5643/14319 5639/14265
f 5638/14285 5628/14298 5650/14315
f 5629/14275 5619/14274 5630/14306
f 5636/14282 5623/14303 5663/14316
vt 0.34529 0.37242
f 5607/14109 5646/14320 5641/14221
f 5607/14109 5560/14102 5646/14320
vt 0.61233 0.57500
vt 0.61145 0.57693
f 5643/14321 5626/14235 5661/14322
vt 0.34773 0.37271
f 5560/14102 5647/14146 5645/14323
vt 0.83181 0.84170
f 5641/14308 5646/14324 5644/14295
vt 0.83636 0.83881
f 5644/14295 5654/14325 5627/14299
vt 0.42509 0.44930
f 5639/14265 5643/14319 5621/14326
vt 0.61421 0.58181
f 5590/14097 5655/14327 5633/14108
vt 0.43318 0.74369
f 5623/14286 5635/14120 5653/14328
vt 0.83304 0.83894
f 5644/14295 5646/14324 5649/14329
f 5560/14102 5645/14323 5646/14320
f 5644/14295 5649/14329 5654/14325
f 5633/14108 5655/14327 5656/14314
vt 0.35456 0.37222
f 5647/14146 5637/14279 5665/14330
vt 0.90358 0.41346
f 5623/14303 5653/14331 5663/14316
f 5634/14300 5663/14316 5637/14301
vt 0.42482 0.44782
f 5643/14319 5661/14332 5621/14326
vt 0.83152 0.83947
f 5646/14324 5645/14333 5649/14329
f 5635/14120 5654/14312 5653/14328
vt 0.61284 0.57963
f 5656/14314 5660/14334 5626/14235
f 5590/14097 5650/14315 5655/14327
vt 0.04563 0.96253
vt 0.04421 0.96180
vt 0.04562 0.96029
f 5642/14335 5664/14336 5648/14337
vt 0.36941 0.36922
f 5640/14145 5621/14236 5661/14338
vt 0.61214 0.57856
f 5626/14235 5660/14334 5659/14339
f 5626/14235 5659/14339 5661/14322
vt 0.83488 0.83563
f 5649/14329 5658/14340 5654/14325
vt 0.36734 0.36973
f 5640/14145 5661/14338 5659/14341
f 5640/14145 5659/14341 5651/14103
vt 0.36571 0.37005
f 5651/14103 5659/14341 5660/14342
vt 0.83676 0.83554
f 5653/14343 5654/14325 5658/14340
f 5651/14103 5660/14342 5652/14272
vt 0.13630 0.96016
vt 0.13781 0.96010
vt 0.13741 0.96115
f 5656/14344 5652/14345 5660/14346
vt 0.35032 0.37307
f 5647/14146 5657/14347 5645/14323
vt 0.93645 0.65812
vt 0.93797 0.65890
vt 0.93581 0.65911
f 5648/14348 5664/14349 5628/14350
vt 0.41178 0.93422
vt 0.41102 0.93401
vt 0.41277 0.93343
f 5656/14351 5655/14352 5652/14353
vt 0.35313 0.37324
f 5647/14146 5665/14330 5667/14354
vt 0.90301 0.41847
f 5637/14301 5663/14316 5665/14355
vt 0.35685 0.37237
f 5642/14268 5662/14248 5664/14356
vt 0.41042 0.93144
vt 0.41257 0.93134
f 5655/14352 5650/14357 5668/14358
f 5647/14146 5667/14354 5657/14347
vt 0.83184 0.83641
f 5658/14340 5649/14329 5657/14359
f 5645/14333 5657/14359 5649/14329
vt 0.36158 0.37189
f 5662/14248 5652/14272 5668/14360
vt 0.90447 0.41552
f 5653/14331 5658/14361 5663/14316
vt 0.61428 0.58699
f 5650/14315 5628/14298 5670/14362
f 5655/14352 5668/14358 5652/14353
vt 0.35810 0.37272
f 5662/14248 5666/14363 5664/14356
vt 0.90444 0.41825
f 5663/14316 5658/14361 5667/14364
vt 0.83180 0.83495
f 5658/14340 5657/14359 5667/14365
f 5663/14316 5667/14364 5665/14355
vt 0.93815 0.66094
f 5664/14349 5666/14366 5628/14350
vt 0.93677 0.66165
f 5628/14350 5666/14366 5670/14367
vt 0.35959 0.37310
f 5662/14248 5669/14368 5666/14363
vt 0.41075 0.92920
f 5650/14357 5670/14369 5668/14358
f 5662/14248 5668/14360 5669/14368
vt 0.41260 0.92926
f 5668/14358 5670/14369 5669/14370
vt 0.93865 0.66190
f 5666/14366 5669/14371 5670/14367
f 5671/496 242/609 163/488
vt 0.81424 0.09719
f 5671/496 5672/14372 242/609
vt 0.57775 0.90251
vt 0.57676 0.90413
f 5671/14373 5673/884 5672/14374
vt 0.98842 0.26991
vt 0.98808 0.27062
vt 0.98807 0.27011
f 403/14375 308/14376 283/14377
vt 0.98842 0.27091
f 403/14375 368/14378 308/14376
vt 0.97330 0.95918
vt 0.97205 0.96003
f 5674/14379 590/1698 472/14380
f 5674/14379 554/1699 590/1698
vt 0.98324 0.54747
vt 0.98385 0.54827
vt 0.98332 0.54892
f 5674/14381 5675/14382 554/14383
vt 0.94789 0.76770
vt 0.94711 0.76734
f 671/14384 748/2075 760/14385
vt 0.95379 0.63883
f 1330/3507 1377/14386 1333/3621
vt 0.22614 0.93170
f 1438/14387 1431/3772 1421/3774
f 1438/14387 1466/3923 1431/3772
f 1438/14387 1548/3920 1466/3923
f 1438/14387 1454/3798 1548/3920
vt 0.89716 0.10428
f 4903/14388 4969/12509 5677/12397
vt 0.98478 0.74278
vt 0.98478 0.74409
vt 0.98422 0.74362
f 4903/14389 4996/14390 4969/14391
vt 0.97388 0.26410
vt 0.97520 0.26438
vt 0.97504 0.26573
f 4903/14392 5014/14393 4996/14394
vt 0.45013 0.93148
f 5679/14395 613/1812 663/1811
vt 0.44832 0.93075
f 5679/14395 601/14396 613/1812
f 5679/14395 702/2186 601/14396
vt 0.98867 0.21310
vt 0.98910 0.21328
vt 0.98894 0.21353
f 5679/14397 668/14398 667/14399
vt 0.99085 0.74177
vt 0.99085 0.74235
vt 0.99058 0.74211
f 5679/14400 716/14401 668/14402
vt 0.98422 0.90327
vt 0.98476 0.90350
vt 0.98427 0.90441
f 5679/14403 663/14404 772/14405
vt 0.98867 0.64543
vt 0.98902 0.64605
vt 0.98868 0.64613
f 5679/14406 704/14407 716/14408
vt 0.99247 0.31556
vt 0.99261 0.31607
vt 0.99247 0.31630
f 5679/14409 667/14410 704/14411
f 5679/14395 743/2185 704/2184
f 5679/14395 704/2184 702/2186
vt 0.45092 0.93292
f 5679/14395 772/14412 743/2185
vt 0.32281 0.29476
f 5684/14413 1085/2813 928/2631
f 5684/14413 928/2631 1122/2761
f 5684/14413 1106/2877 1062/2860
f 5684/14413 1062/2860 1085/2813
vt 0.31253 0.28433
f 5684/14413 5680/14414 1106/2877
f 5684/14413 1122/2761 1183/3056
vt 0.31195 0.28649
f 5684/14413 5681/14415 5680/14414
vt 0.31164 0.28749
f 5684/14413 1243/3292 5681/14416
f 5684/14413 1183/3056 1261/3249
f 5684/14413 1304/3293 1243/3292
f 5684/14413 1261/3249 1282/3361
f 5684/14413 1337/3515 1304/3293
f 5684/14413 1646/3748 1337/3675
f 5684/14413 1282/3361 1491/3932
f 5684/14413 1491/3932 1848/4565
f 5684/14413 1972/4430 1646/3748
f 5684/14413 1848/4565 2082/5204
f 5684/14413 2040/5352 1972/4430
f 5684/14413 2177/5452 5682/5451
vt 0.69472 0.97548
vt 0.69494 0.98629
vt 0.69472 0.98647
f 5684/14417 5682/14418 2081/14419
f 5684/14413 2081/5453 2040/5352
f 5684/14413 2082/5204 2293/5473
f 5684/14413 2328/5765 2177/5452
f 5684/14413 5683/6130 2328/5765
f 5684/14413 2293/5473 2469/6180
vt 0.98518 0.43952
vt 0.98518 0.45022
vt 0.98511 0.44984
f 5684/14420 5685/14421 5683/14422
vt 0.96395 0.05078
vt 0.96395 0.06535
vt 0.96359 0.06498
f 5684/14423 2441/14424 5685/14425
f 5684/14413 2663/6448 2441/6121
f 5684/14413 2469/6180 2611/6683
f 5684/14413 2611/6683 2663/6448

