
v 0.7934 0.1299 -0.0901
v 0.7934 0.1311 -0.0869
v 0.7943 0.1303 -0.0816
v 0.7934 0.1248 -0.0882
v 0.7943 0.1383 -0.0816
v 0.7941 0.1223 -0.0818
v 0.7936 0.1381 -0.0892
v 0.7943 0.1401 -0.0917
v 0.7941 0.1179 -0.09
v 0.7948 0.1314 -0.0927
v 0.7944 0.1212 -0.0918
v 0.7942 0.1242 -0.0918
v 0.7956 0.1379 -0.093
v 0.7942 0.1351 -0.0921
v 0.7941 0.1421 -0.0854
v 0.796 0.1198 -0.0927
v 0.7954 0.1453 -0.0834
v 0.7946 0.1279 -0.0924
v 0.7957 0.1159 -0.0923
v 0.7958 0.1461 -0.0918
v 0.7946 0.143 -0.0915
v 0.795 0.1116 -0.0886
v 0.7954 0.1422 -0.0818
v 0.7949 0.1134 -0.082
v 0.795 0.151 -0.0828
v 0.7952 0.1504 -0.0877
v 0.7971 0.1087 -0.0921
v 0.7951 0.1507 -0.0928
v 0.7956 0.1473 -0.0852
v 0.7959 0.155 -0.0825
v 0.7971 0.1089 -0.0812
v 0.7987 0.1416 -0.081
v 0.796 0.147 -0.081
v 0.7958 0.1123 -0.092
v 0.797 0.1574 -0.0893
v 0.7969 0.1019 -0.0788
v 0.7968 0.1006 -0.0891
v 0.7961 0.1053 -0.0835
v 0.7963 0.108 -0.0846
v 0.7965 0.1041 -0.0891
v 0.7994 0.0959 -0.0823
v 0.7969 0.1063 -0.091
v 0.7981 0.0993 -0.0942
v 0.7947 0.1177 -0.0818
v 0.7981 0.1246 -0.093
v 0.7971 0.1349 -0.093
v 0.7966 0.1508 -0.0786
v 0.7977 0.1043 -0.0938
v 0.7985 0.1618 -0.085
v 0.7967 0.1551 -0.0943
v 0.8 0.1448 -0.0946
v 0.7992 0.1173 -0.093
v 0.7986 0.1209 -0.0811
v 0.7981 0.13 -0.0932
v 0.7976 0.1593 -0.0808
v 0.8 0.0952 -0.0922
v 0.8001 0.0988 -0.0785
v 0.7982 0.1564 -0.0792
v 0.798 0.127 -0.0809
v 0.7983 0.1344 -0.081
v 0.8004 0.1062 -0.0937
v 0.8001 0.1124 -0.093
v 0.7981 0.1409 -0.0933
v 0.7982 0.1608 -0.0926
v 0.8001 0.1258 -0.0776
v 0.8008 0.1189 -0.078
v 0.8004 0.1424 -0.0785
v 0.7983 0.1017 -0.0949
v 0.8005 0.1015 -0.0952
v 0.8001 0.164 -0.094
v 0.8008 0.1086 -0.0805
v 0.7999 0.1146 -0.0812
v 0.8004 0.1646 -0.0803
v 0.8008 0.1677 -0.083
v 0.8015 0.1198 -0.097
v 0.8024 0.1262 -0.0745
v 0.8003 0.1333 -0.077
v 0.8004 0.1395 -0.0967
v 0.8007 0.1681 -0.091
v 0.799 0.1494 -0.0953
v 0.8005 0.1352 -0.0976
v 0.804 0.0972 -0.0946
v 0.8005 0.1286 -0.0974
v 0.8013 0.1571 -0.0948
v 0.801 0.1611 -0.0794
v 0.8019 0.1521 -0.0962
v 0.8013 0.1381 -0.0757
v 0.8031 0.1101 -0.0953
v 0.8049 0.1 -0.0796
v 0.8028 0.1732 -0.0845
v 0.8035 0.1272 -0.1003
v 0.8024 0.092 -0.0801
v 0.8006 0.1475 -0.0791
v 0.8028 0.1681 -0.0945
v 0.803 0.1386 -0.1003
v 0.8021 0.1426 -0.0753
v 0.8022 0.1535 -0.0789
v 0.8035 0.105 -0.094
v 0.804 0.1638 -0.0944
v 0.8036 0.1332 -0.1009
v 0.8027 0.1728 -0.0914
v 0.804 0.113 -0.0977
v 0.8052 0.1629 -0.0799
v 0.8024 0.1819 -0.0894
v 0.8023 0.1826 -0.0845
v 0.8039 0.1869 -0.0829
v 0.8046 0.1201 -0.1
v 0.8019 0.0913 -0.0887
v 0.8039 0.1333 -0.0725
v 0.802 0.1464 -0.0981
v 0.8038 0.1094 -0.0773
v 0.8026 0.1429 -0.0993
v 0.8034 0.1003 -0.0944
v 0.8047 0.1593 -0.0786
v 0.8026 0.184 -0.0935
v 0.8042 0.1487 -0.074
v 0.8049 0.1436 -0.1015
v 0.805 0.1887 -0.0768
v 0.8048 0.1726 -0.0948
v 0.8083 0.1878 -0.0862
v 0.8032 0.121 -0.0744
v 0.8033 0.1699 -0.0799
v 0.8048 0.1497 -0.1006
v 0.8045 0.0964 -0.0795
v 0.8027 0.1147 -0.0766
v 0.8053 0.1368 -0.0716
v 0.8042 0.1443 -0.0732
v 0.8048 0.178 -0.0895
v 0.8053 0.1784 -0.0929
v 0.8048 0.1554 -0.0992
v 0.8028 0.1836 -0.0812
v 0.8038 0.0908 -0.0943
v 0.806 0.1139 -0.0737
v 0.8047 0.1778 -0.0839
v 0.8036 0.1862 -0.0905
v 0.8052 0.1031 -0.0787
v 0.8043 0.16 -0.0954
v 0.8045 0.1869 -0.0977
v 0.8056 0.0851 -0.0905
v 0.8065 0.1454 -0.1025
v 0.8078 0.1889 -0.0728
v 0.8056 0.1812 -0.0972
v 0.8072 0.1307 -0.1031
v 0.8046 0.1848 -0.0766
v 0.8054 0.1268 -0.0717
v 0.808 0.1696 -0.0796
v 0.8069 0.0871 -0.0946
v 0.807 0.1208 -0.0714
v 0.8076 0.1482 -0.071
v 0.8087 0.0919 -0.0794
v 0.8062 0.1422 -0.0713
v 0.8071 0.084 -0.0852
v 0.8078 0.1605 -0.0739
v 0.8098 0.1121 -0.0718
v 0.8077 0.1079 -0.0743
v 0.8109 0.1369 -0.0685
v 0.8075 0.1606 -0.1002
v 0.8064 0.0862 -0.0792
v 0.8067 0.1866 -0.1012
v 0.8053 0.1732 -0.0793
v 0.8086 0.1881 -0.0946
v 0.8091 0.188 -0.0816
v 0.8065 0.1086 -0.0981
v 0.8092 0.117 -0.1022
v 0.8067 0.1677 -0.095
v 0.8078 0.1911 -0.101
v 0.8079 0.151 -0.1028
v 0.808 0.098 -0.0792
v 0.8116 0.0833 -0.0826
v 0.8086 0.0946 -0.0939
v 0.8074 0.1396 -0.1033
v 0.8096 0.1735 -0.0956
v 0.8061 0.1552 -0.0737
v 0.8068 0.1002 -0.0945
v 0.8077 0.1141 -0.1007
v 0.8103 0.1841 -0.0723
v 0.809 0.1047 -0.0983
v 0.809 0.1813 -0.0745
v 0.8076 0.1767 -0.096
v 0.8071 0.1248 -0.1025
v 0.8105 0.147 -0.1044
v 0.8089 0.1675 -0.0764
v 0.8098 0.0813 -0.0903
v 0.8078 0.1663 -0.0979
v 0.8116 0.191 -0.1047
v 0.8086 0.1801 -0.0999
v 0.8106 0.1641 -0.0726
v 0.808 0.1919 -0.0751
v 0.8103 0.1938 -0.103
v 0.8088 0.1395 -0.0695
v 0.8075 0.1778 -0.0782
v 0.8121 0.1918 -0.0977
v 0.8111 0.0954 -0.078
v 0.8103 0.1887 -0.0924
v 0.8096 0.1945 -0.0856
v 0.8139 0.1853 -0.0707
v 0.81 0.1738 -0.0787
v 0.8108 0.1531 -0.0698
v 0.8107 0.194 -0.0816
v 0.8117 0.1203 -0.1037
v 0.8121 0.1931 -0.0706
v 0.8119 0.1228 -0.0689
v 0.8155 0.1402 -0.106
v 0.8099 0.1913 -0.0904
v 0.8127 0.0985 -0.0752
v 0.8107 0.1273 -0.1041
v 0.8105 0.1654 -0.101
v 0.8128 0.1966 -0.0799
v 0.8104 0.1975 -0.0891
v 0.8094 0.1562 -0.1029
v 0.8124 0.1783 -0.0777
v 0.8105 0.1441 -0.069
v 0.8116 0.0957 -0.0954
v 0.8118 0.1819 -0.1024
v 0.8125 0.1857 -0.1044
v 0.8101 0.1339 -0.1044
v 0.8118 0.1005 -0.0982
v 0.8121 0.0923 -0.0791
v 0.8113 0.1016 -0.0746
v 0.8116 0.0908 -0.0935
v 0.8108 0.1094 -0.101
v 0.8147 0.1282 -0.1054
v 0.8098 0.1286 -0.0692
v 0.8121 0.1776 -0.0967
v 0.8105 0.118 -0.0702
v 0.8121 0.2001 -0.0839
v 0.8131 0.0879 -0.0798
v 0.813 0.1695 -0.1018
v 0.8122 0.1945 -0.0937
v 0.8152 0.0921 -0.0957
v 0.8123 0.1717 -0.0742
v 0.8146 0.1948 -0.0965
v 0.8123 0.0835 -0.0925
v 0.8142 0.142 -0.0676
v 0.8154 0.1451 -0.0674
v 0.8118 0.1519 -0.1045
v 0.8125 0.1926 -0.0777
v 0.8147 0.2017 -0.0815
v 0.812 0.1577 -0.0699
v 0.8126 0.1978 -0.1035
v 0.8123 0.1611 -0.1035
v 0.8167 0.102 -0.0721
v 0.8151 0.1234 -0.1051
v 0.8175 0.0793 -0.0925
v 0.814 0.1281 -0.0679
v 0.8117 0.1423 -0.105
v 0.8144 0.1468 -0.1057
v 0.8157 0.0906 -0.0776
v 0.8132 0.1337 -0.0678
v 0.8156 0.1057 -0.1017
v 0.8141 0.1681 -0.0713
v 0.8122 0.1961 -0.0737
v 0.8131 0.1995 -0.0925
v 0.8162 0.117 -0.1044
v 0.8131 0.1954 -0.1002
v 0.8162 0.1994 -0.0955
v 0.8168 0.1984 -0.0996
v 0.8156 0.1109 -0.1031
v 0.8144 0.2035 -0.0876
v 0.8154 0.0883 -0.0936
v 0.8151 0.1797 -0.0991
v 0.8174 0.1444 -0.1063
v 0.8151 0.15 -0.1057
v 0.8151 0.1822 -0.0754
v 0.8138 0.0767 -0.0907
v 0.8161 0.1982 -0.0774
v 0.814 0.1062 -0.0717
v 0.8139 0.1743 -0.1006
v 0.8181 0.1579 -0.0677
v 0.8144 0.1948 -0.1059
v 0.8173 0.1738 -0.0712
v 0.8149 0.1775 -0.0748
v 0.8145 0.085 -0.0817
v 0.8166 0.1827 -0.0996
v 0.8175 0.2036 -0.0927
v 0.8157 0.1222 -0.068
v 0.8177 0.1373 -0.0668
v 0.8136 0.1479 -0.0681
v 0.8159 0.1577 -0.1054
v 0.8167 0.2003 -0.0737
v 0.8165 0.2021 -0.1021
v 0.8178 0.1087 -0.0698
v 0.8148 0.1983 -0.0703
v 0.8169 0.0961 -0.0742
v 0.8157 0.1177 -0.0685
v 0.8209 0.1306 -0.1065
v 0.8181 0.1324 -0.0669
v 0.8161 0.1525 -0.0677
v 0.8182 0.1707 -0.1042
v 0.8144 0.0765 -0.0835
v 0.819 0.2069 -0.0884
v 0.8191 0.2008 -0.0769
v 0.8181 0.2063 -0.0841
v 0.8163 0.163 -0.0689
v 0.8173 0.0942 -0.0979
v 0.8176 0.1982 -0.1075
v 0.8174 0.073 -0.0905
v 0.8187 0.0824 -0.0815
v 0.8178 0.0987 -0.1
v 0.8205 0.1081 -0.1035
v 0.816 0.1128 -0.0693
v 0.8212 0.1252 -0.1062
v 0.8179 0.1265 -0.0672
v 0.8188 0.1447 -0.0667
v 0.8219 0.1488 -0.0664
v 0.8175 0.1627 -0.1053
v 0.8181 0.1891 -0.0694
v 0.8193 0.0743 -0.0823
v 0.8172 0.2029 -0.1056
v 0.8192 0.1696 -0.0691
v 0.8217 0.0692 -0.0906
v 0.8202 0.2074 -0.1019
v 0.8198 0.2038 -0.0797
v 0.8189 0.1856 -0.0744
v 0.8223 0.1995 -0.1068
v 0.8198 0.0867 -0.078
v 0.8202 0.1132 -0.1045
v 0.821 0.1123 -0.0683
v 0.8203 0.1987 -0.0689
v 0.8182 0.1864 -0.1044
v 0.82 0.203 -0.0694
v 0.8168 0.1894 -0.1059
v 0.8237 0.1906 -0.1062
v 0.8188 0.1768 -0.1029
v 0.8193 0.1031 -0.102
v 0.8166 0.1345 -0.1061
v 0.8217 0.1527 -0.0667
v 0.8209 0.1592 -0.0672
v 0.8208 0.1669 -0.1056
v 0.8218 0.1925 -0.0687
v 0.8209 0.07 -0.0842
v 0.8214 0.0834 -0.0794
v 0.824 0.1131 -0.105
v 0.8197 0.0877 -0.0955
v 0.8204 0.2019 -0.0977
v 0.8257 0.0754 -0.0819
v 0.8208 0.141 -0.1068
v 0.8234 0.1458 -0.0662
v 0.8238 0.1514 -0.107
v 0.824 0.2064 -0.0808
v 0.8189 0.1847 -0.1007
v 0.8197 0.1797 -0.0717
v 0.8228 0.1898 -0.0726
v 0.824 0.1679 -0.0676
v 0.8227 0.1749 -0.069
v 0.8195 0.0831 -0.093
v 0.8212 0.0747 -0.0924
v 0.8201 0.1187 -0.1053
v 0.8243 0.1267 -0.0665
v 0.8227 0.1386 -0.0662
v 0.8203 0.1444 -0.1067
v 0.8195 0.1498 -0.1066
v 0.8249 0.1456 -0.1072
v 0.8201 0.1567 -0.1064
v 0.8237 0.1738 -0.1053
v 0.823 0.0867 -0.0764
v 0.8222 0.2065 -0.071
v 0.8216 0.2059 -0.0983
v 0.8205 0.2043 -0.0746
v 0.8222 0.0788 -0.0816
v 0.8258 0.1866 -0.0707
v 0.823 0.1003 -0.0708
v 0.8215 0.1052 -0.0698
v 0.8228 0.0965 -0.1007
v 0.8216 0.0946 -0.0731
v 0.8227 0.0797 -0.0925
v 0.8247 0.1034 -0.1031
v 0.8231 0.1368 -0.1069
v 0.82 0.142 -0.0664
v 0.8259 0.1713 -0.106
v 0.8247 0.2079 -0.091
v 0.8235 0.1891 -0.102
v 0.8226 0.1225 -0.0669
v 0.8232 0.2052 -0.0944
v 0.8274 0.094 -0.1008
v 0.8258 0.1392 -0.1072
v 0.8266 0.196 -0.1073
v 0.8219 0.1947 -0.1076
v 0.8259 0.1944 -0.0682
v 0.8224 0.2052 -0.1049
v 0.824 0.2101 -0.0949
v 0.8238 0.0897 -0.0982
v 0.8286 0.123 -0.0664
v 0.8243 0.1591 -0.1068
v 0.8241 0.1641 -0.1064
v 0.8244 0.1802 -0.0696
v 0.8249 0.2111 -0.1015
v 0.8248 0.2128 -0.0976
v 0.8237 0.2098 -0.0755
v 0.8272 0.1925 -0.106
v 0.8271 0.2011 -0.1041
v 0.8248 0.208 -0.0847
v 0.8254 0.2123 -0.0866
v 0.825 0.2132 -0.0904
v 0.8242 0.0826 -0.0784
v 0.8245 0.0846 -0.0958
v 0.8227 0.118 -0.0673
v 0.8254 0.1566 -0.0665
v 0.823 0.164 -0.0673
v 0.8237 0.1809 -0.104
v 0.8255 0.0697 -0.0821
v 0.8259 0.2131 -0.08
v 0.8268 0.0698 -0.0923
v 0.8282 0.1935 -0.0715
v 0.825 0.121 -0.1061
v 0.8244 0.1324 -0.0662
v 0.8258 0.1515 -0.0662
v 0.83 0.1557 -0.1074
v 0.828 0.1808 -0.0687
v 0.8287 0.194 -0.103
v 0.8266 0.1306 -0.1069
v 0.8259 0.1452 -0.066
v 0.8275 0.1825 -0.1048
v 0.8272 0.0631 -0.0894
v 0.8272 0.1981 -0.0685
v 0.8303 0.1883 -0.0697
v 0.8307 0.1724 -0.1065
v 0.8255 0.091 -0.0735
v 0.8257 0.2094 -0.0726
v 0.8262 0.0769 -0.0926
v 0.8282 0.1012 -0.0697
v 0.8257 0.1113 -0.0679
v 0.8295 0.1296 -0.066
v 0.8278 0.1441 -0.1074
v 0.8271 0.2158 -0.0847
v 0.8275 0.078 -0.0799
v 0.8279 0.1873 -0.104
v 0.8283 0.0875 -0.0743
v 0.8276 0.2027 -0.0705
v 0.8277 0.1732 -0.0677
v 0.8268 0.0642 -0.084
v 0.8291 0.1066 -0.0684
v 0.828 0.0818 -0.0774
v 0.831 0.2181 -0.0847
v 0.8278 0.2159 -0.0953
v 0.8281 0.0889 -0.0991
v 0.8317 0.1519 -0.0658
v 0.8281 0.2057 -0.1032
v 0.8279 0.0821 -0.0957
v 0.8283 0.0581 -0.0862
v 0.8282 0.1166 -0.1059
v 0.8305 0.1977 -0.1026
v 0.8317 0.0745 -0.0928
v 0.829 0.0968 -0.0708
v 0.8291 0.1177 -0.0668
v 0.8296 0.1261 -0.1069
v 0.8308 0.1456 -0.1076
v 0.8292 0.1445 -0.0658
v 0.8296 0.1482 -0.0658
v 0.8316 0.1814 -0.0682
v 0.8308 0.0804 -0.0773
v 0.8329 0.0865 -0.0738
v 0.8314 0.0754 -0.0802
v 0.8284 0.0997 -0.1027
v 0.83 0.2123 -0.0994
v 0.831 0.056 -0.0818
v 0.8297 0.2162 -0.0802
v 0.8344 0.1059 -0.1047
v 0.8287 0.2127 -0.0751
v 0.8309 0.1975 -0.0715
v 0.8303 0.0648 -0.0916
v 0.8288 0.1077 -0.1046
v 0.834 0.1301 -0.0658
v 0.8275 0.1397 -0.0658
v 0.8303 0.1515 -0.1075
v 0.8292 0.1586 -0.0663
v 0.8291 0.1786 -0.1056
v 0.8332 0.1897 -0.1046
v 0.8303 0.0783 -0.0944
v 0.8324 0.0828 -0.0756
v 0.8326 0.1158 -0.1061
v 0.8322 0.0913 -0.0721
v 0.8336 0.0984 -0.103
v 0.8302 0.1118 -0.1054
v 0.8336 0.1466 -0.1076
v 0.8306 0.1607 -0.1073
v 0.836 0.1639 -0.0663
v 0.8297 0.1649 -0.0667
v 0.8321 0.1744 -0.0673
v 0.8317 0.078 -0.0783
v 0.8302 0.0723 -0.082
v 0.8312 0.0547 -0.0909
v 0.8298 0.2174 -0.0901
v 0.8295 0.1659 -0.1069
v 0.8338 0.215 -0.0793
v 0.8327 0.2077 -0.1004
v 0.832 0.218 -0.0939
v 0.8319 0.0818 -0.0967
v 0.8314 0.0861 -0.0985
v 0.8311 0.1337 -0.1073
v 0.8314 0.1355 -0.0657
v 0.831 0.1406 -0.1075
v 0.8338 0.1519 -0.1076
v 0.8342 0.1835 -0.1057
v 0.8337 0.079 -0.0958
v 0.836 0.2223 -0.0859
v 0.8359 0.1692 -0.1071
v 0.8352 0.0514 -0.084
v 0.8332 0.2013 -0.1017
v 0.8334 0.206 -0.0732
v 0.8377 0.0663 -0.0914
v 0.8328 0.0709 -0.0919
v 0.8354 0.0836 -0.0983
v 0.8347 0.1255 -0.066
v 0.8332 0.1575 -0.066
v 0.835 0.0516 -0.0902
v 0.8364 0.076 -0.0949
v 0.8346 0.0683 -0.0915
v 0.8334 0.0667 -0.0816
v 0.8328 0.1124 -0.0672
v 0.8334 0.1455 -0.0656
v 0.8381 0.1469 -0.0656
v 0.836 0.1939 -0.0696
v 0.8361 0.1989 -0.0707
v 0.8364 0.072 -0.0929
v 0.8377 0.0806 -0.0974
v 0.8357 0.222 -0.0906
v 0.8353 0.2095 -0.0752
v 0.8348 0.0744 -0.0796
v 0.8352 0.2122 -0.0784
v 0.8376 0.2039 -0.1019
v 0.8371 0.0978 -0.1032
v 0.8335 0.1012 -0.0691
v 0.8375 0.1172 -0.0665
v 0.8338 0.1213 -0.1067
v 0.8361 0.1221 -0.0662
v 0.8332 0.1689 -0.0668
v 0.8345 0.1765 -0.1065
v 0.8348 0.1933 -0.1042
v 0.8351 0.0709 -0.0814
v 0.8379 0.0821 -0.0747
v 0.8346 0.0949 -0.0706
v 0.8363 0.1264 -0.1071
v 0.8361 0.1388 -0.0656
v 0.8392 0.1465 -0.1077
v 0.8353 0.1557 -0.1076
v 0.8365 0.1616 -0.1075
v 0.8406 0.1668 -0.1073
v 0.8347 0.1838 -0.0681
v 0.8348 0.1907 -0.0692
v 0.8337 0.215 -0.095
v 0.8348 0.2198 -0.0802
v 0.8405 0.1979 -0.104
v 0.8351 0.2214 -0.0824
v 0.8356 0.2124 -0.0945
v 0.8365 0.0897 -0.072
v 0.837 0.0843 -0.0988
v 0.8374 0.0693 -0.0814
v 0.8366 0.2209 -0.0945
v 0.8356 0.21 -0.0973
v 0.8345 0.0619 -0.0812
v 0.8352 0.0937 -0.1019
v 0.8388 0.0981 -0.0693
v 0.8357 0.1111 -0.1056
v 0.8417 0.1131 -0.1061
v 0.8387 0.1178 -0.1065
v 0.8374 0.1348 -0.1075
v 0.8377 0.1508 -0.0656
v 0.834 0.2019 -0.0723
v 0.8353 0.0887 -0.1003
v 0.8382 0.1568 -0.0658
v 0.8382 0.0693 -0.092
v 0.8435 0.0919 -0.1022
v 0.842 0.1026 -0.1045
v 0.8377 0.1044 -0.0681
v 0.8362 0.1084 -0.0676
v 0.8389 0.1059 -0.105
v 0.8377 0.1317 -0.0657
v 0.8359 0.1411 -0.1077
v 0.8398 0.1427 -0.1077
v 0.8408 0.1482 -0.0656
v 0.8391 0.1715 -0.107
v 0.8405 0.1779 -0.1066
v 0.8385 0.0853 -0.0733
v 0.8386 0.2245 -0.0934
v 0.8399 0.1846 -0.106
v 0.8367 0.1758 -0.0671
v 0.8407 0.0734 -0.0947
v 0.8367 0.2074 -0.0996
v 0.841 0.215 -0.0965
v 0.8396 0.0532 -0.0819
v 0.8366 0.0584 -0.0915
v 0.8424 0.0688 -0.0807
v 0.8393 0.1364 -0.0656
v 0.8432 0.1515 -0.0656
v 0.838 0.1697 -0.0666
v 0.8389 0.1793 -0.0673
v 0.8394 0.1897 -0.1054
v 0.8372 0.1872 -0.0684
v 0.8411 0.1906 -0.0685
v 0.8397 0.2213 -0.0802
v 0.8396 0.2254 -0.081
v 0.8389 0.216 -0.0803
v 0.8397 0.0753 -0.0777
v 0.8428 0.2279 -0.0943
v 0.8407 0.2093 -0.0731
v 0.8407 0.2178 -0.0937
v 0.8451 0.0589 -0.0917
v 0.8456 0.1067 -0.0675
v 0.843 0.1401 -0.0655
v 0.8392 0.1428 -0.0655
v 0.8391 0.151 -0.1077
v 0.8431 0.1604 -0.0659
v 0.8413 0.1632 -0.1075
v 0.8432 0.2027 -0.1034
v 0.8397 0.2045 -0.0715
v 0.8419 0.2067 -0.102
v 0.8403 0.0535 -0.0913
v 0.8406 0.2136 -0.0757
v 0.8399 0.0863 -0.1
v 0.842 0.1713 -0.0665
v 0.842 0.121 -0.0661
v 0.8437 0.0841 -0.0731
v 0.8411 0.0501 -0.0902
v 0.8423 0.0621 -0.0915
v 0.8412 0.0664 -0.0916
v 0.842 0.0665 -0.0813
v 0.8423 0.0698 -0.093
v 0.84 0.0716 -0.0798
v 0.8384 0.0778 -0.0766
v 0.8425 0.084 -0.0994
v 0.8414 0.0925 -0.0706
v 0.8458 0.1187 -0.1067
v 0.8415 0.1268 -0.0658
v 0.8414 0.1491 -0.1077
v 0.8438 0.152 -0.1078
v 0.8455 0.1817 -0.1065
v 0.8409 0.195 -0.0692
v 0.8431 0.2235 -0.0941
v 0.841 0.2278 -0.0909
v 0.8411 0.2281 -0.0858
v 0.8464 0.2253 -0.0819
v 0.844 0.1958 -0.1049
v 0.8419 0.0956 -0.103
v 0.8447 0.1468 -0.1078
v 0.8423 0.1573 -0.1077
v 0.8422 0.183 -0.0675
v 0.8456 0.186 -0.1062
v 0.845 0.2335 -0.0882
v 0.8453 0.1922 -0.0684
v 0.8454 0.2118 -0.0726
v 0.847 0.0502 -0.0823
v 0.8417 0.0638 -0.0812
v 0.8435 0.066 -0.0916
v 0.8428 0.0795 -0.0978
v 0.8474 0.0993 -0.1041
v 0.843 0.1363 -0.1076
v 0.843 0.1667 -0.0662
v 0.8422 0.2293 -0.0823
v 0.8423 0.122 -0.1069
v 0.8438 0.2137 -0.0997
v 0.8411 0.211 -0.0998
v 0.8431 0.2201 -0.0805
v 0.8447 0.2057 -0.0709
v 0.8444 0.0885 -0.0715
v 0.8427 0.0492 -0.0849
v 0.8428 0.0597 -0.0813
v 0.8444 0.1014 -0.0684
v 0.8444 0.1081 -0.1055
v 0.8476 0.1115 -0.1061
v 0.8422 0.1129 -0.0668
v 0.846 0.136 -0.0655
v 0.8443 0.1449 -0.0655
v 0.844 0.1713 -0.1071
v 0.8452 0.2329 -0.0934
v 0.846 0.235 -0.0831
v 0.8462 0.0595 -0.0812
v 0.8471 0.0926 -0.0702
v 0.8447 0.0955 -0.0695
v 0.8464 0.1266 -0.1073
v 0.8422 0.1303 -0.1074
v 0.8429 0.1336 -0.0656
v 0.8492 0.1342 -0.1076
v 0.8448 0.1475 -0.0655
v 0.8458 0.1755 -0.0667
v 0.845 0.2298 -0.0803
v 0.8502 0.158 -0.0658
v 0.8442 0.2182 -0.0769
v 0.8452 0.0777 -0.0755
v 0.8453 0.1873 -0.0678
v 0.846 0.0709 -0.0946
v 0.8476 0.0671 -0.093
v 0.8431 0.1174 -0.0664
v 0.8489 0.1305 -0.1075
v 0.8465 0.1266 -0.0657
v 0.8469 0.1387 -0.1077
v 0.8482 0.1465 -0.1078
v 0.847 0.1477 -0.0656
v 0.8442 0.1562 -0.0657
v 0.8485 0.1645 -0.066
v 0.8467 0.1702 -0.0664
v 0.8461 0.1809 -0.0671
v 0.8441 0.1982 -0.0694
v 0.8449 0.218 -0.0974
v 0.8473 0.0869 -0.101
v 0.8461 0.2222 -0.094
v 0.8485 0.2215 -0.0975
v 0.8458 0.2163 -0.0743
v 0.8486 0.0719 -0.0776
v 0.8474 0.0766 -0.0973
v 0.8469 0.1127 -0.0667
v 0.8501 0.1671 -0.1074
v 0.8476 0.1746 -0.107
v 0.8464 0.1921 -0.1055
v 0.85 0.1939 -0.0683
v 0.8469 0.2009 -0.0696
v 0.8498 0.2076 -0.0706
v 0.8462 0.2285 -0.0942
v 0.8464 0.201 -0.1042
v 0.8486 0.2385 -0.0809
v 0.8467 0.0541 -0.0916
v 0.8495 0.2316 -0.0941
v 0.8498 0.2224 -0.0756
v 0.8457 0.074 -0.0771
v 0.8473 0.2104 -0.1021
v 0.8467 0.0665 -0.0808
v 0.851 0.0742 -0.0967
v 0.8479 0.158 -0.1077
v 0.848 0.1528 -0.1078
v 0.8514 0.0559 -0.0918
v 0.8518 0.1058 -0.0674
v 0.8521 0.1105 -0.0668
v 0.8486 0.1191 -0.0661
v 0.8462 0.1643 -0.1075
v 0.8506 0.1806 -0.1067
v 0.8497 0.1305 -0.0656
v 0.8476 0.2379 -0.086
v 0.8485 0.2077 -0.103
v 0.8518 0.1751 -0.0666
v 0.8509 0.1831 -0.0672
v 0.8492 0.0485 -0.0902
v 0.8494 0.0594 -0.0812
v 0.8492 0.0636 -0.0916
v 0.8471 0.0826 -0.0995
v 0.852 0.0862 -0.0717
v 0.8484 0.092 -0.1025
v 0.8489 0.0956 -0.1034
v 0.85 0.1521 -0.0656
v 0.8559 0.1862 -0.1064
v 0.851 0.1901 -0.106
v 0.8484 0.2175 -0.0998
v 0.8477 0.238 -0.0922
v 0.8479 0.2241 -0.0785
v 0.8503 0.0903 -0.0706
v 0.8508 0.0706 -0.0951
v 0.8537 0.0796 -0.0738
v 0.8485 0.0815 -0.0735
v 0.8501 0.0957 -0.0693
v 0.8504 0.1221 -0.1071
v 0.851 0.1415 -0.1078
v 0.8502 0.1481 -0.0655
v 0.8516 0.1692 -0.0663
v 0.8492 0.2366 -0.0947
v 0.8501 0.0635 -0.0813
v 0.8496 0.2419 -0.0877
v 0.8526 0.0672 -0.0939
v 0.8522 0.0868 -0.1013
v 0.8541 0.0826 -0.1001
v 0.8482 0.2344 -0.0802
v 0.85 0.1046 -0.1052
v 0.8507 0.243 -0.094
v 0.8524 0.2287 -0.0779
v 0.8528 0.2196 -0.0732
v 0.8519 0.0543 -0.0814
v 0.8497 0.1005 -0.0683
v 0.8519 0.1175 -0.0662
v 0.8518 0.1238 -0.0658
v 0.85 0.2132 -0.0719
v 0.8503 0.2434 -0.0823
v 0.8504 0.2278 -0.0932
v 0.8514 0.2476 -0.0887
v 0.8519 0.2481 -0.0805
v 0.8542 0.0513 -0.0915
v 0.8534 0.0491 -0.0826
v 0.8524 0.0615 -0.0915
v 0.8563 0.0751 -0.0976
v 0.8525 0.0947 -0.1033
v 0.857 0.1099 -0.0668
v 0.8517 0.1152 -0.1065
v 0.8553 0.1314 -0.1076
v 0.8513 0.1345 -0.0655
v 0.8548 0.1548 -0.1078
v 0.8543 0.1532 -0.0656
v 0.8511 0.1979 -0.105
v 0.8516 0.2498 -0.0927
v 0.8545 0.078 -0.0986
v 0.853 0.2512 -0.0791
v 0.8543 0.2348 -0.0928
v 0.8522 0.2544 -0.092
v 0.8554 0.1102 -0.1061
v 0.8532 0.242 -0.0805
v 0.8527 0.2565 -0.0845
v 0.8568 0.0655 -0.0937
v 0.8519 0.2525 -0.0861
v 0.8528 0.2559 -0.0932
v 0.8503 0.2299 -0.0824
v 0.8548 0.2467 -0.095
v 0.8535 0.2405 -0.0945
v 0.8521 0.2264 -0.0967
v 0.8543 0.0665 -0.0793
v 0.8524 0.0699 -0.078
v 0.8567 0.0709 -0.096
v 0.8527 0.0905 -0.1023
v 0.8572 0.1167 -0.0662
v 0.8532 0.1271 -0.1074
v 0.855 0.1273 -0.0657
v 0.8584 0.1334 -0.0655
v 0.8504 0.1408 -0.0655
v 0.8539 0.1474 -0.1078
v 0.8516 0.1446 -0.0655
v 0.8505 0.188 -0.0677
v 0.8518 0.2029 -0.0696
v 0.8527 0.2514 -0.095
v 0.8528 0.2576 -0.0825
v 0.853 0.2598 -0.0874
v 0.8533 0.2592 -0.0935
v 0.8575 0.1221 -0.0659
v 0.8533 0.2656 -0.0896
v 0.8535 0.2666 -0.0925
v 0.8536 0.2669 -0.0847
v 0.8538 0.047 -0.089
v 0.8548 0.2676 -0.0805
v 0.854 0.0971 -0.0688
v 0.8554 0.1049 -0.0675
v 0.8535 0.1483 -0.0655
v 0.8565 0.1713 -0.0664
v 0.8524 0.204 -0.1042
v 0.8546 0.2093 -0.0704
v 0.8551 0.2726 -0.0888
v 0.8532 0.2627 -0.0819
v 0.8541 0.3473 -0.0842
v 0.8544 0.3461 -0.0921
v 0.8543 0.353 -0.0838
v 0.8539 0.3517 -0.0889
v 0.8571 0.0637 -0.0802
v 0.8543 0.356 -0.0873
v 0.8542 0.1005 -0.0682
v 0.8544 0.3293 -0.0862
v 0.856 0.356 -0.0801
v 0.8568 0.0543 -0.0812
v 0.8546 0.0932 -0.0696
v 0.8584 0.1036 -0.1052
v 0.8536 0.1017 -0.1048
v 0.8554 0.1063 -0.1056
v 0.8542 0.1707 -0.1073
v 0.8586 0.1794 -0.1068
v 0.8555 0.2555 -0.0797
v 0.8537 0.2568 -0.0803
v 0.8576 0.0699 -0.0773
v 0.8548 0.335 -0.0851
v 0.8546 0.3296 -0.0913
v 0.8597 0.2287 -0.0741
v 0.8546 0.3347 -0.089
v 0.8552 0.342 -0.0854
v 0.8544 0.3246 -0.092
v 0.8546 0.3431 -0.0892
v 0.8557 0.3331 -0.0935
v 0.8557 0.2639 -0.0946
v 0.8544 0.3223 -0.0885
v 0.8558 0.3402 -0.093
v 0.8546 0.3235 -0.0834
v 0.8542 0.2366 -0.0827
v 0.8554 0.3285 -0.0812
v 0.8555 0.2721 -0.0817
v 0.8558 0.2349 -0.0796
v 0.8563 0.2158 -0.0715
v 0.8583 0.2458 -0.0804
v 0.859 0.3307 -0.098
v 0.8548 0.2317 -0.0951
v 0.8573 0.3423 -0.0795
v 0.8545 0.2234 -0.0996
v 0.8555 0.2777 -0.0901
v 0.8557 0.2738 -0.0925
v 0.8592 0.054 -0.0918
v 0.8599 0.083 -0.0722
v 0.858 0.098 -0.0685
v 0.8542 0.1371 -0.1077
v 0.8583 0.142 -0.1078
v 0.8587 0.1482 -0.1078
v 0.8582 0.1509 -0.0656
v 0.8593 0.1633 -0.1076
v 0.8529 0.1641 -0.1075
v 0.8553 0.1642 -0.066
v 0.8584 0.1772 -0.0667
v 0.8548 0.1826 -0.0671
v 0.857 0.1965 -0.1054
v 0.8577 0.2112 -0.1033
v 0.8542 0.218 -0.1014
v 0.8553 0.2553 -0.0945
v 0.8554 0.339 -0.0826
v 0.8556 0.3904 -0.0866
v 0.8557 0.2768 -0.0822
v 0.8556 0.3834 -0.0866
v 0.8556 0.3854 -0.0846
v 0.8559 0.3873 -0.0941
v 0.8558 0.3832 -0.0937
v 0.8552 0.3557 -0.0931
v 0.8562 0.2818 -0.0927
v 0.8587 0.3354 -0.0968
v 0.8559 0.389 -0.0823
v 0.8558 0.2833 -0.0868
v 0.8558 0.3837 -0.0813
v 0.8564 0.3921 -0.0804
v 0.8562 0.2881 -0.0894
v 0.8572 0.3811 -0.0888
v 0.857 0.3935 -0.0842
v 0.8565 0.2845 -0.0818
v 0.8599 0.1632 -0.0659
v 0.8565 0.3931 -0.0879
v 0.8558 0.2315 -0.077
v 0.8571 0.3203 -0.0925
v 0.8572 0.3193 -0.0864
v 0.856 0.3576 -0.0902
v 0.8566 0.291 -0.0825
v 0.8517 0.2138 -0.1021
v 0.8543 0.0594 -0.0818
v 0.8561 0.3919 -0.0932
v 0.8522 0.1989 -0.0689
v 0.857 0.2302 -0.0978
v 0.86 0.2549 -0.0792
v 0.8579 0.0467 -0.0866
v 0.8574 0.0735 -0.0758
v 0.8563 0.0776 -0.0743
v 0.8579 0.0892 -0.0705
v 0.8617 0.1078 -0.1059
v 0.8573 0.1212 -0.1071
v 0.8558 0.1607 -0.1077
v 0.8607 0.1676 -0.0662
v 0.8559 0.1905 -0.0678
v 0.8601 0.2223 -0.1013
v 0.8593 0.254 -0.0952
v 0.8595 0.2584 -0.0947
v 0.8563 0.2626 -0.0799
v 0.8571 0.3577 -0.0838
v 0.8566 0.2958 -0.0844
v 0.8593 0.2878 -0.0935
v 0.8567 0.2989 -0.0879
v 0.8577 0.2941 -0.0811
v 0.8574 0.3259 -0.0779
v 0.8564 0.3518 -0.0784
v 0.8565 0.2693 -0.0941
v 0.8569 0.3058 -0.0871
v 0.857 0.3017 -0.0827
v 0.8569 0.2893 -0.0926
v 0.8585 0.3817 -0.075
v 0.8577 0.3218 -0.097
v 0.8563 0.3484 -0.0961
v 0.8571 0.3109 -0.0898
v 0.857 0.3154 -0.0893
v 0.8569 0.3852 -0.0991
v 0.8572 0.3115 -0.0838
v 0.8567 0.3843 -0.0762
v 0.8566 0.3893 -0.0775
v 0.8601 0.2483 -0.0954
v 0.8568 0.3352 -0.0798
v 0.8579 0.3935 -0.0971
v 0.858 0.3932 -0.0756
v 0.8565 0.2388 -0.0927
v 0.8595 0.2271 -0.0999
v 0.8589 0.3802 -0.0824
v 0.8586 0.051 -0.0916
v 0.8559 0.0572 -0.0918
v 0.8565 0.0605 -0.0915
v 0.8604 0.0937 -0.0693
v 0.8619 0.1123 -0.1064
v 0.8583 0.1453 -0.0655
v 0.8601 0.1514 -0.1078
v 0.8621 0.1588 -0.1077
v 0.8572 0.1669 -0.1075
v 0.8565 0.1751 -0.1071
v 0.8566 0.2034 -0.0693
v 0.8577 0.2068 -0.1041
v 0.8582 0.21 -0.0703
v 0.8587 0.2688 -0.0801
v 0.8574 0.2781 -0.0808
v 0.8568 0.2956 -0.0917
v 0.8576 0.3028 -0.0929
v 0.8575 0.3073 -0.0928
v 0.8594 0.2404 -0.0944
v 0.8581 0.3543 -0.0981
v 0.858 0.3131 -0.0932
v 0.862 0.3296 -0.0747
v 0.8573 0.242 -0.0828
v 0.8576 0.3157 -0.0821
v 0.8582 0.3903 -0.1016
v 0.8567 0.3817 -0.0821
v 0.8572 0.3464 -0.0776
v 0.8618 0.3805 -0.0979
v 0.8587 0.308 -0.0807
v 0.8603 0.0479 -0.083
v 0.8574 0.3304 -0.0785
v 0.8611 0.2974 -0.0933
v 0.8585 0.3785 -0.0895
v 0.8623 0.0499 -0.0915
v 0.8595 0.0797 -0.0996
v 0.8604 0.0736 -0.0974
v 0.8588 0.0924 -0.1031
v 0.8579 0.0894 -0.1023
v 0.8574 0.0975 -0.1041
v 0.8602 0.172 -0.1073
v 0.8601 0.1869 -0.0674
v 0.8565 0.1961 -0.0684
v 0.8597 0.2022 -0.1048
v 0.8594 0.251 -0.0958
v 0.8584 0.2731 -0.0936
v 0.863 0.2775 -0.0816
v 0.8599 0.2896 -0.0807
v 0.8607 0.3573 -0.0833
v 0.8588 0.3939 -0.0803
v 0.8598 0.3942 -0.087
v 0.8596 0.2344 -0.0976
v 0.8595 0.383 -0.0713
v 0.8587 0.3188 -0.0804
v 0.8587 0.3782 -0.0838
v 0.8579 0.3822 -0.0995
v 0.8585 0.3758 -0.0853
v 0.8605 0.3347 -0.0764
v 0.8597 0.2173 -0.1023
v 0.86 0.3524 -0.0746
v 0.8602 0.3237 -0.075
v 0.8603 0.386 -0.1046
v 0.8621 0.2374 -0.0758
v 0.8594 0.3732 -0.082
v 0.8628 0.3807 -0.0738
v 0.8644 0.1077 -0.067
v 0.8588 0.3746 -0.0913
v 0.8617 0.1951 -0.1057
v 0.8594 0.3803 -0.0934
v 0.8594 0.2336 -0.0758
v 0.8566 0.2249 -0.0739
v 0.8623 0.3021 -0.0931
v 0.8574 0.1166 -0.1067
v 0.8607 0.1303 -0.1075
v 0.8594 0.1356 -0.1077
v 0.8576 0.1394 -0.0655
v 0.8622 0.1487 -0.1079
v 0.8558 0.1599 -0.0658
v 0.8614 0.1716 -0.0664
v 0.8601 0.1824 -0.0671
v 0.8612 0.2011 -0.0688
v 0.8583 0.2443 -0.0935
v 0.8586 0.2505 -0.0787
v 0.8621 0.2617 -0.0939
v 0.8623 0.267 -0.0938
v 0.8597 0.2835 -0.0806
v 0.8595 0.2934 -0.0935
v 0.8594 0.3036 -0.0807
v 0.8598 0.3194 -0.0938
v 0.859 0.3572 -0.079
v 0.8596 0.3574 -0.0963
v 0.8604 0.3575 -0.0912
v 0.8634 0.2332 -0.0994
v 0.8594 0.3756 -0.0812
v 0.8613 0.096 -0.0688
v 0.8599 0.068 -0.0952
v 0.8619 0.3666 -0.0881
v 0.8628 0.3925 -0.1062
v 0.8618 0.3678 -0.0828
v 0.8594 0.3724 -0.0844
v 0.8608 0.3801 -0.078
v 0.8612 0.3451 -0.074
v 0.8621 0.2653 -0.0804
v 0.8626 0.0909 -0.1028
v 0.8599 0.3925 -0.0718
v 0.8632 0.3568 -0.0792
v 0.8604 0.3223 -0.0993
v 0.8604 0.0844 -0.1011
v 0.8606 0.3555 -0.0999
v 0.8586 0.3124 -0.0807
v 0.8589 0.3204 -0.0771
v 0.8593 0.3556 -0.076
v 0.8649 0.0704 -0.0965
v 0.8641 0.0877 -0.0707
v 0.8613 0.1136 -0.0664
v 0.8629 0.1181 -0.0661
v 0.8664 0.1771 -0.0667
v 0.8584 0.1896 -0.1061
v 0.8642 0.2145 -0.1032
v 0.8627 0.256 -0.0942
v 0.8603 0.2582 -0.0796
v 0.8623 0.2734 -0.0932
v 0.8592 0.2999 -0.0807
v 0.8641 0.3045 -0.0821
v 0.8617 0.3135 -0.0933
v 0.8621 0.3579 -0.0935
v 0.8627 0.3939 -0.0722
v 0.8592 0.3941 -0.0911
v 0.8603 0.1556 -0.0657
v 0.8598 0.2412 -0.079
v 0.8601 0.0524 -0.0815
v 0.8603 0.3872 -0.0702
v 0.8612 0.3739 -0.0953
v 0.8609 0.3704 -0.0816
v 0.8634 0.3702 -0.079
v 0.8631 0.3758 -0.0751
v 0.8636 0.3316 -0.1006
v 0.8628 0.2319 -0.0741
v 0.8633 0.3075 -0.0929
v 0.8608 0.3407 -0.077
v 0.8632 0.2872 -0.0936
v 0.8615 0.3688 -0.0925
v 0.8601 0.3937 -0.1018
v 0.8613 0.2449 -0.0951
v 0.8628 0.0495 -0.082
v 0.8607 0.0589 -0.0915
v 0.8621 0.0666 -0.0783
v 0.8628 0.076 -0.0745
v 0.8612 0.1264 -0.1074
v 0.86 0.1284 -0.0656
v 0.8633 0.1352 -0.0655
v 0.865 0.1444 -0.0655
v 0.8655 0.1873 -0.1064
v 0.8658 0.2048 -0.0692
v 0.862 0.2116 -0.0703
v 0.8633 0.2176 -0.0712
v 0.8592 0.2213 -0.0723
v 0.8634 0.2283 -0.1005
v 0.8612 0.2482 -0.0793
v 0.8634 0.2603 -0.0808
v 0.8632 0.2992 -0.0819
v 0.8595 0.3403 -0.097
v 0.8623 0.2447 -0.0781
v 0.862 0.3524 -0.1015
v 0.8641 0.3945 -0.098
v 0.8587 0.3439 -0.0973
v 0.8619 0.3588 -0.0915
v 0.8615 0.3736 -0.0781
v 0.8621 0.3582 -0.0885
v 0.8631 0.2942 -0.0818
v 0.8623 0.3586 -0.0861
v 0.8643 0.344 -0.1016
v 0.8623 0.3617 -0.0832
v 0.8618 0.3628 -0.0908
v 0.8625 0.3579 -0.0824
v 0.8634 0.2834 -0.0815
v 0.8649 0.0895 -0.1026
v 0.8611 0.3463 -0.1007
v 0.864 0.2352 -0.0746
v 0.8605 0.0471 -0.0899
v 0.8648 0.0467 -0.0844
v 0.8632 0.0653 -0.0944
v 0.8645 0.0717 -0.076
v 0.864 0.0758 -0.0985
v 0.8613 0.1012 -0.0679
v 0.8608 0.1052 -0.0673
v 0.864 0.1174 -0.1069
v 0.8637 0.141 -0.1078
v 0.8616 0.1537 -0.1078
v 0.8655 0.1729 -0.1072
v 0.8637 0.1764 -0.1071
v 0.8606 0.1838 -0.1066
v 0.8667 0.1919 -0.106
v 0.8638 0.1999 -0.1052
v 0.865 0.1968 -0.0683
v 0.8621 0.2355 -0.0984
v 0.8627 0.3144 -0.0812
v 0.8627 0.3942 -0.0828
v 0.8644 0.0597 -0.092
v 0.8632 0.2386 -0.0981
v 0.8626 0.3265 -0.1014
v 0.8647 0.2525 -0.0779
v 0.8652 0.3647 -0.0937
v 0.8659 0.3471 -0.1038
v 0.8637 0.356 -0.0727
v 0.8618 0.3831 -0.1061
v 0.8633 0.3199 -0.0757
v 0.8676 0.2367 -0.0998
v 0.8653 0.2581 -0.0959
v 0.8622 0.2734 -0.0815
v 0.8658 0.2386 -0.0747
v 0.8657 0.3571 -0.1003
v 0.8628 0.2539 -0.0802
v 0.8646 0.2486 -0.0968
v 0.8619 0.2817 -0.0933
v 0.8634 0.3946 -0.0919
v 0.863 0.2415 -0.0971
v 0.8665 0.2871 -0.0973
v 0.8646 0.3719 -0.0753
v 0.8643 0.0468 -0.0903
v 0.8623 0.0571 -0.0821
v 0.8681 0.0781 -0.0734
v 0.8633 0.0799 -0.0998
v 0.8631 0.0935 -0.1034
v 0.8679 0.1325 -0.0655
v 0.862 0.1481 -0.0655
v 0.864 0.1517 -0.0656
v 0.8662 0.1653 -0.1076
v 0.8634 0.1678 -0.1075
v 0.8629 0.1906 -0.0677
v 0.867 0.1958 -0.1057
v 0.8623 0.2062 -0.0694
v 0.863 0.2081 -0.1041
v 0.8649 0.2293 -0.073
v 0.8637 0.3206 -0.0957
v 0.8642 0.3367 -0.0762
v 0.8632 0.2701 -0.0811
v 0.8641 0.3099 -0.0826
v 0.8625 0.0608 -0.081
v 0.8647 0.321 -0.1019
v 0.866 0.2593 -0.0776
v 0.8634 0.3655 -0.0805
v 0.8661 0.3697 -0.095
v 0.8636 0.3943 -0.0807
v 0.8642 0.3585 -0.0805
v 0.8634 0.3607 -0.0941
v 0.8636 0.3947 -0.0857
v 0.8642 0.3968 -0.0853
v 0.8655 0.3827 -0.1087
v 0.8641 0.3805 -0.1021
v 0.8652 0.3766 -0.1014
v 0.8659 0.2093 -0.0697
v 0.8634 0.3517 -0.0721
v 0.8645 0.3106 -0.0936
v 0.8652 0.3007 -0.0957
v 0.8641 0.3979 -0.0899
v 0.8634 0.2884 -0.0817
v 0.8643 0.3996 -0.0854
v 0.8656 0.264 -0.0963
v 0.8684 0.0645 -0.0945
v 0.8663 0.2425 -0.0986
v 0.8647 0.242 -0.0759
v 0.8647 0.3188 -0.0923
v 0.866 0.2215 -0.0716
v 0.8673 0.0686 -0.0771
v 0.864 0.0806 -0.0728
v 0.8673 0.0825 -0.072
v 0.8672 0.0933 -0.1035
v 0.863 0.0991 -0.1046
v 0.8645 0.1214 -0.1071
v 0.8679 0.1258 -0.1074
v 0.8662 0.1354 -0.1077
v 0.8685 0.1546 -0.0657
v 0.8661 0.1716 -0.0664
v 0.8656 0.2217 -0.1021
v 0.8631 0.2255 -0.0726
v 0.8644 0.3189 -0.0815
v 0.8659 0.3215 -0.0715
v 0.8627 0.3368 -0.0988
v 0.8642 0.3576 -0.0952
v 0.8634 0.3813 -0.0691
v 0.8632 0.3839 -0.067
v 0.8635 0.2532 -0.095
v 0.8652 0.0507 -0.0916
v 0.8644 0.4015 -0.0858
v 0.8639 0.2189 -0.1024
v 0.8643 0.4003 -0.0941
v 0.8645 0.4059 -0.091
v 0.8646 0.4047 -0.0955
v 0.8647 0.4037 -0.082
v 0.8647 0.3892 -0.1083
v 0.8646 0.4053 -0.0861
v 0.865 0.3151 -0.0826
v 0.8657 0.0847 -0.1014
v 0.8658 0.3744 -0.0725
v 0.8665 0.3044 -0.097
v 0.8645 0.3994 -0.082
v 0.8658 0.2923 -0.0785
v 0.864 0.3723 -0.0983
v 0.8648 0.3946 -0.0767
v 0.8653 0.2816 -0.0788
v 0.8649 0.4084 -0.0842
v 0.8648 0.4097 -0.09
v 0.865 0.2807 -0.096
v 0.8637 0.3891 -0.067
v 0.8678 0.3803 -0.1044
v 0.8666 0.3326 -0.0751
v 0.8651 0.4106 -0.0852
v 0.8662 0.2732 -0.097
v 0.8654 0.3998 -0.1005
v 0.8682 0.3712 -0.0725
v 0.8653 0.3419 -0.099
v 0.8654 0.0461 -0.0867
v 0.8683 0.3687 -0.0773
v 0.8689 0.0736 -0.098
v 0.8655 0.2539 -0.0966
v 0.8645 0.3931 -0.0679
v 0.8655 0.0555 -0.0915
v 0.8668 0.0527 -0.082
v 0.8667 0.0628 -0.0796
v 0.8675 0.1094 -0.1061
v 0.8638 0.1239 -0.0657
v 0.8634 0.1461 -0.1078
v 0.8674 0.1537 -0.1078
v 0.8649 0.1844 -0.0672
v 0.8669 0.1911 -0.0678
v 0.8664 0.2114 -0.1038
v 0.8652 0.2135 -0.0704
v 0.8678 0.219 -0.0711
v 0.8696 0.2233 -0.1022
v 0.865 0.2475 -0.0766
v 0.8671 0.2486 -0.0981
v 0.8654 0.3417 -0.0759
v 0.8663 0.3582 -0.0798
v 0.8647 0.3612 -0.0801
v 0.8655 0.4029 -0.077
v 0.8677 0.2891 -0.0765
v 0.8655 0.4105 -0.0805
v 0.866 0.409 -0.1005
v 0.8682 0.3531 -0.0696
v 0.8662 0.3284 -0.072
v 0.8684 0.2018 -0.105
v 0.8651 0.4099 -0.0958
v 0.8649 0.3448 -0.0715
v 0.8671 0.2729 -0.0768
v 0.8681 0.2564 -0.0979
v 0.8638 0.2942 -0.0941
v 0.8686 0.3205 -0.1036
v 0.8655 0.2978 -0.0794
v 0.8673 0.414 -0.0828
v 0.8661 0.4134 -0.0879
v 0.8665 0.3086 -0.0791
v 0.8648 0.2694 -0.0957
v 0.8673 0.3856 -0.0645
v 0.8666 0.3304 -0.1033
v 0.8672 0.0463 -0.0854
v 0.8687 0.046 -0.0892
v 0.8673 0.0485 -0.0822
v 0.8699 0.0832 -0.1011
v 0.8652 0.1038 -0.1054
v 0.8665 0.1096 -0.0667
v 0.8665 0.1165 -0.0661
v 0.87 0.1207 -0.1072
v 0.8674 0.1305 -0.1076
v 0.8638 0.1591 -0.0658
v 0.8679 0.2017 -0.0688
v 0.868 0.2264 -0.0722
v 0.8665 0.2259 -0.1014
v 0.8678 0.2623 -0.0978
v 0.8701 0.325 -0.0696
v 0.8699 0.3361 -0.1017
v 0.8672 0.3951 -0.0721
v 0.8667 0.2663 -0.0771
v 0.8674 0.1007 -0.0679
v 0.867 0.3722 -0.1015
v 0.8662 0.4081 -0.0757
v 0.8665 0.3796 -0.0716
v 0.8673 0.2331 -0.0734
v 0.867 0.3022 -0.0777
v 0.8672 0.4134 -0.0784
v 0.87 0.3683 -0.0965
v 0.8666 0.414 -0.0928
v 0.8664 0.3995 -0.0737
v 0.8668 0.4103 -0.0744
v 0.8682 0.3199 -0.0975
v 0.8667 0.3928 -0.1087
v 0.8692 0.3444 -0.1047
v 0.8708 0.2472 -0.0744
v 0.8691 0.3897 -0.1108
v 0.8667 0.4137 -0.0976
v 0.8671 0.3819 -0.0653
v 0.8699 0.2854 -0.075
v 0.8695 0.3839 -0.111
v 0.8668 0.3655 -0.0801
v 0.8715 0.0494 -0.0821
v 0.8702 0.0629 -0.0795
v 0.8679 0.0947 -0.1038
v 0.867 0.0935 -0.0692
v 0.8662 0.097 -0.0685
v 0.8668 0.1491 -0.1079
v 0.8673 0.1652 -0.066
v 0.8659 0.1814 -0.1068
v 0.869 0.1966 -0.0683
v 0.867 0.3332 -0.0992
v 0.8706 0.3488 -0.106
v 0.8657 0.356 -0.1029
v 0.8705 0.3939 -0.0686
v 0.8668 0.2768 -0.077
v 0.8716 0.3912 -0.0629
v 0.8698 0.3053 -0.0757
v 0.8664 0.3948 -0.1033
v 0.8677 0.4033 -0.0719
v 0.8683 0.2956 -0.0986
v 0.8683 0.3179 -0.0782
v 0.8725 0.3085 -0.1005
v 0.8701 0.2382 -0.0736
v 0.8699 0.2628 -0.0752
v 0.8711 0.3567 -0.0988
v 0.8669 0.31 -0.097
v 0.8682 0.3579 -0.0952
v 0.8707 0.3196 -0.0706
v 0.868 0.3568 -0.0965
v 0.871 0.3712 -0.1029
v 0.868 0.0572 -0.0819
v 0.8688 0.0788 -0.0997
v 0.8693 0.104 -0.0674
v 0.8714 0.1113 -0.0665
v 0.8709 0.1173 -0.0661
v 0.8698 0.1215 -0.0658
v 0.8674 0.1492 -0.0656
v 0.8695 0.1702 -0.0663
v 0.8684 0.1787 -0.1069
v 0.8718 0.1813 -0.067
v 0.869 0.1888 -0.1063
v 0.8689 0.1983 -0.1054
v 0.8709 0.2216 -0.0713
v 0.8719 0.2693 -0.0743
v 0.8666 0.3565 -0.076
v 0.868 0.3565 -0.0783
v 0.8708 0.3602 -0.0957
v 0.8679 0.2527 -0.0759
v 0.8685 0.0594 -0.0924
v 0.8701 0.0561 -0.0917
v 0.8703 0.311 -0.0993
v 0.8685 0.4133 -0.1029
v 0.869 0.3414 -0.1014
v 0.8688 0.3127 -0.077
v 0.8694 0.396 -0.0702
v 0.8702 0.3598 -0.0785
v 0.8674 0.3163 -0.0965
v 0.8705 0.3339 -0.0728
v 0.8685 0.2815 -0.0759
v 0.869 0.2959 -0.0758
v 0.8717 0.2888 -0.1003
v 0.8702 0.3769 -0.1047
v 0.8691 0.3641 -0.0938
v 0.8713 0.2301 -0.1013
v 0.8704 0.3743 -0.0697
v 0.8696 0.1446 -0.0655
v 0.8698 0.0551 -0.082
v 0.869 0.0699 -0.0965
v 0.8702 0.0741 -0.0748
v 0.8688 0.0877 -0.1023
v 0.8702 0.0923 -0.1034
v 0.8715 0.0961 -0.1042
v 0.8717 0.0941 -0.069
v 0.8707 0.1082 -0.0669
v 0.8683 0.1145 -0.1067
v 0.8679 0.127 -0.0656
v 0.8717 0.1358 -0.1078
v 0.8677 0.1385 -0.0655
v 0.8713 0.139 -0.1078
v 0.8693 0.1412 -0.1078
v 0.8715 0.1479 -0.0655
v 0.871 0.164 -0.066
v 0.8706 0.1645 -0.1076
v 0.8716 0.1674 -0.0662
v 0.8698 0.1699 -0.1074
v 0.8727 0.1741 -0.1072
v 0.8713 0.1768 -0.107
v 0.8706 0.1848 -0.1065
v 0.8681 0.1876 -0.0675
v 0.8711 0.1998 -0.0686
v 0.8683 0.2052 -0.1046
v 0.8694 0.2129 -0.1037
v 0.8682 0.2319 -0.1007
v 0.87 0.2442 -0.0995
v 0.8715 0.2526 -0.0745
v 0.8729 0.2645 -0.0998
v 0.8693 0.3931 -0.0651
v 0.8716 0.4144 -0.0891
v 0.8703 0.4147 -0.0977
v 0.8696 0.3193 -0.0755
v 0.8752 0.32 -0.1051
v 0.8711 0.3567 -0.0773
v 0.8688 0.2801 -0.0988
v 0.8699 0.4069 -0.07
v 0.8689 0.4076 -0.105
v 0.8713 0.0458 -0.0885
v 0.8708 0.0618 -0.0935
v 0.8714 0.0656 -0.0782
v 0.8706 0.0699 -0.0765
v 0.872 0.0772 -0.0993
v 0.8698 0.0963 -0.0686
v 0.87 0.0989 -0.1047
v 0.8703 0.1032 -0.1054
v 0.8695 0.1137 -0.0664
v 0.8715 0.1275 -0.1075
v 0.8696 0.1464 -0.1079
v 0.87 0.1509 -0.0656
v 0.8697 0.1523 -0.1078
v 0.8711 0.1662 -0.1075
v 0.8706 0.1719 -0.1073
v 0.872 0.1767 -0.0667
v 0.8719 0.1906 -0.1062
v 0.8706 0.2185 -0.1029
v 0.87 0.2547 -0.0987
v 0.8703 0.2576 -0.0751
v 0.8706 0.2847 -0.0997
v 0.8705 0.3027 -0.0997
v 0.8678 0.3537 -0.1048
v 0.8688 0.3565 -0.0716
v 0.8709 0.3814 -0.0636
v 0.8701 0.3944 -0.1063
v 0.8693 0.4144 -0.0886
v 0.8715 0.2285 -0.0722
v 0.8701 0.0481 -0.0913
v 0.8758 0.0477 -0.0913
v 0.8714 0.3668 -0.0773
v 0.8704 0.2673 -0.0992
v 0.8701 0.4327 -0.0884
v 0.8708 0.4296 -0.0908
v 0.8713 0.4132 -0.1055
v 0.8703 0.4294 -0.0865
v 0.8711 0.4255 -0.0862
v 0.8715 0.3298 -0.0707
v 0.8753 0.1795 -0.1069
v 0.8713 0.4335 -0.0839
v 0.8711 0.4371 -0.0849
v 0.8705 0.3573 -0.0965
v 0.8705 0.4371 -0.0886
v 0.8698 0.4134 -0.0725
v 0.872 0.3853 -0.0624
v 0.8723 0.441 -0.0844
v 0.8733 0.3972 -0.0677
v 0.8706 0.3801 -0.0688
v 0.8721 0.2967 -0.1005
v 0.8748 0.3741 -0.0681
v 0.8716 0.3173 -0.0995
v 0.8708 0.0525 -0.082
v 0.8691 0.0515 -0.0917
v 0.8745 0.0517 -0.0821
v 0.8713 0.0592 -0.081
v 0.8765 0.0599 -0.0807
v 0.8717 0.0646 -0.0947
v 0.8746 0.0739 -0.0983
v 0.873 0.0716 -0.0973
v 0.8726 0.0807 -0.0724
v 0.8738 0.0826 -0.0719
v 0.873 0.0903 -0.103
v 0.8723 0.0878 -0.1024
v 0.8736 0.101 -0.1051
v 0.8723 0.1322 -0.1077
v 0.8722 0.136 -0.0655
v 0.8725 0.14 -0.0655
v 0.8725 0.1505 -0.0656
v 0.8722 0.155 -0.1078
v 0.8702 0.1569 -0.0657
v 0.8757 0.1603 -0.0658
v 0.869 0.1602 -0.1077
v 0.8705 0.1831 -0.0671
v 0.8723 0.2078 -0.1044
v 0.8705 0.2135 -0.0702
v 0.8738 0.3355 -0.0715
v 0.8701 0.3407 -0.0729
v 0.871 0.3567 -0.104
v 0.8702 0.4144 -0.079
v 0.8699 0.2421 -0.0741
v 0.8711 0.4249 -0.0891
v 0.8709 0.1902 -0.0677
v 0.8714 0.4411 -0.087
v 0.872 0.2329 -0.0727
v 0.87 0.3435 -0.0696
v 0.874 0.0465 -0.0903
v 0.874 0.047 -0.0834
v 0.8723 0.4336 -0.094
v 0.8724 0.4213 -0.0872
v 0.8725 0.3332 -0.1037
v 0.8721 0.4396 -0.0923
v 0.8734 0.427 -0.0943
v 0.8704 0.3815 -0.11
v 0.8716 0.2581 -0.0992
v 0.8767 0.1067 -0.1059
v 0.8727 0.365 -0.0968
v 0.8718 0.3983 -0.107
v 0.8703 0.0903 -0.0698
v 0.8723 0.3707 -0.0707
v 0.8722 0.3105 -0.0745
v 0.8721 0.2011 -0.1052
v 0.8752 0.3308 -0.0704
v 0.8725 0.0461 -0.0853
v 0.8739 0.0803 -0.1004
v 0.8702 0.0866 -0.0708
v 0.8746 0.0847 -0.1017
v 0.8725 0.0971 -0.0684
v 0.8794 0.1003 -0.0678
v 0.8718 0.1114 -0.1064
v 0.8749 0.1138 -0.0663
v 0.8731 0.1168 -0.1069
v 0.8719 0.1329 -0.0655
v 0.8749 0.1457 -0.1079
v 0.8726 0.1496 -0.1079
v 0.8711 0.1568 -0.1078
v 0.8742 0.186 -0.1065
v 0.8713 0.1856 -0.0673
v 0.8704 0.2063 -0.0693
v 0.875 0.215 -0.1036
v 0.8735 0.2401 -0.1005
v 0.8751 0.2776 -0.0731
v 0.8692 0.4016 -0.1055
v 0.8737 0.3573 -0.0979
v 0.8718 0.4284 -0.0833
v 0.8731 0.4457 -0.087
v 0.875 0.3861 -0.1125
v 0.8741 0.4359 -0.0803
v 0.8754 0.4318 -0.0967
v 0.8727 0.4122 -0.069
v 0.8717 0.3235 -0.106
v 0.8728 0.4234 -0.0837
v 0.8735 0.4191 -0.0862
v 0.8736 0.4434 -0.0922
v 0.8746 0.446 -0.084
v 0.8727 0.2888 -0.0737
v 0.8721 0.4044 -0.0684
v 0.8781 0.2414 -0.1009
v 0.8743 0.3684 -0.0993
v 0.8753 0.0537 -0.0918
v 0.8784 0.0711 -0.0973
v 0.8747 0.0778 -0.0733
v 0.8746 0.0931 -0.1037
v 0.8749 0.1097 -0.0667
v 0.8747 0.1188 -0.0659
v 0.8732 0.124 -0.1074
v 0.8742 0.1251 -0.0657
v 0.8782 0.127 -0.1075
v 0.8714 0.1284 -0.0656
v 0.8733 0.1311 -0.1076
v 0.8743 0.152 -0.1078
v 0.8765 0.1645 -0.1076
v 0.8757 0.1722 -0.0664
v 0.8737 0.2089 -0.0695
v 0.876 0.2386 -0.0728
v 0.8723 0.2512 -0.0995
v 0.8738 0.2551 -0.074
v 0.872 0.2742 -0.1
v 0.8756 0.2834 -0.1013
v 0.8746 0.3266 -0.0688
v 0.8765 0.401 -0.1084
v 0.8732 0.4082 -0.1074
v 0.8717 0.4143 -0.0846
v 0.8727 0.3026 -0.0739
v 0.8759 0.0988 -0.1048
v 0.8734 0.2954 -0.0735
v 0.8747 0.4314 -0.0796
v 0.8736 0.0595 -0.0928
v 0.8761 0.2711 -0.0731
v 0.8719 0.2749 -0.0742
v 0.878 0.3834 -0.0607
v 0.8747 0.361 -0.0979
v 0.873 0.3805 -0.1065
v 0.8756 0.4381 -0.0964
v 0.874 0.4189 -0.0909
v 0.8741 0.4467 -0.0903
v 0.8729 0.3198 -0.1012
v 0.8723 0.3926 -0.1112
v 0.8733 0.3741 -0.1057
v 0.8733 0.3166 -0.0743
v 0.8779 0.4413 -0.0785
v 0.8738 0.4408 -0.0818
v 0.875 0.1565 -0.0657
v 0.8772 0.0457 -0.0886
v 0.8741 0.0557 -0.0917
v 0.8739 0.0888 -0.0702
v 0.8738 0.1023 -0.0675
v 0.8745 0.1055 -0.0671
v 0.8764 0.1322 -0.0655
v 0.8775 0.1361 -0.1078
v 0.8745 0.1444 -0.0655
v 0.8733 0.1958 -0.1057
v 0.8762 0.2002 -0.1053
v 0.8737 0.2347 -0.101
v 0.8746 0.2462 -0.1002
v 0.8739 0.2536 -0.0998
v 0.8753 0.2528 -0.0736
v 0.875 0.2797 -0.101
v 0.8743 0.2819 -0.0732
v 0.8718 0.3562 -0.0701
v 0.8763 0.41 -0.1085
v 0.8747 0.4142 -0.0736
v 0.8741 0.4143 -0.0934
v 0.875 0.4139 -0.0805
v 0.8744 0.3555 -0.1064
v 0.8775 0.4282 -0.0975
v 0.8743 0.3567 -0.0756
v 0.8737 0.4226 -0.093
v 0.8785 0.0876 -0.0704
v 0.8776 0.397 -0.1086
v 0.8752 0.4491 -0.0881
v 0.8748 0.415 -0.0889
v 0.8749 0.4153 -0.0863
v 0.8748 0.3943 -0.1081
v 0.879 0.4374 -0.098
v 0.8779 0.3672 -0.0997
v 0.8766 0.3574 -0.0986
v 0.8765 0.4144 -0.083
v 0.8763 0.3942 -0.0665
v 0.8758 0.1388 -0.0655
v 0.8814 0.0461 -0.086
v 0.8784 0.0634 -0.0791
v 0.8743 0.0693 -0.0965
v 0.8773 0.0888 -0.1028
v 0.878 0.1034 -0.0674
v 0.8781 0.1499 -0.1079
v 0.8753 0.1684 -0.0663
v 0.874 0.1702 -0.1074
v 0.8747 0.1946 -0.0681
v 0.8754 0.2254 -0.1022
v 0.8767 0.2317 -0.0722
v 0.8778 0.2658 -0.0729
v 0.8771 0.298 -0.0723
v 0.8753 0.3125 -0.0733
v 0.8747 0.3188 -0.0729
v 0.8728 0.3291 -0.1057
v 0.8754 0.3469 -0.0674
v 0.8749 0.3567 -0.1008
v 0.8761 0.3809 -0.0629
v 0.8777 0.382 -0.1127
v 0.8763 0.4072 -0.0669
v 0.8746 0.4148 -0.1012
v 0.8762 0.4148 -0.0922
v 0.8748 0.3203 -0.0687
v 0.877 0.2534 -0.1003
v 0.876 0.4182 -0.082
v 0.8769 0.4511 -0.088
v 0.8783 0.4146 -0.1033
v 0.8777 0.4143 -0.0949
v 0.8769 0.3537 -0.1074
v 0.8754 0.3383 -0.1048
v 0.8751 0.4252 -0.0803
v 0.8777 0.2885 -0.0723
v 0.8762 0.0809 -0.0723
v 0.8785 0.2088 -0.0695
v 0.8763 0.2153 -0.0702
v 0.8781 0.3891 -0.0609
v 0.8773 0.3707 -0.1048
v 0.8765 0.2104 -0.1042
v 0.8779 0.3708 -0.0687
v 0.8812 0.0538 -0.0824
v 0.8796 0.054 -0.0918
v 0.8756 0.0566 -0.0818
v 0.8773 0.0711 -0.0758
v 0.8774 0.0762 -0.0991
v 0.8767 0.0761 -0.0739
v 0.8742 0.1087 -0.1062
v 0.8768 0.1165 -0.1069
v 0.8781 0.1229 -0.1073
v 0.8752 0.1289 -0.0656
v 0.8806 0.1407 -0.0655
v 0.877 0.15 -0.0656
v 0.8782 0.1556 -0.1078
v 0.8802 0.1597 -0.0659
v 0.8745 0.1603 -0.1077
v 0.8744 0.1639 -0.066
v 0.8775 0.1841 -0.0672
v 0.8755 0.2431 -0.0732
v 0.876 0.2605 -0.0734
v 0.8756 0.2585 -0.1001
v 0.8754 0.2901 -0.1014
v 0.8763 0.2982 -0.1018
v 0.8746 0.3458 -0.1068
v 0.8784 0.3567 -0.0999
v 0.875 0.3624 -0.0758
v 0.8789 0.4276 -0.0782
v 0.8777 0.2814 -0.0724
v 0.8764 0.4444 -0.0951
v 0.875 0.3929 -0.063
v 0.8811 0.3924 -0.0613
v 0.876 0.3567 -0.1043
v 0.8779 0.3925 -0.1127
v 0.879 0.1202 -0.0659
v 0.8748 0.0502 -0.0918
v 0.8778 0.0814 -0.1008
v 0.8764 0.094 -0.069
v 0.8774 0.14 -0.1078
v 0.8771 0.1461 -0.0655
v 0.8792 0.1588 -0.1077
v 0.8779 0.1983 -0.0684
v 0.8805 0.2009 -0.1052
v 0.8777 0.2034 -0.0689
v 0.876 0.2237 -0.0713
v 0.8783 0.2363 -0.1013
v 0.8766 0.2482 -0.0733
v 0.8748 0.3032 -0.1014
v 0.8796 0.3039 -0.1024
v 0.8768 0.3091 -0.1018
v 0.875 0.3151 -0.1012
v 0.8793 0.3186 -0.0719
v 0.8745 0.3419 -0.1051
v 0.8773 0.3424 -0.068
v 0.8772 0.356 -0.0726
v 0.8784 0.3808 -0.1097
v 0.8764 0.4139 -0.1069
v 0.8796 0.4138 -0.0764
v 0.8803 0.2709 -0.1014
v 0.8776 0.3255 -0.1071
v 0.8785 0.4142 -0.0808
v 0.8781 0.3741 -0.1069
v 0.8817 0.2704 -0.0722
v 0.8771 0.3556 -0.0684
v 0.8813 0.3627 -0.0738
v 0.8786 0.4062 -0.109
v 0.8778 0.4168 -0.0951
v 0.8826 0.0746 -0.0744
v 0.8824 0.0789 -0.1001
v 0.877 0.1118 -0.1065
v 0.8794 0.1249 -0.0657
v 0.8817 0.1523 -0.1079
v 0.8768 0.1527 -0.0657
v 0.8777 0.1757 -0.1071
v 0.8818 0.1785 -0.0669
v 0.8766 0.1781 -0.0668
v 0.877 0.1899 -0.0677
v 0.881 0.1884 -0.0676
v 0.8832 0.1946 -0.0682
v 0.8765 0.2207 -0.1029
v 0.8784 0.2297 -0.1019
v 0.8763 0.268 -0.1007
v 0.8793 0.2921 -0.1022
v 0.8745 0.3533 -0.0676
v 0.878 0.3575 -0.0751
v 0.8765 0.3797 -0.067
v 0.8779 0.4025 -0.0663
v 0.8775 0.4141 -0.0704
v 0.883 0.414 -0.0715
v 0.8793 0.4143 -0.0967
v 0.8813 0.4142 -0.0981
v 0.8774 0.4238 -0.0968
v 0.8775 0.067 -0.0775
v 0.8819 0.4105 -0.1094
v 0.8824 0.318 -0.1028
v 0.8821 0.423 -0.0781
v 0.882 0.3704 -0.1056
v 0.882 0.2423 -0.0726
v 0.8794 0.3941 -0.1092
v 0.8775 0.4466 -0.0809
v 0.877 0.4498 -0.0843
v 0.8802 0.4147 -0.0799
v 0.8794 0.3745 -0.0669
v 0.8821 0.3798 -0.0659
v 0.8775 0.0656 -0.0952
v 0.8784 0.4519 -0.0907
v 0.8794 0.2758 -0.0723
v 0.8777 0.0599 -0.093
v 0.8799 0.0581 -0.0818
v 0.8813 0.1155 -0.1069
v 0.881 0.1107 -0.0665
v 0.8797 0.1318 -0.1077
v 0.8809 0.1353 -0.0655
v 0.881 0.1443 -0.1079
v 0.8838 0.1464 -0.0656
v 0.8797 0.167 -0.1075
v 0.8835 0.1716 -0.0665
v 0.8797 0.2092 -0.1043
v 0.8807 0.2145 -0.1037
v 0.8812 0.2333 -0.1016
v 0.8819 0.2453 -0.1009
v 0.8814 0.3117 -0.1027
v 0.8765 0.339 -0.0704
v 0.8799 0.3451 -0.1076
v 0.8767 0.3673 -0.0742
v 0.879 0.3853 -0.1134
v 0.8817 0.4145 -0.1051
v 0.8795 0.4197 -0.0789
v 0.878 0.3051 -0.0722
v 0.8768 0.4487 -0.0925
v 0.8813 0.3381 -0.1064
v 0.8821 0.455 -0.0905
v 0.881 0.3976 -0.0657
v 0.8787 0.333 -0.1059
v 0.878 0.1937 -0.1059
v 0.881 0.4528 -0.0831
v 0.8803 0.3562 -0.0742
v 0.8815 0.3196 -0.0684
v 0.8815 0.4451 -0.0783
v 0.8779 0.4121 -0.0671
v 0.8811 0.4093 -0.066
v 0.8837 0.413 -0.0667
v 0.8828 0.0685 -0.0769
v 0.882 0.0843 -0.1017
v 0.8805 0.0931 -0.1038
v 0.8803 0.1153 -0.0662
v 0.8804 0.1651 -0.0661
v 0.8799 0.1799 -0.1068
v 0.8838 0.182 -0.0671
v 0.8837 0.2007 -0.1052
v 0.8804 0.2204 -0.0708
v 0.8833 0.2206 -0.103
v 0.882 0.2275 -0.0716
v 0.8787 0.2506 -0.1005
v 0.8799 0.252 -0.073
v 0.8807 0.2577 -0.1008
v 0.8801 0.2569 -0.0729
v 0.8821 0.2623 -0.0725
v 0.8783 0.2747 -0.1014
v 0.88 0.312 -0.072
v 0.8789 0.3192 -0.1024
v 0.8812 0.3298 -0.0684
v 0.8789 0.3322 -0.0694
v 0.8799 0.3601 -0.0993
v 0.8799 0.379 -0.1076
v 0.8824 0.4352 -0.0969
v 0.8797 0.4385 -0.078
v 0.8804 0.4417 -0.098
v 0.8799 0.1538 -0.0657
v 0.8829 0.0822 -0.0718
v 0.8817 0.2136 -0.07
v 0.8803 0.3565 -0.1006
v 0.8838 0.1925 -0.106
v 0.8826 0.3427 -0.0668
v 0.8853 0.2282 -0.1021
v 0.8808 0.3239 -0.0673
v 0.8823 0.3062 -0.0715
v 0.8791 0.0479 -0.0829
v 0.8866 0.2222 -0.071
v 0.8829 0.451 -0.0801
v 0.8831 0.4147 -0.0783
v 0.8812 0.4519 -0.0938
v 0.8838 0.4305 -0.096
v 0.8814 0.0781 -0.0731
v 0.881 0.1067 -0.067
v 0.8839 0.1293 -0.0656
v 0.8864 0.1399 -0.1079
v 0.8857 0.1565 -0.1078
v 0.8841 0.1631 -0.1076
v 0.8795 0.1706 -0.0664
v 0.8827 0.2063 -0.0693
v 0.882 0.2341 -0.0722
v 0.8824 0.2398 -0.1012
v 0.88 0.2531 -0.1006
v 0.8818 0.2814 -0.1021
v 0.8834 0.281 -0.0717
v 0.8802 0.2871 -0.1022
v 0.8829 0.2944 -0.1027
v 0.8828 0.3466 -0.0662
v 0.8802 0.3565 -0.1058
v 0.8819 0.381 -0.0615
v 0.8831 0.4289 -0.0791
v 0.8813 0.4336 -0.0784
v 0.8819 0.4478 -0.097
v 0.883 0.2866 -0.0715
v 0.8846 0.373 -0.1076
v 0.8831 0.1099 -0.1064
v 0.883 0.0657 -0.0952
v 0.8832 0.3923 -0.1135
v 0.8806 0.4546 -0.0876
v 0.8823 0.4178 -0.0976
v 0.881 0.3526 -0.0664
v 0.8832 0.0889 -0.07
v 0.8821 0.0611 -0.0934
v 0.8848 0.2001 -0.0687
v 0.8857 0.2544 -0.101
v 0.8813 0.2646 -0.1012
v 0.8818 0.3202 -0.1068
v 0.883 0.3329 -0.1066
v 0.8868 0.3521 -0.0657
v 0.8813 0.356 -0.0695
v 0.8821 0.3579 -0.0743
v 0.8834 0.4052 -0.0655
v 0.8858 0.4141 -0.1005
v 0.883 0.4414 -0.0783
v 0.8818 0.4134 -0.1082
v 0.8858 0.4479 -0.0782
v 0.8814 0.4272 -0.0975
v 0.8833 0.3563 -0.1024
v 0.8849 0.0628 -0.0797
v 0.8877 0.0942 -0.1041
v 0.8816 0.0956 -0.0686
v 0.8823 0.0994 -0.105
v 0.8845 0.1223 -0.1074
v 0.8849 0.1298 -0.1077
v 0.8862 0.1468 -0.1079
v 0.8841 0.1517 -0.0657
v 0.8888 0.1605 -0.1077
v 0.8824 0.1761 -0.107
v 0.8804 0.1867 -0.1064
v 0.8844 0.2141 -0.1037
v 0.8826 0.2383 -0.0724
v 0.8874 0.2431 -0.1011
v 0.8854 0.2642 -0.0722
v 0.886 0.2723 -0.1019
v 0.8828 0.2748 -0.072
v 0.8822 0.293 -0.0715
v 0.8813 0.2989 -0.1027
v 0.8835 0.3048 -0.103
v 0.8853 0.3312 -0.068
v 0.8854 0.3556 -0.0685
v 0.8821 0.3679 -0.0722
v 0.8827 0.3714 -0.0672
v 0.885 0.3756 -0.0659
v 0.8837 0.3897 -0.06
v 0.8827 0.394 -0.0653
v 0.8861 0.409 -0.1098
v 0.8832 0.4138 -0.0759
v 0.8864 0.4443 -0.0975
v 0.8837 0.4551 -0.0921
v 0.886 0.2089 -0.0696
v 0.8871 0.3387 -0.0679
v 0.8858 0.4321 -0.0811
v 0.8855 0.0915 -0.0694
v 0.8859 0.4577 -0.0868
v 0.8872 0.0823 -0.1013
v 0.8829 0.1046 -0.1058
v 0.8887 0.0993 -0.105
v 0.8836 0.1256 -0.1075
v 0.8882 0.1724 -0.1072
v 0.8825 0.1714 -0.1073
v 0.8834 0.183 -0.1067
v 0.8855 0.189 -0.0677
v 0.883 0.225 -0.1025
v 0.8837 0.2482 -0.0727
v 0.8868 0.2644 -0.1015
v 0.8871 0.2732 -0.0718
v 0.8897 0.2799 -0.0713
v 0.8855 0.2875 -0.1027
v 0.8826 0.3 -0.0714
v 0.8837 0.327 -0.1078
v 0.8823 0.3391 -0.0684
v 0.8838 0.3488 -0.1085
v 0.883 0.3569 -0.1002
v 0.8822 0.3557 -0.1071
v 0.8841 0.3559 -0.0737
v 0.8862 0.3766 -0.1084
v 0.8864 0.3838 -0.0595
v 0.8859 0.3883 -0.1143
v 0.8818 0.3998 -0.1094
v 0.8865 0.4245 -0.0954
v 0.8854 0.4535 -0.095
v 0.8852 0.1566 -0.0658
v 0.8868 0.26 -0.1012
v 0.8849 0.4553 -0.0828
v 0.8839 0.3437 -0.108
v 0.8864 0.4572 -0.0909
v 0.8865 0.0632 -0.0941
v 0.8859 0.3273 -0.0676
v 0.8839 0.0717 -0.0976
v 0.8874 0.0687 -0.077
v 0.8874 0.0758 -0.074
v 0.8902 0.0799 -0.0727
v 0.8884 0.0979 -0.0681
v 0.8824 0.1353 -0.1078
v 0.8871 0.1345 -0.0655
v 0.8854 0.1533 -0.1078
v 0.8852 0.1657 -0.0662
v 0.8882 0.1842 -0.1065
v 0.8862 0.1888 -0.1062
v 0.8858 0.2045 -0.1048
v 0.8879 0.2197 -0.103
v 0.8852 0.2508 -0.1009
v 0.8838 0.2541 -0.0727
v 0.8888 0.2952 -0.0709
v 0.8843 0.317 -0.0715
v 0.8845 0.3402 -0.1071
v 0.8886 0.346 -0.1088
v 0.8834 0.3843 -0.1141
v 0.8889 0.3921 -0.0604
v 0.8886 0.4114 -0.0655
v 0.888 0.4128 -0.1091
v 0.8862 0.414 -0.0776
v 0.884 0.4148 -0.0977
v 0.8853 0.3667 -0.1014
v 0.8875 0.247 -0.101
v 0.8861 0.0755 -0.099
v 0.8866 0.4296 -0.0934
v 0.8887 0.4139 -0.069
v 0.8853 0.4093 -0.0655
v 0.8839 0.4213 -0.0975
v 0.8894 0.0466 -0.0899
v 0.8837 0.0462 -0.0896
v 0.8879 0.2984 -0.1032
v 0.8908 0.4528 -0.0971
v 0.8856 0.4497 -0.0974
v 0.8851 0.0577 -0.0822
v 0.8884 0.3559 -0.0734
v 0.8863 0.4362 -0.0811
v 0.8848 0.4398 -0.0966
v 0.885 0.3941 -0.1096
v 0.8849 0.0489 -0.0917
v 0.8919 0.0901 -0.0697
v 0.8857 0.1138 -0.0663
v 0.8856 0.1626 -0.066
v 0.8872 0.2384 -0.0724
v 0.8881 0.2437 -0.0725
v 0.8891 0.2515 -0.101
v 0.887 0.2543 -0.0726
v 0.8847 0.2758 -0.102
v 0.8872 0.2907 -0.0711
v 0.8857 0.3117 -0.0711
v 0.8873 0.3208 -0.0669
v 0.8878 0.3304 -0.1072
v 0.8917 0.3316 -0.0686
v 0.8917 0.3408 -0.1075
v 0.8872 0.3562 -0.1016
v 0.8855 0.3565 -0.1049
v 0.8856 0.3605 -0.0733
v 0.8848 0.381 -0.1129
v 0.8883 0.3973 -0.1097
v 0.8852 0.4036 -0.1097
v 0.8868 0.4006 -0.0652
v 0.8864 0.4368 -0.0944
v 0.8872 0.216 -0.0704
v 0.8885 0.4557 -0.0942
v 0.889 0.4356 -0.091
v 0.8857 0.4425 -0.0787
v 0.8879 0.4205 -0.0794
v 0.8851 0.0879 -0.1027
v 0.8845 0.1033 -0.0673
v 0.8904 0.1098 -0.1064
v 0.8846 0.1253 -0.0657
v 0.8894 0.1246 -0.1075
v 0.8896 0.1557 -0.1078
v 0.8883 0.1521 -0.0657
v 0.8892 0.1645 -0.1076
v 0.8859 0.1675 -0.1075
v 0.8874 0.1982 -0.1054
v 0.8864 0.2043 -0.0691
v 0.8851 0.2088 -0.1043
v 0.8888 0.2239 -0.1025
v 0.8925 0.2377 -0.0724
v 0.8864 0.2366 -0.1014
v 0.889 0.2517 -0.0726
v 0.8876 0.3098 -0.1033
v 0.8873 0.3078 -0.0709
v 0.888 0.3156 -0.1032
v 0.8886 0.3619 -0.1011
v 0.8866 0.3694 -0.1051
v 0.8872 0.3701 -0.0677
v 0.8928 0.374 -0.0657
v 0.8894 0.3815 -0.1139
v 0.8889 0.3884 -0.0595
v 0.8856 0.4175 -0.0783
v 0.8885 0.1083 -0.0668
v 0.8852 0.3801 -0.109
v 0.8885 0.4305 -0.0903
v 0.8882 0.3439 -0.0658
v 0.8894 0.4258 -0.0908
v 0.8868 0.4253 -0.0808
v 0.8887 0.4315 -0.0856
v 0.8895 0.439 -0.0828
v 0.8912 0.4553 -0.0802
v 0.8872 0.4513 -0.0786
v 0.8911 0.2199 -0.0709
v 0.8898 0.4425 -0.095
v 0.8888 0.088 -0.0703
v 0.8932 0.37 -0.1065
v 0.8907 0.3738 -0.1084
v 0.8847 0.0571 -0.0921
v 0.8869 0.1159 -0.1069
v 0.8866 0.119 -0.0659
v 0.8863 0.1392 -0.0655
v 0.888 0.1778 -0.1069
v 0.8878 0.1806 -0.0671
v 0.8921 0.1967 -0.1055
v 0.8906 0.2036 -0.0691
v 0.8906 0.2067 -0.1045
v 0.8871 0.2293 -0.0718
v 0.8889 0.2691 -0.0719
v 0.8902 0.2786 -0.1023
v 0.8883 0.2851 -0.0712
v 0.8875 0.2837 -0.1026
v 0.8886 0.2928 -0.103
v 0.8876 0.3012 -0.0709
v 0.8911 0.3137 -0.0708
v 0.889 0.3181 -0.0707
v 0.8937 0.3201 -0.067
v 0.8901 0.355 -0.0669
v 0.889 0.3564 -0.1043
v 0.889 0.3809 -0.0609
v 0.8898 0.3924 -0.1137
v 0.8899 0.4049 -0.0649
v 0.8883 0.4144 -0.1048
v 0.8884 0.4185 -0.097
v 0.8893 0.4478 -0.0978
v 0.89 0.3519 -0.1089
v 0.892 0.257 -0.101
v 0.8877 0.356 -0.1069
v 0.8898 0.1929 -0.1059
v 0.8893 0.4337 -0.0879
v 0.8876 0.0516 -0.0824
v 0.8869 0.0537 -0.092
v 0.8879 0.1316 -0.1077
v 0.892 0.1478 -0.0656
v 0.889 0.171 -0.0665
v 0.8905 0.2024 -0.105
v 0.8922 0.1992 -0.0687
v 0.8907 0.2074 -0.0695
v 0.8921 0.2488 -0.0727
v 0.8908 0.2549 -0.0725
v 0.89 0.3206 -0.1075
v 0.889 0.3358 -0.1069
v 0.8964 0.3552 -0.0704
v 0.8905 0.356 -0.1015
v 0.8878 0.3798 -0.065
v 0.8895 0.3934 -0.0644
v 0.8912 0.4142 -0.0779
v 0.889 0.4281 -0.0854
v 0.8898 0.047 -0.0846
v 0.8896 0.4574 -0.0831
v 0.8898 0.06 -0.0818
v 0.8877 0.3663 -0.0723
v 0.8938 0.0642 -0.0801
v 0.8898 0.4149 -0.0976
v 0.8898 0.4247 -0.0843
v 0.8897 0.4363 -0.0857
v 0.8893 0.0896 -0.1032
v 0.8895 0.0679 -0.0959
v 0.8922 0.1189 -0.066
v 0.8931 0.1458 -0.1079
v 0.8924 0.1522 -0.1079
v 0.8915 0.1657 -0.0663
v 0.8879 0.1759 -0.0668
v 0.8907 0.1884 -0.1063
v 0.8884 0.1969 -0.0684
v 0.89 0.213 -0.1038
v 0.8953 0.2148 -0.0705
v 0.8917 0.228 -0.1021
v 0.891 0.2328 -0.1016
v 0.89 0.271 -0.1019
v 0.8933 0.2999 -0.1032
v 0.8917 0.3119 -0.1034
v 0.8929 0.3472 -0.109
v 0.8864 0.3576 -0.1004
v 0.8908 0.3796 -0.1091
v 0.8902 0.3853 -0.1146
v 0.8902 0.4038 -0.1099
v 0.8905 0.4135 -0.0751
v 0.8904 0.414 -0.0985
v 0.89 0.4424 -0.0809
v 0.8954 0.4138 -0.0718
v 0.8905 0.4184 -0.0791
v 0.8921 0.2976 -0.0708
v 0.8887 0.3969 -0.065
v 0.8906 0.0508 -0.0919
v 0.891 0.4234 -0.0858
v 0.8898 0.3276 -0.0676
v 0.894 0.4132 -0.0668
v 0.8914 0.3615 -0.0728
v 0.8896 0.4223 -0.0816
v 0.8913 0.4467 -0.079
v 0.8917 0.1364 -0.0655
v 0.8895 0.0563 -0.082
v 0.8912 0.0729 -0.0979
v 0.8895 0.1151 -0.0662
v 0.8916 0.1197 -0.1072
v 0.8906 0.1251 -0.0657
v 0.8899 0.13 -0.0656
v 0.8896 0.1449 -0.0656
v 0.8911 0.1682 -0.1074
v 0.8911 0.1848 -0.0675
v 0.8921 0.1909 -0.068
v 0.8906 0.2379 -0.1013
v 0.8938 0.2531 -0.1008
v 0.8881 0.259 -0.0724
v 0.8927 0.2812 -0.1024
v 0.8937 0.2911 -0.1029
v 0.8919 0.3041 -0.0708
v 0.8902 0.3036 -0.1033
v 0.8884 0.3188 -0.104
v 0.8933 0.3233 -0.0667
v 0.8929 0.3347 -0.1066
v 0.8867 0.3544 -0.1084
v 0.8914 0.3561 -0.0734
v 0.8903 0.3946 -0.1096
v 0.8948 0.4179 -0.0958
v 0.8915 0.4515 -0.0784
v 0.8903 0.4592 -0.0893
v 0.8907 0.44 -0.0924
v 0.8916 0.4385 -0.0881
v 0.894 0.2418 -0.1009
v 0.8941 0.3964 -0.0649
v 0.8954 0.0991 -0.1051
v 0.8925 0.4219 -0.0859
v 0.8959 0.3561 -0.1038
v 0.8919 0.3558 -0.1071
v 0.899 0.356 -0.1059
v 0.8928 0.2158 -0.1034
v 0.8926 0.2617 -0.1012
v 0.8943 0.1137 -0.1068
v 0.8929 0.065 -0.0944
v 0.8945 0.0707 -0.0967
v 0.8912 0.0695 -0.077
v 0.893 0.0754 -0.0745
v 0.8952 0.0937 -0.069
v 0.8909 0.1034 -0.1057
v 0.8905 0.1025 -0.0674
v 0.8907 0.1282 -0.1076
v 0.8911 0.1518 -0.0657
v 0.8956 0.1887 -0.0679
v 0.8945 0.2586 -0.0726
v 0.8903 0.2641 -0.0721
v 0.8922 0.2954 -0.1031
v 0.8931 0.3181 -0.1036
v 0.8953 0.3474 -0.0654
v 0.8897 0.3492 -0.0653
v 0.8941 0.356 -0.1012
v 0.8961 0.3569 -0.0735
v 0.8924 0.3674 -0.1026
v 0.8939 0.3799 -0.0649
v 0.8949 0.3833 -0.1146
v 0.8949 0.3939 -0.1099
v 0.8954 0.3982 -0.1099
v 0.8936 0.4085 -0.1102
v 0.8921 0.4143 -0.098
v 0.8932 0.4593 -0.0851
v 0.8924 0.4206 -0.0824
v 0.8911 0.4218 -0.0928
v 0.892 0.4568 -0.0942
v 0.8947 0.4439 -0.0938
v 0.8932 0.4418 -0.0836
v 0.8922 0.3414 -0.0666
v 0.891 0.1413 -0.1079
v 0.8927 0.1566 -0.0658
v 0.896 0.352 -0.0654
v 0.8935 0.4484 -0.0974
v 0.8921 0.2917 -0.0709
v 0.891 0.0593 -0.0924
v 0.8937 0.1858 -0.1064
v 0.8917 0.2252 -0.0715
v 0.8923 0.2427 -0.0726
v 0.893 0.2474 -0.1008
v 0.8941 0.2515 -0.0728
v 0.8927 0.2874 -0.0711
v 0.8955 0.31 -0.1032
v 0.895 0.3296 -0.1074
v 0.8931 0.3693 -0.0686
v 0.8956 0.4585 -0.0927
v 0.8948 0.0556 -0.0925
v 0.895 0.448 -0.0792
v 0.8968 0.4526 -0.0975
v 0.8936 0.3806 -0.113
v 0.8936 0.4207 -0.0911
v 0.894 0.4404 -0.0882
v 0.8959 0.4552 -0.0795
v 0.894 0.4211 -0.0871
v 0.8923 0.1786 -0.067
v 0.8955 0.3667 -0.072
v 0.8935 0.3257 -0.1081
v 0.8915 0.0847 -0.0712
v 0.8929 0.0929 -0.1039
v 0.8975 0.0925 -0.1038
v 0.8932 0.1097 -0.0666
v 0.8939 0.1369 -0.1079
v 0.8958 0.1525 -0.0658
v 0.896 0.1598 -0.066
v 0.897 0.1699 -0.1073
v 0.8933 0.1806 -0.1067
v 0.8965 0.2128 -0.1036
v 0.8943 0.2236 -0.1024
v 0.893 0.2327 -0.0721
v 0.8916 0.2746 -0.0716
v 0.8953 0.3326 -0.0685
v 0.8992 0.381 -0.1134
v 0.8952 0.3902 -0.0594
v 0.8936 0.4025 -0.0648
v 0.8965 0.4195 -0.0831
v 0.8966 0.4423 -0.0902
v 0.8985 0.2292 -0.1014
v 0.8975 0.2258 -0.0719
v 0.8945 0.4125 -0.1094
v 0.8918 0.0783 -0.0999
v 0.8954 0.0819 -0.0722
v 0.8921 0.0845 -0.1019
v 0.8944 0.0884 -0.1029
v 0.8939 0.124 -0.1075
v 0.8957 0.1179 -0.066
v 0.8981 0.127 -0.1076
v 0.8952 0.155 -0.1078
v 0.8931 0.1582 -0.1078
v 0.8952 0.1744 -0.1071
v 0.8947 0.1994 -0.1052
v 0.8972 0.2224 -0.1024
v 0.8968 0.2707 -0.0721
v 0.8949 0.3047 -0.1032
v 0.8956 0.3152 -0.1032
v 0.8935 0.3377 -0.0684
v 0.8968 0.363 -0.0728
v 0.8992 0.372 -0.0663
v 0.8955 0.3798 -0.1095
v 0.8947 0.3915 -0.1144
v 0.8956 0.3932 -0.0634
v 0.9015 0.4134 -0.068
v 0.8947 0.4141 -0.101
v 0.8955 0.4169 -0.079
v 0.8958 0.4206 -0.0881
v 0.8954 0.4441 -0.0822
v 0.8947 0.2765 -0.102
v 0.8988 0.3264 -0.1078
v 0.8977 0.3547 -0.0667
v 0.899 0.4456 -0.0815
v 0.8982 0.3925 -0.1135
v 0.8959 0.4147 -0.0974
v 0.8956 0.0498 -0.0919
v 0.896 0.4417 -0.0862
v 0.895 0.4583 -0.0829
v 0.8951 0.0469 -0.0893
v 0.8961 0.05 -0.0826
v 0.8957 0.0612 -0.0927
v 0.8985 0.067 -0.0946
v 0.8976 0.0667 -0.0793
v 0.895 0.076 -0.099
v 0.896 0.1031 -0.0674
v 0.8968 0.1188 -0.1072
v 0.8943 0.1276 -0.0656
v 0.8944 0.1323 -0.1078
v 0.8962 0.1314 -0.0656
v 0.8936 0.1414 -0.0656
v 0.8979 0.1598 -0.1077
v 0.901 0.184 -0.1064
v 0.8958 0.1946 -0.0684
v 0.8955 0.205 -0.1046
v 0.8923 0.2111 -0.07
v 0.896 0.2509 -0.1005
v 0.8952 0.2668 -0.0722
v 0.894 0.2661 -0.1014
v 0.895 0.2717 -0.1017
v 0.8944 0.2796 -0.0715
v 0.8976 0.3268 -0.0673
v 0.9002 0.3393 -0.1068
v 0.8981 0.3555 -0.0732
v 0.8994 0.3885 -0.1146
v 0.901 0.4016 -0.1099
v 0.8944 0.408 -0.0648
v 0.8985 0.0858 -0.0712
v 0.9005 0.4134 -0.0775
v 0.8948 0.3573 -0.1005
v 0.8987 0.356 -0.101
v 0.8949 0.0605 -0.082
v 0.9015 0.1199 -0.066
v 0.8963 0.1088 -0.1064
v 0.9005 0.3198 -0.1071
v 0.8957 0.1487 -0.1079
v 0.9003 0.3498 -0.0656
v 0.8964 0.4133 -0.0768
v 0.8976 0.0713 -0.0769
v 0.8958 0.1121 -0.0664
v 0.9002 0.1345 -0.1078
v 0.8957 0.136 -0.0656
v 0.8975 0.141 -0.1079
v 0.9005 0.1562 -0.1078
v 0.8956 0.1654 -0.1075
v 0.8971 0.1773 -0.067
v 0.8984 0.1881 -0.1062
v 0.9017 0.2067 -0.1041
v 0.8957 0.2206 -0.0712
v 0.9009 0.235 -0.0732
v 0.8971 0.2579 -0.1006
v 0.9005 0.2782 -0.0722
v 0.8979 0.2861 -0.0715
v 0.9011 0.3085 -0.1025
v 0.8942 0.3085 -0.0708
v 0.901 0.3147 -0.1025
v 0.8966 0.3123 -0.071
v 0.8954 0.3173 -0.0709
v 0.8982 0.3446 -0.1086
v 0.8982 0.3428 -0.066
v 0.8951 0.3548 -0.1084
v 0.9013 0.3585 -0.0739
v 0.8964 0.3743 -0.1086
v 0.8953 0.3824 -0.0595
v 0.8984 0.3883 -0.0596
v 0.9007 0.392 -0.0603
v 0.9008 0.4055 -0.0648
v 0.8988 0.4115 -0.0655
v 0.8996 0.1564 -0.0659
v 0.8977 0.3798 -0.0651
v 0.8979 0.457 -0.0947
v 0.8968 0.1846 -0.0676
v 0.8975 0.4136 -0.1082
v 0.8965 0.3619 -0.1011
v 0.8991 0.3973 -0.1098
v 0.8984 0.3664 -0.1019
v 0.8981 0.4423 -0.0859
v 0.8989 0.3492 -0.109
v 0.8982 0.4475 -0.0962
v 0.898 0.0553 -0.082
v 0.9024 0.1017 -0.1054
v 0.8995 0.1266 -0.0657
v 0.8993 0.1404 -0.0656
v 0.8972 0.1665 -0.0664
v 0.8961 0.1714 -0.0667
v 0.9005 0.1798 -0.1067
v 0.8975 0.2313 -0.0724
v 0.9008 0.2537 -0.0998
v 0.9011 0.2741 -0.101
v 0.8974 0.2763 -0.0719
v 0.8979 0.2866 -0.1023
v 0.8965 0.2932 -0.0711
v 0.9005 0.3685 -0.0701
v 0.8979 0.3985 -0.0648
v 0.8976 0.414 -0.0983
v 0.8988 0.4141 -0.1031
v 0.8988 0.42 -0.0847
v 0.9014 0.4128 -0.1089
v 0.8988 0.0848 -0.1018
v 0.8995 0.4168 -0.0792
v 0.8979 0.2646 -0.1009
v 0.9021 0.4432 -0.0919
v 0.9008 0.457 -0.0946
v 0.8983 0.3532 -0.1087
v 0.897 0.0477 -0.0849
v 0.8995 0.0745 -0.098
v 0.8993 0.0772 -0.0743
v 0.9 0.0961 -0.1045
v 0.9003 0.1063 -0.0671
v 0.9002 0.1331 -0.0656
v 0.9005 0.1798 -0.0673
v 0.8984 0.2016 -0.1049
v 0.898 0.2481 -0.0731
v 0.8977 0.2516 -0.0731
v 0.8984 0.2549 -0.0731
v 0.8995 0.298 -0.0713
v 0.8993 0.3175 -0.103
v 0.8974 0.3198 -0.1072
v 0.8986 0.3227 -0.0668
v 0.9018 0.3587 -0.1001
v 0.8989 0.3686 -0.1048
v 0.8996 0.3813 -0.0604
v 0.9028 0.3877 -0.0599
v 0.8978 0.4187 -0.0944
v 0.898 0.4497 -0.0789
v 0.8981 0.4602 -0.0879
v 0.9008 0.4531 -0.0974
v 0.8976 0.1925 -0.1059
v 0.8961 0.2334 -0.1013
v 0.8978 0.2464 -0.1003
v 0.8991 0.25 -0.1001
v 0.9012 0.2194 -0.1024
v 0.8988 0.104 -0.1058
v 0.9013 0.1175 -0.1071
v 0.8996 0.1131 -0.1068
v 0.8997 0.4203 -0.0902
v 0.8991 0.3318 -0.1068
v 0.9038 0.055 -0.0927
v 0.9057 0.0556 -0.082
v 0.8995 0.0616 -0.0821
v 0.9036 0.0704 -0.0783
v 0.9016 0.0998 -0.068
v 0.9055 0.1089 -0.0669
v 0.8997 0.1234 -0.1075
v 0.8993 0.1524 -0.0658
v 0.9009 0.1741 -0.1071
v 0.9034 0.1884 -0.1061
v 0.9006 0.191 -0.0683
v 0.8981 0.1972 -0.0687
v 0.9027 0.203 -0.1045
v 0.8972 0.2043 -0.0694
v 0.9012 0.2211 -0.0717
v 0.8985 0.2384 -0.1006
v 0.8984 0.2412 -0.0731
v 0.8978 0.2942 -0.1027
v 0.9009 0.2922 -0.0717
v 0.8972 0.3031 -0.071
v 0.9002 0.3119 -0.0715
v 0.9009 0.319 -0.0679
v 0.9029 0.3347 -0.106
v 0.8998 0.4137 -0.0984
v 0.9017 0.4208 -0.0868
v 0.9041 0.3535 -0.1081
v 0.9014 0.0476 -0.0884
v 0.9 0.3936 -0.0647
v 0.903 0.2314 -0.1004
v 0.9007 0.2424 -0.0999
v 0.9023 0.4587 -0.0917
v 0.9034 0.4572 -0.0939
v 0.9012 0.1447 -0.1079
v 0.9009 0.0894 -0.0702
v 0.8978 0.0959 -0.0686
v 0.9051 0.0942 -0.0692
v 0.8995 0.1149 -0.0663
v 0.9057 0.125 -0.1075
v 0.8992 0.145 -0.0657
v 0.8971 0.1493 -0.0657
v 0.9052 0.151 -0.0659
v 0.9008 0.165 -0.0664
v 0.9048 0.1886 -0.0682
v 0.9022 0.1978 -0.069
v 0.9008 0.2155 -0.0709
v 0.9009 0.2508 -0.0737
v 0.9018 0.2725 -0.0728
v 0.8993 0.2812 -0.1018
v 0.9049 0.3114 -0.1017
v 0.9006 0.3172 -0.0714
v 0.9007 0.3552 -0.0735
v 0.9022 0.3699 -0.1061
v 0.9014 0.374 -0.1082
v 0.9031 0.3979 -0.065
v 0.8987 0.4086 -0.1102
v 0.9015 0.442 -0.0879
v 0.9038 0.4594 -0.0868
v 0.9013 0.0807 -0.0731
v 0.902 0.2033 -0.0695
v 0.9018 0.1842 -0.0678
v 0.9046 0.2903 -0.1011
v 0.9057 0.3747 -0.0665
v 0.9036 0.4487 -0.0789
v 0.9017 0.4436 -0.0837
v 0.9039 0.0651 -0.0817
v 0.9002 0.0627 -0.0927
v 0.9012 0.0497 -0.0919
v 0.9028 0.0691 -0.0949
v 0.9045 0.0981 -0.1047
v 0.9032 0.125 -0.0658
v 0.904 0.1549 -0.066
v 0.9059 0.1636 -0.0665
v 0.9002 0.1659 -0.1075
v 0.9026 0.1747 -0.067
v 0.8993 0.2627 -0.0729
v 0.8998 0.3025 -0.1027
v 0.9023 0.3213 -0.067
v 0.9036 0.3429 -0.0665
v 0.9032 0.3556 -0.0743
v 0.9038 0.3668 -0.1017
v 0.9012 0.3656 -0.0729
v 0.9012 0.3796 -0.1091
v 0.9077 0.3757 -0.1077
v 0.9019 0.3835 -0.1145
v 0.9039 0.388 -0.1143
v 0.9017 0.4147 -0.0975
v 0.9011 0.4184 -0.0956
v 0.9043 0.4411 -0.0901
v 0.903 0.4452 -0.0947
v 0.9009 0.3397 -0.0684
v 0.9008 0.3303 -0.0684
v 0.9066 0.4 -0.0653
v 0.9035 0.3553 -0.1068
v 0.9001 0.0801 -0.1002
v 0.9032 0.2586 -0.0741
v 0.9026 0.4538 -0.0792
v 0.8999 0.3364 -0.0685
v 0.9029 0.0505 -0.0828
v 0.9019 0.2967 -0.1021
v 0.9052 0.4197 -0.0959
v 0.9019 0.2682 -0.1004
v 0.9024 0.4484 -0.0968
v 0.901 0.458 -0.0825
v 0.9017 0.1303 -0.1077
v 0.9061 0.1344 -0.1078
v 0.9069 0.139 -0.1079
v 0.9045 0.1701 -0.0668
v 0.906 0.1794 -0.1066
v 0.9009 0.2108 -0.0703
v 0.902 0.2287 -0.0728
v 0.9042 0.2507 -0.0747
v 0.9012 0.259 -0.0999
v 0.903 0.2823 -0.0725
v 0.9057 0.3422 -0.1072
v 0.9027 0.355 -0.0701
v 0.9038 0.3555 -0.1021
v 0.9044 0.3922 -0.0608
v 0.9023 0.3938 -0.1102
v 0.905 0.3976 -0.1095
v 0.9037 0.4136 -0.0986
v 0.9039 0.4552 -0.0958
v 0.9017 0.419 -0.0813
v 0.9046 0.4527 -0.0972
v 0.9068 0.4138 -0.1042
v 0.9092 0.0813 -0.0996
v 0.9043 0.4226 -0.0867
v 0.9055 0.4224 -0.0834
v 0.9028 0.0892 -0.1029
v 0.9039 0.252 -0.0989
v 0.9058 0.0742 -0.0969
v 0.9006 0.406 -0.1101
v 0.9045 0.3813 -0.1136
v 0.903 0.3559 -0.1001
v 0.9064 0.3549 -0.0747
v 0.9028 0.1549 -0.1078
v 0.9047 0.0752 -0.076
v 0.9048 0.0774 -0.0986
v 0.9068 0.1202 -0.1073
v 0.9015 0.1391 -0.1079
v 0.9031 0.1495 -0.1079
v 0.9049 0.1534 -0.1078
v 0.9046 0.1648 -0.1075
v 0.9086 0.1819 -0.0679
v 0.9028 0.1943 -0.1055
v 0.9022 0.2134 -0.1032
v 0.9033 0.2395 -0.0741
v 0.9062 0.2625 -0.0984
v 0.9035 0.2689 -0.0735
v 0.9038 0.3058 -0.0721
v 0.9059 0.3199 -0.068
v 0.9042 0.327 -0.1069
v 0.9082 0.3305 -0.07
v 0.9059 0.3377 -0.0698
v 0.9055 0.3462 -0.0663
v 0.906 0.3553 -0.1063
v 0.9065 0.4059 -0.1096
v 0.9034 0.4136 -0.0725
v 0.9033 0.4505 -0.0975
v 0.9063 0.3506 -0.0663
v 0.9041 0.2845 -0.101
v 0.9043 0.109 -0.1063
v 0.911 0.4132 -0.0706
v 0.9045 0.0835 -0.101
v 0.9053 0.4115 -0.1093
v 0.9026 0.1984 -0.1051
v 0.9031 0.2539 -0.0742
v 0.9031 0.2477 -0.0742
v 0.9039 0.4217 -0.0914
v 0.9035 0.0638 -0.0926
v 0.9048 0.1303 -0.0657
v 0.9041 0.1356 -0.0657
v 0.9044 0.1582 -0.0661
v 0.9041 0.1592 -0.1077
v 0.9057 0.1937 -0.0688
v 0.9055 0.218 -0.0719
v 0.9025 0.227 -0.1011
v 0.9076 0.2303 -0.0748
v 0.9058 0.2338 -0.0746
v 0.9055 0.2775 -0.0736
v 0.904 0.2802 -0.1006
v 0.9043 0.3039 -0.1017
v 0.9068 0.3174 -0.073
v 0.9039 0.3799 -0.0655
v 0.9064 0.4134 -0.0986
v 0.9065 0.4454 -0.0798
v 0.9069 0.4574 -0.0921
v 0.9049 0.2946 -0.0725
v 0.9054 0.3199 -0.1066
v 0.9064 0.0511 -0.0907
v 0.904 0.2636 -0.0741
v 0.9081 0.2275 -0.0995
v 0.9059 0.4387 -0.0881
v 0.905 0.2224 -0.1013
v 0.9059 0.0928 -0.1036
v 0.9099 0.0939 -0.1036
v 0.9055 0.1438 -0.1079
v 0.9058 0.1552 -0.066
v 0.9095 0.1699 -0.1072
v 0.9061 0.1769 -0.0673
v 0.9098 0.1928 -0.1053
v 0.908 0.2575 -0.0767
v 0.9054 0.2752 -0.0998
v 0.9091 0.2834 -0.0989
v 0.9076 0.3312 -0.1051
v 0.9067 0.3377 -0.1052
v 0.9057 0.3498 -0.1082
v 0.9066 0.3582 -0.0754
v 0.9063 0.3634 -0.1001
v 0.9066 0.4124 -0.0668
v 0.9076 0.4584 -0.0883
v 0.9055 0.4411 -0.084
v 0.9059 0.418 -0.079
v 0.9041 0.2466 -0.0988
v 0.9083 0.2462 -0.0961
v 0.9056 0.2009 -0.1046
v 0.9092 0.0793 -0.0748
v 0.9044 0.2361 -0.0994
v 0.9057 0.2257 -0.0732
v 0.9046 0.2578 -0.0988
v 0.905 0.3709 -0.0677
v 0.9063 0.4253 -0.0865
v 0.9066 0.3077 -0.073
v 0.9051 0.3133 -0.0725
v 0.9038 0.354 -0.0666
v 0.9069 0.3404 -0.0688
v 0.9058 0.0509 -0.0846
v 0.9091 0.2354 -0.0969
v 0.9063 0.3667 -0.0732
v 0.9061 0.0598 -0.0927
v 0.9054 0.1151 -0.0664
v 0.9088 0.1496 -0.1079
v 0.91 0.1595 -0.1076
v 0.9086 0.1643 -0.1074
v 0.9062 0.1742 -0.107
v 0.9098 0.1699 -0.067
v 0.9066 0.202 -0.0697
v 0.9069 0.2141 -0.1026
v 0.9056 0.2872 -0.0731
v 0.9068 0.3921 -0.1134
v 0.9065 0.394 -0.0652
v 0.9069 0.4506 -0.0978
v 0.9091 0.4217 -0.0795
v 0.9078 0.2571 -0.0968
v 0.9057 0.3178 -0.102
v 0.9073 0.2403 -0.0976
v 0.9066 0.3558 -0.0994
v 0.9088 0.4127 -0.1076
v 0.9098 0.0571 -0.0837
v 0.9053 0.061 -0.0822
v 0.9068 0.441 -0.0932
v 0.9111 0.3103 -0.0989
v 0.9049 0.0845 -0.072
v 0.909 0.3027 -0.1
v 0.9066 0.3798 -0.1091
v 0.9078 0.3815 -0.0612
v 0.9112 0.3713 -0.0686
v 0.9078 0.4378 -0.0835
v 0.9087 0.088 -0.1021
v 0.9068 0.2519 -0.0974
v 0.9072 0.4356 -0.0881
v 0.9096 0.3669 -0.1008
v 0.9072 0.1536 -0.066
v 0.9091 0.4524 -0.0797
v 0.909 0.204 -0.1038
v 0.9065 0.4132 -0.0769
v 0.9075 0.4293 -0.0867
v 0.9063 0.0989 -0.0683
v 0.9125 0.1226 -0.1073
v 0.9066 0.1388 -0.0657
v 0.906 0.145 -0.0658
v 0.9083 0.1982 -0.1047
v 0.9073 0.2469 -0.0763
v 0.9077 0.3274 -0.0687
v 0.9093 0.3527 -0.1074
v 0.9089 0.3547 -0.0686
v 0.9069 0.3586 -0.0993
v 0.9108 0.3648 -0.099
v 0.9095 0.3849 -0.1136
v 0.9082 0.3942 -0.109
v 0.9065 0.417 -0.0975
v 0.9087 0.0699 -0.0939
v 0.9076 0.2629 -0.076
v 0.9132 0.4132 -0.1022
v 0.9073 0.2506 -0.0763
v 0.9093 0.0573 -0.092
v 0.9079 0.3701 -0.1055
v 0.9078 0.208 -0.1034
v 0.9092 0.4259 -0.0816
v 0.9065 0.4251 -0.0904
v 0.9087 0.2712 -0.0759
v 0.9079 0.434 -0.0853
v 0.9059 0.4092 -0.0653
v 0.9078 0.4303 -0.0895
v 0.9074 0.1139 -0.1068
v 0.9088 0.252 -0.0953
v 0.9103 0.2471 -0.0789
v 0.907 0.2413 -0.0759
v 0.9127 0.0813 -0.0746
v 0.9073 0.2996 -0.0733
v 0.9082 0.3272 -0.1061
v 0.9066 0.4455 -0.0965
v 0.9087 0.4341 -0.0919
v 0.9079 0.455 -0.0951
v 0.9108 0.0618 -0.0834
v 0.91 0.0868 -0.0718
v 0.906 0.1041 -0.0675
v 0.9089 0.1017 -0.1052
v 0.9088 0.1323 -0.0658
v 0.9105 0.1322 -0.1077
v 0.9111 0.1412 -0.0659
v 0.912 0.1454 -0.066
v 0.9077 0.1551 -0.1078
v 0.9112 0.1543 -0.0662
v 0.9085 0.1987 -0.0695
v 0.9113 0.2023 -0.0703
v 0.9067 0.2069 -0.0703
v 0.907 0.2118 -0.0711
v 0.9095 0.2189 -0.0729
v 0.9078 0.3236 -0.0681
v 0.9089 0.3339 -0.0707
v 0.906 0.346 -0.108
v 0.9096 0.3548 -0.0757
v 0.9092 0.3553 -0.1055
v 0.9085 0.3875 -0.0607
v 0.909 0.3922 -0.0615
v 0.9087 0.4011 -0.1092
v 0.9089 0.4058 -0.0655
v 0.9092 0.4133 -0.0981
v 0.9094 0.4491 -0.0786
v 0.9103 0.2422 -0.0945
v 0.907 0.2683 -0.0986
v 0.9122 0.0679 -0.0822
v 0.909 0.2794 -0.0753
v 0.9104 0.2978 -0.0991
v 0.9144 0.3254 -0.104
v 0.9071 0.4561 -0.082
v 0.9093 0.0546 -0.0875
v 0.9132 0.2769 -0.0941
v 0.909 0.4284 -0.0929
v 0.9101 0.3185 -0.0704
v 0.9106 0.2626 -0.0945
v 0.9112 0.2314 -0.0778
v 0.9134 0.4522 -0.0818
v 0.9093 0.4406 -0.0808
v 0.9102 0.2929 -0.0752
v 0.9085 0.4247 -0.0941
v 0.9076 0.0906 -0.0703
v 0.9109 0.1431 -0.1079
v 0.9093 0.1624 -0.0665
v 0.9109 0.1739 -0.0674
v 0.9115 0.1848 -0.106
v 0.9087 0.1899 -0.0686
v 0.9081 0.186 -0.1061
v 0.9072 0.2954 -0.1006
v 0.9104 0.3422 -0.0681
v 0.909 0.3552 -0.1003
v 0.912 0.3551 -0.1049
v 0.9092 0.3564 -0.0983
v 0.9115 0.4017 -0.066
v 0.9099 0.4205 -0.0975
v 0.9107 0.2513 -0.0939
v 0.9133 0.3325 -0.0731
v 0.9085 0.4283 -0.0836
v 0.9126 0.4325 -0.0797
v 0.9115 0.2388 -0.0931
v 0.9118 0.4275 -0.0961
v 0.9099 0.4392 -0.0953
v 0.909 0.2521 -0.0779
v 0.9118 0.3554 -0.098
v 0.9111 0.4093 -0.1089
v 0.9091 0.2356 -0.0769
v 0.9127 0.3296 -0.1029
v 0.9088 0.2232 -0.0736
v 0.9099 0.3037 -0.0746
v 0.9079 0.067 -0.0816
v 0.9109 0.3112 -0.0751
v 0.9107 0.3172 -0.0751
v 0.9091 0.3642 -0.075
v 0.9106 0.078 -0.0978
v 0.9117 0.1009 -0.0683
v 0.9097 0.1062 -0.1059
v 0.9098 0.1065 -0.0673
v 0.9103 0.1172 -0.0664
v 0.9103 0.177 -0.1067
v 0.9117 0.1963 -0.0695
v 0.9111 0.2079 -0.0711
v 0.9114 0.2111 -0.1022
v 0.9104 0.2134 -0.072
v 0.9089 0.217 -0.1016
v 0.9134 0.2501 -0.0953
v 0.9103 0.2908 -0.0987
v 0.9103 0.3169 -0.1
v 0.9107 0.3522 -0.0672
v 0.9144 0.3841 -0.1126
v 0.9105 0.4128 -0.0774
v 0.9116 0.456 -0.0853
v 0.9119 0.4529 -0.0951
v 0.9114 0.2405 -0.0802
v 0.9136 0.3089 -0.0774
v 0.9119 0.4269 -0.0797
v 0.9096 0.4355 -0.082
v 0.9125 0.433 -0.0964
v 0.9115 0.3674 -0.0735
v 0.9112 0.25 -0.0798
v 0.9108 0.267 -0.0952
v 0.9097 0.3727 -0.1068
v 0.9094 0.2744 -0.0976
v 0.9117 0.3354 -0.1022
v 0.9116 0.2749 -0.0781
v 0.914 0.0896 -0.0714
v 0.9145 0.4547 -0.0897
v 0.9114 0.3207 -0.1054
v 0.912 0.3613 -0.0772
v 0.9096 0.1267 -0.0659
v 0.9116 0.4561 -0.0911
v 0.9134 0.0755 -0.0957
v 0.9103 0.2206 -0.1003
v 0.9104 0.0737 -0.078
v 0.9101 0.0629 -0.0917
v 0.9137 0.0702 -0.0928
v 0.9115 0.1098 -0.1063
v 0.9146 0.1115 -0.1063
v 0.9135 0.1181 -0.107
v 0.9102 0.1213 -0.0661
v 0.9119 0.1369 -0.0659
v 0.9125 0.1492 -0.1078
v 0.9114 0.157 -0.0663
v 0.9156 0.1637 -0.067
v 0.913 0.1645 -0.1073
v 0.911 0.2556 -0.0938
v 0.9112 0.3395 -0.0713
v 0.9116 0.3466 -0.0676
v 0.9141 0.3489 -0.1065
v 0.9127 0.3548 -0.077
v 0.9123 0.379 -0.1071
v 0.9128 0.3768 -0.068
v 0.9106 0.38 -0.0662
v 0.9133 0.3935 -0.0663
v 0.9117 0.4435 -0.0787
v 0.9108 0.2565 -0.0806
v 0.9103 0.2802 -0.0976
v 0.913 0.3638 -0.0974
v 0.9151 0.3683 -0.0738
v 0.9132 0.287 -0.0957
v 0.9166 0.1323 -0.0663
v 0.9111 0.2644 -0.0793
v 0.9135 0.2713 -0.0937
v 0.9094 0.2314 -0.0978
v 0.9117 0.2801 -0.0774
v 0.9136 0.2931 -0.0785
v 0.913 0.3019 -0.0971
v 0.9139 0.3085 -0.0961
v 0.9107 0.2436 -0.0788
v 0.9126 0.2521 -0.0795
v 0.9143 0.426 -0.0785
v 0.9123 0.269 -0.0802
v 0.9145 0.2164 -0.0997
v 0.9145 0.3646 -0.0775
v 0.9125 0.3591 -0.0968
v 0.9108 0.3394 -0.1039
v 0.9128 0.413 -0.0973
v 0.913 0.4227 -0.0979
v 0.9127 0.0961 -0.0694
v 0.9145 0.1161 -0.0667
v 0.9095 0.128 -0.1076
v 0.9109 0.1857 -0.0683
v 0.915 0.1931 -0.1047
v 0.9133 0.2051 -0.103
v 0.9109 0.2453 -0.0952
v 0.9148 0.3182 -0.0744
v 0.915 0.3511 -0.0683
v 0.9127 0.3937 -0.1083
v 0.9138 0.444 -0.0982
v 0.9105 0.448 -0.098
v 0.9118 0.3571 -0.0789
v 0.9124 0.2368 -0.0812
v 0.9115 0.2238 -0.0989
v 0.9122 0.2266 -0.0766
v 0.9104 0.2862 -0.0757
v 0.9122 0.4162 -0.0787
v 0.9123 0.3252 -0.0695
v 0.9126 0.2881 -0.0776
v 0.9133 0.3197 -0.0703
v 0.9126 0.2347 -0.0927
v 0.9141 0.4123 -0.1063
v 0.9155 0.2112 -0.1009
v 0.9133 0.4388 -0.079
v 0.9138 0.2587 -0.0791
v 0.9113 0.3808 -0.112
v 0.9138 0.3171 -0.0776
v 0.9166 0.0641 -0.0917
v 0.914 0.2305 -0.081
v 0.9132 0.2334 -0.081
v 0.9146 0.3394 -0.1013
v 0.9143 0.2108 -0.0725
v 0.915 0.2456 -0.0778
v 0.9142 0.3906 -0.1127
v 0.9153 0.3718 -0.0695
v 0.9175 0.1357 -0.0663
v 0.9157 0.1478 -0.0663
v 0.9126 0.1517 -0.0662
v 0.9135 0.1548 -0.1077
v 0.9147 0.1534 -0.0664
v 0.917 0.1564 -0.1075
v 0.914 0.1804 -0.0681
v 0.9143 0.1945 -0.0696
v 0.9132 0.2001 -0.1039
v 0.9164 0.2364 -0.08
v 0.9152 0.2506 -0.0787
v 0.913 0.4175 -0.0977
v 0.913 0.2309 -0.0935
v 0.913 0.227 -0.0963
v 0.9148 0.4272 -0.0979
v 0.9152 0.3381 -0.0738
v 0.9188 0.1858 -0.1052
v 0.9136 0.1805 -0.1063
v 0.914 0.3665 -0.0985
v 0.9148 0.3544 -0.105
v 0.9144 0.28 -0.081
v 0.9131 0.2952 -0.0966
v 0.9162 0.3009 -0.0811
v 0.9189 0.3703 -0.102
v 0.9128 0.2967 -0.077
v 0.9154 0.2968 -0.0933
v 0.9152 0.3556 -0.0793
v 0.9144 0.2819 -0.0936
v 0.9138 0.2747 -0.081
v 0.9164 0.3803 -0.1096
v 0.9141 0.3824 -0.0621
v 0.9153 0.3657 -0.097
v 0.9148 0.2644 -0.0791
v 0.9147 0.2446 -0.0963
v 0.9128 0.06 -0.089
v 0.9158 0.1882 -0.0691
v 0.915 0.2008 -0.0707
v 0.9152 0.452 -0.0936
v 0.9152 0.0831 -0.0992
v 0.913 0.0857 -0.1007
v 0.9135 0.137 -0.1078
v 0.914 0.2167 -0.0741
v 0.9147 0.2327 -0.0929
v 0.9169 0.2548 -0.0791
v 0.9167 0.2703 -0.0801
v 0.9149 0.3442 -0.0689
v 0.9174 0.3546 -0.0764
v 0.9147 0.3548 -0.0999
v 0.9166 0.3796 -0.0684
v 0.9135 0.3911 -0.0621
v 0.9148 0.4219 -0.0783
v 0.9154 0.4479 -0.0966
v 0.9143 0.2282 -0.0803
v 0.9153 0.4122 -0.096
v 0.9154 0.2365 -0.094
v 0.9186 0.1844 -0.0691
v 0.9167 0.3112 -0.0932
v 0.9148 0.3614 -0.0952
v 0.9147 0.0708 -0.0817
v 0.914 0.3145 -0.0965
v 0.9127 0.3426 -0.1061
v 0.9138 0.3033 -0.0781
v 0.9156 0.228 -0.0927
v 0.9144 0.3994 -0.1081
v 0.915 0.3287 -0.0729
v 0.917 0.3796 -0.1058
v 0.9152 0.3322 -0.0996
v 0.9132 0.3969 -0.0665
v 0.9165 0.4152 -0.0954
v 0.9146 0.2063 -0.0716
v 0.918 0.3255 -0.0725
v 0.9159 0.207 -0.1018
v 0.9154 0.4454 -0.0789
v 0.916 0.2254 -0.0806
v 0.9162 0.4535 -0.0875
v 0.9173 0.3378 -0.0992
v 0.9155 0.1291 -0.0662
v 0.9139 0.0979 -0.1042
v 0.9152 0.1042 -0.1053
v 0.9182 0.1026 -0.0687
v 0.9154 0.107 -0.0677
v 0.9143 0.1229 -0.0663
v 0.9182 0.1441 -0.1076
v 0.9141 0.1742 -0.0676
v 0.9148 0.1746 -0.1066
v 0.9199 0.1808 -0.1056
v 0.9154 0.1891 -0.1052
v 0.9158 0.1967 -0.1039
v 0.9186 0.2065 -0.073
v 0.9176 0.2303 -0.0803
v 0.9136 0.2602 -0.0953
v 0.9151 0.2656 -0.0954
v 0.9179 0.2745 -0.0804
v 0.9148 0.2847 -0.081
v 0.9185 0.3468 -0.1047
v 0.9165 0.3548 -0.1023
v 0.9183 0.3892 -0.0634
v 0.9128 0.4108 -0.0669
v 0.9147 0.4386 -0.098
v 0.9132 0.3545 -0.0698
v 0.9147 0.4125 -0.0802
v 0.9168 0.3293 -0.1004
v 0.9184 0.212 -0.0748
v 0.9186 0.3818 -0.0639
v 0.918 0.4509 -0.0916
v 0.9173 0.435 -0.0781
v 0.9173 0.3672 -0.0973
v 0.9164 0.3086 -0.0816
v 0.9162 0.2189 -0.0974
v 0.9175 0.2036 -0.0718
v 0.9145 0.2397 -0.0801
v 0.9175 0.4052 -0.0679
v 0.9143 0.3181 -0.097
v 0.9165 0.0627 -0.0847
v 0.9182 0.2191 -0.0786
v 0.9152 0.2205 -0.0764
v 0.9188 0.0869 -0.1
v 0.9156 0.4494 -0.0809
v 0.9169 0.0724 -0.0928
v 0.9148 0.0854 -0.0732
v 0.9194 0.0906 -0.0723
v 0.9137 0.1104 -0.0671
v 0.9174 0.1424 -0.0664
v 0.9165 0.1543 -0.0666
v 0.9175 0.15 -0.1076
v 0.9142 0.1677 -0.0672
v 0.9191 0.1698 -0.0678
v 0.9146 0.1699 -0.107
v 0.9186 0.1958 -0.0706
v 0.9202 0.2577 -0.0941
v 0.917 0.2545 -0.0951
v 0.918 0.2606 -0.0953
v 0.9183 0.2621 -0.0791
v 0.9174 0.2709 -0.0943
v 0.916 0.2948 -0.0812
v 0.9161 0.3188 -0.1013
v 0.9186 0.359 -0.08
v 0.9152 0.3709 -0.1043
v 0.9188 0.392 -0.0644
v 0.9172 0.4216 -0.0974
v 0.9172 0.4274 -0.0783
v 0.9187 0.4366 -0.0979
v 0.9177 0.0789 -0.0964
v 0.9165 0.2223 -0.0948
v 0.918 0.2096 -0.0737
v 0.9162 0.2259 -0.0928
v 0.9187 0.2154 -0.0972
v 0.9158 0.341 -0.071
v 0.9174 0.418 -0.0803
v 0.9176 0.4134 -0.0928
v 0.9205 0.4242 -0.0802
v 0.9174 0.3177 -0.0812
v 0.9172 0.4114 -0.0694
v 0.9181 0.2148 -0.0758
v 0.9182 0.398 -0.0685
v 0.9184 0.3937 -0.1062
v 0.9163 0.0914 -0.1022
v 0.9171 0.3922 -0.1105
v 0.9174 0.1301 -0.1075
v 0.9174 0.1362 -0.1076
v 0.9171 0.1569 -0.0668
v 0.9159 0.1605 -0.1074
v 0.9193 0.1643 -0.107
v 0.9179 0.181 -0.0686
v 0.9186 0.1996 -0.0713
v 0.9193 0.2649 -0.0948
v 0.9157 0.29 -0.0809
v 0.9156 0.2896 -0.0934
v 0.9183 0.3494 -0.0697
v 0.9181 0.3541 -0.0711
v 0.9182 0.3541 -0.1038
v 0.9166 0.3549 -0.0965
v 0.9159 0.3623 -0.0811
v 0.917 0.375 -0.1049
v 0.914 0.405 -0.1083
v 0.9208 0.4064 -0.1056
v 0.9166 0.4118 -0.0938
v 0.9155 0.4128 -0.0745
v 0.9172 0.4389 -0.0785
v 0.9167 0.3212 -0.1028
v 0.918 0.4209 -0.0797
v 0.9192 0.3022 -0.0939
v 0.9161 0.3059 -0.0931
v 0.9192 0.3364 -0.0756
v 0.9176 0.2234 -0.0928
v 0.9185 0.0637 -0.089
v 0.9176 0.3172 -0.0937
v 0.9161 0.3525 -0.1058
v 0.9174 0.4104 -0.1067
v 0.9197 0.3091 -0.094
v 0.9203 0.2855 -0.0812
v 0.919 0.3558 -0.0954
v 0.92 0.373 -0.0714
v 0.9187 0.2278 -0.0938
v 0.9171 0.4425 -0.0978
v 0.92 0.3459 -0.0711
v 0.9175 0.2325 -0.0942
v 0.9183 0.2037 -0.1019
v 0.9167 0.3131 -0.0814
v 0.9191 0.0839 -0.0986
v 0.92 0.3135 -0.094
v 0.9189 0.2205 -0.0929
v 0.9192 0.3547 -0.0789
v 0.9182 0.4002 -0.1068
v 0.9176 0.2778 -0.0942
v 0.9167 0.0762 -0.0788
v 0.9184 0.1138 -0.1063
v 0.9219 0.1341 -0.1073
v 0.9214 0.139 -0.0667
v 0.9204 0.1463 -0.0668
v 0.9186 0.1613 -0.0672
v 0.9199 0.1963 -0.1032
v 0.9202 0.2463 -0.0947
v 0.9207 0.2597 -0.0806
v 0.9177 0.303 -0.0812
v 0.9169 0.3639 -0.0946
v 0.9182 0.4125 -0.1018
v 0.9183 0.428 -0.0979
v 0.9168 0.4517 -0.0846
v 0.9193 0.4163 -0.0831
v 0.917 0.0655 -0.0826
v 0.9188 0.2438 -0.0794
v 0.9205 0.0966 -0.1031
v 0.9219 0.3223 -0.0749
v 0.919 0.1948 -0.1037
v 0.9216 0.3674 -0.0797
v 0.9185 0.218 -0.0956
v 0.9218 0.3795 -0.0714
v 0.9202 0.2798 -0.0811
v 0.9203 0.2748 -0.0822
v 0.9213 0.2165 -0.0807
v 0.9177 0.1909 -0.0697
v 0.9184 0.3667 -0.0787
v 0.9217 0.068 -0.0917
v 0.9206 0.2612 -0.0937
v 0.9192 0.4116 -0.0883
v 0.9195 0.2493 -0.0797
v 0.9181 0.2414 -0.0947
v 0.9188 0.4129 -0.0896
v 0.9216 0.0863 -0.075
v 0.9218 0.3716 -0.1007
v 0.9197 0.0725 -0.0821
v 0.9191 0.1903 -0.1045
v 0.9195 0.3544 -0.097
v 0.9175 0.4119 -0.0837
v 0.9179 0.4116 -0.0916
v 0.9222 0.4116 -0.0921
v 0.9205 0.0744 -0.0928
v 0.9189 0.2163 -0.0774
v 0.9192 0.2106 -0.0992
v 0.9237 0.0928 -0.1009
v 0.9215 0.124 -0.1069
v 0.9227 0.1321 -0.0669
v 0.9207 0.1574 -0.1072
v 0.9186 0.1764 -0.0683
v 0.9217 0.2022 -0.0731
v 0.9207 0.2829 -0.0927
v 0.9181 0.2854 -0.094
v 0.9203 0.2943 -0.0938
v 0.9211 0.2914 -0.0814
v 0.9209 0.3372 -0.0987
v 0.9218 0.3542 -0.0974
v 0.9196 0.3684 -0.0972
v 0.9216 0.4113 -0.0822
v 0.9186 0.4121 -0.0971
v 0.9213 0.4322 -0.0965
v 0.9201 0.4188 -0.0942
v 0.9186 0.4465 -0.0815
v 0.9194 0.2381 -0.0934
v 0.9191 0.2425 -0.0827
v 0.9188 0.2217 -0.0808
v 0.9194 0.4141 -0.087
v 0.9208 0.4161 -0.0886
v 0.9198 0.2363 -0.0809
v 0.9201 0.2381 -0.0883
v 0.9193 0.2424 -0.089
v 0.9199 0.3827 -0.1108
v 0.9198 0.4118 -0.0778
v 0.9203 0.3404 -0.0739
v 0.9208 0.4471 -0.0847
v 0.9194 0.2702 -0.0933
v 0.9191 0.0814 -0.0765
v 0.9224 0.4101 -0.1036
v 0.9183 0.3321 -0.0756
v 0.9198 0.27 -0.0821
v 0.9193 0.4506 -0.0881
v 0.9191 0.2507 -0.0948
v 0.9214 0.411 -0.0722
v 0.9203 0.2541 -0.0822
v 0.9203 0.3666 -0.0946
v 0.9214 0.2157 -0.0933
v 0.9234 0.2233 -0.0938
v 0.9201 0.2785 -0.0933
v 0.922 0.332 -0.0985
v 0.9221 0.3288 -0.0985
v 0.9232 0.3409 -0.0991
v 0.9211 0.2848 -0.091
v 0.9223 0.4118 -0.0965
v 0.9192 0.0773 -0.0947
v 0.9181 0.3412 -0.1031
v 0.9202 0.2747 -0.0926
v 0.919 0.1995 -0.1028
v 0.9244 0.2038 -0.099
v 0.9186 0.0958 -0.0704
v 0.9226 0.1475 -0.1073
v 0.9191 0.1735 -0.0681
v 0.9196 0.2257 -0.0803
v 0.922 0.3091 -0.0811
v 0.9211 0.3623 -0.0804
v 0.918 0.3599 -0.0949
v 0.918 0.3877 -0.1114
v 0.9184 0.3931 -0.0683
v 0.9223 0.3935 -0.1029
v 0.9212 0.2131 -0.0778
v 0.9207 0.3191 -0.0994
v 0.9196 0.2538 -0.094
v 0.9205 0.2463 -0.0832
v 0.9201 0.2545 -0.0908
v 0.9203 0.2722 -0.0867
v 0.9183 0.3198 -0.0727
v 0.9205 0.2481 -0.0894
v 0.9204 0.267 -0.0858
v 0.9201 0.2516 -0.0927
v 0.9202 0.2679 -0.0916
v 0.9214 0.4211 -0.0826
v 0.9217 0.4277 -0.0957
v 0.9205 0.2755 -0.0888
v 0.9206 0.2491 -0.0834
v 0.9202 0.2529 -0.0871
v 0.92 0.1662 -0.0677
v 0.9205 0.4162 -0.0911
v 0.9199 0.29 -0.0937
v 0.9211 0.2878 -0.0922
v 0.9205 0.4189 -0.083
v 0.9204 0.2654 -0.0805
v 0.9208 0.2801 -0.0882
v 0.921 0.4482 -0.0898
v 0.9218 0.2114 -0.0962
v 0.9217 0.2314 -0.0898
v 0.9208 0.2627 -0.0906
v 0.9216 0.2993 -0.0928
v 0.9212 0.1927 -0.1036
v 0.9217 0.2061 -0.0744
v 0.9221 0.3997 -0.0711
v 0.9205 0.2589 -0.0882
v 0.9202 0.4468 -0.0932
v 0.9218 0.4425 -0.0939
v 0.9215 0.3441 -0.1025
v 0.9245 0.2001 -0.1006
v 0.921 0.2842 -0.0853
v 0.9207 0.3279 -0.0746
v 0.9228 0.0784 -0.081
v 0.9199 0.3701 -0.0737
v 0.9228 0.3801 -0.068
v 0.9195 0.1074 -0.1054
v 0.9234 0.1114 -0.1056
v 0.9189 0.1201 -0.1069
v 0.9198 0.1282 -0.0666
v 0.9222 0.1411 -0.1074
v 0.9209 0.1539 -0.0671
v 0.923 0.1803 -0.0695
v 0.9227 0.2219 -0.0802
v 0.9209 0.2963 -0.0809
v 0.9213 0.301 -0.0809
v 0.9221 0.3062 -0.0927
v 0.9222 0.3113 -0.093
v 0.9193 0.3263 -0.1008
v 0.922 0.3543 -0.0948
v 0.9198 0.3545 -0.1009
v 0.9214 0.3921 -0.1086
v 0.9213 0.1861 -0.0697
v 0.9225 0.2067 -0.0988
v 0.9234 0.3418 -0.0747
v 0.9213 0.288 -0.0853
v 0.9222 0.3765 -0.0727
v 0.9217 0.3932 -0.0716
v 0.9228 0.0682 -0.0834
v 0.9211 0.066 -0.0877
v 0.92 0.4242 -0.0965
v 0.9217 0.2934 -0.0849
v 0.9208 0.2966 -0.0934
v 0.9223 0.4221 -0.0929
v 0.9216 0.3023 -0.0932
v 0.9218 0.352 -0.0718
v 0.9208 0.2328 -0.0931
v 0.9224 0.3618 -0.0937
v 0.9208 0.4385 -0.0964
v 0.9215 0.2929 -0.0902
v 0.9224 0.4194 -0.0898
v 0.9219 0.3551 -0.0811
v 0.9215 0.3554 -0.0937
v 0.9243 0.1647 -0.0682
v 0.9224 0.4193 -0.0863
v 0.9225 0.3036 -0.0833
v 0.9215 0.2305 -0.0809
v 0.922 0.298 -0.0893
v 0.9222 0.3513 -0.1029
v 0.9239 0.217 -0.0937
v 0.9248 0.0879 -0.0984
v 0.9225 0.319 -0.0761
v 0.9225 0.2271 -0.0935
v 0.9225 0.3704 -0.0971
v 0.9223 0.3583 -0.0928
v 0.9197 0.1765 -0.1061
v 0.9217 0.3876 -0.0653
v 0.9223 0.1043 -0.1046
v 0.92 0.116 -0.0672
v 0.9229 0.119 -0.0674
v 0.9239 0.1294 -0.107
v 0.9224 0.1606 -0.0677
v 0.9226 0.1675 -0.1065
v 0.9228 0.1916 -0.0709
v 0.9246 0.1927 -0.1025
v 0.9234 0.3544 -0.0783
v 0.9245 0.3916 -0.068
v 0.9242 0.373 -0.0762
v 0.924 0.3272 -0.0773
v 0.9226 0.3175 -0.0946
v 0.9218 0.4434 -0.0831
v 0.9214 0.2325 -0.0849
v 0.9221 0.2985 -0.0838
v 0.9235 0.1892 -0.1035
v 0.9224 0.3032 -0.0903
v 0.923 0.3175 -0.0804
v 0.9259 0.0708 -0.0913
v 0.923 0.4452 -0.0886
v 0.9234 0.2261 -0.0817
v 0.9224 0.3589 -0.0823
v 0.9241 0.4247 -0.0851
v 0.9246 0.1171 -0.1061
v 0.9229 0.3989 -0.1031
v 0.9248 0.4106 -0.0928
v 0.9215 0.4289 -0.0799
v 0.9222 0.3137 -0.0811
v 0.9228 0.3079 -0.084
v 0.9196 0.4418 -0.0799
v 0.9243 0.0831 -0.0781
v 0.9224 0.3563 -0.0855
v 0.9226 0.3165 -0.0931
v 0.9226 0.3228 -0.0985
v 0.9236 0.4109 -0.0997
v 0.9239 0.1981 -0.0729
v 0.924 0.1 -0.0705
v 0.9234 0.422 -0.0898
v 0.9227 0.3082 -0.089
v 0.9239 0.3871 -0.1082
v 0.9218 0.3807 -0.1087
v 0.9245 0.3708 -0.0957
v 0.9226 0.3557 -0.0898
v 0.9218 0.172 -0.1062
v 0.9266 0.121 -0.1062
v 0.9209 0.1102 -0.0679
v 0.9213 0.1236 -0.0669
v 0.9233 0.1514 -0.0672
v 0.923 0.1531 -0.1071
v 0.9245 0.1572 -0.0678
v 0.9225 0.1713 -0.0684
v 0.9238 0.1852 -0.1044
v 0.9213 0.3544 -0.0751
v 0.9236 0.4112 -0.0894
v 0.9232 0.3132 -0.0855
v 0.924 0.2248 -0.0871
v 0.9225 0.081 -0.0955
v 0.9231 0.3144 -0.0904
v 0.9243 0.3192 -0.0952
v 0.9233 0.3373 -0.0772
v 0.928 0.1739 -0.07
v 0.9237 0.2119 -0.0805
v 0.9219 0.437 -0.0806
v 0.923 0.2092 -0.077
v 0.9244 0.3964 -0.0748
v 0.9229 0.4333 -0.0812
v 0.9238 0.4347 -0.0934
v 0.924 0.4305 -0.0931
v 0.9225 0.4068 -0.0712
v 0.9237 0.3614 -0.0889
v 0.924 0.4415 -0.0907
v 0.9242 0.4026 -0.0738
v 0.9258 0.3444 -0.0988
v 0.9248 0.4308 -0.0846
v 0.9248 0.4392 -0.0896
v 0.9234 0.3624 -0.0825
v 0.9236 0.3169 -0.0859
v 0.925 0.2105 -0.0931
v 0.9239 0.3925 -0.0746
v 0.9281 0.0743 -0.0922
v 0.926 0.113 -0.0685
v 0.9283 0.1521 -0.1065
v 0.9269 0.1714 -0.1054
v 0.9241 0.1764 -0.0692
v 0.9267 0.1861 -0.0715
v 0.9235 0.4108 -0.0776
v 0.923 0.1064 -0.0689
v 0.9244 0.3659 -0.092
v 0.9238 0.4257 -0.0921
v 0.9256 0.3314 -0.0943
v 0.9257 0.2212 -0.0894
v 0.9215 0.3792 -0.1029
v 0.9244 0.368 -0.0937
v 0.9242 0.4243 -0.0898
v 0.9239 0.337 -0.0969
v 0.9241 0.4413 -0.0854
v 0.924 0.4381 -0.0923
v 0.9258 0.3198 -0.0796
v 0.9239 0.3344 -0.0968
v 0.9238 0.3325 -0.0774
v 0.9279 0.0937 -0.0743
v 0.9257 0.4094 -0.0948
v 0.9258 0.3259 -0.0937
v 0.9244 0.3287 -0.0961
v 0.9262 0.3904 -0.1064
v 0.9255 0.3783 -0.0762
v 0.925 0.4066 -0.1004
v 0.9238 0.383 -0.0664
v 0.9266 0.3365 -0.0932
v 0.9275 0.207 -0.0804
v 0.9252 0.0723 -0.0822
v 0.9253 0.0981 -0.1024
v 0.9268 0.1342 -0.1068
v 0.9264 0.1395 -0.107
v 0.9261 0.1605 -0.0683
v 0.9257 0.3544 -0.0831
v 0.9254 0.3799 -0.1043
v 0.9256 0.3924 -0.1043
v 0.9257 0.3973 -0.0825
v 0.9229 0.0934 -0.0723
v 0.9253 0.4287 -0.0885
v 0.9246 0.3927 -0.0986
v 0.925 0.4374 -0.0862
v 0.9251 0.4324 -0.0908
v 0.9245 0.3671 -0.0863
v 0.9266 0.3508 -0.0987
v 0.9275 0.1693 -0.0693
v 0.9254 0.4348 -0.0887
v 0.9243 0.3454 -0.0743
v 0.9252 0.3968 -0.0979
v 0.9263 0.408 -0.0903
v 0.9247 0.3678 -0.0822
v 0.9254 0.2222 -0.0823
v 0.9262 0.3417 -0.0966
v 0.9265 0.3234 -0.0813
v 0.9256 0.4097 -0.0832
v 0.9238 0.3538 -0.1
v 0.9253 0.4076 -0.0762
v 0.9257 0.393 -0.0851
v 0.9248 0.3741 -0.0977
v 0.9257 0.3961 -0.0858
v 0.9254 0.4005 -0.0778
v 0.9254 0.3213 -0.0941
v 0.9254 0.3938 -0.0942
v 0.9261 0.4048 -0.095
v 0.9254 0.3526 -0.0748
v 0.9277 0.1909 -0.0721
v 0.9256 0.4003 -0.0973
v 0.9264 0.1088 -0.0692
v 0.926 0.1244 -0.0676
v 0.926 0.1357 -0.0673
v 0.9245 0.1446 -0.0672
v 0.9252 0.1629 -0.1065
v 0.9274 0.1877 -0.1029
v 0.9272 0.3538 -0.0955
v 0.9257 0.3943 -0.0894
v 0.9271 0.0716 -0.0858
v 0.9266 0.2132 -0.0803
v 0.926 0.2028 -0.0758
v 0.9272 0.3799 -0.0713
v 0.9261 0.4015 -0.084
v 0.926 0.3985 -0.0915
v 0.9262 0.4055 -0.0805
v 0.9252 0.3927 -0.0806
v 0.9256 0.3392 -0.0956
v 0.9283 0.0862 -0.0787
v 0.927 0.2056 -0.0944
v 0.9277 0.3787 -0.0969
v 0.9266 0.3373 -0.0807
v 0.9257 0.3707 -0.0791
v 0.9273 0.145 -0.1068
v 0.9315 0.1822 -0.0725
v 0.9264 0.4045 -0.0885
v 0.9288 0.372 -0.085
v 0.9274 0.1008 -0.0714
v 0.9263 0.3425 -0.0775
v 0.9265 0.3201 -0.0897
v 0.9282 0.3712 -0.0922
v 0.9293 0.198 -0.1011
v 0.9271 0.1939 -0.0729
v 0.9267 0.0837 -0.0953
v 0.93 0.1147 -0.0694
v 0.9251 0.1563 -0.1068
v 0.9264 0.1952 -0.1021
v 0.9256 0.3544 -0.091
v 0.9292 0.3535 -0.0846
v 0.9288 0.3911 -0.0717
v 0.9272 0.3923 -0.0856
v 0.927 0.3299 -0.0832
v 0.9268 0.3199 -0.0842
v 0.9283 0.1036 -0.1031
v 0.9269 0.326 -0.0877
v 0.9269 0.3327 -0.0909
v 0.9265 0.3821 -0.1064
v 0.9288 0.3445 -0.0807
v 0.9275 0.337 -0.0869
v 0.9278 0.3521 -0.0967
v 0.9294 0.0917 -0.0979
v 0.9271 0.3538 -0.0784
v 0.9289 0.3864 -0.1039
v 0.9285 0.3414 -0.0833
v 0.9287 0.3503 -0.0787
v 0.926 0.0893 -0.0755
v 0.9278 0.148 -0.0679
v 0.926 0.179 -0.1047
v 0.928 0.1102 -0.1046
v 0.9281 0.1264 -0.1064
v 0.9299 0.1378 -0.0681
v 0.9281 0.1538 -0.0682
v 0.9299 0.1588 -0.0691
v 0.9275 0.3923 -0.0934
v 0.9294 0.3918 -0.1017
v 0.9259 0.0787 -0.0929
v 0.9274 0.0801 -0.0817
v 0.9268 0.3876 -0.069
v 0.9285 0.3789 -0.0789
v 0.9271 0.2182 -0.0927
v 0.9288 0.3534 -0.0814
v 0.9294 0.3506 -0.0942
v 0.9315 0.1706 -0.0711
v 0.9281 0.3448 -0.0955
v 0.9297 0.1855 -0.1029
v 0.9301 0.378 -0.0936
v 0.9291 0.3535 -0.0911
v 0.9293 0.3805 -0.1027
v 0.9282 0.3729 -0.0946
v 0.9297 0.2026 -0.0771
v 0.927 0.1285 -0.0676
v 0.9315 0.1284 -0.1058
v 0.9284 0.1571 -0.1063
v 0.9306 0.1551 -0.069
v 0.931 0.2076 -0.0795
v 0.9301 0.3925 -0.0807
v 0.9282 0.3409 -0.0913
v 0.9287 0.1909 -0.1039
v 0.9288 0.2159 -0.0852
v 0.9297 0.1978 -0.0743
v 0.9286 0.2019 -0.0977
v 0.9301 0.1036 -0.0718
v 0.9288 0.2133 -0.0941
v 0.93 0.1638 -0.0696
v 0.9288 0.216 -0.0894
v 0.9298 0.0741 -0.0888
v 0.9308 0.3832 -0.1014
v 0.9291 0.3747 -0.0803
v 0.9285 0.3758 -0.0953
v 0.9314 0.1071 -0.0713
v 0.9275 0.2167 -0.0809
v 0.9327 0.2108 -0.0842
v 0.9307 0.3863 -0.0739
v 0.9283 0.1793 -0.0709
v 0.9306 0.0839 -0.0952
v 0.9317 0.3802 -0.0975
v 0.929 0.1827 -0.1028
v 0.9297 0.2079 -0.0939
v 0.9294 0.097 -0.1005
v 0.9322 0.1225 -0.1052
v 0.9307 0.1427 -0.1063
v 0.9302 0.1876 -0.1053
v 0.9324 0.3912 -0.0915
v 0.9288 0.3926 -0.0753
v 0.9303 0.3752 -0.0908
v 0.9295 0.0755 -0.0822
v 0.93 0.35 -0.0825
v 0.9304 0.3511 -0.0879
v 0.9307 0.0885 -0.0953
v 0.9298 0.3472 -0.0918
v 0.93 0.3465 -0.0863
v 0.9306 0.1685 -0.1048
v 0.9328 0.1555 -0.1052
v 0.9296 0.383 -0.0717
v 0.9311 0.3922 -0.0959
v 0.9315 0.0779 -0.0938
v 0.9306 0.097 -0.0745
v 0.9353 0.1995 -0.0736
v 0.9305 0.3753 -0.0846
v 0.9309 0.3784 -0.0909
v 0.9308 0.3785 -0.0833
v 0.9315 0.3791 -0.088
v 0.9298 0.0832 -0.0791
v 0.9287 0.1187 -0.0685
v 0.9305 0.1304 -0.0683
v 0.9317 0.1485 -0.106
v 0.9309 0.1626 -0.1052
v 0.9312 0.1874 -0.0702
v 0.9308 0.3923 -0.0858
v 0.9329 0.2016 -0.1
v 0.9324 0.2102 -0.0809
v 0.9303 0.3801 -0.0743
v 0.9315 0.123 -0.069
v 0.9339 0.1824 -0.0693
v 0.9319 0.3897 -0.0983
v 0.9315 0.089 -0.079
v 0.9317 0.3907 -0.0767
v 0.9322 0.3799 -0.0802
v 0.9328 0.3846 -0.096
v 0.9336 0.2054 -0.0972
v 0.9342 0.1923 -0.0713
v 0.9315 0.1826 -0.1026
v 0.9327 0.2089 -0.0933
v 0.9333 0.1494 -0.0695
v 0.9319 0.1572 -0.0696
v 0.934 0.0995 -0.0989
v 0.9322 0.1793 -0.1018
v 0.9365 0.1981 -0.102
v 0.9323 0.2111 -0.0907
v 0.9313 0.1737 -0.1035
v 0.9331 0.3808 -0.0932
v 0.9325 0.3912 -0.0838
v 0.9364 0.0891 -0.0955
v 0.9328 0.3875 -0.0792
v 0.9309 0.1172 -0.1049
v 0.9358 0.1245 -0.0706
v 0.9314 0.1337 -0.1061
v 0.9318 0.1846 -0.107
v 0.9344 0.2039 -0.0767
v 0.9331 0.1803 -0.1055
v 0.9361 0.0814 -0.0884
v 0.933 0.3804 -0.0839
v 0.9332 0.3805 -0.0875
v 0.9326 0.0792 -0.079
v 0.9332 0.3879 -0.0924
v 0.9334 0.3885 -0.0875
v 0.9336 0.3837 -0.085
v 0.9329 0.0774 -0.0902
v 0.9331 0.0776 -0.0841
v 0.9335 0.3839 -0.0917
v 0.9334 0.1115 -0.0714
v 0.9331 0.3828 -0.0785
v 0.9358 0.128 -0.1044
v 0.9345 0.1739 -0.0734
v 0.9364 0.1519 -0.0713
v 0.9325 0.1114 -0.1034
v 0.9331 0.1435 -0.0691
v 0.938 0.1938 -0.0712
v 0.9364 0.1074 -0.0745
v 0.9339 0.1015 -0.0748
v 0.9335 0.1606 -0.0707
v 0.9336 0.1778 -0.0726
v 0.9375 0.2047 -0.0921
v 0.9354 0.1663 -0.1027
v 0.9343 0.1769 -0.1021
v 0.9355 0.1164 -0.0715
v 0.9348 0.1596 -0.104
v 0.9376 0.1116 -0.0742
v 0.9342 0.1311 -0.0695
v 0.9347 0.0822 -0.0955
v 0.9341 0.0939 -0.0959
v 0.9344 0.14 -0.1053
v 0.9335 0.1951 -0.1028
v 0.9345 0.1563 -0.0707
v 0.9364 0.1363 -0.0705
v 0.9364 0.1693 -0.1009
v 0.9354 0.1746 -0.1007
v 0.9362 0.0817 -0.0911
v 0.9367 0.1442 -0.1044
v 0.9366 0.1766 -0.1048
v 0.936 0.0813 -0.0832
v 0.9377 0.1368 -0.1039
v 0.9343 0.1623 -0.1039
v 0.9375 0.109 -0.0999
v 0.9353 0.1147 -0.1029
v 0.9374 0.1034 -0.0773
v 0.9342 0.1041 -0.1008
v 0.9359 0.0837 -0.0793
v 0.9384 0.1179 -0.0732
v 0.9349 0.1646 -0.0721
v 0.9378 0.2047 -0.0835
v 0.9378 0.0855 -0.0945
v 0.9363 0.1578 -0.1033
v 0.9374 0.1721 -0.1007
v 0.9381 0.1439 -0.0718
v 0.9379 0.1613 -0.0741
v 0.939 0.0938 -0.0961
v 0.9344 0.0937 -0.079
v 0.9356 0.1826 -0.1068
v 0.9375 0.1783 -0.0698
v 0.9365 0.2068 -0.0883
v 0.9395 0.1185 -0.1008
v 0.9371 0.1978 -0.0887
v 0.9378 0.2004 -0.0808
v 0.9367 0.1976 -0.0834
v 0.9396 0.1503 -0.0738
v 0.937 0.2021 -0.0984
v 0.9383 0.1618 -0.1011
v 0.9387 0.1962 -0.0998
v 0.9357 0.0976 -0.0783
v 0.9388 0.1009 -0.0801
v 0.9399 0.1899 -0.1071
v 0.9407 0.1535 -0.1006
v 0.9385 0.1738 -0.0713
v 0.9401 0.1437 -0.1024
v 0.936 0.1911 -0.1048
v 0.9387 0.1025 -0.0959
v 0.937 0.0985 -0.0958
v 0.9377 0.1996 -0.0945
v 0.9385 0.1928 -0.079
v 0.9375 0.1956 -0.0928
v 0.9364 0.2055 -0.0795
v 0.9379 0.2018 -0.0767
v 0.9381 0.2014 -0.0883
v 0.9367 0.1507 -0.1039
v 0.9385 0.1577 -0.1018
v 0.9398 0.1322 -0.1025
v 0.9401 0.1085 -0.0969
v 0.9411 0.1742 -0.1039
v 0.9422 0.1801 -0.1052
v 0.9436 0.1826 -0.0704
v 0.9377 0.1848 -0.0691
v 0.9386 0.168 -0.0987
v 0.9393 0.1966 -0.0763
v 0.9383 0.1217 -0.1025
v 0.9403 0.1092 -0.0787
v 0.938 0.1925 -0.0965
v 0.94 0.1942 -0.0833
v 0.9419 0.1286 -0.1003
v 0.9389 0.0859 -0.0831
v 0.9392 0.159 -0.0753
v 0.9385 0.1554 -0.0733
v 0.9407 0.1005 -0.0935
v 0.9381 0.1982 -0.0736
v 0.9393 0.1245 -0.0729
v 0.9406 0.0894 -0.094
v 0.9415 0.1145 -0.0778
v 0.9403 0.1302 -0.0733
v 0.9374 0.1695 -0.0747
v 0.9395 0.1937 -0.1038
v 0.9441 0.1762 -0.072
v 0.9394 0.1666 -0.077
v 0.9417 0.0907 -0.0825
v 0.9411 0.1602 -0.0973
v 0.9415 0.1521 -0.0766
v 0.9402 0.1616 -0.0778
v 0.9399 0.0876 -0.0899
v 0.9406 0.1134 -0.0985
v 0.9403 0.1579 -0.0999
v 0.9422 0.1948 -0.0876
v 0.9383 0.0891 -0.0792
v 0.9402 0.191 -0.101
v 0.9393 0.1256 -0.1023
v 0.9403 0.1879 -0.0693
v 0.9406 0.1659 -0.0963
v 0.9407 0.1925 -0.0713
v 0.9413 0.1913 -0.0746
v 0.9411 0.1058 -0.0815
v 0.9426 0.1365 -0.0757
v 0.9429 0.0925 -0.0863
v 0.9428 0.123 -0.0985
v 0.943 0.0928 -0.0943
v 0.9421 0.1249 -0.0759
v 0.9413 0.1587 -0.0787
v 0.9418 0.1562 -0.0982
v 0.9441 0.1608 -0.0803
v 0.9423 0.1201 -0.0771
v 0.9425 0.1566 -0.0798
v 0.9429 0.164 -0.0949
v 0.9422 0.1694 -0.1011
v 0.9436 0.0994 -0.0816
v 0.9414 0.1875 -0.0765
v 0.9412 0.0957 -0.0781
v 0.9418 0.1346 -0.1008
v 0.942 0.1841 -0.0982
v 0.9439 0.1849 -0.0737
v 0.9426 0.1105 -0.0815
v 0.9423 0.1923 -0.093
v 0.9419 0.1477 -0.1004
v 0.9438 0.151 -0.0959
v 0.9432 0.0933 -0.0802
v 0.9437 0.1532 -0.0803
v 0.9427 0.0969 -0.0953
v 0.943 0.1883 -0.0803
v 0.9443 0.1923 -0.088
v 0.9424 0.169 -0.0744
v 0.9441 0.1061 -0.0935
v 0.9421 0.1885 -0.096
v 0.9436 0.1489 -0.08
v 0.9416 0.1403 -0.0745
v 0.9429 0.1879 -0.1042
v 0.9467 0.1817 -0.1026
v 0.9424 0.1821 -0.078
v 0.943 0.1878 -0.0711
v 0.9441 0.1145 -0.0938
v 0.9434 0.1165 -0.081
v 0.942 0.1448 -0.0757
v 0.9435 0.1588 -0.0955
v 0.9429 0.1407 -0.0995
v 0.9417 0.1085 -0.094
v 0.9436 0.1728 -0.073
v 0.9433 0.1308 -0.077
v 0.9431 0.156 -0.0958
v 0.9443 0.0965 -0.0908
v 0.9434 0.1916 -0.0834
v 0.9439 0.1191 -0.0952
v 0.9451 0.1893 -0.0914
v 0.9448 0.1356 -0.0966
v 0.9445 0.0968 -0.0837
v 0.9439 0.1645 -0.0794
v 0.9453 0.1268 -0.0816
v 0.9426 0.1851 -0.1059
v 0.9465 0.1737 -0.102
v 0.9472 0.1554 -0.0948
v 0.9457 0.1569 -0.0806
v 0.9445 0.1404 -0.0792
v 0.9459 0.1443 -0.0798
v 0.9466 0.1689 -0.077
v 0.9449 0.1834 -0.0942
v 0.9446 0.1785 -0.097
v 0.9454 0.1305 -0.095
v 0.9452 0.1004 -0.0874
v 0.9449 0.1201 -0.0815
v 0.9451 0.1333 -0.0795
v 0.9483 0.1669 -0.0814
v 0.946 0.1825 -0.0828
v 0.9469 0.1649 -0.0838
v 0.9473 0.1778 -0.1029
v 0.9445 0.1465 -0.0957
v 0.9457 0.1597 -0.0948
v 0.9442 0.1775 -0.08
v 0.9458 0.1041 -0.0825
v 0.9459 0.1767 -0.0845
v 0.9452 0.1026 -0.0925
v 0.9489 0.1352 -0.0795
v 0.9466 0.1871 -0.0862
v 0.9483 0.1691 -0.0965
v 0.9454 0.1686 -0.0992
v 0.9463 0.1785 -0.0905
v 0.9471 0.1129 -0.0931
v 0.9482 0.1206 -0.0935
v 0.9486 0.1222 -0.082
v 0.9496 0.1353 -0.0957
v 0.9486 0.1453 -0.0957
v 0.9489 0.1668 -0.0928
v 0.9463 0.1749 -0.0923
v 0.9459 0.1807 -0.0725
v 0.9472 0.183 -0.0889
v 0.947 0.1622 -0.0851
v 0.9475 0.1577 -0.0823
v 0.9463 0.1644 -0.0936
v 0.9474 0.1592 -0.0934
v 0.9459 0.1792 -0.0764
v 0.9475 0.1082 -0.09
v 0.9472 0.164 -0.0888
v 0.9463 0.1799 -0.0996
v 0.9468 0.1745 -0.0877
v 0.9489 0.1756 -0.0781
v 0.9455 0.1247 -0.0942
v 0.9464 0.1405 -0.096
v 0.9479 0.1594 -0.0905
v 0.9489 0.1765 -0.098
v 0.9479 0.1575 -0.084
v 0.9471 0.1092 -0.0822
v 0.948 0.159 -0.0876
v 0.948 0.113 -0.0823
v 0.948 0.153 -0.0812
v 0.9509 0.1377 -0.0816
v 0.9478 0.1746 -0.0748
v 0.9483 0.1568 -0.0889
v 0.9486 0.1543 -0.085
v 0.9502 0.173 -0.0925
v 0.95 0.1238 -0.0835
v 0.949 0.1528 -0.0923
v 0.9487 0.1136 -0.091
v 0.9489 0.1479 -0.0804
v 0.9501 0.148 -0.0842
v 0.9489 0.1173 -0.0829
v 0.95 0.1717 -0.0794
v 0.9494 0.1177 -0.0905
v 0.9497 0.1668 -0.0883
v 0.9489 0.1155 -0.0861
v 0.948 0.1505 -0.0952
v 0.9499 0.1728 -0.083
v 0.949 0.1277 -0.0825
v 0.95 0.1238 -0.0918
v 0.9492 0.1305 -0.0932
v 0.9496 0.1319 -0.0837
v 0.9499 0.1733 -0.0983
v 0.9505 0.1463 -0.0928
v 0.9501 0.1299 -0.09
v 0.9504 0.1461 -0.0886
v 0.9504 0.1281 -0.086
v 0.9507 0.1437 -0.0839
v 0.9507 0.1407 -0.0924
v 0.951 0.137 -0.0854
v 0.9512 0.1704 -0.0926
v 0.9516 0.17 -0.0869
v 0.951 0.1357 -0.0917


vt 0.1253 0.8862
vt 0.1267 0.8823
vt 0.1276 0.8873
f 1/1 4/2 2/3
vt 0.1317 0.8868
f 2/3 4/2 3/4
vt 0.1314 0.8807
f 3/4 4/2 6/5
vt 0.1261 0.8927
f 1/1 2/3 7/6
vt 0.124 0.8816
f 4/2 1/1 12/7
vt 0.1317 0.8929
f 2/3 3/4 5/8
vt 0.1292 0.8959
f 2/3 5/8 15/9
f 2/3 15/9 7/6
vt 0.1237 0.8902
f 7/6 14/10 1/1
vt 0.1257 0.8766
vt 0.1316 0.877
f 4/2 9/11 44/12
f 4/2 44/12 6/5
vt 0.1241 0.8791
f 4/2 12/7 11/13
f 4/2 11/13 9/11
vt 0.1234 0.8875
vt 0.1235 0.8845
f 1/1 10/14 18/15
f 1/1 14/10 10/14
vt 0.1244 0.8943
vt 0.1238 0.8929
f 7/6 8/16 13/17
f 7/6 13/17 14/10
vt 0.1323 0.8957
f 15/9 5/8 23/18
vt 0.1255 0.8964
f 7/6 15/9 21/19
f 7/6 21/19 8/16
f 1/1 18/15 12/7
vt 0.1317 0.8735
f 44/12 9/11 24/20
vt 0.9594 0.0265
vt 0.9592 0.0285
vt 0.9565 0.0268
f 14/21 46/22 10/23
vt 0.8506 0.4546
vt 0.8531 0.4589
vt 0.8482 0.4547
f 21/24 15/25 20/26
vt 0.1234 0.8774
f 11/13 16/27 9/11
vt 0.1315 0.8969
f 15/9 23/18 17/28
vt 0.1274 0.8715
f 9/11 22/29 24/20
vt 0.9615 0.0277
vt 0.9631 0.0269
vt 0.9638 0.0295
f 13/30 8/31 63/32
vt 0.1248 0.8716
f 9/11 34/33 22/29
vt 0.124 0.8746
f 9/11 19/34 34/33
vt 0.9538 0.0265
vt 0.9512 0.0289
vt 0.9514 0.0264
f 18/35 45/36 12/37
vt 0.9491 0.0269
f 12/37 45/36 11/38
vt 0.1344 0.8842
f 3/4 6/5 59/39
vt 0.8506 0.4602
f 15/25 29/40 20/26
vt 0.8525 0.4616
f 15/25 17/41 29/40
f 14/21 13/30 46/22
f 9/11 16/27 19/34
vt 0.9649 0.0267
f 8/31 21/42 63/32
vt 0.8487 0.4631
vt 0.8521 0.4642
vt 0.85 0.467
f 25/43 33/44 47/45
vt 0.8474 0.4594
f 25/43 26/46 29/40
f 25/43 29/40 33/44
vt 0.8461 0.4646
f 25/43 47/45 30/47
vt 0.131 0.8695
f 24/20 22/29 39/48
vt 0.8453 0.4559
f 26/46 28/49 20/26
vt 0.1264 0.8683
f 22/29 42/50 39/48
vt 0.842 0.4605
f 28/49 26/46 35/51
vt 0.8415 0.4561
f 28/49 35/51 50/52
vt 0.8431 0.4521
f 28/49 80/53 20/26
vt 0.1337 0.8702
f 24/20 39/48 31/54
vt 0.1252 0.8694
f 22/29 34/33 27/55
vt 0.8461 0.4685
f 30/47 47/45 58/56
vt 0.8542 0.463
f 17/41 23/57 33/44
f 25/43 30/47 26/46
f 20/26 29/40 26/46
vt 0.1354 0.8746
f 24/20 31/54 72/58
vt 0.1349 0.8956
f 23/18 5/8 32/59
f 29/40 17/41 33/44
vt 0.9446 0.0271
vt 0.9476 0.0273
vt 0.9456 0.0296
f 19/60 16/61 52/62
vt 0.8493 0.4534
vt 0.8478 0.4514
f 21/63 20/26 63/64
f 22/29 27/55 42/50
vt 0.1347 0.8795
f 44/12 53/65 6/5
f 16/61 11/38 45/36
vt 0.9554 0.0292
f 18/35 54/66 45/36
f 18/35 10/23 54/66
vt 0.1347 0.8901
f 3/4 60/67 5/8
f 26/46 30/47 35/51
f 28/49 50/52 80/53
vt 0.8385 0.4592
f 35/51 64/68 50/52
vt 0.0412 0.9924
vt 0.0406 0.9914
vt 0.0414 0.9901
f 36/69 38/70 37/71
vt 0.1315 0.8681
vt 0.1344 0.8664
f 38/72 36/73 31/54
vt 0.0406 0.9901
f 38/70 40/74 37/71
vt 0.8438 0.4673
f 30/47 58/56 55/75
f 31/54 39/48 38/72
vt 0.1288 0.8678
f 38/72 39/48 40/76
vt 0.8406 0.4652
f 30/47 49/77 35/51
vt 0.8545 0.4658
f 23/57 32/78 33/44
f 40/76 39/48 42/50
vt 0.0409 0.9889
f 40/74 48/79 37/71
vt 0.1263 0.8675
vt 0.1257 0.8671
f 40/80 42/50 48/81
vt 0.9416 0.0273
vt 0.9418 0.0301
vt 0.9394 0.0284
f 34/82 62/83 27/84
vt 0.0425 0.9915
f 36/69 37/71 41/85
f 30/47 55/75 49/77
f 34/82 52/62 62/83
f 34/82 19/60 52/62
f 24/20 72/58 44/12
f 16/61 45/36 52/62
f 6/5 53/65 59/39
f 10/23 46/22 54/66
f 3/4 59/39 60/67
f 13/30 63/32 46/22
f 5/8 60/67 32/59
vt 0.0414 0.9886
f 37/71 48/79 68/86
vt 0.0418 0.989
f 37/71 68/86 43/87
vt 0.1366 0.8699
f 31/54 36/73 71/88
vt 0.9375 0.028
vt 0.9372 0.0305
f 42/89 27/84 61/90
vt 0.9361 0.0285
f 42/89 61/90 48/91
vt 0.0427 0.9894
f 37/71 43/87 56/92
vt 0.8522 0.4695
vt 0.8479 0.4718
f 47/45 93/93 97/94
f 47/45 97/94 58/56
vt 0.8456 0.4502
f 20/26 80/53 51/95
f 20/26 51/95 63/64
f 33/44 93/93 47/45
vt 0.84 0.4698
f 49/77 55/75 73/96
f 31/54 71/88 72/58
f 44/12 72/58 53/65
vt 0.8378 0.4548
f 50/52 84/97 80/53
f 33/44 32/78 93/93
f 35/51 49/77 64/68
vt 0.0421 0.9926
f 41/85 57/98 36/69
f 37/71 56/92 41/85
vt 0.9594 0.0331
vt 0.9544 0.0327
f 54/66 81/99 83/100
f 64/68 84/97 50/52
f 54/66 46/22 81/99
vt 0.9625 0.0328
f 46/22 63/32 78/101
f 54/66 83/100 45/36
vt 0.8426 0.4705
f 58/56 85/102 55/75
vt 0.1379 0.8893
f 60/67 59/39 77/103
f 46/22 78/101 81/99
vt 0.1374 0.8836
f 59/39 53/65 65/104
f 55/75 85/102 73/96
vt 0.1371 0.865
f 71/88 36/73 57/105
vt 0.9345 0.0287
f 68/106 48/91 61/90
f 27/84 62/83 61/90
vt 0.1393 0.8931
f 32/59 60/67 87/107
vt 0.1373 0.8962
f 32/59 87/107 67/108
vt 0.8373 0.4686
vt 0.8342 0.4626
f 49/77 74/109 79/110
f 49/77 79/110 64/68
f 59/39 65/104 77/103
vt 0.8356 0.4591
f 64/68 70/111 84/97
vt 0.1376 0.8781
f 53/65 66/112 65/104
f 60/67 77/103 87/107
vt 0.9649 0.032
f 63/32 51/113 78/101
f 64/68 79/110 70/111
vt 0.8543 0.4692
f 32/78 67/114 93/93
f 49/77 73/96 74/109
vt 0.0436 0.9902
f 41/85 56/92 108/115
vt 0.9477 0.0328
f 52/62 45/36 75/116
vt 0.0429 0.9882
f 43/87 82/117 56/92
vt 0.9336 0.0296
vt 0.9337 0.0303
f 68/118 61/90 69/119
vt 0.0418 0.9883
f 68/86 69/120 43/87
vt 0.8394 0.4514
f 80/53 84/97 86/121
f 53/65 72/58 66/112
f 45/36 83/100 75/116
vt 0.1399 0.8964
f 67/108 87/107 96/122
vt 0.1408 0.8799
f 65/104 66/112 121/123
vt 0.1403 0.8839
f 65/104 76/124 77/103
vt 0.9664 0.0332
f 51/113 110/125 78/101
vt 0.8423 0.4486
f 80/53 110/126 51/95
vt 0.0422 0.9882
f 69/120 113/127 43/87
vt 0.9362 0.0327
vt 0.9328 0.0323
f 69/119 98/128 113/129
vt 0.9402 0.033
f 62/83 88/130 61/90
vt 0.1395 0.875
f 66/112 72/58 125/131
f 82/117 43/87 113/127
f 69/119 61/90 98/128
vt 0.1403 0.866
f 71/88 57/105 136/132
vt 0.8331 0.4569
f 84/97 70/111 99/133
vt 0.8333 0.4693
f 74/109 90/134 79/110
vt 0.0434 0.9919
f 41/85 92/135 57/98
vt 0.8319 0.4598
f 70/111 79/110 94/136
vt 0.9619 0.036
f 81/99 78/101 95/137
f 72/58 71/88 125/131
vt 0.9425 0.0347
f 52/62 102/138 62/83
f 86/121 110/126 80/53
vt 0.1422 0.8892
f 77/103 109/139 87/107
vt 0.8365 0.4724
f 74/109 73/96 122/140
vt 0.1399 0.8611
vt 0.1397 0.8636
f 57/105 124/141 89/142
vt 0.0439 0.9889
f 56/92 82/117 132/143
f 77/103 76/124 109/139
f 52/62 75/116 102/138
f 65/104 121/123 76/124
vt 0.8546 0.472
f 93/93 67/114 96/144
vt 0.8517 0.475
f 93/93 96/144 116/145
vt 0.8308 0.4637
f 79/110 90/134 101/146
f 70/111 94/136 99/133
f 66/112 125/131 121/123
f 41/85 108/115 92/135
vt 0.9533 0.0357
f 83/100 91/147 75/116
vt 0.0432 0.9931
f 57/98 92/135 124/148
f 79/110 101/146 94/136
vt 0.965 0.0354
f 110/125 112/149 78/101
vt 0.9578 0.0363
f 81/99 95/137 100/150
f 78/101 112/149 95/137
f 62/83 102/138 88/130
f 98/128 61/90 88/130
vt 0.844 0.4742
f 58/56 114/151 85/102
f 58/56 97/94 114/151
vt 0.8344 0.4545
f 84/97 99/133 137/152
vt 0.8414 0.474
f 85/102 114/151 103/153
f 81/99 100/150 83/100
vt 0.1399 0.8709
f 71/88 111/154 125/131
f 85/102 103/153 73/96
vt 0.8377 0.4477
f 86/121 123/155 110/126
f 83/100 100/150 91/147
f 56/92 132/143 108/115
vt 0.8258 0.4685
vt 0.827 0.4723
vt 0.8222 0.4696
f 104/156 105/157 135/158
f 74/109 122/140 90/134
vt 0.9479 0.0362
f 75/116 91/147 107/159
vt 0.0454 0.991
f 108/115 152/160 92/135
vt 0.8227 0.4668
f 104/156 135/158 115/161
vt 0.824 0.4749
f 105/157 106/162 135/158
vt 0.8272 0.4749
f 105/157 131/163 106/162
vt 0.8264 0.4643
f 104/156 115/161 129/164
f 71/88 136/132 111/154
vt 0.8286 0.461
f 101/146 119/165 94/136
f 57/105 89/142 136/132
f 75/116 107/159 102/138
f 93/93 116/145 97/94
vt 0.835 0.4506
f 86/121 84/97 130/166
vt 0.1435 0.8921
f 109/139 126/167 87/107
vt 0.8306 0.4713
f 104/156 134/168 105/157
vt 0.8284 0.4668
f 104/156 128/169 134/168
f 84/97 137/152 130/166
vt 0.1435 0.8845
f 76/124 145/170 109/139
f 87/107 126/167 96/122
f 104/156 129/164 128/169
vt 0.8343 0.4744
f 90/134 122/140 160/171
vt 0.045 0.9898
f 108/115 139/172 152/160
vt 0.8224 0.4632
f 115/161 142/173 129/164
f 108/115 132/143 139/172
vt 0.8186 0.4655
f 115/161 135/158 138/174
vt 0.1446 0.896
f 96/122 126/167 151/175
f 105/157 134/168 131/163
vt 0.9653 0.0374
f 112/149 117/176 95/137
vt 0.8237 0.4801
f 131/163 118/177 106/162
vt 0.8266 0.4789
f 131/163 144/178 118/177
vt 0.142 0.8971
f 96/122 151/175 127/179
vt 0.8544 0.4748
f 96/144 127/180 116/145
vt 0.84 0.4455
vt 0.8425 0.4468
f 110/126 117/181 112/182
f 110/126 123/155 117/181
vt 0.8201 0.4742
f 106/162 120/183 135/158
f 115/161 138/174 142/173
f 101/146 90/134 128/169
f 90/134 134/168 128/169
vt 0.9324 0.0351
f 98/128 174/184 113/129
f 90/134 160/171 134/168
f 76/124 121/123 145/170
f 86/121 130/166 123/155
vt 0.8472 0.4775
f 97/94 116/145 173/185
vt 0.0447 0.992
f 92/135 152/160 158/186
vt 0.0444 0.9931
f 92/135 158/186 150/187
f 73/96 103/153 122/140
vt 0.1444 0.8798
f 121/123 125/131 148/188
vt 0.1428 0.8745
f 125/131 111/154 133/189
vt 0.9625 0.0402
f 95/137 117/176 171/190
f 119/165 101/146 129/164
f 114/151 97/94 173/185
f 101/146 128/169 129/164
vt 0.9306 0.0328
f 113/129 174/184 82/191
vt 0.939 0.0363
f 88/130 102/138 163/192
f 88/130 163/192 98/128
f 125/131 133/189 148/188
f 92/135 150/187 124/148
vt 0.8295 0.4575
f 99/133 94/136 165/193
f 94/136 119/165 165/193
vt 0.8162 0.4708
f 120/183 194/194 135/158
vt 0.8206 0.4607
f 142/173 138/174 186/195
vt 0.1436 0.8699
f 111/154 155/196 133/189
vt 0.8315 0.4773
f 144/178 131/163 191/197
f 111/154 136/132 155/196
vt 0.9514 0.0388
f 91/147 180/198 107/159
vt 0.936 0.038
f 98/128 163/192 177/199
vt 0.8167 0.4688
f 135/158 161/200 138/174
vt 0.9432 0.0382
f 102/138 107/159 175/201
vt 0.8387 0.4447
f 117/181 123/155 140/202
f 121/123 148/188 145/170
vt 0.852 0.479
f 127/180 149/203 116/145
vt 0.8546 0.4772
f 127/180 151/204 149/203
vt 0.0448 0.9889
f 132/143 147/205 139/172
f 131/163 134/168 191/197
vt 0.8284 0.4551
f 99/133 184/206 137/152
f 134/168 160/171 191/197
vt 0.8206 0.4777
f 106/162 118/177 162/207
vt 0.8345 0.4462
f 123/155 167/208 140/202
f 95/137 171/190 100/150
vt 0.8246 0.461
f 129/164 142/173 179/209
vt 0.9558 0.0393
f 100/150 171/190 143/210
f 99/133 165/193 184/206
f 98/128 177/199 174/184
f 100/150 143/210 91/147
f 135/158 194/194 161/200
vt 0.8237 0.4837
f 118/177 144/178 141/211
vt 0.1469 0.894
f 151/175 126/167 190/212
vt 0.9653 0.0377
vt 0.9655 0.0393
f 171/190 117/213 140/214
f 119/165 129/164 179/209
vt 0.8369 0.4764
f 122/140 103/153 146/215
f 122/140 146/215 160/171
vt 0.8291 0.4813
f 144/178 191/197 178/216
vt 0.142 0.8619
f 89/142 168/217 136/132
vt 0.044 0.9879
f 132/143 82/117 170/218
f 89/142 124/141 168/217
f 91/147 143/210 180/198
vt 0.8209 0.4833
f 118/177 188/219 162/207
vt 0.9285 0.0359
f 82/191 174/184 170/220
vt 0.9454 0.0398
f 107/159 164/221 175/201
f 116/145 149/203 173/185
f 130/166 167/208 123/155
vt 0.8305 0.4517
f 130/166 137/152 157/222
f 137/152 184/206 157/222
vt 0.8166 0.4632
f 138/174 159/223 186/195
f 118/177 141/211 188/219
vt 0.8435 0.479
f 173/185 153/224 114/151
vt 0.8132 0.4649
f 138/174 166/225 159/223
f 103/153 114/151 153/224
vt 0.8386 0.4788
f 103/153 153/224 182/226
vt 0.1485 0.8919
f 109/139 156/227 126/167
vt 0.1473 0.8857
f 109/139 223/228 156/227
f 109/139 145/170 223/228
vt 0.1459 0.8731
f 133/189 155/196 154/229
f 126/167 156/227 190/212
f 138/174 161/200 166/225
vt 0.8307 0.4479
f 130/166 210/230 167/208
f 130/166 157/222 210/230
vt 0.8343 0.4787
f 191/197 160/171 197/231
f 107/159 180/198 164/221
f 147/205 132/143 170/218
vt 0.1429 0.8587
f 124/141 150/232 168/217
vt 0.825 0.4585
f 119/165 172/233 165/193
f 120/183 106/162 162/207
vt 0.8269 0.4839
f 144/178 178/216 176/234
vt 0.0462 0.9898
f 139/172 147/205 183/235
f 139/172 183/235 152/160
f 102/138 175/201 163/192
vt 0.9395 0.0402
f 163/192 175/201 221/236
f 103/153 182/226 146/215
vt 0.1471 0.8777
f 133/189 225/237 148/188
f 133/189 154/229 225/237
f 145/170 148/188 223/228
vt 0.966 0.0409
f 140/214 181/238 171/190
vt 0.8348 0.4431
f 140/202 167/208 181/239
vt 0.8543 0.4811
f 151/204 212/240 149/203
f 141/211 144/178 176/234
vt 0.958 0.0419
f 143/210 171/190 216/241
vt 0.8453 0.4838
f 173/185 239/242 153/224
f 179/209 142/173 186/195
vt 0.0462 0.9918
f 158/186 152/160 169/243
vt 0.1482 0.8973
f 151/175 190/212 212/244
f 160/171 146/215 197/231
f 179/209 172/233 119/165
vt 0.8409 0.482
f 153/224 187/245 182/226
vt 0.8486 0.4826
f 173/185 149/203 198/246
vt 0.1458 0.8649
f 136/132 219/247 155/196
f 165/193 172/233 184/206
vt 0.8174 0.4832
f 162/207 188/219 237/248
vt 0.8262 0.4526
f 184/206 207/249 157/222
vt 0.8169 0.4592
f 159/223 214/250 186/195
f 136/132 168/217 219/247
vt 0.8135 0.4598
f 159/223 215/251 214/250
vt 0.953 0.0419
f 180/198 143/210 206/252
vt 0.9326 0.0397
f 177/199 217/253 174/184
vt 0.0462 0.9889
f 147/205 233/254 183/235
vt 0.0451 0.9879
f 170/218 220/255 147/205
f 173/185 198/246 239/242
vt 0.1446 0.86
f 168/217 150/232 193/256
vt 0.0457 0.9929
f 158/186 169/243 227/257
f 158/186 227/257 150/187
vt 0.9477 0.0421
f 180/198 200/258 164/221
f 143/210 216/241 206/252
vt 0.831 0.4445
f 167/208 236/259 181/239
f 159/223 166/225 215/251
vt 0.8264 0.4492
f 157/222 207/249 241/260
f 147/205 220/255 233/254
f 163/192 221/236 177/199
vt 0.1486 0.8812
f 223/228 148/188 202/261
vt 0.8104 0.4621
f 166/225 185/262 215/251
vt 0.8205 0.4882
f 188/219 141/211 201/263
vt 0.8157 0.473
f 194/194 120/183 204/264
vt 0.9641 0.0437
f 171/190 181/238 246/265
vt 0.8152 0.4774
f 120/183 162/207 195/266
f 120/183 195/266 204/264
f 146/215 182/226 197/231
vt 0.1466 0.8625
f 219/247 168/217 205/267
vt 0.9288 0.0385
f 174/184 217/253 213/268
vt 0.8162 0.4803
f 162/207 199/269 195/266
f 180/198 206/252 200/258
f 170/220 174/184 213/268
f 157/222 241/260 210/230
vt 0.8211 0.4584
f 179/209 186/195 224/270
f 167/208 210/230 236/259
vt 0.8118 0.4764
f 195/266 209/271 204/264
f 153/224 239/242 187/245
vt 0.1487 0.8684
f 155/196 219/247 267/272
vt 0.8317 0.482
f 178/216 191/197 211/273
vt 0.9252 0.0379
f 170/220 213/268 220/274
vt 0.1502 0.8894
f 223/228 249/275 156/227
f 172/233 179/209 224/270
vt 0.8116 0.4684
f 166/225 161/200 192/276
f 148/188 225/237 202/261
f 168/217 193/256 205/267
vt 0.8096 0.4647
vt 0.8081 0.4676
f 189/277 166/225 255/278
f 175/201 164/221 221/236
f 166/225 192/276 255/278
f 162/207 237/248 199/269
f 155/196 267/272 154/229
vt 0.8224 0.4534
f 207/249 184/206 228/279
vt 0.852 0.4848
f 212/240 278/280 149/203
vt 0.8257 0.4875
f 141/211 176/234 196/281
f 161/200 194/194 192/276
vt 0.8172 0.4871
f 188/219 201/263 252/282
vt 0.1513 0.8956
f 156/227 234/283 190/212
vt 0.8111 0.4811
f 209/271 195/266 226/284
vt 0.0463 0.9926
f 169/243 273/285 227/257
f 198/246 149/203 278/280
f 166/225 189/277 185/262
vt 0.045 0.9933
f 150/187 227/257 218/286
vt 0.1449 0.8576
f 150/232 218/287 193/256
vt 0.9498 0.045
f 200/258 206/252 243/288
vt 0.9534 0.045
f 206/252 216/241 222/289
vt 0.958 0.0469
f 216/241 326/290 222/289
vt 0.9623 0.0466
f 216/241 171/190 203/291
f 171/190 246/265 203/291
f 197/231 211/273 191/197
f 141/211 196/281 201/263
f 188/219 252/282 237/248
f 184/206 172/233 228/279
vt 0.8358 0.4828
f 182/226 231/292 197/231
vt 0.8063 0.4626
f 189/277 270/293 185/262
vt 0.838 0.4853
f 182/226 251/294 231/292
vt 0.9404 0.0442
f 164/221 258/295 221/236
vt 0.8111 0.4722
f 209/271 229/296 204/264
f 182/226 187/245 251/294
vt 0.9449 0.0453
f 164/221 200/258 254/297
f 190/212 234/283 212/244
f 195/266 199/269 226/284
vt 0.0476 0.9912
f 152/160 183/235 290/298
vt 0.8142 0.4832
f 199/269 208/299 226/284
vt 0.8059 0.4659
f 189/277 255/278 240/300
vt 0.8199 0.4554
f 172/233 268/301 228/279
vt 0.1505 0.8851
f 223/228 202/261 245/302
vt 0.808 0.475
f 209/271 253/303 229/296
f 204/264 229/296 194/194
vt 0.9364 0.0435
f 177/199 221/236 250/304
f 211/273 197/231 231/292
f 186/195 214/250 224/270
f 152/160 290/298 169/243
vt 0.829 0.4863
f 176/234 178/216 264/305
f 176/234 264/305 196/281
f 189/277 240/300 270/293
f 206/252 222/289 243/288
vt 0.8297 0.4421
f 181/239 236/259 263/306
f 172/233 224/270 268/301
vt 0.816 0.4905
f 252/282 201/263 283/307
vt 0.0474 0.9898
f 183/235 233/254 265/308
f 211/273 264/305 178/216
f 207/249 228/279 241/260
f 194/194 229/296 192/276
vt 0.1462 0.8549
vt 0.1479 0.8563
f 218/287 227/309 248/310
vt 0.8067 0.4799
f 209/271 226/284 259/311
f 199/269 237/248 208/299
vt 0.8088 0.4706
f 192/276 229/296 232/312
vt 0.9258 0.0411
f 213/268 230/313 220/274
vt 0.9274 0.0432
f 213/268 295/314 230/313
f 183/235 265/308 290/298
vt 0.151 0.8735
f 154/229 267/272 301/315
f 209/271 259/311 253/303
vt 0.8486 0.4874
f 198/246 278/280 288/316
f 193/256 218/287 248/310
vt 0.1515 0.8806
f 202/261 276/317 245/302
vt 0.8412 0.4876
f 187/245 239/242 294/318
f 221/236 258/295 250/304
vt 0.817 0.457
f 224/270 214/250 261/319
f 164/221 254/297 258/295
f 177/199 250/304 217/253
vt 0.8318 0.4852
f 211/273 231/292 272/320
f 225/237 154/229 301/315
vt 0.1512 0.8772
f 225/237 301/315 285/321
f 225/237 285/321 202/261
f 223/228 245/302 249/275
f 216/241 203/291 326/290
vt 0.8351 0.4401
vt 0.8319 0.4409
f 246/322 181/239 247/323
vt 0.1524 0.8978
f 212/244 234/283 235/324
vt 0.8549 0.4841
vt 0.8536 0.486
f 212/325 235/326 278/280
f 210/230 241/260 236/259
vt 0.8083 0.459
f 215/251 185/262 322/327
vt 0.814 0.4568
f 214/250 274/328 261/319
vt 0.1498 0.8607
f 193/256 284/329 205/267
f 198/246 288/316 239/242
f 181/239 263/306 247/323
f 229/296 253/303 232/312
f 192/276 232/312 255/278
vt 0.8096 0.4838
f 208/299 238/330 226/284
vt 0.1538 0.8919
f 156/227 277/331 234/283
vt 0.8337 0.4883
f 231/292 271/332 272/320
f 214/250 215/251 274/328
vt 0.8127 0.4864
f 208/299 237/248 266/333
f 200/258 243/288 254/297
f 193/256 248/310 284/329
f 202/261 285/321 276/317
f 187/245 294/318 251/294
vt 0.1504 0.8651
f 219/247 242/334 267/272
f 224/270 261/319 268/301
vt 0.0476 0.9887
f 233/254 244/335 265/308
vt 0.9656 0.0464
f 246/265 247/336 203/291
vt 0.8252 0.4456
f 241/260 279/337 236/259
vt 0.8227 0.4918
f 201/263 196/281 307/338
f 185/262 270/293 322/327
vt 0.8022 0.4632
f 240/300 296/339 270/293
vt 0.0463 0.9879
f 220/255 260/340 233/254
f 252/282 266/333 237/248
f 213/268 217/253 295/314
f 226/284 238/330 259/311
vt 0.8217 0.4474
f 241/260 306/341 279/337
f 208/299 266/333 238/330
vt 0.8018 0.4688
vt 0.8003 0.4668
f 240/300 281/342 309/343
f 231/292 251/294 271/332
vt 0.0485 0.9898
f 290/298 265/308 297/344
f 240/300 309/343 296/339
vt 0.8127 0.4894
f 252/282 280/345 266/333
vt 0.8046 0.4701
f 240/300 257/346 281/342
vt 0.8034 0.4768
f 253/303 259/311 275/347
f 219/247 205/267 242/334
vt 0.1519 0.8702
f 301/315 267/272 282/348
vt 0.1535 0.8838
f 276/317 303/349 245/302
f 249/275 277/331 156/227
f 236/259 279/337 263/306
f 241/260 228/279 306/341
vt 0.8096 0.4573
f 215/251 320/350 274/328
f 201/263 307/338 283/307
vt 0.9239 0.0397
vt 0.9225 0.0408
f 220/351 230/313 260/352
f 255/278 257/346 240/300
vt 0.8055 0.4731
f 232/312 253/303 256/353
vt 0.8178 0.4513
f 228/279 268/301 289/354
f 211/273 272/320 264/305
vt 0.8046 0.4836
f 238/330 293/355 259/311
vt 0.8446 0.4892
f 239/242 288/316 269/356
f 239/242 269/356 294/318
f 252/282 283/307 280/345
f 215/251 322/327 320/350
vt 0.8023 0.481
f 259/311 293/355 291/357
f 253/303 275/347 256/353
f 205/267 284/329 242/334
f 265/308 244/335 297/344
vt 0.9309 0.0443
f 217/253 250/304 299/358
vt 0.1481 0.8532
f 227/309 273/359 248/310
vt 0.8147 0.4538
f 268/301 324/360 289/354
vt 0.9651 0.0482
f 247/336 262/361 203/291
vt 0.8307 0.4388
f 247/323 263/306 262/362
f 268/301 261/319 324/360
f 217/253 299/358 295/314
vt 0.0472 0.9929
f 169/243 290/298 298/363
vt 0.9459 0.0483
f 254/297 243/288 348/364
vt 0.1539 0.8882
f 245/302 303/349 287/365
f 245/302 287/365 249/275
f 249/275 287/365 277/331
vt 0.8267 0.44
f 263/306 279/337 352/366
vt 0.8264 0.4911
f 196/281 264/305 314/367
vt 0.8067 0.4868
f 238/330 266/333 313/368
vt 0.8196 0.4951
f 307/338 330/369 283/307
f 228/279 289/354 306/341
f 255/278 232/312 257/346
f 259/311 291/357 275/347
f 238/330 313/368 293/355
f 232/312 256/353 257/346
vt 0.9221 0.0439
f 260/352 230/313 334/370
vt 0.1545 0.8674
f 242/334 363/371 267/272
f 196/281 314/367 307/338
vt 0.8362 0.49
f 251/294 294/318 310/372
f 251/294 310/372 271/332
vt 0.0486 0.9918
f 290/298 308/373 298/363
f 169/243 298/363 273/285
vt 0.0474 0.9879
f 233/254 260/340 346/374
f 267/272 363/371 282/348
vt 0.9547 0.0499
vt 0.9507 0.0497
f 222/289 286/375 302/376
f 222/289 302/376 243/288
f 222/289 326/290 286/375
vt 0.1558 0.8953
f 234/283 277/331 369/377
f 234/283 369/377 235/324
vt 0.155 0.8973
f 235/324 369/377 304/378
vt 0.8534 0.4891
f 235/326 304/379 278/280
f 278/280 304/379 288/316
vt 0.8228 0.4431
f 279/337 354/380 352/366
f 270/293 296/339 322/327
vt 0.9342 0.0461
f 299/358 250/304 325/381
vt 0.8108 0.4562
f 320/350 341/382 274/328
vt 0.8115 0.4933
f 283/307 321/383 280/345
vt 0.8099 0.488
f 266/333 280/345 292/384
vt 0.8013 0.4733
f 256/353 275/347 335/385
vt 0.8295 0.4909
f 271/332 342/386 272/320
vt 0.7971 0.4712
f 281/342 312/387 309/343
vt 0.1506 0.8532
vt 0.1533 0.8533
f 248/310 316/388 356/389
f 272/320 342/386 264/305
f 264/305 342/386 314/367
vt 0.0494 0.9912
f 297/344 331/390 290/298
f 257/346 256/353 335/385
vt 0.1535 0.8594
f 248/310 365/391 284/329
f 248/310 356/389 365/391
f 261/319 274/328 324/360
f 230/313 295/314 334/370
vt 0.8081 0.4904
f 280/345 321/383 359/392
vt 0.1493 0.8513
f 273/359 298/393 316/388
f 233/254 346/374 244/335
vt 0.9378 0.0476
f 250/304 258/295 300/394
vt 0.1565 0.8771
f 285/321 301/315 397/395
f 243/288 302/376 348/364
vt 0.1567 0.8805
f 303/349 276/317 373/396
vt 0.1586 0.888
f 287/365 303/349 406/397
f 262/362 263/306 352/366
vt 0.8506 0.492
f 288/316 304/379 305/398
f 279/337 306/341 354/380
vt 0.8017 0.4601
f 322/327 296/339 378/399
vt 0.815 0.4943
f 283/307 330/369 319/400
f 308/373 290/298 331/390
f 250/304 300/394 325/381
f 273/359 316/388 248/310
vt 0.9203 0.0419
f 260/352 334/370 346/401
f 266/333 292/384 313/368
f 283/307 319/400 321/383
f 257/346 335/385 281/342
f 285/321 397/395 276/317
vt 0.8175 0.4481
f 289/354 329/402 306/341
f 274/328 341/382 324/360
f 281/342 335/385 312/387
f 280/345 359/392 292/384
vt 0.9417 0.0479
f 258/295 254/297 317/403
vt 0.8433 0.4915
f 269/356 328/404 294/318
vt 0.0488 0.9889
f 297/344 244/335 347/405
vt 0.8395 0.4932
f 294/318 399/406 310/372
vt 0.7985 0.4632
f 296/339 309/343 315/407
vt 0.0483 0.9929
f 298/363 308/373 360/408
vt 0.1552 0.8637
f 242/334 362/409 363/371
f 300/394 258/295 317/403
vt 0.1547 0.8729
f 282/348 318/410 301/315
f 254/297 348/364 317/403
f 301/315 318/410 397/395
f 276/317 397/395 373/396
vt 0.9624 0.0506
f 326/290 203/291 337/411
f 203/291 262/361 337/411
vt 0.9649 0.0505
f 262/361 351/412 337/411
vt 0.8295 0.4377
f 262/362 352/366 351/413
vt 0.8478 0.4921
f 288/316 305/398 327/414
vt 0.7981 0.4738
f 335/385 358/415 312/387
vt 0.9235 0.0477
f 295/314 382/416 334/370
vt 0.8033 0.4576
f 322/327 323/417 320/350
vt 0.796 0.4677
f 309/343 312/387 380/418
vt 0.0483 0.988
f 347/405 244/335 366/419
f 282/348 363/371 318/410
f 288/316 327/414 269/356
f 269/356 327/414 328/404
f 242/334 284/329 362/409
vt 0.1512 0.8505
f 298/393 332/420 316/388
f 294/318 328/404 399/406
vt 0.8044 0.4561
f 341/382 320/350 372/421
vt 0.0496 0.9897
f 297/344 311/422 331/390
vt 0.9288 0.0479
f 299/358 364/423 295/314
vt 0.8225 0.4956
f 307/338 314/367 343/424
vt 0.832 0.4932
f 342/386 271/332 345/425
vt 0.9413 0.0507
f 317/403 333/426 300/394
f 325/381 364/423 299/358
f 271/332 310/372 345/425
vt 0.8188 0.4426
f 306/341 384/427 354/380
f 297/344 347/405 311/422
f 292/384 359/392 313/368
f 284/329 365/391 362/409
vt 0.8123 0.4501
f 324/360 355/428 289/354
vt 0.8088 0.4532
f 341/382 372/421 400/429
f 324/360 341/382 400/429
vt 0.7991 0.4769
f 275/347 374/430 335/385
f 309/343 380/418 315/407
vt 0.0476 0.9932
f 298/363 360/408 332/431
vt 0.0493 0.9929
f 308/373 336/432 360/408
f 244/335 346/374 366/419
vt 0.9471 0.0522
f 348/364 302/376 405/433
vt 0.9591 0.0519
f 286/375 326/290 368/434
vt 0.1576 0.8926
f 287/365 350/435 277/331
f 287/365 406/397 350/435
f 326/290 337/411 368/434
f 277/331 350/435 369/377
vt 0.1585 0.8979
f 304/378 369/377 338/436
vt 0.8524 0.493
f 304/379 338/437 305/398
vt 0.8229 0.4388
f 352/366 354/380 339/438
vt 0.8366 0.4941
f 399/406 344/439 310/372
f 322/327 378/399 323/417
f 275/347 291/357 374/430
vt 0.8079 0.4934
f 359/392 321/383 357/440
f 289/354 355/428 329/402
vt 0.7978 0.4805
f 374/430 291/357 371/441
vt 0.8165 0.4452
f 306/341 329/402 385/442
vt 0.1582 0.8836
f 373/396 349/443 303/349
vt 0.8027 0.4875
f 293/355 313/368 340/444
vt 0.7998 0.4853
f 293/355 340/444 392/445
f 324/360 400/429 355/428
f 306/341 385/442 384/427
vt 0.9339 0.0502
f 364/423 325/381 367/446
f 310/372 344/439 345/425
vt 0.9194 0.0473
vt 0.9188 0.0444
f 334/370 396/447 346/448
vt 0.8033 0.4916
f 359/392 357/440 389/449
vt 0.1536 0.85
f 316/388 332/420 395/450
vt 0.0501 0.9921
f 308/373 331/390 401/451
vt 0.1526 0.8489
f 332/420 360/452 395/450
f 320/350 323/417 372/421
f 307/338 343/424 330/369
vt 0.8283 0.4953
f 342/386 386/453 314/367
f 348/364 333/426 317/403
f 308/373 401/451 336/432
f 295/314 364/423 382/416
f 325/381 300/394 367/446
vt 0.1582 0.8718
f 363/371 422/454 318/410
f 303/349 349/443 406/397
vt 0.8273 0.4362
vt 0.8248 0.4362
f 351/455 352/366 353/456
vt 0.9655 0.054
f 351/412 353/457 337/411
f 296/339 315/407 378/399
vt 0.1561 0.8565
f 356/389 418/458 365/391
vt 0.8172 0.4977
f 319/400 330/369 379/459
f 291/357 293/355 392/445
vt 0.8445 0.4951
f 328/404 327/414 398/460
vt 0.793 0.4766
vt 0.7931 0.4731
f 312/387 388/461 387/462
f 358/415 335/385 374/430
f 358/415 388/461 312/387
vt 0.8237 0.4972
f 314/367 386/453 361/463
vt 0.0511 0.9913
f 331/390 311/422 431/464
f 314/367 361/463 343/424
vt 0.9607 0.0541
f 337/411 353/457 376/465
vt 0.9171 0.0459
f 346/448 396/447 366/466
vt 0.0503 0.9889
f 311/422 347/405 403/467
f 348/364 405/433 333/426
f 328/404 398/460 399/406
vt 0.8118 0.448
f 329/402 355/428 370/468
f 342/386 345/425 386/453
f 291/357 392/445 371/441
f 316/388 395/450 356/389
vt 0.7947 0.4638
f 315/407 380/418 391/469
vt 0.8044 0.4942
f 357/440 419/470 389/449
f 329/402 370/468 385/442
vt 0.8139 0.498
f 319/400 415/471 321/383
vt 0.7954 0.4779
f 358/415 381/472 388/461
f 358/415 374/430 381/472
f 352/366 339/438 353/456
f 337/411 376/465 368/434
f 359/392 340/444 313/368
f 359/392 389/449 340/444
vt 0.0493 0.9879
f 347/405 420/473 403/467
f 331/390 431/464 401/451
vt 0.9265 0.0511
f 382/416 364/423 375/474
f 347/405 366/419 420/473
vt 0.1593 0.8641
f 362/409 421/475 363/371
vt 0.9368 0.0537
f 300/394 333/426 462/476
f 300/394 462/476 367/446
f 397/395 318/410 422/454
vt 0.9542 0.0541
f 302/376 286/375 411/477
f 302/376 411/477 405/433
f 286/375 368/434 411/477
vt 0.1613 0.8932
f 350/435 464/478 369/377
vt 0.1604 0.8973
f 369/377 464/478 412/479
f 369/377 412/479 338/436
vt 0.8481 0.4953
f 327/414 305/398 407/480
f 339/438 354/380 384/427
f 327/414 407/480 398/460
vt 0.7983 0.4602
f 323/417 378/399 377/481
f 378/399 315/407 377/481
f 379/459 415/471 319/400
vt 0.8097 0.4975
f 321/383 415/471 429/482
f 321/383 429/482 357/440
f 334/370 382/416 396/447
f 380/418 312/387 387/462
vt 0.7925 0.4678
f 380/418 387/462 438/483
vt 0.0513 0.99
f 311/422 414/484 431/464
f 374/430 371/441 381/472
vt 0.8324 0.4974
f 345/425 430/485 386/453
vt 0.9173 0.0497
vt 0.9147 0.0478
f 366/466 439/486 420/487
vt 0.8179 0.4994
f 330/369 343/424 404/488
vt 0.8 0.458
f 372/421 323/417 390/489
vt 0.1542 0.8475
f 360/452 426/490 395/450
vt 0.8023 0.4547
f 400/429 372/421 427/491
vt 0.9308 0.0526
f 367/446 454/492 364/423
vt 0.1578 0.8537
f 418/458 356/389 428/493
vt 0.1595 0.8607
f 365/391 418/458 444/494
f 365/391 444/494 362/409
vt 0.1612 0.8806
f 373/396 383/495 349/443
f 350/435 406/397 464/478
vt 0.8119 0.4437
f 385/442 370/468 484/496
f 345/425 344/439 430/485
vt 0.8052 0.4525
f 400/429 427/491 413/497
f 396/447 439/486 366/466
f 315/407 391/469 377/481
f 311/422 403/467 414/484
vt 0.7985 0.4899
f 340/444 389/449 402/498
vt 0.1565 0.8494
f 356/389 395/450 433/499
vt 0.7944 0.4824
f 381/472 371/441 394/500
f 381/472 394/500 388/461
f 340/444 402/498 392/445
vt 0.7905 0.4794
f 394/500 435/501 388/461
vt 0.9226 0.051
f 382/416 375/474 436/502
vt 0.7963 0.485
f 371/441 392/445 393/503
f 377/481 390/489 323/417
f 357/440 429/482 419/470
f 394/500 371/441 393/503
f 330/369 404/488 379/459
vt 0.9436 0.0541
f 405/433 441/504 333/426
f 356/389 433/499 428/493
f 364/423 454/492 375/474
vt 0.1604 0.8681
f 363/371 421/475 432/505
f 363/371 432/505 422/454
vt 0.1612 0.8765
f 397/395 445/506 373/396
vt 0.1622 0.8855
f 349/443 383/495 423/507
f 349/443 423/507 406/397
f 368/434 376/465 411/477
vt 0.9641 0.056
f 376/465 353/457 424/508
vt 0.8226 0.4344
f 353/456 339/438 424/509
vt 0.8521 0.4953
f 338/437 412/510 305/398
f 305/398 412/510 407/480
vt 0.8137 0.4405
f 384/427 385/442 476/511
f 385/442 484/496 476/511
vt 0.8212 0.5004
f 343/424 416/512 404/488
f 373/396 445/506 383/495
vt 0.8004 0.4939
f 389/449 459/513 402/498
f 392/445 402/498 393/503
vt 0.7905 0.4842
f 394/500 483/514 435/501
vt 0.7946 0.4875
f 394/500 393/503 425/515
vt 0.0492 0.9936
f 336/432 426/516 360/408
f 393/503 402/498 425/515
vt 0.8272 0.4983
f 386/453 430/485 409/517
vt 0.1628 0.8967
f 464/478 448/518 412/479
f 343/424 361/463 416/512
f 389/449 419/470 459/513
f 394/500 425/515 483/514
f 396/447 382/416 436/502
f 396/447 436/502 439/486
f 380/418 438/483 391/469
f 386/453 409/517 361/463
vt 0.0504 0.9932
f 401/451 481/519 336/432
vt 0.6248 0.5517
vt 0.6248 0.5548
vt 0.6241 0.5529
f 395/520 426/521 433/522
f 362/409 444/494 421/475
vt 0.9398 0.0552
f 333/426 474/523 462/476
f 397/395 422/454 445/506
vt 0.164 0.8899
f 464/478 406/397 491/524
vt 0.8501 0.4982
f 407/480 412/510 449/525
vt 0.8185 0.4359
f 339/438 465/526 424/509
vt 0.8166 0.4382
f 339/438 408/527 465/526
f 339/438 384/427 408/527
vt 0.8425 0.4981
f 398/460 466/528 399/406
vt 0.8379 0.4987
f 344/439 399/406 478/529
vt 0.8079 0.4465
f 370/468 417/530 484/496
vt 0.806 0.4501
f 355/428 400/429 467/531
vt 0.798 0.4583
f 427/491 372/421 410/532
vt 0.7896 0.4744
f 387/462 388/461 455/533
vt 0.8519 0.4976
f 412/510 448/534 449/525
f 372/421 390/489 410/532
f 400/429 413/497 467/531
vt 0.7956 0.4916
f 402/498 459/513 457/535
f 370/468 355/428 417/530
vt 0.795 0.4609
f 391/469 442/536 377/481
f 399/406 466/528 478/529
f 333/426 441/504 474/523
vt 0.9506 0.056
f 405/433 446/537 441/504
f 405/433 411/477 446/537
vt 0.9561 0.0577
f 411/477 376/465 490/538
vt 0.9613 0.0581
f 376/465 492/539 490/538
f 376/465 424/508 492/539
vt 0.8471 0.4999
f 407/480 437/540 398/460
f 408/527 384/427 476/511
f 344/439 478/529 430/485
f 355/428 467/531 417/530
vt 0.7897 0.4696
f 438/483 387/462 486/541
f 388/461 435/501 455/533
vt 0.0515 0.9891
f 403/467 461/542 414/484
vt 0.6236 0.5578
f 426/521 480/543 433/522
vt 0.915 0.0504
f 420/487 439/486 469/544
f 425/515 402/498 457/535
vt 0.792 0.4888
f 425/515 434/545 483/514
vt 0.0522 0.9907
f 414/484 440/546 431/464
f 377/481 442/536 410/532
vt 0.0501 0.9937
f 336/432 453/547 426/516
f 336/432 481/519 453/547
f 390/489 377/481 410/532
f 425/515 457/535 434/545
f 379/459 404/488 415/471
vt 0.6252 0.5579
f 426/521 453/548 480/543
vt 0.0517 0.9929
f 431/464 509/549 401/451
f 401/451 509/549 481/519
vt 0.1583 0.8488
f 433/499 451/550 428/493
vt 0.1613 0.8565
f 418/458 472/551 444/494
f 367/446 462/476 454/492
vt 0.1636 0.8723
f 422/454 510/552 445/506
f 406/397 423/507 491/524
f 407/480 449/525 437/540
f 398/460 437/540 466/528
vt 0.8309 0.501
f 430/485 479/553 409/517
vt 0.8261 0.5011
f 409/517 450/554 361/463
vt 0.8051 0.4988
f 419/470 429/482 500/555
vt 0.0532 0.9899
f 414/484 482/556 440/546
vt 0.053 0.9916
f 431/464 440/546 456/557
f 387/462 455/533 486/541
vt 0.8002 0.4511
f 413/497 494/558 467/531
vt 0.8135 0.5001
f 404/488 460/559 415/471
vt 0.9201 0.0531
f 436/502 489/560 439/486
f 415/471 460/559 429/482
f 414/484 461/542 482/556
vt 0.7977 0.4551
f 410/532 468/561 427/491
vt 0.7951 0.4572
f 410/532 529/562 468/561
vt 0.8013 0.4983
f 459/513 419/470 518/563
vt 0.0504 0.9876
f 403/467 420/473 443/564
f 418/458 428/493 472/551
f 422/454 432/505 510/552
vt 0.9465 0.0587
f 441/504 446/537 525/565
f 446/537 411/477 490/538
vt 0.9649 0.0583
f 424/508 447/566 492/539
vt 0.8207 0.4335
f 424/509 465/526 447/567
vt 0.8347 0.5017
f 430/485 478/529 527/568
f 409/517 479/553 450/554
f 361/463 450/554 416/512
vt 0.792 0.4637
f 391/469 438/483 499/569
f 413/497 427/491 494/558
vt 0.6234 0.555
f 433/522 480/543 451/570
f 438/483 486/541 499/569
f 431/464 456/557 509/549
vt 0.16 0.8502
f 428/493 451/550 470/571
vt 0.1611 0.8528
f 428/493 470/571 452/572
vt 0.8034 0.4473
f 467/531 528/573 417/530
vt 0.7881 0.4813
f 483/514 487/574 435/501
vt 0.9218 0.0565
f 489/560 436/502 560/575
vt 0.8501 0.5004
f 449/525 511/576 437/540
f 391/469 499/569 442/536
vt 0.9349 0.0577
f 462/476 458/577 454/492
vt 0.6474 0.6614
vt 0.6456 0.6616
vt 0.6457 0.6588
f 420/578 469/579 443/580
vt 0.9172 0.0526
f 439/486 488/581 469/544
vt 0.787 0.4782
f 435/501 487/574 541/582
f 410/532 442/536 529/562
vt 0.0525 0.9926
f 456/557 551/583 509/549
vt 0.0517 0.988
f 461/542 403/467 508/584
vt 0.0511 0.9879
f 403/467 502/585 508/584
f 403/467 443/564 502/585
f 428/493 452/572 472/551
vt 0.9256 0.057
f 436/502 375/474 552/586
f 436/502 552/586 560/575
vt 0.9293 0.0563
f 375/474 454/492 473/587
f 375/474 473/587 552/586
vt 0.1635 0.859
f 444/494 532/588 421/475
vt 0.1633 0.8638
f 421/475 523/589 432/505
vt 0.9425 0.0573
f 474/523 441/504 471/590
f 441/504 525/565 471/590
vt 0.1667 0.8795
f 383/495 445/506 526/591
vt 0.1656 0.8857
f 383/495 463/592 423/507
vt 0.166 0.8972
f 448/518 464/478 511/593
vt 0.1634 0.8982
f 448/518 511/593 449/594
vt 0.8185 0.4321
f 447/567 465/526 475/595
vt 0.8429 0.5013
f 437/540 505/596 466/528
f 466/528 505/596 478/529
f 430/485 527/568 479/553
f 419/470 500/555 518/563
f 435/501 541/582 455/533
f 439/486 489/560 488/581
f 440/546 482/556 456/557
f 444/494 472/551 532/588
vt 0.6433 0.6639
vt 0.6423 0.6604
f 469/579 488/597 495/598
f 423/507 463/592 491/524
f 469/579 495/598 443/580
vt 0.1658 0.8691
f 432/505 566/599 510/552
vt 0.6225 0.5545
f 451/570 480/543 470/600
vt 0.8087 0.5004
f 429/482 559/601 500/555
vt 0.0514 0.9936
f 509/549 530/602 481/519
f 454/492 458/577 473/587
vt 0.1666 0.866
f 432/505 523/589 565/603
f 432/505 565/603 566/599
vt 0.1658 0.8821
f 383/495 504/604 463/592
vt 0.9502 0.0609
f 446/537 490/538 533/605
vt 0.8093 0.4385
f 476/511 484/496 537/606
vt 0.8379 0.5038
f 478/529 505/596 477/607
vt 0.806 0.4428
f 417/530 497/608 484/496
vt 0.8182 0.5031
f 404/488 416/512 540/609
f 460/559 559/601 429/482
vt 0.8236 0.5034
f 450/554 539/610 416/512
vt 0.7957 0.4946
f 457/535 459/513 485/611
f 421/475 532/588 523/589
vt 0.7978 0.4968
f 459/513 520/612 485/611
vt 0.9387 0.0591
f 462/476 474/523 554/613
vt 0.8154 0.5032
f 460/559 404/488 513/614
f 459/513 518/563 520/612
vt 0.7918 0.4932
f 457/535 542/615 434/545
f 457/535 485/611 542/615
vt 0.624 0.5602
vt 0.6233 0.5631
f 480/543 453/616 519/617
vt 0.7873 0.4722
f 455/533 550/618 486/541
vt 0.8159 0.4345
f 408/527 493/619 465/526
vt 0.8131 0.4359
f 408/527 536/620 493/619
vt 0.0534 0.9888
f 482/556 461/542 582/621
f 462/476 554/613 458/577
f 474/523 471/590 554/613
vt 0.1674 0.8757
f 445/506 524/622 526/591
vt 0.1677 0.892
f 464/478 491/524 534/623
f 464/478 534/623 511/593
vt 0.9653 0.0605
f 492/539 447/566 475/624
f 465/526 493/619 475/595
f 408/527 476/511 536/620
f 478/529 477/607 527/568
f 467/531 494/558 528/573
f 427/491 468/561 494/558
f 404/488 540/609 513/614
f 445/506 510/552 524/622
f 455/533 541/582 550/618
vt 0.6242 0.5624
f 453/616 481/625 519/617
vt 0.8111 0.5022
f 460/559 514/626 559/601
vt 0.7899 0.4918
vt 0.7877 0.4895
f 434/545 544/627 496/628
f 434/545 496/628 483/514
f 446/537 533/605 525/565
vt 0.0542 0.9899
vt 0.0543 0.9912
f 482/556 506/629 498/630
f 482/556 498/630 456/557
f 442/536 499/569 529/562
vt 0.8292 0.5046
f 450/554 479/553 577/631
vt 0.6452 0.6578
vt 0.6405 0.6562
f 443/632 495/598 507/633
vt 0.6442 0.6549
f 443/632 507/633 502/634
f 434/545 542/615 544/627
vt 0.7861 0.4857
f 483/514 517/635 487/574
vt 0.8206 0.5048
f 416/512 539/610 589/636
f 460/559 513/614 514/626
f 483/514 496/628 517/635
vt 0.1645 0.8551
f 472/551 452/572 546/637
vt 0.7847 0.4823
f 487/574 549/638 541/582
vt 0.1619 0.8508
f 470/571 574/639 452/572
vt 0.7863 0.4754
f 550/618 541/582 545/640
vt 0.0525 0.9878
f 582/621 461/542 501/641
vt 0.6416 0.666
vt 0.6396 0.664
f 488/597 489/642 503/643
f 488/597 503/643 495/598
f 383/495 526/591 504/604
vt 0.9563 0.0625
f 533/605 490/538 557/644
f 490/538 492/539 557/644
vt 0.9612 0.0618
f 492/539 569/645 557/644
f 492/539 475/624 569/645
f 537/606 484/496 497/608
f 417/530 528/573 497/608
vt 0.167 0.8611
f 532/588 553/646 523/589
vt 0.9181 0.0553
f 489/560 560/575 503/647
vt 0.6211 0.5573
f 470/600 480/543 531/648
vt 0.6205 0.5543
f 470/600 531/648 574/649
f 416/512 589/636 540/609
vt 0.6239 0.5663
f 481/625 530/650 519/617
f 487/574 517/635 549/638
f 461/542 508/584 501/641
vt 0.0514 0.9876
f 502/585 515/651 508/584
vt 0.9286 0.0589
f 552/586 473/587 522/652
vt 0.1702 0.8949
f 511/593 534/623 601/653
vt 0.8472 0.5047
f 511/576 558/654 437/540
vt 0.8496 0.5048
f 511/576 512/655 558/654
f 437/540 558/654 505/596
f 536/620 476/511 537/606
vt 0.8428 0.5053
f 505/596 561/656 477/607
vt 0.8335 0.5055
f 479/553 586/657 577/631
vt 0.8263 0.5062
f 539/610 450/554 587/658
vt 0.7941 0.4536
f 494/558 468/561 588/659
vt 0.6415 0.6528
f 502/634 507/633 515/660
vt 0.7879 0.4689
f 486/541 550/618 579/661
f 479/553 527/568 586/657
vt 0.9435 0.062
f 554/613 471/590 556/662
vt 0.6217 0.5618
f 480/543 519/617 620/663
vt 0.919 0.0571
f 503/647 560/575 547/664
vt 0.1638 0.8529
f 546/637 452/572 574/665
vt 0.789 0.4652
f 499/569 486/541 521/666
vt 0.0546 0.9923
f 456/557 498/630 581/667
vt 0.6381 0.66
f 495/598 516/668 507/633
f 495/598 503/643 516/668
f 546/637 532/588 472/551
vt 0.9345 0.0611
f 473/587 458/577 567/669
f 471/590 525/565 556/662
vt 0.1684 0.8867
f 463/592 568/670 491/524
f 491/524 568/670 534/623
vt 0.817 0.431
vt 0.8149 0.4304
f 475/671 493/619 535/672
vt 0.9648 0.0647
f 475/624 535/673 569/645
vt 0.8129 0.4318
f 493/619 602/674 535/672
f 493/619 536/620 602/674
f 505/596 558/654 561/656
vt 0.8028 0.4428
f 497/608 528/573 572/675
f 468/561 529/562 588/659
vt 0.7899 0.4595
f 529/562 499/569 543/676
f 486/541 579/661 521/666
f 456/557 581/667 551/583
vt 0.0519 0.9937
f 530/602 509/549 548/677
vt 0.8057 0.5025
f 500/555 559/601 606/678
f 567/669 522/652 473/587
vt 0.7939 0.4974
f 485/611 593/679 542/615
vt 0.6218 0.5648
f 519/617 594/680 620/663
vt 0.6371 0.6516
f 515/660 507/633 578/681
vt 0.0554 0.9896
f 498/630 506/629 614/682
vt 0.0559 0.9915
f 498/630 614/682 656/683
vt 0.0522 0.9875
f 501/641 508/584 562/684
f 480/543 620/663 531/648
vt 0.6379 0.6639
f 516/668 503/643 547/685
vt 0.9197 0.0596
f 560/575 610/686 547/664
f 523/589 553/646 565/603
f 463/592 504/604 568/670
vt 0.9619 0.0648
f 569/645 535/673 570/687
vt 0.1696 0.8979
f 511/593 601/653 512/688
vt 0.8041 0.4395
f 537/606 497/608 538/689
f 527/568 477/607 586/657
f 577/631 587/658 450/554
vt 0.6223 0.5688
f 519/617 530/650 619/690
f 519/617 619/690 594/680
f 498/630 656/683 581/667
vt 0.7828 0.4784
f 541/582 597/691 545/640
vt 0.7974 0.5006
f 520/612 518/563 609/692
vt 0.7867 0.4943
f 544/627 592/693 496/628
vt 0.7828 0.4848
f 549/638 517/635 575/694
f 458/577 554/613 567/669
vt 0.9463 0.065
f 533/605 650/695 525/565
vt 0.7812 0.4878
f 517/635 496/628 630/696
vt 0.783 0.4916
f 496/628 592/693 631/697
vt 0.7898 0.4959
f 542/615 591/698 544/627
vt 0.642 0.6512
vt 0.6405 0.6495
f 508/699 515/660 562/700
vt 0.0538 0.9878
f 582/621 501/641 615/701
vt 0.0529 0.9876
f 501/641 616/702 615/701
vt 0.0533 0.9938
f 509/549 551/583 643/703
vt 0.6233 0.5693
f 530/650 548/704 619/690
vt 0.1684 0.8568
f 532/588 546/637 622/705
f 510/552 566/599 524/622
vt 0.9396 0.0637
f 554/613 556/662 555/706
f 525/565 650/695 556/662
vt 0.9526 0.0655
f 533/605 557/644 671/707
vt 0.1699 0.8901
f 534/623 568/670 584/708
vt 0.8053 0.4373
f 537/606 538/689 604/709
vt 0.7989 0.446
f 528/573 494/558 573/710
vt 0.8229 0.5083
f 539/610 637/711 589/636
vt 0.796 0.4502
f 588/659 576/712 494/558
vt 0.8135 0.5057
f 513/614 628/713 514/626
f 485/611 520/612 593/679
f 542/615 593/679 591/698
f 500/555 606/678 518/563
vt 0.0548 0.9891
f 506/629 482/556 608/714
f 506/629 608/714 614/682
f 544/627 591/698 592/693
vt 0.171 0.8828
f 526/591 624/715 504/604
f 539/610 587/658 637/711
vt 0.7832 0.4747
f 545/640 597/691 580/716
vt 0.0529 0.994
f 548/677 509/549 617/717
f 496/628 631/697 630/696
vt 0.635 0.6629
f 547/685 610/718 516/668
f 517/635 630/696 575/694
f 541/582 549/638 597/691
vt 0.8014 0.5021
f 606/678 596/719 518/563
f 520/612 609/692 593/679
f 550/618 545/640 580/716
vt 0.6234 0.5714
vt 0.622 0.573
f 548/704 617/720 583/721
f 548/704 583/721 619/690
f 515/660 578/681 562/700
vt 0.9236 0.063
f 560/575 563/722 610/686
f 560/575 552/586 563/722
f 532/588 622/705 553/646
vt 0.9317 0.063
f 522/652 567/669 564/723
f 554/613 555/706 567/669
vt 0.171 0.8783
f 526/591 524/622 612/724
f 504/604 624/715 568/670
f 534/623 584/708 601/653
vt 0.8488 0.507
f 512/655 571/725 558/654
vt 0.8075 0.4337
f 536/620 636/726 602/674
f 536/620 537/606 636/726
f 497/608 572/675 538/689
f 572/675 528/573 573/710
f 494/558 576/712 573/710
f 559/601 514/626 606/678
vt 0.7843 0.47
f 550/618 652/727 579/661
f 499/569 521/666 543/676
vt 0.7832 0.4945
f 592/693 649/728 631/697
vt 0.7888 0.457
f 588/659 529/562 633/729
vt 0.6366 0.6474
f 562/700 578/681 618/730
vt 0.6397 0.6475
f 562/700 618/730 501/731
vt 0.8104 0.5069
f 628/713 693/732 514/626
f 550/618 580/716 652/727
f 482/556 582/621 608/714
vt 0.0541 0.9934
f 551/583 581/667 657/733
f 551/583 657/733 643/703
vt 0.0534 0.9874
f 616/702 644/734 615/701
f 509/549 643/703 617/717
vt 0.9264 0.0622
f 522/652 634/735 552/586
vt 0.1706 0.8721
f 566/599 661/736 524/622
vt 0.1716 0.8755
f 524/622 683/737 612/724
f 526/591 612/724 624/715
vt 0.9494 0.0683
f 533/605 670/738 650/695
vt 0.1724 0.8878
f 568/670 624/715 672/739
f 568/670 672/739 584/708
vt 0.957 0.0666
f 569/645 647/740 557/644
vt 0.1718 0.8984
f 512/688 601/653 571/741
vt 0.8461 0.5092
f 558/654 585/742 561/656
vt 0.8396 0.5092
f 477/607 561/656 603/743
vt 0.835 0.5092
f 477/607 603/743 648/744
f 477/607 648/744 586/657
vt 0.8317 0.5085
f 586/657 611/745 577/631
vt 0.8171 0.5067
f 589/636 590/746 540/609
f 540/609 590/746 513/614
f 513/614 590/746 628/713
f 529/562 543/676 633/729
f 514/626 693/732 606/678
vt 0.7857 0.4661
f 521/666 607/747 543/676
f 521/666 579/661 607/747
f 518/563 596/719 609/692
vt 0.6336 0.6566
f 516/668 645/748 507/633
vt 0.6202 0.5496
vt 0.618 0.5542
f 546/749 574/649 655/750
vt 0.6182 0.5511
f 546/749 655/750 622/751
vt 0.78 0.482
f 575/694 629/752 549/638
vt 0.7792 0.4854
f 575/694 630/696 595/753
f 579/661 652/727 607/747
vt 0.7904 0.499
f 591/698 593/679 653/754
vt 0.6328 0.6613
f 516/668 610/718 621/755
f 516/668 621/755 645/748
vt 0.0548 0.9879
f 582/621 598/756 608/714
f 582/621 615/701 598/756
vt 0.6382 0.6453
f 501/731 618/730 616/757
f 507/633 645/748 578/681
vt 0.6191 0.5583
f 531/648 613/758 574/649
f 552/586 634/735 563/722
f 522/652 564/723 634/735
vt 0.1715 0.8633
f 565/603 553/646 658/759
vt 0.1728 0.8672
f 565/603 599/760 566/599
f 524/622 661/736 683/737
f 557/644 647/740 671/707
vt 0.1729 0.8927
f 601/653 584/708 600/761
f 569/645 570/687 647/740
vt 0.8122 0.4299
f 535/672 602/674 625/762
f 558/654 571/725 585/742
vt 0.8426 0.5101
f 561/656 585/742 689/763
f 561/656 689/763 603/743
f 586/657 648/744 611/745
vt 0.7919 0.4496
f 588/659 638/764 576/712
vt 0.7866 0.4625
f 543/676 607/747 605/765
vt 0.7931 0.5016
f 593/679 678/766 653/754
f 549/638 629/752 597/691
vt 0.782 0.4714
f 652/727 580/716 651/767
f 575/694 595/753 629/752
f 531/648 620/663 613/758
vt 0.828 0.5111
f 577/631 675/768 587/658
f 577/631 611/745 675/768
f 593/679 609/692 678/766
vt 0.794 0.4468
f 576/712 638/764 627/769
vt 0.6197 0.5655
f 594/680 679/770 620/663
f 574/649 613/758 655/750
vt 0.1712 0.8589
f 553/646 622/705 669/771
f 565/603 658/759 599/760
vt 0.9356 0.0653
f 567/669 555/706 659/772
f 566/599 599/760 661/736
vt 0.9435 0.0672
f 555/706 556/662 623/773
f 556/662 650/695 623/773
f 533/605 671/707 670/738
f 584/708 672/739 600/761
vt 0.1741 0.8961
f 601/653 663/774 571/741
vt 0.9658 0.0672
vt 0.9644 0.0689
f 535/673 625/775 635/776
vt 0.8092 0.4303
f 602/674 626/777 625/762
f 602/674 636/726 626/777
f 537/606 604/709 636/726
vt 0.7996 0.441
f 572/675 573/710 664/778
f 573/710 576/712 627/769
vt 0.8189 0.5098
f 589/636 637/711 680/779
f 589/636 680/779 590/746
vt 0.8042 0.5055
f 596/719 606/678 654/780
vt 0.786 0.4994
f 591/698 653/754 632/781
f 591/698 632/781 592/693
vt 0.7889 0.4537
f 633/729 704/782 588/659
vt 0.6364 0.6434
f 616/757 618/730 644/783
vt 0.6179 0.5632
f 613/758 620/663 747/784
vt 0.9201 0.0635
f 610/686 563/722 695/785
f 567/669 659/772 564/723
vt 0.1748 0.8894
f 600/761 672/739 662/786
vt 0.9584 0.0697
f 570/687 686/787 647/740
f 535/673 635/776 570/687
vt 0.8489 0.5094
vt 0.8482 0.5098
f 571/725 663/788 674/789
f 571/725 674/789 585/742
vt 0.8112 0.4278
f 625/762 626/777 635/790
f 538/689 572/675 664/778
vt 0.8239 0.5111
f 587/658 675/768 692/791
f 587/658 692/791 637/711
vt 0.7828 0.4972
f 592/693 676/792 649/728
vt 0.799 0.5046
f 596/719 641/793 609/692
vt 0.6202 0.5695
f 619/690 714/794 594/680
f 594/680 714/794 679/770
f 620/663 679/770 747/784
vt 0.778 0.4917
f 631/697 639/795 630/696
vt 0.815 0.5089
f 628/713 590/746 640/796
f 628/713 640/796 693/732
vt 0.7802 0.4755
f 580/716 694/797 651/767
vt 0.7951 0.5037
f 609/692 698/798 678/766
f 609/692 641/793 698/798
f 619/690 583/721 714/794
f 663/774 601/653 600/761
vt 0.0563 0.9926
f 581/667 656/683 642/799
vt 0.0556 0.9883
f 608/714 598/756 711/800
f 581/667 642/799 657/733
vt 0.6287 0.6581
f 645/748 621/755 734/801
vt 0.9185 0.0621
f 610/686 695/785 621/802
vt 0.1709 0.8563
f 622/705 668/803 669/771
vt 0.9288 0.0667
f 564/723 646/804 634/735
f 553/646 669/771 658/759
vt 0.1741 0.8717
f 599/760 701/805 661/736
f 570/687 635/776 686/787
vt 0.806 0.4288
f 626/777 636/726 719/806
vt 0.8016 0.4361
f 636/726 604/709 724/807
f 538/689 724/807 604/709
f 538/689 664/778 724/807
vt 0.7958 0.4417
f 573/710 703/808 664/778
f 573/710 627/769 703/808
f 588/659 704/782 638/764
f 680/779 640/796 590/746
vt 0.7853 0.4602
f 543/676 605/765 709/809
f 543/676 709/809 633/729
f 693/732 654/780 606/678
f 596/719 654/780 641/793
vt 0.7787 0.4796
f 597/691 629/752 696/810
f 608/714 711/800 614/682
vt 0.7785 0.4959
f 631/697 649/728 666/811
vt 0.6327 0.6466
f 618/730 681/812 644/783
f 631/697 666/811 639/795
vt 0.7764 0.488
f 630/696 665/813 595/753
f 592/693 632/781 676/792
vt 0.6276 0.6626
f 621/755 695/814 734/801
f 630/696 639/795 665/813
vt 0.057 0.9893
f 614/682 731/815 656/683
vt 0.0546 0.9938
f 657/733 667/816 643/703
vt 0.623 0.5769
vt 0.6221 0.5818
vt 0.6207 0.5823
f 643/817 667/818 754/819
vt 0.6226 0.5745
vt 0.6212 0.5775
f 617/820 643/817 716/821
f 617/820 716/821 583/721
f 618/730 578/681 681/812
vt 0.9258 0.0673
f 634/735 646/804 737/822
f 634/735 737/822 563/722
vt 0.9379 0.0679
f 555/706 660/823 659/772
f 555/706 623/773 660/823
vt 0.1746 0.8823
f 624/715 685/824 672/739
vt 0.964 0.0714
f 635/776 687/825 686/787
vt 0.8084 0.4269
f 635/790 626/777 687/826
vt 0.8036 0.4318
f 636/726 718/827 719/806
f 636/726 724/807 718/827
vt 0.8319 0.512
f 648/744 691/828 611/745
f 611/745 691/828 675/768
vt 0.8078 0.508
f 693/732 706/829 654/780
vt 0.7812 0.4671
f 607/747 652/727 715/830
vt 0.7816 0.4646
f 605/765 607/747 728/831
f 624/715 612/724 685/824
vt 0.63 0.6517
f 578/681 645/748 700/832
f 597/691 694/797 580/716
f 597/691 696/810 694/797
vt 0.7768 0.4845
f 595/753 665/813 708/833
f 607/747 715/830 728/831
vt 0.7792 0.4985
f 649/728 676/792 759/834
f 649/728 759/834 666/811
vt 0.787 0.4509
f 638/764 704/782 740/835
vt 0.7879 0.5022
f 653/754 743/836 632/781
f 629/752 595/753 708/833
f 653/754 678/766 743/836
f 614/682 711/800 731/815
f 657/733 642/799 667/816
f 643/817 754/819 716/821
f 578/681 700/832 681/812
f 645/748 734/801 700/832
vt 0.6164 0.5512
f 622/751 655/750 668/837
f 661/736 701/805 683/737
vt 0.1758 0.8765
f 683/737 723/838 612/724
f 650/695 670/738 623/773
vt 0.9548 0.071
f 671/707 647/740 673/839
f 647/740 686/787 673/839
vt 0.1784 0.8928
f 600/761 808/840 663/774
vt 0.8477 0.5117
f 674/789 688/841 585/742
f 626/777 719/806 687/826
vt 0.8359 0.5134
f 648/744 603/743 690/842
f 637/711 692/791 680/779
f 605/765 728/831 709/809
f 652/727 651/767 715/830
vt 0.9324 0.0691
f 564/723 659/772 760/843
f 564/723 760/843 646/804
vt 0.8405 0.5146
f 603/743 677/844 690/842
vt 0.7733 0.4908
f 665/813 639/795 742/845
f 629/752 708/833 696/810
vt 0.8175 0.5129
f 680/779 811/846 640/796
vt 0.7754 0.4948
f 639/795 666/811 727/847
vt 0.6321 0.6421
f 681/812 682/848 644/783
vt 0.7784 0.4729
f 694/797 741/849 651/767
vt 0.6351 0.6408
f 644/783 682/848 615/850
vt 0.7776 0.4684
f 651/767 741/849 915/851
vt 0.6315 0.6379
vt 0.6329 0.6362
f 615/850 733/852 598/853
f 615/850 682/848 733/852
vt 0.6196 0.5731
f 583/721 699/854 714/794
vt 0.923 0.0667
f 563/722 736/855 695/785
vt 0.6165 0.5473
vt 0.6146 0.5491
f 669/856 668/837 748/857
vt 0.1753 0.8596
f 669/771 748/858 658/759
vt 0.1753 0.8623
f 658/759 765/859 599/760
vt 0.9403 0.0713
f 660/823 623/773 779/860
f 612/724 723/838 685/824
vt 0.9521 0.0705
f 670/738 671/707 684/861
vt 0.1772 0.885
f 672/739 685/824 726/862
f 671/707 673/839 684/861
f 672/739 726/862 662/786
f 600/761 662/786 808/840
vt 0.1746 0.8979
vt 0.1762 0.898
f 674/863 663/774 688/864
vt 0.8449 0.5145
f 585/742 688/841 738/865
f 585/742 738/865 689/763
f 603/743 689/763 677/844
f 648/744 690/842 691/828
vt 0.8129 0.5115
f 640/796 705/866 693/732
f 715/830 651/767 915/851
vt 0.7772 0.4766
f 694/797 696/810 697/867
f 639/795 727/847 742/845
f 694/797 697/867 741/849
vt 0.7738 0.4852
f 665/813 712/868 708/833
vt 0.7724 0.4885
f 742/845 753/869 665/813
f 583/721 716/821 699/854
vt 0.7975 0.5073
f 698/798 641/793 768/870
f 563/722 737/822 736/855
vt 0.1794 0.8955
f 688/864 663/774 810/871
vt 0.7978 0.4363
f 664/778 703/808 702/872
f 664/778 702/872 724/807
vt 0.0552 0.994
f 667/816 642/799 732/873
vt 0.6219 0.5855
f 667/818 732/874 754/819
vt 0.6158 0.5597
f 613/758 747/784 735/875
f 613/758 735/875 655/750
f 701/805 723/838 683/737
vt 0.1784 0.8799
f 685/824 767/876 726/862
f 808/840 810/871 663/774
vt 0.7913 0.4445
f 627/769 638/764 725/877
f 640/796 811/846 705/866
vt 0.7837 0.4565
f 633/729 784/878 704/782
vt 0.8086 0.5119
f 693/732 705/866 918/879
f 633/729 709/809 784/878
f 693/732 918/879 706/829
vt 0.7808 0.4606
f 728/831 827/880 709/809
vt 0.8021 0.5083
f 654/780 706/829 707/881
f 654/780 707/881 641/793
vt 0.7744 0.482
f 708/833 770/882 696/810
vt 0.7763 0.4984
f 666/811 759/834 710/883
f 666/811 710/883 727/847
vt 0.6156 0.5548
f 655/750 744/884 668/837
vt 0.6282 0.6443
f 681/812 745/885 682/848
vt 0.7897 0.5047
f 678/766 698/798 713/886
f 665/813 753/869 712/868
f 678/766 713/886 743/836
f 641/793 707/881 768/870
vt 0.792 0.5076
f 698/798 763/887 713/886
f 708/833 712/868 770/882
vt 0.6271 0.6481
f 681/812 700/832 717/888
f 681/812 717/888 745/885
vt 0.1773 0.8661
f 599/760 721/889 701/805
f 659/772 660/823 760/843
vt 0.9456 0.0709
f 623/773 670/738 749/890
vt 0.1787 0.888
f 662/786 781/891 808/840
vt 0.9601 0.0729
f 686/787 687/825 750/892
vt 0.8476 0.5146
f 688/841 751/893 738/865
vt 0.832 0.5155
f 690/842 752/894 691/828
vt 0.7934 0.4371
f 703/808 845/895 702/872
vt 0.8274 0.5154
f 691/828 729/896 675/768
vt 0.8214 0.5139
f 692/791 730/897 680/779
f 662/786 726/862 781/891
vt 0.7823 0.5012
f 676/792 632/781 796/898
f 697/867 696/810 770/882
f 658/759 748/858 765/859
vt 0.6165 0.5673
f 679/770 746/899 747/784
vt 0.7725 0.4988
f 727/847 710/883 769/900
vt 0.7721 0.4949
f 727/847 755/901 742/845
f 703/808 627/769 725/877
vt 0.7689 0.4914
f 742/845 755/901 761/902
vt 0.8055 0.5107
f 706/829 812/903 707/881
vt 0.6189 0.5771
f 699/854 716/821 801/904
f 692/791 675/768 729/896
f 692/791 729/896 730/897
f 676/792 796/898 759/834
f 698/798 768/870 763/887
f 723/838 767/876 685/824
vt 0.0579 0.99
f 656/683 731/815 821/905
f 656/683 821/905 642/799
vt 0.0574 0.9928
vt 0.0563 0.9938
f 642/799 774/906 764/907
vt 0.6321 0.6341
vt 0.6289 0.6342
f 711/908 598/853 775/909
f 598/853 733/852 775/909
vt 0.6273 0.6401
f 682/848 756/910 733/852
f 679/770 714/794 746/899
vt 0.6228 0.6609
f 734/801 695/814 757/911
f 655/750 735/875 744/884
f 668/837 744/884 748/857
f 765/859 721/889 599/760
vt 0.1778 0.8697
f 701/805 721/889 722/912
vt 0.1781 0.8751
f 701/805 766/913 723/838
f 701/805 722/912 766/913
f 623/773 749/890 779/860
vt 0.1787 0.898
f 688/864 810/871 751/914
f 691/828 752/894 729/896
f 725/877 638/764 740/835
vt 0.7856 0.4469
f 725/877 740/835 739/915
f 680/779 730/897 811/846
f 704/782 784/878 740/835
f 706/829 918/879 812/903
f 689/763 738/865 677/844
f 709/809 827/880 784/878
vt 0.0562 0.9878
f 711/800 720/916 731/815
f 632/781 743/836 796/898
vt 0.7735 0.4788
f 697/867 770/882 799/917
f 727/847 769/900 755/901
vt 0.8385 0.5188
f 690/842 677/844 1037/918
vt 0.6247 0.6665
vt 0.6213 0.6646
f 736/919 803/920 695/814
vt 0.7843 0.5046
f 796/898 743/836 762/921
vt 0.7679 0.496
f 755/901 771/922 761/902
vt 0.6133 0.5536
f 748/857 744/884 841/923
vt 0.7947 0.5109
f 768/870 866/924 763/887
vt 0.7729 0.475
f 741/849 697/867 871/925
f 742/845 761/902 753/869
vt 0.7734 0.5015
f 710/883 791/926 769/900
f 682/848 745/885 756/910
f 642/799 764/907 732/873
vt 0.6295 0.6317
f 711/908 775/909 720/927
vt 0.62 0.589
f 732/874 916/928 754/819
f 716/821 754/819 801/904
f 714/794 699/854 746/899
vt 0.6228 0.6511
f 734/801 786/929 700/832
vt 0.622 0.656
f 734/801 758/930 786/929
f 695/814 803/920 757/911
vt 0.6204 0.6669
f 736/919 777/931 803/920
vt 0.9247 0.0698
f 736/855 737/822 777/932
f 737/822 646/804 777/932
vt 0.9299 0.0714
f 646/804 760/843 843/933
vt 0.949 0.0733
f 749/890 670/738 805/934
f 670/738 684/861 805/934
vt 0.9566 0.0749
f 686/787 877/935 673/839
f 686/787 750/892 877/935
vt 0.804 0.4247
f 687/826 719/806 809/936
vt 0.8007 0.4274
f 719/806 718/827 782/937
vt 0.7974 0.4336
f 724/807 882/938 718/827
f 724/807 702/872 882/938
f 728/831 715/830 915/851
f 642/799 821/905 774/906
f 743/836 713/886 762/921
vt 0.7683 0.4889
f 753/869 761/902 798/939
vt 0.7749 0.4709
f 915/851 741/849 888/940
f 734/801 757/911 758/930
vt 0.7772 0.503
f 710/883 759/834 862/941
f 710/883 862/941 791/926
vt 0.9361 0.0735
f 660/823 790/942 760/843
f 660/823 779/860 790/942
f 755/901 769/900 771/922
f 646/804 843/933 777/932
vt 0.6189 0.5816
f 754/819 800/943 801/904
vt 0.6159 0.5705
f 699/854 923/944 746/899
f 717/888 700/832 786/929
vt 0.1783 0.8596
f 748/858 823/945 765/859
f 723/838 766/913 767/876
vt 0.9521 0.0752
f 684/861 780/946 805/934
vt 0.79 0.4391
f 703/808 970/947 845/895
vt 0.8001 0.5111
f 707/881 812/903 828/948
f 759/834 796/898 862/941
f 703/808 725/877 970/947
vt 0.7694 0.5009
f 769/900 791/926 772/949
vt 0.7697 0.4851
f 712/868 753/869 788/950
f 769/900 772/949 771/922
vt 0.7653 0.4945
f 761/902 771/922 785/951
vt 0.8148 0.516
f 811/846 929/952 705/866
f 697/867 799/917 871/925
vt 0.7654 0.4988
f 772/949 794/953 771/922
f 741/849 871/925 888/940
vt 0.7875 0.5091
f 713/886 1030/954 762/921
vt 0.8465 0.517
f 738/865 751/893 825/955
vt 0.6217 0.5896
vt 0.621 0.5916
f 732/956 764/957 916/928
vt 0.6163 0.5753
f 699/854 801/904 922/958
f 699/854 922/958 923/944
vt 0.6217 0.6473
f 717/888 786/929 776/959
f 744/884 735/875 841/923
vt 0.613 0.5496
f 748/857 841/923 823/960
vt 0.1787 0.8621
f 765/859 823/945 837/961
vt 0.1814 0.869
f 722/912 778/962 766/913
vt 0.1809 0.8823
f 726/862 806/963 781/891
f 684/861 673/839 780/946
f 673/839 877/935 780/946
vt 0.1836 0.8912
f 808/840 781/891 1035/964
vt 0.964 0.0757
f 687/825 809/965 750/892
f 719/806 782/937 809/936
vt 0.8436 0.5176
f 738/865 783/966 677/844
vt 0.7972 0.4306
f 718/827 927/967 782/937
f 718/827 882/938 927/967
vt 0.8352 0.5184
f 690/842 883/968 752/894
vt 0.8211 0.5164
f 730/897 885/969 811/846
vt 0.8102 0.5153
f 918/879 705/866 1002/970
vt 0.1811 0.8981
f 751/914 810/871 825/971
f 713/886 763/887 1030/954
f 690/842 1037/918 883/968
f 771/922 794/953 785/951
vt 0.7627 0.4965
vt 0.7633 0.4941
f 785/951 789/972 813/973
vt 0.7673 0.5024
f 772/949 787/974 794/953
f 753/869 798/939 788/950
vt 0.7649 0.4916
f 785/951 797/975 761/902
vt 0.7648 0.5029
vt 0.7638 0.501
f 787/974 848/976 792/977
f 712/868 788/950 770/882
f 794/953 789/972 785/951
f 787/974 792/977 794/953
vt 0.7793 0.5058
f 796/898 762/921 865/978
vt 0.7617 0.4956
f 789/972 795/979 813/973
f 729/896 885/969 730/897
vt 0.7702 0.482
f 770/882 869/980 799/917
vt 0.6347 0.262
vt 0.6335 0.2635
vt 0.6329 0.2615
f 792/981 848/982 814/983
vt 0.6348 0.2561
vt 0.631 0.258
vt 0.6338 0.2537
f 789/984 815/985 795/986
vt 0.6348 0.259
vt 0.6337 0.2601
f 789/984 794/987 792/988
f 789/984 792/988 815/985
vt 0.0571 0.9938
f 764/907 774/906 840/989
f 785/951 813/973 797/975
f 733/852 756/910 775/909
vt 0.0573 0.9883
f 731/815 773/990 821/905
f 731/815 720/916 773/990
vt 0.6252 0.6315
f 775/909 963/991 720/927
vt 0.6224 0.6427
f 745/885 802/992 756/910
f 745/885 717/888 802/992
f 717/888 776/959 802/992
vt 0.9264 0.0738
f 777/932 843/933 999/993
f 765/859 837/961 721/889
vt 0.9332 0.0732
f 760/843 844/994 843/933
vt 0.1799 0.8653
f 721/889 837/961 824/995
f 760/843 790/942 844/994
vt 0.1819 0.8741
f 766/913 778/962 804/996
vt 0.1825 0.8782
f 766/913 804/996 817/997
f 766/913 817/997 767/876
vt 0.9442 0.0758
f 749/890 926/998 779/860
f 749/890 805/934 926/998
f 726/862 767/876 806/963
vt 0.1837 0.8867
f 781/891 806/963 807/999
f 738/865 825/955 783/966
f 677/844 783/966 1037/918
vt 0.7933 0.4338
f 882/938 702/872 969/1000
f 702/872 845/895 969/1000
vt 0.787 0.4413
f 725/877 846/1001 970/947
vt 0.7827 0.4483
f 740/835 1077/1002 739/915
vt 0.7808 0.4536
f 740/835 784/878 886/1003
f 707/881 828/948 768/870
vt 0.7751 0.4645
f 728/831 887/1004 827/880
f 728/831 915/851 887/1004
f 768/870 828/948 866/924
f 761/902 797/975 798/939
vt 0.6314 0.2536
f 795/986 815/985 816/1005
vt 0.6133 0.5659
f 747/784 875/1006 735/875
vt 0.7601 0.4948
f 795/979 889/1007 813/973
f 792/988 814/983 815/985
vt 0.6289 0.2618
f 814/983 830/1008 815/985
f 814/983 848/982 830/1008
vt 0.6266 0.2566
f 815/985 818/1009 816/1005
vt 0.6258 0.2546
f 816/1005 818/1009 819/1010
f 796/898 865/978 862/941
vt 0.6274 0.252
f 816/1005 819/1010 858/1011
f 818/1009 815/985 830/1008
vt 0.6256 0.2601
f 818/1009 830/1008 820/1012
vt 0.7692 0.479
f 799/917 869/980 919/1013
vt 0.767 0.4865
f 798/939 958/1014 788/950
f 770/882 788/950 869/980
vt 0.6252 0.2632
f 830/1008 822/1015 820/1012
vt 0.6261 0.6287
f 962/1016 720/927 963/991
vt 0.617 0.5792
f 801/904 800/943 849/1017
f 801/904 849/1017 922/958
vt 0.6164 0.6622
f 757/911 998/1018 758/930
vt 0.9407 0.0755
f 779/860 1032/1019 790/942
f 779/860 926/998 1032/1019
f 781/891 807/999 1035/964
vt 0.9597 0.0783
f 877/935 750/892 878/1020
f 808/840 1035/964 810/871
vt 0.8297 0.5189
f 752/894 826/1021 729/896
vt 0.8248 0.5196
f 729/896 884/1022 885/969
vt 0.7839 0.4438
f 725/877 739/915 1151/1023
f 725/877 1151/1023 846/1001
f 811/846 885/969 929/952
f 740/835 886/1003 1077/1002
f 705/866 929/952 1002/970
f 784/878 827/880 886/1003
vt 0.8045 0.5138
f 918/879 971/1024 812/903
vt 0.6342 0.2513
f 795/986 816/1005 889/1025
f 812/903 971/1024 828/948
vt 0.6214 0.2574
f 818/1009 820/1012 829/1026
vt 0.6219 0.2625
f 820/1012 864/1027 829/1026
vt 0.7902 0.5117
f 763/887 1116/1028 1030/954
vt 0.5621 0.2618
vt 0.5582 0.2587
vt 0.5627 0.256
f 831/1029 834/1030 832/1031
vt 0.6287 0.2649
f 830/1008 848/982 933/1032
vt 0.5652 0.258
f 831/1029 832/1031 856/1033
vt 0.6235 0.2527
f 819/1010 941/1034 858/1011
f 819/1010 818/1009 829/1026
vt 0.5572 0.2622
f 834/1030 831/1029 833/1035
vt 0.5542 0.26
f 834/1030 833/1035 836/1036
f 820/1012 822/1015 864/1027
vt 0.7823 0.5067
f 762/921 910/1037 865/978
vt 0.5541 0.2559
f 834/1030 836/1036 897/1038
vt 0.5826 0.2581
vt 0.5766 0.2599
vt 0.5804 0.2558
f 859/1039 838/1040 855/1041
vt 0.6185 0.5857
f 800/943 754/819 835/1042
vt 0.5816 0.2617
f 859/1039 861/1043 838/1040
vt 0.6205 0.2546
f 819/1010 829/1026 873/1044
vt 0.7706 0.5053
f 772/949 867/1045 787/974
f 819/1010 873/1044 941/1034
vt 0.5603 0.253
f 832/1031 834/1030 947/1046
f 799/917 919/1013 871/925
vt 0.5762 0.2562
f 855/1041 838/1040 851/1047
vt 0.5541 0.265
f 833/1035 839/1048 836/1036
f 834/1030 897/1038 947/1046
vt 0.5663 0.2609
f 856/1033 854/1049 831/1029
vt 0.5845 0.255
f 855/1041 911/1050 859/1039
f 767/876 817/997 806/963
vt 0.059 0.9895
vt 0.0586 0.991
f 821/905 1139/1051 921/1052
vt 0.0582 0.9885
f 821/905 961/1053 1139/1051
vt 0.0576 0.9936
f 774/906 1090/1054 840/989
vt 0.6274 0.6264
vt 0.6262 0.6266
f 720/1055 962/1016 773/1056
vt 0.6203 0.5948
f 764/957 840/1057 916/928
f 916/928 835/1042 754/819
vt 0.6237 0.6368
f 775/909 756/910 793/1058
f 756/910 802/992 793/1058
f 747/784 746/899 875/1006
vt 0.6153 0.6563
f 758/930 998/1018 1067/1059
f 757/911 803/920 998/1018
vt 0.6128 0.5588
f 735/875 875/1006 924/1060
f 803/920 777/931 998/1018
f 841/923 735/875 924/1060
vt 0.9225 0.074
f 777/932 999/993 997/1061
vt 0.6147 0.6651
f 777/931 997/1062 998/1018
vt 0.6112 0.5517
f 823/960 841/923 876/1063
vt 0.1814 0.8601
f 823/945 876/1064 837/961
vt 0.9308 0.0751
f 844/994 842/1065 843/933
f 721/889 824/995 722/912
f 722/912 824/995 778/962
f 750/892 809/965 878/1020
vt 0.1844 0.8956
f 810/871 966/1066 825/971
vt 0.845 0.5207
f 825/955 880/1067 783/966
vt 0.8016 0.4237
f 809/936 782/937 879/1068
f 752/894 883/968 826/1021
f 729/896 826/1021 884/1022
vt 0.77 0.4719
f 888/940 871/925 930/1069
vt 0.7602 0.4917
f 813/973 1004/1070 797/975
vt 0.7647 0.5048
f 848/976 787/974 847/1071
vt 0.5719 0.2609
f 851/1047 838/1040 850/1072
f 830/1008 933/1032 822/1015
vt 0.572 0.2578
f 851/1047 850/1072 853/1073
f 772/949 791/926 867/1045
vt 0.7735 0.505
f 791/926 862/941 983/1074
vt 0.7844 0.5105
f 762/921 1030/954 852/1075
vt 0.5517 0.258
f 836/1036 913/1076 897/1038
vt 0.5774 0.2635
f 861/1043 863/1077 838/1040
vt 0.5732 0.2543
f 853/1073 857/1078 851/1047
f 838/1040 863/1077 850/1072
vt 0.0588 0.9929
f 774/906 990/1079 1090/1054
f 853/1073 854/1049 856/1033
f 853/1073 850/1072 854/1049
vt 0.5688 0.263
f 850/1072 890/1080 854/1049
vt 0.5674 0.2546
f 853/1073 856/1033 860/1081
f 853/1073 860/1081 857/1078
vt 0.5511 0.2628
f 836/1036 839/1048 934/1082
vt 0.5582 0.2661
f 833/1035 831/1029 940/1083
f 833/1035 940/1083 839/1048
vt 0.572 0.2653
f 850/1072 863/1077 955/1084
vt 0.5854 0.2599
f 859/1039 912/1085 861/1043
vt 0.564 0.251
f 832/1031 947/1046 1125/1086
vt 0.563 0.2669
f 831/1029 987/1087 940/1083
f 832/1031 860/1081 856/1033
f 762/921 852/1075 910/1037
f 850/1072 955/1084 890/1080
vt 0.7638 0.4889
f 798/939 797/975 1041/1088
f 798/939 1041/1088 958/1014
f 821/905 921/1052 774/906
f 763/887 866/924 1116/1028
vt 0.6183 0.2623
f 829/1026 864/1027 892/1089
f 775/909 793/1058 963/991
vt 0.7587 0.4929
f 813/973 931/1090 1004/1070
vt 0.6174 0.2564
f 829/1026 872/1091 873/1044
vt 0.575 0.2502
f 855/1041 851/1047 868/1092
vt 0.5663 0.2659
f 854/1049 870/1093 831/1029
f 829/1026 892/1089 872/1091
f 831/1029 870/1093 987/1087
f 774/906 921/1052 990/1079
vt 0.0575 0.988
f 773/990 874/1094 961/1053
f 773/990 961/1053 821/905
vt 0.6173 0.6515
f 758/930 1067/1059 995/1095
f 843/933 842/1065 999/993
vt 0.9478 0.0791
f 805/934 1108/1096 926/998
vt 0.1846 0.8829
f 806/963 1109/1097 807/999
vt 0.9549 0.0785
f 780/946 877/935 1034/1098
f 810/871 1035/964 966/1066
vt 0.9641 0.0792
f 809/965 879/1099 878/1020
vt 0.185 0.8985
f 825/971 966/1066 880/1100
vt 0.7937 0.4308
f 927/967 882/938 881/1101
vt 0.7771 0.457
f 886/1003 827/880 1003/1102
vt 0.7767 0.4611
f 827/880 972/1103 1003/1102
f 827/880 887/1004 972/1103
vt 0.7991 0.5134
f 828/948 971/1024 973/1104
vt 0.7675 0.506
f 787/974 1042/1105 847/1071
vt 0.6312 0.2486
f 889/1025 816/1005 932/1106
vt 0.6342 0.265
vt 0.6317 0.2681
f 847/1107 1080/1108 848/982
f 848/982 1080/1108 933/1032
f 816/1005 858/1011 932/1106
f 788/950 958/1014 869/980
f 913/1076 836/1036 934/1082
vt 0.8856 0.1769
vt 0.883 0.1776
vt 0.8778 0.1746
f 893/1109 894/1110 891/1111
vt 0.8868 0.1724
f 893/1109 891/1111 896/1112
f 854/1049 890/1080 870/1093
f 851/1047 857/1078 868/1092
vt 0.6132 0.259
f 872/1091 892/1089 901/1113
vt 0.8896 0.1754
f 893/1109 896/1112 905/1114
vt 0.8783 0.1758
f 894/1110 900/1115 891/1111
vt 0.8824 0.1711
f 896/1112 891/1111 895/1116
vt 0.8776 0.17
f 891/1111 917/1117 895/1116
vt 0.8844 0.1798
f 893/1109 902/1118 894/1110
vt 0.6142 0.2544
f 872/1091 901/1113 898/1119
f 872/1091 898/1119 873/1044
vt 0.5712 0.2509
f 860/1081 899/1120 857/1078
vt 0.6846 0.8008
vt 0.6822 0.8024
vt 0.6854 0.7969
f 894/1121 902/1122 900/1123
vt 0.5546 0.2519
f 897/1038 980/1124 947/1046
vt 0.887 0.1799
f 893/1109 986/1125 902/1118
vt 0.6123 0.263
f 892/1089 907/1126 901/1113
vt 0.6857 0.7931
vt 0.6882 0.7947
f 900/1123 903/1127 891/1128
vt 0.5759 0.2661
f 863/1077 991/1129 955/1084
vt 0.6096 0.2571
f 901/1113 904/1130 898/1119
vt 0.8851 0.1684
f 896/1112 895/1116 950/1131
vt 0.5856 0.2648
f 861/1043 912/1085 1013/1132
vt 0.8753 0.1725
f 917/1117 891/1111 909/1133
vt 0.567 0.2504
f 860/1081 1121/1134 899/1120
vt 0.5824 0.252
f 855/1041 946/1135 911/1050
vt 0.5837 0.267
vt 0.5795 0.2662
f 861/1043 1070/1136 939/1137
vt 0.7719 0.4684
f 888/940 1018/1138 915/851
f 861/1043 1013/1132 1070/1136
vt 0.6799 0.8002
vt 0.6829 0.7955
f 902/1122 952/1139 953/1140
f 902/1122 953/1140 900/1123
f 868/1092 946/1135 855/1041
vt 0.6881 0.792
vt 0.6893 0.7932
f 891/1128 906/1141 909/1142
f 893/1109 905/1114 986/1125
vt 0.8885 0.1683
f 896/1112 950/1131 1015/1143
vt 0.8354 0.5217
f 883/968 1037/918 908/1144
vt 0.6172 0.264
f 892/1089 975/1145 907/1126
vt 0.6206 0.252
f 873/1044 1005/1146 941/1034
f 903/1127 906/1141 891/1128
vt 0.5543 0.2685
f 940/1083 1071/1147 839/1048
vt 0.6798 0.8041
f 902/1122 986/1148 952/1139
f 791/926 983/1074 867/1045
f 861/1043 939/1137 863/1077
f 832/1031 1125/1086 860/1081
f 866/924 828/948 973/1104
vt 0.6075 0.2625
f 901/1113 907/1126 914/1149
f 900/1123 953/1140 903/1127
f 901/1113 914/1149 904/1130
f 859/1039 911/1050 912/1085
vt 0.6087 0.2545
f 904/1130 944/1150 898/1119
f 895/1116 917/1117 950/1131
vt 0.5503 0.2533
f 897/1038 1050/1151 980/1124
f 897/1038 913/1076 1050/1151
vt 0.6239 0.2657
f 864/1027 822/1015 974/1152
f 892/1089 864/1027 975/1145
vt 0.6037 0.2554
f 904/1130 976/1153 944/1150
vt 0.184 0.8623
f 837/961 876/1064 1144/1154
f 837/961 1144/1154 824/995
vt 0.7651 0.5074
f 847/1071 1042/1105 920/1155
vt 0.6342 0.2682
f 847/1107 920/1156 1080/1108
f 881/1101 882/938 969/1000
vt 0.6237 0.624
f 773/1056 962/1016 874/1157
vt 0.6179 0.5949
f 916/928 840/1057 1180/1158
vt 0.617 0.591
f 835/1042 916/928 1198/1159
f 776/959 786/929 995/1095
f 786/929 758/930 995/1095
f 746/899 923/944 875/1006
vt 0.9337 0.0779
f 842/1065 844/994 925/1160
vt 0.9508 0.0791
f 805/934 1033/1161 1108/1096
vt 0.7969 0.4243
f 782/937 927/967 1148/1162
vt 0.8319 0.5221
f 883/968 908/1144 928/1163
f 883/968 928/1163 826/1021
vt 0.7891 0.4359
f 845/895 1000/1164 969/1000
vt 0.8205 0.5199
f 885/969 1039/1165 929/952
vt 0.8056 0.5173
f 971/1024 918/879 1040/1166
vt 0.7688 0.4756
f 919/1013 959/1167 871/925
vt 0.761 0.4903
f 1041/1088 797/975 954/1168
f 787/974 867/1045 1042/1105
f 797/975 1004/1070 954/1168
f 813/973 889/1007 931/1090
vt 0.6343 0.2481
f 889/1025 932/1106 931/1169
f 822/1015 933/1032 974/1152
vt 0.6038 0.2609
f 904/1130 935/1170 976/1153
f 904/1130 914/1149 935/1170
vt 0.6014 0.2584
f 935/1170 937/1171 976/1153
vt 0.8921 0.1717
f 896/1112 1028/1172 905/1114
vt 0.877 0.1661
f 917/1117 956/1173 950/1131
vt 0.6052 0.2638
f 935/1170 914/1149 938/1174
vt 0.6096 0.2521
f 898/1119 944/1150 936/1175
vt 0.8807 0.1649
f 950/1131 956/1173 985/1176
f 890/1080 955/1084 870/1093
f 873/1044 898/1119 1005/1146
vt 0.5992 0.2624
f 935/1170 943/1177 937/1171
vt 0.7807 0.5094
f 910/1037 1029/1178 865/978
vt 0.5982 0.2546
f 937/1171 977/1179 976/1153
f 863/1077 939/1137 991/1129
vt 0.596 0.259
f 937/1171 942/1180 977/1179
f 896/1112 1015/1143 1028/1172
vt 0.6831 0.7909
f 953/1140 957/1181 903/1127
f 937/1171 943/1177 942/1180
f 885/969 884/1022 1039/1165
vt 0.5946 0.2548
f 942/1180 978/1182 977/1179
vt 0.6006 0.2649
f 935/1170 938/1174 1082/1183
f 935/1170 1082/1183 943/1177
vt 0.5881 0.2578
f 911/1050 949/1184 912/1085
vt 0.6053 0.2522
f 976/1153 1046/1185 944/1150
vt 0.6773 0.8023
f 952/1139 986/1148 945/1186
vt 0.5918 0.2572
f 942/1180 948/1187 978/1182
vt 0.6861 0.7897
f 903/1127 1009/1188 906/1141
f 857/1078 899/1120 868/1092
vt 0.5916 0.2615
f 942/1180 951/1189 948/1187
vt 0.62 0.6386
f 802/992 1055/1190 793/1058
vt 0.5945 0.2642
f 943/1177 989/1191 942/1180
f 860/1081 1125/1086 1121/1134
vt 0.6141 0.2498
f 898/1119 936/1175 1174/1192
vt 0.5518 0.2665
f 839/1048 1049/1193 934/1082
f 862/941 865/978 983/1074
f 942/1180 989/1191 951/1189
vt 0.8746 0.1685
f 917/1117 1087/1194 956/1173
vt 0.8137 0.5206
f 929/952 1189/1195 1002/970
vt 0.5724 0.2691
f 955/1084 991/1129 1017/1196
f 948/1187 951/1189 949/1184
vt 0.59 0.2546
f 948/1187 949/1184 981/1197
vt 0.588 0.263
f 949/1184 984/1198 912/1085
f 951/1189 984/1198 949/1184
vt 0.6108 0.555
f 876/1063 841/923 964/1199
f 948/1187 981/1197 978/1182
vt 0.7747 0.5081
f 865/978 1089/1200 983/1074
f 910/1037 852/1075 1029/1178
vt 0.591 0.264
f 951/1189 1069/1201 984/1198
vt 0.6759 0.8055
f 986/1148 1060/1202 945/1186
f 912/1085 984/1198 1013/1132
vt 0.5978 0.265
f 943/1177 1047/1203 989/1191
vt 0.7662 0.4808
f 869/980 958/1014 1011/1204
f 869/980 1011/1204 919/1013
vt 0.618 0.6446
f 802/992 776/959 996/1205
f 924/1060 964/1199 841/923
vt 0.1839 0.8652
f 824/995 1144/1154 1145/1206
f 824/995 1145/1206 778/962
vt 0.9371 0.0784
f 790/942 1032/1019 965/1207
f 790/942 925/1160 844/994
f 790/942 965/1207 925/1160
vt 0.1847 0.8716
f 804/996 778/962 1074/1208
f 806/963 817/997 1109/1097
f 805/934 780/946 1033/1161
f 780/946 1034/1098 1033/1161
f 877/935 878/1020 1034/1098
vt 0.9621 0.0825
f 878/1020 879/1099 1282/1209
vt 0.799 0.4234
f 879/1068 782/937 967/1210
f 782/937 1148/1162 967/1210
vt 0.8411 0.5222
f 783/966 880/1067 1088/1211
f 783/966 1088/1211 1037/918
vt 0.7942 0.4271
f 1148/1162 927/967 968/1212
f 845/895 970/947 1000/1164
vt 0.817 0.5193
f 1039/1165 1001/1213 929/952
f 918/879 1002/970 1040/1166
f 915/851 1018/1138 887/1004
f 888/940 930/1069 1018/1138
vt 0.6283 0.2475
f 932/1106 858/1011 1043/1214
vt 0.6246 0.2482
f 858/1011 941/1034 1044/1215
vt 0.6261 0.2687
f 933/1032 1062/1216 974/1152
f 1005/1146 898/1119 1174/1192
vt 0.6129 0.2657
f 907/1126 975/1145 1045/1217
vt 0.5478 0.257
f 1050/1151 913/1076 1051/1218
f 917/1117 909/1133 1087/1194
vt 0.8739 0.1721
vt 0.8728 0.1707
f 909/1133 906/1219 1010/1220
f 909/1133 1010/1220 1087/1194
vt 0.6084 0.2657
f 907/1126 1045/1217 1007/1221
vt 0.5854 0.253
f 949/1184 911/1050 1048/1222
f 907/1126 1007/1221 914/1149
f 951/1189 989/1191 1069/1201
f 914/1149 1007/1221 938/1174
vt 0.5817 0.2495
f 946/1135 868/1092 1066/1223
f 903/1127 957/1181 1009/1188
vt 0.6775 0.7952
f 952/1139 1091/1224 953/1140
vt 0.5812 0.2692
vt 0.5765 0.2707
f 939/1137 1020/1225 982/1226
f 943/1177 1082/1183 1047/1203
f 865/978 1029/1178 1089/1200
f 1070/1136 1020/1225 939/1137
vt 0.5611 0.2483
f 947/1046 980/1124 1137/1227
vt 0.8783 0.1624
f 985/1176 956/1173 1102/1228
vt 0.6761 0.7996
f 952/1139 945/1186 1012/1229
vt 0.6791 0.8068
f 986/1148 960/1230 1060/1202
f 1048/1222 981/1197 949/1184
f 952/1139 1012/1229 1091/1224
vt 0.5574 0.2697
f 940/1083 1019/1231 1071/1147
f 839/1048 1071/1147 1049/1193
vt 0.6803 0.7906
f 957/1181 953/1140 1064/1232
vt 0.0596 0.9919
f 921/1052 1140/1233 990/1079
vt 0.8852 0.1637
f 950/1131 985/1176 1021/1234
vt 0.5676 0.2691
f 870/1093 955/1084 1099/1235
f 953/1140 1091/1224 1064/1232
vt 0.7645 0.4857
f 958/1014 979/1236 1011/1204
f 944/1150 1046/1185 936/1175
f 955/1084 1017/1196 1099/1235
vt 0.6022 0.2514
f 1046/1185 976/1153 992/1237
vt 0.8897 0.1801
f 905/1114 960/1238 986/1125
f 979/1236 958/1014 1041/1088
vt 0.8926 0.175
f 905/1114 1028/1172 993/1239
f 947/1046 1137/1227 1125/1086
vt 0.5899 0.2518
f 981/1197 1084/1240 978/1182
f 991/1129 939/1137 982/1226
vt 0.6159 0.5843
f 800/943 835/1042 1106/1241
f 800/943 1106/1241 849/1017
vt 0.6174 0.6349
f 793/1058 1141/1242 963/991
f 793/1058 1055/1190 1141/1242
f 976/1153 977/1179 992/1237
vt 0.5986 0.2504
f 978/1182 1031/1243 977/1179
f 984/1198 1069/1201 1013/1132
vt 0.8919 0.1793
f 905/1114 993/1239 1014/1244
f 911/1050 946/1135 1048/1222
vt 0.0589 0.9886
f 1139/1051 961/1053 994/1245
vt 0.6195 0.5985
f 840/1057 1090/1246 1180/1158
vt 0.6216 0.6283
f 962/1016 1105/1247 874/1157
f 962/1016 963/991 1105/1247
f 835/1042 1198/1159 1106/1241
f 802/992 996/1205 1055/1190
f 776/959 995/1095 996/1205
vt 0.6105 0.5623
f 924/1060 875/1006 1073/1248
vt 0.927 0.078
f 999/993 842/1065 1228/1249
vt 0.1862 0.8749
f 804/996 1075/1250 817/997
vt 0.1871 0.8792
f 817/997 1281/1251 1109/1097
vt 0.8442 0.5229
f 880/1067 1185/1252 1088/1211
vt 0.8287 0.5222
f 826/1021 928/1163 1038/1253
f 826/1021 1038/1253 884/1022
f 739/915 1077/1002 1151/1023
f 929/952 1001/1213 1189/1195
vt 0.7785 0.4511
f 1077/1002 886/1003 1027/1254
vt 0.7756 0.454
f 886/1003 1153/1255 1027/1254
f 886/1003 1003/1102 1153/1255
f 871/925 959/1167 930/1069
f 858/1011 1044/1215 1043/1214
vt 0.6206 0.268
f 974/1152 1169/1256 864/1027
vt 0.6229 0.2692
f 974/1152 1196/1257 1169/1256
f 864/1027 1169/1256 975/1145
vt 0.6173 0.2686
f 975/1145 1169/1256 1006/1258
f 975/1145 1006/1258 1045/1217
vt 0.5483 0.2641
f 934/1082 1008/1259 1051/1218
f 934/1082 1051/1218 913/1076
f 934/1082 1049/1193 1008/1259
vt 0.689 0.7891
f 906/1141 1009/1188 1010/1260
f 940/1083 987/1087 1019/1231
vt 0.8945 0.1782
f 993/1239 1016/1261 1014/1244
vt 0.8966 0.1739
f 993/1239 1026/1262 1016/1261
f 983/1074 1089/1200 867/1045
vt 0.8931 0.1677
f 1015/1143 988/1263 1028/1172
f 905/1114 1014/1244 960/1238
vt 0.5698 0.2474
f 1121/1134 1238/1264 899/1120
f 950/1131 1021/1234 1015/1143
vt 0.8981 0.1788
f 1016/1261 1026/1262 1059/1265
f 870/1093 1099/1235 987/1087
vt 0.8882 0.1628
f 1015/1143 1021/1234 1165/1266
vt 0.8945 0.1805
f 1016/1261 1053/1267 1014/1244
vt 0.897 0.1805
f 1016/1261 1023/1268 1053/1267
f 1016/1261 1059/1265 1023/1268
f 993/1239 1028/1172 1026/1262
vt 0.77 0.4647
f 887/1004 1018/1138 1078/1269
vt 0.5636 0.2707
f 987/1087 1061/1270 1019/1231
vt 0.5555 0.2481
f 980/1124 1123/1271 1137/1227
vt 0.7926 0.5153
f 866/924 1115/1272 1116/1028
vt 0.8016 0.5169
f 973/1104 971/1024 1191/1273
vt 0.6774 0.8081
f 960/1230 1014/1274 1060/1202
vt 0.7778 0.5109
f 1089/1200 1029/1178 1022/1275
vt 0.7731 0.4605
f 972/1103 1192/1276 1003/1102
vt 0.6735 0.8033
f 1012/1229 945/1186 1024/1277
vt 0.1867 0.8669
f 778/962 1145/1206 1025/1278
vt 0.7637 0.4828
f 1011/1204 979/1236 1159/1279
f 991/1129 982/1226 1017/1196
vt 0.7974 0.5156
f 973/1104 1114/1280 866/924
vt 0.5527 0.2502
f 1068/1281 1123/1271 980/1124
f 987/1087 1099/1235 1061/1270
vt 0.6875 0.7862
f 1009/1188 1157/1282 1010/1260
vt 0.8931 0.1641
f 1015/1143 1165/1266 1209/1283
f 977/1179 1031/1243 992/1237
vt 0.0595 0.991
f 921/1052 1139/1051 1272/1284
vt 0.621 0.6002
vt 0.6191 0.6025
f 990/1285 1104/1286 1090/1246
vt 0.6247 0.6217
vt 0.6212 0.6185
f 961/1287 874/1157 994/1288
f 916/928 1180/1158 1198/1159
f 963/991 1141/1242 1105/1247
vt 0.6137 0.5794
f 849/1017 1142/1289 922/958
vt 0.612 0.5697
f 875/1006 923/944 1225/1290
vt 0.1838 0.8589
f 876/1064 1054/1291 1144/1154
vt 0.9302 0.0801
f 842/1065 925/1160 1319/1292
f 778/962 1025/1278 1074/1208
f 817/997 1075/1250 1281/1251
vt 0.1875 0.8878
f 1035/964 807/999 1110/1293
vt 0.1893 0.8945
f 966/1066 1035/964 1111/1294
vt 0.1873 0.8974
f 966/1066 1111/1294 1185/1295
f 966/1066 1185/1295 880/1100
vt 0.9654 0.0801
vt 0.964 0.0819
f 879/1099 967/1296 1036/1297
f 927/967 881/1101 968/1212
vt 0.838 0.5246
f 1037/918 1324/1298 908/1144
vt 0.7891 0.4322
f 969/1000 1188/1299 881/1101
vt 0.7851 0.4376
f 970/947 1150/1300 1000/1164
vt 0.8085 0.5208
f 1002/970 1189/1195 1154/1301
f 1002/970 1154/1301 1040/1166
f 971/1024 1040/1166 1191/1273
f 973/1104 1191/1273 1114/1280
vt 0.7689 0.4679
f 1018/1138 930/1069 1245/1302
vt 0.7692 0.5077
f 1042/1105 867/1045 1118/1303
f 933/1032 1080/1108 1062/1216
vt 0.6203 0.2491
f 941/1034 1081/1304 1044/1215
f 941/1034 1005/1146 1081/1304
f 1005/1146 1174/1192 1081/1304
vt 0.6049 0.2682
f 938/1174 1129/1305 1082/1183
vt 0.5942 0.2496
f 1031/1243 978/1182 1098/1306
f 978/1182 1084/1240 1098/1306
vt 0.5489 0.2681
f 1049/1193 1065/1307 1008/1259
vt 0.8731 0.1653
f 956/1173 1087/1194 1175/1308
vt 0.6135 0.5743
f 923/944 1107/1309 1225/1290
f 923/944 922/958 1107/1309
vt 0.5843 0.2705
f 1070/1136 1166/1310 1020/1225
f 867/1045 1089/1200 1118/1303
vt 0.7642 0.4784
f 959/1167 919/1013 1052/1311
vt 0.6857 0.7856
f 1009/1188 1203/1312 1157/1282
vt 0.61 0.5529
f 876/1063 964/1199 1054/1313
vt 0.8806 0.1594
f 985/1176 1057/1314 1021/1234
vt 0.6759 0.8104
vt 0.6748 0.8122
vt 0.6724 0.8103
f 1053/1315 1023/1316 1127/1317
vt 0.9043 0.1753
f 1059/1265 1026/1262 1056/1318
f 985/1176 1102/1228 1057/1314
f 980/1124 1050/1151 1068/1281
vt 0.903 0.172
f 1026/1262 1101/1319 1056/1318
vt 0.9027 0.1795
f 1059/1265 1056/1318 1058/1320
f 1009/1188 957/1181 1203/1312
vt 0.898 0.1703
f 1026/1262 1028/1172 1092/1321
f 1053/1315 1127/1317 1060/1202
f 1053/1315 1060/1202 1014/1274
f 842/1065 1319/1292 1228/1249
f 1026/1262 1092/1321 1101/1319
vt 0.7615 0.4874
f 954/1168 1103/1322 1041/1088
vt 0.9001 0.1807
f 1023/1268 1059/1265 1093/1323
vt 0.6724 0.8138
f 1023/1316 1093/1324 1127/1317
vt 0.9437 0.0811
f 926/998 1229/1325 1032/1019
f 1196/1257 974/1152 1062/1216
vt 0.5786 0.2468
f 1066/1223 868/1092 1160/1326
vt 0.9228 0.0776
f 997/1061 999/993 1183/1327
vt 0.9218 0.0767
f 997/1061 1183/1327 1063/1328
vt 0.6114 0.663
f 997/1062 1063/1329 998/1018
f 1049/1193 1071/1147 1065/1307
f 899/1120 1238/1264 868/1092
f 1041/1088 1103/1322 979/1236
f 1059/1265 1058/1320 1093/1323
f 1028/1172 988/1263 1092/1321
vt 0.9408 0.0804
f 1032/1019 1229/1325 1146/1330
vt 0.7759 0.5106
f 1089/1200 1022/1275 1221/1331
vt 0.6725 0.7999
f 1012/1229 1024/1277 1240/1332
f 849/1017 1106/1241 1142/1289
vt 0.6143 0.6404
f 1055/1190 996/1205 1072/1333
f 922/958 1142/1289 1107/1309
vt 0.6138 0.6466
f 996/1205 995/1095 1143/1334
vt 0.6135 0.6511
f 995/1095 1182/1335 1143/1334
vt 0.6095 0.6613
f 998/1018 1136/1336 1067/1059
f 998/1018 1063/1329 1136/1336
f 924/1060 1073/1248 964/1199
f 999/993 1228/1249 1183/1327
f 1074/1208 1075/1250 804/996
f 1032/1019 1146/1330 965/1207
f 926/998 1108/1096 1229/1325
vt 0.9585 0.0822
f 878/1020 1147/1337 1034/1098
f 1282/1209 879/1099 1036/1297
f 1088/1211 1324/1298 1037/918
f 969/1000 1000/1164 1188/1299
vt 0.8237 0.5249
f 884/1022 1038/1253 1076/1338
f 970/947 846/1001 1150/1300
f 884/1022 1076/1338 1039/1165
f 972/1103 887/1004 1192/1276
f 887/1004 1078/1269 1192/1276
f 866/924 1114/1280 1115/1272
vt 0.7866 0.5136
f 1030/954 1235/1339 852/1075
vt 0.767 0.5076
f 1042/1105 1118/1303 1172/1340
vt 0.8508 0.2713
vt 0.8521 0.2713
vt 0.851 0.2733
f 1004/1341 931/1342 1242/1343
f 1042/1105 1172/1340 920/1155
vt 0.6327 0.2459
f 931/1169 932/1106 1079/1344
vt 0.6298 0.2702
f 1062/1216 1080/1108 1119/1345
vt 0.6091 0.2686
f 1007/1221 1045/1217 1216/1346
f 938/1174 1007/1221 1129/1305
vt 0.6009 0.2684
f 1082/1183 1120/1347 1047/1203
vt 0.5969 0.2688
f 1047/1203 1083/1348 989/1191
vt 0.5896 0.267
f 1013/1132 1069/1201 1156/1349
f 981/1197 1048/1222 1084/1240
vt 0.5869 0.2689
f 1013/1132 1236/1350 1070/1136
vt 0.5846 0.2494
f 1048/1222 946/1135 1194/1351
f 946/1135 1066/1223 1194/1351
vt 0.5474 0.2549
f 1050/1151 1051/1218 1085/1352
f 945/1186 1060/1202 1024/1277
vt 0.6799 0.7876
f 1064/1232 1086/1353 957/1181
vt 0.6823 0.785
f 957/1181 1086/1353 1259/1354
vt 0.8754 0.1609
f 956/1173 1175/1308 1124/1355
f 956/1173 1124/1355 1102/1228
vt 0.7712 0.5086
f 1089/1200 1122/1356 1118/1303
f 1030/954 1116/1028 1235/1339
vt 0.8526 0.2724
f 931/1342 1079/1357 1242/1343
vt 0.6734 0.7967
f 1012/1229 1241/1358 1091/1224
f 919/1013 1011/1204 1052/1311
vt 0.7642 0.4803
f 1011/1204 1159/1279 1155/1359
vt 0.6697 0.8129
f 1127/1317 1093/1324 1094/1360
f 1012/1229 1240/1332 1241/1358
vt 0.6335 0.2707
f 1080/1108 920/1156 1172/1361
vt 0.6714 0.8072
f 1127/1317 1095/1362 1060/1202
f 1015/1143 1209/1283 988/1263
vt 0.6753 0.7924
f 1091/1224 1264/1363 1064/1232
vt 0.6178 0.6283
f 1105/1247 1141/1242 1158/1364
vt 0.5577 0.2727
f 1019/1231 1061/1270 1212/1365
vt 0.6765 0.7883
f 1064/1232 1264/1363 1276/1366
vt 0.5535 0.2722
f 1019/1231 1212/1365 1164/1367
vt 0.5741 0.2463
f 868/1092 1238/1264 1096/1368
vt 0.5821 0.2457
f 1066/1223 1160/1326 1199/1369
vt 0.593 0.2685
f 989/1191 1197/1370 1069/1201
f 1013/1132 1156/1349 1236/1350
f 1160/1326 868/1092 1096/1368
vt 0.6044 0.2485
f 1046/1185 1306/1371 936/1175
vt 0.7624 0.4845
f 979/1236 1176/1372 1159/1279
f 1019/1231 1164/1367 1071/1147
f 1055/1190 1072/1333 1141/1242
vt 0.6099 0.249
f 1174/1192 936/1175 1100/1373
vt 0.5468 0.2573
f 1051/1218 1126/1374 1085/1352
vt 0.7735 0.51
f 1089/1200 1221/1331 1122/1375
f 921/1052 1272/1284 1140/1233
vt 0.6221 0.6169
vt 0.6195 0.6142
f 1139/1376 994/1288 1179/1377
vt 0.6182 0.6193
f 994/1288 874/1157 1243/1378
vt 0.6175 0.6239
f 874/1157 1105/1247 1277/1379
f 995/1095 1067/1059 1182/1335
f 807/999 1109/1097 1110/1293
vt 0.9541 0.0835
f 1034/1098 1231/1380 1033/1161
f 1034/1098 1147/1337 1231/1380
f 1035/964 1110/1293 1111/1294
f 878/1020 1282/1209 1147/1337
vt 0.7976 0.4218
f 967/1210 1148/1162 1036/1381
vt 0.7885 0.4297
f 881/1101 1187/1382 968/1212
f 881/1101 1188/1299 1187/1382
vt 0.7855 0.4348
f 1000/1164 1150/1300 1149/1383
vt 0.8183 0.5226
f 1039/1165 1076/1338 1284/1384
vt 0.7817 0.4404
f 846/1001 1151/1023 1361/1385
f 1039/1165 1284/1384 1001/1213
vt 0.7794 0.4443
f 1077/1002 1112/1386 1151/1023
f 1077/1002 1027/1254 1112/1386
f 1018/1138 1245/1302 1078/1269
vt 0.766 0.4749
f 959/1167 1117/1387 930/1069
f 959/1167 1052/1311 1117/1387
vt 0.7817 0.5122
f 1029/1178 852/1075 1097/1388
f 1080/1108 1172/1361 1119/1345
vt 0.6129 0.2688
f 1045/1217 1135/1389 1216/1346
f 936/1175 1306/1371 1100/1373
f 1007/1221 1216/1346 1129/1305
f 1046/1185 992/1237 1306/1371
f 1082/1183 1129/1305 1120/1347
f 1047/1203 1120/1347 1083/1348
f 1083/1348 1197/1370 989/1191
f 1069/1201 1197/1370 1156/1349
f 1236/1350 1166/1310 1070/1136
f 1194/1351 1066/1223 1199/1369
vt 0.5472 0.2655
f 1008/1259 1065/1307 1134/1390
vt 0.547 0.2519
f 1050/1151 1085/1352 1239/1391
vt 0.5465 0.2624
f 1008/1259 1130/1392 1051/1218
vt 0.5466 0.2596
f 1051/1218 1130/1392 1128/1393
f 1051/1218 1128/1393 1126/1374
f 957/1181 1259/1354 1203/1312
vt 0.8702 0.1714
vt 0.8703 0.1693
f 1157/1394 1206/1395 1010/1220
f 1087/1194 1010/1220 1175/1308
f 1010/1220 1206/1395 1175/1308
vt 0.8437 0.525
f 1185/1252 1186/1396 1088/1211
f 979/1236 1103/1322 1176/1372
vt 0.8449 0.2716
vt 0.8484 0.272
vt 0.8471 0.274
f 1103/1397 954/1398 1173/1399
vt 0.6709 0.8154
f 1094/1360 1093/1324 1058/1400
f 1011/1204 1155/1359 1052/1311
f 932/1106 1043/1214 1079/1344
f 1045/1217 1006/1258 1135/1389
vt 0.8748 0.0874
vt 0.8772 0.089
vt 0.8743 0.0904
f 1122/1401 1290/1402 1118/1403
f 1004/1341 1242/1343 954/1398
vt 0.1872 0.859
f 1054/1291 1358/1404 1144/1154
vt 0.5999 0.2471
f 1031/1243 1214/1405 992/1237
vt 0.9076 0.1741
f 1101/1319 1133/1406 1056/1318
vt 0.8839 0.1587
f 1021/1234 1057/1314 1250/1407
vt 0.5514 0.2463
f 1123/1271 1068/1281 1365/1408
vt 0.9001 0.1673
f 1092/1321 988/1263 1258/1409
vt 0.9108 0.1744
vt 0.9106 0.1716
f 1126/1410 1133/1406 1205/1411
vt 0.5866 0.2496
f 1048/1222 1222/1412 1084/1240
vt 0.9105 0.1767
f 1126/1410 1128/1413 1133/1406
vt 0.5625 0.2459
f 1137/1227 1131/1414 1125/1086
vt 0.9068 0.1797
f 1056/1318 1132/1415 1058/1320
vt 0.5493 0.2478
f 1050/1151 1239/1391 1171/1416
f 1130/1392 1008/1259 1134/1390
vt 0.9095 0.1784
f 1133/1406 1128/1413 1130/1417
vt 0.5669 0.2729
f 1099/1235 1292/1418 1061/1270
f 1130/1417 1132/1415 1133/1406
vt 0.9119 0.1731
f 1126/1410 1205/1411 1085/1419
f 1056/1318 1133/1406 1132/1415
vt 0.7842 0.5135
f 852/1075 1193/1420 1097/1388
vt 0.7795 0.5122
f 1097/1388 1138/1421 1029/1178
vt 0.5823 0.2742
vt 0.5773 0.2745
f 1020/1225 1237/1422 1300/1423
f 1020/1225 1300/1423 982/1226
vt 0.9045 0.1817
f 1058/1320 1132/1415 1201/1424
f 1064/1232 1276/1366 1086/1353
vt 0.6686 0.8167
f 1058/1400 1201/1425 1094/1360
f 1022/1275 1029/1178 1138/1421
vt 0.8767 0.0847
vt 0.8749 0.0817
vt 0.8773 0.0819
f 1221/1426 1022/1427 1170/1428
f 1020/1225 1166/1310 1237/1422
vt 0.5734 0.274
f 982/1226 1266/1429 1017/1196
vt 0.9081 0.1697
f 1133/1406 1162/1430 1205/1411
vt 0.913 0.1712
f 1085/1419 1205/1411 1239/1431
vt 0.5654 0.2458
f 1125/1086 1271/1432 1121/1134
vt 0.5705 0.2719
f 1099/1235 1195/1433 1292/1418
vt 0.6196 0.6057
vt 0.6191 0.6075
f 990/1434 1140/1435 1104/1286
f 874/1157 1277/1379 1243/1378
f 1277/1379 1105/1247 1158/1364
f 996/1205 1143/1334 1072/1333
vt 0.6079 0.557
f 964/1199 1073/1248 1357/1436
vt 0.6079 0.5534
f 964/1199 1358/1437 1054/1313
f 964/1199 1357/1436 1358/1437
vt 0.1885 0.8616
f 1144/1154 1333/1438 1145/1206
vt 0.9343 0.0823
f 925/1160 965/1207 1280/1439
vt 0.1887 0.8734
f 1075/1250 1074/1208 1321/1440
vt 0.1903 0.8813
f 1109/1097 1281/1251 1428/1441
vt 0.8409 0.5282
f 1088/1211 1186/1396 1232/1442
f 1088/1211 1232/1442 1324/1298
vt 0.8329 0.5268
f 908/1144 1324/1298 1360/1443
f 908/1144 1360/1443 928/1163
vt 0.828 0.5255
f 928/1163 1360/1443 1233/1444
f 1000/1164 1149/1383 1188/1299
f 928/1163 1233/1444 1038/1253
f 846/1001 1361/1385 1150/1300
f 1001/1213 1284/1384 1189/1195
vt 0.7768 0.4472
f 1112/1386 1027/1254 1152/1445
vt 0.8021 0.5195
f 1040/1166 1154/1301 1113/1446
f 1003/1102 1192/1276 1153/1255
f 1040/1166 1113/1446 1191/1273
vt 0.7986 0.5187
f 1191/1273 1211/1447 1114/1280
vt 0.7671 0.47
f 930/1069 1234/1448 1245/1302
vt 0.7895 0.5158
f 1116/1028 1223/1449 1235/1339
vt 0.7668 0.472
f 930/1069 1327/1450 1234/1448
f 852/1075 1235/1339 1193/1420
f 954/1398 1242/1343 1173/1399
vt 0.8772 0.0929
f 1118/1403 1290/1402 1161/1451
vt 0.8752 0.0944
f 1118/1403 1161/1451 1172/1452
vt 0.623 0.246
f 1044/1215 1081/1304 1312/1453
vt 0.5918 0.2489
f 1098/1306 1084/1240 1213/1454
f 1048/1222 1194/1351 1222/1412
f 1099/1235 1017/1196 1195/1433
f 1071/1147 1164/1367 1065/1307
vt 0.5631 0.2742
f 1061/1270 1292/1418 1303/1455
vt 0.9092 0.1813
f 1130/1417 1134/1456 1132/1415
f 1212/1365 1061/1270 1303/1455
f 1068/1281 1050/1151 1171/1416
f 1068/1281 1171/1416 1365/1408
f 1091/1224 1241/1358 1264/1363
f 1116/1028 1115/1272 1223/1449
vt 0.5494 0.2719
f 1065/1307 1164/1367 1397/1457
f 1133/1406 1101/1319 1162/1430
vt 0.9083 0.1827
f 1134/1456 1204/1458 1132/1415
vt 0.9068 0.1821
f 1132/1415 1204/1458 1294/1459
vt 0.6688 0.8098
f 1127/1317 1178/1460 1095/1362
f 1017/1196 1266/1429 1195/1433
vt 0.5595 0.2442
f 1137/1227 1123/1271 1163/1461
f 1125/1086 1131/1414 1271/1432
vt 0.8969 0.1643
f 1258/1409 988/1263 1210/1462
f 1165/1266 1021/1234 1250/1407
f 1122/1401 1221/1426 1290/1402
f 1060/1202 1095/1362 1024/1277
vt 0.8897 0.1597
vt 0.8945 0.1607
f 1165/1266 1208/1463 1265/1464
f 1165/1266 1265/1464 1209/1283
f 930/1069 1117/1387 1327/1450
vt 0.8373 0.2716
vt 0.8395 0.2722
vt 0.8371 0.2757
f 1155/1465 1159/1466 1167/1467
f 1127/1317 1094/1360 1178/1460
vt 0.7955 0.5174
f 1115/1272 1114/1280 1287/1468
f 992/1237 1214/1405 1306/1371
vt 0.5534 0.2436
f 1123/1271 1365/1408 1480/1469
vt 0.5472 0.268
f 1134/1390 1065/1307 1204/1470
vt 0.5895 0.2695
f 1156/1349 1252/1471 1236/1350
vt 0.6142 0.2714
f 1135/1389 1006/1258 1260/1472
f 994/1288 1243/1378 1179/1377
vt 0.6658 0.816
f 1094/1360 1201/1425 1353/1473
vt 0.6308 0.2441
f 1079/1344 1043/1214 1168/1474
vt 0.5754 0.2435
f 1160/1326 1096/1368 1314/1475
vt 0.9044 0.1678
f 1092/1321 1258/1409 1202/1476
f 1092/1321 1202/1476 1101/1319
f 1121/1134 1271/1432 1238/1264
vt 0.8778 0.1565
f 1102/1228 1370/1477 1057/1314
vt 0.6146 0.2464
f 1081/1304 1174/1192 1263/1478
f 1100/1373 1263/1478 1174/1192
vt 0.6099 0.2451
f 1100/1373 1177/1479 1263/1478
vt 0.6208 0.6123
vt 0.6206 0.6134
f 1272/1480 1139/1481 1179/1377
vt 0.6166 0.6004
f 1090/1246 1104/1286 1278/1482
f 1090/1246 1278/1482 1180/1158
vt 0.6145 0.5896
f 1106/1241 1198/1159 1279/1483
vt 0.6105 0.5733
f 1107/1309 1181/1484 1225/1290
vt 0.6099 0.6561
f 1182/1335 1067/1059 1253/1485
f 1067/1059 1136/1336 1253/1485
f 1144/1154 1358/1404 1333/1438
f 1145/1206 1333/1438 1025/1278
f 1319/1292 925/1160 1280/1439
vt 0.1883 0.8683
f 1025/1278 1320/1486 1074/1208
f 1074/1208 1320/1486 1321/1440
vt 0.1906 0.8854
f 1109/1097 1184/1487 1110/1293
f 1109/1097 1428/1441 1184/1487
vt 0.1908 0.89
f 1110/1293 1430/1488 1111/1294
vt 0.9639 0.0853
f 1036/1297 1359/1489 1282/1209
vt 0.7954 0.4207
f 1036/1381 1148/1162 1359/1490
vt 0.7891 0.4255
f 968/1212 1187/1382 1529/1491
f 1038/1253 1233/1444 1076/1338
f 1151/1023 1112/1386 1361/1385
vt 0.7751 0.4499
f 1027/1254 1190/1492 1152/1445
f 1027/1254 1153/1255 1190/1492
vt 0.7723 0.4563
f 1153/1255 1192/1276 1443/1493
vt 0.7703 0.4617
f 1192/1276 1078/1269 1286/1494
vt 0.8353 0.2725
f 1155/1465 1167/1467 1052/1495
vt 0.8757 0.0796
f 1138/1496 1170/1428 1022/1427
vt 0.6335 0.2449
f 1079/1344 1168/1474 1242/1497
f 1084/1240 1222/1412 1213/1454
vt 0.5718 0.2441
f 1238/1264 1363/1498 1096/1368
vt 0.6779 0.784
f 1086/1353 1331/1499 1259/1354
vt 0.6892 0.7848
f 1157/1282 1203/1312 1206/1500
f 1132/1415 1294/1459 1201/1424
vt 0.8419 0.2723
vt 0.8419 0.2752
f 1176/1501 1103/1397 1220/1502
vt 0.6265 0.2446
f 1043/1214 1044/1215 1218/1503
f 1102/1228 1124/1355 1370/1477
f 1043/1214 1218/1503 1168/1474
vt 0.6171 0.6049
f 1104/1286 1140/1435 1317/1504
f 1137/1227 1163/1461 1131/1414
f 1156/1349 1197/1370 1252/1471
f 988/1263 1209/1283 1210/1462
f 1103/1397 1173/1399 1220/1502
vt 0.8759 0.0776
vt 0.8761 0.0747
vt 0.8781 0.0774
f 1097/1505 1193/1506 1337/1507
f 982/1226 1300/1423 1266/1429
vt 0.6203 0.2445
f 1081/1304 1263/1478 1268/1508
vt 0.6022 0.271
f 1129/1305 1308/1509 1120/1347
f 1081/1304 1268/1508 1312/1453
vt 0.6098 0.665
f 1063/1329 1183/1510 1136/1336
vt 0.6253 0.2735
f 1119/1345 1332/1511 1062/1216
vt 0.6698 0.797
f 1241/1358 1240/1332 1350/1512
f 1031/1243 1098/1306 1214/1405
f 1100/1373 1306/1371 1177/1479
vt 0.8691 0.168
f 1175/1308 1206/1395 1207/1513
vt 0.87 0.1651
f 1175/1308 1207/1513 1215/1514
vt 0.6697 0.8026
f 1095/1362 1336/1515 1024/1277
vt 0.8704 0.1615
f 1175/1308 1246/1516 1124/1355
vt 0.6207 0.2737
f 1196/1257 1304/1517 1169/1256
f 1169/1256 1304/1517 1006/1258
f 1159/1466 1176/1501 1220/1502
vt 0.5559 0.2765
f 1164/1367 1212/1365 1299/1518
vt 0.671 0.7935
f 1241/1358 1313/1519 1264/1363
vt 0.6304 0.2733
f 1119/1345 1172/1361 1200/1520
f 1120/1347 1308/1509 1083/1348
vt 0.6868 0.7816
vt 0.6891 0.7833
f 1206/1500 1256/1521 1207/1522
f 1215/1514 1246/1516 1175/1308
f 1240/1332 1024/1277 1336/1515
f 1206/1500 1203/1312 1256/1521
vt 0.6336 0.243
f 1242/1497 1168/1474 1275/1523
f 1044/1215 1312/1453 1218/1503
vt 0.8668 0.1666
f 1207/1513 1217/1524 1215/1514
vt 0.6122 0.6339
f 1158/1364 1141/1242 1219/1525
vt 0.6063 0.2718
f 1129/1305 1216/1346 1257/1526
f 1160/1326 1314/1475 1199/1369
vt 0.6895 0.781
f 1207/1522 1256/1521 1217/1527
vt 0.866 0.1654
vt 0.8644 0.1608
f 1215/1514 1244/1528 1247/1529
f 1215/1514 1247/1529 1246/1516
f 1215/1514 1217/1524 1244/1528
vt 0.8314 0.2714
f 1117/1530 1052/1495 1167/1467
vt 0.8331 0.2755
f 1117/1530 1167/1467 1445/1531
f 1104/1286 1317/1504 1278/1482
vt 0.613 0.5834
f 1106/1241 1279/1483 1224/1532
f 1106/1241 1224/1532 1142/1289
vt 0.6081 0.6496
f 1182/1335 1384/1533 1143/1334
vt 0.61 0.5684
f 875/1006 1225/1290 1226/1534
f 875/1006 1226/1534 1073/1248
vt 0.606 0.6645
f 1183/1510 1227/1535 1136/1336
vt 0.9233 0.0813
f 1228/1249 1356/1536 1183/1327
vt 0.1901 0.864
f 1025/1278 1333/1438 1385/1537
vt 0.9382 0.0833
f 965/1207 1146/1330 1427/1538
f 965/1207 1427/1538 1280/1439
f 1075/1250 1321/1440 1281/1251
vt 0.9466 0.0839
f 1229/1325 1108/1096 1230/1539
vt 0.9503 0.084
f 1108/1096 1033/1161 1323/1540
f 1033/1161 1231/1380 1323/1540
vt 0.1913 0.8978
vt 0.1893 0.8983
f 1185/1295 1389/1541 1186/1542
f 1185/1295 1111/1294 1389/1541
vt 0.7932 0.4222
f 1148/1162 968/1212 1283/1543
f 968/1212 1529/1491 1283/1543
vt 0.8127 0.5231
f 1154/1301 1189/1195 1285/1544
f 1114/1280 1211/1447 1287/1468
vt 0.8286 0.2733
f 1117/1530 1445/1531 1327/1545
f 1159/1466 1220/1502 1167/1467
vt 0.5854 0.2451
f 1194/1351 1199/1369 1344/1546
vt 0.6654 0.8209
vt 0.6636 0.8202
vt 0.6658 0.819
f 1204/1547 1293/1548 1294/1549
f 1086/1353 1276/1366 1331/1499
vt 0.6135 0.617
f 1179/1377 1243/1378 1486/1550
f 1203/1312 1259/1354 1256/1521
vt 0.6876 0.778
f 1217/1527 1256/1521 1249/1551
vt 0.8623 0.1633
f 1244/1528 1251/1552 1247/1529
vt 0.69 0.7793
f 1217/1527 1249/1551 1244/1553
f 1165/1266 1250/1407 1208/1463
vt 0.8678 0.1588
f 1246/1516 1247/1529 1248/1554
f 1163/1461 1123/1271 1480/1469
vt 0.6909 0.7759
f 1244/1553 1249/1551 1251/1555
vt 0.6683 0.8066
f 1095/1362 1254/1556 1336/1515
vt 0.8737 0.157
f 1124/1355 1246/1516 1269/1557
vt 0.6902 0.7732
f 1251/1555 1249/1551 1261/1558
f 1119/1345 1200/1520 1332/1511
vt 0.6102 0.6398
f 1141/1242 1072/1333 1420/1559
f 1141/1242 1420/1559 1219/1525
f 1196/1257 1062/1216 1332/1511
vt 0.8606 0.1594
f 1247/1529 1251/1552 1262/1560
f 1095/1362 1178/1460 1254/1556
vt 0.8816 0.1559
f 1250/1407 1057/1314 1345/1561
vt 0.86 0.1618
f 1251/1552 1261/1562 1262/1560
vt 0.597 0.2457
f 1098/1306 1255/1563 1214/1405
f 1196/1257 1332/1511 1304/1517
vt 0.8638 0.1562
f 1248/1554 1247/1529 1302/1564
vt 0.6339 0.2733
f 1172/1361 1161/1565 1200/1520
vt 0.6178 0.2732
f 1304/1517 1367/1566 1006/1258
f 1006/1258 1367/1566 1260/1472
vt 0.615 0.596
f 1198/1159 1180/1158 1383/1567
vt 0.5517 0.2754
f 1164/1367 1299/1518 1481/1568
f 1129/1305 1257/1526 1308/1509
f 1247/1529 1262/1560 1302/1564
f 1246/1516 1248/1554 1269/1557
vt 0.6727 0.7867
f 1276/1366 1264/1363 1449/1569
vt 0.858 0.1603
f 1261/1562 1267/1570 1262/1560
vt 0.9007 0.1639
f 1258/1409 1210/1462 1334/1571
f 1098/1306 1213/1454 1255/1563
vt 0.5926 0.2456
f 1213/1454 1378/1572 1255/1563
vt 0.6838 0.7792
f 1256/1521 1259/1354 1295/1573
vt 0.5943 0.2722
f 1083/1348 1311/1574 1197/1370
f 1222/1412 1194/1351 1344/1546
f 1124/1355 1269/1557 1370/1477
f 1197/1370 1311/1574 1252/1471
f 1209/1283 1265/1464 1210/1462
f 1256/1521 1295/1573 1249/1551
vt 0.8671 0.1538
f 1248/1554 1298/1575 1269/1557
vt 0.8514 0.2751
f 1242/1343 1275/1576 1173/1399
vt 0.5652 0.2425
f 1271/1432 1131/1414 1405/1577
vt 0.6878 0.7716
f 1249/1551 1297/1578 1261/1558
f 1238/1264 1271/1432 1405/1577
vt 0.5675 0.2774
f 1195/1433 1534/1579 1292/1418
vt 0.5725 0.2777
f 1195/1433 1410/1580 1534/1579
vt 0.6654 0.8086
f 1254/1556 1178/1460 1270/1581
vt 0.5465 0.2698
f 1065/1307 1293/1582 1204/1470
vt 0.5472 0.2718
f 1065/1307 1398/1583 1293/1582
vt 0.619 0.61
vt 0.6173 0.609
f 1140/1435 1272/1584 1315/1585
vt 0.609 0.6438
f 1143/1334 1274/1586 1072/1333
f 1248/1554 1302/1564 1298/1575
vt 0.8579 0.1568
f 1262/1560 1267/1570 1310/1587
vt 0.8598 0.1541
f 1262/1560 1341/1588 1302/1564
vt 0.6649 0.8126
f 1094/1360 1273/1589 1178/1460
vt 0.5989 0.2729
f 1308/1509 1338/1590 1083/1348
f 1198/1159 1383/1567 1279/1483
vt 0.6909 0.7707
vt 0.689 0.7664
f 1267/1591 1261/1558 1309/1592
vt 0.6908 0.7665
f 1267/1591 1309/1592 1310/1593
vt 0.7812 0.4378
f 1150/1300 1361/1385 1391/1594
vt 0.6154 0.613
f 1179/1377 1316/1595 1272/1584
vt 0.6136 0.6204
f 1243/1378 1277/1379 1510/1596
f 1180/1158 1278/1482 1383/1567
vt 0.61 0.5779
f 1107/1309 1142/1289 1421/1597
f 1107/1309 1421/1597 1181/1484
vt 0.6069 0.5608
f 1073/1248 1555/1598 1357/1436
vt 0.9223 0.0805
f 1183/1327 1356/1536 1227/1599
vt 0.9262 0.0833
f 1228/1249 1464/1600 1356/1536
f 1228/1249 1319/1292 1464/1600
f 1108/1096 1323/1540 1230/1539
vt 0.958 0.0864
f 1147/1337 1432/1601 1231/1380
vt 0.9617 0.0871
f 1147/1337 1282/1209 1468/1602
f 1147/1337 1468/1602 1432/1601
f 1148/1162 1283/1543 1359/1490
vt 0.8441 0.5267
f 1186/1396 1389/1603 1232/1442
vt 0.7768 0.4453
f 1152/1445 1393/1604 1112/1386
vt 0.8045 0.5208
f 1154/1301 1325/1605 1113/1446
vt 0.7711 0.4584
f 1192/1276 1286/1494 1443/1606
f 1191/1273 1113/1446 1211/1447
vt 0.8229 0.2709
vt 0.8221 0.2757
vt 0.8197 0.2721
f 1245/1607 1475/1608 1078/1609
vt 0.8751 0.066
vt 0.8751 0.0623
vt 0.8773 0.0664
f 1115/1610 1287/1611 1288/1612
vt 0.8761 0.0685
f 1115/1610 1288/1612 1223/1613
vt 0.8255 0.272
vt 0.8261 0.2756
f 1234/1614 1289/1615 1245/1607
vt 0.8747 0.0718
vt 0.8781 0.0722
f 1235/1616 1223/1613 1326/1617
f 1235/1616 1326/1617 1193/1506
f 1138/1496 1097/1505 1337/1507
f 1138/1496 1337/1507 1170/1428
vt 0.8469 0.2763
f 1173/1399 1291/1618 1220/1502
f 1065/1307 1397/1457 1398/1583
f 1164/1367 1481/1568 1397/1457
vt 0.5458 0.2485
f 1171/1416 1239/1391 1381/1619
f 1294/1549 1353/1473 1201/1425
f 1101/1319 1202/1476 1162/1430
vt 0.8796 0.153
f 1057/1314 1483/1620 1345/1561
f 1057/1314 1370/1477 1483/1620
vt 0.6088 0.274
f 1216/1346 1135/1389 1296/1621
f 1216/1346 1296/1621 1257/1526
f 1178/1460 1273/1589 1270/1581
vt 0.684 0.7742
f 1249/1551 1295/1573 1335/1622
f 1249/1551 1335/1622 1297/1578
f 1212/1365 1303/1455 1299/1518
f 1195/1433 1266/1429 1410/1580
vt 0.8621 0.1525
f 1302/1564 1341/1588 1349/1623
f 1241/1358 1350/1512 1313/1519
vt 0.8897 0.1561
f 1208/1463 1250/1407 1352/1624
vt 0.6803 0.7814
f 1259/1354 1342/1625 1295/1573
vt 0.7732 0.4542
f 1153/1255 1443/1493 1301/1626
f 1261/1558 1297/1578 1309/1592
f 1262/1560 1310/1587 1341/1588
f 1096/1368 1363/1498 1314/1475
vt 0.6149 0.2426
f 1263/1478 1455/1627 1268/1508
vt 0.6318 0.2414
f 1275/1523 1168/1474 1305/1628
vt 0.8745 0.1519
f 1269/1557 1579/1629 1370/1477
f 1083/1348 1338/1590 1311/1574
f 1259/1354 1331/1499 1342/1625
vt 0.6276 0.2422
f 1218/1503 1328/1630 1168/1474
f 1135/1389 1260/1472 1296/1621
vt 0.6342 0.2757
f 1161/1565 1400/1631 1200/1520
vt 0.5881 0.2456
f 1213/1454 1222/1412 1409/1632
f 1213/1454 1409/1632 1378/1572
vt 0.6862 0.7684
f 1297/1578 1339/1633 1309/1592
vt 0.6833 0.7723
f 1335/1622 1343/1634 1297/1578
vt 0.8849 0.1548
f 1250/1407 1345/1561 1348/1635
f 1222/1412 1344/1546 1409/1632
vt 0.6314 0.2772
f 1200/1520 1400/1631 1477/1636
f 1297/1578 1343/1634 1339/1633
vt 0.8701 0.1506
f 1298/1575 1457/1637 1269/1557
vt 0.5915 0.2748
f 1311/1574 1406/1638 1252/1471
vt 0.6665 0.8003
f 1240/1332 1505/1639 1350/1512
vt 0.8808 0.0841
f 1221/1426 1537/1640 1290/1402
vt 0.8922 0.1565
f 1265/1464 1208/1463 1550/1641
f 1234/1614 1327/1545 1289/1615
vt 0.5616 0.2416
f 1131/1414 1163/1461 1346/1642
f 1131/1414 1346/1642 1405/1577
f 1320/1486 1025/1278 1385/1537
vt 0.88 0.0926
f 1290/1402 1400/1643 1161/1451
vt 0.6799 0.7781
f 1295/1573 1342/1625 1371/1644
f 1173/1399 1275/1576 1291/1618
vt 0.6035 0.2437
f 1306/1371 1214/1405 1372/1645
vt 0.5859 0.2752
f 1166/1310 1452/1646 1237/1422
f 1302/1564 1349/1623 1298/1575
f 1229/1325 1427/1538 1146/1330
vt 0.9426 0.0852
f 1229/1325 1322/1647 1427/1538
f 1225/1290 1181/1484 1226/1534
f 1272/1584 1316/1595 1315/1585
f 1140/1435 1315/1585 1317/1504
f 1179/1377 1486/1550 1316/1595
vt 0.6133 0.6283
f 1277/1379 1158/1364 1401/1648
f 1158/1364 1219/1525 1401/1648
f 1143/1334 1384/1533 1274/1586
f 1182/1335 1253/1485 1384/1533
vt 0.6059 0.6544
f 1253/1485 1318/1649 1384/1533
vt 0.6077 0.5648
f 1073/1248 1226/1534 1562/1650
vt 0.6059 0.6591
f 1253/1485 1136/1336 1422/1651
vt 0.6069 0.5553
f 1357/1436 1463/1652 1358/1437
vt 0.1908 0.8711
f 1321/1440 1320/1486 1466/1653
f 1229/1325 1230/1539 1322/1647
f 1110/1293 1184/1487 1430/1488
f 1282/1209 1359/1489 1468/1602
vt 0.7843 0.4313
f 1188/1299 1437/1654 1187/1382
f 1188/1299 1149/1383 1437/1654
f 1150/1300 1391/1594 1149/1383
vt 0.7781 0.4411
f 1361/1385 1112/1386 1440/1655
vt 0.8174 0.5252
vt 0.8153 0.5245
f 1284/1384 1574/1656 1441/1657
f 1284/1384 1441/1657 1189/1195
f 1189/1195 1441/1657 1285/1544
vt 0.8086 0.5231
f 1154/1301 1285/1544 1362/1658
vt 0.7739 0.4521
f 1190/1492 1153/1255 1394/1659
vt 0.8063 0.5222
f 1154/1301 1362/1660 1325/1605
f 1153/1255 1301/1626 1394/1659
vt 0.8752 0.059
vt 0.8788 0.0618
f 1287/1611 1211/1661 1532/1662
f 1245/1607 1289/1615 1475/1608
vt 0.5798 0.278
f 1237/1422 1329/1663 1300/1423
vt 0.5696 0.2412
f 1238/1264 1330/1664 1363/1498
f 1238/1264 1405/1577 1330/1664
vt 0.5454 0.25
f 1239/1391 1379/1665 1381/1619
vt 0.9099 0.1666
f 1239/1431 1205/1411 1415/1666
vt 0.9143 0.1676
f 1239/1431 1415/1666 1379/1667
f 1205/1411 1162/1430 1415/1666
f 1094/1360 1353/1473 1273/1589
f 1240/1332 1336/1515 1505/1639
f 1263/1478 1177/1479 1455/1627
vt 0.8514 0.2773
f 1275/1576 1305/1668 1291/1618
vt 0.5875 0.2736
f 1252/1471 1373/1669 1236/1350
f 1202/1476 1258/1409 1334/1571
vt 0.6278 0.2765
f 1332/1511 1200/1520 1376/1670
f 1295/1573 1371/1644 1335/1622
f 1193/1506 1326/1617 1337/1507
vt 0.8798 0.0681
f 1223/1613 1395/1671 1326/1617
f 1306/1371 1372/1645 1177/1479
vt 0.6144 0.2749
f 1260/1472 1367/1566 1411/1672
f 1303/1455 1292/1418 1534/1579
vt 0.5639 0.2784
f 1303/1455 1534/1579 1542/1673
f 1252/1471 1406/1638 1373/1669
vt 0.9068 0.1645
f 1202/1476 1340/1674 1415/1666
f 1202/1476 1415/1666 1162/1430
vt 0.6115 0.276
f 1260/1472 1411/1672 1351/1675
f 1260/1472 1351/1675 1296/1621
vt 0.8426 0.2784
f 1220/1502 1446/1676 1167/1467
vt 0.6122 0.609
f 1315/1585 1560/1677 1317/1504
f 1254/1556 1505/1639 1336/1515
vt 0.6037 0.2752
f 1257/1526 1296/1621 1412/1678
vt 0.6607 0.8179
f 1294/1549 1293/1548 1408/1679
vt 0.6646 0.8048
f 1254/1556 1417/1680 1505/1639
vt 0.8652 0.1497
f 1298/1575 1349/1623 1404/1681
f 1335/1622 1371/1644 1343/1634
vt 0.6814 0.7688
f 1343/1634 1501/1682 1339/1633
f 1257/1526 1412/1678 1308/1509
vt 0.6852 0.7649
f 1309/1592 1339/1633 1536/1683
f 1308/1509 1412/1678 1338/1590
f 1291/1618 1446/1676 1220/1502
f 1328/1630 1305/1628 1168/1474
vt 0.5803 0.2392
f 1199/1369 1314/1475 1587/1684
f 1269/1557 1457/1637 1579/1629
vt 0.6699 0.7877
f 1264/1363 1313/1519 1368/1685
f 1264/1363 1368/1685 1449/1569
f 1254/1556 1270/1581 1417/1680
f 1250/1407 1348/1635 1352/1624
vt 0.898 0.1596
f 1210/1462 1414/1686 1334/1571
vt 0.5825 0.2425
f 1199/1369 1587/1684 1307/1687
f 1072/1333 1274/1586 1420/1559
f 1210/1462 1265/1464 1414/1686
f 1236/1350 1373/1669 1166/1310
f 1298/1575 1404/1681 1457/1637
f 1253/1485 1422/1651 1318/1649
f 1243/1378 1510/1596 1486/1550
vt 0.613 0.6042
f 1317/1504 1354/1688 1278/1482
vt 0.612 0.6254
f 1277/1379 1402/1689 1510/1596
vt 0.6139 0.5983
f 1278/1482 1419/1690 1383/1567
f 1277/1379 1401/1648 1402/1689
vt 0.6121 0.59
f 1279/1483 1355/1691 1224/1532
vt 0.6107 0.5824
f 1224/1532 1461/1692 1142/1289
f 1142/1289 1461/1692 1421/1597
vt 0.1914 0.877
f 1281/1251 1321/1440 1388/1693
vt 0.193 0.8822
f 1428/1441 1605/1694 1184/1487
vt 0.1926 0.8944
f 1111/1294 1430/1488 1418/1695
f 1111/1294 1418/1695 1389/1541
vt 0.7926 0.4203
f 1359/1490 1283/1543 1470/1696
vt 0.8435 0.5294
f 1389/1603 1469/1697 1232/1442
vt 0.7894 0.4227
f 1283/1543 1529/1491 1572/1698
vt 0.8389 0.5293
f 1232/1442 1527/1699 1324/1298
vt 0.8333 0.5295
f 1324/1298 1527/1699 1434/1700
f 1324/1298 1434/1700 1360/1443
vt 0.8285 0.5278
f 1233/1444 1360/1443 1390/1701
vt 0.7822 0.4341
f 1149/1383 1391/1594 1438/1702
vt 0.8752 0.0565
vt 0.8757 0.0529
vt 0.8781 0.0563
f 1113/1703 1325/1704 1575/1705
vt 0.8118 0.2717
vt 0.817 0.2714
vt 0.8133 0.2755
f 1443/1706 1286/1707 1531/1708
f 1211/1661 1113/1703 1575/1705
vt 0.8178 0.2739
f 1286/1707 1444/1709 1531/1708
f 1211/1661 1575/1705 1532/1662
f 1286/1707 1078/1609 1444/1709
f 1287/1611 1532/1662 1288/1612
vt 0.8809 0.0734
f 1337/1507 1326/1617 1485/1710
vt 0.8819 0.088
f 1400/1643 1290/1402 1347/1711
vt 0.6242 0.2402
f 1218/1503 1312/1453 1489/1712
f 1312/1453 1268/1508 1489/1712
f 1166/1310 1373/1669 1452/1646
vt 0.585 0.2404
f 1199/1369 1633/1713 1344/1546
f 1199/1369 1307/1687 1633/1713
vt 0.5575 0.2406
f 1163/1461 1364/1714 1346/1642
f 1163/1461 1480/1469 1364/1714
f 1208/1463 1352/1624 1550/1641
vt 0.6668 0.7959
f 1350/1512 1482/1715 1313/1519
vt 0.6739 0.784
f 1276/1366 1449/1569 1366/1716
f 1276/1366 1366/1716 1331/1499
vt 0.8574 0.1527
f 1341/1588 1310/1587 1484/1717
vt 0.8194 0.5263
f 1284/1384 1076/1338 1530/1718
vt 0.8807 0.081
f 1170/1428 1375/1719 1537/1640
f 1170/1428 1537/1640 1221/1426
vt 0.5838 0.2779
f 1237/1422 1452/1646 1380/1720
vt 0.9294 0.0838
f 1319/1292 1465/1721 1464/1600
vt 0.6624 0.8205
f 1293/1548 1398/1722 1408/1679
vt 0.5968 0.2759
f 1338/1590 1369/1723 1311/1574
vt 0.8312 0.2779
f 1327/1545 1445/1531 1416/1724
vt 0.6191 0.2396
f 1268/1508 1455/1627 1614/1725
f 1200/1520 1477/1636 1376/1670
f 1342/1625 1331/1499 1371/1644
vt 0.8501 0.279
f 1291/1618 1305/1668 1476/1726
vt 0.8478 0.2814
f 1291/1618 1476/1726 1612/1727
f 1291/1618 1612/1727 1446/1676
f 1303/1455 1542/1673 1299/1518
vt 0.6116 0.2413
f 1455/1627 1177/1479 1478/1728
f 1339/1633 1501/1682 1536/1683
vt 0.5984 0.242
f 1214/1405 1479/1729 1372/1645
vt 0.5939 0.2404
f 1255/1563 1378/1572 1374/1730
f 1255/1563 1374/1730 1479/1729
f 1214/1405 1255/1563 1479/1729
f 1337/1507 1375/1719 1170/1428
vt 0.8614 0.1488
f 1349/1623 1451/1731 1404/1681
f 1202/1476 1334/1571 1340/1674
f 1268/1508 1614/1725 1489/1712
vt 0.5458 0.245
f 1171/1416 1381/1619 1377/1732
vt 0.6033 0.6639
f 1136/1336 1227/1535 1423/1733
f 1136/1336 1423/1733 1422/1651
vt 0.8779 0.0511
f 1325/1704 1442/1734 1575/1705
f 1218/1503 1489/1712 1328/1630
vt 0.5496 0.2426
f 1171/1416 1535/1735 1365/1408
f 1171/1416 1377/1732 1535/1735
vt 0.1921 0.8738
f 1388/1693 1321/1440 1387/1736
vt 0.6617 0.8131
f 1353/1473 1488/1737 1273/1589
vt 0.576 0.2789
f 1300/1423 1329/1663 1495/1738
vt 0.8749 0.0449
vt 0.8769 0.0436
vt 0.876 0.0488
f 1285/1739 1539/1740 1362/1741
vt 0.6123 0.5941
f 1279/1483 1383/1567 1512/1742
vt 0.6126 0.6126
f 1315/1585 1316/1595 1458/1743
f 1315/1585 1458/1743 1560/1677
vt 0.6129 0.6065
f 1317/1504 1560/1677 1544/1744
vt 0.6093 0.6219
vt 0.6115 0.6187
f 1510/1596 1596/1745 1750/1746
vt 0.6135 0.6011
f 1278/1482 1509/1747 1419/1690
f 1279/1483 1512/1742 1355/1691
vt 0.6101 0.6313
f 1219/1525 1459/1748 1401/1648
f 1073/1248 1562/1650 1555/1598
vt 0.6041 0.6655
f 1227/1535 1356/1749 1423/1733
vt 0.1898 0.8585
f 1358/1404 1463/1750 1333/1438
f 1319/1292 1280/1439 1465/1721
vt 0.1913 0.867
f 1385/1537 1426/1751 1320/1486
vt 0.192 0.8693
f 1320/1486 1426/1751 1386/1752
f 1320/1486 1386/1752 1466/1653
f 1321/1440 1466/1653 1387/1736
vt 0.9449 0.0867
f 1322/1647 1230/1539 1602/1753
f 1281/1251 1388/1693 1428/1441
vt 0.9563 0.0876
f 1231/1380 1432/1601 1431/1754
vt 0.9645 0.0884
f 1359/1489 1470/1755 1468/1602
f 1283/1543 1572/1698 1470/1696
vt 0.7862 0.4275
f 1529/1491 1187/1382 1435/1756
vt 0.8234 0.5273
f 1076/1338 1233/1444 1473/1757
vt 0.8212 0.527
f 1076/1338 1473/1757 1392/1758
f 1076/1338 1392/1758 1530/1718
f 1361/1385 1440/1655 1391/1594
f 1284/1384 1530/1718 1574/1656
vt 0.7774 0.4432
f 1112/1386 1393/1759 1440/1655
vt 0.814 0.5249
f 1441/1657 1539/1760 1285/1544
vt 0.8802 0.0467
f 1362/1741 1539/1740 1685/1761
vt 0.8044 0.27
vt 0.8062 0.2713
vt 0.801 0.2703
f 1190/1762 1394/1763 1152/1764
f 1362/1741 1442/1734 1325/1704
f 1078/1609 1475/1608 1444/1709
f 1288/1612 1395/1671 1223/1613
f 1537/1640 1347/1711 1290/1402
vt 0.6232 0.278
f 1332/1511 1396/1765 1304/1517
vt 0.5761 0.2383
f 1314/1475 1692/1766 1587/1684
vt 0.9131 0.1652
f 1415/1666 1399/1767 1379/1667
f 1294/1549 1408/1679 1353/1473
vt 0.6905 0.7623
f 1310/1593 1309/1592 1484/1768
f 1341/1588 1451/1731 1349/1623
vt 0.9496 0.0863
f 1323/1540 1606/1769 1230/1539
vt 0.8835 0.1516
f 1345/1561 1634/1770 1348/1635
vt 0.5726 0.239
f 1314/1475 1363/1498 1547/1771
vt 0.6758 0.7827
f 1331/1499 1366/1716 1407/1772
vt 0.9239 0.0841
f 1356/1536 1464/1600 1424/1773
vt 0.9027 0.1609
f 1334/1571 1382/1774 1340/1674
vt 0.6784 0.7744
f 1371/1644 1456/1775 1343/1634
vt 0.6674 0.7923
f 1313/1519 1482/1715 1502/1776
vt 0.5919 0.2423
f 1378/1572 1403/1777 1374/1730
f 1311/1574 1369/1723 1406/1638
f 1343/1634 1456/1775 1501/1682
f 1365/1408 1535/1735 1480/1469
vt 0.8667 0.147
f 1404/1681 1492/1778 1457/1637
f 1334/1571 1414/1686 1382/1774
f 1314/1475 1547/1771 1692/1766
f 1331/1499 1407/1772 1371/1644
f 1371/1644 1407/1772 1456/1775
f 1353/1473 1408/1679 1488/1737
vt 0.5521 0.2781
f 1299/1518 1656/1779 1481/1568
vt 0.8776 0.1505
f 1370/1477 1579/1629 1554/1780
f 1368/1685 1313/1519 1502/1776
vt 0.662 0.8073
f 1273/1589 1488/1737 1556/1781
f 1273/1589 1556/1781 1270/1581
f 1370/1477 1554/1780 1483/1620
vt 0.6192 0.2779
f 1367/1566 1304/1517 1626/1782
f 1367/1566 1626/1782 1411/1672
f 1304/1517 1396/1765 1626/1782
f 1363/1498 1330/1664 1547/1771
f 1378/1572 1409/1632 1403/1777
vt 0.6028 0.24
f 1372/1645 1479/1729 1506/1783
vt 0.6085 0.2406
f 1177/1479 1372/1645 1413/1784
vt 0.609 0.2785
f 1296/1621 1592/1785 1412/1678
vt 0.5988 0.2785
f 1412/1678 1620/1786 1338/1590
f 1177/1479 1413/1784 1478/1728
vt 0.593 0.2782
f 1406/1638 1369/1723 1557/1787
vt 0.6304 0.2385
f 1328/1630 1551/1788 1305/1628
vt 0.6261 0.2381
f 1328/1630 1448/1789 1551/1788
vt 0.6607 0.82
vt 0.6587 0.8189
f 1398/1790 1454/1791 1408/1679
vt 0.6343 0.2782
f 1400/1631 1447/1792 1477/1636
vt 0.9149 0.1668
f 1379/1667 1399/1767 1381/1793
f 1266/1429 1300/1423 1495/1738
f 1338/1590 1620/1786 1369/1723
f 1350/1512 1505/1639 1482/1715
vt 0.1944 0.8967
f 1389/1541 1418/1695 1433/1794
vt 0.8091 0.2713
vt 0.808 0.2744
f 1301/1795 1558/1796 1394/1763
vt 0.6123 0.6149
f 1316/1595 1486/1550 1543/1797
f 1317/1504 1544/1744 1354/1688
f 1510/1596 1750/1746 1486/1550
vt 0.6084 0.6344
f 1219/1525 1420/1559 1514/1798
vt 0.6107 0.5872
f 1224/1532 1355/1691 1460/1799
f 1224/1532 1460/1799 1461/1692
vt 0.6088 0.5746
f 1181/1484 1421/1597 1598/1800
vt 0.608 0.5716
f 1226/1534 1181/1484 1517/1801
vt 0.6074 0.5687
f 1226/1534 1517/1801 1518/1802
f 1226/1534 1518/1802 1562/1650
vt 0.6014 0.6667
f 1356/1749 1424/1803 1423/1733
vt 0.6054 0.5572
f 1357/1436 1425/1804 1463/1652
vt 0.9475 0.0866
f 1230/1539 1467/1805 1602/1753
vt 0.9513 0.0867
f 1323/1540 1522/1806 1606/1769
vt 0.9539 0.0876
f 1323/1540 1231/1380 1429/1807
f 1323/1540 1429/1807 1522/1806
vt 0.1937 0.8856
f 1184/1487 1569/1808 1430/1488
f 1231/1380 1431/1754 1429/1807
vt 0.1935 0.8913
f 1430/1488 1524/1809 1418/1695
vt 0.1945 0.8941
f 1418/1695 1524/1809 1647/1810
vt 0.9633 0.089
f 1468/1602 1470/1755 1571/1811
vt 0.1933 0.8987
f 1389/1541 1433/1794 1469/1812
vt 0.7851 0.4284
f 1435/1756 1187/1382 1471/1813
vt 0.8311 0.5295
f 1360/1443 1436/1814 1390/1701
f 1187/1382 1437/1654 1471/1813
vt 0.7831 0.4322
f 1437/1654 1149/1383 1472/1815
f 1149/1383 1438/1702 1472/1815
vt 0.7812 0.4348
f 1438/1702 1391/1594 1439/1816
vt 0.8255 0.529
f 1233/1444 1390/1817 1473/1757
vt 0.7953 0.2707
vt 0.7986 0.27
vt 0.7997 0.2726
f 1440/1818 1393/1819 1474/1820
vt 0.8752 0.0413
vt 0.8767 0.04
f 1441/1821 1574/1822 1539/1740
f 1393/1819 1152/1764 1474/1820
f 1301/1795 1443/1706 1558/1796
vt 0.8186 0.2788
f 1444/1709 1475/1608 1576/1823
f 1289/1615 1327/1545 1416/1724
vt 0.8818 0.0768
f 1337/1507 1485/1710 1541/1824
vt 0.8345 0.2805
f 1445/1531 1167/1467 1650/1825
f 1337/1507 1541/1824 1375/1719
vt 0.8388 0.281
f 1167/1467 1446/1676 1577/1826
vt 0.8829 0.092
f 1347/1711 1447/1827 1400/1643
f 1328/1630 1489/1712 1448/1789
f 1237/1422 1380/1720 1329/1663
vt 0.5467 0.2747
f 1397/1457 1454/1828 1398/1583
f 1397/1457 1481/1568 1454/1828
vt 0.5446 0.2467
f 1381/1619 1499/1829 1377/1732
vt 0.9152 0.1653
f 1381/1793 1399/1767 1499/1830
vt 0.8959 0.1564
f 1265/1464 1550/1641 1629/1831
f 1345/1561 1483/1620 1634/1770
vt 0.6872 0.7617
f 1309/1592 1536/1683 1619/1832
f 1309/1592 1619/1832 1484/1768
vt 0.8573 0.1502
f 1484/1717 1450/1833 1341/1588
f 1395/1671 1485/1710 1326/1617
f 1152/1764 1394/1763 1474/1820
vt 0.5871 0.2416
f 1409/1632 1344/1546 1508/1834
f 1266/1429 1495/1738 1410/1580
f 1409/1632 1508/1834 1403/1777
f 1288/1612 1532/1662 1395/1671
vt 0.5832 0.2374
f 1587/1684 1453/1835 1307/1687
vt 0.5882 0.2785
f 1373/1669 1406/1638 1636/1836
vt 0.6725 0.7806
vt 0.6756 0.7757
f 1407/1772 1504/1837 1593/1838
f 1407/1772 1593/1838 1456/1775
vt 0.192 0.8587
f 1385/1537 1333/1438 1564/1839
vt 0.192 0.8623
f 1385/1537 1564/1839 1643/1840
f 1373/1669 1636/1836 1452/1646
vt 0.6777 0.7695
f 1501/1682 1456/1775 1586/1841
vt 0.9009 0.1578
f 1414/1686 1635/1842 1382/1774
f 1372/1645 1506/1783 1413/1784
vt 0.8808 0.0579
f 1575/1705 1610/1843 1532/1662
vt 0.8036 0.2746
f 1474/1820 1394/1763 1648/1844
f 1316/1595 1543/1797 1458/1743
f 1278/1482 1354/1688 1509/1747
vt 0.6094 0.6287
f 1401/1648 1624/1845 1402/1689
f 1401/1648 1459/1748 1624/1845
vt 0.6071 0.6395
f 1420/1559 1679/1846 1514/1798
vt 0.605 0.648
f 1274/1586 1384/1533 1462/1847
vt 0.6054 0.6448
f 1274/1586 1462/1847 1515/1848
vt 0.6046 0.6523
f 1384/1533 1561/1849 1462/1847
f 1384/1533 1318/1649 1561/1849
vt 0.6033 0.6561
f 1422/1651 1563/1850 1318/1649
vt 0.6023 0.6595
f 1422/1651 1520/1851 1563/1850
vt 0.6026 0.6619
f 1422/1651 1423/1733 1519/1852
f 1422/1651 1519/1852 1520/1851
vt 0.6065 0.5631
f 1555/1598 1562/1650 1642/1853
f 1555/1598 1425/1804 1357/1436
f 1333/1438 1463/1750 1564/1839
vt 0.9333 0.0853
f 1465/1721 1280/1439 1723/1854
vt 0.9355 0.0856
f 1280/1439 1427/1538 1566/1855
vt 0.9394 0.0861
f 1427/1538 1568/1856 1566/1855
vt 0.1931 0.876
f 1387/1736 1601/1857 1388/1693
vt 0.1934 0.8798
f 1388/1693 1603/1858 1428/1441
f 1388/1693 1601/1857 1603/1858
f 1230/1539 1606/1769 1467/1805
f 1184/1487 1605/1694 1569/1808
vt 0.1942 0.8879
f 1430/1488 1569/1808 1523/1859
f 1430/1488 1523/1859 1524/1809
f 1418/1695 1647/1810 1433/1794
vt 0.1952 0.8984
f 1469/1812 1433/1794 1525/1860
vt 0.7897 0.4212
f 1470/1696 1572/1698 1526/1861
vt 0.8755 0.0265
vt 0.8768 0.025
vt 0.8783 0.0265
f 1390/1862 1436/1863 1683/1864
vt 0.7829 0.2685
vt 0.785 0.2689
vt 0.7832 0.2713
f 1437/1865 1472/1866 1684/1867
vt 0.8764 0.0331
vt 0.8801 0.0338
vt 0.8767 0.0366
f 1473/1868 1790/1869 1392/1870
f 1394/1763 1558/1796 1648/1844
vt 0.8268 0.2806
f 1289/1615 1416/1724 1686/1871
f 1167/1467 1577/1826 1650/1825
vt 0.8494 0.2828
f 1476/1726 1652/1872 1612/1727
vt 0.6329 0.2396
f 1476/1873 1305/1628 1551/1788
f 1296/1621 1351/1675 1592/1785
vt 0.5551 0.2813
f 1299/1518 1798/1874 1656/1779
vt 0.8591 0.1459
f 1450/1833 1659/1875 1341/1588
f 1341/1588 1659/1875 1451/1731
f 1417/1680 1270/1581 1556/1781
f 1407/1772 1366/1716 1504/1837
vt 0.5642 0.2376
f 1405/1577 1346/1642 1767/1876
vt 0.6119 0.6158
f 1486/1550 1487/1877 1543/1797
vt 0.7719 0.4279
vt 0.7705 0.4305
vt 0.7695 0.4275
f 1486/1878 1750/1879 1487/1880
vt 0.6235 0.2359
f 1614/1725 1796/1881 1489/1712
f 1459/1748 1219/1525 1514/1798
vt 0.8344 0.5302
f 1434/1700 1527/1699 1732/1882
f 1265/1464 1629/1831 1414/1686
vt 0.2225 0.9806
vt 0.2212 0.9775
vt 0.2247 0.9781
f 1490/1883 1491/1884 1493/1885
vt 0.2246 0.9817
vt 0.221 0.9842
f 1490/1883 1497/1886 1500/1887
vt 0.5609 0.2828
f 1299/1518 1542/1673 1693/1888
f 1299/1518 1693/1888 1798/1874
vt 0.2229 0.9847
f 1500/1887 1497/1886 1498/1889
vt 0.2255 0.9746
f 1493/1885 1491/1884 1494/1890
vt 0.91 0.1627
f 1415/1666 1340/1674 1553/1891
f 1490/1883 1493/1885 1497/1886
vt 0.8634 0.1439
f 1404/1681 1698/1892 1492/1778
vt 0.2231 0.9738
f 1491/1884 1538/1893 1494/1890
vt 0.8712 0.1467
f 1457/1637 1492/1778 1618/1894
f 1415/1666 1553/1891 1399/1767
vt 0.2176 0.98
f 1490/1883 1500/1887 1545/1895
vt 0.7888 0.2702
vt 0.7915 0.2703
vt 0.7904 0.2738
f 1439/1896 1391/1897 1496/1898
vt 0.62 0.8747
vt 0.6194 0.8782
vt 0.6172 0.8756
f 1493/1899 1494/1900 1581/1901
vt 0.6177 0.8712
f 1493/1899 1581/1901 1497/1902
vt 0.5786 0.2816
f 1329/1663 1616/1903 1495/1738
vt 0.6041 0.2792
f 1412/1678 1592/1785 1622/1904
vt 0.6141 0.2799
f 1411/1672 1655/1905 1351/1675
f 1406/1638 1557/1787 1636/1836
vt 0.9161 0.1631
f 1399/1767 1580/1906 1499/1830
f 1427/1538 1322/1647 1568/1856
f 1490/1883 1545/1895 1491/1884
f 1620/1786 1412/1678 1622/1904
vt 0.5887 0.2385
f 1508/1834 1765/1907 1403/1777
f 1411/1672 1626/1782 1655/1905
vt 0.2222 0.9878
f 1500/1887 1498/1889 1503/1908
vt 0.2207 0.988
f 1500/1887 1503/1908 1540/1909
vt 0.5511 0.2391
f 1480/1469 1661/1910 1364/1714
f 1332/1511 1376/1670 1396/1765
vt 0.2172 0.985
f 1500/1887 1548/1911 1545/1895
vt 0.5447 0.2462
vt 0.5443 0.2436
f 1499/1912 1580/1913 1377/1732
f 1369/1723 1620/1786 1557/1787
f 1500/1887 1540/1909 1548/1911
vt 0.6612 0.8034
f 1556/1781 1507/1914 1417/1680
f 1344/1546 1633/1713 1508/1834
vt 0.6077 0.2375
f 1506/1783 1737/1915 1413/1784
vt 0.6126 0.6029
f 1509/1747 1354/1688 1511/1916
vt 0.6102 0.6254
f 1510/1596 1402/1689 1641/1917
vt 0.7729 0.4349
vt 0.7712 0.4364
vt 0.7706 0.4343
f 1510/1918 1641/1919 1596/1920
vt 0.7626 0.4103
vt 0.7621 0.4116
vt 0.7607 0.4078
f 1509/1921 1511/1922 1419/1923
vt 0.7581 0.4078
f 1419/1923 1511/1922 1719/1924
vt 0.6125 0.5966
f 1419/1690 1719/1925 1383/1567
f 1512/1742 1383/1567 1719/1925
vt 0.7543 0.4026
vt 0.7572 0.4049
vt 0.7548 0.4059
f 1355/1926 1512/1927 1513/1928
vt 0.6066 0.6413
f 1420/1559 1274/1586 1516/1929
f 1420/1559 1516/1929 1679/1846
vt 0.7707 0.4542
vt 0.7686 0.4558
vt 0.7699 0.4534
f 1274/1930 1515/1931 1516/1932
f 1181/1484 1598/1800 1517/1801
f 1318/1649 1563/1850 1561/1849
vt 0.6015 0.665
f 1519/1852 1423/1733 1599/1933
f 1423/1733 1424/1803 1599/1933
vt 0.1912 0.8578
f 1463/1750 1425/1934 1564/1839
vt 0.7623 0.4785
vt 0.7594 0.4779
vt 0.7628 0.4764
f 1464/1935 1621/1936 1424/1937
vt 0.7599 0.48
f 1464/1935 1521/1938 1621/1936
vt 0.9267 0.0852
f 1464/1600 1465/1721 1521/1939
vt 0.1923 0.8648
f 1385/1537 1643/1840 1644/1940
f 1385/1537 1644/1940 1426/1751
vt 0.9317 0.0853
f 1465/1721 1723/1854 1552/1941
vt 0.7592 0.4841
vt 0.7553 0.4837
f 1465/1942 1552/1943 1521/1938
f 1723/1854 1280/1439 1566/1855
vt 0.193 0.8678
f 1426/1751 1600/1944 1386/1752
vt 0.712 0.3859
vt 0.7139 0.388
vt 0.7102 0.388
f 1426/1945 1644/1946 1600/1947
vt 0.1926 0.8709
f 1386/1752 1567/1948 1466/1653
f 1466/1653 1567/1948 1387/1736
f 1428/1441 1603/1858 1605/1694
vt 0.9609 0.0897
f 1468/1602 1570/1949 1432/1601
f 1468/1602 1571/1811 1570/1949
vt 0.8426 0.5314
f 1469/1697 1525/1950 1232/1442
vt 0.7907 0.4194
f 1470/1696 1526/1861 1607/1951
vt 0.8409 0.5315
f 1232/1442 1525/1950 1787/1952
vt 0.7874 0.4234
f 1529/1491 1731/1953 1572/1698
vt 0.8389 0.5313
vt 0.8368 0.5312
f 1527/1699 1639/1954 1528/1955
f 1527/1699 1528/1955 1732/1882
vt 0.7866 0.4247
f 1529/1491 1435/1756 1731/1956
f 1360/1443 1434/1700 1436/1814
vt 0.7805 0.2687
f 1471/1957 1437/1865 1684/1867
vt 0.7865 0.2708
f 1472/1866 1438/1958 1684/1867
vt 0.7957 0.2739
f 1474/1820 1573/1959 1440/1818
f 1362/1741 1685/1761 1442/1734
vt 0.883 0.0493
f 1442/1734 1685/1761 1756/1960
f 1443/1706 1531/1708 1558/1796
f 1531/1708 1444/1709 1576/1823
vt 0.823 0.2809
f 1289/1615 1794/1961 1475/1608
vt 0.8853 0.0842
f 1537/1640 1734/1962 1347/1711
vt 0.6151 0.2375
f 1455/1627 1654/1963 1614/1725
f 1403/1777 1765/1907 1374/1730
f 1307/1687 1453/1835 1633/1713
vt 0.5714 0.2806
f 1534/1579 1410/1580 1533/1964
vt 0.5603 0.2374
f 1346/1642 1364/1714 1739/1965
f 1346/1642 1739/1965 1767/1876
vt 0.5469 0.2777
f 1481/1568 1663/1966 1454/1828
vt 0.8895 0.1514
f 1352/1624 1348/1635 1583/1967
f 1348/1635 1634/1770 1583/1967
vt 0.8811 0.1491
f 1483/1620 1670/1968 1634/1770
f 1457/1637 1618/1894 1579/1629
f 1456/1775 1593/1838 1586/1841
vt 0.6884 0.7602
f 1484/1768 1619/1832 1450/1969
f 1404/1681 1451/1731 1698/1892
vt 0.9075 0.1603
f 1340/1674 1382/1774 1595/1970
f 1480/1469 1535/1735 1661/1910
vt 0.5977 0.2382
f 1479/1729 1762/1971 1506/1783
f 1505/1639 1417/1680 1507/1914
f 1635/1842 1414/1686 1629/1831
vt 0.2246 0.9707
f 1538/1893 1546/1972 1494/1890
vt 0.6163 0.8801
f 1494/1900 1588/1973 1581/1901
vt 0.7513 0.4007
vt 0.7479 0.402
vt 0.7462 0.3988
f 1460/1974 1807/1975 1461/1976
vt 0.6133 0.8731
f 1581/1901 1623/1977 1497/1902
vt 0.6188 0.868
vt 0.615 0.8651
vt 0.6179 0.8645
f 1498/1978 1638/1979 1503/1980
vt 0.6136 0.8692
f 1498/1978 1497/1902 1584/1981
f 1498/1978 1584/1981 1638/1979
vt 0.2212 0.9682
f 1538/1893 1631/1982 1546/1972
vt 0.2186 0.9898
f 1540/1909 1582/1983 1548/1911
vt 0.6187 0.8822
f 1494/1900 1546/1984 1588/1973
vt 0.6573 0.8141
f 1488/1737 1408/1679 1741/1985
f 1497/1902 1623/1977 1584/1981
vt 0.218 0.9743
f 1491/1884 1545/1895 1549/1986
vt 0.6197 0.8642
vt 0.62 0.8595
f 1540/1987 1503/1980 1582/1988
f 1538/1893 1491/1884 1549/1986
vt 0.2193 0.971
f 1538/1893 1549/1986 1664/1989
vt 0.5678 0.2369
f 1405/1577 1707/1990 1330/1664
f 1405/1577 1767/1876 1707/1990
vt 0.7722 0.4422
vt 0.7718 0.4461
vt 0.7715 0.4405
f 1459/1991 1514/1992 1624/1993
vt 0.9135 0.1616
f 1399/1767 1553/1891 1628/1994
f 1483/1620 1554/1780 1670/1968
vt 0.6123 0.2371
f 1478/1728 1615/1995 1455/1627
vt 0.5863 0.2799
f 1636/1836 1691/1996 1452/1646
vt 0.6302 0.2355
f 1551/1788 1736/1997 1476/1873
f 1416/1724 1445/1531 1650/1825
vt 0.6334 0.2364
f 1476/1873 1736/1997 1652/1998
vt 0.5751 0.2818
f 1410/1580 1495/1738 1559/1999
f 1452/1646 1691/1996 1380/1720
vt 0.7697 0.4229
vt 0.7695 0.4255
vt 0.7673 0.4232
f 1458/2000 1543/2001 1640/2002
vt 0.7646 0.4136
vt 0.7658 0.4165
f 1354/2003 1544/2004 1511/1922
vt 0.7725 0.4382
f 1641/1919 1402/2005 1624/1993
f 1512/1927 1719/1924 1513/1928
vt 0.7691 0.4591
vt 0.7665 0.4578
f 1462/2006 1721/2007 1515/1931
vt 0.7323 0.3915
vt 0.7349 0.3935
vt 0.7288 0.3942
f 1562/2008 1518/2009 1665/2010
vt 0.7291 0.3913
f 1562/2008 1665/2010 1642/2011
vt 0.722 0.3884
vt 0.7174 0.3917
vt 0.717 0.3881
f 1564/2012 1565/2013 1643/2014
vt 0.7559 0.4882
vt 0.7525 0.4915
vt 0.7527 0.4873
f 1566/2015 1568/2016 1784/2017
vt 0.75 0.4944
vt 0.7502 0.4903
f 1322/2018 1724/2019 1568/2016
vt 0.6948 0.3868
vt 0.6941 0.3889
vt 0.6914 0.3874
f 1605/2020 1726/2021 1569/2022
vt 0.7378 0.506
vt 0.7342 0.5065
vt 0.7385 0.5047
f 1432/2023 1570/2024 1431/2025
vt 0.7911 0.4182
f 1470/1696 1607/1951 1571/2026
f 1232/1442 1787/1952 1639/1954
f 1232/1442 1639/1954 1527/1699
vt 0.7787 0.2685
vt 0.7783 0.2726
f 1435/2027 1471/1957 1608/2028
vt 0.8757 0.0234
vt 0.8772 0.0231
f 1434/2029 1732/2030 1436/1863
f 1471/1957 1684/1867 1608/2028
f 1438/1958 1439/1896 1496/1898
f 1391/1897 1440/1818 1496/1898
f 1440/1818 1573/1959 1496/1898
vt 0.8759 0.0382
f 1530/2031 1392/1870 1574/1822
vt 0.8815 0.0428
f 1574/1822 1791/2032 1539/1740
vt 0.8834 0.0626
f 1532/1662 1712/2033 1395/1671
f 1289/1615 1686/1871 1794/1961
vt 0.8839 0.0692
f 1395/1671 1759/2034 1485/1710
vt 0.8854 0.0807
f 1375/1719 1611/2035 1537/1640
f 1375/1719 1541/1824 1611/2035
vt 0.8435 0.2827
f 1446/1676 1651/2036 1577/1826
f 1446/1676 1612/1727 1651/2036
vt 0.886 0.0918
vt 0.8848 0.0927
f 1447/1827 1653/2037 1613/2038
vt 0.6332 0.2802
f 1447/1792 1613/2039 1477/1636
vt 0.6172 0.2806
f 1626/1782 1578/2040 1655/1905
f 1351/1675 1655/1905 1592/1785
vt 0.6014 0.2369
f 1506/1783 1762/1971 1738/2041
f 1479/1729 1374/1730 1762/1971
vt 0.5834 0.2814
f 1329/1663 1380/1720 1700/2042
f 1329/1663 1700/2042 1616/1903
vt 0.5687 0.2828
f 1534/1579 1533/1964 1837/2043
f 1399/1767 1628/1994 1580/1906
vt 0.6618 0.7985
f 1505/1639 1800/2044 1482/1715
vt 0.6629 0.795
f 1482/1715 1695/2045 1502/1776
vt 0.6683 0.7852
f 1449/1569 1745/2046 1366/1716
vt 0.6791 0.7647
f 1501/1682 1586/1841 1658/2047
vt 0.6822 0.7607
f 1619/1832 1536/1683 1660/2048
f 1501/1682 1658/2047 1536/1683
f 1451/1731 1659/1875 1698/1892
f 1538/1893 1664/1989 1631/1982
f 1340/1674 1595/1970 1553/1891
f 1455/1627 1615/1995 1654/1963
f 1449/1569 1368/1685 1745/2046
vt 0.6561 0.8173
f 1454/1791 1663/2049 1408/1679
vt 0.6174 0.884
f 1588/1973 1546/1984 1589/2050
vt 0.2155 0.9878
f 1582/1983 1590/2051 1548/1911
vt 0.2241 0.9689
f 1546/1972 1631/1982 1589/2052
vt 0.5459 0.2413
f 1535/1735 1377/1732 1694/2053
vt 0.2149 0.9776
f 1545/1895 1585/2054 1549/1986
vt 0.6168 0.86
f 1582/1988 1503/1980 1591/2055
vt 0.8708 0.1437
f 1618/1894 1492/1778 1657/2056
f 1503/1980 1638/1979 1591/2055
vt 0.6128 0.8782
f 1581/1901 1588/1973 1708/2057
vt 0.6574 0.8101
f 1488/1737 1741/1985 1839/2058
f 1556/1781 1488/1737 1839/2058
vt 0.8853 0.1475
f 1634/1770 1748/2059 1583/1967
f 1475/1608 1794/1961 1576/1823
vt 0.2155 0.9908
f 1582/1983 1632/2060 1590/2051
f 1508/1834 1633/1713 1765/1907
f 1410/1580 1559/1999 1533/1964
vt 0.8935 0.1506
f 1352/1624 1696/2061 1550/1641
f 1352/1624 1583/1967 1696/2061
vt 0.6705 0.7752
f 1593/1838 1504/1837 1801/2062
vt 0.7281 0.3903
vt 0.7238 0.3913
f 1555/2063 1642/2011 1752/2064
vt 0.7248 0.3887
f 1555/2063 1752/2064 1425/2065
f 1534/1579 1837/2043 1542/1673
vt 0.8392 0.285
f 1577/1826 1651/2036 1594/2066
vt 0.6756 0.7653
f 1586/1841 1802/2067 1658/2047
f 1395/1671 1712/2033 1759/2034
vt 0.6693 0.7819
f 1366/1716 1745/2046 1675/2068
f 1539/1740 1791/2032 1685/1761
vt 0.7671 0.4527
vt 0.7697 0.4509
f 1516/1932 1597/2069 1679/2070
f 1516/1932 1515/1931 1597/2069
vt 0.7672 0.462
f 1462/2006 1561/2071 1721/2007
vt 0.739 0.3956
vt 0.7356 0.3952
vt 0.737 0.3936
f 1598/2072 1710/2073 1517/2074
f 1517/2074 1710/2073 1518/2009
f 1425/2065 1752/2064 1564/2012
f 1564/2012 1752/2064 1565/2013
f 1521/1938 1552/1943 1621/1936
vt 0.7559 0.4858
f 1566/2015 1784/2017 1723/2075
vt 0.7099 0.3865
vt 0.7066 0.3877
f 1386/2076 1600/1947 1567/2077
vt 0.7468 0.4981
vt 0.7435 0.4962
vt 0.7479 0.4961
f 1467/2078 1604/2079 1602/2080
vt 0.7443 0.5
f 1467/2078 1606/2081 1604/2079
vt 0.6913 0.3904
f 1569/2022 1726/2021 1645/2082
vt 0.7442 0.501
vt 0.7415 0.5023
f 1522/2083 1429/2084 1606/2081
vt 0.6892 0.3887
f 1569/2022 1645/2082 1523/2085
vt 0.6863 0.3913
f 1523/2085 1645/2082 1676/2086
vt 0.686 0.3891
f 1523/2085 1676/2086 1524/2087
vt 0.736 0.5028
f 1429/2084 1431/2025 1753/2088
vt 0.7384 0.501
f 1429/2084 1753/2088 1646/2089
vt 0.6823 0.3913
f 1524/2087 1676/2086 1647/2090
vt 0.6803 0.3908
vt 0.6805 0.3936
f 1433/2091 1647/2090 1754/2092
vt 0.7333 0.5093
vt 0.7308 0.5092
vt 0.7296 0.5072
f 1571/2093 1607/2094 1682/2095
f 1571/2093 1682/2095 1570/2024
vt 0.8755 0.0135
vt 0.8773 0.0134
vt 0.878 0.0144
f 1525/2096 1728/2097 1787/2098
vt 0.7689 0.2687
vt 0.7712 0.2681
vt 0.7712 0.2726
f 1607/2099 1526/2100 1729/2101
vt 0.7734 0.2683
f 1526/2100 1572/2102 1729/2101
vt 0.7753 0.2702
f 1572/2102 1731/2103 1729/2101
f 1731/2103 1435/2027 1608/2028
vt 0.8771 0.0295
vt 0.8789 0.0293
f 1473/1868 1390/2104 1609/2105
vt 0.8813 0.0383
f 1574/1822 1392/1870 1733/2106
vt 0.8067 0.2776
f 1558/1796 1649/2107 1648/1844
vt 0.8834 0.0533
f 1442/1734 1756/1960 1758/2108
f 1442/1734 1758/2108 1575/1705
f 1531/1708 1649/2107 1558/1796
f 1575/1705 1758/2108 1610/1843
f 1532/1662 1610/1843 1712/2033
vt 0.8853 0.0754
f 1541/1824 1485/1710 1687/2109
f 1537/1640 1611/2035 1734/1962
vt 0.8866 0.088
f 1347/1711 1761/2110 1447/1827
vt 0.8464 0.2865
f 1612/1727 1868/2111 1651/2036
f 1447/1827 1761/2110 1653/2037
vt 0.6294 0.282
f 1477/1636 1613/2039 1735/2112
f 1551/1788 1448/1789 1736/1997
f 1477/1636 1735/2112 1376/1670
vt 0.6256 0.283
f 1376/1670 1735/2112 1688/2113
f 1478/1728 1413/1784 1615/1995
vt 0.5913 0.2805
f 1557/1787 1690/2114 1636/1836
f 1330/1664 1707/1990 1547/1771
vt 0.5651 0.2839
f 1542/1673 1837/2043 1768/2115
f 1542/1673 1768/2115 1693/1888
vt 0.5528 0.2367
f 1364/1714 1706/2116 1739/1965
f 1364/1714 1661/1910 1706/2116
vt 0.5484 0.2389
f 1535/1735 1747/2117 1661/1910
f 1481/1568 1656/1779 1663/1966
f 1377/1732 1580/1913 1694/2053
f 1535/1735 1694/2053 1747/2117
f 1505/1639 1507/1914 1800/2044
f 1482/1715 1800/2044 1695/2045
vt 0.8962 0.1515
f 1629/1831 1550/1641 1770/2118
vt 0.8771 0.146
f 1554/1780 1579/1629 1617/2119
f 1579/1629 1618/1894 1617/2119
vt 0.8678 0.1426
f 1492/1778 1698/1892 1771/2120
f 1536/1683 1658/2047 1660/2048
vt 0.6871 0.7591
f 1450/1969 1619/1832 1668/2121
vt 0.857 0.1469
f 1450/1833 1668/2122 1659/1875
vt 0.6781 0.3913
f 1433/2091 1754/2092 1525/2123
vt 0.6775 0.3942
f 1525/2123 1754/2092 1728/2124
f 1489/1712 1796/1881 1448/1789
vt 0.9049 0.156
f 1382/1774 1635/1842 1714/2125
f 1541/1824 1687/2109 1611/2035
f 1408/1679 1663/2049 1741/1985
f 1366/1716 1675/2068 1504/1837
vt 0.597 0.2831
f 1557/1787 1620/1786 1843/2126
f 1581/1901 1708/2057 1623/1977
vt 0.7695 0.4412
f 1624/1993 1822/2127 1641/1919
vt 0.6219 0.2815
f 1626/1782 1396/1765 1625/2128
vt 0.6625 0.7919
f 1502/1776 1695/2045 1627/2129
vt 0.2121 0.9872
f 1590/2051 1744/2130 1548/1911
vt 0.7688 0.4471
f 1514/1992 1679/2070 1819/2131
vt 0.6134 0.8838
f 1588/1973 1589/2050 1702/2132
f 1557/1787 1843/2126 1690/2114
vt 0.2133 0.9825
f 1548/1911 1630/2133 1545/1895
vt 0.2242 0.9662
f 1589/2052 1631/1982 1669/2134
vt 0.7644 0.4713
vt 0.7625 0.4694
vt 0.7655 0.4692
f 1519/2135 1680/2136 1520/2137
vt 0.7625 0.4734
f 1519/2135 1599/2138 1680/2136
f 1492/1778 1771/2120 1657/2056
vt 0.5444 0.2413
f 1580/1913 1673/2139 1694/2053
vt 0.6645 0.7874
f 1502/1776 1627/2129 1713/2140
f 1502/1776 1713/2140 1368/1685
f 1506/1783 1738/2041 1737/1915
vt 0.5934 0.2369
f 1762/1971 1374/1730 1764/2141
f 1396/1765 1376/1670 1688/2113
f 1396/1765 1688/2113 1625/2128
vt 0.8013 0.2783
f 1648/1844 1849/2142 1474/1820
f 1624/1993 1514/1992 1822/2127
vt 0.7509 0.4045
f 1355/1926 1513/1928 1678/2143
f 1355/1926 1678/2143 1460/1974
vt 0.8351 0.2846
vt 0.8298 0.2837
f 1650/1825 1760/2144 1795/2145
f 1545/1895 1630/2133 1585/2054
f 1514/1992 1819/2131 1822/2127
f 1550/1641 1696/2061 1770/2118
vt 0.2147 0.9709
f 1664/1989 1549/1986 1806/2146
f 1590/2051 1632/2060 1744/2130
f 1784/2017 1568/2016 1724/2019
vt 0.7674 0.4189
f 1458/2000 1640/2002 1560/2147
f 1460/1974 1678/2143 1807/1975
vt 0.7443 0.3998
vt 0.7429 0.3967
f 1461/1976 1720/2148 1421/2149
vt 0.7399 0.3974
f 1421/2149 1720/2148 1722/2150
f 1421/2149 1722/2150 1598/2072
vt 0.7656 0.4661
f 1520/2137 1680/2136 1563/2151
f 1599/2138 1424/1937 1621/1936
vt 0.7459 0.4939
f 1724/2019 1322/2018 1725/2152
f 1322/2018 1602/2080 1725/2152
f 1602/2080 1604/2079 1725/2152
vt 0.6973 0.3878
f 1605/2020 1603/2153 1726/2021
f 1429/2084 1646/2089 1606/2081
f 1431/2025 1570/2024 1753/2088
f 1436/1863 1732/2030 1683/1864
vt 0.7871 0.2753
f 1438/1958 1788/2154 1684/1867
f 1438/1958 1496/1898 1788/2154
f 1473/1868 1609/2105 1790/1869
f 1392/1870 1790/1869 1733/2106
f 1574/1822 1733/2106 1791/2032
vt 0.8147 0.2795
f 1531/1708 1576/1823 1715/2155
f 1485/1710 1759/2034 1687/2109
f 1416/1724 1650/1825 1795/2145
f 1416/1724 1795/2145 1686/1871
f 1612/1727 1652/1872 1868/2111
vt 0.6186 0.2346
f 1614/1725 1873/2156 1796/1881
vt 0.6021 0.2822
f 1622/1904 1689/2157 1620/1786
f 1380/1720 1691/1996 1700/2042
vt 0.5808 0.2865
f 1700/2042 1890/2158 1616/1903
vt 0.5789 0.2345
f 1692/1766 1774/2159 1587/1684
f 1495/1738 1616/1903 1559/1999
vt 0.5523 0.2824
f 1656/1779 1798/1874 1778/2160
vt 0.5487 0.2811
f 1656/1779 1769/2161 1663/1966
vt 0.9096 0.1577
f 1553/1891 1672/2162 1628/1994
f 1382/1774 1714/2125 1595/1970
vt 0.6577 0.805
f 1556/1781 1716/2163 1507/1914
vt 0.6732 0.7722
f 1593/1838 1801/2062 1697/2164
f 1593/1838 1697/2164 1586/1841
vt 0.6852 0.7594
f 1619/1832 1660/2048 1669/2165
f 1619/1832 1669/2165 1668/2121
vt 0.86 0.1418
f 1698/1892 1659/1875 1705/2166
f 1548/1911 1744/2130 1630/2133
vt 0.6736 0.7679
f 1586/1841 1697/2164 1854/2167
vt 0.2136 0.9742
f 1549/1986 1585/2054 1662/2168
f 1556/1781 1839/2058 1716/2163
f 1413/1784 1737/1915 1615/1995
f 1586/1841 1854/2167 1802/2067
vt 0.6159 0.856
f 1582/1988 1591/2055 1815/2169
vt 0.2228 0.9653
f 1631/1982 1668/2170 1669/2134
f 1588/1973 1702/2132 1708/2057
f 1765/1907 1764/2141 1374/1730
f 1553/1891 1595/1970 1672/2162
vt 0.6202 0.8554
f 1582/1988 1815/2169 1667/2171
f 1368/1685 1713/2140 1745/2046
vt 0.8801 0.1462
f 1554/1780 1666/2172 1670/1968
f 1554/1780 1617/2119 1666/2172
vt 0.6127 0.8597
f 1591/2055 1638/1979 1814/2173
vt 0.6216 0.8571
f 1632/2174 1582/1988 1667/2171
vt 0.2151 0.9931
vt 0.2122 0.9913
f 1632/2060 1667/2175 1844/2176
vt 0.2168 0.9657
f 1631/1982 1664/1989 1781/2177
vt 0.6167 0.8869
f 1589/2050 1669/2178 1702/2132
vt 0.8992 0.1514
f 1629/1831 1770/2118 1879/2179
vt 0.8741 0.143
f 1618/1894 1780/2180 1617/2119
vt 0.8846 0.0574
f 1610/1843 1711/2181 1712/2033
f 1618/1894 1657/2056 1780/2180
vt 0.6344 0.2818
f 1613/2039 1653/2182 1735/2112
f 1632/2060 1844/2176 1744/2130
vt 0.2104 0.981
f 1585/2054 1630/2133 1671/2183
vt 0.6103 0.8644
f 1638/1979 1584/1981 1637/2184
f 1448/1789 1796/1881 1736/1997
vt 0.9166 0.1608
f 1580/1906 1628/1994 1673/2185
vt 0.7644 0.421
f 1544/2004 1560/2147 1677/2186
f 1642/2011 1665/2010 1752/2064
f 1518/2009 1710/2073 1665/2010
vt 0.6824 0.7589
f 1669/2165 1660/2048 1674/2187
f 1560/2147 1640/2002 1677/2186
vt 0.7632 0.4166
f 1544/2004 1677/2186 1892/2188
f 1487/1880 1640/2002 1543/2001
vt 0.7584 0.4116
f 1511/1922 1717/2189 1719/1924
f 1461/1976 1807/1975 1720/2148
vt 0.7648 0.4627
f 1561/2071 1563/2151 1751/2190
vt 0.715 0.3904
f 1643/2014 1565/2013 1681/2191
f 1643/2014 1681/2191 1644/1946
vt 0.7045 0.3868
vt 0.7024 0.3877
f 1387/2192 1567/2077 1601/2193
vt 0.7004 0.3907
vt 0.6964 0.3913
f 1601/2193 1749/2194 1785/2195
f 1601/2193 1785/2195 1603/2153
vt 0.7396 0.4981
f 1604/2079 1606/2081 1826/2196
f 1606/2081 1646/2089 1826/2196
vt 0.731 0.5036
f 1570/2024 1828/2197 1753/2088
vt 0.7688 0.2718
f 1607/2099 1729/2101 1682/2198
vt 0.7799 0.2757
f 1608/2028 1684/1867 1830/2199
f 1683/1864 1609/2105 1390/2104
f 1573/1959 1474/1820 1849/2142
vt 0.7954 0.2792
f 1573/1959 1849/2142 1954/2200
f 1648/1844 1649/2107 1849/2142
f 1531/1708 1715/2155 1649/2107
f 1610/1843 1758/2108 1711/2181
f 1650/1825 1577/1826 1760/2144
f 1734/1962 1761/2110 1347/1711
vt 0.8484 0.2852
f 1652/1872 1701/2201 1868/2111
f 1626/1782 1625/2128 1578/2040
f 1614/1725 1654/1963 1873/2156
vt 0.6092 0.2827
f 1592/1785 1709/2202 1622/1904
f 1620/1786 1689/2157 1843/2126
f 1656/1779 1778/2160 1769/2161
vt 0.6535 0.816
f 1663/2049 1799/2203 1741/1985
vt 0.9022 0.154
f 1635/1842 1776/2204 1714/2125
f 1635/1842 1629/1831 1879/2179
f 1635/1842 1879/2179 1776/2204
f 1634/1770 1670/1968 1748/2059
f 1549/1986 1662/2168 1806/2146
vt 0.2199 0.9648
f 1668/2170 1631/1982 1699/2205
vt 0.8585 0.1442
f 1659/1875 1668/2122 1699/2206
f 1504/1837 1675/2068 1801/2062
vt 0.6337 0.234
f 1652/1998 1736/1997 1701/2207
vt 0.6141 0.8868
f 1669/2178 1674/2208 1702/2132
vt 0.2137 0.994
f 1667/2175 1703/2209 1844/2176
vt 0.574 0.2848
f 1559/1999 1877/2210 1533/1964
vt 0.6191 0.8533
f 1667/2171 1815/2169 1703/2211
vt 0.5611 0.2336
f 1739/1965 1838/2212 1767/1876
vt 0.8653 0.1405
f 1771/2120 1698/1892 1704/2213
f 1631/1982 1781/2177 1699/2205
f 1638/1979 1637/2184 1814/2173
f 1622/1904 1709/2202 1689/2157
f 1544/2004 1892/2188 1511/1922
vt 0.6144 0.2826
f 1655/1905 1743/2214 1709/2202
f 1655/1905 1709/2202 1592/1785
vt 0.5723 0.2342
f 1547/1771 1707/1990 1848/2215
f 1533/1964 1877/2210 1837/2043
vt 0.6083 0.8665
f 1584/1981 1881/2216 1637/2184
vt 0.8912 0.1487
f 1696/2061 1583/1967 1840/2217
f 1655/1905 1578/2040 1743/2214
vt 0.6579 0.8014
f 1507/1914 1716/2163 1817/2218
f 1664/1989 1806/2146 1781/2177
vt 0.61 0.8817
f 1702/2132 1842/2219 1708/2057
vt 0.7552 0.4083
f 1719/1924 1823/2220 1513/1928
f 1511/1922 1892/2188 1717/2189
vt 0.7689 0.4351
f 1596/1920 1641/1919 1718/2221
f 1596/1920 1718/2221 1750/1879
f 1641/1919 1822/2127 1718/2221
f 1679/2070 1597/2069 1819/2131
f 1515/1931 1721/2007 1597/2069
f 1561/2071 1751/2190 1721/2007
f 1563/2151 1680/2136 1751/2190
vt 0.7589 0.4723
f 1621/1936 1859/2222 1599/2138
vt 0.7209 0.394
f 1752/2064 1946/2223 1565/2013
vt 0.7114 0.392
f 1600/1947 1644/1946 1899/2224
vt 0.7079 0.3916
f 1600/1947 1899/2224 1825/2225
f 1600/1947 1825/2225 1567/2077
vt 0.7042 0.3913
f 1567/2077 1860/2226 1601/2193
f 1603/2153 1785/2195 1726/2021
vt 0.684 0.3952
f 1676/2086 1727/2227 1647/2090
vt 0.8806 0.0148
vt 0.877 0.0174
f 1787/2098 1883/2228 1639/2229
vt 0.8814 0.0194
f 1639/2229 1883/2228 1730/2230
vt 0.8778 0.0202
f 1639/2229 1730/2230 1528/2231
vt 0.7735 0.274
f 1731/2103 1755/2232 1729/2101
f 1684/1867 1788/2154 1830/2199
vt 0.8818 0.0277
f 1609/2105 1904/2233 1790/1869
f 1496/1898 1573/1959 1954/2200
f 1577/1826 1594/2066 1760/2144
vt 0.6186 0.2841
f 1625/2128 1821/2234 1578/2040
vt 0.5915 0.2843
f 1690/2114 1874/2235 1636/1836
vt 0.5866 0.2836
f 1636/1836 1766/2236 1691/1996
f 1636/1836 1874/2235 1766/2236
vt 0.5857 0.2356
f 1765/1907 1633/1713 1875/2237
f 1691/1996 1766/2236 1700/2042
f 1633/1713 1453/1835 1875/2237
vt 0.5845 0.2862
f 1700/2042 1766/2236 1852/2238
f 1700/2042 1852/2238 1890/2158
f 1587/1684 1774/2159 1453/1835
f 1774/2159 1692/1766 1848/2215
vt 0.5556 0.2862
f 1693/1888 1926/2239 1798/1874
vt 0.5465 0.281
f 1663/1966 1769/2161 1799/2240
vt 0.5444 0.2391
f 1694/2053 1740/2241 1747/2117
vt 0.9154 0.1576
f 1628/1994 1878/2242 1673/2185
f 1800/2044 1507/1914 1817/2218
vt 0.6794 0.7586
f 1660/2048 1775/2243 1674/2187
f 1699/2206 1705/2166 1659/1875
vt 0.6091 0.8753
f 1708/2057 1742/2244 1623/1977
f 1584/1981 1623/1977 1881/2216
vt 0.8827 0.1456
f 1670/1968 1813/2245 1748/2059
f 1591/2055 1814/2173 1815/2169
vt 0.2114 0.9942
f 1844/2176 1703/2209 1820/2246
f 1843/2126 1874/2235 1690/2114
f 1578/2040 1821/2234 1743/2214
f 1583/1967 1748/2059 1840/2217
vt 0.7899 0.2779
f 1496/1898 1862/2247 1788/2154
vt 0.2179 0.9642
f 1699/2205 1781/2177 1705/2248
vt 0.2086 0.9839
f 1744/2130 1882/2249 1630/2133
f 1673/2139 1740/2241 1694/2053
f 1708/2057 1842/2219 1742/2244
f 1585/2054 1671/2183 1662/2168
f 1692/1766 1547/1771 1848/2215
vt 0.6644 0.78
f 1745/2046 1970/2250 1675/2068
vt 0.6636 0.7839
f 1745/2046 1746/2251 1970/2250
vt 0.8871 0.0663
f 1759/2034 1712/2033 1865/2252
f 1661/1910 1747/2117 1706/2116
vt 0.576 0.2868
f 1559/1999 1876/2253 1877/2210
vt 0.7366 0.3989
f 1598/2072 1722/2150 1898/2254
f 1598/2072 1898/2254 1710/2073
vt 0.7325 0.3985
f 1710/2073 1898/2254 1884/2255
f 1680/2136 1599/2138 1859/2222
f 1644/1946 1681/2191 1899/2224
f 1552/1943 1723/2075 1784/2017
f 1567/2077 1825/2225 1860/2226
vt 0.6922 0.3953
f 1726/2021 1785/2195 1900/2256
f 1726/2021 1900/2256 1645/2082
vt 0.6881 0.3942
f 1645/2082 1827/2257 1676/2086
f 1676/2086 1827/2257 1727/2227
f 1647/2090 1727/2227 1754/2092
f 1570/2024 1682/2095 1828/2197
f 1731/2103 1608/2028 1755/2232
vt 0.882 0.0235
f 1732/2030 1528/2231 1861/2258
f 1732/2030 1861/2258 1683/1864
f 1609/2105 1683/1864 1904/2233
f 1685/1761 1791/2032 1756/1960
vt 0.8133 0.282
f 1649/2107 1715/2155 1832/2259
vt 0.8066 0.2814
f 1649/2107 1832/2259 1757/2260
vt 0.8174 0.2836
f 1715/2155 1576/1823 1833/2261
vt 0.889 0.0716
f 1759/2034 1867/2262 1687/2109
vt 0.8323 0.2866
f 1760/2144 1834/2263 1795/2145
vt 0.8418 0.2884
f 1651/2036 1835/2264 1594/2066
f 1651/2036 1868/2111 1835/2264
vt 0.8896 0.0907
f 1761/2110 1869/2265 1653/2037
vt 0.8483 0.2877
f 1701/2201 1908/2266 1868/2111
vt 0.6337 0.2316
f 1701/2207 1736/1997 1908/2267
vt 0.6347 0.2856
vt 0.6319 0.2853
f 1653/2182 1869/2268 1871/2269
f 1653/2182 1871/2269 1735/2112
vt 0.6258 0.2317
vt 0.6306 0.2316
f 1736/1997 1931/2270 1870/2271
f 1736/1997 1796/1881 1931/2270
vt 0.6098 0.2335
f 1615/1995 1737/1915 1911/2272
vt 0.6062 0.2343
f 1737/1915 1738/2041 1797/2273
vt 0.5972 0.2343
f 1764/2141 1763/2274 1762/1971
vt 0.5913 0.2334
f 1764/2141 1765/1907 1836/2275
vt 0.5832 0.2322
f 1453/1835 1774/2159 1932/2276
f 1616/1903 1876/2253 1559/1999
vt 0.5775 0.23
f 1848/2215 1995/2277 1774/2159
vt 0.5677 0.2326
f 1707/1990 1845/2278 1848/2215
f 1739/1965 1706/2116 1838/2212
vt 0.6524 0.8114
f 1741/1985 1779/2279 1839/2058
f 1741/1985 1799/2203 1779/2279
f 1628/1994 1672/2162 1878/2242
f 1595/1970 1714/2125 1672/2162
f 1670/1968 1666/2172 1813/2245
vt 0.6667 0.778
f 1675/2068 1847/2280 1801/2062
vt 0.6765 0.7604
f 1660/2048 1772/2281 1775/2243
f 1658/2047 1802/2067 1772/2281
f 1658/2047 1772/2281 1660/2048
vt 0.8611 0.1398
f 1705/2166 1804/2282 1698/1892
f 1528/2231 1730/2230 1861/2258
vt 0.6213 0.2329
f 1796/1881 1873/2156 1773/2283
vt 0.7656 0.4255
f 1640/2002 1487/1880 2047/2284
vt 0.6122 0.8865
f 1674/2208 1775/2285 1702/2132
vt 0.6588 0.793
f 1695/2045 1915/2286 1627/2129
vt 0.2105 0.9726
f 1662/2168 1942/2287 1806/2146
vt 0.6008 0.233
f 1738/2041 1763/2274 1962/2288
vt 0.6165 0.8495
vt 0.6198 0.8508
f 1703/2211 1924/2289 1820/2290
f 1703/2211 1815/2169 1924/2289
f 1762/1971 1763/2274 1738/2041
vt 0.767 0.4424
f 1822/2127 1819/2131 1928/2291
f 1630/2133 1882/2249 1671/2183
vt 0.6224 0.286
f 1625/2128 1688/2113 1777/2292
f 1625/2128 1777/2292 1821/2234
vt 0.5507 0.285
f 1778/2160 1935/2293 1769/2161
vt 0.8875 0.0608
f 1712/2033 1711/2181 1885/2294
f 1715/2155 1833/2261 1832/2259
vt 0.5467 0.283
f 1769/2161 1935/2293 1851/2295
vt 0.8903 0.0831
f 1761/2110 1734/1962 1812/2296
vt 0.8922 0.0874
f 1761/2110 1812/2296 1989/2297
f 1707/1990 1767/1876 1845/2278
f 1640/2002 2047/2284 1677/2186
vt 0.7663 0.4301
f 1750/1879 2056/2298 1487/1880
f 1750/1879 1718/2221 2056/2298
vt 0.7393 0.4009
f 1720/2148 1782/2299 1722/2150
vt 0.7628 0.4598
f 1721/2007 1751/2190 1783/2300
f 1722/2150 1782/2299 1898/2254
f 1710/2073 1884/2255 1665/2010
vt 0.7265 0.3967
f 1752/2064 1665/2010 1927/2301
f 1752/2064 1927/2301 1946/2223
vt 0.7525 0.4806
f 1621/1936 1552/1943 1981/2302
vt 0.7552 0.4769
f 1621/1936 1981/2302 1947/2303
vt 0.7497 0.4843
f 1552/1943 1784/2017 1921/2304
f 1601/2193 1860/2226 1749/2194
vt 0.7479 0.4883
f 1725/2152 1824/2305 1724/2019
vt 0.7357 0.4988
f 1646/2089 2019/2306 1826/2196
f 1683/1864 1861/2258 1904/2233
vt 0.783 0.2788
f 1830/2199 1788/2154 1985/2307
vt 0.8842 0.0336
f 1790/1869 1904/2233 1789/2308
f 1496/1898 1954/2200 1862/2247
f 1790/1869 1789/2308 1733/2106
vt 0.8868 0.0459
f 1756/1960 1791/2032 1793/2309
f 1649/2107 1757/2260 1849/2142
f 1576/1823 1794/1961 1833/2261
vt 0.8254 0.287
f 1686/1871 1795/2145 1988/2310
f 1908/2267 1736/1997 1870/2271
vt 0.6139 0.2321
f 1873/2156 1654/1963 1909/2311
f 1654/1963 1615/1995 1909/2311
f 1737/1915 1797/2273 1911/2272
vt 0.6058 0.2863
f 1689/2157 1709/2202 1961/2312
vt 0.5867 0.2329
f 1875/2237 1809/2313 1765/1907
f 1453/1835 1932/2276 1875/2237
f 1616/1903 1890/2158 1876/2253
vt 0.5491 0.2353
f 1706/2116 1747/2117 1914/2314
vt 0.5445 0.2374
f 1740/2241 1886/2315 1747/2117
vt 0.6534 0.8073
f 1839/2058 1966/2316 1716/2163
vt 0.9065 0.1525
f 1776/2204 1811/2317 1714/2125
f 1745/2046 1713/2140 1746/2251
f 1675/2068 1970/2250 1847/2280
vt 0.8794 0.1421
f 1617/2119 2004/2318 1666/2172
f 1617/2119 1780/2180 2004/2318
vt 0.6703 0.7691
f 1697/2164 1801/2062 1855/2319
f 1697/2164 1855/2319 1854/2167
vt 0.8721 0.1392
f 1657/2056 1771/2120 1808/2320
vt 0.6719 0.7622
f 1802/2067 1803/2321 1772/2281
f 1698/1892 1804/2282 1704/2213
vt 0.8623 0.1376
f 1704/2213 1804/2282 1805/2322
vt 0.6077 0.8786
f 1842/2219 1810/2323 1742/2244
vt 0.6068 0.87
f 1623/1977 1742/2244 1917/2324
f 1623/1977 1917/2324 1881/2216
vt 0.9175 0.1595
f 1673/2185 1878/2242 1740/2325
vt 0.2071 0.9889
f 1844/2176 1918/2326 1744/2130
vt 0.6109 0.8856
f 1702/2132 1775/2285 1816/2327
f 1842/2219 1702/2132 1816/2327
vt 0.2161 0.9637
f 1705/2248 1781/2177 1804/2328
f 1769/2161 1851/2295 1799/2240
f 1657/2056 1808/2320 1780/2180
f 1765/1907 1809/2313 1836/2275
vt 0.8374 0.2883
f 1760/2144 1594/2066 1907/2329
vt 0.5649 0.2879
vt 0.5613 0.288
f 1768/2115 1888/2330 1913/2331
f 1768/2115 1913/2331 1693/1888
f 1767/1876 1838/2212 1845/2278
vt 0.8905 0.0799
f 1611/2035 1956/2332 1812/2296
f 1611/2035 1812/2296 1734/1962
vt 0.2104 0.9675
vt 0.2126 0.9654
f 1806/2146 2045/2333 1925/2334
f 1806/2146 1925/2334 1781/2177
vt 0.208 0.9931
f 1820/2246 1896/2335 1844/2176
vt 0.7639 0.4529
f 1597/2069 1721/2007 2014/2336
f 1797/2273 1738/2041 1962/2288
vt 0.6129 0.8529
f 1924/2289 1815/2169 1850/2337
vt 0.6576 0.7966
f 1800/2044 1817/2218 1818/2338
f 1800/2044 1818/2338 1695/2045
f 1719/1924 1717/2189 1823/2220
f 1513/1928 1823/2220 1678/2143
vt 0.7657 0.4471
f 1928/2291 1819/2131 1922/2339
vt 0.7448 0.4037
f 1807/1975 1857/2340 1720/2148
f 1720/2148 1857/2340 1782/2299
vt 0.7613 0.4646
f 1751/2190 1680/2136 1858/2341
f 1621/1936 1947/2303 1859/2222
f 1784/2017 1824/2305 1921/2304
f 1784/2017 1724/2019 1824/2305
vt 0.7408 0.4935
f 1725/2152 1604/2079 1983/2342
f 1645/2082 1900/2256 1827/2257
f 1646/2089 1753/2088 2019/2306
vt 0.6791 0.3986
f 1728/2124 1754/2092 1829/2343
vt 0.6756 0.397
vt 0.6763 0.3955
f 1728/2124 1883/2344 1787/2345
f 1728/2124 1829/2343 1883/2344
vt 0.7681 0.2749
f 1682/2198 1729/2101 1786/2346
vt 0.885 0.0282
f 1904/2233 1831/2347 1789/2308
vt 0.8845 0.0413
f 1791/2032 1733/2106 1792/2348
vt 0.7995 0.2831
f 1849/2142 1887/2349 1954/2200
f 1712/2033 1885/2294 1865/2252
f 1794/1961 1686/1871 1988/2310
f 1759/2034 1865/2252 1867/2262
vt 0.8897 0.0767
f 1687/2109 1906/2350 1611/2035
f 1611/2035 1906/2350 1956/2332
f 1761/2110 1989/2297 1869/2265
vt 0.6281 0.2866
f 1871/2269 1872/2351 1735/2112
f 1735/2112 1872/2351 1688/2113
f 1615/1995 1911/2272 1909/2311
vt 0.6147 0.2873
f 1743/2214 1821/2234 1910/2352
vt 0.6107 0.287
f 1743/2214 1919/2353 1709/2202
f 1743/2214 1910/2352 1919/2353
f 1709/2202 1919/2353 1961/2312
vt 0.6006 0.2867
f 1689/2157 1961/2312 1994/2354
f 1689/2157 1994/2354 1843/2126
f 1763/2274 1764/2141 1836/2275
vt 0.596 0.2865
f 1843/2126 1891/2355 1874/2235
vt 0.5879 0.2874
f 1874/2235 2030/2356 1766/2236
f 1774/2159 1995/2277 1932/2276
vt 0.5684 0.2874
f 1768/2115 1837/2043 1996/2357
vt 0.5504 0.2333
f 1999/2358 1706/2116 1914/2314
f 1778/2160 1798/1874 1926/2239
f 1778/2160 1926/2239 1935/2293
f 1747/2117 1886/2315 1914/2314
vt 0.6504 0.8144
f 1779/2279 1799/2203 1936/2359
vt 0.6543 0.8025
f 1716/2163 1967/2360 1817/2218
vt 0.8697 0.1386
f 1771/2120 1940/2361 1808/2320
vt 0.6773 0.7582
f 1772/2281 1816/2362 1775/2243
vt 0.8673 0.1379
f 1771/2120 1841/2363 1940/2361
f 1771/2120 1704/2213 1841/2363
vt 0.6081 0.8606
f 1814/2173 1637/2184 1853/2364
vt 0.7491 0.4076
f 1678/2143 1823/2220 1944/2365
vt 0.9181 0.158
f 1740/2325 1878/2242 1886/2366
f 1714/2125 1811/2317 1672/2162
vt 0.6515 0.8157
f 1799/2203 1851/2367 1936/2359
vt 0.6176 0.8464
f 1820/2290 1924/2289 1846/2368
f 1918/2326 1844/2176 1896/2335
f 1666/2172 2004/2318 1813/2245
f 1796/1881 1773/2283 1931/2270
f 1804/2328 1781/2177 1925/2334
vt 0.2145 0.9631
f 1804/2328 1925/2334 1805/2369
vt 0.6095 0.8549
f 1814/2173 1894/2370 1815/2169
f 1487/1880 2056/2298 2047/2284
f 1815/2169 1894/2370 1850/2337
vt 0.7866 0.2794
f 1788/2154 1862/2247 1953/2371
vt 0.6542 0.7985
f 1817/2218 1967/2360 1968/2372
f 1817/2218 1968/2372 1818/2338
vt 0.8871 0.1437
f 1748/2059 1813/2245 1923/2373
vt 0.6696 0.7654
f 1854/2167 1855/2319 1856/2374
f 1802/2067 1854/2167 1856/2374
vt 0.7655 0.435
f 1718/2221 2158/2375 2056/2298
vt 0.7663 0.4384
f 1718/2221 1822/2127 2125/2376
f 1807/1975 1678/2143 1857/2340
f 1819/2131 1597/2069 1922/2339
f 1597/2069 2014/2336 1922/2339
f 1783/2300 1751/2190 1858/2341
vt 0.7135 0.3944
f 1681/2191 1565/2013 2085/2377
f 1681/2191 2085/2377 1899/2224
vt 0.7421 0.4914
f 1725/2152 1948/2378 1824/2305
f 1788/2154 1953/2371 1985/2307
vt 0.792 0.2813
f 1862/2247 1954/2200 1986/2379
vt 0.8861 0.0362
f 1733/2106 1789/2308 1863/2380
f 1733/2106 1863/2380 1792/2348
f 1791/2032 1792/2348 1793/2309
vt 0.806 0.2842
f 1849/2142 1757/2260 1864/2381
f 1849/2142 1864/2381 1887/2349
vt 0.8886 0.0501
f 1758/2108 1756/1960 1929/2382
vt 0.8875 0.0551
f 1758/2108 1929/2382 1905/2383
vt 0.8122 0.2866
f 1757/2260 1832/2259 2095/2384
f 1758/2108 1905/2383 1711/2181
vt 0.8219 0.2867
f 1794/1961 1866/2385 1833/2261
f 1687/2109 1867/2262 1906/2350
vt 0.5964 0.2313
f 1763/2274 1963/2386 1962/2288
vt 0.5722 0.231
f 1848/2215 1933/2387 1995/2277
vt 0.5656 0.2302
f 1845/2278 1838/2212 2031/2388
f 1693/1888 1913/2331 1926/2239
vt 0.5455 0.2346
f 1886/2315 1943/2389 1914/2314
vt 0.9119 0.152
f 1672/2162 1811/2317 2039/2390
vt 0.8933 0.1458
f 1696/2061 1840/2217 2033/2391
vt 0.6608 0.7852
f 1627/2129 1969/2392 1713/2140
vt 0.6567 0.789
f 1627/2129 2002/2393 1969/2392
f 1748/2059 1923/2373 1840/2217
f 1802/2067 1856/2374 1803/2321
f 1704/2213 1805/2322 1841/2363
vt 0.2077 0.9784
f 1662/2168 1671/2183 1880/2394
vt 0.2074 0.9743
f 1662/2168 1897/2395 1942/2287
f 1662/2168 1880/2394 1897/2395
vt 0.6059 0.8736
f 1742/2244 1916/2396 1917/2324
f 1839/2058 1779/2279 1966/2316
vt 0.758 0.4669
f 1680/2136 1859/2222 2084/2397
f 1716/2163 1966/2316 1967/2360
vt 0.6673 0.7715
f 1801/2062 1847/2280 1937/2398
vt 0.5576 0.231
f 1706/2116 1999/2358 1997/2399
f 1706/2116 1997/2399 1838/2212
f 1837/2043 1877/2210 1996/2357
vt 0.8996 0.147
f 1879/2179 1770/2118 2111/2400
vt 0.7616 0.456
f 1721/2007 1783/2300 2041/2401
vt 0.2079 0.9967
f 1820/2246 1846/2402 1896/2335
f 1768/2115 1996/2357 1888/2330
vt 0.8277 0.2894
f 1795/2145 1834/2263 1889/2403
f 1795/2145 1889/2403 1988/2310
f 1552/1943 1921/2304 1981/2302
f 1801/2062 1937/2398 1855/2319
f 1744/2130 1918/2326 1882/2249
f 1814/2173 1853/2364 1894/2370
vt 0.5519 0.23
f 1999/2358 2239/2404 1997/2399
vt 0.6093 0.8852
f 1816/2327 1895/2405 1842/2219
f 1672/2162 2039/2390 1878/2242
vt 0.5469 0.2863
f 1851/2295 1935/2293 2000/2406
vt 0.6998 0.3959
f 1749/2194 1860/2226 2127/2407
f 1875/2237 1932/2276 1809/2313
vt 0.6749 0.758
f 1816/2362 1772/2281 1895/2408
vt 0.7576 0.4152
f 1717/2189 1892/2188 2157/2409
f 1718/2221 2125/2376 2158/2375
vt 0.7536 0.4107
f 1823/2220 1717/2189 2051/2410
f 1822/2127 1928/2291 2125/2376
f 1721/2007 2041/2401 2014/2336
f 1680/2136 2084/2397 1858/2341
f 1749/2194 2127/2407 1785/2195
f 1948/2378 1725/2152 1983/2342
f 1604/2079 1826/2196 1983/2342
vt 0.7302 0.4996
f 1753/2088 1828/2197 1901/2411
f 1753/2088 1901/2411 2019/2306
vt 0.6842 0.399
f 1727/2227 1827/2257 2128/2412
f 1754/2092 1727/2227 1829/2343
vt 0.7261 0.507
f 1828/2197 1682/2095 1786/2413
vt 0.6751 0.3998
f 1829/2343 1951/2414 1883/2344
vt 0.7708 0.2792
f 1729/2101 1755/2232 1902/2415
vt 0.8836 0.0131
vt 0.8851 0.0165
f 1883/2228 1951/2416 2007/2417
vt 0.7762 0.2789
f 1755/2232 1608/2028 1903/2418
f 1755/2232 1903/2418 1902/2415
f 1730/2230 1883/2228 2007/2417
f 1608/2028 1830/2199 1903/2418
vt 0.8859 0.0235
f 1861/2258 2022/2419 1904/2233
vt 0.8087 0.2865
f 1757/2260 2095/2384 2025/2420
f 1711/2181 1905/2383 1885/2294
vt 0.8165 0.2867
f 1832/2259 1833/2261 1955/2421
f 1832/2259 1955/2421 2095/2384
f 1794/1961 1988/2310 1866/2385
vt 0.8921 0.0671
f 1865/2252 1893/2422 1867/2262
f 1760/2144 1907/2329 1834/2263
f 1594/2066 1835/2264 1907/2329
vt 0.6339 0.2883
f 1869/2268 2028/2423 1871/2269
vt 0.6268 0.2892
f 1688/2113 1872/2351 1958/2424
f 1688/2113 1958/2424 1777/2292
vt 0.6193 0.2868
f 1821/2234 1777/2292 1960/2425
vt 0.6179 0.2297
f 1873/2156 2064/2426 1773/2283
f 1873/2156 1909/2311 2064/2426
f 1821/2234 1960/2425 1910/2352
vt 0.6043 0.2316
f 1797/2273 1912/2427 1911/2272
f 1797/2273 1962/2288 1912/2427
f 1763/2274 1836/2275 1963/2386
f 1848/2215 1845/2278 1933/2387
vt 0.5624 0.2306
f 1838/2212 2010/2428 2031/2388
vt 0.5459 0.2837
f 1851/2295 2000/2406 1936/2429
vt 0.9186 0.1559
f 1886/2366 1878/2242 1998/2430
vt 0.9048 0.1495
f 1776/2204 1920/2431 1811/2317
vt 0.9026 0.1472
f 1776/2204 2001/2432 1920/2431
f 1776/2204 1879/2179 2001/2432
f 1695/2045 1818/2338 1915/2286
vt 0.8965 0.1459
f 1770/2118 1696/2061 2074/2433
f 1713/2140 1969/2392 1746/2251
vt 0.8841 0.1413
f 1813/2245 2055/2434 1923/2373
f 1813/2245 2004/2318 2055/2434
f 1806/2146 1942/2287 2045/2333
f 1742/2244 1810/2323 1916/2396
vt 0.606 0.8633
f 1637/2184 1881/2216 1939/2435
f 1637/2184 1939/2435 1853/2364
vt 0.5438 0.2356
f 1886/2315 1998/2436 1943/2389
f 1877/2210 1876/2253 1996/2357
vt 0.7604 0.4209
f 1892/2188 1677/2186 2175/2437
f 1840/2217 1923/2373 2033/2391
f 1838/2212 1997/2399 2010/2428
vt 0.6104 0.8498
f 1924/2289 1850/2337 2009/2438
vt 0.5511 0.2882
f 1926/2239 1965/2439 1935/2293
f 1766/2236 2030/2356 1852/2238
f 1757/2260 2025/2420 1864/2381
vt 0.6074 0.8829
f 1842/2219 1895/2405 2109/2440
vt 0.2124 0.9627
f 1805/2369 1925/2334 2038/2441
f 1892/2188 2175/2437 2157/2409
f 1944/2365 1823/2220 2051/2410
f 1678/2143 1944/2365 1857/2340
vt 0.7587 0.4618
f 1858/2341 1980/2442 1783/2300
vt 0.7236 0.3973
f 1946/2223 1927/2301 1978/2443
vt 0.7539 0.4715
f 1859/2222 1947/2303 1945/2444
vt 0.7043 0.3948
f 1825/2225 2058/2445 1860/2226
f 1860/2226 2058/2445 2127/2407
vt 0.6952 0.3952
f 1785/2195 2127/2407 2087/2446
vt 0.7374 0.4952
f 1983/2342 1826/2196 1949/2447
f 1785/2195 2087/2446 1900/2256
f 1727/2227 2128/2412 1829/2343
vt 0.7261 0.5029
f 1828/2197 1786/2413 1950/2448
f 1729/2101 1902/2415 1786/2346
vt 0.8859 0.0211
f 1861/2258 1730/2230 2059/2449
f 1904/2233 2022/2419 1831/2347
f 1953/2371 1862/2247 1986/2379
vt 0.8882 0.0414
f 1792/2348 1863/2380 1987/2450
vt 0.8921 0.0623
f 1885/2294 2079/2451 1865/2252
vt 0.8458 0.2916
f 1868/2111 1908/2266 2027/2452
vt 0.8483 0.2908
f 1908/2266 1930/2453 2027/2452
vt 0.893 0.0913
f 1869/2265 1989/2297 2028/2454
vt 0.6328 0.2276
f 1908/2267 1870/2271 1930/2455
vt 0.629 0.2272
f 1870/2271 2008/2456 1930/2455
f 1870/2271 1931/2270 2008/2456
vt 0.6203 0.2285
f 1773/2283 2064/2426 1959/2457
vt 0.6095 0.2293
f 1909/2311 1911/2272 1993/2458
f 1911/2272 1912/2427 1993/2458
f 1843/2126 1994/2354 1891/2355
vt 0.5916 0.2888
f 1874/2235 1891/2355 2066/2459
vt 0.5559 0.2903
f 1926/2239 1913/2331 1934/2460
f 1935/2293 1965/2439 2000/2406
vt 0.5474 0.2337
f 1914/2314 1943/2389 2072/2461
f 1914/2314 2072/2461 1999/2358
vt 0.9188 0.1531
f 1998/2430 1878/2242 2200/2462
f 1770/2118 2074/2433 2111/2400
f 1696/2061 2033/2391 2074/2433
f 1627/2129 1915/2286 2002/2393
vt 0.8777 0.1386
f 2004/2318 1780/2180 2076/2463
f 1780/2180 1808/2320 2076/2463
vt 0.6735 0.7591
f 1772/2281 1972/2464 1895/2408
f 1772/2281 1803/2321 1972/2464
vt 0.8648 0.133
f 1805/2322 1938/2465 1841/2363
vt 0.2051 0.9815
f 1671/2183 1882/2249 2054/2466
f 1671/2183 2054/2466 1880/2394
vt 0.2034 0.9849
f 1882/2249 1918/2326 1973/2467
vt 0.2061 0.9961
f 1896/2335 1846/2402 1974/2468
vt 0.5779 0.2904
f 1876/2253 1890/2158 2013/2469
f 1793/2309 1792/2348 1987/2450
f 1730/2230 2007/2417 2059/2449
vt 0.9163 0.1506
f 1878/2242 2039/2390 2103/2470
f 1878/2242 2103/2470 2200/2462
f 1665/2010 1884/2255 1927/2301
vt 0.204 0.9935
f 1896/2335 2006/2471 1918/2326
vt 0.6055 0.8572
f 1894/2370 1853/2364 1941/2472
vt 0.6124 0.8457
f 1924/2289 1979/2473 1846/2368
f 1924/2289 2009/2438 1979/2473
vt 0.6024 0.8671
f 1881/2216 1917/2324 2053/2474
vt 0.9089 0.1496
f 1811/2317 2104/2475 2039/2390
vt 0.6041 0.8762
f 1916/2396 1810/2323 2115/2476
vt 0.6305 0.2915
f 2028/2423 2231/2477 1871/2269
vt 0.2037 0.9898
f 1918/2326 2006/2471 2050/2478
vt 0.574 0.2273
f 1933/2387 2068/2479 1995/2277
vt 0.7642 0.4444
f 1928/2291 1922/2339 2012/2480
vt 0.7369 0.4034
f 1898/2254 1782/2299 2016/2481
f 1858/2341 2084/2397 1980/2442
vt 0.7172 0.3977
f 1565/2013 1946/2223 2018/2482
f 1565/2013 2018/2482 2085/2377
vt 0.7441 0.4868
f 1824/2305 1948/2378 2126/2483
f 1826/2196 2019/2306 1949/2447
vt 0.6876 0.3986
f 1827/2257 1900/2256 2020/2484
f 1827/2257 2020/2484 2128/2412
vt 0.7234 0.5043
f 1786/2413 2021/2485 1950/2448
vt 0.7734 0.2824
f 1903/2418 1952/2486 1902/2415
f 1861/2258 2059/2449 2022/2419
vt 0.7794 0.281
f 1830/2199 1985/2307 2092/2487
vt 0.7962 0.2845
f 1954/2200 1887/2349 2024/2488
f 1756/1960 1793/2309 1929/2382
vt 0.8902 0.0532
f 1905/2383 1929/2382 2094/2489
vt 0.8904 0.0568
f 1905/2383 1975/2490 1885/2294
f 1833/2261 1866/2385 1955/2421
vt 0.8932 0.0725
f 1906/2350 1867/2262 2134/2491
vt 0.8343 0.2912
f 1907/2329 2098/2492 1834/2263
vt 0.8953 0.0835
f 1812/2296 1956/2332 2061/2493
vt 0.8393 0.2926
f 1907/2329 1835/2264 1957/2494
vt 0.8425 0.293
f 1835/2264 2040/2495 1957/2494
f 1868/2111 2027/2452 1835/2264
f 1871/2269 2231/2477 1872/2351
vt 0.6259 0.2275
f 1931/2270 1959/2457 1990/2496
f 1931/2270 1773/2283 1959/2457
vt 0.6234 0.2917
f 1777/2292 1958/2424 2135/2497
vt 0.6205 0.2902
f 1777/2292 2135/2497 1991/2498
f 1777/2292 1991/2498 1960/2425
vt 0.5834 0.2909
f 1890/2158 1852/2238 2067/2499
vt 0.5829 0.2261
f 1932/2276 1995/2277 2167/2500
f 1890/2158 2067/2499 2013/2469
vt 0.5748 0.2899
f 1876/2253 2013/2469 1964/2501
f 1876/2253 1964/2501 1996/2357
vt 0.5692 0.2268
f 1845/2278 2168/2502 1933/2387
f 1926/2239 1934/2460 1965/2439
vt 0.6485 0.8113
f 1936/2359 2073/2503 1779/2279
f 1779/2279 2073/2503 1966/2316
vt 0.6486 0.8065
f 1966/2316 2073/2503 2178/2504
f 1879/2179 2111/2400 2001/2432
vt 0.891 0.1429
f 2033/2391 1923/2373 2003/2505
vt 0.6567 0.7847
f 1969/2392 2002/2393 2108/2506
vt 0.6634 0.7738
f 1847/2280 2077/2507 1937/2398
vt 0.8742 0.1365
f 1808/2320 1971/2508 2076/2463
vt 0.6673 0.7678
f 1937/2398 2044/2509 1855/2319
f 1855/2319 2044/2509 1856/2374
vt 0.6676 0.7569
f 1803/2321 2204/2510 1972/2464
vt 0.8625 0.1352
f 1805/2322 2038/2511 1938/2465
f 1842/2219 2109/2440 1810/2323
vt 0.6031 0.8706
f 1916/2396 1977/2512 1917/2324
f 1917/2324 1977/2512 2053/2474
f 1882/2249 1973/2467 2054/2466
vt 0.6039 0.8618
f 1853/2364 1939/2435 2082/2513
f 1850/2337 1894/2370 2009/2438
f 1881/2216 2053/2474 1939/2435
vt 0.2037 0.9786
f 1880/2394 2054/2466 2078/2514
f 1896/2335 1974/2468 2006/2471
vt 0.6161 0.8443
f 1846/2368 1979/2473 1974/2515
f 1880/2394 2078/2514 1897/2395
vt 0.7083 0.3966
f 1899/2224 2085/2377 2110/2516
f 1899/2224 2110/2516 1825/2225
f 1939/2435 2053/2474 2082/2513
vt 0.8685 0.1324
f 1940/2361 1841/2363 2149/2517
vt 0.872 0.134
f 1940/2361 2149/2517 2036/2518
f 1940/2361 2036/2518 1808/2320
vt 0.5884 0.2285
f 1836/2275 1809/2313 2102/2519
vt 0.5927 0.2284
f 1836/2275 2102/2519 2100/2520
vt 0.5684 0.2911
f 1996/2357 1976/2521 1888/2330
vt 0.6156 0.2923
f 1910/2352 1960/2425 1992/2522
vt 0.6507 0.8022
f 1967/2360 1966/2316 2105/2523
vt 0.8205 0.2904
f 1866/2385 2026/2524 1955/2421
f 1811/2317 1920/2431 2104/2475
vt 0.6534 0.7943
f 1818/2338 1968/2372 2171/2525
vt 0.2084 0.964
f 2038/2441 1925/2334 2150/2526
vt 0.7432 0.4061
f 1857/2340 2015/2527 1782/2299
f 1859/2222 1945/2444 2084/2397
vt 0.7512 0.4751
f 1947/2303 1981/2302 1982/2528
vt 0.7451 0.4819
f 1981/2302 1921/2304 2086/2529
f 1825/2225 2110/2516 2058/2445
f 1824/2305 2126/2483 1921/2304
vt 0.7682 0.2786
f 1786/2346 1902/2415 2021/2530
f 1903/2418 1830/2199 2092/2487
vt 0.7829 0.2837
f 2092/2487 1985/2307 1984/2531
vt 0.8893 0.0272
f 1831/2347 2022/2419 2161/2532
vt 0.8889 0.0311
f 1789/2308 1831/2347 2189/2533
f 1789/2308 2189/2533 1863/2380
vt 0.7872 0.2844
f 1953/2371 1986/2379 2129/2534
vt 0.7922 0.2855
f 1986/2379 2024/2488 2023/2535
f 1986/2379 1954/2200 2024/2488
vt 0.8034 0.2869
f 1887/2349 1864/2381 2093/2536
vt 0.8911 0.0473
f 1793/2309 2191/2537 1929/2382
f 1905/2383 2094/2489 1975/2490
f 1865/2252 2079/2451 1893/2422
vt 0.8237 0.2917
f 1988/2310 2096/2538 1866/2385
f 1867/2262 1893/2422 2134/2491
f 1834/2263 2098/2492 1889/2403
f 1906/2350 2134/2491 1956/2332
f 1907/2329 1957/2494 2098/2492
f 1812/2296 2061/2493 1989/2297
f 1835/2264 2027/2452 2040/2495
f 1872/2351 2231/2477 1958/2424
f 1931/2270 1990/2496 2008/2456
f 1960/2425 1991/2498 1992/2522
vt 0.6122 0.2276
f 1909/2311 2138/2539 2064/2426
f 1909/2311 1993/2458 2138/2539
vt 0.6117 0.2912
f 1910/2352 2137/2540 1919/2353
vt 0.6054 0.2272
f 1912/2427 2139/2541 1993/2458
vt 0.6012 0.2278
f 1912/2427 2048/2542 2139/2541
f 1912/2427 1962/2288 2048/2542
f 1962/2288 1963/2386 2048/2542
vt 0.5972 0.2261
f 1963/2386 2235/2543 2048/2542
vt 0.5998 0.2908
f 1994/2354 2140/2544 1891/2355
vt 0.5947 0.2903
f 1891/2355 2140/2544 2101/2545
f 1891/2355 2101/2545 2066/2459
f 1874/2235 2066/2459 2030/2356
f 1933/2387 2168/2502 2068/2479
f 1845/2278 2031/2388 2168/2502
vt 0.5636 0.2919
f 1888/2330 2113/2546 1913/2331
vt 0.5587 0.2926
f 1913/2331 2113/2546 2272/2547
f 1913/2331 2272/2547 1934/2460
vt 0.544 0.234
vt 0.5448 0.2336
f 1943/2389 1998/2548 2071/2549
vt 0.5461 0.2332
f 1943/2389 2071/2549 2072/2550
vt 0.6476 0.8142
f 1936/2359 2000/2551 2073/2503
f 1966/2316 2178/2504 2105/2523
f 1967/2360 2105/2523 1968/2372
f 1818/2338 2171/2525 1915/2286
vt 0.6538 0.7908
f 1915/2286 2171/2525 2146/2552
f 1915/2286 2146/2552 2002/2393
f 1847/2280 1970/2250 2077/2507
vt 0.6718 0.7568
f 1895/2408 1972/2464 2037/2553
vt 0.6667 0.762
f 1803/2321 2043/2554 2204/2510
f 1841/2363 1938/2465 2149/2517
vt 0.2072 0.969
f 2045/2333 1942/2287 2005/2555
f 1853/2364 2082/2513 1941/2472
f 1918/2326 2050/2478 1973/2467
f 1942/2287 1897/2395 2005/2555
f 1836/2275 2100/2520 1963/2386
f 2051/2410 1717/2189 2157/2409
vt 0.7622 0.44
f 1928/2291 2012/2480 2294/2556
f 1928/2291 2294/2556 2125/2376
vt 0.5481 0.2317
vt 0.5496 0.2299
f 1999/2358 2072/2557 2154/2558
f 1999/2358 2154/2558 2239/2404
vt 0.2036 0.997
f 1974/2468 2011/2559 2006/2471
vt 0.6054 0.8803
f 1810/2323 2109/2440 2083/2560
f 1810/2323 2083/2560 2115/2476
vt 0.6057 0.8539
f 1894/2370 1941/2472 2119/2561
vt 0.6145 0.8428
f 1974/2515 1979/2473 2011/2562
vt 0.8829 0.1379
f 2055/2434 2004/2318 2075/2563
f 1944/2365 2015/2527 1857/2340
f 1782/2299 2015/2527 2016/2481
vt 0.7327 0.4036
f 1898/2254 2016/2481 2017/2564
f 1898/2254 2017/2564 1884/2255
vt 0.7281 0.4029
f 1884/2255 2017/2564 2316/2565
f 1946/2223 1978/2443 2018/2482
f 1947/2303 1982/2528 1945/2444
vt 0.7343 0.4951
f 2019/2306 2159/2566 1949/2447
vt 0.6793 0.4025
vt 0.674 0.4031
f 1829/2343 2225/2567 2090/2568
f 1829/2343 2090/2568 1951/2414
vt 0.8872 0.013
f 1951/2416 2090/2569 2007/2417
vt 0.7766 0.2834
f 1903/2418 2092/2487 2091/2570
f 1985/2307 1953/2371 1984/2531
f 1831/2347 2161/2532 2189/2533
f 1953/2371 2129/2534 1984/2531
f 1986/2379 2023/2535 2129/2534
vt 0.8892 0.0347
f 1863/2380 2130/2571 1987/2450
f 1793/2309 1987/2450 2191/2537
f 1864/2381 2025/2420 2093/2536
f 1885/2294 1975/2490 2079/2451
vt 0.8149 0.2913
f 1955/2421 2026/2524 2192/2572
f 1866/2385 2096/2538 2026/2524
f 1988/2310 1889/2403 2096/2538
vt 0.8941 0.0796
f 1956/2332 2134/2491 2060/2573
f 1956/2332 2060/2573 2061/2493
vt 0.6338 0.2908
f 2028/2423 2063/2574 2231/2477
f 1910/2352 1992/2522 2137/2540
vt 0.6075 0.2903
f 1919/2353 2065/2575 1961/2312
f 1919/2353 2137/2540 2065/2575
vt 0.6042 0.2916
f 1961/2312 2029/2576 1994/2354
f 1994/2354 2029/2576 2140/2544
vt 0.5869 0.2913
f 1852/2238 2030/2356 2142/2577
f 1996/2357 1964/2501 1976/2521
f 1976/2521 2113/2546 1888/2330
vt 0.5601 0.2273
f 1997/2399 2032/2578 2010/2428
vt 0.5544 0.2272
f 1997/2399 2239/2404 2152/2579
vt 0.9199 0.1547
f 2071/2580 1998/2430 2200/2462
vt 0.6581 0.7816
f 1746/2251 1969/2392 2034/2581
f 1970/2250 1746/2251 2034/2581
vt 0.6591 0.7783
f 1970/2250 2034/2581 2172/2582
vt 0.6609 0.7759
f 1970/2250 2172/2582 2210/2583
f 1970/2250 2210/2583 2077/2507
vt 0.6624 0.7697
f 1937/2398 2148/2584 2044/2509
vt 0.6653 0.7653
f 2044/2509 2148/2584 2035/2585
f 1971/2508 1808/2320 2036/2518
f 1972/2464 2204/2510 2037/2553
vt 0.863 0.1308
f 1938/2465 2038/2511 2180/2586
vt 0.864 0.1291
f 1938/2465 2180/2586 2205/2587
vt 0.6081 0.8857
f 1895/2405 2037/2588 2109/2440
f 1925/2334 2045/2333 2150/2526
vt 0.2048 0.9728
f 1897/2395 2042/2589 2005/2555
f 1963/2386 2100/2520 2235/2543
f 1856/2374 2043/2554 1803/2321
vt 0.6453 0.8127
f 2000/2551 2052/2590 2073/2503
vt 0.5859 0.228
f 1809/2313 1932/2276 2236/2591
f 1969/2392 2108/2506 2034/2581
f 1894/2370 2119/2561 2009/2438
f 1856/2374 2044/2509 2035/2585
f 1929/2382 2191/2537 2094/2489
f 1916/2396 2115/2476 1977/2512
vt 0.1994 0.9917
f 2050/2478 2006/2471 2049/2592
f 1852/2238 2142/2577 2067/2499
f 1897/2395 2078/2514 2042/2589
vt 0.8888 0.1389
f 1923/2373 2147/2593 2003/2505
vt 0.748 0.4774
f 1981/2302 2086/2529 2262/2594
f 1863/2380 2189/2533 2130/2571
f 1923/2373 2055/2434 2147/2593
vt 0.7633 0.4266
f 1677/2186 2047/2284 2046/2595
f 1677/2186 2046/2595 2175/2437
f 2047/2284 2056/2298 2046/2595
vt 0.7531 0.4133
f 2051/2410 2157/2409 2219/2596
vt 0.75 0.4117
f 1944/2365 2051/2410 2177/2597
vt 0.7612 0.4484
f 2012/2480 1922/2339 2184/2598
f 1922/2339 2014/2336 2184/2598
f 1783/2300 1980/2442 2041/2401
vt 0.7259 0.4003
f 1884/2255 2122/2599 1927/2301
vt 0.7232 0.4016
f 1978/2443 2057/2600 2018/2482
f 1981/2302 2262/2594 1982/2528
f 1921/2304 2126/2483 2086/2529
vt 0.7025 0.3976
f 2127/2407 2058/2445 2221/2601
vt 0.7345 0.4924
f 1983/2342 1949/2447 2264/2602
vt 0.6906 0.3998
f 1900/2256 2224/2603 2020/2484
f 1901/2411 1828/2197 1950/2448
vt 0.7989 0.2883
f 1887/2349 2093/2536 2155/2604
vt 0.8985 0.0824
f 2061/2493 2060/2573 2297/2605
vt 0.8459 0.2948
f 2027/2452 2062/2606 2040/2495
vt 0.8954 0.0905
f 2028/2454 1989/2297 2063/2607
vt 0.6158 0.2254
f 2064/2426 2138/2539 2136/2608
f 1961/2312 2065/2575 2029/2576
f 1809/2313 2236/2591 2102/2519
f 1932/2276 2167/2500 2236/2591
vt 0.5777 0.2934
f 2013/2469 2067/2499 2213/2609
vt 0.5741 0.2947
f 1964/2501 2069/2610 1976/2521
vt 0.5647 0.225
f 2031/2388 2010/2428 2070/2611
f 2010/2428 2032/2578 2070/2611
f 1997/2399 2152/2579 2032/2578
vt 0.5467 0.2895
f 2000/2406 1965/2439 2052/2612
vt 0.8973 0.1424
f 2074/2433 2033/2391 2107/2613
vt 0.8945 0.1406
f 2033/2391 2202/2614 2107/2613
f 2033/2391 2003/2505 2202/2614
f 2004/2318 2076/2463 2075/2563
f 1937/2398 2077/2507 2148/2584
vt 0.879 0.1347
f 2076/2463 1971/2508 2203/2615
f 1856/2374 2035/2585 2043/2554
vt 0.2088 0.9609
f 2038/2441 2150/2526 2180/2616
vt 0.5656 0.2949
f 2113/2546 1976/2521 2288/2617
vt 0.6103 0.8411
f 1979/2473 2244/2618 2011/2562
vt 0.6479 0.7969
f 1968/2372 2105/2523 2106/2619
vt 0.614 0.8401
f 2011/2562 2244/2618 2080/2620
vt 0.2014 0.9951
f 2011/2559 2080/2621 2006/2471
vt 0.2008 0.9765
f 2078/2514 2081/2622 2042/2589
vt 0.5994 0.8643
f 2053/2474 2117/2623 2082/2513
vt 0.7636 0.4321
f 2158/2375 2211/2624 2056/2298
f 1884/2255 2316/2565 2122/2599
f 1927/2301 2122/2599 1978/2443
vt 0.7548 0.4673
f 2084/2397 1945/2444 2183/2625
vt 0.7128 0.3983
f 2085/2377 2018/2482 2263/2626
vt 0.7376 0.4909
f 1948/2378 1983/2342 2088/2627
f 1983/2342 2264/2602 2088/2627
vt 0.6943 0.3996
f 2087/2446 2223/2628 1900/2256
f 1949/2447 2159/2566 2264/2602
f 2019/2306 1901/2411 2159/2566
vt 0.7264 0.4985
f 1901/2411 1950/2448 2289/2629
f 1829/2343 2128/2412 2225/2567
f 1903/2418 2091/2570 1952/2486
vt 0.8906 0.0229
f 2022/2419 2059/2449 2188/2630
vt 0.8921 0.0377
f 2130/2571 2227/2631 1987/2450
f 2024/2488 1887/2349 2155/2604
vt 0.8097 0.2909
f 2025/2420 2095/2384 2133/2632
f 2095/2384 1955/2421 2192/2572
vt 0.8267 0.2946
f 1889/2403 2194/2633 2096/2538
vt 0.8981 0.0746
vt 0.8983 0.0785
f 2134/2491 2327/2634 2097/2635
f 2134/2491 2097/2635 2060/2573
vt 0.8967 0.0897
f 1989/2297 2099/2636 2063/2607
vt 0.6341 0.2273
vt 0.6333 0.2246
f 2027/2637 1930/2455 2062/2638
f 1930/2455 2008/2456 2062/2638
vt 0.6268 0.293
f 1958/2424 2231/2477 2268/2639
vt 0.6213 0.2253
f 1990/2496 1959/2457 2196/2640
f 1958/2424 2268/2639 2135/2497
f 2031/2388 2070/2611 2168/2502
vt 0.5524 0.2922
f 1934/2460 2144/2641 1965/2439
vt 0.0851 0.9948
vt 0.0828 0.9935
vt 0.0862 0.9935
f 2071/2642 2145/2643 2072/2644
vt 0.0846 0.9925
f 2072/2644 2145/2643 2154/2645
vt 0.9062 0.1448
f 1920/2431 2124/2646 2104/2475
f 1968/2372 2106/2619 2171/2525
f 2074/2433 2107/2613 2111/2400
vt 0.8675 0.1266
f 1938/2465 2205/2587 2360/2647
vt 0.2009 0.9877
f 1973/2467 2050/2478 2151/2648
vt 0.2005 0.9829
f 2054/2466 1973/2467 2121/2649
f 2054/2466 2121/2649 2078/2514
vt 0.6076 0.8466
f 2009/2438 2176/2650 1979/2473
vt 0.6443 0.8085
f 2178/2504 2073/2503 2215/2651
vt 0.7571 0.4571
f 2041/2401 1980/2442 2338/2652
f 2045/2333 2005/2555 2150/2526
f 1920/2431 2001/2432 2124/2646
vt 0.2019 0.9725
f 2042/2589 2081/2622 2112/2653
vt 0.6459 0.8013
f 2105/2523 2178/2504 2303/2654
vt 0.6 0.861
f 2082/2513 2206/2655 1941/2472
vt 0.203 0.9689
f 2042/2589 2112/2653 2114/2656
vt 0.6009 0.8735
f 1977/2512 2115/2476 2174/2657
vt 0.5999 0.8708
f 1977/2512 2174/2657 2116/2658
f 2053/2474 1977/2512 2116/2658
vt 0.9132 0.1462
f 2104/2475 2275/2659 2039/2390
vt 0.9102 0.1444
f 2104/2475 2123/2660 2275/2659
f 2013/2469 2213/2609 1964/2501
vt 0.8934 0.0523
f 2094/2489 2191/2537 2132/2661
f 2042/2589 2114/2656 2005/2555
vt 0.6045 0.849
f 2009/2438 2118/2662 2176/2650
vt 0.6054 0.8824
f 2083/2560 2109/2440 2208/2663
f 2009/2438 2119/2561 2118/2662
vt 0.8955 0.0649
f 1893/2422 2079/2451 2120/2664
f 2006/2471 2080/2621 2049/2592
vt 0.631 0.223
f 2008/2456 2153/2665 2062/2638
vt 0.5784 0.2233
f 1995/2277 2068/2479 2315/2666
f 1978/2443 2122/2599 2057/2600
f 2104/2475 2124/2646 2123/2660
vt 0.2044 0.9654
f 2005/2555 2114/2656 2284/2667
vt 0.8063 0.2902
f 2093/2536 2025/2420 2162/2668
vt 0.8956 0.058
f 1975/2490 2389/2669 2079/2451
f 2051/2410 2219/2596 2177/2597
f 1944/2365 2177/2597 2015/2527
vt 0.7589 0.4524
f 2014/2336 2041/2401 2220/2670
f 2014/2336 2220/2670 2184/2598
f 2041/2401 2338/2652 2220/2670
vt 0.7549 0.4624
f 1980/2442 2084/2397 2340/2671
f 2084/2397 2183/2625 2340/2671
f 2085/2377 2263/2626 2110/2516
f 2058/2445 2110/2516 2221/2601
vt 0.7389 0.4874
f 2126/2483 1948/2378 2222/2672
f 1948/2378 2088/2627 2222/2672
f 2087/2446 2127/2407 2223/2628
vt 0.7695 0.2823
f 2021/2530 1902/2415 2089/2673
f 1902/2415 1952/2486 2089/2673
vt 0.8909 0.0158
f 2059/2449 2007/2417 2290/2674
f 2059/2449 2290/2674 2188/2630
vt 0.7791 0.2855
f 2092/2487 2226/2675 2091/2570
f 2022/2419 2188/2630 2161/2532
f 2092/2487 1984/2531 2226/2675
vt 0.7952 0.2883
f 2024/2488 2190/2676 2023/2535
f 2024/2488 2155/2604 2190/2676
f 2025/2420 2133/2632 2162/2668
vt 0.8938 0.0553
f 2094/2489 2132/2661 2164/2677
f 2094/2489 2164/2677 1975/2490
f 2095/2384 2192/2572 2133/2632
f 1975/2490 2164/2677 2389/2669
vt 0.8307 0.2944
f 1889/2403 2098/2492 2195/2678
vt 0.8348 0.2946
f 2098/2492 2229/2679 2195/2678
f 2098/2492 1957/2494 2229/2679
f 1989/2297 2061/2493 2099/2636
vt 0.6345 0.2925
vt 0.6334 0.2937
f 2063/2574 2099/2680 2166/2681
f 2063/2574 2166/2681 2231/2477
f 1959/2457 2064/2426 2136/2608
f 1959/2457 2136/2608 2196/2640
vt 0.6194 0.2938
f 1991/2498 2328/2682 1992/2522
f 1993/2458 2139/2541 2138/2539
vt 0.6068 0.2942
f 2065/2575 2293/2683 2029/2576
vt 0.5901 0.2929
f 2066/2459 2141/2684 2030/2356
f 2030/2356 2141/2684 2142/2577
vt 0.5866 0.2245
f 2102/2519 2236/2591 2270/2685
vt 0.5838 0.2957
f 2142/2577 2143/2686 2067/2499
f 2167/2500 1995/2277 2315/2666
f 1964/2501 2213/2609 2069/2610
vt 0.569 0.296
f 1976/2521 2069/2610 2353/2687
vt 0.9204 0.1529
vt 0.9208 0.151
f 2071/2688 2200/2462 2170/2689
f 2073/2503 2052/2590 2215/2651
vt 0.9018 0.143
f 2001/2432 2111/2400 2201/2690
f 2003/2505 2147/2593 2202/2614
vt 0.8853 0.1371
f 2055/2434 2241/2691 2147/2593
f 2055/2434 2075/2563 2241/2691
f 2075/2563 2076/2463 2203/2615
f 2077/2507 2210/2583 2148/2584
vt 0.6065 0.8857
f 2037/2588 2173/2692 2109/2440
vt 0.6681 0.7546
f 2037/2553 2204/2510 2173/2693
vt 0.6006 0.8568
f 1941/2472 2217/2694 2119/2561
f 2151/2648 2050/2478 2049/2592
f 1889/2403 2195/2678 2194/2633
vt 0.5982 0.8669
f 2053/2474 2182/2695 2117/2623
vt 0.1995 0.9803
f 2078/2514 2121/2649 2245/2696
f 2111/2400 2107/2613 2201/2690
f 1941/2472 2206/2655 2217/2694
vt 0.8965 0.069
f 2134/2491 2296/2697 2327/2634
vt 0.6038 0.8787
f 2115/2476 2083/2560 2216/2698
f 2082/2513 2117/2623 2206/2655
vt 0.736 0.4071
f 2016/2481 2015/2527 2260/2699
vt 0.599 0.8688
f 2116/2658 2156/2700 2053/2474
f 2053/2474 2156/2700 2182/2695
vt 0.5587 0.2244
f 2032/2578 2152/2579 2199/2701
f 1900/2256 2223/2628 2224/2603
vt 0.1996 0.9743
f 2081/2622 2156/2702 2112/2653
vt 0.6106 0.8375
f 2080/2620 2244/2618 2285/2703
vt 0.6022 0.8763
f 2115/2476 2181/2704 2174/2657
vt 0.6023 0.8527
f 2119/2561 2243/2705 2118/2662
f 2005/2555 2284/2667 2150/2526
vt 0.7415 0.4082
f 2015/2527 2259/2706 2260/2699
vt 0.6854 0.4023
f 2020/2484 2224/2603 2218/2707
vt 0.7271 0.4955
f 2159/2566 1901/2411 2320/2708
f 2020/2484 2218/2707 2128/2412
vt 0.6812 0.4048
f 2128/2412 2218/2707 2384/2709
vt 0.722 0.4996
f 1950/2448 2021/2485 2186/2710
vt 0.6766 0.4049
f 2225/2567 2160/2711 2090/2568
vt 0.7185 0.5027
f 2021/2485 2187/2712 2186/2710
vt 0.674 0.4051
f 2090/2568 2160/2711 2265/2713
vt 0.7205 0.5051
f 2021/2485 2089/2714 2187/2712
f 2007/2417 2090/2569 2290/2674
vt 0.7886 0.2893
f 2129/2534 2023/2535 2324/2715
vt 0.8925 0.0328
f 2130/2571 2313/2716 2227/2631
vt 0.7927 0.2904
f 2023/2535 2190/2676 2295/2717
vt 0.8934 0.0423
f 1987/2450 2228/2718 2191/2537
vt 0.8016 0.2908
f 2155/2604 2093/2536 2131/2719
f 2093/2536 2162/2668 2131/2719
vt 0.8942 0.0488
f 2132/2661 2191/2537 2163/2720
f 2134/2491 1893/2422 2296/2697
f 2060/2573 2097/2635 2297/2605
vt 0.8989 0.0871
f 2061/2493 2165/2721 2099/2636
vt 0.614 0.2235
f 2136/2608 2138/2539 2232/2722
vt 0.6066 0.2231
f 2138/2539 2233/2723 2232/2722
f 2138/2539 2139/2541 2233/2723
vt 0.6024 0.2943
f 2140/2544 2029/2576 2209/2724
vt 0.6 0.2236
f 2048/2542 2235/2543 2197/2725
vt 0.5974 0.2941
f 2101/2545 2140/2544 2234/2726
f 2101/2545 2141/2684 2066/2459
vt 0.5527 0.2975
vt 0.5491 0.2961
f 2144/2641 2366/2727 2169/2728
f 1965/2439 2144/2641 2052/2612
vt 0.5438 0.2328
vt 0.5421 0.2318
vt 0.5438 0.2324
f 2071/2729 2170/2730 2145/2731
vt 0.6428 0.812
f 2052/2590 2240/2732 2215/2651
f 2103/2470 2039/2390 2275/2659
f 2001/2432 2201/2690 2124/2646
vt 0.8996 0.1397
f 2107/2613 2308/2733 2201/2690
f 2002/2393 2146/2552 2108/2506
vt 0.6543 0.777
f 2034/2581 2358/2734 2172/2582
vt 0.66 0.766
f 2035/2585 2148/2584 2400/2735
vt 0.8767 0.1309
f 1971/2508 2036/2518 2280/2736
f 1971/2508 2280/2736 2203/2615
vt 0.6622 0.7619
f 2035/2585 2214/2737 2043/2554
f 2109/2440 2173/2692 2208/2663
f 2119/2561 2217/2694 2243/2705
f 2115/2476 2216/2698 2181/2704
f 1973/2467 2151/2648 2121/2649
vt 0.2005 0.9696
f 2112/2653 2174/2738 2114/2656
vt 0.1994 0.9723
f 2112/2653 2156/2702 2116/2739
f 2125/2376 2294/2556 2158/2375
vt 0.1985 0.9958
f 2080/2621 2285/2740 2049/2592
f 2116/2739 2174/2738 2112/2653
f 2078/2514 2245/2696 2081/2622
f 1991/2498 2135/2497 2328/2682
vt 0.8422 0.2974
f 2040/2495 2298/2741 1957/2494
f 1950/2448 2186/2710 2289/2629
vt 0.5486 0.2276
vt 0.5498 0.2267
f 2154/2558 2145/2742 2252/2743
f 2154/2558 2252/2743 2239/2404
f 2130/2571 2189/2533 2313/2716
f 2140/2544 2209/2724 2234/2726
vt 0.198 0.9755
f 2156/2702 2081/2622 2182/2744
vt 0.7454 0.4124
f 2177/2597 2179/2745 2015/2527
vt 0.6061 0.8427
f 1979/2473 2176/2650 2282/2746
f 1979/2473 2282/2746 2244/2618
vt 0.6034 0.2244
f 2139/2541 2048/2542 2269/2747
vt 0.6044 0.8803
f 2083/2560 2283/2748 2216/2698
vt 0.594 0.2955
f 2234/2726 2428/2749 2101/2545
vt 0.2006 0.9678
f 2174/2738 2181/2750 2114/2656
vt 0.7607 0.4267
f 2046/2595 2373/2751 2175/2437
f 1987/2450 2227/2631 2228/2718
vt 0.7597 0.4447
f 2294/2556 2012/2480 2257/2752
vt 0.7557 0.4195
f 2175/2437 2374/2753 2157/2409
f 2016/2481 2260/2699 2017/2564
f 1980/2442 2340/2671 2338/2652
vt 0.7062 0.3999
f 2110/2516 2319/2754 2221/2601
vt 0.7405 0.4831
f 2126/2483 2256/2755 2086/2529
f 2126/2483 2222/2672 2256/2755
vt 0.6989 0.4
f 2127/2407 2221/2601 2185/2756
f 2127/2407 2185/2756 2223/2628
f 1901/2411 2289/2629 2320/2708
f 2128/2412 2384/2709 2225/2567
vt 0.771 0.2856
vt 0.7667 0.284
f 2089/2673 2346/2757 2187/2758
f 1952/2486 2091/2570 2346/2757
vt 0.8983 0.0606
f 2389/2669 2193/2759 2079/2451
vt 0.8167 0.294
f 2026/2524 2254/2760 2192/2572
f 2026/2524 2096/2538 2254/2760
f 1893/2422 2120/2664 2296/2697
vt 0.8377 0.2976
f 2229/2679 1957/2494 2247/2761
f 2040/2495 2062/2606 2298/2741
vt 0.8463 0.2984
f 2062/2606 2230/2762 2298/2741
vt 0.8989 0.09
f 2099/2636 2165/2721 2166/2763
vt 0.6277 0.2229
f 2008/2456 2255/2764 2153/2665
f 2008/2456 1990/2496 2255/2764
f 2065/2575 2137/2540 2293/2683
f 2048/2542 2197/2725 2269/2747
vt 0.591 0.2254
f 2100/2520 2102/2519 2198/2765
f 2102/2519 2270/2685 2198/2765
vt 0.5815 0.2957
f 2067/2499 2237/2766 2213/2609
vt 0.5698 0.2238
f 2068/2479 2168/2502 2238/2767
f 1976/2521 2353/2687 2288/2617
f 2032/2578 2199/2701 2070/2611
f 1934/2460 2272/2547 2144/2641
vt 0.5465 0.2918
f 2052/2612 2144/2641 2240/2768
vt 0.9214 0.147
f 2170/2689 2200/2462 2403/2769
vt 0.9186 0.1446
f 2103/2470 2275/2659 2447/2770
f 2075/2563 2203/2615 2241/2691
f 1938/2465 2360/2647 2149/2517
vt 0.1976 0.988
f 2151/2648 2049/2592 2292/2771
f 2015/2527 2179/2745 2259/2706
f 2083/2560 2208/2663 2283/2748
f 2101/2545 2428/2749 2141/2684
f 2012/2480 2184/2598 2257/2752
vt 0.5966 0.865
f 2182/2695 2246/2772 2117/2623
f 2121/2649 2151/2648 2292/2771
vt 0.8739 0.1291
f 2280/2736 2036/2518 2337/2773
vt 0.2006 0.9661
f 2114/2656 2181/2750 2212/2774
f 2114/2656 2212/2774 2284/2667
f 2056/2298 2211/2624 2046/2595
vt 0.7297 0.4063
f 2017/2564 2339/2775 2316/2565
vt 0.1973 0.9777
f 2081/2622 2246/2776 2182/2744
f 2081/2622 2245/2696 2246/2776
vt 0.6589 0.7702
f 2148/2584 2210/2583 2332/2777
f 2148/2584 2332/2777 2400/2735
vt 0.6029 0.8786
vt 0.6019 0.8773
f 2181/2704 2283/2778 2212/2779
vt 0.7512 0.469
f 1945/2444 2317/2780 2183/2625
f 2181/2704 2216/2698 2283/2778
vt 0.6628 0.7578
f 2043/2554 2214/2737 2207/2781
f 2067/2499 2143/2686 2237/2766
vt 0.7194 0.4028
f 2018/2482 2057/2600 2261/2782
f 2105/2523 2303/2654 2106/2619
vt 0.6687 0.7516
vt 0.6652 0.7511
f 2208/2783 2173/2693 2361/2784
vt 0.7606 0.4365
f 2211/2624 2158/2375 2305/2785
vt 0.748 0.4146
f 2177/2597 2405/2786 2179/2745
vt 0.7574 0.4494
f 2184/2598 2220/2670 2258/2787
vt 0.752 0.465
f 2340/2671 2183/2625 2341/2788
f 2122/2599 2316/2565 2057/2600
f 1945/2444 1982/2528 2317/2780
vt 0.7112 0.402
f 2263/2626 2379/2789 2110/2516
vt 0.7349 0.489
f 2222/2672 2088/2627 2342/2790
f 2088/2627 2264/2602 2342/2790
vt 0.7296 0.4931
f 2264/2602 2159/2566 2382/2791
f 2159/2566 2320/2708 2382/2791
vt 0.7184 0.4998
f 2186/2710 2187/2712 2409/2792
vt 0.8899 0.0129
f 2090/2569 2265/2793 2290/2674
f 2089/2673 1952/2486 2346/2757
vt 0.7763 0.2888
f 2091/2570 2418/2794 2346/2757
vt 0.7835 0.2898
f 1984/2531 2347/2795 2226/2675
vt 0.8949 0.0269
f 2161/2532 2458/2796 2189/2533
f 1984/2531 2129/2534 2347/2795
f 2189/2533 2458/2796 2313/2716
f 2023/2535 2295/2717 2324/2715
vt 0.8966 0.0449
f 2191/2537 2228/2718 2387/2797
vt 0.8033 0.2934
f 2162/2668 2348/2798 2131/2719
f 2079/2451 2193/2759 2120/2664
vt 0.8228 0.2962
f 2096/2538 2326/2799 2254/2760
f 1957/2494 2298/2741 2247/2761
f 2061/2493 2297/2605 2165/2721
vt 0.6337 0.2213
f 2062/2638 2153/2665 2230/2800
vt 0.6307 0.2966
f 2231/2477 2267/2801 2268/2639
vt 0.6246 0.2221
f 2255/2764 1990/2496 2392/2802
f 1990/2496 2196/2640 2392/2802
vt 0.6099 0.2946
f 2137/2540 1992/2522 2300/2803
f 2137/2540 2300/2803 2293/2683
f 2100/2520 2198/2765 2235/2543
vt 0.5747 0.2221
f 2068/2479 2302/2804 2315/2666
vt 0.5513 0.2241
f 2152/2579 2239/2404 2434/2805
f 2144/2641 2169/2728 2240/2768
vt 0.0815 0.9934
vt 0.0766 0.9931
f 2170/2806 2251/2807 2145/2643
vt 0.0776 0.9956
f 2170/2806 2273/2808 2251/2807
vt 0.0812 0.9912
f 2145/2643 2251/2807 2252/2809
f 2200/2462 2103/2470 2403/2769
vt 0.6427 0.8035
f 2178/2504 2215/2651 2314/2810
vt 0.649 0.7921
f 2106/2619 2276/2811 2171/2525
vt 0.6502 0.7869
f 2146/2552 2437/2812 2108/2506
vt 0.6528 0.7814
f 2108/2506 2331/2813 2034/2581
f 2035/2585 2400/2735 2214/2737
f 2043/2554 2207/2781 2204/2510
f 2036/2518 2149/2517 2337/2773
vt 0.8645 0.1276
f 2205/2587 2281/2814 2360/2647
vt 0.2085 0.9601
vt 0.2076 0.9599
f 2205/2815 2180/2616 2281/2816
vt 0.2052 0.9613
f 2180/2616 2150/2526 2242/2817
vt 0.1965 0.9838
f 2121/2649 2292/2771 2286/2818
vt 0.5877 0.2963
f 2142/2577 2141/2684 2431/2819
f 2158/2375 2294/2556 2305/2785
vt 0.9222 0.1479
f 2170/2689 2403/2769 2273/2820
vt 0.6566 0.7744
f 2172/2582 2248/2821 2210/2583
vt 0.8844 0.1322
f 2203/2615 2279/2822 2241/2691
vt 0.5965 0.8612
f 2206/2655 2117/2623 2287/2823
f 2206/2655 2287/2823 2217/2694
vt 0.2012 0.9651
vt 0.203 0.9636
f 2284/2667 2250/2824 2309/2825
vt 0.6173 0.2219
vt 0.6208 0.2215
f 2196/2640 2364/2826 2393/2827
f 2284/2667 2212/2774 2250/2824
f 2139/2541 2269/2747 2233/2723
f 2150/2526 2284/2667 2242/2817
vt 0.0741 0.9905
f 2252/2809 2251/2807 2253/2828
f 2211/2624 2373/2751 2046/2595
vt 0.7612 0.4312
f 2211/2624 2370/2829 2373/2751
vt 0.6019 0.8785
f 2212/2779 2283/2778 2250/2830
f 2146/2552 2171/2525 2276/2811
f 2117/2623 2246/2772 2287/2823
f 2236/2591 2167/2500 2270/2685
f 2178/2504 2314/2810 2303/2654
f 2180/2616 2242/2817 2281/2816
vt 0.7168 0.4041
f 2263/2626 2018/2482 2545/2831
vt 0.7578 0.4225
f 2175/2437 2478/2832 2374/2753
vt 0.7509 0.4182
f 2157/2409 2374/2753 2453/2833
f 2157/2409 2453/2833 2219/2596
f 2219/2596 2453/2833 2405/2786
f 2219/2596 2405/2786 2177/2597
f 2184/2598 2258/2787 2257/2752
vt 0.7557 0.4541
f 2220/2670 2338/2652 2378/2834
f 2183/2625 2317/2780 2341/2788
vt 0.747 0.4731
f 2317/2780 1982/2528 2249/2835
f 2018/2482 2261/2782 2545/2831
f 1982/2528 2262/2594 2249/2835
vt 0.7417 0.4794
f 2262/2594 2086/2529 2407/2836
vt 0.7037 0.4018
f 2319/2754 2413/2837 2221/2601
f 2221/2601 2413/2837 2185/2756
vt 0.699 0.4024
f 2185/2756 2413/2837 2343/2838
vt 0.6917 0.4026
f 2223/2628 2381/2839 2224/2603
f 2224/2603 2381/2839 2218/2707
vt 0.6747 0.409
f 2160/2711 2550/2840 2265/2713
vt 0.8938 0.018
f 2188/2630 2290/2674 2322/2841
f 2188/2630 2458/2796 2161/2532
vt 0.8961 0.0403
f 2227/2631 2266/2842 2228/2718
vt 0.7974 0.2949
f 2190/2676 2155/2604 2501/2843
f 2191/2537 2387/2797 2163/2720
vt 0.8138 0.2967
f 2133/2632 2192/2572 2325/2844
vt 0.8992 0.0651
f 2120/2664 2193/2759 2422/2845
f 2296/2697 2120/2664 2422/2845
vt 0.8307 0.2985
f 2195/2678 2229/2679 2502/2846
f 2166/2681 2267/2801 2231/2477
f 2196/2640 2393/2827 2392/2802
vt 0.625 0.2968
f 2135/2497 2268/2639 2391/2847
vt 0.6157 0.296
f 1992/2522 2328/2682 2394/2848
f 1992/2522 2394/2848 2300/2803
vt 0.6099 0.2198
f 2232/2722 2233/2723 2464/2849
f 2029/2576 2293/2683 2209/2724
vt 0.5964 0.2225
f 2235/2543 2198/2765 2351/2850
vt 0.5924 0.2223
f 2198/2765 2301/2851 2351/2850
f 2142/2577 2431/2819 2143/2686
vt 0.5785 0.2991
f 2213/2609 2237/2766 2395/2852
f 2068/2479 2238/2767 2302/2804
vt 0.5732 0.2975
f 2353/2687 2069/2610 2329/2853
f 2168/2502 2070/2611 2238/2767
vt 0.5599 0.2968
f 2113/2546 2288/2617 2271/2854
f 2113/2546 2271/2854 2272/2547
vt 0.5557 0.2968
f 2272/2547 2271/2854 2291/2855
f 2239/2404 2252/2743 2434/2805
vt 0.6395 0.81
f 2240/2732 2274/2856 2215/2651
f 2103/2470 2447/2770 2403/2769
vt 0.903 0.1396
f 2124/2646 2201/2690 2356/2857
vt 0.8973 0.1379
f 2202/2614 2277/2858 2107/2613
f 2108/2506 2437/2812 2331/2813
vt 0.8911 0.1356
f 2202/2614 2147/2593 2357/2859
f 2202/2614 2357/2859 2277/2858
vt 0.8874 0.134
f 2147/2593 2241/2691 2278/2860
f 2241/2691 2279/2822 2278/2860
f 2210/2583 2248/2821 2332/2777
vt 0.8735 0.1264
f 2149/2517 2446/2861 2337/2773
f 2149/2517 2360/2647 2446/2861
vt 0.5956 0.8583
f 2217/2694 2287/2823 2363/2862
f 2121/2649 2286/2818 2245/2696
f 2196/2640 2136/2608 2364/2826
vt 0.6633 0.7539
f 2173/2693 2204/2510 2411/2863
vt 0.1956 0.9793
f 2246/2776 2245/2696 2310/2864
f 2129/2534 2324/2715 2347/2795
f 2107/2613 2277/2858 2308/2733
vt 0.6223 0.2979
f 2328/2682 2135/2497 2350/2865
vt 0.5949 0.8628
f 2246/2772 2310/2866 2287/2823
vt 0.5834 0.2209
f 2167/2500 2315/2666 2491/2867
vt 0.6037 0.8441
f 2176/2650 2118/2662 2372/2868
f 2176/2650 2372/2868 2282/2746
vt 0.2008 0.9638
f 2250/2824 2312/2869 2309/2825
vt 0.9072 0.1404
f 2124/2646 2436/2870 2123/2660
vt 0.1944 0.9818
f 2286/2818 2334/2871 2245/2696
f 2144/2641 2272/2547 2291/2855
f 2144/2641 2291/2855 2366/2727
vt 0.6681 0.7484
vt 0.6649 0.7475
vt 0.6682 0.7458
f 2283/2872 2333/2873 2250/2874
vt 0.6033 0.8384
f 2282/2746 2499/2875 2244/2618
vt 0.8076 0.2949
f 2348/2798 2162/2668 2388/2876
f 2160/2711 2225/2567 2384/2709
f 2175/2437 2373/2751 2478/2832
vt 0.7586 0.4406
f 2257/2752 2375/2877 2294/2556
vt 0.7425 0.414
f 2179/2745 2377/2878 2259/2706
vt 0.7386 0.4118
f 2259/2706 2412/2879 2260/2699
f 2220/2670 2378/2834 2258/2787
f 2110/2516 2379/2789 2319/2754
f 2086/2529 2256/2755 2407/2836
f 2185/2756 2343/2838 2223/2628
f 2223/2628 2343/2838 2381/2839
vt 0.6884 0.4047
f 2381/2839 2383/2880 2218/2707
vt 0.685 0.4052
f 2218/2707 2383/2880 2415/2881
f 2218/2707 2415/2881 2384/2709
vt 0.6727 0.4088
f 2265/2713 2550/2840 2321/2882
vt 0.891 0.0126
f 2265/2793 2321/2883 2290/2674
f 2091/2570 2226/2675 2418/2794
vt 0.8966 0.037
f 2227/2631 2445/2884 2266/2842
f 2190/2676 2501/2843 2295/2717
vt 0.8988 0.0467
f 2132/2661 2163/2720 2522/2885
vt 0.8988 0.0523
f 2132/2661 2522/2885 2524/2886
f 2162/2668 2133/2632 2388/2876
f 2132/2661 2524/2886 2164/2677
f 2192/2572 2254/2760 2325/2844
f 2096/2538 2194/2633 2326/2799
vt 0.9017 0.0733
f 2296/2697 2460/2887 2327/2634
f 2194/2633 2195/2678 2502/2846
vt 0.9007 0.0891
f 2165/2721 2299/2888 2166/2763
vt 0.6353 0.2965
f 2166/2681 2299/2889 2267/2801
f 2268/2639 2267/2801 2391/2847
f 2136/2608 2232/2722 2364/2826
f 2235/2543 2351/2850 2197/2725
vt 0.5981 0.298
f 2234/2726 2209/2724 2530/2890
f 2270/2685 2167/2500 2491/2867
f 2213/2609 2395/2852 2069/2610
vt 0.5726 0.2192
f 2238/2767 2510/2891 2302/2804
f 2124/2646 2356/2857 2436/2870
f 2146/2552 2276/2811 2437/2812
f 2173/2693 2411/2863 2361/2784
vt 0.6008 0.8477
f 2118/2662 2243/2705 2311/2892
vt 0.1965 0.9958
f 2285/2740 2304/2893 2049/2592
vt 0.6073 0.8358
f 2244/2618 2499/2875 2304/2894
f 2244/2618 2304/2894 2285/2703
f 2245/2696 2334/2871 2310/2864
f 2284/2667 2309/2825 2242/2817
vt 0.5981 0.8546
f 2217/2694 2306/2895 2243/2705
f 2428/2749 2234/2726 2530/2890
vt 0.6303 0.2192
f 2255/2764 2424/2896 2153/2665
f 2201/2690 2308/2733 2356/2857
vt 0.6579 0.7621
f 2214/2737 2400/2735 2441/2897
f 2208/2783 2361/2784 2283/2872
f 2118/2662 2311/2892 2372/2868
vt 0.195 0.9914
f 2049/2592 2307/2898 2292/2771
vt 0.8345 0.3007
f 2229/2679 2247/2761 2526/2899
vt 0.7359 0.4851
f 2256/2755 2222/2672 2380/2900
vt 0.5912 0.2972
f 2428/2749 2430/2901 2141/2684
vt 0.9507 0.8846
vt 0.9517 0.8838
vt 0.9524 0.8854
f 2309/2902 2312/2903 2362/2904
vt 0.6671 0.7458
f 2312/2905 2250/2874 2333/2873
vt 0.8647 0.1271
vt 0.8654 0.1253
f 2360/2647 2281/2906 2369/2907
f 2211/2624 2305/2785 2370/2829
f 2294/2556 2375/2877 2305/2785
vt 0.733 0.4103
f 2017/2564 2260/2699 2480/2908
f 2017/2564 2480/2908 2339/2775
vt 0.7485 0.4675
f 2317/2780 2249/2835 2318/2909
f 2263/2626 2545/2831 2379/2789
vt 0.7426 0.4754
f 2262/2594 2407/2836 2506/2910
f 2262/2594 2506/2910 2249/2835
vt 0.7304 0.4891
f 2264/2602 2344/2911 2342/2790
vt 0.7221 0.4957
f 2320/2708 2289/2629 2416/2912
f 2289/2629 2186/2710 2416/2912
vt 0.7163 0.5013
f 2409/2792 2187/2712 2345/2913
vt 0.7681 0.2868
f 2187/2758 2346/2757 2345/2914
vt 0.8953 0.023
f 2188/2630 2322/2841 2457/2915
f 2188/2630 2457/2915 2458/2796
vt 0.7796 0.2906
f 2226/2675 2347/2795 2323/2916
vt 0.8962 0.0313
f 2313/2716 2419/2917 2227/2631
f 2227/2631 2419/2917 2445/2884
f 2155/2604 2131/2719 2501/2843
f 2131/2719 2348/2798 2501/2843
f 2133/2632 2325/2844 2388/2876
f 2164/2677 2524/2886 2389/2669
vt 0.9012 0.069
f 2296/2697 2422/2845 2336/2918
vt 0.8448 0.3
f 2298/2741 2230/2762 2390/2919
f 2153/2665 2424/2896 2230/2800
vt 0.6258 0.2189
f 2255/2764 2392/2802 2474/2920
f 2135/2497 2391/2847 2350/2865
vt 0.6109 0.2988
vt 0.6058 0.2977
f 2300/2803 2426/2921 2465/2922
f 2300/2803 2465/2922 2293/2683
f 2293/2683 2465/2922 2209/2724
f 2141/2684 2430/2901 2431/2819
vt 0.5886 0.2225
f 2198/2765 2270/2685 2352/2923
vt 0.5817 0.2997
f 2143/2686 2492/2924 2237/2766
f 2069/2610 2395/2852 2329/2853
vt 0.5609 0.2204
f 2199/2701 2432/2925 2070/2611
vt 0.5565 0.2204
f 2199/2701 2451/2926 2432/2925
vt 0.5464 0.2949
f 2240/2768 2169/2728 2274/2927
vt 0.5493 0.2214
f 2252/2743 2253/2928 2434/2805
vt 0.6407 0.8056
f 2215/2651 2274/2856 2354/2929
vt 0.9159 0.142
f 2447/2770 2275/2659 2449/2930
f 2215/2651 2354/2929 2314/2810
vt 0.6426 0.7963
f 2303/2654 2355/2931 2106/2619
f 2034/2581 2331/2813 2358/2734
f 2147/2593 2278/2860 2357/2859
f 2172/2582 2358/2734 2248/2821
f 2203/2615 2280/2736 2279/2822
f 2049/2592 2304/2893 2307/2898
vt 0.5849 0.301
f 2143/2686 2431/2819 2532/2932
f 2259/2706 2377/2878 2412/2879
vt 0.9463 0.8871
vt 0.9487 0.8875
vt 0.9473 0.8888
f 2281/2933 2242/2934 2369/2935
vt 0.827 0.2999
f 2194/2633 2335/2936 2326/2799
f 2296/2697 2336/2918 2460/2887
vt 0.5528 0.2214
f 2152/2579 2434/2805 2477/2937
f 2152/2579 2477/2937 2199/2701
vt 0.9035 0.0861
f 2165/2721 2297/2605 2486/2938
vt 0.7556 0.4446
f 2257/2752 2258/2787 2376/2939
f 2217/2694 2363/2862 2306/2895
f 2204/2510 2207/2781 2411/2863
vt 0.6042 0.22
f 2269/2747 2197/2725 2528/2940
f 2299/2888 2165/2721 2486/2938
vt 0.9035 0.0888
f 2299/2888 2486/2938 2487/2941
vt 0.9033 0.0808
f 2297/2605 2527/2942 2486/2938
vt 0.6354 0.2994
vt 0.6333 0.2998
f 2299/2889 2487/2943 2488/2944
f 2299/2889 2488/2944 2267/2801
vt 0.6182 0.2984
f 2328/2682 2350/2865 2463/2945
f 2313/2716 2458/2796 2419/2917
vt 0.9504 0.8859
vt 0.9509 0.8892
f 2242/2934 2309/2946 2497/2947
f 2229/2679 2526/2899 2502/2846
vt 0.5935 0.8612
f 2310/2866 2371/2948 2287/2823
vt 0.194 0.9802
f 2310/2864 2334/2871 2371/2949
f 2283/2872 2361/2784 2333/2873
f 2297/2605 2097/2635 2527/2942
vt 0.5965 0.852
f 2243/2705 2498/2950 2311/2892
f 2257/2752 2376/2939 2375/2877
vt 0.7513 0.4564
f 2340/2671 2604/2951 2338/2652
vt 0.7507 0.4608
f 2341/2788 2472/2952 2340/2671
f 2341/2788 2317/2780 2318/2909
vt 0.7075 0.4049
f 2319/2754 2482/2953 2413/2837
f 2264/2602 2382/2791 2344/2911
vt 0.6777 0.4098
f 2384/2709 2549/2954 2160/2711
f 2160/2711 2549/2954 2550/2840
vt 0.7715 0.2898
f 2418/2794 2385/2955 2346/2757
f 2418/2794 2226/2675 2323/2916
vt 0.7938 0.2948
f 2501/2843 2420/2956 2295/2717
f 2228/2718 2266/2842 2387/2797
f 2163/2720 2387/2797 2522/2885
vt 0.8216 0.2983
f 2326/2799 2349/2957 2254/2760
f 2194/2633 2502/2846 2335/2936
f 2328/2682 2463/2945 2394/2848
f 2394/2848 2426/2921 2300/2803
f 2233/2723 2269/2747 2528/2940
f 2198/2765 2352/2923 2301/2851
f 2199/2701 2477/2937 2451/2926
vt 0.9132 0.1407
f 2275/2659 2494/2958 2449/2930
vt 0.6462 0.7908
f 2276/2811 2106/2619 2443/2959
f 2276/2811 2443/2959 2437/2812
vt 0.6495 0.778
f 2358/2734 2331/2813 2439/2960
vt 0.6544 0.7718
f 2332/2777 2248/2821 2467/2961
vt 0.8779 0.1269
f 2280/2736 2337/2773 2565/2962
vt 0.6568 0.7589
f 2207/2781 2214/2737 2359/2963
vt 0.8702 0.1238
f 2446/2861 2360/2647 2469/2964
f 2309/2946 2362/2904 2497/2947
vt 0.6656 0.7457
f 2312/2905 2333/2873 2362/2965
f 2243/2705 2306/2895 2498/2950
vt 0.6191 0.2167
f 2393/2827 2364/2826 2462/2966
vt 0.194 0.9875
f 2292/2771 2307/2898 2452/2967
vt 0.5776 0.2195
f 2315/2666 2365/2968 2491/2867
f 2237/2766 2492/2924 2395/2852
vt 0.5921 0.8597
f 2287/2823 2450/2969 2363/2862
vt 0.5638 0.2992
f 2288/2617 2353/2687 2433/2970
vt 0.5937 0.8554
f 2306/2895 2363/2862 2367/2971
f 2319/2754 2379/2789 2482/2953
vt 0.891 0.1326
f 2357/2859 2278/2860 2368/2972
f 2326/2799 2335/2936 2349/2957
vt 0.8046 0.2969
f 2348/2798 2388/2876 2485/2973
vt 0.9007 0.1356
f 2308/2733 2277/2858 2330/2974
vt 0.0734 0.9952
f 2251/2807 2273/2808 2404/2975
f 2143/2686 2532/2932 2492/2924
f 2287/2823 2371/2948 2450/2969
vt 0.5655 0.2186
f 2238/2767 2070/2611 2396/2976
f 2123/2660 2494/2958 2275/2659
vt 0.5868 0.2197
f 2270/2685 2490/2977 2352/2923
vt 0.7548 0.434
f 2370/2829 2305/2785 2511/2978
vt 0.7533 0.4514
f 2378/2834 2479/2979 2258/2787
f 2378/2834 2338/2652 2604/2951
f 2340/2671 2472/2952 2604/2951
vt 0.7255 0.4069
f 2339/2775 2401/2980 2316/2565
vt 0.7464 0.4633
f 2341/2788 2318/2909 2638/2981
vt 0.7008 0.4048
f 2413/2837 2547/2982 2343/2838
f 2222/2672 2342/2790 2380/2900
vt 0.6915 0.4063
f 2381/2839 2343/2838 2455/2983
vt 0.893 0.0127
vt 0.8962 0.0151
f 2290/2674 2321/2984 2442/2985
f 2290/2674 2442/2985 2322/2841
f 2345/2914 2346/2757 2385/2955
vt 0.8979 0.0215
f 2322/2841 2552/2986 2457/2915
vt 0.7902 0.2964
vt 0.7869 0.2953
f 2324/2715 2386/2987 2459/2988
f 2324/2715 2295/2717 2386/2987
f 2254/2760 2349/2957 2325/2844
f 2097/2635 2327/2634 2527/2942
vt 0.841 0.3009
f 2298/2741 2503/2989 2247/2761
f 2298/2741 2390/2919 2503/2989
vt 0.6346 0.2192
f 2230/2800 2424/2896 2390/2990
f 2255/2764 2474/2920 2424/2896
vt 0.6021 0.3001
f 2209/2724 2465/2922 2489/2991
f 2209/2724 2489/2991 2530/2890
vt 0.598 0.2187
f 2351/2850 2586/2992 2197/2725
f 2315/2666 2302/2804 2365/2968
f 2238/2767 2396/2976 2510/2891
vt 0.5698 0.3008
f 2353/2687 2329/2853 2607/2993
vt 0.5669 0.3014
f 2353/2687 2607/2993 2600/2994
f 2070/2611 2432/2925 2396/2976
f 2288/2617 2433/2970 2271/2854
vt 0.5467 0.2971
f 2169/2728 2397/2995 2274/2927
f 2303/2654 2314/2810 2355/2931
f 2106/2619 2355/2931 2443/2959
vt 0.6465 0.7866
f 2437/2812 2443/2959 2495/2996
vt 0.8946 0.1332
vt 0.8992 0.1329
f 2277/2858 2398/2997 2594/2998
f 2277/2858 2357/2859 2398/2997
vt 0.6499 0.7816
f 2331/2813 2437/2812 2438/2999
vt 0.8803 0.1261
f 2279/2822 2280/2736 2641/3000
vt 0.8836 0.1271
f 2279/2822 2641/3000 2399/3001
vt 0.8665 0.1233
f 2360/2647 2369/2907 2468/3002
f 2308/2733 2330/2974 2356/2857
f 2316/2565 2401/2980 2057/2600
f 2324/2715 2459/2988 2347/2795
vt 0.1939 0.9957
f 2304/2893 2444/3003 2307/2898
vt 0.6513 0.7747
f 2248/2821 2358/2734 2538/3004
f 2248/2821 2538/3004 2467/2961
vt 0.6601 0.7522
f 2411/2863 2402/3005 2361/2784
f 2292/2771 2452/2967 2286/2818
vt 0.9236 0.1444
f 2273/2820 2403/2769 2404/3006
f 2179/2745 2405/2786 2377/2878
vt 0.6139 0.2184
f 2232/2722 2464/2849 2558/3007
f 2232/2722 2558/3007 2364/2826
vt 0.6964 0.4069
f 2343/2838 2406/3008 2455/2983
vt 0.7218 0.4074
f 2057/2600 2544/3009 2261/2782
vt 0.5989 0.8423
f 2282/2746 2613/3010 2499/2875
vt 0.7579 0.4307
f 2370/2829 2577/3011 2373/2751
vt 0.9542 0.8857
vt 0.9539 0.8887
f 2362/2904 2470/3012 2509/3013
f 2433/2970 2353/2687 2600/2994
vt 0.5833 0.2186
f 2491/2867 2365/2968 2408/3014
f 2436/2870 2494/2958 2123/2660
vt 0.9092 0.137
f 2436/2870 2563/3015 2494/2958
f 2242/2934 2497/2947 2369/2935
vt 0.681 0.4088
f 2384/2709 2415/2881 2456/3016
vt 0.5573 0.3001
f 2271/2854 2410/3017 2291/2855
vt 0.7552 0.4404
f 2305/2785 2576/3018 2511/2978
vt 0.7462 0.4176
f 2405/2786 2453/2833 2513/3019
f 2305/2785 2375/2877 2576/3018
f 2341/2788 2638/2981 2472/2952
f 2057/2600 2401/2980 2544/3009
vt 0.7455 0.4696
f 2318/2909 2249/2835 2481/3020
vt 0.7373 0.4809
f 2407/2836 2256/2755 2508/3021
f 2256/2755 2380/2900 2508/3021
vt 0.7314 0.4866
f 2380/2900 2342/2790 2517/3022
f 2342/2790 2344/2911 2517/3022
f 2381/2839 2455/2983 2383/2880
vt 0.7244 0.4919
vt 0.7259 0.4893
f 2382/2791 2414/3023 2614/3024
f 2382/2791 2614/3024 2344/2911
vt 0.6864 0.4079
f 2383/2880 2483/3025 2415/2881
f 2382/2791 2320/2708 2414/3023
vt 0.6723 0.4116
f 2321/2882 2550/2840 2518/3026
vt 0.7682 0.2912
f 2345/2914 2385/2955 2417/3027
vt 0.7759 0.2927
f 2418/2794 2583/3028 2385/2955
f 2295/2717 2420/2956 2386/2987
vt 0.798 0.2995
f 2501/2843 2348/2798 2654/3029
vt 0.8082 0.3002
f 2388/2876 2325/2844 2421/3030
vt 0.9023 0.057
f 2389/2669 2524/2886 2619/3031
f 2193/2759 2389/2669 2619/3031
vt 0.9047 0.0758
f 2460/2887 2423/3032 2327/2634
f 2327/2634 2423/3032 2527/2942
vt 0.8439 0.3022
f 2503/2989 2390/2919 2504/3033
vt 0.6333 0.2158
f 2390/2990 2424/2896 2461/3034
vt 0.6278 0.3002
f 2267/2801 2585/3035 2391/2847
f 2392/2802 2393/2827 2474/2920
f 2391/2847 2585/3035 2350/2865
f 2364/2826 2558/3007 2462/2966
vt 0.6168 0.3009
f 2394/2848 2463/2945 2425/3036
f 2394/2848 2425/3036 2426/2921
f 2233/2723 2528/2940 2464/2849
f 2197/2725 2586/2992 2528/2940
vt 0.5935 0.2179
f 2301/2851 2427/3037 2351/2850
vt 0.5888 0.2183
f 2352/2923 2429/3038 2301/2851
f 2352/2923 2490/2977 2429/3038
f 2302/2804 2510/2891 2365/2968
vt 0.5751 0.3015
f 2329/2853 2395/2852 2601/3039
f 2329/2853 2601/3039 2607/2993
f 2433/2970 2410/3017 2271/2854
f 2291/2855 2410/3017 2366/2727
vt 0.6359 0.8073
f 2274/2856 2435/3040 2354/2929
vt 0.9049 0.1354
f 2436/2870 2356/2857 2592/3041
f 2277/2858 2594/2998 2330/2974
f 2357/2859 2368/2972 2398/2997
vt 0.8861 0.1298
f 2279/2822 2448/3042 2278/2860
vt 0.6545 0.7659
f 2332/2777 2467/2961 2440/3043
f 2332/2777 2440/3043 2400/2735
f 2641/3000 2280/2736 2565/2962
f 2360/2647 2468/3002 2469/2964
vt 0.9515 0.8918
vt 0.9474 0.8899
f 2369/2935 2597/3044 2468/3045
vt 0.6617 0.7498
f 2361/2784 2473/3046 2333/2873
vt 0.6633 0.7458
f 2362/2965 2333/2873 2470/3047
vt 0.5951 0.8467
f 2311/2892 2498/2950 2606/3048
f 2282/2746 2372/2868 2613/3010
f 2372/2868 2311/2892 2613/3010
f 2258/2787 2479/2979 2376/2939
vt 0.1922 0.9811
f 2371/2949 2334/2871 2450/3049
vt 0.7128 0.4061
f 2379/2789 2545/2831 2515/3050
vt 0.192 0.9921
f 2307/2898 2444/3003 2500/3051
f 2376/2939 2576/3018 2375/2877
f 2337/2773 2446/2861 2565/2962
f 2260/2699 2412/2879 2480/2908
vt 0.8898 0.1286
f 2278/2860 2448/3042 2628/3052
f 2351/2850 2427/3037 2586/2992
vt 0.8187 0.3011
f 2325/2844 2349/2957 2505/3053
vt 0.8136 0.3012
f 2325/2844 2505/3053 2655/3054
vt 0.7294 0.4103
f 2339/2775 2480/2908 2568/3055
vt 0.638 0.8023
vt 0.6399 0.7996
f 2314/2810 2591/3056 2466/3057
f 2498/2950 2306/2895 2367/2971
vt 0.5904 0.8563
f 2450/2969 2574/3058 2363/2862
vt 0.9026 0.0607
f 2422/2845 2193/2759 2555/3059
f 2370/2829 2511/2978 2577/3011
f 2301/2851 2429/3038 2427/3037
f 2354/2929 2591/3056 2314/2810
f 2363/2862 2574/3058 2367/2971
vt 0.7529 0.423
f 2478/2832 2608/3060 2374/2753
f 2405/2786 2513/3019 2377/2878
f 2378/2834 2604/2951 2479/2979
f 2339/2775 2568/3055 2401/2980
vt 0.7413 0.4727
f 2249/2835 2506/2910 2454/3061
f 2383/2880 2455/2983 2483/3025
vt 0.7206 0.4933
f 2320/2708 2416/2912 2649/3062
f 2320/2708 2649/3062 2414/3023
f 2384/2709 2456/3016 2549/2954
vt 0.7173 0.4958
f 2186/2710 2409/2792 2543/3063
f 2186/2710 2543/3063 2416/2912
vt 0.713 0.4968
f 2409/2792 2345/2913 2650/3064
vt 0.7132 0.5009
vt 0.7115 0.4993
f 2345/2913 2417/3065 2645/3066
f 2345/2913 2645/3066 2650/3064
vt 0.8961 0.0127
f 2321/2984 2518/3067 2442/2985
f 2418/2794 2323/2916 2583/3028
vt 0.7824 0.2946
f 2459/2988 2519/3068 2347/2795
vt 0.899 0.033
f 2445/2884 2419/2917 2484/3069
vt 0.9001 0.0417
f 2266/2842 2445/2884 2521/3070
f 2266/2842 2521/3070 2387/2797
f 2387/2797 2521/3070 2522/2885
vt 0.8013 0.3
f 2348/2798 2485/2973 2675/3071
f 2348/2798 2675/3071 2654/3029
f 2388/2876 2421/3030 2485/2973
vt 0.8376 0.3027
f 2526/2899 2247/2761 2540/3072
f 2247/2761 2503/2989 2540/3072
vt 0.846 0.302
f 2390/2919 2461/3073 2504/3033
f 2267/2801 2488/2944 2585/3035
vt 0.6232 0.2159
f 2393/2827 2611/3074 2474/2920
f 2393/2827 2462/2966 2611/3074
vt 0.6065 0.3012
f 2426/2921 2529/3075 2465/2922
f 2270/2685 2491/2867 2490/2977
f 2314/2810 2466/3057 2355/2931
f 2356/2857 2330/2974 2592/3041
f 2437/2812 2495/2996 2438/2999
f 2331/2813 2438/2999 2439/2960
f 2358/2734 2439/2960 2538/3004
f 2368/2972 2278/2860 2628/3052
f 2279/2822 2399/3001 2448/3042
f 2400/2735 2440/3043 2441/2897
f 2214/2737 2441/2897 2359/2963
vt 0.6565 0.755
f 2207/2781 2667/3076 2411/2863
f 2207/2781 2359/2963 2667/3076
vt 0.8673 0.1216
f 2468/3002 2534/3077 2469/2964
f 2369/2935 2497/2947 2597/3044
f 2362/2904 2509/3013 2497/2947
vt 0.1918 0.9958
f 2444/3003 2476/3078 2500/3051
vt 0.6008 0.8335
f 2304/2894 2499/2875 2541/3079
vt 0.6054 0.8338
f 2304/2894 2541/3079 2444/3080
vt 0.8754 0.1237
f 2446/2861 2469/2964 2471/3081
f 2565/2962 2446/2861 2471/3081
f 2361/2784 2402/3005 2473/3046
vt 0.7571 0.4268
f 2373/2751 2537/3082 2478/2832
vt 0.1924 0.9859
f 2286/2818 2452/2967 2599/3083
vt 0.1922 0.9841
f 2286/2818 2599/3083 2475/3084
f 2286/2818 2475/3084 2334/2871
f 2249/2835 2454/3061 2481/3020
vt 0.6375 0.8103
f 2274/2856 2397/3085 2435/3040
f 2373/2751 2577/3011 2537/3082
f 2261/2782 2544/3009 2545/2831
vt 0.7337 0.4828
f 2508/3021 2380/2900 2507/3086
f 2343/2838 2547/2982 2406/3008
f 2380/2900 2517/3022 2507/3086
f 2415/2881 2483/3025 2456/3016
f 2416/2912 2543/3063 2649/3062
f 2322/2841 2442/2985 2552/2986
f 2457/2915 2552/2986 2458/2796
vt 0.9002 0.0289
f 2458/2796 2584/3087 2419/2917
vt 0.9012 0.0252
f 2458/2796 2552/2986 2617/3088
f 2458/2796 2617/3088 2584/3087
f 2347/2795 2519/3068 2323/2916
vt 0.9004 0.0363
f 2445/2884 2484/3069 2570/3089
vt 0.9019 0.0469
vt 0.9024 0.0512
f 2522/2885 2554/3090 2569/3091
f 2522/2885 2569/3091 2524/2886
f 2325/2844 2655/3054 2421/3030
f 2193/2759 2619/3031 2555/3059
vt 0.9035 0.0651
f 2422/2845 2555/3059 2525/3092
vt 0.8248 0.3027
f 2349/2957 2335/2936 2686/3093
vt 0.9049 0.0709
f 2336/2918 2620/3094 2460/2887
vt 0.6296 0.216
f 2424/2896 2622/3095 2461/3034
vt 0.6235 0.3035
f 2585/3035 2658/3096 2350/2865
vt 0.621 0.3021
f 2350/2865 2557/3097 2463/2945
f 2463/2945 2557/3097 2425/3036
f 2465/2922 2529/3075 2489/2991
vt 0.5915 0.3001
f 2428/2749 2530/2890 2531/3098
f 2428/2749 2531/3098 2430/2901
f 2430/2901 2531/3098 2431/2819
vt 0.5878 0.3005
f 2431/2819 2531/3098 2560/3099
f 2490/2977 2491/2867 2408/3014
vt 0.5698 0.2165
f 2510/2891 2396/2976 2533/3100
vt 0.5466 0.2991
f 2397/2995 2169/2728 2561/3101
vt 0.0691 0.9932
f 2251/2807 2626/3102 2253/2828
vt 0.9226 0.1415
f 2447/2770 2493/3103 2403/2769
f 2354/2929 2435/3040 2591/3056
vt 0.9175 0.1378
f 2449/2930 2590/3104 2447/2770
f 2436/2870 2592/3041 2563/3015
vt 0.6416 0.7886
f 2443/2959 2355/2931 2693/3105
vt 0.6465 0.7805
f 2438/2999 2495/2996 2496/3106
vt 0.948 0.8916
f 2468/3045 2597/3044 2534/3107
vt 0.6604 0.7472
f 2333/2873 2473/3046 2632/3108
f 2333/2873 2632/3108 2470/3047
f 2307/2898 2500/3051 2452/2967
f 2422/2845 2525/3092 2336/2918
f 2424/2896 2474/2920 2622/3095
f 2431/2819 2560/3099 2532/2932
vt 0.1919 0.9882
f 2452/2967 2500/3051 2612/3109
vt 0.7933 0.2991
f 2420/2956 2501/2843 2520/3110
f 2349/2957 2686/3093 2505/3053
vt 0.8876 0.1253
f 2448/3042 2399/3001 2629/3111
f 2434/2805 2253/2928 2477/2937
vt 0.6138 0.3029
f 2426/2921 2425/3036 2623/3112
vt 0.9129 0.1378
f 2494/2958 2563/3015 2562/3113
f 2524/2886 2569/3091 2619/3031
vt 0.9018 0.1316
f 2330/2974 2642/3114 2592/3041
f 2460/2887 2620/3094 2423/3032
f 2311/2892 2606/3048 2613/3010
vt 0.8409 0.3055
f 2503/2989 2723/3115 2540/3072
f 2497/2947 2509/3013 2597/3044
vt 0.8285 0.3034
f 2335/2936 2502/2846 2539/3116
vt 0.1911 0.9822
f 2334/2871 2566/3117 2450/3049
f 2334/2871 2475/3084 2566/3117
f 2374/2753 2608/3060 2453/2833
vt 0.7428 0.4195
f 2377/2878 2513/3019 2575/3118
vt 0.7382 0.4163
f 2377/2878 2514/3119 2412/2879
f 2412/2879 2514/3119 2480/2908
vt 0.7475 0.4581
f 2604/2951 2472/2952 2673/3120
vt 0.7253 0.4114
f 2401/2980 2568/3055 2762/3121
f 2401/2980 2762/3121 2544/3009
f 2318/2909 2481/3020 2638/2981
vt 0.7365 0.4768
f 2407/2836 2671/3122 2506/2910
vt 0.7046 0.4087
f 2413/2837 2516/3123 2547/2982
vt 0.6996 0.4092
f 2406/3008 2547/2982 2740/3124
f 2323/2916 2519/3068 2583/3028
f 2419/2917 2584/3087 2484/3069
f 2420/2956 2520/3110 2386/2987
vt 0.805 0.3006
f 2485/2973 2421/3030 2523/3125
vt 0.8324 0.3049
f 2502/2846 2727/3126 2539/3116
f 2502/2846 2526/2899 2727/3126
f 2503/2989 2504/3033 2723/3115
vt 0.9076 0.0854
f 2486/2938 2527/2942 2677/3127
vt 0.9062 0.088
f 2487/2941 2486/2938 2556/3128
vt 0.6359 0.3015
vt 0.6341 0.3038
f 2487/2943 2556/3129 2676/3130
f 2487/2943 2676/3130 2488/2944
f 2350/2865 2658/3096 2557/3097
vt 0.6025 0.2168
f 2528/2940 2586/2992 2609/3131
vt 0.5829 0.3023
f 2532/2932 2587/3132 2492/2924
vt 0.5768 0.2157
f 2408/3014 2365/2968 2661/3133
vt 0.5829 0.2151
f 2408/3014 2661/3133 2698/3134
f 2395/2852 2492/2924 2587/3132
f 2395/2852 2587/3132 2601/3039
vt 0.559 0.215
vt 0.5627 0.2148
f 2432/2925 2831/3135 2624/3136
vt 0.5602 0.3042
f 2433/2970 2664/3137 2410/3017
vt 0.5496 0.3009
f 2169/2728 2366/2727 2625/3138
f 2169/2728 2625/3138 2561/3101
vt 0.55 0.2179
f 2253/2928 2603/3139 2477/2937
f 2251/2807 2404/2975 2626/3102
vt 0.6355 0.8095
f 2397/3085 2561/3140 2435/3040
f 2404/3006 2403/2769 2493/3103
vt 0.6379 0.7954
f 2355/2931 2466/3057 2730/3141
vt 0.8963 0.1301
f 2398/2997 2595/3142 2594/2998
f 2438/2999 2496/3106 2439/2960
vt 0.869 0.1185
f 2469/2964 2534/3077 2630/3143
vt 0.8739 0.1182
f 2469/2964 2630/3143 2634/3144
vt 0.956 0.8878
f 2470/3012 2535/3145 2509/3013
vt 0.5892 0.8583
f 2450/2969 2566/3146 2574/3058
f 2452/2967 2612/3109 2599/3083
vt 0.5919 0.8505
f 2498/2950 2573/3147 2606/3048
vt 0.6034 0.8325
f 2444/3080 2541/3079 2476/3148
vt 0.5982 0.8375
f 2613/3010 2567/3149 2499/2875
f 2445/2884 2570/3089 2521/3070
f 2409/2792 2650/3064 2543/3063
vt 0.5531 0.3021
f 2366/2727 2734/3150 2625/3138
vt 0.6503 0.7706
f 2467/2961 2538/3004 2564/3151
vt 0.7524 0.4452
f 2479/2979 2578/3152 2376/2939
f 2447/2770 2590/3104 2493/3103
f 2426/2921 2623/3112 2529/3075
f 2330/2974 2594/2998 2642/3114
vt 0.5521 0.2173
f 2451/2926 2477/2937 2536/3153
vt 0.5555 0.2156
f 2451/2926 2536/3153 2716/3154
f 2478/2832 2537/3082 2608/3060
f 2448/3042 2629/3111 2628/3052
f 2335/2936 2539/3116 2686/3093
f 2477/2937 2603/3139 2536/3153
vt 0.5634 0.3031
f 2433/2970 2588/3155 2664/3137
f 2366/2727 2410/3017 2734/3150
f 2498/2950 2367/2971 2573/3147
vt 0.9489 0.8928
f 2597/3044 2596/3156 2534/3107
f 2449/2930 2494/2958 2590/3104
vt 0.6003 0.8314
f 2476/3148 2541/3079 2542/3157
vt 0.7454 0.4222
f 2513/3019 2453/2833 2759/3158
f 2377/2878 2575/3118 2514/3119
vt 0.7493 0.4526
f 2479/2979 2604/2951 2647/3159
vt 0.7169 0.4093
f 2545/2831 2544/3009 2546/3160
f 2545/2831 2546/3160 2515/3050
f 2379/2789 2515/3050 2482/2953
f 2506/2910 2671/3122 2454/3061
f 2413/2837 2482/2953 2516/3123
f 2407/2836 2508/3021 2671/3122
vt 0.7285 0.4821
f 2507/3086 2517/3022 2648/3161
vt 0.6923 0.4089
f 2455/2983 2406/3008 2580/3162
vt 0.7265 0.485
f 2344/2911 2548/3163 2517/3022
f 2344/2911 2614/3024 2548/3163
vt 0.684 0.4113
f 2483/3025 2681/3164 2456/3016
vt 0.6769 0.4151
f 2456/3016 2780/3165 2549/2954
vt 0.6813 0.414
f 2456/3016 2779/3166 2780/3165
vt 0.6727 0.4159
f 2518/3026 2550/2840 2551/3167
vt 0.77 0.2946
f 2385/2955 2583/3028 2683/3168
f 2385/2955 2683/3168 2417/3027
vt 0.9 0.016
f 2442/2985 2682/3169 2552/2986
vt 0.9031 0.0395
f 2521/3070 2570/3089 2553/3170
f 2501/2843 2654/3029 2520/3110
f 2521/3070 2554/3090 2522/2885
f 2485/2973 2523/3125 2675/3071
f 2336/2918 2525/3092 2620/3094
vt 0.9071 0.0792
f 2423/3032 2656/3171 2527/2942
f 2527/2942 2656/3171 2677/3127
f 2486/2938 2677/3127 2556/3128
vt 0.8443 0.3054
f 2504/3033 2639/3172 2723/3115
vt 0.6346 0.2151
vt 0.6342 0.213
f 2504/3173 2461/3034 2639/3174
vt 0.6307 0.3036
f 2488/2944 2676/3130 2605/3175
f 2488/2944 2605/3175 2585/3035
f 2622/3095 2474/2920 2611/3074
vt 0.6114 0.2148
f 2558/3007 2464/2849 2670/3176
vt 0.6047 0.3044
f 2529/3075 2697/3177 2489/2991
vt 0.5961 0.3031
f 2530/2890 2489/2991 2659/3178
f 2530/2890 2659/3178 2531/3098
vt 0.5912 0.2152
f 2429/3038 2559/3179 2427/3037
vt 0.5906 0.3039
f 2531/3098 2733/3180 2560/3099
f 2365/2968 2510/2891 2661/3133
vt 0.5684 0.3053
f 2600/2994 2607/2993 2663/3181
f 2396/2976 2432/2925 2624/3136
f 2432/2925 2451/2926 2831/3135
vt 0.0694 0.9953
f 2404/2975 2643/3182 2626/3102
vt 0.6337 0.8087
f 2435/3040 2561/3140 2589/3183
f 2443/2959 2693/3105 2495/2996
vt 0.906 0.1312
f 2592/3041 2642/3114 2764/3184
f 2467/2961 2564/3151 2440/3043
vt 0.6519 0.7616
f 2440/3043 2802/3185 2441/2897
f 2402/3005 2411/2863 2667/3076
vt 0.8675 0.1197
f 2534/3077 2596/3186 2630/3143
vt 0.6617 0.744
f 2470/3047 2632/3108 2535/3187
f 2499/2875 2567/3149 2541/3079
vt 0.6469 0.7766
f 2538/3004 2439/2960 2627/3188
f 2376/2939 2578/3152 2576/3018
f 2368/2972 2628/3052 2398/2997
vt 0.9249 0.1413
f 2404/3006 2493/3103 2643/3189
vt 0.8209 0.3041
f 2505/3053 2686/3093 2703/3190
vt 0.6071 0.2145
f 2528/2940 2609/3131 2571/3191
vt 0.7417 0.4695
f 2481/3020 2454/3061 2579/3192
f 2433/2970 2600/2994 2588/3155
vt 0.6561 0.7475
f 2632/3108 2473/3046 2722/3193
vt 0.8993 0.0134
f 2518/3067 2581/3194 2442/2985
vt 0.671 0.4152
f 2518/3026 2551/3167 2581/3195
f 2528/2940 2571/3191 2464/2849
f 2526/2899 2540/3072 2727/3126
vt 0.0699 0.989
f 2253/2828 2626/3102 2603/3196
vt 0.6386 0.792
f 2355/2931 2572/3197 2693/3105
f 2355/2931 2730/3141 2572/3197
vt 0.956 0.8918
f 2509/3013 2535/3145 2678/3198
vt 0.8775 0.1212
f 2471/3081 2674/3199 2565/2962
vt 0.98 0.8974
vt 0.9763 0.8991
vt 0.9771 0.8964
f 2612/3200 2811/3201 2599/3202
vt 0.9087 0.0877
f 2556/3128 2677/3127 2621/3203
vt 0.6358 0.3027
vt 0.636 0.3051
f 2556/3204 2621/3205 2676/3130
vt 0.191 0.9902
f 2500/3051 2668/3206 2612/3109
f 2367/2971 2574/3058 2573/3147
vt 0.7488 0.4237
f 2453/2833 2608/3060 2512/3207
f 2513/3019 2759/3158 2575/3118
vt 0.7494 0.4492
f 2578/3152 2479/2979 2640/3208
vt 0.7338 0.4147
f 2480/2908 2514/3119 2646/3209
f 2479/2979 2647/3159 2640/3208
f 2472/2952 2638/2981 2673/3120
vt 0.7431 0.4652
f 2481/3020 2704/3210 2638/2981
f 2517/3022 2548/3163 2648/3161
vt 0.688 0.4109
f 2483/3025 2455/2983 2680/3211
vt 0.7206 0.4893
f 2414/3023 2649/3062 2615/3212
f 2549/2954 2780/3165 2550/2840
f 2550/2840 2780/3165 2551/3167
vt 0.7668 0.2927
f 2417/3027 2683/3168 2645/3213
vt 0.9016 0.02
f 2552/2986 2682/3169 2582/3214
vt 0.7814 0.2988
f 2519/3068 2744/3215 2583/3028
vt 0.9064 0.0535
f 2619/3031 2569/3091 2826/3216
vt 0.9065 0.0623
f 2555/3059 2685/3217 2525/3092
vt 0.6272 0.3041
f 2585/3035 2700/3218 2658/3096
vt 0.6146 0.2147
f 2558/3007 2670/3176 2690/3219
f 2558/3007 2690/3219 2462/2966
vt 0.5969 0.2152
f 2586/2992 2691/3220 2609/3131
vt 0.5866 0.2146
f 2429/3038 2490/2977 2754/3221
f 2490/2977 2408/3014 2754/3221
f 2408/3014 2698/3134 2754/3221
vt 0.5562 0.3043
f 2410/3017 2664/3137 2669/3222
f 2410/3017 2669/3222 2734/3150
vt 0.9209 0.1369
f 2493/3103 2590/3104 2718/3223
f 2494/2958 2562/3113 2590/3104
vt 0.9099 0.1318
f 2563/3015 2592/3041 2593/3224
vt 0.894 0.1267
f 2398/2997 2749/3225 2595/3142
f 2398/2997 2628/3052 2749/3225
f 2565/2962 2674/3199 2641/3000
f 2469/2964 2634/3144 2471/3081
f 2509/3013 2678/3198 2597/3044
vt 0.9747 0.8922
vt 0.9758 0.8945
vt 0.9729 0.8942
f 2566/3226 2475/3227 2598/3228
vt 0.1908 0.9921
f 2500/3051 2633/3229 2668/3206
vt 0.1895 0.9943
f 2500/3051 2476/3078 2631/3230
vt 0.1897 0.9964
f 2476/3078 2542/3231 2631/3230
f 2456/3016 2681/3164 2779/3166
f 2439/2960 2496/3106 2627/3188
vt 0.6483 0.7681
f 2564/3151 2602/3232 2440/3043
vt 0.5773 0.3066
f 2601/3039 2587/3132 2783/3233
vt 0.6316 0.8056
f 2435/3040 2717/3234 2591/3056
f 2481/3020 2579/3192 2704/3210
vt 0.5878 0.3056
f 2560/3099 2733/3180 2692/3235
vt 0.6466 0.7724
f 2538/3004 2750/3236 2564/3151
vt 0.5934 0.8418
f 2606/3048 2846/3237 2613/3010
vt 0.7538 0.4301
f 2537/3082 2577/3011 2699/3238
vt 0.7151 0.4935
f 2543/3063 2650/3064 2706/3239
vt 0.7522 0.4257
f 2537/3082 2699/3238 2736/3240
f 2605/3175 2700/3218 2585/3035
vt 0.6525 0.7588
f 2441/2897 2802/3185 2719/3241
f 2441/2897 2719/3241 2359/2963
f 2531/3098 2659/3178 2733/3180
vt 0.8031 0.3026
f 2675/3071 2523/3125 2725/3242
vt 0.6547 0.7512
f 2402/3005 2775/3243 2473/3046
vt 0.9535 0.8946
f 2597/3044 2610/3244 2596/3156
f 2613/3010 2846/3237 2567/3149
f 2537/3082 2736/3240 2608/3060
f 2453/2833 2512/3207 2759/3158
vt 0.7194 0.4116
f 2544/3009 2857/3245 2546/3160
vt 0.7126 0.4095
f 2515/3050 2546/3160 2777/3246
vt 0.7084 0.4091
f 2482/2953 2816/3247 2516/3123
f 2614/3024 2414/3023 2615/3212
f 2483/3025 2680/3211 2681/3164
vt 0.7172 0.4909
f 2649/3062 2616/3248 2615/3212
vt 0.7093 0.4974
f 2650/3064 2645/3066 2651/3249
f 2442/2985 2581/3194 2682/3169
vt 0.7742 0.2958
f 2683/3168 2583/3028 2652/3250
vt 0.9031 0.0302
f 2584/3087 2709/3251 2484/3069
vt 0.7856 0.2995
f 2459/2988 2618/3252 2519/3068
f 2484/3069 2709/3251 2570/3089
vt 0.7904 0.3022
f 2386/2987 2520/3110 2863/3253
vt 0.9043 0.0433
f 2521/3070 2553/3170 2684/3254
f 2521/3070 2684/3254 2554/3090
vt 0.9074 0.0575
f 2619/3031 2826/3216 2827/3255
f 2555/3059 2827/3255 2685/3217
vt 0.6304 0.2131
f 2622/3095 2729/3256 2461/3034
vt 0.6183 0.2132
f 2712/3257 2462/2966 2690/3219
f 2670/3176 2464/2849 2571/3191
vt 0.6102 0.3051
f 2623/3112 2748/3258 2529/3075
f 2427/3037 2691/3220 2586/2992
f 2429/3038 2754/3221 2559/3179
vt 0.5841 0.3048
f 2587/3132 2532/2932 2660/3259
vt 0.5809 0.3065
f 2587/3132 2660/3259 2829/3260
f 2510/2891 2533/3100 2661/3133
vt 0.567 0.2138
f 2533/3100 2396/2976 2715/3261
f 2451/2926 2716/3154 2831/3135
vt 0.0649 0.9884
vt 0.0679 0.9881
f 2626/3102 2833/3262 2665/3263
f 2626/3102 2665/3263 2603/3196
vt 0.6344 0.7997
f 2591/3056 2738/3264 2466/3057
f 2592/3041 2764/3184 2593/3224
f 2402/3005 2667/3076 2775/3243
vt 0.9513 0.8961
vt 0.9483 0.8949
f 2596/3156 2790/3265 2630/3266
f 2596/3156 2610/3244 2790/3265
f 2473/3046 2775/3243 2722/3193
vt 0.658 0.7436
f 2535/3187 2632/3108 2637/3267
f 2500/3051 2631/3230 2633/3229
vt 0.546 0.3011
f 2561/3101 2625/3138 2589/3268
f 2538/3004 2627/3188 2750/3236
f 2471/3081 2634/3144 2674/3199
vt 0.7528 0.44
f 2576/3018 2578/3152 2679/3269
f 2555/3059 2619/3031 2827/3255
vt 0.9579 0.8892
f 2535/3145 2636/3270 2678/3198
vt 0.6597 0.7428
f 2535/3187 2637/3267 2636/3271
vt 0.9146 0.1335
f 2562/3113 2563/3015 2796/3272
f 2461/3034 2729/3256 2639/3174
vt 0.5657 0.3059
f 2588/3155 2600/2994 2735/3273
vt 0.7317 0.4784
f 2507/3086 2804/3274 2508/3021
vt 0.6485 0.7631
f 2440/3043 2837/3275 2802/3185
f 2440/3043 2602/3232 2837/3275
vt 0.882 0.1218
f 2399/3001 2641/3000 2666/3276
vt 0.6174 0.3051
f 2425/3036 2689/3277 2623/3112
f 2560/3099 2692/3235 2532/2932
vt 0.5744 0.3072
f 2601/3039 2783/3233 2662/3278
vt 0.9724 0.8969
f 2599/3202 2760/3279 2475/3227
vt 0.9721 0.8918
f 2566/3226 2598/3228 2721/3280
vt 0.5864 0.8557
f 2566/3146 2721/3281 2574/3058
f 2597/3044 2678/3198 2610/3244
vt 0.7454 0.4547
f 2604/2951 2673/3120 2635/3282
vt 0.5459 0.3038
f 2589/3268 2625/3138 2644/3283
f 2632/3108 2722/3193 2637/3267
f 2577/3011 2511/2978 2699/3238
vt 0.7518 0.436
f 2511/2978 2576/3018 2739/3284
f 2576/3018 2679/3269 2739/3284
vt 0.7405 0.4212
f 2514/3119 2575/3118 2885/3285
f 2480/2908 2646/3209 2568/3055
f 2604/2951 2635/3282 2647/3159
f 2544/3009 2762/3121 2857/3245
f 2515/3050 2816/3247 2482/2953
f 2671/3122 2508/3021 2804/3274
f 2516/3123 2740/3124 2547/2982
f 2507/3086 2648/3161 2804/3274
f 2455/2983 2580/3162 2680/3211
f 2649/3062 2543/3063 2706/3239
f 2552/2986 2582/3214 2617/3088
f 2583/3028 2744/3215 2652/3250
f 2519/3068 2618/3252 2744/3215
f 2459/2988 2386/2987 2618/3252
vt 0.9053 0.0339
f 2570/3089 2709/3251 2653/3286
vt 0.8163 0.3062
f 2655/3054 2505/3053 2899/3287
vt 0.9098 0.0718
f 2620/3094 2687/3288 2423/3032
vt 0.8357 0.3074
f 2727/3126 2540/3072 2755/3289
vt 0.9104 0.0803
f 2656/3171 2807/3290 2677/3127
vt 0.6232 0.2116
f 2622/3095 2611/3074 2841/3291
vt 0.6273 0.2118
f 2622/3095 2841/3291 2657/3292
f 2622/3095 2657/3292 2729/3256
f 2425/3036 2557/3097 2689/3277
f 2529/3075 2748/3258 2697/3177
vt 0.6034 0.2126
f 2571/3191 2609/3131 2864/3293
vt 0.6009 0.3062
f 2489/2991 2697/3177 2809/3294
f 2489/2991 2809/3294 2659/3178
f 2587/3132 2829/3260 2783/3233
vt 0.5765 0.2128
f 2661/3133 2810/3295 2698/3134
f 2601/3039 2662/3278 2607/2993
f 2607/2993 2662/3278 2663/3181
vt 0.5515 0.3058
f 2625/3138 2785/3296 2644/3283
vt 0.5505 0.2157
f 2603/3139 2665/3297 2536/3153
f 2466/3057 2738/3264 2730/3141
vt 0.6408 0.7836
f 2495/2996 2693/3105 2765/3298
f 2359/2963 2719/3241 2667/3076
vt 0.9076 0.0683
f 2620/3094 2525/3092 2728/3299
f 2427/3037 2559/3179 2691/3220
f 2475/3227 2760/3279 2598/3228
vt 0.7485 0.444
f 2578/3152 2640/3208 2791/3300
vt 0.9804 0.9008
f 2612/3200 2751/3301 2811/3201
vt 0.9813 0.8986
f 2612/3200 2668/3302 2751/3301
f 2562/3113 2796/3272 2590/3104
f 2600/2994 2663/3181 2735/3273
f 2540/3072 2723/3115 2755/3289
vt 0.9086 0.0746
f 2423/3032 2688/3303 2656/3171
vt 0.8088 0.3046
f 2421/3030 2797/3304 2523/3125
f 2423/3032 2687/3288 2688/3303
vt 0.6424 0.7788
f 2627/3188 2496/3106 2834/3305
vt 0.7344 0.473
f 2671/3122 2891/3306 2454/3061
f 2515/3050 2777/3246 2816/3247
f 2435/3040 2589/3183 2717/3234
vt 0.6314 0.808
f 2589/3183 2644/3307 2717/3234
vt 0.9593 0.893
f 2678/3198 2636/3270 2799/3308
f 2496/3106 2495/2996 2765/3298
f 2496/3106 2765/3298 2834/3305
vt 0.6313 0.8007
f 2591/3056 2717/3234 2888/3309
f 2591/3056 2888/3309 2738/3264
f 2611/3074 2462/2966 2712/3257
f 2641/3000 2674/3199 2666/3276
f 2505/3053 2703/3190 2899/3287
vt 0.6498 0.7549
f 2667/3076 2672/3310 2775/3243
vt 0.7291 0.416
f 2646/3209 2726/3311 2568/3055
vt 0.6708 0.4182
f 2581/3195 2551/3167 2772/3312
vt 0.6705 0.4172
f 2581/3195 2772/3312 2707/3313
vt 0.9705 0.8933
f 2598/3228 2702/3314 2721/3280
vt 0.9058 0.0497
f 2569/3091 2746/3315 2826/3216
vt 0.7486 0.437
f 2679/3269 2929/3316 2739/3284
f 2568/3055 2726/3311 2762/3121
vt 0.7223 0.4848
f 2614/3024 2975/3317 2548/3163
f 2614/3024 2615/3212 2975/3317
f 2616/3248 2649/3062 2706/3239
vt 0.7092 0.494
f 2651/3249 2741/3318 2650/3064
vt 0.9008 0.0135
f 2581/3194 2707/3319 2682/3169
vt 0.7983 0.3031
f 2654/3029 2675/3071 2781/3320
vt 0.907 0.047
f 2554/3090 2684/3254 2824/3321
f 2554/3090 2746/3315 2569/3091
f 2554/3090 2824/3321 2746/3315
f 2421/3030 2655/3054 2797/3304
vt 0.8139 0.3046
f 2655/3054 2747/3322 2797/3304
f 2655/3054 2899/3287 2747/3322
f 2525/3092 2685/3217 2728/3299
f 2620/3094 2728/3299 2687/3288
vt 0.8447 0.3077
f 2723/3115 2639/3172 2769/3323
vt 0.6311 0.21
f 2639/3174 2729/3256 2753/3324
vt 0.6344 0.2106
f 2639/3174 2753/3324 2769/3325
f 2841/3291 2611/3074 2712/3257
f 2609/3131 2691/3220 2864/3293
vt 0.5947 0.3053
f 2659/3178 2732/3326 2733/3180
f 2532/2932 2692/3235 2660/3259
vt 0.5728 0.213
f 2661/3133 2533/3100 2714/3327
f 2396/2976 2624/3136 2715/3261
vt 0.066 0.9952
f 2643/3182 2756/3328 2626/3102
vt 0.9245 0.1378
f 2643/3189 2493/3103 2786/3329
f 2493/3103 2718/3223 2786/3329
vt 0.9128 0.1314
f 2563/3015 2593/3224 2916/3330
f 2563/3015 2916/3330 2796/3272
vt 0.9004 0.1271
f 2594/2998 2788/3331 2642/3114
f 2594/2998 2595/3142 2788/3331
f 2564/3151 2750/3236 2602/3232
vt 0.5882 0.8514
f 2574/3058 2695/3332 2573/3147
vt 0.9827 0.8999
f 2668/3302 2633/3333 2751/3301
vt 0.9849 0.9004
vt 0.9865 0.9017
vt 0.9841 0.903
f 2631/3334 2542/3335 2813/3336
vt 0.5964 0.8317
f 2542/3157 2541/3079 2696/3337
vt 0.595 0.8352
f 2567/3149 2720/3338 2541/3079
vt 0.6276 0.3075
f 2605/3175 2792/3339 2700/3218
vt 0.6317 0.308
f 2605/3175 2711/3340 2792/3339
f 2557/3097 2658/3096 2689/3277
vt 0.9602 0.8903
f 2636/3270 2731/3341 2799/3308
vt 0.6583 0.7412
f 2636/3271 2637/3267 2731/3342
vt 0.8252 0.3066
f 2703/3190 2686/3093 2701/3343
f 2631/3334 2813/3336 2633/3333
vt 0.6943 0.4136
f 2406/3008 2934/3344 2580/3162
vt 0.5901 0.8448
f 2606/3048 2773/3345 2846/3237
f 2578/3152 2791/3300 2679/3269
vt 0.9487 0.8964
f 2630/3266 2790/3265 2694/3346
f 2574/3058 2721/3281 2695/3332
f 2656/3171 2688/3303 2807/3290
f 2539/3116 2701/3343 2686/3093
vt 0.8285 0.308
f 2539/3116 2958/3347 2701/3343
vt 0.7502 0.4331
f 2511/2978 2739/3284 2795/3348
f 2575/3118 2759/3158 2885/3285
f 2679/3269 2791/3300 2929/3316
vt 0.7433 0.4605
f 2673/3120 2638/2981 2768/3349
vt 0.7401 0.4648
f 2704/3210 2579/3192 2705/3350
vt 0.7371 0.4705
f 2454/3061 2891/3306 2817/3351
vt 0.6974 0.4132
f 2740/3124 2893/3352 2406/3008
f 2406/3008 2893/3352 2934/3344
vt 0.6902 0.414
f 2580/3162 2924/3353 2680/3211
vt 0.686 0.4143
f 2680/3211 2818/3354 2681/3164
vt 0.7659 0.2945
vt 0.7661 0.2968
f 2651/3355 2645/3213 2822/3356
vt 0.7063 0.4962
f 2651/3249 2822/3357 2741/3318
f 2645/3213 2683/3168 2822/3356
vt 0.9024 0.0138
f 2682/3169 2707/3319 2772/3358
vt 0.904 0.0187
f 2582/3214 2682/3169 2859/3359
vt 0.7774 0.3005
vt 0.7732 0.2989
f 2652/3250 2708/3360 2743/3361
f 2652/3250 2744/3215 2708/3360
f 2584/3087 2617/3088 2709/3251
f 2618/3252 2386/2987 2863/3253
f 2570/3089 2653/3286 2553/3170
vt 0.9062 0.0402
f 2684/3254 2553/3170 2862/3362
vt 0.9076 0.043
f 2684/3254 2862/3362 2895/3363
vt 0.8056 0.305
f 2523/3125 2774/3364 2725/3242
f 2523/3125 2797/3304 2774/3364
f 2539/3116 2727/3126 2958/3347
vt 0.9112 0.0845
f 2807/3290 2782/3365 2677/3127
f 2677/3127 2782/3365 2621/3203
f 2621/3205 2711/3340 2676/3130
f 2676/3130 2711/3340 2605/3175
vt 0.612 0.2104
f 2690/3219 2670/3176 2713/3366
vt 0.5978 0.2114
f 2691/3220 2763/3367 2864/3293
f 2533/3100 2715/3261 2714/3327
vt 0.5524 0.2134
f 2716/3154 2536/3153 2784/3368
f 2625/3138 2734/3150 2785/3296
vt 0.926 0.139
f 2643/3189 2786/3329 2756/3369
vt 0.9195 0.1335
f 2718/3223 2590/3104 2771/3370
vt 0.6368 0.7861
f 2693/3105 2572/3197 2947/3371
vt 0.8909 0.1239
f 2628/3052 2629/3111 2789/3372
vt 0.8862 0.1216
f 2629/3111 2399/3001 2836/3373
f 2399/3001 2666/3276 2836/3373
vt 0.8772 0.118
f 2674/3199 2634/3144 2757/3374
f 2667/3076 2719/3241 2672/3310
vt 0.8699 0.1163
f 2630/3143 2694/3375 2634/3144
f 2760/3279 2599/3202 2811/3201
f 2573/3147 2773/3345 2606/3048
f 2541/3079 2720/3338 2696/3337
f 2608/3060 2736/3240 2512/3207
vt 0.9583 0.8962
f 2678/3198 2856/3376 2610/3244
f 2628/3052 2789/3372 2749/3225
f 2659/3178 2809/3294 2732/3326
f 2678/3198 2799/3308 2856/3376
vt 0.8286 0.7005
vt 0.8286 0.7024
vt 0.8274 0.7022
f 2675/3377 2725/3378 2781/3379
vt 0.9871 0.9041
f 2542/3335 2696/3380 2813/3336
f 2580/3162 2934/3344 2924/3353
f 2702/3314 2598/3228 2760/3279
f 2690/3219 2713/3366 2712/3257
vt 0.8406 0.3087
f 2723/3115 2724/3381 2755/3289
vt 0.6222 0.3085
f 2689/3277 2658/3096 2800/3382
vt 0.616 0.3081
f 2689/3277 2800/3382 2843/3383
vt 0.9774 0.9025
f 2811/3201 2751/3301 2984/3384
f 2536/3153 2665/3297 2784/3368
vt 0.9119 0.0759
f 2688/3303 2881/3385 2807/3290
vt 0.5635 0.3081
f 2588/3155 2865/3386 2664/3137
f 2588/3155 2735/3273 2865/3386
f 2706/3239 2650/3064 2741/3318
vt 0.9115 0.0874
f 2621/3203 2782/3365 2794/3387
vt 0.6361 0.3078
f 2621/3205 2794/3388 2711/3340
f 2723/3115 2769/3323 2724/3381
vt 0.5715 0.3078
f 2662/3278 2830/3389 2663/3181
vt 0.9098 0.0662
f 2728/3299 2685/3217 2883/3390
f 2623/3112 2689/3277 2843/3383
f 2567/3149 2846/3237 2720/3338
vt 0.6542 0.7442
f 2722/3193 2752/3391 2637/3267
f 2633/3333 2813/3336 2751/3301
f 2714/3327 2810/3295 2661/3133
f 2700/3218 2800/3382 2658/3096
f 2700/3218 2792/3339 2800/3382
vt 0.8318 0.3083
f 2727/3126 2737/3392 2958/3347
vt 0.8807 0.1176
f 2674/3199 2880/3393 2666/3276
vt 0.7339 0.4192
f 2646/3209 2514/3119 2928/3394
vt 0.7223 0.4142
f 2857/3245 2762/3121 2815/3395
f 2579/3192 2817/3351 2705/3350
f 2579/3192 2454/3061 2817/3351
vt 0.7058 0.4119
f 2816/3247 2892/3396 2516/3123
f 2681/3164 2818/3354 2779/3166
vt 0.7119 0.4906
f 2706/3239 2858/3397 2616/3248
vt 0.7692 0.2992
f 2822/3356 2683/3168 2742/3398
f 2683/3168 2743/3361 2742/3398
f 2683/3168 2652/3250 2743/3361
vt 0.905 0.0245
f 2617/3088 2582/3214 2745/3399
vt 0.9061 0.0274
f 2617/3088 2745/3399 2860/3400
f 2617/3088 2860/3400 2709/3251
vt 0.9074 0.0366
f 2553/3170 2653/3286 2976/3401
vt 0.7953 0.3042
f 2520/3110 2654/3029 2710/3402
f 2520/3110 2710/3402 2863/3253
f 2654/3029 2781/3320 2710/3402
vt 0.8194 0.3074
f 2703/3190 2927/3403 2899/3287
vt 0.6147 0.2091
f 2712/3257 2713/3366 2951/3404
f 2590/3104 2796/3272 2771/3370
f 2788/3331 2595/3142 2749/3225
vt 0.6436 0.7751
f 2627/3188 2835/3405 2750/3236
vt 0.5881 0.8472
f 2573/3147 2695/3332 2839/3406
f 2573/3147 2839/3406 2773/3345
f 2657/3292 2753/3324 2729/3256
vt 0.9099 0.0628
f 2685/3217 2828/3407 2883/3390
vt 0.5836 0.8525
f 2695/3332 2721/3281 2854/3408
f 2638/2981 2704/3210 2768/3349
vt 0.7496 0.4292
f 2736/3240 2699/3238 2847/3409
f 2623/3112 2843/3383 2748/3258
vt 0.5848 0.8565
vt 0.5821 0.8566
vt 0.5828 0.8548
f 2702/3410 2770/3411 2767/3412
vt 0.9046 0.1272
f 2764/3184 2642/3114 2999/3413
vt 0.7471 0.427
f 2512/3207 2736/3240 2758/3414
vt 0.5921 0.2099
f 2559/3179 2761/3415 2691/3220
vt 0.9631 0.8917
f 2731/3341 2776/3416 2799/3308
vt 0.5873 0.2108
f 2559/3179 2902/3417 2761/3415
vt 0.9622 0.89
f 2731/3341 2873/3418 2776/3416
vt 0.6566 0.7404
f 2637/3267 2873/3419 2731/3342
f 2691/3220 2761/3415 2763/3367
f 2693/3105 2947/3371 2765/3298
f 2511/2978 2795/3348 2699/3238
f 2721/3281 2702/3410 2767/3412
vt 0.6069 0.2097
f 2670/3176 2571/3191 2901/3420
vt 0.6111 0.3097
f 2748/3258 2843/3383 2989/3421
vt 0.9663 0.8962
f 2760/3279 2812/3422 2702/3314
f 2559/3179 2754/3221 2902/3417
vt 0.8709 0.1141
f 2634/3144 2694/3375 2838/3423
vt 0.9679 0.8932
f 2702/3314 2812/3422 2770/3424
vt 0.6191 0.2093
f 2712/3257 2951/3404 2917/3425
f 2712/3257 2917/3425 2841/3291
vt 0.5557 0.2095
f 2716/3154 2943/3426 2831/3135
vt 0.6244 0.2075
f 2657/3292 2841/3291 2915/3427
vt 0.6273 0.2074
f 2657/3292 2915/3427 2851/3428
vt 0.5652 0.2107
f 2715/3261 2624/3136 2970/3429
vt 0.5906 0.8379
f 2846/3237 2906/3430 2720/3338
vt 0.628 0.8019
f 2717/3234 2923/3431 2888/3309
vt 0.6307 0.7971
f 2730/3141 2738/3264 2913/3432
vt 0.6333 0.7929
f 2730/3141 2913/3432 2766/3433
f 2721/3281 2767/3412 2854/3408
f 2673/3120 2768/3349 2635/3282
vt 0.9543 0.8985
f 2610/3244 2856/3376 2870/3434
vt 0.9703 0.8994
f 2811/3201 2877/3435 2760/3279
vt 0.0108 0.0252
vt 0.0127 0.026
vt 0.0101 0.0268
f 2756/3436 2786/3437 2868/3438
vt 0.8222 0.3086
f 2703/3190 2987/3439 2927/3403
f 2610/3244 2870/3434 2790/3265
vt 0.9491 0.8984
f 2694/3346 2790/3265 2838/3440
vt 0.9635 0.8938
f 2799/3308 2776/3416 2803/3441
f 2727/3126 2755/3289 2737/3392
vt 0.6285 0.8071
f 2644/3307 2832/3442 2717/3234
f 2646/3209 2928/3394 2726/3311
vt 0.5837 0.8495
f 2695/3332 2854/3408 2949/3443
f 2885/3285 2928/3394 2514/3119
vt 0.6355 0.3095
f 2711/3340 2794/3388 2878/3444
f 2512/3207 2758/3414 2759/3158
vt 0.7455 0.4512
f 2640/3208 2647/3159 2889/3445
f 2647/3159 2635/3282 2889/3445
vt 0.7312 0.4744
f 2671/3122 2931/3446 2891/3306
f 2671/3122 2804/3274 2931/3446
vt 0.7022 0.4151
f 2740/3124 2516/3123 3130/3447
vt 0.7234 0.4808
f 2648/3161 2548/3163 2778/3448
f 2680/3211 2924/3353 2818/3354
vt 0.719 0.4863
f 2975/3317 2615/3212 2819/3449
f 2706/3239 2741/3318 2858/3397
f 2682/3169 2772/3358 2859/3359
f 2582/3214 2859/3359 2745/3399
vt 0.7829 0.3023
f 2744/3215 2894/3450 2708/3360
f 2744/3215 2618/3252 2894/3450
vt 0.7887 0.3043
f 2863/3253 2861/3451 2618/3252
f 2553/3170 2976/3401 2862/3362
vt 0.803 0.3045
f 2725/3242 2774/3364 2781/3452
vt 0.9101 0.0584
f 2827/3255 2898/3453 2685/3217
f 2685/3217 2898/3453 2828/3407
f 2703/3190 2701/3343 2987/3439
f 2728/3299 2883/3390 2687/3288
f 2657/3292 2851/3428 2753/3324
f 2670/3176 2901/3420 2713/3366
f 2864/3293 2901/3420 2571/3191
vt 0.6016 0.2099
f 2864/3293 2763/3367 2844/3454
vt 0.5977 0.3082
f 2809/3294 2884/3455 2732/3326
vt 0.5923 0.3089
f 2732/3326 2886/3456 2733/3180
vt 0.5854 0.3079
f 2660/3259 2692/3235 2850/3457
vt 0.5615 0.2101
f 2831/3135 3069/3458 2624/3136
vt 0.5593 0.3087
f 2664/3137 2942/3459 2669/3222
vt 0.5543 0.3074
f 2669/3222 2903/3460 2734/3150
vt 0.5501 0.2134
f 2665/3297 2833/3461 2784/3368
vt 0.064 0.9938
f 2626/3102 2756/3328 2866/3462
f 2626/3102 2866/3462 2833/3262
vt 0.9219 0.1332
f 2718/3223 2787/3463 2786/3329
f 2572/3197 2730/3141 2766/3433
vt 0.6339 0.7881
f 2572/3197 2946/3464 2947/3371
f 2642/3114 2788/3331 2999/3413
f 2834/3305 2835/3405 2627/3188
f 2629/3111 2836/3373 2789/3372
vt 0.6453 0.7653
f 2602/3232 2869/3465 2837/3275
f 2674/3199 2757/3374 2880/3393
vt 0.6474 0.7581
f 2719/3241 3106/3466 2672/3310
vt 0.5803 0.8558
f 2767/3412 2770/3411 2801/3467
vt 0.0634 0.9952
f 2756/3328 2868/3468 2866/3462
f 2748/3258 2989/3421 2697/3177
vt 0.582 0.2107
f 2698/3134 2922/3469 2754/3221
f 2734/3150 2903/3460 2785/3296
vt 0.914 0.0821
f 2782/3365 2807/3290 2963/3470
f 2739/3284 2929/3316 2795/3348
vt 0.6552 0.7411
f 2637/3267 2798/3471 2873/3419
f 2688/3303 2687/3288 2881/3385
vt 0.5802 0.8539
f 2767/3412 2801/3467 2911/3472
f 2637/3267 2752/3391 2798/3471
vt 0.8375 0.31
f 2755/3289 2724/3381 2840/3473
vt 0.9661 0.892
f 2770/3424 2803/3441 2801/3474
f 2736/3240 2847/3409 2758/3414
f 2803/3441 2776/3416 2801/3474
vt 0.7438 0.426
f 2885/3285 2759/3158 2814/3475
vt 0.8438 0.3094
f 2769/3323 2805/3476 2724/3381
vt 0.606 0.3091
f 2697/3177 2989/3421 2855/3477
f 2770/3424 2812/3422 2803/3441
vt 0.9141 0.0847
f 2782/3365 2806/3478 2794/3387
f 2572/3197 2766/3433 2946/3464
f 2760/3279 2877/3435 2812/3422
vt 0.9615 0.8963
f 2799/3308 2803/3441 2849/3479
f 2799/3308 2849/3479 2856/3376
vt 0.6343 0.2084
f 2769/3325 2753/3324 2805/3480
vt 0.7266 0.4178
f 2762/3121 2726/3311 2808/3481
f 2762/3121 2808/3481 2815/3395
f 2733/3180 2886/3456 2692/3235
f 2697/3177 2855/3477 2809/3294
f 2699/3238 2795/3348 2847/3409
f 2704/3210 2705/3350 2768/3349
vt 0.913 0.0877
f 2794/3387 2806/3478 2878/3482
vt 0.9091 0.1275
f 2764/3184 2945/3483 2593/3224
f 2664/3137 2865/3386 2942/3459
vt 0.6761 0.42
f 2551/3167 2780/3165 2821/3484
vt 0.6718 0.4221
f 2551/3167 2821/3484 3011/3485
f 2551/3167 3011/3485 2772/3312
vt 0.9149 0.0796
f 2807/3290 2881/3385 2908/3486
f 2803/3441 2812/3422 2849/3479
vt 0.7139 0.4143
f 2777/3246 2546/3160 2973/3487
vt 0.9094 0.0497
f 2746/3315 2824/3321 2825/3488
vt 0.5779 0.8555
f 2801/3467 2776/3489 2911/3472
f 2759/3158 2758/3414 2814/3475
vt 0.7389 0.4236
f 2885/3285 2842/3490 2928/3394
vt 0.7414 0.4572
f 2768/3349 3048/3491 2635/3282
f 2546/3160 2857/3245 2973/3487
vt 0.71 0.4134
f 2777/3246 2890/3492 2816/3247
f 2892/3396 2816/3247 2890/3492
vt 0.6823 0.4176
f 2818/3354 2935/3493 2779/3166
vt 0.7142 0.487
f 2615/3212 2616/3248 3049/3494
f 2615/3212 3049/3494 2819/3449
vt 0.6792 0.4181
f 2780/3165 2779/3166 2820/3495
f 2780/3165 2820/3495 2821/3484
vt 0.707 0.4921
f 2858/3397 2741/3318 2936/3496
vt 0.67 0.4217
f 2772/3312 3011/3485 2823/3497
vt 0.9048 0.0144
f 2772/3358 2937/3498 2859/3359
f 2618/3252 2861/3451 2894/3450
f 2684/3254 2895/3363 2824/3321
f 2746/3315 2825/3488 2826/3216
vt 0.8115 0.3071
f 2747/3322 2897/3499 2797/3304
f 2660/3259 2850/3457 2829/3260
f 2698/3134 2810/3295 2922/3469
vt 0.5793 0.3099
f 2829/3260 2991/3500 2783/3233
vt 0.5687 0.2095
f 2714/3327 2715/3261 2918/3501
f 2663/3181 2830/3389 2735/3273
vt 0.5666 0.3095
f 2735/3273 2830/3389 2941/3502
f 2624/3136 3069/3458 2970/3429
f 2716/3154 2784/3368 2943/3426
vt 0.5458 0.3066
f 2644/3283 2785/3296 2832/3503
vt 0.5511 0.3091
f 2785/3296 3108/3504 2832/3503
vt 0.6265 0.8051
f 2717/3234 2832/3442 2985/3505
f 2718/3223 2771/3370 2787/3463
vt 0.6423 0.7682
f 2750/3236 3076/3506 2602/3232
vt 0.651 0.7501
f 2775/3243 2905/3507 2722/3193
f 2790/3265 2870/3434 2838/3440
f 2695/3332 2949/3443 2839/3406
vt 0.9814 0.9053
f 2813/3336 2907/3508 2751/3301
vt 0.5924 0.8333
f 2696/3337 2720/3338 2925/3509
vt 0.9851 0.9077
f 2696/3380 2925/3510 2813/3336
vt 0.8753 0.1128
f 2634/3144 2838/3423 2793/3511
vt 0.8788 0.1141
f 2757/3374 2995/3512 2880/3393
f 2732/3326 2884/3455 2886/3456
vt 0.9136 0.0727
f 2687/3288 2852/3513 2881/3385
vt 0.627 0.3113
f 2792/3339 2711/3340 2956/3514
vt 0.8973 0.122
f 2749/3225 3007/3515 2788/3331
vt 0.9099 0.0541
f 2826/3216 2896/3516 2827/3255
f 2715/3261 2970/3429 2918/3501
vt 0.8401 0.3103
f 2724/3381 2979/3517 2840/3473
vt 0.5762 0.8524
f 2911/3472 2776/3489 2874/3518
vt 0.5753 0.8548
f 2776/3489 2873/3519 2874/3518
vt 0.5778 0.2081
f 2810/3295 2845/3520 2922/3469
vt 0.6322 0.2062
f 2753/3324 2851/3428 2940/3521
vt 0.6327 0.3116
f 2711/3340 2878/3444 2950/3522
vt 0.9149 0.0867
f 2878/3482 2806/3478 2914/3523
f 2923/3431 2717/3234 2985/3505
vt 0.6171 0.2056
f 2917/3425 2951/3404 2848/3524
f 2807/3290 2908/3486 2963/3470
f 2903/3460 2669/3222 2942/3459
vt 0.5739 0.2089
f 2714/3327 2918/3501 2882/3525
f 2720/3338 2906/3430 2925/3509
f 2782/3365 2963/3470 2806/3478
f 2792/3339 2956/3514 2800/3382
vt 0.8252 0.3103
f 2701/3343 3022/3526 2987/3439
vt 0.5872 0.8418
f 2846/3237 2773/3345 2853/3527
vt 0.7253 0.4781
f 2804/3274 2648/3161 2933/3528
f 2735/3273 2941/3502 2865/3386
f 2738/3264 2888/3309 2913/3432
f 2777/3246 2973/3487 2890/3492
f 2747/3322 2899/3287 2897/3499
vt 0.7443 0.4479
f 2640/3208 2889/3445 2926/3529
f 2640/3208 2926/3529 2791/3300
vt 0.7356 0.4662
f 2705/3350 2817/3351 3086/3530
f 2516/3123 2892/3396 3130/3447
f 2548/3163 2975/3317 2778/3448
f 2616/3248 2858/3397 3049/3494
f 2779/3166 2935/3493 2820/3495
f 2822/3357 2936/3496 2741/3318
vt 0.7028 0.4934
f 2822/3357 3012/3531 2936/3496
vt 0.765 0.3007
f 2822/3356 2742/3398 3012/3532
vt 0.9044 0.0125
f 2772/3358 2823/3533 2937/3498
vt 0.7725 0.3021
f 2743/3361 2939/3534 2742/3398
f 2709/3251 2860/3400 2653/3286
vt 0.9091 0.0322
f 2653/3286 3015/3535 2976/3401
vt 0.8258 0.7056
vt 0.8246 0.7025
f 2781/3379 3017/3536 2710/3537
vt 0.8287 0.7061
f 2781/3379 2774/3538 3017/3536
f 2826/3216 2825/3488 2896/3516
vt 0.5882 0.309
f 2692/3235 2886/3456 2887/3539
f 2754/3221 2922/3469 2902/3417
f 2831/3135 2943/3426 3069/3458
vt 0.0617 0.9922
f 2866/3462 3056/3540 2833/3262
vt 0.0616 0.9938
f 2866/3462 2868/3468 2879/3541
vt 0.0622 0.9886
f 2833/3262 3056/3540 2867/3542
vt 0.0111 0.0303
f 2786/3437 2969/3543 2868/3438
vt 0.0159 0.0296
f 2786/3437 2787/3544 2969/3543
f 2593/3224 2945/3483 2916/3330
f 2764/3184 2999/3413 2945/3483
vt 0.6367 0.7808
f 2765/3298 3039/3545 2834/3305
f 2602/3232 3076/3506 2869/3465
vt 0.8847 0.1166
f 2666/3276 3183/3546 2836/3373
f 2666/3276 2880/3393 3183/3546
f 2719/3241 2802/3185 3106/3466
f 2775/3243 2672/3310 2905/3507
vt 0.6505 0.7469
f 2905/3507 2990/3547 2722/3193
f 2722/3193 2990/3547 2752/3391
vt 0.9135 0.0689
f 2687/3288 2883/3390 2988/3548
f 2841/3291 2917/3425 2915/3427
vt 0.8444 0.3108
f 2724/3381 2805/3476 2871/3549
vt 0.6349 0.2065
f 2805/3480 2940/3521 2871/3550
vt 0.5676 0.3131
f 2830/3389 3024/3551 2941/3502
vt 0.5722 0.3115
f 2830/3389 2662/3278 2872/3552
f 2805/3480 2753/3324 2940/3521
vt 0.624 0.3126
f 2800/3382 2956/3514 2966/3553
f 2767/3412 2911/3472 2854/3408
vt 0.9647 0.9007
f 2812/3422 2912/3554 2849/3479
vt 0.6411 0.7706
f 2750/3236 2948/3555 3076/3506
f 2812/3422 2877/3435 2912/3554
vt 0.6031 0.3118
f 2809/3294 3033/3556 2884/3455
f 2711/3340 2950/3522 2956/3514
vt 0.9603 0.8996
f 2849/3479 2912/3554 2876/3557
vt 0.835 0.311
f 2755/3289 2840/3473 2875/3558
f 2755/3289 2875/3558 2737/3392
vt 0.5735 0.854
vt 0.5724 0.8532
f 2798/3559 2910/3560 2873/3519
vt 0.5839 0.3103
f 2850/3457 2993/3561 2829/3260
f 2849/3479 2876/3557 2856/3376
vt 0.6534 0.7411
f 2798/3471 2752/3391 2910/3562
vt 0.6194 0.3113
f 2800/3382 2919/3563 2843/3383
f 2802/3185 2837/3275 3106/3466
f 2864/3293 2844/3454 2901/3420
vt 0.6362 0.3116
f 2878/3444 2914/3564 2950/3522
vt 0.64 0.7745
f 2835/3405 2834/3305 3058/3565
vt 0.8927 0.1205
f 2789/3372 2836/3373 2982/3566
vt 0.0079 0.0283
f 2868/3438 2969/3543 2879/3567
f 2757/3374 2793/3511 2995/3512
vt 0.9518 0.9012
vt 0.9482 0.9013
f 2838/3440 3020/3568 2971/3569
vt 0.9736 0.904
f 2811/3201 2983/3570 2877/3435
f 2811/3201 2984/3384 2983/3570
vt 0.6156 0.311
f 2843/3383 2959/3571 2989/3421
vt 0.5502 0.211
f 2784/3368 2833/3461 2867/3572
vt 0.737 0.4607
f 2768/3349 3165/3573 3048/3491
f 2687/3288 2988/3548 2852/3513
f 2810/3295 2714/3327 2882/3525
vt 0.5941 0.3117
f 2884/3455 2909/3574 2886/3456
vt 0.598 0.3127
f 2884/3455 3070/3575 2909/3574
vt 0.9165 0.128
f 2771/3370 2796/3272 3146/3576
f 2692/3235 2887/3539 2850/3457
f 2813/3336 2925/3510 2907/3508
vt 0.7191 0.4162
f 2815/3395 2920/3577 2857/3245
f 2768/3349 2705/3350 3165/3573
vt 0.7317 0.4696
f 2817/3351 3087/3578 3086/3530
f 2740/3124 3130/3447 2893/3352
vt 0.9083 0.0274
f 2860/3400 3092/3579 2653/3286
vt 0.7848 0.3049
f 2894/3450 2861/3451 3026/3580
vt 0.7905 0.3069
f 2863/3253 2710/3402 3095/3581
vt 0.9095 0.0469
f 2824/3321 2895/3582 2825/3488
f 2827/3255 2896/3516 2898/3453
vt 0.8429 0.3108
f 2724/3381 2900/3583 2979/3517
f 2724/3381 2871/3549 2900/3583
f 2855/3477 3033/3556 2809/3294
f 2830/3389 2872/3552 3024/3551
f 2866/3462 2879/3541 3056/3540
f 2796/3272 2916/3330 3146/3576
vt 0.9025 0.1239
f 2788/3331 2904/3584 2999/3413
f 2749/3225 2789/3372 2982/3566
f 2750/3236 2835/3405 2948/3555
vt 0.8722 0.1108
f 2838/3423 2971/3585 2793/3511
f 2757/3374 2634/3144 2793/3511
f 2838/3440 2870/3434 3020/3568
f 2846/3237 2853/3527 2906/3430
f 2856/3376 2876/3557 2870/3434
f 2751/3301 2907/3508 2984/3384
vt 0.5985 0.2076
f 2844/3454 2763/3367 2961/3586
f 2749/3225 2982/3566 3007/3515
vt 0.9079 0.0224
f 2859/3359 3134/3587 2745/3399
vt 0.7465 0.4322
f 2847/3409 3043/3588 2758/3414
vt 0.6096 0.3118
f 2989/3421 2992/3589 2855/3477
vt 0.6097 0.2062
f 2713/3366 2901/3420 2954/3590
vt 0.889 0.1177
f 2836/3373 3072/3591 2982/3566
f 2873/3519 2910/3560 2874/3518
vt 0.916 0.0771
f 2908/3486 2881/3385 2986/3592
f 2800/3382 2966/3553 2919/3563
vt 0.916 0.0747
f 2852/3513 3003/3593 2881/3385
vt 0.9151 0.0643
f 2988/3548 2883/3390 3124/3594
f 2843/3383 2919/3563 2959/3571
f 2795/3348 3043/3588 2847/3409
vt 0.6267 0.7988
f 2888/3309 2968/3595 2913/3432
f 2836/3373 3183/3546 3072/3591
f 2701/3343 2958/3347 3022/3526
vt 0.6262 0.8071
f 2832/3442 2944/3596 2985/3505
f 2653/3286 3092/3579 3015/3535
f 2765/3298 2947/3371 3039/3545
vt 0.6137 0.2045
f 2951/3404 3036/3597 2848/3524
f 2835/3405 3058/3565 2948/3555
vt 0.8321 0.3116
f 2737/3392 2875/3558 2994/3598
vt 0.8289 0.3114
f 2737/3392 2994/3598 3021/3599
vt 0.6213 0.2049
f 2917/3425 2957/3600 2915/3427
f 2958/3347 2737/3392 3021/3599
f 2881/3385 3003/3593 2986/3592
vt 0.7361 0.4241
f 2842/3490 3067/3601 2928/3394
vt 0.5891 0.2071
f 2902/3417 3068/3602 2761/3415
vt 0.956 0.901
f 2870/3434 2876/3557 2972/3603
f 3033/3556 3070/3575 2884/3455
vt 0.5885 0.8339
f 2925/3509 2906/3430 2921/3604
vt 0.9093 0.0419
f 2862/3362 3016/3605 2895/3363
vt 0.9139 0.1253
f 2916/3330 2945/3483 3182/3606
f 2810/3295 2882/3525 2845/3520
vt 0.5798 0.8506
f 2911/3472 2997/3607 2854/3408
vt 0.6309 0.314
f 2950/3522 2998/3608 2956/3514
f 2888/3309 2923/3431 2968/3595
vt 0.9131 0.0611
f 2828/3407 2898/3453 3050/3609
vt 0.7421 0.4298
f 2758/3414 3122/3610 2814/3475
vt 0.5864 0.3119
f 2887/3539 2980/3611 2850/3457
f 2885/3285 2814/3475 2842/3490
vt 0.7453 0.4425
f 2791/3300 2926/3529 2930/3612
f 2883/3390 2828/3407 3124/3594
f 2929/3316 2791/3300 2930/3612
vt 0.7409 0.4544
f 2635/3282 3047/3613 2889/3445
f 2635/3282 3048/3491 3047/3613
f 2857/3245 2920/3577 2973/3487
f 2817/3351 2891/3306 3087/3578
vt 0.7046 0.4163
f 2892/3396 3089/3614 3130/3447
vt 0.7282 0.4742
f 2804/3274 2932/3615 2931/3446
f 2804/3274 2933/3528 2932/3615
f 2648/3161 2778/3448 2933/3528
vt 0.6977 0.4163
f 2893/3352 2974/3616 2934/3344
vt 0.6925 0.417
f 2924/3353 2934/3344 3090/3617
vt 0.9085 0.0192
f 2859/3359 2937/3498 2938/3618
f 2743/3361 2708/3360 2939/3534
vt 0.7763 0.304
f 2708/3360 3136/3619 2939/3534
f 2708/3360 2894/3450 3136/3619
f 2745/3399 3134/3587 2860/3400
vt 0.7799 0.3048
f 2894/3450 3093/3620 3136/3619
f 2894/3450 3026/3580 3093/3620
f 2863/3253 3095/3581 2861/3451
vt 0.8079 0.3071
f 2774/3364 2797/3304 2978/3621
vt 0.6357 0.3132
f 2914/3564 2964/3622 2950/3522
f 2829/3260 2993/3561 2991/3500
vt 0.5755 0.3128
f 2662/3278 2783/3233 3073/3623
vt 0.5644 0.3125
f 2865/3386 2941/3502 3156/3624
vt 0.555 0.3107
f 2903/3460 2942/3459 2981/3625
f 2785/3296 2903/3460 3108/3504
vt 0.5515 0.3131
vt 0.5452 0.3093
f 2832/3503 3178/3626 2944/3627
f 2832/3503 3108/3504 3178/3626
vt 0.6283 0.795
f 2766/3433 2913/3432 2953/3628
vt 0.6462 0.7516
vt 0.6464 0.7476
f 2905/3507 3186/3629 3109/3630
f 2905/3507 2672/3310 3186/3629
f 2870/3434 2972/3603 3020/3568
f 2929/3316 3043/3588 2795/3348
vt 0.5885 0.312
f 2887/3539 2886/3456 3000/3631
f 2797/3304 2897/3499 2978/3621
vt 0.587 0.2069
f 2902/3417 3121/3632 3068/3602
vt 0.0151 0.0318
f 2969/3543 2787/3544 2952/3633
f 2911/3472 2874/3518 2997/3607
vt 0.969 0.9036
f 2877/3435 2983/3570 3107/3634
f 2758/3414 3043/3588 3122/3610
vt 0.6289 0.2045
f 2851/3428 3099/3635 2940/3521
vt 0.6035 0.2068
f 2844/3454 3030/3636 2901/3420
f 2828/3407 3050/3609 3124/3594
f 2854/3408 2997/3607 2949/3443
vt 0.6877 0.419
f 2818/3354 2924/3353 3085/3637
vt 0.6852 0.4205
f 2818/3354 3085/3637 2955/3638
f 2713/3366 2954/3590 2951/3404
f 2662/3278 3073/3623 2872/3552
vt 0.5524 0.2082
f 2784/3368 3196/3639 2943/3426
vt 0.9125 0.0564
f 2898/3453 3005/3640 3050/3609
f 2905/3507 3109/3630 2990/3547
f 2887/3539 3000/3631 2980/3611
f 2917/3425 2848/3524 2957/3600
vt 0.6254 0.2037
f 2851/3428 2915/3427 3100/3641
f 2851/3428 3100/3641 3099/3635
f 2783/3233 2991/3500 3073/3623
vt 0.5822 0.8462
f 2839/3406 2949/3443 3081/3642
vt 0.606 0.3131
f 2992/3589 2960/3643 2855/3477
vt 0.922 0.1302
f 2771/3370 3027/3644 2787/3463
vt 0.9113 0.0491
f 2895/3582 3045/3645 2825/3488
vt 0.7226 0.4179
f 2808/3481 3128/3646 2815/3395
vt 0.5934 0.2069
f 2761/3415 2962/3647 2763/3367
vt 0.8461 0.7522
vt 0.8443 0.7517
vt 0.8455 0.7506
f 2806/3648 2963/3649 3006/3650
f 2855/3477 2960/3643 3033/3556
vt 0.8486 0.735
vt 0.8507 0.7361
vt 0.8488 0.7371
f 2840/3651 2979/3652 3042/3653
f 2763/3367 2962/3647 2961/3586
f 2844/3454 2961/3586 3030/3636
vt 0.8533 0.7382
f 2979/3652 2900/3654 3042/3653
vt 0.5816 0.2067
f 2922/3469 2845/3520 3188/3655
vt 0.6198 0.3141
f 2919/3563 2966/3553 3037/3656
f 2935/3493 2818/3354 2955/3638
vt 0.8161 0.3096
f 2927/3403 2967/3657 2899/3287
f 2950/3522 2964/3622 2998/3608
vt 0.6348 0.2036
f 2871/3550 2940/3521 2900/3658
vt 0.6273 0.3146
f 2956/3514 3041/3659 2966/3553
vt 0.849 0.7533
f 2914/3660 2806/3648 3006/3650
vt 0.9121 0.0528
f 2825/3488 3078/3661 2896/3516
vt 0.5842 0.2069
f 3121/3632 2902/3417 3144/3662
f 2898/3453 2896/3516 3005/3640
f 2771/3370 3146/3576 3027/3644
vt 0.846 0.7346
f 2840/3651 3042/3653 2875/3663
vt 0.9231 0.1316
f 2787/3463 3027/3644 2952/3664
vt 0.8426 0.7516
vt 0.841 0.7499
f 2908/3665 3119/3666 2963/3649
vt 0.7157 0.4822
f 2819/3449 3167/3667 2975/3317
f 2920/3577 2815/3395 3128/3646
vt 0.7131 0.4187
f 2973/3487 2920/3577 3312/3668
f 2892/3396 2890/3492 3089/3614
f 3087/3578 2891/3306 2931/3446
f 2893/3352 3130/3447 2974/3616
f 3090/3617 3085/3637 2924/3353
vt 0.6743 0.4236
f 2821/3484 3010/3669 3011/3485
vt 0.6705 0.4244
f 2823/3497 3011/3485 3013/3670
vt 0.9061 0.0126
f 2823/3533 3013/3671 2937/3498
vt 0.7687 0.3035
f 2742/3398 3170/3672 3012/3532
f 2860/3400 3134/3587 3092/3579
vt 0.9095 0.0381
f 2862/3362 2976/3401 3044/3673
f 2862/3362 3044/3673 3016/3605
vt 0.7932 0.3069
f 2710/3402 2977/3674 3095/3581
vt 0.8288 0.7082
f 3017/3536 2774/3538 2978/3675
vt 0.8128 0.3084
f 2897/3499 2899/3287 2996/3676
f 2956/3514 2998/3608 3041/3659
f 2850/3457 2980/3611 2993/3561
f 2922/3469 3144/3662 2902/3417
f 2784/3368 2867/3572 3196/3639
vt 0.6319 0.7845
f 2947/3371 2946/3464 3057/3677
f 2788/3331 3007/3515 2904/3584
f 2834/3305 3039/3545 3058/3565
vt 0.6502 0.7425
f 2990/3547 3059/3678 2752/3391
f 2910/3562 2752/3391 3059/3678
vt 0.6517 0.741
f 2910/3562 3059/3678 2965/3679
vt 0.5842 0.8428
f 2773/3345 2839/3406 3126/3680
f 2773/3345 3126/3680 2853/3527
vt 0.9803 0.9082
f 2925/3510 3046/3681 2907/3508
f 2903/3460 2981/3625 3108/3504
f 2877/3435 3107/3634 2912/3554
vt 0.9164 0.0788
f 2908/3486 2986/3592 3119/3682
f 2901/3420 3030/3636 2954/3590
vt 0.616 0.3147
vt 0.6125 0.3149
f 2959/3571 3029/3683 3102/3684
vt 0.571 0.2061
f 2918/3501 3075/3685 2882/3525
vt 0.7308 0.4228
f 2928/3394 3214/3686 2726/3311
vt 0.7396 0.428
f 2842/3490 2814/3475 3229/3687
vt 0.8491 0.7517
vt 0.8497 0.7531
f 2914/3660 3019/3688 2964/3689
f 2914/3660 3006/3650 3019/3688
vt 0.9596 0.9025
f 2876/3557 2912/3554 3023/3690
f 2959/3571 3102/3684 2989/3421
f 2959/3571 2919/3563 3029/3683
f 2839/3406 3081/3642 3126/3680
vt 0.5652 0.2073
f 2918/3501 2970/3429 3004/3691
f 2958/3347 3021/3599 3022/3526
f 2951/3404 2954/3590 3036/3597
f 2941/3502 3024/3551 3156/3624
f 2916/3330 3182/3606 3146/3576
f 3134/3587 2859/3359 2938/3618
vt 0.6336 0.3166
f 2998/3608 2964/3622 3052/3692
vt 0.9164 0.0726
f 2852/3513 2988/3548 3002/3693
f 2852/3513 3002/3693 3003/3593
f 2996/3676 2899/3287 2967/3657
vt 0.6232 0.3165
f 2966/3553 3053/3694 3037/3656
f 2989/3421 3102/3684 2992/3589
f 2761/3415 3068/3602 2962/3647
f 2726/3311 3214/3686 2808/3481
vt 0.5614 0.3113
f 2865/3386 3156/3624 3054/3695
vt 0.5862 0.8355
f 2906/3430 3083/3696 2921/3604
vt 0.9164 0.0707
f 2988/3548 3061/3697 3002/3693
vt 0.8187 0.3111
f 2927/3403 2987/3439 3117/3698
f 2927/3403 3117/3698 2967/3657
vt 0.6442 0.7557
f 2672/3310 3106/3466 3161/3699
vt 0.6233 0.8057
f 2944/3596 3035/3700 2985/3505
vt 0.0056 0.0322
vt 0.005 0.0288
f 2879/3567 3180/3701 3056/3702
f 2889/3445 3047/3613 2926/3529
vt 0.8301 0.3125
f 3021/3599 2994/3598 3051/3703
vt 0.9837 0.9105
f 2925/3510 2921/3704 3046/3681
vt 0.012 0.0333
f 2969/3543 2952/3633 3066/3705
vt 0.7444 0.4363
f 2929/3316 3001/3706 3043/3588
f 2930/3612 3001/3706 2929/3316
f 3069/3458 3004/3691 2970/3429
vt 0.5625 0.2056
f 3069/3458 3308/3707 3004/3691
f 2913/3432 2968/3595 2953/3628
vt 0.9765 0.9063
f 2907/3508 3046/3681 3060/3708
f 3119/3666 3006/3650 2963/3649
vt 0.6304 0.791
f 2766/3433 2953/3628 3008/3709
f 2814/3475 3122/3610 3229/3687
f 2705/3350 3086/3530 3165/3573
f 2934/3344 2974/3616 3090/3617
f 2819/3449 3049/3494 3167/3667
vt 0.6827 0.4218
f 2935/3493 2955/3638 3009/3710
f 2935/3493 3009/3710 2820/3495
vt 0.6778 0.4235
f 2820/3495 3009/3710 3131/3711
f 2820/3495 3131/3711 2821/3484
f 2821/3484 3131/3711 3010/3669
vt 0.7032 0.4896
f 2936/3496 3012/3531 3133/3712
vt 0.7006 0.4913
f 3012/3531 3014/3713 3133/3712
vt 0.7652 0.3037
f 3012/3532 3170/3672 3014/3714
vt 0.9078 0.0128
f 2937/3498 3013/3671 3132/3715
f 2742/3398 2939/3534 3170/3672
vt 0.8226 0.7052
f 2710/3537 3017/3536 3096/3716
vt 0.8223 0.7035
f 2710/3537 3096/3716 2977/3717
vt 0.8255 0.71
f 3017/3536 2978/3675 3206/3718
vt 0.9124 0.0513
f 3078/3661 2825/3488 3118/3719
vt 0.8315 0.7109
vt 0.8285 0.7109
f 2978/3675 2897/3720 3080/3721
vt 0.8437 0.7328
vt 0.8432 0.7344
vt 0.8415 0.7324
f 2994/3722 3063/3723 3051/3724
vt 0.839 0.751
vt 0.8367 0.7505
vt 0.8383 0.7485
f 2986/3725 3003/3726 3018/3727
f 2986/3725 3018/3727 3119/3666
f 2915/3427 2957/3600 3100/3641
f 2966/3553 3041/3659 3053/3694
f 2865/3386 3054/3695 2942/3459
f 2766/3433 3008/3709 2946/3464
f 2947/3371 3057/3677 3039/3545
vt 0.6419 0.7606
f 2837/3275 3120/3728 3106/3466
f 2837/3275 2869/3465 3120/3728
vt 0.8814 0.1124
f 3183/3546 2880/3393 3197/3729
f 2672/3310 3161/3699 3186/3629
f 2972/3603 2876/3557 3023/3690
f 2984/3384 3060/3708 2983/3570
f 2825/3488 3045/3645 3118/3719
vt 0.8039 0.761
vt 0.8022 0.76
vt 0.8074 0.7585
f 2895/3730 3016/3731 3045/3732
vt 0.5847 0.8387
f 2906/3430 2853/3527 3227/3733
vt 0.5504 0.2092
f 2867/3572 3028/3734 3196/3639
f 2896/3516 3078/3661 3005/3640
f 2907/3508 3060/3708 2984/3384
vt 0.0033 0.0255
vt 0.0026 0.0279
f 2867/3735 3056/3702 3104/3736
f 2919/3563 3037/3656 3029/3683
f 2879/3567 2969/3543 3180/3701
vt 0.5747 0.8492
f 2874/3518 3114/3737 2997/3607
f 2880/3393 2995/3512 3197/3729
vt 0.787 0.3084
f 2861/3451 3025/3738 3026/3580
vt 0.0019 0.0264
f 2867/3735 3104/3736 3028/3739
vt 0.6079 0.2034
f 3030/3636 3176/3740 2954/3590
vt 0.5999 0.3158
f 3033/3556 3031/3741 3070/3575
vt 0.9187 0.1255
f 3146/3576 3032/3742 3027/3644
vt 0.5665 0.2047
f 2918/3501 3084/3743 3075/3685
vt 0.6237 0.8003
f 2923/3431 2985/3505 3181/3744
vt 0.6085 0.3157
f 2992/3589 3102/3684 3175/3745
f 2922/3469 3188/3655 3144/3662
f 2906/3430 3227/3733 3083/3696
vt 0.6022 0.2038
f 3030/3636 3034/3746 3176/3740
vt 0.6048 0.3159
f 2960/3643 3175/3745 3143/3747
vt 0.5914 0.3159
f 3000/3631 2886/3456 3207/3748
f 2992/3589 3175/3745 2960/3643
f 2961/3586 3034/3746 3030/3636
f 2886/3456 2909/3574 3207/3748
f 2954/3590 3176/3740 3036/3597
vt 0.827 0.3126
f 3022/3526 3021/3599 3071/3749
vt 0.9073 0.1238
f 2999/3413 3038/3750 2945/3483
vt 0.8254 0.313
f 3022/3526 3071/3749 3154/3751
f 2999/3413 2904/3584 3038/3750
vt 0.8965 0.1191
f 3007/3515 2982/3566 3166/3752
f 2994/3722 2875/3663 3063/3723
vt 0.5835 0.3142
f 2993/3561 2980/3611 3328/3753
vt 0.0161 0.0333
vt 0.0162 0.0345
f 2952/3633 3027/3754 3040/3755
f 2952/3633 3040/3755 3066/3705
vt 0.9495 0.9047
vt 0.9473 0.9032
f 2971/3569 3077/3756 3062/3757
vt 0.0094 0.0355
f 2969/3543 3066/3705 3318/3758
f 3020/3568 3077/3756 2971/3569
f 2985/3505 3035/3700 3181/3744
vt 0.5738 0.2053
f 2882/3525 3075/3685 3110/3759
f 2928/3394 3067/3601 3214/3686
vt 0.9008 0.1201
f 3007/3515 3319/3760 2904/3584
vt 0.9718 0.9063
f 3107/3634 2983/3570 3203/3761
vt 0.7256 0.4223
f 2808/3481 3290/3762 3128/3646
vt 0.7078 0.4184
f 2890/3492 2973/3487 3088/3763
f 2890/3492 3088/3763 3089/3614
vt 0.7245 0.4739
f 2932/3615 2933/3528 3215/3764
vt 0.7205 0.4768
f 2933/3528 2778/3448 3365/3765
f 2975/3317 3167/3667 2778/3448
vt 0.7066 0.4874
f 2858/3397 2936/3496 3091/3766
f 2936/3496 3133/3712 3091/3766
f 3011/3485 3010/3669 3013/3670
vt 0.909 0.0137
f 2937/3498 3132/3715 3169/3767
f 2937/3498 3169/3767 2938/3618
vt 0.9102 0.0169
f 2938/3618 3169/3767 3219/3768
vt 0.78 0.3081
f 3093/3620 3026/3580 3412/3769
vt 0.9098 0.0338
f 3015/3535 3172/3770 2976/3401
vt 0.9101 0.0361
f 2976/3401 3172/3770 3064/3771
f 2976/3401 3064/3771 3044/3673
f 2861/3451 3095/3581 3025/3738
vt 0.7968 0.7596
vt 0.7991 0.7582
f 3044/3772 3240/3773 3016/3731
vt 0.8033 0.7573
f 3016/3731 3137/3774 3045/3732
f 2978/3675 3080/3721 3206/3718
vt 0.6367 0.3158
f 2964/3622 3019/3775 3052/3692
vt 0.6166 0.202
f 2957/3600 2848/3524 3213/3776
f 2993/3561 3328/3753 2991/3500
f 2942/3459 3054/3695 2981/3625
vt 0.547 0.3132
f 2944/3627 3178/3626 3055/3777
vt 0.5455 0.3115
f 2944/3627 3055/3777 3035/3778
vt 0.9104 0.1237
f 2945/3483 3038/3750 3074/3779
vt 0.8756 0.1063
f 2793/3511 2971/3585 3273/3780
vt 0.8779 0.1092
f 2793/3511 3273/3780 3225/3781
vt 0.9548 0.9044
f 3020/3568 2972/3603 3148/3782
vt 0.9151 0.0578
f 3005/3640 3111/3783 3050/3609
vt 0.7427 0.4434
f 2930/3612 2926/3529 3127/3784
f 2923/3431 3181/3744 2968/3595
vt 0.5954 0.2039
f 2961/3586 2962/3647 3191/3785
vt 0.6328 0.2014
f 2900/3658 2940/3521 3139/3786
f 2918/3501 3004/3691 3084/3743
vt 0.74 0.4472
f 2926/3529 3307/3787 3127/3784
f 3021/3599 3051/3703 3071/3749
f 2960/3643 3143/3747 3033/3556
f 2945/3483 3074/3779 3182/3606
f 2940/3521 3099/3635 3139/3786
vt 0.5915 0.2039
f 2962/3647 3068/3602 3065/3788
vt 0.9176 0.0687
f 3061/3697 2988/3548 3082/3789
vt 0.8894 0.1147
f 3072/3591 3183/3546 3212/3790
vt 0.5775 0.8484
f 2997/3607 3187/3791 2949/3443
f 2808/3481 3214/3686 3290/3762
f 2962/3647 3065/3788 3191/3785
vt 0.5943 0.3157
f 2909/3574 3116/3792 3207/3748
f 3070/3575 3116/3792 2909/3574
vt 0.5724 0.316
f 2872/3552 3292/3793 3024/3551
f 2872/3552 3073/3623 3292/3793
vt 0.5885 0.3159
f 3000/3631 3207/3748 3160/3794
vt 0.822 0.3123
f 2987/3439 3022/3526 3152/3795
f 2987/3439 3152/3795 3117/3698
vt 0.8324 0.7501
vt 0.8335 0.7477
vt 0.8343 0.7504
f 3061/3796 3098/3797 3002/3798
f 2997/3607 3114/3737 3187/3791
f 3033/3556 3143/3747 3031/3741
vt 0.8452 0.7376
f 2875/3663 3042/3653 3246/3799
vt 0.8941 0.116
f 3072/3591 3164/3800 2982/3566
vt 0.6386 0.7653
f 2869/3465 3076/3506 3163/3801
f 2869/3465 3163/3801 3120/3728
f 2961/3586 3191/3785 3034/3746
f 2988/3548 3124/3594 3082/3789
vt 0.6468 0.7437
f 3059/3678 2990/3547 3157/3802
vt 0.5787 0.3146
f 2991/3500 3079/3803 3073/3623
vt 0.873 0.1081
f 2971/3585 3062/3804 3273/3780
vt 0.9468 0.9048
f 3077/3756 3185/3805 3062/3757
vt 0.5774 0.8455
f 3081/3642 2949/3443 3444/3806
vt 0.7425 0.434
f 3043/3588 3194/3807 3122/3610
vt 0.5702 0.8522
vt 0.5701 0.8508
f 2965/3808 3149/3809 2910/3560
f 3022/3526 3154/3751 3152/3795
vt 0.7406 0.4495
f 2926/3529 3151/3810 3307/3787
vt 0.6254 0.7914
f 2953/3628 3361/3811 3008/3709
vt 0.8397 0.7335
f 3051/3724 3063/3723 3205/3812
f 2842/3490 3229/3687 3067/3601
vt 0.923 0.1274
vt 0.9231 0.1291
f 3027/3644 3115/3813 3040/3814
vt 0.6363 0.7719
f 3058/3565 3147/3815 2948/3555
f 2875/3663 3246/3799 3063/3723
vt 0.7339 0.4269
f 3067/3601 3250/3816 3214/3686
vt 0.83 0.7492
f 3061/3796 3082/3817 3098/3797
f 2910/3560 3149/3809 2874/3518
vt 0.91 0.028
f 3015/3535 3092/3579 3263/3818
f 2926/3529 3047/3613 3151/3810
vt 0.7272 0.4699
f 3087/3578 2931/3446 3363/3819
f 2933/3528 3365/3765 3215/3764
vt 0.697 0.4205
f 2974/3616 3415/3820 3090/3617
vt 0.7165 0.4775
f 2778/3448 3167/3667 3260/3821
vt 0.712 0.4847
f 3167/3667 3049/3494 3168/3822
f 3049/3494 2858/3397 3091/3766
vt 0.7707 0.3063
f 2939/3534 3171/3823 3170/3672
f 2939/3534 3136/3619 3171/3823
vt 0.9101 0.0254
f 3092/3579 3314/3824 3263/3818
vt 0.7832 0.3086
f 3026/3580 3094/3825 3412/3769
f 3025/3738 3094/3825 3026/3580
vt 0.8066 0.7565
f 3045/3732 3137/3774 3173/3826
vt 0.9138 0.0544
f 3005/3640 3078/3661 3097/3827
vt 0.8309 0.7137
f 2897/3720 2996/3828 3080/3721
vt 0.8385 0.7307
f 3071/3829 3051/3724 3205/3812
f 3002/3798 3098/3797 3003/3726
vt 0.852 0.7402
f 2900/3654 3295/3830 3042/3653
vt 0.6352 0.1997
f 2900/3658 3139/3786 3295/3831
vt 0.6286 0.2012
f 3099/3635 3100/3641 3140/3832
vt 0.6216 0.2019
f 3100/3641 2957/3600 3142/3833
f 2957/3600 3213/3776 3142/3833
vt 0.6199 0.3173
f 3037/3656 3101/3834 3029/3683
f 2848/3524 3036/3597 3213/3776
vt 0.611 0.2016
f 3036/3597 3176/3740 3266/3835
f 2980/3611 3000/3631 3160/3794
vt 0.5565 0.3136
f 2981/3625 3054/3695 3177/3836
vt 0.5496 0.2079
f 3028/3734 3104/3837 3196/3639
f 2969/3543 3318/3758 3180/3701
vt 0.9053 0.1204
f 2904/3584 3285/3838 3038/3750
vt 0.6358 0.7743
f 3039/3545 3105/3839 3058/3565
f 3058/3565 3105/3839 3147/3815
vt 0.6368 0.7688
f 2948/3555 3320/3840 3076/3506
f 2793/3511 3225/3781 2995/3512
f 2972/3603 3023/3690 3148/3782
vt 0.9668 0.9068
f 3023/3690 2912/3554 3150/3841
vt 0.9599 0.9056
f 3023/3690 3150/3841 3226/3842
f 2912/3554 3107/3634 3150/3841
vt 0.0135 0.0361
f 3066/3705 3040/3755 3224/3843
f 2990/3547 3109/3630 3157/3802
vt 0.6237 0.796
f 2953/3628 2968/3595 3241/3844
f 2882/3525 3110/3759 2845/3520
vt 0.9155 0.0602
f 3050/3609 3111/3783 3162/3845
f 2931/3446 2932/3615 3363/3819
vt 0.6331 0.7799
f 3039/3545 3057/3677 3112/3846
f 2949/3443 3187/3791 3444/3806
f 2981/3625 3178/3626 3108/3504
vt 0.9793 0.9113
f 3046/3681 2921/3704 3113/3847
vt 0.6269 0.7886
f 2946/3464 3201/3848 3057/3677
f 3003/3726 3098/3797 3018/3727
f 2874/3518 3149/3809 3114/3737
vt 0.982 0.9126
f 2921/3704 3083/3849 3113/3847
vt 0.5875 0.2033
f 3068/3602 3121/3632 3195/3850
vt 0.8237 0.313
f 3152/3795 3154/3751 3193/3851
f 2991/3500 3328/3753 3079/3803
f 3027/3644 3032/3742 3115/3813
f 2946/3464 3008/3709 3201/3848
vt 0.5599 0.3154
f 3054/3695 3204/3852 3177/3836
f 2982/3566 3164/3800 3166/3752
vt 0.8321 0.7162
vt 0.8287 0.716
f 2967/3853 3258/3854 2996/3828
vt 0.5981 0.2013
vt 0.6023 0.2001
f 3034/3746 3190/3855 3389/3856
f 2853/3527 3126/3680 3227/3733
vt 0.5575 0.206
f 3069/3458 3103/3857 3308/3707
vt 0.9472 0.9069
f 3077/3756 3158/3858 3185/3805
f 3124/3594 3050/3609 3162/3845
vt 0.5506 0.2064
f 3196/3639 3104/3837 3179/3859
f 3034/3746 3191/3785 3190/3855
f 3043/3588 3001/3706 3194/3807
vt 0.7899 0.3088
f 3095/3581 2977/3674 3251/3860
f 3068/3602 3195/3850 3065/3788
vt 0.844 0.7483
f 3119/3666 3230/3861 3006/3650
f 3106/3466 3120/3728 3161/3699
vt 0.5768 0.2039
f 2845/3520 3375/3862 3188/3655
vt 0.6206 0.8012
f 3035/3700 3145/3863 3181/3744
f 3020/3568 3148/3782 3077/3756
vt 0.0163 0.0361
f 3224/3843 3040/3755 3115/3864
vt 0.8101 0.7562
f 3045/3732 3173/3826 3118/3865
vt 0.7372 0.4562
f 3047/3613 3048/3491 3125/3866
f 3016/3731 3240/3773 3137/3774
f 3165/3573 3125/3866 3048/3491
vt 0.7382 0.4536
f 3047/3613 3208/3867 3151/3810
f 2953/3628 3241/3844 3361/3811
f 3053/3694 3101/3834 3037/3656
f 2968/3595 3181/3744 3241/3844
vt 0.6258 0.2003
f 3100/3641 3142/3833 3174/3868
vt 0.5806 0.8428
f 3126/3680 3081/3642 3276/3869
vt 0.7403 0.438
f 2930/3612 3127/3784 3242/3870
vt 0.7174 0.4199
f 3128/3646 3129/3871 2920/3577
f 2920/3577 3129/3871 3312/3668
f 2973/3487 3312/3668 3088/3763
vt 0.6913 0.4228
f 3090/3617 3461/3872 3085/3637
f 3049/3494 3091/3766 3168/3822
vt 0.6698 0.4262
f 3010/3669 3132/3873 3013/3670
vt 0.9109 0.0232
f 3134/3587 3135/3874 3092/3579
f 3092/3579 3135/3874 3314/3824
vt 0.7898 0.76
vt 0.7867 0.7577
vt 0.7907 0.7584
f 3015/3875 3263/3876 3172/3877
vt 0.7935 0.308
vt 0.7925 0.3085
f 2977/3674 3096/3878 3233/3879
vt 0.8225 0.7081
vt 0.8201 0.7068
f 3096/3716 3310/3880 3220/3881
f 3096/3716 3017/3536 3310/3880
vt 0.9143 0.0528
f 3078/3661 3118/3882 3097/3827
vt 0.6305 0.1991
f 3099/3635 3140/3832 3138/3883
f 3099/3635 3138/3883 3139/3786
vt 0.629 0.3174
f 2998/3608 3052/3692 3141/3884
f 2998/3608 3141/3884 3041/3659
vt 0.6161 0.3195
f 3029/3683 3101/3834 3237/3885
f 3029/3683 3237/3885 3102/3684
f 3036/3597 3266/3835 3213/3776
f 3121/3632 3144/3662 3195/3850
f 3004/3691 3308/3707 3084/3743
f 3069/3458 2943/3426 3103/3857
vt 0.0032 0.0298
f 3056/3702 3180/3886 3104/3736
vt 0.0057 0.0349
f 3318/3758 3200/3887 3180/3701
f 3066/3705 3224/3843 3318/3758
f 3039/3545 3112/3846 3105/3839
f 2904/3584 3319/3760 3285/3838
vt 0.8729 0.1059
f 3062/3804 3185/3888 3273/3780
f 2995/3512 3225/3781 3197/3729
vt 0.6475 0.7418
f 3059/3678 3157/3802 3189/3889
vt 0.9565 0.9072
f 3023/3690 3387/3890 3148/3782
vt 0.5682 0.8517
f 3149/3809 2965/3808 3059/3891
f 2983/3570 3060/3708 3203/3761
vt 0.6267 0.3194
f 3041/3659 3343/3892 3053/3694
vt 0.5983 0.3168
f 3070/3575 3031/3741 3223/3893
f 3070/3575 3223/3893 3116/3792
f 3076/3506 3320/3840 3163/3801
vt 0.8195 0.3122
f 3117/3698 3152/3795 3235/3894
f 2845/3520 3110/3759 3375/3862
vt 0.9142 0.055
f 3005/3640 3097/3827 3153/3895
f 3005/3640 3153/3895 3111/3783
f 3017/3536 3206/3718 3310/3880
vt 0.8326 0.7207
vt 0.8312 0.7202
f 2967/3853 3117/3896 3155/3897
f 2967/3853 3155/3897 3258/3854
f 3054/3695 3156/3624 3204/3852
vt 0.7209 0.4227
f 3128/3646 3290/3762 3248/3898
vt 0.6215 0.8066
vt 0.6196 0.8049
f 3035/3700 3055/3899 3211/3900
vt 0.9459 0.9064
f 3185/3805 3158/3858 3254/3901
vt 0.8216 0.3135
f 3193/3851 3210/3902 3152/3795
vt 0.6043 0.2001
f 3034/3746 3267/3903 3176/3740
vt 0.5644 0.8509
vt 0.5654 0.8496
f 3059/3891 3189/3904 3159/3905
f 2948/3555 3147/3815 3320/3840
f 2932/3615 3215/3764 3363/3819
vt 0.9752 0.9113
f 3046/3681 3113/3847 3354/3906
f 3046/3681 3354/3906 3060/3708
vt 0.5653 0.3168
f 3024/3551 3287/3907 3156/3624
vt 0.9184 0.0656
f 3082/3789 3124/3594 3279/3908
f 3060/3708 3354/3906 3203/3761
f 3008/3709 3361/3811 3201/3848
vt 0.8422 0.7372
f 3205/3812 3063/3723 3277/3909
f 3080/3721 2996/3828 3258/3854
vt 0.7318 0.4627
f 3165/3573 3086/3530 3231/3910
f 3095/3581 3251/3860 3025/3738
vt 0.8365 0.7317
f 3071/3829 3205/3812 3202/3911
f 3034/3746 3389/3856 3267/3903
vt 0.9168 0.0619
f 3162/3845 3257/3912 3124/3594
vt 0.569 0.3167
f 3292/3793 3192/3913 3024/3551
vt 0.8268 0.7479
vt 0.8298 0.7467
f 3082/3817 3279/3914 3315/3915
vt 0.6414 0.7494
vt 0.642 0.7458
f 3109/3630 3286/3916 3253/3917
vt 0.6439 0.7435
f 3253/3917 3228/3918 3109/3630
vt 0.9794 0.9137
f 3083/3849 3294/3919 3113/3847
vt 0.5767 0.3172
f 3073/3623 3079/3803 3359/3920
f 3128/3646 3248/3898 3129/3871
vt 0.7724 0.3088
f 3171/3823 3136/3619 3419/3921
f 3086/3530 3087/3578 3231/3910
vt 0.7014 0.4206
f 3089/3614 3460/3922 3130/3447
f 3130/3447 3460/3922 2974/3616
f 2974/3616 3460/3922 3415/3820
f 3090/3617 3415/3820 3461/3872
f 2778/3448 3260/3821 3365/3765
vt 0.688 0.4223
f 3085/3637 3461/3872 3366/3923
f 3085/3637 3366/3923 2955/3638
vt 0.6751 0.4271
f 3132/3873 3010/3669 3218/3924
vt 0.9114 0.0204
f 3134/3587 2938/3618 3338/3925
f 3134/3587 3338/3925 3135/3874
vt 0.7761 0.3088
f 3093/3620 3458/3926 3136/3619
f 2977/3674 3233/3879 3251/3860
vt 0.8198 0.7055
f 3096/3716 3220/3881 3233/3927
vt 0.8349 0.7283
vt 0.8367 0.7294
f 3193/3928 3154/3929 3202/3911
f 3154/3929 3071/3829 3202/3911
f 3082/3817 3315/3915 3098/3797
f 3063/3723 3246/3799 3277/3909
vt 0.838 0.746
f 3119/3666 3018/3727 3282/3930
f 3119/3666 3282/3930 3230/3861
vt 0.8484 0.7495
f 3019/3688 3006/3650 3245/3931
vt 0.6361 0.319
f 3019/3775 3245/3932 3052/3692
vt 0.6332 0.1991
f 3139/3786 3324/3933 3295/3831
f 3140/3832 3100/3641 3174/3868
f 3041/3659 3141/3884 3343/3892
vt 0.6221 0.2002
f 3142/3833 3289/3934 3174/3868
vt 0.6036 0.3196
f 3143/3747 3371/3935 3031/3741
f 2943/3426 3196/3639 3103/3857
f 2981/3625 3177/3836 3178/3626
vt 0.5497 0.3163
f 3055/3777 3178/3626 3467/3936
vt 0.0024 0.0295
f 3104/3736 3180/3886 3252/3937
f 3035/3700 3211/3900 3145/3863
vt 0.8853 0.1109
f 3183/3546 3197/3729 3184/3938
f 3109/3630 3186/3629 3286/3916
f 3387/3890 3023/3690 3226/3842
vt 0.568 0.8474
f 3149/3809 3441/3939 3114/3737
vt 0.9682 0.9091
f 3107/3634 3203/3761 3395/3940
f 3081/3642 3444/3806 3276/3869
f 3109/3630 3228/3918 3157/3802
vt 0.9175 0.0636
f 3124/3594 3123/3941 3279/3908
f 3007/3515 3166/3752 3319/3760
f 3059/3891 3159/3905 3149/3809
vt 0.5825 0.8353
f 3083/3696 3227/3733 3294/3942
vt 0.9519 0.908
f 3077/3756 3148/3782 3275/3943
vt 0.593 0.2012
f 3191/3785 3065/3788 3198/3944
vt 0.9129 0.1203
f 3074/3779 3506/3945 3182/3606
f 3024/3551 3192/3913 3287/3907
f 3235/3894 3152/3795 3210/3902
f 3072/3591 3212/3790 3164/3800
vt 0.59 0.2011
f 3065/3788 3195/3850 3209/3946
vt 0.6118 0.3194
f 3102/3684 3237/3885 3199/3947
f 3146/3576 3182/3606 3032/3742
vt 0.5833 0.2033
f 3375/3862 3323/3948 3188/3655
vt 0.911 0.0128
f 3169/3767 3368/3949 3219/3768
f 3073/3623 3359/3920 3292/3793
vt 0.6257 0.7852
f 3057/3677 3201/3848 3383/3950
vt 0.6271 0.783
f 3057/3677 3383/3950 3236/3951
vt 0.908 0.1197
f 3038/3750 3285/3838 3455/3952
vt 0.619 0.2003
f 3142/3833 3213/3776 3309/3953
vt 0.6046 0.7947
vt 0.604 0.7937
vt 0.6066 0.7934
f 3224/3954 3115/3955 3298/3956
f 3102/3684 3199/3947 3175/3745
vt 0.7146 0.4224
f 3312/3668 3129/3871 3534/3957
vt 0.7399 0.4438
f 3127/3784 3307/3787 3256/3958
f 3124/3594 3257/3912 3123/3941
f 3125/3866 3208/3867 3047/3613
vt 0.7268 0.4669
f 3087/3578 3363/3819 3414/3959
f 3065/3788 3209/3946 3198/3944
vt 0.5794 0.8394
f 3126/3680 3276/3869 3288/3960
f 3126/3680 3288/3960 3227/3733
f 3188/3655 3323/3948 3144/3662
vt 0.946 0.9098
f 3158/3858 3247/3961 3254/3901
vt 0.7042 0.4222
f 3089/3614 3088/3763 3501/3962
f 3089/3614 3501/3962 3460/3922
f 3195/3850 3144/3662 3323/3948
f 3001/3706 2930/3612 3242/3870
f 3067/3601 3229/3687 3250/3816
f 3127/3784 3256/3958 3242/3870
f 3087/3578 3414/3959 3231/3910
vt 0.7103 0.4816
f 3167/3667 3168/3822 3216/3963
vt 0.68 0.4258
f 3131/3711 3217/3964 3218/3924
f 3131/3711 3218/3924 3010/3669
vt 0.6985 0.49
f 3133/3712 3014/3713 3262/3965
vt 0.67 0.4299
f 3132/3873 3218/3924 3368/3966
vt 0.6696 0.4277
f 3132/3873 3368/3966 3169/3967
vt 0.765 0.3063
f 3014/3714 3170/3672 3262/3968
f 2938/3618 3219/3768 3338/3925
f 3136/3619 3458/3926 3419/3921
f 3093/3620 3412/3769 3458/3926
vt 0.7934 0.7581
vt 0.7947 0.7565
f 3064/3969 3379/3970 3044/3772
f 3044/3772 3379/3970 3240/3773
f 3098/3797 3282/3930 3018/3727
vt 0.8485 0.7396
f 3042/3653 3221/3971 3246/3799
f 3042/3653 3295/3830 3221/3971
vt 0.8485 0.7492
f 3006/3650 3230/3861 3245/3972
f 3139/3786 3138/3883 3324/3933
vt 0.6305 0.3197
f 3052/3692 3222/3973 3141/3884
vt 0.616 0.2001
f 3213/3776 3266/3835 3301/3974
vt 0.6075 0.2003
f 3176/3740 3340/3975 3266/3835
vt 0.5871 0.3198
f 2980/3611 3160/3794 3432/3976
f 2980/3611 3432/3976 3328/3753
vt 0.5719 0.2009
f 3075/3685 3084/3743 3302/3977
vt 0.5601 0.2029
f 3103/3857 3356/3978 3308/3707
vt 0.0039 0.0342
f 3180/3701 3200/3887 3252/3979
vt 0.0014 0.0275
vt 0.0008 0.0282
f 3179/3980 3104/3736 3377/3981
vt 0.5477 0.3161
f 3055/3777 3467/3936 3211/3982
vt 0.0009 0.0289
f 3104/3736 3252/3937 3270/3983
f 3104/3736 3270/3983 3377/3981
vt 0.9228 0.1251
f 3115/3813 3032/3742 3271/3984
f 3038/3750 3455/3952 3074/3779
vt 0.6385 0.7571
f 3120/3728 3483/3985 3161/3699
vt 0.6407 0.7539
f 3161/3699 3296/3986 3186/3629
f 3186/3629 3296/3986 3286/3916
f 3107/3634 3395/3940 3150/3841
f 3080/3721 3258/3854 3206/3718
vt 0.9451 0.9093
f 3254/3901 3247/3961 3244/3987
vt 0.7843 0.7569
vt 0.7822 0.7555
vt 0.7822 0.7541
f 3314/3988 3135/3989 3465/3990
f 3212/3790 3183/3546 3184/3938
vt 0.7369 0.4495
f 3151/3810 3208/3867 3471/3991
f 3156/3624 3287/3907 3204/3852
vt 0.5534 0.2031
f 3196/3639 3405/3992 3103/3857
f 3196/3639 3179/3859 3405/3992
vt 0.7915 0.3096
vt 0.7901 0.3102
f 3251/3860 3233/3993 3350/3994
f 3075/3685 3302/3977 3110/3759
vt 0.7224 0.4705
f 3215/3764 3364/3995 3363/3819
vt 0.6406 0.7431
f 3253/3917 3280/3996 3228/3918
vt 0.5816 0.3177
f 3079/3803 3328/3753 3232/3997
vt 0.605 0.7926
f 3115/3955 3271/3998 3298/3956
f 3077/3756 3275/3943 3158/3858
vt 0.9491 0.9101
f 3247/3961 3158/3858 3339/3999
f 3001/3706 3242/3870 3194/3807
vt 0.6458 0.7418
f 3157/3802 3333/4000 3189/3889
vt 0.6211 0.794
f 3361/3811 3241/3844 3234/4001
vt 0.6241 0.1993
f 3289/3934 3332/4002 3174/3868
vt 0.5727 0.3206
f 3192/3913 3292/3793 3514/4003
vt 0.8322 0.7232
f 3155/3897 3117/3896 3235/4004
f 3149/3809 3159/3905 3441/3939
vt 0.6198 0.3197
f 3101/3834 3238/4005 3237/3885
vt 0.8236 0.7498
vt 0.8218 0.7507
vt 0.8224 0.7469
f 3123/4006 3257/4007 3239/4008
vt 0.8733 0.1035
vt 0.8751 0.1032
f 3185/3888 3254/4009 3255/4010
f 3185/3888 3255/4010 3273/3780
vt 0.8329 0.7268
vt 0.8292 0.7247
f 3235/4004 3210/4011 3299/4012
vt 0.5731 0.8459
f 3187/3791 3114/3737 3477/4013
f 3187/3791 3477/4013 3444/3806
vt 0.843 0.7461
f 3230/3861 3282/3930 3278/4014
vt 0.8978 0.1157
f 3166/3752 3378/4015 3319/3760
vt 0.7399 0.4339
f 3194/3807 3386/4016 3122/3610
vt 0.8339 0.7336
f 3202/3911 3409/4017 3193/3928
vt 0.6342 0.3205
f 3052/3692 3245/3932 3297/4018
vt 0.6283 0.1987
f 3140/3832 3174/3868 3243/4019
vt 0.6384 0.7432
f 3253/3917 3244/4020 3280/3996
vt 0.8088 0.7533
f 3173/3826 3264/4021 3118/3865
vt 0.8203 0.7522
vt 0.8192 0.7496
f 3162/4022 3322/4023 3257/4007
vt 0.0071 0.0382
f 3200/3887 3318/3758 3411/4024
vt 0.9714 0.9115
f 3203/3761 3354/3906 3355/4025
f 3203/3761 3355/4025 3395/3940
vt 0.636 0.7624
f 3163/3801 3352/4026 3120/3728
vt 0.6284 0.7804
f 3057/3677 3362/4027 3112/3846
vt 0.8382 0.7357
f 3205/3812 3277/3909 3393/4028
vt 0.6232 0.3195
f 3053/3694 3343/3892 3293/4029
vt 0.6391 0.7423
f 3244/4020 3247/4030 3280/3996
f 3123/4006 3239/4008 3279/3914
vt 0.6324 0.7742
f 3105/3839 3112/3846 3413/4031
vt 0.62 0.7977
f 3181/3744 3145/3863 3317/4032
f 3052/3692 3297/4018 3222/3973
vt 0.825 0.7151
f 3206/3718 3258/3854 3380/4033
f 3079/3803 3232/3997 3359/3920
vt 0.6171 0.8029
f 3211/3900 3398/4034 3145/3863
f 3166/3752 3164/3800 3378/4015
vt 0.8154 0.7543
vt 0.8127 0.7547
vt 0.8124 0.7523
f 3153/4035 3097/4036 3351/4037
vt 0.8155 0.7496
f 3153/4035 3351/4037 3478/4038
vt 0.8177 0.7531
f 3153/4035 3478/4038 3111/4039
vt 0.6442 0.7416
f 3157/3802 3342/4040 3333/4000
f 3158/3858 3275/3943 3339/3999
vt 0.7366 0.4312
f 3229/3687 3385/4041 3250/3816
vt 0.7316 0.4587
f 3165/3573 3259/4042 3125/3866
vt 0.6849 0.4254
f 3366/3923 3261/4043 2955/3638
vt 0.7118 0.4786
f 3167/3667 3216/3963 3417/4044
f 2955/3638 3261/4043 3009/3710
vt 0.7059 0.4843
f 3216/3963 3168/3822 3367/4045
f 3009/3710 3217/3964 3131/3711
f 3168/3822 3091/3766 3367/4045
vt 0.6717 0.4311
f 3218/3924 3462/4046 3368/3966
vt 0.6975 0.4878
f 3133/3712 3262/3965 3463/4047
f 3170/3672 3171/3823 3262/3968
vt 0.7994 0.755
f 3137/3774 3240/3773 3420/4048
f 3202/3911 3205/3812 3393/4028
vt 0.8335 0.7446
f 3098/3797 3403/4049 3282/3930
f 3140/3832 3243/4019 3138/3883
f 3053/3694 3293/4029 3101/3834
f 3142/3833 3309/3953 3289/3934
f 3101/3834 3293/4029 3238/4005
f 3213/3776 3301/3974 3309/3953
vt 0.6121 0.1999
f 3301/3974 3266/3835 3265/4050
vt 0.6074 0.32
f 3175/3745 3199/3947 3268/4051
f 3176/3740 3267/3903 3340/3975
f 3175/3745 3268/4051 3143/3747
f 3143/3747 3268/4051 3371/3935
vt 0.5999 0.3196
f 3371/3935 3372/4052 3031/3741
f 3031/3741 3372/4052 3223/3893
vt 0.594 0.3203
f 3223/3893 3372/4052 3316/4053
f 3223/3893 3316/4053 3116/3792
f 3191/3785 3198/3944 3190/3855
f 3116/3792 3316/4053 3207/3748
vt 0.5748 0.2011
f 3110/3759 3302/3977 3303/4054
vt 0.5669 0.2019
f 3084/3743 3269/4055 3302/3977
vt 0.0097 0.0401
f 3318/3758 3224/3843 3394/4056
f 3181/3744 3317/4032 3241/3844
f 3057/3677 3236/3951 3362/4027
vt 0.6382 0.7472
f 3253/3917 3286/3916 3272/4057
vt 0.8825 0.1081
f 3225/3781 3291/4058 3197/3729
vt 0.8783 0.1036
f 3273/3780 3306/4059 3225/3781
vt 0.9629 0.9092
f 3226/3842 3150/3841 3274/4060
f 3148/3782 3387/3890 3275/3943
f 3097/4036 3118/3865 3264/4021
f 3097/4036 3264/4021 3351/4037
vt 0.562 0.8489
f 3189/3904 3333/4061 3159/3905
vt 0.8275 0.7198
f 3155/3897 3346/4062 3258/3854
f 3162/4022 3111/4039 3322/4023
f 3235/4004 3299/4012 3155/3897
vt 0.0126 0.0393
f 3224/3843 3298/4063 3394/4056
vt 0.8314 0.7318
f 3210/4011 3193/3928 3300/4064
f 3110/3759 3303/4054 3375/3862
f 3105/3839 3413/4031 3147/3815
vt 0.6294 0.7772
f 3112/3846 3522/4065 3413/4031
vt 0.554 0.3163
f 3178/3626 3177/3836 3392/4066
vt 0.8442 0.7416
f 3246/3799 3284/4067 3277/3909
vt 0.7284 0.4268
f 3214/3686 3360/4068 3290/3762
vt 0.9482 0.9109
f 3247/3961 3339/3999 3281/4069
f 3229/3687 3122/3610 3385/4041
vt 0.8357 0.7421
f 3278/4014 3282/3930 3428/4070
vt 0.8408 0.7408
f 3278/4014 3283/4071 3284/4067
f 3278/4014 3428/4070 3283/4071
f 3214/3686 3250/3816 3360/4068
f 3157/3802 3228/3918 3342/4040
vt 0.6402 0.7408
f 3247/4030 3281/4072 3280/3996
f 3246/3799 3221/3971 3284/4067
vt 0.8461 0.7466
f 3284/4067 3325/4073 3278/4014
vt 0.6347 0.198
f 3324/3933 3331/4074 3295/3831
vt 0.9031 0.1157
f 3285/3838 3319/3760 3454/4075
f 3284/4067 3283/4071 3277/3909
f 3227/3733 3288/3960 3294/3942
vt 0.919 0.1226
f 3032/3742 3182/3606 3249/4076
vt 0.9764 0.914
f 3113/3847 3345/4077 3354/3906
vt 0.5702 0.8457
f 3441/3939 3480/4078 3114/3737
f 3161/3699 3483/3985 3296/3986
f 3032/3742 3249/4076 3271/3984
f 3141/3884 3222/3973 3343/3892
f 3257/4007 3322/4023 3239/4008
f 3113/3847 3294/3919 3345/4077
f 3155/3897 3299/4012 3346/4062
vt 0.8266 0.7445
f 3315/3915 3279/3914 3370/4079
vt 0.5497 0.2047
vt 0.5508 0.2011
f 3179/3859 3377/4080 3551/4081
f 3179/3859 3551/4081 3405/3992
vt 0.6945 0.4232
f 3461/3872 3415/3820 3416/4082
vt 0.7334 0.45
f 3208/3867 3595/4083 3471/3991
vt 0.9591 0.9092
f 3226/3842 3274/4060 3334/4084
f 3111/4039 3478/4038 3322/4023
f 3278/4014 3325/4073 3230/3861
vt 0.0048 0.0377
f 3200/3887 3411/4024 3399/4085
vt 0.8916 0.1106
f 3212/3790 3184/3938 3439/4086
vt 0.6319 0.1982
f 3138/3883 3326/4087 3324/3933
vt 0.5636 0.2005
f 3084/3743 3308/3707 3304/4088
f 3182/3606 3506/3945 3249/4076
vt 0.6337 0.7667
f 3163/3801 3320/3840 3384/4089
vt 0.6096 0.1996
vt 0.6105 0.1996
f 3266/3835 3341/4090 3305/4091
f 3266/3835 3305/4091 3265/4050
f 3255/4010 3306/4059 3273/3780
f 3307/3787 3151/3810 3471/3991
vt 0.5684 0.3201
f 3192/3913 3514/4003 3474/4092
vt 0.0038 0.0374
f 3200/3887 3376/4093 3252/3979
f 3200/3887 3399/4085 3376/4093
vt 0.5875 0.2
f 3195/3850 3447/4094 3209/3946
vt 0.5766 0.8419
f 3276/3869 3444/3806 3427/4095
vt 0.8225 0.7142
f 3206/3718 3311/4096 3310/3880
vt 0.7093 0.423
f 3312/3668 3451/4097 3088/3763
vt 0.733 0.4546
f 3125/3866 3407/4098 3208/3867
vt 0.7184 0.4728
f 3215/3764 3365/3765 3438/4099
f 3215/3764 3438/4099 3364/3995
f 3167/3667 3417/4044 3260/3821
f 3009/3710 3261/4043 3217/3964
vt 0.7015 0.4862
f 3091/3766 3313/4100 3367/4045
f 3091/3766 3133/3712 3313/4100
f 3133/3712 3463/4047 3313/4100
vt 0.7861 0.7543
f 3314/3988 3498/4101 3263/3876
vt 0.7871 0.3111
f 3025/3738 3251/3860 3430/4102
vt 0.8179 0.7063
f 3233/3927 3220/3881 3350/4103
vt 0.8051 0.7529
f 3137/3774 3450/4104 3173/3826
vt 0.8282 0.7277
f 3210/4011 3406/4105 3299/4012
f 3193/3928 3409/4017 3300/4064
f 3202/3911 3393/4028 3409/4017
f 3098/3797 3315/3915 3403/4049
f 3266/3835 3340/3975 3341/4090
vt 0.6001 0.1995
f 3389/3856 3190/3855 3349/4106
vt 0.5981 0.1995
f 3190/3855 3391/4107 3349/4106
vt 0.5904 0.3204
f 3207/3748 3316/4053 3442/4108
f 3207/3748 3442/4108 3160/3794
f 3160/3794 3442/4108 3432/3976
vt 0.5845 0.318
f 3328/3753 3432/3976 3408/4109
f 3084/3743 3304/4088 3269/4055
vt 0.6171 0.7992
f 3145/3863 3398/4034 3436/4110
f 3145/3863 3436/4110 3317/4032
f 3241/3844 3317/4032 3234/4001
f 3074/3779 3455/3952 3506/3945
f 3120/3728 3352/4026 3483/3985
f 3253/3917 3272/4057 3244/4020
vt 0.634 0.7441
f 3244/4020 3272/4057 3468/4111
vt 0.6363 0.7418
f 3244/4020 3468/4111 3254/4112
vt 0.6341 0.7422
f 3254/4112 3468/4111 3255/4113
vt 0.8813 0.1051
f 3225/3781 3449/4114 3291/4058
f 3225/3781 3306/4059 3449/4114
f 3226/3842 3334/4084 3387/3890
f 3114/3737 3480/4078 3477/4013
f 3279/3914 3239/4008 3370/4079
f 3103/3857 3405/3992 3356/3978
f 3173/3826 3450/4104 3264/4021
f 3122/3610 3386/4016 3385/4041
vt 0.8516 0.742
f 3295/3830 3331/4115 3221/3971
vt 0.8952 0.1119
f 3164/3800 3321/4116 3378/4015
f 3276/3869 3427/4095 3288/3960
vt 0.6343 0.329
vt 0.6343 0.3274
vt 0.636 0.3285
f 3324/4117 3326/4118 3331/4119
vt 0.625 0.3267
vt 0.6237 0.328
vt 0.622 0.323
f 3332/4120 3289/4121 3327/4122
f 3210/4011 3300/4064 3406/4105
f 3177/3836 3204/3852 3392/4066
vt 0.642 0.741
f 3280/3996 3401/4123 3228/3918
f 3280/3996 3281/4072 3401/4123
f 3165/3573 3231/3910 3259/4042
vt 0.8487 0.7428
f 3284/4067 3221/3971 3329/4124
f 3293/4029 3327/4122 3238/4005
f 3284/4067 3329/4124 3325/4073
vt 0.6252 0.3226
f 3293/4029 3330/4125 3327/4122
vt 0.7895 0.7553
f 3172/3877 3263/3876 3369/4126
vt 0.6207 0.3278
f 3289/4121 3309/4127 3327/4122
f 3194/3807 3242/3870 3386/4016
f 3258/3854 3346/4062 3380/4033
f 3293/4029 3343/3892 3330/4125
vt 0.6371 0.3221
f 3245/3932 3336/4128 3297/4018
vt 0.637 0.3268
f 3331/4119 3326/4118 3329/4129
f 3277/3909 3283/4071 3393/4028
vt 0.6353 0.3243
f 3326/4118 3337/4130 3329/4129
vt 0.631 0.3255
f 3326/4118 3353/4131 3337/4130
f 3327/4122 3330/4125 3332/4120
f 3150/3841 3395/3940 3274/4060
f 3337/4130 3353/4131 3297/4018
vt 0.6309 0.3284
f 3326/4118 3138/4132 3353/4131
vt 0.5795 0.8346
f 3294/3942 3288/3960 3345/4133
f 3297/4018 3336/4128 3337/4130
vt 0.6198 0.325
f 3309/4127 3335/4134 3327/4122
f 3163/3801 3384/4089 3352/4026
vt 0.8503 0.746
vt 0.8484 0.7472
f 3337/4135 3336/4136 3329/4124
f 3336/4136 3245/3972 3325/4073
f 3325/4073 3329/4124 3336/4136
vt 0.6268 0.1983
f 3174/3868 3332/4002 3348/4137
vt 0.628 0.3268
f 3332/4120 3330/4125 3348/4138
f 3327/4122 3335/4134 3238/4005
f 3228/3918 3401/4123 3342/4040
vt 0.836 0.7378
f 3393/4028 3283/4071 3347/4139
vt 0.6166 0.8051
f 3398/4034 3211/3900 3422/4140
vt 0.6178 0.3288
f 3309/4127 3301/4141 3335/4134
f 3297/4018 3353/4131 3222/3973
vt 0.7784 0.7544
f 3338/4142 3465/3990 3135/3989
vt 0.6142 0.3284
vt 0.6161 0.325
f 3301/4141 3265/4143 3344/4144
f 3331/4115 3329/4124 3221/3971
f 3283/4071 3428/4070 3347/4139
f 3301/4141 3344/4144 3335/4134
f 3230/3861 3325/4073 3245/3972
vt 0.6094 0.3293
vt 0.6067 0.3287
vt 0.6107 0.3281
f 3340/4145 3267/4146 3341/4147
f 3238/4005 3335/4134 3344/4144
f 3238/4005 3344/4144 3237/3885
f 3174/3868 3348/4137 3243/4019
vt 0.6129 0.3228
f 3237/3885 3358/4148 3199/3947
f 3411/4024 3318/3758 3394/4056
vt 0.6316 0.7698
f 3147/3815 3413/4031 3423/4149
f 3197/3729 3291/4058 3184/3938
f 3192/3913 3474/4092 3287/3907
f 3112/3846 3362/4027 3522/4065
f 3206/3718 3380/4033 3311/4096
f 3353/4131 3138/4132 3348/4138
vt 0.6292 0.3282
f 3138/4132 3243/4150 3348/4138
f 3125/3866 3259/4042 3407/4098
f 3147/3815 3423/4149 3320/3840
vt 0.6061 0.7915
f 3271/3998 3410/4151 3298/3956
vt 0.922 0.122
f 3271/3984 3249/4076 3410/4152
f 3348/4138 3330/4125 3353/4131
f 3282/3930 3403/4049 3428/4070
f 3353/4131 3330/4125 3222/3973
f 3330/4125 3343/3892 3222/3973
vt 0.7329 0.4309
f 3250/3816 3525/4153 3360/4068
vt 0.8201 0.7115
f 3310/3880 3311/4096 3357/4154
f 3292/3793 3359/3920 3514/4003
vt 0.564 0.3192
f 3204/3852 3287/3907 3381/4155
vt 0.5607 0.3195
f 3204/3852 3381/4155 3543/4156
vt 0.7354 0.4454
f 3256/3958 3307/3787 3627/4157
vt 0.9542 0.9107
f 3275/3943 3387/3890 3390/4158
f 3237/3885 3344/4144 3358/4148
f 3212/3790 3439/4086 3164/3800
vt 0.6127 0.3271
f 3344/4144 3305/4159 3358/4148
f 3164/3800 3439/4086 3321/4116
f 3251/3860 3350/3994 3430/4102
f 3344/4144 3265/4143 3305/4159
vt 0.6194 0.7893
f 3234/4001 3584/4160 3361/3811
vt 0.6762 0.43
f 3217/3964 3566/4161 3218/3924
vt 0.6961 0.4892
f 3262/3965 3597/4162 3463/4047
vt 0.9127 0.0132
f 3368/3949 3464/4163 3219/3768
vt 0.9123 0.0157
f 3219/3768 3464/4163 3418/4164
vt 0.9123 0.018
f 3219/3768 3418/4164 3400/4165
f 3219/3768 3400/4165 3338/3925
f 3314/3988 3465/3990 3498/4101
f 3172/3877 3369/4126 3064/3969
f 3064/3969 3369/4126 3379/3970
f 3240/3773 3379/3970 3420/4048
vt 0.8013 0.7516
f 3137/3774 3420/4048 3594/4166
f 3137/3774 3594/4166 3450/4104
vt 0.8299 0.7429
f 3315/3915 3370/4079 3435/4167
f 3315/3915 3435/4167 3403/4049
vt 0.5947 0.1996
f 3190/3855 3198/3944 3373/4168
f 3190/3855 3373/4168 3391/4107
vt 0.5911 0.1996
f 3198/3944 3374/4169 3373/4168
f 3198/3944 3209/3946 3374/4169
f 3209/3946 3447/4094 3374/4169
vt 0.5857 0.2
f 3195/3850 3426/4170 3447/4094
f 3195/3850 3323/3948 3426/4170
f 3328/3753 3408/4109 3232/3997
vt 0.5477 0.2004
vt 0.5474 0.1992
vt 0.5487 0.2008
f 3252/4171 3376/4172 3270/4173
vt 0.5492 0.2026
f 3270/4173 3551/4081 3377/4174
vt 0.5479 0.3181
f 3211/3982 3467/3936 3422/4175
vt 0.6377 0.7505
f 3286/3916 3500/4176 3272/4057
vt 0.7847 0.311
f 3025/3738 3466/4177 3094/3825
f 3310/3880 3357/4154 3220/3881
f 3178/3626 3392/4066 3467/3936
f 3208/3867 3407/4098 3595/4083
vt 0.5802 0.2013
f 3323/3948 3375/3862 3448/4178
vt 0.6101 0.3229
f 3199/3947 3358/4148 3382/4179
vt 0.8981 0.1114
f 3321/4116 3532/4180 3378/4015
f 3199/3947 3382/4179 3268/4051
f 3305/4159 3341/4147 3382/4179
f 3305/4159 3382/4179 3358/4148
f 3308/3707 3356/3978 3304/4088
vt 0.9007 0.1128
f 3378/4015 3519/4181 3454/4075
f 3378/4015 3454/4075 3319/3760
vt 0.6067 0.3268
f 3341/4147 3267/4146 3396/4182
f 3341/4147 3396/4182 3382/4179
vt 0.5766 0.836
f 3288/3960 3434/4183 3345/4133
vt 0.6176 0.7965
f 3317/4032 3436/4110 3490/4184
f 3218/3924 3566/4161 3462/4046
vt 0.606 0.3229
f 3382/4179 3396/4182 3388/4185
vt 0.5608 0.8497
vt 0.5585 0.8472
f 3342/4186 3401/4187 3333/4061
vt 0.6044 0.329
f 3267/4146 3389/4188 3396/4182
vt 0.5622 0.8454
f 3159/3905 3333/4061 3437/4189
f 3268/4051 3382/4179 3388/4185
vt 0.9514 0.9126
vt 0.9495 0.9126
f 3339/3999 3397/4190 3281/4191
f 3275/3943 3390/4158 3339/3999
f 3204/3852 3543/4156 3392/4066
vt 0.6106 0.793
vt 0.6088 0.7958
f 3298/3956 3502/4192 3394/4193
vt 0.9734 0.9148
f 3354/3906 3345/4077 3434/4194
f 3268/4051 3388/4185 3371/3935
f 3263/3876 3498/4101 3369/4126
f 3286/3916 3296/3986 3500/4176
vt 0.7681 0.3097
f 3171/3823 3567/4195 3262/3968
vt 0.8186 0.7465
f 3239/4008 3322/4023 3476/4196
vt 0.622 0.7876
f 3201/3848 3361/3811 3424/4197
vt 0.6028 0.3262
f 3389/4188 3404/4198 3396/4182
vt 0.5774 0.3205
f 3359/3920 3425/4199 3514/4003
f 3388/4185 3396/4182 3404/4198
f 3375/3862 3303/4054 3448/4178
vt 0.7765 0.7513
f 3338/4142 3400/4200 3465/3990
vt 0.5981 0.3218
f 3372/4052 3402/4201 3316/4053
vt 0.6021 0.3289
f 3389/4188 3349/4202 3404/4198
vt 0.816 0.7092
f 3220/3881 3598/4203 3350/4103
vt 0.595 0.3227
f 3316/4053 3402/4201 3443/4204
vt 0.6903 0.4266
f 3366/3923 3461/3872 3564/4205
f 3366/3923 3564/4205 3261/4043
f 3387/3890 3334/4084 3390/4158
vt 0.5998 0.3294
vt 0.5968 0.3291
vt 0.599 0.3271
f 3391/4206 3373/4207 3431/4208
f 3391/4206 3431/4208 3349/4202
f 3347/4139 3409/4017 3393/4028
vt 0.7883 0.312
f 3430/4102 3350/3994 3421/4209
vt 0.8097 0.7492
f 3351/4037 3264/4021 3573/4210
vt 0.6145 0.8007
f 3398/4034 3446/4211 3436/4110
f 3339/3999 3390/4158 3397/4190
vt 0.602 0.322
f 3388/4185 3429/4212 3371/3935
vt 0.7178 0.4254
f 3129/3871 3617/4213 3534/3957
vt 0.5563 0.8467
vt 0.5567 0.8452
f 3281/4214 3397/4215 3401/4187
vt 0.5673 0.1991
vt 0.5698 0.1989
f 3269/4055 3509/4216 3513/4217
f 3269/4055 3513/4217 3302/3977
vt 0.6089 0.7915
f 3298/3956 3507/4218 3502/4192
vt 0.7369 0.4388
f 3242/3870 3256/3958 3433/4219
f 3250/3816 3385/4041 3525/4153
vt 0.7348 0.4411
f 3256/3958 3494/4220 3433/4219
f 3256/3958 3627/4157 3494/4220
vt 0.7279 0.4616
f 3231/3910 3414/3959 3526/4221
f 3088/3763 3451/4097 3501/3962
vt 0.9128 0.0167
f 3418/4164 3529/4222 3400/4165
f 3171/3823 3419/3921 3567/4195
f 3025/3738 3430/4102 3466/4177
vt 0.7942 0.7534
f 3379/3970 3499/4223 3420/4048
f 3220/3881 3357/4154 3598/4203
vt 0.9114 0.1171
f 3506/3945 3455/3952 3531/4224
f 3320/3840 3423/4149 3384/4089
vt 0.6332 0.7485
f 3272/4057 3550/4225 3468/4111
f 3354/3906 3434/4194 3355/4025
f 3201/3848 3424/4197 3383/3950
vt 0.7237 0.4259
f 3290/3762 3445/4226 3248/3898
f 3388/4185 3404/4198 3429/4212
f 3288/3960 3427/4095 3434/4183
f 3129/3871 3248/3898 3617/4213
f 3371/3935 3429/4212 3372/4052
vt 0.5533 0.3195
f 3392/4066 3560/4227 3467/3936
f 3317/4032 3490/4184 3234/4001
f 3298/3956 3410/4151 3507/4218
f 3287/3907 3474/4092 3381/4155
f 3269/4055 3304/4088 3509/4216
vt 0.5927 0.3296
vt 0.5949 0.3265
f 3373/4207 3374/4228 3453/4229
f 3372/4052 3429/4212 3402/4201
f 3349/4202 3431/4208 3404/4198
vt 0.6987 0.4249
f 3460/3922 3495/4230 3415/3820
f 3379/3970 3369/4126 3499/4223
f 3404/4198 3431/4208 3402/4201
f 3404/4198 3402/4201 3429/4212
vt 0.5838 0.1995
f 3426/4170 3323/3948 3473/4231
vt 0.5736 0.8404
f 3427/4095 3444/3806 3510/4232
f 3386/4016 3242/3870 3433/4219
vt 0.9675 0.9137
f 3395/3940 3355/4025 3511/4233
f 3361/3811 3584/4160 3424/4197
f 3386/4016 3433/4219 3385/4041
vt 0.8301 0.738
f 3347/4139 3428/4070 3470/4234
f 3428/4070 3435/4167 3470/4234
vt 0.9703 0.9151
f 3355/4025 3485/4235 3511/4233
f 3373/4207 3453/4229 3431/4208
f 3403/4049 3435/4167 3428/4070
f 3434/4183 3427/4095 3510/4232
vt 0.589 0.3295
vt 0.5901 0.3274
f 3447/4236 3472/4237 3374/4228
f 3431/4208 3453/4229 3402/4201
vt 0.961 0.9125
f 3334/4084 3274/4060 3482/4238
vt 0.6083 0.8004
vt 0.6096 0.8024
vt 0.6074 0.8019
f 3399/4239 3599/4240 3376/4241
f 3323/3948 3448/4178 3473/4231
vt 0.9569 0.9126
f 3334/4084 3482/4238 3503/4242
f 3159/3905 3437/4189 3441/3939
vt 0.9646 0.9126
f 3395/3940 3511/4233 3481/4243
f 3395/3940 3481/4243 3274/4060
vt 0.6179 0.7923
f 3234/4001 3490/4184 3546/4244
vt 0.8155 0.7069
f 3350/4103 3598/4203 3421/4245
vt 0.6333 0.7413
vt 0.6318 0.743
f 3306/4246 3255/4113 3440/4247
vt 0.6318 0.7629
f 3384/4089 3479/4248 3352/4026
f 3434/4194 3485/4235 3355/4025
vt 0.558 0.8441
f 3397/4215 3452/4249 3401/4187
vt 0.6093 0.7985
vt 0.6111 0.8005
f 3399/4239 3411/4250 3457/4251
vt 0.886 0.106
f 3184/3938 3521/4252 3439/4086
vt 0.9192 0.1188
f 3249/4076 3506/3945 3554/4253
f 3374/4228 3472/4237 3453/4229
f 3390/4158 3334/4084 3503/4242
f 3274/4060 3481/4243 3482/4238
f 3359/3920 3232/3997 3425/4199
f 3402/4201 3453/4229 3443/4204
vt 0.6306 0.7654
f 3384/4089 3493/4254 3479/4248
vt 0.6348 0.7589
f 3483/3985 3352/4026 3486/4255
f 3184/3938 3291/4058 3521/4252
vt 0.5907 0.3239
f 3442/4108 3316/4053 3469/4256
vt 0.9534 0.9136
f 3397/4190 3390/4158 3452/4257
vt 0.822 0.7197
f 3346/4062 3581/4258 3380/4033
f 3390/4158 3503/4242 3452/4257
f 3249/4076 3554/4253 3410/4152
vt 0.7632 0.3089
f 3262/3968 3567/4195 3597/4259
vt 0.9223 0.1199
f 3410/4152 3554/4253 3456/4260
f 3444/3806 3477/4013 3510/4232
f 3307/3787 3471/3991 3627/4157
vt 0.6283 0.7722
f 3413/4031 3629/4261 3423/4149
f 3392/4066 3543/4156 3560/4227
f 3478/4038 3476/4196 3322/4023
vt 0.6822 0.4288
f 3261/4043 3565/4262 3217/3964
vt 0.6066 0.7898
f 3410/4151 3456/4263 3507/4218
f 3285/3838 3454/4075 3455/3952
vt 0.8192 0.7434
f 3239/4008 3476/4196 3572/4264
vt 0.7798 0.3118
f 3094/3825 3466/4177 3619/4265
vt 0.6126 0.7965
f 3436/4110 3446/4211 3484/4266
f 3453/4229 3469/4256 3443/4204
f 3453/4229 3472/4237 3469/4256
vt 0.7149 0.4736
f 3260/3821 3459/4267 3365/3765
f 3290/3762 3360/4068 3445/4226
vt 0.7083 0.4258
f 3501/3962 3451/4097 3589/4268
f 3363/3819 3364/3995 3414/3959
vt 0.702 0.4249
f 3460/3922 3563/4269 3495/4230
f 3365/3765 3459/4267 3438/4099
vt 0.7042 0.4815
f 3216/3963 3367/4045 3528/4270
vt 0.6686 0.4331
f 3368/3966 3462/4046 3464/4271
vt 0.7707 0.75
vt 0.773 0.7491
vt 0.7732 0.751
f 3464/4272 3529/4273 3418/4274
f 3412/3769 3094/3825 3619/4265
vt 0.5484 0.1996
f 3270/4173 3569/4275 3551/4081
f 3270/4173 3376/4172 3569/4275
f 3378/4015 3532/4180 3519/4181
f 3272/4057 3500/4176 3550/4225
f 3231/3910 3526/4221 3259/4042
f 3312/3668 3534/3957 3451/4097
vt 0.5881 0.324
f 3442/4108 3491/4276 3432/3976
f 3413/4031 3522/4065 3629/4261
f 3347/4139 3470/4234 3409/4017
f 3333/4061 3401/4187 3437/4189
vt 0.5884 0.3301
vt 0.587 0.3303
f 3426/4277 3473/4278 3447/4236
vt 0.5651 0.1988
f 3304/4088 3579/4279 3509/4216
f 3443/4204 3469/4256 3316/4053
vt 0.8249 0.7232
f 3346/4062 3299/4012 3492/4280
f 3457/4251 3484/4266 3446/4211
f 3264/4021 3450/4104 3573/4210
f 3217/3964 3565/4262 3566/4161
vt 0.7834 0.751
f 3465/3990 3475/4281 3498/4101
f 3457/4251 3411/4250 3484/4266
f 3399/4239 3457/4251 3599/4240
vt 0.8803 0.1002
f 3306/4059 3440/4282 3449/4114
f 3436/4110 3484/4266 3490/4184
f 3442/4108 3469/4256 3491/4276
f 3472/4237 3447/4236 3491/4276
f 3411/4250 3394/4193 3484/4266
vt 0.6354 0.7538
f 3296/3986 3552/4283 3500/4176
vt 0.6138 0.8037
f 3446/4211 3398/4034 3530/4284
f 3234/4001 3546/4244 3584/4160
f 3469/4256 3472/4237 3491/4276
f 3446/4211 3530/4284 3457/4251
f 3415/3820 3495/4230 3416/4082
vt 0.6222 0.7832
f 3383/3950 3424/4197 3520/4285
f 3299/4012 3406/4105 3492/4280
vt 0.5703 0.8411
f 3480/4078 3537/4286 3477/4013
vt 0.5665 0.844
f 3480/4078 3441/3939 3488/4287
f 3457/4251 3530/4284 3599/4240
vt 0.7233 0.4637
f 3414/3959 3605/4288 3526/4221
f 3383/3950 3520/4285 3236/3951
vt 0.5596 0.8432
f 3401/4187 3508/4289 3437/4189
vt 0.5842 0.3216
f 3232/3997 3408/4109 3512/4290
f 3452/4249 3508/4289 3401/4187
f 3483/3985 3552/4283 3296/3986
vt 0.8267 0.7413
f 3435/4167 3547/4291 3470/4234
vt 0.8938 0.1069
f 3439/4086 3544/4292 3321/4116
vt 0.5818 0.1992
f 3448/4178 3557/4293 3473/4231
vt 0.5779 0.1985
f 3448/4178 3517/4294 3557/4293
f 3303/4054 3517/4294 3448/4178
vt 0.575 0.1985
f 3303/4054 3518/4295 3517/4294
f 3291/4058 3449/4114 3521/4252
f 3394/4193 3502/4192 3484/4266
vt 0.6149 0.7928
f 3490/4184 3484/4266 3539/4296
vt 0.9554 0.9143
f 3503/4242 3508/4297 3452/4257
f 3303/4054 3302/3977 3518/4295
vt 0.5727 0.8363
f 3434/4183 3510/4232 3485/4298
vt 0.5603 0.1987
f 3356/3978 3405/3992 3487/4299
f 3232/3997 3512/4290 3425/4199
vt 0.9692 0.9152
f 3485/4235 3489/4300 3511/4233
f 3441/3939 3437/4189 3488/4287
vt 0.7201 0.4677
f 3438/4099 3620/4301 3364/3995
f 3408/4109 3432/3976 3512/4290
vt 0.8219 0.7414
f 3239/4008 3572/4264 3662/4302
f 3239/4008 3662/4302 3370/4079
f 3352/4026 3479/4248 3486/4255
vt 0.7844 0.313
f 3466/4177 3430/4102 3568/4303
f 3477/4013 3537/4286 3510/4232
f 3409/4017 3470/4234 3300/4064
f 3484/4266 3502/4192 3539/4296
f 3490/4184 3539/4296 3546/4244
vt 0.5855 0.3277
f 3447/4236 3591/4304 3491/4276
vt 0.7878 0.7522
f 3369/4126 3665/4305 3499/4223
vt 0.896 0.108
f 3321/4116 3536/4306 3532/4180
f 3380/4033 3581/4258 3311/4096
vt 0.6944 0.4279
f 3416/4082 3495/4230 3695/4307
vt 0.5639 0.3222
f 3474/4092 3590/4308 3381/4155
vt 0.9084 0.1157
f 3455/3952 3608/4309 3531/4224
vt 0.8915 0.1056
f 3439/4086 3562/4310 3544/4292
f 3370/4079 3547/4291 3435/4167
f 3460/3922 3501/3962 3563/4269
f 3416/4082 3564/4205 3461/3872
vt 0.7107 0.4751
f 3260/3821 3621/4311 3459/4267
f 3260/3821 3417/4044 3621/4311
vt 0.6873 0.4283
f 3564/4205 3642/4312 3261/4043
vt 0.707 0.479
f 3216/3963 3527/4313 3417/4044
f 3261/4043 3642/4312 3565/4262
f 3216/3963 3528/4270 3527/4313
vt 0.7 0.483
f 3367/4045 3313/4100 3585/4314
vt 0.6946 0.4846
f 3313/4100 3463/4047 3496/4315
f 3313/4100 3496/4315 3585/4314
vt 0.6739 0.4339
f 3462/4046 3566/4161 3618/4316
vt 0.6947 0.4875
f 3463/4047 3597/4317 3496/4315
vt 0.6701 0.436
f 3462/4046 3623/4318 3464/4271
vt 0.774 0.3116
f 3419/3921 3458/3926 3497/4319
vt 0.7798 0.75
f 3465/3990 3400/4200 3541/4320
f 3458/3926 3412/3769 3619/4265
f 3458/3926 3619/4265 3497/4319
vt 0.7809 0.3137
f 3466/4177 3668/4321 3619/4265
vt 0.7984 0.752
f 3420/4048 3561/4322 3594/4166
vt 0.8266 0.7308
f 3406/4105 3300/4064 3631/4323
f 3370/4079 3662/4302 3547/4291
vt 0.5499 0.3196
f 3467/3936 3560/4227 3422/4324
vt 0.6145 0.8056
f 3398/4034 3422/4140 3613/4325
vt 0.6246 0.779
f 3236/3951 3520/4285 3574/4326
f 3236/3951 3574/4326 3362/4027
f 3384/4089 3423/4149 3493/4254
f 3255/4113 3468/4111 3440/4247
f 3351/4037 3573/4210 3478/4038
f 3465/3990 3541/4320 3475/4281
f 3321/4116 3544/4292 3536/4306
vt 0.9166 0.1147
f 3554/4253 3506/3945 3582/4327
vt 0.5721 0.1981
f 3302/3977 3504/4328 3518/4295
f 3302/3977 3513/4217 3504/4328
vt 0.5541 0.1984
f 3551/4081 3540/4329 3405/3992
f 3483/3985 3486/4255 3552/4283
vt 0.6313 0.7585
f 3479/4248 3556/4330 3486/4255
vt 0.9592 0.9149
f 3503/4242 3482/4238 3535/4331
vt 0.8278 0.7348
f 3300/4064 3470/4234 3505/4332
f 3480/4078 3488/4287 3537/4286
f 3455/3952 3454/4075 3608/4309
vt 0.9624 0.9149
f 3481/4243 3538/4333 3482/4238
vt 0.9652 0.916
f 3511/4233 3542/4334 3481/4243
vt 0.5688 0.3239
f 3474/4092 3583/4335 3590/4308
vt 0.571 0.8371
f 3485/4298 3510/4232 3489/4336
vt 0.5632 0.8417
f 3508/4289 3535/4337 3437/4189
f 3499/4223 3561/4322 3420/4048
f 3439/4086 3521/4252 3562/4310
f 3346/4062 3492/4280 3581/4258
f 3437/4189 3535/4337 3488/4287
vt 0.585 0.3244
f 3491/4276 3591/4304 3604/4338
vt 0.5737 0.3356
vt 0.5708 0.3359
vt 0.5706 0.3336
f 3513/4339 3509/4340 3523/4341
f 3481/4243 3542/4334 3538/4333
f 3491/4276 3604/4338 3432/3976
vt 0.7139 0.4264
f 3534/3957 3515/4342 3451/4097
vt 0.8828 0.1016
f 3449/4114 3440/4282 3516/4343
vt 0.6263 0.7625
f 3493/4254 3578/4344 3479/4248
f 3503/4242 3535/4331 3508/4297
f 3510/4232 3537/4286 3489/4336
f 3449/4114 3516/4343 3521/4252
f 3514/4003 3583/4335 3474/4092
f 3482/4238 3538/4333 3535/4331
vt 0.7266 0.4294
f 3360/4068 3628/4345 3445/4226
vt 0.5694 0.8366
vt 0.5676 0.8397
f 3511/4346 3489/4336 3542/4347
f 3356/3978 3487/4299 3304/4088
vt 0.5632 0.1981
f 3304/4088 3548/4348 3579/4279
f 3500/4176 3552/4283 3550/4225
vt 0.6306 0.7471
f 3550/4225 3545/4349 3468/4111
vt 0.8142 0.7451
f 3478/4038 3524/4350 3476/4196
vt 0.5757 0.3339
f 3513/4339 3523/4341 3504/4351
f 3468/4111 3545/4349 3440/4247
vt 0.7341 0.4347
f 3433/4219 3571/4352 3385/4041
vt 0.7297 0.4328
f 3360/4068 3525/4153 3677/4353
f 3414/3959 3620/4301 3605/4288
f 3414/3959 3364/3995 3620/4301
f 3416/4082 3695/4307 3564/4205
f 3367/4045 3585/4314 3528/4270
f 3462/4046 3618/4316 3623/4318
vt 0.7706 0.3134
f 3567/4195 3419/3921 3683/4354
f 3419/3921 3497/4319 3683/4354
vt 0.6063 0.8034
f 3569/4355 3376/4241 3599/4240
vt 0.6272 0.7686
f 3493/4254 3423/4149 3601/4356
vt 0.9003 0.1085
f 3532/4180 3536/4306 3626/4357
f 3486/4255 3556/4330 3552/4283
vt 0.7205 0.4281
f 3248/3898 3445/4226 3580/4358
f 3248/3898 3580/4358 3617/4213
f 3300/4064 3505/4332 3631/4323
f 3447/4236 3473/4278 3591/4304
f 3362/4027 3574/4326 3522/4065
vt 0.6271 0.7587
f 3479/4248 3578/4344 3533/4359
vt 0.7283 0.4553
f 3407/4098 3259/4042 3612/4360
f 3489/4336 3537/4286 3542/4347
f 3432/3976 3604/4338 3512/4290
f 3369/4126 3498/4101 3665/4305
vt 0.8956 0.1046
f 3536/4306 3544/4292 3558/4361
f 3479/4248 3533/4359 3556/4330
vt 0.8235 0.7274
f 3492/4280 3406/4105 3654/4362
vt 0.5514 0.3218
f 3422/4324 3560/4227 3613/4363
f 3537/4286 3488/4287 3542/4347
vt 0.8973 0.1034
f 3536/4306 3558/4361 3625/4364
f 3488/4287 3535/4337 3542/4347
vt 0.5788 0.3345
vt 0.5809 0.3319
f 3518/4365 3504/4351 3517/4366
f 3385/4041 3571/4352 3525/4153
f 3476/4196 3524/4350 3572/4264
f 3506/3945 3531/4224 3582/4327
vt 0.6263 0.7662
f 3578/4344 3493/4254 3675/4367
f 3405/3992 3540/4329 3487/4299
vt 0.5651 0.8396
f 3535/4337 3538/4368 3542/4347
vt 0.6235 0.76
f 3578/4344 3553/4369 3533/4359
vt 0.8236 0.7329
f 3505/4332 3656/4370 3631/4323
f 3470/4234 3547/4291 3505/4332
vt 0.632 0.7532
f 3552/4283 3577/4371 3550/4225
f 3304/4088 3487/4299 3548/4348
vt 0.8875 0.1027
f 3521/4252 3559/4372 3562/4310
vt 0.5753 0.3258
f 3514/4003 3425/4199 3603/4373
vt 0.559 0.1983
f 3487/4299 3540/4329 3635/4374
vt 0.5688 0.3358
f 3509/4340 3579/4375 3523/4341
f 3381/4155 3590/4308 3543/4156
vt 0.819 0.7162
f 3311/4096 3652/4376 3357/4154
vt 0.5811 0.3237
f 3425/4199 3512/4290 3549/4377
f 3425/4199 3549/4377 3603/4373
vt 0.5849 0.3311
f 3473/4278 3557/4378 3591/4304
vt 0.884 0.0987
f 3516/4343 3440/4282 3545/4379
f 3617/4213 3515/4342 3534/3957
vt 0.6247 0.7578
f 3553/4369 3555/4380 3533/4359
f 3454/4075 3519/4181 3608/4309
f 3544/4292 3562/4310 3558/4361
vt 0.8951 0.0983
vt 0.896 0.0983
vt 0.895 0.1009
f 3555/4381 3553/4382 3570/4383
f 3521/4252 3516/4343 3559/4372
f 3451/4097 3515/4342 3589/4268
vt 0.6095 0.7876
f 3456/4263 3592/4384 3507/4218
f 3311/4096 3581/4258 3652/4376
vt 0.622 0.7605
f 3578/4344 3602/4385 3553/4369
f 3556/4330 3577/4371 3552/4283
vt 0.8966 0.0998
f 3570/4383 3553/4382 3602/4386
vt 0.6241 0.7752
f 3522/4065 3685/4387 3629/4261
vt 0.7856 0.3131
f 3430/4102 3649/4388 3568/4303
vt 0.9214 0.1171
f 3554/4253 3640/4389 3456/4260
vt 0.7227 0.4297
f 3445/4226 3694/4390 3580/4358
vt 0.6283 0.7546
f 3533/4359 3575/4391 3556/4330
f 3360/4068 3677/4353 3628/4345
vt 0.7142 0.4696
f 3438/4099 3726/4392 3620/4301
f 3459/4267 3726/4392 3438/4099
vt 0.7629 0.3111
f 3597/4259 3567/4195 3644/4393
vt 0.769 0.7487
f 3464/4272 3623/4394 3529/4273
f 3498/4101 3475/4281 3665/4305
f 3466/4177 3568/4303 3668/4321
vt 0.8134 0.7056
vt 0.8119 0.7073
f 3430/4395 3421/4245 3649/4396
f 3421/4245 3598/4203 3649/4396
vt 0.8161 0.7125
f 3357/4154 3593/4397 3598/4203
f 3398/4034 3613/4325 3530/4284
f 3493/4254 3601/4356 3675/4367
vt 0.733 0.4381
f 3571/4352 3433/4219 3657/4398
f 3445/4226 3628/4345 3694/4390
vt 0.8046 0.7484
f 3450/4104 3651/4399 3573/4210
vt 0.8923 0.1017
f 3558/4361 3562/4310 3576/4400
f 3558/4361 3576/4400 3570/4383
f 3471/3991 3595/4083 3627/4157
vt 0.5737 0.3316
f 3504/4351 3607/4401 3517/4366
vt 0.8923 0.0979
f 3570/4383 3576/4400 3555/4402
vt 0.8893 0.0972
f 3555/4402 3576/4400 3575/4403
f 3555/4380 3575/4391 3533/4359
f 3558/4361 3570/4383 3625/4364
f 3501/3962 3589/4268 3563/4269
f 3507/4218 3592/4384 3502/4192
f 3556/4330 3575/4391 3577/4371
f 3522/4065 3574/4326 3685/4387
f 3504/4351 3523/4341 3607/4401
f 3259/4042 3526/4221 3612/4360
f 3517/4366 3591/4304 3557/4378
vt 0.552 0.1976
f 3551/4081 3611/4404 3540/4329
vt 0.887 0.0981
f 3576/4400 3587/4405 3575/4403
vt 0.8221 0.7371
f 3547/4291 3662/4302 3650/4406
f 3562/4310 3559/4372 3576/4400
vt 0.5557 0.3233
f 3543/4156 3590/4308 3616/4407
f 3543/4156 3616/4407 3560/4227
f 3539/4296 3502/4192 3592/4384
f 3424/4197 3584/4160 3520/4285
vt 0.9194 0.115
f 3554/4253 3582/4327 3660/4408
f 3516/4343 3545/4379 3559/4372
vt 0.6292 0.7502
f 3577/4371 3575/4391 3587/4409
f 3576/4400 3559/4372 3587/4405
f 3550/4225 3577/4371 3587/4409
f 3547/4291 3650/4406 3505/4332
f 3550/4225 3587/4409 3545/4349
f 3545/4379 3587/4405 3559/4372
f 3478/4038 3573/4210 3524/4350
vt 0.7895 0.7507
f 3499/4223 3665/4305 3586/4410
f 3505/4332 3650/4406 3656/4370
vt 0.5503 0.1978
f 3551/4081 3569/4411 3611/4404
vt 0.5799 0.3285
f 3607/4401 3606/4412 3517/4366
f 3514/4003 3603/4373 3583/4335
vt 0.5665 0.3363
vt 0.5667 0.3323
f 3579/4375 3548/4413 3648/4414
vt 0.6143 0.7867
f 3546/4244 3539/4296 3588/4415
f 3546/4244 3588/4415 3584/4160
f 3512/4290 3604/4338 3549/4377
vt 0.6175 0.7844
vt 0.6192 0.7813
f 3520/4285 3659/4416 3630/4417
f 3629/4261 3601/4356 3423/4149
f 3579/4375 3648/4414 3523/4341
f 3554/4253 3660/4408 3640/4389
f 3517/4366 3606/4412 3591/4304
f 3450/4104 3594/4166 3651/4399
vt 0.5623 0.3251
f 3590/4308 3583/4335 3609/4418
f 3357/4154 3652/4376 3593/4397
vt 0.6075 0.7864
f 3456/4263 3640/4419 3592/4384
vt 0.775 0.7468
f 3541/4320 3400/4200 3655/4420
f 3520/4285 3630/4417 3574/4326
vt 0.5639 0.3367
vt 0.5629 0.3351
f 3548/4413 3487/4421 3635/4422
vt 0.7058 0.4279
f 3563/4269 3589/4268 3653/4423
vt 0.732 0.4434
f 3627/4157 3687/4424 3494/4220
vt 0.7257 0.4589
f 3526/4221 3605/4288 3670/4425
vt 0.6973 0.4284
f 3695/4307 3495/4230 3596/4426
f 3621/4311 3417/4044 3527/4313
vt 0.6807 0.4326
f 3565/4262 3622/4427 3566/4161
vt 0.6916 0.4857
f 3597/4317 3644/4428 3496/4315
f 3529/4273 3655/4420 3400/4200
vt 0.8208 0.7238
f 3581/4258 3492/4280 3669/4429
f 3492/4280 3654/4362 3669/4429
f 3654/4362 3406/4105 3631/4323
vt 0.5504 0.3236
vt 0.5519 0.3245
f 3530/4430 3613/4363 3632/4431
vt 0.6089 0.8041
f 3599/4240 3638/4432 3569/4355
vt 0.6131 0.8051
vt 0.6119 0.8047
f 3530/4284 3632/4433 3600/4434
f 3530/4284 3600/4434 3599/4240
vt 0.6224 0.7643
f 3602/4385 3578/4344 3647/4435
vt 0.9006 0.1046
f 3625/4364 3686/4436 3536/4306
f 3536/4306 3686/4436 3626/4357
f 3570/4383 3602/4386 3625/4364
f 3549/4377 3604/4338 3606/4412
f 3549/4377 3606/4412 3603/4373
f 3548/4413 3635/4422 3648/4414
f 3591/4304 3606/4412 3604/4338
vt 0.9115 0.1138
f 3531/4224 3608/4309 3639/4437
vt 0.5695 0.3287
f 3603/4373 3610/4438 3583/4335
f 3606/4412 3607/4401 3603/4373
f 3607/4401 3523/4341 3610/4438
f 3539/4296 3592/4384 3588/4415
f 3607/4401 3610/4438 3603/4373
vt 0.7663 0.313
f 3567/4195 3683/4354 3698/4439
vt 0.8138 0.742
f 3524/4350 3646/4440 3572/4264
f 3590/4308 3609/4418 3616/4407
f 3584/4160 3659/4416 3520/4285
vt 0.5567 0.3365
vt 0.5564 0.3337
f 3540/4441 3633/4442 3635/4422
f 3523/4341 3648/4414 3610/4438
vt 0.5657 0.3266
f 3583/4335 3610/4438 3615/4443
f 3525/4153 3571/4352 3677/4353
vt 0.555 0.3356
f 3540/4441 3611/4444 3633/4442
vt 0.7742 0.3143
f 3497/4319 3619/4265 3721/4445
f 3583/4335 3615/4443 3609/4418
vt 0.8094 0.7457
f 3573/4210 3651/4399 3641/4446
f 3560/4227 3616/4407 3613/4363
vt 0.7824 0.3142
f 3668/4321 3568/4303 3636/4447
vt 0.8101 0.7054
vt 0.8087 0.7063
f 3568/4448 3649/4396 3673/4449
vt 0.7178 0.4303
f 3617/4213 3707/4450 3515/4342
vt 0.9055 0.1117
f 3519/4181 3614/4451 3608/4309
f 3608/4309 3614/4451 3639/4437
vt 0.6912 0.431
f 3642/4312 3564/4205 3704/4452
f 3531/4224 3639/4437 3582/4327
f 3526/4221 3670/4425 3612/4360
vt 0.7288 0.4522
f 3407/4098 3680/4453 3595/4083
vt 0.703 0.429
f 3563/4269 3661/4454 3495/4230
f 3495/4230 3661/4454 3596/4426
f 3564/4205 3695/4307 3704/4452
vt 0.6859 0.4316
f 3642/4312 3696/4455 3565/4262
vt 0.7043 0.4764
f 3527/4313 3528/4270 3728/4456
vt 0.6993 0.4804
f 3528/4270 3585/4314 3672/4457
vt 0.6771 0.4371
f 3566/4161 3622/4427 3748/4458
f 3566/4161 3748/4458 3618/4316
vt 0.6948 0.4816
f 3585/4314 3496/4315 3697/4459
f 3644/4393 3567/4195 3698/4439
vt 0.7687 0.7472
vt 0.771 0.7457
f 3529/4273 3623/4460 3624/4461
f 3529/4273 3624/4461 3655/4420
f 3599/4240 3600/4434 3638/4432
vt 0.6216 0.7776
f 3630/4417 3703/4462 3574/4326
vt 0.901 0.099
f 3625/4364 3602/4386 3700/4463
vt 0.8156 0.7173
f 3593/4397 3652/4376 3701/4464
vt 0.7111 0.4288
f 3515/4342 3688/4465 3589/4268
f 3532/4180 3626/4357 3519/4181
vt 0.6235 0.7718
f 3629/4261 3685/4387 3664/4466
vt 0.78 0.7473
f 3541/4320 3634/4467 3475/4281
f 3433/4219 3494/4220 3657/4398
f 3601/4356 3629/4261 3664/4466
f 3519/4181 3626/4357 3614/4451
f 3610/4438 3648/4414 3615/4443
vt 0.5529 0.3346
f 3569/4468 3633/4442 3611/4444
f 3616/4407 3632/4431 3613/4363
f 3584/4160 3588/4415 3659/4416
vt 0.5528 0.3316
f 3569/4468 3638/4469 3633/4442
vt 0.7773 0.3152
f 3619/4265 3668/4321 3718/4470
vt 0.7103 0.4712
f 3459/4267 3621/4311 3671/4471
f 3497/4319 3721/4445 3683/4354
vt 0.7944 0.7504
f 3561/4322 3499/4223 3699/4472
f 3565/4262 3696/4455 3622/4427
vt 0.9183 0.1132
f 3660/4408 3582/4327 3637/4473
f 3499/4223 3586/4410 3699/4472
vt 0.7252 0.4325
f 3628/4345 3735/4474 3694/4390
vt 0.7308 0.4491
f 3595/4083 3680/4453 3666/4475
vt 0.5599 0.3322
f 3635/4422 3633/4442 3681/4476
vt 0.8156 0.7395
f 3662/4302 3572/4264 3702/4477
f 3571/4352 3657/4398 3677/4353
f 3563/4269 3653/4423 3661/4454
vt 0.7073 0.4741
f 3621/4311 3527/4313 3643/4478
f 3527/4313 3728/4456 3643/4478
f 3585/4314 3697/4459 3672/4457
vt 0.6694 0.4385
vt 0.6681 0.4376
f 3623/4318 3645/4479 3624/4480
vt 0.6193 0.7624
f 3602/4385 3647/4435 3700/4481
f 3578/4344 3675/4367 3647/4435
f 3407/4098 3612/4360 3680/4453
vt 0.8074 0.7046
f 3568/4448 3673/4449 3636/4482
f 3573/4210 3641/4446 3524/4350
vt 0.5562 0.326
f 3609/4418 3678/4483 3616/4407
f 3627/4157 3595/4083 3687/4424
f 3635/4422 3681/4476 3648/4414
f 3617/4213 3580/4358 3707/4450
f 3631/4323 3656/4370 3654/4362
vt 0.6141 0.7827
f 3588/4415 3690/4484 3659/4416
f 3619/4265 3718/4470 3721/4445
vt 0.719 0.4608
f 3670/4425 3605/4288 3778/4485
vt 0.5605 0.3287
f 3648/4414 3682/4486 3615/4443
f 3632/4431 3616/4407 3678/4483
f 3648/4414 3681/4476 3682/4486
f 3609/4418 3615/4443 3682/4486
vt 0.6099 0.7832
f 3592/4384 3676/4487 3588/4415
vt 0.6073 0.7841
f 3640/4419 3660/4488 3676/4487
f 3640/4419 3676/4487 3592/4384
f 3588/4415 3676/4487 3690/4484
vt 0.8191 0.7262
f 3669/4429 3654/4362 3714/4489
vt 0.6155 0.7799
f 3630/4417 3690/4484 3692/4490
vt 0.9097 0.1113
f 3639/4437 3614/4451 3658/4491
vt 0.6079 0.7816
f 3660/4488 3637/4492 3676/4487
vt 0.552 0.3269
f 3632/4431 3678/4483 3600/4493
vt 0.5554 0.3295
f 3638/4469 3679/4494 3633/4442
f 3659/4416 3690/4484 3630/4417
f 3638/4469 3600/4493 3679/4494
f 3574/4326 3703/4462 3685/4387
vt 0.8172 0.7363
f 3650/4406 3662/4302 3663/4495
f 3621/4311 3643/4478 3671/4471
f 3589/4268 3688/4465 3653/4423
vt 0.6175 0.7777
f 3630/4417 3692/4490 3709/4496
vt 0.9142 0.111
vt 0.9175 0.1113
f 3582/4327 3667/4497 3637/4498
f 3682/4486 3678/4483 3609/4418
vt 0.8171 0.7216
f 3581/4258 3711/4499 3652/4376
vt 0.7164 0.4658
f 3620/4301 3726/4392 3747/4500
f 3726/4392 3459/4267 3671/4471
f 3642/4312 3704/4452 3696/4455
f 3528/4270 3672/4457 3728/4456
vt 0.6732 0.4391
f 3618/4316 3715/4501 3623/4318
f 3623/4318 3715/4501 3645/4479
vt 0.8118 0.7125
f 3598/4203 3764/4502 3649/4396
f 3646/4440 3702/4477 3572/4264
vt 0.903 0.1024
f 3686/4436 3625/4364 3674/4503
f 3625/4364 3700/4463 3674/4503
f 3600/4493 3678/4483 3679/4494
vt 0.7212 0.4579
f 3670/4425 3778/4485 3717/4504
vt 0.623 0.7674
f 3675/4367 3601/4356 3708/4505
f 3628/4345 3677/4353 3735/4474
f 3582/4327 3639/4437 3667/4497
f 3614/4451 3626/4357 3658/4491
f 3633/4442 3679/4494 3681/4476
f 3681/4476 3679/4494 3682/4486
vt 0.7818 0.7459
f 3475/4281 3634/4467 3745/4506
f 3650/4406 3663/4495 3656/4370
f 3581/4258 3669/4429 3711/4499
vt 0.762 0.3134
f 3644/4393 3698/4439 3684/4507
vt 0.6894 0.4827
f 3644/4428 3684/4508 3496/4315
vt 0.8197 0.7297
f 3656/4370 3663/4495 3720/4509
f 3678/4483 3682/4486 3679/4494
f 3524/4350 3641/4446 3646/4440
f 3595/4083 3666/4475 3687/4424
vt 0.7797 0.315
f 3668/4321 3636/4447 3713/4510
vt 0.8054 0.7056
f 3673/4449 3729/4511 3636/4482
f 3662/4302 3702/4477 3663/4495
vt 0.7281 0.4359
f 3657/4398 3740/4512 3677/4353
f 3654/4362 3656/4370 3720/4509
f 3654/4362 3720/4509 3714/4489
vt 0.7137 0.4323
f 3707/4450 3789/4513 3515/4342
f 3630/4417 3709/4496 3703/4462
vt 0.7691 0.7453
vt 0.7695 0.7441
f 3645/4514 3716/4515 3624/4461
vt 0.9038 0.1067
f 3626/4357 3706/4516 3658/4491
vt 0.7983 0.7471
f 3594/4166 3561/4322 3712/4517
f 3594/4166 3712/4517 3651/4399
f 3605/4288 3620/4301 3778/4485
f 3664/4466 3708/4505 3601/4356
vt 0.6099 0.7807
f 3637/4492 3691/4518 3676/4487
vt 0.804 0.7039
f 3636/4482 3729/4511 3713/4519
vt 0.7239 0.4543
f 3612/4360 3670/4425 3762/4520
f 3496/4315 3684/4508 3697/4459
f 3639/4437 3658/4491 3667/4497
vt 0.8045 0.7435
f 3651/4399 3689/4521 3641/4446
vt 0.6124 0.7798
f 3676/4487 3691/4518 3693/4522
f 3676/4487 3693/4522 3690/4484
vt 0.6997 0.4311
f 3596/4426 3661/4454 3742/4523
vt 0.9154 0.1084
f 3637/4498 3667/4497 3722/4524
f 3593/4397 3764/4502 3598/4203
f 3494/4220 3687/4424 3657/4398
f 3580/4358 3694/4390 3707/4450
vt 0.696 0.4335
f 3596/4426 3757/4525 3695/4307
vt 0.6855 0.4349
f 3696/4455 3760/4526 3622/4427
vt 0.6987 0.4773
f 3728/4456 3672/4457 3763/4527
f 3618/4316 3748/4458 3715/4501
f 3655/4420 3634/4467 3541/4320
vt 0.7746 0.7427
f 3655/4420 3781/4528 3634/4467
vt 0.7853 0.7483
f 3665/4305 3753/4529 3586/4410
f 3561/4322 3699/4472 3712/4517
vt 0.6188 0.7649
f 3700/4481 3647/4435 3723/4530
f 3669/4429 3714/4489 3711/4499
f 3515/4342 3789/4513 3688/4465
f 3626/4357 3686/4436 3706/4516
f 3690/4484 3693/4522 3692/4490
f 3675/4367 3708/4505 3647/4435
f 3668/4321 3713/4510 3718/4470
vt 0.9181 0.1092
f 3637/4498 3722/4524 3691/4531
vt 0.7304 0.4405
f 3657/4398 3687/4424 3739/4532
f 3475/4281 3745/4506 3665/4305
vt 0.6187 0.7743
f 3664/4466 3685/4387 3743/4533
vt 0.7074 0.4315
f 3688/4465 3751/4534 3653/4423
f 3685/4387 3703/4462 3743/4533
vt 0.7719 0.743
f 3655/4420 3624/4461 3752/4535
vt 0.9183 0.1068
f 3691/4531 3722/4524 3693/4536
f 3620/4301 3747/4500 3778/4485
f 3657/4398 3739/4532 3740/4512
vt 0.9169 0.1054
vt 0.9192 0.1051
f 3693/4536 3734/4537 3692/4538
f 3703/4462 3709/4496 3743/4533
vt 0.9174 0.1032
f 3692/4538 3734/4537 3733/4539
f 3652/4376 3711/4499 3701/4464
f 3596/4426 3742/4523 3757/4525
vt 0.9045 0.0997
f 3674/4503 3700/4463 3723/4540
vt 0.7894 0.7486
f 3699/4472 3586/4410 3705/4541
vt 0.8091 0.7418
f 3641/4446 3730/4542 3646/4440
vt 0.8011 0.7046
f 3729/4511 3731/4543 3713/4519
vt 0.7105 0.4338
f 3688/4465 3789/4513 3801/4544
vt 0.6198 0.7696
f 3664/4466 3743/4533 3725/4545
f 3664/4466 3725/4545 3708/4505
vt 0.615 0.7769
f 3692/4490 3733/4546 3709/4496
vt 0.9102 0.1075
f 3658/4491 3710/4547 3667/4497
vt 0.8111 0.7161
f 3593/4397 3701/4464 3719/4548
f 3593/4397 3719/4548 3764/4502
f 3670/4425 3717/4504 3762/4520
vt 0.7748 0.3162
f 3721/4445 3718/4470 3756/4549
f 3658/4491 3706/4516 3710/4547
f 3653/4423 3751/4534 3661/4454
f 3612/4360 3762/4520 3680/4453
f 3677/4353 3740/4512 3735/4474
vt 0.7287 0.4464
f 3666/4475 3761/4550 3687/4424
vt 0.7127 0.4658
f 3726/4392 3776/4551 3747/4500
vt 0.682 0.4381
f 3622/4427 3760/4526 3766/4552
f 3622/4427 3766/4552 3748/4458
vt 0.6692 0.4406
f 3645/4479 3715/4501 3716/4553
vt 0.8108 0.7386
f 3646/4440 3813/4554 3702/4477
f 3647/4435 3708/4505 3723/4530
vt 0.8081 0.7104
f 3673/4449 3649/4396 3807/4555
f 3665/4305 3745/4506 3753/4529
vt 0.7694 0.7436
f 3624/4461 3716/4556 3752/4535
f 3649/4396 3764/4502 3807/4555
f 3688/4465 3801/4544 3751/4534
f 3697/4459 3763/4527 3672/4457
vt 0.6944 0.4772
f 3697/4459 3770/4557 3763/4527
vt 0.9071 0.1042
f 3686/4436 3736/4558 3706/4516
f 3710/4547 3722/4524 3667/4497
f 3708/4505 3725/4545 3723/4530
vt 0.765 0.315
vt 0.7629 0.3151
f 3698/4439 3774/4559 3758/4560
vt 0.6902 0.4351
f 3696/4455 3704/4452 3727/4561
f 3696/4455 3727/4561 3760/4526
vt 0.7694 0.7421
f 3716/4556 3765/4562 3752/4535
f 3698/4439 3758/4560 3684/4507
vt 0.8004 0.7035
f 3713/4519 3731/4543 3718/4563
f 3686/4436 3674/4503 3736/4558
vt 0.7248 0.4502
f 3666/4475 3680/4453 3724/4564
f 3666/4475 3724/4564 3761/4550
vt 0.717 0.4354
f 3707/4450 3852/4565 3789/4513
f 3706/4516 3736/4558 3710/4547
f 3693/4536 3722/4524 3734/4537
f 3655/4420 3752/4535 3781/4528
vt 0.7214 0.4342
f 3694/4390 3735/4474 3779/4566
f 3694/4390 3779/4566 3707/4450
vt 0.7047 0.4715
f 3643/4478 3744/4567 3671/4471
f 3643/4478 3728/4456 3744/4567
vt 0.69 0.479
f 3697/4459 3684/4508 3816/4568
vt 0.6717 0.4429
f 3715/4501 3746/4569 3716/4553
vt 0.7675 0.3161
f 3698/4439 3755/4570 3774/4559
f 3641/4446 3689/4521 3730/4542
f 3695/4307 3757/4525 3704/4452
vt 0.9075 0.1015
f 3674/4503 3723/4540 3737/4571
f 3646/4440 3730/4542 3813/4554
vt 0.8015 0.7062
f 3729/4511 3790/4572 3731/4543
f 3709/4496 3733/4546 3743/4533
vt 0.617 0.767
f 3723/4530 3725/4545 3737/4573
f 3674/4503 3737/4571 3736/4558
vt 0.8146 0.7308
f 3720/4509 3663/4495 3792/4574
f 3698/4439 3683/4354 3755/4570
vt 0.9123 0.1059
f 3736/4558 3741/4575 3710/4547
vt 0.7262 0.4406
f 3740/4512 3739/4532 3732/4576
vt 0.7971 0.7037
f 3731/4543 3756/4577 3718/4563
f 3722/4524 3710/4547 3741/4575
vt 0.6155 0.7725
f 3725/4545 3738/4578 3737/4573
f 3720/4509 3792/4574 3714/4489
f 3725/4545 3743/4533 3738/4578
vt 0.7269 0.4428
f 3687/4424 3761/4550 3769/4579
f 3687/4424 3769/4579 3739/4532
vt 0.7029 0.4339
f 3742/4523 3661/4454 3750/4580
f 3704/4452 3757/4525 3727/4561
f 3736/4558 3737/4571 3741/4575
f 3722/4524 3741/4575 3734/4537
vt 0.9136 0.1024
f 3737/4571 3738/4581 3741/4575
f 3733/4546 3738/4578 3743/4533
f 3661/4454 3751/4534 3750/4580
f 3741/4575 3738/4581 3734/4537
vt 0.7776 0.7413
f 3634/4467 3781/4528 3840/4582
f 3673/4449 3807/4555 3729/4511
vt 0.773 0.3169
f 3721/4445 3756/4549 3768/4583
f 3680/4453 3762/4520 3724/4564
f 3733/4539 3734/4537 3738/4581
vt 0.7705 0.3162
f 3683/4354 3721/4445 3767/4584
vt 0.6688 0.4425
f 3716/4553 3746/4569 3765/4585
vt 0.7907 0.7458
f 3705/4541 3823/4586 3699/4472
f 3712/4517 3689/4521 3651/4399
vt 0.7988 0.7436
f 3712/4517 3749/4587 3689/4521
f 3586/4410 3753/4529 3705/4541
f 3699/4472 3823/4586 3712/4517
f 3721/4445 3768/4583 3767/4584
vt 0.7957 0.7051
f 3756/4577 3731/4543 3771/4588
f 3683/4354 3767/4584 3755/4570
f 3739/4532 3769/4579 3732/4576
vt 0.7685 0.739
f 3752/4535 3765/4562 3833/4589
vt 0.7245 0.4368
f 3740/4512 3772/4590 3735/4474
vt 0.7067 0.4672
f 3726/4392 3826/4591 3776/4551
vt 0.8137 0.7266
f 3714/4489 3792/4574 3754/4592
f 3714/4489 3754/4592 3711/4499
f 3726/4392 3671/4471 3826/4591
f 3740/4512 3732/4576 3772/4590
f 3634/4467 3840/4582 3745/4506
vt 0.7193 0.4548
f 3717/4504 3809/4593 3762/4520
vt 0.7141 0.4614
f 3747/4500 3775/4594 3778/4485
vt 0.6998 0.4353
f 3742/4523 3750/4580 3759/4595
vt 0.8133 0.7204
f 3701/4464 3711/4499 3798/4596
vt 0.7853 0.745
f 3705/4541 3753/4529 3791/4597
f 3671/4471 3744/4567 3826/4591
vt 0.686 0.4801
f 3684/4508 3784/4598 3816/4568
vt 0.6872 0.4823
f 3684/4508 3758/4599 3784/4598
f 3719/4548 3701/4464 3798/4596
f 3697/4459 3816/4568 3770/4557
f 3747/4500 3776/4551 3775/4594
vt 0.6984 0.4739
f 3728/4456 3773/4600 3744/4567
vt 0.8112 0.7347
f 3702/4477 3782/4601 3663/4495
vt 0.7879 0.7043
vt 0.7913 0.7037
vt 0.7903 0.7048
f 3767/4602 3768/4603 3785/4604
f 3663/4495 3782/4601 3792/4574
f 3742/4523 3759/4595 3757/4525
f 3735/4474 3772/4590 3779/4566
vt 0.7941 0.7037
f 3768/4605 3756/4577 3771/4588
f 3702/4477 3813/4554 3782/4601
vt 0.7253 0.4468
f 3761/4550 3783/4606 3769/4579
f 3728/4456 3763/4527 3773/4600
vt 0.7082 0.4375
f 3751/4534 3801/4544 3802/4607
vt 0.7061 0.4353
f 3751/4534 3802/4607 3777/4608
vt 0.7715 0.7385
f 3781/4528 3752/4535 3787/4609
vt 0.7856 0.7034
vt 0.7806 0.7043
vt 0.7829 0.7026
f 3755/4610 3799/4611 3774/4612
f 3763/4527 3770/4557 3773/4600
vt 0.7814 0.7425
f 3745/4506 3805/4613 3753/4529
vt 0.8043 0.7108
f 3807/4555 3803/4614 3729/4511
vt 0.8067 0.7398
f 3730/4542 3689/4521 3814/4615
vt 0.6951 0.4364
f 3757/4525 3780/4616 3727/4561
f 3753/4529 3805/4613 3791/4597
f 3771/4588 3731/4543 3790/4572
f 3751/4534 3777/4608 3750/4580
vt 0.8029 0.7418
f 3689/4521 3835/4617 3814/4615
vt 0.7813 0.7027
f 3774/4612 3799/4611 3758/4618
f 3761/4550 3724/4564 3783/4606
f 3707/4450 3779/4566 3852/4565
vt 0.721 0.4518
f 3762/4520 3788/4619 3724/4564
vt 0.6698 0.4465
f 3765/4585 3746/4569 3833/4620
f 3764/4502 3719/4548 3807/4555
f 3752/4535 3833/4589 3787/4609
f 3730/4542 3814/4615 3813/4554
vt 0.6905 0.4386
f 3727/4561 3836/4621 3760/4526
vt 0.7037 0.468
f 3744/4567 3854/4622 3826/4591
vt 0.6866 0.4409
f 3760/4526 3836/4621 3839/4623
f 3768/4605 3771/4588 3785/4604
vt 0.6772 0.4419
f 3715/4501 3786/4624 3746/4569
f 3711/4499 3754/4592 3798/4596
vt 0.7206 0.4384
f 3772/4590 3831/4625 3779/4566
vt 0.7784 0.7022
f 3758/4618 3799/4611 3784/4626
vt 0.7744 0.7371
f 3781/4528 3843/4627 3840/4582
f 3760/4526 3839/4623 3766/4552
f 3715/4501 3748/4458 3786/4624
f 3748/4458 3766/4552 3786/4624
vt 0.7162 0.4561
f 3778/4485 3808/4628 3717/4504
vt 0.793 0.7435
f 3712/4517 3855/4629 3749/4587
vt 0.7095 0.4612
f 3776/4551 3849/4630 3775/4594
f 3762/4520 3809/4593 3788/4619
vt 0.7119 0.4376
f 3789/4513 3874/4631 3801/4544
f 3705/4541 3791/4597 3823/4586
f 3729/4511 3803/4614 3790/4572
f 3712/4517 3823/4586 3855/4629
f 3689/4521 3749/4587 3835/4617
vt 0.7993 0.7105
f 3790/4572 3803/4614 3913/4632
vt 0.7076 0.4647
f 3776/4551 3826/4591 3793/4633
f 3717/4504 3808/4628 3809/4593
f 3745/4506 3840/4582 3805/4613
f 3781/4528 3787/4609 3843/4627
f 3776/4551 3793/4633 3849/4630
vt 0.7851 0.7059
f 3785/4604 3824/4634 3767/4602
vt 0.7217 0.4441
f 3769/4579 3783/4606 3848/4635
f 3772/4590 3732/4576 3831/4625
vt 0.8067 0.7235
vt 0.8104 0.7231
vt 0.8073 0.7281
f 3812/4636 3810/4637 3794/4638
vt 0.8056 0.733
vt 0.8102 0.7293
f 3796/4639 3794/4638 3815/4640
f 3755/4610 3767/4602 3824/4634
vt 0.8071 0.736
vt 0.8023 0.739
f 3796/4639 3795/4641 3825/4642
f 3798/4596 3754/4592 3810/4637
vt 0.8086 0.7177
f 3798/4596 3800/4643 3719/4548
f 3755/4610 3824/4634 3799/4611
vt 0.6995 0.4703
f 3744/4567 3773/4600 3818/4644
f 3778/4485 3775/4594 3808/4628
vt 0.7907 0.7069
f 3785/4604 3771/4588 3820/4645
vt 0.8051 0.7197
f 3812/4636 3828/4646 3810/4637
vt 0.6925 0.4746
f 3770/4557 3816/4568 3806/4647
vt 0.8068 0.7143
f 3719/4548 3841/4648 3807/4555
f 3757/4525 3759/4595 3780/4616
vt 0.6843 0.4786
vt 0.685 0.4765
f 3784/4598 3817/4649 3804/4650
f 3784/4598 3804/4650 3816/4568
f 3727/4561 3780/4616 3836/4621
vt 0.7021 0.4389
f 3750/4580 3827/4651 3759/4595
f 3789/4513 3852/4565 3874/4631
f 3744/4567 3818/4644 3854/4622
vt 0.6801 0.4444
f 3766/4552 3891/4652 3786/4624
vt 0.7954 0.7087
f 3771/4588 3790/4572 3821/4653
f 3798/4596 3810/4637 3800/4643
vt 0.8002 0.736
f 3796/4639 3825/4642 3811/4654
f 3790/4572 3913/4632 3821/4653
f 3813/4554 3814/4615 3795/4641
vt 0.6731 0.4459
f 3746/4569 3797/4655 3833/4620
f 3773/4600 3770/4557 3806/4647
vt 0.8017 0.7322
f 3796/4639 3829/4656 3794/4638
f 3794/4638 3810/4637 3815/4640
vt 0.7774 0.7034
f 3784/4626 3799/4611 3817/4657
f 3795/4641 3796/4639 3782/4601
f 3796/4639 3811/4654 3829/4656
f 3769/4579 3848/4635 3732/4576
f 3795/4641 3782/4601 3813/4554
vt 0.8024 0.7277
f 3794/4638 3851/4658 3812/4636
f 3794/4638 3829/4656 3851/4658
f 3754/4592 3792/4574 3815/4640
f 3779/4566 3831/4625 3852/4565
f 3754/4592 3815/4640 3810/4637
f 3792/4574 3782/4601 3815/4640
f 3796/4639 3815/4640 3782/4601
f 3810/4637 3828/4646 3800/4643
vt 0.7694 0.7363
f 3787/4609 3833/4589 3832/4659
f 3795/4641 3814/4615 3825/4642
f 3719/4548 3800/4643 3841/4648
f 3750/4580 3777/4608 3827/4651
f 3732/4576 3848/4635 3831/4625
vt 0.7121 0.4586
f 3808/4628 3775/4594 3819/4660
f 3746/4569 3786/4624 3797/4655
f 3835/4617 3825/4642 3814/4615
vt 0.7972 0.7419
f 3749/4587 3857/4661 3835/4617
vt 0.7218 0.4477
f 3783/4606 3724/4564 3837/4662
f 3803/4614 3807/4555 3841/4648
f 3724/4564 3788/4619 3837/4662
vt 0.7884 0.7405
f 3823/4586 3791/4597 3822/4663
vt 0.7153 0.4533
f 3809/4593 3808/4628 3834/4664
vt 0.6884 0.4743
f 3816/4568 3880/4665 3806/4647
vt 0.6998 0.4671
f 3854/4622 3818/4644 3830/4666
vt 0.7808 0.7074
f 3824/4634 3856/4667 3799/4611
vt 0.804 0.7161
f 3828/4646 3853/4668 3800/4643
vt 0.7105 0.4565
f 3808/4628 3819/4660 3901/4669
vt 0.705 0.4403
f 3777/4608 3802/4607 3859/4670
vt 0.7708 0.7343
f 3787/4609 3847/4671 3843/4627
vt 0.6771 0.4466
f 3786/4624 3898/4672 3797/4655
f 3787/4609 3832/4659 3847/4671
vt 0.7764 0.7049
f 3799/4611 3850/4673 3817/4657
vt 0.6965 0.4696
f 3773/4600 3806/4647 3875/4674
vt 0.7166 0.451
f 3809/4593 3884/4675 3788/4619
vt 0.6982 0.4401
f 3759/4595 3838/4676 3780/4616
f 3771/4588 3821/4653 3820/4645
f 3777/4608 3859/4670 3827/4651
f 3848/4635 3783/4606 3837/4662
f 3786/4624 3891/4652 3898/4672
vt 0.7972 0.7391
f 3811/4654 3825/4642 3858/4677
f 3827/4651 3838/4676 3759/4595
vt 0.692 0.4709
f 3806/4647 3900/4678 3875/4674
f 3775/4594 3849/4630 3819/4660
vt 0.802 0.7227
f 3828/4646 3812/4636 3879/4679
vt 0.6822 0.4773
f 3817/4649 3850/4680 3804/4650
f 3841/4648 3800/4643 3853/4668
f 3816/4568 3804/4650 3880/4665
vt 0.7139 0.4396
f 3852/4565 3882/4681 3874/4631
f 3801/4544 3874/4631 3802/4607
f 3773/4600 3875/4674 3818/4644
f 3855/4629 3857/4661 3749/4587
vt 0.7853 0.7075
f 3824/4634 3871/4682 3856/4667
vt 0.7767 0.7361
f 3840/4582 3843/4627 3887/4683
f 3835/4617 3857/4661 3825/4642
f 3824/4634 3785/4604 3871/4682
vt 0.683 0.445
f 3766/4552 3839/4623 3860/4684
f 3766/4552 3860/4684 3891/4652
vt 0.7768 0.7069
f 3799/4611 3856/4667 3845/4685
f 3799/4611 3845/4685 3850/4673
vt 0.6683 0.4511
vt 0.6724 0.4494
f 3832/4686 3833/4620 3846/4687
vt 0.7683 0.7323
f 3832/4659 3865/4688 3847/4671
vt 0.6695 0.4532
f 3832/4686 3846/4687 3865/4689
vt 0.7956 0.7331
f 3829/4656 3811/4654 3885/4690
vt 0.8001 0.7195
f 3828/4646 3889/4691 3853/4668
vt 0.7165 0.4398
f 3831/4625 3844/4692 3852/4565
f 3797/4655 3846/4687 3833/4620
f 3831/4625 3848/4635 3844/4692
f 3825/4642 3857/4661 3858/4677
vt 0.6942 0.4415
f 3836/4621 3780/4616 3868/4693
f 3780/4616 3838/4676 3868/4693
vt 0.6906 0.442
f 3836/4621 3864/4694 3839/4623
vt 0.8011 0.713
f 3841/4648 3892/4695 3803/4614
f 3808/4628 3901/4669 3834/4664
f 3785/4604 3820/4645 3871/4682
vt 0.7947 0.7367
f 3811/4654 3858/4677 3873/4696
f 3811/4654 3873/4696 3885/4690
vt 0.7799 0.7372
f 3840/4582 3887/4683 3902/4697
f 3803/4614 3892/4695 3913/4632
vt 0.7985 0.7306
f 3829/4656 3885/4690 3906/4698
f 3841/4648 3853/4668 3892/4695
f 3836/4621 3868/4693 3864/4694
vt 0.7025 0.464
f 3793/4633 3826/4591 3862/4699
vt 0.7187 0.4487
f 3788/4619 3884/4675 3863/4700
f 3809/4593 3834/4664 3884/4675
vt 0.7095 0.4416
f 3802/4607 3872/4701 3859/4670
f 3840/4582 3902/4697 3805/4613
f 3791/4597 3805/4613 3822/4663
f 3823/4586 3822/4663 3855/4629
f 3837/4662 3788/4619 3863/4700
f 3828/4646 3879/4679 3889/4691
f 3854/4622 3862/4699 3826/4591
vt 0.7829 0.7384
f 3805/4613 3902/4697 3842/4702
f 3812/4636 3851/4658 3879/4679
vt 0.7724 0.7305
f 3847/4671 3911/4703 3843/4627
vt 0.7772 0.7094
f 3856/4667 3870/4704 3845/4685
f 3819/4660 3849/4630 3901/4669
vt 0.7973 0.7169
f 3853/4668 3889/4691 3876/4705
f 3853/4668 3876/4705 3892/4695
vt 0.675 0.4515
f 3846/4687 3797/4655 3890/4706
vt 0.6817 0.4752
f 3804/4650 3850/4680 3866/4707
vt 0.7034 0.4606
f 3793/4633 3862/4699 3907/4708
f 3852/4565 3844/4692 3882/4681
vt 0.7163 0.4434
f 3844/4692 3848/4635 3861/4709
f 3849/4630 3793/4633 3907/4708
f 3797/4655 3898/4672 3890/4706
f 3837/4662 3863/4700 3848/4635
vt 0.7744 0.7075
vt 0.7743 0.7065
f 3845/4685 3904/4710 3866/4711
f 3845/4685 3866/4711 3850/4673
vt 0.7929 0.7408
f 3855/4629 3895/4712 3857/4661
vt 0.7696 0.7287
f 3847/4671 3867/4713 3911/4703
f 3854/4622 3830/4666 3862/4699
vt 0.7017 0.4421
f 3827/4651 3878/4714 3838/4676
vt 0.6706 0.4542
f 3865/4689 3846/4687 3869/4715
vt 0.7104 0.454
f 3834/4664 3901/4669 3888/4716
f 3843/4627 3911/4703 3887/4683
vt 0.7066 0.4442
f 3859/4670 3872/4701 3933/4717
f 3802/4607 3874/4631 3872/4701
f 3829/4656 3906/4698 3851/4658
f 3805/4613 3842/4702 3822/4663
vt 0.6869 0.4451
f 3839/4623 3903/4718 3860/4684
f 3847/4671 3865/4688 3867/4713
f 3818/4644 3875/4674 3830/4666
f 3827/4651 3859/4670 3878/4714
f 3848/4635 3863/4700 3861/4709
vt 0.6974 0.4436
f 3838/4676 3897/4719 3868/4693
vt 0.7735 0.7086
f 3845/4685 3899/4720 3904/4710
vt 0.7677 0.7289
f 3865/4688 3869/4721 3867/4713
vt 0.7912 0.7383
vt 0.7904 0.734
f 3873/4696 3877/4722 3894/4723
vt 0.6727 0.4536
f 3846/4687 3883/4724 3869/4715
f 3845/4685 3870/4704 3899/4720
f 3839/4623 3864/4694 3903/4718
vt 0.6834 0.472
f 3804/4650 3881/4725 3880/4665
f 3873/4696 3894/4723 3885/4690
f 3857/4661 3895/4712 3858/4677
f 3858/4677 3895/4712 3873/4696
f 3878/4714 3897/4719 3838/4676
f 3804/4650 3866/4707 3881/4725
f 3855/4629 3822/4663 3895/4712
vt 0.7056 0.4579
f 3849/4630 3896/4726 3901/4669
vt 0.7823 0.71
f 3856/4667 3939/4727 3870/4704
vt 0.6803 0.4733
f 3866/4707 3904/4728 3881/4725
f 3806/4647 3880/4665 3900/4678
f 3846/4687 3890/4706 3883/4724
f 3856/4667 3871/4682 3939/4727
vt 0.7115 0.4513
f 3834/4664 3888/4716 3935/4729
f 3834/4664 3935/4729 3884/4675
vt 0.7999 0.7266
f 3851/4658 3886/4730 3879/4679
f 3844/4692 3861/4709 3882/4681
f 3873/4696 3895/4712 3877/4722
f 3849/4630 3907/4708 3896/4726
vt 0.7946 0.7126
f 3876/4705 3893/4731 3892/4695
vt 0.7982 0.7233
f 3889/4691 3879/4679 3908/4732
vt 0.6906 0.4478
f 3868/4693 3912/4733 3864/4694
vt 0.6932 0.4666
f 3900/4678 3909/4734 3875/4674
vt 0.6808 0.4488
f 3898/4672 3891/4652 3917/4735
vt 0.6861 0.4704
f 3880/4665 3881/4725 3930/4736
vt 0.6953 0.4636
f 3875/4674 3922/4737 3830/4666
vt 0.7146 0.448
f 3861/4709 3863/4700 3905/4738
vt 0.6951 0.4458
f 3897/4719 3924/4739 3868/4693
f 3868/4693 3924/4739 3912/4733
f 3851/4658 3906/4698 3886/4730
vt 0.7865 0.7346
vt 0.7865 0.731
f 3894/4723 3954/4740 3932/4741
f 3874/4631 3882/4681 3872/4701
vt 0.7877 0.7104
f 3820/4645 3914/4742 3871/4682
f 3891/4652 3860/4684 3917/4735
vt 0.7767 0.7318
f 3902/4697 3887/4683 3919/4743
f 3894/4723 3877/4722 3954/4740
vt 0.703 0.4457
f 3878/4714 3965/4744 3897/4719
f 3880/4665 3930/4736 3900/4678
f 3859/4670 3933/4717 3878/4714
vt 0.7681 0.7271
f 3869/4721 3916/4745 3867/4713
vt 0.7945 0.7198
f 3876/4705 3889/4691 3920/4746
f 3887/4683 3911/4703 3919/4743
f 3875/4674 3909/4734 3922/4737
f 3864/4694 3912/4733 3903/4718
vt 0.7915 0.7166
vt 0.7925 0.7144
f 3876/4705 3921/4747 3957/4748
f 3876/4705 3957/4748 3893/4731
vt 0.686 0.4484
f 3903/4718 3925/4749 3860/4684
f 3876/4705 3920/4746 3921/4747
f 3895/4712 3822/4663 3877/4722
vt 0.6785 0.4514
f 3898/4672 3918/4750 3890/4706
vt 0.7119 0.4431
f 3861/4709 3905/4738 3910/4751
vt 0.6987 0.4613
f 3862/4699 3960/4752 3907/4708
f 3862/4699 3830/4666 3960/4752
f 3898/4672 3917/4735 3918/4750
vt 0.7906 0.729
f 3894/4723 3932/4741 3927/4753
f 3861/4709 3910/4751 3882/4681
f 3830/4666 3922/4737 3960/4752
f 3863/4700 3884/4675 3905/4738
vt 0.7005 0.447
f 3897/4719 3965/4744 3967/4754
f 3872/4701 3882/4681 3910/4751
vt 0.6893 0.4675
f 3930/4736 3961/4755 3900/4678
f 3879/4679 3886/4730 3908/4732
f 3884/4675 3935/4729 3905/4738
vt 0.787 0.738
f 3877/4722 3948/4756 3954/4740
f 3885/4690 3894/4723 3927/4753
f 3900/4678 3961/4755 3909/4734
f 3860/4684 3925/4749 3917/4735
f 3908/4732 3920/4746 3889/4691
f 3903/4718 3912/4733 3925/4749
f 3913/4632 3893/4731 3821/4653
vt 0.7818 0.7345
f 3902/4697 3919/4743 3970/4757
f 3897/4719 3967/4754 3924/4739
f 3822/4663 3948/4756 3877/4722
f 3871/4682 3914/4742 3939/4727
f 3878/4714 3933/4717 3965/4744
vt 0.7048 0.4553
f 3888/4716 3901/4669 3941/4758
f 3901/4669 3896/4726 3941/4758
vt 0.6817 0.4687
f 3881/4725 3904/4728 3984/4759
vt 0.6787 0.4698
f 3904/4728 3915/4760 3984/4759
vt 0.6788 0.4731
f 3904/4728 3899/4761 3915/4760
vt 0.6713 0.4571
f 3883/4724 3916/4762 3869/4715
vt 0.6774 0.4716
f 3899/4761 3931/4763 3915/4760
vt 0.7756 0.7132
vt 0.7728 0.7107
f 3870/4704 3952/4764 3931/4765
f 3870/4704 3931/4765 3899/4720
vt 0.7914 0.7116
f 3820/4645 3821/4653 3929/4766
f 3820/4645 3929/4766 3914/4742
f 3822/4663 3842/4702 3948/4756
vt 0.7107 0.4469
f 3910/4751 3905/4738 3923/4767
f 3821/4653 3893/4731 3929/4766
f 3910/4751 3923/4767 3872/4701
f 3905/4738 3935/4729 3923/4767
f 3892/4695 3893/4731 3913/4632
f 3870/4704 3939/4727 3952/4764
vt 0.7886 0.7212
f 3920/4746 3940/4768 3921/4747
vt 0.7947 0.7268
f 3886/4730 3906/4698 3937/4769
f 3885/4690 3937/4769 3906/4698
f 3923/4767 3933/4717 3872/4701
vt 0.7685 0.725
f 3867/4713 3916/4745 3951/4770
vt 0.7858 0.7266
f 3932/4741 3934/4771 3927/4753
vt 0.7727 0.7242
f 3911/4703 3867/4713 3928/4772
vt 0.7749 0.727
f 3911/4703 3928/4772 3926/4773
f 3948/4756 3842/4702 3970/4757
f 3908/4732 3886/4730 3937/4769
f 3902/4697 3970/4757 3842/4702
f 3885/4690 3927/4753 3937/4769
vt 0.781 0.7132
f 3939/4727 3938/4774 3952/4764
vt 0.7918 0.7236
f 3920/4746 3908/4732 3949/4775
vt 0.7863 0.719
f 3921/4747 3940/4768 3947/4776
vt 0.6998 0.458
f 3907/4708 3960/4752 3942/4777
f 3867/4713 3951/4770 3928/4772
f 3907/4708 3942/4777 3896/4726
vt 0.6848 0.4512
f 3925/4749 3936/4778 3917/4735
vt 0.6851 0.4673
f 3961/4755 3930/4736 3945/4779
vt 0.677 0.4554
f 3918/4750 3977/4780 3890/4706
f 3890/4706 3977/4780 3883/4724
f 3881/4725 3984/4759 3930/4736
vt 0.6741 0.4573
f 3883/4724 3977/4780 3968/4781
f 3883/4724 3968/4781 3916/4762
vt 0.6942 0.4492
f 3924/4739 3943/4782 3912/4733
f 3920/4746 3949/4775 3940/4768
vt 0.7806 0.7264
f 3934/4771 3932/4741 3985/4783
f 3908/4732 3937/4769 3949/4775
vt 0.7063 0.4513
f 3888/4716 3941/4758 3955/4784
vt 0.6907 0.4511
vt 0.6884 0.4533
f 3912/4733 3986/4785 3989/4786
f 3912/4733 3989/4786 3925/4749
vt 0.6907 0.4636
f 3922/4737 3909/4734 3944/4787
f 3934/4771 3949/4775 3927/4753
vt 0.7708 0.722
f 3928/4772 3951/4770 3950/4788
vt 0.6719 0.4597
f 3916/4762 3968/4781 3951/4789
f 3888/4716 3955/4784 3935/4729
f 3909/4734 3961/4755 3944/4787
f 3923/4767 3935/4729 3955/4784
f 3923/4767 3955/4784 3933/4717
vt 0.7713 0.7123
f 3952/4764 3953/4790 3931/4765
vt 0.7826 0.7318
f 3954/4740 3959/4791 3932/4741
vt 0.7844 0.7229
f 3934/4771 3958/4792 3940/4768
f 3896/4726 3942/4777 3941/4758
f 3930/4736 3984/4759 3945/4779
vt 0.6767 0.4696
f 3915/4760 3931/4763 3953/4793
vt 0.7883 0.7146
f 3921/4747 3947/4776 3963/4794
f 3925/4749 3989/4786 3936/4778
f 3927/4753 3949/4775 3937/4769
f 3940/4768 3958/4792 3947/4776
f 3940/4768 3949/4775 3934/4771
f 3911/4703 3926/4773 3919/4743
f 3933/4717 3955/4784 3965/4744
f 3934/4771 3985/4783 3958/4792
f 3893/4731 3957/4748 3929/4766
f 3948/4756 3970/4757 3954/4740
vt 0.7731 0.7184
f 3950/4788 3956/4795 3928/4772
vt 0.7703 0.7151
f 3952/4764 3956/4795 3962/4796
vt 0.7854 0.7137
f 3939/4727 3914/4742 3990/4797
f 3939/4727 3990/4797 3938/4774
f 3957/4748 3921/4747 3963/4794
vt 0.769 0.7181
f 3950/4788 3966/4798 3956/4795
vt 0.6979 0.4488
f 3967/4754 3979/4799 3924/4739
f 3924/4739 3979/4799 3943/4782
vt 0.6931 0.4606
f 3960/4752 3922/4737 3988/4800
f 3912/4733 3943/4782 3986/4785
f 3922/4737 3944/4787 3988/4800
f 3917/4735 3936/4778 3918/4750
vt 0.7675 0.722
f 3950/4788 3951/4770 3964/4801
f 3950/4788 3964/4801 3966/4798
f 3952/4764 3962/4796 3953/4790
vt 0.7773 0.7155
f 3952/4764 3946/4802 3956/4795
f 3956/4795 3966/4798 3962/4796
f 3932/4741 3959/4791 3985/4783
vt 0.776 0.72
f 3928/4772 3956/4795 3982/4803
f 3956/4795 3946/4802 3982/4803
f 3957/4748 3963/4794 3929/4766
vt 0.703 0.4538
f 3955/4784 3941/4758 3976/4804
vt 0.6745 0.4613
f 3951/4789 3968/4781 3972/4805
vt 0.6724 0.4611
f 3951/4789 3972/4805 3964/4806
f 3955/4784 3976/4804 3965/4744
vt 0.6757 0.4677
vt 0.6784 0.4668
f 3953/4793 3962/4807 3975/4808
f 3953/4793 3975/4808 3915/4760
f 3952/4764 3938/4774 3946/4802
vt 0.6733 0.4643
f 3964/4806 3972/4805 3966/4809
f 3965/4744 3976/4804 3967/4754
vt 0.7689 0.7166
f 3962/4796 3966/4798 3971/4810
vt 0.7001 0.4547
f 3942/4777 3981/4811 3941/4758
vt 0.6839 0.4541
f 3918/4750 3936/4778 3969/4812
f 3915/4760 3975/4808 3984/4759
f 3970/4757 3959/4791 3954/4740
f 3914/4742 3929/4766 3963/4794
f 3914/4742 3963/4794 3990/4797
vt 0.7829 0.7178
f 3947/4776 3973/4813 3963/4794
vt 0.6746 0.4653
f 3966/4809 3972/4805 3971/4814
vt 0.6965 0.4574
f 3960/4752 3987/4815 3942/4777
vt 0.6936 0.4513
f 3943/4782 3974/4816 3986/4785
f 3960/4752 3988/4800 3987/4815
f 3918/4750 3969/4812 3977/4780
f 3947/4776 3958/4792 3973/4813
f 3941/4758 3981/4811 3976/4804
f 3962/4807 3971/4814 3975/4808
vt 0.7793 0.7294
f 3919/4743 3926/4773 3980/4817
vt 0.7 0.4507
f 3967/4754 3976/4804 3983/4818
f 3971/4814 3972/4805 3975/4808
f 3976/4804 3981/4811 3983/4818
f 3967/4754 3983/4818 3979/4799
vt 0.7786 0.722
f 3958/4792 3985/4783 3999/4819
f 3958/4792 3999/4819 3973/4813
vt 0.6781 0.4589
f 3968/4781 3977/4780 3978/4820
f 3968/4781 3978/4820 3972/4805
f 3970/4757 3919/4743 3980/4817
f 3985/4783 3959/4791 3980/4817
f 3982/4803 3999/4819 3928/4772
f 3928/4772 3999/4819 3926/4773
vt 0.681 0.4618
f 3972/4805 3993/4821 3975/4808
f 3972/4805 3978/4820 3993/4821
f 3942/4777 3987/4815 3981/4811
f 3963/4794 3973/4813 3990/4797
f 3970/4757 3980/4817 3959/4791
f 3981/4811 3987/4815 3983/4818
f 3983/4818 3987/4815 3974/4816
f 3979/4799 3983/4818 3943/4782
vt 0.7805 0.717
f 3946/4802 3938/4774 3998/4822
f 3983/4818 3974/4816 3943/4782
vt 0.6859 0.4629
f 3945/4779 3996/4823 3961/4755
vt 0.6826 0.465
f 3975/4808 3993/4821 3991/4824
f 3975/4808 3991/4824 3984/4759
f 3961/4755 3996/4823 3944/4787
vt 0.6915 0.4544
f 3986/4785 3994/4825 3989/4786
f 3984/4759 3991/4824 3945/4779
f 3980/4817 3926/4773 3985/4783
vt 0.6887 0.4607
f 3988/4800 3944/4787 4000/4826
f 3989/4786 3969/4812 3936/4778
f 3982/4803 3946/4802 3998/4822
vt 0.6919 0.4579
f 3988/4800 4000/4826 3992/4827
f 3973/4813 3998/4822 3990/4797
f 3938/4774 3990/4797 3998/4822
f 3986/4785 3974/4816 3994/4825
f 3996/4823 3945/4779 3991/4824
f 3987/4815 3988/4800 3992/4827
f 3987/4815 3992/4827 3994/4825
f 3987/4815 3994/4825 3974/4816
f 3989/4786 3994/4825 3992/4827
vt 0.6809 0.4575
f 3977/4780 3969/4812 3995/4828
vt 0.6858 0.4565
f 3992/4827 4000/4826 3997/4829
f 3992/4827 3997/4829 3989/4786
f 3926/4773 3999/4819 3985/4783
f 3977/4780 3995/4828 3978/4820
f 3982/4803 3998/4822 3999/4819
f 3993/4821 3978/4820 3995/4828
f 3993/4821 3996/4823 3991/4824
f 3993/4821 3995/4828 3996/4823
f 3996/4823 4000/4826 3944/4787
f 3996/4823 3995/4828 3997/4829
f 3996/4823 3997/4829 4000/4826
f 3969/4812 3997/4829 3995/4828
f 3989/4786 3997/4829 3969/4812
f 3999/4819 3998/4822 3973/4813

