
v -0.4252 -0.5460 0.0500
v -0.4078 -0.5492 -0.0498
v -0.3896 -0.5499 -0.1744
v -0.4054 -0.5497 0.0685
v -0.3744 -0.5513 0.0171
v -0.3743 -0.5486 -0.0070
v -0.3860 -0.5329 0.0563
v -0.3864 -0.5570 -0.1416
v -0.3668 -0.5561 0.0501
v -0.3568 -0.5573 0.0242
v -0.3648 -0.5499 0.0218
v -0.3641 -0.5487 0.0206
v -0.3642 -0.5402 0.0232
v -0.3442 -0.5593 -0.1480
v -0.3474 -0.5465 0.0944
v -0.3602 -0.5422 0.0160
v -0.3584 -0.5463 -0.1404
v -0.3469 -0.5413 -0.0923
v -0.3466 -0.5536 -0.0867
v -0.3043 -0.5419 -0.0023
v -0.3092 -0.5531 0.1609
v -0.3525 -0.5529 0.1363
v -0.3210 -0.5387 -0.0926
v -0.3170 -0.5351 0.1191
v -0.3037 -0.5253 0.0434
v -0.3508 -0.5291 -0.0312
v -0.3107 -0.5555 0.0466
v -0.3491 -0.5548 -0.0437
v -0.3137 -0.5550 0.0340
v -0.2995 -0.5568 -0.1236
v -0.3113 -0.5497 0.1105
v -0.3094 -0.3964 -0.0556
v -0.2975 -0.0827 0.1009
v -0.2998 -0.5449 -0.1706
v -0.3013 -0.1958 0.2861
v -0.3039 -0.5595 -0.0790
v -0.3020 -0.3421 -0.0311
v -0.2978 -0.3853 -0.0072
v -0.3191 -0.5179 0.0801
v -0.2848 -0.5284 0.0934
v -0.2955 -0.3574 0.0041
v -0.2573 -0.5278 0.1296
v -0.2596 -0.3957 -0.0207
v -0.2960 -0.0609 0.0829
v -0.2787 -0.0519 0.1007
v -0.2750 0.1022 0.1016
v -0.2862 0.0304 0.0920
v -0.3000 -0.4736 0.0528
v -0.2703 -0.0114 0.0709
v -0.2588 -0.5209 0.0353
v -0.2728 -0.5485 0.0498
v -0.2953 0.0505 0.0904
v -0.2987 0.0116 0.2156
v -0.2912 -0.5155 -0.0197
v -0.2850 0.0333 0.2426
v -0.2608 -0.5085 0.0581
v -0.2671 -0.5548 -0.0581
v -0.2712 -0.0856 0.0916
v -0.2708 -0.5535 0.0599
v -0.2709 0.0609 0.0964
v -0.2740 -0.5413 -0.1674
v -0.2804 -0.0128 0.1106
v -0.2745 -0.0370 0.2893
v -0.2828 0.0494 0.1147
v -0.2675 -0.5308 -0.1211
v -0.2687 -0.5586 -0.0870
v -0.2459 -0.5617 0.0506
v -0.2785 -0.2185 0.3195
v -0.2735 -0.0569 0.0606
v -0.2858 -0.1585 0.2645
v -0.2718 -0.3859 -0.0654
v -0.2770 -0.5227 0.1141
v -0.2754 -0.4995 0.0944
v -0.2744 -0.5055 -0.1204
v -0.2763 -0.0014 0.1862
v -0.2572 -0.4152 0.0658
v -0.2635 -0.0027 0.1352
v -0.2628 0.0166 0.1406
v -0.2663 0.0022 0.0937
v -0.2798 -0.5409 -0.0815
v -0.2606 -0.0097 0.2363
v -0.2488 -0.2903 0.0293
v -0.2686 -0.3331 -0.0061
v -0.2515 -0.0164 0.0917
v -0.2686 -0.5568 0.1079
v -0.2670 -0.0339 0.2518
v -0.2528 -0.3353 0.0262
v -0.2695 -0.5534 0.1725
v -0.2824 -0.1474 0.3217
v -0.2618 -0.0641 0.2938
v -0.2664 -0.5097 0.0885
v -0.2530 0.0672 0.1825
v -0.2568 -0.0752 0.3276
v -0.2671 -0.1308 0.2871
v -0.2403 0.1082 0.0552
v -0.2502 0.1565 0.0890
v -0.2581 0.0888 0.1592
v -0.2575 -0.4944 0.1123
v -0.2665 -0.0087 0.1935
v -0.2253 -0.1352 0.3088
v -0.2603 -0.0989 0.2963
v -0.2747 0.1081 0.0853
v -0.2608 0.1309 0.1012
v -0.2343 -0.5280 0.0545
v -0.2611 0.0773 0.0546
v -0.2574 -0.0900 0.2800
v -0.2495 0.0328 0.0591
v -0.2414 0.1548 0.0676
v -0.2588 -0.4931 0.0421
v -0.2552 -0.3516 -0.0458
v -0.2480 0.1314 0.1714
v -0.2575 0.0218 0.2560
v -0.2142 -0.5562 0.1027
v -0.2546 0.0854 0.1697
v -0.2587 -0.1748 0.3491
v -0.2437 -0.1290 0.2871
v -0.2462 -0.1240 0.2968
v -0.2450 0.1520 0.1914
v -0.2487 -0.0414 0.3236
v -0.2317 -0.2945 0.0176
v -0.2493 0.1110 0.0973
v -0.2293 0.0405 0.1899
v -0.2510 0.0930 0.2207
v -0.2413 -0.3423 0.0084
v -0.2437 -0.1277 0.2917
v -0.2563 -0.0662 0.2724
v -0.2477 0.0847 0.1723
v -0.2374 0.1132 0.1653
v -0.2694 -0.4969 0.0789
v -0.2376 -0.0027 0.2140
v -0.2568 -0.2090 0.2521
v -0.2383 -0.5401 -0.1374
v -0.2434 -0.0087 0.3045
v -0.2368 -0.5355 0.1017
v -0.2339 -0.1634 0.2468
v -0.2417 0.0818 0.0776
v -0.2417 -0.0408 0.2553
v -0.2440 0.0549 0.1729
v -0.2422 -0.0878 0.3310
v -0.2462 -0.5425 -0.1285
v -0.2387 0.1381 0.1647
v -0.2519 -0.5547 0.0243
v -0.2292 -0.0804 0.3109
v -0.2421 -0.4758 -0.0796
v -0.2429 -0.0923 0.3082
v -0.2362 -0.3911 0.0646
v -0.2446 -0.5400 -0.1787
v -0.2280 -0.3526 0.0849
v -0.2494 -0.4366 0.0877
v -0.2374 0.1553 0.1125
v -0.2437 0.1129 0.1974
v -0.2416 0.0534 0.2500
v -0.2256 0.1410 0.0586
v -0.2556 -0.5569 0.1273
v -0.2388 -0.0876 0.3028
v -0.2309 -0.0204 0.1737
v -0.2375 -0.0667 0.2648
v -0.2224 -0.0649 0.2757
v -0.2414 -0.4744 0.1114
v -0.2226 -0.5084 0.1061
v -0.2380 -0.0757 0.3078
v -0.2382 -0.5341 -0.1641
v -0.2310 0.0769 0.0487
v -0.2349 0.0102 0.0215
v -0.2385 -0.3378 0.0359
v -0.2366 0.1341 0.1828
v -0.2421 -0.4495 0.1267
v -0.2398 -0.0840 0.2794
v -0.2453 0.0559 0.2687
v -0.2359 0.1516 0.1070
v -0.2072 -0.4827 0.0699
v -0.2212 0.1950 0.0736
v -0.2091 -0.5498 -0.0786
v -0.2311 0.1587 0.1076
v -0.2335 -0.5588 -0.1589
v -0.2273 0.1482 0.2014
v -0.2339 -0.4805 0.0118
v -0.2382 0.1363 0.0764
v -0.2238 -0.5269 0.1584
v -0.2283 -0.5073 0.1264
v -0.2300 -0.5337 -0.2200
v -0.2322 0.0228 0.2863
v -0.2284 -0.0264 0.2529
v -0.2259 0.1467 0.1325
v -0.2332 0.1558 0.1517
v -0.2147 0.0053 -0.0115
v -0.2242 0.0556 0.0600
v -0.2171 0.1313 0.0586
v -0.2215 0.0339 0.0240
v -0.2322 -0.2761 0.0429
v -0.2262 -0.0390 0.3150
v -0.2294 0.1713 0.1312
v -0.2281 0.1172 0.0469
v -0.2105 -0.5079 -0.1858
v -0.2283 -0.2266 0.2825
v -0.2209 -0.0998 -0.0922
v -0.2274 -0.1004 0.3029
v -0.2134 0.1734 0.2109
v -0.2268 0.1152 0.2306
v -0.2231 -0.0407 0.2895
v -0.2166 0.1549 0.0451
v -0.2181 -0.4388 -0.0367
v -0.2139 0.1570 0.1553
v -0.2245 -0.5378 -0.0398
v -0.2343 -0.4287 0.1031
v -0.2121 0.1528 0.0600
v -0.2227 -0.4434 0.1097
v -0.2213 0.1842 0.2096
v -0.2344 -0.5027 0.0194
v -0.2190 -0.3144 0.1025
v -0.2221 -0.4938 -0.0651
v -0.2089 0.0710 0.1434
v -0.2159 0.1668 0.1846
v -0.1878 0.2016 0.0682
v -0.2155 0.1578 0.2028
v -0.2227 -0.2176 0.3231
v -0.1753 -0.4672 -0.0288
v -0.2074 0.1930 0.0825
v -0.2159 0.0018 0.2170
v -0.2061 -0.5342 0.1272
v -0.1869 -0.5329 -0.2115
v -0.2200 -0.4903 0.1598
v -0.1979 -0.1678 0.2810
v -0.2399 0.1439 0.0887
v -0.1966 -0.0240 0.3041
v -0.2126 -0.0615 -0.0878
v -0.2123 0.0169 -0.0070
v -0.2274 -0.5573 -0.1064
v -0.1904 -0.1950 0.0557
v -0.1956 -0.3978 0.0755
v -0.2136 -0.5574 0.0280
v -0.2126 -0.2868 0.0650
v -0.2135 -0.0727 0.2981
v -0.2113 -0.5543 -0.1212
v -0.2102 -0.1777 0.3318
v -0.2105 -0.3675 0.1280
v -0.1974 0.1805 0.1970
v -0.2220 0.1763 0.1989
v -0.2065 -0.2248 0.0763
v -0.2006 -0.2745 0.0388
v -0.2084 0.1841 0.1639
v -0.2137 -0.5488 -0.1055
v -0.2118 0.0209 0.1569
v -0.2124 -0.3082 0.0422
v -0.1880 -0.2604 0.0806
v -0.2129 -0.4898 -0.0203
v -0.2179 -0.4700 0.1680
v -0.2055 -0.0205 -0.0207
v -0.2230 -0.5522 0.1342
v -0.1961 -0.0531 -0.0320
v -0.1901 -0.2523 0.1385
v -0.2113 -0.5425 0.0661
v -0.2045 -0.4038 0.0907
v -0.2119 0.1689 0.1362
v -0.2091 -0.5565 -0.0680
v -0.1914 -0.5187 -0.1495
v -0.2146 -0.0753 -0.0698
v -0.1791 -0.4708 -0.1374
v -0.1989 -0.0237 0.1818
v -0.2056 -0.5073 0.1047
v -0.1964 -0.0531 0.3071
v -0.2015 0.0021 0.2666
v -0.1932 0.2229 0.0755
v -0.1973 -0.0687 -0.0669
v -0.1891 -0.3343 0.1165
v -0.1974 0.0141 0.2422
v -0.1966 0.1364 0.2392
v -0.1931 -0.5056 -0.0100
v -0.1851 -0.4441 0.0672
v -0.2070 -0.2815 0.1064
v -0.2016 0.0385 0.2736
v -0.1959 -0.5559 -0.0883
v -0.1820 -0.5452 -0.2240
v -0.1845 -0.5562 -0.1249
v -0.1981 0.2114 0.0627
v -0.1867 -0.4460 0.1092
v -0.1954 -0.5081 0.1317
v -0.2024 -0.4108 0.1234
v -0.1919 -0.5145 0.1334
v -0.1842 -0.5185 0.1236
v -0.1834 -0.5556 -0.0641
v -0.2018 -0.5158 0.1315
v -0.2107 -0.5230 -0.1072
v -0.2125 -0.4911 0.1894
v -0.1831 -0.4409 0.2053
v -0.1811 -0.3223 0.0964
v -0.1976 -0.3955 0.1201
v -0.1970 0.0616 0.2542
v -0.1887 -0.1836 0.0859
v -0.1927 -0.3117 0.1411
v -0.2215 0.0968 0.2646
v -0.1755 -0.0267 -0.0168
v -0.1765 -0.1741 0.0605
v -0.2038 -0.0036 -0.0358
v -0.1862 0.0329 0.1881
v -0.1887 -0.1230 0.0872
v -0.1867 -0.4999 0.1536
v -0.1958 0.2451 0.1714
v -0.1953 0.2170 0.1545
v -0.1854 0.2373 0.1619
v -0.1904 0.2121 0.1656
v -0.1652 -0.2034 0.0541
v -0.1889 -0.4996 0.1293
v -0.1665 -0.4767 0.1529
v -0.1929 0.2248 0.1707
v -0.1851 -0.0333 0.0532
v -0.1905 0.1618 0.2216
v -0.1969 0.1772 0.2060
v -0.1924 0.2115 0.1559
v -0.1869 0.2172 0.1662
v -0.2083 -0.4694 0.1348
v -0.2066 -0.3204 0.1203
v -0.1839 0.2178 0.1533
v -0.1835 0.2144 0.1751
v -0.1885 -0.5453 0.0238
v -0.1910 0.1571 0.0315
v -0.2000 0.1327 0.1256
v -0.1976 0.0123 0.0015
v -0.1752 -0.0330 -0.0466
v -0.1834 -0.3458 0.0060
v -0.1976 -0.5504 0.1389
v -0.1843 0.2218 0.0602
v -0.1761 -0.4312 0.1572
v -0.1747 -0.2125 0.0897
v -0.1587 -0.4961 -0.0640
v -0.1887 -0.0142 0.2048
v -0.1792 -0.0072 -0.0188
v -0.1901 -0.3215 0.1582
v -0.1827 0.0421 0.0067
v -0.1824 0.1992 0.2012
v -0.1575 -0.5240 0.0100
v -0.1720 -0.5526 -0.1062
v -0.1826 -0.0291 0.0214
v -0.1768 -0.0040 0.0616
v -0.1692 -0.2180 0.1635
v -0.1817 -0.3491 0.1381
v -0.1822 -0.5292 0.0214
v -0.1761 -0.4865 0.1414
v -0.1843 -0.4981 0.1366
v -0.1807 0.1728 0.0280
v -0.1895 0.1494 0.0395
v -0.1797 0.0347 0.2548
v -0.1698 -0.5539 -0.0034
v -0.1884 -0.5544 -0.0236
v -0.1886 -0.2113 0.1252
v -0.1802 -0.3506 0.1311
v -0.1823 -0.5342 0.0855
v -0.1823 0.2581 0.1569
v -0.1677 -0.3714 0.1173
v -0.1816 -0.5496 0.3145
v -0.1762 -0.3504 0.1401
v -0.1680 -0.5230 0.2483
v -0.1957 -0.5522 0.0647
v -0.1702 -0.4390 0.1463
v -0.1944 0.0643 0.2710
v -0.1732 -0.4311 0.0317
v -0.1777 -0.5088 0.1961
v -0.1618 0.0444 0.0623
v -0.1713 -0.4711 -0.0660
v -0.1724 -0.4754 0.1447
v -0.1600 -0.4348 0.1343
v -0.1989 -0.5519 0.1750
v -0.1642 0.0277 -0.0060
v -0.1777 0.0063 0.2365
v -0.1762 -0.4570 -0.0220
v -0.1773 0.2553 0.1830
v -0.1644 0.1213 0.2421
v -0.1729 -0.4722 0.1410
v -0.1664 0.0571 0.0049
v -0.1729 -0.4156 0.0935
v -0.1723 -0.5013 0.0859
v -0.1918 -0.4702 0.1820
v -0.1734 0.1729 0.0359
v -0.1663 0.0868 0.0035
v -0.1852 -0.4043 0.0165
v -0.1772 0.2301 0.1654
v -0.1730 -0.2692 0.0558
v -0.1704 -0.5016 0.1263
v -0.1757 -0.5496 -0.1960
v -0.1678 -0.4635 0.1438
v -0.1707 -0.1297 0.1099
v -0.1626 -0.1348 0.1516
v -0.1894 -0.3851 0.1555
v -0.1676 -0.4646 0.1438
v -0.1657 -0.5391 0.1719
v -0.1987 -0.4088 -0.0312
v -0.1646 -0.1078 0.0884
v -0.1725 0.0621 -0.0092
v -0.1673 -0.4556 0.1409
v -0.1645 -0.2762 0.1027
v -0.1706 0.2639 0.1316
v -0.1441 -0.2430 0.1878
v -0.1661 -0.4552 0.1439
v -0.1462 -0.2694 0.1528
v -0.1648 -0.4031 0.1156
v -0.1640 0.3690 0.1401
v -0.1701 0.2478 0.0677
v -0.1636 -0.4352 0.1476
v -0.1680 -0.0926 0.1013
v -0.1601 0.1004 -0.0012
v -0.1584 0.0747 0.1217
v -0.1575 -0.5189 -0.1324
v -0.1815 0.2020 0.1193
v -0.1578 -0.5344 -0.0480
v -0.1692 0.2565 0.1644
v -0.1695 -0.3377 0.1440
v -0.1649 -0.3663 0.1953
v -0.1613 0.3595 0.1602
v -0.1616 0.3692 0.1838
v -0.1588 -0.3724 0.0786
v -0.1661 -0.5127 0.2186
v -0.1628 0.3732 0.1736
v -0.1587 -0.5251 0.0349
v -0.1484 -0.3104 0.1546
v -0.1667 -0.2677 0.0271
v -0.1521 -0.4353 0.1682
v -0.1548 -0.1476 0.1256
v -0.1676 -0.5455 -0.0567
v -0.1344 -0.2976 0.0171
v -0.1602 -0.5414 0.2137
v -0.1610 0.3856 0.1662
v -0.1594 -0.4832 0.2365
v -0.1605 0.0310 0.1636
v -0.1712 -0.4975 0.1113
v -0.1480 -0.1368 0.0773
v -0.1545 -0.1634 0.1008
v -0.1756 -0.5378 0.2076
v -0.1477 0.1064 0.0052
v -0.1657 -0.2534 0.1360
v -0.1545 -0.4374 -0.0327
v -0.1576 0.3802 0.1927
v -0.1725 -0.5570 0.2691
v -0.1506 0.3704 0.1649
v -0.1547 0.1936 0.0908
v -0.1565 0.3734 0.1287
v -0.1732 -0.2044 0.1131
v -0.1509 0.3698 0.1801
v -0.1530 -0.5340 -0.2452
v -0.1511 -0.2216 0.0390
v -0.1581 -0.5205 -0.2396
v -0.1540 -0.0649 0.0203
v -0.1493 -0.3371 0.1736
v -0.1456 0.0143 0.1122
v -0.1584 -0.4561 0.1979
v -0.1555 0.3578 0.1136
v -0.1509 0.0890 -0.0021
v -0.1447 -0.4205 0.2256
v -0.1525 -0.4021 0.1389
v -0.1454 -0.5172 0.2434
v -0.1502 0.3821 0.1658
v -0.1486 -0.4767 0.1907
v -0.1563 -0.4593 -0.1032
v -0.1505 -0.4790 0.2071
v -0.1417 -0.4844 0.2136
v -0.1366 0.3486 0.1365
v -0.1518 -0.3764 0.1435
v -0.1502 -0.4763 0.1522
v -0.1565 -0.4930 0.1266
v -0.1537 0.2379 0.0228
v -0.1521 -0.2224 0.0676
v -0.1605 -0.5080 0.1786
v -0.1488 -0.3294 0.1379
v -0.1496 -0.3844 0.1339
v -0.1530 -0.0341 0.0319
v -0.1454 -0.5003 0.0168
v -0.1521 -0.4090 -0.1016
v -0.1474 0.1891 0.0061
v -0.1496 -0.5042 0.2138
v -0.1501 0.3552 0.1835
v -0.1488 -0.4846 0.0409
v -0.1488 -0.4312 0.0286
v -0.1516 0.1152 -0.0069
v -0.1602 -0.1963 0.1501
v -0.1446 -0.1949 0.1113
v -0.1643 -0.1010 0.1188
v -0.1559 -0.2992 0.0544
v -0.1455 -0.3752 -0.0838
v -0.1471 -0.5426 0.2896
v -0.1542 0.0409 0.0037
v -0.1502 -0.4056 -0.0564
v -0.1192 -0.4505 -0.0820
v -0.1462 0.0131 0.1303
v -0.1458 -0.0147 0.1205
v -0.1325 -0.5318 -0.2932
v -0.1565 0.3032 0.1456
v -0.1423 -0.4275 0.1454
v -0.1421 -0.4456 0.1946
v -0.1340 0.2085 0.2064
v -0.1470 -0.4893 0.2575
v -0.1460 -0.1020 0.1358
v -0.1583 -0.0536 0.1142
v -0.1388 0.1814 0.0113
v -0.1326 0.0403 0.1251
v -0.1558 -0.5030 0.0917
v -0.1436 0.2381 0.0101
v -0.1486 0.2567 0.1865
v -0.1384 -0.2970 -0.0308
v -0.1370 -0.5130 0.2337
v -0.1390 -0.5286 0.0109
v -0.1353 -0.4277 -0.0154
v -0.1485 -0.4993 0.2098
v -0.1403 0.2113 0.0164
v -0.1444 -0.1168 0.1130
v -0.1396 -0.1375 0.0753
v -0.1513 -0.4145 0.1011
v -0.1427 -0.3312 0.0565
v -0.1350 -0.1430 0.1657
v -0.1323 -0.2497 0.0747
v -0.1454 0.0192 -0.0021
v -0.1474 -0.0132 0.1359
v -0.1501 -0.4046 0.0102
v -0.1381 0.1193 0.2227
v -0.1395 -0.4105 0.0611
v -0.1445 -0.5068 0.0292
v -0.1388 -0.0325 0.0036
v -0.1323 -0.4424 0.0611
v -0.1268 0.3368 0.1800
v -0.1345 0.2078 0.0217
v -0.1289 -0.3397 0.2343
v -0.1389 -0.5327 0.2658
v -0.1283 -0.0298 0.1446
v -0.1430 0.1224 0.0571
v -0.1272 -0.1965 0.0891
v -0.1388 0.2308 0.0228
v -0.1595 -0.5526 0.2401
v -0.1427 -0.1384 0.1953
v -0.1117 0.1615 0.0763
v -0.1180 0.0691 0.0091
v -0.1507 0.2692 0.0861
v -0.1427 -0.5494 0.3131
v -0.1426 0.1984 0.0227
v -0.1454 -0.0666 0.1021
v -0.1328 -0.5631 0.2378
v -0.1530 0.1723 0.0283
v -0.1340 -0.4248 0.1016
v -0.1330 0.0326 0.1251
v -0.1387 0.0277 -0.0211
v -0.1328 -0.0375 0.0212
v -0.1388 -0.3302 0.0829
v -0.1387 -0.3669 -0.0090
v -0.1335 0.2785 0.2050
v -0.1283 -0.5508 0.2262
v -0.1288 -0.5072 0.0305
v -0.1311 0.2636 0.0381
v -0.1347 -0.3156 -0.0575
v -0.1246 -0.5330 0.3161
v -0.1315 0.0399 0.1287
v -0.1265 0.2514 0.0195
v -0.1337 -0.3224 0.0584
v -0.1414 0.0515 0.1105
v -0.1146 -0.3246 0.0834
v -0.1155 0.0646 0.2420
v -0.1377 0.0191 0.2461
v -0.1304 -0.4574 0.0150
v -0.1098 0.0390 0.2117
v -0.1270 -0.4163 0.1944
v -0.1318 -0.4484 0.1679
v -0.1379 -0.5152 -0.2918
v -0.1344 -0.5575 0.2836
v -0.1251 -0.4469 0.2113
v -0.1295 -0.3377 0.0543
v -0.1192 -0.1363 0.1080
v -0.1275 -0.3566 0.0537
v -0.1203 -0.0957 0.1607
v -0.1315 0.0844 0.1147
v -0.1310 -0.3447 0.0545
v -0.1226 -0.4827 0.2623
v -0.1335 -0.3115 0.0628
v -0.1324 -0.3206 0.0627
v -0.1385 -0.4945 -0.1303
v -0.1336 -0.3417 0.0328
v -0.1319 0.0207 0.1516
v -0.1428 -0.0888 0.1608
v -0.1362 -0.5337 0.3597
v -0.1264 -0.1966 -0.0164
v -0.1366 -0.3455 0.1265
v -0.1360 0.0100 0.0050
v -0.1326 -0.0789 0.1123
v -0.1278 -0.3302 0.0570
v -0.1186 0.0606 0.2782
v -0.1135 0.1282 0.0910
v -0.1099 0.1341 0.0034
v -0.1269 0.0345 0.1191
v -0.1264 -0.5534 -0.0722
v -0.1313 0.0202 0.1219
v -0.1309 -0.4272 0.2597
v -0.1264 -0.2070 0.0376
v -0.1329 -0.4739 -0.0039
v -0.1324 0.1799 0.2093
v -0.1218 -0.3901 -0.0249
v -0.1247 0.0381 0.1230
v -0.1468 0.1502 0.0894
v -0.1089 -0.5169 0.2464
v -0.1421 -0.1302 0.1748
v -0.1317 0.1782 0.0536
v -0.1257 -0.3009 0.0473
v -0.1233 -0.3003 0.0473
v -0.1246 -0.3016 0.0473
v -0.1204 0.0140 0.1649
v -0.1213 -0.3777 0.0745
v -0.1245 -0.3081 0.0461
v -0.1293 -0.4734 0.0511
v -0.1238 -0.3314 0.0476
v -0.1182 -0.4657 0.0307
v -0.1193 -0.0260 0.1955
v -0.1275 -0.4364 0.0351
v -0.1260 0.0633 0.1508
v -0.1154 0.0224 -0.0002
v -0.1220 -0.3867 0.0463
v -0.1226 -0.2478 0.1547
v -0.1282 0.1134 -0.0034
v -0.1214 -0.3758 0.0152
v -0.1112 -0.4787 0.2445
v -0.1314 -0.3846 -0.0635
v -0.1103 0.2952 0.0496
v -0.1203 0.0581 0.1181
v -0.1317 -0.5206 0.2201
v -0.1362 0.0844 0.0079
v -0.1205 -0.3090 0.0511
v -0.1208 -0.2915 0.1643
v -0.1018 -0.5398 -0.0398
v -0.1186 -0.0581 0.1829
v -0.1129 0.0325 0.1538
v -0.1329 -0.5299 -0.0298
v -0.1101 0.0774 0.1164
v -0.1154 -0.0857 0.1190
v -0.1322 -0.5137 -0.1316
v -0.1263 -0.1775 0.2006
v -0.1158 -0.1133 0.0386
v -0.1181 -0.2013 0.1566
v -0.1203 -0.3268 -0.0384
v -0.1165 0.2420 0.0605
v -0.1178 -0.1824 0.1583
v -0.1080 0.3803 0.1415
v -0.1112 -0.3663 0.2026
v -0.1182 -0.1851 0.1596
v -0.1225 -0.2504 -0.0341
v -0.1176 -0.1931 0.1566
v -0.1172 -0.1882 0.1606
v -0.1219 -0.2279 0.1451
v -0.1159 -0.2432 0.1705
v -0.1174 0.2699 0.0649
v -0.1246 -0.2333 0.1549
v -0.1171 -0.3358 0.0473
v -0.1380 -0.5604 -0.0703
v -0.1165 -0.1912 0.1621
v -0.1156 -0.1915 0.1620
v -0.1188 0.2579 0.0037
v -0.1164 -0.1926 0.1603
v -0.1071 -0.4711 0.0370
v -0.1250 0.0879 0.1845
v -0.1236 0.1142 0.0374
v -0.1169 -0.2547 0.1716
v -0.1193 -0.5321 -0.2639
v -0.1166 -0.2006 0.1631
v -0.1161 -0.1855 0.1635
v -0.1181 -0.3502 0.0309
v -0.1139 -0.1495 0.0597
v -0.1139 -0.2335 0.1733
v -0.1187 -0.4296 -0.0958
v -0.1153 -0.2718 -0.0197
v -0.1338 -0.5288 -0.2294
v -0.1207 -0.0338 0.2303
v -0.1134 -0.2043 0.1669
v -0.1219 0.0359 0.1657
v -0.0968 0.0224 0.2181
v -0.1166 -0.0193 0.1546
v -0.1138 -0.4903 0.2231
v -0.1077 -0.1952 -0.0244
v -0.1124 -0.2922 0.0484
v -0.1280 -0.2664 0.1304
v -0.1120 -0.3016 0.0399
v -0.1272 -0.0757 0.1030
v -0.1246 0.2744 0.0278
v -0.1120 -0.0103 0.1275
v -0.1045 0.2727 0.0175
v -0.1238 -0.5037 -0.0322
v -0.1234 -0.5164 0.2441
v -0.1136 0.0214 0.1511
v -0.1228 0.0380 0.0572
v -0.1113 -0.0086 0.1322
v -0.1155 0.0009 0.1208
v -0.1145 -0.0173 0.1331
v -0.1110 -0.0180 0.1343
v -0.1112 -0.2382 0.1753
v -0.1113 -0.0827 0.2441
v -0.1123 -0.0630 0.2461
v -0.1111 -0.0053 0.1278
v -0.1337 0.3289 0.0800
v -0.1185 -0.3731 0.2578
v -0.1109 -0.3404 0.0088
v -0.1103 -0.0793 0.2320
v -0.1110 -0.3049 0.1783
v -0.1315 -0.0319 0.2663
v -0.1207 0.1982 0.0019
v -0.1036 -0.0224 0.1698
v -0.1103 -0.0066 0.1321
v -0.1115 -0.0060 0.1224
v -0.1237 -0.2139 0.2315
v -0.1092 -0.2832 0.1591
v -0.1278 -0.4945 -0.1804
v -0.1127 -0.2710 0.1366
v -0.1080 -0.4569 0.2594
v -0.1080 -0.0014 0.1351
v -0.1101 -0.0013 0.1282
v -0.1043 -0.1160 0.2396
v -0.1154 0.1033 0.2336
v -0.1141 -0.5277 0.2110
v -0.1083 -0.1264 0.0664
v -0.1061 0.1068 0.1552
v -0.0998 -0.0379 0.2265
v -0.1134 0.2690 0.1949
v -0.0960 0.3483 0.0582
v -0.1080 0.0050 0.1279
v -0.1145 -0.2457 0.1088
v -0.1097 -0.2964 0.1635
v -0.1088 0.2278 -0.0033
v -0.1065 -0.3646 0.0323
v -0.1049 -0.0131 0.1702
v -0.1137 -0.0007 0.1429
v -0.1326 -0.5268 -0.2139
v -0.1215 0.0083 0.2831
v -0.1131 -0.4990 -0.2076
v -0.1100 -0.0799 0.2103
v -0.1055 -0.0809 0.2354
v -0.1052 0.2238 -0.0040
v -0.0948 0.2226 0.2008
v -0.1082 0.0827 0.1493
v -0.1080 0.1062 0.1706
v -0.0810 -0.5707 0.3041
v -0.1084 -0.0743 0.2308
v -0.1082 -0.0788 0.2367
v -0.1071 0.0260 0.1589
v -0.1087 0.0782 0.1978
v -0.1028 -0.0130 0.2183
v -0.1062 -0.2848 0.0161
v -0.1026 -0.5071 -0.0659
v -0.1094 0.3072 0.0105
v -0.1113 -0.5110 -0.0884
v -0.1146 -0.5505 0.3244
v -0.0961 0.1219 0.2028
v -0.1041 0.1099 0.1616
v -0.1096 -0.1190 0.2537
v -0.0969 0.0804 0.2568
v -0.1362 -0.2846 0.2280
v -0.1167 -0.4821 -0.0039
v -0.0968 0.1261 0.1609
v -0.1195 -0.3501 0.1755
v -0.1011 -0.2038 0.0192
v -0.1109 0.0452 0.1523
v -0.1037 -0.0543 0.0976
v -0.1008 -0.0410 0.2503
v -0.1059 -0.2348 0.0889
v -0.1019 -0.1900 0.0138
v -0.0934 0.0676 0.2233
v -0.0992 -0.5162 -0.0719
v -0.1029 -0.1944 0.0155
v -0.1014 -0.4385 0.0456
v -0.0987 -0.5043 -0.0742
v -0.0973 -0.2197 0.0282
v -0.1029 -0.2171 0.0317
v -0.1002 -0.0650 0.2368
v -0.1106 -0.3820 -0.0821
v -0.1040 0.0936 0.1502
v -0.0987 0.2541 -0.0204
v -0.1007 -0.4914 0.1672
v -0.0913 -0.2949 0.1700
v -0.0983 0.0943 0.1368
v -0.1006 0.0961 0.1408
v -0.1008 -0.5102 -0.0653
v -0.1007 -0.3075 0.0292
v -0.1082 -0.5066 -0.0630
v -0.1024 -0.3618 0.1645
v -0.1010 -0.2104 0.0193
v -0.0908 -0.3172 0.2711
v -0.0998 -0.1944 0.0158
v -0.1029 0.3085 0.2100
v -0.1049 0.2283 -0.0135
v -0.1060 0.0570 -0.0054
v -0.1015 -0.4827 0.1288
v -0.0965 0.2217 0.0090
v -0.1023 -0.4272 0.0092
v -0.0952 -0.2140 0.0158
v -0.1030 0.2370 0.0120
v -0.1070 -0.2917 0.1247
v -0.0904 0.3743 0.0638
v -0.0974 -0.1854 0.0260
v -0.0856 -0.2235 0.0671
v -0.1100 -0.3991 0.2242
v -0.0991 -0.2655 0.0270
v -0.0992 0.0887 0.1260
v -0.0982 0.0313 0.1411
v -0.0965 0.1043 0.1376
v -0.0976 -0.4579 0.1561
v -0.1027 -0.5242 0.1410
v -0.1182 0.1666 0.2033
v -0.0887 -0.3992 0.2635
v -0.0939 0.3007 0.0246
v -0.1010 -0.1969 0.0069
v -0.0943 -0.2831 0.1296
v -0.1027 0.2854 0.0103
v -0.0956 -0.4192 0.1300
v -0.1033 -0.3820 -0.0545
v -0.0941 0.0769 0.1361
v -0.0908 -0.2088 0.0270
v -0.0992 0.2447 -0.0060
v -0.0981 -0.3774 0.0173
v -0.0915 -0.3351 0.0181
v -0.0947 0.3221 0.0220
v -0.0877 0.1281 0.1777
v -0.1058 -0.2678 0.1749
v -0.0914 -0.0297 0.0181
v -0.0946 -0.2803 0.0261
v -0.0788 -0.5440 -0.2107
v -0.0945 -0.3953 0.0500
v -0.1126 -0.3247 0.1282
v -0.0940 0.1867 0.0339
v -0.0970 -0.2366 0.0279
v -0.0979 -0.2285 0.0270
v -0.0930 -0.2350 0.0255
v -0.0950 -0.0940 0.2482
v -0.1080 -0.2975 0.1759
v -0.0758 -0.5318 -0.2632
v -0.0955 -0.4724 -0.1467
v -0.0993 0.0365 0.1326
v -0.1024 -0.0304 0.2925
v -0.0994 -0.2569 0.0143
v -0.0885 0.3151 0.0374
v -0.0991 0.1742 0.0146
v -0.0961 -0.5655 0.1335
v -0.0905 -0.2741 0.1985
v -0.0966 -0.2704 0.1946
v -0.0932 -0.2641 -0.0370
v -0.1041 -0.1525 0.0105
v -0.0987 -0.5583 -0.2758
v -0.1197 0.0973 0.0704
v -0.0909 0.0910 0.1172
v -0.0635 -0.4247 0.1790
v -0.0924 -0.4255 0.2294
v -0.0845 0.2745 0.0050
v -0.1166 -0.4191 0.0042
v -0.0877 -0.3373 -0.1028
v -0.0873 -0.4307 -0.1201
v -0.0939 -0.3374 0.1921
v -0.1059 0.2582 -0.0050
v -0.0982 0.3652 0.1821
v -0.0980 -0.4515 0.2399
v -0.0883 -0.1858 0.0065
v -0.0980 -0.5187 -0.1157
v -0.1003 0.4331 0.1377
v -0.0907 -0.4620 -0.0175
v -0.0651 -0.1776 -0.0163
v -0.0960 0.1101 0.1276
v -0.0905 -0.0614 0.2424
v -0.0888 0.1558 0.2109
v -0.1053 0.1363 0.2465
v -0.0925 -0.5153 -0.0592
v -0.0980 -0.3049 -0.0521
v -0.0762 -0.4657 0.1867
v -0.0992 -0.4959 -0.0245
v -0.0888 0.2232 -0.0064
v -0.0923 -0.3039 0.2133
v -0.0682 -0.5192 0.2168
v -0.0924 -0.5081 -0.0064
v -0.1032 -0.1820 -0.0087
v -0.0895 -0.3039 0.0463
v -0.0902 0.0214 0.0290
v -0.0890 -0.2759 0.0242
v -0.0870 -0.2745 0.0242
v -0.0881 -0.2766 0.0243
v -0.0918 0.1151 0.1503
v -0.0864 -0.4571 0.1143
v -0.0832 0.3417 0.0440
v -0.0876 -0.2798 0.0248
v -0.0867 -0.2882 0.0241
v -0.0776 0.3058 0.0293
v -0.0796 0.1162 0.1103
v -0.0923 0.0897 0.0028
v -0.0841 -0.5279 0.0973
v -0.0858 0.3362 0.0103
v -0.0931 -0.5006 0.2447
v -0.0551 -0.2242 0.0757
v -0.0793 -0.3746 -0.0962
v -0.0799 -0.3446 0.0839
v -0.0860 -0.3746 0.2658
v -0.1139 0.3271 0.2098
v -0.0847 0.2496 -0.0041
v -0.0822 -0.5536 -0.3347
v -0.0835 -0.4476 0.2338
v -0.0963 -0.4061 -0.1353
v -0.0875 0.2587 0.2131
v -0.0885 -0.2972 0.0355
v -0.0842 -0.1823 0.0121
v -0.0734 0.2561 0.0203
v -0.0809 -0.1606 0.0082
v -0.0752 -0.5649 0.0917
v -0.0861 -0.2496 0.2083
v -0.0837 0.1218 0.2657
v -0.0784 -0.2862 0.1934
v -0.0946 -0.0114 0.0814
v -0.0814 0.3036 0.0072
v -0.0950 -0.4973 -0.0591
v -0.0772 0.2698 0.0030
v -0.0612 -0.0842 0.0354
v -0.0785 -0.4600 0.2499
v -0.0870 -0.3929 0.2310
v -0.0697 -0.2646 0.2146
v -0.0773 -0.2014 0.0400
v -0.0811 -0.1753 -0.0294
v -0.0798 -0.5304 0.3013
v -0.0763 -0.2142 -0.0015
v -0.0861 0.2598 -0.0083
v -0.0930 0.2335 0.0027
v -0.0841 0.3025 0.0121
v -0.0861 -0.3324 -0.0403
v -0.0649 -0.1107 0.2664
v -0.0793 -0.2611 0.2305
v -0.0765 -0.3088 0.2436
v -0.0779 0.1478 0.2316
v -0.0839 -0.3692 0.0017
v -0.0771 0.4092 0.1218
v -0.0751 -0.2341 0.2326
v -0.0884 -0.3521 0.2405
v -0.0769 0.3114 0.0211
v -0.0782 -0.3203 0.2451
v -0.0796 -0.3376 0.2379
v -0.0797 0.1872 -0.0223
v -0.0718 -0.4512 -0.0083
v -0.0712 -0.5027 -0.0984
v -0.0792 -0.2083 0.2723
v -0.0866 0.0544 0.2853
v -0.0262 -0.2326 0.0042
v -0.0646 0.2358 -0.0100
v -0.0746 0.0665 0.2448
v -0.0570 0.2764 0.2369
v -0.0631 -0.2627 -0.0407
v -0.0861 0.3259 0.0223
v -0.0796 -0.4926 -0.0070
v -0.0296 -0.0298 -0.0252
v -0.0679 0.2570 -0.0147
v -0.0783 -0.2679 0.2015
v -0.0728 -0.1225 0.0204
v -0.0734 0.2944 0.0076
v -0.0397 -0.4262 -0.0347
v -0.0474 -0.4506 -0.0475
v -0.0287 -0.2954 0.0136
v -0.0704 -0.1890 0.2253
v -0.0733 -0.3610 0.0220
v -0.0829 -0.4102 0.2464
v -0.0728 -0.1807 0.0076
v -0.1105 -0.5616 0.1868
v -0.0623 -0.4688 0.0999
v -0.0803 -0.2111 -0.0247
v -0.0725 0.3127 0.0246
v -0.0720 -0.2978 0.1961
v -0.0909 -0.2596 0.2671
v -0.0721 -0.4083 0.0180
v -0.0687 -0.3571 0.2360
v -0.0612 0.0407 -0.0023
v -0.0893 -0.4008 0.1719
v -0.0834 -0.5004 0.1984
v -0.0970 0.2892 0.2066
v -0.0822 0.0628 0.2602
v -0.0673 0.0655 0.2496
v -0.0595 -0.4420 -0.1108
v -0.0756 -0.5124 -0.1935
v -0.0663 -0.2841 0.2058
v -0.0715 -0.1898 0.0095
v -0.0859 0.3863 0.1674
v -0.0701 -0.1766 0.0068
v -0.0789 0.0309 0.0970
v -0.0699 0.2959 0.0205
v -0.0710 0.0806 0.0450
v -0.0663 0.2422 -0.0032
v -0.0701 -0.1732 0.0057
v -0.0708 0.0601 0.2483
v -0.0710 0.2323 0.2332
v -0.0696 -0.1765 0.0069
v -0.0680 -0.1724 0.0055
v -0.0749 0.3056 0.0126
v -0.0641 0.0463 0.2668
v -0.0677 0.3510 0.0160
v -0.0650 0.0709 0.2492
v -0.0659 -0.2543 0.2228
v -0.0716 -0.3015 -0.0896
v -0.0597 -0.0385 0.2572
v -0.0438 -0.4735 -0.0457
v -0.0646 -0.1821 0.0067
v -0.0746 0.1895 -0.0071
v -0.0738 0.2594 0.0040
v -0.0516 -0.1661 0.0070
v -0.0689 -0.1638 0.0041
v -0.0679 0.0600 0.2480
v -0.0615 -0.4856 0.1753
v -0.0558 -0.5596 0.1491
v -0.0801 -0.4382 -0.1449
v -0.0649 -0.2990 0.1849
v -0.0704 -0.1596 0.2683
v -0.0472 -0.2422 0.2513
v -0.0564 -0.3216 0.2528
v -0.0545 0.1011 0.0806
v -0.0668 -0.5149 -0.0797
v -0.0696 0.0865 0.2507
v -0.0832 -0.2589 0.0352
v -0.0672 -0.2865 0.0953
v -0.0651 0.1911 0.2453
v -0.0754 -0.4020 0.0985
v -0.0696 -0.3304 -0.0735
v -0.0834 -0.4937 0.1073
v -0.0707 0.0572 0.0883
v -0.0736 0.2491 -0.0125
v -0.0661 -0.3003 0.2586
v -0.0543 -0.2868 0.2617
v -0.0586 0.2368 -0.0097
v -0.0715 -0.5238 -0.1790
v -0.0620 -0.5665 0.2215
v -0.0491 -0.1863 -0.0067
v -0.0563 -0.3348 0.2062
v -0.0607 0.2438 -0.0277
v -0.0596 -0.4959 -0.0791
v -0.0597 0.0495 0.2489
v -0.0667 -0.5524 -0.3665
v -0.0671 -0.4748 -0.1587
v -0.0612 -0.5608 -0.3118
v -0.0610 0.3871 0.1864
v -0.0627 -0.4085 0.2523
v -0.0582 0.2459 -0.0103
v -0.0601 0.3000 0.0162
v -0.0527 -0.3707 0.1873
v -0.0594 -0.5582 -0.1351
v -0.0431 -0.3106 -0.0737
v -0.0645 -0.2443 -0.0617
v -0.0631 0.2707 -0.0132
v -0.0572 -0.2157 0.0581
v -0.0769 0.1676 0.0901
v -0.0842 -0.3448 0.1853
v -0.0618 0.1992 -0.0187
v -0.0651 -0.3057 0.2458
v -0.0553 -0.4935 -0.1525
v -0.0681 0.4144 0.0823
v -0.0545 0.0169 0.2567
v -0.0711 -0.3736 -0.1197
v -0.0623 -0.0670 0.2589
v -0.0577 -0.3587 0.2574
v -0.0555 0.2571 -0.0204
v -0.0560 -0.5263 -0.1087
v -0.0666 -0.5032 -0.2162
v -0.0480 -0.2379 0.2705
v -0.0606 -0.3304 0.2648
v -0.0440 -0.4039 -0.1557
v -0.0505 -0.0916 0.0015
v -0.0522 0.2854 -0.0056
v -0.0505 0.2751 -0.0041
v -0.0372 -0.4941 -0.0786
v -0.0545 0.2494 -0.0236
v -0.0496 0.1220 0.0524
v -0.0488 -0.5200 0.0936
v -0.0394 -0.5004 -0.0806
v -0.0489 0.2662 -0.0078
v -0.0526 0.2600 -0.0191
v -0.0547 -0.4063 -0.1156
v -0.0621 0.1328 0.2485
v -0.0531 0.2835 0.0067
v -0.0652 -0.5018 -0.0553
v -0.0615 -0.1701 -0.0025
v -0.0378 -0.5041 0.1609
v -0.0504 -0.1694 -0.0076
v -0.0503 -0.1662 -0.0100
v -0.0756 0.1300 0.0644
v -0.0403 -0.3643 -0.1260
v -0.0303 -0.2737 -0.0359
v -0.0570 0.3293 0.2098
v -0.0131 0.0660 0.2448
v -0.0593 -0.5488 -0.2498
v -0.0501 0.2617 -0.0062
v -0.0605 -0.0352 0.0567
v -0.0536 0.3821 0.0221
v -0.0485 -0.1541 -0.0040
v -0.0535 -0.1463 0.0040
v -0.0400 -0.1452 0.0150
v -0.0458 -0.5167 -0.0794
v -0.0804 0.1187 0.0098
v -0.0429 -0.5471 -0.2828
v -0.0483 0.2736 -0.0238
v -0.0489 -0.1645 -0.0023
v -0.0463 0.4728 0.1594
v -0.0395 -0.5513 -0.1110
v -0.0497 -0.3296 0.0113
v -0.0330 0.2972 0.2421
v -0.0382 -0.5437 -0.1301
v -0.0425 0.0740 -0.0217
v -0.0414 -0.3728 0.0513
v -0.0436 -0.4813 -0.1874
v -0.0337 0.2892 -0.0007
v -0.0427 0.0660 -0.0160
v -0.0429 0.4587 0.1132
v -0.0648 -0.1360 -0.0165
v -0.0379 0.0871 -0.0175
v -0.0510 0.3713 0.2060
v -0.0620 -0.4785 -0.2205
v -0.0362 -0.1199 0.0226
v -0.0012 -0.0374 -0.0011
v -0.0739 -0.4093 -0.0044
v -0.0351 0.2822 -0.0162
v -0.0375 -0.2063 0.2684
v -0.0441 -0.5667 0.1135
v -0.0164 0.0624 -0.0121
v -0.0588 -0.5516 -0.1044
v -0.0413 0.4139 0.1690
v -0.0469 -0.4660 0.1690
v -0.0344 -0.3982 0.1212
v -0.0314 0.3075 -0.0217
v -0.0331 -0.1620 0.2598
v -0.0685 -0.3102 0.0035
v -0.0478 -0.3135 0.0572
v -0.0347 -0.4389 -0.1503
v -0.0528 0.3017 0.0092
v -0.0399 -0.4565 0.1333
v -0.0384 -0.4854 0.1181
v -0.0328 -0.3503 -0.0694
v -0.0358 -0.1089 0.0114
v -0.0363 -0.2128 0.0320
v -0.0443 -0.1879 -0.0342
v -0.0414 0.4329 0.1927
v -0.0320 0.0792 -0.0255
v -0.0372 0.0798 -0.0302
v -0.0410 -0.3360 0.0853
v -0.0385 -0.4321 -0.1136
v -0.0338 0.2851 -0.0231
v -0.0373 0.0249 0.2507
v -0.0387 0.2696 -0.0345
v -0.0413 0.2489 -0.0185
v -0.0438 -0.3011 0.1957
v -0.0339 0.2740 -0.0201
v -0.0411 -0.1347 0.2361
v -0.0232 -0.5307 -0.0742
v -0.0385 -0.1177 0.0062
v -0.0299 0.3638 0.1965
v -0.0530 0.0967 0.2516
v -0.0340 -0.1200 -0.0040
v -0.0345 -0.1071 0.0148
v -0.0340 -0.4968 -0.0706
v -0.0474 -0.2310 0.2232
v -0.0350 0.0677 -0.0291
v -0.0250 0.2967 -0.0238
v -0.0335 -0.1074 0.0129
v -0.0332 -0.1072 0.0083
v -0.0296 0.3257 0.2241
v -0.0281 -0.2890 0.1150
v -0.0381 -0.1823 0.2249
v -0.0195 0.5189 0.0685
v -0.0437 0.4160 0.0564
v -0.0228 0.2936 -0.0310
v -0.0215 -0.4909 -0.0712
v -0.0321 0.4958 0.0596
v -0.0372 -0.2709 0.2119
v -0.0308 0.5191 0.0645
v -0.0300 0.2760 -0.0301
v -0.0291 -0.1219 0.2582
v -0.0474 -0.2571 0.0795
v -0.0212 0.4760 0.0849
v -0.0260 0.2800 -0.0214
v -0.0138 0.3140 -0.0301
v -0.0294 -0.5114 -0.0821
v -0.0306 -0.0974 0.0060
v -0.0110 0.2736 -0.0058
v -0.0299 0.2756 -0.0375
v -0.0322 -0.0882 0.0017
v -0.0304 0.2787 -0.0260
v -0.0253 0.2812 -0.0311
v -0.0169 -0.5631 -0.2760
v -0.0334 -0.2579 -0.0457
v -0.0211 0.2887 -0.0400
v -0.0078 -0.1977 0.0031
v -0.0485 -0.2662 0.0620
v -0.0266 0.1511 0.2553
v -0.0164 0.0429 -0.0438
v -0.0266 -0.1365 -0.0136
v -0.0234 0.1949 0.0601
v -0.0266 -0.3392 0.1729
v -0.0253 0.4366 0.1696
v -0.0237 -0.4532 -0.1810
v -0.0146 -0.3490 0.0615
v -0.0184 -0.5145 -0.1107
v -0.0016 -0.5003 -0.1082
v -0.0142 0.1472 0.2386
v -0.0360 0.3820 0.2075
v -0.0217 -0.4241 0.1422
v -0.0020 -0.4883 -0.1624
v -0.0062 0.4465 0.1989
v -0.0247 -0.0709 0.2480
v -0.0179 0.2941 -0.0342
v -0.0250 0.0966 -0.0389
v -0.0240 0.5049 0.0637
v -0.0345 0.0240 0.0614
v 0.0070 -0.3241 -0.0217
v -0.0308 -0.5564 -0.1136
v -0.0209 -0.4239 0.0153
v -0.0251 0.1133 0.0723
v -0.0003 0.1587 0.0616
v -0.0307 -0.1981 0.2220
v -0.0110 0.3400 0.1917
v -0.0250 -0.2922 0.1557
v -0.0175 0.5446 0.1814
v -0.0272 -0.4234 -0.0216
v -0.0262 0.1049 -0.0055
v -0.0183 -0.4457 0.1427
v -0.0361 0.0633 -0.0441
v -0.0225 -0.0279 0.2523
v -0.0193 0.2885 -0.0286
v -0.0082 0.3034 -0.0389
v -0.0150 -0.3147 0.1554
v -0.0402 0.0470 0.2535
v -0.0192 -0.3470 0.1151
v -0.0263 -0.0371 0.0249
v -0.0194 0.2867 -0.0357
v -0.0311 0.0625 -0.0153
v -0.0179 0.1352 -0.0425
v -0.0196 0.1084 -0.0258
v -0.0122 0.4302 0.2257
v -0.0218 0.1458 -0.0283
v -0.0249 -0.5575 -0.1674
v -0.0208 0.3115 -0.0337
v -0.0202 0.1928 -0.0195
v -0.0068 0.0784 0.0578
v -0.0187 0.2713 -0.0211
v -0.0169 0.2188 -0.0215
v 0.0040 -0.3850 0.0313
v -0.0172 0.3914 0.2050
v -0.0236 0.2021 0.2574
v -0.0035 0.2683 -0.0105
v -0.0220 -0.2578 0.2076
v -0.0077 0.5120 0.0662
v -0.0195 -0.2266 -0.0131
v -0.0154 -0.3523 0.1475
v -0.0045 0.2886 -0.0283
v -0.0145 -0.5324 -0.1119
v -0.0134 0.0873 -0.0428
v -0.0132 0.2789 -0.0368
v -0.0155 0.5051 0.0541
v -0.0224 -0.4733 -0.0654
v -0.0097 0.2167 0.2413
v -0.0085 0.1384 -0.0307
v -0.0166 -0.1795 0.2130
v -0.0094 0.1941 -0.0162
v -0.0109 0.4919 0.0660
v -0.0093 0.2342 -0.0134
v -0.0080 -0.4957 -0.1956
v -0.0162 -0.4767 -0.0399
v -0.0241 -0.2020 -0.0201
v -0.0143 0.4050 0.1272
v -0.0062 0.0112 -0.0240
v -0.0163 -0.4367 -0.0437
v -0.0291 0.3909 0.0314
v -0.0132 0.4209 0.1377
v -0.0181 0.3927 0.1498
v -0.0204 0.2660 0.2473
v -0.0171 -0.4824 -0.2004
v -0.0166 -0.0803 0.2406
v -0.0099 0.4520 0.0357
v -0.0145 0.2944 -0.0296
v -0.0147 0.4341 0.0494
v -0.0174 0.0793 -0.0265
v -0.0255 -0.3778 0.0457
v -0.0201 0.3046 -0.0120
v -0.0015 -0.4529 -0.0537
v -0.0164 -0.3700 -0.0207
v -0.0085 0.0066 -0.0433
v -0.0142 -0.2267 0.2016
v -0.0240 -0.3833 -0.1183
v -0.0083 -0.2694 0.1988
v 0.0017 -0.1648 0.1904
v 0.0027 -0.4100 -0.1155
v -0.0032 0.3350 -0.0163
v -0.0103 -0.3117 -0.0760
v -0.0097 0.1916 -0.0297
v -0.0145 -0.2437 0.1822
v -0.0026 -0.4304 0.0010
v -0.0184 -0.5133 -0.2165
v -0.0089 0.2318 -0.0226
v 0.0082 -0.1302 0.2355
v -0.0070 0.3384 -0.0363
v -0.0003 0.4998 0.0483
v -0.0034 -0.2544 0.1217
v -0.0015 0.5407 0.0641
v -0.0181 0.5253 0.1135
v -0.0103 0.3553 0.2001
v -0.0134 -0.3378 0.1736
v -0.0074 0.4174 0.0265
v -0.0008 0.4064 0.0160
v -0.0203 -0.1686 0.2264
v -0.0117 -0.4784 -0.1892
v -0.0059 0.5020 0.2232
v -0.0057 -0.2434 0.1555
v -0.0659 0.1726 0.0073
v 0.0027 -0.1983 -0.0180
v -0.0032 0.4425 0.0442
v -0.0019 -0.5542 -0.1772
v 0.0084 -0.2732 0.0154
v -0.0184 0.1088 0.2441
v -0.0031 -0.1026 0.0070
v -0.0004 -0.5287 -0.2852
v -0.0082 -0.3827 0.0485
v 0.0040 -0.0070 -0.0456
v 0.0044 -0.0176 -0.0307
v -0.0134 -0.2251 0.1065
v -0.0028 -0.2473 -0.0435
v 0.0029 0.0168 -0.0245
v -0.0005 0.3975 0.0232
v -0.0020 -0.4772 -0.1997
v 0.0220 -0.3710 -0.0361
v -0.0034 0.5307 0.0514
v 0.0029 -0.4327 -0.1502
v 0.0001 0.4868 0.0555
v 0.0010 -0.4769 -0.2012
v 0.0065 0.5204 0.0582
v 0.0192 -0.0136 0.2360
v 0.0048 -0.4611 -0.2032
v 0.0079 -0.5571 -0.1401
v -0.0048 -0.0851 0.0141
v 0.0037 -0.3222 -0.0011
v 0.0077 0.0237 0.0580
v -0.0066 0.2901 -0.0185
v -0.0023 -0.5510 -0.3365
v 0.0056 0.0413 0.2516
v 0.0023 -0.1831 -0.0363
v 0.0074 -0.4836 -0.2375
v 0.0238 0.5750 0.1692
v -0.0109 0.0149 0.2535
v 0.0106 -0.0138 -0.0381
v -0.0076 -0.3643 -0.1238
v 0.0317 0.4382 0.2158
v 0.0141 0.5105 0.0488
v 0.0002 -0.0080 0.0395
v 0.0025 -0.4851 -0.0868
v -0.0086 0.3869 0.0086
v -0.0034 -0.2043 0.1933
v 0.0058 0.2420 -0.0391
v -0.0022 -0.3547 -0.0092
v -0.0144 -0.5225 -0.1920
v 0.0095 -0.3223 0.0499
v 0.0180 -0.4462 -0.0682
v -0.0100 -0.3051 0.1621
v 0.0074 0.3366 -0.0181
v -0.0253 -0.2212 0.0717
v 0.0297 0.2861 0.2419
v 0.0150 0.3959 0.1873
v 0.0253 0.5373 0.2271
v 0.0041 -0.0263 -0.0326
v 0.0031 -0.5329 -0.1221
v 0.0237 -0.3620 0.1358
v 0.0060 -0.4249 0.0301
v 0.0016 -0.4111 -0.0547
v 0.0144 -0.2133 0.0286
v -0.0146 -0.2620 -0.0732
v 0.0127 0.4877 0.2214
v -0.0040 0.3669 -0.0155
v 0.0112 -0.4111 -0.1890
v 0.0333 0.3932 0.1700
v -0.0123 0.3218 0.2145
v 0.0320 -0.2716 0.1746
v 0.0138 -0.4306 -0.1758
v 0.0072 -0.4593 -0.2262
v 0.0001 -0.3945 -0.0255
v 0.0138 0.2850 -0.0439
v 0.0079 -0.5559 -0.2137
v 0.0103 -0.3687 0.0516
v 0.0178 0.3431 -0.0305
v 0.0003 -0.1540 0.2147
v 0.0127 -0.2934 0.0658
v 0.0013 -0.0305 -0.0393
v 0.0056 0.3151 -0.0332
v 0.0214 -0.5527 -0.3384
v 0.0178 0.0971 0.2586
v 0.0082 0.4703 0.2441
v 0.0192 0.2792 -0.0256
v 0.0248 -0.2151 0.0628
v 0.0130 0.3558 0.1969
v 0.0076 0.3270 -0.0209
v 0.0164 0.1108 0.0633
v -0.0059 -0.0158 0.2420
v 0.0191 -0.0417 -0.0342
v 0.0095 -0.2697 0.0506
v 0.0008 -0.2048 0.1997
v 0.0172 0.5225 0.0480
v -0.0171 0.0387 0.0222
v 0.0093 -0.2038 0.1367
v -0.0125 0.2260 -0.0019
v 0.0550 0.1884 -0.0053
v 0.0222 -0.2636 -0.0376
v 0.0216 0.0193 -0.0383
v 0.0123 0.3451 -0.0160
v 0.0320 0.1202 0.2369
v 0.0584 0.1074 0.0629
v 0.0153 0.5055 0.0536
v 0.0303 -0.2649 -0.0615
v 0.0252 0.2880 -0.0243
v 0.0032 -0.3949 0.1441
v 0.0066 -0.2624 0.1745
v 0.0131 -0.4819 -0.0661
v 0.0212 0.2380 -0.0274
v 0.0174 -0.2519 0.0681
v 0.0200 0.4973 0.0421
v 0.0170 0.3469 -0.0181
v 0.0213 -0.0393 -0.0369
v 0.0275 0.3687 -0.0228
v 0.0262 -0.3232 0.1680
v 0.0188 -0.3865 -0.1352
v 0.0256 0.2917 -0.0373
v 0.0225 -0.3444 -0.1117
v 0.0244 -0.4979 -0.2336
v 0.0442 0.1916 0.0617
v 0.0351 -0.0545 -0.0384
v 0.0161 -0.0538 0.2416
v 0.0151 -0.5234 -0.0940
v 0.0274 -0.0411 -0.0319
v 0.0247 -0.3591 -0.1637
v 0.0545 -0.1538 0.2279
v 0.0303 -0.1098 0.2146
v 0.0384 -0.4429 0.1307
v 0.0243 0.2518 -0.0439
v 0.0142 -0.5372 -0.2554
v 0.0196 -0.5643 -0.1897
v 0.0310 -0.1803 -0.0164
v 0.0245 -0.4321 -0.1331
v 0.0287 -0.5560 -0.3135
v 0.0253 -0.2859 -0.0135
v 0.0321 -0.2242 0.1978
v 0.0312 0.2952 0.2160
v 0.0183 -0.0463 0.0092
v 0.0365 0.4801 0.2558
v 0.0271 -0.5353 -0.3046
v 0.0326 -0.1103 0.0072
v 0.0369 0.0151 0.0510
v 0.0124 -0.2172 0.2137
v 0.0332 -0.0642 -0.0380
v 0.0301 0.3437 -0.0343
v 0.0288 0.2208 0.2559
v 0.0115 0.1831 0.2415
v 0.0282 -0.3864 -0.1072
v 0.0266 -0.4868 -0.1943
v 0.0531 -0.3282 0.1300
v 0.0493 0.2959 -0.0463
v 0.0197 0.5558 0.0924
v 0.0145 0.3276 -0.0141
v 0.0352 0.2978 -0.0546
v 0.0449 0.0200 0.2560
v 0.0601 -0.4429 0.1125
v 0.0458 -0.1224 -0.0014
v 0.0325 -0.4694 -0.1866
v 0.0426 -0.2639 -0.1183
v 0.0380 -0.1438 0.1813
v 0.0333 -0.1709 0.1470
v 0.0312 0.0942 -0.0226
v 0.0331 0.3724 0.1653
v 0.0412 0.3484 -0.0383
v 0.0045 0.3905 0.0185
v 0.0592 -0.3246 -0.0386
v 0.0344 0.3499 -0.0189
v 0.0358 0.3027 -0.0334
v 0.0556 -0.3496 0.1398
v 0.0326 0.4587 0.0567
v 0.0420 -0.0171 0.0319
v 0.0369 -0.0161 0.2521
v 0.0198 0.3032 -0.0212
v 0.0443 -0.0663 -0.0366
v 0.0204 -0.4214 0.1195
v 0.0568 0.0078 -0.0306
v 0.0270 0.0105 -0.0335
v 0.0433 -0.0391 -0.0305
v 0.0426 -0.3665 -0.1379
v 0.0470 -0.4521 -0.0643
v 0.0485 -0.4064 -0.0603
v 0.0264 -0.2652 0.1943
v 0.0333 -0.0225 -0.0415
v 0.0413 -0.4022 -0.1642
v 0.0461 -0.2088 -0.0536
v 0.0648 -0.3215 -0.1477
v 0.0174 0.1457 0.0387
v 0.0427 0.1495 0.2328
v 0.0622 -0.4889 -0.2043
v 0.0437 -0.4151 -0.1414
v 0.0446 0.3714 -0.0291
v 0.0512 -0.2561 -0.0499
v 0.0544 -0.0739 -0.0052
v 0.0488 -0.0378 -0.0405
v 0.0517 -0.0460 -0.0367
v 0.0295 -0.1932 0.1360
v 0.0459 0.4803 0.2175
v 0.0559 -0.1845 0.1831
v 0.0498 0.1218 0.2362
v 0.0450 0.0290 0.2393
v 0.0477 -0.2102 0.2184
v 0.0655 -0.2171 -0.0214
v 0.0464 -0.2185 -0.0120
v 0.0450 -0.5515 -0.2109
v 0.0630 -0.0720 0.2331
v 0.0528 0.2452 0.2525
v 0.0524 -0.1513 0.1999
v 0.0641 0.5423 0.0985
v 0.0451 -0.3594 -0.1705
v 0.0560 -0.0523 -0.0346
v 0.0410 0.2018 0.0460
v 0.0530 0.2028 0.0612
v 0.0518 0.3763 0.0024
v 0.0547 0.0545 0.2531
v 0.0374 -0.3326 -0.0809
v 0.0469 -0.5604 -0.2893
v 0.0377 -0.3510 -0.0181
v 0.0405 0.2116 0.2361
v 0.0612 0.2065 0.0545
v 0.0576 0.2131 0.0651
v 0.0534 -0.4159 -0.1606
v 0.0701 0.4346 0.2079
v 0.0421 -0.3838 -0.0332
v 0.0585 -0.3473 -0.1360
v 0.0645 -0.0384 0.2342
v 0.0592 -0.2620 -0.0972
v 0.0557 -0.2714 0.1536
v 0.0587 -0.3215 -0.1160
v 0.0637 0.0574 0.2345
v 0.0927 0.3402 -0.0063
v 0.0739 -0.3392 0.1369
v 0.0473 -0.1166 -0.0388
v 0.0584 -0.0357 -0.0371
v 0.0675 -0.4071 -0.1255
v 0.0598 -0.1011 0.2317
v 0.0490 -0.0524 -0.0426
v 0.0674 -0.2125 -0.0965
v 0.0578 0.1662 0.2386
v 0.0695 0.1523 0.0661
v 0.0523 -0.3511 -0.1149
v 0.0599 -0.5294 -0.1188
v 0.0527 -0.5321 -0.1480
v 0.0652 -0.4126 0.1048
v 0.0501 -0.4991 -0.1720
v 0.0899 0.1967 0.0418
v 0.0725 0.3518 0.1801
v 0.0550 -0.4802 -0.0963
v 0.0586 -0.3659 -0.1403
v 0.0566 -0.5231 -0.2287
v 0.0554 0.2316 0.2403
v 0.0581 -0.1641 -0.0648
v 0.0692 0.2137 0.0526
v 0.0824 0.0257 0.0128
v 0.0783 -0.5602 -0.2824
v 0.0684 -0.3406 -0.1182
v 0.0571 -0.5436 -0.1811
v 0.0650 -0.2631 -0.0029
v 0.0658 -0.2901 -0.0923
v 0.0662 -0.2882 -0.0923
v 0.0667 -0.2901 -0.0891
v 0.0531 0.3215 0.2049
v 0.0668 0.4043 0.1208
v 0.0685 -0.3190 -0.1116
v 0.0664 -0.2113 -0.0568
v 0.0782 0.5200 0.2030
v 0.0683 -0.2272 -0.0632
v 0.0673 -0.3404 -0.1214
v 0.0581 -0.3160 -0.1228
v 0.0707 0.3768 0.2003
v 0.0638 -0.2073 0.0161
v 0.0461 -0.4358 -0.2026
v 0.0710 -0.3261 -0.1123
v 0.0636 -0.3419 -0.1265
v 0.0649 0.3677 0.1749
v 0.0586 0.1929 0.2380
v 0.0652 -0.3116 -0.1117
v 0.0685 -0.3211 -0.1125
v 0.0698 -0.3172 -0.1097
v 0.0735 -0.2420 0.1632
v 0.0861 0.1913 0.2253
v 0.0748 0.4309 0.1505
v 0.0608 -0.5572 -0.1793
v 0.0671 -0.3991 0.1235
v 0.0908 0.4532 0.0893
v 0.0601 0.1018 0.2472
v 0.0701 -0.2072 -0.0485
v 0.0739 -0.2075 -0.0482
v 0.1258 0.0102 0.0608
v 0.0552 0.0248 0.0558
v 0.0675 -0.2100 -0.0357
v 0.0795 -0.4213 -0.1475
v 0.0673 0.3584 0.2009
v 0.0735 -0.2055 -0.0469
v 0.0723 -0.1996 -0.0437
v 0.0740 -0.3314 -0.1099
v 0.0561 0.3631 -0.0215
v 0.0707 -0.2472 0.1889
v 0.0715 -0.2548 0.1210
v 0.0681 0.2323 0.0547
v 0.0754 -0.3946 -0.1352
v 0.0788 -0.3337 -0.1104
v 0.0539 -0.5000 -0.0900
v 0.0734 -0.5535 -0.2104
v 0.0749 -0.5581 -0.1453
v 0.0710 0.4416 0.1851
v 0.0741 -0.3744 0.1122
v 0.0732 -0.3050 0.1652
v 0.0802 -0.2049 -0.0350
v 0.0779 0.3546 0.1883
v 0.0876 -0.0332 -0.0248
v 0.0562 -0.5363 -0.2102
v 0.0725 -0.3282 -0.1095
v 0.0751 0.3927 0.1544
v 0.0854 -0.2637 -0.0659
v 0.0758 -0.3362 -0.1105
v 0.0858 -0.3590 -0.1429
v 0.0736 -0.0975 0.2171
v 0.0741 0.3400 0.1824
v 0.0763 -0.2753 0.1722
v 0.0774 -0.2614 0.1607
v 0.0760 -0.5131 -0.1086
v 0.0798 -0.3463 -0.1207
v 0.0832 0.3578 0.1983
v 0.0735 -0.2535 -0.0434
v 0.0816 -0.2251 0.1841
v 0.0851 0.4034 0.1852
v 0.0832 -0.3318 -0.1009
v 0.0800 0.3557 0.1862
v 0.0818 0.3527 0.1806
v 0.0814 0.3582 0.1841
v 0.0659 -0.2996 -0.0770
v 0.0837 -0.3456 0.1406
v 0.0800 -0.3453 0.1338
v 0.0773 -0.3679 0.1324
v 0.0927 0.3943 0.2088
v 0.0840 -0.2576 0.1731
v 0.0740 -0.3865 -0.1339
v 0.0827 -0.3273 0.1343
v 0.0834 -0.3748 -0.1235
v 0.0801 -0.4767 -0.0832
v 0.0887 -0.3384 0.1487
v 0.0829 -0.3369 0.1416
v 0.0841 -0.3425 0.1430
v 0.0800 0.0677 -0.0198
v 0.0779 -0.1235 -0.0189
v 0.0446 0.0555 0.0512
v 0.0839 -0.3335 0.1436
v 0.0811 -0.5181 -0.0905
v 0.0808 -0.3465 0.1510
v 0.0836 -0.3426 0.1410
v 0.0963 -0.4282 -0.0408
v 0.0828 -0.3560 -0.1150
v 0.0782 0.4034 0.0565
v 0.0947 -0.2956 -0.0720
v 0.0953 0.4712 0.1798
v 0.0735 -0.2126 0.0698
v 0.0914 0.1175 0.2184
v 0.0811 -0.2814 0.1556
v 0.0868 -0.2121 -0.0132
v 0.0938 -0.1894 -0.0050
v 0.0620 0.2118 0.0659
v 0.0858 0.4950 0.1137
v 0.0820 -0.3763 -0.1286
v 0.0852 -0.4350 -0.1566
v 0.1096 -0.3308 0.1813
v 0.0836 -0.3104 0.1446
v 0.0807 -0.4068 -0.1463
v 0.0857 -0.4024 0.0980
v 0.0826 -0.3100 -0.0870
v 0.0876 -0.5186 -0.1220
v 0.0872 -0.3542 0.1287
v 0.0844 -0.3997 -0.1361
v 0.0846 -0.4210 -0.1711
v 0.0947 -0.3948 -0.1419
v 0.0852 -0.2891 0.1246
v 0.0760 -0.0195 -0.0377
v 0.0955 -0.0444 0.2348
v 0.0889 -0.3858 -0.1310
v 0.0878 -0.3946 -0.1334
v 0.0701 0.0334 0.2333
v 0.0652 -0.2748 -0.0319
v 0.0889 -0.3752 -0.1267
v 0.0933 -0.3959 -0.1401
v 0.0910 -0.3453 0.0768
v 0.0702 -0.5526 -0.3047
v 0.0890 0.3794 0.1801
v 0.0835 0.3839 0.0394
v 0.0893 -0.3719 0.1038
v 0.0916 -0.3352 -0.1099
v 0.0872 0.2268 0.2498
v 0.0872 -0.4368 -0.2156
v 0.0848 -0.0443 0.2181
v 0.0828 0.3136 0.2173
v 0.0918 -0.2373 -0.0246
v 0.0885 -0.3880 -0.1436
v 0.0894 -0.4021 0.1259
v 0.0961 -0.4893 -0.2312
v 0.0982 0.3544 0.1976
v 0.0662 -0.3295 -0.0185
v 0.0934 -0.3416 -0.0896
v 0.0904 -0.4219 -0.1500
v 0.0966 -0.0494 -0.0244
v 0.0863 -0.4873 -0.1240
v 0.0955 -0.5563 -0.2016
v 0.1024 -0.0166 0.2384
v 0.0980 -0.5005 -0.0897
v 0.0834 -0.4213 0.1127
v 0.0955 -0.2159 -0.0365
v 0.0907 -0.3562 0.1041
v 0.0934 -0.3738 0.1059
v 0.1225 0.2189 0.2388
v 0.1153 -0.2203 0.2059
v 0.1009 0.1223 -0.0097
v 0.1026 0.0135 -0.0307
v 0.0922 -0.4337 -0.1402
v 0.0730 -0.1693 0.2040
v 0.1063 -0.2932 -0.1209
v 0.0950 -0.1011 -0.0241
v 0.1007 0.0980 0.2364
v 0.0980 -0.3939 -0.1257
v 0.0875 -0.3547 0.1430
v 0.0618 0.2608 -0.0150
v 0.1062 -0.0382 -0.0255
v 0.0963 -0.0964 -0.0077
v 0.0940 -0.3819 -0.1365
v 0.0992 -0.4086 -0.1874
v 0.1019 0.0666 0.2385
v 0.0957 0.0617 -0.0268
v 0.1089 -0.0932 0.2354
v 0.0972 -0.3624 -0.1238
v 0.1019 -0.2834 -0.0670
v 0.1010 -0.0803 0.2137
v 0.0983 -0.3015 0.1743
v 0.1036 -0.3675 -0.1615
v 0.1059 -0.5543 -0.3338
v 0.0899 -0.0387 0.0273
v 0.0970 -0.4819 -0.1704
v 0.1142 0.4193 0.1937
v 0.1003 0.0446 0.2141
v 0.0955 -0.3008 -0.0718
v 0.0987 -0.1633 0.2271
v 0.0964 -0.0101 0.2217
v 0.1147 -0.4344 -0.1812
v 0.0995 -0.5228 -0.1031
v 0.0832 -0.4741 -0.2551
v 0.1115 -0.4870 -0.2341
v 0.1036 -0.2675 0.2079
v 0.1155 -0.4986 -0.1030
v 0.1146 -0.5102 -0.0720
v 0.0977 0.3922 0.1805
v 0.1173 0.3787 0.0249
v 0.1162 -0.5106 -0.2752
v 0.1057 -0.4332 0.1298
v 0.1060 -0.4757 0.1040
v 0.1015 -0.2488 0.2198
v 0.1082 -0.1634 0.2437
v 0.1141 -0.3395 0.0710
v 0.0963 -0.4589 -0.2187
v 0.1023 -0.0476 -0.0139
v 0.1096 -0.0704 -0.0226
v 0.1322 0.1041 0.0485
v 0.1055 -0.4714 -0.2079
v 0.1181 -0.1848 0.2258
v 0.1111 -0.2731 -0.1226
v 0.1106 -0.5212 -0.2394
v 0.1015 -0.5099 -0.2020
v 0.1068 -0.1202 -0.0220
v 0.1187 -0.4355 -0.1605
v 0.1093 -0.0911 -0.0222
v 0.1073 0.2253 0.0631
v 0.1043 -0.4018 -0.2071
v 0.1060 -0.4764 -0.2635
v 0.1084 0.0844 -0.0084
v 0.1116 -0.1500 0.2141
v 0.1284 -0.4485 0.1560
v 0.1093 -0.2710 0.2102
v 0.1046 0.4411 0.1453
v 0.1061 -0.4998 0.1203
v 0.1091 -0.2853 0.2239
v 0.1472 -0.0205 -0.0163
v 0.1030 -0.1128 -0.0087
v 0.1138 -0.4775 -0.2030
v 0.1185 -0.2798 0.0729
v 0.1048 0.0068 0.2413
v 0.1114 -0.4449 -0.1851
v 0.1146 -0.4505 -0.1872
v 0.1109 -0.5020 -0.1408
v 0.1149 -0.3302 -0.1233
v 0.1101 -0.2505 0.2138
v 0.1118 -0.3237 -0.1295
v 0.1028 -0.3486 -0.1653
v 0.1093 -0.2755 -0.1029
v 0.1183 0.0914 0.0783
v 0.1284 -0.5132 0.1650
v 0.0843 -0.3805 -0.0432
v 0.1177 -0.2285 -0.0802
v 0.1049 -0.1752 -0.0435
v 0.1161 -0.3653 -0.1425
v 0.1137 -0.3332 -0.1002
v 0.1030 0.3973 0.0350
v 0.1159 -0.3554 -0.1443
v 0.1150 -0.3516 -0.1359
v 0.1276 0.1713 0.0788
v 0.1202 -0.0611 0.2340
v 0.1033 -0.4666 -0.0737
v 0.1300 -0.2690 -0.0969
v 0.0879 0.2786 0.2333
v 0.1135 -0.2602 0.2287
v 0.1152 0.3945 0.1880
v 0.1203 -0.4786 0.1548
v 0.1456 0.0518 0.0947
v 0.1151 0.1668 0.0817
v 0.1161 0.2071 0.0599
v 0.1187 -0.3558 -0.1444
v 0.1241 -0.3038 0.1914
v 0.1130 -0.1021 0.0098
v 0.1181 -0.4404 -0.2316
v 0.1139 -0.4100 0.0886
v 0.1221 0.2061 0.0652
v 0.1143 -0.4527 0.0954
v 0.1012 0.1583 0.2502
v 0.1227 -0.3388 -0.1322
v 0.1154 -0.1456 -0.0253
v 0.1214 -0.1640 0.2285
v 0.1326 -0.4967 -0.1532
v 0.1279 -0.1649 0.2252
v 0.1271 -0.0542 0.2380
v 0.1253 0.1768 0.0810
v 0.1208 0.1809 0.0761
v 0.1188 -0.3946 0.1545
v 0.1242 -0.2810 -0.0652
v 0.1233 0.2024 0.0737
v 0.1197 -0.3798 -0.1271
v 0.1342 -0.1862 -0.0242
v 0.1213 -0.3544 0.1787
v 0.1249 0.0587 0.2269
v 0.1217 0.0877 0.2354
v 0.1139 0.0501 0.0631
v 0.1308 -0.2360 -0.0500
v 0.1179 -0.1278 0.2342
v 0.1222 -0.2345 -0.1009
v 0.1360 0.1875 0.0775
v 0.1267 -0.2689 -0.0618
v 0.1242 -0.2708 -0.0598
v 0.1131 0.4196 0.0947
v 0.1273 -0.2522 -0.0532
v 0.1266 -0.2709 -0.0614
v 0.1329 -0.2935 -0.0541
v 0.1301 0.1840 0.0643
v 0.1267 -0.2706 -0.0628
v 0.1280 -0.3122 -0.1182
v 0.1250 -0.0495 0.2374
v 0.1278 -0.0548 0.2368
v 0.1282 -0.0534 0.2368
v 0.1352 -0.0598 0.2340
v 0.0901 -0.0312 -0.0007
v 0.1314 0.1176 -0.0020
v 0.1326 -0.0798 0.2731
v 0.1288 0.0347 0.2393
v 0.1285 -0.0522 0.2364
v 0.1245 0.0271 0.2315
v 0.1321 -0.3865 -0.1909
v 0.1256 -0.4677 -0.1364
v 0.1283 -0.4966 -0.2191
v 0.1342 0.0043 0.2283
v 0.1305 -0.2449 -0.0555
v 0.1300 -0.0527 0.2406
v 0.1420 -0.4937 0.0790
v 0.1373 -0.3583 0.0069
v 0.1219 0.0175 -0.0362
v 0.1260 0.4085 0.1340
v 0.1294 0.0647 -0.0158
v 0.1304 -0.2438 -0.0559
v 0.1349 -0.0581 0.2441
v 0.1305 -0.2444 -0.0570
v 0.1327 -0.2577 -0.0422
v 0.1267 0.0537 -0.0211
v 0.1147 0.3037 0.2250
v 0.1303 0.1577 0.0851
v 0.1283 0.1838 0.0782
v 0.1260 0.0984 -0.0310
v 0.1196 0.0839 -0.0366
v 0.1332 0.1296 -0.0144
v 0.1325 0.0609 -0.0146
v 0.1347 0.1702 0.0714
v 0.1354 -0.0351 0.2460
v 0.1289 0.4044 0.0767
v 0.1406 -0.0758 0.3150
v 0.1505 0.0342 0.2586
v 0.1321 -0.2804 0.0037
v 0.1439 -0.0066 0.2397
v 0.1350 0.0596 -0.0185
v 0.1327 -0.4739 -0.2061
v 0.1366 0.1834 0.0739
v 0.1387 0.1744 0.0668
v 0.1355 0.1705 0.0851
v 0.1462 0.0052 0.2462
v 0.1410 -0.5065 -0.0672
v 0.1578 0.0903 0.2677
v 0.1459 0.1254 0.2528
v 0.1342 -0.0649 0.2465
v 0.1395 0.1901 0.0734
v 0.1371 0.0789 0.2670
v 0.1377 0.0318 0.2286
v 0.1408 -0.4329 -0.1571
v 0.1276 0.3889 0.1695
v 0.1376 -0.0706 0.2313
v 0.1490 -0.5162 -0.1297
v 0.1324 -0.2207 -0.0425
v 0.1341 0.0743 -0.0166
v 0.1273 -0.3538 -0.0799
v 0.1473 -0.2202 0.0028
v 0.1562 -0.4113 0.1594
v 0.1371 0.1426 0.2296
v 0.1395 0.0135 0.2368
v 0.1369 -0.5644 0.1943
v 0.1321 -0.3532 0.1661
v 0.1429 -0.2863 -0.1311
v 0.1329 -0.0773 0.2349
v 0.1313 0.1528 0.0793
v 0.1398 0.0618 -0.0115
v 0.1324 0.1085 0.2196
v 0.1465 -0.5104 0.1855
v 0.1648 -0.0566 0.2031
v 0.1321 -0.5116 -0.0967
v 0.1200 -0.2135 0.0531
v 0.1448 0.1865 0.0748
v 0.1409 0.1850 0.0735
v 0.1266 -0.1072 0.2420
v 0.1139 -0.5552 0.0697
v 0.1409 0.0102 0.2388
v 0.1449 -0.4793 0.1591
v 0.1301 -0.5553 -0.3308
v 0.1352 -0.0566 0.2885
v 0.1162 -0.2085 0.0340
v 0.1282 0.3232 0.1964
v 0.1348 -0.1511 0.3115
v 0.1313 -0.1753 0.2473
v 0.1244 -0.2560 0.0600
v 0.1533 0.1738 0.0729
v 0.1558 0.4236 0.1520
v 0.1468 -0.1339 -0.0389
v 0.1415 0.1964 0.0794
v 0.1275 -0.4945 -0.0804
v 0.1387 -0.0117 0.2491
v 0.1486 0.1242 0.1979
v 0.1307 0.1094 0.2376
v 0.1425 0.3731 0.1773
v 0.1374 -0.0467 0.2266
v 0.1519 -0.5361 -0.1989
v 0.1469 -0.3473 -0.1289
v 0.1643 -0.5156 0.2190
v 0.1375 -0.2236 0.2243
v 0.1474 0.2829 0.2079
v 0.1351 -0.1474 0.2783
v 0.1492 -0.2025 0.0229
v 0.1434 -0.0557 0.2392
v 0.1419 -0.5395 0.2449
v 0.1576 0.0297 -0.0310
v 0.1436 -0.0996 0.2326
v 0.1448 -0.0262 0.2429
v 0.1437 -0.0995 0.2287
v 0.1579 -0.2980 0.1992
v 0.1543 -0.1344 0.3132
v 0.1516 -0.2667 -0.0463
v 0.1494 -0.2047 -0.0880
v 0.1408 0.2033 0.0803
v 0.1525 0.1772 0.0921
v 0.1400 -0.2379 -0.0179
v 0.1415 -0.3844 0.1628
v 0.1475 -0.0365 0.2370
v 0.1428 -0.3637 -0.1141
v 0.1358 -0.5047 -0.1886
v 0.1238 0.0145 -0.0208
v 0.1618 -0.5590 -0.2726
v 0.1396 -0.1056 0.2780
v 0.1654 -0.4797 0.0895
v 0.1273 -0.3854 0.0783
v 0.1504 -0.2705 0.2132
v 0.1644 -0.3627 -0.0988
v 0.1600 -0.1200 0.2505
v 0.1506 0.1371 -0.0164
v 0.1548 -0.0825 0.2478
v 0.1470 0.3895 0.1367
v 0.1519 0.1277 0.1018
v 0.1536 -0.1365 0.2271
v 0.1571 -0.0568 0.2563
v 0.1418 -0.5697 0.2595
v 0.1467 -0.1600 -0.0092
v 0.1512 -0.1131 0.2450
v 0.1738 -0.2727 0.2429
v 0.1562 -0.1024 0.2471
v 0.1488 0.2711 0.0129
v 0.1252 -0.5624 0.1233
v 0.1601 -0.0007 0.2456
v 0.1442 -0.0606 0.0192
v 0.1513 0.1130 0.2467
v 0.1671 -0.4065 -0.1221
v 0.1543 -0.0708 -0.0211
v 0.1577 -0.1713 -0.0434
v 0.1544 -0.0179 -0.0219
v 0.1542 -0.0856 -0.0327
v 0.1498 -0.0672 0.2402
v 0.1562 0.1117 0.2191
v 0.1689 -0.1519 0.2436
v 0.1528 -0.1049 0.0165
v 0.1548 0.0482 -0.0167
v 0.1544 -0.0719 0.0275
v 0.1568 0.1125 0.2392
v 0.1569 0.1296 0.2258
v 0.1424 0.0544 -0.0307
v 0.1592 0.1188 0.2406
v 0.1560 0.0310 0.2384
v 0.1669 0.1160 0.1393
v 0.1490 -0.4406 0.0862
v 0.1614 -0.2909 0.2435
v 0.1649 0.3533 0.1580
v 0.1462 -0.5614 0.0741
v 0.1867 0.3344 0.1824
v 0.1485 -0.3344 0.0758
v 0.1727 0.3610 0.0896
v 0.1542 -0.1883 0.2432
v 0.1469 -0.0615 -0.0331
v 0.1556 0.0105 0.2460
v 0.1151 -0.4088 -0.1134
v 0.1695 -0.2259 -0.0268
v 0.1622 0.0530 -0.0039
v 0.1541 -0.1428 0.0450
v 0.1527 0.1529 0.1065
v 0.1637 -0.3592 0.0993
v 0.1545 0.0066 0.2537
v 0.1615 -0.0328 0.2490
v 0.1529 0.1993 -0.0031
v 0.1557 -0.3347 0.1820
v 0.1621 -0.0073 -0.0265
v 0.1466 0.1536 0.2409
v 0.1522 0.1183 -0.0113
v 0.1600 -0.0484 -0.0268
v 0.1710 -0.5750 0.2486
v 0.1449 -0.4832 -0.0451
v 0.1788 -0.0244 0.1099
v 0.1512 -0.5559 -0.2381
v 0.1564 0.0107 0.2069
v 0.1735 -0.0590 0.0649
v 0.1636 0.0346 -0.0134
v 0.1686 0.0749 -0.0169
v 0.1560 0.1105 0.2583
v 0.1585 -0.0095 0.2296
v 0.1529 -0.2757 0.0923
v 0.1587 0.0302 -0.0188
v 0.1579 0.1132 0.2456
v 0.1703 -0.3203 0.1754
v 0.1640 0.1110 0.2453
v 0.1641 -0.0894 0.0471
v 0.1556 0.1960 0.1977
v 0.1693 0.0083 0.2460
v 0.1581 -0.5156 -0.0946
v 0.1631 0.1319 0.1756
v 0.1734 -0.1637 0.0065
v 0.1637 -0.1963 -0.0226
v 0.1630 0.0851 0.2058
v 0.1608 -0.3693 0.1621
v 0.1659 0.0813 0.1422
v 0.1659 -0.4449 0.1276
v 0.1654 0.1313 -0.0007
v 0.1583 0.0908 -0.0152
v 0.1593 0.0063 -0.0140
v 0.1584 0.0809 0.1187
v 0.1389 -0.2730 0.0298
v 0.1662 -0.3796 0.1282
v 0.1521 -0.0121 0.2584
v 0.1615 0.1009 -0.0019
v 0.1646 -0.0194 0.2375
v 0.1634 0.1198 -0.0124
v 0.1644 0.1189 -0.0043
v 0.1686 -0.4734 0.1350
v 0.1617 -0.3734 -0.0636
v 0.1726 -0.0192 0.1577
v 0.1649 -0.4955 0.1583
v 0.1651 -0.1965 0.0117
v 0.1756 0.1319 0.0116
v 0.1415 -0.0593 0.3228
v 0.1775 0.3092 0.1746
v 0.1810 0.0571 0.1418
v 0.1671 0.0657 0.1366
v 0.1714 0.0989 0.0057
v 0.1604 0.0903 0.0093
v 0.1610 -0.4475 0.1519
v 0.1637 0.1230 -0.0182
v 0.1624 -0.2185 0.0561
v 0.1670 0.0642 0.1366
v 0.1671 0.0631 0.1358
v 0.1718 -0.2864 0.1316
v 0.1630 -0.2287 0.0869
v 0.1669 0.0026 0.1193
v 0.1661 -0.2138 0.0316
v 0.1691 0.0492 0.1216
v 0.1668 -0.0846 0.2501
v 0.1441 -0.5620 0.1577
v 0.1707 0.1066 0.0046
v 0.1769 0.1445 -0.0029
v 0.1593 -0.0189 0.0183
v 0.1612 0.2454 0.1919
v 0.1722 0.0309 0.1402
v 0.1582 0.0339 0.0118
v 0.1586 -0.5379 0.2891
v 0.2039 -0.2962 -0.0439
v 0.1567 -0.0401 0.2718
v 0.1547 -0.2748 -0.0859
v 0.1911 -0.0512 0.3074
v 0.1797 0.1443 0.2133
v 0.1712 -0.0618 0.2430
v 0.1872 0.0763 0.1690
v 0.1758 0.1002 0.0049
v 0.1608 0.1430 0.0938
v 0.1396 -0.5007 -0.0825
v 0.1742 -0.0116 0.2508
v 0.1792 -0.5149 0.1400
v 0.1540 -0.3036 -0.0284
v 0.1695 0.0632 0.1411
v 0.1764 -0.3434 0.2150
v 0.1800 -0.0901 0.0984
v 0.1666 -0.3334 0.0286
v 0.1721 0.1221 0.1022
v 0.1787 -0.5323 -0.1458
v 0.1747 0.1064 -0.0026
v 0.1703 0.0109 0.2593
v 0.1783 0.0971 0.2393
v 0.1873 -0.5225 0.1765
v 0.1735 -0.1531 0.3251
v 0.1769 0.0998 0.0049
v 0.1763 0.0964 0.0049
v 0.1740 -0.2433 0.1378
v 0.1724 -0.1180 0.0439
v 0.1702 0.1781 0.1979
v 0.1767 0.1049 0.1128
v 0.1820 0.2629 0.1884
v 0.1846 -0.1159 0.1346
v 0.1771 0.2892 0.0356
v 0.1774 -0.3157 0.1366
v 0.1714 -0.0338 0.1497
v 0.1742 0.1432 0.0043
v 0.1757 -0.2588 0.0835
v 0.1727 -0.4171 0.0066
v 0.1764 0.0487 0.2559
v 0.1752 -0.3695 0.0225
v 0.1818 0.1231 0.0042
v 0.1903 -0.4830 -0.2026
v 0.1785 -0.4607 0.0102
v 0.1789 -0.5607 0.3085
v 0.1712 -0.0203 0.2864
v 0.1823 0.0800 0.2339
v 0.1800 -0.3009 0.0718
v 0.1624 0.0375 0.2132
v 0.1779 -0.4200 0.0152
v 0.1655 0.3724 0.1272
v 0.1888 -0.4997 -0.1188
v 0.1683 0.1536 0.0017
v 0.1610 -0.4493 -0.0299
v 0.1749 0.0407 -0.0111
v 0.1746 -0.5165 -0.0470
v 0.1914 -0.5220 -0.1409
v 0.1796 0.1431 0.0078
v 0.1775 0.2842 0.0612
v 0.2002 -0.0801 0.2568
v 0.1546 0.3430 0.0366
v 0.1954 -0.1067 0.1552
v 0.1747 -0.3081 -0.0512
v 0.1921 -0.0863 0.1276
v 0.1806 -0.3683 0.1990
v 0.1892 -0.3031 -0.0245
v 0.1849 -0.3108 -0.0762
v 0.1951 -0.3524 0.1675
v 0.1789 0.2069 0.0313
v 0.1819 0.0553 0.0060
v 0.1824 -0.3261 0.2476
v 0.1597 -0.5389 -0.2403
v 0.1799 -0.2805 0.0204
v 0.1735 -0.3528 -0.1186
v 0.1634 0.0293 0.1272
v 0.1821 0.2501 0.0599
v 0.1893 0.2255 0.0260
v 0.1937 -0.4002 -0.1127
v 0.1840 0.0002 0.1715
v 0.1935 -0.0076 -0.0031
v 0.1880 -0.3973 0.0412
v 0.1657 -0.5508 0.1121
v 0.1826 0.0608 0.0050
v 0.1893 0.0561 -0.0110
v 0.1801 -0.4159 -0.1545
v 0.1971 -0.1742 0.0868
v 0.2109 -0.5375 0.2471
v 0.1893 -0.3709 0.2451
v 0.1852 -0.3259 0.1165
v 0.1878 0.2000 0.0505
v 0.1825 -0.5326 -0.0945
v 0.1823 -0.1430 0.1973
v 0.1879 0.0843 0.1239
v 0.1812 -0.3461 0.0164
v 0.1981 -0.3659 0.1977
v 0.1806 0.0337 0.0045
v 0.1891 -0.0193 0.1380
v 0.1917 -0.3988 0.1885
v 0.1953 -0.0500 0.2709
v 0.1930 0.0748 0.1364
v 0.1905 -0.3587 0.0377
v 0.1912 -0.3576 0.0376
v 0.1938 0.0479 0.0035
v 0.1872 -0.3748 0.2179
v 0.1971 -0.3552 0.0331
v 0.1911 -0.3559 0.0377
v 0.2147 0.3527 0.1175
v 0.1875 -0.3323 0.0827
v 0.1897 -0.3647 0.0722
v 0.1958 -0.3763 0.2013
v 0.2136 -0.1700 0.1537
v 0.1894 -0.1994 0.0269
v 0.1977 -0.3639 0.0378
v 0.1882 -0.3119 0.0323
v 0.1873 -0.4882 -0.1783
v 0.1714 0.0357 0.0400
v 0.1966 -0.2613 0.0531
v 0.1993 -0.1211 0.2649
v 0.1927 0.1629 0.0538
v 0.1826 -0.0306 0.1174
v 0.1749 -0.4388 -0.0891
v 0.1925 -0.3509 -0.0034
v 0.1892 0.2220 0.2035
v 0.1973 -0.3959 0.2109
v 0.1978 0.1272 0.0545
v 0.1799 0.1757 0.0779
v 0.2052 -0.1463 0.2609
v 0.1814 0.3270 0.0822
v 0.1928 -0.5291 0.2882
v 0.2219 -0.5384 -0.2621
v 0.1981 -0.0941 0.1108
v 0.2070 -0.1429 0.0748
v 0.2035 -0.4210 0.1137
v 0.1998 -0.4407 0.1938
v 0.1926 -0.4477 0.0354
v 0.2089 -0.5333 -0.1192
v 0.1980 -0.3058 0.0290
v 0.1958 -0.4290 0.1841
v 0.1991 -0.1963 0.1277
v 0.1921 -0.5201 -0.0118
v 0.2026 -0.3945 0.2029
v 0.1939 -0.5138 -0.0661
v 0.1961 -0.1154 0.3111
v 0.2170 -0.4253 0.1498
v 0.1940 -0.3465 0.0410
v 0.2057 -0.3877 0.0443
v 0.1924 0.0391 0.1102
v 0.2028 -0.4452 0.1794
v 0.1934 -0.3824 0.1980
v 0.2034 0.1418 0.0233
v 0.1900 -0.2240 0.1981
v 0.1993 0.3378 0.1191
v 0.2024 -0.3326 0.1214
v 0.1902 -0.2674 0.0404
v 0.2081 -0.4123 0.0504
v 0.2032 -0.4375 0.1945
v 0.2063 -0.4320 0.1915
v 0.1965 -0.0181 0.0027
v 0.2079 -0.4000 0.2005
v 0.2174 -0.5072 -0.0034
v 0.2253 0.1255 0.0316
v 0.2006 -0.4159 0.2064
v 0.2053 -0.3249 0.1161
v 0.2034 -0.3417 0.1069
v 0.2038 -0.4173 0.2415
v 0.2011 -0.2540 0.0031
v 0.2052 0.0710 -0.0059
v 0.2123 -0.4938 -0.0280
v 0.2019 0.1756 0.0249
v 0.2051 -0.3380 0.1178
v 0.2073 0.0906 0.0440
v 0.2061 -0.4373 0.1909
v 0.2060 -0.5622 0.2933
v 0.2249 -0.0091 0.0437
v 0.1955 -0.0807 0.3135
v 0.1956 -0.2181 0.0486
v 0.2046 -0.3435 0.1201
v 0.2059 -0.3420 0.1225
v 0.2048 -0.3173 0.0484
v 0.2033 0.0021 0.1316
v 0.2080 -0.3547 0.0846
v 0.2099 -0.5345 -0.1602
v 0.2017 0.1420 0.0161
v 0.2044 -0.0691 0.1332
v 0.2052 -0.0152 0.1048
v 0.2024 -0.5034 -0.0177
v 0.2058 0.0869 0.1181
v 0.2023 -0.3845 0.1996
v 0.2104 -0.4106 0.2021
v 0.2009 -0.1501 0.3119
v 0.2011 0.1989 0.2333
v 0.1924 -0.5599 -0.2832
v 0.2028 -0.4235 0.1986
v 0.2057 -0.3820 -0.0627
v 0.2116 -0.1584 0.1098
v 0.2256 0.2493 0.1030
v 0.2029 0.1761 0.2437
v 0.2071 -0.5693 0.2063
v 0.2066 -0.4806 -0.1713
v 0.2147 -0.3852 0.1072
v 0.2031 -0.3860 0.1005
v 0.2004 -0.0659 0.3281
v 0.2104 -0.4280 -0.0456
v 0.2077 0.2522 0.0770
v 0.2063 -0.4217 0.0700
v 0.2124 -0.3826 0.0941
v 0.2042 0.3261 0.0678
v 0.2192 -0.2302 0.1304
v 0.2115 -0.4307 0.2087
v 0.2266 0.0285 -0.0018
v 0.2162 0.2019 0.2503
v 0.2129 -0.4862 0.0591
v 0.2279 -0.1978 0.1219
v 0.1810 0.2090 0.0667
v 0.2122 -0.4174 0.2016
v 0.2130 -0.5280 -0.2903
v 0.2111 -0.3803 0.1042
v 0.2218 -0.1187 0.1280
v 0.2180 -0.4583 0.2078
v 0.2097 -0.3653 0.1176
v 0.2117 -0.3519 0.1317
v 0.2175 0.1161 0.0250
v 0.2158 -0.3756 0.1074
v 0.2145 -0.0668 0.2944
v 0.2128 -0.3756 0.1157
v 0.1947 -0.4325 -0.1051
v 0.2134 -0.0612 0.2510
v 0.2157 0.0405 0.0478
v 0.2196 -0.0546 0.0049
v 0.2083 -0.5384 -0.0247
v 0.2196 0.0817 0.0292
v 0.2125 -0.5010 -0.1423
v 0.2457 -0.2650 0.0325
v 0.2198 -0.3681 0.1150
v 0.2134 -0.4465 0.2065
v 0.2199 -0.3992 0.1191
v 0.2011 -0.4518 0.0108
v 0.2210 -0.1235 0.0897
v 0.2255 -0.2861 0.0159
v 0.2253 -0.4784 0.0406
v 0.2221 -0.5027 0.0282
v 0.2236 -0.2780 0.1213
v 0.2171 -0.4156 0.0946
v 0.2226 -0.0565 0.1151
v 0.2111 -0.2504 0.0747
v 0.2186 -0.3996 0.1146
v 0.2183 -0.5052 0.0465
v 0.2223 -0.4645 0.2320
v 0.2183 0.2570 0.1680
v 0.2232 -0.4546 0.2097
v 0.2336 -0.4904 0.0722
v 0.2179 -0.0230 -0.0031
v 0.2094 -0.4003 0.1925
v 0.2211 -0.0141 0.0125
v 0.2280 -0.5005 0.1830
v 0.2175 -0.4330 0.1260
v 0.2127 -0.2971 0.1819
v 0.2291 -0.5137 -0.2341
v 0.2222 -0.4864 0.1273
v 0.2174 -0.3899 -0.0021
v 0.2178 0.1389 0.0173
v 0.2170 -0.3799 0.2271
v 0.2232 -0.4609 0.0539
v 0.2087 0.2983 0.1365
v 0.2231 -0.3191 0.0471
v 0.2268 -0.3701 0.1228
v 0.2220 -0.1891 0.0502
v 0.2268 0.2491 0.1394
v 0.2213 -0.3942 -0.0894
v 0.2312 -0.3640 0.0063
v 0.2226 -0.3739 0.0737
v 0.2199 -0.3617 -0.0270
v 0.2233 -0.4063 0.1352
v 0.2332 -0.3626 0.1482
v 0.2259 -0.4138 0.1061
v 0.2252 -0.4592 0.1980
v 0.2120 -0.4739 0.1979
v 0.2203 -0.3797 0.1712
v 0.2131 0.0530 0.1382
v 0.2305 -0.4783 0.2009
v 0.2554 -0.1924 0.1075
v 0.2391 -0.4190 0.1669
v 0.2332 0.1146 0.0252
v 0.2278 -0.4690 0.1009
v 0.2313 -0.3773 -0.0012
v 0.2321 -0.3798 -0.0038
v 0.2518 -0.4592 0.2214
v 0.2412 0.1534 0.0237
v 0.2473 -0.3931 0.0124
v 0.2281 -0.4703 -0.1086
v 0.2318 -0.3213 0.0042
v 0.2220 -0.0774 0.0984
v 0.2454 -0.4623 -0.1254
v 0.2290 -0.4107 0.1168
v 0.2227 -0.4512 -0.0351
v 0.2416 -0.5169 0.0153
v 0.2330 -0.3107 0.1176
v 0.2363 -0.5043 0.0576
v 0.2605 -0.4255 0.0729
v 0.2351 0.2363 0.1683
v 0.2300 -0.3934 0.0283
v 0.2535 -0.5435 -0.2063
v 0.2408 -0.4666 0.1124
v 0.2208 -0.5311 -0.1449
v 0.2387 -0.4294 -0.0257
v 0.2964 -0.4190 -0.0498
v 0.2248 -0.5454 -0.0455
v 0.2277 0.2287 0.2155
v 0.2418 -0.3724 -0.0029
v 0.2406 -0.4211 -0.0274
v 0.2475 0.1209 0.1223
v 0.2407 -0.4347 -0.0344
v 0.2438 -0.4962 0.2357
v 0.2357 0.0483 0.2286
v 0.2416 -0.4335 -0.0327
v 0.2631 -0.3615 0.1213
v 0.2797 -0.5556 -0.2646
v 0.2366 0.1151 0.2608
v 0.2471 -0.2657 0.1006
v 0.2315 -0.4505 0.1693
v 0.2421 0.1613 0.2395
v 0.2432 -0.4357 -0.0387
v 0.2439 -0.4365 -0.0316
v 0.2474 -0.5574 -0.2918
v 0.2393 -0.3717 -0.0078
v 0.2440 0.2132 0.1495
v 0.2370 -0.4437 -0.0287
v 0.2633 -0.5374 -0.2965
v 0.2511 -0.0084 0.0120
v 0.2300 -0.2726 0.0045
v 0.2410 -0.4982 0.2164
v 0.2333 -0.4637 0.1258
v 0.2529 -0.5074 0.1297
v 0.2412 -0.3023 0.1355
v 0.2298 -0.3680 0.1042
v 0.2393 -0.4579 0.0858
v 0.2485 0.0056 0.2006
v 0.2596 -0.3503 -0.0230
v 0.2602 -0.5212 0.1080
v 0.2467 -0.1054 0.1785
v 0.2424 -0.3860 0.0335
v 0.2432 -0.4319 -0.0277
v 0.2417 -0.5323 0.2179
v 0.2452 0.1414 0.2040
v 0.2434 -0.5055 -0.1340
v 0.2427 -0.1556 0.0747
v 0.2324 0.2328 0.1924
v 0.2634 -0.3377 0.0777
v 0.2453 -0.5448 -0.0521
v 0.2579 -0.4629 -0.0468
v 0.2725 -0.1982 0.0573
v 0.2370 -0.3893 0.1213
v 0.2399 0.2267 0.2277
v 0.2481 -0.0280 0.0150
v 0.2243 -0.5579 -0.3380
v 0.2408 -0.4391 -0.0697
v 0.2496 -0.4642 -0.0800
v 0.2577 -0.5548 -0.0114
v 0.2502 -0.4127 -0.0257
v 0.2395 0.0031 0.1628
v 0.2471 0.1882 0.2900
v 0.2521 -0.3950 -0.0148
v 0.2536 -0.4543 -0.0422
v 0.2352 -0.4926 -0.0587
v 0.2423 -0.3745 0.1018
v 0.2560 -0.4476 -0.0532
v 0.2412 -0.5514 -0.1852
v 0.2438 -0.5423 -0.3879
v 0.2557 -0.4556 -0.0504
v 0.2515 -0.3618 -0.0098
v 0.2511 -0.5262 0.0653
v 0.2550 -0.4559 -0.0618
v 0.2569 -0.4567 -0.0523
v 0.2662 -0.4782 -0.0527
v 0.2560 -0.1376 0.1162
v 0.2569 -0.4577 -0.0497
v 0.2525 -0.5118 0.2056
v 0.2538 -0.1227 0.1113
v 0.2557 -0.5063 0.0566
v 0.2577 -0.4573 -0.0527
v 0.2434 -0.5232 0.0351
v 0.2611 -0.5525 -0.3634
v 0.2595 -0.5247 0.0477
v 0.2365 -0.4659 0.1982
v 0.2633 -0.5383 0.2347
v 0.2582 -0.0717 0.1897
v 0.2533 -0.5214 0.1453
v 0.2881 0.1722 0.2801
v 0.2522 -0.4487 -0.0315
v 0.2635 -0.4609 -0.0632
v 0.2789 -0.4265 0.0492
v 0.2592 0.2235 0.1898
v 0.2624 -0.4548 -0.0455
v 0.2609 -0.4630 -0.0493
v 0.2646 0.1891 0.1578
v 0.2657 -0.4730 -0.0452
v 0.2668 -0.4609 -0.0499
v 0.2633 -0.4637 0.0174
v 0.2624 -0.4580 -0.0430
v 0.2666 -0.4120 -0.0393
v 0.2652 -0.0441 0.1836
v 0.2611 -0.5003 -0.0961
v 0.2684 -0.3179 0.0973
v 0.2620 0.2218 0.2822
v 0.2546 -0.4631 0.1347
v 0.2641 -0.4374 -0.0512
v 0.2635 -0.3272 0.0111
v 0.2567 -0.5192 -0.0738
v 0.2740 -0.5563 0.1745
v 0.2669 0.2289 0.2063
v 0.2688 -0.4646 -0.0685
v 0.2714 -0.5613 0.2212
v 0.2823 -0.4703 -0.1078
v 0.2631 -0.5564 -0.2307
v 0.2494 -0.3727 0.1724
v 0.2478 0.0654 0.1932
v 0.2722 -0.4861 0.1074
v 0.2721 -0.4694 -0.0588
v 0.2619 -0.5240 0.1693
v 0.2806 0.1833 0.1590
v 0.2720 -0.5289 0.0439
v 0.2716 -0.4669 -0.0677
v 0.2754 -0.4623 -0.0696
v 0.2650 -0.4394 -0.0147
v 0.2779 -0.4603 -0.0544
v 0.2548 -0.4136 0.1361
v 0.2714 -0.5105 0.1870
v 0.2709 -0.5345 0.0437
v 0.2625 -0.5226 0.0266
v 0.2732 -0.5317 0.1278
v 0.3052 -0.5353 -0.1248
v 0.2742 -0.4217 -0.0420
v 0.2735 -0.3844 -0.0009
v 0.2768 -0.4641 -0.0757
v 0.2765 -0.4647 -0.0675
v 0.2762 0.2064 0.3170
v 0.2587 -0.0786 0.1714
v 0.2640 -0.4356 0.0241
v 0.2710 -0.5491 0.1154
v 0.2994 -0.5351 -0.1941
v 0.2870 -0.4784 0.1103
v 0.2758 -0.3600 0.0965
v 0.2883 -0.4984 -0.0015
v 0.2690 -0.0373 0.1904
v 0.2786 -0.5213 0.2171
v 0.2866 -0.4993 0.1681
v 0.2784 -0.4772 -0.0612
v 0.2841 -0.4761 -0.0398
v 0.2912 -0.4496 0.1517
v 0.2850 -0.4869 -0.0843
v 0.2795 -0.4579 -0.0140
v 0.2930 -0.4896 0.1063
v 0.2984 -0.4870 0.1794
v 0.2702 0.1590 0.2208
v 0.2842 -0.5571 0.0768
v 0.2908 -0.5535 -0.3035
v 0.2905 -0.5531 0.2023
v 0.2834 -0.4675 0.1190
v 0.2825 0.1854 0.3070
v 0.2760 -0.5432 0.1432
v 0.2688 -0.4986 -0.1452
v 0.2939 0.2232 0.2679
v 0.2906 -0.4715 0.0192
v 0.2918 -0.4691 0.0998
v 0.2858 -0.1795 0.0574
v 0.2889 -0.1800 0.0846
v 0.2896 -0.5459 0.0662
v 0.2971 -0.5085 -0.1057
v 0.2795 0.0643 0.1498
v 0.3065 -0.5573 0.2289
v 0.3057 -0.5527 0.0940
v 0.3004 -0.4129 0.0440
v 0.2994 0.2079 0.2449
v 0.3012 -0.5177 0.1115
v 0.3071 -0.5185 -0.0839
v 0.2943 -0.4157 0.1103
v 0.2785 -0.2104 0.0900
v 0.2897 -0.5478 -0.1233
v 0.3172 -0.5159 0.1395
v 0.3066 -0.4658 -0.0867
v 0.3006 -0.0256 0.1643
v 0.2995 -0.4993 -0.0113
v 0.3116 -0.4836 0.0126
v 0.3022 0.0688 0.1941
v 0.2972 -0.5603 0.0466
v 0.3018 -0.4886 0.1521
v 0.2900 -0.4837 0.1161
v 0.3028 0.1904 0.2241
v 0.2999 -0.4770 0.0436
v 0.3011 0.1207 0.2086
v 0.3046 -0.0389 0.1797
v 0.3121 -0.5573 0.1399
v 0.3108 0.1801 0.2751
v 0.2951 -0.5367 0.1332
v 0.3177 -0.5310 -0.1712
v 0.3081 -0.5090 0.0107
v 0.3034 -0.5537 0.2614
v 0.3015 -0.4524 0.0722
v 0.2935 -0.4073 0.0819
v 0.3092 -0.1897 0.0625
v 0.2984 -0.5439 -0.1408
v 0.3003 -0.4857 0.0443
v 0.3103 -0.2283 0.0661
v 0.3103 0.0154 0.1789
v 0.2968 0.2314 0.3507
v 0.3164 -0.4479 0.1059
v 0.3067 -0.5315 0.1690
v 0.2954 -0.5549 0.1199
v 0.3161 -0.4581 -0.0680
v 0.3127 -0.5055 0.0810
v 0.3122 -0.5301 -0.1413
v 0.3176 0.2000 0.2815
v 0.3220 -0.4936 0.0274
v 0.3166 0.2049 0.3347
v 0.2937 -0.2005 0.0532
v 0.3213 -0.5544 -0.1080
v 0.3225 -0.5474 -0.1353
v 0.3192 -0.5130 0.0451
v 0.3247 -0.4859 0.0877
v 0.3270 0.2457 0.3135
v 0.3277 0.2715 0.3879
v 0.3161 -0.4819 0.0472
v 0.3185 -0.5464 -0.1307
v 0.3050 -0.2411 0.0315
v 0.3321 -0.2997 0.0046
v 0.3325 -0.4745 0.0171
v 0.2936 -0.5437 0.0400
v 0.3307 0.2320 0.3668
v 0.3188 -0.2772 0.0313
v 0.3501 0.2708 0.3099
v 0.3359 -0.4737 0.0979
v 0.3704 -0.5207 0.1040
v 0.3439 -0.5571 0.1252
v 0.3349 0.2465 0.3760
v 0.3471 -0.5214 0.0749
v 0.3334 0.2503 0.2891
v 0.3386 -0.4692 0.0497
v 0.3216 -0.5578 0.0282
v 0.3481 0.2235 0.3028
v 0.3275 -0.2342 0.0231
v 0.3484 0.2375 0.3818
v 0.3407 -0.5259 0.0273
v 0.3373 0.2365 0.3494
v 0.3477 -0.3057 -0.0358
v 0.3382 -0.5131 0.0091
v 0.3366 -0.5431 -0.0904
v 0.3609 -0.5581 0.0270
v 0.3404 -0.2583 0.0442
v 0.3561 0.2776 0.3868
v 0.3227 -0.5300 -0.1243
v 0.3489 0.2462 0.3060
v 0.3416 -0.5580 0.1693
v 0.3685 -0.3044 -0.0086
v 0.3548 0.2427 0.3488
v 0.3634 0.2355 0.3384
v 0.3614 -0.5114 0.0899
v 0.3717 0.2311 0.3283
v 0.3576 0.2399 0.3353
v 0.3408 -0.5550 0.0744
v 0.3580 -0.5451 0.1347
v 0.3524 0.2219 0.3517
v 0.3638 0.2503 0.3769
v 0.3672 -0.5606 0.0604
v 0.3863 -0.5434 -0.1147
v 0.3588 -0.2708 -0.0093
v 0.3646 0.2459 0.3399
v 0.3769 -0.5574 0.1602
v 0.3659 -0.5561 -0.1146
v 0.3707 -0.2971 -0.0539
v 0.3697 -0.5552 0.0624
v 0.3745 0.2453 0.3509
v 0.3732 0.2493 0.3186
v 0.3778 -0.3250 -0.0498
v 0.3710 0.2554 0.3489
v 0.3925 0.2654 0.3372
v 0.3906 -0.5585 0.1356
v 0.3996 -0.5563 0.0265
v 0.3817 -0.5265 0.0268
v 0.4252 -0.5557 0.1567
v -0.1753 -0.3721 0.1408
v -0.1777 -0.3725 0.1356
v -0.1532 -0.3682 0.1269
v -0.0991 -0.2879 0.0306
v 0.0583 0.2115 0.0668
v 0.0708 -0.2914 -0.0955
v 0.0710 -0.2891 -0.0944
v 0.0666 -0.2925 -0.0906
v 0.0975 -0.4517 -0.1641
v 0.1246 0.1851 0.0743
v 0.1393 -0.0952 0.2316
v 0.1401 0.0086 0.2362
v 0.1988 -0.3336 0.0924
v 0.2850 -0.4598 0.1052
v -0.1769 -0.3540 0.1328
v -0.1821 -0.3548 0.1347
v -0.0236 -0.2153 0.0537
v -0.0443 -0.1983 0.0377
v -0.0379 -0.1966 0.0358
v -0.0361 -0.1972 0.0366
v -0.0178 -0.2036 0.0340
v -0.0323 -0.2061 0.0436
v -0.0013 -0.4729 -0.1959
v 0.0010 -0.4730 -0.1925
v 0.1220 -0.3826 -0.1556
v 0.1160 -0.3577 -0.1447
v 0.1193 -0.1646 0.2264
v 0.1192 -0.1673 0.2228
v 0.2177 -0.3724 0.1111
v 0.2170 -0.3728 0.1116


vt 0.02902 0.36964
vt 0.02398 0.36446
vt 0.02880 0.36504
f 1/1 5/2 4/3
vt 0.16076 0.37807
vt 0.16253 0.37405
vt 0.16200 0.37864
f 4/4 7/5 1/6
vt 0.16501 0.37691
f 1/6 7/5 5/7
vt 0.02654 0.36263
f 5/2 9/8 4/3
vt 0.17363 0.37888
vt 0.16955 0.37512
vt 0.17289 0.37239
f 2/9 6/10 26/11
vt 0.01630 0.36811
vt 0.01586 0.36310
vt 0.02033 0.36456
f 2/12 28/13 6/14
vt 0.16601 0.37340
f 7/5 13/15 5/7
vt 0.18715 0.38004
vt 0.18361 0.37923
vt 0.18461 0.37635
f 3/16 8/17 17/18
vt 0.00255 0.36963
vt 0.00464 0.36539
vt 0.00619 0.36887
f 3/19 14/20 8/21
vt 0.16001 0.37366
vt 0.16147 0.36632
f 7/5 4/22 39/23
vt 0.15878 0.37134
f 4/22 15/24 39/23
vt 0.01201 0.36455
f 2/12 19/25 28/13
vt 0.84260 0.40598
vt 0.84097 0.40268
vt 0.84204 0.40128
f 4/26 9/27 15/28
vt 0.18611 0.37716
f 3/16 17/18 14/29
vt 0.17717 0.37642
vt 0.17822 0.37575
f 2/30 26/11 19/31
vt 0.16697 0.37425
vt 0.16749 0.37299
f 6/10 5/32 16/33
vt 0.95091 0.57238
vt 0.94998 0.57120
vt 0.95074 0.57142
f 5/34 13/35 12/36
vt 0.02352 0.36282
f 5/2 11/37 9/8
vt 0.95910 0.11085
vt 0.95986 0.11168
vt 0.95927 0.11236
f 6/38 10/39 5/40
vt 0.16676 0.37366
f 5/32 12/41 16/33
f 6/10 16/33 26/11
vt 0.02178 0.36359
vt 0.01926 0.35697
vt 0.02232 0.36340
f 6/42 20/43 10/44
vt 0.95077 0.57123
f 12/36 13/35 11/45
vt 0.00955 0.36458
f 8/21 14/20 19/46
vt 0.97341 0.59431
vt 0.97237 0.59488
vt 0.97296 0.59432
f 5/47 10/48 11/49
vt 0.94494 0.11424
vt 0.94456 0.11223
vt 0.94548 0.11217
f 8/50 19/51 18/52
vt 0.02403 0.36243
vt 0.02420 0.36204
f 9/8 11/53 13/54
vt 0.97280 0.59397
f 12/55 11/49 10/48
vt 0.17993 0.37418
f 8/17 18/56 17/18
vt 0.97249 0.59353
f 12/55 10/48 16/57
f 6/14 28/13 20/43
vt 0.93887 0.07676
vt 0.93901 0.07588
vt 0.94006 0.07704
f 13/58 16/59 10/60
vt 0.16598 0.36560
f 13/15 7/5 25/61
vt 0.93956 0.07851
f 13/58 10/60 9/62
vt 0.17870 0.37403
f 19/31 26/11 18/63
f 13/15 25/61 16/33
f 16/33 25/61 26/11
vt 0.02339 0.36251
f 10/64 20/43 9/8
f 7/5 39/23 25/61
vt 0.18043 0.37153
f 18/56 23/65 17/18
vt 0.01157 0.36277
vt 0.01216 0.35979
f 28/13 19/66 36/67
vt 0.01050 0.35990
f 19/46 14/20 36/68
f 26/11 23/65 18/56
vt 0.15767 0.36644
f 15/24 24/69 39/23
vt 0.02427 0.35728
f 9/8 20/43 29/70
vt 0.18495 0.37420
f 17/18 23/65 14/71
vt 0.98957 0.69230
vt 0.98988 0.69183
vt 0.98988 0.69247
f 22/72 24/73 31/74
vt 0.03059 0.35919
f 9/8 29/70 15/75
vt 0.72043 0.32718
vt 0.71744 0.32386
vt 0.72152 0.32250
f 22/76 21/77 24/78
vt 0.05390 0.66607
vt 0.05287 0.65720
vt 0.05631 0.66204
f 22/79 154/80 21/81
vt 0.05148 0.66299
f 22/79 31/82 154/80
vt 0.00705 0.36136
f 14/20 30/83 36/68
vt 0.02523 0.35627
f 15/75 29/70 27/84
vt 0.03223 0.35652
vt 0.03205 0.35540
f 24/85 15/75 31/86
vt 0.01475 0.35586
f 28/13 57/87 20/43
vt 0.17334 0.36579
f 26/11 25/61 54/88
vt 0.18343 0.37207
vt 0.18482 0.37298
f 23/65 30/89 14/90
vt 0.02910 0.35271
f 15/75 27/84 40/91
f 26/11 54/88 23/65
f 15/75 40/91 31/86
vt 0.18012 0.36711
vt 0.18253 0.37137
f 23/65 80/92 30/93
vt 0.15953 0.36228
f 24/69 72/94 39/23
vt 0.00893 0.35664
f 30/83 66/95 36/68
vt 0.05066 0.65856
f 31/82 85/96 154/80
vt 0.44384 0.63309
vt 0.44207 0.63404
vt 0.44348 0.63139
f 27/97 29/98 59/99
vt 0.88221 0.65415
vt 0.87935 0.65247
vt 0.88340 0.65046
f 32/100 38/101 37/102
vt 0.18623 0.37066
vt 0.18429 0.36572
vt 0.18922 0.37146
f 30/103 74/104 34/105
vt 0.83452 0.56790
vt 0.83456 0.56541
vt 0.83667 0.56450
f 37/106 41/107 83/108
vt 0.87977 0.64987
f 37/102 38/101 41/109
vt 0.18861 0.36876
f 34/105 74/104 61/110
vt 0.80417 0.81181
vt 0.80302 0.80519
vt 0.80631 0.80957
f 32/111 37/112 71/113
vt 0.02222 0.35050
f 20/43 50/114 29/70
vt 0.69639 0.25099
vt 0.69419 0.25446
vt 0.69397 0.24998
f 38/115 32/116 43/117
vt 0.18407 0.37092
f 30/118 80/92 74/104
vt 0.90168 0.63887
vt 0.90173 0.64121
vt 0.90011 0.63933
f 52/119 47/120 64/121
vt 0.34849 0.94789
vt 0.34782 0.94940
vt 0.34749 0.94771
f 44/122 33/123 45/124
vt 0.71913 0.31686
f 21/77 42/125 24/78
vt 0.05762 0.65861
f 154/80 88/126 21/81
vt 0.80599 0.58805
vt 0.80380 0.58343
vt 0.80855 0.58742
f 35/127 89/128 70/129
vt 0.00530 0.36013
vt 0.00011 0.35997
vt 0.00060 0.35764
f 30/130 34/131 61/132
f 28/13 36/67 57/87
vt 0.62187 0.80468
vt 0.61545 0.80538
vt 0.61718 0.80228
f 35/133 115/134 89/135
vt 0.24946 0.58931
vt 0.25056 0.58808
vt 0.25207 0.58933
f 31/136 40/137 85/138
vt 0.62037 0.80878
f 35/133 68/139 115/134
vt 0.02495 0.35507
f 27/84 51/140 40/91
f 23/65 54/88 80/92
vt 0.44279 0.62798
f 59/99 29/98 67/141
vt 0.37456 0.03926
vt 0.37940 0.03838
vt 0.37735 0.03957
f 53/142 75/143 99/144
vt 0.51738 0.92146
vt 0.51503 0.92124
vt 0.51606 0.91787
f 52/145 64/146 46/147
vt 0.72094 0.31850
f 72/148 24/78 42/125
vt 0.00592 0.35513
f 30/130 61/132 65/149
vt 0.82627 0.50143
vt 0.82888 0.50456
vt 0.82626 0.50425
f 49/150 44/151 62/152
vt 0.80725 0.80553
f 37/112 110/153 71/113
vt 0.80302 0.34223
vt 0.80515 0.34092
vt 0.80419 0.34497
f 52/154 60/155 47/156
vt 0.14260 0.63214
vt 0.14175 0.62938
vt 0.14459 0.62729
f 29/157 51/158 142/159
vt 0.16512 0.36086
f 39/23 56/160 25/61
vt 0.51737 0.91805
f 52/145 46/147 102/161
vt 0.99088 0.85412
vt 0.99106 0.85368
vt 0.99121 0.85412
f 29/162 50/163 51/164
vt 0.80777 0.58338
f 89/128 94/165 70/129
vt 0.45823 0.85396
vt 0.45652 0.85350
vt 0.45729 0.84979
f 44/166 45/167 62/168
vt 0.55424 0.30932
vt 0.55044 0.31053
vt 0.55114 0.30417
f 48/169 129/170 149/171
vt 0.82841 0.50183
f 44/151 49/150 69/172
vt 0.90038 0.64459
vt 0.90045 0.64280
f 47/120 62/173 64/174
vt 0.76295 0.94887
vt 0.76334 0.95133
vt 0.76246 0.95130
f 27/175 59/176 51/177
f 30/130 65/149 66/95
vt 0.83144 0.50205
vt 0.83211 0.50439
f 44/151 69/178 58/179
vt 0.71504 0.32108
f 21/77 88/180 42/125
vt 0.47391 0.71647
vt 0.47116 0.71565
vt 0.47579 0.71403
f 53/181 99/182 55/183
vt 0.83044 0.50763
f 44/151 58/179 33/184
vt 0.83597 0.56846
vt 0.83857 0.56758
f 37/185 83/108 110/186
vt 0.44051 0.62915
f 29/98 142/187 67/141
vt 0.16139 0.36082
f 39/23 72/94 73/188
vt 0.90199 0.64475
f 47/120 79/189 62/173
vt 0.71098 0.16640
vt 0.70964 0.16464
vt 0.71085 0.16249
f 64/190 60/191 46/192
vt 0.50146 0.26337
vt 0.50075 0.26565
vt 0.49742 0.26360
f 41/193 38/194 43/195
vt 0.16293 0.35955
f 39/23 73/188 129/196
vt 0.69130 0.25270
f 71/197 43/117 32/116
vt 0.58000 0.41558
vt 0.58212 0.41076
vt 0.58406 0.41628
f 48/198 76/199 109/200
vt 0.16734 0.35920
f 25/61 109/201 54/88
vt 0.89732 0.52954
vt 0.89568 0.52824
vt 0.89739 0.52829
f 45/202 58/203 84/204
vt 0.48708 0.91805
vt 0.48741 0.92147
vt 0.48618 0.92126
f 64/205 62/206 78/207
vt 0.86806 0.29733
vt 0.86749 0.29521
vt 0.86993 0.29329
f 46/208 103/209 102/210
vt 0.81041 0.58519
f 70/129 94/165 135/211
vt 0.80428 0.33703
f 52/154 102/212 60/155
vt 0.85180 0.89970
vt 0.85474 0.90270
vt 0.85246 0.90243
f 48/213 56/214 129/215
vt 0.55310 0.30262
f 48/169 149/171 76/216
vt 0.01271 0.35407
f 57/217 36/68 66/95
vt 0.91336 0.54401
vt 0.91326 0.54158
vt 0.91539 0.54146
f 62/218 79/219 49/220
vt 0.21056 0.94961
vt 0.20987 0.94750
vt 0.21046 0.94715
f 72/221 91/222 73/223
vt 0.02654 0.35016
vt 0.02780 0.34954
f 40/91 51/224 91/225
vt 0.89543 0.53032
f 45/202 33/226 58/203
vt 0.80538 0.62903
vt 0.80676 0.63369
vt 0.80502 0.63370
f 35/227 195/228 68/229
vt 0.14065 0.62840
f 142/159 51/158 59/230
vt 0.25149 0.58697
vt 0.25356 0.58726
f 40/137 72/231 134/232
vt 0.80598 0.34670
vt 0.80656 0.34431
f 79/233 47/156 78/234
f 40/137 134/232 85/138
vt 0.16667 0.36085
f 25/61 56/235 109/201
vt 0.80508 0.34304
f 47/156 60/236 78/234
f 39/23 129/196 56/160
vt 0.14625 0.40088
vt 0.14792 0.39537
vt 0.15028 0.39821
f 61/237 74/238 132/239
vt 0.80921 0.62636
vt 0.80983 0.63168
f 70/240 131/241 35/227
vt 0.90975 0.47363
vt 0.90913 0.47678
vt 0.90887 0.47493
f 63/242 126/243 90/244
vt 0.03039 0.35018
f 40/91 91/225 72/245
vt 0.71104 0.17133
f 64/190 78/246 60/191
vt 0.48779 0.92261
f 78/207 62/206 77/247
vt 0.01915 0.34793
f 57/87 209/248 20/43
vt 0.44786 0.45202
vt 0.44728 0.44751
vt 0.44970 0.45184
f 98/249 167/250 73/251
vt 0.70722 0.17378
vt 0.70658 0.17426
vt 0.70522 0.17270
f 62/252 45/253 84/254
vt 0.73803 0.84951
vt 0.73500 0.85108
vt 0.73704 0.84840
f 86/255 63/256 112/257
vt 0.89680 0.52577
f 58/203 69/258 84/204
vt 0.37616 0.03574
vt 0.37870 0.03254
f 75/143 53/259 138/260
vt 0.69789 0.80331
vt 0.70145 0.80500
vt 0.69812 0.80760
f 70/261 135/262 131/263
vt 0.05613 0.71649
vt 0.06246 0.71569
vt 0.06106 0.71837
f 55/264 92/265 53/266
vt 0.44514 0.63086
vt 0.44747 0.62399
f 59/267 67/141 113/268
vt 0.75000 0.92137
vt 0.74864 0.92193
vt 0.74916 0.91944
f 62/269 84/270 77/271
vt 0.83607 0.56133
f 41/107 87/272 83/108
f 35/227 131/241 195/228
vt 0.18150 0.36639
vt 0.18087 0.36011
f 80/273 144/274 74/104
vt 0.80651 0.33396
f 102/212 178/275 60/155
vt 0.00234 0.35628
f 65/149 61/132 140/276
vt 0.40170 0.87807
vt 0.40377 0.87667
vt 0.40443 0.87917
f 86/277 112/278 81/279
vt 0.85525 0.90048
f 48/213 109/280 56/214
vt 0.71084 0.16043
vt 0.70928 0.16010
f 46/281 60/191 121/282
vt 0.93263 0.50656
vt 0.93188 0.50494
vt 0.93353 0.50440
f 69/283 49/284 84/285
vt 0.73472 0.84779
vt 0.73635 0.84775
f 63/256 133/286 112/287
vt 0.86795 0.29107
f 103/209 96/288 102/210
vt 0.17109 0.35776
f 54/88 109/201 177/289
vt 0.69213 0.25030
f 71/197 110/290 43/117
vt 0.91108 0.47701
f 63/242 86/291 126/243
vt 0.17667 0.36465
f 80/92 54/292 177/289
vt 0.49931 0.25940
f 41/193 43/195 87/293
vt 0.13708 0.62289
vt 0.14132 0.62220
f 59/230 113/294 252/295
vt 0.06049 0.71302
f 55/264 123/296 92/265
vt 0.71001 0.17281
vt 0.70721 0.17048
f 77/297 79/298 78/246
vt 0.72146 0.31449
f 72/148 42/125 134/299
vt 0.80638 0.58031
f 94/165 89/128 100/300
vt 0.16097 0.36029
vt 0.15921 0.35436
vt 0.16123 0.35268
f 73/301 167/302 205/303
vt 0.37642 0.03177
f 53/259 92/304 138/260
vt 0.92302 0.67191
vt 0.92156 0.67219
vt 0.92266 0.67024
f 46/305 121/306 103/307
vt 0.77355 0.44099
vt 0.77425 0.44272
vt 0.77225 0.44269
f 90/308 106/309 161/310
vt 0.77316 0.43755
vt 0.77190 0.44151
vt 0.77087 0.43860
f 63/311 93/312 119/313
vt 0.74853 0.92003
f 84/270 79/314 77/271
vt 0.02871 0.34833
vt 0.03029 0.34703
vt 0.02914 0.34949
f 91/315 98/316 73/317
vt 0.57742 0.89795
vt 0.57778 0.89979
vt 0.57552 0.90143
f 63/318 90/319 93/320
vt 0.40115 0.87920
f 86/277 81/279 137/321
vt 0.49806 0.26059
f 87/293 43/195 124/322
vt 0.94304 0.08504
vt 0.94218 0.08454
vt 0.94218 0.08319
f 126/323 86/324 157/325
f 129/196 73/301 205/303
vt 0.47824 0.70831
vt 0.47585 0.70829
f 169/326 55/183 152/327
vt 0.25024 0.58342
vt 0.25135 0.58067
vt 0.25129 0.58296
f 91/328 159/329 98/330
vt 0.73223 0.85056
vt 0.73224 0.84975
f 63/256 119/331 133/332
vt 0.02411 0.34830
f 51/224 104/333 91/225
vt 0.70603 0.17061
vt 0.70452 0.17060
f 79/334 84/254 49/335
vt 0.97011 0.34095
vt 0.96978 0.34262
vt 0.96958 0.34060
f 97/336 92/337 114/338
vt 0.02934 0.34565
f 91/315 104/333 159/339
vt 0.00215 0.35546
f 61/132 132/340 140/276
vt 0.98696 0.81288
vt 0.98696 0.81210
vt 0.98735 0.81251
f 101/341 106/342 117/343
vt 0.83843 0.56504
f 83/108 124/344 110/186
vt 0.47134 0.71560
vt 0.47060 0.71238
f 99/345 122/346 55/183
vt 0.46998 0.71210
f 99/345 156/347 122/346
vt 0.95695 0.46661
vt 0.95807 0.46636
vt 0.95731 0.46768
f 101/348 161/349 106/350
vt 0.95763 0.46564
f 101/348 145/351 161/349
vt 0.80608 0.33206
f 102/212 108/352 178/275
vt 0.57798 0.90189
f 93/320 90/319 161/353
vt 0.88460 0.87466
vt 0.88649 0.87311
vt 0.88576 0.87722
f 50/354 104/355 51/356
vt 0.80963 0.58138
f 94/165 116/357 135/211
vt 0.96568 0.21468
vt 0.96486 0.21576
vt 0.96444 0.21459
f 106/358 116/359 117/360
vt 0.90975 0.43672
vt 0.90876 0.43843
vt 0.90908 0.43628
f 114/361 92/362 127/363
vt 0.11687 0.93428
vt 0.11698 0.93330
vt 0.11726 0.93333
f 106/364 90/365 126/366
vt 0.73667 0.84639
vt 0.73361 0.84640
f 112/367 133/286 182/368
vt 0.43229 0.90436
vt 0.43235 0.90123
vt 0.43348 0.90350
f 105/369 95/370 163/371
vt 0.05549 0.71221
vt 0.05737 0.71125
f 55/264 169/372 291/373
f 55/264 291/373 123/296
vt 0.61587 0.80971
f 115/134 68/139 216/374
vt 0.96688 0.00723
vt 0.96727 0.00861
vt 0.96647 0.00874
f 97/375 138/376 92/377
vt 0.73695 0.81117
vt 0.73614 0.81321
vt 0.73566 0.80818
f 105/378 107/379 136/380
vt 0.91141 0.47744
vt 0.91096 0.47810
f 86/291 137/381 157/382
vt 0.91062 0.43559
vt 0.90978 0.43176
f 97/383 114/361 111/384
vt 0.80798 0.58109
vt 0.80844 0.58134
f 94/165 117/385 116/386
vt 0.87971 0.47488
vt 0.87954 0.47248
vt 0.88192 0.47327
f 112/387 182/388 152/389
vt 0.98273 0.39699
vt 0.98281 0.39778
vt 0.98235 0.39771
f 96/390 103/391 224/392
vt 0.32370 0.93349
vt 0.32456 0.93281
vt 0.32407 0.93412
f 178/393 121/394 60/395
vt 0.93459 0.04528
vt 0.93259 0.04686
vt 0.93295 0.04407
f 101/396 117/397 145/398
vt 0.95860 0.46593
f 145/351 155/399 161/349
vt 0.49824 0.25837
vt 0.49716 0.25736
vt 0.49870 0.25710
f 87/400 165/401 82/402
vt 0.83722 0.56259
vt 0.83843 0.56036
f 83/403 87/272 120/404
vt 0.83755 0.55952
f 87/272 82/405 120/404
vt 0.71483 0.31938
vt 0.71494 0.31688
f 88/406 179/407 42/125
vt 0.05072 0.65362
f 85/96 134/408 154/80
vt 0.17513 0.35733
f 177/289 246/409 80/92
vt 0.96765 0.00738
f 97/375 127/410 138/376
vt 0.11849 0.93442
f 126/366 168/411 106/364
vt 0.64339 0.84754
vt 0.64452 0.84616
vt 0.64854 0.84943
f 81/412 112/413 122/414
vt 0.94167 0.30408
vt 0.94244 0.30296
vt 0.94343 0.30477
f 118/415 111/416 151/417
vt 0.57754 0.90320
f 93/320 161/353 143/418
vt 0.47135 0.70966
f 55/183 122/419 152/327
vt 0.94304 0.30280
vt 0.94256 0.30200
vt 0.94365 0.30254
f 111/420 141/421 97/422
vt 0.39436 0.91803
vt 0.39699 0.92029
vt 0.39487 0.92173
f 110/423 124/424 43/425
vt 0.89637 0.84972
vt 0.89575 0.84786
vt 0.89726 0.84910
f 111/426 118/427 141/428
vt 0.64388 0.84984
f 81/412 122/414 130/429
vt 0.05678 0.65273
f 88/126 154/80 179/430
vt 0.95742 0.81519
vt 0.95673 0.81428
vt 0.95790 0.81435
f 116/431 106/432 125/433
vt 0.45313 0.27185
vt 0.45567 0.26768
vt 0.45475 0.27211
f 83/434 120/435 124/436
vt 0.79506 0.95805
vt 0.79358 0.95914
vt 0.79407 0.95722
f 147/437 175/438 162/439
vt 0.90874 0.43363
f 114/361 128/440 111/384
vt 0.80990 0.46524
vt 0.80527 0.46379
vt 0.80856 0.46104
f 68/441 195/442 216/443
vt 0.94282 0.30406
f 151/417 111/416 166/444
vt 0.15261 0.39474
f 74/238 283/445 132/239
vt 0.86952 0.28954
f 102/210 96/288 108/446
vt 0.77828 0.45033
vt 0.77822 0.44375
vt 0.77891 0.44758
f 76/447 148/448 146/449
vt 0.23876 0.85467
vt 0.24066 0.85437
vt 0.24192 0.85699
f 123/450 151/451 92/452
f 114/361 127/363 128/440
f 94/165 100/300 117/385
vt 0.72866 0.91856
vt 0.72957 0.92103
vt 0.72847 0.92170
f 141/453 128/454 97/455
vt 0.09705 0.95933
vt 0.09688 0.95724
vt 0.09779 0.95782
f 97/456 128/457 127/458
vt 0.72707 0.06771
vt 0.72837 0.07129
vt 0.72793 0.07233
f 107/459 227/460 164/461
vt 0.37480 0.03040
vt 0.37678 0.02994
f 92/304 151/462 127/463
vt 0.57771 0.90458
f 93/320 143/418 145/464
vt 0.57584 0.90418
f 93/320 145/464 139/465
vt 0.43098 0.90221
f 105/369 136/466 95/370
vt 0.95003 0.91337
vt 0.95120 0.91427
vt 0.94975 0.91479
f 162/467 175/468 132/469
vt 0.97262 0.92615
vt 0.97264 0.92515
vt 0.97302 0.92525
f 151/470 166/471 127/472
vt 0.96470 0.51548
vt 0.96489 0.51411
vt 0.96555 0.51513
f 103/473 170/474 224/475
vt 0.92169 0.66762
f 103/307 121/306 170/476
vt 0.73496 0.81152
f 136/380 107/379 187/477
vt 0.90900 0.43153
f 111/384 128/440 166/478
vt 0.73010 0.06470
vt 0.73029 0.06694
f 105/479 163/480 107/459
vt 0.49971 0.25442
vt 0.49906 0.25081
f 82/481 165/401 190/482
vt 0.92136 0.66869
f 121/306 174/483 170/476
vt 0.80846 0.58073
f 117/385 100/300 125/484
vt 0.01276 0.35407
vt 0.01304 0.35006
vt 0.01582 0.35125
f 57/485 204/486 209/487
vt 0.64563 0.84530
f 112/413 152/488 122/414
vt 0.86810 0.28673
vt 0.86922 0.28843
f 96/288 172/489 108/490
vt 0.47533 0.10804
vt 0.47268 0.10299
vt 0.47726 0.10681
f 80/491 246/492 144/493
vt 0.69569 0.24354
vt 0.69411 0.24403
vt 0.69479 0.24228
f 87/494 124/495 165/496
vt 0.91011 0.00536
vt 0.91053 0.00269
vt 0.91135 0.00349
f 121/497 178/498 224/499
f 57/485 66/95 204/486
vt 0.38197 0.02910
f 138/260 127/463 212/500
vt 0.36748 0.85090
vt 0.36655 0.85128
vt 0.36758 0.84941
f 93/501 139/502 119/503
f 50/114 20/43 209/248
vt 0.93218 0.04567
f 117/397 197/504 145/398
vt 0.91156 0.00485
f 121/497 224/499 174/505
vt 0.29546 0.62727
vt 0.29569 0.62597
vt 0.29626 0.62757
f 75/506 156/507 99/508
vt 0.96517 0.51346
f 170/474 150/509 224/475
vt 0.43138 0.90093
f 95/370 136/466 188/510
vt 0.43740 0.98362
vt 0.43718 0.98280
vt 0.43756 0.98319
f 129/511 205/512 253/513
vt 0.64489 0.85057
f 122/414 219/514 130/429
vt 0.49612 0.25080
f 190/482 165/401 232/515
vt 0.36858 0.93494
vt 0.36810 0.93615
vt 0.36719 0.93564
f 108/516 153/517 178/518
vt 0.55284 0.29690
f 148/519 76/216 149/171
vt 0.76121 0.25544
vt 0.76123 0.25322
vt 0.76342 0.25303
f 118/520 176/521 238/522
vt 0.96555 0.51410
f 224/475 150/509 174/523
vt 0.57780 0.90416
f 143/418 155/524 145/464
vt 0.13978 0.96807
vt 0.13984 0.96673
vt 0.14077 0.96720
f 117/525 125/526 197/527
f 59/230 252/295 142/159
vt 0.44298 0.44839
f 98/249 311/528 167/250
vt 0.08493 0.63086
vt 0.08234 0.62924
vt 0.08297 0.62415
f 162/529 132/530 283/531
vt 0.02646 0.34354
f 104/333 171/532 159/339
vt 0.57758 0.90577
f 145/464 197/533 139/465
vt 0.36672 0.84814
f 139/502 191/534 119/503
vt 0.88604 0.24586
vt 0.88679 0.24856
vt 0.88434 0.24533
f 147/535 181/536 175/537
vt 0.37644 0.02717
f 127/463 166/538 212/500
vt 0.94900 0.74393
vt 0.94774 0.74357
vt 0.94879 0.74228
f 155/539 197/540 168/541
vt 0.25311 0.58222
f 98/330 159/329 160/542
vt 0.97968 0.75481
vt 0.97957 0.75397
vt 0.97991 0.75423
f 106/543 168/544 125/545
vt 0.44465 0.45253
f 98/249 180/546 311/528
vt 0.11805 0.93299
vt 0.11928 0.93295
f 168/411 126/547 158/548
vt 0.91374 0.76670
vt 0.91322 0.76507
vt 0.91506 0.76434
f 126/549 157/550 158/551
vt 0.74428 0.96017
vt 0.74413 0.95890
vt 0.74504 0.95803
f 81/552 130/553 183/554
vt 0.98003 0.75376
f 125/545 168/544 197/555
vt 0.76930 0.21110
vt 0.77019 0.21028
vt 0.77017 0.21131
f 81/556 183/557 137/558
vt 0.72963 0.07005
f 107/459 163/480 189/559
vt 0.14959 0.39035
f 74/238 144/560 283/445
vt 0.30266 0.72483
vt 0.30154 0.72296
vt 0.30379 0.72369
f 82/561 190/562 120/563
vt 0.75950 0.25558
f 118/520 151/564 176/521
vt 0.90907 0.57158
vt 0.90897 0.57079
vt 0.91047 0.57154
f 141/565 118/566 166/567
vt 0.23879 0.85074
f 123/450 199/568 151/451
vt 0.50447 0.93425
vt 0.50417 0.93626
vt 0.50366 0.93431
f 166/569 128/570 141/571
vt 0.94318 0.03204
vt 0.94356 0.03361
vt 0.94222 0.03289
f 98/572 160/573 180/574
vt 0.76915 0.43820
vt 0.76967 0.43559
f 119/313 191/575 133/576
vt 0.05901 0.70811
vt 0.06141 0.70819
f 123/296 291/577 199/578
vt 0.54822 0.30112
f 129/170 253/579 149/171
vt 0.83736 0.91873
vt 0.83745 0.92049
vt 0.83621 0.92043
f 150/580 184/581 185/582
vt 0.56637 0.80265
vt 0.56809 0.80514
vt 0.56335 0.80292
f 89/583 115/584 100/585
vt 0.45666 0.27050
f 120/435 165/586 124/436
vt 0.43961 0.62498
f 142/187 231/587 67/141
vt 0.83876 0.91815
vt 0.83883 0.92012
f 150/580 170/588 184/589
vt 0.83469 0.36357
vt 0.83540 0.36077
vt 0.83619 0.36504
f 95/590 193/591 163/592
vt 0.94172 0.60062
vt 0.94298 0.60041
vt 0.94223 0.60167
f 155/593 143/594 197/595
vt 0.88015 0.47096
vt 0.88043 0.47204
f 182/388 271/596 152/597
vt 0.72923 0.07077
f 227/460 107/459 189/598
vt 0.90506 0.49575
vt 0.90455 0.49216
vt 0.90602 0.49394
f 107/599 164/600 187/601
vt 0.32892 0.85884
vt 0.32748 0.85847
vt 0.32931 0.85398
f 96/602 224/603 172/604
vt 0.91648 0.76718
vt 0.91455 0.76663
f 155/605 168/606 158/551
vt 0.84808 0.52375
vt 0.85016 0.52396
vt 0.85119 0.52620
f 185/607 192/608 150/609
vt 0.08574 0.63277
vt 0.08924 0.62969
vt 0.08981 0.63453
f 147/610 194/611 181/612
vt 0.96654 0.68771
vt 0.96707 0.68895
vt 0.96645 0.69019
f 200/613 158/614 137/615
vt 0.90951 0.56733
f 118/566 238/616 166/567
vt 0.61359 0.80816
f 115/134 216/374 235/617
vt 0.38199 0.03675
vt 0.38270 0.03530
f 75/618 138/260 243/619
vt 0.08549 0.63073
f 147/610 162/620 194/611
vt 0.36527 0.85080
f 139/502 161/621 191/534
vt 0.91682 0.76656
vt 0.91715 0.76589
f 155/622 158/551 161/623
vt 0.47540 0.10010
f 144/493 246/492 202/624
vt 0.66787 0.90105
vt 0.66941 0.90139
vt 0.66852 0.90180
f 137/625 183/626 200/627
vt 0.72013 0.31254
f 42/125 160/628 134/299
vt 0.55114 0.29003
f 148/519 149/171 312/629
vt 0.85165 0.52553
f 150/609 192/608 174/630
vt 0.70140 0.81038
f 131/263 135/262 195/631
vt 0.62747 0.12776
vt 0.62740 0.12194
vt 0.62916 0.12444
f 66/632 211/633 204/634
vt 0.95356 0.00485
vt 0.95255 0.00728
vt 0.95209 0.00642
f 139/635 197/636 143/637
vt 0.62580 0.12579
f 66/632 65/638 211/633
vt 0.53930 0.65294
vt 0.54019 0.64984
vt 0.54141 0.65291
f 228/639 173/640 242/641
vt 0.49623 0.25486
f 232/515 165/401 244/642
vt 0.36371 0.85195
f 139/502 143/643 161/621
vt 0.25228 0.58102
vt 0.25569 0.58154
f 160/542 159/644 260/645
vt 0.66621 0.90245
vt 0.66719 0.90172
vt 0.66820 0.90335
f 157/646 137/647 158/648
vt 0.71544 0.31482
vt 0.71746 0.31339
f 42/125 179/649 180/650
vt 0.94594 0.33136
vt 0.94582 0.33256
vt 0.94484 0.33156
f 175/651 228/652 132/653
vt 0.38356 0.03417
f 138/260 212/500 243/654
vt 0.83613 0.36235
f 193/591 188/655 163/592
vt 0.36459 0.84875
vt 0.36394 0.84646
f 161/656 200/657 191/534
vt 0.75243 0.62161
vt 0.75033 0.62136
vt 0.75140 0.61994
f 180/658 179/659 222/660
vt 0.43339 0.89903
vt 0.43221 0.89810
f 193/661 95/370 153/662
vt 0.00357 0.35337
vt 0.00481 0.35225
vt 0.00403 0.35428
f 132/663 242/664 140/665
vt 0.82650 0.99086
vt 0.82633 0.99132
vt 0.82617 0.99086
f 184/666 170/667 174/668
vt 0.37597 0.02582
f 166/538 203/669 212/500
vt 0.69515 0.67502
vt 0.69206 0.67118
vt 0.69657 0.67165
f 140/670 242/671 65/672
vt 0.56079 0.80313
vt 0.56257 0.80248
f 116/673 125/674 100/585
vt 0.75972 0.25203
vt 0.75802 0.25577
vt 0.75893 0.25279
f 176/675 151/676 199/677
vt 0.45826 0.26702
f 120/435 244/678 165/586
vt 0.76420 0.25065
f 238/522 176/521 208/679
vt 0.02892 0.34153
f 159/339 171/532 207/680
vt 0.94465 0.33335
f 132/653 228/652 242/681
vt 0.98139 0.19425
vt 0.98166 0.19341
vt 0.98195 0.19415
f 206/682 108/683 172/684
vt 0.74259 0.19395
vt 0.74084 0.19500
vt 0.73990 0.19166
f 136/685 163/686 188/687
vt 0.56600 0.80769
f 100/585 115/584 235/688
vt 0.73035 0.07430
vt 0.73022 0.07608
f 164/461 227/689 186/690
vt 0.83737 0.36873
vt 0.83706 0.37005
f 163/592 187/691 189/692
vt 0.29799 0.62296
vt 0.29646 0.62591
f 156/507 259/693 326/694
vt 0.21810 0.55508
vt 0.21300 0.55910
vt 0.21392 0.55080
f 175/695 181/696 256/697
vt 0.77644 0.44267
vt 0.77735 0.44120
f 148/448 312/698 210/699
vt 0.91072 0.00051
vt 0.91121 0.00032
f 153/700 188/701 178/498
vt 0.45653 0.26405
vt 0.45894 0.26352
f 120/435 190/702 240/703
vt 0.90468 0.48814
vt 0.90598 0.48918
f 164/600 186/704 318/705
vt 0.37948 0.02514
f 203/669 317/706 212/500
vt 0.01557 0.34487
f 204/486 268/707 209/248
vt 0.74171 0.19744
f 136/685 187/708 163/686
vt 0.38669 0.81288
vt 0.38805 0.80898
vt 0.38870 0.81324
f 75/709 243/710 156/711
vt 0.90623 0.49206
f 187/601 164/600 189/712
vt 0.84938 0.81996
vt 0.85043 0.81883
vt 0.85047 0.82072
f 108/713 206/714 153/715
vt 0.58211 0.40572
vt 0.58621 0.40453
f 146/716 230/717 76/199
vt 0.95198 0.71342
vt 0.95361 0.71427
vt 0.95344 0.71518
f 174/718 192/719 184/720
vt 0.73639 0.80470
vt 0.73506 0.80315
vt 0.73562 0.80205
f 95/721 188/722 153/723
vt 0.71858 0.31269
vt 0.71948 0.31257
f 42/125 180/724 160/725
vt 0.15872 0.34909
f 167/302 236/726 205/303
vt 0.08882 0.62187
f 162/529 283/531 258/727
vt 0.86179 0.48937
vt 0.86258 0.48560
vt 0.86419 0.48879
f 166/728 215/729 203/730
vt 0.36205 0.84731
f 161/656 158/731 200/657
vt 0.04003 0.94903
vt 0.03934 0.94966
vt 0.03887 0.94780
f 178/732 206/733 224/734
vt 0.96156 0.96161
vt 0.96094 0.96239
vt 0.96110 0.96066
f 173/735 228/736 255/737
vt 0.22003 0.55038
vt 0.21871 0.55054
f 228/738 175/695 234/739
vt 0.70396 0.80273
vt 0.70531 0.80743
f 135/262 116/740 223/741
vt 0.02450 0.34341
f 50/114 209/248 171/742
vt 0.84923 0.52073
f 192/608 185/607 241/743
f 76/199 230/717 109/200
vt 0.75290 0.61735
f 180/658 222/660 311/744
vt 0.97025 0.16722
vt 0.96970 0.16713
vt 0.96995 0.16622
f 193/745 153/746 201/747
vt 0.09055 0.63238
f 181/612 194/611 221/748
vt 0.91091 0.56925
f 166/567 238/616 215/749
vt 0.54973 0.29786
f 149/171 253/750 312/629
vt 0.56056 0.80712
f 116/673 100/585 223/751
vt 0.47622 0.70452
f 169/326 152/327 288/752
f 120/435 240/703 244/678
f 162/620 258/727 194/611
f 164/600 318/705 189/712
vt 0.25121 0.57758
vt 0.25202 0.57652
f 207/753 276/754 159/329
vt 0.91192 0.00054
f 178/498 188/701 206/755
vt 0.74358 0.95708
f 130/553 219/756 183/554
vt 0.76779 0.43981
vt 0.76680 0.43755
f 133/576 191/757 225/758
vt 0.14547 0.62323
f 252/295 231/759 142/159
vt 0.44315 0.43849
vt 0.44621 0.43875
f 167/250 383/760 236/761
vt 0.32792 0.85374
f 172/604 224/603 218/762
vt 0.63037 0.12084
f 211/633 268/763 204/634
vt 0.24662 0.95943
vt 0.24699 0.95687
vt 0.24751 0.95787
f 159/764 276/765 260/766
vt 0.93552 0.12881
vt 0.93652 0.12795
vt 0.93706 0.13074
f 191/767 200/768 233/769
vt 0.92735 0.39757
vt 0.92539 0.39731
vt 0.92757 0.39539
f 184/770 254/771 185/772
vt 0.44278 0.62429
f 67/141 231/587 353/773
vt 0.91856 0.86447
vt 0.91757 0.86342
vt 0.91839 0.86201
f 153/774 206/775 201/776
vt 0.27001 0.64158
vt 0.26895 0.64502
vt 0.26654 0.64178
f 291/777 169/778 355/779
vt 0.05396 0.65030
f 154/80 134/408 282/780
vt 0.77308 0.21011
vt 0.77307 0.21251
f 183/557 225/781 200/782
vt 0.95128 0.86478
vt 0.94975 0.86368
vt 0.95099 0.86255
f 184/783 192/784 254/785
f 67/141 353/773 113/268
vt 0.76126 0.25167
vt 0.76282 0.25076
f 176/521 215/786 198/787
f 176/521 198/787 208/679
f 175/695 256/697 234/739
vt 0.88519 0.86845
f 104/355 50/354 171/788
vt 0.11619 0.95925
vt 0.11640 0.95781
vt 0.11749 0.95817
f 196/789 257/790 226/791
vt 0.82006 0.18618
vt 0.82276 0.18638
vt 0.82340 0.18671
f 189/792 318/793 227/794
vt 0.58242 0.40130
f 146/716 148/795 230/717
vt 0.85065 0.52215
f 192/608 241/743 254/796
vt 0.84836 0.81657
vt 0.84852 0.81370
vt 0.85048 0.81296
f 172/797 275/798 214/799
vt 0.91066 0.56726
f 238/616 198/800 215/749
vt 0.25475 0.58342
vt 0.25503 0.58535
f 160/801 260/645 134/802
vt 0.58124 0.39706
vt 0.58476 0.39584
f 148/795 210/803 286/804
vt 0.02881 0.33831
vt 0.02986 0.34021
f 207/680 287/805 278/806
vt 0.74910 0.61769
f 222/660 247/807 311/744
vt 0.38605 0.53582
vt 0.38524 0.53311
vt 0.38545 0.53132
f 185/808 203/809 241/810
vt 0.47115 0.89932
vt 0.47252 0.89929
vt 0.47108 0.90200
f 247/811 222/812 284/813
vt 0.69645 0.66673
f 65/672 242/671 211/814
vt 0.14999 0.38547
vt 0.15499 0.38716
f 202/815 359/816 144/560
vt 0.54898 0.29174
f 253/750 265/817 312/629
vt 0.25140 0.57422
f 207/753 278/818 276/754
vt 0.49811 0.24510
f 190/482 232/515 239/819
vt 0.94807 0.71423
vt 0.94711 0.71558
vt 0.94726 0.71490
f 213/820 203/821 215/822
vt 0.92516 0.39647
f 185/772 254/771 203/823
vt 0.05230 0.64928
f 134/408 260/824 282/780
vt 0.94820 0.02883
vt 0.94732 0.02728
vt 0.94855 0.02630
f 152/825 271/826 288/827
vt 0.47765 0.70421
f 169/326 288/752 355/828
f 144/560 359/816 283/445
vt 0.16635 0.34819
f 109/201 230/829 177/289
vt 0.45768 0.26008
f 190/702 229/830 240/703
vt 0.39167 0.81119
f 243/710 259/831 156/711
vt 0.64805 0.85167
vt 0.64674 0.85098
f 122/414 295/832 219/833
vt 0.30189 0.72033
vt 0.30103 0.71526
vt 0.30389 0.71385
f 190/834 239/835 229/836
vt 0.23908 0.84838
vt 0.24160 0.85079
f 199/568 267/837 176/838
vt 0.44392 0.62229
f 113/268 353/773 347/839
vt 0.21154 0.55790
f 181/696 379/840 256/697
vt 0.98007 0.27288
vt 0.98010 0.27365
vt 0.97925 0.27365
f 198/841 308/842 208/843
vt 0.87154 0.24744
vt 0.86939 0.24937
vt 0.87063 0.24480
f 133/844 225/845 182/846
vt 0.77227 0.20828
f 225/781 183/557 262/847
f 167/250 311/528 383/760
vt 0.86295 0.48308
vt 0.86362 0.48440
f 215/729 307/848 213/849
vt 0.76957 0.20740
f 183/557 219/850 262/847
vt 0.02369 0.33886
f 209/248 269/851 171/742
vt 0.54191 0.65039
f 242/641 173/640 272/852
vt 0.55311 0.29059
vt 0.55338 0.28376
f 210/853 312/629 270/854
vt 0.21129 0.55889
f 181/696 273/855 379/840
vt 0.17007 0.34915
f 177/289 230/829 356/856
f 135/262 223/741 195/631
vt 0.21938 0.54824
f 234/739 256/697 242/857
vt 0.94797 0.71181
vt 0.94843 0.71272
f 213/820 308/858 238/859
vt 0.16214 0.09812
vt 0.15937 0.09261
vt 0.16306 0.09670
f 284/860 285/861 247/862
vt 0.16128 0.34761
vt 0.16246 0.34724
f 205/303 236/863 253/864
vt 0.77115 0.20579
f 219/850 266/865 262/847
vt 0.90960 0.56716
vt 0.90913 0.56584
vt 0.91028 0.56554
f 238/866 208/867 237/868
vt 0.96673 0.12697
vt 0.96702 0.12822
vt 0.96621 0.12696
f 257/869 196/870 264/871
vt 0.92197 0.35759
vt 0.92365 0.35752
vt 0.92217 0.36030
f 200/872 225/873 233/874
vt 0.24086 0.84791
f 176/838 267/837 215/875
f 100/585 235/688 223/751
vt 0.85096 0.51985
f 241/743 309/876 254/796
f 148/795 286/804 230/717
vt 0.94842 0.77836
vt 0.94733 0.77744
vt 0.94857 0.77736
f 238/877 308/878 198/879
vt 0.62862 0.11882
f 211/633 217/880 268/763
vt 0.05411 0.64970
f 154/80 282/881 179/430
f 172/797 214/799 206/714
vt 0.76883 0.44297
vt 0.76725 0.44178
f 191/757 233/882 261/883
vt 0.54272 0.65389
f 242/641 272/852 234/884
vt 0.82470 0.18778
vt 0.82644 0.18715
f 186/885 227/794 294/886
vt 0.73742 0.18966
vt 0.73607 0.18943
vt 0.73767 0.18917
f 193/887 341/888 188/889
vt 0.89522 0.64509
vt 0.89545 0.64185
vt 0.89638 0.64495
f 206/890 214/891 224/892
vt 0.37758 0.02044
vt 0.38064 0.02295
vt 0.37665 0.02184
f 254/893 317/894 203/895
vt 0.71943 0.07229
vt 0.71994 0.07011
vt 0.72239 0.07185
f 213/896 241/897 203/898
vt 0.86850 0.24487
f 182/846 225/845 262/899
vt 0.71756 0.07134
vt 0.71763 0.07015
f 213/896 238/900 237/901
f 213/896 237/901 241/897
vt 0.80440 0.45967
f 195/442 223/902 216/443
vt 0.22130 0.55012
vt 0.21972 0.54734
vt 0.22245 0.54539
f 228/903 272/904 255/905
vt 0.15105 0.37965
f 202/815 386/906 359/816
vt 0.67491 0.72444
vt 0.67358 0.72550
vt 0.67322 0.72297
f 186/907 248/908 318/909
vt 0.07597 0.69350
vt 0.07181 0.69524
vt 0.07281 0.69263
f 362/910 249/911 321/912
vt 0.07332 0.09757
vt 0.07767 0.09631
vt 0.07800 0.09808
f 181/913 221/914 273/915
vt 0.06249 0.70503
f 291/577 267/916 199/578
vt 0.07202 0.81465
vt 0.07166 0.81074
vt 0.07429 0.81196
f 179/917 297/918 222/919
vt 0.49491 0.24676
f 239/819 232/515 245/920
vt 0.97350 0.32837
vt 0.97446 0.32806
vt 0.97453 0.32896
f 208/921 308/922 237/923
vt 0.53795 0.64655
vt 0.54204 0.64725
f 173/640 255/924 418/925
vt 0.33253 0.97575
vt 0.33188 0.97665
vt 0.33182 0.97541
f 172/926 218/927 275/928
vt 0.58144 0.39293
vt 0.58145 0.38993
f 286/804 210/929 270/930
vt 0.85036 0.51643
vt 0.85032 0.51900
f 241/743 305/931 309/932
vt 0.26430 0.65470
vt 0.26451 0.64831
vt 0.26698 0.64878
f 156/933 295/934 122/935
vt 0.44513 0.43219
f 328/936 236/761 383/760
vt 0.17203 0.35105
f 177/289 356/937 246/409
vt 0.83530 0.35733
vt 0.83730 0.35739
f 193/591 201/938 341/939
vt 0.89673 0.64391
f 224/892 214/891 218/940
vt 0.85120 0.51754
f 309/932 305/931 299/941
vt 0.02706 0.34016
f 171/742 269/851 207/942
vt 0.13613 0.61746
f 113/294 280/943 252/295
vt 0.14459 0.62085
f 231/759 252/295 315/944
vt 0.54471 0.92186
vt 0.54490 0.91783
vt 0.54545 0.91878
f 226/945 248/946 264/947
vt 0.88097 0.28523
vt 0.87994 0.28891
vt 0.87980 0.28617
f 287/948 207/949 370/950
vt 0.47220 0.09289
f 202/624 246/492 375/951
vt 0.91886 0.59168
vt 0.91771 0.58965
vt 0.91872 0.59000
f 188/952 341/953 206/954
vt 0.26165 0.65192
f 156/933 326/955 295/934
vt 0.91794 0.10463
vt 0.91790 0.10206
vt 0.91932 0.10181
f 249/956 220/957 321/958
vt 0.54530 0.65088
f 234/884 272/852 332/959
vt 0.56469 0.81033
f 216/960 223/751 235/688
vt 0.32860 0.85057
vt 0.32912 0.85156
f 218/762 263/961 275/962
vt 0.86933 0.25285
vt 0.86801 0.25254
f 225/845 191/963 261/964
vt 0.72833 0.08239
vt 0.72793 0.08094
vt 0.72923 0.08048
f 257/965 250/966 248/967
vt 0.54357 0.91779
f 257/968 248/946 226/945
vt 0.55214 0.28178
f 312/629 251/969 270/854
vt 0.86430 0.48263
f 307/848 308/970 213/849
vt 0.69207 0.66563
vt 0.69495 0.66090
f 211/814 325/971 217/972
vt 0.54159 0.64901
f 173/640 418/925 281/973
vt 0.83691 0.35662
f 201/938 316/974 341/939
vt 0.47457 0.09119
f 202/624 375/951 386/975
vt 0.87579 0.15270
vt 0.87373 0.15209
vt 0.87523 0.14903
f 284/976 222/977 372/978
vt 0.73103 0.46610
vt 0.72926 0.46721
vt 0.72766 0.46307
f 220/979 249/980 362/981
vt 0.22036 0.54404
f 255/905 272/904 281/982
vt 0.38546 0.52904
vt 0.38641 0.52725
f 241/810 301/983 305/984
vt 0.06442 0.88107
vt 0.06018 0.88162
vt 0.06444 0.87701
f 219/985 295/986 266/987
vt 0.16212 0.34588
vt 0.15920 0.34645
vt 0.16101 0.34404
f 253/988 236/989 265/990
vt 0.05409 0.64902
f 282/780 260/824 277/991
vt 0.94068 0.21557
vt 0.93956 0.21710
vt 0.93997 0.21400
f 264/992 196/993 226/994
vt 0.21620 0.54976
vt 0.21959 0.54672
f 228/738 274/995 272/996
vt 0.88724 0.57493
vt 0.88488 0.57475
vt 0.88730 0.57354
f 182/997 262/998 271/999
vt 0.88815 0.57213
vt 0.88503 0.57189
vt 0.88677 0.56980
f 271/1000 266/1001 288/1002
vt 0.96189 0.51294
vt 0.96107 0.51365
vt 0.96102 0.51242
f 263/1003 218/1004 214/1005
f 272/852 173/640 281/973
vt 0.69451 0.23331
vt 0.69392 0.23748
vt 0.69207 0.23335
f 232/1006 244/1007 377/1008
vt 0.21855 0.55107
f 228/738 234/1009 274/995
f 209/248 268/707 269/851
vt 0.30212 0.71096
f 239/835 289/1010 229/836
vt 0.82528 0.18125
f 294/886 227/794 388/1011
vt 0.27302 0.88244
vt 0.27164 0.88301
vt 0.27253 0.88056
f 257/1012 264/1013 250/1014
vt 0.71792 0.06970
vt 0.71689 0.06771
f 241/897 237/1015 330/1016
vt 0.15976 0.34338
vt 0.16034 0.34349
f 236/989 328/1017 265/1018
vt 0.74713 0.61229
vt 0.75077 0.61245
f 247/807 285/1019 323/1020
vt 0.84948 0.81158
f 275/798 322/1021 214/799
vt 0.49598 0.24096
f 245/920 324/1022 239/819
vt 0.05443 0.64899
vt 0.05678 0.64771
f 282/881 279/1023 297/1024
f 282/881 297/1024 179/430
vt 0.54547 0.65376
f 234/884 332/959 274/1025
vt 0.73226 0.46453
vt 0.73273 0.46500
f 220/979 279/1026 282/1027
vt 0.02613 0.33550
f 207/942 269/851 370/1028
vt 0.92353 0.35941
f 225/873 261/1029 233/874
vt 0.73080 0.07958
vt 0.73018 0.08276
f 248/967 294/1030 264/1031
vt 0.98128 0.76335
vt 0.98162 0.76284
vt 0.98168 0.76321
f 260/1032 303/1033 277/1034
vt 0.91754 0.86093
vt 0.91762 0.85947
f 201/776 206/1035 373/1036
vt 0.46192 0.26104
f 240/703 377/1037 244/678
vt 0.25130 0.57111
vt 0.25079 0.56945
vt 0.25167 0.56854
f 278/1038 287/1039 2678/1040
vt 0.07458 0.68870
f 321/912 385/1041 362/910
vt 0.25197 0.57332
vt 0.25416 0.57004
vt 0.25426 0.57520
f 278/1042 395/1043 276/1044
vt 0.38483 0.03123
vt 0.38473 0.03266
f 212/500 423/1045 243/1046
f 242/671 325/971 211/814
vt 0.71965 0.06812
f 241/897 330/1016 301/1047
vt 0.05440 0.64868
f 297/1024 279/1023 277/1048
vt 0.05458 0.64832
f 297/1024 277/1048 303/1049
vt 0.30662 0.88468
vt 0.30645 0.88167
vt 0.30915 0.88309
f 284/1050 372/1051 357/1052
vt 0.70453 0.94946
vt 0.70389 0.94868
vt 0.70456 0.94755
f 328/1053 290/1054 265/1055
vt 0.71858 0.06645
f 301/1047 330/1016 314/1056
vt 0.99510 0.52137
vt 0.99526 0.52123
vt 0.99526 0.52145
f 277/1057 279/1058 280/1059
vt 0.98182 0.76310
vt 0.98182 0.76355
f 277/1034 280/1060 282/1061
vt 0.22305 0.54144
f 255/905 281/982 344/1062
vt 0.73214 0.46365
f 220/979 362/981 279/1063
vt 0.37611 0.01861
vt 0.37815 0.01796
vt 0.37832 0.01951
f 309/1064 403/1065 254/1066
vt 0.44266 0.62228
vt 0.43971 0.62166
f 353/1067 231/587 315/1068
vt 0.91909 0.85967
f 201/776 373/1036 316/1069
vt 0.23967 0.84628
vt 0.24125 0.84590
f 215/875 267/1070 307/1071
vt 0.30153 0.71136
f 289/1010 239/835 324/1072
vt 0.07198 0.81233
vt 0.07092 0.81301
vt 0.07191 0.81104
f 303/1073 279/1074 339/1075
vt 0.97904 0.42758
vt 0.97862 0.42796
vt 0.97853 0.42742
f 303/1076 280/1077 279/1078
vt 0.77314 0.20782
vt 0.77403 0.20590
f 262/1079 266/865 271/1080
vt 0.29972 0.84561
vt 0.30018 0.84730
vt 0.29789 0.84852
f 355/1081 288/1082 342/1083
vt 0.75192 0.61317
f 247/807 323/1020 354/1084
vt 0.25075 0.56671
f 287/1039 2692/1085 2678/1040
vt 0.38105 0.02175
f 254/1066 403/1065 317/1086
vt 0.85607 0.36199
vt 0.85770 0.36264
vt 0.85721 0.36434
f 263/1087 322/1088 275/1089
vt 0.92374 0.44266
vt 0.92119 0.44135
vt 0.92323 0.44035
f 326/1090 364/1091 295/1092
vt 0.97313 0.54451
vt 0.97281 0.54386
vt 0.97322 0.54367
f 305/1093 301/1094 310/1095
vt 0.07732 0.95828
vt 0.07872 0.95820
vt 0.07837 0.95922
f 298/1096 300/1097 305/1098
vt 0.37553 0.01734
f 309/1064 313/1099 403/1065
vt 0.55377 0.27964
f 345/1100 270/854 251/969
vt 0.87341 0.14845
f 222/977 304/1101 372/978
vt 0.28623 0.64665
vt 0.28414 0.64777
vt 0.28386 0.64562
f 237/1102 308/1103 330/1104
vt 0.06256 0.87648
f 266/987 295/986 288/1105
vt 0.39022 0.80624
f 243/710 423/1106 259/831
vt 0.46965 0.09435
f 246/492 356/1107 375/951
vt 0.15745 0.09938
f 284/860 411/1108 285/861
vt 0.47164 0.80337
vt 0.47372 0.80533
vt 0.47092 0.81105
f 388/1109 363/1110 294/1111
vt 0.13767 0.61625
f 252/295 280/943 424/1112
vt 0.63049 0.11497
f 217/880 365/1113 268/763
vt 0.91843 0.58838
f 206/954 341/953 373/1114
vt 0.44506 0.61939
vt 0.44874 0.61815
f 113/268 347/1115 280/1116
vt 0.07816 0.95687
f 298/1096 348/1117 300/1097
vt 0.71977 0.06738
vt 0.72091 0.06691
f 301/1118 314/1056 309/1119
vt 0.07227 0.81154
f 303/1073 339/1075 297/1120
vt 0.47245 0.81759
vt 0.47379 0.81342
f 264/1121 294/1111 319/1122
f 247/807 354/1084 311/744
vt 0.91779 0.10046
vt 0.91801 0.09917
f 282/1123 280/1124 220/957
vt 0.21560 0.54023
f 256/697 325/1125 242/857
vt 0.53429 0.52399
vt 0.53389 0.52791
vt 0.53020 0.52208
f 256/1126 379/1127 402/1128
vt 0.96264 0.80177
vt 0.96308 0.80001
vt 0.96360 0.80183
f 263/1129 397/1130 322/1131
vt 0.67373 0.72158
vt 0.67291 0.71930
f 227/1132 318/909 329/1133
vt 0.85118 0.51562
vt 0.85174 0.51572
f 299/941 305/1134 300/1135
vt 0.82350 0.18218
f 388/1011 227/794 329/1136
vt 0.97229 0.54361
vt 0.97251 0.54325
f 309/1137 299/1138 301/1094
vt 0.14228 0.62080
vt 0.14183 0.61675
f 315/1139 252/295 371/1140
vt 0.07880 0.68938
f 362/910 385/1041 427/1141
vt 0.47321 0.80960
f 294/1111 363/1110 327/1142
vt 0.71968 0.06646
f 309/1119 314/1056 310/1143
vt 0.96030 0.02451
vt 0.95909 0.02412
vt 0.95959 0.02302
f 316/1144 373/1145 340/1146
vt 0.67271 0.72818
vt 0.67080 0.72695
vt 0.67347 0.72653
f 250/1147 292/1148 248/1149
vt 0.55419 0.27580
vt 0.55143 0.27458
f 345/1150 251/969 473/1151
vt 0.47312 0.90417
vt 0.47214 0.90566
f 284/813 357/1152 411/1153
vt 0.38389 0.02790
vt 0.38516 0.03008
f 423/1045 212/1154 401/1155
vt 0.15594 0.38142
f 359/816 386/906 430/1156
f 301/1094 299/1138 310/1095
vt 0.45894 0.25491
vt 0.46132 0.25509
f 229/1157 302/1158 240/703
vt 0.13901 0.61702
vt 0.14069 0.61554
f 252/295 424/1159 371/1160
vt 0.69347 0.23109
f 232/1006 377/1008 245/1161
vt 0.25722 0.57704
f 260/645 276/1044 303/1162
vt 0.54345 0.64405
f 255/924 404/1163 418/925
vt 0.25170 0.57055
vt 0.25190 0.56898
f 278/1164 2678/1165 395/1043
vt 0.54982 0.28113
f 312/629 429/1166 251/969
vt 0.96869 0.46709
vt 0.96864 0.46747
vt 0.96805 0.46723
f 305/1167 310/1168 376/1169
vt 0.97268 0.54322
f 299/1138 313/1170 310/1095
vt 0.26982 0.87968
f 250/1014 264/1013 319/1171
vt 0.43910 0.61802
f 315/1068 413/1172 353/1067
vt 0.99036 0.40813
vt 0.99002 0.40790
vt 0.99036 0.40758
f 229/1173 289/1174 293/1175
vt 0.47471 0.08664
f 386/975 375/951 320/1176
vt 0.31045 0.98889
vt 0.31043 0.98953
vt 0.31038 0.98897
f 310/1177 313/1178 309/1179
vt 0.38778 0.52500
vt 0.38649 0.52504
f 298/1180 305/984 366/1181
vt 0.94621 0.30084
vt 0.94652 0.30047
vt 0.94682 0.30128
f 290/1182 429/1183 265/1184
vt 0.14550 0.61603
vt 0.14672 0.61919
f 315/944 470/1185 337/1186
vt 0.43988 0.44376
f 311/528 354/1187 383/760
vt 0.73127 0.45867
vt 0.73114 0.46200
f 362/981 461/1188 279/1189
vt 0.71962 0.06632
vt 0.71920 0.06471
f 310/1190 314/1056 376/1191
vt 0.19756 0.72384
vt 0.19755 0.72208
vt 0.20078 0.72229
f 306/1192 334/1193 333/1194
vt 0.07579 0.09390
vt 0.07923 0.08653
vt 0.08288 0.08844
f 194/1195 258/1196 570/1197
vt 0.93240 0.54338
vt 0.93437 0.54148
vt 0.93417 0.54389
f 290/1198 335/1199 429/1200
vt 0.82093 0.63996
vt 0.82222 0.63784
vt 0.82212 0.63963
f 299/1201 300/1202 313/1203
vt 0.07021 0.69207
vt 0.06986 0.68941
vt 0.07150 0.69144
f 220/1204 280/1205 321/1206
vt 0.29960 0.85206
f 288/1082 295/1207 342/1083
f 272/852 418/925 332/959
vt 0.96857 0.46607
f 305/1167 376/1169 366/1208
vt 0.58072 0.38590
vt 0.58105 0.38271
f 345/1209 436/1210 270/930
f 221/914 194/1195 570/1197
vt 0.82242 0.63895
f 313/1203 300/1202 376/1211
vt 0.44625 0.42919
vt 0.44587 0.42741
f 290/1212 328/936 335/1213
vt 0.45921 0.25419
vt 0.46029 0.25151
f 229/1214 293/1215 302/1158
vt 0.16426 0.34459
vt 0.16649 0.34365
f 230/829 286/1216 506/1217
vt 0.98197 0.21111
vt 0.98131 0.21127
vt 0.98147 0.21012
f 287/1218 349/1219 2692/1220
vt 0.07337 0.80722
f 297/918 304/1221 222/919
vt 0.87410 0.14451
f 372/978 304/1101 416/1222
f 315/944 371/1140 470/1185
vt 0.25026 0.56456
vt 0.25220 0.56651
f 2692/1085 336/1223 2677/1224
vt 0.44254 0.42145
f 328/936 392/1225 335/1213
vt 0.29662 0.85084
f 364/1226 342/1083 295/1207
vt 0.82244 0.63827
f 300/1202 366/1227 376/1211
vt 0.38182 0.01633
f 403/1065 434/1228 317/1086
vt 0.16216 0.93748
vt 0.16106 0.93565
vt 0.16244 0.93605
f 248/1229 327/1230 318/1231
vt 0.22808 0.96664
vt 0.22827 0.96765
vt 0.22757 0.96689
f 336/1232 2692/1233 346/1234
vt 0.82226 0.24135
vt 0.82104 0.23937
vt 0.82331 0.23858
f 300/1235 405/1236 366/1237
vt 0.07201 0.68855
f 321/1206 280/1205 385/1238
vt 0.08421 0.61625
f 283/531 359/1239 258/727
vt 0.86218 0.42953
vt 0.86421 0.43175
vt 0.86222 0.43591
f 352/1240 432/1241 350/1242
f 2678/1040 2692/1085 2677/1224
vt 0.56317 0.93589
vt 0.56437 0.93381
vt 0.56416 0.93607
f 316/1243 340/1244 341/1245
vt 0.95996 0.84979
vt 0.95953 0.85064
vt 0.95914 0.85043
f 303/1246 424/1247 280/1248
vt 0.62434 0.29640
vt 0.62871 0.29815
vt 0.62602 0.29947
f 221/1249 440/1250 273/1251
vt 0.73140 0.46162
f 279/1189 461/1188 339/1252
vt 0.16207 0.93377
f 318/1231 327/1230 363/1253
vt 0.07139 0.81043
vt 0.07218 0.80948
f 339/1075 461/1254 338/1255
vt 0.74851 0.60847
f 323/1020 285/1019 407/1256
vt 0.37861 0.01585
vt 0.37562 0.01622
vt 0.37572 0.01476
f 403/1257 313/1258 391/1259
vt 0.67140 0.72481
f 248/1149 292/1148 327/1260
vt 0.82367 0.18106
f 329/1136 374/1261 388/1011
vt 0.21620 0.54247
f 274/995 645/1262 272/996
vt 0.53945 0.64371
f 255/924 344/1263 404/1163
vt 0.67207 0.71744
vt 0.67304 0.71441
f 329/1133 369/1264 374/1265
vt 0.27233 0.87904
vt 0.27117 0.87693
f 250/1266 319/1171 292/1267
vt 0.26662 0.63966
vt 0.26776 0.63787
f 291/777 355/1268 367/1269
vt 0.87998 0.28231
vt 0.87999 0.27973
vt 0.88046 0.28131
f 370/1270 349/1271 287/1272
vt 0.05523 0.64639
vt 0.05571 0.64531
vt 0.05625 0.64534
f 339/1273 368/1274 360/1275
f 339/1273 360/1275 297/1024
vt 0.54863 0.28841
f 312/629 265/1276 429/1166
vt 0.90464 0.39157
vt 0.90488 0.38924
vt 0.90609 0.39123
f 289/1277 381/1278 293/1279
vt 0.92907 0.79848
vt 0.92963 0.79974
vt 0.92874 0.79945
f 327/1280 319/1281 294/1282
vt 0.93094 0.79861
f 327/1280 292/1283 319/1281
vt 0.51381 0.69490
vt 0.51059 0.69489
vt 0.51297 0.69296
f 298/1284 366/1285 348/1286
vt 0.07299 0.80945
vt 0.07321 0.80836
f 339/1287 338/1255 368/1288
vt 0.51209 0.69295
vt 0.50919 0.68942
vt 0.51359 0.68900
f 348/1289 485/1290 391/1291
vt 0.29873 0.61669
vt 0.30206 0.62227
f 259/693 423/1292 326/1293
vt 0.57443 0.64797
vt 0.57277 0.64623
vt 0.57486 0.64574
f 291/1294 367/1295 267/1296
vt 0.82156 0.24032
f 300/1235 348/1297 405/1236
vt 0.67117 0.72138
f 318/909 363/1298 329/1133
vt 0.15100 0.37529
vt 0.15033 0.37110
vt 0.15494 0.37346
f 386/1299 320/1300 540/1301
vt 0.54079 0.63837
vt 0.54149 0.64123
vt 0.53946 0.64290
f 331/1302 404/1303 344/1304
vt 0.95241 0.24618
vt 0.95333 0.24582
vt 0.95340 0.24667
f 340/1305 534/1306 341/1307
vt 0.38509 0.02212
vt 0.38656 0.02615
f 317/894 592/1308 401/1309
vt 0.53968 0.63928
f 344/1304 343/1310 331/1302
vt 0.88551 0.99385
vt 0.88534 0.99407
vt 0.88533 0.99362
f 346/1311 2692/1312 351/1313
vt 0.62612 0.85470
vt 0.62567 0.85484
vt 0.62514 0.85292
f 336/1314 351/1315 406/1316
vt 0.25045 0.56228
f 336/1223 406/1317 2677/1224
vt 0.55415 0.26863
f 345/1150 473/1151 382/1318
vt 0.07029 0.68773
f 280/1205 378/1319 385/1238
vt 0.47292 0.08002
vt 0.47564 0.07847
f 320/1176 476/1320 415/1321
vt 0.72142 0.06406
vt 0.71913 0.06234
f 313/1322 376/1191 405/1323
vt 0.21236 0.54344
f 256/697 452/1324 325/1125
vt 0.15578 0.09500
f 285/861 411/1108 422/1325
vt 0.72217 0.06229
f 313/1322 405/1323 391/1326
vt 0.91957 0.93476
vt 0.91903 0.93311
vt 0.92001 0.93299
f 272/1327 645/1328 418/1329
vt 0.25631 0.57205
f 276/1044 361/1330 303/1162
f 212/1154 317/894 401/1309
vt 0.01829 0.33586
f 268/707 471/1331 269/851
f 418/925 404/1163 332/959
vt 0.25255 0.56700
f 2678/1165 349/1332 395/1043
f 276/1044 395/1043 361/1330
vt 0.95447 0.03298
vt 0.95490 0.03182
vt 0.95501 0.03470
f 475/1333 399/1334 296/1335
vt 0.07284 0.80834
f 368/1288 338/1255 384/1336
vt 0.95286 0.24483
f 340/1305 467/1337 534/1306
f 251/969 429/1166 473/1151
vt 0.58406 0.38949
f 270/930 390/1338 286/804
vt 0.57162 0.65238
vt 0.57005 0.64397
vt 0.57287 0.64738
f 355/1339 512/1340 367/1341
vt 0.08629 0.98926
vt 0.08627 0.98875
vt 0.08674 0.98875
f 345/1342 382/1343 436/1344
vt 0.94794 0.86691
vt 0.94717 0.86432
vt 0.94844 0.86462
f 296/1345 387/1346 475/1347
vt 0.90722 0.38972
f 381/1278 387/1348 293/1279
vt 0.78688 0.95129
vt 0.78645 0.95058
vt 0.78721 0.95065
f 340/1349 373/1350 467/1351
vt 0.57536 0.64255
vt 0.57535 0.64391
vt 0.57355 0.64309
f 307/1352 267/1353 512/1354
vt 0.15235 0.36490
f 320/1300 419/1355 540/1301
vt 0.32824 0.84741
vt 0.32729 0.84931
f 397/1356 263/961 214/1357
vt 0.81968 0.24127
vt 0.82130 0.23993
f 391/1358 405/1236 348/1359
vt 0.83500 0.08360
vt 0.83477 0.08624
vt 0.83472 0.07856
f 347/1360 353/1361 494/1362
vt 0.05632 0.64503
vt 0.05729 0.64462
f 360/1363 304/1364 297/1024
f 270/930 436/1210 390/1338
f 375/951 476/1320 320/1176
vt 0.43942 0.44113
f 383/760 354/1187 398/1365
vt 0.07238 0.80857
f 338/1255 360/1366 384/1336
vt 0.92192 0.57010
vt 0.92262 0.56598
vt 0.92329 0.56762
f 296/1367 399/1368 387/1369
vt 0.71741 0.06409
f 314/1056 496/1370 376/1191
vt 0.88483 0.49610
vt 0.88466 0.49349
vt 0.88682 0.49366
f 350/1371 478/1372 352/1373
vt 0.07175 0.80736
f 338/1255 304/1374 360/1366
vt 0.57610 0.64029
vt 0.57534 0.64155
vt 0.57407 0.64104
f 308/1375 307/1376 589/1377
vt 0.07001 0.80976
f 461/1378 304/1374 338/1255
vt 0.49849 0.23646
vt 0.49681 0.23418
f 289/1379 324/1022 426/1380
f 329/1133 363/1298 369/1264
vt 0.98335 0.69266
vt 0.98305 0.69227
vt 0.98329 0.69217
f 360/1381 368/1382 380/1383
vt 0.92153 0.59694
vt 0.92153 0.59380
vt 0.92320 0.59568
f 337/1384 470/1385 413/1386
vt 0.92218 0.59845
f 337/1384 413/1386 315/1387
vt 0.10359 0.93737
vt 0.10363 0.93601
vt 0.10373 0.93625
f 360/1388 380/1389 384/1390
vt 0.57457 0.64418
f 267/1353 367/1391 512/1354
f 366/1285 485/1290 348/1286
vt 0.30451 0.61720
vt 0.30378 0.62253
f 326/1293 651/1392 364/1393
vt 0.87625 0.14501
f 372/978 416/1222 444/1394
vt 0.83449 0.04840
vt 0.83619 0.04941
vt 0.83593 0.05090
f 382/1395 417/1396 436/1397
vt 0.01425 0.34169
f 365/1398 471/1331 268/707
vt 0.02351 0.33453
f 269/851 410/1399 370/1028
vt 0.49882 0.23231
f 289/1379 426/1380 381/1400
vt 0.28415 0.64377
vt 0.28289 0.64356
vt 0.28199 0.64146
f 314/1401 330/1402 496/1403
vt 0.25157 0.55911
f 406/1317 414/1404 2677/1224
vt 0.22247 0.53778
vt 0.22297 0.54051
f 281/982 343/1405 344/1406
vt 0.19760 0.71967
f 334/1193 358/1407 333/1194
f 386/906 540/1301 430/1156
vt 0.14980 0.36874
vt 0.14976 0.36748
f 320/1408 415/1409 419/1355
vt 0.38557 0.01864
f 317/1086 434/1228 592/1410
vt 0.90495 0.38724
vt 0.90687 0.38795
f 381/1278 475/1411 387/1412
vt 0.80586 0.39707
vt 0.80494 0.39629
vt 0.80576 0.39426
f 245/1413 377/1414 324/1415
f 240/703 302/1158 377/1037
vt 0.72682 0.45889
vt 0.72887 0.45593
f 427/1416 411/1417 362/981
vt 0.51716 0.40928
vt 0.51898 0.40811
vt 0.52104 0.41092
f 333/1418 464/1419 306/1420
vt 0.92597 0.69335
vt 0.92706 0.69418
vt 0.92591 0.69542
f 388/1421 369/1422 363/1423
vt 0.88105 0.73906
vt 0.87980 0.73911
vt 0.88012 0.73626
f 411/1424 352/1425 422/1426
vt 0.52199 0.40739
f 306/1420 464/1419 334/1427
vt 0.96500 0.21810
vt 0.96464 0.21649
vt 0.96587 0.21691
f 273/1428 440/1429 438/1430
vt 0.44556 0.61458
f 347/1115 494/1431 280/1116
vt 0.99507 0.01963
vt 0.99516 0.01935
vt 0.99519 0.01967
f 389/1432 354/1433 380/1434
vt 0.44842 0.61615
f 280/1116 494/1431 378/1435
vt 0.16732 0.34442
vt 0.16994 0.34841
f 230/829 506/1436 356/1437
vt 0.10312 0.93418
vt 0.10365 0.93498
f 354/1438 393/1439 380/1389
vt 0.99200 0.51483
vt 0.99166 0.51471
vt 0.99190 0.51460
f 380/1440 368/1441 389/1442
vt 0.03371 0.88840
vt 0.03393 0.88371
vt 0.03426 0.88682
f 341/1443 534/1444 373/1445
vt 0.72025 0.00721
vt 0.72065 0.00369
vt 0.72258 0.00390
f 333/1446 358/1447 479/1448
f 380/1389 393/1439 384/1390
vt 0.28099 0.64940
f 308/1103 589/1449 330/1104
vt 0.13842 0.61282
vt 0.13954 0.61305
f 371/1160 424/1450 505/1451
vt 0.47018 0.08363
f 476/1320 375/951 506/1452
vt 0.62572 0.28655
f 221/1249 570/1453 440/1250
vt 0.86476 0.42966
f 432/1241 352/1240 525/1454
f 326/1293 423/1292 651/1392
vt 0.75092 0.61004
f 323/1020 407/1256 398/1455
vt 0.56843 0.65343
vt 0.56495 0.65378
vt 0.56588 0.64986
f 342/1456 364/1457 651/1458
f 342/1456 651/1458 355/1339
vt 0.44397 0.61506
f 413/1172 494/1459 353/1067
vt 0.28027 0.64034
vt 0.28200 0.63977
vt 0.28313 0.64100
f 496/1460 405/1461 376/1462
vt 0.28025 0.71217
vt 0.27879 0.71578
vt 0.27642 0.71347
f 350/1463 432/1464 478/1465
vt 0.63013 0.10736
vt 0.63156 0.11197
f 365/1113 511/1466 471/1467
vt 0.84952 0.81109
vt 0.84940 0.80766
vt 0.85060 0.80860
f 322/1468 397/1469 214/1470
vt 0.44029 0.43138
f 328/936 383/760 442/1471
vt 0.10378 0.93539
f 384/1390 393/1439 389/1472
vt 0.27959 0.64467
f 330/1402 488/1473 496/1460
vt 0.98917 0.20023
vt 0.98953 0.19994
vt 0.98930 0.20034
f 389/1474 368/1475 384/1476
f 362/981 411/1417 461/1188
vt 0.24930 0.55534
f 406/1317 394/1477 414/1404
vt 0.72162 0.00630
f 333/1446 479/1448 577/1478
vt 0.44843 0.61343
f 378/1435 494/1431 458/1479
vt 0.97800 0.13936
vt 0.97725 0.13950
vt 0.97746 0.13843
f 2678/1480 2679/1481 406/1482
vt 0.62524 0.84922
vt 0.62330 0.85225
vt 0.62415 0.84651
f 406/1483 462/1484 394/1485
vt 0.75216 0.93478
vt 0.75265 0.93446
vt 0.75237 0.93541
f 374/1486 400/1487 388/1488
vt 0.08661 0.61461
f 258/727 359/1239 480/1489
vt 0.08927 0.61463
f 258/727 480/1489 466/1490
vt 0.51327 0.59860
vt 0.51179 0.60211
vt 0.50761 0.59791
f 379/1491 273/1492 721/1493
vt 0.07103 0.68719
vt 0.07233 0.68652
f 378/1494 457/1495 385/1238
vt 0.46045 0.24660
vt 0.46224 0.24701
f 387/1496 425/1497 293/1215
vt 0.50868 0.69438
f 366/1285 541/1498 485/1290
vt 0.93621 0.47815
vt 0.93555 0.47740
vt 0.93599 0.47631
f 396/1499 455/1500 408/1501
vt 0.51226 0.59189
vt 0.51023 0.58977
f 402/1502 379/1491 627/1503
vt 0.10350 0.93331
f 354/1438 323/1504 393/1439
vt 0.58391 0.38729
f 436/1210 474/1505 390/1338
f 375/951 356/1107 506/1452
vt 0.21478 0.54709
f 274/995 332/1506 645/1262
vt 0.30823 0.87863
f 357/1052 372/1051 444/1507
vt 0.94252 0.26382
vt 0.94215 0.26073
vt 0.94272 0.26137
f 357/1508 444/1509 451/1510
vt 0.88061 0.20889
vt 0.87954 0.20994
vt 0.87963 0.20824
f 412/1511 431/1512 421/1513
vt 0.10384 0.93372
f 323/1504 398/1514 393/1439
vt 0.88209 0.20804
f 421/1513 408/1515 412/1511
vt 0.08433 0.61250
f 359/1239 430/1516 480/1489
vt 0.80397 0.39559
vt 0.80323 0.39330
f 377/1517 302/1518 324/1415
vt 0.53165 0.51421
f 256/1126 402/1128 452/1519
vt 0.99095 0.07730
vt 0.99088 0.07677
vt 0.99113 0.07699
f 393/1520 398/1521 389/1522
vt 0.57170 0.97603
vt 0.57139 0.97696
vt 0.57126 0.97567
f 354/1523 389/1524 398/1525
vt 0.88106 0.21015
f 431/1512 412/1511 409/1526
vt 0.45772 0.16272
vt 0.45849 0.16115
vt 0.45899 0.16198
f 357/1527 501/1528 411/1529
vt 0.47561 0.07170
f 415/1321 476/1320 460/1530
vt 0.58871 0.51285
vt 0.59144 0.51093
vt 0.59214 0.51595
f 407/1531 442/1532 398/1533
vt 0.88550 0.49071
f 352/1373 478/1372 422/1534
vt 0.00031 0.27607
vt 0.00286 0.27293
vt 0.00252 0.27665
f 333/1535 577/1536 515/1537
vt 0.21902 0.54179
f 281/982 418/1538 343/1405
vt 0.88166 0.20985
vt 0.88283 0.20991
f 409/1539 408/1515 469/1540
vt 0.83512 0.11311
vt 0.83415 0.11089
vt 0.83525 0.11204
f 415/1541 460/1542 439/1543
vt 0.52801 0.51199
f 402/1128 481/1544 452/1519
vt 0.00083 0.52060
vt 0.00068 0.51979
vt 0.00168 0.52077
f 303/1545 361/1546 424/1547
vt 0.51595 0.40577
f 333/1418 515/1548 464/1419
vt 0.89307 0.87372
vt 0.89036 0.87406
vt 0.89208 0.87308
f 357/1549 451/1550 501/1551
vt 0.88005 0.20531
f 421/1513 396/1552 408/1515
vt 0.68465 0.21041
vt 0.68490 0.20760
vt 0.68891 0.20878
f 390/1553 474/1554 508/1555
vt 0.96523 0.41251
vt 0.96467 0.41447
vt 0.96472 0.41319
f 374/1556 369/1557 446/1558
f 307/1376 512/1340 589/1377
vt 0.52158 0.29574
vt 0.52079 0.29461
vt 0.52135 0.29217
f 396/1559 435/1560 445/1561
vt 0.94740 0.91316
vt 0.94818 0.91087
vt 0.94825 0.91315
f 388/1562 446/1563 369/1564
vt 0.02814 0.33236
vt 0.02640 0.33387
vt 0.02489 0.33238
f 349/1565 370/1566 410/1567
vt 0.02701 0.33107
f 349/1565 410/1567 2679/1568
vt 0.92567 0.33264
vt 0.92574 0.32891
vt 0.92650 0.33174
f 396/1569 421/1570 450/1571
vt 0.50083 0.22771
vt 0.49949 0.22844
vt 0.50155 0.22378
f 399/1572 475/1573 491/1574
vt 0.92590 0.33360
f 396/1569 450/1571 435/1575
vt 0.69619 0.65834
vt 0.69522 0.65618
vt 0.69707 0.65422
f 365/1576 500/1577 511/1578
vt 0.36949 0.00297
vt 0.37201 0.00218
vt 0.37061 0.00395
f 396/1579 445/1580 455/1581
vt 0.82137 0.23595
f 366/1237 405/1236 496/1582
vt 0.37829 0.01181
vt 0.37518 0.01164
vt 0.37957 0.00921
f 403/1583 391/1584 529/1585
f 379/1491 721/1493 627/1503
vt 0.25404 0.56637
f 349/1332 2679/1586 395/1043
vt 0.46202 0.23865
f 387/1496 532/1587 425/1497
vt 0.94465 0.69099
vt 0.94575 0.69096
vt 0.94547 0.69236
f 399/1588 491/1589 532/1590
vt 0.94752 0.90945
vt 0.94818 0.91008
f 388/1562 400/1591 446/1592
vt 0.62343 0.85660
f 406/1316 2679/1593 462/1484
vt 0.95079 0.57689
vt 0.95027 0.57831
vt 0.95013 0.57589
f 409/1594 469/1595 431/1596
vt 0.02100 0.33486
f 410/1597 269/851 471/1331
vt 0.50824 0.60279
f 273/1492 438/1598 721/1493
vt 0.97255 0.73598
vt 0.97321 0.73644
vt 0.97252 0.73716
f 409/1599 437/1600 408/1601
vt 0.83598 0.04508
vt 0.83620 0.04799
f 382/1395 490/1602 417/1603
vt 0.44244 0.41298
vt 0.44582 0.41580
f 392/1225 628/1604 335/1605
f 355/1339 651/1458 512/1340
vt 0.98190 0.00371
vt 0.98144 0.00377
vt 0.98149 0.00325
f 408/1606 433/1607 412/1608
vt 0.97300 0.73715
f 408/1601 437/1600 433/1609
vt 0.89021 0.87312
f 501/1551 451/1550 453/1610
vt 0.94835 0.10684
vt 0.94767 0.10487
vt 0.94869 0.10433
f 525/1611 352/1612 449/1613
vt 0.60792 0.12188
vt 0.60842 0.12746
vt 0.60577 0.12581
f 358/1614 334/1615 680/1616
vt 0.88063 0.20915
vt 0.88142 0.20940
f 409/1526 412/1617 437/1618
f 365/1576 217/972 500/1577
vt 0.72979 0.45486
f 411/1417 501/1619 461/1188
vt 0.82160 0.23308
f 366/1237 496/1582 541/1620
vt 0.46312 0.24934
f 293/1215 426/1621 302/1158
vt 0.25535 0.56951
vt 0.25587 0.56850
f 395/1622 448/1623 361/1330
vt 0.68854 0.21259
vt 0.68425 0.21513
f 390/1553 568/1624 286/1625
vt 0.54673 0.64714
f 404/1163 584/1626 332/959
vt 0.51342 0.68493
f 391/1291 485/1290 529/1627
vt 0.27644 0.71879
vt 0.27453 0.71724
f 525/1628 533/1629 432/1464
vt 0.00233 0.52084
vt 0.00222 0.51806
vt 0.00484 0.51658
f 424/1630 361/1631 505/1632
vt 0.15794 0.08390
vt 0.15355 0.08091
f 407/1633 285/861 519/1634
vt 0.46097 0.24331
vt 0.46056 0.24176
f 387/1635 399/1636 532/1587
vt 0.25385 0.56391
f 2677/1224 414/1404 456/1637
vt 0.87954 0.49972
vt 0.87991 0.49652
vt 0.88050 0.49748
f 427/1638 468/1639 411/1640
vt 0.92262 0.59337
f 470/1385 514/1641 413/1386
f 293/1215 425/1497 426/1621
vt 0.80501 0.39079
f 302/1518 426/1642 324/1415
vt 0.67190 0.71333
vt 0.67205 0.71150
f 374/1265 446/1643 428/1644
vt 0.67304 0.71190
f 374/1265 428/1644 400/1645
vt 0.49685 0.23312
vt 0.49727 0.23138
f 381/1400 426/1646 503/1647
vt 0.83396 0.04420
f 382/1395 573/1648 490/1602
vt 0.37030 0.00423
vt 0.36966 0.00810
vt 0.36825 0.00505
f 455/1649 517/1650 408/1651
vt 0.50175 0.21913
f 491/1574 475/1573 510/1652
vt 0.27634 0.72131
vt 0.27449 0.72029
f 420/1653 542/1654 525/1628
vt 0.60451 0.87776
vt 0.60388 0.87932
vt 0.60395 0.87749
f 594/1655 335/1656 526/1657
vt 0.25487 0.56730
f 2679/1586 448/1658 395/1043
vt 0.37963 0.01323
vt 0.38354 0.01302
f 403/1659 529/1585 434/1660
vt 0.89334 0.86903
vt 0.89277 0.87132
vt 0.89160 0.86893
f 352/1661 411/1662 449/1663
vt 0.64461 0.02813
vt 0.64771 0.02509
vt 0.64746 0.02830
f 480/1664 477/1665 466/1666
vt 0.69088 0.88241
vt 0.69053 0.88194
vt 0.69163 0.88131
f 412/1667 433/1668 450/1669
vt 0.97265 0.83556
vt 0.97229 0.83498
vt 0.97325 0.83515
f 412/1670 450/1671 437/1672
vt 0.97669 0.49285
vt 0.97636 0.49179
vt 0.97679 0.49145
f 435/1673 450/1674 433/1675
vt 0.49750 0.23020
f 381/1400 503/1676 475/1573
vt 0.15444 0.08964
f 285/861 422/1325 447/1677
vt 0.62936 0.29010
f 570/1453 701/1678 440/1250
vt 0.37260 0.00322
f 445/1580 689/1679 455/1581
vt 0.89151 0.87187
vt 0.89088 0.87018
f 411/1662 468/1680 498/1681
vt 0.73073 0.45405
f 501/1619 454/1682 461/1188
vt 0.78649 0.94738
vt 0.78738 0.94829
f 373/1350 531/1683 467/1684
vt 0.73309 0.45797
vt 0.73299 0.45515
f 304/1685 461/1188 451/1686
vt 0.73345 0.45709
f 304/1685 451/1686 416/1687
vt 0.75316 0.93363
vt 0.75384 0.93371
vt 0.75309 0.93595
f 400/1688 472/1689 446/1690
vt 0.78608 0.94793
f 373/1350 534/1691 531/1683
f 383/760 398/1365 442/1471
vt 0.89044 0.74435
vt 0.89019 0.74276
vt 0.89148 0.74101
f 510/1692 482/1693 443/1694
f 285/861 447/1677 519/1634
vt 0.45920 0.15938
vt 0.45983 0.16120
f 501/1528 453/1695 468/1696
vt 0.93935 0.71761
vt 0.93863 0.71534
vt 0.94031 0.71523
f 491/1697 510/1698 483/1699
vt 0.07892 0.68530
f 385/1041 468/1700 427/1141
vt 0.07850 0.68392
f 385/1041 501/1701 468/1700
vt 0.40020 0.95781
vt 0.40157 0.95701
vt 0.40134 0.95866
f 464/1702 515/1703 441/1704
vt 0.69054 0.88317
vt 0.68959 0.88331
f 433/1668 437/1705 469/1706
vt 0.51951 0.29755
vt 0.51550 0.29399
f 433/1707 634/1708 435/1560
vt 0.69156 0.88190
vt 0.69222 0.88261
f 450/1709 421/1710 437/1705
vt 0.89637 0.41543
vt 0.89607 0.41396
vt 0.89658 0.41326
f 378/1711 458/1712 486/1713
vt 0.07346 0.68608
vt 0.07522 0.68411
f 457/1714 557/1715 385/1041
f 411/1662 498/1681 449/1663
vt 0.87688 0.14332
f 444/1394 416/1222 487/1716
vt 0.39320 0.02501
vt 0.39140 0.02182
vt 0.39296 0.01983
f 358/1717 522/1718 652/1719
vt 0.60616 0.87756
f 594/1655 507/1720 335/1656
vt 0.69149 0.88424
f 469/1706 437/1705 431/1721
vt 0.50800 0.69400
vt 0.50676 0.69204
f 485/1290 541/1722 517/1723
vt 0.44074 0.61469
f 413/1172 602/1724 494/1459
vt 0.96882 0.67818
vt 0.96804 0.67825
vt 0.96812 0.67714
f 456/1725 448/1726 2679/1727
vt 0.36749 0.00766
f 408/1651 517/1650 469/1728
vt 0.21671 0.53759
vt 0.21455 0.53162
f 217/1729 325/1125 500/1730
vt 0.29706 0.61406
vt 0.29711 0.61199
vt 0.29893 0.61201
f 401/1731 565/1732 607/1733
vt 0.73215 0.45482
f 461/1188 454/1682 451/1734
vt 0.81754 0.19813
vt 0.81556 0.20028
vt 0.81625 0.19655
f 2679/1735 410/1736 539/1737
f 328/936 442/1471 392/1225
vt 0.92573 0.19001
vt 0.92530 0.18785
vt 0.92641 0.19028
f 400/1738 534/1739 472/1740
f 423/1292 401/1731 607/1733
f 431/1721 437/1705 421/1710
vt 0.00072 0.51275
vt 0.00169 0.50835
vt 0.00172 0.51370
f 456/1741 462/1742 463/1743
vt 0.60843 0.11618
vt 0.60488 0.11598
f 522/1744 358/1614 836/1745
vt 0.97559 0.07140
vt 0.97509 0.07076
vt 0.97558 0.06987
f 378/1746 486/1747 457/1748
vt 0.07424 0.80377
vt 0.07082 0.80490
vt 0.07257 0.80357
f 416/1749 451/1750 487/1751
vt 0.92628 0.18624
f 534/1739 467/1752 472/1740
vt 0.78738 0.94707
f 467/1684 531/1683 502/1753
vt 0.58788 0.50749
f 407/1531 745/1754 442/1532
vt 0.00513 0.51609
vt 0.00276 0.51209
f 505/1755 463/1743 2679/1756
vt 0.67331 0.70908
vt 0.67305 0.70721
f 400/1757 428/1644 492/1758
f 2679/1756 463/1743 462/1742
vt 0.00099 0.51536
f 463/1743 505/1632 448/1759
vt 0.89198 0.74416
f 510/1692 443/1694 483/1760
f 390/1553 508/1555 568/1624
vt 0.44520 0.40965
f 335/1605 628/1604 526/1761
vt 0.00131 0.51705
f 448/1759 505/1632 361/1762
vt 0.19996 0.71377
vt 0.20156 0.71674
f 358/1407 618/1763 479/1764
vt 0.51892 0.29990
f 433/1707 469/1765 634/1708
vt 0.00151 0.26950
vt 0.00227 0.27061
f 479/1766 509/1767 577/1536
f 463/1743 448/1759 456/1741
vt 0.60625 0.87927
vt 0.60588 0.88107
f 335/1656 473/1768 429/1769
vt 0.43857 0.61775
vt 0.43771 0.61635
vt 0.43818 0.61564
f 413/1770 514/1771 543/1772
vt 0.58071 0.37590
vt 0.58288 0.38136
f 436/1210 417/1773 474/1774
vt 0.62669 0.88398
vt 0.62484 0.88380
vt 0.62487 0.88119
f 420/1775 525/1776 498/1777
vt 0.54199 0.63703
vt 0.54275 0.63734
f 465/1778 588/1779 331/1302
vt 0.60310 0.03064
vt 0.60364 0.03342
vt 0.60214 0.03029
f 422/1780 478/1781 489/1782
vt 0.98957 0.42064
vt 0.98957 0.42017
vt 0.98999 0.42029
f 371/1783 513/1784 470/1785
vt 0.63173 0.30248
vt 0.63319 0.30166
f 438/1786 440/1250 558/1787
vt 0.49934 0.22007
f 475/1573 521/1788 510/1652
vt 0.62598 0.88037
f 420/1775 498/1777 617/1789
vt 0.00755 0.50807
f 505/1755 2679/1756 539/1790
vt 0.92173 0.05797
vt 0.92244 0.05907
vt 0.92189 0.06252
f 467/1791 492/1792 472/1793
vt 0.05940 0.50218
vt 0.06199 0.49773
vt 0.06194 0.50110
f 494/1794 486/1795 458/1796
vt 0.60584 0.87879
f 335/1656 507/1797 473/1768
vt 0.00088 0.51095
vt 0.00069 0.51050
f 456/1798 414/1799 462/1742
vt 0.15469 0.07506
f 407/1633 519/1634 745/1800
vt 0.63352 0.30431
f 438/1786 558/1787 484/1801
vt 0.00672 0.52078
vt 0.00941 0.51609
f 371/1802 505/1755 513/1803
vt 0.14911 0.36200
vt 0.14952 0.35521
f 415/1804 587/1805 419/1355
vt 0.30865 0.87823
vt 0.30874 0.87774
vt 0.30955 0.87926
f 444/1806 487/1807 451/1808
vt 0.67395 0.70463
f 534/1809 400/1757 492/1758
vt 0.89004 0.74161
vt 0.89047 0.73807
f 482/1810 550/1811 443/1694
vt 0.80515 0.38956
vt 0.80332 0.38681
vt 0.80532 0.38505
f 426/1812 425/1813 503/1814
vt 0.12219 0.90567
vt 0.12100 0.90503
vt 0.12186 0.90121
f 459/1815 544/1816 674/1817
vt 0.97313 0.30464
vt 0.97237 0.30388
vt 0.97316 0.30346
f 451/1818 454/1819 453/1820
vt 0.46305 0.24360
f 532/1587 578/1821 425/1497
vt 0.47255 0.07264
f 460/1530 476/1320 508/1822
vt 0.90069 0.68943
vt 0.90034 0.68719
vt 0.90194 0.68822
f 509/1823 537/1824 577/1825
vt 0.87514 0.51673
vt 0.87515 0.51451
vt 0.87650 0.51361
f 331/1826 514/1827 465/1828
vt 0.68857 0.21534
f 568/1624 506/1829 286/1625
vt 0.62436 0.88244
f 449/1830 498/1777 525/1776
vt 0.87603 0.51352
f 465/1828 514/1827 470/1831
vt 0.27529 0.71405
f 432/1464 533/1629 559/1832
vt 0.23863 0.90678
vt 0.23775 0.90656
vt 0.23733 0.90577
f 459/1833 518/1834 524/1835
vt 0.01056 0.52087
vt 0.01044 0.52187
f 513/1803 606/1836 470/1837
vt 0.83534 0.04304
f 490/1602 573/1648 684/1838
vt 0.93890 0.29617
vt 0.93957 0.29468
vt 0.93998 0.29639
f 518/1839 459/1840 495/1841
vt 0.64569 0.01749
f 477/1665 480/1664 497/1842
f 385/1041 557/1715 501/1701
vt 0.52794 0.51800
f 402/1128 627/1843 481/1544
vt 0.54538 0.64087
f 331/1302 677/1844 404/1163
vt 0.46034 0.22963
vt 0.46385 0.23051
vt 0.46128 0.23219
f 443/1845 682/1846 483/1847
vt 0.92585 0.17417
vt 0.92608 0.17729
vt 0.92548 0.17627
f 492/1848 428/1849 472/1850
vt 0.05830 0.49741
f 494/1794 535/1851 486/1795
vt 0.83429 0.10771
vt 0.83481 0.10400
vt 0.83579 0.10568
f 460/1852 504/1853 439/1854
vt 0.50670 0.60153
f 721/1493 438/1598 662/1855
vt 0.59104 0.50214
f 442/1532 745/1754 392/1856
vt 0.46079 0.15848
f 468/1696 453/1695 454/1857
vt 0.46087 0.16175
f 468/1696 454/1857 498/1858
vt 0.15373 0.09378
vt 0.15252 0.09681
vt 0.14990 0.09212
f 422/1859 489/1860 703/1861
vt 0.14790 0.35651
f 415/1804 439/1862 587/1805
vt 0.51040 0.68406
f 529/1627 485/1290 689/1863
f 432/1464 559/1832 478/1465
vt 0.52248 0.40727
vt 0.52169 0.40394
f 334/1864 464/1419 680/1865
vt 0.21488 0.54252
f 332/1506 584/1866 645/1262
f 435/1560 634/1708 445/1561
vt 0.45633 0.15552
vt 0.45831 0.15688
vt 0.45693 0.16051
f 486/1867 557/1868 457/1869
vt 0.65836 0.62393
vt 0.66061 0.62086
vt 0.66102 0.62366
f 420/1870 617/1871 542/1872
vt 0.67085 0.71109
f 428/1644 446/1643 611/1873
vt 0.23894 0.90515
f 459/1833 524/1835 544/1874
vt 0.90972 0.11208
vt 0.90907 0.10922
vt 0.91056 0.10977
f 482/1875 493/1876 550/1877
vt 0.90946 0.10608
f 550/1877 493/1876 565/1878
vt 0.08037 0.07890
f 258/1196 466/1879 570/1197
vt 0.80327 0.38530
f 425/1813 578/1880 503/1814
vt 0.22061 0.53403
vt 0.22162 0.53367
f 343/1405 499/1881 331/1882
vt 0.45917 0.31856
vt 0.46137 0.31547
vt 0.46118 0.31890
f 404/1883 677/1884 584/1885
vt 0.58917 0.50518
f 745/1754 699/1886 392/1856
vt 0.12240 0.90363
f 459/1815 674/1817 548/1887
vt 0.64770 0.02113
f 477/1665 497/1842 545/1888
vt 0.88103 0.73308
vt 0.87933 0.73105
f 447/1889 422/1426 586/1890
vt 0.46142 0.23279
vt 0.46178 0.23589
f 483/1891 532/1587 491/1892
vt 0.19727 0.71103
f 358/1407 652/1893 618/1763
vt 0.32996 0.95030
vt 0.32941 0.94776
vt 0.33054 0.94713
f 441/1894 538/1895 464/1896
vt 0.93864 0.29732
f 518/1839 495/1841 531/1897
vt 0.67551 0.93616
vt 0.67472 0.93296
vt 0.67542 0.93472
f 441/1898 515/1899 538/1900
vt 0.49808 0.22689
vt 0.49883 0.22253
f 475/1573 503/1901 521/1902
vt 0.43910 0.61419
vt 0.44013 0.61426
f 413/1172 543/1903 602/1904
vt 0.55117 0.26891
f 473/1151 507/1905 382/1318
vt 0.82016 0.23266
f 541/1620 496/1582 712/1906
vt 0.12322 0.90401
vt 0.12347 0.90445
f 459/1815 548/1907 495/1908
vt 0.93239 0.52108
vt 0.93301 0.52215
vt 0.93278 0.52366
f 478/1909 559/1910 530/1911
vt 0.67217 0.71079
f 472/1912 428/1644 611/1873
vt 0.15159 0.09003
f 422/1859 703/1861 586/1913
vt 0.54489 0.63736
f 331/1302 588/1914 677/1844
vt 0.81556 0.20229
vt 0.81560 0.20545
vt 0.81441 0.20400
f 410/1915 471/1916 563/1917
vt 0.45658 0.21852
vt 0.45931 0.22045
vt 0.45828 0.22210
f 592/1918 581/1919 401/1920
vt 0.88973 0.20328
vt 0.89055 0.20316
vt 0.89144 0.20547
f 452/1921 590/1922 325/1923
vt 0.66741 0.21762
vt 0.66783 0.21325
vt 0.67030 0.21361
f 574/1924 546/1925 530/1926
vt 0.67102 0.21082
f 478/1927 530/1926 546/1925
vt 0.60147 0.03156
f 478/1781 520/1928 489/1782
vt 0.05714 0.50309
vt 0.05529 0.50297
vt 0.05364 0.50017
f 494/1929 602/1930 516/1931
vt 0.05746 0.49791
f 494/1929 516/1931 535/1932
vt 0.00071 0.50721
vt 0.00143 0.50300
f 414/1933 394/1934 462/1742
vt 0.93906 0.29738
f 531/1897 495/1841 502/1935
vt 0.08406 0.08014
f 466/1879 660/1936 570/1197
vt 0.98131 0.40014
vt 0.98156 0.39927
vt 0.98158 0.40051
f 467/1937 502/1938 492/1939
vt 0.23691 0.90328
f 544/1874 524/1835 548/1940
vt 0.29266 0.77300
vt 0.29311 0.77252
vt 0.29365 0.77362
f 495/1941 524/1942 502/1943
vt 0.50451 0.60638
f 484/1944 662/1855 438/1598
vt 0.98180 0.39996
f 502/1938 518/1945 492/1939
vt 0.45771 0.14636
f 486/1867 748/1946 557/1868
vt 0.64173 0.02319
f 480/1664 540/1947 497/1842
vt 0.94465 0.01275
vt 0.94525 0.01171
vt 0.94552 0.01318
f 506/1948 568/1949 569/1950
vt 0.96528 0.93770
vt 0.96445 0.93698
vt 0.96500 0.93681
f 506/1951 569/1952 549/1953
vt 0.11488 0.91938
vt 0.11354 0.91811
vt 0.11416 0.91776
f 465/1954 470/1955 606/1956
vt 0.45966 0.22154
f 401/1920 581/1919 565/1957
f 505/1755 539/1790 513/1803
vt 0.89002 0.20192
f 452/1921 614/1958 590/1922
vt 0.51555 0.29760
f 469/1765 846/1959 634/1708
vt 0.68615 0.20283
vt 0.68875 0.20377
f 474/1960 523/1961 508/1555
vt 0.57146 0.63913
f 589/1377 512/1340 796/1962
vt 0.64249 0.02936
f 430/1963 540/1947 480/1664
vt 0.50282 0.21638
vt 0.50187 0.21403
f 482/1964 510/1652 572/1965
vt 0.47762 0.06326
vt 0.47530 0.06070
f 504/1966 460/1530 562/1967
vt 0.38339 0.01464
vt 0.38713 0.01656
f 434/1968 527/1969 592/1410
vt 0.21734 0.53561
f 343/1405 418/1538 624/1970
vt 0.63026 0.10288
vt 0.63134 0.10668
f 511/1466 563/1971 471/1972
vt 0.14708 0.35259
vt 0.14667 0.34730
f 439/1973 504/1974 587/1805
vt 0.09070 0.60750
vt 0.09126 0.60803
vt 0.09032 0.60881
f 545/1975 763/1976 477/1977
vt 0.29348 0.77316
f 502/1943 524/1942 518/1978
vt 0.97046 0.61754
vt 0.96966 0.61691
vt 0.97049 0.61661
f 331/1979 499/1980 514/1981
vt 0.62825 0.09975
f 571/1982 563/1971 511/1466
vt 0.21954 0.53436
f 499/1983 343/1405 624/1970
vt 0.27840 0.64891
f 330/1104 589/1984 488/1473
vt 0.02983 0.98280
vt 0.03015 0.98339
vt 0.02968 0.98361
f 572/1985 585/1986 482/1987
vt 0.88585 0.40304
vt 0.88477 0.39995
vt 0.88653 0.39608
f 511/1988 612/1989 571/1990
vt 0.50469 0.69046
vt 0.50589 0.68634
f 485/1290 517/1991 455/1992
vt 0.07770 0.68219
f 501/1701 557/1715 454/1993
vt 0.23632 0.90601
f 495/1994 548/1940 524/1835
vt 0.58791 0.47876
vt 0.58951 0.48044
vt 0.58575 0.48011
f 553/1995 663/1996 694/1997
vt 0.60560 0.46520
vt 0.60471 0.46699
vt 0.60321 0.46289
f 418/1998 645/1999 624/2000
f 572/1965 510/1652 521/1788
vt 0.53147 0.50517
f 452/1519 481/1544 614/2001
vt 0.21550 0.52948
vt 0.21438 0.52980
vt 0.21371 0.52833
f 511/2002 500/2003 612/2004
vt 0.90894 0.11013
f 493/1876 482/1875 536/2005
vt 0.67064 0.20849
f 478/1927 546/1925 520/2006
vt 0.96284 0.94422
vt 0.96295 0.94298
vt 0.96342 0.94383
f 509/2007 528/2008 537/2009
vt 0.46179 0.22937
f 682/1846 443/1845 585/2010
vt 0.00500 0.26671
f 479/1766 528/2011 509/1767
vt 0.95895 0.56298
vt 0.95950 0.56210
vt 0.95978 0.56318
f 606/2012 554/2013 465/2014
vt 0.92966 0.86817
vt 0.92962 0.86887
vt 0.92901 0.86738
f 531/2015 534/2016 518/2017
vt 0.94847 0.70643
vt 0.94790 0.70723
vt 0.94749 0.70567
f 482/2018 585/2019 583/2020
vt 0.50884 0.68310
f 485/1290 455/1992 689/2021
vt 0.05939 0.48940
f 535/1932 576/2022 486/1795
vt 0.88076 0.72967
vt 0.87947 0.72765
f 447/2023 586/1890 690/2024
vt 0.37468 0.33248
vt 0.37374 0.33060
vt 0.37657 0.33004
f 464/2025 538/2026 680/2027
vt 0.21328 0.53398
f 500/1730 325/1125 590/2028
vt 0.46958 0.08130
f 506/1452 549/2029 476/1320
vt 0.81421 0.20247
vt 0.81280 0.20246
vt 0.81299 0.19969
f 410/2030 563/2031 539/2032
vt 0.55206 0.26278
vt 0.55419 0.26207
f 382/1318 564/2033 573/2034
vt 0.26061 0.71626
vt 0.26047 0.71538
vt 0.26315 0.71691
f 490/2035 684/2036 626/2037
vt 0.94816 0.70638
f 482/2018 583/2020 536/2038
vt 0.06205 0.49454
f 486/1795 576/2022 748/2039
vt 0.47861 0.05513
f 673/2040 504/1966 562/1967
vt 0.15026 0.09591
f 489/1860 567/2041 703/1861
vt 0.01105 0.51065
f 539/1790 563/2042 513/1803
vt 0.62490 0.88113
vt 0.62429 0.87965
f 498/2043 678/2044 617/1789
vt 0.01163 0.51588
vt 0.01126 0.51973
f 513/1803 609/2045 606/2046
vt 0.46990 0.07969
f 476/1320 549/2029 568/2047
f 440/1250 701/1678 558/1787
vt 0.46439 0.15788
vt 0.46239 0.16178
f 454/1857 613/2048 498/2049
vt 0.45361 0.90408
vt 0.45480 0.90294
vt 0.45498 0.90319
f 572/2050 547/2051 536/2052
vt 0.13659 0.92122
vt 0.13650 0.91807
vt 0.13931 0.91868
f 446/2053 472/2054 611/2055
vt 0.60097 0.02901
f 489/1782 520/1928 567/2056
vt 0.64776 0.01646
vt 0.64780 0.01786
f 497/1842 637/2057 545/2058
vt 0.97135 0.59753
vt 0.97089 0.59775
vt 0.97130 0.59699
f 503/2059 578/2060 521/2061
vt 0.45542 0.90425
f 572/2050 536/2052 585/2062
vt 0.90204 0.68556
f 577/1825 537/1824 608/2063
vt 0.45293 0.90076
vt 0.45467 0.90255
f 572/2050 607/2064 547/2065
vt 0.38480 0.01032
f 529/1585 632/2066 434/1660
f 525/1628 542/1654 533/1629
vt 0.90887 0.10976
vt 0.90913 0.10936
f 536/2005 547/2067 493/2068
vt 0.92589 0.85281
vt 0.92501 0.85219
vt 0.92521 0.85051
f 588/2069 465/2070 554/2071
vt 0.38706 0.01460
f 434/1660 632/2066 527/2072
vt 0.03370 0.88204
vt 0.03353 0.87993
vt 0.03505 0.88160
f 492/2073 695/2074 534/2075
vt 0.47405 0.06611
f 460/1530 523/2076 562/1967
vt 0.64120 0.01662
f 497/1842 540/1947 419/2077
vt 0.57972 0.37109
vt 0.58165 0.37322
f 490/2078 562/2079 417/1773
vt 0.80934 0.23342
vt 0.80653 0.23225
vt 0.80916 0.23226
f 553/2080 580/2081 552/2082
vt 0.66759 0.94968
vt 0.66772 0.94771
vt 0.66858 0.94958
f 518/2083 717/2084 492/2085
vt 0.58771 0.47479
vt 0.58595 0.47681
vt 0.58597 0.47468
f 553/2086 694/2087 722/2088
f 460/1530 508/1822 523/2076
vt 0.80945 0.23426
vt 0.80830 0.23445
f 553/2089 722/2090 580/2081
vt 0.98326 0.11022
vt 0.98355 0.11121
vt 0.98323 0.11097
f 514/2091 499/2092 543/2093
vt 0.98568 0.32156
vt 0.98533 0.32146
vt 0.98527 0.32127
f 549/2094 603/2095 568/2096
vt 0.05352 0.49341
f 535/1932 600/2097 576/2022
vt 0.07888 0.06440
vt 0.07902 0.06004
vt 0.08263 0.06619
f 545/2098 637/2099 858/2100
vt 0.25558 0.68531
vt 0.25004 0.67960
vt 0.25450 0.67852
f 533/2101 730/2102 559/2103
vt 0.87611 0.17325
vt 0.87533 0.17150
vt 0.87610 0.17083
f 537/2104 528/2105 779/2106
f 483/1891 682/1846 532/1587
vt 0.60848 0.10744
vt 0.60836 0.11383
vt 0.60552 0.10873
f 595/2107 522/2108 527/2109
vt 0.00346 0.26481
f 479/1766 618/2110 528/2011
vt 0.90873 0.11089
vt 0.90884 0.11004
f 536/2005 583/2111 591/2112
vt 0.21709 0.53286
vt 0.21869 0.53233
f 499/1983 746/2113 604/2114
vt 0.66907 0.94819
f 492/2085 717/2084 695/2115
f 476/1320 568/2047 508/1822
vt 0.95699 0.78908
vt 0.95766 0.78835
vt 0.95756 0.78954
f 652/2116 582/2117 618/2118
vt 0.94862 0.70584
vt 0.94823 0.70580
vt 0.94845 0.70521
f 547/2119 591/2120 493/2121
vt 0.03513 0.87953
f 534/2075 695/2074 518/2122
vt 0.15216 0.08427
f 519/1634 447/1677 690/2123
f 493/2121 591/2120 583/2020
vt 0.14825 0.34847
f 587/1805 504/1974 658/2124
vt 0.98511 0.32194
f 549/2094 579/2125 603/2095
vt 0.39006 0.01911
vt 0.38843 0.01452
f 522/2126 595/2127 652/1719
vt 0.66772 0.20557
f 546/1925 593/2128 520/2006
vt 0.68650 0.20156
vt 0.68702 0.19944
vt 0.68800 0.20051
f 474/2129 417/2130 562/2131
vt 0.52867 0.50316
f 614/2001 481/1544 803/2132
vt 0.95896 0.05779
vt 0.95997 0.05922
vt 0.95946 0.05881
f 549/2133 566/2134 561/2135
vt 0.95933 0.05799
f 549/2133 569/2136 566/2134
vt 0.98860 0.81352
vt 0.98873 0.81214
vt 0.98878 0.81297
f 566/2137 569/2138 579/2139
vt 0.08025 0.07343
f 466/1879 477/2140 660/1936
vt 0.59976 0.03019
f 520/1928 678/2141 567/2056
vt 0.98301 0.11122
f 499/2092 604/2142 543/2093
vt 0.45995 0.22542
vt 0.46175 0.22715
f 443/1845 550/2143 583/2144
f 499/1983 624/1970 746/2113
vt 0.45998 0.15856
vt 0.45881 0.15518
f 454/2145 557/1868 560/2146
vt 0.64249 0.00812
vt 0.64761 0.01229
f 497/1842 587/2147 637/2148
vt 0.58996 0.47806
f 663/1996 553/2086 735/2149
f 585/2010 443/1845 583/2144
vt 0.01051 0.50724
vt 0.01116 0.50715
vt 0.01098 0.50801
f 569/2150 568/2151 579/2152
vt 0.27664 0.71066
vt 0.27530 0.71073
f 530/2153 559/1832 740/2154
vt 0.49970 0.21654
f 572/1965 521/1788 720/2155
vt 0.05858 0.48465
vt 0.05966 0.48607
f 671/2156 620/2157 576/2022
vt 0.05400 0.49983
f 516/2158 600/2097 535/1932
vt 0.45979 0.22136
vt 0.46243 0.22218
f 565/2159 581/1919 625/2160
vt 0.46162 0.22721
vt 0.46165 0.22690
vt 0.46193 0.22872
f 536/2161 591/2162 585/2163
vt 0.46525 0.31676
f 677/1884 621/2164 584/1885
vt 0.98729 0.03774
vt 0.98712 0.03839
vt 0.98698 0.03781
f 549/2165 561/2166 579/2167
f 836/1745 527/2109 522/2108
vt 0.66129 0.62196
vt 0.66161 0.62258
f 617/1871 708/2168 542/2169
vt 0.05798 0.48862
vt 0.05284 0.48825
vt 0.05700 0.48147
f 576/2170 551/2171 671/2172
vt 0.45472 0.89988
f 607/2064 565/2173 547/2065
vt 0.45858 0.15181
vt 0.46195 0.14950
vt 0.46089 0.15508
f 556/2174 789/2175 560/2176
vt 0.95894 0.05963
vt 0.95952 0.05905
f 566/2134 603/2177 561/2178
vt 0.07941 0.06739
vt 0.08272 0.07095
f 545/2179 858/2100 763/2180
vt 0.27813 0.64569
vt 0.27632 0.64453
f 488/2181 727/2182 496/1460
vt 0.59053 0.47619
f 553/2086 666/2183 735/2149
vt 0.01436 0.51966
vt 0.01378 0.51810
vt 0.01596 0.51692
f 554/2184 606/2185 841/2186
vt 0.58839 0.47103
vt 0.59206 0.47383
f 553/2086 552/2187 555/2188
f 497/1842 419/2077 587/2147
vt 0.64713 0.00826
f 637/2148 587/2147 575/2189
vt 0.50098 0.21417
f 572/1965 720/2155 599/2190
vt 0.83433 0.04156
vt 0.83479 0.03781
vt 0.83600 0.03923
f 573/2191 667/2192 684/2193
vt 0.97970 0.51047
vt 0.97986 0.51004
vt 0.98022 0.51066
f 521/2194 578/2195 683/2196
f 382/1318 507/1905 564/2033
vt 0.60411 0.11996
f 358/1614 680/2197 836/1745
vt 0.81194 0.20153
vt 0.81104 0.20205
f 566/2198 563/2031 603/2199
vt 0.81210 0.20319
f 563/2031 571/2200 603/2199
vt 0.47662 0.05481
f 673/2040 562/1967 626/2201
vt 0.94763 0.70361
vt 0.94862 0.70368
f 493/2121 616/2202 565/2203
f 454/1857 560/2176 613/2048
vt 0.06091 0.48751
f 576/2022 620/2157 693/2204
vt 0.46335 0.16165
f 678/2205 498/2049 613/2048
vt 0.16186 0.00566
vt 0.16005 0.00731
vt 0.15912 0.00704
f 469/2206 517/2207 886/2208
vt 0.45946 0.14642
f 556/2174 635/2209 789/2175
vt 0.01094 0.50942
f 566/2210 579/2152 563/2042
vt 0.71062 0.95880
vt 0.70972 0.95823
vt 0.71038 0.95733
f 886/2211 846/2212 469/2213
vt 0.50487 0.60323
f 662/1855 484/1944 654/2214
vt 0.63197 0.29155
f 558/1787 701/1678 723/2215
vt 0.62738 0.09643
vt 0.62888 0.09828
f 571/1982 601/2216 603/2217
vt 0.01130 0.50854
f 579/2152 561/2218 563/2042
f 553/2086 555/2188 666/2183
vt 0.27426 0.70912
vt 0.27638 0.70541
f 530/2153 740/2219 574/2220
vt 0.58900 0.49926
vt 0.59143 0.49457
f 392/1856 699/2221 628/2222
vt 0.66895 0.20619
f 520/2006 593/2128 678/2223
vt 0.60216 0.46545
f 645/1999 621/2224 624/2000
vt 0.45338 0.13600
vt 0.45353 0.13366
vt 0.45393 0.13515
f 671/2225 643/2226 610/2227
vt 0.45872 0.15005
f 748/1946 635/2228 557/1868
vt 0.86798 0.81202
vt 0.86938 0.80976
vt 0.86949 0.81216
f 526/2229 622/2230 594/2231
vt 0.95146 0.05456
vt 0.94984 0.05381
vt 0.95119 0.05324
f 507/2232 594/2233 564/2234
vt 0.17894 0.88591
vt 0.17973 0.88710
vt 0.17990 0.88948
f 533/2235 542/2236 951/2237
vt 0.17523 0.95838
vt 0.17627 0.95693
vt 0.17617 0.95869
f 615/2238 689/2239 713/2240
vt 0.45927 0.15312
f 560/2146 557/1868 556/2241
vt 0.54623 0.63544
vt 0.54693 0.63586
vt 0.54587 0.63670
f 554/2242 841/2243 588/2244
vt 0.68414 0.98419
vt 0.68373 0.98364
vt 0.68414 0.98280
f 544/2245 548/2246 676/2247
vt 0.88458 0.39742
f 571/1990 612/1989 657/2248
vt 0.05801 0.47836
vt 0.05586 0.47894
f 643/2249 671/2172 715/2250
f 576/2022 600/2097 551/2171
f 493/2121 583/2020 616/2202
vt 0.86925 0.54149
vt 0.87052 0.54449
vt 0.86856 0.54712
f 662/2251 654/2252 835/2253
vt 0.97765 0.24187
vt 0.97731 0.24146
vt 0.97778 0.24093
f 474/2254 562/2255 523/2256
vt 0.92249 0.91725
vt 0.92326 0.91898
vt 0.92152 0.91948
f 484/2257 558/2258 654/2259
vt 0.01277 0.51832
vt 0.01198 0.51338
f 606/2260 609/2261 841/2186
vt 0.45606 0.14620
vt 0.45574 0.14397
f 576/2262 693/2263 748/1946
vt 0.58182 0.36986
f 490/2078 626/2264 562/2079
vt 0.46144 0.22469
f 583/2144 550/2143 616/2265
vt 0.30332 0.61144
f 423/1292 607/1733 651/2266
vt 0.46006 0.22205
f 565/2267 625/2160 550/2143
vt 0.01175 0.50840
vt 0.01228 0.50955
f 561/2218 603/2268 644/2269
f 561/2218 644/2269 563/2042
vt 0.83480 0.60901
vt 0.83418 0.60708
vt 0.83534 0.60371
f 602/2270 758/2271 516/2272
vt 0.62726 0.09575
vt 0.62778 0.09536
f 603/2217 601/2273 619/2274
f 563/2042 609/2261 513/1803
vt 0.98801 0.41114
vt 0.98787 0.41112
vt 0.98787 0.41092
f 596/2275 598/2276 597/2277
vt 0.53222 0.49834
f 614/2001 803/2132 631/2278
vt 0.95911 0.58073
vt 0.95908 0.57968
vt 0.96007 0.58038
f 599/2279 665/2280 572/2281
vt 0.55351 0.25804
vt 0.55494 0.25479
f 573/2034 696/2282 667/2283
vt 0.96300 0.48338
vt 0.96301 0.48147
vt 0.96351 0.48225
f 603/2284 619/2285 568/2286
vt 0.45586 0.90073
f 565/2173 616/2287 547/2065
vt 0.46428 0.23586
vt 0.46366 0.23910
f 532/1587 683/2288 578/2289
vt 0.39514 0.93751
vt 0.39595 0.93592
vt 0.39633 0.93701
f 674/2290 801/2291 548/2292
vt 0.64808 0.01037
f 637/2148 575/2189 669/2293
vt 0.25686 0.70987
vt 0.25723 0.70799
vt 0.25990 0.70648
f 605/2294 555/2295 599/2296
vt 0.98753 0.41117
f 598/2276 601/2297 597/2277
vt 0.62688 0.09511
vt 0.62691 0.09492
f 598/2298 597/2299 619/2274
f 598/2298 619/2274 601/2273
f 557/1868 635/2228 556/2241
vt 0.45561 0.90275
f 547/2065 616/2287 591/2300
vt 0.01138 0.50682
vt 0.01238 0.50832
f 579/2152 568/2301 644/2302
vt 0.98456 0.94095
vt 0.98450 0.93991
vt 0.98466 0.94035
f 568/2303 619/2304 644/2305
vt 0.25983 0.70963
f 605/2294 599/2296 719/2306
vt 0.98047 0.07087
vt 0.98076 0.07038
vt 0.98093 0.07096
f 678/2307 613/2308 567/2309
vt 0.25694 0.71641
vt 0.25729 0.71409
vt 0.25851 0.71622
f 594/2310 622/2311 564/2312
f 550/2143 625/2160 616/2265
vt 0.29986 0.60920
f 607/1733 728/2313 651/2266
vt 0.27647 0.63981
f 496/1460 727/2182 712/2314
vt 0.38380 0.51667
vt 0.38304 0.51325
vt 0.38649 0.51368
f 541/2315 777/2316 517/2317
vt 0.05689 0.47744
f 643/2249 715/2250 630/2318
vt 0.72666 0.33090
vt 0.72659 0.32983
vt 0.72774 0.33099
f 643/2319 640/2320 610/2321
vt 0.98761 0.41078
f 597/2277 601/2297 672/2322
vt 0.62682 0.09441
f 597/2299 670/2323 619/2274
vt 0.98801 0.41056
f 597/2277 672/2322 670/2324
vt 0.38260 0.00678
f 529/1585 642/2325 632/2066
vt 0.37909 0.00734
vt 0.37699 0.00385
vt 0.38042 0.00352
f 529/2326 689/2327 615/2328
vt 0.05925 0.48024
vt 0.06027 0.48225
f 671/2172 610/2329 620/2330
f 579/2152 644/2302 603/2268
vt 0.01228 0.51032
vt 0.01375 0.50985
f 563/2042 644/2331 657/2332
vt 0.01200 0.51371
f 563/2042 657/2332 609/2333
vt 0.50339 0.21049
vt 0.50152 0.21124
f 607/2334 572/1965 750/2335
vt 0.08222 0.09612
vt 0.08065 0.09453
vt 0.08343 0.09264
f 654/2336 558/2337 723/2338
vt 0.06686 0.61629
vt 0.06558 0.61449
vt 0.06765 0.61252
f 542/2339 708/2340 951/2341
vt 0.92108 0.08852
vt 0.92340 0.08797
vt 0.92282 0.09046
f 595/2342 817/2343 652/2344
vt 0.72799 0.32616
vt 0.73245 0.32787
f 640/2320 715/2345 800/2346
vt 0.25949 0.71166
f 605/2294 719/2306 696/2347
vt 0.64532 0.00136
vt 0.64698 0.00477
f 629/2348 834/2349 587/2147
vt 0.60849 0.10057
f 595/2107 527/2109 632/2350
vt 0.25379 0.69136
f 533/2101 951/2351 730/2102
vt 0.89641 0.03587
vt 0.89732 0.03963
vt 0.89528 0.03631
f 717/2352 518/2353 784/2354
f 587/2147 834/2349 575/2189
f 610/2321 640/2320 800/2346
vt 0.72566 0.32891
vt 0.72574 0.32922
f 630/2355 715/2345 640/2356
vt 0.86741 0.80990
f 526/2229 724/2357 622/2230
vt 0.97452 0.93510
vt 0.97374 0.93559
vt 0.97381 0.93469
f 573/2358 564/2359 696/2360
vt 0.62446 0.87854
vt 0.62519 0.87709
f 617/1789 678/2361 668/2362
vt 0.14836 0.08860
f 586/1913 703/1861 797/2363
vt 0.15107 0.08500
f 586/1913 797/2363 690/2364
vt 0.06003 0.48073
f 620/2330 610/2329 653/2365
vt 0.08876 0.56325
vt 0.08968 0.56667
vt 0.08696 0.56578
f 721/2366 662/2367 814/2368
vt 0.96021 0.57986
f 572/2281 665/2280 623/2369
vt 0.01480 0.51213
vt 0.01668 0.51193
f 612/2370 920/2371 841/2186
vt 0.01394 0.51264
f 657/2332 612/2372 609/2333
vt 0.46271 0.22684
f 591/2373 682/1846 585/2163
vt 0.59933 0.45912
vt 0.60166 0.45649
f 624/2000 864/2374 746/2375
f 560/2176 789/2175 613/2048
f 612/2372 841/2186 609/2333
vt 0.68795 0.07753
vt 0.68650 0.07920
vt 0.68487 0.07959
f 612/2376 500/2377 590/2378
vt 0.53295 0.95071
vt 0.53227 0.94892
vt 0.53282 0.94917
f 643/2379 630/2380 655/2381
vt 0.45469 0.13548
vt 0.45504 0.13505
vt 0.45541 0.13550
f 610/2382 641/2383 653/2384
vt 0.72814 0.33206
f 610/2321 800/2346 641/2385
vt 0.64258 0.00297
f 629/2348 587/2147 658/2386
vt 0.25212 0.67634
f 559/2103 730/2102 740/2387
vt 0.58028 0.67667
vt 0.58218 0.67614
vt 0.58060 0.67878
f 588/2388 851/2389 677/2390
vt 0.80869 0.24047
vt 0.80515 0.24088
vt 0.80685 0.23700
f 694/2391 826/2392 722/2393
vt 0.70933 0.31242
vt 0.70998 0.31167
vt 0.71112 0.31187
f 665/2394 750/2395 623/2396
vt 0.68291 0.07707
vt 0.68717 0.07519
f 590/2378 614/2397 691/2398
vt 0.07869 0.05455
vt 0.08139 0.05476
f 637/2099 669/2399 953/2400
vt 0.74134 0.88015
vt 0.74187 0.88245
vt 0.74082 0.88305
f 488/2401 589/2402 727/2403
vt 0.72449 0.93651
vt 0.72586 0.93533
vt 0.72600 0.93817
f 577/2404 608/2405 515/2406
f 590/2378 691/2398 612/2376
vt 0.44379 0.40257
f 526/1761 628/1604 724/2407
vt 0.46458 0.23193
f 682/1846 698/2408 532/1587
vt 0.53193 0.94826
vt 0.53201 0.94741
f 630/2380 638/2409 636/2410
vt 0.46245 0.31341
vt 0.46518 0.31122
f 677/2411 860/2412 621/2164
vt 0.68337 0.07337
f 614/2397 631/2413 691/2398
vt 0.46200 0.22456
vt 0.46458 0.22585
f 591/2373 616/2414 825/2415
vt 0.53223 0.94785
f 636/2410 639/2416 630/2380
vt 0.81313 0.94948
vt 0.81291 0.95032
vt 0.81212 0.94962
f 601/2417 571/2418 672/2419
vt 0.53174 0.94718
f 636/2410 638/2409 633/2420
vt 0.45325 0.12945
vt 0.45341 0.12928
vt 0.45367 0.12995
f 630/2421 646/2422 655/2423
vt 0.45319 0.12885
vt 0.45341 0.12912
f 630/2421 639/2424 649/2425
f 630/2421 649/2425 646/2422
vt 0.14495 0.34145
vt 0.14760 0.34377
f 504/1974 673/2426 709/2427
vt 0.99559 0.10905
vt 0.99549 0.10905
vt 0.99553 0.10885
f 636/2428 633/2429 656/2430
vt 0.98575 0.64611
vt 0.98590 0.64655
vt 0.98575 0.64666
f 636/2431 646/2432 639/2433
vt 0.98608 0.64619
f 636/2431 656/2434 646/2432
vt 0.52943 0.49728
vt 0.53366 0.49131
f 631/2278 915/2435 661/2436
vt 0.36888 0.01115
vt 0.37041 0.01354
f 886/2437 517/1650 777/2438
vt 0.06134 0.92033
vt 0.05960 0.92035
vt 0.06021 0.91858
f 630/2439 664/2440 638/2441
vt 0.06939 0.96821
vt 0.06884 0.96852
vt 0.06884 0.96786
f 643/2442 641/2443 640/2444
vt 0.45425 0.13029
f 643/2226 655/2423 664/2445
vt 0.58472 0.68540
vt 0.58476 0.68179
vt 0.58700 0.68607
f 739/2446 759/2447 849/2448
vt 0.50033 0.21413
f 599/2190 720/2155 679/2449
vt 0.05981 0.91827
vt 0.05990 0.91861
f 639/2450 638/2441 649/2451
vt 0.25930 0.96747
vt 0.25946 0.96861
vt 0.25870 0.96768
f 571/2452 657/2453 672/2454
vt 0.15391 0.06767
vt 0.14729 0.06536
f 699/2455 745/1800 930/2456
vt 0.05991 0.91748
vt 0.05978 0.91806
f 633/2457 638/2441 639/2458
vt 0.45562 0.13915
vt 0.45641 0.13653
f 620/2459 653/2384 811/2460
vt 0.03461 0.87782
f 518/2122 695/2074 784/2461
vt 0.46468 0.23314
f 532/1587 698/2408 683/2462
vt 0.98606 0.82275
vt 0.98598 0.82315
vt 0.98581 0.82273
f 633/2463 639/2464 656/2465
vt 0.45519 0.13307
vt 0.45481 0.13362
f 643/2226 659/2466 641/2467
vt 0.38281 0.00342
vt 0.38213 0.00522
f 529/2326 615/2468 642/2469
vt 0.06113 0.92161
f 630/2439 640/2470 664/2440
vt 0.68345 0.07157
vt 0.68431 0.06678
f 631/2471 661/2472 691/2398
vt 0.45359 0.12900
f 646/2422 656/2473 655/2423
vt 0.98586 0.82344
vt 0.98575 0.82347
f 639/2464 646/2474 647/2475
f 639/2464 647/2475 656/2465
vt 0.05981 0.91922
f 638/2441 664/2440 655/2476
vt 0.95479 0.49005
vt 0.95422 0.48827
vt 0.95521 0.48916
f 599/2477 555/2478 665/2479
vt 0.81144 0.98931
vt 0.81117 0.98957
vt 0.81132 0.98883
f 638/2480 655/2481 649/2482
vt 0.82750 0.97735
vt 0.82742 0.97628
vt 0.82784 0.97615
f 653/2483 641/2484 659/2485
vt 0.45572 0.13419
f 653/2384 659/2466 685/2486
f 653/2384 685/2486 811/2460
vt 0.99458 0.81451
vt 0.99458 0.81432
vt 0.99466 0.81441
f 649/2487 647/2488 646/2489
vt 0.81117 0.98875
f 649/2482 655/2481 647/2490
vt 0.55414 0.25358
f 667/2283 696/2282 719/2491
vt 0.73016 0.33313
f 641/2385 800/2346 811/2492
vt 0.15143 0.97571
vt 0.15104 0.97672
vt 0.15086 0.97570
f 641/2493 811/2494 685/2495
vt 0.83376 0.60850
f 602/2270 650/2496 758/2271
vt 0.18752 0.68831
vt 0.18499 0.68808
vt 0.18731 0.68755
f 739/2497 849/2498 756/2499
f 504/1974 709/2427 658/2124
vt 0.38626 0.81985
vt 0.38372 0.82065
vt 0.38372 0.81722
f 604/2500 746/2501 782/2502
vt 0.37328 0.32789
f 680/2027 538/2026 812/2503
vt 0.58944 0.49103
f 628/2222 699/2221 706/2504
vt 0.66134 0.61912
vt 0.66354 0.61789
vt 0.66208 0.61954
f 668/2505 881/2506 617/2507
vt 0.14996 0.60541
vt 0.15311 0.60943
vt 0.15020 0.60650
f 620/2508 816/2509 716/2510
vt 0.45982 0.21780
vt 0.45794 0.21569
vt 0.45920 0.21468
f 581/2511 592/2512 527/2513
vt 0.97290 0.37856
vt 0.97232 0.37752
vt 0.97275 0.37640
f 657/2514 644/2515 672/2516
vt 0.01546 0.51128
vt 0.01606 0.50927
f 612/2517 691/2518 920/2371
f 631/2278 803/2132 915/2435
vt 0.66528 0.20895
f 546/1925 910/2519 593/2128
vt 0.91077 0.28653
vt 0.90965 0.28595
vt 0.91036 0.28417
f 521/2520 683/2521 720/2522
vt 0.83415 0.60262
vt 0.83626 0.60101
f 516/2272 815/2523 600/2524
vt 0.05954 0.91807
vt 0.05975 0.91856
f 656/2525 647/2526 655/2476
vt 0.21622 0.53731
vt 0.21459 0.53616
vt 0.21484 0.53438
f 624/2527 621/2528 864/2529
f 643/2226 664/2445 659/2466
vt 0.15074 0.60401
vt 0.15140 0.60412
f 816/2509 620/2530 702/2531
vt 0.96146 0.30737
vt 0.96134 0.30575
vt 0.96171 0.30634
f 543/2532 650/2533 602/2534
vt 0.46465 0.23149
f 682/1846 675/2535 698/2408
vt 0.62825 0.28063
f 570/1453 660/2536 701/1678
vt 0.99458 0.37858
vt 0.99471 0.37883
vt 0.99458 0.37905
f 750/2537 572/2538 679/2539
vt 0.50077 0.21261
vt 0.50094 0.21234
f 750/2335 679/2540 623/2541
vt 0.90118 0.11226
vt 0.90048 0.11209
vt 0.90126 0.11103
f 544/2542 676/2543 674/2544
vt 0.69278 0.72417
vt 0.69416 0.72476
vt 0.69346 0.72872
f 604/2545 650/2546 543/2547
f 660/1936 477/2140 763/2180
vt 0.50509 0.58952
f 721/1493 824/2548 627/1503
vt 0.12822 0.72727
vt 0.12621 0.72720
vt 0.12844 0.72471
f 678/2549 593/2550 668/2551
vt 0.96660 0.69635
vt 0.96633 0.69549
vt 0.96726 0.69561
f 679/2552 733/2553 599/2554
vt 0.59139 0.48684
f 628/2222 706/2504 724/2555
vt 0.93576 0.37351
vt 0.93643 0.37331
vt 0.93698 0.37499
f 684/2556 698/2557 673/2558
vt 0.42681 0.97627
vt 0.42579 0.97628
vt 0.42629 0.97542
f 693/2559 620/2560 822/2561
vt 0.50714 0.58457
vt 0.50781 0.58276
f 627/1503 843/2562 481/2563
f 516/2272 758/2271 815/2523
vt 0.70797 0.31382
vt 0.70722 0.31202
f 665/2394 555/2564 728/2565
f 616/2414 625/2160 825/2415
vt 0.38499 0.00835
f 632/2566 642/2469 615/2468
vt 0.74109 0.88427
f 589/2402 796/2567 727/2403
vt 0.39231 0.88521
vt 0.39127 0.88700
vt 0.39082 0.88530
f 629/2568 658/2569 709/2570
vt 0.12344 0.90023
vt 0.12349 0.89911
f 801/2571 674/1817 738/2572
vt 0.51770 0.28749
vt 0.52158 0.28775
f 445/1561 713/2573 689/2574
vt 0.46312 0.14376
f 789/2175 635/2209 923/2575
vt 0.89779 0.03629
vt 0.89706 0.03542
vt 0.89819 0.03594
f 717/2576 726/2577 695/2578
vt 0.89797 0.03530
f 695/2578 726/2577 778/2579
vt 0.56523 0.64281
vt 0.56426 0.63987
f 651/2580 729/2581 512/1340
vt 0.25542 0.71354
vt 0.25635 0.71088
vt 0.25713 0.71304
f 724/2582 605/2583 622/2584
vt 0.44415 0.39879
vt 0.44609 0.39619
f 724/2407 711/2585 605/2586
vt 0.91035 0.28129
vt 0.91121 0.28209
f 720/2522 792/2587 679/2588
vt 0.07746 0.96815
vt 0.07676 0.96907
vt 0.07713 0.96825
f 648/2589 806/2590 845/2591
f 627/1503 824/2548 843/2562
vt 0.97243 0.00115
vt 0.97283 0.00053
vt 0.97280 0.00197
f 620/2592 811/2593 702/2594
f 591/2373 825/2415 682/1846
vt 0.15175 0.08050
vt 0.15028 0.07767
f 690/2595 775/2596 519/1634
vt 0.99007 0.73324
vt 0.99007 0.73278
vt 0.99025 0.73268
f 698/2597 684/2598 683/2599
vt 0.46333 0.32002
vt 0.46253 0.31982
f 645/2600 584/2601 621/2164
vt 0.26083 0.70666
vt 0.26186 0.70623
vt 0.26078 0.70821
f 599/2602 733/2603 719/2604
vt 0.01214 0.50542
vt 0.01286 0.50434
f 644/2302 619/2605 670/2606
vt 0.63246 0.28277
f 660/2536 890/2607 701/1678
vt 0.99496 0.39928
vt 0.99484 0.39911
vt 0.99496 0.39883
f 683/2608 684/2609 675/2610
vt 0.29216 0.76724
vt 0.29349 0.76686
vt 0.29314 0.76863
f 801/2611 676/2612 548/2613
vt 0.74678 0.31158
vt 0.74766 0.30717
vt 0.75115 0.31093
f 660/2614 763/2615 890/2616
vt 0.06833 0.96870
f 641/2443 685/2617 640/2444
vt 0.30070 0.60881
vt 0.30221 0.60842
f 651/2266 710/2618 729/2619
vt 0.47883 0.05107
vt 0.47838 0.04955
f 673/2620 626/2201 684/2621
vt 0.20746 0.62221
vt 0.20668 0.62036
vt 0.20809 0.61992
f 574/2622 740/2623 546/2624
vt 0.62960 0.92093
vt 0.62948 0.91995
vt 0.63052 0.91803
f 648/2625 845/2626 765/2627
vt 0.97230 0.37592
f 672/2516 644/2515 670/2628
vt 0.90944 0.28534
vt 0.90943 0.28512
f 720/2522 683/2629 681/2630
vt 0.85743 0.03723
vt 0.85878 0.04026
vt 0.85638 0.04077
f 552/2631 755/2632 555/2633
vt 0.93875 0.96816
vt 0.93778 0.96747
vt 0.93872 0.96666
f 625/2634 581/2635 853/2636
vt 0.19798 0.70497
vt 0.19945 0.70911
f 652/1893 829/2637 582/2638
vt 0.46281 0.30904
vt 0.46270 0.30403
vt 0.46532 0.30743
f 588/2639 841/2640 851/2641
vt 0.97075 0.25009
vt 0.97030 0.25006
vt 0.97029 0.24948
f 698/2642 675/2643 688/2644
vt 0.99284 0.04620
vt 0.99273 0.04604
vt 0.99300 0.04608
f 572/2645 733/2646 679/2647
vt 0.97370 0.04525
vt 0.97380 0.04504
vt 0.97443 0.04561
f 572/2648 623/2649 733/2650
vt 0.89796 0.76954
vt 0.89665 0.76997
vt 0.89662 0.76853
f 651/2651 728/2652 710/2653
vt 0.98662 0.42002
vt 0.98662 0.42136
vt 0.98637 0.42035
f 664/2654 640/2655 659/2656
vt 0.99458 0.94115
vt 0.99458 0.94082
vt 0.99476 0.94098
f 684/2657 681/2658 675/2659
vt 0.70642 0.31483
f 555/2564 734/2660 728/2565
vt 0.99508 0.68159
vt 0.99508 0.68127
vt 0.99520 0.68143
f 683/2661 682/2662 681/2663
vt 0.99062 0.54156
vt 0.99045 0.54125
vt 0.99065 0.54099
f 683/2664 675/2665 682/2666
vt 0.49563 0.96650
vt 0.49605 0.96680
vt 0.49575 0.96697
f 686/2667 687/2668 692/2669
vt 0.15372 0.60429
vt 0.15553 0.60641
f 816/2509 702/2670 785/2671
vt 0.26270 0.71056
vt 0.26157 0.70937
vt 0.26326 0.70916
f 684/2672 667/2673 704/2674
vt 0.06034 0.92234
vt 0.05947 0.92339
vt 0.05954 0.92228
f 640/2675 685/2676 659/2677
vt 0.90160 0.35726
vt 0.90032 0.35717
vt 0.90158 0.35462
f 686/2678 821/2679 687/2680
f 622/2311 696/2347 564/2312
vt 0.44061 0.72652
vt 0.43960 0.72841
vt 0.44050 0.72461
f 669/2681 575/2682 865/2683
vt 0.91118 0.28119
vt 0.91125 0.28094
f 679/2684 792/2587 623/2685
vt 0.05188 0.99128
vt 0.05203 0.99110
vt 0.05219 0.99130
f 682/2686 688/2687 681/2688
vt 0.58815 0.48278
vt 0.58875 0.48275
vt 0.58841 0.48458
f 694/2689 663/2690 687/2691
vt 0.14888 0.60724
f 716/2510 816/2509 693/2692
vt 0.98997 0.59021
vt 0.98997 0.59069
vt 0.98957 0.59058
f 716/2693 693/2694 822/2695
vt 0.89951 0.50198
vt 0.89612 0.50037
vt 0.89762 0.49938
f 707/2696 898/2697 856/2698
vt 0.97001 0.25027
f 681/2699 688/2644 675/2643
vt 0.00233 0.27105
vt 0.00546 0.26852
vt 0.00467 0.27161
f 537/2700 779/2701 608/2702
vt 0.60172 0.02668
vt 0.59980 0.02684
vt 0.60114 0.02445
f 567/2703 613/2704 703/2705
vt 0.19620 0.70458
f 652/1893 817/2706 829/2637
vt 0.58838 0.48676
vt 0.58963 0.48618
vt 0.58907 0.48634
f 686/2707 692/2708 732/2709
vt 0.46480 0.22987
vt 0.46476 0.23026
f 682/1846 714/2710 705/2711
vt 0.46475 0.23070
f 682/1846 705/2711 688/2712
vt 0.05344 0.48064
f 671/2172 551/2171 715/2713
vt 0.97750 0.97334
vt 0.97744 0.97209
vt 0.97790 0.97235
f 648/2714 765/2715 806/2716
vt 0.91743 0.81056
vt 0.91734 0.81020
vt 0.91862 0.80957
f 620/2717 716/2718 700/2719
vt 0.42603 0.97577
vt 0.42572 0.97547
f 620/2720 700/2721 822/2561
vt 0.68741 0.06951
f 691/2398 661/2472 736/2722
vt 0.66227 0.61939
vt 0.66329 0.61900
f 617/2723 881/2506 593/2724
vt 0.90104 0.35990
f 743/2725 821/2679 686/2678
vt 0.19144 0.68136
vt 0.18936 0.68373
vt 0.19019 0.67924
f 677/2726 772/2727 860/2728
vt 0.08619 0.09432
vt 0.08291 0.09614
f 723/2338 823/2729 654/2730
vt 0.93953 0.79226
vt 0.93965 0.79504
vt 0.93875 0.79337
f 784/2731 695/2732 781/2733
vt 0.51711 0.28900
f 445/1561 786/2734 713/2573
vt 0.90945 0.28502
vt 0.90922 0.28488
f 681/2735 697/2736 720/2522
vt 0.57165 0.31123
vt 0.57252 0.30702
vt 0.57374 0.31059
f 575/2737 834/2738 865/2739
vt 0.14582 0.33763
vt 0.14724 0.34189
f 673/2426 751/2740 709/2741
vt 0.97301 0.00206
f 702/2594 811/2593 700/2742
vt 0.98878 0.52734
vt 0.98888 0.52689
vt 0.98894 0.52725
f 688/2743 697/2744 698/2745
vt 0.99458 0.58917
vt 0.99477 0.58890
vt 0.99477 0.58922
f 688/2746 705/2747 697/2748
vt 0.25788 0.71119
f 622/2584 605/2583 696/2749
vt 0.90909 0.28455
f 720/2522 697/2736 705/2750
vt 0.90944 0.28431
f 720/2522 705/2750 704/2751
vt 0.49630 0.96766
f 692/2669 687/2668 731/2752
vt 0.58927 0.48641
f 732/2709 762/2753 686/2707
vt 0.61172 0.62264
vt 0.61121 0.62168
vt 0.61402 0.62142
f 734/2754 729/2755 728/2756
vt 0.66997 0.20357
vt 0.66767 0.20400
vt 0.66647 0.20241
f 617/2757 593/2758 863/2759
vt 0.44456 0.39491
f 711/2585 735/2760 605/2586
vt 0.58931 0.48397
f 687/2691 663/2690 762/2761
vt 0.98536 0.04207
vt 0.98523 0.04270
vt 0.98519 0.04218
f 732/2762 692/2763 725/2764
vt 0.56703 0.63843
f 796/1962 512/1340 747/2765
vt 0.58906 0.49003
vt 0.58764 0.49088
f 686/2707 706/2766 743/2767
vt 0.68296 0.71298
vt 0.68277 0.71329
vt 0.68302 0.70922
f 700/2768 716/2769 785/2770
f 445/1561 634/1708 786/2734
vt 0.96988 0.25017
vt 0.96941 0.24989
vt 0.97029 0.24891
f 697/2771 704/2772 698/2773
vt 0.70531 0.31128
vt 0.70533 0.30967
vt 0.70643 0.30986
f 729/2774 764/2775 728/2776
vt 0.38416 0.81337
vt 0.38555 0.81122
f 782/2502 807/2777 718/2778
vt 0.92000 0.80761
vt 0.91758 0.80689
f 702/2779 700/2719 785/2780
vt 0.96972 0.24941
f 705/2781 698/2773 704/2772
vt 0.38651 0.81757
f 782/2502 718/2778 604/2782
vt 0.58992 0.48575
f 731/2783 724/2555 692/2708
vt 0.06452 0.60731
f 951/2341 708/2340 795/2784
vt 0.68572 0.06635
f 661/2472 790/2785 736/2722
vt 0.89476 0.23630
vt 0.89528 0.23611
vt 0.89502 0.23659
f 705/2786 714/2787 698/2788
vt 0.91762 0.81102
vt 0.91900 0.81065
f 822/2789 700/2719 811/2790
vt 0.91944 0.69787
vt 0.91786 0.69689
vt 0.91855 0.69430
f 695/2791 778/2792 861/2793
vt 0.96351 0.31730
vt 0.96263 0.31614
vt 0.96302 0.31566
f 695/2794 861/2795 781/2796
vt 0.70965 0.31112
vt 0.70864 0.31061
f 750/2797 665/2394 728/2798
vt 0.47936 0.04634
vt 0.47892 0.04713
vt 0.47928 0.04549
f 681/2799 684/2800 704/2801
vt 0.47929 0.04612
f 681/2799 704/2801 697/2802
vt 0.08504 0.88320
vt 0.08429 0.88066
vt 0.08709 0.88220
f 707/2803 856/2804 741/2805
vt 0.06369 0.61032
f 708/2340 766/2806 795/2784
f 667/2673 719/2604 733/2603
vt 0.26350 0.70789
f 667/2673 792/2807 704/2674
vt 0.58148 0.67977
vt 0.58316 0.68108
f 677/2808 851/2389 772/2809
vt 0.00458 0.26111
vt 0.00877 0.26182
f 582/2810 1082/2811 618/2110
vt 0.04791 0.48762
f 866/2812 715/2713 551/2171
vt 0.38161 0.51461
f 541/2315 962/2813 777/2316
vt 0.95480 0.48639
vt 0.95433 0.48551
vt 0.95475 0.48498
f 555/2814 755/2815 734/2816
vt 0.08733 0.56765
f 662/2367 835/2817 814/2368
vt 0.08211 0.06022
f 637/2099 833/2818 858/2100
vt 0.69179 0.71337
vt 0.69408 0.71937
f 604/2545 718/2819 758/2820
vt 0.56484 0.63814
f 729/2581 747/2821 512/1340
vt 0.56388 0.63918
f 729/2581 742/2822 747/2821
vt 0.77800 0.80549
vt 0.77918 0.80346
vt 0.77896 0.80826
f 673/2823 698/2824 751/2825
vt 0.90883 0.28383
f 720/2522 704/2751 714/2826
vt 0.46500 0.22926
f 714/2710 682/1846 720/2827
vt 0.46484 0.15350
f 613/2048 789/2175 703/2828
vt 0.37893 0.32660
f 680/2027 812/2503 867/2829
vt 0.26238 0.70513
vt 0.26312 0.70529
vt 0.26227 0.70584
f 623/2830 792/2831 733/2832
vt 0.08660 0.55643
vt 0.08373 0.56111
f 824/2833 721/2366 1015/2834
vt 0.44730 0.39125
f 605/2586 735/2760 555/2835
vt 0.05081 0.47998
f 866/2812 753/2836 715/2713
vt 0.14862 0.60939
f 693/2692 816/2509 844/2837
vt 0.89478 0.23566
vt 0.89515 0.23547
f 714/2787 704/2838 792/2839
vt 0.58955 0.48668
f 692/2708 724/2555 725/2840
vt 0.38747 0.01311
vt 0.39088 0.01195
f 595/2841 632/2566 817/2842
vt 0.80371 0.23340
f 580/2081 722/2393 931/2843
vt 0.89748 0.50407
f 707/2696 744/2844 898/2697
f 667/2673 733/2603 792/2807
vt 0.14979 0.61241
f 816/2509 773/2845 844/2837
vt 0.15261 0.05563
vt 0.15302 0.05256
vt 0.15343 0.05261
f 706/2846 725/2847 724/2848
vt 0.68626 0.06362
vt 0.68653 0.06575
f 661/2472 774/2849 790/2850
vt 0.46496 0.22848
f 682/1846 825/2415 720/2851
vt 0.78171 0.80892
vt 0.78058 0.81348
f 900/2852 629/2853 751/2825
vt 0.68474 0.06296
vt 0.68540 0.06127
f 661/2854 799/2855 774/2849
vt 0.86494 0.34956
vt 0.86280 0.34925
vt 0.86571 0.34631
f 694/2856 752/2857 826/2858
vt 0.06289 0.60831
f 780/2859 795/2784 766/2806
vt 0.99526 0.81727
vt 0.99515 0.81749
vt 0.99507 0.81727
f 687/2860 732/2861 731/2862
vt 0.99508 0.83712
vt 0.99524 0.83705
vt 0.99524 0.83729
f 687/2863 762/2864 732/2865
vt 0.73142 0.32190
f 715/2345 1160/2866 800/2346
vt 0.90127 0.35251
vt 0.90067 0.35310
f 694/2867 687/2680 752/2868
vt 0.98611 0.15590
vt 0.98588 0.15621
vt 0.98592 0.15586
f 731/2869 725/2870 762/2871
vt 0.99512 0.81748
f 731/2862 732/2861 725/2872
vt 0.39172 0.88060
vt 0.39084 0.88269
vt 0.39114 0.87973
f 629/2873 709/2874 751/2875
vt 0.90010 0.35468
f 687/2680 854/2876 752/2868
vt 0.27780 0.65070
vt 0.27812 0.65377
vt 0.27664 0.65234
f 796/2877 747/2878 810/2879
vt 0.01644 0.50506
vt 0.01762 0.50755
f 691/2518 736/2880 1114/2881
vt 0.14726 0.06022
vt 0.15186 0.05752
f 699/2455 998/2882 706/2883
vt 0.44530 0.39152
f 735/2760 666/2884 555/2835
vt 0.70415 0.31096
vt 0.70397 0.31045
f 729/2885 710/2886 764/2775
vt 0.52975 0.96050
vt 0.52986 0.95969
vt 0.53019 0.96008
f 772/2887 737/2888 756/2889
vt 0.12716 0.72120
f 668/2551 593/2550 847/2890
vt 0.70373 0.31164
vt 0.70363 0.31084
f 810/2891 742/2892 729/2885
vt 0.00691 0.25568
vt 0.01039 0.25534
vt 0.00593 0.25914
f 829/2893 1295/2894 582/2895
vt 0.20668 0.61984
vt 0.20670 0.61638
f 740/2896 910/2897 546/2624
f 721/2366 814/2368 1015/2834
vt 0.53215 0.48391
vt 0.53503 0.48352
f 661/2436 911/2898 799/2899
vt 0.15417 0.87998
vt 0.15738 0.88129
vt 0.15485 0.88241
f 707/2900 755/2901 744/2902
f 686/2707 762/2753 725/2840
vt 0.14757 0.08422
f 690/2364 797/2363 885/2903
vt 0.92530 0.45232
vt 0.92608 0.45113
vt 0.92717 0.45321
f 552/2904 744/2905 755/2906
f 604/2545 758/2820 650/2546
vt 0.85636 0.03381
vt 0.85865 0.03333
f 552/2631 580/2907 931/2908
vt 0.38965 0.00520
f 632/2566 894/2909 817/2842
f 706/2766 686/2707 725/2840
vt 0.81902 0.22973
f 541/1620 712/1906 962/2910
vt 0.30138 0.60785
vt 0.30288 0.60640
vt 0.30214 0.60786
f 710/2911 747/2912 742/2913
vt 0.59048 0.48479
vt 0.59089 0.48386
f 731/2914 762/2915 724/2555
f 528/2011 618/2110 1082/2811
vt 0.59117 0.48231
f 724/2555 762/2915 711/2916
vt 0.15640 0.87770
f 707/2900 741/2917 755/2901
vt 0.05230 0.49324
vt 0.04999 0.49590
f 600/2918 815/2919 551/2171
f 687/2680 821/2679 854/2876
f 637/2099 953/2400 833/2818
vt 0.14860 0.07113
f 745/1800 956/2920 930/2456
vt 0.78087 0.80377
f 698/2824 900/2921 751/2825
vt 0.90936 0.28321
vt 0.90875 0.28088
f 720/2922 825/2923 792/2587
vt 0.72810 0.32452
vt 0.72705 0.32292
f 715/2924 753/2925 1160/2866
vt 0.89565 0.23446
vt 0.89743 0.23480
f 714/2787 792/2926 825/2927
vt 0.66105 0.61663
vt 0.66071 0.61321
vt 0.66230 0.61202
f 668/2928 847/2929 889/2930
vt 0.38321 0.00354
f 632/2566 615/2931 894/2909
vt 0.52932 0.95797
vt 0.53002 0.95787
f 737/2888 772/2932 902/2933
vt 0.45777 0.13857
vt 0.45822 0.13670
vt 0.45883 0.13624
f 822/2934 811/2935 832/2936
vt 0.46038 0.13940
f 822/2934 832/2936 862/2937
vt 0.60133 0.44971
f 746/2375 864/2374 782/2938
vt 0.89800 0.77324
vt 0.89606 0.77245
vt 0.89743 0.77149
f 750/2939 625/2940 607/2941
vt 0.70378 0.31042
vt 0.70382 0.30901
vt 0.70400 0.31043
f 742/2942 871/2943 710/2944
vt 0.68639 0.06173
f 774/2849 799/2855 749/2945
vt 0.91419 0.90625
vt 0.91335 0.90539
vt 0.91377 0.90440
f 761/2946 774/2947 749/2948
f 764/2775 710/2944 871/2943
vt 0.69388 0.71402
f 718/2819 815/2949 758/2820
vt 0.89692 0.77397
f 625/2940 750/2939 825/2950
vt 0.14797 0.07691
f 519/1634 775/2951 745/1800
vt 0.45819 0.14073
f 693/2952 862/2937 748/1946
vt 0.68208 0.71551
vt 0.68059 0.71754
vt 0.68032 0.71523
f 822/2953 862/2954 767/2955
vt 0.91605 0.90319
f 761/2946 749/2948 787/2956
vt 0.86215 0.35087
vt 0.86133 0.35005
f 663/2957 711/2958 752/2857
vt 0.96343 0.86007
vt 0.96407 0.86014
vt 0.96330 0.86151
f 663/2959 752/2960 762/2961
vt 0.67012 0.20110
f 617/2757 863/2759 708/2962
vt 0.68511 0.06061
vt 0.68603 0.06070
f 799/2855 754/2963 757/2964
vt 0.89589 0.76910
f 728/2652 769/2965 710/2653
vt 0.63298 0.28482
f 701/1678 996/2966 723/2215
vt 0.53012 0.95984
f 737/2888 759/2967 756/2889
vt 0.15114 0.61976
vt 0.15036 0.61437
f 802/2968 773/2969 816/2509
vt 0.66656 0.19909
f 961/2970 708/2962 863/2759
vt 0.66928 0.19759
f 708/2962 961/2970 766/2971
vt 0.91405 0.90328
f 787/2956 749/2948 757/2972
vt 0.60709 0.92394
vt 0.60787 0.92200
vt 0.60812 0.92396
f 663/2973 735/2974 711/2975
vt 0.30100 0.60661
f 747/2912 710/2911 853/2976
vt 0.91487 0.90258
f 787/2956 757/2972 754/2977
vt 0.86840 0.50710
vt 0.86860 0.50738
vt 0.86851 0.50793
f 799/2978 783/2979 749/2980
vt 0.57101 0.30257
vt 0.57470 0.30282
f 629/2981 942/2982 834/2738
vt 0.89688 0.03422
vt 0.89547 0.03509
vt 0.89579 0.03418
f 778/2983 717/2984 806/2985
vt 0.04775 0.47931
f 753/2836 866/2812 788/2986
vt 0.18861 0.68372
vt 0.18855 0.68351
f 772/2727 756/2987 770/2988
f 772/2727 770/2988 860/2728
vt 0.51382 0.39640
vt 0.51726 0.39941
f 515/1548 939/2989 812/2990
vt 0.61120 0.62090
vt 0.60898 0.62096
vt 0.61059 0.61968
f 729/2991 741/2992 810/2993
vt 0.38396 0.80858
vt 0.38466 0.80492
f 718/2778 808/2994 771/2995
vt 0.90086 0.10925
vt 0.90266 0.10975
f 674/2544 798/2996 738/2997
vt 0.80396 0.23781
f 722/2393 826/2392 931/2998
vt 0.16663 0.67525
vt 0.16526 0.67836
vt 0.16445 0.67492
f 693/2999 844/3000 862/3001
vt 0.38103 0.51740
vt 0.37713 0.52006
vt 0.37790 0.51671
f 712/3002 727/3003 891/3004
vt 0.73965 0.88696
vt 0.73994 0.88498
f 796/2567 810/3005 727/3006
vt 0.89575 0.77078
f 728/2652 607/2941 804/3007
vt 0.89569 0.76864
f 710/2653 769/2965 793/3008
vt 0.90253 0.73929
vt 0.90090 0.73956
vt 0.90046 0.73810
f 680/3009 867/3010 973/3011
vt 0.90145 0.73800
f 680/3009 973/3011 836/3012
vt 0.14862 0.07138
f 745/1800 775/2951 956/3013
f 718/2778 807/2777 808/2994
vt 0.98001 0.39729
vt 0.97978 0.39798
vt 0.97946 0.39729
f 739/3014 756/3015 759/3016
vt 0.95647 0.22359
vt 0.95520 0.22309
vt 0.95543 0.22196
f 710/3017 793/3018 853/3019
vt 0.96843 0.87169
vt 0.96914 0.87211
vt 0.96829 0.87231
f 717/3020 781/3021 726/3022
vt 0.96897 0.87149
f 717/3020 913/3023 781/3021
vt 0.89885 0.23674
f 714/2787 825/2927 971/3024
vt 0.89676 0.23701
f 714/2787 971/3024 698/3025
vt 0.74866 0.94904
vt 0.74805 0.95024
vt 0.74732 0.94811
f 744/3026 552/3027 963/3028
vt 0.92337 0.13233
vt 0.92277 0.13201
vt 0.92327 0.13167
f 761/3029 760/3030 774/3031
vt 0.86934 0.51394
vt 0.86821 0.51150
vt 0.86956 0.51210
f 790/3032 774/3033 818/3034
vt 0.46332 0.22120
vt 0.46379 0.22114
f 625/2160 791/3035 804/3036
vt 0.58375 0.67701
f 772/2809 851/2389 902/3037
vt 0.61345 0.61919
vt 0.61333 0.61741
f 742/3038 810/2993 871/3039
vt 0.78123 0.80153
f 698/2824 971/3040 900/2921
vt 0.92279 0.13236
f 761/3029 819/3041 760/3030
vt 0.51602 0.28791
vt 0.51365 0.29031
f 786/3042 634/1708 921/3043
vt 0.01470 0.93697
vt 0.01418 0.93666
vt 0.01432 0.93462
f 778/3044 726/3045 913/3046
vt 0.01456 0.93580
f 778/3044 913/3046 717/3047
vt 0.86896 0.51068
f 774/3033 819/3048 818/3034
vt 0.38189 0.00165
vt 0.38321 0.00091
f 713/3049 828/3050 615/2468
vt 0.56772 0.92205
vt 0.56788 0.91906
vt 0.56891 0.92156
f 761/3051 787/3052 805/3053
vt 0.63305 0.28375
f 996/2966 701/1678 890/3054
vt 0.99545 0.72989
vt 0.99545 0.73006
vt 0.99529 0.72997
f 737/3055 770/3056 759/3057
vt 0.46235 0.21840
vt 0.46304 0.22034
f 625/2160 853/3058 791/3059
vt 0.91365 0.90404
f 749/2948 776/3060 757/2972
vt 0.44941 0.38327
vt 0.44905 0.38431
vt 0.44921 0.38243
f 729/3061 734/3062 741/3063
vt 0.15789 0.61206
f 816/2509 785/2671 884/3064
vt 0.45956 0.14686
vt 0.46244 0.14389
f 635/3065 748/1946 923/3066
vt 0.68230 0.71458
vt 0.68131 0.71302
f 822/3067 767/3068 716/2769
vt 0.63155 0.92084
vt 0.63162 0.91938
vt 0.63243 0.92005
f 784/3069 806/3070 717/3071
vt 0.44675 0.38646
f 734/3062 755/3072 741/3063
vt 0.91352 0.90424
f 749/2948 783/3073 776/3060
vt 0.00489 0.27775
vt 0.00692 0.27432
vt 0.01238 0.27847
f 515/3074 608/3075 939/3076
vt 0.89545 0.76954
f 769/2965 728/2652 768/3077
vt 0.91356 0.90385
f 757/2972 776/3060 799/3078
vt 0.99523 0.46229
vt 0.99523 0.46257
vt 0.99507 0.46250
f 737/3079 902/3080 770/3081
vt 0.18851 0.68351
f 770/2988 756/2987 857/3082
vt 0.18858 0.68326
f 770/2988 902/3083 860/2728
f 625/2940 804/3007 607/2941
vt 0.29341 0.76598
vt 0.29187 0.76360
vt 0.29340 0.76397
f 801/3084 738/3085 914/3086
vt 0.08511 0.09675
vt 0.08474 0.09814
f 654/2730 823/3087 835/3088
vt 0.99555 0.35873
vt 0.99549 0.35855
vt 0.99555 0.35854
f 759/3089 770/3090 857/3091
vt 0.99545 0.06521
vt 0.99529 0.06521
vt 0.99531 0.06497
f 759/3092 857/3093 902/3094
vt 0.15261 0.04994
vt 0.15159 0.04945
vt 0.15299 0.04781
f 762/3095 854/3096 711/3097
vt 0.57129 0.29489
vt 0.57475 0.29814
f 629/2981 900/3098 904/3099
vt 0.90714 0.57664
vt 0.90495 0.57906
vt 0.90572 0.57488
f 780/3100 794/3101 872/3102
vt 0.60629 0.43199
vt 0.60477 0.43373
vt 0.60534 0.43220
f 827/3103 813/3104 790/3105
vt 0.14891 0.61479
vt 0.14840 0.61678
f 773/3106 802/2968 960/3107
vt 0.38425 0.80220
vt 0.38472 0.80297
f 771/2995 736/3108 2680/3109
vt 0.74735 0.30482
vt 0.74839 0.29989
vt 0.75134 0.30335
f 763/3110 858/3111 842/3112
vt 0.23684 0.90025
vt 0.23694 0.89846
vt 0.23737 0.89852
f 676/3113 798/3114 674/3115
vt 0.51257 0.29590
f 634/1708 846/1959 969/3116
vt 0.60574 0.43372
f 827/3103 736/3117 813/3104
vt 0.01675 0.49612
vt 0.01737 0.49779
vt 0.01632 0.49837
f 774/3118 783/3119 819/3120
vt 0.73378 0.33240
f 811/2492 800/2346 767/3121
vt 0.38474 0.80228
f 736/3108 790/3122 2680/3109
vt 0.70541 0.30858
vt 0.70560 0.30801
f 764/2775 769/3123 768/3124
vt 0.92330 0.13031
vt 0.92332 0.13059
vt 0.92308 0.12937
f 783/3125 774/3126 776/3127
vt 0.38374 0.80552
f 771/2995 808/2994 875/3128
vt 0.98036 0.00114
vt 0.98086 0.00053
vt 0.98083 0.00117
f 809/3129 880/3130 738/3131
vt 0.90117 0.89710
vt 0.90177 0.89698
vt 0.90030 0.89914
f 762/3132 752/3133 854/3134
vt 0.95925 0.73009
vt 0.95880 0.73138
vt 0.95903 0.73043
f 784/3135 781/3136 913/3137
vt 0.02744 0.96873
vt 0.02648 0.96820
vt 0.02723 0.96760
f 902/3138 857/3139 860/3140
vt 0.00551 0.26628
vt 0.00753 0.26427
f 779/2701 528/3141 878/3142
vt 0.69094 0.70681
vt 0.69278 0.70864
f 771/3143 866/3144 718/2819
vt 0.03077 0.67409
vt 0.03275 0.66726
vt 0.03353 0.67173
f 850/3145 1040/3146 921/3147
vt 0.15080 0.08316
vt 0.14807 0.07738
f 690/3148 885/2903 775/3149
vt 0.56885 0.92283
f 761/3051 805/3053 819/3150
vt 0.89480 0.77008
f 728/2652 791/3151 768/3077
vt 0.99562 0.25263
vt 0.99554 0.25276
vt 0.99549 0.25263
f 781/3152 861/3153 726/3154
vt 0.46141 0.29469
vt 0.46408 0.29130
vt 0.46437 0.29768
f 691/3155 1114/3156 920/3157
vt 0.60185 0.10985
vt 0.60204 0.10767
f 527/2109 1069/3158 1035/3159
vt 0.70617 0.30794
f 728/2776 764/2775 791/3160
vt 0.85904 0.03504
f 552/2631 931/2908 963/3161
vt 0.70787 0.59556
vt 0.70463 0.59619
vt 0.70447 0.59231
f 481/3162 843/3163 883/3164
vt 0.63118 0.91824
f 765/2627 887/3165 806/3070
vt 0.92321 0.13101
vt 0.92203 0.13098
f 776/3127 774/3166 805/3167
vt 0.52006 0.28360
vt 0.51818 0.28556
vt 0.51886 0.28304
f 828/3168 713/3169 873/3170
vt 0.97302 0.79152
vt 0.97253 0.79161
vt 0.97255 0.79075
f 769/3171 764/3172 793/3173
vt 0.40519 0.55557
vt 0.40439 0.54902
vt 0.40826 0.55229
f 850/3174 1096/3175 1040/3176
vt 0.01326 0.93579
f 726/3045 861/3177 913/3046
vt 0.06083 0.60679
vt 0.06127 0.60280
f 780/3178 1009/3179 795/2784
f 699/2455 930/2456 998/2882
vt 0.75118 0.30654
f 763/2615 842/3112 890/3180
vt 0.92155 0.12944
f 776/3127 805/3167 787/3181
f 582/2895 1295/2894 1082/2811
vt 0.18830 0.68258
vt 0.18742 0.68589
vt 0.18498 0.68295
f 857/3182 756/3183 1002/3184
vt 0.30019 0.60536
f 853/2976 877/3185 747/2912
vt 0.29162 0.76167
vt 0.29400 0.76363
f 738/3085 880/3186 901/3187
vt 0.90160 0.10784
f 738/2997 798/2996 809/3188
vt 0.08435 0.95873
vt 0.08351 0.95738
vt 0.08451 0.95821
f 754/3189 848/3190 776/3191
vt 0.44145 0.72581
vt 0.44239 0.72393
f 669/3192 865/2683 909/3193
vt 0.76876 0.97560
vt 0.76917 0.97620
vt 0.76844 0.97687
f 790/3194 813/3195 2680/3196
vt 0.45737 0.07843
vt 0.45636 0.07823
vt 0.45707 0.07753
f 811/3197 831/3198 832/3199
f 551/2171 815/2919 866/2812
vt 0.92313 0.12853
vt 0.92305 0.12922
f 754/3200 776/3201 787/3181
vt 0.06815 0.60711
f 795/2784 830/3202 951/2341
vt 0.95433 0.22282
vt 0.95437 0.22323
f 791/3203 853/3019 768/3204
vt 0.12512 0.72608
vt 0.12591 0.72403
f 593/2550 881/3205 905/3206
vt 0.14712 0.05461
vt 0.15095 0.05405
f 706/2883 916/3207 821/3208
vt 0.70497 0.30988
vt 0.70453 0.30786
f 764/3209 871/2943 793/3210
f 774/3166 760/3030 805/3167
vt 0.41478 0.80241
vt 0.41651 0.80352
vt 0.41372 0.80385
f 750/3211 804/3212 825/3213
vt 0.01709 0.50084
vt 0.01639 0.49947
f 827/3214 820/3215 783/3119
vt 0.46209 0.21340
vt 0.46129 0.21576
f 527/2513 1035/3216 581/3217
vt 0.53003 0.49189
f 915/2435 936/3218 661/2436
f 785/2770 716/2769 767/3068
vt 0.68177 0.70841
f 785/2770 767/3068 800/3219
vt 0.95438 0.22344
f 853/3019 793/3018 768/3220
vt 0.38030 0.51468
f 712/3002 891/3004 962/3221
vt 0.08319 0.95927
f 754/3189 799/3222 848/3190
vt 0.51800 0.40293
f 538/3223 515/1548 812/2990
vt 0.86126 0.34692
f 752/2857 711/2958 986/3224
vt 0.62027 0.88126
vt 0.62038 0.88062
vt 0.62177 0.88292
f 806/3225 887/3226 778/3227
vt 0.12626 0.72321
f 593/2550 905/3228 847/2890
vt 0.60564 0.43088
f 827/3103 790/3105 818/3229
vt 0.69169 0.70551
f 771/3143 892/3230 866/3144
f 783/3119 820/3215 819/3120
vt 0.97004 0.59832
vt 0.97036 0.59956
vt 0.96972 0.59971
f 839/3231 889/3232 847/3233
vt 0.12488 0.72041
vt 0.12769 0.71750
f 847/2890 905/3234 839/3235
vt 0.70487 0.30781
vt 0.70648 0.30583
f 768/3124 793/3236 837/3237
f 768/3124 837/3237 764/2775
vt 0.46520 0.14670
vt 0.46512 0.14900
f 789/2175 885/3238 797/3239
vt 0.60604 0.42862
f 827/3103 818/3229 820/3240
vt 0.01038 0.27028
f 779/2701 959/3241 608/3075
f 527/2109 836/1745 1069/3158
f 764/2775 837/3237 791/3160
vt 0.90203 0.90447
vt 0.90094 0.90522
vt 0.90059 0.90331
f 743/3242 706/3243 821/3244
vt 0.16799 0.68118
vt 0.16430 0.68011
f 773/3245 1036/3246 844/3000
vt 0.91652 0.10254
vt 0.91564 0.10391
vt 0.91450 0.10270
f 806/3247 784/3248 840/3249
vt 0.84143 0.37381
vt 0.84227 0.37140
vt 0.84217 0.37321
f 728/3250 804/3251 750/3252
vt 0.60427 0.43521
vt 0.60380 0.43482
f 736/3117 771/3253 875/3254
f 736/3117 875/3254 813/3104
vt 0.14875 0.62161
vt 0.14815 0.62089
f 802/2968 794/3255 960/3256
vt 0.70638 0.30703
vt 0.70772 0.30807
f 791/3257 837/3237 804/3258
vt 0.45860 0.27938
vt 0.45856 0.27860
vt 0.45962 0.27807
f 799/3259 776/3260 893/3261
vt 0.45961 0.28102
f 799/3259 893/3261 783/3262
vt 0.46714 0.31207
f 860/2412 938/3263 621/2164
vt 0.99507 0.22369
vt 0.99516 0.22373
vt 0.99507 0.22411
f 760/3264 819/3265 820/3266
vt 0.92250 0.13253
f 760/3030 820/3267 805/3167
vt 0.69052 0.70503
f 2680/3268 892/3230 771/3143
vt 0.98911 0.42775
vt 0.98913 0.42754
vt 0.98928 0.42816
f 819/3269 805/3270 818/3271
vt 0.91658 0.10208
f 806/3247 840/3249 845/3272
vt 0.92909 0.31680
vt 0.93036 0.31603
vt 0.92982 0.31972
f 766/3273 859/3274 780/3275
vt 0.41649 0.80859
f 804/3212 1010/3276 825/3213
vt 0.91436 0.10019
vt 0.91660 0.10061
f 845/3272 940/3277 765/3278
vt 0.16677 0.68322
vt 0.16532 0.68605
f 773/3279 960/3280 1036/3246
vt 0.38891 0.95946
vt 0.38905 0.95790
vt 0.38963 0.95913
f 913/3281 887/3282 784/3283
vt 0.16671 0.69269
vt 0.16291 0.68888
f 794/3284 838/3285 960/3280
vt 0.95256 0.36955
vt 0.95288 0.37077
vt 0.95246 0.37109
f 805/3286 820/3287 818/3288
vt 0.06510 0.60217
f 795/2784 1009/3179 879/3289
vt 0.15840 0.60797
f 884/3064 785/2671 1005/3290
vt 0.78523 0.95960
vt 0.78433 0.95804
vt 0.78550 0.95855
f 798/3291 828/3292 809/3293
f 789/2175 797/3239 703/2828
vt 0.95554 0.25962
vt 0.95455 0.26025
vt 0.95453 0.25821
f 887/3294 765/3295 940/3296
vt 0.00773 0.26680
f 528/2011 1082/2811 878/3297
f 738/3085 901/3187 914/3086
vt 0.14771 0.04733
f 711/3097 854/3096 986/3298
vt 0.36270 0.97540
vt 0.36289 0.97579
vt 0.36242 0.97580
f 798/3299 676/3300 801/3301
vt 0.45550 0.08057
f 811/3197 767/3302 831/3198
vt 0.83573 0.25702
vt 0.83597 0.25554
vt 0.83671 0.25873
f 741/3303 855/3304 810/3305
vt 0.70459 0.30699
vt 0.70547 0.30403
f 837/3237 793/3306 877/3307
vt 0.66202 0.61456
vt 0.66334 0.61475
f 668/2928 889/3308 905/3309
vt 0.38398 0.00089
vt 0.38579 0.00131
f 615/2468 828/3310 876/3311
f 911/2898 661/2436 936/3218
vt 0.30130 0.60554
f 747/2912 877/3185 871/3312
vt 0.74845 0.07839
vt 0.75113 0.07937
vt 0.74781 0.07948
f 853/3313 581/3314 877/3315
vt 0.16641 0.69465
vt 0.16562 0.69405
f 794/3284 780/3316 859/3317
f 752/2857 986/3224 826/2858
vt 0.57495 0.30995
f 865/2739 834/2738 848/3318
vt 0.06887 0.60624
f 795/2784 879/3289 830/3319
vt 0.53410 0.48132
f 799/2899 911/2898 848/3320
vt 0.46561 0.30231
f 841/2640 920/3157 1103/3321
vt 0.08764 0.09084
f 723/2338 966/3322 823/2729
vt 0.51201 0.28648
vt 0.51549 0.28450
f 921/3043 1040/3323 786/3324
vt 0.61555 0.61640
vt 0.61565 0.61539
f 793/3325 871/3039 877/3326
vt 0.12663 0.71628
f 839/3235 905/3234 949/3327
vt 0.15584 0.61885
f 802/2968 816/2509 1007/3328
f 718/2819 866/3144 815/2949
vt 0.20567 0.61972
vt 0.20319 0.61732
f 740/3329 730/3330 910/2897
f 748/1946 862/2937 923/3066
vt 0.72819 0.32111
f 753/2925 882/3331 1160/2866
vt 0.15096 0.62231
vt 0.15305 0.62408
vt 0.14841 0.62352
f 802/3332 872/3333 794/3334
f 779/2701 878/3142 959/3241
vt 0.91498 0.10164
f 845/3272 840/3249 912/3335
vt 0.08415 0.08973
vt 0.08684 0.08126
vt 0.08883 0.08491
f 723/3336 996/3337 1023/3338
vt 0.45657 0.07679
vt 0.45503 0.07723
f 897/3339 832/3199 941/3340
vt 0.91433 0.10344
f 784/3248 903/3341 840/3249
vt 0.95604 0.50782
vt 0.95559 0.50619
vt 0.95640 0.50624
f 798/3342 876/3343 828/3344
vt 0.60217 0.11495
vt 0.60172 0.11264
f 836/1745 973/3345 1056/3346
vt 0.87975 0.59484
vt 0.87972 0.59471
vt 0.88146 0.59662
f 832/3347 831/3348 899/3349
vt 0.45582 0.07862
f 832/3199 899/3350 941/3340
vt 0.49938 0.53000
vt 0.49987 0.52722
vt 0.50252 0.52645
f 753/3351 788/3352 882/3353
vt 0.14757 0.05032
f 854/3096 821/3208 1043/3354
vt 0.29282 0.76160
f 880/3186 937/3355 901/3187
vt 0.46177 0.13407
f 832/2936 917/3356 862/2937
vt 0.29395 0.76439
f 914/3086 798/3357 801/3084
vt 0.37913 0.31949
vt 0.38497 0.32305
f 867/2829 1386/3358 973/3359
vt 0.83786 0.25311
f 727/3360 810/3305 855/3304
vt 0.70825 0.58906
vt 0.70780 0.59105
f 803/3361 481/3362 883/3164
vt 0.08171 0.05214
f 669/2399 852/3363 953/2400
vt 0.45990 0.13514
f 832/2936 897/3364 917/3356
vt 0.06886 0.60151
f 830/3319 879/3289 896/3365
vt 0.08674 0.87916
f 856/2804 919/3366 741/2805
vt 0.66423 0.61624
f 668/2928 905/3309 881/3367
vt 0.43950 0.72148
vt 0.44171 0.72059
f 865/2683 895/3368 1097/3369
vt 0.24891 0.68821
f 730/2102 951/2351 1016/3370
vt 0.45630 0.07713
vt 0.45349 0.07812
f 897/3371 831/3198 967/3372
vt 0.62238 0.88074
f 778/3227 887/3226 861/3373
vt 0.75119 0.30025
f 858/3111 985/3374 842/3112
vt 0.95075 0.60870
vt 0.94961 0.60705
vt 0.95058 0.60689
f 839/3375 949/3376 906/3377
f 706/2883 998/2882 916/3207
f 836/1745 1056/3346 1069/3158
vt 0.66551 0.20450
f 593/2128 910/3378 863/2759
vt 0.91003 0.41940
vt 0.91030 0.42304
vt 0.90925 0.42297
f 713/3379 786/3380 873/3381
vt 0.15711 0.00914
vt 0.15443 0.00845
vt 0.15585 0.00762
f 777/3382 1072/3383 886/3384
vt 0.68022 0.70485
f 785/2770 800/3219 1005/3385
vt 0.04638 0.48624
vt 0.04520 0.48308
f 892/3386 1004/3387 866/2812
f 756/3183 849/2498 1002/3184
vt 0.58353 0.67406
vt 0.58810 0.67418
f 902/3037 851/3388 945/3389
vt 0.01521 0.93372
vt 0.01487 0.93278
f 887/3390 913/3046 990/3391
f 865/2683 1097/3369 909/3193
vt 0.96894 0.54758
vt 0.96789 0.54774
vt 0.96850 0.54601
f 794/3392 859/3393 838/3394
f 789/2175 923/2575 885/3238
vt 0.46676 0.28193
vt 0.46050 0.28566
f 783/3262 932/3395 827/3396
vt 0.88028 0.59281
vt 0.88256 0.59376
f 831/3348 897/3397 907/3398
f 831/3348 907/3398 899/3349
vt 0.27871 0.65597
vt 0.27753 0.65667
vt 0.27693 0.65409
f 747/3399 871/3400 810/3401
vt 0.89539 0.50234
f 898/2697 744/2844 1003/3402
vt 0.60438 0.43334
vt 0.60427 0.43340
vt 0.60422 0.43315
f 868/3403 870/3404 869/3405
f 854/3096 1043/3354 986/3298
vt 0.74939 0.29766
f 858/3111 833/3406 985/3374
vt 0.62082 0.87971
f 887/3226 990/3407 861/3373
vt 0.51146 0.29119
f 634/1708 969/3116 921/3408
vt 0.41357 0.80807
f 825/3213 1010/3276 971/3409
vt 0.29671 0.97551
vt 0.29650 0.97656
vt 0.29594 0.97555
f 809/3410 937/3411 873/3412
vt 0.37298 0.52464
vt 0.37402 0.51904
vt 0.37531 0.52103
f 855/3413 977/3414 727/3415
vt 0.21362 0.53372
vt 0.21369 0.53316
f 864/2529 621/3416 938/3417
vt 0.57543 0.30932
f 834/2738 893/3418 848/3318
vt 0.88423 0.54467
vt 0.88817 0.54122
vt 0.88823 0.54511
f 830/3419 1106/3420 995/3421
vt 0.57676 0.99141
vt 0.57682 0.99109
vt 0.57691 0.99143
f 813/3422 870/3423 874/3424
vt 0.60425 0.43377
f 813/3425 875/3254 870/3404
vt 0.90671 0.57418
f 1009/3426 780/3100 872/3102
vt 0.46130 0.28831
f 736/3427 827/3396 1114/3156
f 870/3404 875/3254 869/3405
vt 0.57691 0.99086
f 870/3423 869/3428 874/3424
f 723/3336 1023/3338 966/3322
vt 0.78557 0.95749
f 809/3293 828/3292 924/3429
vt 0.25250 0.69685
vt 0.24890 0.69575
f 830/3430 995/3431 951/2351
vt 0.39014 0.95810
f 784/3283 887/3282 903/3432
vt 0.46389 0.21685
f 581/3217 1035/3216 877/3433
vt 0.39133 0.00781
f 817/2842 894/2909 829/3434
vt 0.58843 0.68275
f 759/2447 929/3435 849/2448
vt 0.96122 0.19229
vt 0.96148 0.19399
vt 0.96145 0.19351
f 873/3436 937/3437 954/3438
vt 0.46370 0.14004
f 862/2937 925/3439 923/2575
vt 0.52033 0.28040
vt 0.51848 0.28206
vt 0.51801 0.28097
f 809/3440 873/3441 880/3442
vt 0.53501 0.48098
vt 0.53451 0.47920
f 865/3443 848/3320 895/3444
vt 0.17443 0.93268
vt 0.17429 0.93361
vt 0.17430 0.93323
f 869/3445 875/3446 874/3447
vt 0.70773 0.58596
f 803/3361 883/3164 915/3448
f 629/2981 904/3099 942/2982
vt 0.17428 0.93889
vt 0.17332 0.93570
vt 0.17429 0.93492
f 808/3449 892/3450 875/3451
f 866/2812 1004/3387 788/2986
vt 0.70907 0.30233
f 804/3258 837/3237 1010/3452
vt 0.45461 0.07533
f 897/3371 967/3372 917/3453
vt 0.95669 0.10074
vt 0.95677 0.09924
vt 0.95746 0.10245
f 840/3454 914/3455 912/3456
vt 0.14701 0.08161
f 885/2903 1012/3457 775/3149
vt 0.17461 0.55223
vt 0.17411 0.54416
vt 0.17582 0.54682
f 823/3458 966/3459 1047/3460
vt 0.95727 0.09938
f 914/3455 901/3461 912/3456
vt 0.60228 0.44441
vt 0.59897 0.44841
f 807/3462 782/2938 957/3463
vt 0.88546 0.54020
f 830/3419 896/3464 1106/3420
vt 0.04570 0.48679
vt 0.04423 0.48684
f 1004/3387 892/3465 946/3466
vt 0.49605 0.50860
vt 0.49169 0.51136
vt 0.49295 0.50438
f 835/3467 1024/3468 1074/3469
vt 0.17218 0.55584
vt 0.17409 0.56062
f 835/3470 823/3458 888/3471
vt 0.30616 0.90149
vt 0.30543 0.90291
vt 0.30460 0.89909
f 859/3472 766/3473 994/3474
vt 0.08421 0.07731
vt 0.08591 0.07349
f 890/3475 1042/3476 996/3337
vt 0.60237 0.43797
vt 0.60197 0.43990
vt 0.60046 0.44183
f 892/3477 808/3478 948/3479
vt 0.95460 0.59947
vt 0.95494 0.59709
vt 0.95544 0.59720
f 669/3480 909/3481 852/3482
vt 0.90011 0.10739
vt 0.90104 0.10688
f 809/3188 924/3483 937/3484
vt 0.57392 0.29191
f 900/3098 1076/3485 904/3099
vt 0.77108 0.00695
vt 0.77198 0.00774
vt 0.76909 0.00913
f 969/3486 846/3487 1025/3488
vt 0.91448 0.10103
f 845/3272 912/3489 940/3277
f 821/3208 916/3207 1043/3354
f 808/3478 807/3462 948/3479
vt 0.04451 0.47817
f 788/2986 1004/3387 908/3490
vt 0.51779 0.28215
f 873/3441 786/3491 880/3442
vt 0.12819 0.71402
vt 0.12507 0.71013
f 906/3492 949/3327 1044/3493
vt 0.57481 0.30606
f 834/2738 895/3494 893/3418
vt 0.62135 0.87966
f 990/3407 1011/3495 861/3373
vt 0.95551 0.25908
f 887/3294 940/3296 1011/3496
vt 0.15341 0.01292
vt 0.15079 0.01252
f 777/3382 962/3497 935/3498
vt 0.63694 0.98361
vt 0.63662 0.98357
vt 0.63666 0.98289
f 887/3499 1011/3500 912/3501
vt 0.38881 0.95689
vt 0.39011 0.95680
f 912/3502 903/3503 887/3282
vt 0.46539 0.14435
f 923/2575 1012/3504 885/3238
vt 0.18648 0.68041
f 860/2728 857/3182 1064/3505
vt 0.37175 0.52578
vt 0.37079 0.52910
vt 0.36980 0.52479
f 855/3506 741/3507 919/3508
f 812/2503 1386/3358 867/2829
vt 0.58765 0.67869
vt 0.58816 0.68176
f 759/2447 1020/3509 929/3510
vt 0.08703 0.55183
vt 0.08346 0.55090
f 843/3511 824/2833 965/3512
vt 0.78524 0.95695
f 828/3292 954/3513 924/3429
vt 0.49421 0.51174
vt 0.49272 0.51445
f 835/3514 888/3515 1024/3468
vt 0.58433 0.67965
f 759/2447 902/3516 1020/3509
vt 0.37749 0.51655
f 891/3517 727/3415 977/3414
vt 0.03481 0.67556
f 850/3145 921/3147 1025/3518
f 615/2468 876/3311 894/2909
vt 0.08749 0.54525
f 843/3511 965/3512 883/3519
vt 0.49614 0.50108
f 835/3467 1074/3469 814/3520
vt 0.59850 0.45320
f 864/2374 938/3521 782/2938
vt 0.80701 0.82395
vt 0.80580 0.81817
vt 0.80770 0.81840
f 826/3522 981/3523 931/3524
f 802/2968 1007/3328 872/3333
vt 0.15302 0.00781
f 1072/3525 777/3382 935/3498
vt 0.46372 0.13865
f 925/3439 862/2937 918/3526
f 841/2640 1103/3321 851/2641
f 862/2937 917/3356 918/3526
vt 0.62244 0.94912
vt 0.62187 0.94794
vt 0.62250 0.94738
f 840/3527 943/3528 914/3529
vt 0.29542 0.76788
vt 0.29563 0.76667
f 912/3530 901/3187 903/3531
vt 0.38349 0.95044
vt 0.38255 0.95002
vt 0.38353 0.94767
f 844/3532 1036/3533 1018/3534
vt 0.16122 0.67762
f 844/3000 1018/3535 862/3001
vt 0.15782 0.61375
f 816/2509 884/3536 1007/3328
vt 0.95451 0.50769
vt 0.95493 0.50663
f 798/3342 914/3537 924/3538
f 798/3342 924/3538 876/3343
vt 0.45352 0.08068
f 899/3350 997/3539 941/3340
vt 0.98802 0.04895
vt 0.98753 0.04895
vt 0.98760 0.04834
f 828/3540 873/3541 954/3542
vt 0.12825 0.70939
f 906/3492 1044/3493 926/3543
vt 0.51812 0.28017
vt 0.51701 0.28089
vt 0.51648 0.27974
f 880/3544 786/3545 982/3546
vt 0.50007 0.52364
vt 0.50200 0.52448
f 788/3352 908/3547 1034/3548
vt 0.88175 0.59061
f 897/3397 922/3549 907/3398
f 834/2738 942/2982 895/3494
vt 0.97548 0.73522
vt 0.97524 0.73469
vt 0.97590 0.73543
f 906/3550 926/3551 958/3552
vt 0.72753 0.23996
vt 0.72848 0.23703
vt 0.72895 0.24173
f 833/3553 1032/3554 985/3555
vt 0.66530 0.19593
vt 0.66779 0.19629
f 961/2970 994/3556 766/3557
vt 0.01155 0.26424
f 878/3142 1206/3558 959/3241
vt 0.53239 0.48029
f 848/3320 911/2898 988/3559
vt 0.91940 0.29085
vt 0.91931 0.29272
vt 0.91735 0.29079
f 856/3560 898/3561 919/3562
vt 0.97048 0.85077
vt 0.97065 0.85190
vt 0.96978 0.85110
f 990/3563 913/3564 974/3565
vt 0.91930 0.69348
vt 0.91807 0.69151
f 913/3566 861/2793 974/3567
vt 0.44557 0.94889
vt 0.44427 0.95008
vt 0.44382 0.94786
f 744/3568 963/3569 1003/3570
vt 0.63627 0.98311
f 1011/3500 990/3571 912/3501
vt 0.72606 0.23699
vt 0.72738 0.23384
f 833/3572 953/3573 1032/3554
vt 0.96272 0.44922
vt 0.96288 0.44860
vt 0.96309 0.44983
f 925/3574 918/3575 926/3576
vt 0.46687 0.30692
vt 0.46745 0.30759
f 860/2412 928/3577 938/3578
vt 0.98279 0.57668
vt 0.98261 0.57693
vt 0.98224 0.57653
f 914/3579 876/3580 954/3581
vt 0.45941 0.94796
vt 0.45876 0.94957
vt 0.45868 0.94748
f 840/3582 903/3583 901/3584
vt 0.24744 0.95701
vt 0.24797 0.95684
vt 0.24785 0.95826
f 876/3585 914/3586 943/3587
vt 0.96621 0.56442
vt 0.96620 0.56340
vt 0.96711 0.56404
f 876/3588 943/3589 972/3590
vt 0.37157 0.52107
f 855/3413 1006/3591 977/3414
vt 0.16408 0.68505
vt 0.16197 0.68256
vt 0.16438 0.68250
f 960/3592 1029/3593 1036/3594
vt 0.14632 0.07218
f 956/3013 775/3149 1013/3595
vt 0.97949 0.48608
vt 0.97972 0.48566
vt 0.98015 0.48607
f 893/3596 895/3597 950/3598
vt 0.12449 0.71493
f 1044/3493 949/3327 1026/3599
f 782/2938 938/3521 957/3463
vt 0.70812 0.30006
f 837/3237 877/3307 1001/3600
vt 0.08361 0.06959
vt 0.08433 0.07282
f 842/3601 1042/3476 890/3602
vt 0.45393 0.08038
f 767/3302 955/3603 831/3198
vt 0.95319 0.97591
vt 0.95279 0.97603
vt 0.95265 0.97558
f 924/3604 914/3605 980/3606
vt 0.66078 0.60976
vt 0.66003 0.60539
vt 0.66190 0.60565
f 839/3607 906/3608 1026/3609
vt 0.97499 0.62086
vt 0.97495 0.62022
vt 0.97554 0.61979
f 918/3610 1012/3611 1038/3612
vt 0.97538 0.62118
f 918/3610 1038/3612 926/3613
vt 0.95474 0.50602
f 924/3538 954/3614 876/3343
vt 0.21181 0.92371
vt 0.21077 0.92520
vt 0.21089 0.92122
f 886/3615 1072/3616 846/3617
vt 0.53306 0.48019
f 895/3444 848/3320 950/3618
vt 0.18537 0.67759
f 860/2728 1064/3505 987/3619
vt 0.05942 0.60199
vt 0.06036 0.60123
f 1009/3179 872/3620 952/3621
f 857/3182 1002/3184 1064/3505
vt 0.98291 0.57614
f 914/3579 954/3581 980/3622
vt 0.45438 0.07425
vt 0.45390 0.07440
f 922/3623 917/3453 984/3624
vt 0.51061 0.29564
f 969/3116 1025/3625 921/3408
vt 0.18310 0.68579
f 1002/3184 849/2498 929/3626
vt 0.91346 0.10201
vt 0.91375 0.10126
f 990/3627 1033/3628 912/3489
vt 0.46521 0.14061
f 925/3439 1012/3629 923/2575
vt 0.15313 0.01579
vt 0.15187 0.01766
f 891/3630 977/3631 935/3498
vt 0.66308 0.61038
vt 0.66308 0.60891
f 889/3632 839/3607 1026/3633
vt 0.70430 0.59050
vt 0.70389 0.58547
f 915/3448 883/3634 1008/3635
f 962/3497 891/3630 935/3498
vt 0.46135 0.13078
vt 0.46512 0.13108
f 922/3636 999/3637 917/3356
f 855/3506 919/3508 1006/3591
f 1114/3156 827/3396 932/3395
vt 0.41737 0.89105
vt 0.41821 0.88958
vt 0.41810 0.89099
f 851/3638 1103/3639 944/3640
f 848/3320 988/3559 950/3618
vt 0.15465 0.62438
f 872/3333 1007/3328 952/3641
vt 0.12482 0.71825
f 949/3327 905/3234 1026/3642
vt 0.99045 0.98626
vt 0.99045 0.98571
vt 0.99077 0.98586
f 840/3643 901/3644 943/3645
vt 0.45603 0.07533
vt 0.45287 0.07235
vt 0.45465 0.07322
f 897/3646 1143/3647 922/3648
vt 0.82140 0.95005
vt 0.82039 0.94901
vt 0.82062 0.94761
f 937/3649 880/3650 982/3651
f 788/3352 1034/3548 882/3353
f 912/3489 1033/3628 940/3277
vt 0.29418 0.76213
vt 0.29462 0.76280
f 901/3187 924/3652 980/3653
vt 0.29421 0.76195
f 901/3187 937/3355 924/3654
vt 0.88281 0.59212
f 907/3398 922/3549 984/3655
vt 0.97163 0.17489
vt 0.97107 0.17359
vt 0.97193 0.17384
f 937/3656 982/3657 954/3658
f 807/3462 957/3463 948/3479
vt 0.14568 0.06893
f 956/2920 1013/3595 1048/3659
vt 0.08270 0.55554
f 824/2833 1015/2834 1039/3660
vt 0.62241 0.87877
vt 0.62301 0.87911
f 861/3373 1011/3661 933/3662
f 831/3198 955/3603 967/3372
vt 0.84123 0.72288
vt 0.84716 0.72295
vt 0.84246 0.72591
f 884/3663 1005/3664 1127/3665
vt 0.29533 0.76394
f 901/3187 980/3653 943/3666
vt 0.46116 0.12789
f 922/3636 947/3667 999/3637
vt 0.45318 0.07505
f 897/3646 941/3340 984/3668
f 897/3646 984/3668 1143/3647
f 878/3142 1082/2811 1206/3558
vt 0.58759 0.67849
f 902/3516 945/3389 1020/3669
vt 0.95794 0.87619
vt 0.95799 0.87720
vt 0.95698 0.87614
f 1097/3670 895/3671 942/3672
vt 0.08876 0.07587
f 996/3337 1042/3476 1061/3673
vt 0.08420 0.06503
f 842/3601 985/3674 1042/3476
vt 0.38735 0.00156
f 894/2909 876/3311 972/3675
vt 0.80465 0.81412
vt 0.80337 0.81427
vt 0.80315 0.81363
f 963/3676 976/3677 934/3678
vt 0.67852 0.71594
f 767/2955 862/2954 955/3679
vt 0.95779 0.88952
vt 0.95705 0.88895
vt 0.95778 0.88815
f 989/3680 927/3681 1037/3682
vt 0.80722 0.81474
vt 0.80466 0.81610
f 931/3683 981/3684 963/3676
vt 0.98902 0.40784
vt 0.98860 0.40778
vt 0.98884 0.40728
f 905/3685 889/3686 1026/3687
vt 0.91735 0.69176
f 861/2793 933/3688 974/3567
vt 0.00925 0.24973
vt 0.01075 0.24824
f 829/3689 894/3690 1295/2894
vt 0.45498 0.07091
vt 0.45486 0.06663
f 922/3691 1143/3647 947/3692
vt 0.70480 0.57978
f 915/3448 1008/3635 936/3693
vt 0.12841 0.70588
vt 0.12850 0.70667
vt 0.12768 0.70531
f 1012/3694 925/3695 1038/3696
f 837/3237 1001/3600 1010/3452
vt 0.51316 0.27948
vt 0.51382 0.28349
f 1040/3323 1077/3697 786/3698
vt 0.46417 0.13844
f 917/3356 1012/3699 918/3526
vt 0.78895 0.95913
vt 0.78841 0.95756
vt 0.78927 0.95707
f 963/3700 934/3701 1003/3702
vt 0.04555 0.50448
vt 0.04465 0.50227
vt 0.04542 0.49949
f 938/3703 928/3704 957/3705
f 824/2833 1039/3660 965/3512
vt 0.48976 0.51717
f 888/3515 1022/3706 1024/3468
vt 0.96626 0.58434
vt 0.96677 0.58349
vt 0.96720 0.58439
f 980/3707 954/3708 972/3709
vt 0.46630 0.13604
f 999/3637 1013/3710 917/3356
vt 0.29571 0.76364
f 943/3666 980/3653 1052/3711
vt 0.51603 0.27952
f 786/3324 1077/3697 982/3712
vt 0.45349 0.07655
f 941/3340 907/3713 984/3668
vt 0.91744 0.29244
f 919/3562 898/3561 1062/3714
vt 0.45223 0.06692
f 947/3692 1143/3647 1150/3715
f 917/3453 967/3372 984/3668
vt 0.98751 0.53914
vt 0.98796 0.53887
vt 0.98787 0.53946
f 963/3716 964/3717 983/3718
vt 0.77075 0.01121
f 1025/3488 846/3487 1072/3719
vt 0.92001 0.29520
vt 0.91758 0.29484
f 1003/3720 1139/3721 898/3561
vt 0.04597 0.48835
vt 0.04503 0.49374
vt 0.04407 0.49076
f 892/3722 948/3723 1088/3724
vt 0.65851 0.60012
vt 0.65869 0.59696
vt 0.66005 0.59785
f 926/3725 1038/3726 1000/3727
vt 0.17669 0.55730
f 823/3458 1083/3728 888/3471
vt 0.98557 0.43780
vt 0.98508 0.43808
vt 0.98521 0.43728
f 963/3729 981/3730 964/3731
vt 0.71586 0.58674
vt 0.71933 0.58547
vt 0.71634 0.58997
f 954/3732 982/3733 1117/3734
vt 0.38819 0.00099
f 894/2909 972/3675 1028/3735
vt 0.91335 0.98969
vt 0.91343 0.98947
vt 0.91349 0.98946
f 950/3736 970/3737 978/3738
vt 0.91349 0.98982
f 950/3736 978/3738 968/3739
vt 0.53284 0.48009
vt 0.53278 0.47969
f 950/3740 988/3559 970/3741
vt 0.80316 0.81449
vt 0.80295 0.81545
f 934/3678 976/3742 1021/3743
vt 0.15038 0.03575
vt 0.14868 0.03735
vt 0.14969 0.03629
f 934/3744 1021/3745 993/3746
vt 0.14932 0.03505
f 934/3744 993/3746 983/3747
vt 0.45348 0.07918
f 941/3340 997/3539 967/3748
vt 0.26679 0.88015
vt 0.26520 0.88266
vt 0.26472 0.87898
f 1076/3749 900/3750 971/3751
vt 0.88291 0.59645
vt 0.88262 0.59738
f 899/3349 967/3752 955/3753
vt 0.98526 0.16903
vt 0.98550 0.16859
vt 0.98567 0.16888
f 976/3754 963/3755 983/3756
vt 0.98541 0.16918
f 976/3754 983/3756 993/3757
vt 0.73402 0.32391
f 800/2346 1160/2866 1005/3758
vt 0.97960 0.05950
vt 0.97947 0.05875
vt 0.98004 0.05894
f 975/3759 1065/3760 992/3761
vt 0.52521 0.25217
vt 0.52539 0.24673
vt 0.52877 0.25197
f 1007/3762 884/3763 1111/3764
vt 0.29916 0.96815
vt 0.29877 0.96677
vt 0.29949 0.96675
f 997/3765 899/3766 955/3767
vt 0.91341 0.98914
f 970/3737 975/3768 978/3738
vt 0.97938 0.05987
vt 0.97950 0.05966
f 970/3769 979/3770 975/3759
vt 0.53274 0.47966
vt 0.53287 0.47949
f 970/3741 978/3771 979/3772
f 970/3741 988/3559 978/3771
vt 0.99126 0.40035
vt 0.99161 0.40017
vt 0.99161 0.40058
f 976/3773 993/3774 981/3775
vt 0.98926 0.23178
vt 0.98939 0.23219
vt 0.98911 0.23237
f 976/3776 981/3777 1021/3778
f 1012/3699 917/3356 1013/3710
vt 0.91342 0.98887
f 975/3768 992/3779 978/3738
vt 0.96479 0.88561
vt 0.96463 0.88530
vt 0.96541 0.88454
f 975/3780 979/3781 1065/3782
vt 0.98252 0.69466
vt 0.98261 0.69474
vt 0.98250 0.69496
f 992/3783 979/3784 978/3785
vt 0.14949 0.03399
f 934/3744 983/3747 1003/3786
vt 0.93652 0.41224
vt 0.93589 0.41397
vt 0.93637 0.40985
f 927/3787 989/3788 933/3789
vt 0.98249 0.69564
vt 0.98236 0.69533
f 978/3785 988/3790 968/3791
f 892/3722 1088/3724 946/3466
vt 0.88279 0.59515
f 899/3349 907/3792 967/3752
vt 0.31225 0.17779
vt 0.31096 0.18538
vt 0.30853 0.17861
f 908/3793 1004/3794 1122/3795
f 960/3280 838/3285 1029/3593
vt 0.12692 0.70609
f 925/3695 926/3543 1049/3796
vt 0.67721 0.71739
f 862/2954 1133/3797 955/3679
vt 0.92503 0.35847
vt 0.92532 0.35793
vt 0.92637 0.36023
f 927/3798 933/3799 1037/3800
vt 0.18752 0.67444
f 860/2728 987/3619 928/3801
vt 0.42661 0.81588
vt 0.42900 0.81357
vt 0.42761 0.81692
f 966/3802 1100/3803 1047/3804
f 941/3340 967/3748 907/3713
vt 0.24833 0.96040
vt 0.24762 0.96037
f 943/3587 1052/3805 1063/3806
vt 0.80307 0.81910
vt 0.80384 0.82403
f 1041/3807 981/3523 986/3808
vt 0.96659 0.58556
f 980/3707 972/3709 1117/3809
vt 0.90464 0.50284
vt 0.90631 0.50226
vt 0.90521 0.50342
f 992/3810 991/3811 979/3812
vt 0.52575 0.26215
vt 0.52795 0.26590
vt 0.52565 0.26652
f 1009/3813 1057/3814 879/3815
vt 0.66035 0.60180
f 958/3816 926/3725 1000/3727
vt 0.38652 0.00092
f 954/3817 1028/3735 972/3675
vt 0.29594 0.76316
f 980/3653 1117/3818 1052/3711
vt 0.96376 0.07944
vt 0.96298 0.08054
vt 0.96315 0.07865
f 992/3819 1065/3820 1079/3821
vt 0.60507 0.01120
vt 0.60454 0.00878
vt 0.60582 0.00676
f 775/3822 1012/3823 1013/3824
vt 0.99152 0.73520
vt 0.99127 0.73488
vt 0.99152 0.73466
f 925/3825 1049/3826 1038/3827
f 981/3523 826/3522 986/3808
f 906/3608 958/3816 1026/3609
vt 0.24746 0.95881
f 943/3587 1063/3806 972/3828
vt 0.14725 0.06564
f 956/2920 1048/3659 930/3829
vt 0.80300 0.81454
vt 0.80309 0.81404
f 993/3830 964/3831 981/3684
vt 0.14955 0.03573
f 993/3746 1021/3745 964/3832
vt 0.70652 0.57450
vt 0.70471 0.57442
vt 0.70581 0.57210
f 911/3833 1017/3834 988/3835
vt 0.20287 0.61038
f 910/2897 730/3330 1016/3836
vt 0.42544 0.81263
f 966/3802 1023/3837 1100/3803
f 608/3075 959/3241 939/3076
vt 0.46094 0.27803
vt 0.46217 0.27734
f 968/3838 988/3839 932/3395
vt 0.52678 0.25949
f 1007/3762 1111/3764 952/3840
vt 0.15019 0.02211
vt 0.14631 0.02029
f 977/3631 1006/3841 1230/3842
vt 0.45156 0.07624
f 984/3668 967/3372 1156/3843
vt 0.43894 0.71837
vt 0.44119 0.71556
f 942/3844 1051/3845 1097/3369
vt 0.88234 0.93550
vt 0.88235 0.93416
vt 0.88331 0.93569
f 929/3846 1020/3847 1002/3848
f 951/2351 995/3431 1016/3370
vt 0.90519 0.50050
f 991/3811 992/3810 1079/3849
vt 0.66226 0.60062
vt 0.66304 0.60445
f 958/3816 1044/3850 1026/3851
vt 0.52590 0.27006
f 879/3815 1057/3814 896/3852
vt 0.67702 0.71564
f 955/3679 1133/3797 997/3853
f 964/3832 1021/3745 983/3747
vt 0.40115 0.55533
vt 0.40189 0.55152
f 850/3854 1109/3855 1096/3175
f 898/3561 1139/3721 1062/3714
vt 0.96689 0.13411
vt 0.96622 0.13531
vt 0.96621 0.13444
f 990/3856 974/3857 1027/3858
vt 0.93579 0.40969
f 989/3788 1014/3859 933/3789
vt 0.43854 0.71480
vt 0.43937 0.71669
f 942/3844 904/3860 1051/3861
vt 0.91734 0.69129
f 974/3567 933/3688 1014/3862
vt 0.20703 0.60706
vt 0.20430 0.60812
f 863/3863 910/2897 1016/3864
vt 0.12581 0.70685
f 926/3543 1044/3493 1049/3865
vt 0.70444 0.57612
f 911/3833 936/3693 1017/3866
vt 0.08943 0.08248
f 996/3337 1061/3867 1023/3338
vt 0.21001 0.60224
vt 0.20974 0.60463
vt 0.20797 0.59995
f 994/3868 961/3869 1066/3870
vt 0.99484 0.57465
vt 0.99506 0.57459
vt 0.99506 0.57483
f 1011/3871 1019/3872 933/3873
vt 0.62299 0.87853
vt 0.62300 0.87880
f 1011/3661 1014/3874 1019/3875
vt 0.96654 0.61541
vt 0.96696 0.61397
vt 0.96715 0.61559
f 933/3876 1019/3877 1037/3878
vt 0.08022 0.05028
vt 0.08118 0.04568
vt 0.08210 0.04879
f 909/3879 1097/3880 852/3881
vt 0.62082 0.87871
vt 0.62226 0.87812
f 1011/3661 940/3882 1027/3883
vt 0.62163 0.87788
f 940/3882 1060/3884 1027/3883
vt 0.58831 0.67673
f 945/3389 1241/3885 1020/3669
vt 0.58870 0.67143
f 851/3388 944/3886 945/3389
vt 0.77045 0.01313
vt 0.76820 0.01146
f 1072/3887 1099/3888 1025/3488
vt 0.71610 0.58867
f 954/3732 1117/3734 1028/3889
vt 0.96562 0.64114
vt 0.96517 0.64226
vt 0.96498 0.64078
f 972/3890 1063/3891 1117/3892
vt 0.18451 0.68109
f 1064/3505 1002/3184 1081/3893
vt 0.96300 0.07938
f 1065/3820 1085/3894 1079/3821
vt 0.96456 0.88345
f 979/3781 991/3895 1065/3782
vt 0.38914 0.00205
f 1028/3735 1063/3896 894/2909
f 1230/3842 935/3498 977/3631
vt 0.37833 0.02838
vt 0.37871 0.03041
vt 0.37731 0.02819
f 919/3897 1062/3898 1006/3899
f 958/3816 1000/3727 1044/3850
vt 0.44306 0.84616
vt 0.44466 0.84737
vt 0.44380 0.84839
f 859/3900 994/3901 1110/3902
f 984/3668 1156/3843 1143/3647
vt 0.20410 0.60613
vt 0.20276 0.60731
vt 0.20359 0.60316
f 863/3903 1016/3904 995/3905
vt 0.98723 0.79466
vt 0.98696 0.79444
vt 0.98729 0.79419
f 1014/3906 1011/3907 974/3908
vt 0.08398 0.53913
vt 0.08767 0.53850
f 883/3519 1120/3909 1008/3910
f 961/3869 863/3863 1066/3870
vt 0.94791 0.49668
vt 0.94726 0.49639
vt 0.94727 0.49524
f 990/3911 1053/3912 1063/3913
vt 0.19009 0.97678
vt 0.19006 0.97605
vt 0.19058 0.97649
f 1011/3914 1027/3915 974/3916
vt 0.31009 0.19555
vt 0.30985 0.20146
vt 0.30855 0.19599
f 948/3917 957/3918 1339/3919
vt 0.96259 0.07880
f 1079/3821 1085/3894 1078/3920
vt 0.87425 0.93630
vt 0.87432 0.93502
vt 0.87538 0.93594
f 990/3921 1063/3922 1033/3923
vt 0.14414 0.05589
f 998/2882 1159/3924 916/3207
vt 0.15168 0.00819
f 1072/3525 935/3498 1148/3925
vt 0.46747 0.30097
vt 0.46557 0.29771
vt 0.46782 0.29748
f 1103/3926 920/3927 1267/3928
vt 0.42837 0.80796
f 1100/3803 1023/3837 1050/3929
vt 0.02071 0.91927
vt 0.02159 0.91860
vt 0.02230 0.92195
f 1002/3930 1020/3931 1046/3932
vt 0.49271 0.49811
vt 0.49583 0.49719
f 814/3520 1093/3933 1015/3934
vt 0.99295 0.42189
vt 0.99273 0.42149
vt 0.99295 0.42135
f 1019/3935 1027/3936 1045/3937
vt 0.92716 0.51249
vt 0.92650 0.51201
vt 0.92664 0.51072
f 990/3938 1075/3939 1053/3940
vt 0.52970 0.26101
f 952/3840 1119/3941 1009/3813
vt 0.58835 0.99114
vt 0.58857 0.99086
vt 0.58857 0.99160
f 1037/3942 1014/3943 989/3944
vt 0.16064 0.67507
f 862/3001 1018/3535 1133/3945
vt 0.52283 0.27495
vt 0.52171 0.27535
vt 0.52086 0.27419
f 1019/3946 1045/3947 1084/3948
vt 0.01136 0.24740
vt 0.01523 0.25030
f 1295/2894 894/3949 1388/3950
vt 0.51085 0.28329
f 1077/3697 1040/3323 1254/3951
vt 0.97867 0.48232
vt 0.97874 0.48166
vt 0.97903 0.48192
f 1027/3952 1060/3953 1045/3954
vt 0.96526 0.19873
vt 0.96494 0.19866
vt 0.96529 0.19811
f 1019/3955 1014/3956 1027/3957
vt 0.72681 0.23161
vt 0.72772 0.22898
vt 0.72883 0.23057
f 852/3958 1067/3959 1123/3960
vt 0.61827 0.60914
vt 0.61773 0.61128
vt 0.61750 0.60712
f 1001/3961 877/3962 1199/3963
vt 0.92650 0.51287
f 990/3938 1027/3964 1075/3939
vt 0.01386 0.26946
f 959/3241 1206/3558 1107/3965
vt 0.00478 0.71872
vt 0.00410 0.71433
vt 0.00719 0.71493
f 1030/3966 1197/3967 1108/3968
vt 0.08363 0.05811
vt 0.08331 0.05285
vt 0.08413 0.05018
f 1032/3969 953/3970 1123/3971
vt 0.72140 0.58581
vt 0.72044 0.59004
f 982/3733 1077/3972 1274/3973
vt 0.87444 0.93493
vt 0.87525 0.93415
f 1033/3923 1063/3974 1052/3975
vt 0.80305 0.81697
f 1021/3743 981/3684 1041/3976
f 852/3958 1123/3960 953/3573
vt 0.52863 0.26213
f 1009/3813 1119/3977 1057/3814
vt 0.42562 0.81160
vt 0.42707 0.80506
f 1023/3978 1061/3979 1050/3929
vt 0.14592 0.06509
vt 0.14437 0.06897
vt 0.14382 0.06577
f 930/3980 1048/3981 1105/3982
f 930/3980 1105/3982 998/2882
vt 0.74797 0.07984
vt 0.75283 0.08061
vt 0.74736 0.08372
f 877/3983 1035/3984 1199/3985
vt 0.16158 0.68093
f 1036/3246 1029/3593 1018/3986
vt 0.52847 0.27019
f 896/3852 1057/3814 1106/3987
vt 0.17632 0.56343
f 888/3471 1083/3728 1022/3988
vt 0.45291 0.06122
f 947/3692 1150/3715 1135/3989
vt 0.94450 0.65254
vt 0.94581 0.65166
vt 0.94616 0.65365
f 1052/3990 1117/3991 1094/3992
vt 0.90078 0.86660
vt 0.90050 0.86573
vt 0.90116 0.86395
f 1037/3993 1019/3994 1132/3995
vt 0.20980 0.60183
vt 0.20928 0.60080
f 994/3996 1066/3870 1110/3997
vt 0.90133 0.86663
f 1037/3993 1132/3995 1014/3998
vt 0.46431 0.29115
f 920/3927 1114/3999 1267/3928
vt 0.12473 0.70797
vt 0.12479 0.70725
f 1049/3865 1044/4000 1000/4001
vt 0.88288 0.93279
vt 0.88344 0.93356
f 1020/3847 1054/4002 1058/4003
vt 0.38502 0.32295
vt 0.38905 0.32010
f 973/4004 1386/3358 1056/4005
vt 0.19616 0.76867
vt 0.19663 0.76877
vt 0.19637 0.76984
f 997/4006 1133/4007 967/4008
vt 0.14794 0.03187
f 1003/3786 983/3747 1139/4009
vt 0.96445 0.19849
f 1014/3956 1132/4010 1027/3957
vt 0.57506 0.29400
vt 0.57576 0.29622
f 904/3099 1076/4011 1215/4012
vt 0.67457 0.76791
vt 0.67263 0.76830
vt 0.67385 0.76584
f 859/4013 1110/4014 838/4015
vt 0.03353 0.66362
vt 0.03598 0.66036
f 1040/3146 1152/4016 1254/4017
vt 0.08776 0.06521
f 985/3674 1031/4018 1042/3476
vt 0.72692 0.00242
vt 0.72766 0.00291
vt 0.72642 0.00618
f 1108/4019 1087/4020 1030/4021
vt 0.49325 0.50363
f 814/3520 1074/4022 1093/3933
vt 0.90672 0.49943
f 1079/3849 1080/4023 991/3811
vt 0.96523 0.88346
f 1065/3782 991/3895 1067/4024
vt 0.08890 0.53066
f 936/4025 1008/3910 1120/3909
vt 0.38903 0.00052
vt 0.39044 0.00199
f 1117/4026 1063/4027 1028/3735
vt 0.08569 0.52435
vt 0.08949 0.52125
f 936/4025 1234/4028 1017/4029
vt 0.98342 0.90187
vt 0.98308 0.90172
vt 0.98351 0.90127
f 1045/4030 1055/4031 1084/4032
vt 0.97005 0.33078
vt 0.96953 0.32933
vt 0.97058 0.33003
f 1033/4033 1052/4034 1084/4035
vt 0.14862 0.00978
vt 0.15096 0.00845
f 935/3498 1089/4036 1148/4037
vt 0.95895 0.03228
vt 0.95983 0.03182
vt 0.95911 0.03288
f 1055/4038 1132/4039 1019/4040
vt 0.21303 0.92075
vt 0.21304 0.91759
vt 0.21456 0.91831
f 1046/4041 1081/4042 1002/4043
vt 0.19540 0.75823
vt 0.19699 0.75704
vt 0.19790 0.76106
f 1005/4044 1160/4045 1149/4046
vt 0.41326 0.81330
f 971/3409 1010/3276 1195/4047
f 965/3512 1120/3909 883/3519
vt 0.20527 0.60314
f 995/4048 1066/3870 863/3863
vt 0.30197 0.94961
vt 0.30223 0.94716
vt 0.30275 0.94919
f 1000/4049 1038/4050 1049/4051
vt 0.95908 0.03112
f 1055/4038 1045/4052 1132/4039
vt 0.14937 0.02785
f 1006/3841 1062/4053 1230/3842
vt 0.30939 0.19189
vt 0.30876 0.19272
f 1088/4054 948/3917 1339/4055
vt 0.15095 0.01246
vt 0.14846 0.01224
f 935/4056 1257/4057 1089/4036
vt 0.49387 0.49275
f 1039/4058 1015/3934 1093/3933
vt 0.97859 0.03301
vt 0.97842 0.03288
vt 0.97847 0.03219
f 1033/4059 1060/4060 1059/4061
vt 0.97892 0.03282
f 1033/4059 1059/4061 940/4062
vt 0.70790 0.80194
vt 0.70879 0.80212
vt 0.70702 0.80373
f 908/4063 2694/4064 1034/4065
vt 0.14742 0.04178
vt 0.14679 0.03757
f 1021/3745 1041/4066 1213/4067
vt 0.46595 0.95926
vt 0.46650 0.95751
vt 0.46661 0.95885
f 1019/4068 1060/4069 1055/4070
vt 0.99508 0.40024
vt 0.99526 0.40037
vt 0.99508 0.40047
f 940/4071 1053/4072 1075/4073
vt 0.99496 0.37368
vt 0.99484 0.37389
vt 0.99484 0.37344
f 940/4074 1075/4075 1060/4076
vt 0.97889 0.03215
f 940/4062 1059/4061 1053/4077
vt 0.93885 0.89951
vt 0.94067 0.89732
vt 0.94062 0.89926
f 1020/4078 1241/4079 1054/4080
vt 0.49099 0.50890
f 1024/3468 1083/4081 1074/3469
vt 0.24739 0.28628
vt 0.24744 0.29005
vt 0.24433 0.28664
f 1093/4082 1074/4083 1340/4084
vt 0.98310 0.90103
f 1055/4031 1060/4085 1084/4032
vt 0.90667 0.50111
f 991/3811 1080/4023 1085/4086
vt 0.37210 0.94953
vt 0.37235 0.94893
vt 0.37233 0.94959
f 1033/4087 1084/4088 1060/4089
vt 0.16356 0.80737
vt 0.16407 0.81173
vt 0.16185 0.81203
f 1025/4090 1099/4091 1138/4092
vt 0.89006 0.13454
vt 0.89047 0.13401
vt 0.89083 0.13687
f 1076/4093 971/4094 1195/4095
vt 0.52133 0.27585
vt 0.52079 0.27669
vt 0.52034 0.27656
f 1060/4096 1075/4097 1059/4098
vt 0.14695 0.03943
f 1041/4066 1130/4099 1213/4067
vt 0.18604 0.67287
vt 0.18331 0.67337
f 957/4100 928/3801 1205/4101
vt 0.14687 0.03441
f 983/3747 1073/4102 1139/4009
vt 0.67291 0.76519
vt 0.66921 0.76255
vt 0.67479 0.76167
f 838/4103 1111/4104 1029/4105
vt 0.91323 0.29584
vt 0.91359 0.29240
vt 0.91519 0.29491
f 995/4106 1106/4107 1066/4108
f 985/3674 1032/3969 1031/4018
vt 0.96461 0.19733
vt 0.96505 0.19693
f 1027/3957 1132/4109 1075/4110
vt 0.95654 0.30976
vt 0.95789 0.31028
vt 0.95737 0.31130
f 1097/4111 1078/4112 852/4113
vt 0.71718 0.58974
f 1117/4114 982/3733 1274/3973
f 1021/3745 1213/4067 983/3747
vt 0.48925 0.51350
f 1024/3468 1022/4115 1083/4081
f 928/3801 987/3619 1205/4101
vt 0.98928 0.54506
vt 0.98929 0.54605
vt 0.98913 0.54612
f 1078/4116 1068/4117 852/4118
vt 0.98720 0.00095
vt 0.98717 0.00115
vt 0.98698 0.00082
f 1085/4119 1065/4120 1068/4121
vt 0.72855 0.00342
vt 0.72929 0.00539
f 1030/4021 1087/4122 1090/4123
vt 0.98696 0.00098
f 1065/4120 852/4124 1068/4121
vt 0.99458 0.76731
vt 0.99466 0.76754
vt 0.99464 0.76751
f 1065/4125 1067/4126 852/4127
vt 0.45004 0.07466
f 1156/3843 1232/4128 1143/3647
vt 0.51594 0.39256
f 939/2989 1102/4129 812/2990
vt 0.30937 0.17695
f 908/3793 1122/3795 2694/4130
vt 0.46930 0.28700
f 1114/3156 932/3395 1427/4131
vt 0.43904 0.71226
vt 0.44136 0.71543
f 904/3860 1215/4132 1051/4133
vt 0.46105 0.12528
vt 0.46601 0.12780
f 947/4134 1105/4135 999/3637
vt 0.52836 0.24673
f 884/3763 1127/4136 1111/3764
f 983/3747 1213/4067 1073/4102
vt 0.74892 0.08471
f 1035/3984 1200/4137 1199/3985
vt 0.97792 0.88390
vt 0.97764 0.88348
vt 0.97815 0.88280
f 1067/4138 1068/4139 1123/4140
vt 0.97768 0.88401
f 1068/4139 1067/4138 1085/4141
vt 0.43006 0.80403
f 1061/3979 1070/4142 1050/3929
vt 0.08529 0.53023
f 936/4025 1120/3909 1071/4143
vt 0.16116 0.80513
vt 0.16295 0.80405
f 1025/4090 1109/4144 850/4145
vt 0.49127 0.48951
vt 0.49276 0.48791
f 1039/4058 1116/4146 965/4147
vt 0.14383 0.05954
f 998/2882 1113/4148 1159/3924
vt 0.30936 0.95800
vt 0.30992 0.95825
vt 0.30989 0.96094
f 1084/4149 1131/4150 1019/4151
vt 0.75485 0.08408
vt 0.75087 0.08394
f 1035/3984 1179/4152 1200/4153
vt 0.34211 0.51706
vt 0.34084 0.51381
vt 0.34545 0.51709
f 1047/4154 1100/4155 1279/4156
vt 0.18333 0.67914
vt 0.18565 0.68027
f 1081/3893 987/4157 1064/4158
vt 0.90616 0.49745
f 1079/3849 1101/4159 1080/4023
vt 0.97600 0.23948
vt 0.97601 0.24028
vt 0.97525 0.23998
f 1079/4160 1078/4161 1137/4162
vt 0.97559 0.23917
f 1079/4160 1137/4162 1101/4163
vt 0.46545 0.27785
f 932/3395 988/3839 1174/4164
vt 0.02264 0.91761
f 1020/3931 1058/4165 1046/3932
vt 0.46616 0.95675
f 1060/4069 1019/4068 1131/4166
f 998/2882 1105/3982 1113/4148
vt 0.72828 0.22865
vt 0.72798 0.22737
f 1068/4167 1078/4168 1123/3960
vt 0.92606 0.51142
vt 0.92519 0.51059
f 1053/3940 1059/4169 1084/4170
vt 0.92595 0.74702
vt 0.92647 0.74841
vt 0.92535 0.74988
f 1081/4171 1164/4172 1108/4173
vt 0.45142 0.07091
f 1143/3647 1201/4174 1150/3715
vt 0.08824 0.07035
f 1042/3476 1031/4018 1061/4175
vt 0.92564 0.51181
f 1059/4169 1075/4176 1084/4170
vt 0.92602 0.50939
vt 0.92633 0.51034
f 1084/4170 1052/4177 1053/4178
vt 0.39206 0.31991
vt 0.39030 0.31351
f 1069/4179 1056/4005 1479/4180
vt 0.19700 0.76785
vt 0.19963 0.77024
f 967/4008 1133/4181 1156/4182
vt 0.90680 0.66188
vt 0.90527 0.65966
vt 0.90618 0.65933
f 1035/4183 1069/4184 1179/4185
vt 0.02226 0.25486
vt 0.01125 0.25972
f 1295/2894 1389/4186 1082/4187
vt 0.14614 0.05081
vt 0.14593 0.05474
vt 0.14404 0.05049
f 1043/4188 916/4189 1191/4190
vt 0.41735 0.81214
f 1010/3276 1001/4191 1195/4047
vt 0.94448 0.65319
vt 0.94616 0.65367
vt 0.94444 0.65390
f 1052/4192 1094/4193 1053/4194
vt 0.30724 0.18798
f 1004/3794 946/4195 1122/3795
vt 0.34451 0.51914
vt 0.34186 0.52023
f 1047/4154 1083/4196 823/4197
vt 0.52997 0.25677
f 952/3840 1118/4198 1119/3941
vt 0.48905 0.50614
f 1074/3469 1083/4081 1171/4199
vt 0.15720 0.21507
vt 0.15659 0.21956
vt 0.15539 0.21560
f 1041/4200 986/4201 1209/4202
vt 0.24729 0.28229
vt 0.24245 0.28106
f 1093/4203 1340/4084 1189/4204
vt 0.66939 0.42330
vt 0.66991 0.42862
vt 0.66681 0.43193
f 1175/4205 1115/4206 1183/4207
vt 0.08261 0.04496
vt 0.08278 0.04402
f 1078/4208 1097/3880 1137/4209
vt 0.65038 0.31057
vt 0.64966 0.30823
vt 0.65118 0.30625
f 1013/4210 999/4211 1048/4212
vt 0.50531 0.52384
f 882/3353 1034/3548 1345/4213
vt 0.99088 0.74430
vt 0.99122 0.74405
vt 0.99122 0.74448
f 991/4214 1085/4215 1067/4216
vt 0.08262 0.54565
f 965/3512 1128/4217 1120/3909
f 1025/4090 1138/4092 1109/4144
vt 0.49196 0.76907
vt 0.49044 0.76506
vt 0.49467 0.76758
f 1018/4218 1180/4219 1133/4220
vt 0.14561 0.04770
f 1043/4188 1191/4190 986/4221
vt 0.44027 0.71057
vt 0.44192 0.71249
f 1051/4133 1215/4222 1168/4223
vt 0.01218 0.24468
f 894/3949 1063/4224 1388/3950
vt 0.95957 0.46142
vt 0.95912 0.46193
vt 0.95887 0.46052
f 1078/4225 1085/4226 1080/4227
vt 0.84676 0.72737
f 1005/3664 1149/4228 1127/3665
vt 0.75836 0.27961
vt 0.75713 0.27875
vt 0.75851 0.27590
f 1039/4229 1093/4230 1116/4231
vt 0.86972 0.60099
vt 0.86845 0.60198
vt 0.86836 0.59797
f 957/4232 1205/4233 1339/4234
vt 0.44474 0.85209
vt 0.44228 0.85317
f 1110/3902 1066/4235 1119/4236
vt 0.33503 0.04946
vt 0.33789 0.05543
vt 0.33589 0.05613
f 1086/4237 1109/4238 1124/4239
vt 0.24676 0.91972
vt 0.24783 0.92084
vt 0.24692 0.92351
f 1031/4240 1070/4241 1061/4242
vt 0.33850 0.04952
f 1086/4237 1096/4243 1109/4238
vt 0.37185 0.32439
vt 0.37043 0.31898
f 812/4244 1102/4245 1386/3358
vt 0.65129 0.40152
vt 0.65099 0.39590
vt 0.65352 0.40180
f 1115/4246 1175/4247 1341/4248
vt 0.34269 0.50385
vt 0.34470 0.50932
f 1100/4155 1050/4249 1182/4250
vt 0.20919 0.59587
vt 0.20680 0.59494
f 1119/4251 1066/3870 1057/4252
f 1047/4154 1279/4156 1083/4196
vt 0.20636 0.76145
vt 0.20552 0.76201
vt 0.20520 0.76042
f 1084/4253 1075/4254 1104/4255
vt 0.81894 0.70196
vt 0.82038 0.70200
vt 0.81991 0.70249
f 1095/4256 1098/4257 1091/4258
vt 0.76922 0.01446
vt 0.76779 0.01176
f 1072/3887 1148/4259 1099/4260
vt 0.67090 0.41811
vt 0.66601 0.41766
f 1034/4261 1175/4205 1345/4262
vt 0.92511 0.74702
vt 0.92529 0.74668
vt 0.92545 0.74711
f 1046/4263 1058/4264 1081/4265
f 952/3840 1111/3764 1118/4198
vt 0.64477 0.95827
vt 0.64591 0.95714
vt 0.64585 0.95845
f 1053/4266 1094/4267 1063/4268
vt 0.08116 0.04154
vt 0.08246 0.03901
f 1051/4269 1168/4270 1097/3880
vt 0.46211 0.11814
vt 0.46465 0.12193
f 947/4134 1135/4271 1113/4272
vt 0.71753 0.59288
f 1274/3973 1265/4273 1117/3734
vt 0.33792 0.06078
f 1124/4239 1109/4238 1187/4274
vt 0.92537 0.90400
vt 0.92503 0.90387
vt 0.92514 0.90355
f 1208/4275 1091/4276 1098/4277
vt 0.14595 0.02605
vt 0.14876 0.02770
f 1139/4009 1176/4278 1062/4279
vt 0.37316 0.94942
vt 0.37462 0.94848
vt 0.37426 0.94929
f 1060/4280 1132/4281 1045/4282
vt 0.37379 0.94730
f 1060/4280 1131/4283 1132/4281
vt 0.72946 0.22652
f 1123/3960 1078/4168 1140/4284
vt 0.72774 0.22611
f 1080/4285 1140/4284 1078/4168
vt 0.92626 0.75178
f 1108/4173 1164/4172 1087/4286
f 936/4025 1071/4143 1234/4028
vt 0.49164 0.48722
f 965/4147 1116/4146 1128/4287
vt 0.65062 0.30264
f 1048/4212 999/4211 1105/4288
vt 0.95811 0.91508
vt 0.95695 0.91523
vt 0.95727 0.91371
f 1095/4289 1217/4290 1098/4291
vt 0.08745 0.05808
f 1032/3969 1172/4292 1031/4018
vt 0.40687 0.54499
f 1096/3175 1161/4293 1040/3176
vt 0.48873 0.76643
f 1180/4219 1018/4218 1029/4294
vt 0.88975 0.14015
vt 0.89190 0.13986
f 1076/4295 1195/4095 1215/4296
vt 0.66919 0.76699
f 1118/4297 1111/4104 838/4103
vt 0.72959 0.01026
f 1030/4021 1090/4123 1222/4298
vt 0.60600 0.93507
vt 0.60724 0.93664
vt 0.60621 0.93722
f 1267/4299 944/4300 1103/4301
vt 0.72830 0.22545
f 1080/4285 1101/4302 1140/4284
vt 0.65035 0.39132
vt 0.65368 0.39167
f 1034/4303 2693/4304 1175/4247
f 1118/4297 838/4015 1110/4014
vt 0.39658 0.31578
f 1069/4179 1479/4180 1179/4305
vt 0.82042 0.70335
vt 0.81926 0.70363
f 1091/4258 1125/4306 1095/4307
vt 0.15579 0.21244
f 1041/4200 1209/4202 1130/4308
vt 0.01372 0.26321
f 1082/4187 1389/4186 1206/4309
vt 0.66966 0.43454
f 1092/4310 1183/4207 1115/4206
vt 0.94915 0.66678
vt 0.94919 0.66884
vt 0.94748 0.66728
f 1112/4311 1223/4312 1104/4313
vt 0.82068 0.70400
f 1095/4307 1125/4306 1144/4314
vt 0.05479 0.95784
vt 0.05584 0.95813
vt 0.05499 0.95913
f 988/4315 1017/4316 1174/4317
vt 0.93989 0.11345
vt 0.94037 0.11404
vt 0.94053 0.11453
f 1137/4318 1121/4319 1101/4320
vt 0.97047 0.56076
vt 0.96992 0.56075
vt 0.96987 0.55953
f 1081/4321 1058/4322 1142/4323
vt 0.20424 0.59751
f 1106/4324 1057/4252 1066/3870
vt 0.30889 0.17687
vt 0.30871 0.17679
f 2694/4325 1122/3795 2695/4326
vt 0.98541 0.08349
vt 0.98560 0.08428
vt 0.98523 0.08395
f 1091/4327 1208/4328 1144/4329
vt 0.33918 0.05936
f 1187/4274 1109/4238 1138/4330
vt 0.30995 0.95712
f 1084/4149 1169/4331 1131/4150
vt 0.30967 0.95677
f 1084/4149 1153/4332 1169/4331
vt 0.08346 0.04522
vt 0.08443 0.04430
f 1123/3971 1140/4333 1178/4334
vt 0.23348 0.93540
vt 0.23169 0.93616
vt 0.23261 0.93517
f 1208/4335 1098/4336 1126/4337
f 947/4134 1113/4272 1105/4135
vt 0.24712 0.27652
f 1093/4203 1189/4204 1116/4338
vt 0.08281 0.04144
f 1168/4270 1137/4339 1097/3880
vt 0.51990 0.27491
vt 0.51842 0.27511
vt 0.51809 0.27438
f 1084/4340 1104/4341 1129/4342
vt 0.72167 0.58716
vt 0.72186 0.58941
f 1077/4343 1357/4344 1274/3973
vt 0.51861 0.27381
f 1084/4340 1129/4342 1153/4345
vt 0.98221 0.14508
vt 0.98268 0.14458
vt 0.98271 0.14525
f 1121/4346 1141/4347 1101/4348
vt 0.39121 0.00216
vt 0.39200 0.00121
vt 0.39279 0.00181
f 1063/4349 1094/4350 1166/4351
vt 0.31035 0.21546
vt 0.31163 0.21869
vt 0.30750 0.21552
f 1081/4352 1108/4353 1136/4354
vt 0.98649 0.03739
vt 0.98645 0.03719
vt 0.98652 0.03705
f 2694/4355 2695/4356 2696/4357
vt 0.01420 0.24534
f 1063/4224 1166/4358 1388/3950
vt 0.97479 0.08057
vt 0.97446 0.08130
vt 0.97394 0.08106
f 1095/4359 1144/4360 1217/4361
vt 0.20578 0.75791
vt 0.20314 0.75837
f 1112/4362 1104/4255 1265/4363
f 1062/4053 1176/4278 1230/3842
vt 0.67486 0.76012
vt 0.67228 0.75918
f 1029/4364 1111/4104 1180/4365
vt 0.97847 0.15761
vt 0.97921 0.15743
vt 0.97888 0.15802
f 1126/4366 1098/4367 1125/4368
vt 0.41571 0.59103
vt 0.41499 0.58756
vt 0.41715 0.58789
f 1031/4369 1172/4370 1355/4371
vt 0.47002 0.29297
f 1114/3999 1196/4372 1267/3928
vt 0.94295 0.04476
vt 0.94268 0.04391
vt 0.94315 0.04395
f 1131/4373 1153/4374 1167/4375
vt 0.51526 0.98362
vt 0.51484 0.98346
vt 0.51538 0.98310
f 1075/4376 1132/4377 1104/4378
vt 0.41134 0.54810
f 1040/3176 1161/4293 1152/4379
vt 0.33669 0.04238
f 1086/4237 1286/4380 1096/4243
vt 0.45024 0.06524
f 1150/3715 1291/4381 1135/3989
vt 0.65159 0.40791
f 1115/4246 1341/4248 1092/4382
vt 0.08699 0.05120
f 1032/3969 1123/3971 1250/4383
vt 0.30884 0.20951
f 1081/4352 1136/4354 987/4384
vt 0.92683 0.90368
vt 0.92786 0.90355
vt 0.92642 0.90529
f 1126/4385 1193/4386 1208/4387
vt 0.94794 0.66789
f 1104/4313 1223/4312 1145/4388
vt 0.53058 0.24713
f 1127/4136 1214/4389 1111/3764
vt 0.44080 0.85136
vt 0.44269 0.84885
vt 0.44105 0.85294
f 1118/4390 1110/4391 1119/4392
vt 0.76077 0.27347
vt 0.75780 0.27266
f 1128/4393 1116/4231 1270/4394
vt 0.16370 0.81953
vt 0.16195 0.81785
vt 0.16320 0.81650
f 1089/4395 1360/4396 1148/4397
vt 0.00649 0.71221
vt 0.00481 0.71044
f 1108/4398 1197/3967 1136/4399
vt 0.99549 0.01219
vt 0.99553 0.01202
vt 0.99562 0.01219
f 1122/4400 2697/4401 2696/4402
vt 0.94152 0.04421
vt 0.94255 0.04371
f 1131/4373 1134/4403 1158/4404
vt 0.98510 0.01644
vt 0.98455 0.01607
vt 0.98497 0.01600
f 1131/4405 1158/4406 1153/4407
vt 0.99089 0.31959
vt 0.99108 0.31963
vt 0.99088 0.32016
f 1131/4408 1169/4409 1134/4410
vt 0.96952 0.56025
f 1142/4323 1058/4322 1164/4411
vt 0.98011 0.16723
vt 0.97945 0.16730
vt 0.97998 0.16650
f 1091/4412 1144/4413 1126/4414
vt 0.99431 0.54860
vt 0.99431 0.54823
vt 0.99449 0.54840
f 1091/4415 1126/4416 1125/4417
vt 0.46914 0.31249
vt 0.47022 0.30957
vt 0.46996 0.31238
f 1054/4418 1241/4419 1142/4420
vt 0.97961 0.16650
f 1144/4413 1193/4421 1126/4414
vt 0.28670 0.99412
vt 0.28670 0.99362
vt 0.28690 0.99403
f 1137/4422 1168/4423 1147/4424
vt 0.99484 0.59593
vt 0.99499 0.59570
vt 0.99504 0.59593
f 1137/4425 1147/4426 1140/4427
vt 0.94091 0.11319
vt 0.94087 0.11366
f 1137/4318 1140/4428 1121/4429
f 916/4189 1159/3924 1191/4190
vt 0.14675 0.01340
f 1230/3842 1257/4430 935/3498
vt 0.95714 0.55271
vt 0.95762 0.55254
vt 0.95705 0.55300
f 1121/4431 1140/4432 1146/4433
vt 0.94108 0.11341
vt 0.94125 0.11390
f 1121/4429 1147/4434 1141/4435
vt 0.98637 0.17500
vt 0.98663 0.17469
vt 0.98658 0.17518
f 1121/4436 1146/4437 1147/4438
vt 0.33979 0.04653
f 1096/4243 1286/4380 1161/4439
vt 0.01233 0.24319
vt 0.01345 0.24413
vt 0.01235 0.24359
f 1145/4440 1162/4441 1104/4442
vt 0.01249 0.24393
f 1104/4442 1162/4441 1129/4443
vt 0.95705 0.55346
vt 0.95748 0.55362
f 1141/4444 1146/4433 1101/4445
vt 0.69525 0.99362
vt 0.69511 0.99396
vt 0.69498 0.99362
f 1142/4446 1164/4447 1054/4448
vt 0.31006 0.95676
f 1153/4332 1158/4449 1169/4331
vt 0.34218 0.49869
vt 0.34522 0.49775
f 1050/4249 1070/4450 1331/4451
f 1032/3969 1250/4383 1172/4292
vt 0.18408 0.98395
vt 0.18384 0.98357
vt 0.18404 0.98321
f 1141/4452 1147/4453 1168/4454
vt 0.98986 0.05141
vt 0.98957 0.05188
vt 0.98957 0.05142
f 1141/4455 1168/4456 1165/4457
vt 0.24411 0.28921
f 1074/4083 1171/4458 1340/4084
f 1101/4445 1146/4433 1140/4432
vt 0.95329 0.05600
vt 0.95284 0.05478
vt 0.95307 0.05372
f 1155/4459 1151/4460 1157/4461
vt 0.28036 0.93580
vt 0.28091 0.93353
vt 0.28148 0.93604
f 1081/4462 1154/4463 1164/4464
vt 0.19884 0.76470
f 1133/4181 1203/4465 1156/4182
vt 0.07787 0.02128
vt 0.08040 0.02118
vt 0.08024 0.02426
f 1001/4466 1225/4467 1195/4468
f 1114/3999 1427/4131 1196/4372
vt 0.16343 0.81725
f 1099/4091 1148/4469 1138/4092
vt 0.00051 0.71896
f 1030/3966 1222/4470 1197/3967
vt 0.95235 0.05594
f 1155/4459 1246/4471 1151/4460
vt 0.24310 0.27126
vt 0.24676 0.26978
f 1116/4338 1273/4472 1270/4473
vt 0.47081 0.31147
f 1241/4419 1154/4474 1142/4420
vt 0.46439 0.11862
f 1135/4271 1159/4475 1113/4272
vt 0.90157 0.86069
vt 0.90200 0.86181
f 1132/3995 1226/4476 1104/4477
vt 0.97882 0.08620
vt 0.97848 0.08634
vt 0.97856 0.08565
f 1090/4478 1087/4479 1164/4480
vt 0.98832 0.76875
vt 0.98814 0.76815
vt 0.98846 0.76820
f 1144/4481 1125/4482 1193/4483
vt 0.95679 0.55301
vt 0.95688 0.55193
vt 0.95692 0.55281
f 1141/4484 1165/4485 1146/4486
vt 0.01240 0.24436
vt 0.01259 0.24478
f 1169/4487 1129/4443 1134/4488
vt 0.95721 0.55243
f 1146/4486 1165/4485 1147/4489
vt 0.95782 0.15244
vt 0.95670 0.15193
vt 0.95698 0.15080
f 1092/4490 1264/4491 1303/4492
vt 0.28003 0.93476
f 1081/4462 1142/4493 1154/4463
f 1147/4489 1165/4485 1140/4432
vt 0.34597 0.51318
f 1100/4155 1258/4494 1279/4156
vt 0.19519 0.62520
vt 0.19262 0.62732
vt 0.19170 0.61838
f 1086/4495 1124/4496 1293/4497
vt 0.95801 0.55169
f 1140/4432 1165/4485 1178/4498
vt 0.90003 0.86175
f 1132/3995 1131/4499 1226/4476
vt 0.46870 0.30654
vt 0.46995 0.30146
vt 0.47105 0.30522
f 945/4500 944/4501 1253/4502
vt 0.14560 0.04053
vt 0.14321 0.03841
vt 0.14572 0.03705
f 1130/4503 1325/4504 1213/4505
f 1134/4488 1129/4443 1162/4441
vt 0.15674 0.20552
vt 0.15455 0.20391
vt 0.15672 0.19984
f 1139/4506 1300/4507 1176/4508
vt 0.18095 0.85883
vt 0.18072 0.85819
vt 0.18137 0.85881
f 1158/4509 1170/4510 1169/4511
vt 0.96902 0.35513
vt 0.96795 0.35647
vt 0.96805 0.35509
f 1208/4512 1177/4513 1144/4514
vt 0.14797 0.84786
vt 0.14804 0.85271
vt 0.14467 0.84956
f 882/4515 1306/4516 1160/4517
vt 0.50803 0.52642
f 882/3353 1345/4213 1306/4518
vt 0.30359 0.18502
f 946/4195 1299/4519 1122/3795
vt 0.73163 0.00099
vt 0.73160 0.00249
f 1164/4520 1184/4521 1090/4123
vt 0.46292 0.11407
vt 0.46376 0.11690
f 1191/4522 1159/4523 1135/4271
vt 0.67558 0.71101
vt 0.67624 0.71459
vt 0.67500 0.71105
f 1203/4524 1133/4525 1212/4526
vt 0.33397 0.99409
vt 0.33388 0.99468
vt 0.33388 0.99362
f 1139/4527 1073/4528 1300/4529
vt 0.15487 0.20049
f 1176/4508 1300/4507 1186/4530
vt 0.28128 0.93513
vt 0.28167 0.93400
vt 0.28163 0.93531
f 1054/4531 1154/4532 1058/4533
vt 0.20364 0.76214
f 1104/4255 1226/4534 1265/4363
vt 0.14420 0.04602
vt 0.14372 0.04156
f 1209/4535 1329/4536 1130/4503
vt 0.07871 0.01933
vt 0.07849 0.01603
vt 0.08065 0.01898
f 1001/4537 1199/4538 1225/4539
vt 0.75953 0.26461
vt 0.76018 0.27014
vt 0.75758 0.26885
f 1120/4540 1128/4541 1270/4542
vt 0.76863 0.69122
vt 0.77119 0.69380
vt 0.76965 0.69559
f 1143/4543 1232/4544 1277/4545
vt 0.94176 0.04309
f 1158/4404 1134/4403 1162/4546
vt 0.18090 0.85729
vt 0.18080 0.85527
vt 0.18149 0.85704
f 1223/4547 1163/4548 1145/4549
vt 0.97453 0.62601
vt 0.97383 0.62669
vt 0.97375 0.62548
f 1054/4550 1164/4551 1154/4552
vt 0.95236 0.36272
vt 0.95303 0.36353
vt 0.95241 0.36434
f 1157/4553 1194/4554 1155/4555
vt 0.92608 0.63048
vt 0.92566 0.62944
vt 0.92660 0.62961
f 1131/4556 1167/4557 1226/4558
vt 0.84233 0.72907
f 1149/4228 1214/4559 1127/3665
f 1178/4334 1250/4383 1123/3971
vt 0.51815 0.27272
vt 0.51690 0.27330
vt 0.51725 0.27234
f 1167/4560 1153/4561 1173/4562
vt 0.82201 0.70696
vt 0.81988 0.70496
f 1144/4314 1177/4563 1217/4564
vt 0.51705 0.27386
f 1153/4561 1129/4342 1145/4565
vt 0.18099 0.85833
f 1169/4511 1170/4510 1162/4566
vt 0.11111 0.85612
vt 0.10987 0.85590
vt 0.11046 0.85445
f 1150/4567 1201/4568 1244/4569
vt 0.41734 0.59386
f 1031/4369 1355/4371 1070/4570
f 986/4221 1191/4190 1209/4535
vt 0.95745 0.13728
vt 0.95678 0.13622
vt 0.95758 0.13625
f 1125/4571 1263/4572 1193/4573
vt 0.01425 0.27229
f 959/3241 1107/3965 1308/4574
vt 0.99246 0.26633
vt 0.99238 0.26605
vt 0.99261 0.26630
f 1158/4575 1167/4576 1170/4577
vt 0.94289 0.04336
f 1158/4404 1162/4546 1167/4578
vt 0.45150 0.05644
vt 0.45254 0.05438
f 1135/3989 1259/4579 1191/4580
vt 0.49251 0.76226
f 1133/4220 1180/4219 1212/4581
vt 0.99261 0.26580
f 1170/4577 1167/4576 1173/4582
vt 0.08573 0.52084
f 1017/4029 1234/4028 1174/4583
vt 0.20028 0.76582
f 1203/4465 1232/4584 1156/4182
vt 0.97317 0.43855
vt 0.97275 0.43777
vt 0.97299 0.43746
f 1129/4585 1210/4586 1145/4587
vt 0.94303 0.04280
f 1167/4578 1162/4546 1239/4588
vt 0.19524 0.62132
vt 0.19369 0.61656
f 1086/4589 1293/4497 1204/4590
vt 0.77111 0.29181
vt 0.77104 0.29483
vt 0.77020 0.29262
f 1098/4591 1217/4592 1125/4593
vt 0.92613 0.62884
f 1167/4557 1239/4594 1226/4558
vt 0.66767 0.43458
f 1092/4310 1303/4595 1183/4207
vt 0.98347 0.02814
vt 0.98301 0.02808
vt 0.98316 0.02752
f 1129/4596 1169/4597 1210/4598
vt 0.51131 0.27786
vt 0.51034 0.27457
f 1077/3697 1254/4599 1357/4600
vt 0.16313 0.82203
vt 0.16223 0.81909
f 1089/4395 1257/4601 1360/4602
vt 0.01177 0.26859
vt 0.01226 0.26554
vt 0.01345 0.26765
f 1208/4603 1193/4604 1238/4605
vt 0.76928 0.29322
f 1125/4593 1217/4592 1263/4606
vt 0.08331 0.03931
vt 0.08517 0.03731
f 1165/4607 1320/4608 1178/4334
vt 0.65455 0.39723
f 1341/4248 1175/4247 1383/4609
vt 0.34517 0.51369
f 1100/4155 1182/4250 1258/4610
vt 0.94259 0.04269
f 1162/4546 1170/4611 1239/4588
vt 0.18155 0.85686
f 1145/4549 1163/4548 1112/4612
vt 0.66968 0.75955
f 1180/4365 1111/4104 1214/4613
vt 0.94243 0.42535
vt 0.94265 0.42678
vt 0.94172 0.42722
f 1184/4614 1237/4615 1090/4616
vt 0.92060 0.95103
vt 0.92039 0.94938
vt 0.92099 0.94937
f 1157/4617 1151/4618 1312/4619
vt 0.28214 0.93381
f 1058/4533 1154/4532 1335/4620
vt 0.08329 0.03911
f 1165/4621 1168/4270 1320/4608
vt 0.51649 0.27255
f 1153/4561 1192/4622 1173/4562
vt 0.95707 0.13434
f 1193/4573 1263/4572 1219/4623
vt 0.71587 0.59270
f 1117/3734 1265/4273 1094/4624
vt 0.46955 0.31287
vt 0.47112 0.31261
vt 0.47036 0.31397
f 1058/4625 1335/4626 1164/4627
vt 0.73140 0.00467
vt 0.73088 0.00654
f 1090/4123 1237/4628 1222/4629
vt 0.95354 0.36257
f 1157/4553 1233/4630 1194/4554
vt 0.71194 0.97606
vt 0.71251 0.97566
vt 0.71273 0.97654
f 1172/4631 1250/4632 1355/4633
vt 0.18953 0.63146
vt 0.18904 0.62528
f 1124/4496 1187/4634 1220/4635
vt 0.30609 0.20912
f 1249/4636 987/4384 1136/4354
vt 0.20021 0.76092
f 1149/4046 1160/4045 1284/4637
vt 0.97459 0.57143
vt 0.97411 0.57141
vt 0.97423 0.57046
f 1155/4638 1194/4639 1240/4640
vt 0.28593 0.66746
vt 0.28164 0.66905
vt 0.28572 0.66433
f 1086/4641 1204/4642 1286/4643
f 1116/4338 1189/4204 1273/4472
vt 0.30345 0.17875
f 1122/3795 1299/4519 1354/4644
vt 0.21939 0.96724
vt 0.21909 0.96855
vt 0.21865 0.96761
f 1151/4645 1246/4646 1194/4647
vt 0.51632 0.27425
vt 0.51567 0.27557
vt 0.51492 0.27380
f 1112/4648 1265/4649 1211/4650
vt 0.95350 0.36177
f 1157/4553 1312/4651 1233/4630
vt 0.94197 0.04301
vt 0.94236 0.04207
f 1169/4652 1162/4546 1210/4653
f 1138/4092 1148/4469 1360/4602
vt 0.08215 0.03218
f 1168/4270 1215/4654 1320/4608
vt 0.17975 0.85752
vt 0.18009 0.85734
f 1173/4655 1216/4656 1170/4510
vt 0.51259 0.53738
vt 0.51174 0.53397
vt 0.51263 0.53497
f 1143/4657 1277/4658 1269/4659
vt 0.17774 0.55398
vt 0.18230 0.55360
vt 0.17943 0.55632
f 1083/4660 1302/4661 1171/4662
vt 0.15646 0.18866
vt 0.15678 0.19505
vt 0.15520 0.19357
f 1257/4663 1230/4664 1242/4665
vt 0.77673 0.12448
vt 0.77709 0.12040
vt 0.77842 0.12293
f 1207/4666 1188/4667 1467/4668
vt 0.18035 0.85734
f 1170/4510 1216/4656 1192/4669
vt 0.01517 0.24751
f 1388/3950 1166/4358 1231/4670
vt 0.73294 0.00353
vt 0.73490 0.00292
f 1184/4671 1164/4520 1185/4672
vt 0.83133 0.85601
vt 0.82892 0.85381
vt 0.83050 0.85129
f 1229/4673 1181/4674 1190/4675
vt 0.18792 0.63273
vt 0.18738 0.63359
vt 0.18647 0.63342
f 1187/4676 1138/4677 1287/4678
vt 0.97938 0.84168
vt 0.97952 0.84123
vt 0.97965 0.84207
f 1162/4679 1145/4680 1323/4681
vt 0.45226 0.05299
vt 0.45259 0.05261
f 1191/4580 1259/4682 1209/4683
vt 0.96896 0.88323
vt 0.96816 0.88280
vt 0.96855 0.88169
f 1201/4684 1291/4685 1244/4686
vt 0.11103 0.85153
f 1150/4567 1244/4569 1272/4687
vt 0.50525 0.76848
vt 0.50650 0.76333
vt 0.50652 0.76791
f 1150/4688 1272/4689 1291/4690
vt 0.01309 0.24246
vt 0.01330 0.24164
vt 0.01345 0.24255
f 1145/4691 1112/4692 1153/4693
vt 0.71567 0.45051
vt 0.71575 0.44941
vt 0.71776 0.44870
f 1197/4694 1237/4695 1136/4696
vt 0.69783 0.48600
vt 0.69371 0.49209
vt 0.69229 0.48637
f 1181/4697 1256/4698 1251/4699
vt 0.57419 0.85901
vt 0.57367 0.86286
vt 0.57279 0.86105
f 1218/4700 1193/4701 1219/4702
vt 0.82110 0.71095
f 1177/4563 1268/4703 1217/4564
vt 0.34761 0.50531
f 1182/4250 1050/4249 1313/4704
vt 0.27804 0.66492
f 1204/4642 1328/4705 1286/4643
vt 0.57300 0.85753
f 1218/4700 1219/4702 1221/4706
vt 0.18068 0.85774
vt 0.18087 0.85717
f 1170/4707 1192/4669 1210/4708
f 1170/4611 1210/4653 1239/4588
vt 0.51582 0.27364
f 1112/4648 1211/4650 1153/4709
vt 0.18856 0.63009
f 1187/4634 1229/4710 1220/4635
vt 0.48955 0.75970
vt 0.49449 0.75903
f 1214/4711 1149/4712 1212/4581
vt 0.30717 0.20258
f 1205/4713 987/4384 1249/4636
vt 0.30504 0.20059
f 1205/4713 1249/4636 1364/4714
vt 0.41597 0.58422
vt 0.41870 0.58129
f 1250/4715 1326/4716 1355/4371
vt 0.01490 0.27481
f 959/3241 1308/4574 1252/4717
vt 0.97644 0.16699
vt 0.97638 0.16601
vt 0.97707 0.16615
f 1194/4718 1233/4719 1151/4720
vt 0.75735 0.26528
vt 0.75708 0.26281
f 1120/4540 1270/4721 1275/4722
vt 0.66394 0.42090
f 1175/4205 1402/4723 1345/4262
vt 0.96287 0.68412
vt 0.96339 0.68402
vt 0.96351 0.68525
f 1264/4724 1228/4725 1198/4726
vt 0.27003 0.94958
vt 0.27042 0.95111
vt 0.26962 0.95176
f 1217/4727 1268/4728 1252/4729
vt 0.28215 0.93313
f 1154/4532 1241/4730 1335/4620
vt 0.34669 0.51408
f 1279/4156 1258/4494 1248/4731
vt 0.65290 0.40841
f 1092/4382 1341/4248 1264/4732
vt 0.69833 0.49443
vt 0.69597 0.49456
vt 0.69784 0.49193
f 1187/4733 1287/4734 1229/4735
vt 0.18724 0.63446
vt 0.18598 0.63570
f 1138/4736 1202/4737 1287/4678
f 1149/4046 1284/4637 1203/4465
vt 0.73489 0.00045
f 1164/4520 1335/4738 1185/4672
vt 0.47071 0.30837
f 1241/4739 945/4500 1253/4502
vt 0.51363 0.27371
vt 0.51433 0.27254
f 1112/4648 1274/4740 1282/4741
f 1181/4697 1229/4735 1256/4698
vt 0.84929 0.38454
vt 0.85007 0.38348
vt 0.85070 0.38440
f 1143/4742 1269/4743 1201/4744
vt 0.51511 0.27204
f 1173/4562 1192/4622 1211/4745
f 959/3241 1252/4717 939/3076
vt 0.14602 0.85321
f 1306/4516 1284/4746 1160/4517
f 1180/4219 1214/4711 1212/4581
vt 0.94212 0.04160
f 1210/4653 1162/4546 1236/4747
vt 0.34619 0.51362
f 1258/4610 1182/4250 1292/4748
vt 0.45073 0.06051
f 1135/3989 1281/4749 1259/4579
vt 0.30479 0.19541
f 1339/4750 1205/4713 1364/4714
vt 0.94324 0.04204
f 1239/4588 1210/4653 1216/4751
vt 0.99088 0.45722
vt 0.99094 0.45671
vt 0.99115 0.45706
f 1112/4752 1282/4753 1223/4754
vt 0.51536 0.27253
f 1192/4622 1261/4755 1211/4745
vt 0.97716 0.84575
vt 0.97692 0.84626
vt 0.97605 0.84583
f 1162/4756 1226/4757 1236/4758
vt 0.16073 0.81556
f 1138/4092 1360/4602 1202/4759
vt 0.85468 0.13607
vt 0.85819 0.13692
vt 0.85677 0.14139
f 1181/4760 1255/4761 1347/4762
vt 0.97963 0.09832
vt 0.98006 0.09927
vt 0.97953 0.09886
f 1173/4763 1239/4764 1216/4765
vt 0.57295 0.85030
vt 0.57370 0.85362
vt 0.57243 0.85316
f 1227/4766 1276/4767 1224/4768
vt 0.96624 0.86401
vt 0.96676 0.86211
vt 0.96709 0.86383
f 1166/4769 1094/4770 1265/4771
vt 0.92986 0.37130
vt 0.92883 0.37093
vt 0.92981 0.36829
f 1198/4772 1352/4773 1264/4774
vt 0.45075 0.06864
vt 0.44640 0.07002
f 1201/4775 1435/4776 1291/4381
vt 0.69518 0.48531
f 1251/4699 1255/4777 1181/4697
f 1176/4508 1186/4530 1230/4664
vt 0.08628 0.04302
f 1178/4334 1301/4778 1250/4383
vt 0.00173 0.71373
f 1197/3967 1222/4470 1237/4779
f 1050/4249 1331/4451 1313/4704
vt 0.14272 0.04123
f 1130/4503 1329/4780 1325/4504
vt 0.20373 0.77752
vt 0.20356 0.77836
vt 0.20327 0.77751
f 1221/4781 1219/4782 1243/4783
vt 0.71608 0.49061
vt 0.71801 0.49282
vt 0.71535 0.49177
f 1213/4784 1325/4785 1073/4786
vt 0.43892 0.70587
vt 0.43883 0.70461
vt 0.43981 0.70698
f 1195/4787 1334/4788 1215/4789
vt 0.57375 0.85616
f 1224/4768 1218/4790 1221/4706
vt 0.18167 0.85703
vt 0.18137 0.85704
vt 0.18111 0.85629
f 1323/4791 1145/4792 1261/4793
vt 0.50844 0.76468
f 1272/4689 1369/4794 1291/4690
f 1210/4708 1261/4793 1145/4792
vt 0.98360 0.69359
vt 0.98359 0.69383
vt 0.98313 0.69344
f 1153/4795 1210/4796 1192/4797
vt 0.77844 0.11505
vt 0.77658 0.11272
f 1235/4798 1188/4667 1288/4799
vt 0.71608 0.44813
vt 0.71676 0.44574
f 1136/4696 1237/4800 1266/4801
vt 0.49394 0.76106
f 1212/4581 1149/4712 1203/4802
vt 0.69538 0.49268
f 1256/4698 1229/4735 1287/4803
vt 0.64947 0.28483
vt 0.64787 0.28256
vt 0.64930 0.27984
f 1209/4804 1381/4805 1329/4806
f 1224/4768 1276/4767 1218/4790
vt 0.92520 0.62769
vt 0.92528 0.62587
vt 0.92661 0.62752
f 1173/4807 1211/4808 1239/4809
vt 0.98308 0.69425
vt 0.98301 0.69376
f 1192/4797 1216/4810 1261/4811
vt 0.94289 0.04181
f 1210/4653 1236/4747 1216/4812
vt 0.64746 0.28924
f 1209/4804 1259/4813 1381/4805
vt 0.20304 0.76652
vt 0.20322 0.77023
vt 0.20227 0.76572
f 1227/4814 1224/4815 1247/4816
f 1178/4334 1320/4608 1301/4778
vt 0.97835 0.12242
vt 0.97890 0.12226
vt 0.97870 0.12342
f 1208/4817 1238/4818 1177/4819
vt 0.01553 0.24309
vt 0.01420 0.24473
f 1162/4441 1323/4820 1226/4821
vt 0.01416 0.23964
vt 0.01571 0.23834
vt 0.01553 0.24000
f 1265/4822 1274/4823 1379/4824
vt 0.76899 0.29001
vt 0.76765 0.29215
f 1219/4825 1263/4606 1238/4826
f 1135/3989 1291/4381 1281/4749
vt 0.01315 0.26166
vt 0.01341 0.26540
f 1193/4604 1218/4827 1238/4828
vt 0.00439 0.70655
vt 0.00391 0.70695
vt 0.00438 0.70531
f 1136/4829 1266/4830 1249/4831
vt 0.18012 0.54682
f 1279/4832 1302/4661 1083/4660
vt 0.20221 0.76177
f 1226/4534 1166/4833 1265/4363
f 1175/4247 2693/4304 1383/4609
vt 0.75715 0.25912
vt 0.75784 0.25869
f 1120/4540 1275/4834 1071/4835
vt 0.97244 0.92216
vt 0.97300 0.92197
vt 0.97266 0.92257
f 1153/4836 1261/4837 1210/4838
f 1226/4534 1227/4814 1166/4833
vt 0.00189 0.71223
vt 0.00103 0.70854
vt 0.00284 0.70755
f 1237/4839 1400/4840 1266/4841
vt 0.65260 0.41324
vt 0.65524 0.41047
vt 0.65242 0.41397
f 1198/4842 1228/4843 1278/4844
vt 0.97365 0.57134
f 1194/4639 1246/4845 1240/4640
vt 0.33091 0.55347
vt 0.32856 0.54689
vt 0.33269 0.55318
f 1152/4846 1462/4847 1254/4848
vt 0.97407 0.77151
vt 0.97364 0.77011
vt 0.97429 0.77018
f 1155/4849 1283/4850 1246/4851
vt 0.91803 0.73898
vt 0.91993 0.73912
vt 0.91979 0.74075
f 1155/4852 1240/4853 1283/4854
vt 0.57305 0.84721
vt 0.57343 0.84884
f 1227/4766 1226/4855 1280/4856
vt 0.94276 0.04113
f 1216/4812 1236/4747 1261/4857
vt 0.18841 0.62054
f 1124/4496 1375/4858 1293/4497
vt 0.96863 0.46324
vt 0.96843 0.46459
vt 0.96797 0.46335
f 1274/4859 1112/4860 1163/4861
vt 0.03678 0.65715
vt 0.03799 0.65593
f 1254/4017 1336/4862 1357/4863
vt 0.18200 0.55978
f 1171/4662 1302/4661 1324/4864
vt 0.96851 0.91043
vt 0.96800 0.90912
vt 0.96901 0.90927
f 1291/4865 1369/4866 1244/4867
f 1230/4664 1186/4530 1242/4665
vt 0.97260 0.92090
f 1211/4868 1261/4837 1153/4836
vt 0.32517 0.55013
f 1152/4846 1161/4869 1462/4847
vt 0.15467 0.19631
f 1186/4530 1439/4870 1242/4665
f 1232/4584 1203/4465 1284/4637
vt 0.01424 0.24061
vt 0.01495 0.24086
f 1265/4871 1379/4824 1211/4872
vt 0.34712 0.51289
f 1292/4748 1182/4250 1248/4873
vt 0.76936 0.69865
f 1277/4545 1232/4544 1294/4874
f 1220/4635 1375/4858 1124/4496
vt 0.76782 0.29132
vt 0.76776 0.28802
f 1219/4825 1238/4875 1243/4876
vt 0.94562 0.20321
vt 0.94445 0.20609
vt 0.94458 0.20398
f 1071/4877 1275/4878 1307/4879
vt 0.83443 0.48263
vt 0.83463 0.48034
vt 0.83547 0.48163
f 1229/4880 1190/4881 1220/4882
vt 0.01561 0.24528
vt 0.01410 0.24554
f 1323/4820 1231/4883 1226/4884
vt 0.01375 0.26245
f 1218/4827 1243/4885 1238/4828
vt 0.01901 0.26534
vt 0.01476 0.26914
f 1206/4309 1454/4886 1107/4887
vt 0.34274 0.49383
vt 0.34326 0.48581
f 1070/4888 1355/4889 1331/4451
vt 0.91383 0.48727
vt 0.91368 0.48501
vt 0.91462 0.48575
f 1246/4890 1233/4891 1240/4892
vt 0.92878 0.36721
f 1264/4774 1352/4773 1303/4893
vt 0.77019 0.30040
vt 0.76829 0.30216
f 1217/4592 1252/4894 1304/4895
f 1217/4592 1304/4895 1263/4606
vt 0.66561 0.42691
f 1175/4205 1183/4207 1370/4896
vt 0.10849 0.85312
f 1244/4569 1384/4897 1272/4687
vt 0.44899 0.07068
f 1201/4775 1269/4898 1435/4776
vt 0.77801 0.10920
f 1235/4798 1288/4799 1343/4899
vt 0.87715 0.92258
vt 0.87863 0.91984
vt 0.87850 0.92374
f 1262/4900 1260/4901 1289/4902
vt 0.41456 0.54772
vt 0.41498 0.54602
vt 0.41671 0.54593
f 1254/4903 1309/4904 1336/4905
vt 0.01589 0.27765
f 939/3076 1252/4717 1305/4906
vt 0.82200 0.70897
f 1177/4563 1304/4907 1268/4703
vt 0.90022 0.85942
vt 0.90095 0.85804
f 1239/4908 1236/4909 1226/4476
vt 0.76557 0.60818
vt 0.75957 0.60833
vt 0.76411 0.60500
f 1181/4910 1347/4911 1190/4912
vt 0.20351 0.77509
vt 0.20237 0.77062
f 1224/4815 1221/4913 1245/4914
vt 0.82680 0.04154
vt 0.82642 0.03833
vt 0.82815 0.03960
f 1253/4915 944/4916 1353/4917
vt 0.20225 0.76807
f 1224/4815 1280/4918 1247/4816
vt 0.76813 0.29623
vt 0.76757 0.29386
f 1263/4606 1177/4919 1238/4920
vt 0.87732 0.91865
vt 0.87892 0.91736
f 1262/4921 1283/4922 1260/4901
vt 0.63934 0.38464
vt 0.64306 0.37931
vt 0.64291 0.38615
f 1188/4923 1351/4924 1467/4925
vt 0.44772 0.08976
vt 0.44721 0.08925
vt 0.44758 0.08800
f 1188/4926 1398/4927 1288/4928
f 1227/4814 1247/4816 1166/4833
vt 0.91887 0.73764
vt 0.92015 0.73660
vt 0.91932 0.73819
f 1233/4929 1312/4930 1240/4931
vt 0.63950 0.35771
vt 0.64076 0.35484
vt 0.64088 0.36052
f 1244/4932 1369/4933 1384/4934
vt 0.01504 0.24777
vt 0.01484 0.24995
f 1226/4884 1247/4935 1280/4936
vt 0.41615 0.57976
vt 0.41751 0.57871
f 1250/4937 1301/4938 1326/4716
vt 0.92019 0.94745
vt 0.92115 0.94766
f 1151/4618 1285/4939 1312/4940
vt 0.63945 0.38051
f 1188/4923 1235/4941 1351/4924
vt 0.82837 0.04165
f 1253/4915 1353/4917 1342/4942
vt 0.01333 0.26047
vt 0.01446 0.25453
vt 0.01462 0.25931
f 1218/4943 1276/4944 1243/4945
vt 0.45312 0.04511
vt 0.45158 0.04824
vt 0.45107 0.04631
f 1329/4946 1381/4947 1317/4948
vt 0.93335 0.41804
vt 0.93310 0.41922
vt 0.93254 0.41693
f 1224/4949 1245/4950 1280/4951
vt 0.40999 0.88248
vt 0.40820 0.88263
vt 0.40950 0.88092
f 1071/4952 1307/4953 1234/4954
vt 0.30679 0.17739
f 2697/4955 1122/3795 1354/4644
vt 0.95568 0.11799
vt 0.95455 0.11758
vt 0.95511 0.11616
f 1237/4956 1184/4957 1350/4958
vt 0.91122 0.90874
vt 0.91005 0.91271
vt 0.90925 0.91035
f 1232/4959 1284/4960 1294/4961
vt 0.77672 0.10685
f 1343/4899 1288/4799 1271/4962
vt 0.91437 0.48795
vt 0.91431 0.49059
f 1283/4963 1262/4964 1246/4890
vt 0.77837 0.10628
f 1271/4962 1399/4965 1343/4899
vt 0.84876 0.38162
vt 0.85027 0.38218
f 1269/4743 1277/4966 1337/4967
vt 0.40878 0.87973
vt 0.40831 0.87917
vt 0.40767 0.87711
f 1234/4968 1296/4969 1174/4970
vt 0.93819 0.57192
vt 0.93999 0.57184
vt 0.93938 0.57400
f 1253/4971 1342/4972 1241/4973
vt 0.86952 0.45208
vt 0.86798 0.45706
vt 0.86765 0.45196
f 1288/4974 1398/4975 1407/4976
f 1182/4250 1313/4704 1248/4873
vt 0.76693 0.70273
vt 0.76954 0.70203
f 1306/4977 1294/4874 1284/4978
vt 0.01449 0.25439
vt 0.01404 0.25213
vt 0.01515 0.25312
f 1276/4979 1227/4980 1245/4981
f 1177/4919 1263/4606 1304/4895
f 1227/4980 1280/4936 1245/4981
vt 0.50652 0.93303
vt 0.50648 0.93444
vt 0.50586 0.93312
f 1245/4982 1221/4983 1276/4984
vt 0.71868 0.44352
vt 0.71660 0.44198
vt 0.71674 0.43609
f 1249/4985 1266/4986 1364/4987
vt 0.82704 0.03516
f 944/4916 1267/4988 1353/4917
f 1226/4884 1231/4883 1247/4935
vt 0.45124 0.05504
vt 0.44814 0.06017
vt 0.44939 0.05339
f 1259/4989 1281/4990 1414/4991
vt 0.50632 0.93588
f 1276/4984 1221/4983 1243/4992
vt 0.07873 0.01472
vt 0.07765 0.01065
vt 0.08095 0.01470
f 1199/4993 1200/4994 1380/4995
vt 0.01582 0.27875
f 939/3076 1305/4906 1349/4996
vt 0.01568 0.27969
f 939/3076 1349/4996 1382/4997
vt 0.49796 0.98928
vt 0.49796 0.98875
vt 0.49836 0.98908
f 1248/4998 1310/4999 1292/5000
vt 0.66533 0.42278
f 1175/4205 1370/4896 1402/5001
vt 0.93308 0.41166
vt 0.93290 0.41502
vt 0.93234 0.41148
f 1166/5002 1247/5003 1231/5004
f 1206/4309 1389/4186 1454/4886
vt 0.96975 0.95133
vt 0.96985 0.95040
vt 0.97046 0.95137
f 1258/5005 1310/5006 1248/5007
vt 0.49123 0.61687
vt 0.49065 0.61812
vt 0.48730 0.62037
f 1283/5008 1314/5009 1260/5010
vt 0.64845 0.97689
vt 0.64792 0.97640
vt 0.64819 0.97558
f 1336/5011 1309/5012 1289/5013
vt 0.64863 0.97570
f 1336/5011 1289/5013 1290/5014
vt 0.30707 0.19124
vt 0.30429 0.19165
f 1088/5015 1339/4750 1321/5016
f 1088/5015 1321/5016 946/4195
vt 0.48618 0.62266
vt 0.48500 0.62293
f 1260/5010 1297/5017 1289/5018
vt 0.64164 0.36766
vt 0.64039 0.36339
f 1399/5019 1269/5020 1384/4934
vt 0.92619 0.62554
f 1211/4808 1372/5021 1239/4809
vt 0.01786 0.23940
f 1379/4824 1274/4823 1445/5022
vt 0.91345 0.49043
vt 0.91342 0.48930
f 1262/4964 1297/5023 1314/5024
vt 0.77690 0.10338
f 1271/4962 1269/5025 1399/4965
vt 0.92691 0.62632
f 1239/4809 1372/5021 1236/5026
f 1262/4964 1314/5024 1246/4890
vt 0.48388 0.62492
f 1289/5018 1297/5017 1290/5027
vt 0.51284 0.39078
f 939/2989 1382/5028 1102/4129
vt 0.91436 0.48387
vt 0.91366 0.48233
f 1151/5029 1233/4891 1285/5030
vt 0.50849 0.51999
vt 0.50816 0.52642
f 1345/4213 1377/5031 1306/5032
vt 0.81141 0.92224
vt 0.81156 0.92099
vt 0.81230 0.92104
f 1258/5033 1292/5034 1315/5035
vt 0.18174 0.85203
vt 0.18186 0.85386
f 1163/4548 1344/5036 1274/5037
vt 0.47156 0.31496
vt 0.47228 0.31373
vt 0.47232 0.31527
f 1184/5038 1185/5039 1350/5040
vt 0.05775 0.98376
vt 0.05806 0.98293
vt 0.05840 0.98343
f 1258/5041 1315/5042 1310/5043
vt 0.82794 0.02961
vt 0.82849 0.03429
f 1196/5044 1311/5045 1267/4988
vt 0.47090 0.30979
vt 0.47404 0.30604
vt 0.47304 0.31111
f 1241/5046 1342/5047 1335/5048
vt 0.14546 0.01340
vt 0.14218 0.01149
vt 0.14724 0.00826
f 1257/5049 1346/5050 1360/5051
vt 0.44907 0.06559
f 1291/5052 1435/4776 1281/4990
vt 0.08316 0.02394
f 1195/4468 1225/4467 1322/5053
vt 0.66640 0.43667
vt 0.66494 0.43455
vt 0.66531 0.43169
f 1303/5054 1367/5055 1183/5056
vt 0.97331 0.75102
vt 0.97227 0.75228
vt 0.97239 0.75066
f 1234/5057 1307/5058 1296/5059
vt 0.97162 0.72168
vt 0.97098 0.72224
vt 0.97120 0.72091
f 1261/5060 1236/5061 1372/5062
vt 0.18135 0.85559
vt 0.17986 0.85315
vt 0.18193 0.85436
f 1261/5063 1372/5064 1323/5065
vt 0.94595 0.18961
vt 0.94475 0.18748
vt 0.94617 0.18821
f 1288/5066 1474/5067 1271/5068
vt 0.92624 0.48947
vt 0.92614 0.48780
vt 0.92755 0.48967
f 1278/5069 1352/5070 1198/5071
vt 0.00020 0.71281
vt 0.00039 0.71040
f 1237/4839 1350/5072 1400/5073
vt 0.64007 0.37494
vt 0.64042 0.37253
f 1235/5074 1343/5075 1351/4924
vt 0.08200 0.02469
vt 0.08390 0.02463
vt 0.08377 0.02868
f 1195/5076 1322/5077 1334/5078
f 1320/4608 1215/4654 1334/5078
vt 0.18180 0.54254
vt 0.18271 0.54405
f 1248/5079 1315/5080 1279/4832
vt 0.81956 0.71061
vt 0.81932 0.71377
f 1252/5081 1268/4703 1305/5082
vt 0.33887 0.03891
vt 0.33993 0.04187
f 1286/4380 1444/5083 1161/5084
vt 0.64016 0.38911
vt 0.64366 0.38876
f 1207/5085 1467/4925 1420/5086
vt 0.86959 0.45843
vt 0.86815 0.46044
f 1188/5087 1207/5088 1398/4975
vt 0.85008 0.38090
vt 0.85128 0.37699
f 1337/5089 1277/4966 1387/5090
vt 0.18017 0.85454
f 1163/4548 1223/5091 1344/5036
vt 0.14396 0.03570
vt 0.14044 0.03215
vt 0.14284 0.03169
f 1073/5092 1374/5093 1300/5094
vt 0.18056 0.85235
vt 0.18070 0.85322
f 1223/5091 1282/5095 1344/5096
vt 0.44889 0.07170
vt 0.44785 0.07683
f 1269/5097 1271/5098 1435/4776
vt 0.64018 0.36110
f 1269/5020 1337/5099 1384/4934
vt 0.97436 0.27620
vt 0.97402 0.27656
vt 0.97419 0.27549
f 1289/5100 1309/5101 1262/5102
vt 0.33443 0.55389
f 1254/4848 1462/4847 1309/5103
vt 0.81196 0.92062
f 1292/5034 1318/5104 1315/5035
vt 0.89664 0.80034
vt 0.89658 0.80360
vt 0.89522 0.80193
f 1256/5105 1378/5106 1455/5107
vt 0.91059 0.31894
vt 0.91184 0.32173
vt 0.91028 0.32109
f 1285/5108 1233/5109 1316/5110
vt 0.82112 0.71404
vt 0.81995 0.71370
f 1304/5111 1371/5112 1268/4703
vt 0.48962 0.92317
vt 0.48893 0.92309
vt 0.48883 0.92132
f 1298/5113 1423/5114 1319/5115
vt 0.93995 0.82859
vt 0.93856 0.82716
vt 0.93968 0.82581
f 1256/5116 1287/5117 1378/5118
vt 0.98780 0.10478
vt 0.98754 0.10480
vt 0.98774 0.10420
f 1292/5119 2699/5120 1318/5121
vt 0.30423 0.18863
f 946/4195 1321/5016 1299/5122
f 1268/4703 1371/5112 1305/5082
vt 0.97364 0.27577
f 1262/5102 1309/5101 1297/5123
vt 0.76982 0.30202
f 1252/4894 1308/5124 1304/4895
vt 0.50514 0.51976
vt 0.50535 0.51795
vt 0.50549 0.52025
f 2697/5125 1354/5126 2693/5127
vt 0.95541 0.15682
vt 0.95451 0.15663
vt 0.95463 0.15413
f 1297/5128 1260/5129 1314/5130
vt 0.49078 0.61533
vt 0.49258 0.61495
f 1240/5131 1312/5132 1283/5008
vt 0.84860 0.16665
vt 0.85032 0.16505
vt 0.84941 0.16989
f 1320/5133 1430/5134 1301/5135
vt 0.24739 0.25242
vt 0.24417 0.25320
vt 0.24790 0.24655
f 1307/5136 1390/5137 1296/5138
vt 0.84861 0.37787
f 1277/4966 1294/5139 1387/5090
vt 0.01967 0.65592
vt 0.02141 0.65185
vt 0.01955 0.65848
f 1319/5140 1350/5141 1298/5142
vt 0.99310 0.77484
vt 0.99307 0.77465
vt 0.99331 0.77479
f 1310/5143 1315/5144 2699/5145
vt 0.24659 0.26037
f 1270/4473 1273/4472 1275/5146
vt 0.08129 0.01524
f 1225/4539 1199/4538 1380/5147
vt 0.46143 0.90012
vt 0.45924 0.90293
vt 0.45978 0.89981
f 1251/5148 1359/5149 1255/5150
vt 0.19000 0.61361
f 1204/4590 1293/4497 1348/5151
vt 0.48558 0.50282
vt 0.48955 0.49590
f 1171/4199 1422/5152 1340/5153
vt 0.91224 0.32353
vt 0.90986 0.32311
f 1233/5109 1246/5154 1395/5155
vt 0.14559 0.01512
vt 0.14508 0.01893
vt 0.14298 0.01748
f 1257/5156 1242/5157 1438/5158
vt 0.95990 0.85995
vt 0.95933 0.85940
vt 0.95990 0.85855
f 1246/5159 1314/5160 1395/5161
vt 0.65477 0.40581
vt 0.65634 0.40314
f 1264/5162 1341/5163 1228/4843
vt 0.47135 0.29876
vt 0.47358 0.29718
vt 0.47218 0.30191
f 1267/5164 1311/5165 1353/5166
vt 0.12341 0.85565
vt 0.12412 0.86194
vt 0.12303 0.86019
f 1107/5167 1391/5168 1308/5169
vt 0.02552 0.65463
f 1350/5141 1534/5170 1298/5142
vt 0.49126 0.61728
vt 0.49120 0.61751
f 1283/5008 1403/5171 1314/5172
vt 0.07777 0.94850
vt 0.07771 0.95124
vt 0.07716 0.95106
f 1297/5173 1309/5174 1290/5175
vt 0.83194 0.85037
vt 0.83136 0.84763
f 1220/5176 1190/4675 1356/5177
vt 0.89543 0.79727
f 1251/5178 1256/5105 1455/5107
vt 0.33499 0.55036
f 1462/4847 1457/5179 1309/5103
vt 0.44663 0.07438
f 1435/4776 1271/5098 1474/5180
vt 0.34772 0.48982
f 1355/4889 1396/5181 1331/4451
vt 0.01752 0.24535
f 1231/4883 1323/4820 1376/5182
vt 0.15811 0.93473
vt 0.15743 0.93396
vt 0.15844 0.93341
f 1344/5183 1282/5184 1379/5185
vt 0.49284 0.61577
f 1312/5132 1316/5186 1283/5008
vt 0.95309 0.06258
vt 0.95208 0.06344
vt 0.95242 0.06169
f 1371/5187 1405/5188 1349/5189
vt 0.14088 0.03620
f 1073/5092 1325/5190 1374/5093
vt 0.92224 0.42585
vt 0.92293 0.42851
vt 0.92251 0.42906
f 1313/5191 1362/5192 1248/5193
vt 0.91019 0.32252
f 1395/5155 1283/5194 1233/5109
vt 0.85119 0.37418
f 1306/5195 1387/5090 1294/5139
vt 0.95209 0.06082
f 1371/5187 1349/5189 1330/5196
vt 0.95243 0.06059
f 1371/5187 1330/5196 1305/5197
f 1233/5109 1283/5194 1316/5110
vt 0.51183 0.27306
vt 0.51231 0.27104
vt 0.51450 0.27184
f 1379/5198 1372/5199 1211/5200
vt 0.96167 0.44824
vt 0.96098 0.44962
vt 0.96075 0.44914
f 1309/5201 1457/5202 1290/5203
vt 0.46050 0.90510
f 1251/5148 1455/5204 1359/5149
f 1259/4989 1414/4991 1381/4947
vt 0.51161 0.27380
vt 0.51075 0.27343
vt 0.51177 0.27270
f 1274/5205 1392/5206 1282/5207
vt 0.10802 0.85160
f 1384/4897 1337/5208 1272/4687
vt 0.44469 0.07582
vt 0.44663 0.08194
vt 0.44438 0.08236
f 1474/5209 1288/5210 1407/5211
vt 0.87485 0.10920
vt 0.87636 0.11066
vt 0.87528 0.11294
f 1287/5212 1202/5213 1378/5214
vt 0.01607 0.23757
vt 0.01589 0.23503
vt 0.01737 0.23732
f 1274/5215 1357/5216 1392/5217
vt 0.87224 0.14897
vt 0.87172 0.15233
vt 0.87074 0.14986
f 1363/5218 1327/5219 1318/5220
vt 0.30630 0.21571
vt 0.30647 0.21667
vt 0.30435 0.21505
f 1400/5221 1350/5222 1415/5223
vt 0.18383 0.54611
f 1315/5080 1327/5224 1279/4832
vt 0.18401 0.54494
vt 0.18396 0.54549
f 1315/5080 1318/5225 1327/5226
vt 0.45664 0.94036
vt 0.45604 0.94015
vt 0.45703 0.93701
f 1363/5227 1318/5228 1358/5229
vt 0.69339 0.49814
vt 0.69322 0.49974
vt 0.69210 0.50020
f 1202/5230 1360/5231 1429/5232
vt 0.01725 0.27335
f 1107/4887 1454/4886 1391/5233
vt 0.84835 0.16066
f 1334/5234 1430/5134 1320/5133
vt 0.28527 0.66256
vt 0.28233 0.65857
f 1286/5235 1328/4705 1444/5236
vt 0.65543 0.39167
vt 0.65771 0.39152
vt 0.65660 0.39796
f 2693/5237 1377/5238 1383/5239
vt 0.95913 0.85722
f 1314/5160 1403/5240 1395/5161
vt 0.83591 0.47889
vt 0.83522 0.47679
vt 0.83710 0.47457
f 1220/5241 1356/5242 1375/5243
vt 0.14110 0.01777
f 1257/5049 1438/5244 1346/5050
vt 0.85907 0.14097
f 1347/4762 1255/4761 1359/5245
vt 0.02086 0.66219
f 1298/5142 1534/5170 1366/5246
vt 0.76960 0.30314
vt 0.76953 0.30376
f 1304/4895 1308/5247 1305/5248
vt 0.76875 0.30398
f 1304/4895 1305/5248 1330/5249
vt 0.34333 0.47580
vt 0.34198 0.46914
vt 0.34484 0.46558
f 1326/5250 1301/5251 1433/5252
vt 0.08616 0.02014
f 1322/5053 1225/4467 1638/5253
vt 0.96621 0.84248
vt 0.96688 0.84206
vt 0.96653 0.84361
f 1316/5254 1312/5255 1333/5256
vt 0.50881 0.27589
vt 0.50754 0.27582
f 1336/5257 1457/5258 1357/4600
vt 0.24119 0.27726
f 1273/4472 1189/4204 1425/5259
vt 0.78714 0.20413
vt 0.78661 0.20115
vt 0.78801 0.20119
f 1352/5260 1228/5261 1303/5262
vt 0.76642 0.93512
vt 0.76793 0.93485
vt 0.76766 0.93634
f 1334/5263 1434/5264 1430/5265
vt 0.45605 0.93564
f 1358/5229 1318/5228 1362/5266
vt 0.48588 0.50960
vt 0.48280 0.51159
vt 0.48421 0.50911
f 1324/5267 1373/5268 1426/5269
vt 0.76716 0.93334
f 1334/5263 1322/5270 1434/5264
vt 0.30686 0.21740
vt 0.30576 0.21924
f 1350/5271 1319/5272 1415/5223
vt 0.97463 0.21107
vt 0.97455 0.21212
vt 0.97399 0.21171
f 1349/5273 1405/5274 1382/5275
vt 0.18147 0.85232
f 1323/5065 1372/5064 1445/5276
vt 0.01836 0.24217
f 1323/4820 1445/5022 1465/5277
vt 0.49320 0.61401
vt 0.49427 0.61369
vt 0.49403 0.61578
f 1312/5278 1285/5279 1385/5280
vt 0.34168 0.45980
f 1301/5251 1430/5281 1433/5252
vt 0.48297 0.62792
vt 0.48191 0.62744
f 1290/5027 1457/5282 1336/5283
vt 0.51021 0.27242
f 1282/5207 1392/5206 1368/5284
vt 0.15801 0.93276
f 1282/5184 1368/5285 1379/5185
f 1324/5267 1426/5269 1171/4199
vt 0.01725 0.23803
f 1274/4823 1344/5286 1445/5022
vt 0.18422 0.54725
f 1279/4832 1327/5224 1411/5287
vt 0.27634 0.67043
f 1204/4642 1348/5288 1328/4705
vt 0.90893 0.32137
f 1285/5108 1316/5110 1385/5289
f 1386/3358 1479/4180 1056/4005
vt 0.76012 0.60331
vt 0.76520 0.60119
f 1190/4912 1332/5290 1356/5291
f 1275/5146 1390/5137 1307/5136
vt 0.87720 0.11461
f 1202/5213 1429/5292 1378/5214
vt 0.96283 0.59749
vt 0.96354 0.59744
vt 0.96350 0.59823
f 1323/5293 1465/5294 1376/5295
vt 0.78811 0.19843
f 1367/5296 1303/5262 1228/5261
vt 0.10983 0.84626
f 1272/4687 1337/5208 1453/5297
vt 0.34793 0.49983
f 1331/4451 1408/5298 1313/4704
f 1295/2894 1388/3950 1389/4186
vt 0.14483 0.02684
vt 0.14196 0.02742
vt 0.14169 0.02453
f 1186/5299 1393/5300 1439/5301
vt 0.24232 0.26206
f 1275/5146 1273/4472 1507/5302
f 2693/5127 1354/5126 1377/5031
vt 0.30419 0.19085
vt 0.30459 0.19520
vt 0.30219 0.19374
f 1321/5303 1339/5304 1509/5305
vt 0.96523 0.68646
vt 0.96438 0.68569
vt 0.96464 0.68461
f 1439/5306 1510/5307 1242/5308
vt 0.47395 0.31514
f 1185/5039 1335/5048 1350/5309
vt 0.66333 0.41780
f 1345/4262 1402/4723 1377/5310
vt 0.51028 0.27195
f 1379/5198 1368/5311 1372/5199
vt 0.48581 0.49632
vt 0.48759 0.49256
f 1340/5153 1441/5312 1189/5313
vt 0.78517 0.20414
f 1278/5314 1228/5261 1352/5260
vt 0.98084 0.76135
vt 0.98036 0.76093
vt 0.98059 0.76047
f 1316/5315 1333/5316 1395/5317
vt 0.30482 0.20065
vt 0.30227 0.19936
f 1364/5318 1515/5319 1339/5304
vt 0.70957 0.39762
vt 0.70773 0.40108
vt 0.70753 0.39711
f 1298/5320 1366/5321 1423/5322
vt 0.39593 0.31014
f 1479/4180 1503/5323 1179/4305
vt 0.65699 0.40528
f 1341/5163 1367/5324 1228/4843
f 1339/5304 1515/5319 1509/5305
vt 0.18688 0.61659
f 1375/4858 1431/5325 1293/4497
f 1279/4832 1411/5287 1302/4661
vt 0.78890 0.19561
vt 0.78778 0.19090
f 1183/5326 1367/5296 1370/5327
vt 0.96721 0.84330
f 1312/5255 1385/5328 1333/5256
vt 0.24129 0.27435
vt 0.24160 0.26779
f 1425/5329 1440/5330 1273/4472
vt 0.96887 0.52279
vt 0.96794 0.52231
vt 0.96810 0.52185
f 1283/5331 1395/5332 1333/5333
vt 0.34767 0.49590
f 1331/4451 1410/5334 1408/5298
vt 0.18104 0.85135
vt 0.18178 0.85104
f 1344/5036 1379/5335 1404/5336
vt 0.99189 0.29717
vt 0.99183 0.29761
vt 0.99165 0.29743
f 1392/5337 1344/5338 1404/5339
vt 0.01714 0.23767
f 1344/5340 1392/5217 1445/5022
vt 0.01594 0.27385
vt 0.01845 0.27499
f 1308/5341 1469/5342 1305/4906
vt 0.51264 0.52760
f 1306/5032 1377/5031 1387/5343
vt 0.50752 0.27294
f 1357/4600 1457/5258 1406/5344
vt 0.30178 0.18775
f 1321/5303 1509/5305 1691/5345
vt 0.64415 0.36927
f 1351/4924 1343/5075 1361/5346
vt 0.30486 0.20651
f 1364/5318 1266/5347 1515/5319
vt 0.07578 0.00716
vt 0.08105 0.00625
f 1179/5348 1412/5349 1200/4994
vt 0.94737 0.35311
vt 0.94834 0.35049
vt 0.94820 0.35380
f 1338/5350 1365/5351 1421/5352
vt 0.85827 0.95036
vt 0.85705 0.94823
vt 0.85811 0.94932
f 1338/5353 1376/5354 1365/5355
vt 0.51486 0.53253
vt 0.51488 0.52655
f 1337/5356 1387/5343 1488/5357
vt 0.96685 0.84403
f 1333/5256 1385/5328 1403/5358
f 1343/5075 1399/5019 1361/5346
vt 0.10798 0.84728
f 1337/5208 1488/5359 1453/5297
f 1171/4199 1426/5269 1422/5152
vt 0.12268 0.86338
f 1308/5169 1391/5168 1469/5360
vt 0.01520 0.27750
vt 0.01641 0.27784
vt 0.01671 0.28019
f 1304/5361 1330/5362 1405/5363
vt 0.69414 0.50010
vt 0.69348 0.50425
vt 0.69239 0.50366
f 1360/5364 1346/5365 1429/5366
vt 0.85695 0.95034
f 1338/5353 1401/5367 1376/5354
vt 0.47241 0.28049
vt 0.47250 0.28667
f 932/3395 1495/5368 1427/5369
vt 0.51051 0.76114
f 1369/4794 1272/4689 1452/5370
vt 0.08593 0.02370
f 1322/5053 1638/5253 1434/5371
vt 0.96856 0.52139
f 1333/5333 1403/5372 1283/5331
vt 0.51307 0.38996
f 1102/4129 1382/5028 1416/5373
vt 0.96410 0.59745
f 1465/5294 1365/5374 1376/5295
vt 0.01590 0.28122
f 1371/5375 1304/5361 1405/5363
vt 0.50973 0.27329
f 1392/5206 1404/5376 1368/5284
vt 0.24522 0.24594
f 1296/5138 1390/5137 1174/5377
vt 0.94817 0.91615
vt 0.94735 0.91623
vt 0.94818 0.91451
f 1365/5378 1397/5379 1409/5380
f 1275/5146 1507/5302 1390/5137
vt 0.78722 0.19310
f 1367/5296 1341/5381 1370/5327
vt 0.94754 0.51315
vt 0.94881 0.51420
vt 0.94823 0.51513
f 1338/5382 1421/5383 1401/5384
vt 0.97327 0.18535
vt 0.97264 0.18537
vt 0.97325 0.18472
f 1365/5385 1465/5386 1397/5387
vt 0.95203 0.73397
vt 0.95243 0.73356
vt 0.95254 0.73536
f 1368/5388 1437/5389 1372/5390
vt 0.90984 0.83284
vt 0.90937 0.82951
vt 0.91019 0.83082
f 1179/5391 1503/5392 1412/5393
f 1321/5303 1691/5345 1299/4519
vt 0.01889 0.23671
f 1357/5216 1459/5394 1392/5217
vt 0.01802 0.23503
f 1357/5216 1406/5395 1459/5394
f 1225/4539 1380/5147 1638/5253
vt 0.48569 0.49736
f 1340/5153 1422/5152 1441/5396
vt 0.18469 0.55951
f 1324/4864 1302/4661 1373/5397
vt 0.14320 0.03071
vt 0.14078 0.02984
f 1186/5299 1300/5398 1393/5399
vt 0.51021 0.76352
vt 0.51182 0.76176
f 1369/5400 1452/5370 1419/5401
vt 0.31787 0.54327
f 1444/5402 1462/4847 1161/4869
vt 0.44634 0.05433
f 1414/4991 1281/4990 1497/5403
vt 0.09402 0.08642
vt 0.09433 0.08199
vt 0.09715 0.07925
f 1327/5404 1363/5405 1563/5406
vt 0.01816 0.27849
f 1405/5363 1330/5362 1475/5407
vt 0.90961 0.32163
f 1316/5408 1395/5155 1385/5289
vt 0.46921 0.27817
f 932/3395 1174/5409 1495/5368
vt 0.34755 0.48451
f 1326/5250 1396/5410 1355/4889
vt 0.02039 0.27131
f 1454/4886 1469/5411 1391/5233
vt 0.08390 0.01322
f 1200/4994 1394/5412 1380/4995
vt 0.78666 0.19015
f 1370/5327 1341/5381 1383/5413
vt 0.64234 0.35105
vt 0.64427 0.35558
f 1369/4933 1419/5414 1499/5415
vt 0.65830 0.39485
f 1383/5239 1377/5238 1402/5416
vt 0.43408 0.60251
vt 0.43258 0.60567
vt 0.43164 0.60052
f 1358/5417 1362/5418 1408/5419
vt 0.43067 0.60369
f 1313/5420 1408/5419 1362/5418
vt 0.01737 0.24692
f 1231/5421 1389/4186 1388/3950
vt 0.18448 0.55514
f 1302/4661 1432/5422 1373/5397
vt 0.18087 0.85164
vt 0.17990 0.84945
f 1445/5423 1372/5064 1437/5424
vt 0.70809 0.38574
vt 0.70951 0.39172
vt 0.70511 0.38639
f 1415/5425 1319/5426 1594/5427
f 1331/4451 1396/5181 1410/5334
vt 0.27344 0.46995
vt 0.26888 0.46712
vt 0.27226 0.46236
f 1422/5428 1603/5429 1441/5430
vt 0.59020 0.90113
vt 0.58889 0.90308
vt 0.58859 0.89905
f 1381/5431 1414/5432 1317/5433
vt 0.78616 0.18858
vt 0.78681 0.18645
f 1383/5434 1402/5435 1370/5327
vt 0.24211 0.26436
f 1507/5302 1273/4472 1440/5436
vt 0.94235 0.24183
vt 0.94169 0.23971
vt 0.94293 0.23788
f 1300/5437 1374/5438 1393/5439
vt 0.18084 0.85054
f 1445/5423 1437/5424 1379/5440
vt 0.08593 0.01418
f 1638/5253 1380/5147 1394/5441
vt 0.70445 0.39864
f 1366/5321 1496/5442 1423/5322
vt 0.50784 0.27190
f 1368/5284 1404/5376 1406/5443
vt 0.96115 0.95442
vt 0.96076 0.95352
vt 0.96144 0.95297
f 1368/5444 1406/5445 1437/5446
vt 0.49400 0.61678
vt 0.49337 0.61741
f 1385/5280 1395/5447 1403/5448
vt 0.43433 0.60199
vt 0.43519 0.59862
f 1358/5449 1408/5419 1417/5450
vt 0.18150 0.84983
f 1379/5440 1437/5424 1404/5451
vt 0.90219 0.39247
vt 0.90123 0.39572
vt 0.90030 0.39274
f 1422/5452 1426/5453 1508/5454
vt 0.44330 0.06233
f 1281/4990 1435/4776 1418/5455
vt 0.48431 0.49209
vt 0.48546 0.48918
f 1189/5313 1476/5456 1425/5457
vt 0.13799 0.04451
vt 0.13947 0.04049
f 1329/4780 1464/5458 1325/5459
vt 0.48517 0.49525
vt 0.48365 0.49337
f 1441/5460 1450/5461 1189/5313
vt 0.14014 0.04477
f 1317/5462 1464/5458 1329/4780
f 1190/4912 1347/4911 1332/5290
vt 0.14067 0.01500
f 1438/5244 1498/5463 1346/5050
vt 0.50823 0.27274
f 1404/5376 1459/5464 1406/5443
vt 0.01786 0.27752
f 1305/4906 1469/5342 1475/5465
vt 0.43203 0.59643
f 1417/5450 1408/5419 1410/5466
vt 0.01781 0.24559
vt 0.01854 0.24387
vt 0.02270 0.24686
f 1376/5467 1397/5468 1714/5469
vt 0.30205 0.20585
f 1515/5319 1266/5347 1472/5470
f 1392/5217 1459/5394 1445/5022
vt 0.28185 0.92010
vt 0.28157 0.92120
vt 0.28071 0.91969
f 1397/5471 1376/5472 1409/5473
vt 0.64448 0.36269
f 1399/5019 1384/4934 1428/5474
vt 0.44508 0.09450
vt 0.44283 0.09417
vt 0.44432 0.09200
f 1207/5475 1420/5476 1398/5477
vt 0.50812 0.51448
f 1354/5126 1562/5478 1377/5031
vt 0.28180 0.92408
vt 0.28031 0.92320
f 1376/5472 1401/5479 1421/5480
vt 0.44465 0.08767
vt 0.44321 0.08560
f 1407/5211 1398/5481 1461/5482
vt 0.09421 0.07583
f 1358/5483 1563/5406 1363/5405
vt 0.08115 0.00819
f 1200/4994 1412/5349 1531/5484
vt 0.14040 0.01971
f 1242/5157 1510/5485 1438/5158
f 1189/5313 1450/5461 1476/5456
vt 0.09600 0.09111
vt 0.09537 0.08921
vt 0.09666 0.08751
f 1432/5486 1302/5487 1411/5488
vt 0.51393 0.52446
f 1387/5343 1377/5031 1488/5489
vt 0.76265 0.59867
f 1332/5290 1489/5490 1356/5291
f 1353/5166 1311/5165 1342/5047
vt 0.96979 0.17449
vt 0.96997 0.17614
vt 0.96941 0.17511
f 1405/5491 1413/5492 1382/5493
f 1384/4934 1369/4933 1428/5474
vt 0.09672 0.08649
f 1327/5404 1563/5406 1411/5494
f 1376/5472 1421/5480 1409/5473
vt 0.93286 0.32938
vt 0.93258 0.32673
vt 0.93385 0.32916
f 1376/5495 1714/5496 1231/5497
vt 0.34653 0.47427
f 1326/5250 1424/5498 1396/5410
vt 0.89382 0.77945
vt 0.89187 0.78110
vt 0.89309 0.77932
f 1382/5499 1436/5500 1416/5501
vt 0.52702 0.95705
vt 0.52745 0.95793
vt 0.52725 0.95932
f 1382/5502 1413/5503 1436/5504
vt 0.94219 0.23826
f 1393/5439 1374/5438 1577/5505
vt 0.18155 0.84880
f 1404/5451 1437/5424 1459/5506
vt 0.14043 0.03608
vt 0.13707 0.03661
f 1325/5507 1506/5508 1374/5093
vt 0.84250 0.13125
vt 0.84326 0.13369
vt 0.84194 0.13499
f 1417/5509 1501/5510 1358/5511
vt 0.24245 0.25762
f 1390/5137 1507/5302 1484/5512
vt 0.50603 0.27553
f 1457/5258 1505/5513 1406/5344
vt 0.02488 0.64745
vt 0.02637 0.64552
vt 0.02774 0.64686
f 1335/5514 1342/5515 1539/5516
vt 0.02619 0.65081
f 1335/5514 1539/5517 1350/5141
vt 0.96709 0.86961
vt 0.96622 0.87110
vt 0.96649 0.86916
f 1378/5518 1566/5519 1455/5520
vt 0.96701 0.87137
f 1378/5518 1553/5521 1566/5519
vt 0.96828 0.05245
vt 0.96792 0.05207
vt 0.96834 0.05046
f 1365/5522 1409/5523 1446/5524
vt 0.20420 0.93571
vt 0.20252 0.93453
vt 0.20450 0.93556
f 1365/5525 1443/5526 1421/5527
vt 0.25166 0.99362
vt 0.25192 0.99381
vt 0.25166 0.99399
f 1409/5528 1421/5529 1443/5530
vt 0.30406 0.21055
f 1400/5531 1472/5470 1266/5347
vt 0.83472 0.47375
vt 0.83700 0.47146
f 1375/5243 1356/5532 1431/5533
vt 0.51317 0.38825
f 1416/5373 1470/5534 1102/4129
vt 0.97009 0.17469
f 1405/5491 1416/5535 1413/5492
f 1293/4497 1431/5325 1348/5151
vt 0.02112 0.27581
f 1475/5465 1469/5342 1468/5536
vt 0.94450 0.20935
vt 0.94459 0.20781
vt 0.94632 0.20904
f 1409/5537 1460/5538 1446/5539
vt 0.01471 0.95947
vt 0.01410 0.95903
vt 0.01513 0.95867
f 1409/5540 1443/5541 1460/5542
vt 0.14209 0.02519
vt 0.13947 0.02664
f 1439/5543 1393/5300 1480/5544
vt 0.39426 0.30525
f 1479/4180 1537/5545 1503/5323
f 1350/5141 1539/5517 1534/5170
vt 0.96892 0.05136
f 1446/5524 1443/5546 1365/5522
vt 0.87549 0.11538
f 1378/5214 1429/5292 1553/5547
vt 0.34604 0.47010
f 1326/5250 1433/5252 1424/5548
vt 0.10065 0.08316
f 1411/5494 1563/5406 1481/5549
vt 0.14025 0.02537
vt 0.13985 0.02449
f 1439/5301 1480/5550 1530/5551
vt 0.32104 0.53940
f 1444/5402 1500/5552 1462/4847
vt 0.79406 0.52603
vt 0.79460 0.52276
vt 0.79649 0.52755
f 1196/5553 1427/5554 1458/5555
vt 0.02340 0.24758
f 1231/5421 1714/5556 1389/4186
vt 0.09510 0.07031
f 1358/5483 1501/5557 1563/5406
vt 0.70662 0.38363
f 1415/5425 1594/5427 1400/5558
f 1399/5019 1428/5474 1361/5346
vt 0.19751 0.61248
vt 0.19640 0.60518
vt 0.20112 0.60700
f 1431/5559 1557/5560 1348/5561
vt 0.13730 0.04121
f 1325/5459 1464/5458 1447/5562
vt 0.79475 0.53249
vt 0.79542 0.52893
f 1311/5563 1196/5553 1458/5564
vt 0.43593 0.59049
vt 0.43612 0.59501
f 1410/5466 1451/5565 1417/5566
vt 0.34397 0.45587
f 1430/5281 1463/5567 1433/5252
vt 0.24309 0.24785
f 1174/5377 1390/5137 1495/5568
vt 0.68942 0.77481
vt 0.68932 0.76777
vt 0.69196 0.77246
f 1467/5569 1351/5570 1535/5571
vt 0.50586 0.27188
vt 0.50793 0.27069
f 1406/5443 1483/5572 1437/5573
vt 0.24253 0.25591
vt 0.24260 0.25433
f 1484/5574 1495/5575 1390/5137
vt 0.50692 0.75856
vt 0.50974 0.76028
f 1272/4689 1453/5576 1452/5577
vt 0.02070 0.23731
f 1459/5394 1588/5578 1445/5022
vt 0.34637 0.46749
f 1433/5252 1449/5579 1424/5548
vt 0.51250 0.51793
f 1488/5489 1377/5031 1648/5580
vt 0.44335 0.06241
vt 0.44576 0.05809
f 1281/4990 1418/5581 1527/5582
vt 0.14689 0.75707
vt 0.14667 0.75989
vt 0.14411 0.75875
f 1356/5583 1489/5584 1431/5585
vt 0.93916 0.51445
vt 0.93983 0.51756
vt 0.93848 0.51792
f 1437/5586 1446/5587 1460/5588
vt 0.93868 0.51572
vt 0.93870 0.51523
f 1437/5586 1460/5589 1459/5590
vt 0.51224 0.39010
f 1405/5591 1470/5534 1416/5373
vt 0.10024 0.08952
f 1432/5486 1411/5488 1541/5592
vt 0.30089 0.18189
f 1354/4644 1299/4519 1549/5593
vt 0.43110 0.59333
f 1396/5594 1451/5565 1410/5466
vt 0.69139 0.32196
vt 0.68825 0.31817
vt 0.69210 0.31864
f 1425/5595 1471/5596 1440/5597
vt 0.94026 0.51496
f 1437/5586 1456/5598 1446/5587
vt 0.69148 0.32343
vt 0.68788 0.32422
f 1425/5599 1476/5600 1471/5596
vt 0.67432 0.90126
vt 0.67660 0.90250
vt 0.67542 0.90429
f 1432/5601 1426/5602 1373/5603
vt 0.69113 0.31315
f 1440/5597 1471/5596 1507/5604
vt 0.08869 0.02244
f 1434/5371 1638/5253 1581/5605
vt 0.96890 0.74825
vt 0.96813 0.74782
vt 0.96871 0.74693
f 1325/5606 1447/5607 1492/5608
vt 0.91482 0.37645
vt 0.91322 0.37721
vt 0.91352 0.37469
f 1281/5609 1527/5610 1497/5611
vt 0.27090 0.47103
f 1422/5428 1508/5612 1603/5429
vt 0.13836 0.02180
vt 0.14281 0.02324
vt 0.13943 0.02393
f 1567/5613 1439/5614 1530/5615
vt 0.68827 0.76245
vt 0.69101 0.76591
f 1351/5570 1361/5616 1442/5617
vt 0.79067 0.85298
vt 0.79049 0.85768
vt 0.78782 0.85460
f 1398/5618 1420/5619 1575/5620
vt 0.67679 0.90143
f 1432/5601 1508/5621 1426/5602
f 1369/4933 1499/5415 1428/5474
vt 0.34279 0.45166
f 1434/5622 1463/5567 1430/5281
vt 0.67608 0.90044
f 1432/5601 1541/5623 1508/5621
vt 0.02605 0.65872
f 1366/5246 1534/5170 1548/5624
vt 0.27116 0.46259
vt 0.26867 0.46255
f 1441/5625 1603/5429 1536/5626
vt 0.44286 0.06884
f 1435/4776 1493/5627 1418/5455
vt 0.01885 0.28379
vt 0.01908 0.28237
vt 0.02021 0.28200
f 1436/5628 1413/5629 1528/5630
vt 0.37549 0.30990
f 1386/3358 1102/4245 1545/5631
vt 0.79540 0.51928
vt 0.79672 0.52426
f 1427/5554 1495/5632 1673/5633
vt 0.02598 0.23856
f 1445/5022 1588/5578 1522/5634
vt 0.50537 0.27381
f 1406/5344 1505/5635 1483/5572
f 1562/5478 1648/5580 1377/5031
vt 0.89023 0.78153
f 1436/5500 1466/5636 1416/5501
f 1411/5488 1481/5549 1541/5592
vt 0.79628 0.53297
f 1458/5564 1473/5637 1311/5563
vt 0.27260 0.45249
vt 0.27200 0.45932
vt 0.27096 0.45325
f 1476/5638 1450/5639 1513/5640
vt 0.43151 0.58768
vt 0.43308 0.58364
f 1451/5565 1396/5641 1477/5642
vt 0.11272 0.42609
vt 0.11577 0.42426
vt 0.11378 0.42696
f 1428/5643 1490/5644 1361/5645
vt 0.84282 0.03439
vt 0.84239 0.03733
vt 0.84087 0.03422
f 1299/5646 1691/5647 1549/5648
vt 0.43109 0.58395
vt 0.43082 0.58299
f 1396/5649 1424/5650 1477/5642
vt 0.96964 0.82621
vt 0.97006 0.82642
vt 0.97023 0.82794
f 1470/5651 1405/5652 1528/5653
vt 0.93911 0.14898
vt 0.93876 0.14824
vt 0.93943 0.14618
f 1460/5654 1443/5655 1459/5656
vt 0.81466 0.58300
vt 0.81143 0.58410
vt 0.81307 0.57941
f 1453/5657 1490/5658 1452/5659
vt 0.96952 0.82773
vt 0.96941 0.82633
f 1528/5653 1413/5660 1470/5661
vt 0.44836 0.04826
vt 0.44738 0.05062
vt 0.44555 0.04961
f 1317/5662 1414/5663 1517/5664
vt 0.01830 0.28016
vt 0.02013 0.28042
f 1405/5665 1475/5407 1486/5666
vt 0.93342 0.24888
vt 0.93236 0.25240
vt 0.93251 0.24809
f 1459/5667 1443/5668 1456/5669
vt 0.81317 0.92404
vt 0.81366 0.92117
vt 0.81478 0.92406
f 1510/5670 1542/5671 1438/5672
vt 0.27145 0.46133
vt 0.27065 0.45746
f 1441/5673 1536/5626 1450/5674
vt 0.81539 0.37067
vt 0.81276 0.36873
vt 0.81720 0.37053
f 1347/5675 1359/5676 1332/5677
vt 0.01866 0.23726
vt 0.02043 0.23530
vt 0.01956 0.23761
f 1437/5678 1483/5679 1456/5680
vt 0.43129 0.57602
vt 0.43229 0.57560
f 1424/5681 1449/5682 1477/5642
vt 0.01827 0.24302
vt 0.01928 0.23885
vt 0.02000 0.24248
f 1446/5683 1456/5684 1443/5685
vt 0.13990 0.02109
vt 0.14120 0.02144
f 1510/5686 1439/5687 1567/5613
vt 0.69087 0.77806
vt 0.68829 0.77698
f 1467/5569 1448/5688 1420/5689
vt 0.43281 0.57189
vt 0.43457 0.56613
vt 0.43531 0.56947
f 1433/5690 1463/5691 1485/5692
vt 0.08491 0.01035
f 1394/5412 1200/4994 1531/5693
vt 0.70651 0.38167
vt 0.70411 0.38248
f 1400/5694 1594/5427 1472/5695
vt 0.43587 0.57511
f 1433/5690 1485/5692 1524/5696
vt 0.28266 0.39474
vt 0.28349 0.39512
vt 0.28217 0.39778
f 1311/5697 1473/5698 1342/5699
vt 0.11542 0.42008
f 1499/5700 1490/5644 1428/5643
vt 0.88983 0.80946
vt 0.89055 0.80384
vt 0.89181 0.80824
f 1455/5701 1554/5702 1359/5703
vt 0.70463 0.39493
f 1319/5426 1423/5322 1574/5704
vt 0.43305 0.57287
f 1524/5696 1449/5705 1433/5690
vt 0.96626 0.53197
vt 0.96669 0.53003
vt 0.96696 0.53204
f 1488/5706 1490/5707 1453/5708
f 1351/5570 1442/5617 1535/5571
vt 0.78828 0.84941
f 1398/5618 1575/5620 1461/5709
vt 0.01920 0.28080
f 1405/5710 1486/5666 1528/5630
vt 0.69036 0.76140
f 1361/5616 1519/5711 1442/5617
vt 0.44283 0.07380
f 1474/5209 1589/5712 1435/4776
vt 0.09265 0.05836
vt 0.09637 0.06505
vt 0.09338 0.06569
f 1451/5713 1478/5714 1417/5715
vt 0.89174 0.77976
vt 0.89093 0.77989
f 1413/5716 1416/5501 1466/5717
vt 0.89032 0.77887
f 1413/5716 1466/5717 1502/5718
f 1397/5468 1465/5277 1714/5469
vt 0.64166 0.78161
vt 0.64269 0.78003
vt 0.64287 0.78137
f 1450/5719 1482/5720 1513/5721
vt 0.78836 0.84929
vt 0.78885 0.84711
vt 0.79038 0.84545
f 1461/5722 1599/5723 1407/5724
vt 0.89204 0.77805
f 1413/5716 1502/5718 1470/5725
vt 0.20025 0.59931
f 1348/5561 1557/5560 1328/5726
vt 0.02398 0.66220
f 1366/5246 1548/5624 1496/5727
vt 0.01986 0.28413
f 1436/5628 1528/5630 1466/5728
vt 0.89160 0.77815
f 1470/5725 1502/5718 1487/5729
f 1423/5322 1496/5442 1574/5704
f 1435/4776 1589/5712 1493/5627
vt 0.43632 0.57923
f 1543/5730 1477/5642 1524/5696
vt 0.14091 0.03781
vt 0.13821 0.03906
vt 0.13751 0.03775
f 1325/5731 1492/5732 1506/5733
vt 0.33556 0.54539
f 1457/5179 1462/4847 1645/5734
vt 0.13892 0.02858
vt 0.13776 0.02895
f 1393/5735 1491/5736 1480/5544
f 1414/5663 1497/5403 1517/5664
vt 0.70472 0.39203
f 1319/5426 1533/5737 1594/5427
vt 0.13815 0.02401
vt 0.13791 0.02288
f 1567/5613 1530/5738 1572/5739
vt 0.18042 0.84855
vt 0.17992 0.84760
vt 0.18120 0.84662
f 1459/5740 1456/5741 1588/5742
f 1524/5696 1477/5642 1449/5682
f 1427/5554 1673/5633 1458/5555
vt 0.96162 0.18596
vt 0.96236 0.18719
vt 0.96065 0.18676
f 1474/5743 1407/5744 1611/5745
vt 0.34370 0.45038
vt 0.34392 0.45092
f 1581/5746 1463/5747 1434/5622
vt 0.81111 0.57929
f 1452/5659 1490/5658 1499/5748
vt 0.91056 0.82877
f 1412/5393 1503/5392 1504/5749
vt 0.41124 0.53971
vt 0.41317 0.53980
vt 0.41505 0.54426
f 1645/5750 1679/5751 1457/5752
vt 0.26866 0.45103
f 1450/5674 1536/5626 1526/5753
vt 0.28204 0.40418
f 1342/5699 1473/5698 1539/5754
vt 0.96728 0.39369
vt 0.96632 0.39507
vt 0.96630 0.39393
f 1317/5755 1517/5756 1464/5757
vt 0.81197 0.57645
f 1452/5659 1499/5748 1419/5758
vt 0.85671 0.42486
vt 0.85553 0.42441
vt 0.85677 0.42039
f 1429/5759 1346/5760 1553/5761
vt 0.68686 0.31368
f 1507/5604 1471/5596 1560/5762
vt 0.85780 0.25077
vt 0.85623 0.25100
vt 0.85599 0.24581
f 1455/5763 1566/5764 1605/5765
vt 0.27055 0.45311
f 1450/5674 1526/5753 1482/5766
vt 0.85037 0.02648
vt 0.85038 0.02421
vt 0.85200 0.02552
f 1332/5767 1597/5768 1489/5769
vt 0.41500 0.54106
f 1457/5752 1679/5751 1505/5770
vt 0.61490 0.11321
vt 0.61509 0.11104
vt 0.61641 0.11281
f 1611/5771 1589/5772 1474/5773
vt 0.42135 0.03362
vt 0.41861 0.03225
vt 0.42171 0.02501
f 1508/5774 1546/5775 1603/5776
vt 0.97656 0.59836
vt 0.97645 0.59753
vt 0.97711 0.59741
f 1487/5777 1486/5778 1470/5779
vt 0.43692 0.58313
f 1477/5642 1543/5730 1529/5780
vt 0.43677 0.58575
f 1477/5642 1529/5780 1451/5781
vt 0.30079 0.19461
vt 0.30030 0.20090
vt 0.29492 0.20331
f 1509/5782 1515/5783 1643/5784
vt 0.13770 0.03658
vt 0.13751 0.03241
f 1374/5093 1506/5785 1577/5786
vt 0.79803 0.44701
vt 0.79784 0.44955
vt 0.79632 0.44818
f 1393/5787 1577/5788 1491/5789
f 1417/5715 1478/5714 1501/5557
vt 0.27205 0.44524
vt 0.27336 0.44448
f 1476/5638 1516/5790 1471/5791
vt 0.51215 0.38877
vt 0.51177 0.38817
vt 0.51244 0.38770
f 1466/5792 1528/5793 1502/5794
vt 0.64203 0.77805
vt 0.64265 0.77216
vt 0.64366 0.77463
f 1482/5795 1532/5796 1540/5797
vt 0.02113 0.24077
f 1445/5022 1522/5634 1465/5798
vt 0.71946 0.49669
vt 0.72039 0.49682
vt 0.72032 0.49902
f 1492/5799 1447/5800 1734/5801
vt 0.12009 0.42508
vt 0.12642 0.42960
vt 0.12051 0.43280
f 1488/5802 1648/5803 1590/5804
vt 0.14497 0.76399
f 1489/5584 1514/5805 1431/5585
vt 0.64358 0.77677
f 1482/5795 1540/5797 1513/5806
vt 0.78872 0.85766
f 1420/5619 1448/5807 1575/5620
vt 0.27167 0.44518
f 1482/5766 1526/5753 1532/5808
vt 0.97624 0.59847
f 1486/5778 1487/5777 1528/5809
vt 0.28528 0.38537
vt 0.28782 0.39248
f 1458/5810 1787/5811 1473/5698
vt 0.27253 0.44143
f 1471/5791 1516/5790 1560/5812
f 1319/5426 1574/5704 1533/5737
vt 0.70481 0.56041
vt 0.70640 0.56856
vt 0.70392 0.56774
f 1541/5813 1677/5814 1508/5815
vt 0.13776 0.04506
vt 0.13557 0.04645
vt 0.13597 0.04336
f 1464/5816 1517/5817 1447/5818
vt 0.81451 0.91946
f 1438/5672 1542/5671 1498/5819
vt 0.81629 0.36694
f 1359/5676 1597/5820 1332/5677
vt 0.27147 0.44852
f 1476/5638 1540/5821 1516/5790
vt 0.19704 0.59638
vt 0.19270 0.59638
f 1444/5822 1328/5726 1500/5823
vt 0.81257 0.58668
vt 0.81118 0.58808
f 1488/5824 1571/5825 1490/5658
vt 0.08831 0.02897
vt 0.09346 0.02929
vt 0.09042 0.03513
f 1463/5826 1728/5827 1485/5828
vt 0.61491 0.10106
vt 0.61592 0.10530
vt 0.61266 0.10429
f 1418/5829 1493/5830 1708/5831
vt 0.51231 0.38740
vt 0.51252 0.38653
f 1486/5832 1525/5833 1470/5534
vt 0.98001 0.43713
vt 0.97985 0.43695
vt 0.97984 0.43626
f 1503/5834 1511/5835 1653/5836
vt 0.69990 0.97742
vt 0.70017 0.97664
vt 0.70016 0.97715
f 1503/5837 1653/5838 1504/5839
vt 0.99002 0.93620
vt 0.99002 0.93570
vt 0.99038 0.93605
f 1532/5840 1565/5841 1540/5842
vt 0.02035 0.27731
vt 0.02313 0.27839
f 1475/5407 1468/5843 1668/5844
vt 0.38343 0.30213
f 1386/3358 1545/5631 1753/5845
vt 0.02744 0.66212
f 1496/5727 1548/5624 1595/5846
vt 0.41886 0.54021
vt 0.41675 0.54029
vt 0.41744 0.53777
f 1483/5847 1505/5848 1588/5849
vt 0.02263 0.23548
f 1456/5680 1483/5679 1588/5850
vt 0.09051 0.04011
vt 0.09162 0.03796
f 1524/5851 1485/5828 1637/5852
vt 0.81443 0.36337
f 1359/5676 1573/5853 1597/5820
vt 0.64395 0.76907
vt 0.64405 0.77216
f 1532/5796 1520/5854 1565/5855
vt 0.11695 0.43047
f 1488/5802 1590/5804 1571/5856
vt 0.61639 0.10593
vt 0.61515 0.10763
f 1493/5857 1617/5858 1708/5831
vt 0.68669 0.31152
vt 0.68659 0.30834
f 1560/5859 1518/5860 1507/5604
vt 0.11549 0.43001
f 1361/5861 1490/5644 1571/5856
vt 0.30231 0.21864
vt 0.30259 0.22001
vt 0.30134 0.21985
f 1533/5862 1574/5863 1596/5864
vt 0.02129 0.28006
f 1486/5666 1475/5407 1525/5865
vt 0.85810 0.24424
f 1455/5763 1605/5765 1554/5866
vt 0.39701 0.30759
f 1503/5323 1537/5545 1544/5867
f 1475/5407 1668/5844 1525/5865
vt 0.08119 0.00434
vt 0.08151 0.00321
vt 0.08165 0.00321
f 1504/5868 1512/5869 2681/5870
vt 0.70029 0.97655
f 1504/5839 1653/5838 1512/5871
f 1479/4180 1386/3358 1753/5845
vt 0.90930 0.82748
vt 0.91004 0.82764
f 1503/5392 1544/5872 1511/5873
vt 0.72650 0.43654
vt 0.72776 0.43484
vt 0.72761 0.43771
f 1467/5874 1535/5875 1448/5876
vt 0.09416 0.05195
f 1451/5713 1529/5877 1478/5714
f 1476/5638 1513/5640 1540/5821
vt 0.29886 0.18444
vt 0.29881 0.17810
f 1354/4644 1549/5878 1562/5879
vt 0.98315 0.96255
vt 0.98311 0.96186
vt 0.98347 0.96224
f 1487/5880 1525/5881 1528/5882
vt 0.89082 0.77847
vt 0.89068 0.77748
f 1487/5883 1502/5718 1525/5884
vt 0.71713 0.49583
vt 0.71794 0.49694
vt 0.71604 0.49721
f 1506/5885 1492/5886 1521/5887
vt 0.69193 0.30096
vt 0.68996 0.30249
vt 0.69059 0.30130
f 1495/5888 1582/5889 1494/5890
vt 0.81228 0.36406
f 1359/5676 1554/5891 1573/5853
vt 0.26624 0.45979
f 1526/5753 1536/5626 1729/5892
vt 0.68993 0.30590
f 1484/5893 1507/5604 1518/5860
vt 0.32693 0.54116
f 1462/4847 1500/5552 1654/5894
vt 0.71846 0.49670
vt 0.71904 0.50054
f 1492/5895 1734/5801 1672/5896
vt 0.27192 0.44004
vt 0.27362 0.43646
f 1560/5812 1568/5897 1518/5898
vt 0.28321 0.40853
vt 0.28009 0.41026
f 1539/5754 1613/5899 1534/5900
vt 0.02420 0.26868
f 1469/5342 1636/5901 1468/5536
vt 0.61602 0.10886
vt 0.61500 0.11056
f 1493/5902 1589/5903 1617/5858
f 1495/5888 1484/5893 1582/5889
vt 0.27086 0.43794
vt 0.27172 0.44099
f 1532/5808 1623/5904 1520/5905
vt 0.14748 0.76517
f 1489/5584 1597/5906 1514/5805
vt 0.51682 0.38333
f 1102/4129 1470/5534 1848/5907
vt 0.82299 0.94897
vt 0.82251 0.94774
vt 0.82408 0.94744
f 1492/5908 1672/5909 1521/5910
vt 0.41169 0.53585
f 1505/5848 1792/5911 1588/5849
vt 0.89006 0.77712
f 1502/5718 1602/5912 1525/5884
vt 0.45686 0.71481
vt 0.45560 0.71572
vt 0.45494 0.71252
f 1407/5913 1599/5914 1611/5915
vt 0.13898 0.01964
vt 0.13777 0.02053
vt 0.13787 0.01953
f 1510/5916 1567/5917 1542/5918
vt 0.91932 0.73348
vt 0.91756 0.73242
vt 0.91835 0.73148
f 1553/5919 1610/5920 1538/5921
vt 0.51290 0.38534
f 1525/5833 1602/5922 1470/5534
f 1501/5557 1478/5714 1563/5406
vt 0.13731 0.02718
vt 0.13747 0.02626
f 1480/5544 1491/5923 1530/5924
vt 0.26940 0.44869
f 1516/5790 1540/5821 1629/5925
f 1532/5808 1526/5753 1623/5904
vt 0.40379 0.76589
vt 0.40434 0.76249
vt 0.40566 0.76704
f 1540/5926 1565/5927 1629/5928
vt 0.68697 0.30646
vt 0.68705 0.30515
f 1484/5893 1518/5929 1558/5930
vt 0.29834 0.19202
f 1509/5782 1643/5784 1691/5931
vt 0.29876 0.20389
f 1515/5783 1472/5932 1643/5784
vt 0.02677 0.26253
f 1454/4886 1389/4186 1705/5933
vt 0.28649 0.37453
vt 0.28768 0.37376
vt 0.28715 0.38051
f 1495/5934 1494/5935 1673/5936
vt 0.69995 0.97577
vt 0.70024 0.97576
f 1512/5871 1544/5937 2681/5938
vt 0.96899 0.38572
vt 0.96866 0.38585
vt 0.96846 0.38505
f 1512/5939 1653/5940 1544/5941
vt 0.64275 0.76469
vt 0.64489 0.76499
vt 0.64436 0.76606
f 1623/5942 1518/5943 1520/5944
vt 0.53962 0.94885
vt 0.53905 0.95072
vt 0.53884 0.94833
f 1484/5945 1556/5946 1582/5947
vt 0.02414 0.26793
f 1454/4886 1705/5933 1636/5948
f 1525/5865 1668/5844 1528/5630
vt 0.64485 0.76704
f 1520/5944 1518/5943 1568/5949
vt 0.08927 0.02277
f 1463/5826 1581/5950 1728/5827
vt 0.51206 0.38636
vt 0.51410 0.38364
f 1502/5794 1528/5951 1602/5952
vt 0.72660 0.42520
vt 0.72902 0.42600
vt 0.72891 0.42842
f 1442/5953 1523/5954 1626/5955
vt 0.13926 0.01255
vt 0.13853 0.01537
vt 0.13774 0.01273
f 1346/5956 1498/5957 1799/5958
vt 0.91990 0.73111
vt 0.91938 0.73271
vt 0.91868 0.73127
f 1566/5959 1553/5960 1538/5961
f 1537/5545 1479/4180 1753/5845
f 1470/5534 1602/5922 1848/5907
vt 0.28592 0.39959
f 1473/5698 1787/5811 1797/5962
vt 0.68753 0.30335
f 1484/5893 1558/5930 1556/5963
vt 0.72731 0.41550
vt 0.72898 0.41516
vt 0.72724 0.41834
f 1361/5964 1571/5965 1519/5966
vt 0.72881 0.43222
f 1442/5953 1626/5955 1598/5967
f 1442/5953 1598/5967 1535/5875
vt 0.40401 0.75951
vt 0.40486 0.76211
f 1565/5927 1520/5968 1559/5969
f 1469/5411 1454/4886 1636/5948
vt 0.27076 0.44203
f 1560/5812 1516/5790 1564/5970
vt 0.97800 0.62307
vt 0.97733 0.62284
vt 0.97787 0.62185
f 1447/5971 1517/5972 1697/5973
vt 0.27069 0.44425
vt 0.27103 0.44386
f 1516/5790 1565/5974 1559/5975
f 1516/5790 1559/5975 1564/5970
vt 0.96894 0.38399
vt 0.96894 0.38533
f 1544/5941 1591/5976 2681/5977
f 1473/5698 1797/5962 1539/5754
vt 0.02287 0.28027
f 1528/5630 1668/5844 1602/5978
vt 0.45739 0.72163
vt 0.45697 0.72658
vt 0.45540 0.72463
f 1461/5979 1575/5980 1626/5981
vt 0.81152 0.38800
vt 0.81452 0.39139
vt 0.81158 0.38974
f 1553/5982 1346/5983 1685/5984
vt 0.81300 0.39213
f 1346/5983 1799/5985 1685/5984
vt 0.72940 0.41931
f 1442/5953 1519/5966 1650/5986
vt 0.64368 0.75961
vt 0.64441 0.76329
f 1623/5942 1558/5987 1518/5988
vt 0.40501 0.76202
f 1520/5968 1547/5989 1559/5969
vt 0.40573 0.76037
vt 0.40536 0.76170
f 1520/5968 1604/5990 1547/5991
vt 0.75384 0.94707
vt 0.75450 0.94879
vt 0.75358 0.94773
f 1496/5992 1595/5993 1574/5994
vt 0.40689 0.76339
f 1565/5927 1644/5995 1629/5928
vt 0.64214 0.75986
f 1623/5942 1616/5996 1558/5987
vt 0.90012 0.48394
vt 0.90145 0.48430
vt 0.90013 0.48590
f 1584/5997 1561/5998 1566/5999
vt 0.99462 0.93731
vt 0.99470 0.93754
vt 0.99458 0.93769
f 2682/6000 1551/6001 1550/6002
vt 0.99095 0.73285
vt 0.99096 0.73258
vt 0.99118 0.73270
f 2682/6003 2683/6004 1551/6005
vt 0.99484 0.75031
vt 0.99496 0.75017
vt 0.99496 0.75058
f 1550/6006 1551/6007 1552/6008
vt 0.99402 0.76517
vt 0.99425 0.76536
vt 0.99402 0.76551
f 1550/6009 1552/6010 2684/6011
vt 0.40480 0.75961
vt 0.40493 0.75983
f 1520/5968 1560/6012 1569/6013
vt 0.18945 0.61200
f 1431/5559 1514/6014 1557/5560
vt 0.40462 0.75884
vt 0.40498 0.75953
f 1520/5968 1568/6015 1555/6016
vt 0.99529 0.53767
vt 0.99529 0.53739
vt 0.99540 0.53758
f 1520/6017 1555/6018 1560/6019
vt 0.79798 0.44969
vt 0.79809 0.45441
vt 0.79693 0.45321
f 1577/6020 1506/6021 1521/6022
vt 0.79749 0.44629
vt 0.79523 0.44639
vt 0.79631 0.44435
f 1491/6023 1649/6024 1530/6025
vt 0.36903 0.30972
f 1102/4245 1848/6026 1545/5631
vt 0.81278 0.39929
vt 0.81305 0.40169
vt 0.81127 0.40121
f 1542/6027 1567/6028 1572/6029
vt 0.41780 0.03580
f 1508/5774 1677/6030 1546/5775
vt 0.79511 0.44243
f 1530/6025 1649/6024 1572/6031
vt 0.27094 0.44381
vt 0.27066 0.44379
f 1559/6032 1547/6033 1564/5970
vt 0.99519 0.13883
vt 0.99508 0.13869
vt 0.99519 0.13841
f 1520/6034 1569/6035 1604/6036
vt 0.27125 0.44156
f 1560/5812 1564/5970 1569/6037
vt 0.64326 0.75821
f 1616/5996 1578/6038 1558/5987
vt 0.27108 0.44098
vt 0.27168 0.44085
f 1560/5812 1570/6039 1568/6040
vt 0.41717 0.01818
vt 0.42119 0.02133
f 1603/5776 1729/6041 1536/6042
vt 0.27124 0.44126
f 1560/5812 1555/6043 1570/6039
f 1328/5726 1557/5560 1500/5823
vt 0.30011 0.21224
vt 0.30086 0.21666
vt 0.29756 0.21415
f 1594/6044 1533/6045 1640/6046
vt 0.08138 0.00148
vt 0.08242 0.00267
f 2681/5870 1591/6047 1653/6048
vt 0.39875 0.30626
f 1591/6049 1544/5867 1537/5545
vt 0.27999 0.41133
vt 0.28135 0.41247
vt 0.27924 0.41227
f 1534/6050 1596/6051 1548/6052
f 1465/5277 1522/5634 1714/5469
vt 0.98590 0.85474
vt 0.98610 0.85516
vt 0.98593 0.85512
f 1566/6053 1538/6054 1601/6055
vt 0.26949 0.44365
f 1547/6033 1614/6056 1564/5970
vt 0.45481 0.72016
f 1461/5979 1626/5981 1641/6057
vt 0.08199 0.00373
vt 0.08254 0.00309
vt 0.08341 0.00489
f 1511/6058 1544/6059 1504/6060
vt 0.99402 0.93085
vt 0.99402 0.93040
vt 0.99419 0.93055
f 1582/6061 1556/6062 1586/6063
vt 0.10105 0.07553
f 1563/5406 1665/6064 1481/5549
vt 0.97423 0.17434
vt 0.97365 0.17470
vt 0.97358 0.17274
f 1491/6065 1577/6066 1711/6067
f 1461/5979 1641/6057 1599/5914
vt 0.57074 0.99396
vt 0.57081 0.99371
vt 0.57086 0.99427
f 1555/6068 1568/6069 1604/6070
vt 0.27116 0.44145
f 1555/6043 1569/6071 1564/5970
vt 0.57075 0.99415
f 1555/6068 1604/6070 1569/6072
f 1555/6043 1564/5970 1570/6039
vt 0.09922 0.98901
vt 0.09950 0.98889
vt 0.09954 0.98936
f 1568/6073 1570/6074 1604/6075
vt 0.61084 0.09079
vt 0.61153 0.09256
vt 0.60976 0.09130
f 1517/6076 1497/6077 1684/6078
vt 0.28979 0.18453
f 1691/5931 2061/6079 1549/5878
vt 0.61345 0.09652
vt 0.61134 0.09677
f 1527/6080 1418/5829 1609/6081
f 1565/5974 1614/6056 1547/6033
vt 0.64252 0.75751
f 1578/6038 1616/5996 1582/6082
vt 0.70756 0.55700
vt 0.71012 0.55872
f 1481/6083 1689/6084 1541/5813
vt 0.59120 0.94763
vt 0.59215 0.94797
vt 0.59194 0.94957
f 1566/6085 1601/6086 1584/6087
vt 0.33129 0.54001
f 1462/4847 1654/5894 1576/6088
vt 0.26846 0.44744
f 1516/5790 1629/5925 1655/6089
vt 0.99529 0.20260
vt 0.99540 0.20237
vt 0.99540 0.20270
f 1604/6090 1570/6091 1564/6092
vt 0.09773 0.04536
vt 0.09249 0.04604
f 1524/5851 1789/6093 1543/6094
f 1565/5927 1547/5991 1644/5995
vt 0.29970 0.21866
f 1533/6045 1596/6095 1640/6046
vt 0.27337 0.42842
vt 0.27282 0.42726
vt 0.27295 0.42675
f 1556/6096 1578/6097 1586/6098
vt 0.14553 0.76920
f 1514/5805 1597/5906 1618/6099
vt 0.91714 0.37976
vt 0.91870 0.37821
vt 0.91835 0.38105
f 1524/6100 1637/6101 1789/6102
vt 0.26967 0.44485
f 1516/5790 1655/6089 1614/6103
f 1541/5813 1689/6084 1677/5814
vt 0.28522 0.40385
f 1539/5754 1632/6104 1613/5899
vt 0.94730 0.45568
vt 0.94759 0.45434
vt 0.94799 0.45567
f 1517/6105 1684/6106 1669/6107
vt 0.40588 0.76078
f 1604/5990 1587/6108 1547/5991
f 1418/5829 1708/5831 1609/6081
vt 0.72974 0.42287
f 1442/5953 1658/6109 1523/5954
f 1497/6077 1527/6080 1609/6081
vt 0.85515 0.41860
vt 0.85742 0.41728
f 1553/5761 1685/6110 1610/6111
f 1462/4847 1576/6088 1645/5734
vt 0.18981 0.60662
f 1514/6014 1647/6112 1557/5560
vt 0.81306 0.39628
vt 0.81206 0.39467
f 1542/6113 1572/6029 1799/6114
vt 0.81079 0.94735
vt 0.81054 0.95060
vt 0.80988 0.94704
f 1575/6115 1448/6116 1598/6117
vt 0.72267 0.49982
f 1734/5801 1447/5800 1697/6118
vt 0.27279 0.43022
vt 0.26969 0.42739
f 1556/6096 1558/6119 1700/6120
vt 0.97050 0.02634
vt 0.97014 0.02755
vt 0.96962 0.02653
f 1494/6121 1582/6122 1651/6123
vt 0.29013 0.37294
vt 0.29536 0.38120
f 1494/5935 1651/6124 1882/6125
vt 0.80952 0.94912
f 1535/6126 1598/6117 1448/6116
f 1534/6050 1613/5899 1596/6051
vt 0.40614 0.76134
f 1547/5991 1587/6108 1607/6127
f 1547/5991 1607/6127 1644/5995
vt 0.79530 0.44902
vt 0.79458 0.44879
f 1491/5789 1711/6128 1649/6129
vt 0.81313 0.91736
f 1542/5671 1799/6130 1498/5819
vt 0.99507 0.83705
vt 0.99507 0.83679
vt 0.99522 0.83688
f 1578/6131 1582/6132 1585/6133
vt 0.27258 0.42724
f 1578/6097 1585/6134 1586/6098
vt 0.27057 0.43218
vt 0.26960 0.42760
vt 0.27181 0.42794
f 1616/6135 1651/6136 1582/6137
vt 0.72906 0.41712
f 1519/5966 1612/6138 1650/5986
vt 0.99391 0.49979
vt 0.99373 0.49987
vt 0.99383 0.49956
f 1578/6139 1556/6140 1579/6141
f 1586/6098 1585/6134 1700/6120
vt 0.27246 0.42749
f 1556/6096 1700/6120 1579/6142
vt 0.09622 0.02210
f 1581/5950 1580/6143 1728/5827
vt 0.13032 0.88038
vt 0.13078 0.87869
vt 0.13182 0.87985
f 1582/6144 1586/6145 1600/6146
vt 0.13068 0.88281
vt 0.13038 0.88085
vt 0.13072 0.88075
f 1558/6147 1578/6148 1579/6149
vt 0.26978 0.44289
f 1564/5970 1614/6056 1607/6150
vt 0.27015 0.44235
f 1564/5970 1607/6150 1587/6151
vt 0.40568 0.76981
vt 0.40621 0.76846
vt 0.40658 0.77145
f 1659/6152 1592/6153 1583/6154
vt 0.71771 0.49856
vt 0.71600 0.50101
f 1521/5887 1672/6155 1731/6156
f 1516/5790 1614/6103 1565/5974
vt 0.13180 0.87997
vt 0.13083 0.88044
f 1582/6144 1600/6157 1585/6158
f 1497/6077 1609/6081 1684/6078
vt 0.86913 0.53111
vt 0.86777 0.52923
vt 0.86940 0.52855
f 1566/6159 1561/6160 1605/6161
f 1494/5935 1882/6125 1673/5936
f 1549/5878 2061/6079 1562/5879
f 1585/6134 1579/6142 1700/6120
vt 0.45580 0.72746
f 1575/5980 1699/6162 1626/5981
vt 0.09274 0.03806
vt 0.09612 0.03835
f 1637/6163 1485/5828 1773/6164
vt 0.02732 0.65857
vt 0.02894 0.66065
f 1595/5846 1548/6165 1696/6166
vt 0.26962 0.44244
f 1564/5970 1587/6151 1593/6167
vt 0.26996 0.44176
f 1564/5970 1593/6167 1604/6168
vt 0.08939 0.00411
f 1504/6060 1841/6169 1412/5349
vt 0.40671 0.76583
f 1592/6153 1629/5928 1631/6170
vt 0.29773 0.20896
vt 0.29988 0.20761
f 1594/6171 1643/5784 1472/6172
vt 0.98669 0.02887
vt 0.98667 0.02932
vt 0.98637 0.02956
f 1629/6173 1592/6174 1659/6175
vt 0.13249 0.04802
vt 0.13349 0.04469
f 1517/5817 1669/6176 1697/6177
f 1585/6158 1600/6157 1579/6149
vt 0.27131 0.43810
vt 0.26928 0.43903
vt 0.27080 0.43740
f 2682/6178 1661/6179 2683/6180
vt 0.11664 0.43329
vt 0.11635 0.43527
f 1612/6181 1590/5804 1650/6182
vt 0.09801 0.05616
f 1529/5877 1784/6183 1478/5714
vt 0.95957 0.36109
vt 0.95931 0.36008
vt 0.95981 0.36067
f 1601/6184 1538/6185 1620/6186
vt 0.11513 0.44643
vt 0.11744 0.44488
vt 0.11599 0.45018
f 1575/6187 1598/6188 1699/6189
vt 0.11799 0.44840
f 1598/6188 1660/6190 1699/6189
f 1539/5754 1797/5962 1632/6104
vt 0.11939 0.43690
f 1590/5804 1667/6191 1650/6182
f 1579/6149 1600/6157 1558/6147
f 1519/5966 1571/5965 1612/6138
vt 0.37426 0.93701
vt 0.37522 0.93567
vt 0.37629 0.93642
f 1584/6192 1601/6193 1561/6194
vt 0.11695 0.43190
vt 0.11721 0.43267
f 1571/6195 1590/5804 1628/6196
vt 0.41111 0.53801
f 1505/5848 1679/6197 1792/5911
vt 0.09896 0.06168
f 1478/5714 1784/6183 1608/6198
vt 0.40717 0.76025
f 1587/6108 1604/5990 1619/6199
vt 0.98609 0.02182
vt 0.98610 0.02231
vt 0.98581 0.02239
f 1587/6200 1619/6201 1593/6202
vt 0.61324 0.11531
vt 0.61182 0.11256
vt 0.61394 0.11202
f 1611/6203 1571/6204 1589/6205
f 1442/5953 1650/5986 1658/6109
vt 0.98375 0.85559
vt 0.98426 0.85572
vt 0.98383 0.85636
f 1612/6206 1628/6207 1590/6208
vt 0.72992 0.42488
f 1523/5954 1658/6109 1630/6209
vt 0.40723 0.77013
f 1583/6154 1592/6153 1693/6210
vt 0.28562 0.40717
f 1632/6104 1640/6211 1613/5899
vt 0.61174 0.11417
f 1611/6203 1612/6212 1571/6204
vt 0.40686 0.76657
f 1592/6153 1631/6170 1655/6213
vt 0.26636 0.45428
f 1526/5753 1729/5892 1707/6214
vt 0.08159 0.00113
vt 0.08605 0.00071
f 1591/6215 1762/6216 1653/6048
vt 0.98741 0.31433
vt 0.98696 0.31365
vt 0.98741 0.31368
f 1589/6217 1571/6218 1617/6219
vt 0.26881 0.43042
f 1616/6135 1686/6220 1651/6136
vt 0.11672 0.44260
vt 0.11841 0.44082
f 1626/6221 1625/6222 1598/6188
f 1638/5253 1580/6143 1581/5605
vt 0.97262 0.55364
vt 0.97283 0.55517
vt 0.97231 0.55414
f 1538/6223 1610/6224 1621/6225
vt 0.86835 0.52398
vt 0.87048 0.52424
vt 0.86936 0.52743
f 1573/6226 1554/6227 1605/6228
vt 0.98551 0.86009
vt 0.98532 0.86021
vt 0.98521 0.85985
f 1619/6229 1607/6230 1593/6231
vt 0.61364 0.11784
vt 0.61179 0.11622
f 1611/6203 1599/6232 1650/6233
vt 0.86790 0.52601
f 1573/6226 1605/6228 1618/6234
vt 0.09998 0.06762
f 1478/5714 1608/6235 1563/5406
vt 0.08535 0.00910
f 1412/5349 1841/6169 1531/6236
f 1594/6171 1640/6046 1643/5784
vt 0.95993 0.36035
f 1538/6185 1622/6237 1620/6186
f 1619/6199 1644/5995 1607/6127
vt 0.24258 0.56761
vt 0.24446 0.57468
vt 0.24023 0.57487
f 1708/6238 1617/6239 1704/6240
vt 0.86792 0.52672
f 1605/6228 1561/6160 1618/6241
vt 0.51016 0.51282
vt 0.51319 0.51199
f 1648/5580 1562/6242 1927/6243
vt 0.41662 0.02245
f 1603/5776 1758/6244 1729/6041
vt 0.26945 0.44270
f 1607/6150 1614/6056 1593/6245
vt 0.13842 0.00716
vt 0.13738 0.00781
vt 0.13787 0.00626
f 1610/6246 1685/6247 1615/6248
vt 0.97671 0.30621
vt 0.97644 0.30580
vt 0.97671 0.30511
f 1604/6249 1681/6250 1619/6251
vt 0.73012 0.42669
vt 0.73027 0.42696
f 1523/5954 1625/6252 1713/6253
vt 0.40703 0.76920
f 1592/6153 1664/6254 1693/6210
vt 0.30447 0.85758
vt 0.30392 0.85668
vt 0.30446 0.85710
f 1610/6255 1615/6256 1601/6257
vt 0.53242 0.84572
vt 0.53372 0.84543
vt 0.53476 0.84834
f 1613/6258 1640/6259 1596/6260
vt 0.29306 0.17777
f 2061/6079 1927/6261 1562/5879
vt 0.37521 0.93562
vt 0.37475 0.93528
vt 0.37494 0.93490
f 1601/6262 1615/6263 1622/6264
vt 0.37578 0.93426
f 1601/6262 1622/6264 1678/6265
vt 0.11896 0.44512
f 1598/6188 1680/6266 1660/6190
vt 0.12282 0.44265
f 1598/6188 1625/6222 1676/6267
vt 0.94163 0.64534
vt 0.94174 0.64456
vt 0.94241 0.64437
f 1601/6268 1620/6269 1621/6270
vt 0.94270 0.64708
f 1601/6268 1621/6270 1610/6271
vt 0.27818 0.88432
vt 0.27759 0.88383
vt 0.27921 0.88242
f 1561/6272 1601/6273 1627/6274
vt 0.40714 0.76524
f 1629/5928 1644/5995 1631/6275
vt 0.40739 0.76699
f 1592/6153 1655/6213 1670/6276
vt 0.40742 0.76810
f 1592/6153 1670/6276 1671/6277
vt 0.73010 0.42544
f 1523/5954 1630/6209 1639/6278
vt 0.26919 0.44184
f 1604/6168 1593/6167 1681/6279
vt 0.05886 0.81584
vt 0.05709 0.81413
vt 0.05975 0.81241
f 1595/6280 1696/6281 1574/6282
f 1504/6060 1544/6059 1841/6169
vt 0.73013 0.42561
f 1523/5954 1639/6278 1634/6283
vt 0.24668 0.57883
vt 0.24661 0.57977
vt 0.24551 0.57833
f 1612/6284 1611/6285 1628/6286
vt 0.13343 0.88268
vt 0.13231 0.88402
f 1558/6147 1686/6287 1606/6288
vt 0.27671 0.88210
f 1601/6273 1678/6289 1627/6274
vt 0.27060 0.43121
f 1558/6119 1606/6290 1700/6120
vt 0.26822 0.44551
f 1614/6103 1655/6089 1644/6291
vt 0.61347 0.12302
f 1599/6232 1641/6292 1650/6233
vt 0.53485 0.85142
vt 0.53323 0.85521
vt 0.53338 0.85259
f 1596/6293 1696/6294 1548/6295
vt 0.39881 0.30352
f 1591/6049 1537/5545 1762/6296
vt 0.26740 0.44913
f 1629/5925 1671/6297 1655/6089
vt 0.30493 0.85626
vt 0.30474 0.85631
f 1620/6298 1622/6299 1615/6256
vt 0.30488 0.85611
f 1620/6298 1615/6256 1621/6300
vt 0.37497 0.93470
vt 0.37574 0.93439
f 1622/6264 1621/6301 1678/6302
vt 0.73035 0.42801
f 1523/5954 1641/6303 1626/5955
f 1523/5954 1713/6253 1641/6303
vt 0.97006 0.42746
vt 0.96941 0.42757
vt 0.96993 0.42652
f 1626/6304 1663/6305 1625/6306
vt 0.08707 0.01928
vt 0.09090 0.01674
f 1638/6307 1394/5441 1830/6308
f 1558/6147 1600/6157 1686/6287
vt 0.11921 0.43726
f 1625/6222 1667/6309 1676/6267
vt 0.11708 0.44031
f 1667/6309 1625/6222 1630/6310
vt 0.73035 0.42642
f 1625/6252 1523/5954 1635/6311
vt 0.73029 0.42659
f 1625/6252 1635/6311 1624/6312
vt 0.73028 0.42625
f 1523/5954 1634/6283 1642/6313
f 1523/5954 1642/6313 1635/6311
vt 0.45485 0.72874
f 1699/6162 1688/6314 1626/5981
vt 0.95685 0.92383
vt 0.95689 0.92130
vt 0.95769 0.92328
f 1653/6315 1805/6316 1544/6317
vt 0.99238 0.71605
vt 0.99238 0.71542
vt 0.99254 0.71560
f 1621/6318 1615/6319 1678/6320
vt 0.23868 0.56672
f 1708/6238 1704/6240 1766/6321
vt 0.90384 0.48386
vt 0.90297 0.48511
f 1561/5998 1627/6322 1618/6323
vt 0.26734 0.44228
f 1526/5753 1692/6324 1623/5904
vt 0.94187 0.64411
vt 0.94210 0.64368
f 1621/6270 1622/6325 1538/6326
vt 0.61177 0.11974
f 1641/6292 1658/6327 1650/6233
vt 0.24600 0.58025
vt 0.24213 0.58037
f 1611/6328 1768/6329 1628/6286
vt 0.15081 0.76701
f 1573/6330 1618/6099 1597/5906
vt 0.61231 0.12171
f 1641/6292 1639/6331 1658/6327
vt 0.11665 0.43858
f 1630/6310 1658/6332 1667/6191
vt 0.41534 0.02679
f 1603/5776 1546/5775 1757/6333
f 1485/5828 1728/5827 1773/6164
vt 0.95767 0.02265
vt 0.95707 0.02339
vt 0.95688 0.02119
f 1583/6334 1656/6335 1659/6336
vt 0.24604 0.57703
f 1571/6337 1628/6286 1617/6239
vt 0.81409 0.03262
vt 0.81369 0.03404
vt 0.81360 0.03176
f 1618/6338 1627/6339 1514/6340
f 1563/5406 1608/6235 1665/6064
vt 0.11617 0.44224
vt 0.11586 0.44176
f 1625/6341 1642/6342 1630/6310
vt 0.51405 0.51397
f 1648/5580 1927/6243 1918/6343
vt 0.61107 0.12404
vt 0.61248 0.12515
vt 0.60984 0.12510
f 1663/6344 1626/6345 1701/6346
vt 0.11600 0.44097
vt 0.11600 0.44107
f 1639/6347 1630/6310 1633/6348
vt 0.26977 0.42397
vt 0.27248 0.42394
f 1700/6120 1652/6349 1586/6350
vt 0.11596 0.44113
f 1634/6351 1633/6348 1630/6310
f 1634/6351 1630/6310 1642/6342
vt 0.61226 0.12217
vt 0.61260 0.12273
f 1634/6352 1639/6331 1635/6353
vt 0.16997 0.63609
vt 0.16977 0.63647
vt 0.16906 0.63615
f 1634/6354 1635/6355 1633/6356
vt 0.85658 0.29716
vt 0.85492 0.29423
vt 0.85652 0.28956
f 1572/6357 1682/6358 1799/6359
vt 0.41436 0.03658
f 1677/6030 1727/6360 1546/5775
vt 0.99520 0.76420
vt 0.99508 0.76410
vt 0.99520 0.76388
f 1625/6361 1624/6362 1642/6363
vt 0.13306 0.87762
f 1586/6145 1652/6364 1600/6146
f 1681/6279 1593/6245 1614/6056
vt 0.40709 0.77312
vt 0.40840 0.77214
f 1656/6365 1583/6154 1707/6366
f 1641/6292 1635/6353 1639/6331
f 1664/6254 1592/6153 1671/6277
vt 0.03008 0.23388
f 1588/5850 1743/6367 1522/5634
vt 0.11682 0.44341
vt 0.11583 0.44234
f 1625/6341 1663/6368 1713/6369
vt 0.28979 0.19441
f 1691/5931 1861/6370 2061/6079
vt 0.30457 0.85543
vt 0.30297 0.85546
f 1678/6371 1615/6256 1690/6372
vt 0.08698 0.01270
vt 0.08520 0.00894
vt 0.09160 0.00683
f 1394/6373 1531/6374 1912/6375
vt 0.61246 0.12309
vt 0.61250 0.12342
f 1624/6376 1635/6353 1713/6377
vt 0.16992 0.63708
vt 0.16886 0.63795
f 1624/6378 1713/6379 1633/6356
vt 0.16989 0.63674
f 1624/6378 1633/6356 1642/6380
f 1642/6380 1633/6356 1635/6355
f 1635/6353 1641/6292 1713/6377
vt 0.26778 0.44718
vt 0.26783 0.44710
f 1655/6089 1631/6381 1674/6382
vt 0.99484 0.01485
vt 0.99497 0.01459
vt 0.99506 0.01485
f 1655/6383 1674/6384 1644/6385
vt 0.26794 0.43642
f 1616/6135 1623/5904 1646/6386
vt 0.11593 0.43758
f 1658/6332 1725/6387 1667/6191
vt 0.81943 0.68680
vt 0.82271 0.68927
vt 0.81971 0.69038
f 1632/6388 1695/6389 1698/6390
vt 0.16948 0.63365
vt 0.16978 0.63559
vt 0.16550 0.63485
f 1658/6391 1639/6392 1657/6393
vt 0.62538 0.95733
vt 0.62584 0.96017
vt 0.62534 0.95936
f 1659/6394 1656/6395 1693/6396
vt 0.86407 0.68552
vt 0.86458 0.69193
vt 0.86214 0.68942
f 1654/6397 1769/6398 1576/6399
f 1639/6392 1633/6356 1657/6393
vt 0.26790 0.43807
f 1623/5904 1692/6324 1732/6400
vt 0.27005 0.43729
vt 0.26765 0.43521
f 2683/6401 1661/6179 1723/6402
vt 0.19053 0.60066
f 1557/5560 1654/6403 1500/5823
vt 0.26661 0.44967
f 1526/5753 1712/6404 1692/6324
vt 0.99550 0.42505
vt 0.99550 0.42540
vt 0.99549 0.42538
f 1644/6405 1674/6406 1722/6407
vt 0.15043 0.93490
vt 0.15134 0.93406
vt 0.15042 0.93505
f 1644/6408 1722/6409 1631/6410
f 1557/5560 1647/6112 1654/6403
vt 0.92212 0.39511
vt 0.92271 0.39509
vt 0.92247 0.39607
f 1598/6411 1701/6412 1680/6413
vt 0.64064 0.76864
vt 0.63811 0.76879
vt 0.64009 0.76759
f 1598/6414 1676/6415 1701/6416
vt 0.53737 0.99132
vt 0.53755 0.99110
vt 0.53751 0.99145
f 1664/6417 1687/6418 1629/6419
vt 0.71147 0.56486
f 1677/5814 1689/6084 1744/6420
vt 0.40741 0.77173
f 1583/6154 1693/6421 1707/6366
vt 0.79650 0.45350
vt 0.79425 0.45375
vt 0.79588 0.45123
f 1521/6422 1719/6423 1577/6424
f 1606/6290 1723/6402 1700/6120
vt 0.82107 0.69040
vt 0.82179 0.69064
f 1698/6425 1695/6389 1662/6426
vt 0.99202 0.16445
vt 0.99202 0.16393
vt 0.99212 0.16438
f 1629/6427 1687/6428 1671/6429
vt 0.09436 0.04013
vt 0.09823 0.04145
f 1637/6430 1815/6431 1789/6093
vt 0.26840 0.44242
f 1644/6291 1681/6432 1614/6056
vt 0.61478 0.98354
vt 0.61440 0.98361
vt 0.61465 0.98312
f 1664/6433 1671/6434 1675/6435
vt 0.26610 0.45117
f 1526/5753 1707/6436 1712/6404
vt 0.47242 0.92167
vt 0.47241 0.92037
vt 0.47319 0.91960
f 1737/6437 1750/6438 1683/6439
vt 0.99225 0.16404
f 1687/6428 1675/6440 1671/6429
vt 0.60980 0.12656
f 1626/6345 1680/6441 1701/6346
vt 0.61435 0.98284
f 1664/6433 1675/6435 1666/6442
vt 0.11635 0.43720
f 1650/6182 1667/6191 1725/6443
vt 0.05920 0.80908
f 1596/6444 1574/6282 1696/6281
vt 0.26987 0.43386
f 2683/6401 1723/6402 1606/6445
vt 0.16709 0.63206
f 1658/6391 1657/6393 1725/6446
vt 0.28742 0.40507
f 1632/6104 1698/6447 1640/6211
vt 0.26866 0.43709
f 1661/6179 1646/6448 1723/6402
vt 0.85504 0.29893
f 1682/6358 1572/6357 1813/6449
vt 0.11457 0.43540
vt 0.11503 0.43667
f 1611/6450 1650/6182 1725/6451
vt 0.98696 0.50486
vt 0.98726 0.50497
vt 0.98696 0.50589
f 2683/6452 1606/6453 1646/6454
vt 0.99519 0.12185
vt 0.99508 0.12208
vt 0.99508 0.12178
f 1670/6455 1655/6456 1717/6457
vt 0.40785 0.76197
f 1644/5995 1619/6199 1681/6458
vt 0.02580 0.27544
vt 0.02693 0.27744
f 1706/6459 1966/6460 1668/5844
vt 0.26745 0.44839
f 1655/6089 1671/6297 1717/6461
vt 0.95548 0.69065
vt 0.95467 0.68989
vt 0.95564 0.68995
f 1664/6462 1666/6463 1687/6464
vt 0.41351 0.53516
f 1588/5849 1792/5911 1743/6465
vt 0.26685 0.12080
vt 0.26675 0.12138
vt 0.26457 0.11965
f 1615/6466 1685/6467 1690/6468
f 1531/6236 1841/6169 1912/6375
vt 0.33540 0.53835
f 1576/6088 1837/6469 1645/5734
vt 0.12035 0.43741
vt 0.12411 0.43810
f 1667/6470 1775/6471 1676/6267
vt 0.24472 0.58321
f 1611/6328 1725/6472 1768/6329
vt 0.61221 0.12877
f 1626/6345 1688/6473 1680/6441
vt 0.24477 0.57817
vt 0.24439 0.57968
vt 0.24276 0.57924
f 1628/6474 1768/6475 1739/6476
vt 0.66842 0.85405
vt 0.67090 0.85238
vt 0.67109 0.85374
f 1481/6477 1750/6478 1689/6479
vt 0.12569 0.43791
f 1667/6191 1590/5804 1775/6480
vt 0.29530 0.21088
f 1640/6046 1698/6481 1643/5784
vt 0.41649 0.01605
vt 0.41653 0.01453
f 1729/6041 2685/6482 1707/6483
vt 0.84890 0.21792
vt 0.84832 0.21286
vt 0.85025 0.21533
f 1737/6484 1683/6485 1809/6486
vt 0.27677 0.87991
f 1627/6274 1678/6289 1742/6487
vt 0.26721 0.44855
f 1671/6297 1712/6488 1717/6461
vt 0.15086 0.93652
vt 0.15093 0.93611
vt 0.15171 0.93601
f 1671/6489 1670/6490 1712/6491
vt 0.02475 0.27953
vt 0.02871 0.27502
f 1602/6492 1668/5844 1966/6493
vt 0.98036 0.13972
vt 0.98084 0.13921
vt 0.98091 0.13957
f 1687/6494 1717/6495 1712/6496
vt 0.98099 0.14039
f 1687/6494 1712/6496 1675/6497
vt 0.26817 0.43386
f 1616/6135 1646/6386 1686/6498
vt 0.02656 0.27421
f 1468/5536 1636/5901 1706/6499
vt 0.23809 0.55530
vt 0.23915 0.55690
vt 0.23747 0.55718
f 1684/6500 1609/6501 1724/6502
f 1670/6490 1631/6410 1712/6491
vt 0.97303 0.64150
vt 0.97271 0.64061
vt 0.97286 0.64070
f 1670/6503 1674/6504 1631/6505
vt 0.03271 0.24614
f 1714/5469 1985/6506 1389/4186
vt 0.13356 0.88036
f 1600/6146 1652/6364 1686/6507
vt 0.08726 0.00228
f 1544/6059 1805/6508 1841/6169
f 1631/6410 1722/6409 1712/6491
f 1732/6400 1646/6386 1623/5904
vt 0.29197 0.37141
f 1651/6124 1652/6509 1882/6125
vt 0.28563 0.40300
vt 0.28809 0.40240
vt 0.28591 0.40477
f 1632/6510 1797/6511 1695/6512
f 1603/5776 1757/6333 1758/6244
vt 0.33682 0.85418
vt 0.33597 0.85447
vt 0.33641 0.85356
f 1670/6513 1717/6514 1722/6515
vt 0.33677 0.85386
f 1670/6513 1722/6515 1674/6516
vt 0.97719 0.47461
vt 0.97785 0.47450
vt 0.97764 0.47562
f 1637/6517 1716/6518 1759/6519
vt 0.79437 0.45018
f 1711/6520 1577/6424 1719/6423
vt 0.42967 0.88745
vt 0.42851 0.88596
vt 0.42977 0.88613
f 1637/6521 1773/6522 1716/6523
vt 0.82059 0.69198
vt 0.81923 0.69232
vt 0.81943 0.69053
f 1662/6524 1736/6525 1698/6526
vt 0.18602 0.61097
f 1647/6112 1514/6014 1730/6527
vt 0.10008 0.95062
vt 0.10093 0.94992
vt 0.10083 0.95214
f 1606/6528 1686/6529 1646/6530
vt 0.08544 0.00155
f 1653/6048 1762/6216 1805/6531
vt 0.11952 0.44404
vt 0.11871 0.44592
f 1701/6532 1702/6533 1663/6368
vt 0.92274 0.39794
vt 0.92204 0.39847
f 1680/6413 1702/6534 1660/6535
vt 0.89113 0.26721
vt 0.89091 0.27006
vt 0.88994 0.26583
f 1651/6536 1686/6537 1652/6538
vt 0.11719 0.44567
f 1680/6539 1663/6368 1702/6533
vt 0.85029 0.21766
f 1737/6484 1809/6486 1764/6540
vt 0.40840 0.77426
f 1656/6365 1707/6366 2685/6541
vt 0.69316 0.81952
vt 0.69102 0.81851
vt 0.69131 0.81659
f 1737/6542 1738/6543 1750/6544
vt 0.02773 0.26676
f 1636/5901 1705/5933 1765/6545
vt 0.02341 0.27751
f 1468/5536 1706/6499 1668/6546
vt 0.95538 0.68899
f 1687/6464 1666/6463 1717/6547
vt 0.09251 0.01291
f 1394/5441 1785/6548 1830/6308
vt 0.92163 0.43190
vt 0.92223 0.43134
vt 0.92255 0.43177
f 1608/6549 1726/6550 1665/6551
vt 0.61039 0.12807
vt 0.61020 0.13004
f 1702/6552 1688/6473 1660/6553
vt 0.91877 0.11652
vt 0.91942 0.12030
vt 0.91749 0.11907
f 1685/6554 1799/6555 1870/6556
vt 0.24332 0.57739
f 1628/6286 1739/6557 1617/6239
vt 0.11595 0.44667
f 1688/6558 1663/6368 1680/6539
vt 0.95011 0.25831
vt 0.95062 0.25749
vt 0.95067 0.25842
f 1608/6559 1784/6560 1709/6561
vt 0.84991 0.20981
f 1683/6485 1763/6562 1809/6486
vt 0.11774 0.44685
vt 0.11957 0.45088
f 1688/6558 1702/6563 1810/6564
vt 0.12813 0.43573
f 1648/5803 1931/6565 1590/5804
vt 0.66751 0.84813
vt 0.67033 0.84841
f 1481/6477 1665/6566 1718/6567
vt 0.10650 0.90211
vt 0.10581 0.89836
vt 0.10731 0.89882
f 1521/6568 1731/6569 1719/6570
vt 0.11535 0.44405
f 1663/6368 1688/6558 1713/6571
vt 0.81229 0.03468
vt 0.81099 0.03216
f 1514/6340 1627/6572 1730/6573
vt 0.96817 0.26984
vt 0.96902 0.27079
vt 0.96814 0.27136
f 1637/6574 1759/6575 1815/6576
vt 0.69299 0.81367
vt 0.69212 0.81049
f 1683/6577 1750/6544 1718/6578
vt 0.85695 0.30341
f 1572/6357 1649/6579 1813/6449
vt 0.07861 0.76093
vt 0.07861 0.75778
vt 0.08058 0.76121
f 1721/6580 1669/6581 1724/6582
vt 0.96497 0.24387
vt 0.96534 0.24444
vt 0.96497 0.24567
f 1608/6583 1709/6584 1726/6585
vt 0.97502 0.19771
vt 0.97503 0.19654
vt 0.97580 0.19671
f 1716/6586 1710/6587 1759/6588
vt 0.27083 0.13283
vt 0.26866 0.13540
vt 0.26887 0.12963
f 1682/6589 1703/6590 1799/6591
vt 0.11476 0.45158
f 1688/6558 1810/6564 1745/6592
f 1617/6239 1739/6557 1704/6240
vt 0.85549 0.30481
f 1649/6579 1711/6593 1813/6449
f 1713/6379 1657/6393 1633/6356
vt 0.08053 0.75743
f 1669/6581 1684/6594 1724/6582
vt 0.16950 0.64193
vt 0.16554 0.64258
vt 0.16835 0.63882
f 1688/6595 1822/6596 1713/6597
vt 0.67007 0.84641
f 1665/6566 1726/6598 1718/6567
vt 0.90776 0.87744
vt 0.90746 0.87772
vt 0.90723 0.87650
f 1675/6599 1693/6600 1666/6601
vt 0.49127 0.63142
vt 0.49381 0.63275
vt 0.49241 0.63303
f 1645/6602 1879/6603 1679/6604
f 1481/6477 1718/6567 1750/6478
vt 0.84835 0.20792
vt 0.84831 0.21015
f 1718/6605 1763/6562 1683/6606
vt 0.24064 0.56022
f 1708/6238 1766/6321 1609/6607
vt 0.61232 0.13335
f 1660/6553 1688/6473 1699/6608
vt 0.08068 0.92110
vt 0.08118 0.91773
vt 0.08213 0.92078
f 1656/6609 1735/6610 1693/6611
vt 0.07897 0.76871
f 1721/6580 1724/6582 1733/6612
vt 0.68454 0.95695
vt 0.68453 0.95900
vt 0.68338 0.95765
f 1694/6613 1710/6614 1716/6615
vt 0.30419 0.85429
vt 0.30152 0.85161
vt 0.30289 0.85215
f 1678/6616 1801/6617 1742/6618
vt 0.63797 0.76785
f 1676/6415 1749/6619 1701/6416
vt 0.13025 0.43243
f 1648/5803 1918/6620 1931/6565
vt 0.07990 0.91942
f 2685/6621 1735/6610 1656/6609
vt 0.96342 0.31108
vt 0.96264 0.31040
vt 0.96319 0.30970
f 1694/6622 1751/6623 1602/6624
vt 0.16705 0.64636
f 1822/6596 1688/6595 1745/6625
vt 0.88536 0.82127
vt 0.88605 0.82046
vt 0.88597 0.82243
f 1675/6626 1712/6627 1693/6628
vt 0.12238 0.44523
f 1702/6533 1701/6532 1749/6629
vt 0.41258 0.03496
f 1546/5775 1727/6360 1925/6630
vt 0.18680 0.60396
f 1654/6403 1647/6112 1769/6631
vt 0.88647 0.82315
f 1707/6632 1693/6628 1712/6627
f 1678/6616 1690/6372 1801/6617
vt 0.40648 0.53417
f 1679/6197 1879/6633 1792/5911
vt 0.90309 0.89673
vt 0.90060 0.89574
vt 0.90203 0.89453
f 1685/6634 1928/6635 1690/6636
vt 0.82269 0.69191
vt 0.82438 0.69275
f 1662/6637 1695/6389 1779/6638
vt 0.71023 0.57094
f 1677/5814 1744/6420 1727/6639
vt 0.02552 0.28222
vt 0.02633 0.27948
vt 0.02668 0.28073
f 1694/6640 1602/6641 1715/6642
vt 0.80416 0.94808
vt 0.80370 0.94756
vt 0.80416 0.94707
f 1718/6643 1726/6644 1783/6645
vt 0.28800 0.38565
f 1673/5936 1882/6125 1458/6646
vt 0.02799 0.27076
f 1636/5901 1765/6545 1869/6647
f 1590/5804 1931/6565 1775/6480
vt 0.26792 0.43694
vt 0.26725 0.43856
f 1646/6648 1732/6649 1723/6402
vt 0.84830 0.20624
f 1718/6605 1783/6650 1763/6562
vt 0.33742 0.84868
vt 0.33484 0.84864
vt 0.33632 0.84769
f 1692/6651 1791/6652 1732/6653
vt 0.09763 0.03606
f 1773/6164 1728/5827 1808/6654
vt 0.12093 0.44768
f 1702/6533 1749/6629 1970/6655
vt 0.08297 0.91783
f 1693/6611 1735/6610 2701/6656
vt 0.42957 0.88058
vt 0.42936 0.88032
vt 0.42914 0.87877
f 1694/6657 1716/6658 1751/6659
vt 0.33390 0.85375
vt 0.33525 0.85228
f 1717/6514 1790/6660 1722/6661
vt 0.27574 0.87772
vt 0.27878 0.87816
f 1742/6487 1769/6662 1730/6663
vt 0.13161 0.05782
vt 0.13044 0.05681
vt 0.13086 0.05324
f 1733/6664 1832/6665 1721/6666
vt 0.08317 0.92011
f 1666/6667 1693/6611 2701/6656
vt 0.02643 0.28319
f 1694/6640 1715/6642 1752/6668
f 1543/6094 1789/6093 1529/5877
vt 0.88656 0.82910
vt 0.88469 0.83179
vt 0.88467 0.82744
f 1731/6669 1776/6670 1719/6671
vt 0.13078 0.07010
vt 0.12959 0.06554
vt 0.13106 0.06362
f 1747/6672 1748/6673 1733/6674
f 1702/6533 1970/6655 1810/6564
vt 0.16523 0.63837
f 1713/6597 1822/6596 1827/6675
vt 0.12985 0.06027
f 1733/6664 1748/6676 1832/6665
vt 0.88622 0.81612
vt 0.88628 0.81898
vt 0.88454 0.81661
f 1692/6677 1712/6678 1722/6679
vt 0.16463 0.63744
f 1657/6393 1713/6379 1827/6680
vt 0.23956 0.56123
vt 0.23832 0.56357
vt 0.23816 0.56094
f 1609/6681 1766/6682 1724/6683
vt 0.33528 0.85441
f 1666/6684 1790/6660 1717/6514
vt 0.13106 0.04962
f 1669/6176 1721/6666 1796/6685
vt 0.72138 0.50285
vt 0.71762 0.50215
f 1672/5896 1734/6686 1731/6687
vt 0.09375 0.03382
vt 0.09571 0.03585
vt 0.09479 0.03715
f 1694/6688 1761/6689 1710/6690
vt 0.26449 0.45894
vt 0.26114 0.45598
vt 0.26521 0.45576
f 1729/6691 1855/6692 2685/6693
vt 0.13437 0.01948
vt 0.13256 0.02522
vt 0.13247 0.02012
f 1682/6694 1813/6695 1703/6696
vt 0.93687 0.78628
vt 0.93739 0.78708
vt 0.93643 0.78808
f 1750/6697 1754/6698 1689/6699
vt 0.88655 0.83395
f 1776/6670 1731/6669 1734/6700
vt 0.88458 0.83449
f 1776/6670 1734/6700 1697/6701
vt 0.90098 0.50329
vt 0.90071 0.50111
vt 0.90159 0.50389
f 1726/6702 1709/6703 1783/6704
vt 0.39509 0.30079
f 1537/5545 1811/6705 1762/6296
vt 0.07980 0.91820
f 2685/6621 1777/6706 1735/6610
vt 0.07970 0.77789
vt 0.08076 0.78034
vt 0.07986 0.78131
f 1747/6707 1739/6708 1771/6709
vt 0.74156 0.50704
vt 0.74008 0.50544
vt 0.74004 0.50298
f 1645/6710 1837/6711 1863/6712
vt 0.09364 0.01835
f 1638/5253 1830/6713 1580/6143
vt 0.75154 0.87862
vt 0.75268 0.87679
vt 0.75324 0.87948
f 1733/6714 2704/6715 1755/6716
vt 0.90182 0.50032
f 1709/6703 1756/6717 1783/6704
f 1627/6274 1742/6487 1730/6663
vt 0.71160 0.55981
f 1689/6084 1738/6718 1744/6420
f 1636/5901 1869/6647 1706/6499
f 1546/5775 1925/6630 1757/6333
vt 0.42899 0.88387
vt 0.42774 0.88131
f 1716/6719 1752/6720 1751/6659
vt 0.13060 0.04828
f 1669/6176 1796/6685 1844/6721
vt 0.97508 0.18857
vt 0.97501 0.18761
vt 0.97561 0.18778
f 1739/6722 1747/6723 1781/6724
vt 0.08072 0.78104
f 1739/6708 1768/6725 1771/6709
vt 0.12956 0.07508
vt 0.12947 0.07189
f 1747/6672 1771/6726 1800/6727
vt 0.33572 0.84962
f 1692/6728 1722/6661 1791/6652
vt 0.95755 0.39253
vt 0.95681 0.39228
vt 0.95667 0.39107
f 1736/6729 1740/6730 1698/6731
vt 0.08093 0.76832
f 1733/6612 1724/6582 1766/6732
vt 0.42803 0.88337
f 1716/6719 1773/6522 1761/6733
vt 0.13159 0.04494
f 1669/6176 1844/6721 1697/6734
vt 0.10013 0.05165
vt 0.10034 0.05739
f 1529/5877 1788/6735 1784/6736
vt 0.26335 0.46244
vt 0.26040 0.45972
f 1729/6691 1758/6737 1817/6738
vt 0.09645 0.03744
vt 0.09664 0.03882
f 1710/6690 1761/6739 1759/6740
f 1458/6646 1882/6125 1787/5811
vt 0.65532 0.96771
vt 0.65588 0.96700
vt 0.65548 0.96820
f 1689/6741 1754/6742 1738/6743
f 1714/5469 1522/5634 1985/6506
vt 0.08044 0.77023
f 2704/6744 1733/6612 1766/6732
vt 0.42928 0.87685
vt 0.42779 0.87697
f 1602/6745 1751/6659 1772/6746
vt 0.51579 0.37817
f 1602/5952 1772/6747 1848/5907
vt 0.36934 0.30217
f 1545/5631 1848/6026 2094/6748
vt 0.66057 0.92237
vt 0.66073 0.91936
vt 0.66224 0.92126
f 2685/6749 2017/6750 1760/6751
vt 0.65659 0.96763
f 1754/6742 1774/6752 1738/6743
vt 0.16322 0.63207
f 1657/6393 1807/6753 1725/6446
vt 0.26569 0.44055
vt 0.26553 0.43476
f 1732/6649 1791/6754 1823/6755
f 1732/6649 1823/6755 1723/6402
f 1602/6641 1966/6493 1715/6642
vt 0.75136 0.88191
f 1747/6756 1733/6714 1755/6716
vt 0.86917 0.75456
vt 0.86829 0.75117
vt 0.86919 0.75200
f 1662/6757 1740/6758 1736/6759
vt 0.29554 0.21153
vt 0.29345 0.21266
f 1698/6760 1741/6761 1643/5784
vt 0.97811 0.80259
vt 0.97728 0.80198
vt 0.97820 0.80192
f 1773/6762 1815/6763 1759/6764
vt 0.93256 0.27619
vt 0.93244 0.27343
vt 0.93342 0.27413
f 1739/6765 1781/6766 1704/6767
vt 0.96683 0.21783
vt 0.96633 0.21679
vt 0.96728 0.21616
f 1685/6768 1870/6769 1928/6770
vt 0.09193 0.01068
f 1912/6375 1785/6771 1394/6373
f 1716/6719 1761/6733 1752/6720
vt 0.09499 0.03305
f 1694/6688 1752/6772 1761/6689
vt 0.12945 0.06866
f 1747/6672 1800/6727 1748/6773
vt 0.27042 0.14709
vt 0.26996 0.15189
vt 0.26848 0.14840
f 1711/6774 1719/6775 1829/6776
f 1773/6164 1808/6654 1815/6431
vt 0.82651 0.92248
vt 0.82703 0.91887
vt 0.82814 0.92381
f 1770/6777 1802/6778 1746/6779
vt 0.98176 0.20391
vt 0.98129 0.20481
vt 0.98133 0.20396
f 1754/6780 1750/6781 1735/6782
vt 0.26383 0.45501
vt 0.26299 0.44985
f 2685/6783 1855/6692 2017/6784
vt 0.92558 0.79692
vt 0.92535 0.79773
vt 0.92509 0.79645
f 1751/6785 1752/6786 1715/6787
vt 0.13088 0.04471
vt 0.13154 0.04185
f 1697/6734 1878/6788 1776/6789
vt 0.33403 0.85079
f 1722/6661 1780/6790 1791/6652
vt 0.39456 0.30136
f 1537/5545 1805/6791 1811/6705
vt 0.86775 0.75309
f 1662/6757 1779/6792 1740/6758
vt 0.97452 0.06443
vt 0.97381 0.06414
vt 0.97429 0.06319
f 1751/6793 1715/6794 1772/6795
vt 0.11788 0.45497
f 1745/6592 1810/6564 1812/6796
vt 0.32520 0.91923
vt 0.32746 0.91857
vt 0.32702 0.92131
f 1695/6797 1740/6798 1779/6799
vt 0.28789 0.40660
f 1797/6511 1740/6800 1695/6512
vt 0.24970 0.62089
vt 0.24908 0.61864
vt 0.25170 0.61822
f 1746/6801 1812/6802 1860/6803
vt 0.27020 0.14132
vt 0.26686 0.14678
f 1813/6804 1711/6774 1914/6805
vt 0.11499 0.45502
f 1745/6592 1812/6796 1746/6806
f 1729/6691 1817/6738 1855/6692
vt 0.90544 0.03602
vt 0.90633 0.03635
vt 0.90494 0.03882
f 1802/6807 1767/6808 1746/6809
vt 0.91961 0.37324
vt 0.91882 0.37499
vt 0.91777 0.37382
f 1750/6810 1738/6811 1774/6812
vt 0.91937 0.37297
f 1750/6810 1774/6812 1735/6813
vt 0.26296 0.11794
vt 0.26244 0.11604
f 1690/6468 1898/6814 1801/6815
vt 0.90611 0.87556
vt 0.90477 0.87623
vt 0.90551 0.87437
f 1666/6816 2701/6817 1790/6818
vt 0.11093 0.94962
vt 0.11177 0.94768
vt 0.11166 0.95060
f 1754/6819 1778/6820 1774/6821
vt 0.33354 0.85305
vt 0.33380 0.85278
f 1722/6661 1790/6822 1794/6823
vt 0.26782 0.42394
f 1652/6349 1700/6120 1826/6824
vt 0.33327 0.85174
f 1722/6661 1794/6825 1780/6790
vt 0.75222 0.88648
f 1747/6756 1755/6716 1781/6826
vt 0.11324 0.45480
f 1746/6806 1767/6827 1745/6592
vt 0.09691 0.03719
vt 0.09709 0.03817
f 1761/6739 1773/6828 1759/6829
vt 0.66197 0.91755
f 2017/6750 1825/6830 1760/6751
vt 0.98143 0.50311
vt 0.98141 0.50245
vt 0.98205 0.50308
f 1754/6831 1735/6832 1777/6833
vt 0.11146 0.94732
f 1754/6819 1777/6834 1778/6820
vt 0.10115 0.06173
vt 0.10242 0.06318
f 1782/6835 1784/6736 1780/6836
vt 0.02998 0.26364
f 1705/5933 1849/6837 1765/6545
f 1529/5877 1789/6093 1788/6735
vt 0.27071 0.15407
vt 0.26935 0.15605
f 1776/6838 1853/6839 1719/6775
f 1769/6631 1647/6112 1730/6527
vt 0.29037 0.40553
f 1740/6800 1797/6511 1936/6840
vt 0.91845 0.85538
vt 0.91759 0.85610
vt 0.91829 0.85444
f 1737/6841 1764/6842 1738/6843
vt 0.26719 0.42692
f 1700/6120 1901/6844 1826/6824
vt 0.10041 0.06236
vt 0.10297 0.05825
vt 0.10160 0.06669
f 1756/6845 1910/6846 1783/6847
vt 0.23753 0.58130
vt 0.24109 0.57832
f 1768/6329 1971/6848 1781/6849
vt 0.09512 0.00776
f 1912/6375 1977/6850 1785/6771
vt 0.86142 0.69159
f 1769/6398 1933/6851 1576/6399
vt 0.81286 0.43833
vt 0.81119 0.43620
vt 0.81347 0.43452
f 1782/6852 1843/6853 1709/6854
vt 0.78808 0.58727
vt 0.78702 0.59608
vt 0.78606 0.58832
f 1748/6855 1800/6856 1755/6857
vt 0.10014 0.06001
f 1782/6835 1709/6858 1784/6736
vt 0.10229 0.05562
f 1788/6735 1798/6859 1784/6736
vt 0.81369 0.43284
vt 0.81120 0.43117
f 1756/6860 1709/6854 1798/6861
vt 0.09883 0.03034
f 1808/6654 1728/5827 1988/6862
vt 0.26886 0.15107
f 1719/6775 1828/6863 1829/6776
vt 0.91923 0.37247
vt 0.91874 0.37119
f 1735/6864 1774/6812 1778/6865
vt 0.29606 0.40061
f 1787/5811 1882/6125 2151/6866
vt 0.25703 0.61928
vt 0.25854 0.62458
vt 0.25285 0.62306
f 1922/6867 1986/6868 1770/6869
vt 0.27018 0.80988
vt 0.26981 0.80646
vt 0.27197 0.80825
f 2017/6870 1903/6871 1825/6872
vt 0.40747 0.53743
vt 0.40300 0.53613
f 1645/6873 1863/6874 1879/6633
vt 0.28978 0.19601
f 1643/5784 1861/6875 1691/5931
vt 0.30284 0.85012
vt 0.30161 0.84909
f 1769/6876 1742/6618 1801/6877
f 1746/6801 1860/6803 1770/6869
vt 0.39130 0.29954
f 1537/5545 1753/5845 1887/6878
vt 0.27127 0.80303
f 1825/6872 1903/6871 1791/6879
vt 0.70375 0.60994
vt 0.70618 0.60542
vt 0.70534 0.61154
f 1676/6880 1775/6881 1749/6882
vt 0.24428 0.58357
vt 0.24266 0.58408
f 1725/6883 1807/6884 1768/6329
vt 0.68118 0.80326
vt 0.68208 0.80756
vt 0.67855 0.80550
f 1758/6885 1757/6886 1942/6887
vt 0.27086 0.16272
vt 0.27042 0.16118
vt 0.27084 0.16077
f 1844/6888 1878/6889 1697/6890
vt 0.28940 0.20947
f 1643/5784 1741/6761 2032/6891
vt 0.75317 0.88673
vt 0.75246 0.88825
f 1781/6826 1800/6892 1768/6893
vt 0.46487 0.92120
vt 0.46619 0.91990
vt 0.46611 0.92317
f 1874/6894 1902/6895 1720/6896
vt 0.26651 0.42909
f 1901/6844 1700/6120 1831/6897
vt 0.03435 0.23773
f 1522/5634 2158/6898 1985/6506
vt 0.03098 0.27864
f 1715/6642 1966/6493 1772/6899
f 1797/6511 1787/5811 2151/6866
vt 0.27459 0.81591
vt 0.27291 0.81433
vt 0.27477 0.81404
f 1778/6900 1760/6901 1735/6902
vt 0.27082 0.15774
vt 0.27035 0.15973
f 1776/6903 1878/6904 1853/6839
vt 0.90570 0.87304
vt 0.90505 0.87342
f 1794/6905 1790/6818 1793/6906
f 1711/6774 1829/6776 1914/6805
vt 0.10274 0.06417
vt 0.10194 0.06501
f 1780/6836 1794/6907 1782/6908
vt 0.25250 0.61987
f 1770/6869 1860/6803 1922/6909
vt 0.94189 0.66906
vt 0.94208 0.66603
vt 0.94285 0.66689
f 1720/6910 1873/6911 1874/6912
vt 0.99253 0.03259
vt 0.99238 0.03283
vt 0.99238 0.03247
f 1793/6913 1806/6914 1794/6915
vt 0.23750 0.56906
f 1766/6321 1704/6240 2704/6916
vt 0.26603 0.43142
f 1723/6402 1838/6917 1700/6120
vt 0.59434 0.94743
vt 0.59521 0.94791
vt 0.59411 0.94873
f 1821/6918 1804/6919 1795/6920
vt 0.10121 0.06977
vt 0.10399 0.07071
f 1763/6921 1783/6847 1854/6922
vt 0.37497 0.29941
f 1545/5631 2094/6748 2213/6923
vt 0.78799 0.58555
vt 0.78534 0.58595
vt 0.78631 0.58268
f 1748/6924 1818/6925 1832/6926
vt 0.86764 0.74897
vt 0.86857 0.74957
f 1740/6758 1936/6927 1698/6928
vt 0.26827 0.15214
f 1719/6775 1853/6839 1828/6929
vt 0.09093 0.00509
f 1841/6169 1877/6930 1912/6375
f 1709/6854 1843/6853 1798/6861
vt 0.12017 0.45441
f 1812/6796 1810/6564 2007/6931
vt 0.71241 0.57014
f 1727/6639 1744/6420 1925/6932
vt 0.78580 0.59444
f 1800/6856 1781/6933 1755/6857
vt 0.81145 0.43983
f 1782/6852 1814/6934 1843/6853
vt 0.93332 0.27216
f 1704/6767 1781/6766 1945/6935
vt 0.78570 0.59664
vt 0.78656 0.59946
f 1768/6936 1800/6856 1771/6937
vt 0.86883 0.74824
f 1741/6938 1698/6928 1936/6927
vt 0.33408 0.53574
f 1576/6088 1933/6939 1837/6469
vt 0.16628 0.65145
vt 0.16311 0.65110
vt 0.16434 0.64856
f 1802/6940 1924/6941 1767/6942
vt 0.91825 0.85427
vt 0.91792 0.85399
f 1738/6943 1764/6842 1856/6944
vt 0.99217 0.06354
vt 0.99202 0.06319
vt 0.99229 0.06318
f 1755/6945 1816/6946 1748/6947
f 1700/6120 1838/6917 1831/6897
vt 0.03026 0.26802
f 1765/6545 1849/6837 1902/6948
vt 0.89175 0.50992
vt 0.88993 0.50722
vt 0.89171 0.50657
f 1720/6949 1902/6950 1873/6951
vt 0.10168 0.07374
vt 0.10365 0.07855
f 1763/6952 1854/6922 1809/6953
vt 0.09454 0.02024
vt 0.09761 0.01625
f 1830/6954 1803/6955 1580/6143
vt 0.81272 0.42868
f 1756/6860 1798/6861 1833/6956
vt 0.99497 0.20132
vt 0.99484 0.20122
vt 0.99497 0.20089
f 1804/6957 2686/6958 1820/6959
vt 0.81190 0.44192
vt 0.81154 0.44354
f 1806/6960 2701/6961 1814/6934
vt 0.26567 0.43300
f 1723/6402 1823/6755 1836/6962
f 1723/6402 1836/6962 1838/6917
f 1522/5634 1743/6367 2158/6898
vt 0.27449 0.80928
f 1760/6901 2701/6963 1735/6902
vt 0.02844 0.27186
f 1706/6459 1869/6964 1966/6493
vt 0.20260 0.31691
vt 0.20300 0.31869
vt 0.20160 0.31702
f 1721/6965 1832/6966 1921/6967
vt 0.16613 0.64462
vt 0.16449 0.64718
f 1745/6968 1767/6969 1822/6596
vt 0.10328 0.06123
f 1780/6836 1784/6736 1843/6970
vt 0.59325 0.94756
vt 0.59372 0.94798
f 2686/6971 1821/6918 1820/6972
vt 0.90197 0.89132
vt 0.90013 0.89147
f 1898/6973 1690/6636 1940/6974
vt 0.08921 0.00416
vt 0.09009 0.00340
vt 0.08964 0.00542
f 1821/6975 1872/6976 1804/6977
vt 0.00548 0.77089
vt 0.00828 0.77384
vt 0.00717 0.77346
f 1789/6978 1958/6979 1788/6980
f 1760/6901 1825/6872 2701/6963
vt 0.51911 0.37620
f 1848/5907 1772/6747 2094/6981
vt 0.08841 0.00233
vt 0.08866 0.00194
f 1811/6982 1824/6983 1821/6975
vt 0.99069 0.07958
vt 0.99069 0.08032
vt 0.99045 0.08004
f 1762/6984 1824/6985 1805/6986
vt 0.00619 0.76699
vt 0.00893 0.76588
f 1815/6987 1934/6988 1789/6978
vt 0.24106 0.57821
vt 0.23730 0.57565
f 1781/6989 1971/6848 1945/6990
vt 0.16320 0.63500
f 1657/6393 1827/6680 2026/6991
vt 0.26431 0.12982
f 1799/6591 1703/6590 1946/6992
vt 0.08787 0.00183
vt 0.08840 0.00218
f 1805/6993 1824/6983 1811/6994
vt 0.16351 0.64072
f 1822/6596 1962/6995 1827/6675
vt 0.25284 0.62334
vt 0.25843 0.62567
vt 0.25525 0.62830
f 1770/6996 1986/6997 1786/6998
vt 0.03048 0.23114
vt 0.03197 0.23103
f 1792/6999 1879/7000 1743/6367
vt 0.78603 0.58644
vt 0.78553 0.58641
f 1816/7001 2704/7002 1818/6925
vt 0.74295 0.91909
vt 0.74258 0.92258
vt 0.74160 0.91903
f 1802/7003 1770/7004 1786/7005
f 1821/6918 1795/6920 1820/6972
vt 0.20132 0.31180
vt 0.20034 0.31121
vt 0.20054 0.31060
f 1796/7006 1819/7007 1844/7008
vt 0.20231 0.31513
vt 0.20039 0.31354
f 1721/7009 1911/7010 1796/7006
f 1789/6978 1934/6988 1958/6979
vt 0.89300 0.14868
vt 0.89017 0.14667
vt 0.89350 0.14367
f 1922/7011 2010/7012 1986/7013
vt 0.26405 0.14539
vt 0.26764 0.13908
f 1813/6804 1938/7014 1703/7015
vt 0.59335 0.94825
f 1820/6972 1795/6920 1872/7016
vt 0.10672 0.08362
vt 0.10313 0.08338
vt 0.10583 0.08185
f 1856/7017 1764/7018 1885/7019
vt 0.98911 0.86083
vt 0.98918 0.86027
vt 0.98944 0.86045
f 1804/7020 1871/7021 1795/7022
vt 0.80263 0.29256
vt 0.80367 0.29230
vt 0.80297 0.29544
f 1738/7023 1856/7024 1744/7025
f 1854/6922 1783/6847 1910/6846
vt 0.89184 0.50443
vt 0.89244 0.50523
f 1873/6951 1849/7026 1875/7027
vt 0.90924 0.03709
vt 0.91115 0.03795
vt 0.91021 0.03986
f 1829/7028 1828/7029 1851/7030
vt 0.30350 0.84798
vt 0.30209 0.84576
f 1769/7031 1801/6877 1933/7032
f 1545/5631 2213/6923 1753/5845
vt 0.26278 0.44185
vt 0.26509 0.43646
f 1791/6754 1903/7033 1823/7034
vt 0.27439 0.80499
f 1825/6872 1814/7035 2701/6963
vt 0.91889 0.33407
vt 0.91775 0.33596
vt 0.91776 0.33328
f 1833/7036 1798/7037 1788/7038
vt 0.91900 0.33273
f 1788/7038 1958/7039 1833/7036
vt 0.88877 0.63600
vt 0.88664 0.63321
vt 0.88855 0.63244
f 1652/7040 1826/7041 1948/7042
vt 0.23669 0.56988
f 1704/6240 1818/7043 2704/6916
vt 0.25972 0.46364
f 1758/6737 1942/7044 1817/6738
f 1764/7018 1809/6953 1885/7019
vt 0.39252 0.30008
f 1537/5545 1841/7045 1805/6791
vt 0.20245 0.32450
f 1832/6966 1930/7046 1921/6967
vt 0.02953 0.26931
f 1869/6647 1765/6545 1864/7047
f 1873/6951 1902/6950 1849/7026
f 1825/6872 1791/6879 1814/7035
vt 0.27393 0.80289
f 1843/7048 1814/7035 1791/6879
f 1690/6636 1928/6635 1940/6974
f 1813/6804 1914/6805 1938/7014
vt 0.10046 0.05514
vt 0.09994 0.05799
f 1833/7049 1910/6846 1756/7050
vt 0.20140 0.31584
f 1921/6967 2687/7051 1721/7009
vt 0.36791 0.04972
vt 0.36919 0.04873
vt 0.36879 0.05245
f 1930/7052 1832/7053 1818/7054
vt 0.19992 0.31202
f 1796/7006 1911/7010 1847/7055
vt 0.26674 0.12579
vt 0.26758 0.12932
vt 0.26489 0.12901
f 1870/7056 1799/7057 1946/7058
vt 0.09009 0.00429
vt 0.09143 0.00465
f 1804/6977 1820/7059 1888/7060
vt 0.19654 0.29755
vt 0.19721 0.29947
vt 0.19468 0.29712
f 1829/7061 1851/7062 1895/7063
vt 0.16383 0.63841
f 1827/6675 1962/6995 1909/7064
f 1657/6393 2026/6991 1807/6753
f 1537/5545 1887/6878 1841/7045
vt 0.96657 0.28705
vt 0.96656 0.28559
vt 0.96725 0.28681
f 1741/7065 1936/7066 2032/7067
vt 0.29084 0.40492
f 1797/6511 2151/6866 1936/7068
vt 0.09054 0.00353
f 1872/6976 1834/7069 1820/7059
vt 0.10300 0.05929
f 1784/6736 1798/6859 1843/7070
vt 0.98344 0.47241
vt 0.98330 0.47287
vt 0.98303 0.47284
f 1836/7071 1868/7072 1835/7073
vt 0.98301 0.47256
f 1836/7071 1835/7073 1838/7074
vt 0.00637 0.76408
f 1808/7075 1934/6988 1815/6987
vt 0.98936 0.65056
vt 0.98919 0.65078
vt 0.98922 0.65052
f 1819/7076 1796/7077 1845/7078
vt 0.28684 0.94831
vt 0.28724 0.94884
vt 0.28631 0.94950
f 1868/7079 1836/7080 1840/7081
vt 0.98330 0.47316
vt 0.98302 0.47303
vt 0.98317 0.47300
f 1836/7082 1842/7083 1839/7084
vt 0.98301 0.47333
f 1836/7082 1823/7085 1842/7083
vt 0.28736 0.94869
f 1836/7080 1839/7086 1840/7081
vt 0.97316 0.59628
vt 0.97264 0.59589
vt 0.97304 0.59527
f 1827/7087 1909/7088 2026/7089
f 1868/7072 1839/7084 1835/7073
vt 0.28734 0.94751
f 1868/7079 1838/7090 1839/7086
vt 0.09064 0.00111
f 1821/6975 1824/6983 1959/7091
f 1821/6975 1959/7091 1872/6976
vt 0.98583 0.50439
vt 0.98600 0.50503
vt 0.98579 0.50493
f 1844/7092 1819/7093 1852/7094
vt 0.26364 0.43504
f 1823/7034 1903/7033 1840/7095
vt 0.95873 0.93761
vt 0.95913 0.93623
vt 0.95988 0.93703
f 1939/7096 1914/7097 1829/7098
vt 0.09738 0.01644
f 1830/6713 1785/6548 1803/7099
f 1839/7084 1842/7083 1835/7073
vt 0.19479 0.30229
f 1851/7062 1881/7100 1895/7063
vt 0.39337 0.30060
f 2686/7101 1841/7045 1811/6705
vt 0.28748 0.94851
f 1835/7102 1839/7086 1838/7090
vt 0.28750 0.94870
vt 0.28753 0.94927
f 1842/7103 1823/7104 1839/7086
f 1823/7104 1840/7081 1839/7086
vt 0.98066 0.16284
vt 0.98084 0.16417
vt 0.98037 0.16412
f 1851/7105 1853/7106 1937/7107
vt 0.95124 0.17163
vt 0.95026 0.17276
vt 0.95053 0.17135
f 1721/7108 2687/7109 1911/7110
vt 0.10556 0.07369
f 1809/6953 1854/6922 1897/7111
vt 0.70884 0.61136
f 1749/6882 1775/6881 2012/7112
vt 0.65275 0.20665
vt 0.65552 0.20514
vt 0.65406 0.21117
f 1812/7113 2007/7114 1860/7115
vt 0.39535 0.30033
vt 0.39470 0.29917
f 1762/7116 1811/6705 1959/7117
vt 0.80499 0.29005
vt 0.80720 0.29180
f 1856/7118 1965/7119 1744/7025
vt 0.98586 0.50504
f 1819/7093 1846/7120 1852/7094
vt 0.99529 0.61285
vt 0.99529 0.61267
vt 0.99544 0.61285
f 1819/7121 1859/7122 1846/7123
vt 0.19939 0.31178
vt 0.19984 0.31103
f 1819/7007 1866/7124 1859/7125
vt 0.98911 0.65041
f 1819/7076 1845/7078 1847/7126
vt 0.98938 0.65025
f 1819/7076 1847/7126 1866/7127
vt 0.98463 0.38095
vt 0.98453 0.38027
vt 0.98489 0.38034
f 1853/7128 1851/7129 1896/7130
vt 0.99529 0.72518
vt 0.99529 0.72489
vt 0.99539 0.72513
f 1796/7131 1852/7132 1845/7133
vt 0.20022 0.31107
f 1796/7006 1847/7055 1852/7134
vt 0.99549 0.00130
vt 0.99549 0.00114
vt 0.99557 0.00121
f 1845/7135 1846/7136 1847/7137
vt 0.99549 0.41943
vt 0.99549 0.41921
vt 0.99552 0.41931
f 1845/7138 1852/7139 1846/7140
vt 0.75329 0.75798
vt 0.75682 0.75849
vt 0.75434 0.75921
f 1926/7141 1893/7142 1850/7143
vt 0.67903 0.80911
f 1757/6886 2034/7144 1942/6887
vt 0.25791 0.11476
vt 0.25978 0.11654
vt 0.25569 0.11698
f 1863/7145 1898/7146 1976/7147
vt 0.68270 0.81557
vt 0.68007 0.81329
f 1925/7148 1967/7149 1757/6886
vt 0.26871 0.15871
vt 0.26573 0.15776
f 1853/6839 1857/7150 2035/7151
f 1762/6216 1959/7091 1824/6983
vt 0.99546 0.61280
f 1846/7123 1859/7122 1847/7152
vt 0.19895 0.30276
vt 0.19842 0.30898
vt 0.19757 0.30683
f 1853/7153 1878/7154 1937/7155
vt 0.00597 0.76206
vt 0.00857 0.76042
f 1808/7156 1988/7157 1934/6988
vt 0.99491 0.48613
vt 0.99484 0.48622
vt 0.99484 0.48551
f 1852/7158 1847/7159 1859/7160
vt 0.96864 0.28892
vt 0.96813 0.28851
vt 0.96864 0.28840
f 1852/7161 1859/7162 1844/7163
vt 0.03124 0.25575
f 1705/5933 2025/7164 1849/6837
vt 0.75076 0.75885
f 1926/7141 1850/7143 1880/7165
vt 0.91177 0.04078
f 1851/7030 1828/7029 1896/7166
vt 0.38705 0.27145
vt 0.38584 0.27226
vt 0.38533 0.27052
f 1965/7167 1856/7168 1885/7169
vt 0.09083 0.00389
f 1820/7059 1834/7069 1886/7170
vt 0.09106 0.00426
f 1820/7059 1886/7170 1888/7171
vt 0.09165 0.00612
f 1912/6375 1877/6930 1871/7172
vt 0.26096 0.11598
vt 0.25800 0.11394
f 1801/6815 1898/7173 1933/7174
vt 0.59317 0.94839
vt 0.59320 0.94881
f 1872/7175 1795/6920 1886/7176
vt 0.96789 0.28726
f 1844/7163 1859/7162 1878/7177
vt 0.59491 0.94968
vt 0.59371 0.94955
f 1795/6920 1871/7178 1888/7179
vt 0.92640 0.81484
vt 0.92567 0.81443
vt 0.92593 0.81351
f 1838/7180 1865/7181 1831/7182
vt 0.92575 0.81454
f 1838/7180 1858/7183 1865/7181
vt 0.98325 0.83929
vt 0.98320 0.83895
vt 0.98351 0.83943
f 1838/7184 1868/7185 1858/7186
vt 0.09153 0.00593
vt 0.09222 0.00542
f 1871/7187 1804/6977 1912/7188
vt 0.02880 0.89883
vt 0.02854 0.90010
vt 0.02754 0.89914
f 1936/7189 2108/7190 1890/7191
vt 0.02797 0.89854
f 1936/7189 1890/7191 2032/7192
f 1811/6705 1841/7045 1959/7117
vt 0.26239 0.84603
vt 0.26344 0.84565
vt 0.26312 0.84821
f 1853/7193 1896/7194 1857/7195
vt 0.65117 0.21730
vt 0.65395 0.21826
f 1922/7196 1860/7115 2010/7197
vt 0.92558 0.81452
f 1865/7181 1858/7183 1867/7198
vt 0.19837 0.30987
f 1859/7125 1866/7124 1878/7199
vt 0.02956 0.27072
vt 0.02986 0.26975
f 1869/7200 1876/7201 1966/6493
vt 0.98420 0.80884
vt 0.98432 0.80831
vt 0.98431 0.80876
f 1858/7202 1831/7203 1865/7204
vt 0.98377 0.80866
f 1858/7202 1868/7205 1831/7203
vt 0.03075 0.26962
f 1765/6545 1902/6948 1913/7206
f 1765/6545 1913/7206 1864/7047
f 1804/6977 1888/7060 1912/7188
vt 0.79410 0.02640
vt 0.79628 0.02495
vt 0.79546 0.02823
f 1880/7207 2074/7208 1926/7209
vt 0.16347 0.64397
f 1822/6596 1905/7210 1962/6995
vt 0.16133 0.63196
f 1807/6753 2026/6991 1955/7211
vt 0.53373 0.99365
vt 0.53368 0.99398
vt 0.53356 0.99362
f 1864/7212 1876/7213 1902/7214
f 1864/7047 1913/7206 1876/7201
vt 0.93900 0.76636
vt 0.93887 0.76311
vt 0.94022 0.76597
f 1829/7215 1891/7216 1939/7217
f 1795/6920 1888/7179 1886/7176
vt 0.31127 0.95812
vt 0.31136 0.95708
vt 0.31183 0.95863
f 1864/7218 1902/7219 1869/7220
vt 0.25762 0.63085
f 1786/6998 1986/6997 1908/7221
vt 0.26678 0.15452
f 1853/6839 2146/7222 1828/6929
vt 0.09027 0.00378
f 1841/6169 2686/7223 1877/6930
vt 0.29802 0.37145
f 1652/6509 1948/7224 1882/6125
vt 0.97864 0.00073
vt 0.97880 0.00009
vt 0.97927 0.00032
f 1869/7225 1884/7226 1876/7227
f 1966/6493 1876/7201 1913/7206
vt 0.10051 0.05341
vt 0.10214 0.04834
f 1833/7228 1958/7229 1910/6846
vt 0.09551 0.00870
f 1785/6548 1977/7230 1803/7099
vt 0.19648 0.30445
vt 0.19772 0.30276
f 1937/7155 1889/7231 1851/7232
vt 0.25906 0.62891
f 1986/6997 2091/7233 1908/7221
vt 0.73923 0.49972
vt 0.73639 0.49664
vt 0.74068 0.49541
f 1863/7234 1933/7235 1898/7236
vt 0.36689 0.05396
vt 0.36726 0.05913
f 1930/7237 1818/7054 1945/7238
vt 0.95045 0.17365
vt 0.94968 0.17302
f 1921/7239 1954/7240 2687/7109
vt 0.94997 0.17347
f 1921/7239 1982/7241 1954/7240
vt 0.86448 0.64628
vt 0.86438 0.64747
vt 0.86412 0.64767
f 1902/7242 1876/7243 1884/7244
vt 0.25653 0.11455
vt 0.25123 0.11515
f 1863/7245 1976/7147 1879/7246
vt 0.91543 0.41226
vt 0.91492 0.41391
vt 0.91362 0.41236
f 1906/7247 1939/7248 1892/7249
vt 0.75570 0.75902
f 1850/7143 1893/7142 1995/7250
vt 0.75563 0.75983
f 1850/7143 1995/7250 1975/7251
vt 0.09978 0.03071
f 1728/5827 1580/6143 1988/7252
vt 0.26432 0.84967
vt 0.26299 0.85356
f 1857/7195 1883/7253 1941/7254
f 1704/6240 1945/6990 1818/7043
vt 0.24115 0.58456
vt 0.23809 0.58442
f 1768/6329 1807/7255 1955/7256
f 1768/6329 1955/7256 1971/6848
vt 0.26616 0.93606
vt 0.26591 0.93422
vt 0.26707 0.93314
f 1829/7257 1895/7258 1891/7259
vt 0.39225 0.29932
f 1841/7045 1887/6878 1886/7260
vt 0.09062 0.00363
vt 0.09089 0.00378
f 2686/7223 1886/7261 1887/7262
f 2686/7223 1887/7262 1877/6930
vt 0.16311 0.64534
f 1822/6596 1767/7263 1905/7210
vt 0.25979 0.45090
f 1855/6692 1990/7264 2017/6784
vt 0.88968 0.67680
vt 0.89273 0.67506
vt 0.89122 0.67870
f 1961/7265 1901/7266 1868/7267
vt 0.31222 0.95738
f 1869/7220 1902/7219 2003/7268
vt 0.96840 0.06711
vt 0.96863 0.06795
vt 0.96809 0.06766
f 1869/7269 2003/7270 1884/7271
vt 0.91421 0.40917
f 1906/7247 1892/7249 2028/7272
vt 0.26273 0.43263
vt 0.26449 0.43061
f 1840/7095 1957/7273 1868/7274
vt 0.99307 0.96755
vt 0.99307 0.96707
vt 0.99330 0.96724
f 1871/7275 1877/7276 1888/7277
vt 0.02806 0.90187
f 2108/7190 1917/7278 1890/7191
vt 0.20087 0.31585
vt 0.19943 0.31825
vt 0.20053 0.31445
f 2687/7279 1982/7280 1911/7281
vt 0.79406 0.03243
vt 0.79723 0.03133
vt 0.79477 0.03309
f 1893/7282 1979/7283 1866/7284
vt 0.88973 0.67428
vt 0.89093 0.67245
f 1961/7265 1904/7285 1826/7286
vt 0.38282 0.26910
vt 0.38543 0.26504
f 1809/7287 1897/7288 1885/7169
vt 0.26003 0.11891
f 1898/7146 1940/7289 1976/7147
vt 0.12972 0.98928
vt 0.12972 0.98875
vt 0.13010 0.98899
f 1911/7290 1893/7291 1899/7292
vt 0.38776 0.26899
f 1965/7293 1885/7169 1897/7288
vt 0.91295 0.04060
f 1896/7166 1828/7029 2146/7294
vt 0.75736 0.75766
vt 0.75833 0.75793
f 1866/7295 1847/7296 1893/7142
vt 0.25586 0.63034
f 1786/6998 1908/7221 1915/7297
vt 0.26404 0.13244
f 1703/6590 2095/7298 1946/6992
vt 0.39303 0.29889
f 1841/7045 1886/7260 1894/7299
f 1841/7045 1894/7299 1959/7117
vt 0.19870 0.31138
f 1866/7124 1949/7300 1878/7199
vt 0.89238 0.67641
f 1868/7267 1901/7266 1831/7301
f 1389/4186 2025/7164 1705/5933
vt 0.98064 0.53083
vt 0.98073 0.53020
vt 0.98098 0.53051
f 1886/7302 1834/7303 1920/7304
vt 0.65300 0.19411
vt 0.65544 0.19445
vt 0.65357 0.19872
f 1749/7305 2012/7306 1970/7307
vt 0.09322 0.00389
f 1912/7188 1888/7060 1960/7308
vt 0.86360 0.64697
f 1902/7242 1884/7244 1913/7309
f 1826/7286 1901/7266 1961/7265
vt 0.91782 0.08766
vt 0.91841 0.08591
vt 0.91919 0.08696
f 1875/7310 1974/7311 1873/7312
vt 0.75819 0.75859
f 1893/7142 1847/7296 1899/7313
vt 0.72012 0.85491
vt 0.72043 0.85343
vt 0.72083 0.85687
f 1980/7314 1950/7315 1908/7316
f 1853/6839 2035/7151 2146/7222
vt 0.68639 0.60661
vt 0.68382 0.60145
vt 0.68671 0.60380
f 1908/7317 2031/7318 1980/7319
vt 0.26326 0.13854
f 1703/7015 1938/7014 2047/7320
vt 0.96494 0.88806
vt 0.96511 0.88939
vt 0.96471 0.88989
f 1896/7321 1907/7322 1857/7323
f 1893/7282 1926/7209 1979/7283
vt 0.26953 0.16553
vt 0.26848 0.16311
vt 0.26929 0.16486
f 1911/7324 1941/7325 1847/7326
vt 0.80848 0.56393
vt 0.80666 0.56522
vt 0.80851 0.56030
f 1917/7327 2108/7328 1900/7329
vt 0.26295 0.85691
vt 0.26307 0.85555
vt 0.26392 0.85532
f 1899/7330 1847/7331 1949/7332
vt 0.97977 0.22987
vt 0.97942 0.22934
vt 0.97956 0.22920
f 1982/7333 1952/7334 1954/7335
vt 0.92921 0.62208
vt 0.92924 0.61929
vt 0.93006 0.62162
f 1849/7336 2025/7337 1875/7338
vt 0.74160 0.91756
f 1786/7005 1924/7339 1802/7003
vt 0.19906 0.31612
vt 0.19947 0.31324
f 1911/7281 1984/7340 1893/7341
vt 0.03249 0.25436
f 1389/4186 1985/6506 2025/7342
vt 0.84788 0.61928
vt 0.84787 0.62004
vt 0.84684 0.61903
f 1850/7343 1968/7344 1880/7345
vt 0.02776 0.26771
vt 0.02889 0.26571
vt 0.03244 0.26662
f 1874/7346 1873/7347 2058/7348
vt 0.44564 0.98280
vt 0.44559 0.98345
vt 0.44535 0.98333
f 1959/7349 1894/7350 1834/7351
f 1911/7281 1982/7280 1984/7340
vt 0.26727 0.13620
f 2047/7352 2095/7298 1703/6590
f 1851/7232 1889/7231 1881/7100
vt 0.95137 0.61210
vt 0.94946 0.61174
vt 0.95112 0.61074
f 1939/7353 1906/7354 1996/7355
vt 0.26255 0.12245
vt 0.25951 0.12071
f 1928/7356 2009/7357 1940/7289
vt 0.12702 0.76750
vt 0.12718 0.76396
vt 0.12934 0.76816
f 1908/7358 1950/7359 1915/7360
f 1941/7254 1949/7332 1847/7331
vt 0.38576 0.26132
vt 0.38187 0.25736
f 1964/7361 1897/7288 1943/7362
vt 0.79542 0.03272
f 1866/7284 1979/7283 1995/7363
vt 0.26376 0.84734
vt 0.26399 0.84740
vt 0.26398 0.84795
f 1857/7364 1907/7365 2688/7366
vt 0.65333 0.20156
f 1810/7367 1970/7307 2007/7114
vt 0.09107 0.00323
f 1887/7262 1920/7368 1877/6930
vt 0.39083 0.29777
vt 0.39222 0.29903
f 1887/6878 1932/7369 1920/7370
vt 0.26917 0.16611
f 1941/7325 1911/7324 1899/7371
vt 0.26202 0.43833
f 1903/7033 1972/7372 1840/7095
vt 0.95568 0.31910
vt 0.95519 0.32019
vt 0.95430 0.31891
f 1888/7373 1877/7374 1919/7375
vt 0.95504 0.31831
f 1888/7373 1919/7375 1960/7376
vt 0.26480 0.16532
f 1941/7325 1916/7377 1857/7150
vt 0.99537 0.94088
vt 0.99529 0.94076
vt 0.99537 0.94055
f 1886/7378 1920/7379 1894/7380
f 1857/7150 1916/7377 2035/7151
vt 0.90976 0.66249
vt 0.90936 0.66447
vt 0.90895 0.66252
f 1893/7381 1984/7382 1949/7383
vt 0.09079 0.00276
vt 0.09142 0.00298
f 1920/7368 1834/7384 1919/7385
vt 0.44558 0.98389
f 1834/7351 1894/7350 1919/7386
vt 0.86366 0.65286
vt 0.86177 0.64835
vt 0.86372 0.64875
f 1862/7387 1999/7388 2003/7389
vt 0.99034 0.55817
vt 0.99002 0.55801
vt 0.99022 0.55773
f 1834/7390 1872/7391 1935/7392
vt 0.39371 0.29871
vt 0.39391 0.29818
vt 0.39446 0.29777
f 1834/7393 1935/7394 1959/7395
vt 0.81026 0.60070
vt 0.81029 0.60486
vt 0.80692 0.59974
f 1929/7396 1947/7397 2122/7398
vt 0.65706 0.21027
f 1860/7115 2007/7114 1969/7399
vt 0.96497 0.88991
vt 0.96485 0.89037
f 1857/7323 2688/7400 1889/7401
vt 0.86152 0.65044
f 1862/7387 1951/7402 1999/7388
vt 0.02883 0.27385
vt 0.03035 0.27024
vt 0.03168 0.27346
f 1862/7403 2003/7404 1951/7405
vt 0.99273 0.27084
vt 0.99294 0.27119
vt 0.99273 0.27140
f 1907/7406 1923/7407 2688/7408
vt 0.95525 0.56264
vt 0.95479 0.56110
vt 0.95622 0.56229
f 1907/7409 1896/7410 1889/7411
vt 0.26380 0.85019
vt 0.26444 0.85175
f 1941/7254 1883/7412 1953/7413
f 1877/6930 1920/7368 1919/7385
vt 0.26317 0.85936
f 1899/7330 1949/7332 2687/7414
vt 0.26892 0.16838
f 1899/7371 2687/7415 1916/7377
vt 0.91021 0.66130
vt 0.91019 0.66187
vt 0.90961 0.66137
f 1866/7416 1995/7417 1949/7418
vt 0.03436 0.23210
f 1879/7419 2158/6898 1743/6367
vt 0.91845 0.74625
vt 0.91751 0.74496
vt 0.91977 0.74602
f 1927/7420 2082/7421 1918/7422
f 1887/6878 1753/5845 1932/7369
vt 0.94017 0.76252
f 1939/7217 1891/7216 2039/7423
vt 0.96363 0.88890
vt 0.96287 0.88997
vt 0.96290 0.88844
f 1937/7424 1953/7425 1883/7426
vt 0.26473 0.84854
f 1857/7195 1889/7427 1883/7253
vt 0.09240 0.00211
f 1872/6976 1959/7091 1960/7428
vt 0.99499 0.58208
vt 0.99499 0.58241
vt 0.99484 0.58221
f 1872/7429 1960/7430 1935/7431
vt 0.84753 0.62133
vt 0.84645 0.62253
f 1968/7432 1956/7433 1880/7345
vt 0.26044 0.44698
vt 0.26267 0.44221
f 2017/6784 1972/7434 1903/7435
vt 0.39241 0.29879
f 1920/7436 1932/7369 1894/7299
vt 0.39299 0.29826
f 1894/7299 1932/7369 1919/7437
vt 0.96002 0.16256
vt 0.95888 0.16193
vt 0.95950 0.16053
f 1786/7438 1915/7439 2071/7440
vt 0.03040 0.26751
f 2003/7404 1902/7441 2058/7348
vt 0.28526 0.20063
f 1861/6875 1643/5784 2136/7442
vt 0.90871 0.65805
vt 0.90914 0.65811
vt 0.90985 0.65890
f 1941/7443 1953/7444 1878/7445
vt 0.50047 0.38301
vt 0.50303 0.38312
vt 0.50005 0.38546
f 1948/7446 1826/7447 1904/7448
vt 0.70599 0.60256
vt 0.70546 0.59921
vt 0.71070 0.59992
f 1931/7449 1918/7450 2086/7451
vt 0.75179 0.76623
vt 0.75310 0.76275
vt 0.75515 0.76647
f 1947/7452 1968/7453 1973/7454
vt 0.86243 0.64766
f 1884/7244 2003/7389 2019/7455
f 1884/7244 2019/7455 1913/7309
vt 0.84633 0.62446
f 1968/7432 1947/7456 1956/7433
vt 0.09101 0.00180
vt 0.09149 0.00222
f 1935/7457 1960/7428 1919/7458
vt 0.26216 0.43671
f 1840/7095 1972/7459 1957/7273
vt 0.90934 0.66067
f 1941/7443 1878/7445 1949/7460
vt 0.38064 0.26141
f 1854/7461 1943/7362 1897/7288
vt 0.96469 0.36725
vt 0.96496 0.36618
vt 0.96552 0.36720
f 1893/7462 1949/7463 1995/7464
vt 0.19718 0.30929
f 1937/7155 1878/7154 2024/7465
vt 0.46561 0.91913
vt 0.46540 0.91737
f 1902/7466 1874/6894 2058/7467
vt 0.30801 0.92438
vt 0.30716 0.92246
vt 0.30841 0.92264
f 1996/7468 1906/7469 2002/7470
vt 0.89376 0.31737
vt 0.89133 0.31685
vt 0.89417 0.31536
f 1914/7471 1939/7472 1996/7473
vt 0.67891 0.81080
f 2034/7474 1757/6886 1967/7149
vt 0.73764 0.50073
f 1837/7475 1933/7235 1863/7234
vt 0.99273 0.46284
vt 0.99304 0.46275
vt 0.99304 0.46313
f 1953/7476 1963/7477 1878/7478
vt 0.28710 0.17795
f 1927/6261 2061/6079 2082/7479
vt 0.20343 0.33017
vt 0.20239 0.33317
f 1930/7046 1945/7480 1983/7481
vt 0.03229 0.27058
f 1913/7206 2019/7482 1966/6493
vt 0.16359 0.63789
vt 0.16254 0.64028
vt 0.16108 0.63980
f 1909/7483 1962/7484 2054/7485
vt 0.26348 0.12472
f 1870/7056 1946/7058 1928/7486
vt 0.20124 0.32212
f 1921/6967 1930/7487 1982/7280
vt 0.20045 0.32344
f 1930/7487 2014/7488 1982/7280
vt 0.19590 0.30735
vt 0.19635 0.30605
f 1937/7155 2063/7489 1889/7490
vt 0.16121 0.63726
f 1909/7483 2054/7485 2026/7491
vt 0.37964 0.25780
f 1854/7461 1910/7492 1943/7362
vt 0.16257 0.64960
vt 0.16205 0.64890
f 1767/6942 1924/7493 2080/7494
vt 0.03091 0.26161
vt 0.03020 0.26128
vt 0.03426 0.25940
f 1974/7495 1875/7496 2150/7497
f 2003/7389 1999/7388 2019/7455
vt 0.71006 0.60479
f 1775/6881 1931/7449 2041/7498
vt 0.39269 0.29607
f 1932/7369 2311/7499 1919/7437
f 1935/7394 1919/7437 1959/7395
f 1899/7371 1916/7377 1941/7325
vt 0.10957 0.98365
vt 0.10934 0.98307
vt 0.10989 0.98297
f 1878/7500 1963/7501 2024/7502
vt 0.06996 0.77777
vt 0.06904 0.77909
vt 0.06873 0.77687
f 2015/7503 1994/7504 1991/7505
vt 0.98048 0.09228
vt 0.98111 0.09210
vt 0.98110 0.09284
f 2063/7506 1937/7507 1883/7508
vt 0.80728 0.29570
vt 0.80695 0.29910
f 1744/7025 2169/7509 1967/7510
vt 0.13074 0.76575
f 1915/7360 1950/7359 1944/7511
vt 0.28568 0.19116
f 2061/6079 1861/6370 2115/7512
vt 0.91328 0.41372
f 1892/7249 1939/7248 1989/7513
vt 0.26335 0.85998
vt 0.26483 0.86008
f 1952/7514 2687/7414 1984/7515
vt 0.80376 0.41972
vt 0.80571 0.41939
vt 0.80336 0.42366
f 1929/7516 1956/7517 1947/7518
vt 0.89100 0.31570
vt 0.89044 0.31422
vt 0.89108 0.31487
f 1939/7519 2039/7520 1989/7521
vt 0.96850 0.40955
vt 0.96790 0.40995
vt 0.96817 0.40877
f 1868/7522 1957/7523 1961/7524
vt 0.44165 0.91974
vt 0.44019 0.92380
vt 0.43977 0.92034
f 1917/7525 1900/7526 2049/7527
vt 0.68462 0.61149
vt 0.67980 0.60586
f 1908/7317 2091/7528 2295/7529
vt 0.16177 0.64692
vt 0.16192 0.64432
f 1767/6942 2080/7530 1905/7531
vt 0.41325 0.01300
vt 0.41310 0.01551
vt 0.41081 0.01117
f 1855/7532 1817/7533 1990/7534
vt 0.26878 0.16938
f 2687/7415 1954/7535 1916/7377
vt 0.36734 0.06338
vt 0.36529 0.06242
f 1945/7238 1971/7536 1983/7537
f 1908/7317 2295/7529 2031/7318
f 2687/7414 1949/7332 1984/7515
vt 0.98753 0.20498
vt 0.98791 0.20548
vt 0.98753 0.20555
f 1896/7538 2146/7539 2005/7540
vt 0.10155 0.02369
vt 0.10128 0.02716
f 1580/6143 2033/7541 2036/7542
vt 0.93304 0.57933
vt 0.93315 0.58341
vt 0.93218 0.58203
f 1929/7543 2122/7544 1956/7545
vt 0.25769 0.63742
vt 0.25757 0.63540
vt 0.25875 0.63844
f 2098/7546 1950/7547 1980/7548
vt 0.26376 0.15062
f 1914/6805 2053/7549 1938/7014
vt 0.65745 0.19600
f 1970/7307 2012/7306 2022/7550
f 1919/7437 2311/7499 1959/7395
vt 0.80745 0.29418
f 1744/7025 1965/7551 2169/7509
vt 0.96294 0.89064
f 1953/7425 1937/7424 2024/7552
vt 0.30021 0.37387
f 1882/6125 1948/7224 2088/7553
vt 0.49988 0.38801
vt 0.50048 0.39192
vt 0.49714 0.39367
f 1961/7554 1957/7555 2111/7556
vt 0.28921 0.21329
vt 0.28615 0.21230
f 2032/6891 1890/7557 2153/7558
vt 0.80644 0.56421
f 2108/7328 2049/7559 1900/7329
vt 0.91944 0.74255
f 1918/7422 2082/7421 2086/7560
vt 0.97052 0.19512
vt 0.96985 0.19520
vt 0.96980 0.19405
f 2063/7561 1987/7562 1889/7563
vt 0.53793 0.96828
vt 0.53740 0.96785
vt 0.53835 0.96740
f 1883/7564 1889/7565 2040/7566
vt 0.09406 0.00586
f 1977/6850 1912/6375 2021/7567
vt 0.03144 0.26186
vt 0.03289 0.26307
f 1873/7347 1974/7568 2081/7569
vt 0.97161 0.26200
vt 0.97123 0.26088
vt 0.97194 0.26068
f 1889/7570 2005/7571 1881/7572
f 1988/7252 1580/6143 2036/7542
vt 0.26368 0.86078
f 1952/7514 1984/7515 1954/7573
vt 0.03218 0.26347
f 2029/7574 1974/7495 2150/7497
vt 0.36482 0.06592
f 1983/7537 1971/7536 2008/7575
vt 0.80454 0.42535
vt 0.80527 0.42711
f 1947/7518 1973/7576 1997/7577
vt 0.44019 0.91767
f 1917/7525 2049/7527 1890/7578
vt 0.38249 0.25366
vt 0.37934 0.24810
f 1964/7579 1943/7362 2101/7580
vt 0.26959 0.17126
vt 0.26850 0.17352
f 1954/7535 1973/7581 1978/7582
vt 0.03594 0.23400
f 1879/7419 2013/7583 2158/6898
vt 0.95592 0.56070
f 1896/7410 2005/7584 1889/7411
vt 0.53723 0.96679
f 1889/7565 2016/7585 2040/7566
vt 0.26475 0.86173
f 1954/7573 1984/7515 1973/7586
vt 0.97263 0.36507
vt 0.97336 0.36525
vt 0.97273 0.36572
f 1953/7587 2040/7588 1963/7589
vt 0.97308 0.36456
f 1953/7587 2024/7590 2040/7588
vt 0.30709 0.92016
vt 0.30818 0.91933
f 1906/7591 2028/7592 2002/7470
vt 0.28480 0.19515
f 1861/6370 2138/7593 2115/7512
vt 0.99077 0.47851
vt 0.99045 0.47888
vt 0.99045 0.47834
f 2052/7594 1992/7595 1981/7596
vt 0.91924 0.77426
vt 0.91865 0.77325
vt 0.91872 0.77172
f 1892/7597 2002/7598 2028/7599
f 1775/6881 2041/7498 2012/7112
vt 0.75406 0.76060
vt 0.75715 0.76118
f 1968/7453 1850/7600 1975/7601
vt 0.91532 0.42072
vt 0.91447 0.41985
vt 0.91551 0.41759
f 1995/7602 1979/7603 1963/7604
vt 0.15137 0.95054
vt 0.15026 0.95095
vt 0.15033 0.95003
f 1928/7605 1946/7606 2011/7607
vt 0.61043 0.32263
vt 0.60917 0.32823
vt 0.60928 0.32180
f 1961/7608 2111/7609 1904/7610
vt 0.06968 0.77456
vt 0.06945 0.77157
f 2015/7611 1991/7505 1993/7612
vt 0.92909 0.10460
vt 0.92913 0.10209
vt 0.92990 0.10276
f 2015/7613 1993/7614 2027/7615
vt 0.87998 0.02484
vt 0.87947 0.02220
vt 0.88062 0.02265
f 2053/7616 1914/7617 1996/7618
vt 0.25397 0.11917
f 1940/7289 2148/7619 1976/7147
vt 0.64681 0.97542
vt 0.64616 0.97614
vt 0.64599 0.97544
f 1972/7620 2017/7621 1990/7622
f 1912/6375 1960/7308 2021/7567
vt 0.96879 0.90851
vt 0.96804 0.90866
vt 0.96830 0.90770
f 2063/7623 2023/7624 1987/7625
vt 0.91382 0.41664
f 1963/7604 1979/7603 2024/7626
f 1875/7496 2025/7342 2150/7497
vt 0.09482 0.00587
vt 0.09500 0.00701
f 1977/6850 2021/7627 2107/7628
vt 0.65738 0.19981
f 1970/7307 2062/7629 2007/7114
vt 0.75800 0.75952
vt 0.75803 0.76081
f 1975/7601 1995/7630 2090/7631
vt 0.91539 0.41512
vt 0.91524 0.41420
f 2040/7632 2024/7626 1883/7633
vt 0.30018 0.36666
f 1948/7224 2020/7634 2088/7553
vt 0.37753 0.25017
f 1943/7362 1910/7635 2101/7580
vt 0.37794 0.23658
vt 0.37547 0.23750
vt 0.37597 0.23191
f 1981/7636 1992/7637 1998/7638
vt 0.16237 0.65335
vt 0.16078 0.65365
vt 0.16185 0.65240
f 1786/7639 2071/7640 1924/7641
vt 0.86104 0.36310
vt 0.86113 0.36237
vt 0.86168 0.36333
f 1968/7642 1975/7643 1984/7644
vt 0.16202 0.64378
vt 0.16152 0.64199
vt 0.16212 0.64110
f 1905/7645 2054/7646 1962/7647
vt 0.10206 0.03484
vt 0.10606 0.04051
vt 0.10280 0.04039
f 1998/7648 2051/7649 1981/7650
vt 0.27019 0.17179
f 1973/7581 1982/7651 1978/7582
vt 0.68535 0.61510
vt 0.68146 0.61505
f 1986/7652 2179/7653 2091/7528
vt 0.43877 0.58876
vt 0.44424 0.59051
vt 0.43878 0.59469
f 1965/7654 2140/7655 2169/7656
vt 0.94741 0.14979
vt 0.94724 0.14748
vt 0.94790 0.14899
f 1879/7657 1976/7658 2013/7659
vt 0.10396 0.04285
f 2052/7660 1981/7650 2051/7649
vt 0.97863 0.25925
vt 0.97923 0.25971
vt 0.97841 0.25951
f 2016/7661 1889/7662 2023/7663
vt 0.75661 0.76475
f 1973/7454 1968/7453 1982/7664
vt 0.10152 0.03491
vt 0.10079 0.03939
f 1988/7252 1998/7665 1934/7666
vt 0.75660 0.76379
f 1968/7453 1984/7667 1982/7664
vt 0.29236 0.40511
vt 0.29265 0.40679
f 1936/7668 2151/6866 2108/7669
vt 0.25719 0.12161
f 1940/7289 2009/7670 2148/7619
vt 0.97848 0.26036
vt 0.97843 0.25988
f 1889/7662 1987/7671 2048/7672
f 1889/7662 2048/7672 2023/7663
vt 0.91046 0.33491
vt 0.91074 0.33788
vt 0.90899 0.33558
f 1880/7673 2272/7674 2074/7675
vt 0.26406 0.17499
f 1954/7535 1978/7582 2189/7676
vt 0.44498 0.58207
vt 0.44734 0.58292
vt 0.44443 0.58430
f 1964/7677 2182/7678 1897/7679
vt 0.77344 0.59166
vt 0.77272 0.59182
vt 0.77242 0.59065
f 1915/7680 2121/7681 2071/7682
vt 0.67953 0.93368
vt 0.68084 0.93521
vt 0.68012 0.93581
f 1881/7683 2016/7684 2023/7685
vt 0.96844 0.18293
vt 0.96895 0.18437
vt 0.96809 0.18434
f 2100/7686 1926/7687 2143/7688
vt 0.79433 0.65327
vt 0.79505 0.65148
vt 0.79762 0.65195
f 1995/7689 1963/7690 2065/7691
vt 0.10058 0.02761
vt 0.10129 0.02947
f 1988/7692 2036/7542 2000/7693
f 1873/7347 2081/7569 2058/7348
vt 0.98930 0.28185
vt 0.98925 0.28146
vt 0.98919 0.28133
f 1996/7694 1989/7695 2039/7696
vt 0.98939 0.28174
f 1996/7694 2039/7696 2001/7697
vt 0.76982 0.96772
vt 0.76995 0.96699
vt 0.77015 0.96813
f 1996/7698 2004/7699 1989/7700
vt 0.80688 0.60763
f 1947/7397 1997/7701 2122/7398
vt 0.27179 0.18088
vt 0.26985 0.18853
vt 0.27037 0.18342
f 1930/7702 1983/7703 2014/7704
vt 0.26957 0.17721
f 1982/7651 2014/7705 1978/7582
vt 0.26183 0.14242
f 1938/7014 2050/7706 2047/7320
vt 0.77361 0.58825
vt 0.77074 0.58721
vt 0.77334 0.58696
f 1924/7707 2068/7708 2080/7709
vt 0.77006 0.96780
f 1989/7700 2004/7699 2001/7710
vt 0.77026 0.96791
f 1989/7700 2001/7710 2043/7711
vt 0.28565 0.19637
f 1861/6370 2136/7442 2138/7712
vt 0.79742 0.02973
f 1926/7209 2100/7713 1979/7283
f 1970/7307 2022/7550 2062/7629
vt 0.12835 0.75882
f 1950/7359 2098/7714 1944/7511
vt 0.10315 0.03208
f 1998/7648 2000/7693 2046/7715
vt 0.10121 0.03249
f 1988/7252 2000/7716 1998/7665
f 2000/7693 2036/7542 2046/7715
vt 0.97600 0.97662
vt 0.97558 0.97663
vt 0.97607 0.97548
f 1989/7717 2043/7718 1892/7719
vt 0.26242 0.12906
vt 0.26194 0.13389
vt 0.26109 0.13172
f 1946/7720 2095/7721 2129/7722
vt 0.97541 0.97541
f 1892/7719 2043/7718 2004/7723
vt 0.88992 0.14375
f 1986/7013 2010/7012 2179/7724
vt 0.97460 0.54369
vt 0.97380 0.54400
vt 0.97435 0.54269
f 1883/7725 2065/7726 2063/7727
vt 0.46378 0.38284
vt 0.46604 0.38262
vt 0.46636 0.38618
f 1803/7728 2172/7729 2087/7730
vt 0.68119 0.93362
f 1881/7683 2005/7731 2016/7684
vt 0.03302 0.27293
f 1966/6493 2019/7482 2097/7732
vt 0.92655 0.49485
vt 0.92546 0.49396
vt 0.92732 0.49348
f 2029/7733 2066/7734 1974/7735
vt 0.98949 0.28135
f 2039/7696 2043/7736 2001/7697
f 1954/7535 2189/7676 1916/7377
vt 0.49936 0.76621
vt 0.50151 0.77115
vt 0.49838 0.76705
f 2009/7737 1928/7738 2011/7739
vt 0.10054 0.02065
f 1580/6143 2087/7740 2033/7541
vt 0.65683 0.21543
f 1860/7115 2179/7741 2010/7197
f 1803/6955 2087/7740 1580/6143
vt 0.26028 0.14597
vt 0.26134 0.14476
f 1938/7014 2006/7742 2050/7743
vt 0.62340 0.95702
vt 0.62470 0.95707
vt 0.62401 0.95851
f 2070/7744 2176/7745 2035/7746
vt 0.79550 0.14366
vt 0.79669 0.13998
vt 0.79842 0.14396
f 1960/7747 1959/7748 2223/7749
vt 0.44117 0.58655
f 1965/7750 1897/7679 2140/7655
vt 0.84546 0.61847
vt 0.84474 0.62378
vt 0.84164 0.61838
f 1880/7751 1956/7752 2272/7753
vt 0.79454 0.14669
f 1960/7747 2223/7749 2021/7754
vt 0.77169 0.58939
f 1924/7707 2071/7755 2068/7708
vt 0.92937 0.09977
vt 0.92981 0.10067
f 1993/7614 2042/7756 2027/7757
vt 0.49896 0.39817
f 2111/7556 1957/7555 1972/7758
vt 0.10282 0.04304
f 1934/7666 1992/7759 1958/7229
vt 0.06856 0.77443
f 1991/7505 2030/7760 1993/7612
vt 0.80419 0.30236
f 1925/7761 1744/7025 1967/7510
f 1966/6493 2097/7732 1772/6899
vt 0.09926 0.01193
vt 0.10030 0.01373
f 2060/7762 2089/7763 1803/7099
vt 0.07036 0.76434
vt 0.06920 0.76516
vt 0.06935 0.76306
f 1999/7764 2037/7765 2019/7766
vt 0.06988 0.76827
vt 0.06912 0.76894
f 2042/7767 1993/7612 2059/7768
vt 0.78283 0.76205
vt 0.78040 0.76235
vt 0.78139 0.75979
f 1955/7769 2026/7770 2044/7771
vt 0.71203 0.60589
f 2041/7498 2085/7772 2012/7112
vt 0.09803 0.01169
f 1803/7099 1977/7230 2060/7773
vt 0.49480 0.40150
f 1972/7758 2069/7774 2111/7556
vt 0.03293 0.26964
f 2003/7404 2058/7348 2038/7775
vt 0.91394 0.41515
f 1883/7633 2024/7626 2065/7776
vt 0.92949 0.09759
vt 0.92884 0.09796
vt 0.92886 0.09669
f 2042/7777 2059/7778 1999/7779
vt 0.86138 0.36073
vt 0.86283 0.36100
f 1984/7644 1975/7780 2090/7781
vt 0.95080 0.79320
vt 0.95019 0.79447
vt 0.94957 0.79291
f 2172/7782 1803/7783 2089/7784
f 1978/7582 2014/7705 2189/7676
vt 0.07047 0.76079
vt 0.07002 0.75806
f 2079/7785 2019/7766 2064/7786
vt 0.94775 0.14720
f 1976/7658 2148/7787 2013/7659
vt 0.26133 0.16023
f 2035/7151 1916/7377 2070/7788
vt 0.91325 0.25966
vt 0.91381 0.25533
vt 0.91488 0.25955
f 2072/7789 2020/7790 1948/7791
vt 0.57913 0.95899
vt 0.57787 0.95826
vt 0.57863 0.95718
f 2063/7792 2065/7793 2109/7794
vt 0.37778 0.24332
vt 0.37632 0.24405
f 2052/7795 2101/7580 1958/7796
vt 0.91337 0.41948
f 1979/7603 2104/7797 2024/7626
vt 0.79907 0.64863
f 1963/7690 2040/7798 2065/7691
vt 0.97884 0.13973
vt 0.97839 0.13909
vt 0.97886 0.13864
f 2058/7799 2066/7800 2029/7801
vt 0.37696 0.24028
f 2052/7795 1958/7796 1992/7802
vt 0.13255 0.76735
f 1944/7511 2121/7803 1915/7360
vt 0.43422 0.62580
vt 0.43614 0.61697
vt 0.43709 0.62107
f 2101/7804 2052/7805 2018/7806
vt 0.65786 0.20344
f 2062/7629 2056/7807 2007/7114
vt 0.85762 0.75953
vt 0.85709 0.76203
vt 0.85558 0.76150
f 1890/7808 2049/7809 2188/7810
f 1993/7612 2030/7760 2059/7768
f 2101/7580 1910/7635 1958/7796
f 1999/7764 2059/7768 2037/7765
vt 0.37322 0.23921
vt 0.36978 0.24086
vt 0.37255 0.23526
f 2050/7811 2103/7812 2047/7813
f 2003/7404 2038/7775 1951/7405
vt 0.43311 0.63550
vt 0.43522 0.63513
vt 0.43503 0.64309
f 1964/7814 2171/7815 2182/7816
vt 0.37346 0.91831
vt 0.37378 0.91733
vt 0.37432 0.91925
f 2019/7817 2079/7818 2097/7819
vt 0.65834 0.21247
f 1860/7115 1969/7820 2179/7741
vt 0.03310 0.26364
f 2058/7348 2081/7569 2066/7821
vt 0.89144 0.31419
vt 0.89183 0.31362
f 2043/7822 2039/7520 2045/7823
vt 0.91075 0.55166
vt 0.91044 0.55274
vt 0.91071 0.55123
f 2048/7824 1987/7825 2016/7826
vt 0.40936 0.01176
f 1990/7534 1817/7533 2212/7827
vt 0.37468 0.23492
f 1934/7828 1998/7638 1992/7637
vt 0.03218 0.27142
vt 0.03316 0.27002
vt 0.03434 0.27162
f 1999/7829 2038/7830 2152/7831
vt 0.03255 0.27351
f 1999/7829 2152/7831 2042/7832
vt 0.03134 0.28300
vt 0.03233 0.27757
vt 0.03217 0.28236
f 2015/7833 2027/7834 2030/7835
vt 0.79693 0.14665
f 2021/7754 2223/7749 2107/7836
vt 0.37480 0.92148
vt 0.37481 0.92396
vt 0.37323 0.92485
f 2097/7837 2094/7838 1772/7839
vt 0.97619 0.93607
vt 0.97694 0.93652
vt 0.97691 0.93701
f 1892/7840 2004/7841 2002/7842
f 1998/7648 2046/7715 2051/7649
vt 0.03379 0.26216
f 2150/7497 2057/7843 2029/7574
vt 0.97546 0.58189
vt 0.97573 0.58226
vt 0.97540 0.58269
f 2004/7844 2045/7845 2001/7846
vt 0.95918 0.04360
vt 0.95881 0.04326
vt 0.95978 0.04316
f 2004/7847 1996/7848 2002/7849
vt 0.19493 0.30516
vt 0.19360 0.30537
f 2023/7850 2063/7489 2119/7851
vt 0.90904 0.16569
vt 0.90949 0.16351
vt 0.91024 0.16562
f 2016/7852 2005/7853 2048/7854
vt 0.71221 0.60810
vt 0.71154 0.61194
f 2012/7112 2132/7855 2022/7856
vt 0.90935 0.55248
f 1987/7825 2040/7857 2016/7826
vt 0.37198 0.23691
f 2103/7812 2127/7858 2047/7813
vt 0.03359 0.26347
f 2029/7574 2067/7859 2058/7348
vt 0.96543 0.28347
vt 0.96487 0.28500
vt 0.96462 0.28297
f 1999/7860 1951/7861 2038/7862
vt 0.25806 0.14670
vt 0.25773 0.14946
f 2006/7863 2053/7549 2055/7864
vt 0.71209 0.60261
vt 0.71243 0.60322
f 2041/7498 2086/7865 2085/7866
f 1643/5784 2032/6891 2136/7442
vt 0.19217 0.30050
f 1881/7100 2137/7867 1895/7063
vt 0.80017 0.03088
f 2100/7713 2196/7868 1979/7283
vt 0.65730 0.20666
f 2007/7114 2056/7869 1969/7399
vt 0.03455 0.26108
f 1974/7568 2093/7870 2081/7569
vt 0.19292 0.29824
f 1891/7871 1895/7063 2137/7867
vt 0.31378 0.36754
vt 0.31652 0.36629
vt 0.31434 0.36885
f 1977/7872 2107/7873 2116/7874
vt 0.31172 0.37064
f 1977/7872 2116/7874 2060/7875
vt 0.78122 0.36097
vt 0.77839 0.35888
vt 0.78123 0.35951
f 1905/7876 2062/7877 2054/7878
vt 0.91313 0.51384
vt 0.91333 0.51100
vt 0.91516 0.51265
f 1980/7879 2142/7880 2098/7881
f 1964/7814 2101/7804 2171/7815
vt 0.86202 0.36473
vt 0.86610 0.36475
vt 0.86275 0.36708
f 1973/7882 2215/7883 1997/7884
f 2023/7850 2119/7851 1881/7100
vt 0.89229 0.31438
vt 0.89188 0.31363
f 2001/7885 2045/7886 1996/7473
vt 0.10361 0.03229
vt 0.10399 0.02756
vt 0.10557 0.03420
f 2046/7887 2036/7888 2126/7889
vt 0.91084 0.16794
vt 0.90946 0.16668
f 2048/7854 2109/7890 2023/7891
vt 0.60738 0.31667
vt 0.60719 0.31379
vt 0.60761 0.31250
f 2072/7892 2088/7893 2020/7894
vt 0.03384 0.27220
vt 0.03497 0.27095
vt 0.03571 0.27269
f 2097/7895 2167/7896 2193/7897
vt 0.26453 0.18375
f 2014/7705 2248/7898 2189/7676
vt 0.93940 0.67796
vt 0.93874 0.67878
vt 0.93894 0.67453
f 2059/7899 2027/7900 2037/7901
vt 0.90952 0.16730
f 2023/7891 2109/7890 1987/7902
vt 0.03286 0.27405
f 2042/7832 2037/7903 2027/7834
vt 0.03374 0.26469
f 2067/7859 2064/7904 2058/7348
vt 0.03176 0.28542
f 2015/7833 2030/7835 1994/7905
vt 0.95875 0.04497
vt 0.95978 0.04445
vt 0.95923 0.04510
f 2045/7906 2004/7907 2043/7908
vt 0.03369 0.26742
f 2097/7895 2079/7909 2167/7896
vt 0.28593 0.18758
f 2115/7512 2145/7910 2061/6079
vt 0.79408 0.55132
vt 0.79532 0.55193
vt 0.79478 0.55293
f 1995/7911 2104/7912 2090/7913
vt 0.60901 0.31710
f 1948/7914 1904/7610 2072/7892
vt 0.91002 0.34103
f 2074/7675 2272/7674 2299/7915
vt 0.65840 0.20845
f 2056/7869 2068/7916 1969/7399
vt 0.28456 0.18141
f 2061/6079 2135/7917 2082/7479
vt 0.66463 0.98339
vt 0.66501 0.98282
vt 0.66502 0.98402
f 1984/7918 2090/7919 1973/7920
vt 0.03356 0.26247
f 2029/7574 2057/7921 2067/7859
vt 0.71126 0.60204
vt 0.71187 0.60112
f 2041/7922 1931/7449 2086/7923
vt 0.03278 0.27981
f 2027/7834 2059/7924 2030/7835
f 2006/7863 1938/7014 2053/7549
f 2012/7112 2085/7772 2132/7855
vt 0.88208 0.02398
f 2053/7616 1996/7618 2120/7925
vt 0.38829 0.29564
vt 0.38961 0.29643
f 1753/5845 2216/7926 1932/7927
vt 0.98108 0.69309
vt 0.98036 0.69271
vt 0.98074 0.69236
f 2066/7928 2057/7929 1974/7930
vt 0.98047 0.69320
f 2066/7928 2067/7931 2057/7929
vt 0.36874 0.06798
f 1971/7536 1955/7932 2008/7575
vt 0.02225 0.64047
vt 0.02549 0.63599
vt 0.02741 0.63637
f 1946/7933 2075/7934 2011/7935
vt 0.26523 0.15755
vt 0.26081 0.15937
vt 0.26534 0.15527
f 2035/7936 2176/7937 2146/7938
vt 0.94575 0.42032
vt 0.94453 0.42053
vt 0.94525 0.41888
f 1991/7939 1994/7940 2030/7941
vt 0.36664 0.07238
vt 0.36424 0.06920
f 2008/7575 2113/7942 2168/7943
vt 0.90935 0.16774
vt 0.90955 0.16874
f 2040/7944 1987/7902 2065/7945
vt 0.85649 0.76025
vt 0.85576 0.75878
f 1890/7946 2188/7810 2153/7947
vt 0.68613 0.59910
vt 0.68280 0.59488
f 1980/7948 2031/7318 2142/7949
vt 0.06736 0.76134
f 2064/7786 2019/7766 2180/7950
f 2065/7945 1987/7902 2109/7890
vt 0.91805 0.08347
vt 0.91759 0.08287
vt 0.91789 0.08185
f 1974/7951 2057/7952 2093/7953
vt 0.79640 0.65430
f 1995/7689 2065/7691 2104/7954
vt 0.41284 0.02515
vt 0.41084 0.02926
vt 0.40744 0.02929
f 2034/7955 1967/7956 2289/7957
vt 0.03499 0.26875
f 2079/7909 2180/7958 2167/7896
vt 0.89389 0.31378
f 2045/7886 2120/7959 1996/7473
vt 0.79827 0.14119
f 1959/7748 2311/7960 2223/7749
vt 0.95677 0.09784
vt 0.95721 0.09534
vt 0.95777 0.09780
f 1926/7961 2102/7962 2143/7963
vt 0.77972 0.36389
vt 0.77861 0.36538
f 2080/7964 2056/7965 2062/7877
vt 0.78195 0.36266
f 2080/7964 2062/7877 1905/7966
vt 0.43785 0.59822
vt 0.44351 0.60083
f 1967/7967 2169/7656 2313/7968
vt 0.60625 0.32901
f 1904/7610 2163/7969 2072/7892
f 1904/7610 2111/7609 2163/7969
vt 0.70664 0.97652
vt 0.70597 0.97623
vt 0.70680 0.97544
f 2064/7970 2067/7971 2073/7972
vt 0.03377 0.26443
vt 0.03520 0.26189
vt 0.03420 0.26533
f 2064/7973 2073/7974 2079/7975
vt 0.38211 0.06182
vt 0.38401 0.06176
vt 0.38221 0.06525
f 2086/7976 2082/7977 2135/7978
vt 0.06774 0.76444
f 2037/7765 2152/7979 2019/7766
vt 0.10514 0.03688
f 2046/7715 2126/7980 2051/7649
vt 0.43696 0.62734
f 2101/7804 2018/7806 2164/7981
f 2146/7938 2176/7937 2053/7549
vt 0.49820 0.40251
vt 0.49298 0.40941
f 2069/7774 1972/7982 2218/7983
vt 0.36816 0.06772
vt 0.37099 0.07037
vt 0.36788 0.07244
f 1955/7984 2044/7985 2113/7986
vt 0.30133 0.38128
f 1882/6125 2088/7553 2170/7987
vt 0.31343 0.37034
f 2060/7875 2116/7874 2128/7988
f 2057/7843 2150/7497 2073/7974
vt 0.80580 0.56316
vt 0.80514 0.55779
vt 0.80644 0.55801
f 2049/7989 2154/7990 2117/7991
vt 0.79766 0.02593
vt 0.80015 0.02676
f 1926/7209 2074/7992 2102/7993
vt 0.78060 0.36782
vt 0.77750 0.36840
vt 0.77821 0.36668
f 2080/7994 2068/7995 2056/7996
vt 0.59523 0.62702
vt 0.59548 0.62805
vt 0.59442 0.62957
f 2055/7997 2077/7998 2076/7999
vt 0.71453 0.98311
vt 0.71470 0.98385
vt 0.71449 0.98374
f 2055/8000 2112/8001 2077/8002
vt 0.23752 0.95918
vt 0.23674 0.95953
vt 0.23673 0.95853
f 2067/8003 2066/8004 2081/8005
vt 0.23760 0.95878
f 2067/8003 2081/8005 2073/8006
vt 0.77178 0.59037
vt 0.76983 0.59370
vt 0.76832 0.59049
f 2071/8007 2121/8008 2110/8009
vt 0.97955 0.23858
vt 0.97984 0.23777
vt 0.98001 0.23832
f 2064/8010 2092/8011 2118/8012
vt 0.03477 0.26495
f 2064/7904 2118/8013 2058/7348
vt 0.94315 0.70680
vt 0.94202 0.70668
vt 0.94271 0.70490
f 2063/8014 2109/8015 2119/8016
vt 0.97387 0.22867
vt 0.97433 0.22924
vt 0.97433 0.23000
f 2079/8017 2124/8018 2180/8019
vt 0.06885 0.75788
vt 0.06942 0.75734
f 2064/7786 2078/8020 2092/8021
vt 0.71454 0.98390
f 2083/8022 2077/8002 2112/8001
vt 0.71448 0.98401
f 2083/8022 2084/8023 2077/8002
vt 0.59550 0.62822
f 2077/7998 2083/8024 2076/7999
vt 0.59398 0.62710
f 2055/7997 2076/7999 2197/8025
vt 0.93253 0.14976
vt 0.93318 0.14701
vt 0.93292 0.15096
f 2094/8026 2097/8027 2177/8028
vt 0.85974 0.91818
vt 0.86148 0.91910
vt 0.86029 0.92062
f 2086/8029 2125/8030 2085/8031
vt 0.30058 0.38886
f 1882/6125 2170/7987 2191/8032
vt 0.99521 0.31639
vt 0.99508 0.31622
vt 0.99521 0.31608
f 2083/8033 2112/8034 2076/8035
vt 0.91728 0.08209
f 2057/7952 2134/8036 2093/7953
vt 0.92521 0.52562
vt 0.92568 0.52443
vt 0.92573 0.52586
f 2042/8037 2152/8038 2037/8039
vt 0.50797 0.37093
vt 0.50935 0.36966
vt 0.50810 0.37176
f 2172/8040 2096/8041 2070/8042
vt 0.23166 0.39263
vt 0.23456 0.39518
vt 0.23136 0.39395
f 2172/8043 2070/8044 2087/8045
vt 0.25858 0.15094
vt 0.25770 0.15258
f 2055/8046 2053/7549 2112/8047
vt 0.03666 0.27729
vt 0.03494 0.27618
f 2193/7897 2177/8048 2097/8049
vt 0.03750 0.25485
f 2025/7342 1985/6506 2266/8050
vt 0.41487 0.00963
vt 0.41219 0.01347
vt 0.41344 0.00896
f 2049/8051 2117/8052 2188/8053
vt 0.88241 0.02618
f 2053/7616 2120/7925 2144/8054
f 2151/6866 1882/6125 2191/8032
f 2025/7342 2266/8050 2150/7497
vt 0.11030 0.05764
vt 0.10729 0.04791
vt 0.11248 0.05469
f 2160/8055 2018/8056 2099/8057
vt 0.97754 0.30876
vt 0.97788 0.30898
vt 0.97790 0.30954
f 2079/8058 2092/8059 2078/8060
vt 0.23776 0.95802
f 2073/8006 2081/8005 2057/8061
vt 0.50590 0.37811
vt 0.50694 0.37470
vt 0.50737 0.37819
f 2033/8062 2087/8063 2161/8064
vt 0.91121 0.51323
vt 0.91040 0.51624
vt 0.90931 0.51390
f 1891/8065 2120/8066 2039/8067
vt 0.49702 0.40827
f 2218/7983 1972/7982 1990/8068
vt 0.90907 0.51539
f 2039/8067 2120/8066 2045/8069
vt 0.03396 0.26744
f 2058/7348 2118/8013 2038/8070
f 1973/7882 2090/7781 2215/7883
vt 0.28334 0.18662
f 2135/7917 2061/6079 2145/8071
vt 0.71272 0.61088
f 2022/7856 2132/7855 2062/8072
vt 0.77939 0.75686
f 2026/7770 2132/8073 2044/7771
vt 0.29762 0.40766
f 2108/7669 2151/6866 2239/8074
vt 0.38016 0.06218
f 2086/7976 2135/7978 2125/8075
vt 0.39086 0.29536
f 2216/7926 2187/8076 1932/7927
f 2008/7575 1955/7932 2113/7942
vt 0.86598 0.36713
f 1997/7884 2215/7883 2224/8077
vt 0.62074 0.25339
vt 0.62045 0.25596
vt 0.61796 0.25314
f 2311/8078 1932/8079 2187/8080
vt 0.03520 0.26039
f 2150/7497 2093/8081 2073/7974
vt 0.77788 0.76153
f 2054/8082 2132/8073 2026/7770
vt 0.79537 0.55251
vt 0.79716 0.55269
f 2104/8083 2157/8084 2090/7913
vt 0.40156 0.99400
vt 0.40153 0.99362
vt 0.40173 0.99383
f 2079/8085 2073/8086 2092/8087
vt 0.91120 0.16274
f 2005/7853 2137/8088 2048/7854
vt 0.90682 0.80926
vt 0.90486 0.80899
vt 0.90762 0.80648
f 2005/8089 2146/8090 2137/8091
vt 0.76990 0.58968
f 2071/7755 2110/8092 2068/7708
vt 0.60980 0.33730
f 2111/7609 2069/8093 2163/7969
vt 0.03406 0.26620
vt 0.03481 0.26553
vt 0.03533 0.26641
f 2079/8094 2078/8095 2124/8096
vt 0.30853 0.37613
vt 0.30690 0.38241
vt 0.30752 0.37671
f 2172/8097 2217/8098 2096/8099
vt 0.92586 0.49227
vt 0.92557 0.49046
vt 0.92610 0.49068
f 2057/8100 2155/8101 2134/8102
vt 0.63320 0.42434
vt 0.62942 0.42844
vt 0.62930 0.42140
f 2006/8103 2105/8104 2050/8105
vt 0.59487 0.62577
vt 0.59403 0.62405
f 2055/8106 2197/8025 2006/8107
vt 0.40073 0.38953
vt 0.40256 0.38410
vt 0.40418 0.38746
f 2156/8108 2225/8109 2249/8110
vt 0.41306 0.02070
f 2034/7955 2289/7957 1942/8111
vt 0.26996 0.18353
f 2014/8112 1983/7703 2248/7898
vt 0.04865 0.80408
vt 0.04865 0.80599
vt 0.04787 0.80490
f 2145/8113 2115/8114 2205/8115
vt 0.31097 0.37297
vt 0.31138 0.37489
vt 0.30984 0.37440
f 2060/8116 2244/8117 2089/8118
vt 0.17405 0.88167
vt 0.17275 0.88286
vt 0.17237 0.88006
f 1881/8119 2119/8120 2137/8121
vt 0.91089 0.55652
vt 0.90927 0.55792
vt 0.90976 0.55486
f 2024/8122 2104/8123 2065/8124
vt 0.23758 0.95691
f 2057/8061 2081/8005 2155/8125
vt 0.25960 0.16482
f 1916/7377 2133/8126 2070/7788
vt 0.27006 0.19504
vt 0.27122 0.18959
f 2168/8127 1983/7703 2008/8128
vt 0.06817 0.75849
f 2064/7786 2180/7950 2124/8129
vt 0.94172 0.70469
f 2109/8015 2048/8130 2119/8016
vt 0.06853 0.75776
f 2078/8020 2064/7786 2106/8131
vt 0.40789 0.01819
f 1817/7533 1942/8111 2212/8132
vt 0.86093 0.10911
vt 0.86251 0.10711
vt 0.86281 0.11086
f 2060/8133 2128/8134 2244/8135
vt 0.38510 0.25202
vt 0.38326 0.25408
vt 0.38120 0.24394
f 2160/8136 2164/8137 2018/8138
vt 0.23649 0.95722
f 2081/8005 2093/8139 2155/8125
vt 0.80910 0.41931
vt 0.80886 0.42000
f 1956/7517 2122/8140 2287/8141
vt 0.59577 0.63179
vt 0.59684 0.63614
vt 0.59544 0.63774
f 2096/8142 2217/8143 2194/8144
vt 0.93649 0.09615
vt 0.93648 0.09273
vt 0.93731 0.09405
f 1891/8145 2144/8146 2120/8147
vt 0.28376 0.20375
f 2032/6891 2147/8148 2136/7442
vt 0.59523 0.62880
f 2112/8149 2096/8142 2076/7999
vt 0.77635 0.75670
f 2054/8082 2062/8150 2132/8073
vt 0.23436 0.39703
f 2087/8045 2070/8044 2133/8151
vt 0.06819 0.23206
vt 0.06868 0.23550
vt 0.06755 0.23376
f 2133/8152 2130/8153 2161/8154
vt 0.25769 0.15483
f 2112/8047 2053/7549 2096/8155
vt 0.51039 0.37288
vt 0.50957 0.37439
f 2096/8041 2176/8156 2070/8157
vt 0.38412 0.29574
f 1753/5845 2222/8158 2216/7926
vt 0.80412 0.56527
vt 0.80341 0.56526
vt 0.80398 0.56346
f 2108/8159 2239/8160 2049/8161
f 2064/7786 2124/8129 2106/8131
vt 0.03517 0.26533
vt 0.03531 0.26542
f 2078/8095 2106/8162 2123/8163
f 2078/8095 2123/8163 2124/8096
vt 0.37077 0.22811
vt 0.37228 0.23034
vt 0.37015 0.23151
f 2129/8164 2095/8165 2220/8166
vt 0.03506 0.26459
vt 0.03546 0.26472
f 2092/8167 2073/7974 2139/8168
vt 0.98345 0.96700
vt 0.98313 0.96648
vt 0.98349 0.96615
f 2048/8169 2137/8170 2119/8171
vt 0.23366 0.40320
f 2087/8045 2133/8151 2161/8172
vt 0.87386 0.13550
vt 0.87438 0.12610
vt 0.87444 0.13007
f 2166/8173 2131/8174 2173/8175
vt 0.30914 0.38148
f 2217/8098 2172/8097 2282/8176
vt 0.10564 0.04418
vt 0.10992 0.04751
f 2018/8056 2052/8177 2263/8178
vt 0.17028 0.87776
vt 0.17286 0.87715
f 2137/8121 2144/8179 1891/8180
vt 0.36877 0.23765
vt 0.37002 0.23676
f 2103/7812 2294/8181 2127/8182
vt 0.76675 0.59002
vt 0.76706 0.58937
f 2179/8183 1969/8184 2110/8009
vt 0.38073 0.71554
vt 0.37703 0.71452
vt 0.38146 0.71189
f 1946/8185 2129/8186 2075/8187
vt 0.49594 0.41817
f 1990/8068 2212/8188 2218/7983
vt 0.03739 0.24269
f 1985/6506 2158/6898 2131/8189
vt 0.52101 0.21796
vt 0.52122 0.22895
vt 0.51839 0.22486
f 2088/8190 2163/8191 2170/8192
vt 0.50549 0.38284
f 2033/8062 2161/8064 2114/8193
vt 0.99508 0.41504
vt 0.99526 0.41498
vt 0.99525 0.41522
f 2093/8194 2134/8195 2073/8196
vt 0.68023 0.59692
f 2142/7949 2031/7318 2270/8197
vt 0.84121 0.62480
vt 0.84162 0.62338
f 1956/7752 2287/8198 2240/8199
vt 0.88012 0.02959
f 2053/7616 2144/8054 2146/8200
vt 0.37769 0.06297
vt 0.37640 0.06737
f 2125/8201 2135/7978 2085/8202
vt 0.52350 0.21747
f 2088/8190 2072/8203 2163/8191
vt 0.99549 0.40008
vt 0.99550 0.39992
vt 0.99551 0.40013
f 2124/8204 2092/8205 2106/8206
vt 0.06826 0.75775
vt 0.06835 0.75747
f 2124/8129 2123/8207 2092/8208
f 2047/7813 2220/8166 2095/8165
vt 0.49950 0.76160
vt 0.49677 0.76094
vt 0.50068 0.75878
f 2148/8209 2204/8210 2013/8211
vt 0.40995 0.01131
f 2117/8052 2233/8212 2188/8053
vt 0.99529 0.45868
vt 0.99541 0.45865
vt 0.99541 0.45891
f 2134/8213 2155/8214 2073/8215
vt 0.16737 0.56158
vt 0.16921 0.55294
vt 0.16943 0.55961
f 2130/8216 2133/8217 2159/8218
vt 0.28453 0.19891
vt 0.28371 0.20181
vt 0.28309 0.19848
f 2136/8219 2147/8220 2178/8221
vt 0.06831 0.75745
f 2092/8208 2123/8207 2118/8222
f 2092/8167 2139/8168 2106/8162
f 2136/8219 2178/8221 2138/7593
vt 0.37448 0.07015
vt 0.37637 0.06883
vt 0.37742 0.07215
f 2132/8223 2085/8224 2186/8225
vt 0.49405 0.33615
vt 0.49391 0.32881
vt 0.49628 0.33702
f 2051/8226 2126/8227 2209/8228
vt 0.37049 0.07380
f 2044/7985 2165/8229 2113/7986
vt 0.99553 0.36046
vt 0.99549 0.36016
vt 0.99553 0.36015
f 2123/8230 2106/8231 2118/8232
vt 0.20266 0.34320
vt 0.20200 0.34476
vt 0.20197 0.34144
f 2113/8233 2185/8234 2168/8235
vt 0.03567 0.26039
f 2093/8081 2150/7497 2155/8236
vt 0.99553 0.40490
vt 0.99549 0.40490
vt 0.99549 0.40472
f 2118/8237 2106/8238 2139/8239
vt 0.76780 0.58874
f 2068/7708 2110/8009 1969/8240
vt 0.43701 0.63719
f 2171/7815 2175/8241 2182/7816
vt 0.03448 0.27090
vt 0.03420 0.26834
vt 0.03585 0.27014
f 2152/8242 2038/8243 2181/8244
vt 0.91347 0.50886
vt 0.91523 0.50961
f 2098/7881 2270/8245 2226/8246
vt 0.25827 0.15573
f 2053/7549 2176/7937 2096/8247
f 2089/8118 2244/8117 2172/8097
f 2098/7881 2142/7880 2270/8245
f 2091/7528 2179/7653 2295/7529
vt 0.06681 0.76457
f 2152/7979 2193/8248 2019/7766
f 2096/8142 2194/8144 2076/7999
vt 0.79838 0.03341
vt 0.79697 0.03218
vt 0.80107 0.03185
f 2104/8249 1979/8250 2196/8251
vt 0.87480 0.13453
f 2166/8173 2173/8175 2187/8252
f 2085/8224 2135/7978 2186/8225
vt 0.16959 0.87975
f 2137/8121 2146/8253 2144/8179
vt 0.79094 0.71979
vt 0.79119 0.72053
vt 0.78854 0.72180
f 2047/8254 2127/8255 2220/8256
vt 0.03490 0.26484
vt 0.03782 0.26869
f 2118/8257 2264/8258 2038/8243
vt 0.38204 0.07034
f 2135/7978 2145/8259 2186/8225
vt 0.49236 0.41578
f 2218/7983 2212/8188 2149/8260
f 2171/7815 2101/7804 2164/7981
vt 0.61953 0.25194
vt 0.61820 0.24872
f 2311/8261 2187/8080 2173/8262
vt 0.80171 0.02516
vt 0.80089 0.02688
f 2074/7208 2299/8263 2102/8264
vt 0.43356 0.64649
vt 0.43488 0.64339
vt 0.43479 0.65035
f 1897/8265 2182/8266 2140/8267
vt 0.06686 0.76262
f 2019/7766 2193/8248 2167/8268
vt 0.60926 0.34516
vt 0.60592 0.33917
f 2069/8093 2218/8269 2291/8270
vt 0.27085 0.95841
vt 0.27150 0.95743
vt 0.27162 0.95958
f 2073/8271 2155/8272 2139/8273
f 2052/8177 2051/7649 2263/8178
vt 0.94462 0.55921
vt 0.94593 0.55796
vt 0.94648 0.56077
f 2100/8274 2143/8275 2196/8276
vt 0.43968 0.60176
f 1967/7967 2313/7968 2289/8277
vt 0.25929 0.17124
f 2189/7676 2159/8278 1916/7377
vt 0.03736 0.25138
f 1985/6506 2174/8279 2266/8050
vt 0.75021 0.69051
vt 0.75021 0.69314
vt 0.74895 0.69235
f 2115/8280 2138/8281 2206/8282
f 2044/7985 2132/8223 2186/8225
vt 0.13184 0.75883
f 2098/7714 2226/8283 1944/7511
vt 0.06678 0.76234
f 2019/7766 2181/8284 2180/7950
vt 0.03654 0.24458
f 1985/6506 2131/8285 2174/8279
vt 0.36729 0.23478
f 2127/8182 2294/8181 2288/8286
vt 0.37935 0.29518
f 1753/5845 2268/8287 2222/8158
vt 0.37163 0.07496
vt 0.36776 0.07531
f 2113/7986 2165/8288 2162/8289
vt 0.61549 0.24906
vt 0.61461 0.24998
vt 0.61495 0.24817
f 2166/8290 2174/8291 2131/8292
vt 0.51738 0.37396
vt 0.51818 0.37210
f 2094/6981 2177/8293 2255/8294
vt 0.40449 0.39223
vt 0.40127 0.39354
f 2156/8108 2301/8295 2173/8296
vt 0.30208 0.38599
f 2191/8032 2170/7987 2211/8297
f 2019/7766 2167/8268 2181/8284
vt 0.03586 0.26251
f 2118/8257 2139/8298 2264/8258
vt 0.61619 0.24609
vt 0.61794 0.24437
f 2131/8299 2156/8300 2173/8262
vt 0.79977 0.65707
vt 0.79819 0.65776
f 2104/7954 2324/8301 2157/8302
vt 0.03823 0.26048
f 2150/7497 2266/8050 2280/8303
vt 0.50782 0.38299
vt 0.50579 0.39175
f 2114/8193 2161/8304 2183/8305
vt 0.28220 0.71271
vt 0.28275 0.71866
vt 0.28120 0.71894
f 2141/8306 2283/8307 2237/8308
vt 0.89180 0.44497
vt 0.89231 0.44747
vt 0.89061 0.44465
f 2110/8309 2121/8310 2179/8311
vt 0.36844 0.23361
f 2127/8182 2288/8286 2220/8312
vt 0.02379 0.62612
vt 0.02183 0.62375
vt 0.02520 0.62414
f 2225/8313 2156/8314 2304/8315
vt 0.28250 0.20079
f 2147/8220 2232/8316 2178/8221
vt 0.86320 0.10772
f 2128/8134 2190/8317 2244/8135
vt 0.40493 0.02555
f 1942/8111 2289/7957 2227/8318
vt 0.28269 0.19243
vt 0.28147 0.19324
vt 0.28251 0.18989
f 2115/8319 2206/8320 2205/8321
f 2156/8108 2249/8110 2301/8295
f 2155/8236 2280/8303 2139/8298
f 2155/8236 2150/7497 2280/8303
vt 0.36574 0.07600
vt 0.36364 0.07476
f 2113/7942 2201/8322 2185/8323
vt 0.89256 0.32793
vt 0.89026 0.32984
vt 0.89024 0.32538
f 2102/8324 2196/8325 2143/8326
vt 0.56880 0.88501
vt 0.56874 0.89215
vt 0.56763 0.89184
f 2114/8327 2183/8328 2229/8329
f 2148/8209 2009/7737 2204/8210
f 2139/8298 2280/8303 2264/8258
vt 0.03596 0.27037
vt 0.03616 0.26991
vt 0.03684 0.27087
f 2167/8330 2180/8331 2200/8332
vt 0.28293 0.20914
f 2032/6891 2283/8333 2147/8148
f 2032/6891 2153/7558 2283/8333
vt 0.38658 0.26317
f 2160/8136 2175/8334 2164/8137
vt 0.28222 0.21200
vt 0.28104 0.20841
vt 0.28380 0.20547
f 2237/8335 2338/8336 2141/8337
vt 0.46581 0.39364
vt 0.46638 0.38945
vt 0.46780 0.39650
f 2036/8338 2033/8339 2114/8340
vt 0.38063 0.07312
f 2145/8259 2205/8341 2186/8225
vt 0.37258 0.07419
f 2186/8225 2165/8342 2044/7985
f 2169/7656 2140/7655 2313/7968
vt 0.41364 0.00710
vt 0.41304 0.00489
f 2153/8343 2188/8053 2239/8344
f 1916/7377 2159/8278 2133/8126
vt 0.63342 0.42745
f 2105/8104 2006/8103 2197/8345
vt 0.28294 0.71347
vt 0.28314 0.71416
f 2141/8306 2147/8346 2283/8347
vt 0.38838 0.26073
f 2175/8334 2160/8136 2323/8348
vt 0.36940 0.29645
f 2213/6923 2094/6748 2271/8349
vt 0.51703 0.22788
f 2170/8192 2163/8191 2234/8350
vt 0.51000 0.99100
vt 0.51002 0.99149
vt 0.50980 0.99104
f 2167/8351 2200/8352 2181/8353
vt 0.80349 0.60160
f 1997/7701 2287/8354 2122/7398
vt 0.80202 0.03246
f 2104/8249 2196/8251 2324/8355
vt 0.10971 0.04256
vt 0.11170 0.03984
f 2209/8356 2126/7889 2364/8357
vt 0.43597 0.64871
f 2140/8267 2182/8266 2296/8358
vt 0.55660 0.00548
vt 0.55553 0.00830
vt 0.55455 0.00463
f 2170/8359 2234/8360 2251/8361
vt 0.88981 0.44737
vt 0.89051 0.44601
f 2121/8310 2295/8362 2179/8363
vt 0.75092 0.17222
vt 0.75041 0.17353
vt 0.75000 0.17077
f 2166/8364 2266/8365 2174/8366
vt 0.96459 0.36077
vt 0.96459 0.35931
vt 0.96562 0.35952
f 2152/8367 2181/8368 2200/8369
vt 0.52139 0.36966
f 2094/6981 2255/8294 2271/8370
vt 0.36648 0.07633
vt 0.36786 0.07713
f 2201/8371 2162/8289 2246/8372
vt 0.36320 0.08015
f 2185/8323 2201/8322 2262/8373
vt 0.08804 0.57396
vt 0.08759 0.57621
vt 0.08722 0.57608
f 2251/8374 2211/8375 2170/8376
vt 0.43760 0.63429
f 2171/7815 2164/8377 2175/8241
vt 0.02064 0.62206
f 2131/8378 2304/8315 2156/8314
vt 0.87514 0.13939
f 2166/8173 2187/8252 2216/8379
vt 0.16934 0.56756
f 2130/8216 2159/8218 2208/8380
vt 0.96544 0.36116
f 2193/8381 2152/8367 2200/8369
f 2213/6923 2268/8287 1753/5845
vt 0.80325 0.56022
f 2154/7990 2049/8161 2233/8382
vt 0.37920 0.07466
f 2186/8225 2205/8341 2689/8383
vt 0.11667 0.06590
vt 0.11420 0.06803
f 2160/8055 2366/8384 2323/8385
vt 0.51682 0.23066
f 2163/8191 2219/8386 2234/8350
vt 0.40223 0.40402
vt 0.40326 0.40276
vt 0.40333 0.40605
f 2107/8387 2223/8388 2116/8389
vt 0.13279 0.76405
f 1944/7511 2226/8283 2184/8390
vt 0.74726 0.69807
f 2206/8282 2138/8281 2302/8391
vt 0.08928 0.57344
f 2251/8374 2214/8392 2211/8375
vt 0.27001 0.19481
vt 0.26226 0.19220
f 2168/8393 2354/8394 1983/7703
vt 0.41199 0.00734
f 2239/8344 2188/8053 2233/8395
vt 0.36614 0.07859
f 2201/8371 2246/8372 2221/8396
vt 0.49719 0.34409
f 2051/8226 2209/8228 2263/8397
vt 0.92717 0.52234
vt 0.92601 0.52227
vt 0.92589 0.52050
f 2180/8398 2181/8399 2264/8400
vt 0.03831 0.23642
vt 0.04084 0.23897
f 2158/6898 2013/8401 2304/8402
f 2201/8322 2221/8396 2262/8373
f 2158/6898 2304/8402 2131/8189
vt 0.92619 0.50431
vt 0.92629 0.50621
vt 0.92530 0.50724
f 2190/8403 2197/8404 2244/8405
vt 0.98108 0.75726
vt 0.98108 0.75806
vt 0.98054 0.75740
f 2201/8406 2207/8407 2162/8408
vt 0.37434 0.29536
f 2213/6923 2325/8409 2268/8287
f 2162/8289 2165/8288 2246/8372
vt 0.29647 0.40862
vt 0.29660 0.40787
vt 0.29695 0.40895
f 2049/8410 2239/8411 2233/8412
vt 0.86144 0.11475
vt 0.86254 0.11531
vt 0.86210 0.11914
f 2172/8413 2244/8414 2282/8415
f 1956/7752 2240/8199 2272/7753
vt 0.36833 0.07912
f 2246/8372 2165/8288 2195/8416
vt 0.77393 0.92586
vt 0.77265 0.92622
vt 0.77327 0.92456
f 2162/8417 2192/8418 2113/8419
f 2011/7739 2204/8210 2009/7737
vt 0.08921 0.57122
f 2251/8374 2273/8420 2214/8392
vt 0.61628 0.25484
vt 0.61735 0.25819
vt 0.61571 0.25879
f 2166/8421 2216/8422 2247/8423
vt 0.74971 0.69624
f 2138/8281 2178/8424 2302/8391
vt 0.30159 0.40025
f 2151/6866 2191/8032 2334/8425
vt 0.47143 0.21662
vt 0.47342 0.22191
vt 0.47230 0.22187
f 2076/8426 2194/8427 2277/8428
f 1942/8111 2227/8318 2212/8132
vt 0.53119 0.76051
vt 0.52883 0.76283
vt 0.52934 0.75774
f 1944/8429 2184/8430 2121/8431
vt 0.73371 0.95807
vt 0.73530 0.95677
vt 0.73544 0.95820
f 2117/8432 2154/8433 2279/8434
vt 0.37572 0.08242
vt 0.37481 0.07500
f 2186/8225 2230/8435 2165/8436
vt 0.79643 0.15164
vt 0.79735 0.14944
vt 0.79791 0.15328
f 2128/8437 2116/8438 2284/8439
vt 0.49115 0.41851
f 2149/8260 2212/8188 2154/8440
vt 0.08914 0.57995
f 2211/8375 2214/8392 2276/8441
vt 0.08576 0.58351
vt 0.08590 0.58323
vt 0.08587 0.58341
f 2198/8442 2203/8443 2199/8444
vt 0.10997 0.03452
f 2126/7889 2036/7888 2229/8445
vt 0.36978 0.24634
vt 0.36779 0.25021
f 2103/7812 2050/8446 2105/8447
vt 0.36846 0.07587
f 2113/7942 2192/8448 2201/8322
f 2018/8056 2263/8178 2099/8057
vt 0.30087 0.40540
f 2151/6866 2265/8449 2239/8074
vt 0.03698 0.26976
f 2180/8331 2264/8450 2200/8332
vt 0.99392 0.69792
vt 0.99389 0.69810
vt 0.99373 0.69814
f 2203/8451 2199/8452 2210/8453
vt 0.99373 0.69785
f 2203/8451 2210/8453 2202/8454
vt 0.08660 0.58251
f 2203/8443 2242/8455 2199/8444
vt 0.99542 0.72585
vt 0.99529 0.72566
vt 0.99542 0.72563
f 2203/8456 2202/8457 2242/8458
vt 0.04307 0.23668
f 2013/8401 2204/8459 2304/8402
vt 0.37789 0.07885
f 2186/8225 2689/8383 2298/8460
vt 0.78537 0.72183
vt 0.78657 0.72500
f 2129/8461 2220/8256 2346/8462
f 2186/8225 2298/8460 2230/8435
vt 0.08626 0.58432
f 2199/8444 2242/8455 2210/8463
vt 0.46931 0.21435
vt 0.46956 0.21630
f 2197/8464 2076/8426 2244/8465
vt 0.27962 0.19326
vt 0.28118 0.19095
f 2206/8320 2278/8466 2205/8467
vt 0.37814 0.70734
vt 0.38203 0.70564
f 2075/8187 2361/8468 2249/8469
vt 0.30274 0.38798
f 2191/8032 2211/8297 2242/8470
f 2244/8465 2076/8426 2277/8428
f 2163/7969 2069/8093 2291/8270
vt 0.63327 0.42838
vt 0.63335 0.43192
f 2105/8104 2197/8471 2376/8472
vt 0.36700 0.08092
vt 0.36822 0.07956
vt 0.36746 0.08134
f 2259/8473 2195/8474 2290/8475
vt 0.75109 0.17892
vt 0.75044 0.17551
f 2247/8476 2266/8477 2166/8364
vt 0.97863 0.90969
vt 0.97862 0.90927
vt 0.97899 0.90899
f 2246/8478 2207/8479 2221/8480
vt 0.74898 0.70202
f 2302/8391 2178/8424 2232/8481
vt 0.86621 0.36067
f 2090/7781 2157/8482 2215/7883
vt 0.03710 0.27157
f 2193/7897 2200/8483 2177/8048
vt 0.30261 0.38978
f 2191/8032 2242/8470 2202/8484
vt 0.93301 0.15935
vt 0.93394 0.16095
vt 0.93257 0.16049
f 2246/8485 2195/8486 2238/8487
vt 0.40477 0.39357
vt 0.40138 0.39718
f 2173/8296 2301/8488 2311/8489
vt 0.02727 0.63014
f 2225/8313 2304/8315 2249/8490
vt 0.98096 0.75822
vt 0.98036 0.75807
f 2207/8407 2246/8491 2192/8492
vt 0.98039 0.75758
f 2207/8407 2192/8492 2162/8493
vt 0.46728 0.40025
f 2036/8338 2114/8340 2229/8494
vt 0.28066 0.18950
f 2205/8467 2278/8466 2689/8495
vt 0.61868 0.26140
f 2216/8422 2222/8496 2247/8423
vt 0.30514 0.38956
vt 0.30486 0.38743
f 2217/8098 2228/8497 2281/8498
vt 0.60982 0.35538
vt 0.60784 0.35582
vt 0.60880 0.35241
f 2154/8499 2401/8500 2149/8501
vt 0.99093 0.72214
vt 0.99088 0.72164
vt 0.99115 0.72182
f 2201/8502 2285/8503 2207/8504
vt 0.11386 0.04203
vt 0.11587 0.04982
f 2209/8356 2364/8505 2427/8506
f 2075/7934 2249/8490 2011/7935
vt 0.41243 0.00387
vt 0.41173 0.00087
vt 0.41412 0.00274
f 2239/8507 2265/8508 2153/8509
vt 0.28163 0.20619
f 2141/8337 2338/8336 2232/8510
f 2141/8337 2232/8510 2147/8220
vt 0.59723 0.64167
vt 0.59557 0.64368
f 2217/8511 2281/8512 2194/8144
vt 0.93390 0.16299
vt 0.93295 0.16210
f 2259/8513 2350/8514 2195/8486
vt 0.30278 0.39185
vt 0.30270 0.39604
f 2191/8032 2210/8515 2243/8516
vt 0.30718 0.38843
f 2217/8098 2389/8517 2228/8497
f 2202/8484 2210/8515 2191/8032
f 2181/8244 2038/8243 2264/8258
vt 0.16653 0.57025
f 2236/8518 2130/8216 2208/8380
vt 0.25854 0.17831
f 2189/7676 2248/7898 2208/8519
vt 0.80352 0.55734
f 2154/7990 2233/8382 2401/8520
vt 0.38758 0.27360
vt 0.38633 0.27052
f 2175/8334 2296/8521 2182/8522
vt 0.21743 0.99113
vt 0.21765 0.99086
vt 0.21765 0.99161
f 2190/8523 2284/8524 2197/8525
vt 0.93277 0.16122
f 2195/8486 2350/8514 2221/8526
vt 0.98516 0.12396
vt 0.98554 0.12347
vt 0.98559 0.12412
f 2235/8527 2290/8528 2195/8529
vt 0.40329 0.40867
vt 0.40500 0.40997
vt 0.40459 0.41111
f 2128/8530 2284/8531 2190/8532
vt 0.25802 0.18338
f 2248/7898 2305/8533 2208/8519
vt 0.36748 0.07725
vt 0.36788 0.07793
f 2207/8534 2285/8535 2221/8396
vt 0.11322 0.05075
f 2209/8356 2427/8506 2263/8536
vt 0.97699 0.90500
vt 0.97643 0.90562
vt 0.97628 0.90495
f 2195/8537 2221/8538 2238/8539
f 2191/8032 2243/8516 2334/8425
vt 0.41338 0.00119
vt 0.41268 0.00016
f 2153/8540 2265/8508 2283/8541
vt 0.44205 0.60580
f 2289/8277 2313/7968 2452/8542
f 2151/6866 2334/8425 2265/8449
vt 0.08795 0.57999
vt 0.08764 0.58166
f 2211/8543 2276/8441 2242/8544
f 2201/8322 2192/8448 2285/8535
vt 0.26954 0.19968
vt 0.26664 0.20164
f 2185/8545 2359/8546 2168/8393
vt 0.08981 0.58606
f 2242/8544 2276/8441 2368/8547
vt 0.51687 0.23272
vt 0.52060 0.23867
f 2219/8548 2163/8191 2291/8549
vt 0.08671 0.58600
f 2242/8544 2368/8547 2243/8550
vt 0.40946 0.01461
f 2117/8052 2279/8551 2233/8212
vt 0.38951 0.26551
f 2175/8334 2323/8552 2296/8521
vt 0.36377 0.25106
f 2103/7812 2105/8447 2411/8553
vt 0.50804 0.39106
f 2161/8304 2292/8554 2183/8305
vt 0.23502 0.40725
vt 0.23386 0.41021
f 2161/8172 2130/8555 2292/8556
vt 0.61535 0.26130
f 2247/8423 2222/8496 2280/8557
vt 0.03900 0.26542
f 2280/8303 2319/8558 2264/8258
vt 0.93222 0.15943
vt 0.93217 0.15857
f 2246/8485 2285/8559 2192/8560
vt 0.55880 0.01367
vt 0.55808 0.01785
f 2219/8561 2357/8562 2234/8360
f 2099/8057 2366/8384 2160/8055
vt 0.40563 0.40975
f 2116/8389 2223/8388 2284/8563
vt 0.49159 0.42214
f 2154/8440 2212/8188 2279/8564
vt 0.63528 0.42968
f 2197/8471 2284/8565 2376/8472
vt 0.90579 0.31955
vt 0.90588 0.32174
vt 0.90518 0.32463
f 2689/8566 2278/8567 2298/8568
vt 0.26945 0.20393
f 2185/8545 2262/8569 2359/8546
vt 0.44550 0.59497
f 2313/7968 2140/7655 2355/8570
vt 0.36726 0.07897
f 2221/8396 2285/8535 2238/8571
vt 0.97898 0.10600
vt 0.97851 0.10532
vt 0.97900 0.10512
f 2221/8572 2350/8573 2256/8574
vt 0.96927 0.14031
vt 0.96858 0.14156
vt 0.96856 0.14054
f 2245/8575 2231/8576 2269/8577
vt 0.97952 0.77169
vt 0.97949 0.77071
vt 0.98000 0.77112
f 2245/8578 2269/8579 2235/8580
vt 0.04009 0.27351
f 2200/8483 2264/8258 2307/8581
vt 0.37220 0.08344
f 2195/8474 2165/8288 2241/8582
vt 0.27899 0.19926
f 2278/8466 2206/8320 2302/8583
vt 0.08379 0.59217
vt 0.08604 0.59204
vt 0.08317 0.59478
f 2243/8584 2252/8585 2334/8586
vt 0.98169 0.79853
vt 0.98198 0.79881
vt 0.98168 0.79875
f 2235/8587 2231/8588 2290/8589
vt 0.99484 0.33255
vt 0.99504 0.33255
vt 0.99502 0.33281
f 2235/8590 2254/8591 2231/8592
vt 0.96819 0.14157
vt 0.96806 0.14124
f 2231/8576 2253/8593 2269/8594
vt 0.51672 0.24214
f 2219/8548 2291/8549 2300/8595
vt 0.08683 0.58923
f 2243/8550 2368/8547 2252/8596
f 2159/8278 2189/7676 2208/8519
f 2200/8483 2307/8581 2177/8048
vt 0.36798 0.08227
f 2195/8474 2241/8582 2235/8597
f 2126/7889 2229/8445 2364/8357
vt 0.01179 0.94935
vt 0.01109 0.94958
vt 0.01139 0.94784
f 2231/8598 2332/8599 2290/8600
vt 0.99549 0.29032
vt 0.99549 0.29002
vt 0.99554 0.29028
f 2231/8601 2254/8602 2253/8603
vt 0.47061 0.40543
vt 0.46768 0.40953
vt 0.46799 0.40477
f 2183/8604 2364/8605 2229/8606
vt 0.80246 0.02920
vt 0.80142 0.03094
f 2102/8264 2321/8607 2196/8608
vt 0.97202 0.01026
vt 0.97101 0.01083
vt 0.97127 0.00962
f 2259/8609 2290/8610 2312/8611
vt 0.76735 0.34282
vt 0.76922 0.34741
vt 0.76725 0.34638
f 2165/8612 2230/8613 2241/8614
vt 0.79906 0.55909
vt 0.80113 0.55667
vt 0.80061 0.55999
f 2272/8615 2321/8616 2299/8617
vt 0.36817 0.08454
f 2235/8597 2241/8582 2245/8618
vt 0.49928 0.88053
vt 0.49916 0.88328
vt 0.49636 0.88142
f 2240/8619 2287/8620 2215/8621
vt 0.08669 0.58706
f 2210/8463 2242/8455 2243/8622
vt 0.99346 0.25278
vt 0.99362 0.25247
vt 0.99366 0.25284
f 2253/8623 2290/8624 2332/8625
vt 0.99341 0.25242
f 2253/8623 2254/8626 2290/8624
vt 0.74748 0.05584
vt 0.74886 0.05471
vt 0.74937 0.05921
f 2217/8627 2282/8628 2341/8629
vt 0.42576 0.59343
vt 0.42554 0.59414
vt 0.42514 0.59280
f 2238/8630 2256/8631 2246/8632
vt 0.28248 0.72173
vt 0.28173 0.72279
f 2237/8308 2283/8633 2327/8634
vt 0.03751 0.27925
vt 0.03912 0.27959
f 2255/8635 2177/8048 2349/8636
vt 0.39115 0.27397
f 2323/8552 2329/8637 2296/8521
vt 0.45380 0.59295
vt 0.45451 0.59239
vt 0.45501 0.59305
f 2261/8638 2267/8639 2274/8640
vt 0.45473 0.59146
vt 0.45352 0.59059
f 2250/8641 2261/8638 2260/8642
vt 0.98169 0.89971
vt 0.98139 0.90029
vt 0.98152 0.89982
f 2290/8643 2254/8644 2269/8645
vt 0.60555 0.34561
f 2218/8269 2387/8646 2291/8270
f 2261/8638 2250/8641 2267/8639
vt 0.03860 0.25940
vt 0.03945 0.25999
f 2247/8647 2280/8303 2358/8648
vt 0.37478 0.71104
f 2129/8186 2346/8649 2075/8187
vt 0.62696 0.66445
vt 0.62509 0.66402
vt 0.62689 0.65861
f 2257/8650 2265/8651 2334/8652
vt 0.27969 0.20295
vt 0.27932 0.20446
f 2232/8653 2309/8654 2302/8583
vt 0.45560 0.59244
f 2250/8641 2318/8655 2274/8640
vt 0.45483 0.59250
f 2250/8641 2274/8640 2275/8656
vt 0.99227 0.48417
vt 0.99227 0.48467
vt 0.99202 0.48456
f 2250/8657 2275/8658 2267/8659
vt 0.30590 0.39343
f 2228/8497 2389/8517 2335/8660
f 1983/7703 2354/8394 2248/7898
vt 0.96815 0.14180
f 2253/8593 2332/8661 2269/8594
vt 0.36627 0.08058
f 2221/8396 2259/8662 2262/8373
vt 0.97380 0.31186
vt 0.97413 0.31148
vt 0.97444 0.31226
f 2290/8663 2269/8664 2306/8665
vt 0.98001 0.77052
f 2269/8579 2254/8666 2235/8580
vt 0.92636 0.22494
vt 0.92681 0.22601
vt 0.92515 0.22754
f 2250/8667 2260/8668 2318/8669
f 2075/8187 2346/8649 2361/8468
vt 0.55572 0.01498
f 2357/8562 2367/8670 2234/8360
vt 0.59698 0.64723
vt 0.59522 0.64974
f 2281/8512 2228/8671 2315/8672
vt 0.74906 0.18221
vt 0.75008 0.17734
f 2247/8476 2258/8673 2266/8674
vt 0.49589 0.88295
f 2287/8620 2224/8675 2215/8621
vt 0.90574 0.32399
f 2298/8568 2278/8567 2314/8676
vt 0.36759 0.07973
vt 0.36716 0.08092
f 2221/8396 2256/8677 2286/8678
f 2221/8396 2286/8678 2259/8662
vt 0.37805 0.08320
f 2298/8460 2340/8679 2230/8435
vt 0.41007 0.40682
f 2223/8388 2408/8680 2284/8563
vt 0.59454 0.64016
f 2194/8144 2281/8512 2277/8681
vt 0.49522 0.87680
vt 0.49932 0.87706
f 2240/8619 2157/8682 2272/8683
vt 0.74847 0.06190
f 2217/8627 2341/8629 2389/8684
f 2238/8571 2285/8535 2256/8677
vt 0.35764 0.84519
vt 0.35845 0.84529
vt 0.35764 0.84631
f 2220/8685 2288/8686 2405/8687
f 2215/8621 2157/8682 2240/8619
vt 0.03932 0.25871
f 2280/8303 2266/8688 2358/8648
vt 0.49354 0.42662
f 2212/8188 2464/8689 2279/8564
vt 0.92579 0.22775
vt 0.92642 0.22738
f 2275/8690 2260/8668 2267/8691
vt 0.60764 0.35120
vt 0.60667 0.34890
f 2149/8692 2387/8693 2218/8269
vt 0.79909 0.55314
f 2272/8615 2157/8694 2321/8616
f 2325/8409 2213/6923 2271/8349
vt 0.42464 0.59465
f 2246/8632 2256/8631 2350/8695
f 2275/8690 2318/8669 2260/8668
vt 0.56107 0.02082
f 2219/8561 2300/8696 2357/8562
vt 0.04020 0.26799
f 2264/8258 2319/8558 2328/8697
vt 0.59572 0.96107
vt 0.59557 0.96007
vt 0.59598 0.95930
f 2317/8698 2331/8699 2261/8700
vt 0.49968 0.35528
vt 0.49607 0.34957
f 2263/8397 2369/8701 2099/8702
vt 0.61769 0.26531
f 2222/8496 2268/8703 2280/8557
vt 0.96517 0.90158
vt 0.96471 0.90022
vt 0.96598 0.90097
f 2231/8704 2245/8705 2332/8706
vt 0.96041 0.00199
vt 0.95911 0.00172
vt 0.96033 0.00039
f 2245/8707 2374/8708 2332/8709
vt 0.97464 0.31168
f 2269/8664 2332/8710 2306/8665
vt 0.45487 0.59503
f 2261/8638 2274/8640 2317/8711
vt 0.42467 0.59330
f 2246/8632 2350/8695 2285/8712
f 2223/8388 2311/8489 2408/8680
vt 0.36607 0.23411
vt 0.36607 0.23694
vt 0.36434 0.23386
f 2288/8713 2294/8714 2308/8715
vt 0.92621 0.22772
vt 0.92630 0.22868
f 2274/8716 2331/8717 2275/8690
f 2267/8691 2260/8668 2331/8717
f 2267/8691 2331/8717 2274/8716
vt 0.40798 0.01340
f 2279/8551 2401/8718 2233/8212
vt 0.36686 0.08169
f 2259/8662 2312/8719 2262/8373
vt 0.42639 0.59506
vt 0.42601 0.59560
f 2350/8695 2259/8720 2286/8721
vt 0.92702 0.22760
f 2260/8668 2261/8722 2331/8717
vt 0.36201 0.24358
vt 0.36526 0.23723
f 2103/7812 2415/8723 2294/8724
vt 0.56932 0.21202
vt 0.56990 0.21315
vt 0.56836 0.21377
f 2274/8725 2318/8726 2317/8727
vt 0.51891 0.37023
f 2255/8294 2351/8728 2271/8370
vt 0.25639 0.19325
f 2354/8394 2431/8729 2248/7898
f 2349/8636 2177/8048 2307/8581
vt 0.46918 0.21909
vt 0.47132 0.22440
f 2244/8730 2277/8428 2282/8731
vt 0.90532 0.32528
vt 0.90503 0.32641
f 2298/8568 2303/8732 2340/8733
vt 0.52793 0.76820
vt 0.53141 0.76670
f 2270/8734 2184/8430 2226/8735
vt 0.82113 0.51703
vt 0.81890 0.51632
vt 0.82055 0.51260
f 2234/8736 2336/8737 2251/8738
vt 0.47536 0.22775
vt 0.47337 0.22875
f 2277/8428 2281/8739 2341/8740
vt 0.52613 0.76183
f 2121/8431 2184/8430 2295/8741
vt 0.06931 0.24777
vt 0.06724 0.24876
vt 0.06815 0.24268
f 2236/8742 2310/8743 2130/8744
vt 0.36453 0.08444
vt 0.36351 0.08653
f 2262/8373 2332/8745 2345/8746
vt 0.78869 0.80954
vt 0.78694 0.80755
vt 0.78738 0.80560
f 2220/8747 2405/8748 2444/8749
vt 0.98836 0.26648
vt 0.98836 0.26744
vt 0.98806 0.26681
f 2232/8750 2338/8751 2309/8752
vt 0.61507 0.26370
vt 0.61582 0.26553
f 2280/8753 2268/8703 2319/8754
vt 0.37354 0.08374
vt 0.37323 0.08997
f 2241/8755 2230/8435 2356/8756
vt 0.81630 0.92326
vt 0.81570 0.92276
vt 0.81668 0.92097
f 2327/8757 2283/8758 2404/8759
vt 0.49958 0.42889
f 2212/8188 2227/8760 2464/8689
vt 0.42165 0.59299
f 2285/8712 2350/8695 2375/8761
vt 0.40659 0.39450
f 2311/8489 2301/8488 2293/8762
vt 0.28002 0.21433
f 2237/8335 2327/8763 2338/8336
vt 0.70121 0.90488
vt 0.70094 0.90167
vt 0.70175 0.90318
f 2299/8764 2321/8765 2102/8766
vt 0.61866 0.27107
vt 0.61639 0.26729
f 2268/8703 2325/8767 2328/8768
vt 0.74713 0.70367
vt 0.74842 0.70635
vt 0.74710 0.70784
f 2309/8769 2338/8770 2344/8771
vt 0.40681 0.39078
f 2249/8110 2293/8772 2301/8295
vt 0.40611 0.38867
f 2249/8110 2361/8773 2293/8772
vt 0.08604 0.59652
f 2334/8586 2252/8585 2337/8774
vt 0.63119 0.43780
f 2105/8104 2376/8472 2457/8775
vt 0.37169 0.07914
f 2285/8535 2375/8776 2256/8677
vt 0.37824 0.07883
vt 0.38045 0.07677
vt 0.37911 0.07931
f 2314/8777 2278/8778 2303/8779
vt 0.59442 0.64553
f 2281/8512 2315/8672 2341/8780
vt 0.02922 0.63353
vt 0.02945 0.62988
f 2011/8781 2249/8490 2204/8782
vt 0.96302 0.38146
vt 0.96340 0.38303
vt 0.96263 0.38264
f 2247/8783 2319/8784 2258/8785
vt 0.30359 0.39179
vt 0.30373 0.39360
f 2228/8786 2335/8660 2315/8787
vt 0.36630 0.08309
f 2262/8373 2312/8719 2306/8788
vt 0.80337 0.60589
f 1997/7701 2224/8789 2287/8354
vt 0.95927 0.00073
f 2374/8708 2316/8790 2332/8709
vt 0.37796 0.07965
f 2314/8777 2303/8779 2297/8791
vt 0.38444 0.28110
vt 0.38568 0.27532
f 2355/8792 2140/8793 2296/8521
vt 0.38040 0.08196
f 2278/8778 2302/8794 2303/8779
vt 0.37152 0.08388
f 2256/8677 2379/8795 2286/8678
vt 0.99373 0.73769
vt 0.99398 0.73794
vt 0.99373 0.73803
f 2303/8796 2298/8797 2297/8798
f 2262/8373 2306/8788 2332/8745
f 2277/8428 2341/8740 2282/8731
vt 0.56952 0.21430
vt 0.56774 0.21520
f 2317/8727 2318/8799 2322/8800
vt 0.11755 0.06050
f 2369/8801 2263/8536 2427/8506
vt 0.52012 0.24935
f 2291/8549 2387/8802 2300/8595
vt 0.52576 0.76354
f 2184/8430 2270/8734 2295/8803
f 2286/8678 2379/8795 2312/8719
vt 0.61498 0.25649
vt 0.61535 0.26071
vt 0.61478 0.26015
f 2266/8804 2258/8805 2358/8806
vt 0.42606 0.59629
f 2286/8721 2312/8807 2350/8695
vt 0.98737 0.51610
vt 0.98696 0.51627
vt 0.98706 0.51556
f 2275/8808 2331/8809 2318/8810
vt 0.23549 0.41684
f 2130/8555 2310/8811 2292/8556
vt 0.27786 0.20691
vt 0.27559 0.20671
f 2302/8583 2309/8812 2348/8813
vt 0.96410 0.38240
f 2247/8783 2358/8814 2319/8784
vt 0.47640 0.01238
vt 0.47876 0.00649
vt 0.48160 0.01057
f 2276/8815 2214/8816 2336/8817
vt 0.34346 0.91886
vt 0.34171 0.92067
vt 0.34177 0.91947
f 2255/8818 2326/8819 2351/8820
f 2031/7318 2295/7529 2270/8197
vt 0.16713 0.57520
f 2236/8518 2208/8380 2305/8821
vt 0.47237 0.41375
vt 0.46985 0.40890
f 2342/8822 2364/8605 2183/8823
vt 0.37827 0.08349
f 2302/8794 2340/8824 2303/8779
vt 0.11533 0.07119
vt 0.12011 0.07313
f 2323/8825 2366/8384 2390/8826
f 2248/7898 2431/8729 2305/8533
f 2256/8677 2375/8776 2379/8795
vt 0.80100 0.55413
f 2321/8616 2157/8694 2324/8827
f 2249/8490 2304/8315 2204/8782
vt 0.70192 0.89974
vt 0.70120 0.89967
f 2196/8828 2321/8765 2324/8829
vt 0.30117 0.40917
vt 0.30158 0.40723
vt 0.30261 0.41006
f 2283/8830 2265/8831 2446/8832
vt 0.42330 0.60093
f 2350/8695 2312/8807 2417/8833
f 2103/7812 2411/8553 2415/8723
vt 0.30153 0.41057
f 2283/8830 2446/8832 2404/8834
vt 0.48149 0.00334
f 2214/8816 2273/8835 2336/8817
vt 0.45484 0.59698
vt 0.45555 0.59685
vt 0.45503 0.59760
f 2314/8836 2322/8837 2298/8838
vt 0.96433 0.06038
vt 0.96373 0.06086
vt 0.96434 0.05996
f 2314/8839 2297/8840 2320/8841
vt 0.78914 0.72704
f 2346/8462 2220/8256 2397/8842
vt 0.45508 0.59815
f 2298/8838 2322/8837 2297/8843
vt 0.35965 0.23537
vt 0.36361 0.23366
f 2294/8724 2458/8844 2308/8845
vt 0.45596 0.59916
f 2322/8837 2343/8846 2297/8843
vt 0.40665 0.39653
f 2311/8489 2293/8847 2408/8680
vt 0.42620 0.59713
f 2312/8807 2290/8848 2417/8833
vt 0.45630 0.59870
f 2322/8837 2363/8849 2343/8846
vt 0.36563 0.08802
vt 0.36714 0.09173
f 2374/8850 2245/8618 2352/8851
vt 0.45821 0.60250
vt 0.45814 0.60029
f 2353/8852 2343/8846 2370/8853
vt 0.56109 0.02476
f 2300/8696 2392/8854 2357/8562
vt 0.99228 0.65452
vt 0.99202 0.65452
vt 0.99228 0.65404
f 2322/8855 2331/8856 2317/8857
vt 0.42655 0.59829
f 2290/8848 2306/8858 2417/8833
vt 0.98824 0.12677
vt 0.98808 0.12633
vt 0.98855 0.12634
f 2314/8859 2320/8860 2705/8861
vt 0.26818 0.21009
vt 0.26518 0.21118
f 2262/8569 2345/8862 2384/8863
vt 0.47473 0.02123
vt 0.47158 0.01784
f 2276/8815 2398/8864 2368/8865
vt 0.11749 0.07659
f 2329/8866 2323/8825 2390/8826
vt 0.06998 0.25785
vt 0.06746 0.25812
vt 0.06976 0.25390
f 2339/8867 2416/8868 2305/8869
f 2264/8258 2328/8697 2307/8581
vt 0.99453 0.01794
vt 0.99431 0.01771
vt 0.99453 0.01761
f 2343/8870 2363/8871 2370/8872
vt 0.98495 0.66696
vt 0.98444 0.66752
vt 0.98444 0.66713
f 2322/8873 2705/8874 2331/8875
vt 0.96397 0.05940
f 2320/8841 2297/8840 2432/8876
vt 0.45668 0.60050
f 2353/8852 2391/8877 2343/8846
vt 0.78963 0.80325
f 2444/8749 2397/8878 2220/8747
f 2306/8788 2312/8719 2379/8795
vt 0.96228 0.08216
vt 0.96143 0.08247
vt 0.96135 0.08131
f 2316/8879 2374/8880 2377/8881
vt 0.04045 0.26493
vt 0.04185 0.26407
vt 0.04063 0.26770
f 2319/8882 2380/8883 2328/8884
vt 0.93645 0.07790
vt 0.93648 0.07968
vt 0.93603 0.07802
f 2343/8885 2391/8886 2333/8887
vt 0.49664 0.36111
f 2099/8702 2369/8701 2366/8888
vt 0.56841 0.21580
f 2318/8799 2363/8889 2322/8800
vt 0.38892 0.28213
f 2296/8521 2329/8637 2399/8890
vt 0.63946 0.98320
vt 0.63975 0.98307
vt 0.63982 0.98385
f 2316/8891 2347/8892 2332/8893
f 2262/8569 2384/8863 2359/8546
vt 0.98140 0.49825
vt 0.98178 0.49850
vt 0.98128 0.49897
f 2363/8894 2333/8895 2370/8896
vt 0.36575 0.08700
vt 0.36578 0.08831
f 2316/8897 2377/8898 2345/8746
vt 0.37556 0.09028
f 2230/8435 2381/8899 2356/8756
vt 0.54020 0.96698
vt 0.53926 0.96803
vt 0.53932 0.96653
f 2319/8900 2268/8901 2258/8902
vt 0.71826 0.21849
vt 0.71743 0.22226
vt 0.71737 0.21500
f 2360/8903 2337/8904 2252/8905
f 2294/8724 2415/8723 2458/8844
f 2168/8393 2359/8546 2354/8394
vt 0.98128 0.30076
vt 0.98173 0.30090
vt 0.98146 0.30175
f 2344/8906 2338/8907 2478/8908
vt 0.37866 0.09133
f 2302/8794 2348/8909 2340/8824
vt 0.24659 0.96837
vt 0.24567 0.96845
vt 0.24613 0.96708
f 2358/8910 2258/8911 2385/8912
f 2305/8869 2310/8743 2236/8742
vt 0.42673 0.60110
f 2417/8833 2306/8858 2373/8913
vt 0.36856 0.09046
f 2245/8618 2241/8582 2352/8914
vt 0.62757 0.43760
f 2457/8775 2434/8915 2105/8104
vt 0.81932 0.52078
f 2234/8736 2388/8916 2336/8737
vt 0.96271 0.06091
f 2297/8840 2343/8917 2432/8876
vt 0.82630 0.09899
vt 0.82736 0.09632
vt 0.82804 0.10075
f 2308/8918 2405/8919 2288/8920
f 2305/8869 2416/8868 2310/8743
vt 0.60471 0.35200
f 2149/8692 2442/8921 2387/8646
vt 0.42756 0.60006
f 2373/8913 2306/8858 2347/8922
vt 0.28076 0.94731
vt 0.28181 0.94951
vt 0.28061 0.94957
f 2318/8923 2331/8924 2363/8925
vt 0.62464 0.66916
f 2265/8651 2257/8650 2446/8926
vt 0.76795 0.08687
vt 0.76751 0.08814
vt 0.76768 0.08441
f 2251/8927 2336/8928 2273/8929
vt 0.75096 0.18518
vt 0.75081 0.18681
vt 0.74937 0.18506
f 2268/8930 2328/8931 2380/8932
vt 0.12102 0.05824
f 2369/8801 2427/8506 2435/8933
vt 0.56727 0.21694
vt 0.56858 0.21823
vt 0.56655 0.21754
f 2333/8934 2449/8935 2343/8936
vt 0.78726 0.72826
f 2365/8937 2346/8462 2397/8842
vt 0.27641 0.21026
vt 0.27542 0.20890
f 2309/8812 2344/8938 2395/8939
vt 0.45524 0.60124
vt 0.45368 0.59714
f 2343/8846 2372/8940 2432/8941
vt 0.04050 0.28153
f 2255/8635 2349/8636 2326/8942
vt 0.08274 0.60032
f 2334/8586 2337/8774 2257/8943
vt 0.37297 0.70738
f 2361/8468 2346/8649 2365/8944
vt 0.50871 0.40338
vt 0.50594 0.40284
f 2183/8305 2416/8945 2342/8946
vt 0.50856 0.41290
vt 0.50412 0.41050
f 2342/8946 2445/8947 2362/8948
vt 0.06982 0.26251
f 2339/8867 2394/8949 2416/8868
vt 0.37819 0.08474
vt 0.37653 0.08896
f 2230/8435 2340/8950 2381/8951
f 2268/8930 2380/8932 2258/8673
vt 0.36557 0.08588
f 2332/8745 2347/8952 2345/8746
vt 0.55921 0.02433
f 2357/8562 2392/8854 2424/8953
f 2296/8521 2399/8890 2355/8792
vt 0.40249 0.03425
f 2289/7957 2452/8954 2227/8318
vt 0.97263 0.05415
vt 0.97256 0.05312
vt 0.97319 0.05277
f 2319/8955 2358/8956 2380/8957
vt 0.82102 0.52396
f 2234/8736 2367/8958 2388/8916
vt 0.56906 0.21580
f 2363/8959 2449/8935 2333/8934
vt 0.56554 0.21943
f 2372/8960 2343/8936 2449/8935
vt 0.08733 0.59566
vt 0.08897 0.59400
f 2360/8961 2252/8596 2433/8962
vt 0.61532 0.27112
f 2328/8768 2325/8767 2307/8963
f 2368/8547 2433/8962 2252/8596
vt 0.42063 0.59492
f 2350/8695 2417/8833 2375/8964
vt 0.50913 0.39785
f 2183/8305 2310/8965 2416/8945
vt 0.37272 0.70481
f 2293/8966 2361/8468 2365/8944
vt 0.36340 0.25539
f 2105/8447 2434/8967 2411/8553
vt 0.66614 0.99377
vt 0.66596 0.99412
vt 0.66596 0.99362
f 2316/8968 2373/8969 2347/8970
vt 0.42774 0.60066
vt 0.42841 0.60140
f 2316/8971 2345/8972 2373/8913
vt 0.49607 0.42982
f 2227/8760 2511/8973 2464/8689
f 2183/8305 2292/8554 2310/8965
vt 0.56637 0.21952
f 2372/8960 2449/8935 2391/8974
vt 0.73498 0.76080
vt 0.73680 0.75877
vt 0.73453 0.76379
f 2353/8975 2370/8976 2429/8977
vt 0.98856 0.84776
vt 0.98808 0.84776
vt 0.98840 0.84721
f 2348/8978 2381/8979 2340/8980
vt 0.45641 0.60161
vt 0.45727 0.60714
f 2391/8981 2353/8852 2400/8982
vt 0.45891 0.60697
f 2353/8852 2429/8983 2400/8982
vt 0.36697 0.08794
f 2347/8952 2306/8788 2481/8984
vt 0.47826 0.01918
f 2276/8815 2367/8985 2398/8864
vt 0.27830 0.20946
vt 0.27800 0.21422
vt 0.27685 0.21208
f 2338/8986 2327/8987 2393/8988
vt 0.79022 0.73030
vt 0.78766 0.73199
f 2365/8937 2423/8989 2293/8990
f 2347/8952 2481/8984 2345/8746
vt 0.51497 0.24749
f 2300/8595 2387/8802 2392/8991
vt 0.36343 0.09470
vt 0.36479 0.09020
f 2352/8851 2440/8992 2374/8993
vt 0.47271 0.42143
vt 0.46825 0.41770
f 2342/8822 2362/8994 2330/8995
f 2309/8812 2395/8939 2348/8813
vt 0.48488 0.70434
vt 0.48505 0.70660
vt 0.48357 0.70573
f 2333/8996 2391/8997 2370/8998
f 2365/8937 2397/8842 2423/8989
vt 0.95340 0.17417
vt 0.95221 0.17316
vt 0.95336 0.17292
f 2331/8999 2432/9000 2363/9001
vt 0.56539 0.22073
f 2372/8960 2391/8974 2400/9002
vt 0.16649 0.57946
vt 0.16826 0.57714
f 2339/9003 2305/8821 2431/9004
vt 0.51732 0.37004
vt 0.51817 0.36809
vt 0.51895 0.36964
f 2349/9005 2426/9006 2351/9007
vt 0.42774 0.60223
f 2345/8972 2481/9008 2373/8913
vt 0.59674 0.65274
vt 0.59475 0.65797
f 2335/9009 2378/9010 2315/8672
vt 0.55110 0.95021
vt 0.55028 0.95039
vt 0.54993 0.94965
f 2351/9011 2326/9012 2349/9013
vt 0.04282 0.27728
f 2349/8636 2307/8581 2426/9014
vt 0.40722 0.01673
vt 0.40550 0.01747
f 2401/8718 2279/9015 2464/9016
vt 0.51559 0.25063
f 2387/8802 2461/9017 2392/8991
vt 0.45198 0.59826
f 2432/8941 2372/8940 2368/9018
vt 0.80457 0.10590
vt 0.80746 0.10482
vt 0.80496 0.10809
f 2405/9019 2308/9020 2450/9021
vt 0.40839 0.41474
f 2284/8563 2408/8680 2376/9022
vt 0.25810 0.19968
f 2371/9023 2431/8729 2354/8394
vt 0.48111 0.01585
f 2276/8815 2336/8817 2388/9024
vt 0.41097 0.39745
f 2293/8847 2423/9025 2408/8680
vt 0.40243 0.03053
f 2452/8954 2421/9026 2227/8318
vt 0.55611 0.01651
f 2357/8562 2382/9027 2367/8670
vt 0.44575 0.59764
vt 0.44700 0.60237
f 2355/9028 2425/9029 2313/7968
vt 0.44505 0.61085
f 2452/8542 2313/7968 2465/9030
vt 0.41971 0.59751
f 2417/8833 2370/9031 2375/8964
vt 0.47711 0.23327
vt 0.47545 0.23556
f 2341/8740 2315/9032 2475/9033
vt 0.45438 0.60649
f 2372/8940 2400/8982 2433/9034
vt 0.05616 0.93436
vt 0.05662 0.93712
vt 0.05562 0.93724
f 2383/9035 2357/9036 2407/9037
vt 0.98036 0.71963
vt 0.98076 0.72041
vt 0.98043 0.72006
f 2373/9038 2481/9039 2377/9040
vt 0.26004 0.20109
vt 0.26058 0.19647
f 2354/8394 2512/9041 2371/9042
vt 0.81996 0.52563
f 2367/8958 2422/9043 2388/8916
f 2354/8394 2359/8546 2512/9041
vt 0.48057 0.02082
f 2367/8985 2276/8815 2467/9044
vt 0.04070 0.26144
vt 0.04259 0.26019
vt 0.04234 0.26305
f 2358/9045 2385/9046 2380/9047
vt 0.36440 0.09114
vt 0.36317 0.08946
f 2345/8746 2428/9048 2410/9049
vt 0.95969 0.32610
vt 0.95926 0.32754
vt 0.95896 0.32622
f 2432/9050 2368/9051 2462/9052
vt 0.60564 0.35406
vt 0.60498 0.35380
f 2149/9053 2401/9054 2442/8921
vt 0.55849 0.02276
f 2424/8953 2402/9055 2357/8562
f 2345/8746 2377/8898 2428/9048
vt 0.63693 0.71407
vt 0.63132 0.71308
vt 0.63618 0.71004
f 2308/9056 2501/9057 2450/9058
vt 0.61834 0.27652
vt 0.61541 0.27587
f 2271/9059 2426/9060 2325/8767
vt 0.30681 0.39838
vt 0.30287 0.40163
f 2335/8660 2443/9061 2378/9062
vt 0.65247 0.31387
vt 0.65271 0.31683
vt 0.65096 0.31248
f 2370/9063 2379/9064 2375/9065
f 2445/8947 2342/8946 2416/8945
f 2368/9018 2372/8940 2433/9034
vt 0.42750 0.60334
f 2373/8913 2377/9066 2417/8833
vt 0.95048 0.21668
vt 0.95121 0.21779
vt 0.94985 0.21830
f 2351/9067 2426/9068 2451/9069
vt 0.08550 0.60184
f 2257/8943 2337/8774 2393/9070
f 2342/8822 2330/8995 2364/8605
vt 0.11743 0.04807
f 2427/8506 2364/8505 2330/9071
f 2379/8795 2481/8984 2306/8788
vt 0.20336 0.36291
vt 0.20266 0.36454
vt 0.20217 0.36314
f 2374/9072 2440/9073 2474/9074
f 2276/8815 2388/9024 2467/9044
vt 0.75038 0.06775
vt 0.74725 0.06507
f 2389/8684 2475/9075 2335/9076
vt 0.49989 0.36490
f 2369/8701 2453/9077 2366/8888
vt 0.96825 0.78444
vt 0.96881 0.78537
vt 0.96811 0.78512
f 2367/9078 2406/9079 2422/9080
vt 0.36559 0.08864
f 2377/8898 2481/9081 2428/9048
f 2307/8963 2325/8767 2426/9060
vt 0.27579 0.21452
f 2327/8987 2455/9082 2393/8988
vt 0.96789 0.78530
vt 0.96793 0.78551
f 2357/9083 2422/9080 2382/9084
vt 0.55630 0.01713
vt 0.55595 0.01658
f 2357/8562 2383/9085 2422/9086
vt 0.47671 0.02282
f 2398/8864 2367/8985 2386/9087
vt 0.63428 0.94994
vt 0.63331 0.94935
vt 0.63420 0.94900
f 2351/9088 2451/9089 2271/9090
vt 0.77025 0.35686
vt 0.76838 0.36074
vt 0.76863 0.35605
f 2356/9091 2484/9092 2241/9093
vt 0.37108 0.09452
f 2241/8582 2484/9094 2352/8914
vt 0.41918 0.59842
vt 0.41974 0.60190
f 2370/9095 2417/8833 2429/9096
vt 0.86439 0.97598
vt 0.86449 0.97664
vt 0.86413 0.97680
f 2377/9097 2374/9098 2474/9099
f 2422/9080 2406/9079 2382/9084
vt 0.96816 0.78593
f 2382/9084 2406/9079 2383/9100
vt 0.93629 0.01751
vt 0.93681 0.02076
vt 0.93576 0.01951
f 2383/9101 2407/9102 2386/9103
vt 0.47768 0.02056
f 2382/9104 2386/9087 2367/8985
vt 0.62611 0.66925
f 2257/8650 2455/9105 2446/8926
vt 0.47329 0.23203
f 2341/8740 2475/9033 2389/9106
vt 0.25630 0.18994
vt 0.25580 0.19278
f 2339/9107 2431/8729 2394/9108
vt 0.81902 0.52374
f 2422/9043 2467/9109 2388/8916
vt 0.94783 0.84557
vt 0.94823 0.84769
vt 0.94721 0.84816
f 2327/9110 2404/9111 2455/9112
vt 0.08611 0.59765
vt 0.08769 0.60012
f 2337/9113 2360/8961 2395/9114
vt 0.74853 0.71114
vt 0.74741 0.71074
f 2478/9115 2395/9116 2344/8771
vt 0.39847 0.03872
vt 0.39824 0.03573
f 2452/8954 2465/9117 2479/9118
vt 0.81672 0.16094
vt 0.81587 0.16607
vt 0.81246 0.16288
f 2399/9119 2329/9120 2558/9121
vt 0.27622 0.21030
f 2338/8986 2393/8988 2478/9122
vt 0.76984 0.50091
vt 0.76950 0.50202
vt 0.76957 0.50135
f 2402/9123 2424/9124 2439/9125
vt 0.50425 0.41884
f 2362/8948 2445/8947 2438/9126
vt 0.80607 0.48543
vt 0.80484 0.48594
vt 0.80577 0.48453
f 2383/9127 2386/9128 2382/9129
vt 0.74782 0.07058
f 2443/9130 2335/9076 2475/9075
vt 0.47112 0.02575
f 2398/8864 2396/9131 2368/8865
vt 0.83594 0.61911
vt 0.83548 0.62291
vt 0.83484 0.61805
f 2348/9132 2436/9133 2381/9134
vt 0.59330 0.65269
vt 0.59376 0.65095
f 2315/8672 2472/9135 2475/9136
vt 0.26705 0.21452
f 2345/8862 2410/9137 2384/8863
vt 0.05638 0.93919
f 2357/9036 2402/9138 2407/9037
vt 0.63474 0.71394
vt 0.63290 0.71562
f 2308/9139 2458/9140 2501/9057
vt 0.56196 0.02941
f 2392/8854 2461/9141 2424/8953
vt 0.47903 0.01988
f 2367/8985 2467/9044 2406/9142
vt 0.50124 0.43338
vt 0.49885 0.43199
f 2227/8760 2421/9143 2414/9144
vt 0.82869 0.09271
vt 0.82939 0.09360
f 2405/8919 2489/9145 2444/9146
vt 0.71881 0.22470
vt 0.71582 0.22848
f 2395/9147 2526/9148 2337/8904
vt 0.96850 0.78657
f 2383/9100 2406/9079 2459/9149
vt 0.82063 0.52621
vt 0.82038 0.52738
f 2383/9150 2459/9151 2422/9043
vt 0.16457 0.58985
vt 0.16478 0.58906
vt 0.16699 0.59032
f 2363/9152 2432/9153 2413/9154
vt 0.48409 0.71245
f 2370/8998 2391/8997 2502/9155
vt 0.25451 0.20036
f 2431/8729 2371/9023 2413/9156
vt 0.42859 0.60757
f 2377/9066 2474/9157 2417/8833
vt 0.37329 0.09664
vt 0.37530 0.09536
f 2536/9158 2356/8756 2436/9159
vt 0.06729 0.26418
f 2394/8949 2500/9160 2416/8868
f 2315/8672 2378/9010 2472/9135
vt 0.05606 0.93969
vt 0.05594 0.94020
f 2402/9138 2412/9161 2409/9162
vt 0.05613 0.93950
f 2402/9138 2439/9163 2412/9161
vt 0.51547 0.25427
f 2461/9017 2387/8802 2505/9164
vt 0.16610 0.58367
vt 0.16704 0.58669
f 2432/9153 2394/9165 2431/9166
vt 0.46655 0.01789
vt 0.46790 0.01605
vt 0.46878 0.01782
f 2449/9167 2363/9168 2462/9169
vt 0.38021 0.09353
vt 0.37924 0.09601
f 2348/8909 2395/9170 2468/9171
vt 0.57361 0.97545
vt 0.57342 0.97599
vt 0.57318 0.97547
f 2407/9172 2412/9173 2439/9174
vt 0.05561 0.94059
f 2409/9162 2419/9175 2402/9138
vt 0.05556 0.93967
f 2402/9138 2419/9175 2407/9176
vt 0.55926 0.02735
vt 0.55888 0.02638
f 2461/9141 2447/9177 2460/9178
f 2461/9141 2460/9178 2424/8953
f 2356/8756 2381/8899 2436/9159
vt 0.12522 0.06456
vt 0.12025 0.06526
f 2369/8801 2403/9179 2453/9180
vt 0.71585 0.22548
f 2393/9181 2337/8904 2526/9148
vt 0.76936 0.50189
f 2439/9125 2424/9124 2420/9182
vt 0.66991 0.01229
vt 0.67365 0.00536
vt 0.67359 0.01234
f 2513/9183 2415/9184 2411/9185
vt 0.66749 0.00515
f 2415/9184 2513/9183 2441/9186
vt 0.44723 0.60726
f 2313/7968 2479/9187 2465/9030
f 2227/8760 2414/9144 2511/8973
vt 0.42483 0.60990
f 2417/8833 2474/9157 2516/9188
f 2432/9153 2431/9166 2413/9154
vt 0.67005 0.00174
f 2415/9184 2441/9186 2418/9189
vt 0.98984 0.53754
vt 0.98986 0.53771
vt 0.98957 0.53769
f 2412/9190 2424/9191 2409/9192
vt 0.49667 0.36955
f 2366/8888 2453/9077 2390/9193
vt 0.45990 0.61136
f 2429/8983 2430/9194 2400/8982
vt 0.46844 0.42515
f 2362/8994 2504/9195 2330/8995
vt 0.98987 0.53792
f 2409/9192 2424/9191 2486/9196
vt 0.05623 0.94059
f 2409/9162 2486/9197 2419/9175
vt 0.74801 0.18369
vt 0.74722 0.18013
f 2258/8673 2380/9198 2385/9199
vt 0.57395 0.97645
f 2407/9172 2419/9200 2412/9173
vt 0.63429 0.94793
vt 0.63317 0.94801
vt 0.63465 0.94737
f 2271/9201 2451/9202 2426/9203
f 2369/8801 2435/8933 2403/9179
vt 0.08851 0.60071
f 2360/8961 2476/9204 2395/9114
vt 0.65544 0.32034
vt 0.65347 0.31578
f 2502/9205 2379/9064 2370/9206
vt 0.07019 0.26857
vt 0.06731 0.26866
vt 0.07082 0.26743
f 2462/9207 2539/9208 2432/9209
vt 0.40248 0.02199
vt 0.40284 0.01912
f 2511/9210 2399/9211 2464/9016
vt 0.71933 0.22548
vt 0.71783 0.22827
f 2395/9212 2480/9213 2526/9148
vt 0.38098 0.09479
f 2395/9170 2476/9214 2468/9171
vt 0.67203 0.01771
f 2411/9185 2434/9215 2513/9183
vt 0.81986 0.52843
f 2422/9043 2459/9151 2456/9216
vt 0.76937 0.36438
f 2356/9091 2536/9217 2484/9092
vt 0.16565 0.59049
f 2363/9152 2413/9154 2462/9218
vt 0.35527 0.85057
vt 0.35642 0.84862
vt 0.35673 0.85360
f 2397/9219 2444/9220 2423/9221
vt 0.08371 0.60206
vt 0.08521 0.60460
f 2257/9222 2393/9070 2455/9223
vt 0.99549 0.37355
vt 0.99554 0.37344
vt 0.99559 0.37355
f 2424/9224 2412/9225 2420/9226
vt 0.45263 0.61003
vt 0.45332 0.61277
f 2360/9227 2433/9034 2476/9228
vt 0.27500 0.21163
vt 0.27332 0.21122
f 2395/8939 2478/9229 2480/9230
vt 0.69706 0.93503
vt 0.69731 0.93270
vt 0.69832 0.93361
f 2437/9231 2483/9232 2534/9233
vt 0.53757 0.81255
vt 0.53579 0.81429
vt 0.53493 0.81144
f 2418/9234 2441/9235 2551/9236
f 2313/7968 2425/9029 2479/9187
vt 0.83018 0.09178
vt 0.83129 0.09250
f 2444/9146 2489/9237 2423/9238
vt 0.96713 0.76266
vt 0.96641 0.76130
vt 0.96756 0.76137
f 2393/9239 2526/9240 2478/9241
vt 0.67263 0.00050
f 2415/9184 2418/9189 2458/9242
vt 0.93609 0.02294
f 2407/9102 2439/9243 2386/9103
vt 0.57329 0.97656
vt 0.57324 0.97639
f 2486/9244 2420/9245 2419/9200
f 2412/9173 2419/9200 2420/9245
vt 0.07260 0.27114
vt 0.07125 0.27545
vt 0.07157 0.27156
f 2368/9246 2396/9247 2462/9248
vt 0.80719 0.49174
vt 0.80704 0.49200
vt 0.80700 0.49118
f 2420/9249 2486/9250 2439/9251
vt 0.52133 0.25546
vt 0.51841 0.25915
f 2442/9252 2575/9253 2387/8802
vt 0.80371 0.11112
f 2405/9019 2450/9021 2489/9254
f 2394/8949 2432/9209 2500/9160
vt 0.81886 0.52833
f 2422/9043 2456/9216 2467/9255
f 2387/8802 2575/9253 2505/9164
vt 0.50002 0.36881
f 2453/9077 2454/9256 2390/9193
vt 0.42060 0.60772
f 2429/9096 2417/8833 2430/9257
vt 0.56741 0.22552
vt 0.56658 0.22079
f 2449/8935 2690/9258 2391/9259
vt 0.11942 0.05224
f 2427/8506 2504/9260 2435/8933
vt 0.50726 0.42288
f 2445/8947 2488/9261 2438/9126
f 2427/8506 2330/9071 2504/9260
vt 0.62847 0.44130
f 2434/8915 2457/8775 2541/9262
vt 0.37676 0.09599
vt 0.37694 0.09231
f 2436/9263 2348/9264 2468/9171
vt 0.12267 0.07644
vt 0.12002 0.07833
f 2390/8826 2558/9265 2329/9266
vt 0.36522 0.09347
f 2428/9048 2481/8984 2474/9267
vt 0.77004 0.50354
vt 0.76944 0.50450
vt 0.76951 0.50266
f 2424/9268 2460/9269 2486/9270
vt 0.57169 0.21556
vt 0.57216 0.21723
vt 0.56937 0.22203
f 2371/9271 2512/9272 2523/9273
vt 0.55878 0.02906
f 2447/9177 2461/9141 2471/9274
vt 0.48601 0.70833
vt 0.48723 0.71481
f 2391/9275 2514/9276 2502/9155
vt 0.30733 0.40491
f 2378/9062 2443/9061 2448/9277
vt 0.47389 0.42939
f 2362/8994 2438/9278 2504/9195
vt 0.41446 0.41298
f 2408/8680 2566/9279 2376/9022
vt 0.46885 0.02411
f 2462/9169 2396/9280 2449/9167
vt 0.47181 0.43124
vt 0.46957 0.43166
f 2438/9278 2386/9281 2530/9282
vt 0.80410 0.48780
vt 0.80647 0.49132
vt 0.80431 0.49215
f 2386/9283 2439/9284 2521/9285
vt 0.62907 0.44392
f 2457/8775 2498/9286 2541/9262
vt 0.47939 0.02396
vt 0.47930 0.02102
f 2459/9287 2406/9288 2467/9044
vt 0.41237 0.41909
f 2376/9022 2566/9279 2457/9289
vt 0.36295 0.09305
f 2428/9048 2474/9267 2410/9290
vt 0.80590 0.49374
f 2439/9284 2486/9291 2521/9285
vt 0.94811 0.84897
f 2404/9111 2446/9292 2455/9112
vt 0.56524 0.22743
f 2391/9259 2690/9258 2514/9293
f 2438/9278 2530/9282 2504/9195
f 2500/9160 2432/9209 2539/9208
vt 0.41183 0.39738
vt 0.41263 0.39952
f 2408/8680 2423/9294 2492/9295
vt 0.45787 0.61399
f 2430/9194 2436/9296 2400/8982
vt 0.40433 0.01181
f 2401/8718 2464/9016 2442/9297
vt 0.92254 0.01139
vt 0.92276 0.01182
vt 0.92238 0.01318
f 2433/9298 2400/9299 2476/9300
vt 0.38664 0.28700
vt 0.38192 0.28635
f 2355/8792 2511/9301 2425/9302
vt 0.27245 0.21208
f 2478/9229 2525/9303 2480/9230
vt 0.20175 0.36661
vt 0.20019 0.36963
vt 0.19926 0.36752
f 2440/9304 2509/9305 2482/9306
vt 0.46520 0.02673
f 2449/9167 2396/9280 2690/9307
vt 0.16611 0.59183
f 2462/9218 2413/9154 2596/9308
vt 0.36844 0.09857
vt 0.36885 0.09190
f 2484/9094 2506/9309 2352/9310
vt 0.25722 0.21120
f 2359/8546 2384/8863 2546/9311
vt 0.50978 0.40920
f 2445/8947 2416/8945 2500/9312
vt 0.47285 0.02995
f 2396/9131 2398/8864 2495/9313
vt 0.40186 0.02902
vt 0.39967 0.02937
f 2421/9314 2452/8954 2425/9315
vt 0.76959 0.50567
vt 0.76882 0.50520
f 2460/9269 2447/9316 2466/9317
vt 0.76858 0.50508
f 2460/9269 2466/9317 2463/9318
vt 0.95011 0.65674
vt 0.95055 0.65691
vt 0.94980 0.65705
f 2460/9319 2463/9320 2490/9321
vt 0.20072 0.36622
vt 0.20009 0.36682
f 2474/9322 2440/9304 2482/9323
vt 0.36310 0.09517
f 2474/9267 2482/9324 2410/9290
vt 0.36732 0.09810
f 2352/8851 2506/9325 2440/8992
vt 0.65377 0.32023
f 2502/9205 2543/9326 2379/9064
vt 0.76834 0.10223
vt 0.76802 0.10234
vt 0.76716 0.09848
f 2456/9327 2497/9328 2467/9329
vt 0.76800 0.50571
f 2469/9330 2463/9318 2466/9317
vt 0.76869 0.50547
f 2469/9330 2466/9317 2470/9331
vt 0.76792 0.50046
vt 0.76836 0.50257
vt 0.76677 0.50166
f 2456/9332 2496/9333 2497/9334
vt 0.41356 0.39619
f 2423/9294 2489/9335 2492/9295
vt 0.50503 0.91987
vt 0.50405 0.92268
vt 0.50326 0.91800
f 2458/9336 2418/9337 2485/9338
vt 0.63326 0.70896
f 2450/9058 2501/9057 2507/9339
vt 0.37088 0.09336
f 2481/8984 2379/8795 2543/9340
vt 0.76875 0.50577
f 2469/9330 2470/9331 2487/9341
vt 0.45462 0.61284
f 2436/9296 2476/9342 2400/8982
vt 0.39972 0.02549
vt 0.39831 0.02919
f 2414/9343 2421/9314 2553/9344
vt 0.47676 0.02651
f 2398/8864 2386/9087 2535/9345
vt 0.75021 0.07051
f 2475/9075 2472/9346 2443/9130
vt 0.48108 0.02875
vt 0.47974 0.02645
f 2459/9287 2529/9347 2456/9348
vt 0.35515 0.23264
vt 0.35882 0.23221
f 2458/8844 2533/9349 2501/9350
vt 0.95015 0.65709
vt 0.95024 0.65736
f 2466/9351 2490/9321 2470/9352
vt 0.76901 0.50539
f 2466/9317 2447/9316 2473/9353
vt 0.94996 0.65729
f 2466/9351 2473/9354 2490/9321
vt 0.50000 0.37284
f 2390/9193 2454/9256 2499/9355
f 2490/9321 2463/9320 2470/9352
vt 0.06717 0.27325
f 2462/9207 2596/9356 2539/9208
vt 0.95028 0.65744
f 2463/9320 2477/9357 2470/9352
vt 0.76838 0.50482
vt 0.76717 0.50569
vt 0.76734 0.50469
f 2463/9358 2469/9359 2503/9360
vt 0.99552 0.38243
vt 0.99549 0.38217
vt 0.99552 0.38216
f 2473/9361 2470/9362 2477/9363
f 2473/9353 2447/9316 2470/9331
f 2473/9354 2477/9357 2490/9321
vt 0.67984 0.63248
vt 0.67467 0.63310
vt 0.67627 0.62749
f 2441/9364 2587/9365 2551/9366
vt 0.66119 0.93534
vt 0.66157 0.93635
vt 0.66093 0.93440
f 2460/9367 2496/9368 2486/9369
vt 0.66166 0.93615
f 2460/9367 2490/9370 2496/9368
vt 0.94962 0.65734
f 2490/9321 2477/9357 2447/9371
f 2470/9331 2447/9316 2487/9341
vt 0.74952 0.71388
vt 0.74839 0.71359
f 2478/9115 2526/9372 2525/9373
vt 0.95097 0.65828
f 2487/9374 2447/9371 2477/9357
vt 0.95084 0.65659
f 2477/9357 2463/9375 2487/9374
vt 0.42771 0.61141
f 2474/9157 2554/9376 2516/9188
vt 0.36865 0.09398
f 2481/8984 2524/9377 2474/9267
vt 0.45944 0.61510
f 2430/9194 2527/9378 2436/9296
vt 0.56190 0.03302
f 2461/9141 2505/9379 2471/9274
vt 0.30429 0.40500
f 2378/9062 2448/9277 2574/9380
vt 0.98058 0.75178
vt 0.98036 0.75162
vt 0.98039 0.75135
f 2447/9381 2491/9382 2490/9383
vt 0.50460 0.42088
vt 0.50513 0.42375
f 2438/9384 2488/9261 2535/9385
vt 0.52911 0.96671
vt 0.52871 0.96740
vt 0.52827 0.96671
f 2425/9386 2553/9387 2421/9388
vt 0.37863 0.10046
f 2436/9263 2468/9171 2552/9389
vt 0.47450 0.43524
vt 0.47204 0.43268
f 2438/9278 2535/9390 2386/9391
vt 0.63603 0.70645
vt 0.63878 0.70556
f 2450/9058 2507/9392 2489/9393
vt 0.76758 0.50429
f 2496/9333 2503/9394 2497/9334
vt 0.97088 0.55394
vt 0.97187 0.55354
vt 0.97161 0.55432
f 2483/9395 2498/9396 2534/9397
vt 0.76715 0.36548
f 2536/9217 2557/9398 2484/9092
vt 0.76854 0.50477
f 2496/9333 2490/9399 2503/9394
vt 0.53824 0.80853
vt 0.53696 0.80589
f 2418/9400 2551/9236 2485/9401
vt 0.49561 0.37521
f 2499/9355 2558/9402 2390/9193
f 2398/8864 2535/9345 2495/9313
vt 0.26413 0.21862
f 2384/8863 2410/9137 2542/9403
vt 0.35508 0.23504
f 2458/8844 2556/9404 2533/9349
f 2459/9287 2467/9044 2529/9347
vt 0.66069 0.93782
f 2486/9369 2496/9368 2493/9405
vt 0.66039 0.93656
f 2486/9369 2493/9405 2545/9406
vt 0.97890 0.45795
vt 0.97862 0.45881
vt 0.97836 0.45834
f 2469/9407 2487/9408 2531/9409
vt 0.66167 0.93702
f 2496/9368 2491/9410 2493/9405
vt 0.25455 0.20550
f 2371/9023 2523/9411 2413/9156
vt 0.41357 0.40020
vt 0.41530 0.40043
f 2408/8680 2492/9412 2517/9413
vt 0.38340 0.28935
f 2425/9302 2511/9301 2414/9414
vt 0.74997 0.07232
f 2443/9130 2472/9346 2563/9415
vt 0.56783 0.22486
vt 0.56943 0.22712
f 2555/9416 2523/9273 2546/9417
vt 0.47633 0.03039
f 2495/9313 2535/9345 2548/9418
vt 0.39955 0.01675
f 2464/9016 2399/9211 2537/9419
f 2481/8984 2543/9340 2524/9377
vt 0.67937 0.64004
f 2441/9364 2513/9420 2587/9365
vt 0.38156 0.09709
f 2476/9214 2480/9421 2468/9171
f 2442/9297 2464/9016 2537/9419
vt 0.26641 0.21966
f 2410/9137 2482/9422 2542/9403
vt 0.76851 0.10555
vt 0.76710 0.10554
vt 0.76768 0.10470
f 2503/9423 2529/9424 2497/9425
vt 0.47982 0.03021
f 2456/9348 2529/9347 2496/9426
vt 0.36189 0.26345
vt 0.36216 0.26566
vt 0.36138 0.26187
f 2498/9427 2483/9428 2541/9429
vt 0.90517 0.60945
vt 0.90613 0.61328
vt 0.90506 0.61357
f 2454/9430 2510/9431 2499/9432
f 2359/8546 2546/9311 2512/9041
vt 0.38182 0.09775
f 2468/9171 2480/9421 2525/9433
vt 0.36390 0.09860
f 2440/8992 2506/9325 2509/9434
vt 0.97019 0.86397
vt 0.97014 0.86540
vt 0.96965 0.86406
f 2447/9435 2471/9436 2491/9437
f 2452/8954 2479/9118 2425/9315
vt 0.96459 0.49505
vt 0.96482 0.49404
vt 0.96558 0.49366
f 2487/9438 2463/9439 2503/9440
vt 0.63236 0.44269
f 2457/8775 2578/9441 2498/9286
vt 0.99347 0.89914
vt 0.99341 0.89861
vt 0.99360 0.89861
f 2493/9442 2491/9443 2494/9444
vt 0.66172 0.93716
vt 0.66160 0.93790
f 2493/9405 2494/9445 2522/9446
vt 0.12320 0.07070
vt 0.12378 0.07018
vt 0.12388 0.07159
f 2454/9447 2453/9448 2510/9449
f 2355/8792 2399/8890 2511/9301
vt 0.45514 0.61588
f 2436/9296 2564/9450 2476/9342
vt 0.99529 0.42524
vt 0.99529 0.42494
vt 0.99540 0.42510
f 2496/9451 2522/9452 2491/9453
vt 0.99524 0.64625
vt 0.99507 0.64604
vt 0.99527 0.64604
f 2480/9454 2476/9455 2518/9456
vt 0.71705 0.22952
f 2480/9213 2518/9457 2526/9148
vt 0.76925 0.10753
vt 0.76877 0.10648
f 2469/9458 2529/9424 2503/9459
vt 0.98656 0.03188
vt 0.98637 0.03172
vt 0.98663 0.03132
f 2491/9460 2522/9461 2490/9462
vt 0.16806 0.59657
f 2596/9308 2413/9154 2573/9463
vt 0.47626 0.23831
vt 0.47789 0.24245
vt 0.47481 0.24463
f 2472/9464 2378/9465 2563/9466
vt 0.80404 0.49067
vt 0.80286 0.48905
vt 0.80310 0.48780
f 2521/9467 2530/9468 2386/9469
vt 0.48100 0.02609
f 2497/9470 2529/9347 2467/9044
vt 0.76916 0.50597
vt 0.76903 0.50630
f 2490/9399 2522/9471 2494/9472
f 2490/9399 2494/9472 2503/9394
vt 0.50767 0.41925
f 2488/9261 2445/8947 2569/9473
vt 0.45386 0.61630
vt 0.45201 0.61572
f 2476/9228 2564/9474 2518/9475
vt 0.42652 0.61161
f 2516/9188 2554/9376 2506/9476
vt 0.76869 0.10995
f 2469/9458 2531/9477 2529/9424
vt 0.55893 0.03046
f 2471/9274 2505/9379 2544/9478
vt 0.80395 0.49666
f 2486/9291 2545/9479 2521/9285
vt 0.63712 0.70503
vt 0.63905 0.70369
f 2489/9393 2507/9480 2517/9481
vt 0.64050 0.70461
f 2492/9482 2489/9393 2517/9481
vt 0.66094 0.93885
f 2493/9405 2522/9446 2471/9483
vt 0.96941 0.86518
f 2471/9436 2515/9484 2491/9437
vt 0.37168 0.09818
f 2484/9094 2557/9485 2506/9309
vt 0.74879 0.07405
vt 0.74785 0.07476
f 2443/9130 2562/9486 2448/9487
vt 0.76768 0.50710
vt 0.76764 0.50764
vt 0.76705 0.50811
f 2487/9488 2508/9489 2531/9490
vt 0.97799 0.94300
vt 0.97741 0.94298
vt 0.97731 0.94231
f 2503/9491 2520/9492 2487/9493
vt 0.98615 0.93340
vt 0.98616 0.93396
vt 0.98580 0.93343
f 2491/9494 2515/9495 2494/9496
vt 0.42473 0.61033
f 2417/8833 2516/9497 2430/9257
vt 0.50424 0.84880
vt 0.50507 0.85449
vt 0.50351 0.85154
f 2523/9498 2555/9499 2573/9500
vt 0.66189 0.93849
f 2471/9483 2522/9446 2515/9501
vt 0.07235 0.28074
vt 0.07005 0.28088
f 2495/9502 2586/9503 2396/9247
vt 0.74981 0.07392
f 2443/9130 2563/9415 2562/9504
vt 0.76782 0.50774
vt 0.76832 0.50782
f 2508/9489 2487/9505 2515/9506
vt 0.76766 0.50810
f 2508/9489 2515/9506 2519/9507
f 2508/9489 2519/9507 2531/9490
vt 0.78779 0.66792
vt 0.79075 0.66881
vt 0.78907 0.67107
f 2499/9508 2547/9509 2565/9510
vt 0.76870 0.50762
f 2494/9472 2515/9511 2503/9394
vt 0.36311 0.26906
vt 0.36052 0.26610
vt 0.36188 0.26615
f 2437/9512 2588/9513 2483/9514
vt 0.38129 0.10106
f 2468/9171 2582/9515 2552/9389
vt 0.99484 0.62340
vt 0.99505 0.62317
vt 0.99505 0.62342
f 2487/9516 2532/9517 2515/9518
vt 0.47667 0.24741
f 2378/9465 2574/9519 2563/9466
f 2468/9171 2525/9433 2582/9515
vt 0.51706 0.25912
f 2575/9253 2613/9520 2505/9164
vt 0.94469 0.75359
vt 0.94567 0.75224
vt 0.94549 0.75436
f 2536/9521 2436/9522 2527/9523
vt 0.76897 0.50896
vt 0.76793 0.50805
f 2515/9506 2544/9524 2519/9525
vt 0.38093 0.29114
f 2425/9302 2414/9414 2553/9526
vt 0.99547 0.09679
vt 0.99547 0.09699
vt 0.99529 0.09690
f 2487/9527 2519/9528 2532/9529
vt 0.25921 0.21515
f 2384/8863 2550/9530 2546/9311
vt 0.41170 0.43055
vt 0.41283 0.42823
vt 0.41534 0.42791
f 2437/9531 2534/9532 2588/9533
vt 0.99045 0.59793
vt 0.99083 0.59779
vt 0.99059 0.59817
f 2487/9534 2520/9535 2519/9536
vt 0.63119 0.70966
f 2501/9057 2559/9537 2507/9339
vt 0.46653 0.43138
f 2504/9195 2530/9282 2435/9538
vt 0.52066 0.26065
f 2575/9253 2442/9252 2598/9539
vt 0.78672 0.67107
f 2499/9508 2565/9510 2528/9540
vt 0.42068 0.61202
f 2430/9257 2516/9497 2527/9541
vt 0.92175 0.90990
vt 0.92215 0.90717
vt 0.92318 0.90955
f 2482/9542 2594/9543 2542/9544
vt 0.41658 0.42294
f 2457/9289 2566/9279 2578/9545
vt 0.77179 0.98377
vt 0.77180 0.98309
vt 0.77224 0.98327
f 2525/9546 2526/9547 2518/9548
vt 0.98637 0.53844
vt 0.98693 0.53844
vt 0.98670 0.53895
f 2519/9549 2520/9550 2531/9551
vt 0.23598 0.43089
vt 0.23689 0.43593
vt 0.23498 0.43667
f 2500/9552 2539/9553 2445/9554
vt 0.67362 0.02587
vt 0.67310 0.02646
vt 0.67339 0.02555
f 2483/9555 2588/9556 2541/9557
vt 0.49844 0.37928
f 2558/9402 2499/9355 2528/9558
vt 0.41370 0.42663
f 2498/9559 2578/9545 2534/9532
vt 0.25766 0.20666
f 2523/9560 2512/9041 2546/9311
vt 0.48182 0.68627
vt 0.47989 0.68471
vt 0.47965 0.67823
f 2501/9561 2533/9562 2602/9563
vt 0.12541 0.07214
f 2453/9448 2403/9179 2510/9564
vt 0.19800 0.37025
vt 0.19615 0.36999
f 2482/9306 2509/9565 2594/9566
vt 0.46539 0.02880
f 2396/9280 2561/9567 2690/9307
vt 0.84015 0.54043
vt 0.83992 0.54181
vt 0.83823 0.53982
f 2493/9568 2471/9569 2545/9570
vt 0.76748 0.50753
f 2515/9511 2520/9571 2503/9394
vt 0.76765 0.50814
f 2515/9511 2532/9572 2520/9571
vt 0.47341 0.03469
f 2548/9418 2540/9573 2495/9313
vt 0.35673 0.23676
vt 0.35635 0.23718
f 2556/9404 2458/9574 2485/9575
vt 0.67461 0.63911
f 2513/9420 2581/9576 2587/9365
vt 0.67843 0.64516
vt 0.67644 0.65017
vt 0.67431 0.64467
f 2434/9577 2541/9578 2601/9579
vt 0.55805 0.03445
vt 0.55852 0.03092
f 2505/9379 2572/9580 2544/9581
f 2519/9525 2544/9524 2532/9572
vt 0.83866 0.54201
f 2544/9582 2545/9570 2471/9569
vt 0.83978 0.54683
vt 0.83625 0.54644
vt 0.83788 0.54557
f 2499/9583 2510/9584 2547/9585
vt 0.46946 0.43741
vt 0.46679 0.43726
f 2530/9282 2521/9586 2403/9587
vt 0.47502 0.43999
vt 0.47153 0.43848
f 2535/9390 2560/9588 2548/9589
vt 0.45601 0.61890
f 2436/9296 2568/9590 2564/9450
vt 0.83706 0.62617
vt 0.83477 0.62674
f 2436/9133 2552/9591 2568/9592
vt 0.26228 0.21719
f 2384/8863 2542/9403 2524/9593
vt 0.81300 0.15813
f 2399/9119 2558/9121 2537/9594
vt 0.47627 0.88466
vt 0.47644 0.88179
vt 0.47765 0.88329
f 2524/9595 2543/9596 2550/9597
f 2524/9593 2550/9530 2384/8863
vt 0.41523 0.40312
f 2408/8680 2517/9598 2566/9279
vt 0.91094 0.72787
vt 0.91008 0.72963
vt 0.91005 0.72829
f 2524/9599 2554/9600 2474/9601
vt 0.54276 0.98280
vt 0.54305 0.98344
vt 0.54276 0.98358
f 2520/9602 2532/9603 2531/9604
vt 0.48511 0.72197
f 2502/9155 2514/9276 2591/9605
vt 0.08951 0.60422
vt 0.09042 0.60561
vt 0.08936 0.60452
f 2518/9606 2624/9607 2525/9608
vt 0.45343 0.61810
vt 0.45129 0.61871
f 2518/9475 2564/9609 2624/9610
vt 0.48076 0.03326
f 2496/9426 2529/9347 2522/9611
vt 0.97886 0.15261
vt 0.97845 0.15264
vt 0.97849 0.15217
f 2544/9612 2515/9613 2522/9614
vt 0.38297 0.10013
f 2525/9433 2624/9615 2582/9515
vt 0.25182 0.20704
f 2413/9156 2523/9411 2573/9616
vt 0.26193 0.21998
f 2524/9593 2542/9403 2554/9617
vt 0.63300 0.70808
f 2507/9339 2559/9537 2570/9618
vt 0.65789 0.32667
vt 0.65521 0.32533
f 2502/9205 2591/9619 2543/9620
vt 0.76725 0.50943
f 2531/9621 2532/9572 2544/9524
vt 0.76769 0.51127
f 2531/9621 2544/9524 2547/9622
f 2434/9577 2601/9579 2513/9420
vt 0.56724 0.22859
f 2555/9416 2546/9417 2538/9623
vt 0.47429 0.24276
vt 0.47320 0.24621
f 2562/9624 2563/9466 2597/9625
vt 0.42144 0.61572
f 2516/9497 2589/9626 2527/9541
f 2530/9282 2403/9587 2435/9538
vt 0.76721 0.10864
f 2529/9424 2531/9477 2522/9627
vt 0.39374 0.85009
vt 0.39575 0.85132
vt 0.39440 0.85326
f 2507/9628 2585/9629 2517/9630
vt 0.06977 0.28270
f 2495/9502 2599/9631 2586/9503
vt 0.76931 0.51512
f 2544/9524 2572/9632 2547/9622
vt 0.50558 0.85525
vt 0.50564 0.85590
f 2538/9633 2690/9634 2555/9499
vt 0.76693 0.11090
f 2531/9477 2577/9635 2522/9627
vt 0.83474 0.54348
f 2510/9584 2577/9636 2547/9585
vt 0.19319 0.94935
vt 0.19434 0.94815
vt 0.19449 0.94920
f 2536/9637 2605/9638 2557/9639
vt 0.76894 0.11200
f 2531/9477 2547/9640 2577/9635
vt 0.56685 0.22786
vt 0.56642 0.22925
f 2514/9293 2690/9641 2538/9642
vt 0.07215 0.28391
f 2495/9502 2540/9643 2599/9631
vt 0.50672 0.42709
f 2535/9385 2488/9261 2560/9644
vt 0.94545 0.75574
f 2536/9521 2527/9523 2605/9645
vt 0.23562 0.44195
f 2539/9553 2596/9646 2445/9554
vt 0.37210 0.10110
f 2557/9485 2589/9647 2506/9309
vt 0.26399 0.22266
f 2542/9403 2567/9648 2554/9617
vt 0.47590 0.03394
f 2540/9573 2548/9418 2579/9649
vt 0.42008 0.39856
f 2517/9598 2585/9650 2566/9279
vt 0.46607 0.03432
f 2607/9651 2561/9567 2396/9280
vt 0.48724 0.72048
f 2591/9605 2514/9276 2571/9652
vt 0.42458 0.61472
f 2516/9497 2506/9653 2589/9626
vt 0.30853 0.40819
vt 0.30962 0.41208
f 2448/9277 2612/9654 2621/9655
vt 0.48787 0.71749
f 2514/9276 2549/9656 2571/9652
vt 0.56591 0.23046
f 2514/9293 2538/9642 2549/9657
vt 0.47788 0.87931
f 2543/9596 2583/9658 2550/9597
vt 0.52355 0.26123
f 2442/9252 2537/9659 2598/9539
vt 0.65654 0.32932
vt 0.65528 0.32597
f 2591/9619 2604/9660 2543/9661
vt 0.47277 0.44247
f 2548/9589 2560/9588 2579/9662
vt 0.16631 0.59412
vt 0.16737 0.60072
f 2596/9663 2573/9463 2595/9664
vt 0.48513 0.68197
vt 0.48495 0.68564
f 2501/9561 2633/9665 2559/9666
vt 0.46354 0.02911
f 2690/9307 2561/9567 2584/9667
vt 0.50584 0.85767
f 2690/9634 2584/9668 2555/9499
vt 0.30604 0.41069
f 2448/9277 2621/9655 2600/9669
vt 0.71928 0.08716
vt 0.72013 0.08241
vt 0.72076 0.08508
f 2556/9670 2611/9671 2533/9672
vt 0.56736 0.23007
f 2538/9623 2546/9417 2584/9673
vt 0.47046 0.03215
f 2396/9280 2586/9674 2607/9651
f 2448/9277 2600/9669 2574/9380
vt 0.84255 0.08339
vt 0.84482 0.08837
vt 0.84210 0.08757
f 2594/9675 2509/9676 2567/9677
vt 0.26583 0.22212
f 2542/9403 2594/9678 2567/9648
vt 0.89589 0.70377
vt 0.89770 0.70431
vt 0.89629 0.70638
f 2448/9679 2562/9680 2612/9681
f 2534/9532 2578/9545 2588/9533
vt 0.55936 0.03583
f 2505/9379 2613/9682 2572/9580
vt 0.53399 0.80639
f 2551/9236 2590/9683 2485/9401
vt 0.48100 0.03473
vt 0.48231 0.03506
f 2544/9684 2522/9611 2577/9685
vt 0.41880 0.39537
vt 0.42064 0.39503
f 2507/9686 2570/9687 2585/9650
vt 0.07044 0.28552
f 2540/9643 2593/9688 2599/9631
vt 0.67522 0.62527
vt 0.67406 0.62574
f 2570/9689 2551/9366 2585/9690
vt 0.84241 0.09012
f 2509/9676 2554/9691 2567/9677
vt 0.46388 0.02943
f 2561/9567 2538/9692 2584/9667
vt 0.53325 0.80855
f 2551/9236 2570/9693 2590/9683
vt 0.37390 0.10080
f 2557/9485 2605/9694 2589/9647
f 2501/9561 2602/9563 2633/9665
vt 0.73416 0.77288
vt 0.73586 0.77505
vt 0.73534 0.77683
f 2527/9695 2589/9696 2605/9697
vt 0.46828 0.44203
f 2521/9586 2545/9698 2403/9587
vt 0.56675 0.22966
f 2538/9642 2561/9699 2549/9657
vt 0.84316 0.09256
f 2509/9676 2506/9700 2554/9691
vt 0.53762 0.80222
vt 0.53658 0.80461
vt 0.53425 0.80393
f 2556/9701 2485/9702 2590/9703
vt 0.12725 0.06785
f 2403/9179 2606/9704 2510/9564
vt 0.83161 0.67966
vt 0.83165 0.68326
vt 0.82980 0.67934
f 2543/9705 2604/9706 2583/9707
vt 0.47474 0.44430
f 2579/9662 2560/9588 2593/9708
vt 0.52223 0.26186
f 2537/9659 2592/9709 2598/9539
vt 0.25340 0.20925
vt 0.25050 0.21135
f 2555/9710 2603/9711 2573/9616
vt 0.50381 0.85712
f 2555/9499 2584/9668 2603/9712
vt 0.71728 0.08670
f 2556/9670 2590/9713 2611/9671
f 2551/9366 2587/9365 2585/9690
vt 0.47249 0.24841
vt 0.47336 0.24598
f 2563/9466 2612/9714 2597/9715
vt 0.34942 0.77028
vt 0.34701 0.76945
vt 0.34787 0.76569
f 2564/9716 2568/9717 2656/9718
vt 0.23374 0.44266
f 2445/9554 2596/9646 2569/9719
vt 0.35018 0.23194
vt 0.35172 0.22967
f 2533/9349 2611/9720 2602/9721
vt 0.76765 0.51571
f 2547/9622 2572/9632 2565/9722
vt 0.50732 0.42440
vt 0.50956 0.42322
vt 0.50752 0.42723
f 2488/9723 2569/9724 2560/9725
f 2513/9420 2601/9579 2581/9576
vt 0.56631 0.23109
vt 0.56742 0.23105
vt 0.56549 0.23347
f 2549/9726 2584/9727 2571/9728
vt 0.47403 0.03612
vt 0.47170 0.03634
f 2540/9573 2579/9729 2593/9730
vt 0.47420 0.25070
f 2563/9466 2600/9731 2612/9714
vt 0.82802 0.68291
vt 0.82716 0.67928
f 2583/9707 2576/9732 2584/9733
vt 0.47013 0.03294
f 2607/9651 2586/9674 2619/9734
f 2563/9466 2574/9519 2600/9731
vt 0.81040 0.16089
f 2558/9121 2592/9735 2537/9594
vt 0.89916 0.70648
f 2612/9681 2562/9680 2597/9736
vt 0.83491 0.54075
f 2544/9582 2577/9636 2606/9737
f 2544/9582 2606/9737 2545/9570
vt 0.56987 0.23111
f 2546/9417 2583/9738 2584/9673
vt 0.41916 0.40697
vt 0.41859 0.41185
f 2566/9279 2587/9739 2581/9740
vt 0.25664 0.21521
f 2550/9530 2583/9741 2546/9311
vt 0.16885 0.60074
f 2595/9664 2573/9463 2603/9742
vt 0.38401 0.10256
f 2624/9615 2635/9743 2582/9515
vt 0.12820 0.07001
f 2510/9564 2606/9704 2577/9744
vt 0.41941 0.40536
f 2566/9279 2585/9650 2587/9745
vt 0.48470 0.67869
f 2602/9563 2617/9746 2633/9665
vt 0.41777 0.41906
f 2578/9545 2566/9279 2601/9747
vt 0.67389 0.65010
f 2541/9578 2588/9748 2601/9579
vt 0.82645 0.68206
f 2584/9733 2576/9732 2571/9749
vt 0.06936 0.28449
vt 0.06905 0.28275
f 2599/9631 2615/9750 2619/9751
f 2599/9631 2593/9688 2615/9750
vt 0.49631 0.38021
vt 0.49316 0.38136
f 2558/9402 2608/9752 2592/9753
vt 0.41822 0.41529
f 2566/9279 2581/9754 2601/9747
vt 0.30805 0.41546
f 2600/9669 2621/9655 2626/9755
vt 0.90241 0.94939
vt 0.90338 0.94862
vt 0.90366 0.94989
f 2598/9756 2614/9757 2575/9758
f 2558/9402 2528/9558 2608/9752
vt 0.48228 0.67557
f 2617/9746 2602/9563 2640/9759
vt 0.51949 0.26095
vt 0.51920 0.26208
vt 0.51841 0.26172
f 2528/9760 2620/9761 2575/9762
vt 0.78629 0.67320
vt 0.78621 0.67366
vt 0.78596 0.67389
f 2528/9763 2614/9764 2620/9765
vt 0.46547 0.44247
f 2545/9698 2606/9766 2403/9587
vt 0.46893 0.03621
f 2607/9651 2619/9734 2615/9767
vt 0.94523 0.72655
vt 0.94587 0.72704
vt 0.94495 0.72929
f 2586/9768 2599/9769 2610/9770
vt 0.76205 0.21340
vt 0.76008 0.21269
vt 0.76158 0.21033
f 2590/9771 2570/9772 2609/9773
vt 0.75835 0.21070
f 2559/9774 2609/9773 2570/9772
vt 0.71549 0.08521
f 2611/9671 2590/9713 2609/9775
vt 0.35134 0.76761
f 2564/9716 2656/9718 2624/9776
vt 0.49825 0.38004
f 2528/9558 2575/9777 2608/9752
vt 0.50344 0.85864
f 2584/9668 2628/9778 2603/9712
vt 0.50431 0.85868
f 2584/9668 2549/9779 2628/9778
vt 0.23590 0.44450
vt 0.23395 0.44976
f 2595/9780 2634/9781 2596/9646
f 2583/9707 2604/9706 2576/9732
vt 0.55650 0.03782
f 2613/9682 2643/9782 2572/9580
vt 0.48404 0.72378
vt 0.48383 0.72255
f 2591/9605 2649/9783 2604/9784
vt 0.78779 0.67452
f 2528/9763 2647/9785 2614/9764
vt 0.49656 0.38058
vt 0.49570 0.38109
f 2598/9786 2592/9787 2608/9752
vt 0.94563 0.72763
f 2599/9769 2619/9788 2610/9770
vt 0.41812 0.42208
f 2578/9545 2601/9747 2588/9789
vt 0.78702 0.67276
f 2528/9790 2565/9510 2647/9785
vt 0.51033 0.42919
vt 0.50795 0.42997
f 2560/9725 2623/9791 2580/9792
vt 0.46560 0.03392
vt 0.46411 0.03114
f 2561/9567 2607/9793 2549/9794
vt 0.83547 0.80264
vt 0.83403 0.79906
vt 0.83645 0.80183
f 2575/9795 2620/9796 2613/9797
vt 0.97575 0.69250
vt 0.97569 0.69363
vt 0.97517 0.69293
f 2575/9798 2614/9799 2647/9800
vt 0.97495 0.69253
f 2575/9798 2647/9800 2608/9801
vt 0.96462 0.71722
vt 0.96575 0.71748
vt 0.96467 0.71884
f 2598/9802 2608/9803 2614/9804
vt 0.82975 0.68679
f 2604/9706 2664/9805 2576/9732
f 2560/9725 2569/9724 2623/9791
f 2596/9646 2634/9781 2569/9719
vt 0.48062 0.67560
f 2640/9759 2602/9563 2631/9806
vt 0.34827 0.22963
f 2602/9721 2611/9720 2625/9807
vt 0.48718 0.72404
f 2571/9652 2630/9808 2591/9605
vt 0.46751 0.03630
f 2607/9651 2615/9767 2632/9809
vt 0.49818 0.38030
vt 0.49795 0.38086
f 2647/9810 2620/9811 2608/9752
vt 0.50732 0.43294
vt 0.50856 0.43062
vt 0.50998 0.43161
f 2593/9812 2580/9813 2610/9814
vt 0.48513 0.67937
vt 0.48713 0.67807
f 2633/9665 2617/9815 2627/9816
vt 0.85621 0.13004
vt 0.85768 0.13385
vt 0.85539 0.13247
f 2600/9817 2626/9818 2645/9819
vt 0.75851 0.20504
vt 0.76094 0.20951
f 2559/9774 2633/9820 2609/9821
vt 0.75319 0.36749
vt 0.75096 0.36827
vt 0.74794 0.36673
f 2568/9822 2552/9823 2582/9824
vt 0.16986 0.60385
f 2595/9664 2603/9742 2628/9825
vt 0.94432 0.72871
f 2610/9770 2580/9826 2586/9768
vt 0.92929 0.61182
vt 0.92965 0.60948
vt 0.93075 0.60905
f 2549/9827 2616/9828 2628/9829
vt 0.47065 0.25395
f 2600/9731 2637/9830 2612/9714
vt 0.16798 0.60427
f 2595/9664 2628/9825 2616/9831
vt 0.97130 0.73837
vt 0.97091 0.73773
vt 0.97116 0.73737
f 2602/9832 2625/9833 2618/9834
vt 0.51114 0.42500
f 2569/9724 2634/9835 2623/9791
vt 0.49747 0.38201
f 2608/9752 2620/9811 2614/9836
vt 0.23869 0.45063
vt 0.23545 0.45060
vt 0.23701 0.44633
f 2616/9837 2619/9838 2595/9839
vt 0.47960 0.67426
f 2602/9563 2618/9840 2631/9806
vt 0.91178 0.04603
vt 0.90921 0.04612
vt 0.91110 0.04489
f 2580/9841 2623/9842 2586/9843
vt 0.30992 0.41908
f 2626/9755 2621/9655 2622/9844
vt 0.97755 0.30570
vt 0.97828 0.30624
vt 0.97759 0.30681
f 2595/9845 2619/9846 2634/9847
vt 0.76747 0.51858
f 2565/9722 2572/9632 2647/9848
vt 0.93721 0.11574
vt 0.93622 0.11648
vt 0.93580 0.11401
f 2621/9849 2612/9850 2637/9851
vt 0.50912 0.43334
f 2593/9812 2610/9814 2642/9852
vt 0.47399 0.25470
f 2600/9731 2645/9853 2637/9830
vt 0.56725 0.23602
vt 0.56654 0.23980
f 2571/9728 2576/9854 2630/9855
vt 0.47075 0.03708
vt 0.46944 0.03728
f 2615/9767 2593/9856 2639/9857
vt 0.83608 0.79662
f 2613/9797 2620/9796 2665/9858
vt 0.93250 0.05610
vt 0.93359 0.05527
vt 0.93380 0.05733
f 2621/9859 2637/9860 2662/9861
vt 0.76130 0.20529
f 2633/9820 2636/9862 2609/9821
vt 0.24148 0.44994
vt 0.24089 0.45327
f 2549/9863 2629/9864 2616/9837
vt 0.34641 0.22737
vt 0.34733 0.22569
f 2625/9807 2631/9865 2618/9866
vt 0.11173 0.93810
vt 0.11325 0.93657
vt 0.11302 0.93804
f 2640/9867 2631/9868 2625/9869
vt 0.88014 0.18392
vt 0.88126 0.18502
vt 0.88059 0.18661
f 2549/9870 2607/9871 2629/9872
vt 0.35261 0.76389
f 2624/9776 2656/9718 2644/9873
vt 0.91177 0.04242
vt 0.90972 0.04232
f 2619/9874 2586/9843 2634/9875
f 2586/9843 2623/9842 2634/9875
vt 0.71568 0.08123
f 2609/9775 2636/9876 2611/9671
vt 0.90639 0.90458
vt 0.90534 0.90111
vt 0.90734 0.90128
f 2622/9877 2645/9878 2626/9879
vt 0.23422 0.45345
f 2619/9838 2616/9837 2610/9880
vt 0.83122 0.68753
f 2604/9706 2649/9881 2664/9805
vt 0.82741 0.68653
f 2576/9732 2664/9805 2657/9882
vt 0.56869 0.24031
f 2576/9854 2657/9883 2630/9855
vt 0.47645 0.85464
vt 0.47645 0.85258
vt 0.48038 0.85381
f 2591/9884 2630/9885 2649/9886
vt 0.35307 0.76601
f 2624/9776 2644/9873 2635/9887
vt 0.57868 0.81063
vt 0.57733 0.80553
vt 0.57871 0.80779
f 2639/9888 2632/9889 2615/9890
vt 0.89722 0.34026
vt 0.89558 0.33919
vt 0.89717 0.33842
f 2611/9891 2658/9892 2625/9893
vt 0.93221 0.05965
vt 0.93336 0.05886
vt 0.93250 0.06023
f 2621/9894 2662/9895 2641/9896
vt 0.89570 0.33618
f 2625/9893 2658/9892 2638/9897
vt 0.48105 0.67543
vt 0.48093 0.67376
f 2625/9898 2638/9899 2640/9759
vt 0.83706 0.79953
f 2613/9797 2665/9858 2643/9900
vt 0.31426 0.42221
f 2622/9844 2621/9655 2641/9901
vt 0.48652 0.67759
f 2617/9746 2640/9759 2648/9902
vt 0.23927 0.45332
f 2616/9837 2629/9864 2653/9903
vt 0.34898 0.76309
f 2656/9718 2667/9904 2644/9873
vt 0.47287 0.25686
vt 0.46905 0.26020
f 2637/9830 2645/9905 2662/9906
vt 0.57864 0.80337
vt 0.57486 0.80248
f 2607/9907 2632/9889 2629/9908
vt 0.94828 0.34363
vt 0.94864 0.34553
vt 0.94742 0.34457
f 2593/9909 2642/9910 2639/9911
vt 0.93698 0.76403
vt 0.93566 0.76547
vt 0.93582 0.76498
f 2627/9912 2617/9913 2648/9914
vt 0.75360 0.36229
f 2568/9822 2582/9824 2656/9915
vt 0.06816 0.87722
vt 0.06740 0.88077
vt 0.06551 0.87828
f 2622/9916 2641/9917 2650/9918
vt 0.75942 0.20392
f 2633/9820 2648/9919 2636/9862
vt 0.74682 0.36377
vt 0.74785 0.35959
f 2635/9920 2644/9921 2582/9824
vt 0.23346 0.45436
vt 0.23317 0.45725
f 2642/9922 2610/9880 2675/9923
vt 0.77000 0.51944
vt 0.76853 0.52087
f 2572/9632 2643/9924 2661/9925
vt 0.96459 0.94681
vt 0.96483 0.94554
vt 0.96555 0.94668
f 2638/9926 2646/9927 2640/9928
vt 0.75134 0.36108
f 2582/9824 2644/9921 2660/9929
vt 0.57541 0.81096
f 2639/9888 2675/9930 2632/9889
vt 0.71964 0.07769
f 2611/9671 2636/9876 2658/9931
f 2610/9880 2616/9837 2675/9923
f 2572/9632 2661/9925 2647/9848
vt 0.48255 0.67369
vt 0.48289 0.67459
f 2640/9759 2659/9932 2651/9933
vt 0.48490 0.67558
f 2648/9902 2640/9759 2655/9934
vt 0.48399 0.67444
f 2640/9759 2651/9935 2655/9934
vt 0.48514 0.67614
vt 0.48590 0.67454
f 2648/9902 2655/9936 2663/9937
vt 0.94258 0.94077
vt 0.94170 0.93843
vt 0.94319 0.93814
f 2622/9938 2650/9939 2645/9940
vt 0.75746 0.20154
vt 0.75871 0.20251
f 2633/9820 2627/9941 2648/9942
vt 0.93478 0.61996
vt 0.93223 0.62043
vt 0.93346 0.61772
f 2641/9943 2662/9944 2666/9945
vt 0.90961 0.01106
vt 0.91076 0.00864
vt 0.91086 0.01120
f 2651/9946 2659/9947 2658/9948
vt 0.53388 0.94765
vt 0.53482 0.94707
vt 0.53500 0.94756
f 2642/9949 2675/9950 2639/9951
vt 0.78623 0.67483
vt 0.78875 0.67942
f 2620/9952 2647/9785 2665/9953
vt 0.47774 0.84882
f 2630/9885 2673/9954 2649/9886
vt 0.89659 0.33227
vt 0.89525 0.33402
f 2646/9955 2638/9897 2659/9956
vt 0.71607 0.07712
f 2658/9931 2636/9876 2654/9957
vt 0.71712 0.07818
f 2658/9931 2654/9957 2652/9958
vt 0.76892 0.52262
f 2643/9924 2665/9959 2661/9925
f 2656/9915 2582/9824 2660/9929
vt 0.90886 0.00764
vt 0.90975 0.00607
f 2640/9960 2646/9961 2659/9947
vt 0.48717 0.67477
f 2648/9902 2663/9937 2669/9962
vt 0.07088 0.93621
vt 0.07174 0.93728
vt 0.07093 0.93730
f 2651/9963 2652/9964 2655/9965
vt 0.23714 0.45547
f 2616/9837 2653/9966 2675/9923
vt 0.76122 0.20396
vt 0.76040 0.20273
vt 0.76211 0.20125
f 2636/9967 2648/9968 2654/9969
vt 0.72201 0.07502
vt 0.72124 0.07395
f 2638/9970 2658/9931 2659/9971
vt 0.44561 0.94874
vt 0.44633 0.94957
vt 0.44600 0.95084
f 2632/9972 2653/9973 2629/9974
vt 0.57566 0.80530
f 2632/9889 2675/9930 2653/9975
vt 0.74927 0.35704
vt 0.75080 0.36071
f 2660/9929 2674/9976 2667/9977
vt 0.91780 0.22412
vt 0.91742 0.22332
vt 0.91828 0.22352
f 2652/9978 2654/9979 2655/9980
vt 0.48009 0.84962
f 2673/9954 2664/9981 2649/9886
f 2660/9929 2644/9921 2674/9976
vt 0.46926 0.26377
f 2645/9905 2650/9982 2662/9906
vt 0.91844 0.22262
f 2655/9980 2654/9979 2663/9983
vt 0.79068 0.68045
f 2647/9785 2661/9984 2665/9953
vt 0.07155 0.93653
f 2651/9963 2663/9985 2652/9964
vt 0.93688 0.17216
vt 0.93555 0.17052
vt 0.93696 0.16857
f 2651/9986 2668/9987 2671/9988
vt 0.57099 0.24364
f 2630/9855 2657/9883 2673/9989
vt 0.93611 0.17295
f 2651/9986 2658/9990 2668/9987
vt 0.07116 0.93445
vt 0.07147 0.93621
f 2651/9963 2671/9991 2663/9992
vt 0.07188 0.93611
f 2663/9985 2668/9993 2652/9964
vt 0.48670 0.67157
f 2663/9937 2671/9994 2669/9962
vt 0.91745 0.22237
f 2663/9983 2654/9979 2668/9995
vt 0.06611 0.88159
vt 0.06536 0.88303
f 2641/9996 2670/9997 2650/9918
vt 0.46806 0.26113
vt 0.46634 0.26482
f 2662/9998 2650/9982 2666/9999
vt 0.75279 0.36090
f 2660/9929 2667/10000 2656/9915
vt 0.35209 0.75939
f 2644/9873 2667/9904 2674/10001
vt 0.71941 0.07773
vt 0.71748 0.07705
vt 0.71748 0.07481
f 2658/10002 2652/10003 2668/10004
vt 0.76093 0.20018
f 2648/9968 2669/10005 2654/9969
vt 0.48834 0.67133
f 2669/9962 2671/9994 2672/10006
vt 0.31663 0.42354
vt 0.31618 0.42670
f 2666/10007 2670/10008 2641/9901
vt 0.46759 0.26578
f 2670/10009 2666/9999 2650/9982
vt 0.71551 0.07380
f 2654/9957 2672/10010 2668/10004
vt 0.71664 0.07413
f 2668/10004 2672/10010 2671/10011
vt 0.71505 0.07583
f 2654/9957 2669/10012 2672/10010
vt 0.89504 0.78460
vt 0.89523 0.78140
vt 0.89732 0.78586
f 2664/10013 2676/10014 2657/10015
vt 0.89699 0.78236
f 2657/10015 2676/10014 2673/10016
vt 0.48029 0.84590
f 2673/9954 2676/10017 2664/9981
vt 0.73141 0.07852
vt 0.72945 0.07794
f 186/690 294/10018 248/10019
vt 0.01324 0.97527
vt 0.01301 0.97720
vt 0.01249 0.97658
f 2677/10020 2679/10021 2678/10022
vt 0.97428 0.31058
vt 0.97377 0.30820
vt 0.97428 0.30795
f 2677/10023 456/10024 2679/10025
vt 0.17320 0.93374
f 2680/10026 875/3451 892/3450
vt 0.97938 0.47594
vt 0.97938 0.47496
vt 0.98002 0.47519
f 2680/10027 874/10028 875/10029
vt 0.98883 0.94425
vt 0.98860 0.94341
vt 0.98883 0.94315
f 2680/10030 813/10031 874/10032
vt 0.08401 0.95692
f 776/3191 848/3190 893/10033
vt 0.81265 0.96694
vt 0.81342 0.96664
vt 0.81344 0.96798
f 893/10034 950/10035 968/10036
f 783/3262 968/3838 932/3395
vt 0.81252 0.96855
vt 0.81272 0.96810
f 783/10037 893/10038 968/10036
vt 0.98511 0.13618
vt 0.98540 0.13532
vt 0.98550 0.13611
f 1349/10039 1475/10040 1330/10041
vt 0.01625 0.27808
f 1349/10042 1305/4906 1475/5465
vt 0.98814 0.17323
vt 0.98829 0.17389
vt 0.98806 0.17404
f 2681/10043 1511/10044 1504/10045
vt 0.99341 0.16173
vt 0.99341 0.16125
vt 0.99363 0.16148
f 2681/10046 1653/10047 1511/10048
vt 0.97422 0.47498
vt 0.97417 0.47778
vt 0.97368 0.47684
f 1550/10049 1661/10050 2682/10051
vt 0.95199 0.32413
vt 0.95313 0.32648
vt 0.95240 0.32713
f 1550/10052 1646/10053 1661/10054
vt 0.95347 0.32585
f 1550/10052 2683/10055 1646/10053
vt 0.99554 0.14140
vt 0.99549 0.14122
vt 0.99554 0.14103
f 1550/10056 1551/10057 2683/10058
vt 0.26835 0.45052
vt 0.26757 0.45025
f 1659/10059 1664/10060 1629/5925
vt 0.26743 0.45083
f 1659/10059 1693/10061 1664/10060
vt 0.96842 0.53748
vt 0.96842 0.54032
vt 0.96809 0.54022
f 2685/10062 1778/10063 1777/10064
vt 0.05288 0.95972
vt 0.05189 0.95722
vt 0.05288 0.95673
f 2685/10065 1760/10066 1778/10067
vt 0.10226 0.06409
vt 0.10385 0.06331
f 1780/10068 1843/6970 1791/10069
vt 0.99534 0.89731
vt 0.99529 0.89721
vt 0.99535 0.89694
f 2686/10070 1804/10071 1872/10072
vt 0.95334 0.51973
vt 0.95256 0.52003
vt 0.95291 0.51802
f 1821/10073 2686/10074 1811/10075
vt 0.95329 0.52057
vt 0.95286 0.52077
f 2686/10074 1872/10076 1886/10077
vt 0.99113 0.23604
vt 0.99113 0.23663
vt 0.99088 0.23635
f 2687/10078 1952/10079 1982/10080
f 1907/7365 1889/7427 2688/7366
vt 0.50654 0.43002
f 2560/10081 2580/9813 2593/9812
vt 0.97675 0.31359
vt 0.97624 0.31279
vt 0.97694 0.31295
f 2691/10082 336/10083 346/10084
vt 0.98036 0.61346
vt 0.98054 0.61360
vt 0.98049 0.61452
f 2691/10085 2692/10086 349/10087
vt 0.98860 0.56990
vt 0.98860 0.56918
vt 0.98884 0.56954
f 2691/10088 351/10089 2692/10090
vt 0.99142 0.61868
vt 0.99126 0.61806
vt 0.99142 0.61780
f 2691/10091 346/10092 351/10093
vt 0.62597 0.85542
f 2691/10094 351/1315 336/1314
f 2691/10094 406/1316 351/1315
vt 0.95121 0.40615
vt 0.95062 0.40853
vt 0.94987 0.40708
f 2691/10095 349/10096 2678/10097
vt 0.62499 0.85659
f 2691/10094 2678/10098 406/1316
vt 0.70911 0.80360
f 2698/10099 1034/4065 2694/4064
vt 0.70763 0.80430
f 2698/10099 2693/10100 1034/4065
vt 0.98972 0.70175
vt 0.98957 0.70047
vt 0.98972 0.70043
f 2698/10101 2696/10102 2695/10103
vt 0.98664 0.05259
vt 0.98637 0.05142
vt 0.98664 0.05130
f 2698/10104 2694/10105 2696/10106
vt 0.98601 0.46016
vt 0.98581 0.45877
vt 0.98601 0.45883
f 2698/10107 2695/10108 1122/10109
vt 0.43130 0.97657
vt 0.43130 0.97527
vt 0.43243 0.97563
f 2698/10110 2696/10111 2697/10112
vt 0.99126 0.09967
vt 0.99126 0.09834
vt 0.99138 0.09838
f 2698/10113 1122/10114 2696/10115
vt 0.96941 0.73381
vt 0.96968 0.73184
vt 0.97031 0.73286
f 2698/10116 2697/10117 2693/10118
vt 0.99273 0.01001
vt 0.99293 0.01051
vt 0.99273 0.01061
f 2700/10119 1292/10120 1310/10121
vt 0.15366 0.99362
vt 0.15387 0.99400
vt 0.15372 0.99405
f 2700/10122 2699/10123 1292/10124
vt 0.97097 0.18574
vt 0.97157 0.18630
vt 0.97088 0.18616
f 2700/10125 1318/10126 2699/10127
vt 0.99331 0.77439
f 2700/10128 2699/5145 1315/5144
vt 0.99390 0.70900
vt 0.99390 0.70949
vt 0.99373 0.70935
f 2700/10129 1310/10130 2699/10131
vt 0.86894 0.14866
vt 0.86908 0.14938
vt 0.86762 0.14778
f 2700/10132 1315/10133 1248/10134
vt 0.86888 0.14758
f 2700/10132 1248/10134 1362/10135
vt 0.97161 0.18482
f 2700/10125 1362/10136 1318/10126
vt 0.97270 0.91501
vt 0.97229 0.91345
vt 0.97294 0.91389
f 2702/10137 1782/10138 1794/10139
vt 0.81213 0.44218
f 2702/10140 1814/6934 1782/6852
vt 0.90507 0.87366
f 2702/10141 1793/6906 1790/6818
vt 0.99272 0.03277
f 2702/10142 1806/6914 1793/6913
vt 0.99238 0.01520
vt 0.99238 0.01474
vt 0.99265 0.01498
f 2702/10143 1794/10144 1806/10145
f 2702/10141 1790/6818 2701/6817
vt 0.78593 0.58639
f 2703/10146 1818/6925 1748/6924
vt 0.98128 0.51858
vt 0.98152 0.51826
vt 0.98159 0.51913
f 2703/10147 1755/10148 2704/10149
vt 0.99341 0.82894
vt 0.99362 0.82871
vt 0.99355 0.82913
f 2703/10150 1816/10151 1755/10152
vt 0.99127 0.08137
vt 0.99129 0.08088
vt 0.99153 0.08118
f 2703/10153 1748/10154 1816/10155
f 2702/10140 2701/6961 1806/6960
vt 0.25849 0.99177
vt 0.25831 0.99145
vt 0.25849 0.99086
f 2702/10156 1806/10157 1814/10158
vt 0.98369 0.52552
vt 0.98316 0.52541
vt 0.98370 0.52520
f 2703/10159 2704/10160 1816/10161
vt 0.99258 0.46507
vt 0.99238 0.46483
vt 0.99258 0.46446
f 2703/10162 1816/10163 1818/10164
vt 0.98453 0.66745
vt 0.98502 0.66759
f 2706/10165 2322/8873 2314/10166
vt 0.99508 0.14152
vt 0.99516 0.14158
vt 0.99508 0.14205
f 2706/10167 2705/10168 2320/10169
vt 0.98860 0.12644
f 2706/10170 2314/8859 2705/8861
f 2706/10165 2705/8874 2322/8873
vt 0.99529 0.34167
vt 0.99538 0.34135
vt 0.99538 0.34174
f 2706/10171 2331/10172 2705/10173
vt 0.95311 0.17474
vt 0.95258 0.17475
vt 0.95254 0.17427
f 2706/10174 2320/10175 2432/10176
f 2706/10174 2432/10176 2331/8999

