# Blender 4.5.9 LTS
# www.blender.org
o character_baked
v -0.1172 -0.0525 0.1464
v -0.1125 -0.0481 0.147
v 0.07 0.4026 0.0851
v 0.0704 0.3977 0.0827
v 0.0428 0.4689 0.0547
v 0.0446 0.4749 0.0515
v -0.2169 -0.4181 0.3609
v -0.2142 -0.3419 0.407
v -0.0949 -0.4453 0.334
v -0.1696 -0.4549 0.3322
v -0.1985 -0.3327 0.4164
v -0.1367 -0.376 0.3937
v -0.1665 -0.3456 0.4088
v -0.1399 -0.4927 0.2952
v -0.0797 -0.4564 0.3256
v -0.1092 -0.4368 0.3492
v -0.2288 -0.3826 0.3765
v -0.0897 -0.5001 0.2905
v -0.1174 -0.5058 0.2847
v -0.0812 -0.4744 0.3043
v 0.1032 -0.5673 0.109
v 0.1238 -0.566 0.1466
v 0.0603 -0.5712 -0.0038
v 0.1015 -0.5646 0.0605
v 0.1971 -0.5585 0.1499
v 0.1963 -0.5702 0.0871
v 0.1575 -0.5718 0.027
v 0.1494 -0.5569 0.1695
v 0.1287 -0.5771 -0.034
v 0.0863 -0.5743 -0.0439
v -0.1352 0.2929 -0.0387
v -0.0464 0.3397 -0.0731
v -0.1144 0.3094 -0.0476
v -0.1791 0.2798 -0.0314
v -0.1865 0.3831 0.0081
v -0.2068 0.2808 -0.011
v -0.1547 0.2678 -0.0356
v -0.1493 0.3998 0.0028
v -0.1074 0.4392 -0.0066
v -0.1088 0.4371 0.0097
v -0.0801 0.4003 -0.0437
v -0.1194 0.4103 0.0041
v -0.0943 0.4209 -0.0214
v -0.1176 0.4412 0.0262
v -0.2106 0.3464 0.0269
v -0.0632 0.3769 -0.0578
v -0.2206 0.3036 0.0283
v -0.1981 0.3528 0.0344
v -0.2212 0.2939 0.0338
v -0.0523 0.3637 -0.0587
v -0.2168 0.3284 0.037
v -0.2254 0.2823 0.0341
v -0.0847 0.3269 -0.0521
v -0.0518 0.3338 -0.0656
v 0.0384 -0.1087 0.171
v 0.0254 -0.0448 0.1708
v -0.048 -0.043 0.1712
v -0.0508 -0.1064 0.167
v -0.04 -0.1191 0.164
v 0.033 -0.0334 0.1672
v 0.0003 -0.1413 0.1717
v 0.0399 -0.0457 0.1678
v -0.0164 -0.1311 0.1682
v -0.001 -0.1365 0.1611
v -0.0312 -0.0206 0.1453
v 0.0227 -0.014 0.1477
v -0.0014 -0.0239 0.1462
v -0.0557 -0.1087 0.16
v -0.0684 -0.0016 0.1301
v -0.0809 -0.1058 0.1584
v -0.0437 -0.0128 0.142
v -0.0346 -0.1178 0.1615
v 0.0459 -0.0805 0.1522
v 0.0372 -0.1152 0.1521
v 0.0403 -0.0046 0.1395
v 0.0596 -0.0271 0.1419
v 0.0536 -0.0172 0.1421
v 0.0513 -0.0341 0.1451
v 0.0487 -0.1144 0.1524
v -0.0728 -0.035 0.1546
v 0.0566 -0.0018 0.1427
v 0.1593 -0.037 0.0404
v 0.1143 0.0106 0.1219
v 0.2347 -0.2901 0.0484
v 0.1766 -0.1524 0.0767
v 0.2493 -0.3021 0.0454
v 0.2285 -0.1936 0.0082
v 0.1621 -0.121 0.085
v 0.1993 -0.2049 0.0657
v 0.1472 -0.1157 0.1064
v 0.1323 -0.0721 0.117
v 0.1246 -0.0605 0.1253
v 0.1059 0.0052 0.125
v 0.1597 -0.1327 0.0947
v 0.1864 -0.1746 0.0738
v 0.3124 -0.3978 -0.0035
v 0.145 -0.0048 0.0542
v 0.1021 0.0319 0.1245
v 0.1423 0.0016 0.0389
v 0.1159 0.0392 0.0964
v 0.1098 0.0359 0.1029
v 0.1259 0.0753 0.0562
v 0.2834 -0.3252 -0.0391
v 0.1217 0.0643 0.0438
v 0.3149 -0.4069 -0.0111
v 0.1084 0.1203 0.0858
v 0.1175 0.1224 0.0555
v 0.1064 0.157 0.0713
v 0.2894 -0.396 0.0249
v 0.2162 -0.252 0.0609
v 0.1142 0.0809 0.0897
v 0.0813 0.1733 0.1191
v 0.0442 0.1711 0.1525
v 0.104 0.1255 0.0947
v 0.0992 0.1732 0.0772
v 0.0811 0.1264 0.1351
v 0.2623 -0.3367 0.0467
v 0.1114 0.156 0.0509
v 0.0521 0.1698 0.1601
v 0.0404 0.146 0.1748
v 0.2535 -0.2588 -0.0162
v 0.1286 0.0412 0.0325
v 0.289 -0.3485 -0.0437
v 0.1738 -0.0677 0.0267
v 0.1174 0.032 0.1098
v 0.3152 -0.4055 -0.0355
v 0.0515 0.1286 0.1579
v 0.0356 0.1139 0.1704
v 0.0348 0.0847 0.1721
v 0.0499 0.0733 0.1632
v 0.0703 0.0404 0.1573
v 0.0379 0.1656 0.1652
v 0.3081 -0.3879 -0.0462
v 0.2011 -0.138 0.0145
v 0.1004 0.0181 0.1384
v 0.079 0.0402 0.1501
v 0.3099 -0.417 -0.0531
v 0.1847 -0.1053 0.0158
v 0.3171 -0.4014 -0.0173
v 0.3167 -0.4096 -0.0124
v 0.0926 0.0248 0.1452
v 0.2134 -0.2382 -0.0613
v 0.2298 -0.2882 -0.07
v 0.2516 -0.3033 -0.0432
v 0.1603 -0.0954 -0.0216
v 0.1132 -0.0022 0.0187
v 0.1333 -0.0175 0.0391
v 0.1739 -0.1292 0.0135
v 0.2731 -0.3248 -0.0226
v 0.1563 -0.0573 0.0379
v 0.2886 -0.3577 -0.0025
v 0.3098 -0.4046 -0.0119
v 0.1504 -0.0435 0.0474
v 0.143 -0.0338 0.037
v 0.1298 -0.0259 -0.0084
v 0.2328 -0.2453 0.0149
v 0.1937 -0.1446 0.0376
v 0.1055 0.0073 0.0046
v 0.2823 -0.3973 -0.0526
v 0.1483 -0.0672 -0.0138
v 0.1342 0.0007 0.0341
v 0.1736 -0.1177 0.0351
v 0.2916 -0.3961 -0.0407
v 0.2711 -0.3176 0.0101
v 0.1416 -0.0253 0.0555
v 0.1354 -0.011 0.0533
v 0.233 -0.3815 -0.1077
v 0.2303 -0.3683 -0.1092
v 0.2242 -0.3336 -0.092
v 0.2421 -0.4135 -0.1169
v 0.3108 -0.4167 -0.0467
v 0.1864 -0.1587 -0.037
v 0.207 -0.2231 -0.0515
v 0.3117 -0.4067 -0.0366
v 0.2463 -0.4189 -0.1045
v 0.2624 -0.4191 -0.1035
v 0.2751 -0.4136 -0.0851
v 0.2856 -0.4174 -0.0764
v 0.1405 -0.0281 0.0436
v -0.0572 0.0484 0.1707
v -0.0082 0.0774 0.1768
v 0.0084 0.0652 0.1752
v -0.0623 0.096 0.1668
v -0.064 0.0774 0.1708
v -0.0713 0.0597 0.1659
v -0.0625 -0.1145 0.1806
v -0.0551 -0.0854 0.1756
v -0.0621 -0.0034 0.1662
v -0.0507 -0.0363 0.1771
v -0.0404 0.0955 0.1729
v 0.0168 -0.0389 0.18
v 0.0399 -0.0815 0.1766
v 0.0497 -0.0912 0.1794
v 0.0414 -0.0257 0.1743
v 0.047 0.0369 0.1645
v 0.0301 0.0471 0.1661
v 0.0326 -0.0345 0.1779
v 0.0402 -0.1272 0.1729
v -0.1817 0.0624 0.0896
v -0.1589 0.121 0.1017
v -0.1446 0.1016 0.1363
v -0.1467 0.0819 0.1433
v -0.134 0.117 0.138
v -0.1579 0.0598 0.1441
v -0.1649 0.1234 0.0648
v -0.1365 0.1263 0.1249
v -0.1735 0.0635 0.0283
v -0.1943 0.0006 0.0829
v -0.1561 0.117 0.029
v -0.1892 0.0033 0.0284
v -0.1684 0.0028 0.1438
v -0.1877 -0.007 0.0896
v -0.1908 -0.003 0.1154
v -0.1613 -0.223 0.0202
v -0.1573 -0.1988 0.0657
v -0.1424 -0.2857 0.0576
v -0.1656 -0.2169 0.0799
v -0.1682 -0.2525 0.0928
v -0.1658 -0.3028 0.1272
v -0.1553 -0.2468 0.1041
v -0.1654 -0.2854 0.1328
v -0.1628 -0.3011 0.1437
v -0.1503 -0.3691 0.1683
v -0.1656 -0.3543 0.2158
v -0.1574 -0.4235 0.2371
v -0.1619 -0.3136 0.1524
v -0.1771 -0.3919 0.2688
v -0.1708 -0.4428 0.2826
v -0.1695 -0.4539 0.331
v -0.2158 -0.4174 0.3591
v -0.2181 -0.369 0.338
v -0.2223 -0.394 0.375
v -0.1383 -0.4929 0.2968
v -0.1263 -0.4806 0.2623
v -0.1209 -0.3756 0.1535
v -0.1239 -0.2621 0.0278
v -0.1311 -0.4517 0.2379
v -0.1295 -0.2899 0.0492
v -0.1354 -0.3236 0.0844
v -0.1213 -0.4576 0.2333
v -0.1248 -0.3877 0.1687
v -0.1286 -0.41 0.1965
v -0.1263 -0.503 0.2875
v -0.1918 -0.4026 0.3135
v -0.1302 -0.3442 0.0961
v -0.1165 -0.3312 0.075
v -0.1381 -0.3559 0.1197
v -0.144 -0.2116 -0.0033
v -0.1606 -0.1842 0.0121
v -0.1357 -0.1802 -0.0094
v -0.1721 -0.201 0.0349
v -0.1662 -0.1772 0.0452
v -0.1621 -0.1692 0.0628
v -0.12 -0.3252 0.0863
v -0.1348 -0.4169 0.2142
v -0.1155 -0.2467 0.0013
v -0.1375 -0.3189 0.0723
v -0.2262 -0.3615 0.3937
v -0.2217 -0.352 0.3735
v -0.1117 -0.2262 -0.0058
v -0.1663 -0.3811 0.2738
v -0.189 -0.3876 0.3117
v -0.1814 -0.3744 0.2925
v -0.1368 -0.4334 0.2157
v 0.1524 -0.2674 0.0082
v 0.1534 -0.3356 -0.0036
v 0.1542 -0.295 0.0004
v 0.1492 -0.3688 0.0046
v 0.147 -0.4031 0.0117
v 0.1323 -0.4684 -0.0337
v 0.1476 -0.4604 0.0182
v 0.1528 -0.4964 -0.0059
v 0.1512 -0.4907 -0.0185
v 0.1362 -0.3758 -0.036
v 0.1296 -0.2853 -0.0483
v 0.135 -0.3099 -0.0456
v 0.1256 -0.3746 -0.0411
v 0.1303 -0.3567 -0.0468
v 0.1249 -0.4253 -0.0284
v 0.1283 -0.2513 -0.0377
v 0.1495 -0.2316 0.0027
v 0.148 -0.2308 0.0106
v 0.1247 -0.2058 -0.0399
v 0.1154 -0.208 -0.0404
v 0.1159 -0.2347 -0.0372
v 0.1611 -0.4631 0.0365
v 0.1972 -0.5672 0.0905
v 0.1415 -0.574 -0.0171
v 0.1721 -0.5251 0.0407
v 0.1578 -0.5703 0.0321
v 0.1396 -0.4983 -0.0212
v 0.1176 -0.5728 -0.0333
v 0.1136 -0.4826 -0.0425
v 0.1188 -0.5311 -0.0388
v 0.1206 -0.5071 -0.0412
v 0.1099 -0.5209 -0.0444
v 0.1956 -0.5589 0.1371
v 0.1581 -0.4883 0.0753
v 0.1384 -0.1717 -0.01
v 0.1434 -0.1706 0.022
v 0.1265 -0.1661 -0.0177
v 0.1098 -0.164 -0.0308
v 0.1407 -0.1841 0.0441
v 0.1438 -0.197 0.0234
v 0.1853 -0.5159 0.0914
v 0.1438 -0.1996 0.0338
v 0.1141 -0.1798 -0.0425
v 0.1849 -0.5254 0.1246
v 0.1741 -0.4948 0.0936
v 0.1444 -0.4691 0.0664
v 0.1473 -0.4566 0.0518
v 0.2371 0.0775 0.154
v 0.2369 0.1603 0.1162
v 0.2127 0.2063 0.0453
v 0.2437 0.0921 0.1082
v 0.2122 0.2231 0.0852
v 0.2396 0.1566 0.0748
v 0.2513 0.0315 0.1344
v 0.2461 0.115 0.0892
v 0.2447 0.032 0.1625
v 0.2196 0.0491 0.1832
v 0.1864 0.2002 0.12
v 0.1996 0.2099 0.1174
v 0.2027 0.0772 0.1689
v 0.2017 0.1326 0.1482
v 0.2053 0.0956 0.1509
v -0.0779 -0.2353 -0.0073
v -0.0505 -0.2132 0.0101
v -0.0275 -0.1269 0.0067
v -0.0289 -0.1898 0.0361
v -0.0346 -0.1569 0.0128
v -0.0197 -0.0791 0.0231
v -0.0327 -0.1666 0.0228
v -0.0546 -0.0749 -0.0133
v -0.0772 -0.0221 -0.0168
v -0.0807 -0.0402 -0.0172
v -0.0039 -0.0213 -0.0048
v -0.0303 0.0148 -0.0241
v -0.0315 -0.0513 -0.0037
v -0.0507 0.0204 -0.0309
v -0.0072 -0.0611 0.028
v -0.0768 0.0061 -0.0307
v -0.1041 -0.0442 -0.0135
v -0.062 -0.2565 0.0271
v -0.0731 -0.2883 0.0471
v -0.0799 -0.3576 0.1316
v -0.0669 -0.3256 0.0848
v -0.0868 -0.3798 0.1664
v -0.0924 -0.4094 0.1985
v -0.1287 -0.412 0.1943
v -0.1161 -0.3313 0.0751
v -0.1242 -0.3825 0.1497
v -0.0756 -0.3658 0.1516
v -0.1363 -0.352 0.1226
v -0.1294 -0.3406 0.0874
v -0.097 -0.4263 0.2272
v -0.1242 -0.4501 0.2485
v -0.0904 -0.4424 0.2274
v -0.1159 -0.5059 0.2833
v -0.0979 -0.4707 0.262
v -0.1214 -0.4744 0.2493
v -0.0941 -0.4962 0.289
v -0.1262 -0.5029 0.2875
v -0.1339 -0.3304 0.0908
v -0.132 -0.4834 0.2653
v -0.1176 -0.1207 -0.0014
v -0.1171 -0.1676 -0.0124
v -0.1342 -0.4131 0.2213
v -0.1192 -0.1403 -0.0057
v -0.1175 -0.0445 -0.0217
v -0.1245 -0.3874 0.169
v -0.1447 -0.3177 0.0771
v -0.1301 -0.3254 0.0745
v -0.1407 -0.2929 0.0529
v -0.1289 -0.2895 0.0502
v -0.1243 -0.2633 0.0277
v -0.11 -0.2373 -0.0061
v -0.1362 -0.4334 0.2123
v -0.1161 -0.0969 -0.0039
v 0.0208 -0.0518 -0.0146
v 0.0429 -0.0386 -0.0196
v 0.0366 -0.0046 -0.0249
v 0.0239 -0.001 -0.0221
v -0.1412 -0.194 0.0071
v -0.0834 -0.2525 0.0002
v -0.1196 -0.1348 0.0071
v -0.1256 -0.1224 0.0095
v -0.138 -0.1296 0.0106
v -0.0062 0.0267 -0.0255
v 0.0185 0.4023 0.1152
v 0.0224 0.4039 0.0862
v 0.0291 0.4123 0.0777
v 0.0298 0.4225 0.0479
v 0.0348 0.423 0.1115
v 0.0281 0.4317 0.0528
v 0.0365 0.4579 0.0474
v 0.027 0.4069 0.0987
v 0.0147 0.3875 0.1056
v 0.0464 0.4477 0.0559
v 0.0184 0.4157 0.1258
v 0.0123 0.3917 0.1048
v 0.0148 0.3832 0.1137
v 0.0425 0.4385 0.0925
v 0.194 0.0481 0.0957
v 0.1911 0.0914 0.0651
v 0.2176 0.0939 0.0636
v 0.2112 0.1237 0.0478
v 0.1536 0.1134 0.0521
v 0.165 0.1501 0.0305
v 0.2283 0.048 0.0978
v 0.2213 0.0174 0.109
v 0.2301 0.0249 0.1054
v 0.1702 0.1669 0.0271
v 0.2266 -0.01 0.1377
v 0.2253 -0.0414 0.1422
v 0.206 0.1597 0.0279
v 0.2364 -0.0133 0.1358
v 0.1309 0.1303 0.0847
v 0.1664 0.0042 0.1781
v 0.206 -0.0271 0.1491
v 0.1564 0.0921 0.1066
v 0.1444 0.1466 0.0316
v 0.1519 0.0013 0.1975
v 0.193 -0.028 0.1743
v 0.1575 0.0344 0.1615
v 0.1462 0.0237 0.1778
v 0.1676 0.0704 0.123
v 0.1231 0.1597 0.0977
v 0.1642 0.0368 0.1391
v 0.1723 0.0538 0.1304
v 0.1499 0.1137 0.0943
v 0.1826 -0.022 0.2043
v 0.1241 0.1669 0.0841
v 0.1322 0.1499 0.0658
v 0.1487 0.1535 0.0254
v 0.1246 0.1528 0.0511
v 0.1153 0.1634 0.0565
v 0.1547 0.1655 0.0088
v 0.132 0.2197 -0.0055
v 0.1272 0.1943 0.0029
v 0.1204 0.2301 -0.0017
v 0.1062 0.2425 -0.0078
v 0.1081 0.2458 -0.0312
v 0.1461 0.1588 0.0138
v 0.1108 0.1791 0.0773
v 0.1608 0.0915 0.12
v 0.0978 0.1937 0.0683
v 0.1025 0.1971 0.0505
v 0.1468 0.0067 0.1913
v 0.0452 0.467 0.0431
v 0.0571 0.4703 0.0516
v -0.2048 0.0907 0.0854
v -0.203 0.0716 0.0355
v -0.2079 0.0637 0.049
v -0.226 0.0589 0.0855
v -0.2151 0.0443 0.0465
v -0.234 0.0281 0.0526
v -0.2328 -0.0059 0.0622
v -0.2387 0.0138 0.0902
v -0.2188 0.0704 0.0874
v -0.2416 0.0262 0.0929
v -0.1809 0.1282 0.0719
v -0.1813 0.1178 0.0873
v -0.1684 0.1523 0.0849
v -0.217 0.1046 0.0801
v -0.1525 0.1839 0.0928
v -0.1515 0.1963 0.0953
v -0.1396 0.2349 0.0931
v -0.1438 0.1692 0.0404
v -0.1683 0.1247 0.0426
v -0.2074 0.0844 0.0324
v -0.134 0.2159 0.0858
v -0.1322 0.2001 0.0333
v -0.1397 0.2354 -0.0025
v -0.1662 0.149 0.0136
v -0.1503 0.1982 -0.0031
v -0.204 0.0967 0.0195
v -0.1701 0.177 -0.0017
v -0.1845 0.1229 0.0119
v 0.2299 0.0464 0.0925
v 0.2476 0.138 0.0742
v 0.2117 0.1504 0.0313
v 0.2185 0.0937 0.0635
v 0.21 0.122 0.0485
v 0.1932 0.1746 0.0209
v 0.2045 0.1882 0.0101
v 0.2299 0.0247 0.1055
v 0.2504 0.0317 0.1344
v 0.2473 0.0899 0.1082
v 0.2278 0.2102 0.0406
v 0.2423 0.1574 0.0747
v 0.194 0.1799 0.0231
v 0.2453 0.0311 0.1473
v 0.2159 0.2046 0.0297
v 0.2246 0.2185 0.0516
v 0.077 0.1312 0.1375
v 0.1033 0.1282 0.0957
v 0.1214 0.1161 0.1021
v 0.1079 0.1207 0.0843
v 0.0518 0.128 0.1569
v 0.135 0.1186 0.1101
v 0.078 0.1293 0.1665
v 0.0611 0.124 0.1654
v 0.0883 0.1225 0.1688
v -0.0786 0.0305 0.1846
v -0.0706 0.0596 0.1694
v -0.0998 -0.0253 0.1893
v -0.0785 0.062 0.1576
v -0.0923 0.0081 0.1575
v -0.0855 0.0374 0.1468
v -0.08 0.0489 0.1508
v -0.1151 -0.0272 0.1713
v -0.1024 0.0051 0.1622
v -0.1111 0.0082 0.147
v -0.1301 -0.0221 0.1526
v -0.0947 0.0155 0.156
v 0.2081 0.2103 0.0326
v 0.2096 0.2027 0.065
v 0.2113 0.1922 0.0949
v 0.1946 0.2216 0.0996
v 0.1603 0.2659 0.0939
v 0.1912 0.2001 0.1146
v 0.1566 0.2372 0.1129
v 0.1768 0.2682 0.075
v 0.1747 0.1933 0.1139
v 0.1444 0.257 0.1122
v 0.1712 0.2151 0.1099
v 0.1844 0.2649 0.0285
v 0.1866 0.2287 0.0123
v 0.1735 0.3149 0.0043
v 0.1715 0.3523 0.066
v 0.1715 0.3501 -0.0075
v 0.1779 0.2947 -0.0037
v 0.1449 0.3399 0.0972
v 0.1874 0.3008 0.0752
v 0.1891 0.2872 0.0771
v 0.1636 0.2679 0.1027
v 0.1433 0.3467 0.1006
v 0.1299 0.3561 0.1249
v 0.1172 0.3356 0.1429
v 0.1195 0.3721 0.1192
v 0.1359 0.3523 0.0977
v 0.1151 0.2975 0.1286
v 0.1297 0.3802 0.0996
v 0.1637 0.37 0.0724
v 0.1321 0.396 0.0877
v 0.1717 0.3744 0.0192
v 0.1507 0.3932 0.018
v 0.1292 0.2966 0.1212
v 0.139 0.2803 0.1173
v 0.1156 0.3118 0.1385
v 0.1375 0.4069 0.0499
v 0.1011 0.3187 0.1333
v 0.15 0.4163 0.0689
v 0.1301 0.4196 0.0751
v 0.138 0.4154 0.0527
v 0.1429 0.2621 0.1118
v 0.0687 -0.3072 -0.0585
v 0.1297 -0.3564 -0.0473
v 0.1309 -0.2862 -0.0513
v 0.1221 -0.2189 -0.0413
v 0.1314 -0.3747 -0.0365
v 0.0714 -0.3542 -0.0507
v 0.1299 -0.2519 -0.0401
v 0.1181 -0.2353 -0.043
v 0.1247 -0.434 -0.0343
v 0.0811 -0.3847 -0.0455
v 0.0904 -0.46 -0.0226
v 0.1129 -0.206 -0.0467
v 0.0622 -0.2002 -0.0422
v 0.0905 -0.4411 -0.0388
v 0.0576 -0.2072 -0.0444
v 0.0598 -0.3216 -0.0505
v 0.0742 -0.3954 -0.0391
v 0.0651 -0.2252 -0.045
v 0.0666 -0.3657 -0.048
v 0.07 -0.2438 -0.0502
v 0.1341 -0.404 -0.0306
v 0.1329 -0.4659 -0.0375
v 0.131 -0.3089 -0.0396
v 0.1099 -0.5209 -0.0444
v 0.118 -0.506 -0.0353
v 0.1196 -0.5316 -0.0408
v 0.0746 -0.5708 -0.0471
v 0.1193 -0.5714 -0.032
v 0.1134 -0.4855 -0.0417
v 0.0881 -0.4865 -0.0473
v 0.0851 -0.4847 -0.0397
v 0.084 -0.5217 -0.0409
v 0.08 -0.5451 -0.0407
v 0.0855 -0.5069 -0.0239
v 0.1574 0.3625 0.0947
v 0.1451 0.3505 0.1034
v 0.1469 0.3376 0.1054
v 0.1707 0.3557 0.0609
v 0.1848 0.3602 0.0426
v 0.1685 0.3471 -0.0048
v 0.1696 0.3573 -0.0034
v 0.0104 0.4546 0.1199
v -0.0213 0.4463 0.1432
v -0.0012 0.413 0.1149
v -0.0232 0.4073 0.1259
v 0.0037 0.3846 0.1067
v -0.0206 0.4813 0.142
v -0.0261 0.4026 0.1155
v 0.0056 0.5008 0.1383
v 0.0019 0.4867 0.1321
v -0.0215 0.5139 0.1439
v 0.0024 0.5157 0.1387
v 0.0126 0.51 0.1336
v -0.0392 0.4847 0.1374
v -0.0287 0.428 0.1257
v -0.0175 0.3894 0.1274
v -0.0401 0.5092 0.1421
v -0.2946 -0.0885 0.0691
v -0.3031 -0.0906 0.0277
v -0.3144 -0.047 0.0823
v -0.3177 -0.0493 0.0351
v -0.2813 -0.0847 0.1079
v -0.3046 -0.0424 0.1041
v -0.2904 -0.0639 0.1119
v -0.2796 -0.0941 0.0703
v -0.2885 -0.0871 0.0341
v -0.2585 -0.1109 0.0922
v -0.2693 -0.1008 0.0619
v -0.2584 -0.1202 0.0699
v 0.1467 0.1658 0.1186
v 0.1969 0.1303 0.151
v 0.1962 0.1735 0.1349
v 0.1902 0.1976 0.1193
v 0.169 0.1276 0.1384
v 0.18 0.1098 0.1357
v 0.199 0.1004 0.1495
v 0.1876 0.0892 0.1453
v 0.172 0.2042 0.1253
v 0.1318 0.1747 0.1058
v 0.1325 0.1311 0.0858
v 0.1708 0.2191 0.11
v 0.1554 0.2302 0.116
v 0.1226 0.2585 0.108
v 0.1161 0.2649 0.0938
v 0.142 0.2572 0.1105
v 0.1084 0.2272 0.0964
v 0.1327 0.1952 0.1163
v 0.1271 0.1877 0.1128
v 0.1594 0.2416 0.1098
v 0.1042 0.1813 0.0815
v 0.1103 0.2062 0.0829
v 0.0916 0.1918 0.0765
v 0.153 0.1166 0.0918
v 0.1498 0.1126 0.1062
v 0.1658 0.0949 0.108
v 0.1707 0.1082 0.1227
v 0.1296 0.1637 0.0952
v -0.2135 0.2463 0.0164
v -0.232 0.2461 0.0426
v -0.221 0.2752 0.0232
v -0.1918 0.2649 0.0905
v -0.1766 0.24 0.1137
v -0.1699 0.2529 0.121
v -0.1726 0.2638 0.1087
v -0.1939 0.2644 -0.0033
v -0.2089 0.2522 -0.0067
v -0.0823 0.4172 0.0261
v -0.0828 0.4587 0.046
v -0.0729 0.4595 0.025
v -0.0782 0.4893 0.0142
v -0.0664 0.4685 0.0139
v -0.0648 0.4512 0.0026
v -0.0672 0.4255 0.0078
v -0.0848 0.4395 0.0946
v -0.0815 0.4072 0.0746
v -0.0713 0.4 0.0953
v -0.076 0.4261 0.112
v -0.0893 0.493 0.0549
v -0.0783 0.4751 0.0627
v -0.0879 0.4956 0.0446
v -0.0767 0.474 0.0184
v -0.09 0.4157 0.0627
v -0.0627 0.391 0.1056
v -0.0553 0.4037 0.1278
v -0.0475 0.3808 0.123
v -0.0672 -0.1001 0.168
v -0.0627 -0.118 0.1814
v -0.041 -0.0378 0.1734
v -0.0515 -0.1054 0.1664
v -0.19 -0.0092 0.089
v -0.1604 -0.0146 0.1
v -0.1348 -0.0226 0.1325
v -0.1547 -0.0031 0.1729
v -0.171 -0.0089 0.1492
v -0.1747 -0.0127 0.0737
v -0.1721 -0.0125 0.0536
v -0.1385 -0.0234 0.185
v -0.116 -0.0208 0.2053
v -0.112 -0.0291 0.168
v -0.1328 -0.0177 0.198
v -0.103 -0.0308 0.1978
v -0.0944 -0.0378 0.1814
v -0.1811 0.0079 0.029
v -0.1714 -0.0122 0.0246
v -0.1942 0.0031 0.0831
v -0.133 -0.0216 0.1569
v -0.1714 -0.0225 0.087
v -0.1807 -0.0003 0.1287
v -0.0579 0.5671 0.0786
v -0.058 0.5703 0.0508
v -0.0643 0.541 0.0419
v -0.0795 0.5072 0.0593
v -0.0801 0.5385 0.0673
v -0.0907 0.5017 0.0958
v -0.0469 0.5715 0.0816
v -0.0354 0.5637 0.1313
v -0.06 0.5295 0.14
v -0.0848 0.5328 0.0584
v -0.0302 0.5584 0.1472
v -0.0604 0.517 0.1381
v -0.0882 0.506 0.0777
v -0.0789 0.493 0.1155
v -0.0414 0.5696 0.1163
v -0.0765 0.5085 0.1274
v -0.0318 0.543 0.1545
v -0.0823 0.41 0.078
v -0.078 0.4073 0.0923
v -0.0995 0.4151 0.0712
v -0.0874 0.415 0.0553
v -0.0859 0.4306 0.0133
v -0.0994 0.4231 0.0274
v -0.1067 0.4183 0.0411
v -0.2232 0.2424 0.0159
v -0.2426 0.2176 0.0642
v -0.2187 0.2146 -0.0054
v -0.2586 0.1709 0.0568
v -0.2402 0.1842 0.0224
v -0.2445 0.2089 0.0156
v -0.2604 0.1815 0.0221
v -0.2483 0.1898 0.0577
v -0.2169 0.2394 0.0646
v -0.2251 0.2295 0.0785
v -0.1866 0.2362 -0.0035
v -0.2276 0.1988 -0.0004
v -0.1751 -0.3637 0.3104
v -0.1888 -0.3857 0.3103
v -0.1876 -0.3208 0.374
v -0.2201 -0.3705 0.3309
v -0.1917 -0.4024 0.3125
v -0.2159 -0.3309 0.3735
v -0.2255 -0.352 0.3646
v -0.1581 -0.3462 0.316
v -0.1586 -0.3445 0.3328
v -0.1516 -0.3395 0.355
v -0.1448 -0.3501 0.3368
v -0.1236 0.4404 0.0257
v -0.1244 0.4229 0.0702
v -0.1172 0.4372 0.0722
v -0.119 0.4184 0.0853
v -0.1067 0.4015 0.1072
v -0.1192 0.4242 0.0118
v -0.0978 0.4071 0.1172
v -0.0889 0.382 0.1328
v 0.0202 0.4332 0.0682
v 0.0161 0.4251 0.0837
v 0.0142 0.452 0.1218
v 0.0015 0.4146 0.1158
v 0.0028 0.4868 0.1342
v 0.0203 0.4613 0.0802
v 0.0279 0.4342 0.054
v 0.0301 0.4219 0.0487
v 0.002 0.4249 0.102
v 0.0017 0.4075 0.1059
v 0.0368 0.493 0.0798
v 0.0002 0.5066 0.1351
v 0.05 0.4738 0.0514
v 0.0227 0.4942 0.1032
v 0.0337 0.4595 0.0338
v 0.0415 0.4692 0.0547
v 0.0338 0.4573 0.0454
v 0.0261 0.4794 0.0843
v 0.0343 0.4804 0.0828
v 0.0302 0.5061 0.1092
v 0.0462 0.4925 0.0797
v 0.0471 0.5019 0.0907
v 0.0106 0.5048 0.1327
v 0.0458 0.4879 0.0669
v 0.0518 0.4909 0.0661
v 0.0639 0.4802 0.0528
v 0.0329 0.4757 0.0778
v -0.0649 0.4134 0.091
v -0.0747 0.4429 0.0881
v -0.0714 0.4272 0.0449
v -0.075 0.4339 0.1006
v -0.0764 0.4593 0.0551
v -0.0715 0.4507 0.0401
v -0.0644 0.4052 0.0958
v -0.0694 0.4316 0.1105
v -0.0475 0.39 0.1086
v -0.0343 0.3825 0.1139
v -0.0694 0.4174 0.0719
v -0.0573 0.4163 0.1223
v -0.1059 0.2885 -0.0395
v -0.0647 0.2066 -0.0357
v -0.1064 0.1872 -0.0003
v -0.0968 0.3126 -0.0399
v -0.1295 0.2478 -0.0133
v -0.0499 0.2016 -0.036
v -0.0361 0.1834 -0.0285
v -0.1357 0.2304 0.0038
v -0.0467 0.2826 -0.0545
v -0.0655 0.2511 -0.0553
v -0.0447 0.2673 -0.0506
v -0.1117 0.2659 -0.024
v -0.0739 0.3216 -0.0619
v -0.0659 0.31 -0.0604
v -0.1276 0.1984 0.0318
v -0.1084 0.1786 0.0063
v -0.1149 0.1705 -0.0028
v -0.1235 0.1819 0.0393
v -0.1113 0.1482 0.0035
v -0.1142 0.1312 0.0021
v -0.128 0.13 0.0286
v -0.1137 0.1792 0.0601
v -0.134 0.209 0.0448
v -0.1334 0.192 0.0468
v -0.1356 0.128 0.0475
v -0.1347 0.1641 0.04
v -0.0645 0.3402 -0.0563
v -0.0508 0.3368 -0.0593
v -0.1411 0.0417 0.0251
v -0.1563 0.0117 0.0221
v -0.1672 -0.0092 0.0247
v -0.1834 0.0037 0.0325
v -0.1329 0.1023 0.0243
v -0.1554 0.1177 0.0312
v -0.1678 0.0588 0.0269
v -0.1743 0.0647 0.0284
v -0.1484 0.0001 0.0103
v -0.1344 0.1278 0.0299
v 0.1307 -0.3087 -0.1771
v 0.1331 -0.2961 -0.1497
v 0.122 -0.2994 -0.1628
v 0.1159 -0.2828 -0.1594
v 0.1221 -0.2862 -0.1457
v 0.1409 -0.3172 -0.1685
v 0.0968 0.4235 0.0076
v 0.0961 0.439 0.0155
v 0.0929 0.4386 0.0581
v 0.0997 0.4199 0.0622
v 0.1075 0.421 0.0556
v 0.0802 0.4092 0.098
v 0.0791 0.3894 0.1037
v 0.1148 0.4262 0.0458
v -0.0863 -0.0386 -0.0271
v -0.0847 -0.0175 -0.0302
v -0.0811 -0.0626 -0.0363
v -0.1069 -0.0399 -0.021
v -0.0882 -0.0942 -0.0398
v -0.1082 -0.0869 -0.0247
v -0.0979 -0.089 -0.0292
v 0.0109 0.5546 0.0817
v 0.0071 0.5435 0.121
v 0.0284 0.5149 0.1103
v 0.0446 0.4955 0.0666
v 0.0407 0.505 0.1089
v 0.0377 0.5351 0.0743
v 0.05 0.4907 0.0418
v 0.0573 0.4887 0.0496
v 0.0503 0.4925 0.0702
v 0.0405 0.518 0.0347
v 0.028 0.5299 0.0377
v 0.0232 0.54 0.035
v 0.0059 0.5603 0.0473
v 0.0149 0.5679 0.0671
v 0.0369 0.5047 0.0239
v 0.032 0.4881 0.0261
v 0.0223 0.5183 0.031
v 0.0234 0.5183 0.1227
v -0.1326 -0.019 0.153
v -0.1101 0.021 0.1429
v -0.1381 0.0012 0.1411
v -0.1186 0.0363 0.1292
v -0.1075 0.0587 0.1336
v -0.141 -0.02 0.1459
v -0.285 0.1337 0.0195
v -0.2907 0.088 0.0248
v -0.2628 0.1557 -0.0003
v -0.2638 0.0893 0.0056
v -0.295 0.033 0.0284
v -0.2678 0.0233 0.0173
v -0.2387 0.1617 -0.0146
v -0.2522 0.1927 0.0015
v -0.2951 0.0783 0.0304
v -0.2026 0.0863 0.0168
v -0.2212 0.0801 0.0082
v -0.2356 0.0508 0.017
v -0.1825 0.1234 0.0106
v -0.2407 0.0416 0.0202
v -0.255 0.0195 -0.0008
v -0.2195 0.1533 -0.0103
v -0.2068 0.1708 -0.018
v -0.1667 0.1483 0.0135
v -0.1693 0.1829 -0.0007
v -0.2237 0.1724 -0.0109
v -0.1522 0.1937 0.0006
v -0.2034 0.1885 -0.0086
v -0.144 0.2172 -0.011
v -0.1494 0.2672 -0.0226
v -0.1315 0.252 -0.0068
v -0.1327 0.2828 -0.0226
v -0.1266 0.2546 -0.0163
v -0.1231 0.2987 -0.0255
v -0.1093 0.3028 -0.0271
v -0.1069 0.292 -0.02
v -0.1914 0.2412 -0.012
v -0.215 0.2138 0
v -0.1888 0.2463 -0.0185
v -0.2028 0.2476 0.0019
v -0.2222 0.1917 -0.0001
v -0.1859 0.2704 -0.008
v -0.2185 0.2511 0.0081
v -0.201 0.1535 0.0901
v -0.1906 0.1421 0.0838
v -0.2494 0.1938 0.0591
v -0.2457 0.2196 0.0697
v -0.1867 0.2338 0.091
v -0.1553 0.2157 0.0982
v -0.1627 0.1885 0.1004
v -0.2582 0.1722 0.0609
v -0.1682 0.1674 0.0885
v -0.2188 0.2385 0.0731
v -0.2332 0.1649 0.0815
v -0.3011 0.0224 0.0222
v -0.3104 0.0254 0.0526
v -0.3022 0.0303 0.0376
v -0.3066 0.0319 0.0768
v -0.2763 0.0169 0.0227
v -0.1286 0.0329 0.137
v -0.1371 -0.0129 0.1449
v -0.1102 0.0501 0.1373
v -0.1285 -0.0051 0.1302
v -0.1097 0.063 0.133
v -0.1149 0.0196 0.1257
v -0.1334 -0.0203 0.1353
v 0.0576 -0.4013 -0.1684
v 0.0515 -0.37 -0.1704
v 0.0727 -0.4128 -0.1767
v 0.0725 -0.3749 -0.1751
v 0.0681 -0.3516 -0.1709
v 0.0638 -0.3153 -0.1639
v 0.0605 -0.304 -0.1557
v 0.0111 -0.1335 -0.1105
v 0.0171 -0.152 -0.1115
v 0.0241 -0.187 -0.1131
v 0.039 -0.2223 -0.1401
v 0.0503 -0.2631 -0.1497
v 0.05 -0.2854 -0.1492
v 0.0342 -0.1583 -0.1226
v 0.0243 -0.2354 -0.1356
v 0.0321 -0.2874 -0.142
v 0.0471 -0.336 -0.1551
v 0.1526 0.0577 -0.0584
v 0.1535 -0.0335 -0.0797
v 0.1572 -0.0013 -0.0795
v 0.1604 -0.051 -0.0811
v 0.1507 -0.0406 -0.09
v 0.162 -0.0879 -0.0958
v 0.1616 -0.0517 -0.081
v 0.1526 -0.0785 -0.1003
v 0.1104 0.4156 0.0442
v 0.1234 0.4259 0.0468
v 0.1082 0.413 0.0671
v 0.1197 0.4304 0.0711
v -0.1351 0.1283 0.0685
v -0.1344 0.1284 0.0351
v -0.1122 0.1259 0.1317
v -0.1369 0.1276 0.1248
v -0.1365 0.1263 0.1404
v -0.1634 0.1225 0.0669
v -0.1581 0.1213 0.1026
v -0.155 0.1162 0.0311
v 0.146 0.416 -0.012
v 0.1202 0.4181 0.0091
v 0.1425 0.4146 0.0157
v 0.1204 0.4118 0.0002
v 0.0886 0.0546 0.1712
v 0.1133 0.0408 0.1233
v 0.0631 0.0493 0.1516
v 0.0802 0.0501 0.1753
v 0.0842 0.0459 0.145
v 0.0646 0.0587 0.1689
v 0.1231 0.0339 0.1099
v 0.1015 0.0376 0.1146
v 0.0645 0.0611 0.1809
v 0.1154 0.0342 0.1041
v 0.124 0.0438 0.1455
v 0.1301 0.0408 0.1105
v 0.2077 0.1983 0.0248
v 0.2152 0.1697 0.0436
v 0.192 0.1751 0.0141
v 0.2081 0.1637 0.0224
v 0.2135 0.1919 0.0471
v 0.1141 -0.2669 0.0843
v 0.1415 -0.211 0.0883
v 0.1169 -0.2275 0.1067
v 0.1109 -0.1703 0.0997
v 0.1204 -0.3287 0.0633
v 0.1223 -0.2999 0.0786
v 0.126 -0.3976 0.0533
v 0.1521 -0.2935 0.0008
v 0.1442 -0.4143 0.0141
v 0.1585 -0.3702 0.0071
v 0.1518 -0.267 0.0082
v 0.1514 -0.3346 -0.0032
v 0.1387 -0.2622 0.0571
v 0.1576 -0.2323 0.0078
v 0.1343 -0.1995 0.0164
v 0.1316 -0.178 0.0735
v 0.1482 -0.4596 0.0183
v 0.1505 -0.1955 0.0396
v 0.1253 -0.4371 0.0499
v 0.156 -0.4628 0.0393
v 0.1357 -0.4523 0.053
v 0.2046 0.2028 0.03
v 0.1882 0.228 0.0117
v 0.1619 0.2558 -0.0025
v 0.1543 0.1634 0.0027
v 0.1279 0.1956 0.0034
v 0.1427 0.2508 -0.0074
v 0.1312 0.2574 -0.0194
v 0.1269 0.2801 -0.0286
v 0.1317 0.2197 -0.0069
v 0.1155 0.2528 -0.0128
v 0.1722 0.1604 0.0213
v 0.2188 0.1856 0.0406
v 0.1796 0.2614 0.0097
v 0.2111 0.2119 0.031
v 0.2043 0.1612 0.029
v 0.2136 0.1679 0.0406
v 0.1834 0.2635 0.0273
v 0.0972 0.2846 -0.0242
v 0.0973 0.2717 -0.0151
v 0.1436 0.1568 0.0107
v 0.2083 0.1948 0.0366
v 0.1206 0.2302 -0.0015
v -0.2343 -0.0794 0.1082
v -0.2369 -0.0546 0.1125
v -0.2333 -0.0237 0.1003
v -0.2237 -0.0371 0.0969
v -0.228 -0.0756 0.0957
v -0.2252 -0.0136 0.0754
v -0.2445 -0.0014 0.0818
v -0.2367 -0.0057 0.0677
v 0.021 -0.0167 0.1485
v -0.0016 -0.0228 0.1453
v 0.0157 -0.0347 0.1439
v -0.0443 -0.0096 0.1423
v -0.057 0.0038 0.1415
v -0.072 -0.0016 0.151
v -0.087 -0.0249 0.1387
v -0.0946 -0.0547 0.149
v -0.1027 -0.048 0.1474
v -0.0983 -0.0632 0.1519
v -0.081 -0.1169 0.1445
v -0.0621 -0.1086 0.144
v -0.0367 -0.0394 0.138
v -0.0133 -0.0506 0.1314
v -0.0493 -0.0791 0.1264
v -0.1049 -0.1258 0.1434
v -0.034 -0.0219 0.1484
v -0.0984 -0.0929 0.136
v -0.0903 -0.1317 0.139
v 0.185 0.2623 0.0427
v 0.1885 0.277 0.0507
v 0.1746 0.259 0.0127
v 0.1787 0.2644 0.0748
v 0.1795 0.2669 0.1018
v 0.1609 0.2668 0.1068
v 0.1441 0.2547 0.1196
v 0.1599 0.2563 -0.0005
v 0.182 0.2664 0.0033
v 0.152 0.2517 -0.0085
v 0.164 0.26 0.0949
v 0.1397 0.2526 -0.0155
v 0.1534 0.2544 -0.02
v 0.0976 -0.4933 0.0501
v 0.1127 -0.4627 0.061
v 0.0818 -0.5006 0.0728
v 0.0975 -0.5164 0.0793
v 0.1065 -0.5181 0.0924
v 0.1448 -0.4578 0.056
v 0.1442 -0.4813 0.0803
v 0.1152 -0.5602 0.1278
v 0.1421 -0.5593 0.1604
v 0.1333 -0.554 0.1466
v 0.127 -0.5393 0.1435
v 0.1655 -0.5172 0.1558
v 0.159 -0.5513 0.1622
v 0.1644 -0.5153 0.1437
v 0.1227 -0.5197 0.1276
v 0.1408 -0.4834 0.0927
v 0.1542 -0.4953 0.101
v 0.1659 -0.5062 0.1186
v 0.0356 -0.0443 0.1668
v 0.0339 -0.0315 0.1796
v 0.0319 -0.0195 0.1711
v 0.0476 -0.1058 0.1736
v 0.0426 -0.1305 0.1774
v 0.0372 -0.0806 0.1815
v 0.0405 0.1143 0.1761
v 0.0389 0.0839 0.1675
v 0.0208 0.0764 0.1757
v -0.029 0.1621 0.1736
v -0.0354 0.135 0.1671
v -0.0387 0.1743 0.1679
v -0.0174 0.089 0.1811
v -0.0419 0.0949 0.1714
v -0.0573 0.0976 0.1706
v -0.056 0.1366 0.1558
v 0.0641 0.0433 0.1675
v 0.0546 0.0572 0.1815
v 0.0392 0.1457 0.1697
v 0.0391 0.1687 0.1677
v 0.0283 0.0589 0.1707
v 0.0294 0.1733 0.1562
v 0.0611 0.0518 0.1652
v 0.0781 0.0408 0.1664
v 0.0822 0.0321 0.1733
v 0.1562 0.0373 0.1913
v 0.1846 0.0703 0.169
v 0.1454 0.0083 0.1873
v 0.161 0.0371 0.1419
v 0.1462 0.0237 0.1778
v 0.1573 0.0338 0.1614
v 0.17 0.0705 0.1231
v 0.1493 -0.0008 0.1948
v 0.1707 0.0528 0.1294
v 0.2012 0.0794 0.1718
v 0.1501 0.0158 0.2003
v 0.2022 0.096 0.16
v 0.1906 0.0878 0.1428
v 0.2009 0.1026 0.1488
v 0.1995 0.1264 0.143
v 0.1589 0.0924 0.1197
v 0.1726 0.1254 0.1311
v 0.1787 0.1102 0.1413
v 0.1542 0.1106 0.1066
v 0.1634 0.1048 0.1289
v -0.0655 0.505 0.0225
v -0.0578 0.516 0.0088
v -0.0551 0.4877 0.0058
v -0.0472 0.528 0.0158
v -0.0717 0.5416 0.0405
v -0.0231 0.5514 0.0149
v -0.074 0.5275 0.0293
v -0.0168 0.5268 0.005
v -0.0126 0.5105 -0.0018
v -0.0372 0.4952 -0.0025
v -0.0246 0.484 -0.0116
v -0.0661 0.5643 0.038
v -0.0511 0.5263 0.01
v -0.0761 0.5157 0.0461
v -0.0888 0.5014 0.0397
v 0.1494 0.2525 -0.013
v 0.1391 0.2794 -0.0275
v 0.1757 0.2647 0.0019
v 0.159 0.2799 -0.0059
v 0.1841 0.2911 0.0203
v 0.1822 0.2939 0.0686
v 0.1867 0.2752 0.0875
v 0.1385 0.2594 -0.024
v 0.0521 -0.0461 -0.0266
v 0.0555 -0.0749 -0.0502
v 0.0729 -0.0816 -0.037
v 0.0711 -0.0629 -0.0233
v 0.0499 -0.0299 -0.0253
v 0.0499 -0.0431 -0.035
v 0.0526 -0.0109 -0.0147
v 0.0651 -0.0334 -0.0221
v 0.1472 0.2944 -0.045
v 0.1428 0.1489 -0.0374
v 0.1483 0.2004 -0.0288
v 0.1597 0.131 -0.0369
v 0.1416 0.3158 -0.04
v 0.113 0.4218 -0.0306
v 0.1165 0.4125 -0.0522
v 0.1291 0.3989 -0.0379
v 0.1342 0.4092 -0.0535
v -0.1835 -0.3969 -0.1486
v -0.1583 -0.3811 -0.1351
v -0.1641 -0.3134 -0.1274
v -0.1781 -0.3784 -0.1448
v -0.1597 -0.3429 -0.1333
v -0.1733 -0.4208 -0.1454
v -0.1752 -0.3627 -0.1339
v -0.1856 -0.4218 -0.1563
v -0.1709 -0.406 -0.1357
v -0.1908 -0.4376 -0.1508
v 0.0499 0.1261 0.1598
v 0.0504 0.0607 0.1641
v 0.0605 0.0915 0.1744
v 0.0584 0.0528 0.173
v 0.0653 0.1208 0.163
v 0.0656 0.0618 0.1862
v 0.2933 -0.3951 -0.0535
v 0.2614 -0.3083 -0.0467
v 0.31 -0.4116 -0.0471
v 0.2761 -0.3589 -0.0593
v 0.2837 -0.3458 -0.0375
v 0.2333 -0.238 -0.0161
v 0.247 -0.25 -0.0111
v 0.214 -0.1864 -0.0066
v 0.2268 -0.1981 0.01
v 0.2009 -0.1408 0.0131
v 0.1884 -0.1169 0.0053
v 0.1854 -0.1078 0.0162
v 0.1565 -0.0507 0.0149
v 0.1493 -0.0421 0.0332
v -0.0315 0.5572 0.0148
v 0.0111 0.571 0.0535
v -0.0631 0.5647 0.0462
v -0.0539 0.5682 0.0561
v -0.0153 0.5539 0.0189
v 0.0192 0.5615 0.0393
v -0.0574 0.5665 0.0784
v 0.0153 0.5605 0.0773
v -0.0463 0.5729 0.0814
v 0.0109 0.5631 0.0926
v -0.0409 0.569 0.1134
v -0.0349 0.5609 0.1317
v -0.0294 0.5573 0.1467
v -0.0057 0.5476 0.1198
v 0.0074 0.5459 0.1312
v -0.0183 0.5542 0.1303
v -0.1358 -0.3339 0.237
v -0.1495 -0.3402 0.2733
v -0.1357 -0.3074 0.1925
v -0.1318 -0.2828 0.181
v -0.0871 -0.306 0.156
v -0.1332 -0.282 0.1269
v -0.1049 -0.2979 0.0929
v -0.0555 -0.2861 0.0707
v -0.1179 -0.3518 0.2798
v -0.142 -0.3458 0.3365
v -0.1584 -0.3452 0.333
v -0.1581 -0.345 0.3132
v -0.0543 -0.2846 0.1497
v -0.0768 -0.3304 0.1953
v -0.0906 -0.3487 0.2362
v -0.0787 -0.249 0.0978
v -0.0644 -0.2492 0.0952
v -0.0467 -0.2244 0.0496
v -0.0965 -0.3787 0.2919
v -0.0799 -0.413 0.2632
v -0.0795 -0.4547 0.3248
v -0.0975 -0.4458 0.3308
v -0.1195 -0.37 0.3314
v -0.1511 -0.3387 0.355
v -0.1418 -0.3686 0.3979
v -0.1658 -0.3469 0.4102
v -0.1052 -0.4378 0.3457
v -0.0506 -0.2268 0.085
v -0.1863 -0.339 0.4117
v -0.1027 -0.266 0.1006
v -0.0926 -0.2859 0.0959
v -0.0787 -0.4768 0.3067
v -0.1836 -0.3269 0.4036
v -0.1882 -0.3198 0.3764
v -0.0519 -0.3341 0.1481
v -0.0605 -0.2563 0.0258
v -0.0667 -0.3261 0.0849
v -0.0729 -0.2882 0.0468
v -0.0787 -0.3598 0.1304
v -0.0807 -0.2557 -0
v -0.0838 -0.3901 0.1811
v -0.0754 -0.3661 0.1518
v -0.0859 -0.3805 0.1619
v -0.0923 -0.4293 0.2226
v -0.0939 -0.4771 0.2591
v -0.0879 -0.4442 0.2267
v -0.091 -0.4098 0.1996
v -0.0989 -0.4924 0.2913
v -0.024 -0.1931 0.062
v -0.0324 -0.1899 0.0462
v -0.0259 -0.1847 0.0336
v -0.0323 -0.2003 0.0313
v -0.0782 -0.2327 -0.005
v -0.0527 -0.2026 0.0087
v -0.1223 0.0511 0.1717
v -0.1588 -0.0095 0.1804
v -0.1513 0.0513 0.1529
v -0.1643 0.0047 0.1594
v -0.1402 0.0659 0.1473
v -0.1536 0.0302 0.1487
v -0.1637 -0.0046 0.1529
v -0.1334 -0.0164 0.1983
v -0.0899 0.1266 0.1711
v -0.1083 0.1159 0.1474
v -0.0836 0.1037 0.1649
v -0.1028 0.0875 0.1807
v -0.0924 0.0955 0.1836
v -0.1051 0.0586 0.192
v -0.1354 -0.0198 0.1849
v -0.1212 -0.0177 0.198
v -0.0208 0.0925 -0.0427
v 0.0147 0.0792 -0.035
v 0.0146 0.0856 -0.0455
v 0.1729 -0.0558 0.1913
v 0.1849 -0.0369 0.2215
v 0.2398 -0.0273 0.174
v 0.2175 -0.0333 0.194
v 0.1772 -0.0656 0.1599
v 0.2274 -0.0501 0.1507
v 0.2208 -0.0381 0.1473
v 0.1993 -0.0244 0.2103
v 0.1917 -0.0487 0.1309
v 0.1722 -0.042 0.2069
v 0.1799 -0.0612 0.146
v 0.2251 -0.0209 0.1891
v 0.2419 -0.0279 0.1888
v -0.2305 0.2936 0.0655
v -0.191 0.2844 0.0996
v -0.1541 0.2773 0.1254
v -0.157 0.2619 0.1229
v -0.2249 0.2812 0.0261
v -0.1588 0.2509 0.1184
v -0.2091 0.2775 0.0668
v -0.2079 0.286 0.0065
v -0.1735 0.2635 0.1111
v 0.1301 0.412 0.1203
v 0.1171 0.4228 0.1132
v 0.1341 0.4009 0.0967
v 0.1408 0.4087 0.111
v 0.1172 0.4176 0.093
v 0.0592 -0.033 0.1467
v 0.0585 -0.0257 0.1546
v -0.0823 -0.1084 0.159
v -0.0868 0.0476 0.1492
v -0.0751 0.0574 0.1561
v -0.0777 -0.0008 0.155
v -0.0632 -0.0044 0.1692
v -0.092 0.0298 0.1533
v -0.0568 0.0507 0.1704
v -0.0661 -0.0935 0.1738
v -0.0603 -0.1176 0.1759
v -0.0628 -0.1061 0.1721
v 0.0527 0.0594 0.1767
v 0.0527 0.0612 0.1625
v 0.0167 0.07 0.1707
v 0.0347 0.0697 0.1682
v 0.0336 0.064 0.1821
v 0.0615 0.0548 0.1603
v -0.1395 0.2874 0.1136
v -0.1209 0.2942 0.1203
v -0.1069 0.3069 0.1339
v -0.1141 0.2735 0.1165
v -0.1202 0.2494 0.1028
v -0.1674 0.2385 0.0963
v -0.179 0.2298 0.0863
v -0.1412 0.23 0.1011
v -0.1324 0.2402 0.0951
v -0.1379 0.209 0.0984
v -0.1533 0.219 0.0964
v -0.0849 -0.0997 -0.0385
v -0.0859 -0.0608 -0.0456
v -0.0731 -0.0234 -0.0383
v -0.0761 -0.0553 -0.0314
v -0.08 0.003 -0.0279
v -0.0915 -0.0821 -0.0465
v -0.083 -0.02 -0.0247
v -0.0447 -0.0384 0.1794
v -0.0073 -0.0445 0.1714
v 0.0221 -0.0435 0.1629
v 0.0236 -0.0336 0.1773
v -0.0432 -0.0436 0.1648
v 0.1054 0.1825 0.0783
v 0.1211 0.156 0.0545
v 0.1267 0.1672 0.0822
v 0.1319 0.1757 0.1059
v 0.106 0.1646 0.0561
v 0.1431 0.1551 0.0242
v 0.1453 0.1447 0.0331
v 0.1304 0.1903 0.1158
v 0.1655 0.1504 0.0309
v 0.1457 0.1924 0.1131
v 0.0833 0.3748 -0.0465
v 0.1098 0.4234 -0.0507
v 0.0841 0.3849 -0.0378
v 0.1074 0.395 -0.0276
v 0.1159 0.4195 -0.0249
v -0.2536 -0.0555 0.0893
v -0.2416 -0.0678 0.1446
v -0.2603 -0.0522 0.1202
v -0.2447 -0.0824 0.0928
v -0.2437 -0.0526 0.0831
v 0.1723 0.3624 0.0238
v 0.1576 0.3693 0.0831
v 0.1732 0.3635 0.0697
v 0.138 0.3446 0.0982
v 0.151 0.3533 0.0989
v 0.1488 -0.0006 0.1994
v 0.1742 0.0083 0.19
v 0.1749 0.0342 0.2001
v 0.1202 -0.3647 -0.1683
v 0.1298 -0.3745 -0.1742
v 0.1477 -0.3662 -0.1755
v 0.1504 -0.3519 -0.159
v 0.1167 0.4174 -0.0224
v 0.1245 0.38 -0.0258
v 0.1273 0.3813 -0.0373
v 0.1119 0.3994 -0.0294
v 0.1193 0.3606 -0.0369
v 0.1504 0.3994 -0.0481
v -0.3109 -0.0095 0.0431
v -0.2937 -0.0268 0.0323
v -0.3104 -0.0498 0.0388
v -0.3158 -0.0462 0.0854
v -0.3053 -0.0174 0.0876
v -0.2993 -0.0134 0.0146
v -0.2817 0.0198 0.0345
v -0.2686 0.2024 0.0604
v -0.2655 0.2114 0.0433
v -0.2961 0.0782 0.0299
v -0.2868 0.1333 0.0199
v -0.2722 0.1282 0.0843
v -0.2489 0.1805 0.0784
v -0.2833 0.0402 0.0938
v -0.3045 0.0293 0.0762
v -0.3106 -0.0048 0.0788
v -0.3097 0.0257 0.0541
v -0.3019 -0.0017 0.0947
v -0.3004 0.0226 0.025
v -0.262 0.1555 0.0006
v -0.2848 0.0885 0.0284
v -0.303 0.0322 0.0288
v -0.2534 0.1908 0.0007
v 0.0194 0.0462 -0.045
v 0.0357 0.0473 -0.0495
v -0.0228 0.0678 -0.0505
v -0.0723 0.0813 -0.0357
v 0.0669 0.0387 -0.0305
v -0.0332 0.0665 -0.0423
v -0.0648 0.0853 -0.0435
v -0.0376 -0.0409 0.1402
v 0.0157 -0.0335 0.1415
v 0.0021 -0.0722 0.1082
v -0.0164 -0.0622 0.1192
v 0.0345 -0.001 0.1498
v 0.0454 -0.0053 0.1394
v 0.057 -0.0577 0.139
v 0.0609 -0.079 0.1401
v 0.0769 -0.0816 0.1326
v 0.0704 -0.0644 0.1466
v 0.0914 -0.1566 0.1169
v 0.0645 -0.167 0.1166
v -0.0167 -0.0488 0.1298
v 0.0271 -0.1684 0.0923
v 0.0104 -0.1153 0.0982
v 0.0163 -0.1422 0.0867
v 0.0446 -0.1708 0.102
v 0.0038 -0.0943 0.0945
v 0.0322 -0.1953 0.0783
v 0.0448 -0.2015 0.0611
v 0.0307 -0.2101 0.0523
v 0.0555 -0.0342 0.1438
v 0.0237 -0.1901 0.0621
v 0.0176 -0.1235 0.0855
v 0.0073 -0.1115 0.078
v -0.0041 -0.127 0.0747
v 0.0591 -0.0275 0.1402
v 0.0474 -0.286 -0.1355
v 0.0454 -0.2693 -0.1516
v 0.0549 -0.3169 -0.1467
v 0.0584 -0.2945 -0.1544
v 0.0708 -0.3194 -0.1533
v 0.0732 -0.3512 -0.159
v -0.2534 -0.0777 0.0254
v -0.2887 -0.0709 0.03
v -0.2418 -0.0944 0.0588
v -0.2641 -0.0781 0.0926
v -0.2499 -0.1045 0.0893
v -0.2799 -0.0764 0.0496
v -0.2739 -0.0802 0.1053
v -0.2559 -0.0863 0.1025
v -0.2479 -0.0967 0.0466
v -0.27 -0.0824 0.0237
v 0.1707 -0.0471 0.1713
v 0.1782 -0.0398 0.144
v 0.1967 -0.031 0.1778
v 0.2117 -0.0321 0.133
v 0.1698 -0.0424 0.1909
v 0.1759 -0.0229 0.1974
v 0.2035 -0.0266 0.1769
v 0.187 -0.0427 0.1378
v 0.0463 0.2792 -0.0611
v 0.0431 0.3236 -0.0693
v 0.0482 0.2531 -0.067
v 0.0423 0.2345 -0.0684
v 0.0326 0.1902 -0.063
v 0.0459 -0.1701 0.1064
v 0.0628 -0.1717 0.1047
v 0.0726 -0.1656 0.1095
v 0.0322 -0.1959 0.0767
v 0.0542 -0.1799 0.0935
v 0.0655 -0.1727 0.1203
v 0.1026 -0.16 0.1126
v 0.1191 -0.1549 0.0963
v 0.134 -0.1606 0.0818
v 0.0455 -0.1971 0.0748
v 0.1341 -0.1797 0.0655
v 0.1442 -0.1816 0.0405
v 0.1097 -0.1668 0.0977
v 0.1248 -0.1722 0.0769
v 0.0673 0.0086 0.1517
v 0.0521 0.0318 0.1575
v 0.0729 -0.0598 0.1575
v 0.0704 -0.0367 0.1493
v 0.0518 -0.0349 0.1499
v 0.0547 -0.0604 0.1454
v -0.2616 -0.0812 0.0235
v -0.3041 -0.0889 0.0264
v -0.289 -0.0589 0.0197
v -0.3131 -0.0481 0.0361
v -0.2981 -0.025 0.0227
v -0.2854 -0.0102 0.0213
v -0.2945 -0.0492 0.0276
v 0.094 0.3078 0.1276
v 0.0823 0.3155 0.1524
v 0.0738 0.3118 0.1388
v 0.109 0.3166 0.1374
v 0.1024 0.2982 0.1173
v 0.1218 0.2817 0.117
v 0.049 0.3331 0.1548
v 0.1125 0.2987 0.1278
v 0.1312 0.2952 0.1252
v 0.1383 0.2798 0.1156
v 0.1158 0.2906 0.1111
v 0.1007 0.2971 0.118
v 0.1052 0.2551 0.0993
v 0.1448 0.2589 0.1131
v 0.1131 0.2629 0.1015
v -0.1953 0.2804 -0.0181
v -0.1629 0.2731 -0.0222
v -0.1537 0.2751 -0.0304
v -0.2115 0.2769 0.0023
v -0.2097 0.2903 0.0063
v -0.2154 0.269 0.0135
v -0.0329 -0.4162 -0.1997
v -0.0295 -0.4261 -0.1956
v -0.056 -0.4517 -0.2121
v -0.0463 -0.4443 -0.1951
v -0.0555 -0.4736 -0.2039
v 0.1093 0.4065 0.0801
v 0.1222 0.429 0.0691
v 0.1028 0.4172 0.0729
v 0.1249 0.3996 0.0842
v 0.1325 0.4159 0.0774
v 0.0626 0.12 0.1574
v 0.0859 0.0526 0.1704
v 0.065 0.0563 0.1865
v 0.0613 0.0909 0.1715
v 0.0805 0.1236 0.168
v 0.0876 0.0913 0.1678
v 0.0877 0.052 0.1736
v 0.117 0.0502 0.1555
v 0.127 0.0464 0.1326
v 0.1285 0.0782 0.1392
v 0.1351 0.1204 0.1129
v 0.1349 0.0791 0.1266
v -0.131 -0.2447 0.1689
v -0.136 -0.2981 0.2074
v -0.151 -0.2416 0.1373
v -0.1543 -0.2447 0.1271
v -0.1569 -0.2509 0.0969
v -0.1614 -0.2846 0.1348
v -0.1628 -0.3011 0.1436
v -0.1679 -0.3125 0.1537
v -0.165 -0.3028 0.1275
v -0.1665 -0.2668 0.1011
v -0.1579 -0.2457 0.1061
v -0.1432 -0.2323 0.1466
v -0.1358 -0.3344 0.241
v -0.1591 -0.3542 0.2158
v -0.1537 -0.2331 0.1358
v -0.1799 -0.3915 0.2697
v -0.1708 -0.3811 0.2729
v -0.1781 -0.3742 0.2948
v -0.1811 -0.3825 0.2957
v -0.1514 -0.341 0.2735
v -0.1769 -0.3595 0.3088
v -0.183 -0.3866 0.3079
v -0.1626 -0.2394 0.1191
v -0.1327 -0.2431 0.158
v -0.1565 -0.3474 0.3114
v 0.0495 0.4873 0.0693
v 0.048 0.4873 0.0448
v 0.0576 0.4889 0.0474
v 0.0159 0.0796 -0.0356
v -0.0191 0.1002 -0.0401
v -0.0531 0.1097 -0.0364
v -0.0731 0.117 -0.0327
v -0.0397 0.186 -0.0304
v -0.1017 0.1274 -0.0114
v -0.1042 0.1898 -0.0056
v 0.0143 0.0961 -0.0451
v -0.1081 0.1704 -0.001
v -0.1098 0.148 0.005
v -0.1084 0.1786 0.0063
v -0.1055 0.1295 0.0082
v 0.0241 0.1603 -0.0293
v 0.0855 0.213 -0.022
v 0.0868 0.2293 -0.0314
v 0.1005 0.2859 -0.0431
v 0.0373 0.1709 -0.0269
v 0.0424 0.2776 -0.0607
v 0.001 0.2785 -0.0629
v -0.05 0.2022 -0.0361
v -0.0665 0.2454 -0.049
v 0.0459 0.3377 -0.0653
v 0.0605 0.293 -0.0605
v -0.0324 0.2658 -0.0593
v 0.0536 0.1737 -0.0163
v 0.0522 0.2837 -0.053
v -0.065 0.2059 -0.0382
v 0.0977 0.2496 -0.0287
v 0.0826 0.1836 -0.0035
v 0.0946 0.2676 -0.034
v 0.1061 0.2335 -0.0171
v 0.0435 0.3213 -0.0698
v 0.099 0.2247 -0.0093
v 0.0924 0.2006 -0.0072
v 0.0891 0.1733 0.0161
v -0.0415 -0.0651 -0.0822
v -0.0377 -0.0178 -0.072
v -0.0255 0.0301 -0.0685
v -0.0391 -0.1038 -0.0908
v -0.0298 -0.0937 -0.0803
v 0.118 0.4004 0.0999
v 0.1242 0.4144 0.0908
v 0.1397 0.4055 0.0971
v 0.147 0.282 -0.0362
v 0.1446 0.3585 -0.032
v 0.1398 0.2822 -0.0337
v 0.0729 -0.3339 -0.1677
v 0.0876 -0.4039 -0.1782
v 0.1022 -0.4097 -0.179
v 0.1091 -0.4013 -0.1835
v 0.073 -0.3062 -0.1509
v 0.1137 -0.4172 -0.1778
v 0.1274 -0.3684 -0.1741
v 0.1059 -0.3798 -0.1758
v 0.0748 -0.3967 -0.1759
v 0.0763 -0.3835 -0.172
v 0.0731 -0.362 -0.1652
v 0.1469 -0.3653 -0.1789
v 0.1084 -0.2903 -0.1379
v 0.1004 -0.3066 -0.1578
v 0.1333 -0.4096 -0.17
v 0.131 -0.2945 -0.1331
v 0.1462 -0.3227 -0.1404
v 0.1472 -0.3522 -0.1589
v -0.0747 -0.0022 -0.0283
v -0.0664 0.0064 -0.0292
v -0.0826 -0.0666 -0.0472
v -0.0833 -0.0338 -0.0354
v -0.06 -0.1075 0.1699
v -0.0396 -0.1175 0.1648
v 0.0035 -0.1315 0.1632
v -0.0185 -0.1267 0.1667
v -0.0536 -0.1029 0.1558
v -0.0777 -0.0951 0.1561
v 0.2365 0.0227 0.1559
v 0.2462 0.0341 0.1483
v 0.2374 0.0256 0.1316
v 0.2213 0.0494 0.1821
v 0.2252 0.0382 0.1744
v 0.2435 0.0258 0.1203
v 0.2232 0.0241 0.1091
v 0.2004 0.0488 0.1811
v 0.0885 0.2189 0.1314
v 0.0967 0.3023 0.1273
v 0.0991 0.2482 0.1247
v 0.0747 0.31 0.1448
v 0.1086 0.2526 0.1152
v 0.0465 0.2976 0.1548
v 0.0561 0.3245 0.1392
v 0.0297 0.2891 0.1617
v 0.01 0.2737 0.1709
v -0.0281 0.2466 0.1709
v -0.0665 0.1857 0.1541
v -0.0498 0.1803 0.1577
v 0.0597 0.2352 0.1573
v -0.0415 0.226 0.1698
v 0.0209 0.1775 0.161
v 0.0502 0.1759 0.1425
v 0.0805 0.177 0.1139
v 0.0327 0.1806 0.1504
v -0.1594 0.0152 0.0861
v -0.1531 0.0209 0.0675
v -0.1408 0.0324 0.0751
v -0.1672 -0.0012 0.0819
v -0.1495 0.0244 0.0963
v -0.1662 -0.0248 0.0856
v -0.1665 -0.0064 0.101
v -0.1573 -0.0005 0.0726
v 0.1024 -0.3923 -0.1664
v 0.1074 -0.3686 -0.1672
v 0.1031 -0.4088 -0.1813
v 0.0869 -0.3354 -0.1558
v 0.0815 -0.4041 -0.174
v 0.0726 -0.3728 -0.1628
v 0.0753 -0.3493 -0.161
v 0.0751 -0.2876 -0.1391
v 0.0654 -0.2824 -0.1452
v 0.0661 -0.2762 -0.1311
v 0.0857 -0.2899 -0.1487
v 0.1074 0.4062 -0.009
v 0.1258 0.4223 -0.0134
v 0.1079 0.4167 0.0034
v 0.1191 0.4254 0.0042
v 0.122 0.4016 -0.0168
v -0.1994 0.2432 0.0892
v -0.1766 0.2317 0.0904
v -0.2294 0.2471 0.0487
v -0.2296 0.2328 0.0518
v -0.217 0.2523 0.0196
v -0.1638 0.2447 0.1049
v 0.187 0.0218 0.2112
v 0.1666 -0.0479 0.1996
v 0.1767 0.0288 0.2002
v 0.1915 -0.0072 0.2124
v 0.1862 -0.0349 0.2148
v 0.1699 -0.0534 0.1977
v 0.1772 0.0056 0.1846
v 0.1719 -0.019 0.1983
v 0.1737 -0.0462 0.1877
v 0.1753 0.0052 0.1838
v -0.2446 -0.0251 0.1115
v -0.2443 0.0239 0.0882
v -0.2304 -0.0253 0.1088
v -0.2388 -0.0509 0.1048
v -0.2193 -0.0096 0.0957
v -0.2484 -0.0292 0.1258
v -0.2591 0.0333 0.1013
v -0.2618 0.0062 0.1017
v -0.2599 0.0317 0.1064
v -0.3017 0.002 0.0994
v -0.2849 0.036 0.0959
v -0.2724 0.1287 0.0847
v -0.2481 0.1838 0.0827
v -0.2374 0.1695 0.0872
v -0.2513 0.1057 0.0968
v -0.2227 0.1585 0.0943
v -0.2011 0.1058 0.0933
v -0.2143 0.1548 0.0776
v -0.2239 0.0723 0.081
v -0.1854 0.1204 0.0853
v -0.2254 0.0588 0.0855
v -0.207 0.0939 0.0886
v -0.1773 0.1264 0.0771
v -0.1939 0.1436 0.0815
v -0.1745 0.1545 0.085
v -0.1618 0.1652 0.0834
v -0.1527 0.1829 0.0953
v -0.1594 0.1869 0.1
v -0.1557 0.2051 0.0832
v -0.1642 0.2159 0.0851
v -0.2534 0.1913 0.0722
v 0.1534 0.0091 0.1978
v 0.1577 0.0325 0.1871
v 0.1792 0.0595 0.1725
v 0.172 0.0328 0.2021
v 0.1886 0.0228 0.2091
v 0.1903 -0.001 0.2134
v 0.231 0.0044 0.2029
v 0.1993 -0.025 0.2106
v 0.1914 -0.0348 0.2195
v 0.2061 0.0743 0.1688
v 0.1986 0.0733 0.1639
v 0.1533 0.0004 0.1958
v 0.216 -0.0333 0.1931
v 0.224 -0.0189 0.188
v 0.2372 -0.0155 0.1819
v 0.234 0.013 0.1697
v 0.2203 0.0479 0.187
v 0.2411 -0.0029 0.1768
v 0.2366 0.0282 0.1647
v 0.2235 0.039 0.1781
v 0.1069 0.2413 -0.007
v 0.0955 0.267 -0.0345
v 0.0951 0.2738 -0.0169
v 0.1034 0.2443 -0.0296
v 0.1032 0.283 -0.032
v 0.0652 -0.3042 -0.134
v 0.0812 -0.3105 -0.1531
v 0.0709 -0.3265 -0.1624
v 0.0783 -0.3036 -0.1427
v 0.0602 -0.2794 -0.1211
v 0.0567 -0.2494 -0.1141
v 0.0733 -0.3522 -0.1621
v 0.0408 -0.2335 -0.1147
v 0.0658 -0.2753 -0.1355
v 0.0646 -0.2913 -0.155
v 0.0694 -0.2977 -0.1319
v -0.0799 -0.0954 -0.0449
v -0.091 -0.0841 -0.0358
v -0.0939 -0.0937 -0.0451
v 0.0814 0.4357 -0.0081
v 0.0886 0.4342 -0.004
v 0.0767 0.4293 -0.0207
v 0.0726 0.3757 -0.0481
v 0.0645 0.3951 -0.0492
v 0.0642 0.3666 -0.061
v 0.0849 0.3833 -0.0384
v 0.0972 0.4237 0.0077
v 0.0838 0.4341 0.0146
v 0.097 0.4192 -0.005
v 0.1108 0.4222 0.0426
v 0.1332 0.3964 0.01
v 0.1431 0.4143 -0.0099
v 0.1299 0.3985 -0.0085
v 0.1391 0.414 0.0066
v -0.0018 -0.4596 -0.1931
v 0.0011 -0.4708 -0.2037
v -0.0111 -0.4286 -0.2024
v 0.1351 -0.4435 0.0627
v 0.1271 -0.4389 0.0516
v 0.1233 -0.4015 0.0506
v 0.074 -0.4775 0.0315
v 0.0913 -0.4928 0.0561
v 0.1106 -0.4653 0.0557
v 0.0616 -0.2813 0.0554
v 0.0519 -0.3345 0.0409
v 0.0813 -0.4303 0.0347
v 0.075 -0.4097 0.0312
v 0.0596 -0.3706 0.0258
v 0.0447 -0.3234 0.0348
v 0.0493 -0.3472 0.0306
v 0.0453 -0.279 0.0468
v 0.1191 -0.3019 0.0684
v 0.0234 -0.1216 0.1608
v -0.0052 -0.1319 0.1679
v 0.0429 -0.1085 0.1581
v 0.0351 -0.1149 0.1499
v 0.0357 -0.112 0.1704
v 0.1013 -0.5112 0.0728
v 0.0638 -0.523 -0.006
v 0.1222 -0.5192 0.1277
v 0.108 -0.518 0.0886
v 0.0948 -0.5645 0.0523
v 0.1113 -0.5633 0.1258
v 0.132 -0.5573 0.1519
v 0.0752 -0.4776 0.0311
v 0.0888 -0.4998 0.0591
v 0.0673 -0.4566 -0.0086
v 0.0783 -0.4535 -0.0283
v 0.0703 -0.4105 0.0351
v 0.0593 -0.4036 -0.0166
v 0.1281 -0.5394 0.1431
v 0.082 -0.4309 0.0341
v 0.0532 -0.3726 0.0225
v 0.0632 -0.3793 0.0308
v 0.0438 -0.3241 0.0348
v 0.0485 -0.3473 0.0306
v 0.054 -0.3337 0.039
v 0.0586 -0.3661 0.0309
v 0.0335 -0.2265 0.0211
v 0.0439 -0.2817 0.0465
v 0.0541 -0.2451 0.0682
v 0.0601 -0.2828 0.0582
v 0.0659 -0.2683 0.058
v 0.0627 -0.569 -0.0036
v 0.0986 -0.5699 0.0605
v 0.0679 -0.2808 0.065
v 0.0412 -0.2201 0.0721
v 0.0468 -0.2311 0.0718
v 0.013 -0.1882 0.0118
v 0.072 -0.1605 -0.047
v 0.0686 -0.1737 -0.0541
v 0.0477 -0.1446 -0.0278
v 0.02 -0.1581 0.0118
v 0.0361 -0.1295 -0.024
v 0.0572 -0.19 -0.0472
v 0.059 -0.2055 -0.0446
v 0.063 -0.2256 -0.0487
v 0.0573 -0.3224 -0.0532
v 0.0699 -0.3571 -0.0495
v 0.0358 -0.3212 -0.0154
v 0.0696 -0.307 -0.0564
v 0.0689 -0.244 -0.0517
v 0.0752 -0.3833 -0.0468
v 0.0224 -0.0896 -0.0172
v 0.029 -0.0605 -0.0121
v 0.0713 -0.3962 -0.0432
v 0.0867 -0.4383 -0.0431
v 0.0402 -0.0963 -0.019
v 0.017 -0.0468 -0.0102
v -0.0006 -0.0197 -0.0014
v -0.0065 -0.066 0.0338
v 0.0058 -0.1282 0.0654
v 0.0183 -0.1908 0.062
v -0.0066 -0.0733 0.0833
v 0.0177 -0.1409 0.0836
v 0.0813 -0.4888 -0.047
v 0.0945 -0.4798 -0.0287
v 0.0885 -0.4593 -0.038
v 0.0818 -0.5055 -0.0332
v 0.0783 -0.5721 -0.0328
v 0.0874 -0.5451 -0.031
v 0.0795 -0.524 -0.0423
v 0.0049 -0.0934 0.0945
v 0.0073 -0.1114 0.0788
v -0.0143 -0.0745 0.1129
v 0.0265 -0.1671 0.0904
v 0.0249 -0.1161 0.0896
v 0.0361 -0.07 -0.0286
v 0.0273 -0.0716 -0.0151
v 0.028 -0.2124 0.0549
v 0.0997 -0.0546 0.1202
v 0.0864 -0.0569 0.1473
v 0.1096 -0.0546 0.1281
v 0.0588 -0.054 0.145
v 0.0857 -0.0623 0.1347
v 0.0747 -0.0573 0.158
v 0.0989 -0.0509 0.1368
v -0.0116 -0.3828 -0.1915
v 0.0158 -0.3797 -0.1756
v 0.0817 -0.0099 0.1557
v 0.0773 -0.0181 0.1489
v 0.0929 -0.0361 0.1475
v 0.0907 -0.0552 0.1438
v 0.1507 -0.2585 0.1144
v 0.1648 -0.2743 0.1032
v 0.1711 -0.3142 0.109
v 0.1747 -0.3291 0.1008
v 0.1853 -0.3625 0.0989
v 0.1433 -0.2004 0.1107
v 0.1215 -0.1228 0.1254
v 0.1579 -0.2793 0.1007
v 0.1245 -0.1346 0.1177
v 0.1226 -0.1012 0.1231
v 0.199 -0.4404 0.0978
v 0.2051 -0.4641 0.0954
v 0.1513 -0.224 0.1011
v 0.1916 -0.398 0.0989
v 0.0633 0.0556 -0.0325
v 0.0643 0.0626 -0.032
v -0.2198 0.2406 0.0163
v -0.1913 0.2462 -0.019
v -0.1795 0.245 -0.0163
v -0.2208 0.2509 0.0073
v 0.077 0.033 0.1607
v 0.0958 0.0229 0.1344
v 0.0298 0.0595 0.1751
v 0.0745 0.0245 0.1495
v 0.0626 0.04 0.1745
v 0.0291 0.0458 0.1718
v -0.0106 0.0663 0.1887
v 0.008 0.0648 0.1741
v 0.053 0.0388 0.1535
v 0.0991 0.0212 0.1438
v 0.1112 0.0193 0.1203
v -0.0219 -0.4259 -0.1992
v -0.018 -0.3934 -0.1939
v -0.0297 -0.4556 -0.2016
v 0.1825 -0.056 0.1547
v 0.174 -0.0418 0.1927
v 0.1824 -0.0453 0.1466
v 0.1834 -0.0363 0.141
v 0.178 -0.0524 0.1819
v 0.1976 -0.0403 0.1382
v 0.0314 0.4786 0.0203
v 0.053 0.485 0.0271
v 0.0535 0.4805 0.0417
v -0.1466 -0.4314 -0.1703
v -0.1657 -0.4346 -0.1584
v -0.1498 -0.4165 -0.1747
v 0.254 -0.4265 -0.1179
v 0.2885 -0.4155 -0.0887
v 0.2721 -0.4162 -0.0917
v 0.2298 -0.3258 -0.1061
v 0.2357 -0.2763 -0.0771
v 0.239 -0.3787 -0.1168
v 0.2221 -0.2404 -0.0639
v 0.2126 -0.2066 -0.0564
v 0.2106 -0.1731 -0.0448
v 0.1555 -0.0634 -0.0173
v 0.1746 -0.1171 -0.0362
v 0.2477 -0.4158 -0.1173
v 0.2657 -0.3066 -0.0483
v 0.1298 -0.0161 -0.0155
v 0.1129 0.0114 -0.0103
v 0.1188 0.0356 0.009
v 0.1078 0.0547 0.0056
v 0.1217 0.0683 0.0151
v 0.1284 0.0412 0.0325
v 0.1546 -0.0357 0.0243
v 0.1738 -0.0556 0.028
v 0.1613 -0.0341 0.0408
v 0.1449 -0.0048 0.0543
v 0.1394 0.0005 0.0391
v 0.2908 -0.3912 -0.0553
v 0.1944 -0.1548 -0.0454
v 0.1859 -0.1148 0.0092
v 0.121 0.0634 0.0441
v 0.1044 0.1111 0.0331
v 0.1217 0.0742 0.0558
v 0.1184 0.1205 0.0553
v 0.107 0.1358 0.0294
v 0.1027 0.1683 0.074
v 0.2017 -0.1673 -0.0001
v 0.2265 -0.2243 -0.0067
v 0.2647 -0.3243 -0.0448
v 0.121 0.0706 0.0317
v 0.2754 -0.3484 -0.0565
v 0.2733 -0.3617 -0.0506
v 0.1117 0.1564 0.0508
v 0.2874 -0.3963 -0.067
v 0.0954 0.1596 0.0291
v 0.1108 0.1581 0.0744
v 0.2318 -0.4252 -0.1186
v 0.0974 0.1489 0.0163
v 0.0661 -0.0327 -0.0207
v 0.0518 -0.0107 -0.0269
v 0.0553 -0.0456 -0.0169
v 0.0473 -0.0312 -0.0149
v 0.0446 -0.0588 -0.0156
v 0.0243 -0.0493 -0.0146
v 0.0281 -0.0603 -0.0063
v 0.0336 -0.0641 -0.0049
v 0.0573 -0.0649 -0.027
v 0.0355 -0.2082 -0.1218
v 0.0394 -0.2261 -0.1289
v 0.0446 -0.2407 -0.1288
v 0.0222 -0.234 -0.1226
v 0.0284 -0.3167 -0.1176
v 0.0435 -0.2968 -0.1272
v 0.0264 -0.3795 -0.1198
v 0.035 -0.4095 -0.1253
v 0.0439 -0.3735 -0.1271
v 0.052 -0.4036 -0.1312
v 0.0228 -0.2863 -0.1196
v -0.2612 0.193 0.0547
v -0.261 0.206 0.0455
v -0.2543 0.1893 0.0674
v -0.0057 0.0809 -0.0663
v 0.006 0.1243 -0.0688
v -0.1127 -0.2545 -0.1266
v -0.0968 -0.2699 -0.1224
v -0.1117 -0.2949 -0.1378
v -0.0954 -0.2413 -0.1135
v -0.101 -0.2407 -0.115
v -0.0993 -0.2945 -0.132
v -0.0776 -0.2192 0.1229
v -0.1 -0.2685 0.1023
v -0.0756 -0.2468 0.0943
v -0.1344 -0.2668 0.1116
v -0.1324 -0.2581 0.1314
v -0.119 -0.2878 0.108
v -0.0938 -0.2873 0.0856
v -0.0751 -0.2425 0.102
v -0.0753 -0.2109 0.1183
v -0.0623 -0.2009 0.116
v -0.1315 -0.077 0.1291
v -0.1027 -0.0906 0.1437
v -0.1171 -0.0617 0.1347
v -0.092 -0.0641 0.1451
v -0.1313 -0.125 0.1321
v -0.1302 -0.1575 0.1311
v -0.1006 -0.1228 0.1409
v -0.079 -0.1435 0.14
v -0.1326 -0.1765 0.1303
v -0.0779 -0.1632 0.1282
v -0.131 -0.2384 0.1336
v -0.0691 -0.1885 0.1217
v -0.1904 -0.2571 0.247
v -0.0981 0.0015 0.1538
v -0.0805 -0.0025 0.1535
v -0.0834 0.0235 0.151
v -0.0963 -0.064 0.159
v -0.1101 -0.0833 0.1659
v -0.0942 0.0239 0.1528
v -0.1021 0.0059 0.1517
v -0.1157 -0.0978 0.1707
v -0.1241 -0.0151 0.1415
v -0.1187 -0.1136 0.1667
v -0.1248 -0.126 0.1734
v -0.1287 -0.14 0.1714
v -0.131 -0.1552 0.1678
v -0.1458 -0.1711 0.1609
v -0.1502 -0.1751 0.1499
v -0.1714 -0.1969 0.1837
v -0.1793 -0.2158 0.2067
v -0.1876 -0.2417 0.2304
v -0.184 -0.1825 0.1383
v -0.1987 -0.2799 0.2668
v -0.2008 -0.2907 0.277
v -0.2291 -0.3191 0.2746
v -0.2199 -0.302 0.2957
v -0.2211 -0.3118 0.3038
v -0.2481 -0.2798 0.1895
v -0.2362 -0.3078 0.259
v -0.2624 -0.3217 0.2419
v -0.2542 -0.3116 0.2481
v -0.133 -0.0173 0.128
v -0.1851 -0.0993 0.1074
v -0.1995 -0.1431 0.1169
v -0.2568 -0.2675 0.125
v -0.2097 -0.1916 0.0937
v -0.1542 -0.0229 0.1099
v -0.2653 -0.2871 0.1468
v -0.2349 -0.2424 0.1157
v -0.2655 -0.324 0.2185
v -0.25 -0.3258 0.2023
v -0.2598 -0.2998 0.2038
v -0.2632 -0.3112 0.2288
v -0.2653 -0.3389 0.2405
v 0.0433 0.4653 0.0392
v 0.0474 0.4815 0.0471
v 0.0729 0.0464 -0.0332
v 0.0646 0.0469 -0.0139
v 0.0628 0.0695 -0.0293
v 0.0782 0.0577 -0.0334
v 0.0483 -0.2319 0.0675
v 0.0568 -0.2421 0.0648
v 0.0487 -0.209 0.0839
v 0.058 -0.1888 0.0937
v 0.0661 -0.2361 0.0928
v 0.0677 -0.1721 0.1017
v 0.1173 -0.2265 0.1077
v 0.0857 -0.1648 0.1042
v 0.0618 -0.2708 0.0607
v 0.1144 -0.2764 0.0797
v 0.067 -0.2826 0.0619
v 0.1224 -0.2978 0.071
v 0.0991 -0.2995 0.0715
v 0.0609 -0.1743 0.0957
v 0.1136 -0.1719 0.1039
v 0.125 0.4277 0.0473
v 0.1399 0.4187 0.0538
v 0.1415 0.4069 0.0384
v 0.1101 0.4079 0.0468
v 0.1443 0.4072 0.0547
v 0.1294 -0.3872 -0.1681
v 0.1246 -0.3633 -0.1643
v 0.0943 0.0154 -0.0008
v 0.0758 0.0191 -0.0128
v 0.1036 0.0045 0.0054
v 0.1432 -0.3188 -0.1354
v 0.1455 -0.3518 -0.1632
v 0.076 -0.2511 -0.1058
v 0.0749 -0.2753 -0.1199
v 0.0578 -0.2527 -0.1
v 0.0677 -0.2976 -0.1293
v 0.1081 -0.3698 -0.1711
v 0.0894 -0.3349 -0.1568
v 0.1176 -0.294 -0.1236
v 0.063 -0.1102 -0.0571
v 0.1231 -0.1628 -0.0551
v 0.1212 -0.2145 -0.074
v 0.0495 -0.1224 -0.0666
v 0.0523 -0.1489 -0.0773
v 0.0667 -0.2162 -0.0949
v 0.1133 -0.2548 -0.0908
v 0.0792 -0.0802 -0.0442
v 0.074 -0.3039 -0.1401
v 0.1425 -0.1576 -0.056
v 0.1526 -0.202 -0.075
v 0.0758 -0.3385 -0.1572
v 0.1545 -0.2407 -0.082
v 0.0817 -0.0214 -0.0304
v 0.0838 0.007 -0.0191
v 0.0792 -0.0458 -0.038
v 0.0763 -0.0372 -0.0294
v 0.1491 -0.0663 -0.0152
v 0.1302 -0.0272 -0.0094
v 0.0579 -0.08 -0.0517
v 0.0627 -0.0811 -0.0551
v 0.1674 -0.2495 -0.0852
v 0.2127 -0.239 -0.0606
v 0.1547 -0.0968 -0.014
v 0.1905 -0.3239 -0.1045
v 0.198 -0.401 -0.1203
v 0.1391 -0.3438 -0.1219
v 0.1704 -0.4011 -0.1223
v 0.1766 -0.3363 -0.0988
v 0.1707 -0.4005 -0.1225
v 0.1449 -0.4115 -0.1308
v 0.1414 -0.3833 -0.1302
v 0.1712 -0.401 -0.1229
v 0.1945 -0.4411 -0.1269
v 0.1386 -0.3239 -0.1093
v 0.1505 -0.432 -0.1394
v 0.137 -0.2995 -0.0973
v 0.1706 -0.4333 -0.1349
v 0.1562 -0.452 -0.1397
v 0.1839 -0.1602 -0.0339
v 0.2082 -0.222 -0.052
v 0.2306 -0.3702 -0.1083
v 0.2405 -0.4218 -0.1238
v 0.1513 -0.2964 -0.0905
v 0.2178 -0.4152 -0.114
v 0.1845 -0.4014 -0.1173
v 0.2162 -0.4418 -0.1223
v 0.2298 -0.3314 -0.0972
v 0.2298 -0.2857 -0.0685
v 0.1754 -0.3047 -0.1076
v -0.0832 0.494 0.0429
v -0.0881 0.5073 0.0558
v -0.0906 0.501 0.0381
v -0.0056 -0.4592 -0.1979
v -0.0148 -0.4281 -0.1952
v -0.004 -0.4013 -0.1815
v -0.0092 -0.3921 -0.1857
v -0.0001 -0.4531 -0.1909
v -0.0602 0.1749 0.161
v -0.0544 0.1411 0.1606
v -0.0357 0.1345 0.1667
v -0.0331 0.1693 0.175
v -0.0871 0.1203 0.145
v -0.0686 0.1848 0.156
v -0.0431 0.2256 0.1658
v -0.0827 0.2294 0.1569
v -0.0221 0.2527 0.1702
v -0.0366 0.2637 0.1679
v -0.1077 0.123 0.1381
v -0.0534 0.2841 0.1671
v -0.0728 0.2807 0.1513
v -0.1089 0.2779 0.1393
v -0.0812 0.3209 0.1476
v -0.0797 0.3145 0.1525
v -0.1095 0.3071 0.1285
v -0.06 0.1129 0.1717
v -0.1029 0.1102 0.1391
v -0.1017 0.1845 0.1258
v -0.1305 0.2296 0.1004
v -0.1181 0.1288 0.1204
v -0.1281 0.1746 0.0581
v -0.1317 0.2045 0.0648
v -0.1316 0.1935 0.0475
v -0.1328 0.203 0.0399
v -0.1133 0.2705 0.1154
v -0.1226 0.2536 0.1044
v -0.1336 0.1273 0.0481
v -0.1251 0.1694 0.043
v -0.1265 0.1823 0.0377
v -0.1279 0.244 0.0949
v -0.0614 -0.0959 0.1753
v -0.064 -0.118 0.1822
v -0.0419 0.3578 0.1378
v -0.0598 0.3785 0.1167
v -0.0499 0.3447 0.1548
v -0.0402 0.3374 0.1445
v -0.079 0.3972 0.1325
v -0.0842 0.4116 0.1238
v -0.0741 0.3805 0.1423
v -0.0672 0.3917 0.1137
v -0.0758 0.3955 0.0956
v -0.0911 0.4099 0.1083
v 0.0209 0.1219 -0.0677
v 0.0288 0.1704 -0.0582
v 0.1263 0.4093 0.0288
v 0.1283 0.4191 0.0132
v 0.1484 0.4163 0.0103
v 0.1284 0.408 0.0002
v 0.1416 0.4023 0.0212
v 0.126 -0.0079 0.0383
v 0.1335 -0.0152 0.0528
v 0.1349 -0.0007 0.0415
v 0.1226 -0.0162 0.0685
v 0.1411 -0.0316 0.0358
v 0.1321 -0.0318 0.035
v -0.1101 0.1337 -0.0039
v -0.1139 0.1271 -0.0128
v -0.1316 0.1277 0.0169
v -0.1323 0.1284 0.032
v -0.1408 0.1005 0.0231
v -0.1394 0.1004 0.0135
v 0.1419 -0.2903 -0.157
v 0.1309 -0.2803 -0.1553
v 0.0521 -0.0854 -0.0482
v 0.0676 -0.0887 -0.0504
v 0.0554 -0.0722 -0.0502
v -0.0543 0.1858 0.1577
v -0.055 0.1774 0.1678
v 0.0205 0.174 0.168
v 0.0194 0.1706 0.1574
v -0.07 0.1832 0.1521
v -0.2448 0.1856 0.0028
v -0.2357 0.206 0.0222
v -0.2067 0.1707 -0.0126
v -0.2094 0.1869 -0.007
v -0.2242 0.1739 -0.0073
v -0.2243 0.1987 0.0071
v -0.1668 0.1837 -0.007
v 0.0661 0.2927 -0.0527
v 0.0875 0.2893 -0.0544
v 0.1127 0.2838 -0.0431
v 0.0968 0.2867 -0.0414
v 0.104 -0.1629 0.1026
v 0.113 -0.1643 0.103
v 0.1341 -0.1782 0.0742
v 0.1356 -0.177 0.0606
v 0.1496 -0.1942 0.0368
v 0.1392 -0.1922 0.0366
v 0.1214 -0.1738 0.0714
v 0.1146 -0.1687 0.0826
v -0.0717 0.4798 0.0813
v -0.0782 0.4777 0.0817
v -0.0853 0.4793 0.0619
v -0.0669 0.4705 0.0939
v 0.1206 -0.3124 -0.179
v 0.1192 -0.2948 -0.1629
v -0.1532 -0.4252 -0.1513
v -0.1526 -0.3369 -0.1268
v -0.1377 -0.318 -0.134
v -0.1518 -0.3662 -0.1291
v -0.1491 -0.4176 -0.1408
v -0.1452 -0.387 -0.147
v -0.1496 -0.4324 -0.1644
v -0.1521 -0.425 -0.1551
v -0.1374 -0.4042 -0.17
v -0.1479 -0.4184 -0.1712
v -0.1568 -0.4367 -0.1661
v 0.121 0.4326 0.0531
v 0.1489 0.4167 0.0687
v 0.1245 0.4189 0.0696
v 0.1327 0.4102 0.0509
v 0.0847 0.4442 0.0529
v 0.0879 0.4338 0.0659
v 0.0825 0.4355 0.0061
v 0.0893 0.4489 -0.0118
v -0.0802 -0.2612 0.1135
v -0.0761 -0.2139 0.1237
v -0.071 -0.2537 0.1084
v -0.0562 -0.2044 0.1133
v -0.0763 -0.1653 0.1351
v -0.0796 -0.1458 0.1327
v -0.0531 -0.1006 0.1418
v -0.0445 -0.0727 0.138
v -0.0804 -0.1166 0.1456
v -0.0218 -0.0548 0.1251
v -0.0902 -0.1301 0.1405
v -0.0302 -0.1224 0.0999
v -0.0682 -0.1911 0.1257
v -0.025 -0.1946 0.0581
v -0.0074 -0.0674 0.11
v -0.0082 -0.073 0.0739
v -0.0286 -0.1736 0.0179
v -0.0278 -0.1895 0.0414
v -0.0321 -0.1591 0.0133
v -0.0133 -0.0591 0.0294
v -0.053 -0.2232 0.0825
v -0.0582 -0.2389 0.0823
v -0.0683 -0.2525 0.0958
v -0.031 -0.1216 0.0105
v -0.0912 0.5012 0.0182
v -0.0625 0.4984 0.0204
v -0.0867 0.4929 0.0419
v 0.0713 -0.3515 -0.1686
v 0.0604 -0.3224 -0.1599
v 0.0569 -0.3083 -0.1549
v 0.0732 -0.3598 -0.1628
v 0.052 -0.2976 -0.1508
v 0.0502 -0.2959 -0.1459
v 0.0227 0.4295 0.0905
v 0.0188 0.4127 0.1014
v 0.0113 0.4192 0.1032
v 0.0157 0.425 0.0875
v 0.0238 0.4329 0.0666
v 0.0692 0.3469 -0.0711
v 0.071 0.3739 -0.0498
v 0.1179 0.415 -0.0542
v 0.1111 0.4201 -0.0487
v 0.1115 0.4222 -0.0503
v 0.0779 0.3793 -0.0464
v -0.0355 0.4032 0.1331
v 0.0136 0.4064 0.1389
v -0.0181 0.3985 0.1404
v 0.001 0.4106 0.1334
v 0.0256 0.4121 0.1213
v 0.0126 0.416 0.1292
v -0.2489 -0.0941 0.0479
v -0.2424 -0.1046 0.0655
v -0.2552 -0.1035 0.0403
v -0.2543 -0.0811 0.0245
v -0.2559 -0.1138 0.0638
v -0.2991 -0.0925 0.0319
v -0.2728 -0.0995 0.0653
v -0.2713 -0.0812 0.0156
v -0.2969 -0.0849 0.0283
v -0.2584 -0.1016 0.0888
v -0.2977 -0.0903 0.0715
v -0.2796 -0.0919 0.0727
v 0.1318 0.2825 -0.028
v 0.1529 0.2894 -0.0218
v 0.1706 0.2985 0.0011
v 0.1658 0.2817 -0.0064
v 0.1811 0.2885 0.0184
v 0.1397 0.285 -0.0323
v 0.178 0.3015 0.0713
v 0.1882 -0.4422 -0.1326
v 0.1816 -0.4618 -0.1441
v 0.1492 -0.2643 -0.1472
v 0.1312 -0.2731 -0.1547
v 0.1175 -0.246 -0.1432
v 0.1451 -0.286 -0.1559
v 0.1336 -0.2445 -0.1341
v 0.1424 -0.2892 -0.1605
v 0.1246 -0.2623 -0.1719
v 0.1425 -0.2451 -0.142
v -0.0747 -0.0405 -0.0239
v -0.0775 -0.0174 -0.0194
v -0.1047 -0.2493 -0.1224
v -0.0871 -0.2595 -0.1236
v -0.0952 -0.2685 -0.1311
v 0.0511 -0.3994 -0.1285
v 0.0388 -0.4048 -0.1283
v -0.0202 0.3858 0.1182
v -0.0233 0.3917 0.1234
v 0.0396 -0.2755 -0.1351
v 0.0453 -0.2989 -0.1397
v 0.0464 -0.3438 -0.16
v 0.0435 -0.3309 -0.1587
v 0.046 -0.3365 -0.1523
v 0.0605 -0.3672 -0.1662
v 0.0652 -0.4025 -0.1714
v 0.1274 -0.4008 -0.1762
v 0.1197 -0.3735 -0.1693
v 0.1163 -0.3857 -0.1717
v 0.1406 -0.4152 -0.1749
v 0.0688 -0.0583 -0.0509
v 0.0766 -0.0616 -0.0486
v 0.1242 0.3609 -0.0368
v 0.1335 0.3574 -0.0321
v 0.1758 0.3163 0.0021
v 0.1562 0.288 -0.0245
v 0.141 0.2856 -0.0357
v 0.1678 0.3565 -0.007
v 0.1359 0.3929 -0.0032
v 0.1221 0.4007 -0.022
v 0.1745 0.2898 -0.0024
v 0.1182 0.3809 -0.0265
v 0.1446 0.4147 -0.0108
v 0.1247 0.4208 -0.0069
v 0.1209 0.3953 -0.0217
v 0.1669 0.3788 0.0196
v 0.1482 0.3918 0.0179
v 0.1391 0.4067 0.0222
v 0.1696 0.3655 0.0203
v 0.1687 0.3632 0.068
v 0.1261 0.4091 0.0288
v 0.1344 0.4008 0.0435
v 0.0847 0.0449 0.1435
v 0.1042 0.0275 0.1292
v 0.099 0.0331 0.1113
v 0.0804 0.0376 0.1536
v 0.0626 0.051 0.1563
v 0.0706 0.0497 0.1717
v -0.0353 0.4133 0.1114
v -0.0435 0.3869 0.0952
v -0.0474 0.3971 0.1138
v -0.0373 0.0231 -0.0297
v 0.0539 -0.257 -0.1197
v 0.067 -0.2172 -0.095
v 0.052 -0.1493 -0.0764
v 0.0495 -0.1224 -0.0666
v 0.0616 -0.0808 -0.0522
v 0.0635 -0.1098 -0.0584
v 0.0566 -0.0539 -0.0426
v -0.0043 0.0303 -0.0273
v 0.0792 -0.2446 -0.1196
v -0.074 -0.034 -0.0445
v 0.0079 -0.1137 -0.065
v -0.0623 -0.0855 -0.0594
v -0.0702 0.0096 -0.0344
v -0.0674 -0.1608 -0.1037
v -0.0656 -0.1976 -0.1177
v -0.0449 -0.2292 -0.1301
v -0.0439 -0.2021 -0.1217
v -0.0261 -0.2621 -0.1462
v 0.0321 -0.016 -0.0181
v -0.0217 -0.3681 -0.18
v -0.0212 -0.3194 -0.1652
v -0.0124 -0.3863 -0.1862
v 0.0237 -0.2267 -0.1222
v 0.0193 0.0047 -0.0276
v 0.0168 -0.2708 -0.1407
v 0.0615 -0.0671 -0.0475
v 0.0121 -0.2968 -0.1501
v 0.0121 -0.3702 -0.1736
v 0.0013 -0.3836 -0.1776
v 0.0475 -0.0322 -0.0379
v 0.0035 -0.4133 -0.1898
v -0.0075 -0.4029 -0.1784
v -0.0098 -0.4255 -0.1964
v -0.0003 -0.4488 -0.1923
v 0.0305 -0.2349 -0.1197
v 0.0626 -0.2511 -0.1048
v 0.0541 -0.2869 -0.1228
v 0.0689 -0.2741 -0.1429
v 0.0398 -0.2352 -0.1129
v 0.0061 -0.461 -0.1919
v 0.0182 -0.2429 -0.1296
v 0.0253 -0.2339 -0.1258
v -0.0298 0.0353 -0.0715
v -0.0028 0.0859 -0.0675
v 0.2521 -0.4191 0.0553
v 0.2583 -0.4021 0.041
v -0.0551 0.1111 0.1768
v -0.0788 0.0295 0.1851
v -0.1046 -0.0273 0.1944
v -0.1151 -0.0224 0.2062
v -0.058 0.0845 0.1707
v -0.0715 0.0603 0.1696
v -0.1044 -0.0214 0.1843
v -0.1092 0.0416 0.2001
v -0.1225 -0.0161 0.1958
v -0.1041 0.0654 0.1895
v -0.082 0.1193 0.178
v -0.0917 0.0965 0.1749
v -0.1024 0.0879 0.1809
v 0.1316 -0.0257 0.0423
v 0.1277 -0.0253 0.0441
v 0.0535 -0.0668 -0.0582
v 0.0534 -0.0554 -0.0479
v -0.0135 -0.1376 -0.1061
v -0.0204 -0.1318 -0.0898
v 0.0296 -0.0392 0.1712
v 0.037 -0.0213 0.1753
v 0.1587 -0.3544 -0.1808
v 0.154 -0.3379 -0.1803
v -0.0276 0.5122 0.1457
v -0.0368 0.5073 0.1417
v -0.0119 0.5418 0.159
v 0.0002 0.5205 0.1458
v -0.0242 0.5398 0.1547
v -0.0075 0.5107 0.1547
v -0.0425 0.5118 0.1404
v -0.0315 0.5422 0.1523
v -0.0285 0.5506 0.1332
v -0.0614 0.5313 0.15
v -0.058 0.5216 0.1359
v -0.2543 -0.0307 0.1179
v -0.2444 -0.0236 0.1175
v -0.2397 -0.0732 0.1081
v -0.2289 -0.0826 0.1078
v -0.2913 -0.0639 0.1175
v -0.2651 -0.0779 0.1041
v -0.2606 -0.1104 0.0942
v -0.2854 -0.0825 0.1064
v -0.2622 -0.0898 0.0944
v -0.2492 -0.0563 0.1154
v -0.257 -0.0984 0.079
v -0.2683 0.0078 0.1101
v -0.2541 -0.0038 0.1106
v -0.3065 -0.0409 0.1054
v -0.3028 -0.0172 0.0866
v -0.3143 -0.0478 0.0849
v -0.3122 -0.0053 0.081
v -0.3 0.003 0.0915
v -0.083 0.4466 0.0552
v -0.0758 0.438 0.0997
v -0.0835 0.43 0.085
v -0.0015 0.5248 0.1458
v -0.0184 0.5529 0.1435
v -0.0213 0.5446 0.1572
v -0.0064 0.5515 0.1191
v -0.0094 0.565 0.128
v 0.0824 -0.3898 -0.1702
v 0.0894 -0.4016 -0.17
v 0.0987 -0.4084 -0.1796
v 0.143 0.2767 -0.0375
v 0.1451 0.2255 -0.0289
v 0.146 0.1736 -0.0367
v 0.2411 -0.0261 0.1711
v 0.2411 -0.0029 0.1768
v 0.2241 -0.0464 0.1489
v 0.2341 -0.0141 0.134
v 0.2351 0.0139 0.1705
v 0.2319 -0.0002 0.1944
v 0.2393 0.0251 0.1627
v 0.222 0.0208 0.1081
v 0.2296 -0.0211 0.1327
v 0.2217 -0.0431 0.1463
v 0.2058 -0.0363 0.1359
v 0.1897 -0.0416 0.1383
v -0.047 -0.0222 -0.0698
v -0.0317 0.0066 -0.0692
v -0.0363 0.0398 -0.0682
v -0.0922 -0.4317 -0.1781
v -0.0888 -0.406 -0.1752
v -0.0827 -0.4416 -0.1823
v -0.1767 -0.2344 0.2171
v -0.1891 -0.2557 0.2315
v -0.1907 -0.2446 0.2331
v -0.1033 -0.0006 0.1302
v -0.1077 -0.0048 0.1327
v -0.1006 0.0171 0.1285
v 0.2239 -0.4397 -0.1324
v 0.2201 -0.428 -0.1335
v 0.1486 0.0009 0.2055
v 0.1517 0.0027 0.1888
v 0.1693 0.0184 0.1848
v 0.1108 -0.3789 -0.1678
v 0.1054 -0.3995 -0.1735
v 0.1376 -0.4158 -0.1748
v 0.1116 -0.4187 -0.1865
v 0.1268 -0.3881 -0.1749
v 0.1075 -0.4098 -0.1834
v 0.2944 -0.3989 0.017
v 0.3123 -0.4044 0.0021
v 0.1353 -0.4466 0.051
v 0.1607 -0.4843 0.0266
v 0.1627 -0.4707 0.0322
v 0.1108 -0.46 0.058
v 0.149 -0.4604 0.0483
v 0.0746 -0.036 -0.0352
v 0.0806 -0.0557 -0.039
v 0.0704 -0.0517 -0.0415
v -0.0732 0.5269 0.0635
v -0.0789 0.5291 0.0656
v -0.0769 0.4587 0.0498
v -0.0765 0.47 0.0617
v -0.0698 0.4562 0.0565
v -0.0426 -0.0083 0.144
v -0.0252 -0.0198 0.1422
v -0.1618 -0.3348 -0.1304
v -0.159 -0.3695 -0.1285
v -0.1562 -0.3791 -0.1358
v -0.156 -0.3641 -0.1233
v -0.1551 -0.4102 -0.1483
v -0.1471 -0.4131 -0.1435
v -0.1526 -0.3909 -0.1633
v -0.1568 -0.4366 -0.1559
v -0.1623 -0.4262 -0.1659
v -0.1584 -0.44 -0.1726
v -0.1549 -0.3221 -0.1396
v -0.2395 -0.3834 -0.1097
v -0.2287 -0.4239 -0.1267
v -0.2316 -0.3995 -0.1178
v 0.1325 -0.4161 -0.1775
v 0.1178 -0.4203 -0.1805
v 0.1373 -0.4087 -0.1809
v -0.2857 -0.4272 -0.0796
v -0.2929 -0.3996 -0.0782
v -0.0736 -0.4661 -0.1947
v -0.0728 -0.4443 -0.1899
v 0.1947 -0.4383 -0.1281
v 0.2187 -0.4388 -0.1237
v -0.0398 0.507 0.1493
v -0.0258 0.5223 0.1468
v -0.0396 0.5086 0.1425
v -0.025 0.5128 0.148
v -0.0023 0.5059 0.1408
v -0.0444 0.5112 0.1461
v -0.1847 -0.3407 0.4096
v -0.1847 -0.3319 0.4012
v -0.1896 -0.3218 0.3724
v -0.2159 -0.3309 0.3735
v -0.2223 -0.3509 0.366
v -0.2238 -0.3619 0.3863
v -0.2134 -0.3437 0.408
v -0.2813 -0.3553 0.2064
v -0.2723 -0.3411 0.204
v -0.2867 -0.3701 0.2034
v -0.2785 -0.334 0.1917
v -0.3 -0.3569 0.183
v -0.3011 -0.3771 0.1871
v -0.3016 -0.3639 0.2008
v -0.2661 -0.3265 0.2031
v -0.2647 -0.2879 0.1492
v -0.2583 -0.3004 0.2039
v -0.2482 -0.2786 0.1894
v -0.2655 -0.3101 0.2284
v 0.0515 -0.1918 0.0891
v 0.0408 -0.2283 0.0728
v 0.0672 -0.1841 0.0938
v 0.0508 -0.21 0.0817
v 0.0367 -0.2126 0.0674
v 0.0551 -0.1791 0.0909
v 0.0443 -0.1914 0.0754
v 0.1848 -0.4532 -0.1395
v 0.172 -0.441 -0.1413
v 0.1885 -0.4596 -0.1415
v 0.1551 -0.4545 -0.1448
v 0.1585 -0.4296 -0.1368
v -0.0304 0.3955 0.1246
v -0.0239 0.3967 0.1143
v -0.029 0.4157 0.1247
v -0.1037 -0.0225 0.1427
v -0.1043 -0.0396 0.1434
v -0.1629 -0.017 0.0355
v -0.1575 -0.0183 0.0449
v -0.107 0.3069 -0.0415
v -0.1047 0.289 -0.0396
v -0.1056 0.2968 -0.0261
v -0.121 0.2593 -0.0249
v -0.1201 0.2633 -0.0153
v -0.1268 0.2564 -0.0055
v -0.1349 0.2328 0.0037
v -0.131 0.246 0.0004
v -0.1066 0.2738 -0.0318
v 0.126 -0.3092 -0.1278
v 0.1165 -0.2844 -0.1178
v 0.1072 -0.2573 -0.0916
v 0.1352 -0.302 -0.0949
v 0.1368 -0.345 -0.1182
v 0.1432 -0.3742 -0.1289
v 0.1433 -0.4122 -0.1302
v 0.1382 -0.3249 -0.1081
v 0.1517 -0.4207 -0.138
v 0.0713 0.0026 -0.013
v 0.0666 -0.0315 -0.0236
v 0.0745 0.0215 -0.0167
v 0.0704 -0.0627 -0.0251
v 0.0796 -0.0801 -0.0289
v 0.0772 -0.0569 -0.0149
v 0.0802 -0.0201 -0.031
v 0.1385 -0.0338 0.0513
v 0.1332 -0.0167 0.0414
v 0.1385 -0.0302 0.0371
v 0.1458 -0.0299 0.0435
v 0.0468 -0.212 -0.1174
v 0.047 -0.2307 -0.1227
v 0.0422 -0.2045 -0.1175
v 0.01 0.4128 0.115
v 0.0074 0.3914 0.1025
v 0.0143 0.4173 0.0998
v 0.0235 0.405 0.1019
v -0.2159 0.1664 0.0894
v -0.2413 0.1648 0.0886
v 0.0485 -0.4048 -0.1313
v 0.0346 -0.3933 -0.1319
v 0.0441 -0.3827 -0.1253
v 0.0351 -0.2862 -0.1274
v -0.006 -0.4585 -0.2033
v -0.0049 -0.4505 -0.2051
v -0.0024 -0.4585 -0.2099
v -0.2122 -0.4385 -0.1416
v -0.2106 -0.4259 -0.131
v -0.1012 -0.0743 -0.0467
v -0.1032 -0.0653 -0.0446
v -0.1125 -0.4096 -0.175
v -0.1008 -0.4121 -0.1747
v 0.0561 -0.0302 0.1417
v 0.0645 -0.0545 0.1467
v 0.1879 -0.2005 -0.1217
v 0.183 -0.1834 -0.1172
v 0.2038 -0.2975 -0.1521
v 0.2039 -0.2876 -0.1556
v 0.1991 -0.3183 -0.1661
v 0.1981 -0.2368 -0.1363
v 0.2143 -0.3347 -0.1689
v 0.1936 -0.2606 -0.1426
v 0.1906 -0.2277 -0.1326
v 0.2004 -0.2986 -0.1529
v 0.2033 -0.328 -0.1731
v -0.0523 0.4305 0.083
v -0.0508 0.4374 0.0742
v -0.0437 0.4195 0.0786
v -0.0489 0.4296 0.0917
v -0.018 -0.4268 -0.1953
v -0.0309 -0.4518 -0.1903
v -0.2067 -0.3009 0.2762
v -0.2131 -0.3041 0.2872
v -0.2071 -0.3156 0.2801
v -0.1944 -0.2947 0.2711
v -0.2143 -0.3285 0.2786
v -0.1961 -0.2798 0.2727
v -0.1018 0.1146 0.1362
v -0.0812 0.1183 0.1497
v -0.1169 0.118 0.1425
v -0.1075 0.1218 0.1484
v -0.0842 0.1186 0.1786
v -0.0602 0.1192 0.1769
v -0.1538 -0.4316 -0.1632
v -0.1638 -0.4358 -0.1711
v -0.0517 0.4315 0.0696
v -0.0542 0.4309 0.0756
v 0.0189 0.1152 -0.0698
v 0.0185 0.1098 -0.072
v 0.2286 -0.4274 -0.1238
v 0.2293 -0.4384 -0.1241
v -0.2119 -0.3381 0.2802
v -0.2171 -0.3223 0.2918
v 0.029 0.4346 0.0555
v 0.0318 0.4293 0.0538
v 0.0318 0.4856 0.083
v 0.0236 0.4939 0.1042
v 0.2132 -0.4168 -0.1268
v 0.2177 -0.4119 -0.1306
v 0.2148 -0.4356 -0.1306
v 0.2056 -0.4375 -0.1335
v -0.0707 -0.4838 -0.1955
v -0.0752 -0.4713 -0.1949
v 0.1487 -0.2709 -0.1394
v 0.133 -0.2922 -0.1546
v 0.1372 -0.3109 -0.1785
v -0.2642 -0.3903 -0.0792
v -0.2679 -0.4248 -0.0806
v 0.1143 0.431 0.0012
v 0.1071 0.4163 0.0038
v 0.125 0.4008 0.0242
v 0.1294 0.4174 0.0181
v 0.1277 0.4223 0.0093
v 0.1554 -0.4474 -0.1451
v 0.1775 -0.4461 -0.1309
v 0.1651 -0.447 -0.1475
v 0.1533 -0.4541 -0.1476
v 0.1523 -0.4298 -0.1392
v -0.0603 0.4416 0.0744
v -0.0557 0.4314 0.0696
v 0.1037 0.2117 0.086
v 0.1028 0.2074 0.0659
v 0.0116 -0.3772 -0.1824
v 0.01 -0.3647 -0.1812
v 0.016 -0.3658 -0.1726
v -0.15 0.2598 -0.0262
v -0.1306 0.2907 -0.0199
v -0.1381 0.2961 -0.0411
v -0.1228 0.2993 -0.0273
v -0.1159 0.3088 -0.0503
v -0.1018 0.3049 -0.0365
v -0.09 0.329 -0.0556
v -0.1544 0.2739 -0.0404
v -0.0789 0.3197 -0.0527
v -0.0711 0.3279 -0.0613
v 0.2074 -0.3567 -0.1773
v 0.1699 -0.3567 -0.1826
v -0.2639 -0.3753 -0.0775
v -0.2706 -0.3862 -0.0837
v -0.3087 -0.4106 -0.0482
v -0.3086 -0.4154 -0.0641
v -0.0635 -0.4797 -0.2023
v -0.075 -0.4657 -0.1959
v -0.0426 -0.1043 -0.0779
v -0.0332 -0.1043 -0.0793
v 0.0095 0.4027 0.1209
v 0.009 0.393 0.1089
v -0.1782 -0.2237 0.208
v -0.1872 -0.237 0.2182
v -0.168 -0.223 0.1878
v -0.1742 -0.2081 0.1889
v -0.1639 -0.192 0.1683
v -0.1534 -0.1744 0.1552
v -0.1408 -0.1691 0.1498
v -0.1669 -0.2012 0.1804
v -0.159 -0.1891 0.1587
v -0.1233 -0.1417 0.1696
v -0.1294 -0.1575 0.1735
v -0.1286 -0.1393 0.171
v -0.1304 -0.1206 0.1603
v -0.1126 -0.0981 0.1715
v -0.0981 -0.065 0.1606
v -0.1162 -0.0778 0.1599
v -0.1448 -0.1736 0.1558
v -0.1602 -0.21 0.1711
v 0.3146 -0.4026 -0.0151
v 0.3133 -0.4015 -0.0367
v 0.0295 0.4247 0.1156
v 0.0157 0.4038 0.1323
v -0.0168 0.3996 0.1401
v 0.0046 0.3697 0.1272
v 0.0188 0.3777 0.1157
v -0.0109 0.3662 0.1306
v 0.0408 0.3934 0.0944
v 0.0431 0.4324 0.1004
v 0.0512 0.4154 0.0702
v 0.0467 0.4392 0.0843
v 0.0147 0.1044 -0.0705
v -0.0032 0.0791 -0.0627
v 0.1608 -0.3252 -0.1737
v 0.1596 -0.2755 -0.1633
v 0.1777 -0.292 -0.1539
v 0.1756 -0.267 -0.145
v 0.1903 -0.2076 -0.1183
v 0.2016 -0.2657 -0.1382
v 0.2037 -0.3184 -0.1651
v 0.1687 -0.3583 -0.1809
v 0.1596 -0.2574 -0.1419
v 0.1588 -0.2155 -0.1296
v 0.2088 -0.3585 -0.1783
v 0.1514 -0.1151 -0.097
v 0.1801 -0.1515 -0.1046
v 0.1704 -0.0759 -0.0834
v 0.161 -0.0528 -0.077
v 0.1732 -0.1154 -0.0953
v 0.198 -0.2288 -0.1262
v 0.1856 -0.1809 -0.1175
v 0.1697 -0.3568 -0.1856
v 0.1507 -0.0617 -0.0846
v 0.1427 -0.0284 -0.081
v 0.1458 -0.287 -0.1587
v 0.1483 -0.3139 -0.169
v 0.2055 -0.3348 -0.1703
v 0.0117 -0.3704 -0.1726
v 0.009 -0.3357 -0.1638
v 0.0091 -0.3052 -0.1524
v 0.0163 -0.349 -0.1696
v 0.1776 -0.4436 -0.1426
v 0.1738 -0.4533 -0.1427
v 0.1474 0.1132 -0.0428
v 0.151 0.1818 -0.0328
v 0.1483 0.1305 -0.0358
v 0.1478 0.188 -0.029
v 0.0901 -0.4035 -0.1741
v 0.1055 -0.4114 -0.1793
v 0.2179 -0.442 0.0785
v 0.2233 -0.4444 0.0855
v 0.2123 -0.4559 0.0914
v -0.2385 0.1547 -0.0115
v -0.2399 0.169 -0.0106
v -0.2212 0.156 -0.0054
v -0.2286 0.15 -0.0046
v 0.0869 0.0408 0.129
v 0.1014 0.0387 0.1133
v -0.1088 -0.087 -0.0248
v -0.096 -0.0842 -0.0349
v -0.1159 -0.0834 -0.0381
v 0.1033 0.3074 0.1129
v 0.1212 0.2765 0.1119
v 0.1042 0.2963 0.1194
v 0.0974 0.3048 0.1166
v -0.1575 0.266 0.1085
v -0.1334 0.2887 0.1099
v -0.1425 0.2712 0.1236
v -0.1626 0.2384 0.1001
v -0.1659 0.2444 0.1085
v -0.1311 0.2956 0.1324
v -0.0972 0.3016 0.1349
v -0.1269 0.2969 0.1154
v 0.0517 0.1793 0.1435
v 0.0834 0.1777 0.1204
v 0.0483 0.1722 0.1552
v 0.0423 0.1812 0.1508
v 0.1844 -0.4635 -0.1479
v 0.1695 -0.4315 -0.1308
v 0.1742 -0.443 -0.1362
v 0.1959 -0.4419 -0.1291
v -0.2349 -0.321 0.2533
v -0.2248 -0.3312 0.2621
v -0.235 -0.4235 -0.1162
v -0.2191 -0.416 -0.1222
v 0.2124 0.1808 0.0428
v 0.2077 0.1662 0.0383
v -0.0468 0.5169 0.1426
v -0.0468 0.5105 0.1399
v -0.3011 -0.3716 0.1942
v -0.2926 -0.364 0.1906
v -0.2457 -0.3114 0.2344
v -0.2546 -0.3118 0.2467
v -0.265 -0.3349 0.2388
v -0.265 -0.3385 0.2398
v 0.0392 0.4572 0.0446
v 0.048 0.4494 0.0537
v 0.0431 0.432 0.0917
v 0.0364 0.419 0.1
v 0.0413 0.4481 0.054
v 0.0337 0.4255 0.1147
v 0.2902 -0.4017 0.0232
v 0.2939 -0.3981 0.0137
v 0.2597 -0.3352 0.0466
v 0.3136 -0.3941 0.0037
v 0.2785 -0.3965 0.0301
v 0.2332 -0.2896 0.0478
v 0.212 -0.2368 0.0646
v 0.2515 -0.3021 0.0504
v 0.2327 -0.2713 0.0521
v 0.2682 -0.4052 0.0332
v 0.2801 -0.4008 0.0277
v 0.0925 -0.0496 0.1414
v 0.1078 -0.0772 0.1285
v 0.1906 -0.1737 0.0786
v 0.179 -0.1522 0.0783
v 0.1595 -0.1328 0.0944
v 0.1492 -0.1155 0.1079
v 0.142 -0.184 0.114
v 0.1247 -0.0599 0.1261
v 0.1505 -0.2443 0.1103
v 0.2516 -0.425 0.0669
v 0.1704 -0.32 0.1066
v 0.1595 -0.2802 0.1098
v 0.1796 -0.3667 0.1058
v 0.1935 -0.4203 0.1054
v 0.1121 -0.1084 0.1271
v 0.2234 -0.44 0.0812
v 0.2007 -0.2039 0.0671
v 0.1336 -0.0717 0.1183
v 0.2175 -0.454 0.0957
v 0.164 -0.1205 0.0863
v 0.0916 -0.034 0.1534
v 0.2575 -0.3979 0.0449
v 0.0666 0.0084 0.1548
v 0.0843 -0.0114 0.1496
v 0.0813 -0.0235 0.1471
v 0.0741 -0.0563 0.1535
v 0.0701 -0.036 0.1531
v 0.0891 -0.0571 0.1471
v 0.0757 0.0238 0.1535
v 0.0582 0.0314 0.1659
v 0.2489 -0.4188 0.0478
v 0.2019 -0.4626 0.0953
v 0.0935 0.0174 0.1379
v 0.1045 0.0093 0.1243
v 0.2433 -0.4401 0.065
v 0.1181 -0.0032 0.1296
v -0.1627 0.0009 0.0827
v -0.1649 -0.0035 0.0889
v 0.0207 0.1741 0.1643
v 0.0183 0.191 0.1643
v 0.0415 -0.2962 -0.1279
v 0.0551 -0.2716 -0.1362
v 0.0392 -0.2059 -0.1145
v 0.0182 -0.1322 -0.1033
v 0.0257 -0.1553 -0.1011
v 0.0463 -0.2844 -0.138
v 0.0308 -0.1766 -0.1071
v 0.0559 -0.3131 -0.1451
v 0.0616 -0.3814 -0.162
v 0.064 -0.405 -0.1766
v 0.08 -0.3952 -0.1742
v 0.0429 -0.3379 -0.1585
v 0.0755 -0.3561 -0.1634
v 0.0687 -0.3465 -0.1542
v 0.0712 -0.3649 -0.1694
v 0.0393 -0.2093 -0.1133
v -0.0024 0.0792 -0.0623
v 0.0186 0.1297 -0.0601
v -0.0143 0.056 -0.0637
v 0.0086 0.1062 -0.057
v -0.0098 0.0645 -0.0651
v -0.0397 -0.0077 -0.0664
v -0.0284 0.0259 -0.0704
v -0.0187 0.0457 -0.0651
v -0.0374 -0.0971 -0.0869
v 0.0135 0.118 -0.063
v 0.0984 0.1023 -0.0599
v 0.0388 0.1441 -0.0562
v 0.0634 0.1326 -0.0502
v 0.0788 -0.0789 -0.085
v 0.152 -0.117 -0.0979
v 0.0825 0.1808 -0.0521
v 0.1382 -0.03 -0.0836
v 0.1587 -0.2169 -0.1268
v -0.0065 -0.1172 -0.0858
v 0.1379 -0.2366 -0.1324
v 0.0593 0.1902 -0.0526
v 0.134 0.0557 -0.0635
v 0.1207 0.0799 -0.0626
v -0.0307 -0.1036 -0.081
v 0.1143 -0.2345 -0.1264
v 0.1435 -0.2516 -0.1373
v 0.1175 0.1398 -0.0516
v -0.0123 -0.1181 -0.0904
v 0.1069 0.1647 -0.0454
v 0.1597 -0.2571 -0.1427
v 0.1521 -0.2538 -0.1469
v 0.1756 -0.267 -0.145
v 0.1777 -0.2919 -0.154
v 0.0843 -0.2177 -0.1249
v 0.1193 -0.2804 -0.1494
v 0.0453 -0.2247 -0.128
v 0.1555 -0.2808 -0.1583
v 0.0935 0.1797 -0.0518
v 0.136 0.0073 -0.0692
v 0.1428 -0.2689 -0.1459
v 0.1298 -0.2927 -0.1569
v 0.0755 -0.2929 -0.152
v 0.0638 -0.2841 -0.1537
v 0.1514 -0.057 -0.0871
v 0.0019 -0.1256 -0.1006
v -0.0074 -0.1205 -0.095
v -0.0155 -0.125 -0.0904
v 0.0858 -0.2939 -0.1464
v -0.0818 -0.0019 0.1409
v -0.0636 -0.0353 0.1584
v -0.072 -0.0002 0.1564
v -0.0803 -0.1054 0.1571
v -0.0837 -0.1061 0.1614
v -0.0248 -0.4577 -0.1987
v -0.0296 -0.4264 -0.1925
v 0.1499 -0.2539 -0.1546
v 0.1561 -0.2808 -0.1565
v 0.1475 -0.2483 -0.1425
v -0.2312 -0.0821 0.1053
v -0.2362 -0.0673 0.1023
v -0.3106 -0.4034 0.2009
v -0.3095 -0.3844 0.1882
v -0.3025 -0.3764 0.1889
v -0.3164 -0.399 0.1977
v -0.3118 -0.4064 0.1976
v -0.3052 -0.3919 0.1931
v 0.2586 -0.4212 0.0469
v 0.2613 -0.4372 0.0612
v 0.2406 -0.4313 0.0648
v 0.0775 -0.4085 -0.1747
v 0.0792 -0.3944 -0.1798
v 0.0058 -0.4154 -0.1856
v 0.0047 -0.4589 -0.1954
v 0.0006 -0.464 -0.2002
v -0.0013 -0.3991 -0.1873
v 0.0001 -0.469 -0.2003
v 0.0214 -0.2478 -0.1318
v 0.0123 -0.3063 -0.1519
v 0.0128 -0.3428 -0.1666
v 0.0126 -0.2908 -0.1468
v -0.0082 -0.3884 -0.1975
v 0.0075 -0.3659 -0.177
v 0.0115 -0.3609 -0.1705
v 0.024 -0.2252 -0.1256
v 0.0222 -0.1861 -0.1114
v -0.0203 -0.295 -0.1681
v -0.0138 -0.2287 -0.1433
v -0.0006 -0.199 -0.1191
v 0.0165 -0.1593 -0.1149
v -0.0039 -0.4415 -0.2057
v 0.0112 -0.1814 -0.1158
v -0.0263 -0.34 -0.1818
v -0.0189 -0.3759 -0.1911
v 0.0189 -0.234 -0.1212
v 0.0777 -0.0209 -0.0319
v 0.0739 -0.0321 -0.039
v -0.3051 -0.4123 -0.0521
v -0.3039 -0.4204 -0.0174
v -0.2414 -0.3182 0.24
v -0.2357 -0.3064 0.2603
v -0.2276 -0.3207 0.2713
v 0.1229 0.0032 0.0806
v 0.1179 0.0106 0.0823
v -0.0028 0.5065 0.1394
v 0.0059 0.5275 0.1443
v 0.2007 -0.3534 -0.1724
v 0.2022 -0.3268 -0.172
v -0.0523 0.3928 0.1086
v -0.0581 0.4066 0.0949
v -0.0585 0.4246 0.0964
v -0.0683 0.4209 0.0692
v -0.0409 0.4163 0.1106
v -0.0602 0.4378 0.0822
v -0.1584 -0.3431 -0.1168
v -0.1632 -0.3874 -0.0386
v 0.1141 -0.0052 0.0906
v 0.1208 -0.0129 0.0741
v 0.2897 -0.4175 -0.0991
v 0.2842 -0.4215 -0.0911
v -0.0009 0.3872 0.1199
v -0.022 0.3883 0.1217
v -0.0943 -0.2499 -0.1311
v -0.0888 -0.2474 -0.1332
v -0.3015 -0.3942 0.1567
v -0.2982 -0.3985 0.1033
v -0.0274 0.0273 -0.0708
v -0.0101 0.0586 -0.0671
v -0.0201 0.0461 -0.0621
v -0.0042 0.0859 -0.0651
v -0.0726 0.4808 0.007
v 0.0523 0.3778 -0.0339
v 0.039 0.3661 -0.0429
v 0.0474 0.4025 -0.0192
v 0.0384 0.3403 -0.0528
v 0.0153 0.4205 -0.0053
v -0.0079 0.4212 -0.0126
v -0.059 0.3688 -0.0324
v 0.039 0.3302 -0.0651
v 0.0016 0.2792 -0.0613
v -0.0734 0.3815 -0.025
v -0.0654 0.3274 -0.0558
v -0.0651 0.3077 -0.0575
v -0.027 0.4477 -0.0096
v -0.0293 0.2656 -0.0544
v -0.0545 0.2521 -0.0531
v -0.0441 0.2771 -0.0633
v -0.0664 0.2544 -0.0495
v -0.0601 0.4502 0.0063
v -0.0187 0.4822 -0.0081
v -0.0536 0.4893 0.0086
v -0.0738 0.5006 0.0193
v -0.0374 0.4971 -0.0024
v -0.039 0.3411 -0.055
v -0.0758 0.4624 0.0215
v -0.0618 0.4641 0.0122
v -0.0565 0.365 -0.0411
v -0.1033 0.4114 0.0243
v -0.0672 0.426 0.0089
v -0.0924 0.4149 0.0249
v -0.0981 0.4047 0.0018
v 0.059 -0.0145 0.1488
v 0.0531 -0.0057 0.1494
v -0.0829 0.4954 0.1178
v -0.0687 0.4872 0.1152
v -0.0749 0.4833 0.088
v -0.0625 0.4804 0.1002
v -0.0905 0.4994 0.0925
v -0.0825 0.5102 0.0749
v -0.0828 0.4809 0.0599
v -0.0936 0.4972 0.0615
v -0.1037 0.1267 -0.0098
v -0.1095 0.138 -0.0165
v -0.0741 0.1121 -0.0291
v -0.1057 0.1243 -0.0283
v -0.0686 0.1111 -0.0423
v -0.0469 0.1072 -0.0345
v -0.043 0.1021 -0.0416
v -0.0134 0.0967 -0.0427
v -0.2808 -0.0678 0.0382
v -0.2743 -0.0793 0.0709
v -0.2503 -0.0588 0.0861
v -0.2339 -0.0026 0.0616
v -0.2269 0.0236 0.0586
v -0.2265 -0.0759 0.0969
v -0.257 0.0135 0.0221
v -0.2282 -0.0142 0.076
v -0.2203 -0.0362 0.0957
v -0.2269 0.0284 0.0461
v -0.24 0.0396 0.0212
v -0.2183 0.0461 0.0467
v -0.208 0.0609 0.0495
v -0.226 0.0742 0.0156
v -0.2416 0.0587 0.0264
v -0.2575 0.0314 0.0203
v -0.2888 -0.0639 0.0292
v -0.2802 -0.0099 0.0218
v -0.293 -0.0495 0.023
v -0.206 0.0779 0.0355
v -0.2402 -0.0732 0.1049
v -0.2547 -0.0654 0.0918
v -0.2922 -0.0021 0.0265
v -0.2631 -0.0662 0.1029
v -0.264 -0.0775 0.1014
v -0.2755 -0.0738 0.0496
v -0.2751 0.0195 0.0234
v -0.2122 0.0777 0.041
v -0.2916 0.0221 0.0175
v 0.1887 0.2052 0.1129
v 0.1872 0.2043 0.1102
v -0.2272 0.164 0.0834
v -0.2337 0.1774 0.08
v -0.254 0.1648 0.0707
v -0.2462 0.1828 0.0714
v -0.1604 -0.3472 -0.1304
v -0.1615 -0.3518 -0.128
v -0.0401 0.4028 0.1163
v -0.0538 0.4099 0.1128
v -0.0435 0.413 0.1126
v 0.2254 -0.4384 0.0809
v 0.2336 -0.4451 0.0683
v 0.2442 -0.44 0.0683
v 0.2124 -0.4562 0.0919
v 0.2011 -0.4626 0.1007
v -0.305 -0.3928 0.1731
v -0.3065 -0.381 0.1718
v -0.3117 -0.4101 0.1945
v -0.2598 0.0326 0.1069
v -0.2618 0.0308 0.1026
v 0.0238 0.5223 0.0308
v 0.0327 0.522 0.0394
v 0.0349 -0.011 -0.0218
v 0.0174 0.002 -0.0279
v -0.006 0.0262 -0.0258
v 0.1554 -0.3151 -0.1783
v 0.1584 -0.3289 -0.1738
v 0.0608 0.0539 0.1601
v 0.0532 0.0574 0.1608
v 0.172 -0.1121 -0.0981
v 0.1745 -0.0816 -0.0814
v 0.173 -0.1105 -0.0866
v 0.1142 -0.2819 -0.1561
v 0.117 -0.2785 -0.1495
v 0.0948 -0.3013 -0.1462
v 0.2959 -0.3971 -0.0561
v 0.3012 -0.3942 -0.0549
v 0.3112 -0.4135 -0.0532
v -0.12 -0.027 0.1348
v -0.1043 -0.0068 0.1376
v -0.0989 0.0203 0.1348
v 0.1631 -0.0472 -0.0787
v 0.1771 -0.1101 -0.1018
v 0.1661 -0.0909 -0.0858
v 0.162 -0.0667 -0.0788
v -0.2514 0.1675 0.0075
v -0.2531 0.1765 0.0143
v 0.2676 -0.3983 0.0315
v 0.2542 -0.3969 0.0427
v 0.1019 0.3998 -0.0245
v 0.0895 0.4112 -0.0083
v 0.1067 0.4055 -0.0094
v 0.121 0.4001 -0.0171
v 0.086 0.3834 -0.0333
v 0.1079 0.4218 0.0149
v 0.1303 0.4087 0.0356
v 0.1134 0.4155 0.0414
v -0.0856 -0.2494 -0.1317
v -0.0912 -0.2481 -0.1291
v 0.1469 -0.3046 -0.1682
v 0.1388 -0.3143 -0.1699
v -0.1709 0.01 0.1445
v -0.1689 -0.0085 0.1518
v -0.1493 0.0425 0.1407
v -0.1578 0.0534 0.1469
v -0.1567 0.0281 0.1517
v -0.0796 -0.2549 -0.1388
v -0.0852 -0.2436 -0.138
v 0.0771 0.0435 0.1477
v 0.0849 0.0447 0.1329
v -0.0847 0.5249 0.0588
v -0.076 0.5395 0.0649
v 0.1071 0.0337 0.099
v 0.0996 0.0342 0.1056
v 0.1191 -0.2821 -0.1478
v 0.1226 -0.2872 -0.1453
v 0.0042 0.517 0.1425
v 0.0021 0.5116 0.1403
v -0.191 -0.4277 -0.1412
v -0.1914 -0.4317 -0.1521
v -0.1306 0.2397 0.095
v -0.1307 0.2218 0.0815
v -0.0623 -0.1059 0.1747
v -0.0643 -0.12 0.1826
v 0.037 0.4828 0.0227
v 0.0487 0.4725 0.0332
v 0.048 0.4877 0.0609
v 0.0401 0.5022 0.0716
v 0.0362 0.4903 0.0264
v 0.0257 0.4847 0.0139
v 0.0058 -0.1202 -0.1053
v 0.0164 -0.1373 -0.1016
v 0.02 -0.1593 -0.1081
v 0.0223 -0.1561 -0.1014
v 0.0226 0.5226 0.1175
v 0.0147 0.5384 0.1239
v 0.0288 0.5189 0.1275
v 0.1223 0.2859 -0.0381
v 0.092 0.2869 -0.0385
v 0.0975 0.2808 -0.0262
v 0.1296 0.2778 -0.0254
v 0.1415 -0.0294 0.0458
v 0.1446 -0.0311 0.044
v 0.0602 -0.0638 -0.0245
v 0.0677 -0.0627 -0.0217
v 0.1166 0.0365 0.098
v 0.1062 0.0639 0.095
v 0.1263 0.0404 0.1127
v 0.109 0.0949 0.085
v 0.1356 0.0794 0.1249
v 0.1205 0.1191 0.1064
v 0.1059 0.1192 0.0838
v 0.1279 0.0462 0.1328
v 0.1284 0.0782 0.1392
v -0.2409 0.1741 0.0812
v -0.2376 0.1828 0.0912
v -0.2487 0.1829 0.0804
v -0.2501 0.1931 0.0699
v 0.1706 -0.1377 -0.1034
v 0.1702 -0.1128 -0.0963
v -0.0619 0.4671 0.0196
v -0.0698 0.4725 0.0227
v -0.2902 -0.4365 -0.074
v -0.2768 -0.3865 -0.0885
v -0.2678 -0.4285 -0.0765
v -0.2959 -0.3891 -0.0825
v -0.2943 -0.4015 -0.0808
v -0.2685 -0.3832 -0.0935
v -0.2576 0.1751 0.0183
v -0.2627 0.1798 0.0264
v -0.1012 -0.0405 0.1481
v -0.0942 -0.0393 0.1494
v 0.2048 0.1757 0.0179
v 0.21 0.191 0.0249
v 0.2096 0.1969 0.0268
v 0.2104 0.2008 0.0313
v 0.216 0.2014 0.0232
v 0.1407 -0.5008 -0.0203
v 0.1418 -0.4839 -0.0144
v -0.0348 0.0087 -0.0314
v -0.049 0.0177 -0.0326
v 0.1657 -0.3542 -0.1817
v 0.1692 -0.3606 -0.1841
v 0.2247 -0.4142 -0.1338
v 0.2291 -0.4141 -0.1341
v 0.0519 -0.0843 -0.0473
v 0.0739 -0.0756 -0.0362
v 0.0678 -0.0808 -0.0475
v -0.0899 -0.0408 -0.0172
v -0.0842 -0.041 -0.0201
v 0.1528 0.0449 -0.0596
v 0.148 0.1089 -0.0468
v 0.1531 0.0789 -0.0551
v 0.0429 -0.132 0.1785
v 0.0371 -0.1257 0.1771
v -0.2453 0.1923 0.0081
v -0.2486 0.1858 -0.0046
v -0.2363 0.1874 -0.0022
v -0.2337 0.1723 -0.0111
v -0.1837 -0.4148 -0.1404
v -0.1715 -0.4188 -0.1401
v 0.071 -0.4118 -0.1715
v 0.0648 -0.3997 -0.1675
v 0.2166 0.2012 0.0766
v 0.2101 0.195 0.0969
v 0.2141 0.2 0.0648
v 0.1462 -0.2205 0.1061
v 0.1432 -0.1957 0.1126
v 0.1361 -0.1782 0.1106
v 0.1216 -0.1276 0.1222
v 0.028 0.1838 0.1628
v 0.0414 0.1818 0.1491
v 0.0356 0.1638 0.163
v 0.0514 0.1685 0.1595
v -0.1363 -0.0021 0.0034
v -0.1302 0.0043 -0.0036
v -0.2428 0.1742 0.0052
v -0.2458 0.1788 0.0075
v -0.1364 -0.016 0.1174
v -0.1365 -0.0127 0.1147
v -0.0738 0.4553 0.0544
v -0.0717 0.4593 0.0721
v -0.0603 0.4495 0.0739
v 0.0994 -0.4049 -0.1744
v 0.103 -0.3778 -0.1693
v -0.1626 0.0058 0.0884
v -0.1601 0.0016 0.084
v 0.128 0.3621 -0.0383
v 0.1443 0.3149 -0.0414
v 0.1343 0.357 -0.0449
v 0.1232 0.3808 -0.0371
v 0.1157 0.3728 -0.0504
v 0.1369 0.4044 -0.0485
v -0.0808 0.0458 0.1473
v -0.0828 0.0491 0.151
v -0.0875 0.487 0.0659
v -0.0786 0.4795 0.0654
v -0.0927 0.4908 0.0484
v 0.003 0.5172 0.1448
v -0.0035 0.5149 0.148
v 0.0036 0.5332 0.1457
v 0.0142 0.5434 0.1281
v 0.0089 0.5091 0.1295
v 0.0008 0.5403 0.1302
v 0.0182 0.5165 0.12
v 0.0322 0.5053 0.1066
v 0.0289 0.5178 0.1118
v -0.0114 0.5386 0.1481
v 0.1129 0.039 0.105
v 0.1073 0.035 0.1281
v 0.1034 0.0291 0.1149
v -0.0559 0.4373 0.0795
v -0.0397 0.4174 0.107
v -0.0479 0.4252 0.1171
v -0.0369 0.4187 0.1315
v -0.0341 0.4218 0.1232
v -0.0503 0.4222 0.0872
v -0.0579 0.4252 0.0946
v 0.0227 0.4077 0.0929
v 0.0168 0.4135 0.0944
v -0.1507 0.0179 0.0794
v -0.1497 0.0167 0.0896
v -0.0803 0.4353 0.0949
v -0.0429 0.4229 0.1369
v -0.0733 0.4247 0.1078
v -0.072 0.4337 0.1017
v -0.0422 0.3549 0.1388
v -0.0376 0.3343 0.1475
v -0.0771 0.3156 0.1492
v -0.0588 0.2812 0.1599
v -0.0382 0.2607 0.1648
v -0.0765 0.3243 0.1389
v -0.0819 0.2884 0.1562
v 0.0398 0.3447 0.1377
v 0.0209 0.2812 0.1654
v 0.0598 0.3323 0.1469
v -0.033 0.2671 0.1727
v 0.0427 0.2961 0.1534
v -0.0113 0.3661 0.1323
v -0.018 0.2517 0.1736
v 0.0455 0.3715 0.1177
v 0.0248 0.3767 0.1166
v 0.0055 0.3696 0.1275
v 0.0457 0.3636 0.1424
v 0.0497 0.3711 0.1291
v 0.0672 0.3746 0.1254
v 0.0507 0.3872 0.1252
v 0.0756 0.4085 0.0903
v 0.0765 0.4293 0.0794
v 0.084 0.4251 0.0611
v 0.0622 0.3952 0.0879
v 0.0851 0.4349 0.0498
v 0.0794 0.3885 0.1058
v 0.0894 0.3966 0.1007
v 0.0595 0.3556 0.1432
v 0.0761 0.3728 0.1353
v 0.1002 0.3856 0.1208
v 0.0829 0.3159 0.1524
v 0.1115 0.3762 0.1192
v 0.1176 0.3386 0.1457
v 0.108 0.3189 0.1385
v 0.1001 0.4021 0.1221
v 0.1169 0.4184 0.1092
v 0.1289 0.3553 0.1247
v 0.1311 0.4077 0.1148
v -0.0479 0.3812 0.1257
v -0.0603 0.381 0.1137
v 0.0594 0.4193 0.0663
v 0.049 0.4144 0.0653
v 0.0447 0.403 0.0873
v 0.1062 0.402 0.082
v 0.1034 0.4084 0.0681
v 0.0998 0.4225 0.0629
v 0.1064 0.4237 0.0574
v -0.0241 0.4034 0.1454
v -0.0583 0.4151 0.1177
v -0.0953 -0.4041 -0.1782
v -0.0995 -0.4143 -0.1751
v 0.3047 -0.3975 0.0027
v 0.3142 -0.3949 -0.0121
v 0.2909 -0.3961 0.0144
v 0.1389 0.4097 0.1092
v 0.1089 0.3734 0.1191
v 0.127 0.3751 0.098
v 0.1428 0.3956 0.084
v 0.1283 0.4092 0.1158
v -0.108 -0.0384 -0.0175
v -0.1166 -0.0433 -0.0318
v -0.1124 -0.0025 -0.0157
v -0.104 -0.0841 -0.0304
v -0.2379 0.1537 0.0011
v -0.251 0.1556 0.0132
v -0.0797 0.4951 0.1219
v -0.0701 0.4937 0.1177
v -0.0575 0.5018 0.1277
v -0.068 0.5173 0.136
v -0.0546 0.5205 0.139
v -0.0598 0.4885 0.0948
v 0.1605 -0.0495 -0.0785
v 0.1655 -0.06 -0.0793
v 0.0146 0.0874 -0.0442
v 0.014 0.087 -0.0362
v -0.1521 0.0152 0.0955
v -0.1663 -0.0113 0.0956
v -0.1618 -0.0033 0.0946
v 0.1141 0.0364 0.1102
v 0.1136 0.0391 0.1295
v 0.1534 -0.4512 -0.1429
v 0.1375 -0.3608 -0.1282
v 0.1639 -0.4498 -0.1409
v 0.1188 -0.2321 -0.0964
v 0.1252 -0.0802 -0.0425
v 0.1927 -0.1558 -0.0446
v 0.2119 -0.2069 -0.0556
v 0.2231 -0.2395 -0.0637
v 0.1739 -0.117 -0.0358
v 0.1637 -0.2118 -0.0873
v 0.1748 -0.3963 -0.1228
v 0.1774 -0.3988 -0.1306
v 0.2484 -0.4118 -0.1177
v 0.2295 -0.4162 -0.1249
v 0.1746 -0.3965 -0.127
v 0.1964 -0.4444 -0.1379
v 0.0645 0.0361 -0.037
v 0.0374 -0.0885 -0.0679
v 0.016 -0.1627 -0.1029
v -0.033 -0.1048 -0.078
v -0.0597 -0.0449 -0.0604
v -0.068 0.0497 -0.0425
v -0.0746 -0.0105 -0.0542
v 0.0739 -0.2765 -0.13
v 0.0175 0.0491 -0.0444
v 0.0744 0.0318 -0.0281
v 0.1119 -0.288 -0.1431
v 0.0795 -0.2933 -0.1326
v 0.1779 -0.439 -0.1375
v 0.2304 -0.3271 -0.1077
v -0.0339 -0.1419 -0.0984
v -0.0592 -0.1061 -0.0863
v -0.0613 -0.1416 -0.1031
v -0.0729 -0.1821 -0.1211
v -0.0429 -0.2029 -0.133
v -0.0561 -0.2486 -0.15
v -0.0274 -0.2341 -0.1468
v -0.0217 -0.1431 -0.1019
v -0.0167 -0.1758 -0.1199
v -0.0149 -0.1332 -0.0903
v 0.1582 -0.0602 -0.0177
v 0.0317 -0.1756 -0.1069
v 0.1047 -0.3023 -0.1567
v -0.0001 -0.1994 -0.1202
v 0.0112 -0.1814 -0.1158
v -0.0139 -0.2293 -0.1408
v 0.1824 -0.4615 -0.1441
v 0.2306 -0.2791 -0.0701
v 0.0421 -0.2076 -0.1172
v 0.2395 -0.376 -0.1166
v 0.2356 -0.4306 -0.1178
v -0.0202 -0.1136 -0.0837
v -0.0752 0.079 -0.0358
v -0.0193 0.0597 -0.0432
v -0.082 0.0571 -0.0407
v 0.0453 -0.2403 -0.1216
v 0.0967 0.0231 -0.0221
v 0.0812 0.0438 -0.0236
v 0.1153 0.006 -0.0094
v 0.0519 -0.2703 -0.1329
v 0.2063 -0.1755 -0.0424
v 0.2222 -0.4403 -0.1322
v 0.0823 -0.2991 -0.1544
v 0.0763 0.046 -0.021
v 0.1265 -0.3051 -0.1265
v 0.136 -0.323 -0.1235
v 0.1483 -0.4201 -0.1421
v -0.1259 -0.0143 0.1216
v -0.1262 -0.0088 0.1201
v 0.1235 -0.3127 -0.1729
v 0.124 -0.3123 -0.1715
v -0.1572 -0.4183 -0.1724
v -0.1536 -0.4218 -0.1729
v 0.1294 0.3498 -0.0457
v 0.1285 0.3778 -0.0406
v 0.215 0.2093 0.0612
v 0.2208 0.2121 0.0363
v 0.213 0.2045 0.0198
v 0.2183 0.223 0.0768
v 0.2094 0.2232 0.1062
v 0.1944 0.2036 0.1216
v 0.1819 0.2089 0.1176
v 0.2152 0.2024 0.077
v -0.1276 -0.0137 0.12
v -0.1262 -0.0095 0.1198
v -0.1585 0.0009 0.0793
v -0.1568 -0.003 0.0742
v -0.0606 -0.1165 0.1802
v -0.0658 -0.1139 0.1792
v 0.1314 -0.0368 0.0423
v 0.1291 -0.0272 0.0537
v 0.1406 -0.0284 0.0548
v -0.0369 0.4084 0.1332
v -0.0303 0.4177 0.1255
v -0.0253 0.4037 0.1227
v 0.1203 0.0007 0.0395
v 0.1208 -0.0051 0.0333
v -0.0987 -0.407 -0.1738
v -0.0951 -0.4011 -0.1764
v -0.1446 -0.4236 -0.1807
v -0.128 -0.4244 -0.188
v -0.124 -0.4092 -0.1756
v -0.2495 0.1675 0.0202
v -0.2305 0.1555 -0.0059
v -0.2391 0.1687 -0.0093
v -0.2464 0.1708 -0.0015
v -0.2432 0.1757 0.0214
v -0.2549 0.184 0.0253
v -0.2618 0.197 0.0213
v -0.255 0.1588 0.0204
v -0.2393 0.1817 0.0012
v -0.0808 0.0458 0.1473
v -0.0845 0.0489 0.1492
v -0.1049 0.0056 0.1553
v -0.1003 0.0159 0.1548
v -0.2679 -0.3311 0.2427
v -0.2632 -0.3299 0.2401
v -0.167 -0.0019 0.0903
v -0.1652 -0.0058 0.0872
v -0.3128 -0.4266 -0.0401
v -0.3109 -0.4214 -0.037
v -0.2294 -0.3343 0.2572
v -0.2229 -0.3155 0.2909
v -0.2243 -0.3061 0.2909
v -0.2041 -0.3187 0.2878
v -0.0171 -0.4294 -0.1994
v -0.0127 -0.4249 -0.1983
v -0.134 0.0092 0.0979
v -0.1368 0.0001 0.0943
v -0.0648 0.4156 0.0961
v -0.059 0.4048 0.0975
v 0.1412 -0.2715 -0.1479
v 0.1528 -0.2513 -0.1384
v 0.1312 -0.238 -0.1413
v 0.1441 -0.252 -0.1358
v -0.1043 -0.0552 0.1483
v -0.1037 -0.0488 0.1432
v -0.1552 -0.42 -0.1466
v -0.1475 -0.4102 -0.1372
v -0.1463 -0.3812 -0.1486
v 0.1611 -0.0469 -0.0766
v 0.1612 -0.0519 -0.0785
v -0.0993 0.0022 0.1582
v -0.1042 0.005 0.1551
v 0.3221 -0.4091 -0.0186
v 0.3146 -0.4057 -0.0158
v 0.2847 -0.401 -0.0585
v 0.2839 -0.4038 -0.0662
v 0.1288 -0.3054 -0.1288
v 0.1243 -0.3017 -0.1396
v 0.1424 -0.3211 -0.1425
v 0.1417 -0.3372 -0.1523
v 0.1464 -0.3506 -0.1603
v 0.1072 0.2613 0.0923
v 0.0966 0.2484 0.1231
v 0.1107 0.2212 0.0907
v 0.1042 0.2053 0.078
v 0.1055 0.2517 0.1132
v 0.0886 0.219 0.13
v 0.0972 0.1736 0.0759
v 0.0817 0.1774 0.1165
v 0.0968 0.2955 0.1257
v 0.0968 0.1595 0.0276
v 0.1072 0.1947 0.0413
v 0.1009 0.3027 0.1141
v 0.0913 0.2132 -0.0241
v 0.0953 0.1655 0.0768
v 0.0933 0.2277 -0.0087
v 0.0815 0.184 -0.0031
v 0.091 0.1702 0.0085
v 0.0815 0.161 -0.0024
v 0.1073 0.2184 0.0076
v 0.1147 0.2326 -0.0227
v 0.1018 0.243 -0.0056
v 0.0931 0.2003 -0.007
v -0.2159 -0.4334 -0.1359
v -0.2024 -0.4252 -0.1374
v 0.1323 -0.0367 0.0402
v 0.1338 -0.0301 0.0384
v 0.1155 0.0027 0.0192
v 0.1192 -0.0019 0.0208
v 0.0198 -0.0256 0.1431
v 0.0226 -0.0187 0.1445
v -0.1029 0.0048 0.1537
v -0.0991 0.0005 0.1569
v -0.0794 -0.1017 -0.0475
v -0.0933 -0.0911 -0.0388
v -0.0944 -0.078 -0.0494
v -0.1145 -0.0807 -0.034
v -0.1059 -0.0591 -0.0378
v -0.1133 -0.0414 -0.0348
v -0.1037 0.1219 0.1313
v -0.0997 0.1142 0.1435
v -0.1336 0.1193 0.1368
v -0.1523 0.044 0.1475
v -0.1113 0.1162 0.1445
v -0.1548 0.0717 0.1492
v -0.1446 0.1016 0.1363
v 0.0515 -0.0498 -0.0442
v 0.0474 -0.0352 -0.0391
v 0.0514 -0.027 -0.0257
v 0.0554 -0.084 -0.0464
v 0.0427 -0.0724 -0.0354
v 0.0382 -0.0124 -0.0319
v 0.0413 -0.0112 -0.0219
v 0.0349 -0.2307 -0.116
v 0.0384 -0.229 -0.1209
v 0.0493 0.2943 -0.0598
v 0.0488 0.2814 -0.0559
v 0.244 -0.4321 0.0688
v 0.2396 -0.4441 0.0721
v -0.0716 0.5 0.0206
v -0.0879 0.5015 0.0384
v -0.0712 0.4269 0.0448
v -0.0674 0.4139 0.0674
v -0.067 0.4357 0.0732
v -0.0571 0.4481 0.0771
v -0.064 0.4692 0.0559
v -0.0657 0.4575 0.0607
v -0.07 0.4498 0.0391
v 0.182 -0.1716 -0.1189
v 0.1825 -0.1523 -0.1105
v 0.1837 -0.1544 -0.1042
v 0.1731 -0.1423 -0.1048
v 0.02 0.4121 0.0874
v 0.0173 0.4082 0.0962
v -0.0001 0.512 0.1437
v 0.0015 0.5168 0.1464
v 0.3147 -0.4035 -0.0131
v 0.3163 -0.4 -0.0171
v 0.0573 -0.0355 0.1334
v 0.0486 -0.0366 0.1381
v -0.0793 -0.4379 -0.182
v -0.076 -0.4458 -0.1864
v -0.0909 -0.4385 -0.1817
v -0.0078 -0.126 -0.0962
v 0.0018 -0.1235 -0.1017
v 0.2278 -0.4446 0.0867
v 0.2392 -0.3065 0.0411
v 0.1683 -0.3244 0.1032
v 0.1225 -0.1241 0.1261
v 0.2436 -0.4284 0.067
v 0.2231 -0.3078 0.0441
v 0.2571 -0.4213 0.0476
v 0.2393 -0.4442 0.0683
v 0.1022 -0.0551 0.136
v 0.1757 -0.3612 0.1022
v 0.2016 -0.4655 0.098
v 0.1434 -0.2176 0.1057
v 0.1576 -0.2771 0.1017
v 0.2934 -0.397 0.0143
v 0.104 -0.0258 0.1134
v 0.1144 -0.0139 0.1105
v 0.1086 -0.0008 0.0929
v 0.3037 -0.4056 -0.0038
v 0.3187 -0.4014 -0.0054
v 0.1951 -0.4422 0.0994
v 0.1887 -0.1435 0.0327
v 0.1858 -0.4001 0.0998
v 0.2659 -0.3194 0.007
v 0.2901 -0.3571 -0.002
v 0.2039 -0.1714 0.0298
v 0.1697 -0.16 0.0733
v 0.2385 -0.2515 0.0136
v 0.1083 0.0025 0.0934
v 0.1772 -0.119 0.0399
v 0.2138 -0.4503 0.09
v 0.2582 -0.4007 0.0353
v 0.1502 -0.0441 0.0457
v 0.1562 -0.0573 0.0358
v 0.1778 -0.1137 0.0303
v 0.133 -0.0153 0.0541
v 0.1203 -0.0119 0.0718
v 0.2866 -0.4002 0.0294
v 0.1076 -0.0589 0.128
v 0.0512 0.0607 0.1638
v 0.057 0.053 0.1624
v 0.1105 0.0296 0.129
v 0.1097 0.0346 0.1256
v -0.012 -0.1138 -0.0952
v -0.0101 -0.1221 -0.095
v 0.2539 -0.4214 -0.1104
v 0.2367 -0.4174 -0.1205
v 0.0594 0.4893 0.0381
v 0.0397 0.484 0.0186
v -0.0546 0.4144 0.1103
v -0.0545 0.4161 0.1108
v -0.1207 -0.057 0.1427
v -0.1229 -0.0502 0.1416
v 0.1463 -0.2506 -0.1405
v 0.1471 -0.2459 -0.1437
v -0.2447 0.1715 0.0017
v -0.2414 0.1752 0.0042
v 0.1014 -0.0556 0.1372
v 0.1104 -0.0816 0.1278
v 0.118 -0.0943 0.1274
v -0.0367 -0.0947 -0.0781
v -0.0346 -0.1253 -0.0881
v -0.0404 -0.0156 -0.0662
v -0.0317 -0.085 -0.0845
v -0.0444 -0.0295 -0.0745
v -0.0429 -0.0119 -0.0721
v -0.0357 -0.1001 -0.0874
v 0.056 -0.036 0.138
v 0.0607 -0.0324 0.1396
v 0.2836 -0.4141 -0.0791
v 0.2885 -0.3971 -0.0622
v -0.2936 -0.4008 -0.0745
v -0.2953 -0.3972 -0.0794
v 0.1028 0.3052 0.1108
v 0.0977 0.3034 0.1124
v -0.1462 0.0017 0.0306
v -0.1418 0.0011 0.0184
v 0.2716 -0.4129 -0.0885
v 0.257 -0.4227 -0.1036
v 0.2669 -0.4148 -0.0964
v -0.1125 -0.0582 0.1414
v -0.1047 -0.055 0.1423
v -0.0704 0.0648 0.1583
v -0.0689 0.0609 0.168
v 0.0397 0.4402 0.0574
v 0.0364 0.4521 0.053
v 0.0363 -0.1078 0.1685
v 0.0421 -0.1129 0.1683
v 0.1603 -0.0531 -0.079
v 0.1566 -0.0543 -0.0805
v -0.2573 0.1823 0.025
v -0.2587 0.1781 0.0248
v -0.2656 -0.4243 0.1149
v -0.2412 -0.3929 -0.0517
v -0.0123 -0.1186 -0.093
v -0.0077 -0.1221 -0.0953
v -0.0084 -0.1231 -0.0904
v -0.0249 -0.12 -0.0875
v -0.1564 0.0024 0.073
v -0.1565 0.0144 0.0859
v -0.2956 -0.3999 -0.0757
v -0.2992 -0.394 -0.0712
v 0.0719 -0.362 -0.1664
v 0.0733 -0.3712 -0.1663
v -0.2391 -0.3805 -0.1062
v -0.2685 -0.3861 -0.0925
v 0.0232 0.4086 0.1011
v 0.0147 0.4154 0.0998
v 0.0167 0.401 0.1142
v 0.0084 0.4103 0.1111
v 0.0976 0.2989 0.1104
v 0.0992 0.3016 0.1141
v -0.0517 0.4139 0.0787
v -0.0464 0.4135 0.0842
v -0.2882 -0.3694 0.2075
v -0.2892 -0.3691 0.1974
v -0.1537 0.0016 0.0709
v -0.1583 0.0006 0.0737
v 0.1203 -0.0083 0.0335
v 0.1243 -0.0084 0.0344
v -0.1033 -0.0037 0.1435
v -0.1049 -0.0035 0.1386
v -0.1177 0.0042 -0.0121
v -0.1132 0.0042 -0.014
v 0.2026 0.1814 0.0244
v 0.206 0.1593 0.0257
v 0.0667 0.373 0.1245
v 0.1002 0.3845 0.1208
v 0.0751 0.3716 0.1352
v 0.1009 0.4012 0.1185
v 0.0891 0.3941 0.0987
v 0.0599 0.3544 0.1396
v 0.1116 0.4053 0.0764
v 0.1198 0.421 0.0917
v 0.1142 0.4219 0.112
v 0.127 0.4095 0.0936
v 0.2115 0.2086 0.0635
v 0.2132 0.204 0.065
v -0.2575 0.1769 0.0176
v -0.2522 0.1916 0.0233
v 0.1065 0.0063 0.0006
v 0.1052 0.0071 0.0047
v -0.1244 -0.0166 0.1231
v -0.1254 -0.0166 0.1188
v -0.1488 0.0344 0.0755
v -0.2207 -0.1548 0.0409
v -0.2948 -0.3643 -0.0208
v -0.1729 -0.0116 0.051
v -0.3141 -0.406 0.1753
v -0.3094 -0.4055 0.203
v -0.2994 -0.4058 -0.0207
v -0.2598 -0.2736 0.121
v -0.1878 -0.1023 0.1083
v -0.1489 0.018 0.0967
v -0.1702 -0.0072 0.0968
v -0.1932 -0.1401 0.1118
v -0.1661 -0.0543 0.1114
v -0.2175 -0.1963 0.0975
v -0.3105 -0.3839 0.1871
v -0.1624 0.0147 0.085
v -0.1539 -0.017 0.1076
v -0.1536 -0.0204 0.1097
v -0.24 -0.2426 0.1165
v -0.302 -0.3633 0.1794
v -0.2757 -0.3204 0.1763
v -0.2821 -0.3367 0.1935
v -0.3056 -0.3968 0.1315
v -0.3114 -0.3878 0.158
v -0.3134 -0.4242 -0.0436
v -0.1722 -0.0159 0.0774
v -0.3142 -0.4131 -0.0639
v -0.1547 -0.0015 0.0741
v -0.2066 -0.2238 -0.045
v -0.2062 -0.2436 -0.0714
v -0.1834 -0.154 -0.0486
v -0.245 -0.3565 -0.0951
v -0.2746 -0.3864 -0.0834
v -0.2998 -0.4024 -0.072
v -0.2658 -0.3823 -0.093
v -0.1633 -0.09 -0.0367
v -0.1913 -0.194 -0.0678
v -0.2062 -0.2232 -0.0722
v -0.2155 -0.2664 -0.0857
v -0.2344 -0.3099 -0.0891
v -0.2299 -0.2326 -0.0162
v -0.1676 -0.0711 -0.0185
v -0.2965 -0.3891 -0.0795
v -0.2186 -0.192 -0.0295
v -0.1683 -0.0092 0.0261
v -0.1499 0 0.0085
v -0.1541 0.01 0.0237
v -0.158 -0.0297 -0.0148
v -0.147 0.0034 -0.0124
v -0.1369 0.0355 -0.0032
v -0.1262 0.0264 -0.0141
v -0.1322 0.0663 0.0201
v -0.1468 0.0376 0.0225
v -0.1186 0.0567 -0.0026
v -0.1212 0.0798 -0.0067
v -0.1339 0.0795 0.0143
v -0.1491 0.0177 0.0728
v -0.1536 0.0159 0.078
v 0.1231 0.0336 0.1069
v 0.122 0.0338 0.1034
v -0.2675 -0.3375 0.2093
v -0.2666 -0.3256 0.206
v -0.1113 0.0006 -0.0125
v -0.1103 0.0038 -0.017
v 0.0405 -0.4018 -0.1255
v 0.0254 -0.3663 -0.1212
v 0.0269 -0.2303 -0.1231
v 0.035 -0.3737 -0.1303
v 0.0419 -0.4042 -0.1319
v 0.0287 -0.2406 -0.1342
v 0.0314 -0.2771 -0.1365
v 0.0252 -0.2265 -0.1136
v 0.0253 -0.2862 -0.1181
v 0.0306 -0.3324 -0.1214
v 0.1255 -0.0072 0.0306
v 0.1213 -0.0055 0.0315
v 0.1142 0.0058 0.0137
v 0.1054 0.0061 0.0051
v 0.1097 0.0027 0.0931
v 0.1111 0.0088 0.0874
v -0.131 -0.0147 0.1201
v -0.1276 -0.0161 0.1177
v 0.1435 -0.2848 -0.1529
v 0.1397 -0.2772 -0.1557
v -0.2504 0.1794 0.0052
v -0.2643 0.2032 0.042
v -0.2579 0.199 0.0601
v -0.2497 0.1955 0.0284
v -0.2481 0.1838 0.0706
v -0.2577 0.1815 0.0258
v -0.2468 0.1703 0.0651
v -0.0483 0.4263 0.082
v -0.0512 0.4287 0.0826
v 0.1445 -0.3613 -0.1736
v 0.1328 -0.3643 -0.1724
v -0.2556 0.1602 0.0139
v -0.26 0.163 0.0186
v 0.1102 0.0372 0.104
v 0.1127 0.0329 0.1045
v -0.1219 -0.0164 0.127
v -0.1251 -0.0158 0.1297
v -0.0534 0.4272 0.0831
v -0.0503 0.4266 0.0806
v -0.0278 0.3917 0.1245
v -0.0287 0.3873 0.1186
v -0.0387 0.385 0.1086
v -0.0374 0.3941 0.1215
v -0.0323 0.3966 0.1251
v -0.0409 0.3989 0.1014
v -0.0457 0.4072 0.1147
v -0.0625 0.3711 -0.0401
v -0.0609 0.3713 -0.036
v -0.0076 -0.118 -0.0929
v -0.0114 -0.1174 -0.0928
v 0.2874 -0.3975 0.0235
v 0.2828 -0.3982 0.0259
v -0.2541 0.1825 0.0255
v -0.2568 0.1835 0.0233
v -0.1022 0.0072 0.1523
v -0.0992 0.0105 0.1516
v 0.1294 -0.022 0.0416
v 0.1312 -0.0143 0.0404
v 0.091 0.2996 0.1111
v 0.0955 0.3019 0.1155
v -0.0511 0.4266 0.0782
v -0.0531 0.4286 0.0825
v -0.0958 -0.0761 -0.0495
v -0.1014 -0.0818 -0.0495
v 0.0306 0.4929 0.023
v 0.0397 0.5168 0.044
v 0.042 0.5052 0.028
v 0.0244 0.5124 0.0266
v 0.0131 0.4073 0.104
v 0.0195 0.4054 0.0873
v 0.0175 0.395 0.1045
v 0.0078 0.3859 0.1109
v -0.0037 0.4133 0.1166
v 0.0522 -0.0723 -0.0461
v 0.0646 -0.0675 -0.0451
v -0.0096 -0.1176 -0.0895
v -0.0134 -0.1164 -0.0922
v -0.2581 0.1608 0.0061
v -0.2541 0.1748 0.0185
v -0.2373 0.1544 0.005
v -0.2376 0.1787 0.0082
v -0.2208 0.1594 -0.0101
v -0.2272 0.1754 -0.012
v 0.0741 -0.0541 -0.0402
v 0.0746 -0.0522 -0.0368
v -0.1101 0.0044 -0.0182
v -0.1156 -0.0978 -0.0028
v -0.1226 -0.1208 -0.0056
v -0.101 -0.04 -0.012
v -0.1487 0.0023 0.034
v -0.1524 -0.0718 0.0461
v -0.1398 0.005 0.0129
v -0.1288 0.0057 -0.0018
v -0.1341 -0.1256 0.0118
v -0.1119 -0.1433 0.005
v -0.1168 -0.1627 -0.0103
v -0.1539 -0.1823 0.0097
v -0.1593 -0.1315 0.0572
v -0.1478 -0.0265 0.0385
v -0.1598 -0.1008 0.0722
v -0.1655 -0.1534 0.055
v -0.1234 -0.132 -0.0009
v -0.116 -0.0456 -0.0136
v -0.1668 -0.1599 0.0685
v -0.1318 -0.1801 -0.0088
v -0.1693 -0.177 0.0369
v -0.1607 -0.35 -0.1338
v -0.1584 -0.3476 -0.1338
v -0.1114 -0.0525 0.1484
v -0.107 -0.0602 0.1463
v -0.0307 0.3904 0.1187
v -0.0273 0.3933 0.1234
v 0.0747 -0.0527 -0.0363
v 0.073 -0.0536 -0.0398
v -0.1089 -0.0567 0.1513
v -0.113 -0.0591 0.1406
v 0.1157 0.0052 0.0876
v 0.1125 0.0055 0.0851
v 0.1156 0.0007 0.083
v 0.1126 0.0006 0.0878
v -0.1052 0.3089 0.1364
v -0.0807 0.319 0.1477
v -0.068 0.3256 0.1521
v -0.0458 0.3385 0.1396
v -0.1369 0.2908 0.1287
v -0.1471 0.2712 0.126
v -0.1547 0.2751 0.1147
v -0.08 0.3829 0.1379
v -0.1798 0.3264 0.1115
v -0.1281 0.3565 0.1267
v -0.1776 0.2794 0.1107
v -0.1749 0.3585 0.1041
v -0.0781 0.3614 0.1413
v -0.1846 0.2935 0.1008
v -0.1075 0.3713 0.1268
v -0.1869 0.3414 0.1032
v -0.0305 0.3849 0.12
v -0.0434 0.3918 0.1081
v -0.0829 0.4544 0.0473
v -0.0765 0.4586 0.0424
v -0.0283 0.3934 0.1242
v -0.0304 0.3897 0.1205
v 0.0283 0.0703 0.1851
v 0.035 0.0699 0.1659
v 0.0511 0.058 0.1623
v 0.0439 0.0834 0.1695
v -0.0895 -0.2573 -0.1313
v -0.0867 -0.2552 -0.1345
v 0.0397 -0.1318 0.1776
v 0.0426 -0.0754 0.1757
v 0.0457 -0.1164 0.1607
v 0.0413 -0.0177 0.1753
v 0.0493 -0.027 0.1489
v 0.0461 -0.0716 0.1491
v 0.0476 0.0425 0.1553
v -0.1101 0.0546 0.1372
v -0.1177 0.0385 0.1295
v -0.1207 0.0214 0.1332
v -0.1109 0.0102 0.1489
v -0.1287 -0.005 0.1286
v -0.1309 -0.0132 0.14
v -0.1138 0.0252 0.1395
v -0.0123 -0.1181 -0.0904
v -0.0122 -0.1156 -0.0946
v -0.0398 0.5086 0.1419
v -0.0426 0.5141 0.1451
v 0.0589 -0.0131 0.1364
v 0.0504 -0.0085 0.1406
v -0.0397 0.5072 0.1435
v -0.0423 0.5107 0.1484
v -0.0992 0.01 0.1516
v -0.0948 0.0185 0.1519
v -0.121 -0.0203 0.1248
v -0.125 -0.016 0.1241
v -0.1074 -0.0518 0.1452
v -0.1021 -0.05 0.1455
v -0.0372 0.398 0.1209
v -0.0345 0.3892 0.1076
v -0.0408 0.4095 0.1046
v 0.0746 -0.0209 -0.0261
v 0.0696 -0.0347 -0.0308
v 0.0774 -0.052 -0.0384
v 0.0725 -0.0535 -0.0421
v 0.083 -0.0807 -0.033
v 0.081 -0.0806 -0.0444
v -0.0895 0.0155 0.1517
v -0.0946 0.0186 0.1519
v -0.0257 0.3921 0.1237
v -0.0213 0.3892 0.1242
v -0.0714 0.3925 0.1146
v -0.069 0.3935 0.1044
v -0.0793 0.4105 0.0948
v 0.0742 -0.0503 -0.0355
v 0.0736 -0.0538 -0.037
v 0.0603 -0.0533 -0.0452
v 0.0791 -0.0569 -0.0402
v 0.078 -0.0817 -0.0438
v -0.1314 -0.0162 0.112
v -0.132 -0.0126 0.1122
v 0.169 -0.4041 -0.1305
v 0.1725 -0.4005 -0.1351
v 0.1762 -0.3994 -0.1288
v 0.1716 -0.4023 -0.1243
v 0.0792 -0.0214 -0.0305
v 0.0837 -0.0219 -0.0311
v -0.0359 0.3954 0.1188
v -0.0309 0.398 0.1239
v -0.0422 0.5124 0.1472
v -0.0396 0.5081 0.1427
v -0.1035 -0.0522 0.1519
v -0.1077 -0.0488 0.1468
v 0.1707 -0.4005 -0.1224
v 0.1748 -0.3965 -0.1266
v 0.175 -0.4028 -0.1354
v 0.1708 -0.4067 -0.1321
v -0.1041 -0.055 0.1503
v -0.1071 -0.0517 0.1435
v -0.0403 0.5076 0.1425
v -0.0441 0.512 0.1469
v -0.1124 -0.0467 0.1482
v -0.112 -0.0473 0.148
v 0.1525 -0.2027 -0.0742
v 0.1223 -0.2171 -0.0658
v 0.1529 -0.2388 -0.088
v 0.1424 -0.1576 -0.057
v 0.1232 -0.1628 -0.0553
v 0.1682 -0.2514 -0.0833
v 0.1517 -0.2968 -0.0889
v 0.1734 -0.3111 -0.1001
v 0.1772 -0.3365 -0.0993
v 0.1844 -0.4016 -0.1162
v 0.1979 -0.401 -0.12
v 0.1857 -0.3052 -0.0914
v 0.1039 0.1408 0.0294
v 0.1204 0.0749 0.0271
v 0.1046 0.1114 0.0334
v 0.0796 -0.0895 -0.0983
v 0.0208 -0.066 -0.0875
v -0.0039 0.0839 -0.0686
v -0.0275 0.0321 -0.0742
v -0.012 -0.1132 -0.0957
v -0.0122 -0.1134 -0.0948
v -0.0227 -0.1353 -0.098
v 0.0105 0.1146 -0.0688
v 0.0761 0.1034 -0.0688
v 0.1524 -0.0788 -0.0998
v -0.0404 -0.0698 -0.0846
v 0.1383 -0.2454 -0.148
v -0.0396 -0.0072 -0.0766
v 0.0925 -0.2174 -0.1346
v -0.0337 -0.0929 -0.0861
v 0.0356 -0.1607 -0.1232
v 0.0167 -0.1326 -0.1074
v 0.1209 -0.2436 -0.145
v 0.0838 -0.2979 -0.1569
v 0.1131 -0.2829 -0.1597
v 0.0612 -0.2917 -0.1586
v 0.1514 -0.2522 -0.1518
v 0.0102 0.1275 -0.067
v 0.0497 -0.2631 -0.1518
v 0.1251 -0.2707 -0.1506
v 0.1488 -0.3108 -0.1738
v 0.0857 -0.3046 -0.159
v 0.19 -0.1812 -0.1232
v 0.1943 -0.2303 -0.138
v 0.0407 -0.222 -0.1397
v 0.0848 -0.299 -0.1523
v 0.0523 -0.2909 -0.1419
v -0.012 -0.1203 -0.1019
v -0.0394 -0.1241 -0.0908
v -0.0307 -0.1419 -0.1081
v 0.1614 -0.3158 -0.1739
v 0.2034 -0.3577 -0.1781
v 0.0346 0.2228 -0.07
v 0.0328 0.1921 -0.0634
v 0.0685 -0.3047 -0.1544
v 0.1472 -0.284 -0.1609
v 0.1246 -0.3033 -0.1732
v 0.1282 -0.3175 -0.1721
v 0.1973 -0.2668 -0.1509
v 0.1205 -0.2767 -0.1655
v 0.2028 -0.2892 -0.1547
v 0.1661 -0.3589 -0.1833
v 0.1646 -0.3367 -0.1786
v 0.1323 0.3787 -0.0442
v 0.1434 0.1522 -0.0369
v 0.1431 0.2719 -0.04
v 0.1172 0.0709 -0.0773
v 0.1501 0.1218 -0.0403
v 0.1514 0.081 -0.0503
v 0.1565 0.0585 -0.0582
v 0.1214 0.3723 -0.0541
v 0.0983 0.3116 -0.0721
v 0.0921 0.1825 -0.066
v 0.157 0.0055 -0.0758
v 0.1532 -0.0332 -0.0904
v 0.174 -0.1129 -0.099
v 0.162 -0.0879 -0.0958
v 0.1835 -0.1546 -0.1104
v 0.0462 0.2524 -0.0727
v 0.0707 0.3461 -0.0706
v 0.0606 0.3852 -0.0505
v 0.0484 0.3672 -0.0622
v 0.1141 0.4163 -0.0604
v 0.0475 0.3356 -0.069
v 0.0411 0.34 -0.0643
v 0.1718 -0.0899 -0.0912
v 0.1601 -0.0522 -0.0797
v 0.1666 -0.062 -0.0825
v 0.1307 0.4058 -0.0471
v 0.1887 -0.176 -0.1137
v 0.0877 0.0537 0.1671
v 0.0881 0.0921 0.1697
v 0.0835 0.0895 0.1634
v 0.0414 0.1674 -0.0228
v 0.0296 0.1695 -0.0213
v -0.2518 -0.0677 0.0954
v -0.2424 -0.0717 0.1043
v -0.1687 -0.0873 -0.0074
v -0.1776 -0.1073 -0.0035
v 0.1492 -0.3508 -0.1591
v 0.1474 -0.3304 -0.1453
v 0.0224 0.4619 0.0802
v 0.0315 0.4692 0.081
v -0.0514 0.335 -0.0567
v -0.0463 0.3443 -0.0635
v -0.2036 0.2679 0.0084
v -0.2149 0.2717 0.0178
v -0.2563 -0.0998 0.0655
v -0.2508 -0.0944 0.056
v 0.1828 -0.0483 0.1447
v 0.1871 -0.054 0.1475
v -0.1585 0.2462 0.1103
v -0.1646 0.2448 0.0974
v -0.1645 0.005 0.1594
v -0.1688 0.006 0.1497
v 0.1637 -0.4821 0.0803
v 0.1459 -0.4909 0.087
v 0.1557 -0.5553 0.1585
v 0.1626 -0.52 0.155
v 0.1815 -0.5575 0.1645
v 0.1706 -0.5059 0.1412
v 0.2027 -0.5587 0.1386
v 0.1915 -0.5203 0.1248
v 0.1592 -0.5173 0.1449
v 0.1884 -0.5149 0.0967
v 0.1745 -0.5208 0.0922
v 0.1684 -0.4806 0.0859
v 0.1577 -0.4896 0.1037
v 0.1658 -0.5063 0.1185
v 0.1371 -0.4857 0.0793
v 0.1444 -0.4691 0.0664
v -0.1682 -0.0066 0.1591
v -0.165 -0.0044 0.151
v 0.0435 0.4871 0.0712
v 0.0445 0.4772 0.0689
v -0.1483 0.0481 0.1527
v -0.1408 0.0655 0.1474
v -0.1581 0.2608 0.1142
v -0.1552 0.2515 0.1114
v 0.1406 0.2818 -0.0156
v 0.1476 0.2525 -0.019
v 0.1394 0.2594 -0.0155
v 0.0197 -0.2333 -0.131
v 0.0183 -0.2422 -0.1286
v 0.0489 0.0741 -0.0305
v 0.0762 0.0645 -0.0296
v 0.0853 0.0465 -0.0265
v 0.0246 0.4295 0.0873
v 0.0301 0.4333 0.069
v 0.0243 -0.2737 -0.1131
v 0.0228 -0.2863 -0.1164
v 0.0831 0.1699 0.0042
v 0.0761 0.1697 -0.0062
v 0.0799 0.0651 -0.0223
v 0.0826 0.0504 -0.0213
v -0.0543 0.5165 0.0138
v -0.0512 0.5274 0.0135
v -0.0817 0.0465 0.1486
v -0.0853 0.0309 0.1538
v -0.0711 -0.4758 -0.1978
v -0.0646 -0.4692 -0.2027
v -0.0432 0.3322 0.1464
v -0.0396 0.3374 0.1492
v 0.1178 -0.0037 0.0212
v 0.1155 0.0041 0.0185
v 0.0179 -0.2771 -0.1403
v 0.017 -0.2876 -0.1452
v -0.0828 0.0575 0.1516
v -0.0784 0.0633 0.153
v 0.1107 -0.0174 0.1095
v 0.1069 -0.003 0.1052
v 0.1081 -0.3936 -0.1774
v 0.1047 -0.3762 -0.1668
v 0.0725 -0.0563 -0.0197
v 0.0701 -0.066 -0.0182
v 0.2069 0.09 0.1607
v 0.2046 0.097 0.1572
v 0.0149 -0.2902 -0.1499
v 0.0139 -0.2966 -0.1475
v 0.0739 -0.2926 -0.1454
v 0.0818 -0.2923 -0.1465
v 0.1384 0.2537 -0.0151
v 0.1405 0.2487 -0.0195
v 0.0366 0.4706 0.0223
v 0.0398 0.4706 0.0318
v 0.1421 0.0019 0.2053
v 0.144 -0.0035 0.2038
v 0.1048 -0.3949 -0.1789
v 0.1017 -0.4029 -0.1795
v -0.1483 -0.4312 -0.1235
v -0.1515 -0.4355 -0.1068
v 0.2478 -0.4335 -0.1235
v 0.2497 -0.4284 -0.1174
v 0.0375 0.479 0.0324
v 0.0347 0.4734 0.0373
v 0.1491 -0.3634 -0.1715
v 0.1461 -0.3645 -0.1784
v -0.2222 0.2493 0.0095
v -0.2248 0.2503 0.0152
v 0.0431 -0.4085 -0.1288
v 0.0502 -0.4056 -0.1272
v -0.0895 0.0157 0.1517
v -0.0942 0.0194 0.1511
v -0.115 0.011 0.1454
v -0.0972 0.0195 0.1532
v -0.2834 -0.3619 0.2188
v -0.2784 -0.3593 0.2187
v 0.1339 -0.2961 -0.1356
v 0.1378 -0.3 -0.134
v -0.0981 0.4076 0.0017
v -0.0967 0.4041 0.0048
v -0.2558 -0.0594 0.0953
v -0.2542 -0.0612 0.1009
v 0.1065 0.0006 0.0963
v 0.1098 0.0036 0.0953
v 0.3166 -0.4037 -0.0153
v 0.3179 -0.4072 -0.0111
v -0.2915 -0.3691 0.2127
v -0.287 -0.3679 0.2126
v -0.1409 0.001 0.0896
v -0.1434 0.0042 0.0911
v 0.0285 -0.3431 -0.1219
v 0.0284 -0.3317 -0.1216
v 0.0149 -0.2902 -0.1499
v 0.0146 -0.2936 -0.1456
v 0.1203 -0.013 0.0727
v 0.1219 -0.0091 0.0734
v -0.0952 -0.0791 -0.0496
v -0.0964 -0.0823 -0.0533
v -0.0888 0.4931 0.0606
v -0.0897 0.4939 0.0648
v -0.0331 0.3934 0.1196
v -0.0308 0.3902 0.1196
v 0.2051 -0.2936 -0.1586
v 0.204 -0.2978 -0.1575
v 0.0198 0.0875 -0.0431
v 0.0152 0.0874 -0.0444
v -0.1122 -0.046 0.1488
v -0.1074 -0.047 0.1479
v -0.2369 -0.2638 0.1004
v -0.2142 -0.2159 0.0981
v -0.2014 -0.204 0.0968
v -0.2036 -0.1757 0.0752
v -0.2199 -0.1766 0.0286
v -0.2077 -0.1609 0.069
v -0.1851 -0.1115 0.0892
v -0.1822 -0.0728 0.0689
v -0.1573 -0.0507 0.1002
v -0.1874 -0.124 0.099
v -0.1795 -0.0947 0.0884
v -0.1447 0.0046 0.0935
v -0.1546 -0.0034 0.0741
v -0.1316 0.0141 0.0978
v -0.1481 -0.02 0.0934
v -0.1231 -0.0166 0.1155
v -0.1837 -0.1013 0.063
v -0.1483 -0.0714 0.1194
v -0.1672 -0.1568 0.1436
v -0.1248 -0.0497 0.1361
v -0.1454 -0.048 0.1112
v -0.1281 -0.1386 0.1567
v -0.1346 -0.007 0.1115
v -0.1145 -0.0576 0.1487
v -0.1667 -0.1765 0.1337
v -0.157 -0.0039 0.0735
v -0.1518 0.0006 0.0701
v -0.1711 -0.0385 0.0596
v -0.1813 -0.076 0.047
v -0.166 -0.0277 0.0333
v -0.161 -0.0183 0.0406
v -0.1497 -0.0156 0.0229
v -0.1491 0.0024 0.0329
v -0.1425 0.0049 0.0215
v -0.1474 0.0123 0.0714
v -0.1222 -0.0154 0.1327
v -0.0961 -0.064 0.1569
v -0.0804 -0.0075 0.1424
v -0.0774 0.0001 0.1533
v -0.1602 -0.2428 0.1604
v -0.173 -0.2007 0.1383
v -0.2059 -0.2686 0.2049
v -0.2071 -0.2981 0.262
v -0.2506 -0.3209 0.2375
v -0.2566 -0.3225 0.1931
v -0.1768 -0.0725 0.0608
v -0.1968 -0.1138 0.0603
v -0.191 -0.1181 0.0251
v -0.1874 -0.0982 0.0469
v -0.1994 -0.2012 0.1075
v -0.2413 -0.249 0.0248
v -0.1932 -0.1914 0.1015
v -0.2642 -0.3331 0.2012
v -0.2138 -0.3208 0.2839
v -0.2254 -0.3225 0.2726
v -0.2671 -0.3427 0.2043
v -0.2113 -0.1507 0.0375
v -0.2379 -0.2725 0.1196
v -0.2261 -0.2679 0.136
v -0.1866 -0.2654 0.2361
v -0.1665 -0.2485 0.174
v -0.1229 -0.1512 0.1675
v -0.139 -0.1804 0.1579
v -0.1456 -0.1668 0.1596
v -0.1661 -0.188 0.1374
v -0.1628 -0.2049 0.156
v -0.2625 -0.3141 0.1819
v -0.2587 -0.2923 0.028
v -0.2584 -0.2953 0.0581
v -0.2943 -0.3635 0.1719
v -0.1566 -0.1971 0.1496
v -0.1944 -0.2526 0.1789
v -0.1653 -0.2102 0.1445
v -0.2204 -0.258 0.1193
v -0.2633 -0.3252 0.2163
v -0.2007 -0.1274 0.0704
v -0.2121 -0.2313 0.1126
v -0.2071 -0.2201 0.1095
v -0.1135 -0.0526 0.1433
v -0.3002 -0.4142 -0.0073
v -0.2927 -0.3793 0.0851
v -0.2805 -0.3528 -0.0019
v -0.3036 -0.4182 -0.0599
v -0.3114 -0.4265 -0.057
v -0.198 -0.282 0.2519
v -0.292 -0.3712 0.1964
v -0.215 -0.3327 0.2831
v -0.1378 -0.0439 0.1206
v -0.2184 -0.2247 0.1033
v -0.1504 -0.1555 0.1502
v -0.271 -0.3274 0.0089
v -0.2832 -0.3733 -0.0624
v -0.2913 -0.3873 -0.036
v -0.1079 -0.0395 0.1332
v -0.1176 -0.0159 0.1347
v -0.1083 0.0001 0.1414
v -0.1065 -0.0226 0.1494
v -0.1508 -0.0625 0.1116
v -0.2497 -0.2731 0.0288
v -0.2576 -0.2895 0.0756
v -0.1695 -0.0332 0.0709
v -0.2009 -0.1576 0.08
v -0.302 -0.4008 0.0998
v -0.3079 -0.3987 0.1551
v -0.234 -0.3192 0.2481
v -0.1493 0.0112 0.0754
v -0.1814 -0.0732 0.0339
v -0.1902 -0.2967 0.2274
v -0.2767 -0.3497 -0.0326
v -0.2593 -0.3153 -0.0299
v -0.259 -0.3245 -0.0499
v -0.1031 -0.0568 0.1477
v -0.1062 -0.0524 0.1427
v -0.0946 -0.0452 0.1423
v -0.1021 -0.0409 0.1528
v -0.206 -0.2354 0.1297
v -0.2654 -0.3325 0.2479
v -0.1612 -0.2217 0.1605
v -0.233 -0.2743 0.1915
v -0.2495 -0.2789 0.107
v -0.2184 -0.2454 0.1134
v -0.3041 -0.4022 -0.0706
v -0.3008 -0.383 0.1651
v -0.2889 -0.3641 0.2069
v -0.3052 -0.3845 0.1955
v -0.3155 -0.4055 0.2033
v -0.3108 -0.3962 0.175
v -0.2003 -0.1589 0.0757
v -0.2064 -0.1709 0.0515
v -0.179 -0.1165 0.0907
v -0.177 -0.0963 0.0884
v -0.2165 -0.2211 0.1022
v -0.2086 -0.2008 0.0977
v -0.1521 -0.018 0.0927
v -0.1481 -0.0351 0.11
v -0.1595 -0.049 0.1016
v -0.1508 -0.0625 0.1115
v -0.2379 -0.2725 0.1198
v -0.2382 -0.2624 0.0997
v -0.2256 -0.2444 0.119
v -0.2494 -0.2785 0.1079
v -0.1378 -0.0441 0.1203
v -0.117 -0.0155 0.1328
v -0.1253 -0.0469 0.1419
v -0.1455 -0.0417 0.1219
v -0.158 -0.0625 0.1211
v -0.2245 -0.2735 0.1433
v -0.2448 -0.2606 0.176
v -0.2239 -0.2552 0.1198
v -0.2191 -0.2447 0.1139
v -0.2231 -0.2269 0.1263
v -0.2162 -0.2248 0.1011
v -0.2071 -0.2203 0.1095
v -0.1989 -0.2015 0.1041
v -0.1948 -0.1934 0.104
v -0.3072 -0.3698 0.1673
v -0.295 -0.3688 0.1121
v -0.1639 -0.1573 0.1401
v -0.1641 -0.1794 0.1443
v -0.1739 -0.1753 0.134
v -0.1504 -0.1547 0.151
v -0.2567 -0.3229 0.1924
v -0.2633 -0.3308 0.1975
v -0.1772 -0.1837 0.1567
v -0.1728 -0.1815 0.1493
v -0.1907 -0.2779 0.2395
v -0.1939 -0.2344 0.1928
v -0.189 -0.2815 0.2102
v -0.1505 -0.191 0.1396
v -0.1621 -0.2016 0.1463
v -0.1541 -0.2182 0.1517
v -0.1492 -0.1379 0.1321
v -0.1295 -0.128 0.1441
v -0.0993 -0.0534 0.1451
v -0.1084 -0.0374 0.156
v -0.1871 -0.1224 0.0631
v -0.1836 -0.1034 0.0637
v -0.2592 -0.2692 0.0369
v -0.2767 -0.2866 0.0669
v -0.1456 0.0013 0.0695
v -0.1449 0.0046 0.0727
v -0.1755 -0.0719 0.0607
v -0.1566 -0.0412 0.0646
v -0.1913 -0.0982 0.0611
v -0.1821 -0.0727 0.064
v -0.2882 -0.3877 -0.0417
v -0.2805 -0.3582 -0.0388
v -0.2831 -0.3784 -0.0236
v -0.2099 -0.0911 0.0531
v -0.2003 -0.067 0.0403
v -0.1628 -0.0179 0.0381
v -0.1612 -0.0198 0.042
v 0.0624 0.395 -0.0101
v 0.0396 0.4028 -0.0144
v 0.0514 0.4141 0.0658
v 0.0613 0.4103 0.0613
v 0.0533 0.3919 -0.0251
v 0.0812 0.4124 0.0552
v 0.0452 0.4275 0.0462
v 0.0134 0.4185 -0.0008
v 0.0609 0.402 0.0867
v 0.0726 0.4092 0.0018
v 0.0692 0.419 0.0257
v 0.0737 0.399 0.0786
v 0.0303 0.4305 0.0136
v 0.0612 0.4133 0.0787
v 0.0663 0.4181 0.0579
v -0.1232 0.4222 0.0095
v -0.1515 0.4037 0.0004
v -0.1766 0.3966 0.0391
v -0.1216 0.4223 0.0803
v -0.1755 0.3961 0.076
v -0.1778 0.3726 0.0848
v -0.1657 0.3769 0.1064
v -0.1075 0.3713 0.1268
v -0.1835 0.3791 0.0108
v -0.1891 0.386 0.0317
v -0.2055 0.3557 0.0315
v -0.1926 0.3828 0.0506
v -0.1062 0.4037 0.103
v -0.1735 0.3578 0.1016
v -0.1293 0.3572 0.129
v -0.0883 0.3834 0.1295
v -0.0753 0.3769 0.1351
v -0.0805 0.3982 0.1347
v -0.0761 0.3603 0.14
v -0.1197 0.4119 -0.0013
v -0.0849 0.404 0.116
v -0.2169 0.3343 0.0644
v -0.2179 0.3035 0.0665
v -0.1881 0.3542 0.1003
v -0.1963 0.2848 0.1058
v -0.2215 0.3051 0.0494
v -0.2172 0.2842 0.0346
v -0.2109 0.2932 0.03
v -0.1956 0.3653 0.0808
v -0.1921 0.2922 0.1025
v -0.1798 0.3265 0.1115
v -0.2168 0.3285 0.0371
v -0.1768 0.3958 0.0578
v -0.0965 0.4195 0.1157
v -0.0953 0.4052 0.1155
v -0.1002 0.43 0.0925
v -0.1182 0.4434 0.0524
v -0.115 0.4336 0.0699
v -0.112 0.4333 0.0278
v -0.2141 0.3431 0.048
v -0.1758 0.2825 0.1033
v -0.2106 0.3463 0.0269
v -0.1926 0.3828 0.0507
v -0.1768 0.3956 0.0582
v -0.1766 0.3966 0.0394
v -0.1885 0.3854 0.032
v -0.1848 0.3576 0.0744
v -0.1749 0.3933 0.0755
v -0.1766 0.3727 0.0858
v -0.1823 0.3524 0.0985
v -0.1683 0.3771 0.1068
v -0.2178 0.3036 0.0666
v -0.2141 0.3338 0.0635
v -0.2225 0.3052 0.0497
v -0.2141 0.3431 0.048
v -0.0716 0.4903 0.0788
v -0.0575 0.476 0.1064
v -0.0491 0.4771 0.1257
v -0.0564 0.5037 0.1233
v -0.0403 0.5192 0.1382
v -0.047 0.4928 0.1459
v -0.0546 0.4385 0.0796
v -0.0553 0.517 0.1356
v -0.0815 0.4727 0.0682
v -0.0736 0.4652 0.0609
v -0.0322 0.4155 0.1195
v -0.0426 0.4213 0.1112
v -0.0277 0.4275 0.1258
v -0.0294 0.4078 0.1146
v -0.0213 0.4118 0.1172
v -0.0343 0.4497 0.1281
v -0.0211 0.4521 0.1464
v -0.0241 0.4818 0.1434
v -0.0447 0.4663 0.1325
v -0.0337 0.4648 0.1379
v -0.0578 0.4469 0.0745
v -0.073 0.4604 0.0736
v -0.0487 0.4272 0.0801
v -0.0552 0.4334 0.0694
v -0.0403 0.4173 0.0738
v -0.0471 0.4268 0.0908
v -0.0453 0.4868 0.1315
v -0.0583 0.4361 0.067
v -0.059 0.4361 0.0787
v -0.0494 0.4185 0.0882
v -0.0559 0.4271 0.0886
v -0.0563 0.4731 0.1418
v -0.0491 0.4678 0.1363
v -0.0479 0.4864 0.1348
v -0.0404 0.487 0.1393
v -0.0422 0.4564 0.1479
v -0.0462 0.4658 0.1424
v -0.0353 0.4211 0.1177
v -0.0336 0.4164 0.1196
v -0.1017 0.4289 0.0252
v -0.1047 0.4348 -0.0048
v -0.1104 0.4399 0.0094
v -0.0716 0.3797 -0.0266
v -0.0574 0.3735 -0.0366
v -0.0859 0.4062 -0.0353
v -0.0676 0.387 -0.0507
v -0.0534 0.3563 -0.0492
v -0.0487 0.3417 -0.067
v -0.0419 0.3352 -0.0572
v -0.0542 0.3613 -0.0586
v -0.0962 0.404 0.005
v -0.104 0.4139 0.0256
v -0.1 0.4261 0.094
v -0.1018 0.4196 0.0681
v -0.1072 0.4144 0.0417
v -0.0885 0.4086 0.0987
v -0.0877 0.3947 0.0967
v -0.0907 0.4063 0.1105
v -0.0965 0.4235 0.1017
v -0.0977 0.4292 0.0767
v -0.1053 0.433 0.0606
v -0.12 0.446 0.054
v -0.0834 0.3879 -0.0153
v -0.0994 0.4264 0.0956
v -0.0962 0.4274 0.0775
v -0.0858 0.4085 0.0946
v -0.1006 0.4203 0.1038
v -0.0954 0.4302 0.0765
v -0.0901 0.4298 0.061
v -0.0852 0.3909 -0.0128
v -0.0834 0.3889 -0.0169
v -0.0851 0.422 0.0281
v -0.102 0.4157 0.0383
v -0.1018 0.4026 0.0068
v -0.0986 0.4021 0.0076
v 0.0721 0.4148 0.0029
v 0.0681 0.4157 0.0306
v 0.0803 0.4467 0.0082
v 0.0791 0.4248 0.0294
v 0.0785 0.4312 -0.0155
v 0.0705 0.4118 -0.0198
v 0.0616 0.3874 -0.0511
v 0.0839 0.4397 0.0645
v 0.076 0.4286 0.0787
v 0.0685 0.4134 0.0806
v 0.0733 0.417 0.0943
v 0.078 0.426 -0.0028
v 0.0645 0.4107 -0.0122
v 0.0592 0.4026 -0.0135
v 0.0519 0.3911 -0.0199
v 0.0589 0.3973 -0.0242
v 0.0707 0.4026 0.0831
v 0.0719 0.4019 0.075
v 0.0496 0.365 -0.0595
v 0.0783 0.4293 0.0429
v 0.0392 0.3717 0.1183
v 0.0465 0.3612 0.1368
v 0.0482 0.3452 0.1377
v 0.0545 0.3769 0.1226
v 0.0664 0.4003 0.0873
v 0.0772 0.4162 0.0364
v 0.0489 0.3796 -0.0343
v 0.0362 0.329 -0.0695
v 0.0363 0.3578 -0.05
v 0.0446 0.3512 -0.0674
v 0.0357 0.3367 -0.0542
v 0.0761 0.3952 0.0857
v 0.073 0.4022 0.0877
v 0.0608 0.4098 0.0745
v 0.0671 0.4006 0.0759
v 0.1014 0.4286 0.0341
v 0.0829 0.4305 0.0428
v 0.0783 0.4254 -0.0034
v 0.0643 0.4139 -0.0159
v 0.0628 0.3937 -0.0287
v 0.0655 0.4145 -0.0178
v 0.063 0.4019 -0.0096
v 0.0508 0.3623 -0.0523
v 0.045 0.3505 -0.0663
v 0.011 0.51 0.0101
v 0.0175 0.4729 -0.0013
v -0.0034 0.4773 -0.0014
v -0.0177 0.4902 -0.0175
v 0.0287 0.5021 0.0249
v 0.034 0.4741 0.0354
v 0.031 0.4604 0.0178
v -0.0099 0.5019 0.0004
v -0.0274 0.4531 -0.0057
v 0.0176 0.4224 0.0021
v 0.0344 0.4701 0.0381
v 0.0219 0.465 0.0153
v 0.0229 0.5202 0.0303
v 0.0159 0.5608 0.0405
v 0.0102 0.5457 0.0424
v -0.0134 0.5107 0.0009
v -0.0072 0.5624 0.0195
v 0.013 0.5454 0.0254
v 0.0353 0.5369 0.0277
v -0.0029 0.5076 0.0005
v 0.0058 0.4576 -0.0021
v 0.0318 0.432 0.015
v 0.0316 0.4524 0.0376
v 0.043 0.4498 0.0545
v 0.0457 0.4277 0.0462
v 0.0482 0.4138 0.0661
v 0.0478 0.4386 0.0857
v -0.0091 0.42 -0.0048
v -0.0225 0.5523 0.0135
v 0.0294 0.4824 0.0144
v 0.0397 0.477 0.0385
v 0.0513 0.4794 0.0503
v 0.054 0.4877 0.0497
v -0.0002 0.5108 0.0038
v 0.0325 0.5131 0.0259
v 0.0334 0.5214 0.0371
v 0.0013 0.5072 0.003
v 0.0248 0.4783 0.0144
v 0.0213 0.4721 0.0106
v 0.0248 0.4783 0.0144
v 0.0355 0.4588 0.0133
v 0.0271 0.4676 0.0035
v 0.0002 0.4518 0.0133
v 0.037 0.4513 0.0288
v 0.0338 0.4577 0.0391
v 0.0423 0.4702 0.038
v -0.0079 0.4743 0.0077
v -0.0086 0.4678 0.0191
v 0.0262 0.4775 0.0148
v 0.0293 0.4824 0.0146
v -0.0092 0.5065 0.0005
v -0.0029 0.5076 0.0005
v 0.0123 0.5161 0.0048
v 0.0068 0.518 -0.0026
v -0.0034 0.5412 0.042
v 0.0066 0.5445 0.0278
v -0.003 0.511 0.0055
v -0.0012 0.5079 0.0023
v 0.0298 0.5035 0.0285
v 0.0406 0.5092 0.0262
v 0.027 0.5226 0.0292
v 0.0293 0.5268 0.033
v 0.0376 0.4678 0.0377
v 0.0397 0.4703 0.0327
v 0.0131 0.4241 0.1067
v 0.0027 0.4074 0.1042
v 0.0216 0.409 0.0794
v 0.0104 0.4135 0.0899
v 0.0263 0.415 0.0921
v 0.0111 0.3995 0.0997
v 0.0162 0.4278 0.0865
v 0.0309 0.4235 0.0528
v 0.0102 0.4143 0.0984
v 0.015 0.4127 0.0974
v 0.0147 0.4162 0.1021
v 0.0076 0.418 0.0903
v -0.0311 0.3977 0.1235
v -0.0259 0.3919 0.125
v -0.0183 0.3834 0.1192
v -0.0312 0.4044 0.1323
v -0.034 0.3949 0.1186
v -0.0289 0.3873 0.1159
v -0.0359 0.3803 0.1161
v -0.0438 0.4081 0.1009
v -0.0396 0.404 0.1111
v 0.0123 0.4109 0.1272
v 0.0125 0.3864 0.1148
v -0.0339 0.3897 0.1166
v -0.0381 0.3997 0.1122
v -0.0246 -0.4515 -0.1881
v -0.0322 -0.4246 -0.1959
v -0.0078 -0.424 -0.1967
v -0.0589 -0.4267 -0.1984
v -0.0635 -0.4804 -0.2034
v -0.0557 -0.4724 -0.2068
v -0.0819 -0.4428 -0.1893
v -0.0887 -0.4308 -0.1794
v -0.0897 -0.3991 -0.1759
v -0.0197 -0.4329 -0.1963
v -0.0086 -0.3883 -0.1985
v -0.0897 -0.3922 -0.1761
v -0.1298 -0.4231 -0.1898
v -0.0988 -0.4067 -0.1876
v -0.117 -0.4066 -0.1714
v -0.1268 -0.4112 -0.19
v -0.1559 -0.3212 -0.1408
v -0.1565 -0.2621 -0.1058
v -0.1151 -0.2908 -0.1484
v -0.1498 -0.4165 -0.1677
v -0.1532 -0.3916 -0.1637
v -0.0197 -0.3745 -0.1927
v -0.0266 -0.3637 -0.1766
v -0.0239 -0.3322 -0.1816
v -0.0359 -0.3316 -0.1757
v -0.0205 -0.2773 -0.1594
v -0.1614 -0.4269 -0.1651
v -0.0037 -0.4472 -0.2025
v 0.0017 -0.4684 -0.2037
v -0.1198 -0.2745 -0.1399
v -0.1186 -0.2371 -0.1243
v -0.1428 -0.4214 -0.1799
v -0.1317 -0.2262 -0.1142
v -0.1217 -0.2268 -0.118
v -0.0948 -0.2508 -0.1312
v -0.0675 -0.2592 -0.1468
v -0.0431 -0.2036 -0.1312
v -0.0444 -0.2644 -0.1535
v -0.0261 -0.2368 -0.1389
v -0.0272 -0.2603 -0.1542
v -0.0562 -0.2492 -0.1483
v -0.0897 -0.2449 -0.1352
v -0.0112 -0.1855 -0.1161
v -0.1204 -0.1683 -0.0965
v -0.0207 -0.178 -0.1119
v -0.1324 -0.1719 -0.0822
v -0.16 -0.2201 -0.0911
v -0.1894 -0.2265 -0.0826
v -0.19 -0.1945 -0.0667
v -0.1401 -0.134 -0.0647
v -0.1726 -0.2382 -0.0908
v -0.1667 -0.2932 -0.1205
v -0.1722 -0.3613 -0.1356
v -0.1789 -0.3803 -0.1396
v -0.2363 -0.4257 -0.1166
v -0.1875 -0.4215 -0.1521
v -0.1746 -0.2879 -0.1081
v -0.2036 -0.2269 -0.0707
v -0.2138 -0.269 -0.0854
v -0.087 -0.3694 -0.1741
v -0.1759 -0.2664 -0.1007
v -0.1462 -0.1171 -0.0555
v -0.1674 -0.0861 -0.0353
v -0.1526 -0.0562 -0.0321
v -0.1264 -0.1128 -0.0611
v -0.0635 -0.0934 -0.0762
v -0.0598 -0.0446 -0.0625
v -0.0744 -0.0114 -0.0521
v -0.0942 -0.1274 -0.0804
v -0.1305 0.007 -0.0173
v -0.1341 0.0143 0.0002
v -0.1445 -0.0469 -0.0304
v -0.158 -0.0271 -0.0125
v -0.1423 0.0029 -0.0118
v -0.1221 0.026 -0.0138
v -0.1336 0.0545 -0.0141
v -0.1243 0.08 -0.0095
v -0.116 0.0098 -0.0306
v -0.1415 0.0756 0.0156
v -0.0925 0.1155 -0.0359
v -0.1107 0.1286 -0.0171
v -0.0704 0.0867 -0.0334
v -0.0842 0.0788 -0.0354
v -0.0962 0.0955 -0.0322
v -0.1325 -0.0565 -0.0412
v -0.1551 -0.0465 -0.0155
v -0.1853 -0.1507 -0.0509
v -0.0529 -0.2822 -0.1605
v -0.128 -0.2993 -0.1458
v -0.1621 -0.3272 -0.1322
v -0.0742 -0.2432 -0.1415
v -0.2003 -0.247 -0.0674
v -0.2477 -0.356 -0.0966
v -0.237 -0.3841 -0.1123
v -0.2653 -0.3826 -0.0924
v -0.0733 -0.1814 -0.1227
v -0.0588 -0.1187 -0.0907
v -0.0686 0.0484 -0.0418
v -0.039 -0.3743 -0.1849
v -0.1227 -0.1328 -0.0708
v -0.0975 -0.1645 -0.1039
v -0.0864 -0.1597 -0.1026
v -0.1005 -0.1786 -0.1094
v -0.0884 -0.1723 -0.107
v -0.0912 -0.3361 -0.1552
v -0.1206 -0.0312 -0.028
v -0.1324 0.0339 -0.0021
v -0.1144 0.0892 -0.0229
v -0.0471 -0.4465 -0.2061
v -0.0851 -0.1252 -0.0856
v -0.0787 0.0688 -0.0255
v -0.1905 -0.437 -0.1544
v -0.1318 0.1278 0.0169
v -0.1351 0.0757 0.0242
v -0.128 0.1014 0.0244
v -0.0849 -0.3478 -0.163
v -0.1842 -0.3965 -0.1505
v -0.2331 -0.3109 -0.0897
v -0.1012 0.0806 -0.0318
v -0.1302 0.1055 0.0195
v -0.2205 -0.4178 -0.1261
v -0.0874 -0.2611 -0.1374
v -0.1112 -0.1592 -0.088
v -0.2113 -0.4387 -0.1412
v -0.0545 -0.3316 -0.1792
v -0.1627 -0.4397 -0.17
v -0.1401 -0.1346 -0.064
v -0.127 -0.1126 -0.062
v -0.123 -0.1327 -0.0712
v -0.1462 -0.1179 -0.0545
v -0.1726 -0.3304 -0.0075
v -0.1597 -0.3139 -0.0238
v -0.1885 -0.3127 -0.0104
v -0.1943 -0.2476 -0.0611
v -0.1848 -0.2379 -0.0583
v -0.1328 -0.0561 -0.0423
v -0.1172 -0.0335 -0.0249
v -0.1478 -0.0567 -0.0294
v -0.1606 -0.2917 -0.1156
v -0.171 -0.2893 -0.1051
v -0.1498 -0.2699 -0.0833
v -0.1506 -0.0595 -0.0263
v -0.15 -0.0462 -0.0207
v -0.1368 -0.0078 -0.0022
v -0.1339 0.0117 0.0016
v -0.1165 0.01 -0.0313
v -0.1305 0.007 -0.0173
v -0.1201 0.0256 -0.0145
v -0.1261 -0.2261 -0.119
v -0.1196 -0.2359 -0.126
v -0.1085 -0.1801 -0.0755
v -0.1072 -0.1629 -0.0842
v -0.1578 -0.0461 -0.0166
v -0.1654 -0.0558 -0.0122
v -0.1243 -0.2907 -0.159
v -0.1217 -0.2731 -0.147
v -0.0708 -0.2442 -0.1401
v -0.0706 -0.259 -0.151
v -0.0842 -0.2597 -0.1391
v -0.0635 -0.0929 -0.0767
v -0.0773 -0.1194 -0.0845
v -0.0578 -0.1117 -0.0886
v -0.0856 -0.1604 -0.101
v -0.0867 -0.1309 -0.0813
v -0.1023 -0.1625 -0.1232
v -0.0888 -0.1714 -0.0972
v -0.1007 -0.1736 -0.1215
v -0.1004 -0.163 -0.0995
v -0.058 -0.4285 -0.1969
v -0.0495 -0.449 -0.1976
v -0.1658 -0.3014 -0.1224
v -0.1646 -0.3133 -0.1253
v -0.0527 -0.3347 -0.1692
v -0.0359 -0.3316 -0.1757
v -0.0295 -0.3632 -0.1836
v -0.0392 -0.3738 -0.1868
v -0.0517 -0.2825 -0.1576
v -0.0444 -0.2644 -0.1535
v -0.0272 -0.2603 -0.1542
v -0.0203 -0.277 -0.1601
v -0.0874 -0.3707 -0.1721
v -0.0904 -0.3998 -0.1895
v -0.0906 -0.3355 -0.1596
v -0.0859 -0.3513 -0.1651
v -0.1555 -0.3256 -0.1186
v -0.157 -0.3353 -0.1216
v -0.082 0.0571 -0.0407
v -0.0829 0.0692 -0.0379
v -0.1028 0.0793 -0.0383
v -0.0933 0.075 -0.0469
v -0.1132 0.0901 -0.0224
v -0.1022 0.0868 -0.0324
v -0.1298 0.1057 -0.0006
v -0.1331 0.1036 0.013
v -0.0876 -0.2541 -0.1364
v -0.0894 -0.258 -0.1337
v 0.1093 0.2908 -0.0439
v 0.075 0.2899 -0.0603
v 0.0577 0.2963 -0.0501
v 0.1239 0.2569 -0.0392
v 0.0536 0.2771 -0.0621
v 0.0823 0.1803 -0.0544
v 0.059 0.1904 -0.0507
v 0.0866 0.2437 -0.0511
v 0.0957 0.2279 -0.0511
v 0.0325 0.1904 -0.0657
v 0.0287 0.1704 -0.0577
v 0.0388 0.1441 -0.0562
v 0.0632 0.1331 -0.0514
v 0.1152 0.2371 -0.0369
v 0.128 0.1677 -0.0399
v 0.142 0.2788 -0.0281
v 0.1253 0.2776 -0.0396
v 0.1457 0.2173 -0.0222
v 0.1173 0.1398 -0.0485
v 0.1347 0.1314 -0.0461
v 0.1197 0.1949 -0.037
v 0.1495 0.1087 -0.0429
v 0.1365 0.1038 -0.0493
v 0.1547 0.0465 -0.057
v 0.1563 -0.0398 -0.0803
v 0.1441 -0.0239 -0.08
v 0.134 0.0557 -0.0634
v 0.1066 0.1676 -0.047
v 0.0933 0.179 -0.0497
v 0.0964 0.1068 -0.0603
v 0.1046 0.0984 -0.0616
v 0.1423 -0.0327 -0.0895
v 0.0463 0.2803 -0.0658
v 0.1188 0.0809 -0.0571
v 0.0165 0.13 -0.0588
v 0.1046 0.2435 -0.0464
v 0.1351 0.0113 -0.0719
v 0.054 0.2819 -0.057
v 0.0483 0.2777 -0.0558
v 0.0937 0.2274 -0.0472
v 0.0864 0.2373 -0.0581
v 0.0853 0.2475 -0.0276
v 0.1066 0.1675 -0.0469
v 0.1291 0.1678 -0.0418
v 0.12 0.1954 -0.0395
v 0.1289 0.2543 -0.0582
v 0.1222 0.2394 -0.0661
v 0.1216 0.2758 -0.0266
v 0.1118 0.2881 -0.0424
v 0.1334 0.1311 -0.0475
v 0.1338 0.1013 -0.0613
v -0.1076 -0.0224 0.1419
v -0.1056 -0.0034 0.1365
v -0.1201 -0.0172 0.1267
v -0.1316 -0.0148 0.1134
v -0.1103 -0.0542 0.142
v -0.1474 -0.0165 0.0749
v -0.1602 -0.131 0.0573
v -0.1724 -0.1484 0.0599
v -0.1629 -0.1009 0.0717
v -0.1521 -0.0718 0.0463
v -0.1474 -0.0065 0.0689
v -0.1503 0.0126 0.0678
v -0.1418 0.0074 0.0864
v -0.1492 0.0023 0.0335
v -0.1611 -0.145 0.0936
v -0.1547 -0.1275 0.1228
v -0.1321 -0.0759 0.1314
v -0.1505 -0.1528 0.1109
v -0.1455 -0.1614 0.1092
v -0.1309 -0.162 0.1248
v -0.1295 -0.1342 0.1344
v -0.1597 -0.1908 0.109
v -0.1489 -0.207 0.1229
v -0.1355 -0.2362 0.129
v -0.1499 -0.24 0.1418
v -0.1363 -0.24 0.1601
v -0.1508 -0.2246 0.1252
v -0.16 -0.1995 0.1004
v -0.156 -0.2258 0.1151
v -0.1622 -0.2151 0.0776
v -0.1623 -0.1942 0.0896
v -0.1623 -0.1809 0.0749
v -0.1607 -0.1809 0.0705
v -0.1671 -0.2481 0.1092
v -0.1633 -0.2383 0.1185
v -0.15 -0.2417 0.1267
v -0.1594 -0.2304 0.1136
v -0.1598 -0.2014 0.0635
v -0.1734 -0.1733 0.0529
v -0.1577 -0.1532 0.0976
v -0.1546 -0.1598 0.0953
v -0.1724 -0.2003 0.0354
v -0.1658 -0.1668 0.072
v -0.1555 -0.1716 0.084
v -0.131 -0.2029 0.1356
v -0.1485 -0.1588 0.1021
v -0.144 0.0108 0.0976
v -0.1445 -0.027 0.0397
v -0.1689 -0.1595 0.0696
v -0.1428 -0.1557 0.1092
v -0.1081 -0.0434 0.1408
v -0.111 -0.0372 0.155
v -0.1477 0.0033 0.0877
v -0.1473 -0.0066 0.0688
v -0.1553 -0.0526 0.072
v -0.1462 -0.1324 0.1155
v -0.1622 -0.1608 0.104
v -0.1615 -0.1441 0.0921
v -0.1588 -0.1543 0.0698
v -0.1459 -0.1606 0.0585
v -0.1647 -0.1668 0.0745
v -0.1531 -0.233 0.1092
v -0.1457 -0.2257 0.1172
v -0.1428 -0.2359 0.1227
v -0.143 -0.2397 0.1277
v -0.1601 -0.1903 0.1098
v -0.1515 -0.206 0.122
v -0.1639 -0.2006 0.1009
v -0.1472 -0.1733 0.1027
v -0.1647 -0.1973 0.0869
v -0.1593 -0.1909 0.1089
v -0.1559 -0.1703 0.0817
v -0.159 -0.181 0.0705
v -0.144 -0.1587 0.105
v -0.1476 -0.1593 0.0997
v -0.1489 -0.1527 0.1041
v -0.1502 -0.1504 0.0915
v -0.1093 -0.0465 0.1473
v -0.1082 -0.043 0.1435
v -0.1069 -0.0376 0.144
v -0.1029 -0.0382 0.1459
v 0.0847 0.1221 -0.0151
v 0.0736 0.0772 -0.0192
v 0.0427 0.1667 -0.0273
v 0.0255 0.133 -0.0347
v 0.0474 0.0793 -0.0371
v 0.0222 0.1612 -0.0334
v 0.05 0.1715 -0.0144
v 0.0728 0.0586 -0.0222
v 0.0357 0.0501 -0.0482
v -0.0225 0.0681 -0.0497
v -0.043 0.0694 -0.0485
v -0.0347 0.0968 -0.0444
v 0.0562 0.0723 -0.0363
v 0.071 0.035 -0.026
v 0.087 0.0461 -0.0281
v 0.0154 0.0911 -0.0481
v 0.0626 0.0667 -0.0232
v 0.0873 0.0614 -0.015
v 0.0908 0.1729 0.0145
v 0.0775 0.1697 -0.006
v -0.0697 0.086 -0.0271
v -0.0958 0.0999 -0.0359
v -0.0515 0.1018 -0.0332
v -0.0916 0.1185 -0.0301
v 0.1168 0.0754 0.0262
v 0.0394 0.1166 -0.034
v 0.1049 0.0653 0.0057
v 0.0194 0.1186 -0.0351
v 0.1049 0.0569 -0.0084
v 0.1191 0.0381 0.0088
v 0.0859 0.0453 -0.0248
v 0.1127 0.1221 0.0274
v 0.1223 0.0673 0.0141
v 0.0828 0.1357 -0.0149
v 0.0957 0.1278 -0.0062
v 0.1007 0.0066 -0.0054
v 0.0762 0.0529 -0.0145
v 0.0985 0.1564 0.0205
v 0.0827 0.1631 -0.0076
v 0.1062 0.1387 0.0248
v 0.0783 0.1635 -0.01
v 0.0836 0.1634 -0.0034
v 0.1224 0.0803 0.0249
v 0.1169 0.0748 0.0243
v 0.1053 0.1373 0.0249
v 0.1095 0.1215 0.0257
v 0.081 0.1279 -0.0076
v 0.095 0.1278 -0.0045
v 0.0803 0.0576 -0.0052
v 0.0736 0.0771 -0.0193
v 0.0754 0.0571 -0.0251
v 0.0191 0.1193 -0.0394
v 0.0255 0.133 -0.0347
v 0.0406 0.1205 -0.045
v 0.1171 0.0552 -0.0134
v 0.1227 0.0502 -0.0062
v 0.054 0.0891 -0.0414
v 0.0575 0.0769 -0.04
v 0.0152 0.0921 -0.0403
v 0.0169 0.088 -0.0433
v -0.0888 -0.0878 -0.0475
v -0.0627 -0.0866 -0.062
v -0.1161 -0.1575 -0.0815
v -0.0713 -0.0425 -0.0419
v -0.0984 -0.0749 -0.0428
v -0.1145 -0.0485 -0.0269
v -0.105 -0.0618 -0.0417
v -0.1651 -0.1116 -0.031
v -0.1315 -0.111 -0.0495
v -0.1451 -0.2329 -0.0983
v -0.1397 -0.3028 -0.1304
v -0.1126 -0.2938 -0.14
v -0.1039 -0.2946 -0.1392
v -0.129 -0.3291 -0.1492
v -0.1327 -0.3716 -0.1609
v -0.1373 -0.4048 -0.168
v -0.117 -0.4103 -0.1813
v -0.1505 -0.4125 -0.1783
v -0.0819 -0.3565 -0.163
v -0.0683 -0.3162 -0.1545
v -0.0217 -0.3683 -0.1798
v -0.0439 -0.392 -0.1756
v -0.0277 -0.4245 -0.1917
v -0.073 -0.4616 -0.1922
v -0.0751 -0.4206 -0.1774
v -0.0797 -0.458 -0.1805
v -0.0881 -0.4185 -0.178
v -0.0664 -0.4815 -0.2006
v -0.058 -0.3726 -0.1748
v -0.0526 -0.3786 -0.1766
v -0.0549 -0.4378 -0.1937
v -0.0139 -0.3916 -0.1875
v -0.021 -0.3186 -0.162
v -0.0562 -0.3011 -0.1531
v -0.0563 -0.2697 -0.1414
v -0.076 -0.3025 -0.1426
v -0.0573 -0.2824 -0.1487
v -0.0806 -0.2579 -0.131
v -0.0448 -0.229 -0.1313
v -0.0262 -0.2629 -0.1454
v -0.092 -0.2452 -0.1241
v -0.0969 -0.272 -0.1207
v -0.0816 -0.2688 -0.1321
v -0.089 -0.3304 -0.1523
v -0.0836 -0.2559 -0.1237
v -0.0449 -0.2815 -0.1479
v -0.0835 -0.2171 -0.1112
v -0.0935 -0.2562 -0.1231
v -0.103 -0.2255 -0.1173
v -0.073 -0.3925 -0.1715
v -0.0867 -0.3504 -0.1602
v -0.0861 -0.4061 -0.1725
v -0.0967 -0.3461 -0.1552
v -0.1115 -0.2392 -0.1056
v -0.1608 -0.291 -0.0935
v -0.1539 -0.2297 -0.0866
v -0.2001 -0.2368 -0.066
v -0.2017 -0.2417 -0.0568
v -0.2618 -0.3227 -0.0512
v -0.2621 -0.3132 -0.0325
v -0.2148 -0.2881 -0.0798
v -0.2044 -0.2743 -0.0745
v -0.2256 -0.3259 -0.0891
v -0.2305 -0.2916 -0.0592
v -0.2508 -0.2857 -0.0074
v -0.2661 -0.3792 -0.0862
v -0.2227 -0.2377 -0.0277
v -0.2212 -0.2139 -0.0238
v -0.1776 -0.0706 0.0295
v -0.1673 -0.0688 0.0107
v -0.2194 -0.2222 -0.0064
v -0.2335 -0.2155 0.0286
v -0.2171 -0.1769 0.0259
v -0.2447 -0.2605 0.0172
v -0.2561 -0.2741 0.0176
v -0.2242 -0.2278 0.0057
v -0.2323 -0.2743 -0.0498
v -0.2154 -0.2795 -0.0706
v -0.1964 -0.1939 -0.0542
v -0.1903 -0.2198 -0.0525
v -0.1861 -0.1957 -0.0564
v -0.1708 -0.1987 -0.0668
v -0.1464 -0.2903 -0.1192
v -0.1399 -0.2046 -0.0828
v -0.1324 -0.136 -0.0592
v -0.2328 -0.423 -0.1228
v -0.2267 -0.3375 -0.0935
v -0.1679 -0.3232 -0.1139
v -0.1572 -0.3197 -0.1237
v -0.1511 -0.3196 -0.1317
v -0.2188 -0.4154 -0.1237
v -0.1839 -0.1454 -0.0546
v -0.1675 -0.1791 -0.0392
v -0.1245 -0.1657 -0.0746
v -0.1601 -0.1289 -0.0403
v -0.154 -0.341 -0.1308
v -0.1515 -0.3774 -0.1327
v -0.2509 -0.2959 0.0097
v -0.272 -0.3433 -0.0174
v -0.2759 -0.3595 -0.0339
v -0.286 -0.368 -0.0276
v -0.1936 -0.1173 0.0229
v -0.1532 -0.0602 -0.0054
v -0.1492 -0.0164 0.0243
v -0.144 0.0033 0.022
v -0.1358 0.0048 0.0098
v -0.1576 -0.0363 0.016
v -0.1779 -0.0601 0.035
v -0.1105 0.0021 -0.0145
v -0.1152 -0.0129 -0.0195
v -0.156 -0.0222 0.0379
v -0.1882 -0.1668 -0.0378
v -0.1413 -0.3162 -0.1347
v -0.2222 -0.2438 -0.0132
v -0.045 -0.2021 -0.1217
v -0.0657 -0.1976 -0.1178
v -0.0811 -0.1998 -0.1081
v -0.1596 -0.0514 0.0054
v -0.1202 -0.123 -0.0584
v -0.173 -0.1304 -0.0289
v -0.1618 -0.0872 -0.0076
v -0.2361 -0.2564 -0.0023
v -0.1723 -0.4068 -0.1397
v -0.1682 -0.3839 -0.135
v -0.0757 -0.229 -0.1167
v -0.1592 -0.376 -0.1288
v -0.1585 -0.3481 -0.1214
v -0.1439 -0.1279 -0.0506
v -0.0765 -0.3285 -0.1517
v -0.1385 0.0088 0.0002
v -0.1271 -0.0121 -0.0115
v -0.1773 -0.108 -0.0042
v -0.1671 -0.0955 -0.01
v -0.1768 -0.3134 -0.105
v -0.2347 -0.3275 -0.0777
v -0.1408 -0.4227 -0.1877
v -0.1049 -0.4065 -0.173
v -0.2367 -0.3865 -0.108
v -0.1116 -0.0328 -0.0295
v -0.2101 -0.1499 0.0356
v -0.2866 -0.3719 -0.0635
v -0.2036 -0.4389 -0.1447
v -0.1785 -0.4225 -0.1419
v -0.1933 -0.4339 -0.1551
v -0.069 -0.4004 -0.175
v -0.0676 -0.1604 -0.1032
v -0.2337 -0.3984 -0.1153
v -0.1103 -0.2013 -0.0912
v -0.1691 -0.0964 -0.0223
v -0.2911 -0.4124 -0.0729
v -0.2732 -0.4207 -0.0867
v -0.2634 -0.3999 -0.082
v -0.2695 -0.387 -0.0752
v -0.291 -0.4301 -0.0758
v -0.0197 -0.432 -0.1997
v -0.175 -0.1097 -0.0177
v -0.0589 -0.4713 -0.205
v -0.1961 -0.2299 -0.0558
v -0.129 -0.0404 -0.0183
v -0.055 -0.3681 -0.1648
v -0.1549 -0.309 -0.1089
v -0.2137 -0.4365 -0.1391
v -0.1643 -0.2832 -0.1175
v -0.1528 -0.289 -0.1281
v -0.158 -0.3184 -0.129
v -0.1897 -0.3078 -0.1299
v -0.1884 -0.2958 -0.132
v -0.1535 -0.2299 -0.086
v -0.1415 -0.2348 -0.094
v -0.1398 -0.2046 -0.0827
v -0.1217 -0.1544 -0.0883
v -0.1252 -0.1624 -0.0776
v -0.1097 -0.131 -0.0316
v -0.117 -0.1479 -0.0261
v -0.1114 -0.0468 -0.0157
v -0.1079 -0.0464 -0.0342
v -0.1643 -0.181 -0.0355
v -0.1666 -0.2029 -0.0561
v -0.1886 -0.1853 -0.0421
v -0.1598 -0.1138 -0.0332
v -0.1433 -0.1354 -0.0237
v -0.0829 -0.194 -0.1127
v -0.0829 -0.2184 -0.1085
v -0.0742 -0.2304 -0.1128
v -0.0797 -0.3271 -0.1546
v -0.0775 -0.3014 -0.1437
v -0.0681 -0.3163 -0.1542
v -0.0916 -0.0888 -0.0461
v -0.0823 -0.0778 -0.0535
v -0.118 -0.0101 -0.0196
v -0.1276 -0.012 -0.0117
v -0.1287 -0.0356 -0.0233
v -0.1002 -0.226 -0.1131
v -0.1148 -0.2396 -0.1016
v -0.1114 -0.2013 -0.0921
v -0.107 -0.2449 -0.1344
v -0.0904 -0.1983 -0.111
v -0.1441 -0.2919 -0.1197
v -0.1489 -0.3189 -0.1252
v -0.1382 -0.3138 -0.1343
v -0.141 -0.3164 -0.1344
v -0.1286 -0.3295 -0.1474
v -0.1293 -0.3731 -0.1552
v -0.2131 -0.3362 -0.0708
v -0.2187 -0.341 -0.0847
v -0.0501 -0.2865 -0.129
v -0.0553 -0.2734 -0.1309
v -0.066 -0.3796 -0.1721
v -0.0713 -0.3941 -0.1726
v -0.0519 -0.3612 -0.1724
v -0.0558 -0.3738 -0.1752
v -0.1624 -0.3788 -0.1345
v -0.1632 -0.3729 -0.1314
v -0.088 -0.4016 -0.1885
v -0.0835 -0.4187 -0.186
v -0.0527 -0.3788 -0.1759
v -0.0439 -0.3913 -0.1801
v -0.0519 -0.4365 -0.2036
v -0.0562 -0.3011 -0.1533
v -0.0256 -0.3134 -0.1609
v -0.0449 -0.2815 -0.1482
v -0.1029 -0.3037 -0.1397
v -0.089 -0.3307 -0.1519
v -0.0967 -0.3461 -0.1552
v -0.1961 -0.2805 -0.0681
v -0.1961 -0.2897 -0.0635
v -0.0866 -0.3494 -0.1609
v -0.0851 -0.3377 -0.1749
v -0.2698 -0.3871 -0.0759
v -0.2764 -0.3921 -0.0863
v -0.2346 -0.2779 -0.0459
v -0.2305 -0.2917 -0.059
v -0.2222 -0.274 -0.0708
v -0.1719 -0.1426 -0.0421
v -0.173 -0.1304 -0.0289
v -0.1858 -0.1685 -0.0374
v -0.1826 -0.1046 -0.0334
v -0.167 -0.0921 -0.0257
v -0.094 -0.2669 -0.1233
v -0.092 -0.2562 -0.1195
v -0.1577 -0.089 -0.0068
v -0.157 -0.1002 -0.0068
v -0.1929 -0.2743 -0.013
v -0.196 -0.2839 -0.0056
v -0.215 -0.2337 -0.0632
v -0.2175 -0.223 -0.0607
v -0.0876 -0.2598 -0.1235
v -0.0887 -0.2562 -0.1219
v -0.1505 -0.3796 -0.1349
v -0.1504 -0.409 -0.1371
v -0.2508 -0.3067 0.0734
v -0.2378 -0.2798 0.0549
v -0.259 -0.301 0.084
v -0.2255 -0.2459 -0.013
v -0.2242 -0.2273 0.0056
v -0.2361 -0.2564 -0.002
v -0.2308 -0.2381 -0.0176
v -0.2265 -0.2164 -0.015
v -0.1984 -0.0581 0.0086
v -0.1602 -0.0359 0.0153
v -0.1596 -0.0515 0.0055
v -0.1781 -0.0607 0.0352
v -0.1796 -0.0707 0.03
v -0.1656 -0.0875 -0.0074
v -0.1743 -0.0497 -0.0064
v -0.089 -0.4072 -0.1693
v -0.0945 -0.4055 -0.1725
v 0.1063 -0.0337 0.1198
v 0.1329 -0.0127 0.0484
v 0.1111 -0.0064 0.088
v 0.1048 -0.0193 0.1161
v 0.118 -0.0585 0.1001
v 0.1212 -0.0078 0.0729
v 0.1229 -0.028 0.0487
v 0.0972 -0.06 0.1249
v 0.1222 -0.0901 0.0894
v 0.1308 -0.099 0.0668
v 0.136 -0.1255 0.0409
v 0.1211 -0.1578 0.0996
v 0.1387 -0.1608 0.0774
v 0.1397 -0.1411 0.0281
v 0.0756 -0.0824 0.1287
v 0.0721 -0.0634 0.1416
v 0.0612 -0.0799 0.137
v 0.0984 -0.0516 0.1236
v 0.1299 -0.0824 0.0534
v 0.1343 -0.0999 0.0379
v 0.0871 -0.0596 0.1327
v 0.0879 -0.1555 0.1105
v 0.1457 -0.1807 0.0478
v 0.1514 -0.1708 0.0142
v 0.1562 -0.1562 0.0303
v 0.1171 0.0028 0.0875
v 0.1118 0.0002 0.0999
v 0.124 0.0079 0.0848
v 0.1022 -0.1562 0.1083
v 0.1221 -0.0916 0.0902
v 0.1308 -0.0989 0.0674
v 0.1331 -0.0825 0.0601
v 0.1023 -0.043 0.1163
v 0.1033 -0.0609 0.1205
v 0.1159 -0.0601 0.0929
v 0.1034 -0.0627 0.1281
v 0.108 0.0018 0.0973
v 0.1058 0.0019 0.1024
v 0.1376 -0.1603 0.0772
v 0.1379 -0.1672 0.0689
v -0.0833 0.4932 0.0494
v -0.0887 0.5073 0.0597
v -0.085 0.5079 0.0427
v -0.0893 0.5339 0.0553
v -0.081 0.5317 0.0489
v -0.0758 0.5151 0.0427
v -0.0849 0.5428 0.0624
v -0.0844 0.5357 0.0292
v -0.0825 0.5293 0.0458
v -0.0759 0.534 0.0525
v 0.1092 0.0007 0.0932
v 0.1104 0.0018 0.0852
v 0.111 0.0011 0.0875
v 0.1048 0.0092 0.084
v 0.1273 -0.0054 0.0332
v 0.1206 -0.0027 0.0226
v 0.1269 -0.0119 0.0498
v 0.1246 -0.0374 0.0464
v 0.1266 -0.0743 0.0365
v 0.1194 -0.0459 0.0086
v 0.1382 -0.1324 0.0274
v 0.1446 -0.1225 0.0419
v 0.1376 -0.0983 0.0405
v 0.1299 -0.0732 0.05
v 0.1238 -0.0898 0.0223
v 0.114 -0.1162 -0.0105
v 0.1364 -0.1357 0.0015
v 0.1287 -0.1343 -0.007
v 0.1197 -0.1696 -0.023
v 0.149 -0.1612 0.0312
v 0.1358 -0.1695 -0.0123
v 0.1337 -0.1447 0.0312
v 0.1281 -0.0276 0.0206
v 0.1082 -0.0368 0.003
v 0.1205 -0.1455 -0.0231
v 0.1313 -0.1244 0.0154
v 0.1085 -0.1581 -0.0381
v 0.1418 -0.1386 0.0257
v 0.1154 -0.0203 0.0126
v 0.1154 -0.0212 0.0135
v 0.109 -0.0009 0.025
v 0.1096 0.0026 0.0123
v 0.1085 0.0052 0.0101
v 0.1313 -0.0728 0.0502
v 0.1309 -0.0533 0.0496
v 0.1154 -0.0206 0.0129
v 0.1199 -0.03 0.0256
v 0.1082 -0.0378 0.0042
v 0.1283 -0.0741 0.0476
v 0.1283 -0.0769 0.0319
v 0.1336 -0.1401 0.0277
v 0.1364 -0.1357 0.0015
v 0.1311 -0.1246 0.0156
v 0.1044 0.0044 0.012
v 0.1154 -0.0211 0.0134
v 0.1098 -0.0376 0.0027
v 0.0389 -0.1249 -0.021
v 0.1128 -0.1221 -0.0078
v 0.1266 -0.1385 -0.0025
v 0.1137 -0.177 -0.0422
v 0.0987 -0.2032 -0.0523
v 0.1247 -0.2065 -0.0421
v 0.0723 -0.1602 -0.0468
v 0.1083 -0.1585 -0.0304
v 0.04 -0.0972 -0.0179
v 0.0449 -0.0798 -0.0193
v 0.0603 -0.1008 -0.0189
v 0.0457 -0.0507 -0.0124
v 0.0622 -0.0678 -0.0233
v 0.0618 -0.149 -0.035
v 0.0619 -0.0862 -0.009
v 0.0706 -0.0384 -0.0158
v 0.1043 -0.067 -0.0116
v 0.0708 0.0011 -0.0171
v 0.0348 -0.1392 -0.0269
v 0.1245 -0.0441 0.0079
v 0.1141 -0.0695 0.0014
v 0.0752 -0.0978 -0.0262
v 0.0722 -0.1705 -0.0475
v 0.1229 -0.1666 -0.0307
v 0.0605 -0.1894 -0.0586
v 0.0728 0.0259 -0.0081
v 0.0269 -0.0875 -0.0144
v 0.1159 -0.1031 -0.0069
v 0.091 -0.1724 -0.0437
v 0.0914 0.0182 -0.0042
v 0.0811 -0.1831 -0.0444
v 0.0715 -0.0593 -0.021
v 0.0837 0.0215 -0.0082
v 0.0885 0.0191 -0.0037
v 0.1141 -0.0694 0.0012
v 0.1055 -0.0674 -0.0121
v 0.1101 -0.0966 -0.0032
v 0.0652 -0.0727 -0.0099
v 0.0541 -0.0805 -0.0069
v 0.0594 -0.0898 -0.0435
v 0.0698 -0.0952 -0.0368
v 0.0521 -0.1464 -0.0287
v 0.0619 -0.1499 -0.0338
v 0.0891 -0.1676 -0.0404
v 0.0773 -0.172 -0.0333
v 0.0727 -0.1603 -0.0453
v -0.1128 -0.0517 0.1442
v -0.112 -0.0516 0.1445
v -0.1096 -0.0551 0.1459
v -0.0991 -0.0681 0.1493
v -0.1148 -0.0629 0.1383
v -0.1085 -0.0566 0.1527
v -0.1043 -0.0539 0.1506
v -0.1583 0.0119 0.1475
v -0.1582 0.0169 0.1471
v -0.1584 0.0097 0.1471
v -0.1582 0.0169 0.1471
v -0.1577 0.0236 0.1473
v -0.158 0.0164 0.1479
v -0.1019 0.1048 0.1331
v -0.1038 0.0731 0.1359
v -0.1047 0.0754 0.1319
v -0.1033 0.1026 0.1312
v -0.0995 0.0999 0.1329
v -0.1017 0.0736 0.1366
v -0.0994 0.0785 0.1333
v -0.1033 0.0721 0.1354
v 0.0274 -0.0037 0.1631
v 0.0245 0.0095 0.1605
v 0.0293 -0.0039 0.1671
v 0.0279 0.0004 0.1671
v 0.0289 0.0081 0.1667
v 0.0303 -0.0039 0.1653
v 0.0289 0.0042 0.1642
v 0.0468 0.0171 0.1467
v 0.0471 0.0032 0.1464
v 0.0471 0.0035 0.1465
v 0.0473 0.0126 0.148
v 0.0469 0.0127 0.1482
v 0.0471 0.0036 0.1465
v 0.0472 0.0116 0.1487
v 0.0467 0.0171 0.1469
vn -0.042 0.5559 0.8302
vn -0.9437 0.2919 0.1555
vn -0.9991 -0.0257 0.0332
vn -0.9995 0.032 0.0024
vn -0.9981 0.0466 -0.0414
vn -0.9962 0.0868 -0.005
vn 0.0265 0.5535 0.8324
vn -0.8978 -0.1593 -0.4107
vn -0.9278 0.3725 -0.0224
vn -0.9357 -0.3434 0.081
vn -0.9132 0.3309 0.2379
vn -0.9934 0.0005 -0.1148
vn -0.9964 0.056 -0.0629
vn -0.9405 0.1287 -0.3144
vn -0.963 0.1867 0.1944
vn -0.8456 -0.5339 -0.0031
vn -0.3491 0.8158 0.461
vn -0.9911 0.1078 -0.0775
vn -0.8816 0.0979 0.4617
vn -0.405 0.1251 -0.9057
vn -0.4148 -0.2382 -0.8782
vn -0.6843 0.1969 0.7021
vn -0.8758 0.1904 0.4435
vn -0.8302 0.4687 -0.3017
vn -0.6411 0.7605 -0.1029
vn 0.6853 -0.6972 0.2105
vn 0.8449 -0.5002 0.1897
vn 0.797 -0.604 0.0033
vn -0.9966 0.0387 -0.073
vn -0.9201 0.3514 -0.173
vn -0.9762 0.208 -0.0609
vn -0.8572 -0.4739 0.2016
vn -0.4648 0.0892 -0.8809
vn -0.9198 0.0829 -0.3836
vn 0.7306 -0.6828 0.0038
vn 0.8784 -0.4651 0.1102
vn 0.9335 -0.35 0.0777
vn 0.8316 -0.503 -0.2352
vn 0.9508 -0.2593 -0.1694
vn 0.8972 -0.3905 -0.2062
vn 0.9309 -0.3601 0.0613
vn 0.9562 -0.2909 0.0328
vn 0.9352 -0.3493 0.0573
vn -0.9135 0.4002 0.0728
vn -0.9305 0.3663 -0.0036
vn -0.8991 0.4365 -0.0335
vn -0.799 -0.4534 0.395
vn -0.7912 -0.4932 0.3616
vn -0.7992 -0.4531 0.395
vn -0.6824 0.1859 -0.707
vn -0.7052 0.5045 0.4981
vn -0.7575 -0.6136 -0.2229
vn -0.5454 -0.0342 0.8375
vn 0.47 0.2576 -0.8442
vn -0.4151 -0.412 0.8112
vn -0.6936 0.2744 0.666
vn -0.697 0.3227 0.6403
vn -0.6906 0.2446 0.6807
vn -0.9793 0.2014 -0.0194
vn -0.9442 0.135 0.3005
vn -0.9664 0.257 -0.0013
vn -0.9499 0.1412 0.2787
vn -0.9647 0.2534 -0.0718
vn 0.9379 -0.3452 -0.0355
vn 0.9465 -0.1587 -0.2809
vn -0.7509 0.6344 0.1834
vn 0.9588 -0.2826 0.0298
vn 0.815 -0.5771 -0.0526
vn -0.8401 0.5011 -0.2077
vn -0.8897 0.4503 0.075
vn -0.831 0.5237 0.1877
vn 0.9987 0.0496 0.0083
vn -0.0919 -0.9939 0.0605
vn -0.0301 -0.2044 -0.9784
vn -0.8125 -0.3746 0.4467
vn 0.0998 -0.1818 -0.9783
vn -0.3872 0.2168 0.8962
vn -0.3035 0.1938 0.9329
vn -0.0692 0.1246 0.9898
vn -0.6351 -0.0004 -0.7725
vn -0.8091 0.0243 -0.5872
vn -0.6213 -0.0194 -0.7834
vn 0.0342 -0.1841 -0.9823
vn -0.0399 -0.1948 -0.98
vn -0.2197 -0.112 0.9691
vn -0.4297 0.5482 0.7175
vn 0.9611 -0.2332 -0.1484
vn 0.9366 -0.3463 0.0528
vn -0.8767 0.4402 -0.1939
vn -0.8313 0.4014 -0.3845
vn -0.8829 0.4407 -0.1621
vn -0.8402 -0.4302 0.3302
vn 0.2689 -0.3409 -0.9008
vn 0.2017 0.8757 -0.4387
vn -0.6855 0.2061 0.6983
vn 0.6926 -0.6753 0.2535
vn 0.762 -0.5942 -0.2575
vn -0.2744 -0.1652 -0.9473
vn 0.3876 -0.2495 0.8874
vn 0.9252 -0.3682 0.0918
vn 0.761 -0.5454 0.3514
vn 0.7222 -0.5721 0.3887
vn 0.7278 -0.5684 0.3837
vn -0.2655 -0.9534 0.1431
vn -0.3582 -0.9096 0.2106
vn -0.3541 -0.9116 0.2089
vn -0.3559 -0.9094 0.2152
vn -0.3 0.1036 -0.9483
vn -0.5778 -0.0442 -0.815
vn -0.6653 -0.0022 -0.7466
vn -0.5777 -0.0631 -0.8138
vn 0.5696 -0.1263 0.8121
vn 0.4759 -0.3312 0.8147
vn -0.6951 0.4112 0.5897
vn -0.6259 0.4947 0.6029
vn -0.6737 0.4381 0.5951
vn -0.1549 -0.3013 -0.9409
vn 0.8377 -0.5452 0.0328
vn 0.9395 -0.342 -0.0172
vn 0.9387 -0.3442 -0.0194
vn 0.9386 -0.3446 -0.0171
vn -0.7024 -0.6973 0.1428
vn -0.0317 0.4448 -0.8951
vn 0.5393 -0.1977 -0.8186
vn -0.6527 -0.0934 -0.7519
vn -0.4154 -0.1341 -0.8997
vn -0.6026 -0.1035 -0.7913
vn -0.9288 0.1536 0.3373
vn -0.9328 0.2888 -0.2155
vn -0.7388 0.3496 0.5762
vn 0.8072 -0.4391 -0.3946
vn -0.8155 -0.1974 -0.544
vn 0.1682 -0.2679 0.9486
vn 0.2008 -0.4536 0.8683
vn 0.6378 -0.3263 -0.6977
vn 0.604 -0.3156 -0.7319
vn 0.1713 -0.1601 -0.9721
vn -0.0703 0.1373 0.988
vn -0.8045 0.3275 -0.4954
vn -0.3909 -0.3292 -0.8595
vn 0.8946 -0.3558 -0.2704
vn 0.8601 -0.4736 0.1897
vn 0.9406 -0.3389 -0.0199
vn 0.9502 -0.3089 -0.0419
vn -0.9254 0.3241 0.1967
vn -0.7495 -0.6109 0.2549
vn 0.827 0.4845 -0.2854
vn 0.1383 -0.536 0.8328
vn -0.0545 0.0627 -0.9965
vn -0.0537 0.0634 -0.9965
vn -0.0528 0.0628 -0.9966
vn -0.4039 -0.1368 0.9045
vn -0.9052 0.2207 -0.3632
vn -0.99 0.1122 0.0853
vn 0.2832 -0.3382 0.8975
vn -0.714 -0.2329 -0.6603
vn 0.7359 0.4199 0.5311
vn 0.7081 -0.1525 0.6894
vn 0.6547 -0.2709 0.7056
vn -0.7129 0.5791 0.3955
vn 0.8631 -0.4534 0.2224
vn -0.7587 0.4941 -0.4245
vn 0.9513 -0.2753 -0.139
vn 0.9537 -0.2643 -0.1434
vn 0.9503 -0.2795 -0.137
vn 0.7684 -0.5389 0.345
vn 0.987 -0.1603 0.0088
vn -0.8733 0.3512 -0.3376
vn -0.6251 -0.7082 -0.3281
vn -0.7104 -0.5689 -0.4143
vn 0.0117 -0.578 -0.816
vn -0.0434 -0.4204 -0.9063
vn 0.0755 -0.9876 -0.1373
vn 0.6975 -0.6891 -0.1967
vn 0.7068 -0.6756 -0.2096
vn 0.7064 -0.6762 -0.2091
vn -0.1848 0.8301 0.5261
vn -0.1843 0.83 0.5264
vn 0.0377 0.0909 0.9951
vn -0.9773 0.2087 -0.0377
vn 0.8594 -0.4734 0.1935
vn -0.9449 0.2771 0.1741
vn -0.5514 0.2357 -0.8002
vn -0.4409 0.2832 -0.8517
vn -0.1391 -0.2409 -0.9605
vn -0.3388 0.0823 -0.9373
vn 0.9042 -0.4238 -0.0527
vn 0.9777 0.0742 0.1962
vn 0.2217 0.9006 0.3739
vn 0.412 0.9085 0.0702
vn 0.3527 0.8431 0.4059
vn 0.7956 -0.1431 0.5886
vn 0.7078 -0.6747 -0.2093
vn 0.7097 -0.6695 -0.2193
vn 0.8291 -0.0324 -0.5582
vn -0.2374 0.2544 0.9375
vn -0.8186 -0.0514 -0.5721
vn -0.1978 0.082 0.9768
vn -0.3253 0.1653 0.9311
vn -0.2328 0.099 0.9675
vn -0.3253 0.1906 0.9262
vn -0.4977 -0.0687 -0.8646
vn -0.4439 0.2945 0.8463
vn 0.7125 -0.4919 0.5004
vn -0.9303 0.3397 -0.1381
vn -0.7206 0.5435 -0.4305
vn 0.8147 -0.5664 -0.1241
vn 0.7832 -0.6037 -0.1489
vn 0.8794 -0.4711 -0.0682
vn 0.9556 -0.255 -0.1473
vn -0.8049 0.4448 0.3929
vn 0.8277 0.4828 -0.286
vn 0.3219 0.8709 0.3713
vn 0.0657 -0.0835 0.9943
vn 0.9879 -0.0949 0.123
vn 0.7364 0.1534 -0.659
vn -0.0105 -0.2914 -0.9566
vn -0.026 -0.3034 -0.9525
vn -0.0393 -0.3105 -0.9498
vn 0.0854 -0.295 -0.9517
vn -0.3081 0.2071 0.9285
vn -0.5366 0.1926 -0.8216
vn -0.2275 0.1358 0.9642
vn -0.2327 0.131 0.9637
vn -0.2214 0.1339 0.9659
vn 0.5761 0.5041 0.6434
vn 0.8693 -0.4671 -0.1617
vn 0.9598 0.1809 -0.2144
vn 0.7862 0.6025 0.1374
vn -0.0923 0.8202 -0.5646
vn 0.4854 0.8738 0.03
vn 0.6391 -0.7329 -0.2333
vn 0.538 -0.8286 -0.1547
vn 0.6786 -0.683 -0.2704
vn 0.7363 -0.5955 -0.3212
vn 0.8815 -0.425 0.2057
vn -0.8203 0.5343 0.2041
vn 0.6892 -0.3599 -0.6289
vn -0.8232 0.525 0.2162
vn -0.4604 0.3313 -0.8236
vn -0.6301 0.684 0.3677
vn 0.8519 -0.4607 0.2491
vn 0.8773 -0.4655 0.1169
vn 0.9458 -0.3214 0.0472
vn 0.954 -0.2912 0.071
vn 0.8958 -0.4307 -0.1098
vn 0.474 -0.771 0.4252
vn 0.563 -0.7632 -0.3171
vn 0.8668 -0.2202 -0.4475
vn 0.9564 0.0715 0.2831
vn 0.8901 -0.2004 -0.4094
vn -0.9457 -0.2933 0.14
vn -0.7931 -0.3272 -0.5138
vn -0.9438 -0.3209 -0.0791
vn -0.6015 -0.7975 -0.0469
vn 0.7661 0.5338 0.3581
vn 0.2524 0.414 0.8746
vn 0.6423 -0.0528 0.7646
vn 0.0956 -0.0945 -0.9909
vn 0.5604 -0.3859 -0.7329
vn 0.4674 -0.336 -0.8177
vn 0.6534 -0.024 0.7567
vn 0.2818 -0.0768 0.9564
vn 0.7967 -0.604 0.023
vn 0.7939 -0.6077 0.0197
vn 0.7947 -0.6069 0.0141
vn -0.8653 0.4655 0.1859
vn 0.555 -0.4178 0.7193
vn 0.7896 -0.4908 0.3683
vn 0.7563 -0.473 0.452
vn 0.7351 -0.4823 0.4765
vn 0.6853 -0.5008 0.5287
vn 0.7804 -0.5681 -0.2612
vn -0.7274 0.5309 0.4349
vn 0.7975 0.0267 0.6027
vn 0.882 -0.2938 -0.3685
vn -0.4586 -0.2603 -0.8497
vn 0.7473 -0.4766 -0.463
vn 0.7462 -0.4448 -0.4953
vn 0.7425 -0.4027 -0.5353
vn 0.7363 -0.3555 -0.5758
vn 0.6824 -0.4442 -0.5805
vn 0.681 -0.4643 -0.5662
vn -0.422 0.5644 -0.7094
vn -0.5074 0.6479 -0.5681
vn -0.401 0.5461 -0.7355
vn 0.501 -0.1812 -0.8463
vn 0.6209 0.5998 0.5047
vn -0.9479 0.123 0.2937
vn -0.0939 0.7753 -0.6246
vn -0.4332 0.2875 -0.8542
vn -0.4758 0.2874 -0.8313
vn -0.4362 0.2862 -0.8531
vn 0.4733 -0.4142 0.7775
vn -0.8562 0.506 0.1044
vn -0.7451 0.639 0.1911
vn -0.7837 0.5993 0.1634
vn 0.6484 -0.7262 -0.2284
vn 0.6855 -0.647 -0.3338
vn 0.7724 -0.6349 0.015
vn 0.8482 -0.4903 -0.2006
vn 0.4559 -0.1226 0.8815
vn 0.0955 -0.0773 0.9924
vn 0.7352 -0.353 -0.5786
vn 0.7068 0.6771 0.205
vn -0.2727 -0.7838 -0.558
vn 0.0027 -0.0251 0.9997
vn -0.1761 0.1416 0.9741
vn -0.2979 0.2055 0.9322
vn -0.3354 0.4777 -0.812
vn 0.4286 -0.0221 -0.9032
vn 0.1037 0.5189 -0.8485
vn 0.6079 0.4877 -0.6266
vn -0.9862 -0.1523 0.0651
vn -0.8991 -0.2185 0.3792
vn -0.7374 0.6231 0.2607
vn -0.818 0.4341 0.3774
vn -0.7355 0.6238 0.2645
vn 0.7417 -0.3254 0.5866
vn 0.7992 -0.6004 0.0291
vn 0.5493 -0.4078 0.7294
vn 0.7685 -0.4638 0.4408
vn 0.198 -0.3094 -0.9301
vn 0.1758 0.4216 0.8896
vn -0.0035 -0.2867 -0.958
vn 0.0063 -0.2448 -0.9696
vn 0.6748 0.5662 0.4734
vn -0.5577 0.2927 0.7767
vn -0.3367 0.7231 -0.6031
vn -0.2813 0.6653 -0.6915
vn -0.2869 0.5861 -0.7577
vn -0.3288 0.9317 -0.1541
vn -0.5378 0.2748 0.797
vn -0.5335 0.6838 0.4978
vn -0.538 0.6589 0.5257
vn 0.6301 -0.7375 -0.2432
vn 0.0961 -0.4663 0.8794
vn 0.8928 -0.3972 -0.2125
vn 0.8183 -0.4342 0.3765
vn 0.8994 -0.3858 -0.2055
vn 0.8542 -0.4345 0.2855
vn -0.4014 -0.8183 -0.4114
vn 0.1779 -0.2099 0.9614
vn 0.5468 0.8358 0.0502
vn 0.9119 -0.2213 0.3456
vn 0.5259 -0.0601 0.8484
vn 0.709 0.2384 -0.6636
vn -0.6412 0.1268 -0.7568
vn -0.8063 0.5911 -0.0207
vn -0.9305 0.2884 -0.2259
vn -0.9397 0.0968 -0.3279
vn -0.6427 0.7551 0.1292
vn -0.9897 -0.0395 -0.1379
vn -0.9198 0.3701 0.1304
vn -0.9798 0.1222 -0.1584
vn 0.5427 -0.146 -0.8272
vn 0.6085 -0.6054 -0.5131
vn 0.5972 -0.6774 -0.4295
vn -0.5421 0.0774 -0.8367
vn -0.5314 0.6979 0.4802
vn 0.5851 -0.7254 -0.3626
vn 0.4275 -0.7117 -0.5575
vn 0.5438 -0.3385 0.7679
vn 0.6186 -0.751 -0.231
vn 0.8959 -0.1346 0.4233
vn -0.7475 0.3206 -0.5817
vn -0.7252 0.5454 -0.4204
vn -0.8623 0.2467 -0.4423
vn 0.6455 0.6104 0.459
vn 0.5784 0.6721 0.4624
vn 0.7169 0.5323 0.4503
vn 0.3461 0.4434 0.8268
vn 0.9583 -0.2667 -0.1029
vn 0.9769 -0.0274 -0.212
vn 0.7556 -0.3498 -0.5538
vn 0.2171 -0.6971 -0.6834
vn 0.6427 0.1735 0.7462
vn 0.072 -0.3793 0.9225
vn 0.072 -0.3781 0.923
vn 0.6073 0.1091 -0.7869
vn -0.971 -0.1329 -0.1988
vn -0.9526 -0.1468 0.2666
vn -0.6701 0.6925 -0.2673
vn -0.5728 0.5184 0.6349
vn -0.3299 -0.2847 0.9001
vn 0.8343 0.4252 0.3509
vn -0.8772 0.4729 0.0832
vn 0.7326 -0.3792 0.5653
vn 0.7295 -0.3005 -0.6145
vn -0.9109 0.2828 -0.3004
vn 0.8017 -0.3263 0.5009
vn 0.8939 -0.1288 0.4295
vn 0.8461 -0.2999 0.4407
vn 0.8857 -0.2382 0.3985
vn 0.8894 0.0142 0.4568
vn 0.2625 -0.0575 0.9632
vn 0.9088 0.0571 0.4132
vn 0.8513 -0.1469 -0.5038
vn 0.8508 -0.1461 -0.5047
vn 0.8517 -0.1459 -0.5033
vn 0.78 0.4483 0.4366
vn -0.8471 -0.3807 -0.3709
vn -0.8427 -0.3812 -0.3802
vn -0.8419 -0.3864 -0.3766
vn -0.2518 0.4698 -0.8461
vn -0.3653 0.4359 0.8225
vn -0.913 -0.073 -0.4014
vn -0.775 0.2518 -0.5796
vn -0.9566 0.2438 0.1598
vn -0.7577 0.5139 -0.4023
vn 0.1639 0.0243 0.9862
vn 0.6828 -0.6542 -0.3254
vn 0.239 -0.3298 0.9133
vn 0.6439 -0.5859 -0.4921
vn 0.3154 -0.9341 -0.1673
vn 0.2814 -0.9454 -0.1642
vn 0.7534 -0.3543 0.5539
vn 0.7543 -0.3533 0.5534
vn 0.8172 -0.392 0.4225
vn -0.5743 0.0256 0.8183
vn -0.9147 0.4015 -0.0467
vn 0.6645 -0.5074 0.5486
vn 0.9035 -0.4283 -0.0129
vn 0.9378 -0.2102 0.2762
vn 0.8629 -0.4106 -0.2945
vn 0.8577 -0.3268 0.3969
vn -0.9095 0.2657 0.3196
vn 0.5201 -0.2986 0.8002
vn 0.7814 -0.5391 0.3143
vn 0.7314 -0.4066 -0.5475
vn 0.0693 -0.1964 0.9781
vn -0.2639 0.3171 -0.9109
vn -0.3896 0.1304 -0.9117
vn -0.396 0.4172 0.818
vn -0.6397 0.751 0.1633
vn -0.8133 -0.0762 -0.5769
vn -0.7613 -0.0443 -0.6469
vn -0.7591 -0.0469 -0.6493
vn -0.6144 0.5848 0.5296
vn 0.5806 -0.7494 0.3183
vn -0.5921 -0.7963 -0.1239
vn -0.874 0.3114 -0.373
vn -0.9552 -0.1041 -0.2769
vn -0.9371 -0.3073 0.1654
vn -0.8545 -0.4526 0.2549
vn -0.8906 -0.058 -0.4512
vn -0.2932 0.8884 0.3531
vn -0.4219 0.2885 -0.8595
vn 0.6056 -0.1046 -0.7889
vn 0.8388 -0.3345 -0.4295
vn 0.6298 -0.4578 0.6275
vn 0.9631 0.0328 0.2673
vn 0.4194 -0.907 0.0395
vn 0.0925 0.0039 0.9957
vn 0.6561 -0.4264 -0.6227
vn 0.9387 -0.1609 -0.3048
vn 0.7253 -0.3734 -0.5784
vn 0.7819 -0.5383 0.3146
vn 0.6476 -0.527 -0.5503
vn 0.7071 -0.0102 -0.707
vn 0.6402 0.3142 -0.701
vn 0.0652 -0.398 0.915
vn 0.0154 -0.4122 -0.9109
vn -0.393 -0.1171 -0.912
vn 0.142 -0.3978 -0.9064
vn -0.23 0.2793 -0.9323
vn -0.2578 -0.0008 0.9662
vn -0.248 -0.3368 0.9083
vn -0.7891 0.1449 0.5969
vn -0.7019 -0.0153 -0.7121
vn -0.9499 0.1458 0.2764
vn -0.884 0.1939 -0.4253
vn -0.9664 0.2211 0.1308
vn -0.9561 0.2182 -0.1956
vn -0.9815 0.1909 -0.0117
vn -0.9575 0.2641 -0.116
vn -0.2447 0.7224 -0.6467
vn 0.576 -0.6488 -0.4973
vn 0.8418 0.1219 0.5259
vn -0.9496 0.2922 0.1132
vn -0.9432 0.3079 0.1248
vn -0.8254 0.4912 0.2782
vn -0.4277 0.1556 -0.8904
vn 0.2509 -0.358 0.8994
vn 0.3829 -0.3325 0.8619
vn 0.8205 -0.4085 0.3999
vn -0.8224 0.4146 0.3896
vn -0.2748 -0.1563 0.9487
vn 0.4824 -0.4496 0.7518
vn 0.9358 0.1226 -0.3305
vn -0.1005 0.9913 -0.0854
vn -0.3203 0.5418 -0.7771
vn -0.6379 0.7669 0.0703
vn -0.9067 -0.2192 0.3603
vn -0.8612 0.0634 0.5043
vn -0.8651 0.4974 -0.0651
vn -0.5268 0.7835 0.3294
vn -0.8152 -0.2638 -0.5157
vn -0.5553 -0.016 -0.8315
vn -0.4309 0.2766 -0.859
vn 0.2729 -0.5247 0.8064
vn 0.4939 -0.6496 -0.578
vn -0.3754 0.2633 -0.8887
vn -0.3582 0.4582 -0.8135
vn -0.5278 0.3754 -0.7619
vn 0.8208 -0.4151 -0.3925
vn 0.9856 -0.1376 0.0985
vn 0.7483 -0.2264 0.6235
vn 0.6263 -0.2543 0.7369
vn 0.5573 -0.313 -0.7691
vn 0.7312 -0.3102 0.6075
vn 0.7402 -0.1982 0.6425
vn 0.721 -0.3892 0.5733
vn 0.7765 -0.6299 0.016
vn 0.7388 -0.1514 0.6567
vn 0.781 -0.0197 0.6243
vn 0.8274 -0.2954 0.4777
vn 0.8197 -0.2066 0.5343
vn 0.9092 -0.3298 -0.2542
vn 0.8603 -0.3244 0.3933
vn 0.8576 -0.318 0.4043
vn -0.7563 0.1665 0.6327
vn -0.8184 0.3843 -0.4273
vn 0.8944 -0.3372 0.2939
vn 0.893 -0.3374 0.2979
vn 0.8909 -0.3403 0.3008
vn 0.9473 -0.244 -0.2078
vn 0.9487 -0.255 -0.187
vn 0.3248 -0.2385 -0.9152
vn 0.4752 0.879 0.0404
vn 0.4769 0.1784 0.8606
vn 0.1168 -0.395 0.9112
vn -0.7753 0.2733 -0.5694
vn -0.8097 0.1397 0.57
vn -0.3506 0.1143 0.9295
vn -0.7573 0.1203 0.6419
vn -0.8076 0.2588 -0.5299
vn -0.6114 0.6396 0.466
vn -0.2803 0.889 0.3621
vn -0.541 0.3217 -0.7771
vn 0.3743 -0.2843 0.8826
vn 0.355 -0.2565 0.899
vn 0.3696 -0.2809 0.8857
vn -0.6439 0.3544 -0.6781
vn 0.9172 -0.3584 0.1739
vn -0.9614 0.275 -0.0094
vn -0.9732 0.2298 -0.0105
vn -0.9999 0.0003 -0.0154
vn 0.8782 -0.1711 -0.4466
vn -0.8864 0.3375 -0.3168
vn 0.864 -0.4628 0.1984
vn 0.9732 -0.2083 0.0969
vn 0.9528 -0.1012 0.2862
vn 0.81 -0.5381 0.2331
vn -0.5069 0.0593 -0.86
vn -0.1162 -0.9922 0.0441
vn -0.4554 -0.613 -0.6456
vn -0.6276 -0.5122 -0.5863
vn -0.2798 -0.8297 -0.483
vn -0.43 -0.7234 -0.5402
vn -0.6674 -0.158 0.7277
vn -0.8192 0.3054 0.4854
vn -0.8387 0.5409 0.0641
vn -0.1125 0.6871 0.7178
vn -0.3682 0.7356 -0.5687
vn -0.4837 0.1188 -0.8671
vn 0.3997 -0.0499 0.9153
vn -0.8335 0.4703 -0.2902
vn 0.2899 -0.5764 0.764
vn 0.3781 -0.6877 0.6198
vn 0.4809 -0.801 0.3566
vn 0.3822 -0.3001 0.874
vn -0.5884 0.64 0.4942
vn -0.8009 0.5176 0.301
vn 0.9917 0.1208 0.0442
vn -0.5862 0.711 0.3883
vn -0.4861 0.6532 0.5806
vn -0.663 0.6414 0.3859
vn 0.0533 0.8398 0.5403
vn 0.0599 0.8405 0.5384
vn 0.056 0.843 0.5349
vn -0.4032 0.3054 -0.8626
vn -0.3775 0.3084 -0.8732
vn -0.3937 0.3066 -0.8666
vn -0.4338 -0.0439 0.8999
vn -0.6935 0.3206 -0.6452
vn 0.8593 -0.1604 -0.4856
vn 0.828 -0.1922 -0.5267
vn 0.8414 -0.2753 -0.465
vn 0.8253 -0.1763 -0.5365
vn 0.946 -0.3016 0.1186
vn 0.951 -0.29 0.1071
vn 0.9052 -0.3778 0.1949
vn -0.9075 0.3117 0.2815
vn -0.9468 0.3192 -0.0406
vn -0.9368 0.3196 -0.1427
vn -0.7319 -0.3853 -0.562
vn -0.249 0.1495 0.9569
vn -0.4136 0.1835 0.8918
vn -0.3324 -0.2129 0.9188
vn -0.5801 0.3823 -0.7193
vn -0.7686 0.3305 -0.5477
vn -0.5023 0.3947 -0.7694
vn -0.5942 -0.7698 0.2329
vn -0.8164 0.4453 -0.3677
vn -0.8758 0.4757 -0.0819
vn -0.926 0.359 0.1171
vn -0.5344 0.2219 -0.8156
vn 0.5976 -0.7614 -0.2512
vn 0.6719 -0.6979 -0.2479
vn 0.1767 -0.9551 -0.2379
vn 0.4702 -0.3452 0.8123
vn 0.4577 -0.3332 0.8243
vn -0.8091 -0.0093 -0.5875
vn 0.8652 -0.5014 0.0053
vn 0.7206 -0.51 -0.4696
vn 0.0708 -0.5541 -0.8294
vn 0.7343 -0.4133 -0.5384
vn -0.8906 0.4547 -0.0048
vn 0.9847 -0.1721 -0.0271
vn 0.5758 -0.0731 -0.8143
vn 0.6952 -0.1048 -0.7111
vn 0.8452 -0.1906 -0.4993
vn 0.6903 -0.6634 -0.2888
vn -0.8729 -0.4202 -0.2481
vn -0.9748 0.2074 -0.0819
vn 0.4918 -0.3956 -0.7757
vn 0.2495 0.2453 0.9368
vn 0.0248 0.3244 -0.9456
vn 0.0222 0.3284 -0.9443
vn 0.0248 0.3271 -0.9447
vn 0.5152 -0.0005 0.8571
vn -0.7061 0.0701 0.7047
vn -0.8705 -0.081 -0.4854
vn -0.9507 0.1473 -0.2729
vn -0.1582 0.8038 -0.5735
vn -0.9628 0.2218 -0.1542
vn 0.5311 -0.8384 0.1223
vn -0.8854 0.2169 -0.4112
vn 0.7467 0.017 0.6649
vn -0.9512 0.0226 -0.3077
vn 0.3712 -0.3586 0.8565
vn 0.8998 -0.2166 -0.3788
vn -0.0778 -0.6779 0.731
vn 0.8115 -0.4633 0.3562
vn -0.9255 0.3003 -0.2308
vn -0.9257 0.2965 -0.2347
vn -0.9277 0.2938 -0.2304
vn 0.9849 -0.1731 0.0082
vn 0.8428 -0.3002 -0.4467
vn -0.8866 0.3398 -0.3139
vn 0.6218 -0.1896 0.7599
vn -0.7282 0.1953 -0.657
vn 0.9373 -0.2433 -0.2494
vn -0.6708 0.0573 0.7394
vn -0.6704 0.0617 0.7394
vn -0.9875 0.0847 -0.1331
vn -0.9836 0.1653 0.0721
vn -0.9096 0.2493 0.3324
vn 0.7473 -0.6541 0.1168
vn 0.3945 -0.1467 -0.9071
vn 0.5429 0.3262 0.7738
vn 0.4215 -0.3884 -0.8195
vn -0.9546 0.2032 -0.2177
vn -0.6563 0.2582 0.709
vn 0.1495 0.3267 0.9332
vn -0.5235 0.271 -0.8077
vn -0.5676 0.258 -0.7818
vn -0.4706 0.3682 -0.8019
vn -0.6672 0.7437 -0.0421
vn -0.6663 -0.7305 -0.1498
vn -0.9497 0.1427 -0.2786
vn 0.6184 -0.4288 -0.6586
vn 0.6434 0.1732 -0.7457
vn 0.3826 -0.3457 0.8568
vn 0.3786 -0.3047 0.874
vn 0.0991 -0.9681 -0.2302
vn -0.2018 0.3454 -0.9165
vn 0.4804 -0.3511 0.8037
vn -0.608 0.3451 -0.715
vn 0.7339 0.1319 -0.6663
vn 0.3655 0.5288 0.766
vn -0.7059 0.3055 -0.639
vn -0.8693 0.1617 0.4671
vn 0.7974 -0.4349 0.4184
vn 0.9469 -0.2762 0.1648
vn 0.6322 -0.3219 0.7048
vn 0.8989 -0.3975 -0.1842
vn 0.8964 -0.4215 -0.1374
vn 0.8993 -0.3874 -0.2032
vn 0.7736 -0.4099 0.4832
vn 0.9759 -0.2154 0.035
vn 0.8417 -0.297 -0.451
vn 0.8719 -0.2608 -0.4145
vn -0.5621 -0.7261 -0.396
vn -0.5701 -0.774 -0.2755
vn -0.6924 -0.6883 -0.2162
vn -0.8531 -0.5098 -0.1111
vn -0.4913 -0.8161 -0.3043
vn 0.7065 -0.4518 -0.5447
vn 0.7127 -0.5319 -0.4573
vn 0.6912 -0.3689 -0.6214
vn 0.7974 -0.5543 0.2388
vn 0.7057 -0.6243 -0.3348
vn 0.8468 0.4298 0.3133
vn -0.0229 -0.2692 0.9628
vn -0.9141 0.3652 0.1761
vn -0.9106 0.2438 0.3338
vn -0.6381 0.7693 0.0302
vn -0.6839 0.6582 0.3148
vn -0.0266 -0.6372 0.7702
vn -0.012 -0.6642 0.7475
vn -0.011 -0.6715 0.7409
vn -0.1357 -0.4348 0.8902
vn -0.0882 -0.5 0.8615
vn -0.0481 -0.5579 0.8285
vn -0.074 -0.5819 0.8099
vn -0.077 -0.645 0.7603
vn 0.5526 0.6588 0.5105
vn 0.7392 0.6718 0.0481
vn 0.656 0.6861 0.3147
vn -0.9129 -0.2073 -0.3516
vn -0.9134 -0.2073 -0.3503
vn -0.9191 -0.2107 -0.333
vn 0.3082 0.9019 -0.3027
vn -0.0372 0.2188 -0.9751
vn -0.7708 0.2375 -0.5911
vn 0.0709 -0.9305 -0.3594
vn -0.0407 0.324 -0.9452
vn 0.4905 -0.3188 -0.811
vn 0.4413 -0.2021 -0.8743
vn 0.8523 -0.3475 0.3909
vn 0.8286 -0.3723 0.4182
vn 0.9269 -0.3439 -0.1504
vn 0.913 -0.3462 -0.2159
vn 0.9272 -0.3438 -0.1484
vn 0.7959 -0.2871 0.533
vn 0.8001 -0.2867 0.527
vn 0.7986 -0.2842 0.5306
vn -0.8769 0.2702 0.3974
vn 0.0479 -0.1812 -0.9823
vn 0.0342 -0.2015 -0.9789
vn 0.0345 -0.2009 -0.979
vn -0.3185 -0.5487 0.773
vn -0.2488 -0.8487 -0.4667
vn -0.4414 0.2665 0.8568
vn -0.8761 0.4066 0.2592
vn -0.6367 0.6643 -0.3916
vn -0.554 0.8049 -0.2123
vn -0.8327 0.5513 0.0515
vn -0.1191 -0.5313 0.8388
vn 0.2574 0.5005 0.8266
vn -0.4177 0.6934 -0.5872
vn -0.805 0.3853 0.4512
vn -0.8263 0.5544 -0.0995
vn -0.863 0.4739 0.175
vn 0.776 0.2521 -0.5781
vn 0.6958 -0.0561 -0.7161
vn 0.4411 -0.2963 0.8472
vn -0.2072 -0.1557 0.9658
vn -0.0178 -0.1109 0.9937
vn 0.5778 -0.368 -0.7285
vn 0.4607 -0.2493 -0.8518
vn -0.5625 0.1005 0.8207
vn 0.949 -0.134 0.2854
vn -0.189 0.048 0.9808
vn 0.6331 0.3602 -0.6852
vn 0.8802 -0.0922 -0.4655
vn 0.8325 -0.3714 0.4111
vn 0.8943 -0.4326 -0.1144
vn 0.5419 -0.3711 0.7541
vn 0.9286 -0.1431 0.3424
vn 0.9304 -0.3426 0.1304
vn 0.9382 -0.2262 0.262
vn -0.37 -0.6238 0.6885
vn -0.9026 -0.4297 -0.0266
vn -0.8969 -0.3381 0.2851
vn -0.7903 0.1414 0.5961
vn -0.96 0.2504 -0.1253
vn -0.9437 0.3076 -0.1221
vn 0.7713 -0.5138 -0.3756
vn 0.7203 -0.5792 0.3818
vn 0.1913 -0.1854 -0.9639
vn -0.8861 0.2319 0.4012
vn -0.2488 -0.8425 -0.4778
vn -0.8633 0.2504 0.4381
vn -0.0209 -0.5986 0.8008
vn 0.5534 0.7893 0.2658
vn 0.6485 0.7084 0.2788
vn 0.6239 0.7309 0.2768
vn -0.7026 0.7061 -0.0886
vn -0.7432 0.6354 -0.2095
vn -0.7947 0.4501 -0.4073
vn 0.2796 -0.2419 0.9292
vn 0.4155 -0.1869 -0.8902
vn 0.4486 0.4504 -0.772
vn 0.4494 0.4536 -0.7696
vn 0.4442 0.4545 -0.7721
vn -0.0168 0.046 -0.9988
vn -0.339 -0.3067 0.8894
vn 0.842 0.3178 0.4358
vn -0.0984 -0.6825 0.7242
vn -0.3942 -0.4782 -0.7848
vn -0.3839 -0.4753 -0.7917
vn -0.3883 -0.4781 -0.7879
vn -0.7032 -0.5994 0.3823
vn -0.8879 -0.2482 0.3874
vn 0.6849 -0.1417 -0.7147
vn -0.9189 0.324 -0.2248
vn -0.8369 -0.3201 0.444
vn -0.8738 -0.2301 0.4284
vn 0.3914 -0.858 0.3327
vn 0.6624 -0.2001 0.7219
vn 0.7577 -0.2535 0.6014
vn -0.7693 0.3418 -0.5398
vn 0.8786 -0.4274 0.2129
vn 0.9376 -0.3394 -0.076
vn 0.9206 -0.3141 -0.2321
vn 0.9168 -0.3959 0.052
vn -0.7994 0.3218 0.5073
vn 0.9989 0.0385 -0.0269
vn 0.8513 -0.4681 0.2371
vn 0.9061 -0.3976 -0.1444
vn 0.8502 -0.4685 0.2404
vn -0.4195 0.0266 -0.9074
vn -0.9655 0.2599 -0.0168
vn -0.9688 0.2294 -0.0941
vn -0.9523 0.1566 -0.2618
vn -0.9296 0.3264 0.171
vn 0.4797 -0.3037 -0.8232
vn 0.4425 -0.5247 0.7273
vn -0.4615 -0.3299 0.8235
vn -0.5503 0.8345 0.027
vn 0.7184 0.6338 0.2868
vn -0.9139 -0.2431 -0.3252
vn -0.8711 0.4911 0.0044
vn -0.9549 -0.1419 -0.2608
vn -0.941 -0.229 -0.2491
vn 0.093 -0.2554 0.9623
vn -0.1746 0.1689 -0.97
vn 0.6688 0.028 0.7429
vn -0.9828 0.0524 0.1771
vn 0.5955 -0.6933 0.4058
vn -0.9824 0.1457 0.1171
vn -0.9975 0.0016 0.0713
vn -0.2831 0.8362 -0.4697
vn 0.9736 0.0433 -0.2243
vn -0.6978 0.2881 0.6558
vn -0.9896 0.1441 -0.0059
vn 0.4006 -0.3263 0.8562
vn -0.3042 0.291 -0.9071
vn -0.5094 0.3372 -0.7917
vn 0.7018 -0.1912 -0.6862
vn -0.997 0.0534 0.0565
vn 0.5031 -0.7282 -0.4653
vn -0.9874 0.0085 -0.1582
vn -0.8725 -0.3657 -0.3241
vn -0.4887 -0.0857 0.8682
vn -0.5725 -0.2869 0.7681
vn 0.9892 -0.1455 -0.0152
vn -0.3319 0.3792 -0.8637
vn -0.9856 0.1683 -0.0141
vn -0.9941 0.0876 0.0644
vn -0.9072 0.3282 -0.263
vn -0.708 0.2465 0.6618
vn -0.6536 0.22 0.7242
vn -0.6712 0.2531 0.6968
vn -0.7296 0.2755 0.626
vn 0.875 -0.3546 -0.3297
vn 0.8676 -0.3448 -0.3582
vn 0.8306 -0.2918 -0.4743
vn 0.6772 -0.4074 0.6128
vn 0.1565 -0.5208 0.8392
vn -0.9527 0.2997 -0.051
vn -0.9704 0.2392 0.0325
vn -0.9737 0.2205 0.0575
vn 0.7852 -0.2851 -0.5497
vn 0.9146 -0.3994 0.0629
vn -0.8066 0.3157 0.4997
vn -0.6451 -0.6713 0.3649
vn -0.1673 -0.9851 -0.0398
vn -0.1859 -0.9821 -0.0304
vn -0.2966 -0.9546 0.0264
vn -0.3358 -0.9354 0.1109
vn -0.9756 -0.1648 0.145
vn -0.6469 0.2194 0.7303
vn -0.5862 0.1449 0.7971
vn -0.6351 0.2042 0.745
vn -0.2848 0.0294 -0.9581
vn 0.5454 -0.548 0.6342
vn 0.1818 -0.6119 0.7697
vn 0.2015 -0.4882 -0.8492
vn -0.5799 -0.2303 0.7814
vn -0.0392 0.5608 0.8271
vn -0.5032 -0.2007 0.8405
vn -0.5254 0.0058 0.8508
vn -0.2425 0.9699 0.0203
vn -0.7573 -0.5489 -0.3539
vn -0.8197 -0.5627 -0.1069
vn -0.7848 -0.5751 -0.2308
vn -0.9275 -0.3394 0.1565
vn -0.4984 0.3539 -0.7914
vn -0.7795 0.1689 0.6032
vn -0.3136 0.1112 -0.943
vn -0.9401 -0.2595 -0.2209
vn -0.9407 0.1546 -0.302
vn -0.944 0.214 0.251
vn -0.737 0.5458 0.3987
vn -0.9867 0.1137 0.1159
vn -0.9916 -0.0025 0.1293
vn -0.9691 0.2294 0.0903
vn 0.8824 0.2429 0.4029
vn 0.2537 0.3453 -0.9035
vn 0.863 -0.1528 0.4816
vn -0.8665 -0.4694 0.17
vn 0.335 -0.9286 0.1594
vn -0.6351 -0.7589 0.144
vn -0.2984 0.605 0.7382
vn -0.858 -0.3535 -0.3727
vn -0.881 -0.2951 -0.3699
vn -0.8541 -0.3556 -0.3796
vn -0.9102 0.4102 -0.0567
vn -0.7646 0.2411 0.5977
vn -0.8074 0.2175 0.5485
vn -0.774 0.2338 0.5884
vn -0.8503 -0.1203 -0.5123
vn -0.9829 -0.1075 0.1494
vn -0.8184 0.5736 0.0343
vn -0.9322 0.3475 -0.1015
vn -0.8855 0.3439 0.3123
vn 0.792 -0.1477 -0.5924
vn 0.7924 -0.1498 -0.5913
vn 0.7915 -0.1496 -0.5926
vn -0.778 -0.3355 0.5311
vn 0.6409 -0.1486 -0.7531
vn -0.7612 -0.4423 0.4743
vn -0.6309 -0.5084 0.5861
vn -0.8152 0.5779 0.0381
vn -0.921 -0.2097 0.3284
vn -0.987 -0.1335 0.0898
vn -0.3887 0.2997 -0.8713
vn -0.3804 0.3073 -0.8723
vn -0.3718 0.3141 -0.8736
vn 0.2319 0.0281 -0.9723
vn 0.0021 0.0803 -0.9968
vn 0.9005 -0.2228 0.3735
vn 0.8479 -0.2257 0.4797
vn -0.8085 0.4442 -0.3859
vn 0.8228 -0.2849 -0.4918
vn 0.7173 -0.348 -0.6037
vn 0.8033 -0.4936 -0.3332
vn 0.6208 -0.4588 0.6357
vn -0.8536 0.2989 0.4266
vn -0.0016 0.1022 -0.9948
vn -0.5731 0.1298 0.8091
vn -0.16 0.0681 -0.9848
vn -0.8803 0.2607 0.3964
vn 0.0187 -0.2242 -0.9744
vn -0.307 0.4101 -0.8589
vn -0.0368 -0.39 -0.9201
vn -0.167 0.0071 -0.9859
vn -0.1429 -0.0746 -0.9869
vn -0.5763 -0.033 0.8166
vn -0.6005 -0.0292 0.7991
vn -0.6363 0.0382 0.7705
vn -0.5043 -0.1815 0.8443
vn -0.5127 0.8553 0.0751
vn -0.4534 -0.3424 -0.8229
vn -0.9948 0.0823 -0.0596
vn -0.5808 -0.3983 0.7099
vn -0.9901 0.02 -0.1392
vn -0.99 -0.0823 0.1147
vn -0.1871 -0.6303 0.7535
vn -0.8473 -0.0392 0.5297
vn -0.9802 -0.183 0.0757
vn -0.8926 -0.3696 -0.2583
vn -0.8976 -0.3644 -0.248
vn -0.9905 0.0142 -0.1367
vn -0.901 0.2899 0.3228
vn -0.837 0.3521 0.4188
vn -0.8503 0.3407 0.4011
vn 0.8997 -0.0079 0.4365
vn -0.7862 -0.0227 -0.6175
vn 0.6348 -0.136 0.7606
vn -0.8067 0.0114 0.5908
vn -0.8853 0.1557 0.4382
vn -0.6806 0.2755 0.6789
vn -0.8689 0.1335 0.4766
vn 0.9846 0.0506 -0.1673
vn 0.8903 -0.2504 0.3804
vn -0.0947 0.2651 0.9595
vn -0.8689 -0.1008 0.4847
vn -0.1772 -0.3813 -0.9073
vn -0.3557 0.346 -0.8682
vn -0.2318 0.303 -0.9244
vn -0.266 0.3198 -0.9094
vn -0.9505 -0.3087 -0.0351
vn -0.9386 0.3165 0.1372
vn -0.594 -0.5297 0.6055
vn 0.7922 -0.1513 -0.5912
vn -0.8618 -0.0865 -0.4999
vn -0.711 0.4958 -0.4987
vn -0.4368 -0.1144 0.8923
vn -0.867 0.2885 -0.4063
vn -0.8582 0.3215 0.4002
vn -0.9782 0.0764 -0.1932
vn 0.7452 -0.3299 -0.5795
vn 0.2705 -0.59 -0.7608
vn 0.7145 -0.2839 -0.6394
vn 0.9226 -0.1973 -0.3314
vn -0.9561 0.1667 0.2412
vn 0.4223 -0.5598 0.713
vn 0.8557 -0.4605 0.236
vn 0.8674 -0.4531 0.206
vn 0.872 -0.4498 0.1933
vn -0.9442 0.3196 -0.0793
vn 0.6139 -0.7378 0.2808
vn 0.6987 -0.6653 0.2632
vn 0.882 -0.4334 0.1849
vn 0.7165 -0.6672 0.2038
vn 0.3036 -0.6692 -0.6782
vn -0.8256 -0.0093 -0.5641
vn -0.6652 0.2596 -0.7001
vn -0.6272 0.5318 0.569
vn 0.683 -0.7303 0.0095
vn -0.88 0.1861 -0.4369
vn 0.7103 0.1618 0.6851
vn -0.0701 -0.0046 -0.9975
vn -0.2127 0.128 -0.9687
vn -0.7823 0.3464 0.5177
vn -0.719 0.4355 0.5416
vn -0.4551 0.8527 -0.2566
vn 0.8185 -0.4677 -0.3336
vn 0.8308 -0.3262 -0.451
vn 0.8308 -0.3438 -0.4377
vn 0.8428 -0.449 0.2969
vn 0.829 -0.487 0.2748
vn 0.8168 -0.1842 -0.5468
vn 0.7543 -0.4883 -0.4387
vn 0.616 -0.6095 -0.4992
vn 0.702 -0.5395 -0.4648
vn 0.6716 0.4237 0.6078
vn 0.6707 0.4244 0.6083
vn -0.2261 -0.1582 0.9612
vn 0.7893 -0.3087 0.5307
vn -0.5821 -0.021 0.8129
vn -0.1751 0.248 0.9528
vn 0.4306 0.841 -0.3274
vn 0.0319 0.9994 0.0102
vn -0.5732 0.8121 -0.1088
vn 0.3499 -0.7769 0.5234
vn -0.4964 -0.6553 -0.5693
vn -0.871 -0.0379 -0.4898
vn -0.5989 0.2262 -0.7683
vn 0.7916 -0.08 0.6058
vn -0.8216 -0.427 -0.3776
vn 0.7421 -0.36 0.5654
vn -0.8229 -0.4212 -0.3814
vn -0.8594 0.2539 -0.4438
vn -0.7283 0.3438 -0.5928
vn -0.8412 0.2707 -0.468
vn -0.5115 -0.2649 -0.8174
vn 0.744 -0.2434 0.6223
vn 0.6264 -0.3086 -0.7158
vn 0.6153 -0.0867 -0.7835
vn 0.5612 0.1802 -0.8078
vn -0.7949 0.3793 0.4735
vn -0.3717 0.3453 -0.8617
vn -0.7716 -0.1143 -0.6258
vn -0.418 -0.1541 0.8953
vn -0.6554 0.2009 0.728
vn 0.5128 -0.3724 0.7735
vn -0.8753 0.0107 -0.4835
vn 0.6719 -0.1049 -0.7332
vn 0.3054 -0.284 0.9089
vn -0.9627 0.1846 -0.1979
vn -0.9812 0.148 -0.1241
vn 0.8757 -0.2208 0.4293
vn -0.9813 0.1628 -0.1031
vn 0.7896 -0.3345 -0.5144
vn -0.3645 -0.8166 0.4475
vn -0.1877 0.1205 -0.9748
vn -0.1882 0.116 -0.9752
vn 0.9026 -0.1231 -0.4125
vn 0.7525 -0.6477 -0.1193
vn 0.8604 -0.2714 0.4314
vn -0.9853 0.1245 -0.1172
vn 0.9991 -0.0142 -0.04
vn 0.9152 -0.3669 0.1668
vn -0.8937 0.219 -0.3916
vn -0.5879 0.6408 0.4938
vn 0.6804 -0.7328 0.0011
vn -0.662 0.5449 0.5147
vn -0.1975 0.9803 0.0028
vn -0.3603 0.9292 0.082
vn -0.4534 0.3797 -0.8064
vn -0.3849 0.0764 0.9198
vn -0.3768 0.1001 0.9209
vn -0.4309 0.0848 0.8984
vn 0.0057 -0.6962 0.7178
vn -0.7074 -0.5536 -0.4394
vn 0.6242 0.6656 -0.4092
vn 0.3073 0.9347 0.1789
vn -0.1412 -0.9056 -0.3999
vn 0.8488 -0.2801 0.4485
vn 0.6231 -0.405 -0.6691
vn 0.8641 -0.4483 0.229
vn -0.5699 0.2302 -0.7888
vn 0.855 -0.232 0.4639
vn 0.8535 -0.219 -0.4728
vn 0.922 -0.0402 0.385
vn -0.6424 0.146 -0.7523
vn -0.7805 0.3943 0.4851
vn 0.939 0.0005 0.3439
vn 0.7002 -0.2046 0.684
vn 0.6261 -0.2091 0.7512
vn 0.8608 -0.1829 0.4749
vn 0.6955 -0.2595 0.67
vn -0.7498 -0.0322 0.6609
vn -0.7076 0.286 0.6462
vn -0.6558 0.4428 0.6115
vn -0.9763 0.1306 0.1725
vn -0.755 0.3372 -0.5623
vn -0.4345 -0.5554 -0.709
vn 0.379 -0.3408 0.8603
vn 0.3815 -0.3331 0.8623
vn -0.5874 0.277 0.7604
vn 0.5046 0.3412 -0.7931
vn -0.1958 -0.8299 0.5224
vn -0.6559 0.0282 -0.7544
vn -0.6007 0.5112 -0.6146
vn 0.3884 -0.3458 0.8541
vn 0.3939 -0.3453 0.8518
vn 0.3911 -0.3397 0.8553
vn 0.3702 -0.1344 -0.9192
vn -0.3828 0.3283 -0.8635
vn -0.8635 -0.1094 -0.4924
vn -0.3947 0.292 -0.8712
vn -0.3929 0.2896 -0.8728
vn -0.8764 0.009 -0.4815
vn -0.5983 0.1879 0.7789
vn -0.9858 -0.1652 -0.0311
vn -0.9953 0.0849 0.0457
vn -0.3732 -0.9253 0.0669
vn -0.7872 0.2456 -0.5656
vn 0.8353 -0.1132 -0.538
vn 0.7729 -0.4746 -0.4212
vn 0.8812 -0.4425 0.1662
vn -0.9973 0.04 0.0623
vn 0.8298 -0.1575 0.5353
vn -0.9152 -0.1185 0.3851
vn -0.9884 -0.1513 0.0142
vn 0.9567 -0.0887 -0.2771
vn -0.587 0.3275 0.7404
vn -0.5917 0.3228 0.7387
vn -0.5905 0.3269 0.7379
vn -0.2377 -0.2 0.9505
vn 0.5966 -0.1197 -0.7935
vn -0.7394 0.3035 0.6009
vn 0.7634 0.6108 0.2102
vn 0.8656 0.4247 0.2652
vn 0.7403 0.6633 0.1098
vn -0.6461 -0.6154 -0.4515
vn -0.8086 0.3981 0.4332
vn -0.6051 0.5514 0.5744
vn -0.4113 0.331 -0.8493
vn -0.4113 0.3335 -0.8483
vn -0.4153 0.3354 -0.8456
vn -0.7523 0.3458 0.5609
vn 0.9004 0.4284 0.0759
vn -0.5976 0.2535 0.7607
vn -0.7601 0.3374 -0.5554
vn 0.4202 -0.3374 0.8424
vn -0.7132 0.1804 0.6773
vn 0.3864 -0.3413 0.8568
vn -0.12 -0.7244 0.6789
vn -0.8152 -0.1518 0.5589
vn -0.5965 0.4574 -0.6596
vn -0.4563 -0.2147 0.8635
vn -0.4688 -0.44 0.7659
vn -0.4457 -0.1658 0.8797
vn 0.4507 -0.3841 0.8058
vn -0.411 0.0289 0.9112
vn 0.3952 -0.3714 0.8402
vn 0.856 -0.3079 -0.4154
vn -0.7158 0.2026 0.6683
vn -0.2855 0.9577 0.0374
vn 0.8524 -0.2198 -0.4744
vn -0.7115 -0.6782 -0.1837
vn -0.9132 -0.0918 -0.397
vn -0.0989 0.1994 0.9749
vn -0.7187 0.2532 0.6475
vn -0.7288 0.3223 0.6041
vn -0.855 0.3723 -0.361
vn 0.055 0.9975 0.0434
vn -0.6082 0.7937 -0.0111
vn -0.6711 0.7413 -0.0124
vn 0.9263 -0.293 0.2369
vn 0.8288 -0.3997 -0.3917
vn 0.9482 -0.1353 0.2873
vn -0.2256 -0.1587 0.9612
vn 0.7403 -0.3484 -0.575
vn 0.7327 -0.5497 -0.4011
vn 0.6497 -0.7039 0.2872
vn 0.652 -0.7036 0.2824
vn 0.6537 -0.7002 0.287
vn 0.6774 -0.5604 -0.4765
vn -0.3007 0.678 0.6708
vn -0.3934 0.7147 0.5782
vn -0.351 0.6992 0.6228
vn 0.8604 0.4262 0.2795
vn -0.6821 -0.5336 -0.5
vn -0.6792 -0.6433 -0.3533
vn 0.2803 -0.6501 0.7062
vn -0.1117 -0.7249 0.6798
vn -0.47 -0.656 -0.5906
vn -0.4629 -0.6465 -0.6064
vn -0.4637 -0.6476 -0.6047
vn 0.8838 -0.1775 0.433
vn -0.4818 -0.7982 -0.3615
vn -0.4169 0.3395 -0.8432
vn -0.4319 -0.5926 -0.6799
vn -0.5913 -0.397 -0.702
vn -0.5911 -0.4034 -0.6985
vn -0.591 -0.4065 -0.6968
vn -0.2284 0.3326 -0.915
vn -0.3512 0.369 -0.8605
vn -0.4172 0.3488 -0.8392
vn -0.5632 -0.0869 0.8218
vn 0.6636 -0.2692 0.698
vn -0.5907 -0.4131 -0.6931
vn -0.6804 0.3331 0.6527
vn -0.382 0.3247 -0.8652
vn 0.212 0.571 -0.7931
vn -0.4246 0.3256 -0.8448
vn 0.2024 0.3467 -0.9159
vn -0.2652 0.2951 -0.9179
vn -0.3175 0.2848 -0.9045
vn 0.667 -0.3119 -0.6767
vn -0.7633 -0.2805 -0.5819
vn 0.8837 -0.1353 0.448
vn 0.649 -0.2477 -0.7194
vn 0.5796 -0.4993 -0.644
vn -0.8427 0.4016 -0.3586
vn -0.472 0.3973 0.787
vn 0.1514 -0.0441 0.9875
vn -0.7594 0.4579 0.4622
vn -0.1606 0.203 -0.9659
vn 0.0573 0.9975 0.0411
vn 0.7776 -0.594 0.2061
vn 0.8736 -0.2419 -0.4223
vn 0.6728 -0.7077 -0.2155
vn 0.1196 -0.2149 0.9693
vn 0.3796 -0.4103 -0.8292
vn 0.8662 -0.469 0.1725
vn -0.0068 -0.4696 -0.8829
vn -0.2664 0.1432 -0.9532
vn -0.2897 0.1493 -0.9454
vn -0.307 0.1565 -0.9387
vn -0.7548 -0.4907 -0.4353
vn -0.7147 0.0242 -0.699
vn -0.3582 -0.8745 -0.3271
vn 0.6389 -0.1457 0.7553
vn -0.9272 0.3476 -0.1392
vn -0.9591 0.2187 0.1799
vn -0.8252 -0.4219 -0.3755
vn -0.2684 0.3237 -0.9073
vn 0.0896 0.4068 -0.9091
vn -0.3915 0.3344 -0.8573
vn 0.4738 -0.4217 0.7731
vn 0.4185 -0.3846 0.8228
vn 0.4098 -0.3202 0.8541
vn 0.4296 -0.4547 0.7802
vn -0.3739 0.3379 -0.8638
vn -0.3729 0.3372 -0.8645
vn -0.5502 -0.6338 -0.5436
vn -0.3631 -0.7037 -0.6108
vn 0.8393 -0.4107 -0.3563
vn -0.3356 0.3402 -0.8784
vn -0.401 0.3131 -0.8609
vn -0.3703 0.5201 -0.7697
vn -0.7246 0.2 0.6595
vn 0.3997 -0.4034 0.8231
vn 0.4458 -0.4091 0.7962
vn 0.3508 -0.4043 0.8447
vn -0.5225 -0.0978 -0.847
vn -0.7406 0.1519 -0.6546
vn -0.4192 -0.1869 -0.8885
vn -0.8495 0.025 -0.527
vn 0.3466 -0.3118 0.8847
vn -0.6016 0.2303 0.7649
vn -0.6251 0.2092 0.752
vn -0.6898 0.1433 0.7097
vn -0.471 0.7187 -0.5115
vn 0.7886 -0.3549 -0.5022
vn 0.8032 -0.1999 -0.5611
vn 0.8067 -0.2074 -0.5534
vn -0.6535 -0.752 0.086
vn 0.1518 -0.0791 -0.9852
vn -0.6026 0.302 -0.7387
vn 0.4533 -0.2366 0.8594
vn -0.4377 0.8454 -0.3061
vn 0.8775 -0.0825 0.4724
vn -0.6967 0.2106 0.6857
vn -0.4667 0.7781 -0.4205
vn -0.8306 0.4328 -0.3504
vn -0.7531 -0.0134 -0.6577
vn -0.5121 0.4056 0.7571
vn -0.7831 0.2109 0.585
vn -0.26 0.349 0.9003
vn -0.95 0.3071 -0.0565
vn -0.9564 0.1617 -0.2433
vn -0.8118 -0.2913 -0.5061
vn 0.5014 -0.7784 -0.3778
vn -0.3982 0.7071 -0.5844
vn -0.2877 0.8616 -0.4182
vn -0.5282 0.845 -0.0833
vn -0.3899 0.8086 -0.4407
vn -0.4812 0.8456 -0.2311
vn -0.6078 -0.5679 -0.5551
vn -0.6065 -0.5723 -0.552
vn -0.612 -0.5648 -0.5536
vn -0.9651 0.1809 -0.1893
vn 0.2839 0.9209 0.2671
vn 0.2784 0.8246 0.4925
vn 0.2173 -0.7408 0.6356
vn -0.4547 -0.6358 -0.6237
vn -0.9031 -0.301 -0.3064
vn 0.7292 0.5961 -0.3361
vn -0.5142 -0.8132 0.2724
vn -0.2295 -0.5669 -0.7912
vn 0.1208 -0.406 0.9059
vn -0.4627 -0.2118 -0.8608
vn -0.1971 0.0232 -0.9801
vn 0.3137 0.1152 0.9425
vn 0.3799 -0.1614 -0.9108
vn 0.3759 -0.1537 -0.9138
vn 0.3593 -0.1499 -0.9211
vn 0.278 -0.3924 0.8767
vn 0.2643 0.3464 -0.9001
vn 0.4243 -0.1763 0.8882
vn -0.2796 -0.9531 -0.1156
vn 0.5427 -0.1474 0.8269
vn 0.4825 -0.226 0.8463
vn 0.4157 -0.3056 0.8566
vn 0.2615 -0.4365 -0.8609
vn -0.2518 0.6086 -0.7524
vn -0.8711 -0.2884 -0.3975
vn -0.7962 0.3643 -0.4832
vn -0.802 0.2327 0.5502
vn -0.8012 0.1615 -0.5762
vn -0.8203 0.1577 -0.5498
vn -0.9081 0.1444 -0.3931
vn -0.8424 -0.1204 -0.5252
vn 0.0453 0.9955 0.0837
vn -0.0562 0.9971 -0.0511
vn -0.9232 -0.0549 -0.3803
vn -0.9443 -0.2757 -0.1795
vn -0.9953 -0.0843 0.0482
vn -0.8564 -0.3953 -0.332
vn -0.7069 -0.383 -0.5947
vn -0.7601 0.2664 -0.5926
vn -0.8722 -0.3812 0.3065
vn -0.8717 -0.3856 0.3024
vn -0.7207 -0.4363 -0.5387
vn -0.9319 0.2629 0.2499
vn -0.9297 0.1997 -0.3093
vn -0.9419 0.2287 -0.2459
vn 0.0531 -0.2083 -0.9766
vn -0.2108 0.6686 -0.7131
vn -0.4378 0.899 0.0091
vn -0.4277 -0.733 -0.5289
vn -0.3297 -0.7239 -0.606
vn -0.2471 -0.7605 -0.6004
vn 0.9628 -0.1027 -0.2499
vn 0.005 -0.8289 -0.5593
vn -0.1454 -0.8275 -0.5423
vn -0.7361 -0.5886 -0.3343
vn 0.4316 -0.4867 0.7595
vn 0.1753 0.0562 0.9829
vn -0.0035 -0.2166 0.9762
vn 0.7744 -0.4078 0.4837
vn -0.5328 -0.1291 -0.8364
vn 0.7579 -0.2145 -0.6161
vn 0.4312 0.4815 0.7631
vn 0.332 -0.3629 0.8707
vn 0.8745 0.4547 -0.1684
vn -0.7961 -0.182 -0.5772
vn 0.4469 0.245 0.8604
vn -0.8298 0.3096 -0.4644
vn 0.638 -0.3027 -0.708
vn -0.8657 -0.1042 -0.4895
vn -0.7466 0.0762 0.6609
vn 0.6348 -0.3653 0.6808
vn 0.6329 -0.3605 0.6852
vn 0.5381 -0.1709 0.8254
vn -0.9576 0.2867 0.0283
vn -0.9585 0.2835 0.0297
vn -0.7172 0.3224 0.6178
vn 0.0349 0.0706 0.9969
vn -0.672 0.4636 -0.5775
vn 0.4439 -0.4466 -0.7768
vn 0.3427 -0.3813 0.8586
vn -0.7025 0.4001 -0.5886
vn -0.8405 -0.1854 -0.5092
vn -0.8159 0.5213 -0.25
vn -0.976 0.0693 0.2066
vn -0.6174 0.36 -0.6994
vn -0.8369 0.5311 0.1324
vn -0.3995 0.2173 -0.8906
vn -0.7605 0.4941 0.4214
vn -0.9235 -0.1902 0.333
vn -0.9324 0.0887 0.3504
vn -0.9352 0.132 0.3285
vn -0.8414 -0.2982 -0.4507
vn -0.854 -0.4413 0.2755
vn -0.1991 -0.3598 0.9115
vn -0.348 0.1317 0.9282
vn -0.8878 0.4553 -0.0678
vn -0.9458 0.3224 -0.0382
vn -0.9891 -0.1333 0.0628
vn -0.9341 -0.3412 0.1053
vn -0.952 -0.3062 0.0042
vn -0.9096 -0.4109 -0.0619
vn -0.7183 0.5431 0.4348
vn 0.9179 0.257 0.3024
vn 0.9921 0.1114 -0.0569
vn 0.5683 0.6716 0.4754
vn 0.541 0.6647 0.5153
vn 0.5775 0.6713 0.4645
vn 0.3045 0.9172 0.257
vn 0.0159 -0.916 0.4009
vn 0.1371 -0.2245 0.9648
vn 0.1783 -0.6154 0.7678
vn 0.1766 -0.622 0.7628
vn 0.1772 -0.6198 0.7645
vn -0.3968 -0.5569 -0.7297
vn 0.1342 -0.3565 0.9246
vn 0.7803 -0.4066 0.4752
vn -0.4348 0.3505 -0.8295
vn -0.3926 0.36 -0.8463
vn -0.3587 0.3705 -0.8568
vn -0.3497 0.3681 -0.8615
vn -0.9014 0.0599 0.4289
vn -0.8322 0.1111 0.5433
vn -0.559 0.2224 0.7988
vn 0.3583 -0.1431 -0.9226
vn 0.219 -0.7366 -0.6399
vn 0.2765 -0.6597 -0.6988
vn -0.8058 0.0992 -0.5838
vn 0.8748 -0.0813 0.4777
vn -0.0755 -0.9747 0.2102
vn -0.3618 -0.7842 0.5042
vn 0.3537 -0.3907 0.8498
vn 0.2416 0.0857 -0.9666
vn -0.6949 0.0289 -0.7185
vn -0.856 0.2884 -0.429
vn -0.6212 0.7335 -0.276
vn -0.916 0.2394 0.3218
vn -0.9437 0.2791 0.1773
vn -0.8143 0.5585 -0.1579
vn -0.5232 -0.3173 0.791
vn 0.1788 -0.9832 -0.0363
vn 0.2637 -0.8243 -0.501
vn -0.2595 0.4296 0.8649
vn -0.2438 0.5006 0.8306
vn -0.2854 0.3165 0.9046
vn -0.2555 0.6565 0.7097
vn -0.914 0.2702 -0.3025
vn -0.8514 0.1721 -0.4955
vn -0.8488 0.1689 -0.5011
vn -0.8386 0.3613 0.4076
vn -0.6482 0.4737 0.5962
vn 0.6477 0.7458 0.1557
vn -0.0245 -0.652 0.7578
vn 0.0073 -0.517 0.8559
vn -0.0042 -0.5662 0.8243
vn 0.5049 0.8567 0.1057
vn -0.0448 -0.9122 -0.4073
vn 0.1404 -0.9756 0.1687
vn -0.0358 0.6351 -0.7716
vn 0.0608 0.3586 -0.9315
vn 0.0767 -0.271 0.9595
vn 0.0489 -0.2775 0.9595
vn 0.0315 -0.2892 0.9568
vn -0.1155 -0.1989 0.9732
vn 0.6229 0.3368 0.7061
vn 0.1787 -0.6136 0.7691
vn -0.3184 0.3001 -0.8992
vn -0.3817 0.3377 -0.8604
vn 0.0924 -0.0525 0.9943
vn 0.0456 -0.0924 0.9947
vn 0.6826 -0.2919 -0.67
vn -0.6364 0.122 0.7616
vn -0.0422 0.3288 0.9435
vn 0.8147 0.3659 -0.4499
vn 0.3056 -0.3829 0.8718
vn 0.6425 -0.4318 -0.633
vn -0.8423 0.0609 -0.5355
vn -0.5615 0.1973 0.8036
vn -0.6572 0.0085 -0.7537
vn -0.6777 0.3295 0.6574
vn -0.7677 0.1298 0.6276
vn -0.7815 0.2794 0.5578
vn -0.657 -0.307 -0.6886
vn -0.0081 0.92 0.3919
vn -0.8769 0.19 -0.4415
vn -0.8755 0.19 -0.4442
vn -0.8746 0.189 -0.4464
vn -0.9635 0.1306 -0.2336
vn -0.9076 -0.1072 -0.4058
vn -0.7871 -0.4671 -0.4028
vn -0.4391 -0.5463 -0.7133
vn -0.7751 -0.1481 0.6143
vn -0.5493 0.0485 -0.8342
vn -0.8792 0.4763 0.0141
vn -0.5949 0.2193 -0.7733
vn -0.9235 0.3768 -0.0716
vn -0.9914 0.071 -0.1096
vn 0.2347 -0.2165 -0.9476
vn 0.0658 -0.54 -0.8391
vn 0.2402 -0.9697 -0.0438
vn -0.2214 0.1255 -0.9671
vn -0.5706 0.6682 0.4774
vn 0.013 -0.4766 0.879
vn 0.2328 -0.7387 0.6326
vn 0.1444 -0.7048 0.6945
vn 0.1866 -0.7226 0.6656
vn -0.3566 -0.5331 -0.7672
vn 0.1331 -0.6644 -0.7354
vn 0.1749 -0.9545 -0.2414
vn -0.3845 0.4392 0.812
vn 0.4891 0.8722 -0.0004
vn 0.4856 0.8742 0.0016
vn 0.4927 0.8702 0.001
vn -0.4073 -0.253 0.8775
vn -0.4302 -0.2554 0.8659
vn -0.4573 -0.2695 0.8475
vn -0.0728 0.3427 -0.9366
vn -0.5744 -0.5139 -0.6371
vn -0.4793 0.3537 -0.8032
vn 0.7228 -0.2274 0.6526
vn -0.315 0.2366 -0.9191
vn 0.9971 0.0767 0.0001
vn -0.9618 0.0776 -0.2624
vn -0.2727 -0.0398 0.9613
vn -0.279 0.0598 0.9584
vn -0.489 -0.106 0.8658
vn 0.4564 -0.4561 0.764
vn 0.4574 -0.4618 0.7599
vn 0.4577 -0.4498 0.7669
vn 0.23 -0.3943 0.8898
vn 0.814 -0.175 -0.5539
vn -0.4257 0.0679 0.9023
vn 0.8847 0.4297 0.1805
vn -0.25 -0.0677 -0.9659
vn 0.5044 -0.2658 -0.8215
vn -0.689 -0.2117 0.6932
vn -0.3839 -0.0071 -0.9233
vn -0.7965 -0.2278 0.56
vn 0.79 -0.5502 -0.2707
vn -0.8281 -0.1291 0.5456
vn -0.1003 0.2855 0.9531
vn -0.459 0.0571 0.8866
vn -0.3911 0.1057 0.9142
vn -0.5336 0.1995 0.8219
vn 0.1428 -0.1074 -0.9839
vn -0.3793 0.1698 0.9096
vn 0.6882 -0.5259 -0.4998
vn 0.6505 -0.5819 -0.4881
vn 0.6196 -0.6202 -0.481
vn -0.7251 0.2626 0.6366
vn 0.702 -0.215 -0.6789
vn -0.838 0.1461 0.5258
vn 0.1935 0.8553 0.4807
vn -0.8165 0.1884 0.5457
vn -0.6776 -0.3018 -0.6707
vn -0.5593 -0.3043 -0.771
vn -0.5004 -0.3128 0.8073
vn -0.2931 0.2699 0.9172
vn -0.2632 0.6715 0.6927
vn -0.7615 0.0794 -0.6433
vn -0.7826 0.1681 0.5994
vn -0.7779 0.1344 0.6138
vn -0.7855 0.1934 0.5879
vn -0.756 0.3567 0.5489
vn 0.6601 0.75 0.041
vn 0.1033 -0.6868 0.7195
vn 0.8562 0.2728 0.4388
vn 0.3339 0.1298 -0.9336
vn 0.1144 -0.7313 -0.6724
vn 0.0969 -0.7213 -0.6858
vn 0.1148 -0.7326 -0.6709
vn 0.5866 0.71 0.3897
vn 0.4869 0.8111 0.3241
vn 0.5885 0.7027 0.3999
vn 0.0094 0.9998 -0.0184
vn -0.3326 0.9072 -0.2578
vn -0.487 -0.2733 0.8296
vn -0.102 0.436 -0.8941
vn -0.4908 -0.2782 0.8257
vn 0.1683 -0.6508 -0.7403
vn 0.3358 -0.4891 0.805
vn 0.7618 -0.5857 0.2766
vn -0.3397 0.405 -0.8489
vn -0.3019 0.7938 -0.528
vn 0.0221 -0.2899 0.9568
vn -0.3595 0.394 -0.8459
vn -0.5622 0.1825 -0.8066
vn -0.1559 0.1654 0.9738
vn 0.0049 -0.9644 -0.2645
vn -0.005 0.3358 0.9419
vn -0.6124 -0.3006 0.7311
vn -0.5192 -0.8442 0.1333
vn -0.6047 -0.7961 0.0218
vn -0.7763 -0.0153 0.6302
vn 0.7068 -0.436 -0.5571
vn 0.7469 -0.1671 -0.6436
vn -0.4472 0.0333 0.8938
vn 0.5583 -0.6907 -0.4595
vn -0.8371 0.3414 0.4274
vn -0.4264 -0.0884 -0.9002
vn -0.0231 0.8573 -0.5143
vn -0.6458 0.1718 -0.7439
vn -0.9554 -0.2476 -0.1609
vn -0.5329 0.7828 -0.3212
vn -0.5994 -0.343 -0.7232
vn -0.9849 0.042 0.1681
vn -0.9919 -0.127 0.0036
vn 0.4063 -0.6829 -0.6071
vn 0.5176 -0.6868 -0.5103
vn -0.2894 0.9419 0.1704
vn -0.989 -0.0834 0.1222
vn 0.7434 0.6664 0.0569
vn 0.782 0.6232 0.0054
vn 0.7609 -0.5735 -0.3036
vn 0.3202 -0.8383 -0.4413
vn 0.0249 -0.2871 0.9576
vn 0.0217 -0.2936 0.9557
vn -0.1145 0.2789 -0.9535
vn 0.2186 0.0542 -0.9743
vn 0.2342 0.0635 -0.9701
vn -0.0321 -0.0924 -0.9952
vn -0.3612 0.5198 -0.7742
vn -0.5826 0.4704 -0.6628
vn -0.4391 0.5079 -0.7411
vn -0.3724 0.1008 0.9226
vn -0.8842 -0.3374 -0.3229
vn -0.0939 -0.1595 -0.9827
vn -0.0011 -0.7874 -0.6165
vn 0.3449 -0.5917 -0.7287
vn 0.3843 -0.0835 0.9194
vn 0.2886 -0.1063 0.9515
vn -0.7005 0.2629 0.6634
vn -0.5572 0.4849 -0.6741
vn -0.8072 0.3778 0.4536
vn 0.915 0.3765 -0.1447
vn -0.9146 -0.0389 -0.4024
vn -0.968 0.1451 -0.205
vn -0.2932 0.2655 0.9184
vn 0.9059 -0.1304 0.403
vn 0.9057 -0.1278 0.4043
vn 0.9068 -0.1281 0.4017
vn 0.2369 0.9557 0.1745
vn 0.9657 -0.2272 0.1257
vn 0.9655 0.1293 -0.2259
vn -0.7738 -0.6334 -0.006
vn 0.1023 0.9776 0.184
vn -0.1841 -0.7439 0.6424
vn 0.4418 -0.6196 -0.6488
vn 0.8105 0.4438 0.3823
vn 0.9101 0.2764 0.3088
vn 0.9339 0.2104 0.2891
vn 0.1295 -0.7407 -0.6592
vn 0.3231 -0.3077 0.895
vn 0.172 -0.811 -0.5592
vn 0.2225 -0.3055 0.9258
vn 0.1905 -0.8695 -0.4556
vn 0.0685 -0.3172 0.9459
vn 0.5463 -0.6252 0.5573
vn 0.0465 0.3062 -0.9508
vn -0.1283 0.4459 -0.8858
vn -0.0711 0.4023 -0.9128
vn -0.2772 -0.2719 0.9215
vn -0.4075 0.2345 -0.8826
vn -0.4316 0.2404 -0.8694
vn -0.6675 0.2908 -0.6855
vn 0.6654 -0.2853 0.6898
vn 0.5954 0.7198 -0.3569
vn -0.1396 0.5376 -0.8316
vn -0.0958 -0.4058 0.9089
vn 0.2798 -0.5088 0.8142
vn 0.227 -0.4334 0.8721
vn -0.9605 0.135 -0.2435
vn 0.6888 -0.1985 0.6972
vn 0.5766 -0.508 -0.6398
vn 0.4567 0.0416 0.8886
vn 0.082 -0.3408 -0.9365
vn -0.1073 0.7592 0.642
vn -0.614 0.7872 0.0577
vn 0.5297 0.1818 0.8285
vn 0.2382 0.3338 0.9121
vn 0.2413 0.3368 0.9101
vn 0.2423 0.3343 0.9108
vn 0.6478 -0.0261 0.7614
vn 0.1401 0.8809 -0.4521
vn 0.1324 0.9912 0.003
vn -0.4855 0.0237 0.8739
vn -0.5967 -0.038 0.8016
vn -0.6882 0.0066 0.7255
vn -0.7088 -0.1732 0.6838
vn -0.7304 -0.1521 0.6659
vn -0.067 -0.0872 -0.9939
vn -0.4266 -0.0812 -0.9008
vn -0.2293 -0.086 -0.9695
vn -0.6236 0.2596 0.7374
vn -0.2316 -0.5333 -0.8136
vn -0.2927 0.4002 0.8684
vn 0.603 0.6741 0.4266
vn 0.2686 -0.143 0.9526
vn 0.5204 0.6778 0.5194
vn -0.3028 0.7707 0.5607
vn 0.5978 0.6362 0.4878
vn -0.4468 0.1299 -0.8852
vn 0.6459 0.4361 -0.6265
vn 0.3164 -0.3208 0.8927
vn -0.8847 -0.4659 -0.0113
vn 0.0069 -0.3113 0.9503
vn 0.5266 -0.3441 0.7774
vn 0.4882 -0.4852 0.7254
vn 0.4408 -0.6158 0.6531
vn 0.2279 0.4956 -0.8381
vn 0.9455 -0.1546 -0.2866
vn -0.2297 -0.1652 0.9591
vn -0.2095 -0.2185 0.9531
vn -0.1972 -0.2399 0.9506
vn -0.2456 -0.1343 0.96
vn -0.2436 0.7193 -0.6506
vn 0.9165 -0.0329 0.3988
vn 0.5029 -0.1237 0.8554
vn 0.3637 -0.2628 0.8937
vn 0.2765 -0.3385 0.8994
vn -0.0104 -0.3983 -0.9172
vn -0.0958 -0.6789 0.7279
vn -0.1183 -0.0939 -0.9885
vn -0.7002 -0.4844 -0.5245
vn 0.6769 -0.1859 0.7122
vn 0.0685 0.3076 0.949
vn 0.0377 0.0798 0.9961
vn 0.6358 -0.4824 -0.6026
vn 0.4171 0.0239 0.9085
vn 0.4925 -0.004 0.8703
vn 0.9587 -0.2809 0.0446
vn -0.4145 0.2521 -0.8744
vn -0.2536 -0.2776 -0.9266
vn -0.5456 0.3445 -0.764
vn -0.2042 0.0412 -0.9781
vn -0.3237 -0.0487 0.9449
vn -0.4525 0.1011 0.886
vn -0.3204 0.0554 0.9456
vn -0.4456 0.1786 0.8773
vn -0.3083 -0.0954 0.9465
vn -0.696 0.3251 0.6402
vn -0.3145 0.1599 0.9357
vn -0.7741 0.1113 0.6232
vn 0.5527 -0.4485 0.7023
vn 0.7745 0.6264 -0.0883
vn -0.475 0.8075 -0.3498
vn 0.2225 0.9611 0.1636
vn 0.2454 0.9634 0.1075
vn 0.8994 0.0082 -0.4371
vn -0.3102 0.937 0.1605
vn -0.0583 -0.0208 0.9981
vn -0.1639 0.9269 0.3376
vn 0.7885 0.59 0.1734
vn 0.8764 0.4185 0.2385
vn -0.3422 -0.8904 0.3001
vn 0.707 0.5876 0.3936
vn 0.6949 -0.6846 -0.2199
vn -0.0203 -0.1874 0.9821
vn 0.1866 -0.2746 0.9433
vn 0.2632 -0.8286 -0.494
vn 0.0167 -0.3692 0.9292
vn 0.072 0.2842 -0.9561
vn 0.2171 -0.6761 -0.7041
vn 0.5997 -0.0042 0.8002
vn -0.7852 0.309 -0.5366
vn 0.0023 -0.4191 0.9079
vn -0.5255 -0.7967 0.2986
vn -0.4327 -0.4836 0.7609
vn 0.072 -0.3995 0.9139
vn 0.108 -0.4027 0.9089
vn 0.0423 -0.1392 0.9894
vn 0.9188 -0.2835 -0.2745
vn 0.0294 0.0425 0.9987
vn 0.9014 -0.3632 -0.2358
vn 0.87 -0.4339 -0.2343
vn 0.8945 -0.321 -0.3112
vn 0.5087 0.2569 0.8217
vn 0.4014 0.1879 -0.8964
vn -0.2363 0.488 0.8402
vn 0.0029 -0.1345 0.9909
vn 0.3526 0.9226 -0.1564
vn -0.5082 0.2729 -0.8168
vn -0.4657 0.2144 -0.8586
vn -0.4609 0.2079 -0.8627
vn -0.4128 -0.5006 -0.7609
vn -0.4992 -0.3571 -0.7895
vn -0.4236 -0.4835 -0.766
vn -0.5315 0.187 -0.8262
vn -0.1129 0.5119 0.8516
vn -0.8088 -0.1843 0.5585
vn -0.2454 0.609 -0.7543
vn 0.0937 0.9567 0.2758
vn 0.9486 0.1024 -0.2993
vn 0.8054 0.5916 0.0357
vn 0.7104 0.512 0.483
vn -0.984 0.1763 0.0275
vn -0.9526 0.3012 -0.0422
vn -0.8656 -0.4907 -0.0998
vn -0.8988 -0.4377 -0.0223
vn -0.8747 -0.4774 -0.0837
vn -0.7544 -0.5784 0.3104
vn 0.0668 0.9452 0.3195
vn -0.9548 -0.2106 -0.21
vn -0.8805 -0.1978 -0.4308
vn 0.8609 -0.4283 -0.2746
vn 0.9373 0.2559 0.2368
vn 0.8702 -0.4348 -0.2319
vn 0.9111 -0.3761 -0.1688
vn 0.4722 -0.687 -0.5523
vn -0.0569 -0.0764 0.9955
vn -0.7989 0.0409 -0.6001
vn 0.2929 -0.7953 -0.5307
vn -0.5279 0.0994 -0.8435
vn 0.1317 0.4418 -0.8874
vn 0.1968 -0.1256 0.9724
vn 0.2071 -0.1275 0.97
vn 0.2003 -0.1229 0.972
vn 0.6853 -0.6538 0.3208
vn -0.3844 0.0729 -0.9203
vn 0.5528 -0.5226 0.649
vn -0.3895 0.2741 -0.8793
vn 0.2949 -0.5795 -0.7597
vn 0.5774 0.1368 0.8049
vn 0.1559 -0.1917 0.969
vn -0.5654 0.3496 -0.7471
vn -0.5122 0.3957 -0.7623
vn 0.2012 -0.398 0.8951
vn 0.4575 -0.4029 0.7927
vn -0.509 0.5411 -0.6694
vn -0.7863 0.1993 -0.5849
vn 0.609 -0.1273 -0.7829
vn 0.5099 -0.2083 0.8346
vn -0.1167 -0.1962 -0.9736
vn 0.4436 0.1874 0.8764
vn 0.8416 -0.1888 -0.5061
vn 0.3997 -0.3031 0.8651
vn 0.8118 0.0488 0.5819
vn 0.9351 -0.3542 -0.0088
vn 0.1626 0.111 0.9804
vn 0.2139 0.1545 0.9646
vn -0.4193 0.1536 -0.8947
vn -0.3628 -0.1428 -0.9209
vn -0.6168 -0.0033 -0.7871
vn -0.3981 0.1297 -0.9081
vn -0.5071 0.0748 -0.8586
vn -0.2574 0.2864 0.9229
vn 0.9125 0.0025 0.4092
vn 0.5011 0.8071 -0.3123
vn -0.8644 -0.3265 0.3824
vn -0.9755 0.0855 -0.2028
vn -0.7898 -0.5515 0.2686
vn -0.6958 -0.7081 0.1204
vn -0.701 -0.7066 0.0967
vn -0.7738 -0.5816 -0.2511
vn -0.6416 -0.7668 0.0199
vn -0.7789 0.6262 0.033
vn -0.7787 0.5572 0.2882
vn -0.2232 0.2783 -0.9342
vn -0.9575 0.2113 -0.1962
vn -0.6312 -0.1428 -0.7623
vn -0.9078 0.3161 0.2755
vn 0.9995 0.0286 0.0141
vn 0.9856 -0.082 -0.1477
vn 0.9197 0.174 -0.352
vn 0.925 -0.3519 -0.1432
vn 0.9865 0.164 -0.0017
vn 0.8893 -0.3062 0.3397
vn 0.853 0.3033 0.4249
vn 0.1265 -0.1979 0.972
vn 0.3086 -0.8543 -0.4182
vn 0.6584 0.7309 0.1797
vn 0.9712 0.1381 -0.1943
vn -0.5457 0.8379 -0.0069
vn -0.1977 -0.3207 0.9263
vn -0.432 0.2439 -0.8683
vn 0.6162 -0.1397 0.7751
vn -0.4324 0.2432 -0.8683
vn -0.5941 0.469 -0.6535
vn 0.0377 -0.4481 0.8932
vn 0.5734 -0.2261 0.7875
vn 0.7637 -0.3298 0.555
vn 0.793 -0.3365 0.5079
vn 0.4742 -0.2866 0.8324
vn 0.8348 -0.0782 -0.545
vn 0.3895 0.1517 0.9085
vn -0.1805 0.2789 -0.9432
vn 0.6112 0.0884 -0.7865
vn -0.1112 0.2539 -0.9608
vn -0.0067 0.2386 -0.9711
vn 0.4068 -0.303 0.8618
vn 0.8042 -0.0223 0.5939
vn -0.5106 0.0059 0.8598
vn 0.8988 -0.3679 -0.2382
vn 0.4049 -0.5186 -0.7531
vn 0.0255 0.2063 -0.9782
vn 0.2212 0.0351 0.9746
vn 0.3612 0.9291 0.0788
vn -0.0244 0.9996 -0.0135
vn -0.3206 -0.6189 -0.717
vn -0.0721 0.2603 0.9628
vn -0.2686 -0.5665 -0.779
vn -0.3944 0.16 0.9049
vn 0.4261 0.7762 -0.4646
vn -0.8639 -0.3725 0.3389
vn -0.8677 -0.3692 0.3328
vn -0.8799 -0.3598 0.3104
vn -0.9271 -0.262 0.268
vn -0.4612 0.5479 0.6979
vn 0.9398 0.3227 0.1127
vn 0.9383 0.3259 0.1153
vn 0.9369 0.3287 0.119
vn -0.8929 0.1859 -0.4101
vn -0.8959 0.1868 -0.4032
vn -0.8961 0.1869 -0.4026
vn -0.8258 -0.3965 -0.4011
vn 0.2927 -0.9393 -0.1792
vn -0.949 -0.1658 -0.2682
vn -0.9726 0.2187 -0.0794
vn 0.8355 -0.148 0.5292
vn -0.4536 0.1475 -0.8789
vn -0.4702 0.1803 -0.8639
vn -0.4563 0.1527 -0.8766
vn 0.2356 -0.3 0.9244
vn 0.8058 -0.5921 -0.0052
vn -0.3748 0.7405 0.5578
vn -0.4351 0.2454 -0.8663
vn 0.7401 -0.3684 0.5626
vn 0.3334 -0.3906 0.8581
vn 0.1531 -0.4587 0.8753
vn 0.6036 -0.1643 0.7802
vn 0.5549 -0.2125 0.8043
vn 0.4219 0.1781 -0.889
vn -0.2857 0.6918 0.6631
vn -0.519 -0.249 0.8177
vn -0.8252 -0.1678 0.5393
vn 0.5616 -0.6393 0.5252
vn -0.692 0.0563 0.7197
vn -0.6947 0.0399 0.7182
vn -0.6955 0.0348 0.7177
vn -0.601 0.0606 0.7969
vn -0.7025 0.0593 0.7092
vn -0.397 0.0604 0.9158
vn 0.7075 0.052 -0.7048
vn -0.6981 0.0171 0.7158
vn -0.0101 0.2209 -0.9752
vn 0.837 0.1742 -0.5187
vn -0.375 -0.0459 0.9259
vn -0.3336 -0.1721 0.9269
vn -0.5989 -0.1115 0.793
vn -0.1975 0.4925 0.8476
vn -0.0807 0.2559 0.9633
vn -0.1574 0.4123 0.8973
vn -0.5189 -0.4542 -0.7242
vn -0.5845 0.0775 0.8077
vn 0.7254 0.6153 0.3086
vn 0.6997 0.6897 -0.1863
vn 0.9968 -0.0123 -0.0792
vn 0.9649 0.2598 0.0383
vn 0.871 0.4797 -0.1064
vn 0.9329 0.3592 -0.0251
vn 0.9851 0.1474 0.0891
vn 0.9846 0.1296 0.117
vn -0.6765 -0.5217 0.5198
vn -0.7648 -0.6141 -0.1947
vn -0.5474 -0.4593 -0.6996
vn 0.1997 -0.7531 -0.6269
vn -0.4365 -0.8686 0.2343
vn -0.4608 -0.8641 0.2024
vn -0.5959 0.0184 -0.8028
vn -0.8773 -0.1979 0.4372
vn -0.9387 -0.3324 0.0911
vn -0.9126 -0.4024 0.0724
vn -0.4384 0.1195 -0.8908
vn 0.6871 -0.6177 -0.3825
vn -0.0363 -0.2381 0.9706
vn 0.7553 -0.5879 -0.2897
vn -0.0193 -0.1999 0.9796
vn 0.5419 -0.3544 0.7621
vn 0.5413 -0.3585 0.7606
vn 0.2962 -0.2131 0.931
vn -0.0553 0.2921 -0.9548
vn 0.5992 -0.2198 0.7699
vn 0.6193 -0.1698 0.7666
vn 0.7679 -0.213 -0.6041
vn -0.2814 0.487 -0.8268
vn -0.3274 0.2115 -0.9209
vn -0.284 -0.8673 -0.4089
vn 0.1131 -0.5974 -0.7939
vn 0.0909 -0.3671 -0.9257
vn 0.2275 -0.4327 -0.8723
vn 0.1723 -0.3436 -0.9232
vn 0.7841 -0.4168 -0.4599
vn 0.8561 -0.1997 0.4767
vn -0.7067 -0.5178 -0.4821
vn 0.119 0.4498 -0.8852
vn -0.1461 0.1032 -0.9839
vn -0.3207 0.7314 0.6018
vn 0.3409 0.1112 -0.9335
vn -0.5738 0.0777 -0.8153
vn -0.757 -0.1075 -0.6446
vn 0.7762 0.627 0.0658
vn 0.5138 0.5704 0.6408
vn -0.8479 -0.3872 0.3623
vn 0.7805 0.5359 -0.3218
vn -0.7548 -0.0643 -0.6528
vn -0.899 0.1877 -0.3958
vn -0.5524 0.2704 -0.7885
vn -0.6345 -0.1041 0.7659
vn -0.8303 0.4881 0.269
vn -0.8372 0.4645 0.2886
vn -0.8187 0.32 -0.4768
vn 0.4453 -0.2833 0.8494
vn 0.4612 -0.2628 0.8475
vn 0.4847 -0.2405 0.8409
vn 0.5229 -0.2299 0.8208
vn 0.7197 -0.2907 0.6304
vn 0.9243 -0.3658 -0.109
vn 0.544 -0.246 0.8022
vn -0.3463 0.2543 -0.903
vn -0.0727 0.3391 -0.9379
vn -0.2793 0.275 -0.92
vn 0.342 -0.2341 0.9101
vn 0.938 0.1908 0.2896
vn 0.9388 0.1913 0.2866
vn 0.939 0.1885 0.2876
vn 0.3363 -0.3708 0.8657
vn -0.3424 0.4242 -0.8383
vn -0.1333 0.0559 0.9895
vn 0.8694 -0.3716 0.3257
vn 0.321 -0.3573 0.8771
vn 0.9352 -0.3327 0.1209
vn 0.2588 -0.0277 -0.9655
vn 0.0363 0.0735 0.9966
vn -0.0289 -0.1521 0.9879
vn -0.0789 -0.0141 0.9968
vn 0.0997 -0.3299 -0.9387
vn -0.6028 0.0523 0.7962
vn 0.1757 0.9844 -0.0016
vn -0.5888 0.3927 0.7065
vn -0.023 0.7671 0.6411
vn -0.106 0.7659 0.6342
vn -0.3349 0.7336 0.5913
vn 0.563 0.7599 0.325
vn 0.8539 0.4101 -0.3203
vn -0.7851 -0.3856 0.4846
vn -0.9008 0.1098 0.4201
vn 0.8445 0.4742 -0.249
vn -0.9687 0.1066 0.2244
vn -0.9964 -0.0056 0.0845
vn -0.9731 0.1948 0.1232
vn -0.9027 -0.3157 0.2923
vn -0.6515 -0.72 0.2389
vn -0.5677 -0.606 0.5572
vn -0.8197 -0.2581 0.5113
vn -0.7394 -0.4022 0.54
vn -0.8971 -0.0352 0.4404
vn -0.5061 -0.1169 0.8545
vn -0.9683 0.2294 -0.0984
vn -0.8018 0.5933 0.0715
vn 0.6208 -0.1193 0.7748
vn 0.5008 -0.3286 0.8007
vn -0.4967 0.1216 -0.8593
vn 0.8855 0.0266 0.4638
vn 0.9812 -0.0252 0.1912
vn -0.9956 0.0599 -0.0716
vn 0.7516 -0.6091 -0.2532
vn 0.3138 -0.3314 0.8898
vn 0.9152 0.1446 -0.3761
vn -0.1753 -0.3157 -0.9325
vn 0.8505 -0.5101 0.1283
vn 0.1022 -0.3493 0.9314
vn -0.091 -0.4405 0.8931
vn -0.1035 -0.4496 0.8872
vn 0.2522 -0.1055 -0.9619
vn 0.1624 0.3606 -0.9185
vn 0.1611 0.3846 -0.9089
vn 0.1607 0.3913 -0.9061
vn 0.5511 0.0088 0.8344
vn 0.6321 -0.4905 0.5999
vn 0.1681 0.1272 0.9775
vn 0.1671 0.1239 0.9781
vn 0.168 0.1254 0.9778
vn -0.6418 0.0327 0.7662
vn -0.3936 -0.0046 -0.9193
vn -0.0271 -0.1619 -0.9864
vn -0.226 -0.0819 -0.9707
vn 0.0267 0.1879 -0.9818
vn -0.3899 -0.093 0.9162
vn -0.2266 -0.0895 0.9699
vn -0.2209 -0.0169 0.9752
vn 0.3344 0.2913 0.8963
vn 0.8588 0.4914 -0.1448
vn 0.4786 0.5438 0.6894
vn 0.7603 0.5002 -0.4145
vn 0.9705 -0.0789 -0.228
vn -0.9953 -0.0304 0.0919
vn -0.7895 0.5402 0.2914
vn -0.2474 -0.0212 -0.9687
vn 0.1651 -0.1943 -0.967
vn -0.2426 -0.0624 -0.9681
vn 0.3065 -0.8891 0.3399
vn -0.1611 0.512 -0.8437
vn -0.2364 -0.5821 0.778
vn -0.7308 0.6063 0.3137
vn -0.7137 0.6034 0.3558
vn -0.7441 0.6063 0.2805
vn -0.127 0.2933 -0.9475
vn -0.0925 0.2821 -0.9549
vn 0.1381 0.1988 -0.9703
vn 0.0051 -0.2782 0.9605
vn 0.102 -0.1689 0.9803
vn -0.1602 0.4284 -0.8893
vn 0.7597 -0.3953 -0.5163
vn -0.2469 0.1339 -0.9597
vn 0.6236 -0.7816 0.0148
vn 0.5402 -0.2413 0.8062
vn 0.1592 0.4151 -0.8957
vn -0.1312 -0.4954 0.8587
vn 0.2921 -0.2065 -0.9338
vn 0.0035 -0.1647 -0.9863
vn 0.2859 0.1091 -0.952
vn -0.0407 -0.2234 0.9739
vn -0.0476 -0.2206 0.9742
vn -0.0541 -0.2241 0.9731
vn -0.051 0.1845 -0.9815
vn -0.0562 0.2098 -0.9761
vn -0.0466 0.1629 -0.9855
vn -0.0687 0.0301 0.9972
vn -0.0389 0.0776 0.9962
vn 0.5519 0.1267 0.8242
vn -0.359 -0.6463 -0.6734
vn -0.1846 -0.4925 -0.8505
vn -0.2668 -0.2003 0.9427
vn 0.2773 -0.082 -0.9573
vn -0.6398 0.2037 0.7411
vn 0.575 0.5203 -0.6314
vn 0.9782 0.2053 0.0304
vn -0.0874 0.4251 -0.9009
vn -0.794 -0.3729 0.4802
vn 0.7766 0.4213 0.4684
vn 0.696 0.5127 0.5027
vn -0.7954 -0.3919 0.4624
vn -0.9581 -0.2488 0.1419
vn -0.9501 -0.2268 0.2141
vn -0.9062 -0.2149 0.3642
vn -0.9082 -0.1116 0.4033
vn -0.8915 -0.2092 0.4019
vn -0.8114 -0.1322 -0.5693
vn -0.0689 -0.5103 0.8573
vn -0.3965 0.5017 -0.7688
vn -0.3407 0.6773 -0.6521
vn -0.3838 0.4357 -0.8142
vn -0.8323 0.3123 0.4579
vn -0.8327 0.3111 0.4581
vn -0.8316 0.3129 0.4589
vn -0.7281 0.6691 0.1489
vn -0.1662 -0.2479 0.9544
vn -0.1682 -0.2498 0.9536
vn -0.1688 -0.2488 0.9537
vn -0.4956 0.8684 -0.0123
vn -0.1867 -0.4269 0.8848
vn -0.8147 -0.5061 0.283
vn 0.174 0.3434 -0.9229
vn 0.0334 0.302 -0.9527
vn 0.1109 0.3286 -0.9379
vn -0.0113 0.2901 -0.9569
vn -0.0501 -0.233 0.9712
vn 0.9039 -0.3433 -0.2552
vn 0.8098 0.0823 0.5809
vn 0.896 -0.3573 -0.2636
vn 0.7851 -0.2979 -0.543
vn 0.8576 -0.3337 -0.3913
vn 0.9251 -0.3786 -0.0283
vn 0.9123 -0.3029 0.2758
vn 0.8002 -0.5979 0.0472
vn -0.0027 0.3533 -0.9355
vn 0.3272 -0.3126 0.8918
vn 0.3371 -0.3148 0.8873
vn 0.2292 -0.2947 0.9277
vn 0.1124 -0.2952 0.9488
vn -0.005 0.4947 -0.869
vn -0.1155 0.4788 -0.8703
vn 0.0004 0.4507 -0.8927
vn 0.7167 -0.3255 -0.6168
vn -0.1589 -0.4657 0.8705
vn -0.2872 -0.6885 -0.6659
vn -0.4811 -0.7468 -0.4592
vn -0.4416 -0.74 -0.5074
vn 0.2579 0.4207 -0.8698
vn 0.2468 0.462 -0.8519
vn 0.2522 0.4164 -0.8735
vn 0.0408 -0.1746 -0.9838
vn 0.0604 -0.1116 0.9919
vn 0.1214 -0.2192 -0.9681
vn -0.6905 0.0017 0.7233
vn 0.3081 0.8434 -0.4401
vn -0.0822 0.0926 -0.9923
vn -0.1302 -0.2696 -0.9541
vn 0.0107 -0.2887 -0.9573
vn -0.004 -0.3278 -0.9447
vn -0.323 -0.2374 -0.9162
vn -0.0633 -0.2526 -0.9655
vn -0.1534 0.0803 -0.9849
vn 0.9671 0.2484 0.0543
vn -0.0841 0.6605 0.7461
vn -0.4079 -0.805 0.4309
vn -0.7306 0.3012 0.6128
vn -0.6488 -0.0755 0.7572
vn -0.741 -0.6689 0.0584
vn 0.7223 0.6553 -0.2212
vn -0.8602 -0.4342 0.2676
vn -0.8494 -0.3808 0.3653
vn -0.7116 -0.1333 0.6898
vn -0.8299 -0.3256 0.453
vn -0.6861 -0.3228 -0.652
vn 0.0896 -0.3272 0.9407
vn 0.1801 -0.3473 0.9203
vn 0.0996 -0.3464 0.9328
vn 0.8849 -0.1454 -0.4425
vn 0.3429 -0.2747 0.8983
vn 0.1643 0.1883 -0.9683
vn 0.2229 -0.2931 0.9297
vn 0.1204 0.3999 -0.9086
vn -0.0805 0.3674 -0.9266
vn 0.9122 -0.3 0.2791
vn 0.8664 -0.0017 -0.4994
vn -0.2283 -0.6624 -0.7135
vn 0.2622 0.3781 -0.8878
vn -0.0399 -0.2872 0.957
vn -0.0204 -0.2649 0.9641
vn -0.0127 -0.2589 0.9658
vn -0.2579 -0.4647 0.8471
vn -0.463 -0.4004 0.7907
vn -0.7114 -0.2764 0.6462
vn -0.4752 0.2706 -0.8372
vn -0.4704 -0.0905 0.8778
vn -0.1631 -0.0966 0.9819
vn -0.5756 -0.4101 0.7075
vn -0.3428 0.0375 0.9387
vn -0.3445 0.2055 0.916
vn -0.2792 0.6152 -0.7373
vn -0.5413 0.7023 -0.4623
vn -0.0462 0.4832 -0.8743
vn 0.9317 0.0737 -0.3557
vn -0.6591 -0.3441 0.6687
vn 0.3837 0.9232 0.0191
vn 0.5096 0.8308 -0.2238
vn 0.9475 0.2912 -0.1318
vn -0.6925 -0.3348 0.639
vn -0.4595 0.1013 -0.8824
vn -0.8542 -0.5087 0.1077
vn -0.5177 0.4134 -0.749
vn -0.2123 0.3228 0.9224
vn -0.9358 -0.1963 0.293
vn -0.3625 -0.2228 0.9049
vn -0.3602 -0.2265 0.905
vn -0.3902 -0.2023 0.8982
vn 0.1121 -0.8075 0.5791
vn -0.3996 0.3285 -0.8558
vn -0.3829 0.2894 -0.8773
vn 0.2842 0.2416 -0.9278
vn 0.3739 0.2467 -0.894
vn 0.2928 0.2418 -0.9251
vn -0.1126 0.3746 -0.9203
vn 0.277 -0.2437 0.9295
vn 0.3108 -0.2659 0.9125
vn 0.1892 -0.1853 0.9643
vn 0.8243 -0.3827 -0.4173
vn 0.1201 -0.8119 0.5714
vn 0.9013 -0.0385 0.4316
vn 0.8337 0.3738 0.4065
vn 0.9331 -0.2091 0.2925
vn -0.3887 -0.5147 0.7642
vn -0.3991 -0.5065 0.7643
vn -0.3945 -0.5115 0.7634
vn 0.7233 0.1159 -0.6807
vn -0.1011 -0.1603 -0.9819
vn -0.007 -0.1369 -0.9906
vn -0.0739 -0.1537 -0.9854
vn 0.1156 -0.3121 0.943
vn -0.603 -0.2729 0.7496
vn 0.2324 -0.2904 -0.9282
vn -0.0544 0.1658 -0.9847
vn -0.5234 0.1224 0.8432
vn -0.4349 0.3312 0.8373
vn -0.2751 0.2435 0.9301
vn -0.3629 -0.1893 0.9124
vn -0.1757 -0.025 0.9841
vn 0.3824 -0.2033 -0.9013
vn 0.1892 -0.435 -0.8803
vn 0.5729 0.1211 -0.8106
vn 0.7475 0.6031 0.2784
vn 0.8187 0.5312 -0.2181
vn 0.3463 0.318 0.8826
vn 0.1646 -0.1781 -0.9702
vn -0.6313 -0.0095 0.7755
vn -0.2265 0.6101 -0.7593
vn 0.7506 -0.5002 0.4318
vn 0.608 0.7863 -0.1102
vn -0.4831 0.0293 0.8751
vn -0.6816 0.5973 0.4226
vn -0.0529 0.9574 -0.2839
vn -0.0536 0.9574 -0.2837
vn -0.0545 0.9571 -0.2846
vn -0.3783 0.1526 -0.913
vn -0.38 0.1555 -0.9118
vn -0.3783 0.1546 -0.9127
vn 0.1612 -0.1666 0.9728
vn 0.1118 -0.307 0.9451
vn -0.1625 0.5424 -0.8243
vn 0.8009 -0.4699 0.371
vn 0.3726 0.8548 0.3613
vn 0.8501 -0.3076 0.4274
vn 0.9064 -0.2555 -0.3364
vn -0.8486 0.2908 0.4419
vn -0.2751 0.1943 -0.9416
vn -0.9956 -0.0421 -0.0839
vn -0.08 -0.0634 0.9948
vn 0.0225 0.2203 -0.9752
vn 0.0423 0.2561 -0.9657
vn 0.0653 0.3083 -0.949
vn -0.7426 -0.1685 0.6481
vn -0.6519 -0.1718 0.7386
vn 0.5031 -0.0857 0.86
vn -0.0004 -0.2494 0.9684
vn 0.0081 0.1864 -0.9824
vn -0.2168 0.1264 -0.968
vn -0.0464 0.1443 -0.9885
vn 0.0162 -0.3261 -0.9452
vn -0.9502 -0.2478 -0.189
vn -0.9555 -0.2951 0.0023
vn -0.6821 0.7303 0.0382
vn -0.3414 -0.0006 -0.9399
vn -0.3791 -0.3167 0.8695
vn -0.4452 -0.0351 0.8947
vn -0.4577 -0.2458 -0.8544
vn 0.7187 -0.682 -0.1353
vn -0.0337 -0.1299 -0.991
vn -0.1753 0.3325 -0.9267
vn -0.1451 0.2038 -0.9682
vn -0.3205 -0.2551 0.9123
vn -0.6693 0.6994 0.2509
vn -0.5635 0.4008 0.7224
vn 0.2802 -0.2848 -0.9167
vn 0.3835 0.2467 -0.89
vn -0.4446 -0.1036 -0.8897
vn -0.3948 0.365 -0.8432
vn 0.1433 -0.2699 0.9522
vn -0.1239 0.2674 -0.9556
vn -0.108 0.2945 -0.9495
vn 0.7858 -0.3744 -0.4923
vn 0.8281 -0.1714 -0.5337
vn 0.8962 -0.2732 0.3495
vn -0.1769 0.2245 -0.9583
vn 0.821 -0.18 0.5419
vn 0.6517 -0.3351 0.6805
vn -0.0501 0.0487 -0.9976
vn 0.0139 -0.0284 0.9995
vn -0.0682 -0.0914 0.9935
vn -0.1515 -0.9678 -0.201
vn -0.1577 -0.9675 -0.1975
vn -0.1552 -0.9674 -0.2003
vn -0.3151 0.1599 0.9355
vn 0.6722 0.378 -0.6366
vn -0.0003 0.3856 0.9227
vn -0.0202 0.0934 -0.9954
vn -0.0159 0.0912 -0.9957
vn -0.011 0.088 -0.9961
vn -0.3902 -0.7303 0.5608
vn 0.8465 -0.0661 0.5282
vn 0.6905 0.1007 0.7163
vn -0.6512 -0.2687 0.7098
vn 0.009 -0.1027 0.9947
vn 0.434 0.0336 0.9003
vn -0.4354 -0.2121 -0.8749
vn -0.473 0.1518 -0.8679
vn -0.3894 0.3226 -0.8627
vn -0.2712 -0.192 0.9432
vn -0.191 0.328 0.9252
vn -0.1417 0.3401 -0.9296
vn -0.0525 0.9575 -0.2837
vn 0.0813 0.9916 0.1002
vn -0.0491 0.9846 -0.1679
vn 0.0072 0.9986 -0.0529
vn 0.415 -0.23 0.8803
vn 0.4815 -0.3024 0.8226
vn 0.1712 -0.2962 0.9397
vn -0.0746 0.4812 -0.8734
vn 0.0297 0.4147 -0.9095
vn 0.8704 -0.3988 0.2887
vn 0.1728 0.9487 0.2647
vn 0.9456 0.2822 0.1616
vn 0.2102 0.7333 -0.6466
vn 0.9805 -0.0411 -0.1923
vn -0.7189 -0.6279 -0.2982
vn -0.1611 0.2757 -0.9476
vn -0.0436 0.148 -0.988
vn -0.0567 0.0522 0.997
vn -0.025 0.0583 0.998
vn -0.0848 0.0685 0.994
vn -0.1668 -0.1206 -0.9786
vn 0.0291 0.5167 -0.8557
vn -0.3221 -0.4094 0.8536
vn -0.0113 -0.5358 0.8442
vn 0.0184 -0.4716 0.8816
vn -0.7388 -0.3469 0.5778
vn -0.537 0.0337 0.8429
vn 0.0808 -0.0559 0.9952
vn 0.0642 -0.044 0.997
vn -0.0825 -0.0603 0.9948
vn -0.2448 0.4337 -0.8672
vn -0.1828 0.3366 -0.9237
vn 0.1578 0.8943 0.4187
vn 0.1501 0.9842 0.0941
vn -0.2493 -0.3333 -0.9093
vn -0.3173 0.1396 -0.938
vn -0.2473 0.094 -0.9644
vn -0.1136 0.0006 -0.9935
vn -0.8241 0.2387 -0.5137
vn -0.9154 0.0151 -0.4024
vn -0.5681 0.4661 -0.6783
vn -0.0738 0.4221 -0.9035
vn -0.2006 0.4493 -0.8706
vn -0.7774 0.44 -0.4494
vn 0.9071 -0.1379 -0.3977
vn 0.0057 -0.0328 0.9994
vn 0.0005 -0.0311 0.9995
vn -0.0007 -0.0316 0.9995
vn 0.6726 -0.3551 -0.6492
vn 0.6313 -0.4585 -0.6254
vn 0.6355 -0.423 -0.6459
vn -0.0838 -0.9407 0.3287
vn -0.0575 0.1044 -0.9929
vn -0.0535 0.1081 -0.9927
vn -0.0697 0.1016 -0.9924
vn -0.2634 -0.2717 0.9256
vn 0.1326 0.8356 -0.533
vn 0.7289 0.5473 -0.4113
vn -0.8061 -0.2076 0.5541
vn -0.7588 -0.2874 0.5845
vn 0.3814 0.8851 0.2668
vn 0.2649 0.8721 0.4114
vn 0.5092 -0.3142 0.8012
vn 0.2568 -0.2256 0.9398
vn -0.3626 0.1622 -0.9177
vn -0.0377 0.2956 -0.9546
vn 0.288 0.3842 -0.8772
vn 0.2692 -0.2939 0.9171
vn 0.2349 0.4963 -0.8358
vn 0.3476 -0.1596 0.9239
vn 0.6757 -0.2819 -0.6811
vn -0.0515 -0.5061 0.8609
vn 0.5729 -0.5491 -0.6086
vn 0.5346 -0.0779 0.8415
vn -0.0168 -0.2545 0.9669
vn 0.3535 -0.3569 -0.8647
vn 0.087 -0.2951 -0.9515
vn 0.8451 -0.2989 -0.4433
vn -0.7913 0.4817 -0.3767
vn -0.0249 -0.1595 0.9869
vn -0.0543 -0.2451 0.968
vn 0.0064 0.4478 -0.8941
vn -0.1705 0.4443 -0.8795
vn -0.1703 0.4449 -0.8793
vn -0.1384 0.6485 0.7485
vn -0.4098 -0.234 0.8816
vn 0.1257 0.0716 0.9895
vn -0.0453 -0.0229 0.9987
vn 0.2717 0.7648 -0.5842
vn 0.2999 0.745 -0.5959
vn 0.1444 0.8394 -0.524
vn -0.0338 -0.0056 -0.9994
vn -0.0328 -0.0499 -0.9982
vn -0.4011 -0.4732 0.7844
vn -0.2813 -0.2758 0.9191
vn 0.9859 -0.1676 0.0023
vn 0.981 -0.1226 -0.15
vn -0.175 0.0552 0.983
vn -0.1152 0.0398 0.9925
vn -0.0454 0.0217 0.9987
vn 0.9204 -0.3888 0.0412
vn 0.5101 -0.3559 0.783
vn 0.0662 0.0515 0.9965
vn -0.1239 -0.0487 0.9911
vn 0.1572 0.7516 0.6406
vn 0.2005 0.2868 0.9368
vn 0.0912 0.4048 0.9098
vn 0.1165 0.3786 0.9182
vn 0.3722 -0.8797 0.296
vn 0.5202 -0.3794 -0.7651
vn 0.1944 -0.0172 0.9808
vn 0.7639 0.3349 -0.5517
vn 0.7486 0.4896 0.447
vn 0.3804 0.9212 0.0815
vn 0.1278 0.972 0.1974
vn -0.9458 -0.1388 0.2936
vn -0.5498 0.2174 0.8065
vn 0.473 0.3432 -0.8115
vn 0.3048 0.6248 -0.7189
vn -0.1083 0.2903 -0.9508
vn -0.1153 -0.5083 0.8534
vn 0.0678 -0.1992 0.9776
vn -0.3248 -0.7717 0.5468
vn 0.1301 -0.6139 0.7786
vn 0.0979 0.0227 0.9949
vn 0.0155 -0.1311 -0.9912
vn -0.8987 0.4216 -0.1212
vn -0.6545 -0.0276 0.7556
vn 0.0684 0.1284 -0.9894
vn 0.1536 0.5133 0.8443
vn 0.0438 0.9516 -0.3044
vn -0.1514 -0.413 -0.8981
vn 0.2585 -0.221 0.9404
vn 0.5558 0.7261 0.4049
vn 0.1277 -0.2554 0.9584
vn 0.4865 -0.3747 0.7893
vn -0.3404 -0.1452 -0.929
vn 0.5257 0.2995 0.7962
vn -0.181 -0.5883 0.7881
vn 0.1587 0.3174 -0.9349
vn -0.9598 -0.2781 0.0377
vn -0.6393 -0.2518 0.7266
vn -0.5574 -0.1897 0.8083
vn -0.7067 -0.0757 0.7034
vn -0.1843 -0.3238 0.928
vn -0.1425 -0.4095 0.9011
vn 0.3589 0.2639 -0.8953
vn 0.0731 0.4082 -0.9099
vn -0.2785 -0.8951 0.3482
vn 0.0816 -0.7086 0.7009
vn -0.7708 -0.32 -0.5508
vn -0.1734 -0.0906 0.9807
vn -0.2963 -0.0723 0.9523
vn 0.163 0.0597 -0.9848
vn 0.1947 0.2462 0.9494
vn 0.3322 -0.4275 0.8408
vn -0.1709 0.4437 -0.8797
vn 0.0959 0.0826 -0.992
vn 0.5888 0.0154 0.8082
vn 0.4362 -0.2161 0.8735
vn 0.8146 0.2544 -0.5212
vn 0.1598 0.636 -0.7549
vn 0.114 0.828 -0.549
vn -0.0032 0.9999 -0.0136
vn 0.212 0.0195 0.9771
vn 0.7854 0.5045 0.3587
vn 0.8907 -0.0966 0.4441
vn 0.8711 0.1521 -0.4669
vn 0.8827 0.1397 -0.4486
vn 0.8473 0.1448 -0.511
vn 0.5456 -0.2853 0.788
vn 0.5081 0.318 -0.8004
vn 0.5007 0.2601 -0.8256
vn 0.1423 0.6584 -0.7391
vn -0.9614 -0.2491 -0.1168
vn -0.005 0.5432 -0.8396
vn -0.9772 -0.2096 -0.033
vn -0.7853 -0.5764 -0.2258
vn 0.114 -0.13 -0.9849
vn -0.0722 0.0989 -0.9925
vn 0.2244 0.1145 -0.9677
vn 0.0305 0.0185 -0.9994
vn 0.1358 0.0706 -0.9882
vn 0.0406 -0.3666 -0.9295
vn -0.1392 0.4313 0.8914
vn -0.1731 0.3569 -0.918
vn 0.081 0.532 -0.8428
vn 0.1405 0.6683 -0.7305
vn 0.1007 0.5783 -0.8096
vn -0.1262 0.6365 0.7609
vn 0.9997 -0.0116 0.0216
vn 0.4479 -0.4523 0.7713
vn 0.4143 -0.4984 -0.7616
vn 0.4716 -0.0736 0.8787
vn 0.1746 0.0555 0.9831
vn 0.6994 0.3486 0.6239
vn 0.7874 0.6032 0.1268
vn 0.7632 -0.0037 -0.6461
vn 0.8291 0.1559 -0.537
vn -0.1481 -0.052 0.9876
vn 0.8123 -0.0336 -0.5823
vn 0.6982 0.1531 -0.6993
vn 0.594 0.2463 -0.7658
vn 0.4948 0.3206 -0.8077
vn -0.2067 -0.2745 0.9391
vn -0.2444 -0.2655 0.9326
vn -0.101 -0.2885 0.9521
vn 0.4756 0.3336 -0.8139
vn -0.224 -0.2935 0.9293
vn -0.6439 0.5393 -0.5427
vn -0.7797 -0.3455 0.5222
vn -0.8423 -0.1937 -0.503
vn -0.8693 0.0049 -0.4942
vn -0.749 0.022 -0.6622
vn -0.8922 -0.3578 0.2755
vn -0.776 0.2759 -0.5671
vn -0.338 0.4772 -0.8112
vn 0.0896 -0.6551 0.7503
vn 0.1856 -0.8201 0.5413
vn 0.1583 -0.7825 0.6022
vn 0.0667 -0.6145 0.7861
vn -0.2807 -0.828 -0.4854
vn 0.181 0.1281 0.9751
vn 0.125 0.0664 -0.9899
vn 0.1132 -0.1448 -0.983
vn 0.2534 -0.2249 0.9409
vn 0.6178 0.097 0.7803
vn -0.0764 0.7082 0.7019
vn 0.8166 -0.5383 0.2085
vn 0.8878 -0.0494 0.4576
vn 0.8956 -0.1785 0.4076
vn 0.9395 -0.2877 -0.1861
vn 0.6143 -0.2598 0.7451
vn 0.1035 0.0283 -0.9942
vn 0.1371 0.6304 -0.764
vn 0.523 0.1998 -0.8286
vn 0.303 -0.053 0.9515
vn 0.2188 -0.0146 0.9757
vn 0.4448 -0.1197 0.8876
vn -0.0535 0.9743 0.2188
vn 0.9817 -0.0286 -0.1881
vn 0.1107 0.8553 -0.5062
vn 0.577 0.1665 -0.7996
vn 0.0325 -0.3072 0.9511
vn 0.5033 0.2608 -0.8238
vn 0.4095 0.2242 -0.8843
vn -0.1887 -0.3528 0.9165
vn -0.2473 -0.2403 0.9386
vn -0.1999 -0.3351 0.9207
vn -0.0976 -0.46 0.8825
vn -0.122 0.6589 -0.7422
vn 0.3517 -0.0517 -0.9347
vn 0.349 -0.0584 -0.9353
vn 0.3515 -0.0521 -0.9347
vn -0.5281 -0.5961 0.6048
vn -0.1866 0.2917 -0.9381
vn -0.7582 0.276 -0.5907
vn -0.9388 -0.3165 -0.1362
vn -0.6573 -0.4964 -0.5671
vn -0.0763 -0.2265 0.971
vn -0.6669 -0.3232 -0.6714
vn -0.6301 -0.646 0.431
vn -0.211 -0.4313 -0.8772
vn 0.0493 -0.0875 0.9949
vn -0.1065 -0.0076 0.9943
vn -0.8868 0.4584 -0.0578
vn 0.0291 0.1204 -0.9923
vn 0.4108 0.185 0.8927
vn 0.2038 0.7978 -0.5674
vn 0.2507 -0.0319 -0.9675
vn 0.4368 -0.583 -0.685
vn 0.4805 0.0789 0.8734
vn 0.7928 -0.3539 0.4961
vn 0.3375 0.3573 -0.8709
vn 0.0079 0.5334 0.8458
vn 0.4591 0.2513 -0.8521
vn -0.2153 0.8995 0.3802
vn 0.8244 0.15 -0.5457
vn 0.357 -0.2034 0.9117
vn 0.8265 0.061 -0.5596
vn -0.2668 -0.1967 0.9435
vn 0.4307 0.2791 -0.8583
vn 0.3541 -0.0454 -0.9341
vn -0.4536 0.0901 0.8867
vn 0.4377 -0.8484 0.2977
vn 0.5241 -0.8352 0.1664
vn 0.3938 -0.8492 0.3517
vn -0.4581 0.1504 0.8761
vn 0.012 0.0069 0.9999
vn -0.1937 -0.0696 -0.9786
vn -0.2225 -0.2492 0.9426
vn 0.0175 0.1709 -0.9851
vn 0.0171 0.1691 -0.9855
vn 0.016 0.172 -0.985
vn 0.1942 0.0611 0.979
vn 0.2021 0.8372 0.5082
vn 0.2521 0.169 0.9528
vn 0.4972 0.5137 0.6992
vn 0.1335 -0.1426 0.9807
vn 0.1391 0.7003 0.7002
vn 0.6968 -0.3235 0.6402
vn 0.8932 0.3332 0.302
vn 0.0623 -0.1192 -0.9909
vn -0.952 0.2327 -0.1988
vn 0.7046 0.4292 0.565
vn 0.6176 -0.627 0.4748
vn 0.722 -0.5319 -0.4425
vn 0.4939 -0.1435 0.8576
vn 0.6058 -0.1126 -0.7876
vn 0.8513 -0.0341 0.5235
vn 0.6238 0.7763 0.0907
vn 0.6252 -0.3232 -0.7104
vn -0.9835 0.0125 -0.1806
vn -0.961 -0.2723 0.0476
vn -0.8878 -0.4598 0.0204
vn -0.9695 0.088 -0.2289
vn -0.8758 -0.1784 0.4485
vn -0.1626 -0.4638 0.8709
vn -0.7692 -0.1774 -0.6138
vn -0.3032 -0.8929 0.3328
vn -0.3049 -0.5067 0.8064
vn -0.1422 -0.1372 -0.9803
vn -0.0228 -0.1459 -0.989
vn -0.098 -0.2309 0.968
vn -0.2219 -0.9582 -0.1808
vn 0.0554 -0.2483 0.9671
vn -0.9539 0.0736 0.291
vn 0.1368 -0.1918 0.9718
vn 0.2354 -0.2364 0.9427
vn 0.3545 -0.248 0.9016
vn 0.1279 -0.179 0.9755
vn 0.2106 -0.3584 -0.9095
vn 0.059 -0.4778 -0.8765
vn 0.2716 -0.3044 -0.913
vn 0.3437 0.115 0.932
vn 0.338 0.1116 0.9345
vn 0.3369 0.111 0.935
vn 0.0365 0.5365 0.8431
vn 0.217 0.2678 0.9387
vn -0.9782 0.1771 0.1084
vn -0.6981 0.7103 0.0898
vn 0.4428 0.6654 0.601
vn 0.5092 0.6445 0.5705
vn 0.7034 0.4299 0.5661
vn -0.9438 0.2 -0.2632
vn 0.5318 0.6309 0.5649
vn -0.5765 0.8056 0.1366
vn 0.5158 0.379 0.7683
vn 0.5167 0.3802 0.7671
vn 0.9736 -0.0916 0.209
vn 0.9791 -0.1742 0.1053
vn 0.9872 -0.1015 0.1229
vn 0.97 -0.2249 0.0926
vn 0.9458 -0.3175 0.0682
vn 0.2394 -0.7703 -0.591
vn 0.9006 0.0424 -0.4326
vn 0.9527 0.0017 0.304
vn 0.7757 -0.4215 0.4696
vn 0.6139 -0.6282 0.478
vn 0.5053 -0.6204 0.5998
vn 0.5624 -0.6265 0.5396
vn 0.7036 0.0313 0.7099
vn 0.6848 0.4013 -0.6083
vn 0.7949 0.2011 -0.5724
vn -0.7977 -0.5225 0.3012
vn 0.7561 0.5159 0.4027
vn 0.8347 -0.2324 0.4992
vn -0.4617 0.2841 -0.8403
vn -0.9017 -0.4261 0.0732
vn -0.9737 0.1976 0.1135
vn -0.9376 0.2194 -0.2696
vn -0.8629 -0.267 0.4292
vn -0.5726 -0.1405 -0.8077
vn 0.4991 0.1729 0.8491
vn -0.9193 0.3924 0.0294
vn -0.0352 0.0438 -0.9984
vn 0.2896 0.3095 0.9057
vn 0.0224 0.5947 0.8036
vn -0.8809 0.2888 -0.3751
vn 0.0277 -0.9078 0.4184
vn -0.5656 0.8198 0.0892
vn 0.8679 -0.1968 0.4561
vn -0.3773 0.4224 -0.8242
vn 0.6115 -0.1601 0.7749
vn 0.0338 -0.1781 -0.9834
vn 0.9304 0.159 0.3303
vn 0.4873 0.7181 -0.4969
vn 0.2863 -0.0399 0.9573
vn 0.2817 -0.0368 0.9588
vn 0.2769 -0.0388 0.9601
vn -0.9424 -0.0366 -0.3325
vn -0.9806 -0.0414 -0.1915
vn -0.9501 -0.0269 -0.3107
vn -0.8861 -0.461 0.0482
vn -0.8596 -0.4344 -0.269
vn -0.8536 -0.4952 -0.162
vn -0.8443 -0.4436 0.3007
vn -0.7885 -0.1869 -0.586
vn -0.785 -0.0911 -0.6127
vn -0.7623 0.2856 -0.5808
vn -0.872 -0.3453 0.3469
vn -0.6128 -0.4219 0.6682
vn -0.8612 0.0283 -0.5075
vn -0.8488 -0.3551 0.3917
vn -0.3234 0.289 -0.9011
vn 0.2007 0.0451 0.9786
vn -0.1849 -0.0684 -0.9804
vn -0.1014 -0.2686 0.9579
vn -0.1177 -0.2608 0.9582
vn -0.0931 -0.2726 0.9576
vn 0.2696 0.1207 0.9554
vn 0.0286 0.3516 0.9357
vn 0.1812 0.2104 0.9607
vn -0.674 -0.6257 0.3926
vn -0.6711 -0.629 0.3924
vn -0.6708 -0.6286 0.3936
vn -0.2602 -0.1946 -0.9457
vn 0.1146 -0.1205 0.9861
vn 0.4161 0.3448 -0.8414
vn 0.4147 0.3378 -0.8449
vn 0.4327 0.4407 -0.7865
vn 0.0401 -0.0592 0.9974
vn -0.1466 0.0188 0.989
vn 0.9223 -0.3848 0.0367
vn -0.2859 0.1386 0.9482
vn -0.708 0.1986 0.6777
vn 0.0467 -0.2048 -0.9777
vn -0.0306 -0.1267 -0.9915
vn -0.3361 0.1845 -0.9236
vn -0.735 0.5051 -0.4524
vn 0.1049 0.5269 -0.8434
vn 0.1355 0.6887 0.7123
vn 0.2099 0.6807 0.7019
vn 0.789 0.4368 0.4321
vn -0.7182 0.6882 0.1024
vn 0.8188 -0.5734 -0.0281
vn -0.6453 0.6412 -0.4152
vn 0.7275 0.0645 0.683
vn 0.7124 0.6647 0.2251
vn 0.8797 -0.0464 0.4733
vn 0.6227 0.1158 -0.7739
vn 0.776 -0.3117 0.5484
vn -0.4424 -0.8223 -0.3579
vn 0.7637 -0.391 0.5137
vn -0.395 0.1934 -0.8981
vn 0.2119 -0.1099 -0.9711
vn 0.978 0.1228 -0.1685
vn -0.2935 0.1892 -0.9371
vn 0.8952 0.3405 -0.2874
vn 0.8164 0.5756 0.047
vn 0.7796 0.5904 0.209
vn 0.5615 0.53 0.6355
vn 0.6137 0.7425 0.2686
vn -0.9215 -0.3825 -0.0676
vn -0.7338 -0.1309 -0.6666
vn -0.6774 0.0271 -0.7351
vn -0.9383 -0.0568 -0.3411
vn -0.0699 0.0609 0.9957
vn -0.069 0.0551 0.9961
vn -0.0667 0.0606 0.9959
vn -0.9929 -0.068 -0.0973
vn -0.5461 0.3521 -0.7601
vn -0.5475 0.3525 -0.759
vn -0.5445 0.3526 -0.761
vn 0.2274 -0.8521 0.4714
vn -0.7708 0.1806 -0.611
vn -0.8088 -0.2259 -0.5429
vn -0.4169 -0.4223 0.8049
vn -0.3992 -0.4581 0.7942
vn -0.4532 -0.3274 0.8291
vn -0.042 0.154 -0.9872
vn -0.2608 -0.0053 -0.9654
vn -0.3062 -0.6888 -0.6571
vn -0.0602 -0.288 0.9557
vn -0.3307 -0.6405 -0.6931
vn 0.1032 0.0721 0.992
vn -0.9776 -0.1148 -0.1762
vn -0.9877 -0.0609 0.144
vn -0.805 -0.5713 -0.1598
vn 0.1773 0.1371 0.9746
vn 0.0645 0.0961 -0.9933
vn -0.2505 0.417 -0.8737
vn -0.1196 0.0109 0.9928
vn -0.2062 0.1258 -0.9704
vn 0.7642 -0.2782 0.5819
vn 0.8085 -0.1359 0.5725
vn 0.8623 -0.1247 0.4908
vn 0.9351 -0.107 0.3378
vn -0.8989 0.4382 0.0077
vn -0.9048 0.4255 0.0161
vn -0.8957 0.4446 0.0081
vn -0.9862 -0.1483 -0.0736
vn 0.891 -0.3411 -0.2997
vn 0.9786 0.0405 -0.2016
vn 0.171 0.2299 -0.9581
vn 0.2882 0.5481 -0.7851
vn 0.2895 0.5526 -0.7816
vn 0.1887 0.4234 -0.8861
vn 0.6271 0.73 -0.2718
vn 0.8211 0.5188 -0.2378
vn 0.3955 -0.0459 0.9173
vn 0.4326 -0.0301 0.9011
vn 0.7236 0.0804 0.6855
vn -0.9868 -0.0425 0.1562
vn -0.9805 -0.0803 0.1795
vn -0.9823 -0.0703 0.1734
vn -0.9771 -0.0969 0.1896
vn 0.7505 0.0953 0.6539
vn -0.5879 0.0889 0.8041
vn -0.8144 -0.2207 -0.5367
vn -0.5012 -0.1562 0.8511
vn -0.6677 -0.7193 0.1918
vn -0.56 -0.0753 -0.8251
vn -0.4769 -0.4745 0.7398
vn -0.4757 -0.4737 0.7412
vn -0.4787 -0.4744 0.7388
vn 0.9352 0.2823 -0.2139
vn -0.033 0.348 -0.9369
vn -0.1075 0.1804 -0.9777
vn -0.0745 0.2566 -0.9636
vn -0.8182 0.2816 -0.5013
vn 0.0994 -0.019 -0.9949
vn 0.8789 -0.1912 -0.4371
vn 0.7029 -0.1734 -0.6898
vn 0.8815 -0.191 -0.4319
vn 0.2051 0.1614 0.9653
vn -0.0591 -0.2032 0.9773
vn -0.0601 -0.2018 0.9776
vn -0.0591 -0.2105 0.9758
vn -0.0592 -0.2141 0.975
vn 0.3543 0.0283 0.9347
vn 0.2029 0.1934 -0.9599
vn -0.0356 -0.9306 -0.3643
vn 0.5492 -0.2218 0.8057
vn -0.4895 -0.8294 0.2691
vn 0.197 0.8898 0.4117
vn 0.2628 0.9579 0.116
vn 0.2017 0.9062 0.3717
vn 0.1038 0.7318 0.6736
vn 0.4843 -0.2605 0.8353
vn 0.4851 -0.2565 0.836
vn 0.4823 -0.264 0.8353
vn -0.2184 0.0412 0.975
vn 0.9378 -0.0285 -0.346
vn 0.7056 0.2766 0.6524
vn 0.3301 -0.2155 -0.919
vn 0.5926 0.0573 -0.8035
vn -0.4354 0.295 -0.8505
vn -0.9103 0.3066 0.2781
vn -0.8924 0.4512 0.0059
vn -0.6648 0.7382 0.1145
vn 0.7609 0.4862 -0.4298
vn -0.4168 0.31 0.8545
vn 0.9364 0.3424 0.0772
vn 0.8307 -0.5559 0.0292
vn 0.9867 -0.0125 -0.1618
vn 0.2107 -0.744 0.6341
vn 0.4836 -0.5551 0.6767
vn 0.5737 -0.538 0.6176
vn 0.5081 -0.551 0.662
vn 0.4391 -0.6089 0.6606
vn 0.6522 -0.2871 -0.7016
vn 0.8542 0.1709 -0.491
vn 0.3597 0.7786 -0.5141
vn 0.947 0.1043 0.3039
vn 0.3469 -0.0716 0.9352
vn 0.3885 -0.0207 0.9212
vn 0.5433 0.0328 -0.8389
vn -0.9576 -0.1056 0.2679
vn -0.3822 0.1284 -0.9151
vn -0.3778 0.0566 -0.9242
vn 0.2203 -0.0009 0.9754
vn 0.2179 0.0022 0.976
vn 0.2144 0.0033 0.9767
vn 0.2755 0.0228 0.961
vn -0.5551 0.2586 0.7906
vn -0.9143 0.1267 -0.3847
vn 0.299 0.1147 0.9473
vn -0.3952 0.0959 -0.9136
vn -0.3792 0.1106 -0.9187
vn -0.467 0.0025 -0.8843
vn -0.8731 -0.4494 0.1891
vn -0.7128 0.0506 0.6995
vn -0.8134 0.0962 -0.5738
vn 0.9632 0.2598 0.0687
vn 0.0268 -0.7414 0.6705
vn -0.5443 -0.0473 0.8375
vn 0.7823 0.6196 -0.0644
vn 0.0452 -0.2544 0.966
vn 0.5641 -0.82 0.0966
vn 0.5643 -0.8193 0.1016
vn 0.2376 -0.547 0.8027
vn -0.0304 -0.3191 0.9472
vn -0.3695 -0.4342 0.8216
vn -0.8698 -0.2179 -0.4428
vn -0.0665 -0.0439 -0.9968
vn 0.0888 -0.1744 0.9807
vn 0.0176 -0.1331 0.9909
vn 0.0441 -0.1197 0.9918
vn -0.7677 -0.5614 0.309
vn 0.7108 0.3405 0.6154
vn -0.2028 -0.3996 -0.894
vn 0.766 -0.5789 0.2796
vn -0.2189 0.0494 0.9745
vn 0.122 0.0617 -0.9906
vn -0.0057 0.6128 0.7902
vn -0.8697 0.2419 0.4303
vn -0.6688 0.1183 -0.734
vn -0.2505 0.2843 0.9254
vn -0.9975 0.0423 -0.0573
vn -0.9415 -0.0823 0.3269
vn 0.0705 0.558 -0.8268
vn -0.5681 0.5592 -0.6038
vn -0.7551 0.4929 -0.4323
vn -0.9127 0.3614 -0.1906
vn 0.9314 -0.0411 0.3618
vn 0.9785 -0.0856 0.1874
vn 0.3618 0.8769 -0.3165
vn 0.8629 0.3802 -0.3329
vn 0.8699 -0.483 -0.1005
vn 0.9547 -0.1242 0.2703
vn -0.045 -0.9171 0.3961
vn 0.5453 -0.7089 0.4474
vn 0.2359 -0.83 0.5053
vn 0.49 -0.6841 0.5403
vn 0.6172 0.778 -0.1177
vn 0.9853 0.1708 -0.006
vn -0.9417 -0.3188 0.1075
vn -0.9675 -0.2484 0.0476
vn -0.9818 -0.19 -0.001
vn -0.9208 -0.2618 -0.2891
vn -0.952 -0.2736 0.1373
vn -0.9575 -0.2689 -0.1039
vn -0.5686 -0.2557 0.7819
vn 0.4158 -0.4487 0.7911
vn 0.7433 -0.0531 0.6668
vn 0.2733 -0.5625 0.7804
vn -0.4868 -0.0132 -0.8734
vn 0.8148 -0.5292 -0.2368
vn -0.8647 0.0735 -0.4969
vn 0.5594 -0.0281 0.8284
vn -0.8514 -0.4929 0.1795
vn -0.2704 -0.4427 0.8549
vn 0.2689 0.3421 -0.9004
vn 0.3051 0.1583 -0.9391
vn 0.4186 0.4793 -0.7714
vn -0.7082 -0.0102 0.7059
vn -0.8752 -0.1525 0.4591
vn 0.9622 0.2675 0.0501
vn -0.0364 -0.3464 0.9374
vn -0.5959 -0.2299 0.7694
vn 0.0272 -0.0021 -0.9996
vn -0.349 -0.0772 0.934
vn -0.8659 -0.4206 0.2707
vn -0.9692 0.1428 0.2007
vn -0.7384 -0.4545 0.4983
vn 0.3807 0.2657 0.8857
vn 0.1895 -0.0037 -0.9819
vn -0.2833 -0.77 0.5717
vn 0.453 0.8841 0.1148
vn 0.0169 -0.269 0.963
vn 0.7113 -0.1995 0.674
vn -0.2037 -0.0221 0.9788
vn 0.1804 0.4515 0.8739
vn 0.5558 0.6336 0.5381
vn 0.4082 -0.2846 0.8674
vn 0.1613 -0.2108 -0.9641
vn -0.9975 -0.071 0.0004
vn -0.4565 -0.0776 0.8863
vn -0.4046 0.7169 0.5678
vn -0.4741 0.7672 0.432
vn -0.4022 0.7691 0.4967
vn -0.7748 0.5378 -0.3325
vn 0.3648 0.843 -0.3953
vn 0.8593 0.3663 0.3569
vn 0.1707 0.6491 -0.7413
vn 0.9905 0.1342 -0.029
vn 0.9879 0.1067 -0.1129
vn 0.812 0.2912 -0.5058
vn -0.1533 0.906 0.3946
vn 0.5487 -0.5795 0.6026
vn 0.3829 -0.5674 0.729
vn 0.3529 -0.8917 -0.2835
vn 0.9247 0.3567 0.1332
vn 0.2896 0.3036 -0.9077
vn -0.7955 -0.2191 -0.565
vn -0.9711 -0.2147 0.1041
vn -0.8199 -0.3442 -0.4574
vn -0.5638 0.1057 -0.8191
vn -0.5816 0.1267 -0.8035
vn -0.5723 0.1157 -0.8118
vn -0.7667 -0.1584 0.6222
vn 0.8241 0.1401 0.5489
vn -0.9213 -0.2292 0.3141
vn -0.8532 -0.0541 0.5188
vn -0.5277 -0.176 0.831
vn 0.2788 -0.2997 0.9124
vn -0.7949 -0.3444 0.4996
vn 0.3543 0.387 -0.8513
vn -0.8669 0.178 0.4655
vn 0.0758 -0.7699 0.6336
vn 0.5393 0.7661 -0.3496
vn 0.2864 0.3401 -0.8957
vn 0.952 -0.0398 0.3034
vn 0.9645 -0.0243 0.263
vn 0.9874 0.0162 0.1576
vn -0.7018 -0.404 0.5867
vn 0.9912 0.0253 0.1297
vn 0.991 0.0249 0.1318
vn -0.668 -0.0271 -0.7436
vn -0.6461 -0.7555 -0.1084
vn -0.7384 0.0275 -0.6738
vn -0.9695 -0.1463 0.1968
vn 0.9478 -0.0669 0.3117
vn -0.2576 -0.1345 -0.9568
vn 0.9564 -0.0035 0.2921
vn 0.3465 0.1748 -0.9216
vn 0.4362 0.4654 -0.7702
vn 0.5299 0.0371 0.8473
vn 0.5795 0.0608 0.8127
vn -0.2086 -0.0268 0.9776
vn 0.8139 -0.0418 0.5795
vn -0.9308 0.2493 0.2675
vn -0.9625 0.228 0.147
vn -0.5667 0.1653 0.8072
vn -0.3771 0.0879 0.922
vn -0.4254 0.0659 0.9026
vn -0.4992 0.1968 -0.8438
vn 0.0295 0.1562 0.9873
vn -0.8752 0.4831 0.0239
vn 0.0318 0.7721 0.6347
vn 0.4695 0.7896 0.395
vn 0.4753 0.7877 0.3919
vn 0.472 0.7896 0.392
vn 0.7127 -0.2767 -0.6445
vn 0.2248 -0.6505 0.7254
vn 0.4596 -0.8384 0.293
vn -0.1662 0.986 0.0111
vn 0.7625 -0.5232 0.3806
vn -0.6554 -0.3402 0.6744
vn -0.3163 -0.1871 0.93
vn -0.3849 -0.1772 0.9058
vn -0.4787 -0.1498 0.8651
vn 0.6777 0.5513 -0.4865
vn 0.592 0.1761 0.7865
vn 0.7643 0.0985 0.6373
vn 0.8689 0.0333 0.4938
vn -0.8622 -0.2402 -0.446
vn 0.8569 0.4054 0.3185
vn -0.8519 -0.0595 0.5202
vn 0.226 0.3867 -0.8941
vn 0.0151 0.2378 -0.9712
vn -0.2262 0.0472 -0.9729
vn -0.6674 -0.6525 0.3588
vn -0.259 -0.0628 0.9638
vn -0.4849 -0.4178 0.7683
vn -0.0463 -0.2781 0.9595
vn -0.1221 0.4111 -0.9034
vn -0.0287 0.1112 -0.9934
vn -0.0154 -0.3221 0.9466
vn 0.4545 -0.1986 -0.8683
vn -0.6372 -0.4956 0.5902
vn -0.3629 0.2253 -0.9042
vn -0.8558 -0.1543 0.4937
vn -0.2984 -0.0317 -0.9539
vn -0.2989 -0.4351 -0.8493
vn -0.1435 0.0941 -0.9852
vn 0.0235 -0.112 0.9934
vn 0.8976 0.3745 0.2325
vn -0.7221 0.0408 0.6906
vn 0.5667 0.1696 -0.8063
vn 0.564 0.1872 -0.8043
vn 0.5683 0.1335 -0.8119
vn 0.2563 0.1131 -0.96
vn 0.6948 0.0288 -0.7186
vn -0.0403 0.1274 0.991
vn 0.5474 -0.2843 0.7871
vn 0.3303 0.1071 0.9378
vn 0.1031 0.4727 0.8752
vn 0.3972 0.7424 0.5395
vn -0.732 0.5987 -0.3252
vn -0.7675 0.5564 -0.3183
vn -0.3524 0.6025 0.7161
vn 0.8155 0.4766 -0.3284
vn 0.8151 0.4768 -0.3289
vn -0.9194 -0.3647 0.1474
vn -0.6628 -0.0491 0.7472
vn -0.3956 0.3341 -0.8555
vn -0.5538 0.0941 -0.8273
vn -0.2647 -0.3468 0.8998
vn -0.3408 0.1496 0.9282
vn 0.2033 -0.0658 0.9769
vn 0.4414 -0.163 0.8824
vn -0.0273 -0.2645 0.964
vn -0.0155 -0.801 0.5985
vn -0.0993 -0.9939 -0.0478
vn 0.0667 0.2806 -0.9575
vn 0.0711 0.2637 -0.962
vn 0.0682 0.3067 -0.9494
vn 0.0883 0.2798 -0.956
vn -0.4603 0.474 -0.7507
vn -0.3385 -0.2179 0.9154
vn -0.1591 -0.1071 -0.9814
vn 0.0171 -0.1737 0.9847
vn -0.016 -0.3203 0.9472
vn 0.3161 -0.0284 0.9483
vn -0.2801 -0.943 0.1797
vn 0.5245 -0.0277 -0.8509
vn -0.8701 0.0299 0.492
vn -0.7992 0.0202 0.6007
vn -0.7848 0.0205 0.6194
vn -0.887 0.0314 0.4606
vn 0.0373 -0.2641 0.9638
vn 0.1033 -0.173 0.9795
vn 0.1214 -0.1321 0.9838
vn -0.0684 0.3703 0.9264
vn 0.3635 0.1015 -0.9261
vn -0.0054 -0.0275 -0.9996
vn -0.0106 0.093 -0.9956
vn 0.0074 0.0482 -0.9988
vn -0.2274 -0.4812 -0.8466
vn 0.2943 0.1 0.9505
vn -0.104 0.0793 -0.9914
vn -0.1213 0.1185 -0.9855
vn -0.1623 0.2127 -0.9636
vn 0.0204 0.6794 0.7335
vn 0.0096 0.7063 0.7079
vn 0.0144 0.6945 0.7194
vn -0.5873 0.6241 -0.5154
vn -0.6574 0.1064 0.746
vn 0.3909 0.7285 -0.5625
vn 0.1933 0.9425 0.2726
vn -0.5674 -0.1633 -0.8071
vn -0.209 0.0388 -0.9771
vn -0.2163 -0.1713 0.9612
vn -0.6194 -0.4119 0.6683
vn -0.1846 0.1405 -0.9727
vn 0.4026 0.2387 0.8837
vn -0.3309 0.0667 -0.9413
vn -0.9845 -0.16 -0.0724
vn -0.8962 0.3688 -0.2466
vn -0.6648 0.2754 0.6944
vn -0.6068 -0.7572 0.2416
vn -0.2388 -0.7138 0.6584
vn 0.5181 -0.1296 0.8454
vn -0.2916 0.0612 -0.9546
vn 0.8427 -0.389 0.3723
vn -0.9155 -0.207 0.3451
vn 0.6028 -0.0136 0.7977
vn 0.6993 -0.2804 0.6576
vn 0.0586 0.5576 -0.828
vn 0.0888 -0.2537 0.9632
vn 0.209 -0.9263 0.3136
vn -0.5454 0.2299 0.806
vn 0.4973 -0.2234 0.8383
vn -0.0352 0.1455 -0.9887
vn 0.0298 -0.1404 0.9897
vn -0.3525 -0.7033 0.6173
vn 0.4563 0.1373 0.8792
vn 0.1549 0.229 0.961
vn -0.3994 0.3272 0.8564
vn 0.4017 0.0042 -0.9158
vn 0.1215 0.942 0.3129
vn 0.1226 0.9425 0.311
vn 0.1235 0.9421 0.3117
vn 0.1503 0.004 -0.9886
vn 0.0214 -0.0293 0.9993
vn -0.0044 0.0414 0.9991
vn 0.4349 0.7122 0.5511
vn 0.2043 0.0405 -0.9781
vn 0.2632 -0.5527 0.7907
vn 0.1251 0.4784 -0.8692
vn -0.5612 0.6369 0.5286
vn -0.5662 0.6332 0.5278
vn 0.7806 0.0997 0.617
vn -0.9169 0.3963 -0.0474
vn -0.9282 0.275 0.2507
vn -0.9852 0.16 -0.0611
vn -0.8406 -0.2028 -0.5022
vn -0.8575 -0.217 -0.4665
vn -0.8485 -0.2101 -0.4856
vn -0.7954 -0.2192 -0.565
vn 0.3595 -0.1392 0.9227
vn -0.4887 -0.1715 -0.8554
vn 0.3957 0.2561 -0.882
vn -0.9844 -0.1603 -0.0726
vn 0.2539 0.8792 -0.4032
vn 0.0416 0.2616 -0.9643
vn 0.0445 0.2929 -0.9551
vn -0.0959 0.4009 -0.9111
vn -0.0433 0.0179 -0.9989
vn -0.0479 0.325 -0.9445
vn -0.5894 -0.1145 0.7997
vn 0.5246 0.1665 -0.8349
vn -0.0139 -0.3863 0.9223
vn -0.0551 -0.3453 0.9369
vn 0.0636 -0.4596 0.8858
vn 0.5741 -0.8046 -0.1517
vn -0.304 0.509 -0.8053
vn -0.2745 -0.3849 0.8812
vn -0.2751 -0.3827 0.8819
vn -0.2754 -0.384 0.8813
vn 0.4078 -0.1089 0.9065
vn 0.4062 -0.1106 0.9071
vn 0.4083 -0.1111 0.9061
vn 0.5998 -0.4964 -0.6275
vn 0.3791 -0.4696 0.7973
vn -0.5129 -0.0471 0.8572
vn 0.4654 0.0033 0.8851
vn 0.8727 0.3206 0.3683
vn -0.5275 -0.8339 0.1621
vn 0.0465 -0.2491 -0.9674
vn -0.6175 -0.7857 -0.0377
vn 0.5665 0.105 -0.8174
vn -0.5258 0.3905 0.7557
vn -0.3051 0.9495 0.0731
vn 0.6995 0.2273 0.6775
vn 0.8573 0.162 0.4887
vn 0.6017 0.255 0.757
vn 0.648 0.204 0.7338
vn -0.0815 -0.0431 -0.9957
vn -0.3876 -0.7989 0.46
vn -0.1244 0.1532 0.9803
vn 0.0043 0.7192 0.6948
vn 0.7144 0.2603 -0.6495
vn 0.3843 0.8745 0.2959
vn -0.5833 -0.2909 -0.7584
vn -0.8237 0.4934 0.2793
vn -0.6047 0.7884 -0.1131
vn -0.8824 -0.0038 -0.4705
vn -0.8408 0.0226 -0.5408
vn -0.9627 -0.1872 -0.1951
vn -0.9502 -0.0164 0.3113
vn -0.9726 0.0597 0.2248
vn -0.9549 -0.0014 0.297
vn -0.8712 0.1693 -0.4608
vn -0.9742 -0.1185 0.1919
vn 0.188 -0.5002 0.8453
vn 0.3299 -0.3302 0.8844
vn 0.4645 -0.1395 0.8745
vn 0.5734 0.0314 0.8187
vn -0.9147 0.1726 -0.3655
vn 0.6027 -0.2892 0.7437
vn -0.8979 -0.0801 0.4327
vn 0.4402 -0.6619 0.6068
vn -0.2358 -0.4179 -0.8774
vn 0.129 0.2768 -0.9522
vn 0.6706 0.0053 0.7418
vn 0.0639 0.3239 -0.9439
vn -0.4769 -0.2472 0.8435
vn -0.0125 -0.337 0.9414
vn -0.1259 -0.7325 -0.669
vn -0.3104 0.2408 -0.9196
vn 0.2028 0.1192 -0.972
vn 0.0396 0.1574 -0.9867
vn -0.5463 -0.0631 0.8352
vn 0.5366 -0.4023 0.7417
vn -0.091 -0.9863 -0.1378
vn 0.9867 -0.1536 0.0525
vn 0.0481 -0.2117 0.9762
vn 0.2255 -0.0511 0.9729
vn 0.1735 0.6635 0.7277
vn 0.5267 0.5688 0.6317
vn 0.5649 0.7941 -0.2243
vn -0.565 -0.7038 0.4306
vn -0.0297 -0.1825 -0.9828
vn 0.2043 -0.0756 0.976
vn 0.4451 0.2316 -0.865
vn 0.3137 0.8167 -0.4843
vn 0.2156 0.1407 0.9663
vn 0.6377 -0.3974 0.6599
vn 0.5146 -0.517 -0.6841
vn 0.5252 -0.5225 -0.6717
vn 0.4977 -0.505 -0.7052
vn 0.4829 -0.4659 -0.7415
vn 0.6378 -0.0083 0.7702
vn 0.6215 0.0066 0.7834
vn 0.6458 -0.0158 0.7633
vn -0.065 -0.008 -0.9979
vn 0.7277 0.2669 -0.6318
vn 0.592 0.3301 -0.7352
vn 0.5675 0.3396 -0.7501
vn 0.0708 0.8573 0.5099
vn -0.798 0.5478 0.2514
vn -0.9266 0.3604 0.1073
vn -0.8722 0.4529 0.1847
vn -0.994 0.109 0.0019
vn -0.8677 0.0468 0.4948
vn -0.5879 0.2471 -0.7703
vn -0.8092 -0.483 -0.3344
vn 0.6361 0.4028 -0.6581
vn -0.9586 0.1243 0.2563
vn -0.7292 -0.4453 0.5196
vn -0.8633 -0.2231 -0.4526
vn -0.3697 -0.0156 0.929
vn -0.4329 -0.1831 0.8826
vn -0.4747 -0.3207 0.8196
vn 0.0477 -0.203 -0.978
vn 0.0472 -0.1805 -0.9824
vn 0.046 -0.2426 -0.969
vn -0.3765 -0.031 0.9259
vn -0.0874 -0.6712 0.7361
vn -0.1297 0.2356 -0.9632
vn 0.3324 0.5813 -0.7427
vn 0.1243 0.262 -0.957
vn 0.2471 0.2483 -0.9366
vn 0.2556 0.2798 -0.9254
vn -0.7886 0.0068 -0.6149
vn -0.2773 -0.126 0.9525
vn 0.9727 0.158 -0.1701
vn -0.2736 -0.8821 0.3835
vn -0.5918 -0.4606 0.6615
vn 0.9115 0.2777 -0.3034
vn -0.3291 -0.2717 0.9044
vn 0.8981 0.2436 0.3662
vn -0.0497 -0.1219 0.9913
vn 0.3965 0.1599 -0.904
vn 0.2575 0.179 -0.9496
vn 0.9577 0.1525 -0.2439
vn 0.6188 0.0734 0.7821
vn 0.256 0.0517 0.9653
vn 0.382 0.0797 0.9207
vn 0.4272 0.0898 0.8997
vn 0.4157 0.5084 -0.7542
vn 0.4875 -0.4984 -0.7169
vn 0.0295 0.2414 0.97
vn 0.0667 0.3626 0.9296
vn -0.098 0.6201 -0.7784
vn 0.4045 0.6079 0.6833
vn -0.962 -0.1864 -0.1995
vn 0.7456 0.647 -0.1595
vn -0.0271 0.9725 0.2315
vn -0.8561 0.5053 0.1085
vn -0.9663 0.2539 0.0432
vn -0.9916 0.1149 -0.0599
vn -0.8941 0.4226 -0.1481
vn -0.9952 0.0898 0.0383
vn -0.8378 0.5443 -0.0423
vn -0.9982 -0.0053 -0.0599
vn -0.9464 0.3072 0.0995
vn -0.8731 0.2996 -0.3847
vn -0.9203 -0.0822 0.3825
vn -0.737 -0.4465 -0.5075
vn 0.0414 -0.1123 -0.9928
vn -0.4976 -0.1847 -0.8475
vn -0.0385 -0.1255 -0.9913
vn -0.5001 -0.423 0.7556
vn -0.1224 0.2794 -0.9523
vn -0.1705 -0.0872 -0.9815
vn 0.0961 0.3329 -0.9381
vn -0.0027 0.174 -0.9847
vn 0.0499 -0.1616 -0.9856
vn 0.2206 0.5047 -0.8347
vn 0.2122 0.3425 -0.9153
vn 0.6186 -0.4671 0.6318
vn -0.0253 0.258 -0.9658
vn -0.3136 0.0412 -0.9487
vn -0.3379 -0.0488 -0.9399
vn -0.0746 -0.3254 0.9426
vn 0.5563 0.7892 -0.2604
vn 0.2085 -0.8729 -0.4411
vn -0.4478 -0.3111 0.8383
vn -0.4448 -0.3147 0.8385
vn -0.444 -0.3104 0.8406
vn -0.0429 -0.8447 -0.5335
vn -0.1115 -0.2223 0.9686
vn -0.2125 -0.2144 0.9533
vn -0.7655 -0.1159 0.6329
vn 0.4098 0.2398 -0.8801
vn 0.4073 0.2447 -0.8799
vn 0.4636 0.2453 -0.8514
vn 0.3888 0.0908 0.9168
vn 0.3967 0.0978 0.9127
vn 0.3919 0.095 0.9151
vn 0.8157 -0.2466 0.5232
vn 0.3877 0.0883 0.9175
vn 0.9291 0.0024 0.3699
vn 0.6562 -0.0281 -0.7541
vn 0.3142 0.3035 -0.8995
vn 0.6719 0.0841 0.7358
vn 0.185 0.0433 -0.9818
vn -0.1531 0.0652 -0.9861
vn 0.6206 0.6049 -0.499
vn 0.474 -0.7055 -0.5268
vn -0.3995 -0.046 0.9156
vn -0.3286 -0.0136 0.9444
vn 0.5268 -0.1641 -0.834
vn 0.2705 -0.4983 -0.8237
vn -0.1628 -0.9829 -0.0855
vn 0.3713 0.3012 0.8783
vn -0.5389 0.8083 0.237
vn -0.9103 -0.126 0.3943
vn -0.9934 0.1139 -0.0112
vn -0.63 0.2221 0.7441
vn -0.4743 0.1005 0.8746
vn -0.3613 0.0071 0.9324
vn -0.3777 0.0413 0.925
vn -0.7011 -0.2583 -0.6646
vn -0.153 0.2122 -0.9652
vn -0.1296 -0.3669 0.9212
vn 0.0264 -0.1088 -0.9937
vn 0.175 -0.1345 0.9753
vn 0.1355 -0.1461 0.9799
vn -0.0028 -0.1844 0.9829
vn 0.091 -0.436 0.8953
vn -0.0213 -0.4816 0.8761
vn -0.1371 -0.5211 0.8424
vn -0.2915 -0.1899 0.9375
vn -0.1782 -0.5658 0.8051
vn 0.6423 0.4432 -0.6253
vn -0.272 -0.7422 0.6126
vn -0.3442 -0.0555 0.9372
vn -0.0345 0.1302 -0.9909
vn 0.3073 -0.0946 0.9469
vn -0.0812 -0.4509 0.8889
vn 0.0143 -0.3065 0.9518
vn -0.2438 -0.4474 0.8605
vn -0.3254 -0.3592 0.8747
vn 0.1176 -0.8812 0.458
vn 0.3074 0.1538 -0.9391
vn 0.2112 -0.4172 0.8839
vn -0.1104 -0.175 0.9784
vn -0.4194 -0.4294 0.7999
vn 0.7008 0.3939 -0.5948
vn -0.5057 -0.6364 0.5825
vn -0.1572 -0.9806 -0.1168
vn 0.3201 0.1693 -0.9321
vn 0.0331 -0.7962 0.6041
vn 0.3671 -0.8998 -0.236
vn -0.0518 -0.9457 0.3208
vn -0.4158 0.5016 -0.7586
vn -0.8 -0.0308 0.5992
vn 0.66 -0.0962 -0.7451
vn 0.5434 0.8387 0.036
vn 0.6307 0.2018 -0.7493
vn 0.9123 0.1277 0.389
vn 0.5761 -0.4746 -0.6655
vn -0.1714 0.1514 0.9735
vn -0.0351 -0.9591 0.2809
vn 0.2904 0.5821 0.7595
vn 0.6765 0.3657 -0.6392
vn 0.4106 0.3896 -0.8244
vn 0.8608 0.1001 0.4991
vn 0.7561 0.387 0.5277
vn 0.6757 0.3804 0.6315
vn 0.7001 0.383 0.6027
vn 0.9272 0.1428 0.3463
vn 0.4547 0.7146 -0.5316
vn -0.7874 -0.1363 0.6011
vn -0.1714 0.4563 -0.8731
vn 0.1346 -0.0574 -0.9892
vn 0.2215 0.3371 -0.915
vn -0.24 0.1477 -0.9595
vn 0.0889 0.2892 -0.9531
vn 0.1104 0.9634 -0.2445
vn -0.191 -0.5369 0.8218
vn -0.4381 0.772 -0.4605
vn -0.2675 -0.063 0.9615
vn -0.1967 0.0549 0.9789
vn 0.0659 0.0059 -0.9978
vn 0.3425 -0.1722 0.9236
vn 0.5519 -0.4076 0.7275
vn 0.5492 -0.412 0.7271
vn 0.5478 -0.4101 0.7292
vn 0.336 0.3593 -0.8706
vn 0.6179 -0.7604 0.1998
vn 0.4938 0.249 -0.8331
vn 0.3513 0.2741 -0.8952
vn 0.3381 0.2649 0.903
vn 0.3381 0.2592 0.9047
vn 0.3376 0.2536 0.9065
vn 0.6491 -0.2379 -0.7225
vn 0.6126 0.311 0.7267
vn 0.6061 -0.0602 -0.7931
vn 0.3291 0.9339 0.1399
vn -0.0401 -0.106 0.9936
vn 0.8307 -0.3395 -0.4412
vn 0.3517 -0.4476 -0.8222
vn 0.904 -0.2604 0.3391
vn 0.9931 -0.0128 -0.1168
vn 0.0457 0.0265 0.9986
vn 0.7851 -0.3546 -0.5079
vn -0.8604 -0.4922 0.1321
vn 0.6484 -0.0603 0.7589
vn 0.503 -0.1602 -0.8493
vn -0.1831 -0.9806 -0.0706
vn -0.2738 0.9016 0.335
vn -0.7259 0.5289 -0.4397
vn -0.6233 0.7765 0.0924
vn -0.2954 0.6599 -0.6908
vn 0.5676 0.7925 -0.2233
vn 0.2874 -0.9551 0.0721
vn -0.0735 -0.9968 0.0301
vn -0.0728 -0.9969 0.0296
vn -0.0746 -0.9967 0.0331
vn -0.048 -0.9902 0.131
vn -0.046 -0.9914 0.1221
vn -0.0417 -0.9925 0.1145
vn -0.6928 0.2825 0.6635
vn -0.6143 0.5645 -0.5513
vn 0.2263 -0.6338 -0.7396
vn 0.207 -0.4619 -0.8625
vn 0.1663 -0.1983 -0.9659
vn 0.1048 -0.6653 0.7392
vn -0.0107 0.107 -0.9942
vn -0.2966 -0.1798 0.9379
vn -0.3148 0.7333 -0.6026
vn 0.0559 0.1742 -0.9831
vn -0.3462 -0.4433 0.8268
vn 0.371 -0.0545 -0.927
vn -0.3304 -0.3274 0.8852
vn -0.2591 -0.2939 0.9201
vn -0.2423 -0.2846 0.9275
vn 0.4562 0.0346 -0.8892
vn 0.7442 -0.1459 0.6518
vn 0.4797 0.0314 0.8768
vn 0.6745 -0.1072 0.7304
vn 0.4291 0.0216 -0.903
vn -0.0927 -0.2235 0.9703
vn -0.0766 0.1455 -0.9864
vn -0.7527 -0.3165 0.5773
vn 0.7484 0.4437 0.493
vn 0.7225 0.4819 0.4958
vn 0.7418 0.4528 0.4947
vn 0.7381 0.3592 0.5711
vn 0.4119 0.4515 -0.7915
vn 0.3654 0.0657 -0.9285
vn 0.5926 0.6888 -0.4176
vn 0.5268 0.1246 0.8408
vn 0.5091 0.1081 0.8539
vn 0.8593 0.3007 -0.4138
vn 0.9736 -0.221 0.0567
vn 0.9509 -0.2992 0.0798
vn 0.9643 -0.2563 0.0671
vn 0.8667 -0.2753 -0.416
vn 0.6109 -0.231 -0.7572
vn 0.7665 -0.2787 -0.5786
vn 0.6641 0.4282 0.6128
vn 0.5007 -0.0339 -0.865
vn 0.5794 -0.0058 -0.8151
vn 0.5478 -0.0314 -0.836
vn -0.4429 -0.8939 0.0693
vn 0.0487 0.6489 -0.7593
vn 0.5695 0.3648 0.7366
vn 0.4854 0.8211 -0.3003
vn 0.9771 0.1961 -0.0826
vn -0.9244 -0.0345 0.3798
vn -0.7731 0.5141 -0.3715
vn -0.1971 0.6826 0.7037
vn -0.406 0.5575 0.7242
vn 0.0037 0.8384 0.545
vn -0.1349 0.1063 0.9851
vn -0.2745 -0.4859 0.8298
vn -0.0047 0.3609 -0.9326
vn -0.1342 -0.3202 0.9378
vn -0.1404 -0.3823 0.9133
vn -0.4084 -0.3115 0.858
vn 0.4351 0.3702 -0.8207
vn 0.7179 0.3203 -0.6181
vn 0.6632 0.3339 -0.6698
vn 0.8105 0.1408 0.5685
vn 0.7757 0.3967 0.4909
vn 0.6783 0.7341 0.0321
vn 0.6937 -0.1247 -0.7094
vn 0.8428 0.258 0.4723
vn 0.8877 0.2639 -0.3773
vn 0.9193 0.2136 0.3304
vn 0.0015 -0.1453 0.9894
vn 0.9461 -0.3129 0.0839
vn 0.964 -0.224 0.1431
vn 0.9418 -0.1646 -0.2932
vn 0.9036 -0.2255 0.3642
vn 0.8536 -0.4272 -0.2981
vn 0.7176 -0.5903 0.3695
vn 0.7449 -0.0469 -0.6656
vn 0.2428 0.7636 0.5983
vn 0.9463 0.3046 -0.1086
vn -0.2498 0.129 0.9597
vn 0.6583 -0.0276 0.7523
vn -0.2046 -0.5647 -0.7995
vn -0.4055 -0.8106 0.4225
vn 0.0629 0.1335 0.9891
vn -0.1708 0.3501 -0.921
vn 0.1713 0.8618 -0.4775
vn -0.6855 0.1563 0.7111
vn -0.7191 0.6948 0.0069
vn -0.776 0.6251 -0.0844
vn -0.6413 0.7594 0.1093
vn 0.9723 0.2131 -0.0961
vn 0.4345 0.6831 0.587
vn 0.5403 0.4076 0.7361
vn -0.4387 0.8871 0.1431
vn 0.9972 0.0129 0.0732
vn 0.7545 0.6424 -0.134
vn -0.9206 -0.3281 0.2117
vn 0.0008 -0.0077 -1
vn -0.1091 -0.3995 -0.9102
vn -0.123 -0.2085 -0.9703
vn -0.1152 -0.3248 -0.9387
vn -0.1256 -0.1621 -0.9788
vn 0.2125 0.0527 -0.9757
vn -0.333 0.0552 0.9413
vn -0.145 -0.373 -0.9164
vn 0.1929 -0.0852 -0.9775
vn 0.1392 -0.0517 -0.9889
vn 0.2468 -0.4771 -0.8435
vn 0.2488 -0.4777 -0.8426
vn 0.2455 -0.479 -0.8428
vn 0.4131 -0.0573 0.9089
vn -0.0119 0.477 0.8788
vn 0.7203 -0.6912 0.0588
vn 0.1946 -0.2649 0.9444
vn 0.1917 -0.258 0.9469
vn 0.1888 -0.2634 0.946
vn 0.166 0.5654 -0.808
vn 0.1923 0.5422 -0.818
vn 0.1867 0.5015 -0.8448
vn -0.158 -0.243 0.9571
vn -0.1907 -0.2982 0.9352
vn -0.1594 -0.9653 0.207
vn 0.3571 -0.2249 0.9066
vn 0.3726 -0.2415 0.896
vn 0.3847 -0.2545 0.8873
vn -0.9742 -0.1937 -0.1155
vn 0.7107 -0.2006 0.6743
vn 0.7276 -0.1822 0.6613
vn 0.1811 -0.5935 0.7842
vn -0.4081 -0.3214 0.8545
vn -0.2841 -0.9565 -0.067
vn 0.7007 -0.0869 -0.7082
vn 0.0487 -0.9558 0.2899
vn 0.0599 -0.9509 0.3038
vn 0.2222 0.1204 0.9675
vn 0.8776 0.4264 -0.2192
vn -0.2136 -0.0205 0.9767
vn -0.3424 -0.1836 0.9214
vn -0.3027 -0.1321 0.9439
vn 0.4877 0.8387 -0.2426
vn -0.6129 -0.7309 -0.3003
vn -0.8296 -0.547 -0.112
vn -0.8768 -0.4786 -0.0474
vn -0.3444 0.0303 0.9383
vn -0.1663 0.0367 0.9854
vn 0.6703 -0.2306 -0.7053
vn 0.557 -0.4532 0.6959
vn 0.8684 -0.1219 0.4807
vn 0.7576 -0.2981 0.5807
vn -0.3731 0.0404 0.9269
vn 0.9858 0.0824 0.1463
vn 0.9892 0.0836 0.1207
vn 0.9494 0.0754 0.3049
vn -0.4292 -0.0592 0.9012
vn -0.2903 -0.3862 -0.8755
vn 0.9248 0.0809 0.3719
vn 0.47 -0.3441 0.8128
vn 0.4657 -0.4972 0.7321
vn 0.6378 -0.0553 0.7682
vn 0.3121 0.9463 -0.0847
vn 0.2321 0.8019 -0.5505
vn -0.8487 0.4634 -0.255
vn -0.8354 0.4795 0.2688
vn 0.7077 0.662 -0.2469
vn -0.0399 -0.9936 0.1055
vn -0.0889 0.2565 -0.9624
vn -0.9532 0.1474 0.264
vn -0.9706 0.1069 0.2158
vn -0.922 0.1644 0.3505
vn -0.8011 -0.4906 0.3429
vn 0.4699 0.4107 -0.7813
vn 0.2689 0.6919 -0.6701
vn 0.5692 0.2701 -0.7766
vn 0.0863 -0.4387 0.8945
vn 0.3758 0.1369 -0.9165
vn 0.1595 0.9678 -0.1949
vn 0.0227 0.9901 -0.1384
vn 0.4238 -0.0276 -0.9053
vn 0.3189 0.1356 0.9381
vn -0.8551 -0.1814 -0.4856
vn -0.8453 -0.1768 -0.5042
vn -0.7858 -0.1612 -0.5971
vn 0.8352 -0.0339 -0.5488
vn 0.4386 0.3244 -0.8381
vn 0.8982 0.1458 0.4147
vn 0.6542 0.2437 -0.716
vn 0.7187 0.2274 0.657
vn 0.959 -0.2671 0.0943
vn 0.8948 -0.4095 0.1777
vn 0.925 -0.3519 0.1437
vn 0.8202 -0.518 0.2426
vn -0.7565 0.6502 -0.0698
vn 0.0191 -0.9452 0.3261
vn 0.4431 -0.1027 -0.8906
vn 0.6975 0.2318 0.6781
vn 0.9389 0.1668 0.3009
vn 0.9423 0.1304 0.3082
vn 0.9426 0.1266 0.3089
vn 0.8025 0.1011 -0.588
vn 0.9308 0.1781 0.3191
vn 0.8904 0.2095 0.4041
vn 0.8691 0.2231 0.4415
vn 0.7833 0.6214 -0.0173
vn -0.3626 -0.7326 0.576
vn -0.9369 -0.3445 0.0596
vn -0.8119 0.1651 0.56
vn -0.6222 0.1204 0.7736
vn 0.9895 0.0809 0.1195
vn 0.1343 -0.3902 0.9109
vn 0.2669 -0.3382 0.9024
vn -0.5388 -0.6437 0.5435
vn -0.7117 -0.3914 -0.5834
vn -0.3937 -0.1413 0.9083
vn 0.344 -0.0758 -0.9359
vn -0.6632 0.6694 -0.3347
vn -0.8332 0.5528 -0.015
vn -0.1544 -0.9869 -0.0477
vn 0.3104 -0.2083 -0.9275
vn -0.8867 0.2009 0.4165
vn 0.7661 -0.0262 -0.6422
vn -0.6169 0.6066 0.5015
vn 0.1519 0.1355 -0.9791
vn 0.9598 0.2096 -0.1869
vn 0.5299 -0.3508 0.7721
vn -0.2623 -0.4492 0.8541
vn -0.7503 0.374 -0.5451
vn 0.4805 -0.0287 -0.8765
vn 0.304 0.5748 -0.7598
vn 0.685 -0.4806 0.5475
vn -0.9271 0.0067 -0.3748
vn 0.3674 0.007 0.9301
vn 0.3824 -0.0033 0.924
vn 0.4125 0.0029 0.911
vn 0.7735 -0.1601 -0.6133
vn 0.5801 0.2341 -0.7802
vn 0.8887 -0.1518 -0.4327
vn 0.1815 -0.3803 -0.9069
vn 0.8991 0.1941 0.3923
vn 0.091 -0.1698 0.9813
vn 0.7083 0.5676 0.4196
vn 0.7108 0.5637 0.4207
vn 0.708 0.5709 0.4157
vn -0.5943 -0.6911 0.4112
vn 0.8295 0.1792 0.529
vn 0.8282 0.1803 0.5306
vn 0.6613 0.2947 0.6898
vn 0.7833 0.3894 0.4846
vn -0.1477 -0.9683 0.2015
vn 0.9446 0.0909 0.3155
vn -0.0511 -0.1913 0.9802
vn -0.0648 -0.1844 0.9807
vn 0.0105 -0.2216 0.9751
vn 0.5966 0.1216 0.7933
vn 0.8156 0.126 -0.5648
vn 0.8207 0.1092 -0.5609
vn 0.8084 0.1484 -0.5697
vn 0.8377 0.0786 -0.5405
vn 0.0275 -0.2297 0.9729
vn 0.8546 0.2596 -0.4497
vn 0.8511 0.2598 -0.4561
vn 0.9413 0.1682 0.2926
vn 0.8278 0.0841 -0.5548
vn 0.9529 0.2022 0.2261
vn -0.3094 -0.1672 0.9361
vn -0.5805 -0.707 0.4038
vn -0.2145 -0.1539 0.9645
vn -0.5608 -0.6523 0.5099
vn -0.7526 0.2783 0.5968
vn -0.8281 -0.3865 -0.406
vn -0.8265 -0.3525 0.4388
vn -0.5747 -0.0481 0.8169
vn -0.8714 -0.2209 -0.4381
vn -0.6351 -0.0001 0.7725
vn -0.3783 -0.7185 -0.5837
vn -0.8506 0.2051 0.4842
vn -0.6111 -0.7756 -0.1582
vn 0.6029 0.0092 -0.7977
vn 0.262 0.1806 -0.948
vn 0.2052 0.2059 -0.9568
vn -0.6386 0.5997 -0.4822
vn -0.1326 0.495 0.8587
vn -0.5601 0.7517 -0.3482
vn -0.3291 0.3193 0.8887
vn -0.5745 0.7849 -0.2322
vn -0.791 0.1221 0.5996
vn -0.8176 0.1784 0.5474
vn 0.6758 -0.1218 -0.7269
vn 0.6199 -0.0766 -0.781
vn 0.4223 -0.122 -0.8982
vn -0.6702 0.6604 0.3385
vn 0.2628 0.8724 0.4121
vn 0.2148 -0.0023 -0.9766
vn 0.325 0.1159 -0.9386
vn 0.1581 -0.4164 0.8953
vn -0.2994 -0.2086 0.931
vn -0.68 0.7287 -0.0807
vn -0.099 -0.2807 0.9547
vn -0.3331 -0.3051 0.8921
vn -0.1239 -0.2843 0.9507
vn -0.1986 0.1696 -0.9653
vn -0.1416 0.2304 -0.9627
vn 0.7916 -0.0296 -0.6103
vn 0.848 -0.0295 -0.5291
vn 0.8441 -0.0314 -0.5353
vn -0.1324 0.3431 -0.9299
vn 0.9099 0.1459 0.3882
vn 0.7854 0.0787 0.6139
vn 0.8306 0.1004 0.5478
vn 0.8324 0.2746 -0.4814
vn 0.8294 0.2816 -0.4825
vn 0.8382 0.2605 -0.4791
vn 0.9573 0.0052 -0.2891
vn 0.4049 -0.2762 0.8716
vn 0.8469 0.0499 -0.5295
vn 0.9646 0.239 0.1115
vn -0.7665 -0.6359 0.0897
vn -0.782 -0.62 0.0634
vn -0.7992 -0.6 0.0352
vn 0.0318 0.8831 0.4681
vn 0.4815 0.1195 -0.8683
vn 0.7814 0.2336 -0.5787
vn -0.2115 -0.2157 0.9533
vn -0.1169 -0.2043 0.9719
vn -0.0803 -0.1994 0.9766
vn 0.3942 -0.3133 -0.864
vn 0.9425 0.2858 0.1732
vn 0.9258 0.3238 0.1953
vn 0.9054 0.3638 0.2187
vn 0.9895 0.0697 -0.1264
vn 0.9405 0.1728 0.2927
vn 0.5992 0.7582 -0.2571
vn 0.2355 0.964 0.123
vn -0.5263 -0.0587 0.8483
vn -0.4558 -0.1983 -0.8677
vn 0.4839 -0.0197 -0.8749
vn -0.6952 -0.441 -0.5676
vn -0.7864 -0.1309 0.6037
vn -0.0742 -0.9068 -0.4151
vn -0.0224 -0.8505 -0.5255
vn 0.9946 -0.0801 0.0661
vn 0.4569 0.5607 0.6906
vn 0.6714 0.3069 -0.6746
vn -0.0831 0.3665 0.9267
vn -0.5073 0.4114 0.7572
vn 0.4084 0.9035 0.13
vn 0.1411 0.9174 -0.3722
vn -0.3645 0.7831 0.5038
vn 0.7353 -0.0373 -0.6767
vn -0.3926 0.1514 0.9072
vn 0.823 0.0687 -0.5639
vn 0.1225 -0.0801 -0.9892
vn -0.1445 -0.5126 0.8464
vn -0.2391 -0.8731 0.4249
vn -0.4355 -0.7126 0.55
vn -0.8818 -0.4212 0.212
vn -0.8754 -0.3814 0.2968
vn -0.8105 -0.5261 0.2575
vn 0.6442 0.4992 -0.5795
vn 0.7668 -0.0622 -0.6388
vn 0.522 0.1583 0.8381
vn 0.346 -0.183 0.9202
vn 0.3594 0.9115 -0.2001
vn 0.3744 0.9123 -0.1661
vn 0.6595 -0.4546 0.5987
vn 0.6569 0.3381 -0.6739
vn 0.7615 0.5552 -0.3345
vn 0.8228 0.2967 -0.4847
vn -0.8575 -0.2046 -0.472
vn -0.7649 -0.1291 -0.631
vn -0.8503 -0.306 -0.4283
vn 0.4033 0.3719 -0.8361
vn 0.8596 0.2463 0.4477
vn 0.8593 0.2487 0.4469
vn 0.6392 0.3948 -0.66
vn 0.9921 -0.0357 0.1205
vn 0.9958 -0.0912 -0.0124
vn 0.9626 -0.1699 0.2108
vn -0.8128 -0.562 -0.1531
vn 0.7462 -0.4832 0.458
vn 0.5183 0.4546 -0.7244
vn 0.8343 0.3743 -0.4047
vn 0.8209 0.3804 -0.4259
vn -0.289 -0.9204 0.2633
vn 0.9266 -0.0128 -0.3758
vn 0.9703 0.242 0.0053
vn 0.9587 0.2429 0.1482
vn 0.9001 -0.1286 0.4163
vn 0.8271 -0.0221 -0.5617
vn 0.8381 0.0346 -0.5445
vn 0.8338 0.0079 -0.552
vn -0.1373 0.5398 0.8305
vn 0.9244 0.0714 0.3746
vn 0.8418 0.0718 -0.535
vn -0.2032 -0.1478 0.9679
vn 0.4604 0.2317 -0.857
vn -0.7597 -0.411 -0.5039
vn 0.5744 0.2091 -0.7914
vn 0.5711 0.2112 -0.7933
vn 0.5709 0.2113 -0.7934
vn -0.9027 -0.3014 0.3072
vn 0.4652 0.0469 0.884
vn -0.3802 -0.3398 -0.8602
vn 0.6918 -0.0497 -0.7204
vn 0.9178 -0.3518 0.1841
vn 0.7877 0.5585 0.26
vn 0.1657 0.0351 0.9855
vn -0.402 0.2216 -0.8884
vn -0.4022 0.2199 -0.8888
vn -0.4036 0.2188 -0.8884
vn -0.7311 0.3347 0.5945
vn 0.5525 -0.1249 -0.8241
vn 0.6243 -0.0779 -0.7773
vn 0.6814 0.1577 -0.7147
vn 0.2443 0.058 0.968
vn 0.6179 -0.0981 -0.7801
vn 0.8883 -0.0904 0.4504
vn -0.9285 -0.1259 0.3494
vn 0.8856 -0.085 0.4567
vn -0.2813 0.4763 -0.8331
vn 0.9991 -0.0193 -0.0388
vn -0.1019 -0.5121 0.8529
vn -0.8902 -0.1542 0.4286
vn -0.8394 -0.3491 0.4166
vn -0.6718 0.1058 -0.7331
vn 0.9107 -0.162 0.3801
vn 0.7335 0.0669 0.6764
vn 0.8397 -0.0574 0.54
vn 0.3872 0.5182 -0.7626
vn 0.7167 -0.3836 0.5824
vn 0.2183 -0.7739 -0.5945
vn 0.2623 0.3428 -0.902
vn 0.419 -0.6133 0.6696
vn -0.9543 -0.2507 -0.1627
vn -0.9533 -0.2547 -0.1622
vn -0.9545 -0.2511 -0.1608
vn -0.9592 -0.2787 0.0481
vn -0.0586 0.2668 -0.962
vn -0.0696 0.271 -0.9601
vn -0.0951 0.2808 -0.955
vn 0.4675 0.0007 0.884
vn -0.0404 0.1389 -0.9895
vn 0.9418 0.1699 0.2901
vn 0.9369 0.0207 0.3491
vn 0.8096 0.4067 -0.4233
vn -0.5338 -0.3129 0.7856
vn -0.4204 -0.345 0.8392
vn -0.4912 -0.3953 0.7761
vn 0.9738 0.0266 -0.2258
vn 0.971 0.0132 -0.2386
vn 0.9779 0.131 -0.1628
vn 0.961 0.1444 0.2357
vn 0.3387 0.0172 0.9408
vn 0.3354 0.0192 0.9419
vn 0.3368 0.0139 0.9415
vn 0.9117 -0.4096 -0.0322
vn -0.7833 -0.3162 0.5352
vn -0.5938 0.2419 0.7674
vn -0.7163 -0.0118 0.6977
vn 0.8957 0.1769 -0.4079
vn 0.8882 0.4429 0.1224
vn 0.856 0.5104 0.0822
vn 0.8948 0.4265 0.1318
vn 0.9304 0.1264 0.344
vn 0.9676 0.172 0.1849
vn 0.9754 0.2201 -0.0124
vn 0.6817 -0.7094 0.1791
vn 0.9449 0.3195 -0.0706
vn 0.9444 0.322 -0.0668
vn 0.946 0.3168 -0.0683
vn -0.3584 -0.2298 0.9048
vn 0.7873 0.3016 -0.5377
vn 0.9968 0.0006 -0.0797
vn 0.853 -0.3308 0.4038
vn 0.8789 0.1462 0.454
vn -0.2402 -0.231 0.9428
vn -0.8117 0.4303 -0.395
vn -0.3217 -0.8886 -0.327
vn 0.1765 -0.8829 -0.4351
vn 0.0331 -0.9092 -0.415
vn -0.9512 -0.2386 -0.1957
vn 0.3485 -0.293 -0.8903
vn 0.8641 -0.1888 0.4666
vn 0.8853 -0.0499 0.4623
vn 0.8936 -0.2004 0.4017
vn 0.8172 0.5676 0.1001
vn 0.7867 0.2307 0.5726
vn 0.8704 0.3757 0.3181
vn 0.5251 0.3825 -0.7602
vn -0.332 0.3483 -0.8766
vn -0.3365 0.3484 -0.8749
vn -0.3339 0.3504 -0.875
vn 0.8272 -0.5442 -0.1396
vn 0.9906 -0.0548 0.1255
vn 0.0379 -0.3715 0.9276
vn 0.6215 -0.0076 -0.7834
vn -0.0588 0.408 0.9111
vn 0.7735 0.3849 0.5036
vn 0.5072 0.8087 0.2977
vn -0.092 0.4787 0.8731
vn 0.4843 0.8484 -0.2139
vn -0.3812 0.7489 -0.5421
vn 0.1349 0.9888 0.0646
vn -0.2672 0.8459 0.4615
vn -0.3201 0.6999 0.6385
vn -0.3034 0.7561 0.5799
vn 0.4397 -0.2527 -0.8619
vn 0.5422 -0.2076 -0.8142
vn 0.7384 -0.0031 -0.6744
vn -0.003 0.7175 0.6965
vn 0.8962 -0.0528 0.4404
vn -0.3911 -0.148 0.9084
vn 0.1027 -0.2189 0.9703
vn -0.9585 -0.2559 0.1256
vn -0.7515 -0.5715 0.3296
vn 0.8257 0.5628 0.0395
vn 0.7922 0.3036 -0.5294
vn 0.1308 -0.4326 0.8921
vn 0.8276 0.1946 -0.5266
vn 0.8886 0.3345 -0.3138
vn 0.9226 0.2972 -0.246
vn 0.9614 0.2396 -0.1353
vn 0.7481 0.2422 -0.6179
vn 0.7627 0.4409 0.4731
vn 0.3013 0.9461 0.1186
vn 0.6139 0.2835 -0.7368
vn 0.7902 0.5457 0.2789
vn -0.6491 -0.056 -0.7586
vn -0.5984 0.0178 -0.801
vn -0.5747 0.0496 -0.8168
vn 0.5794 -0.6593 0.4792
vn 0.8811 -0.0319 -0.4719
vn 0.7201 0.6689 -0.1844
vn -0.7837 -0.1618 -0.5996
vn 0.5678 0.7264 -0.3873
vn 0.8665 0.1924 -0.4607
vn 0.8793 0.1844 -0.4392
vn 0.9003 0.17 -0.4007
vn 0.99 0.1167 0.0796
vn 0.9866 0.1024 0.1273
vn 0.9879 0.1068 0.1127
vn 0.9889 0.1365 0.0592
vn 0.961 0.1445 0.2357
vn -0.1424 -0.7714 0.6202
vn -0.7828 -0.6037 -0.1507
vn -0.8856 -0.3136 -0.3427
vn 0.6284 -0.5152 -0.5828
vn -0.3276 -0.9009 -0.2847
vn 0.913 0.317 -0.2567
vn -0.9977 -0.0351 -0.0577
vn -0.0673 -0.2772 0.9585
vn 0.3619 -0.8868 0.2875
vn 0.1803 -0.7012 0.6898
vn 0.2494 0.0034 0.9684
vn 0.6338 -0.2378 -0.736
vn -0.3522 -0.4906 0.797
vn -0.5677 0.0516 0.8216
vn 0.0715 -0.0958 0.9928
vn 0.007 -0.536 0.8442
vn 0.0207 -0.5226 0.8523
vn 0.5998 0.0298 -0.7996
vn 0.7653 0.1247 0.6315
vn 0.7041 -0.4253 0.5687
vn 0.5282 -0.2102 0.8227
vn 0.9637 0.1862 0.1911
vn 0.5109 -0.1495 -0.8466
vn 0.0214 -0.5502 -0.8348
vn 0.3278 0.8882 0.3218
vn 0.5508 0.6721 0.4949
vn 0.0263 0.598 -0.8011
vn 0.2898 -0.1952 -0.937
vn -0.0222 -0.9988 0.0433
vn -0.0205 -0.9989 0.0424
vn -0.0208 -0.9988 0.045
vn -0.8557 -0.2783 0.4363
vn -0.3516 0.5423 0.7631
vn 0.1181 0.6571 0.7445
vn 0.5723 0.5204 0.6337
vn 0.8044 0.2054 -0.5574
vn 0.8996 -0.2576 -0.3527
vn 0.3727 -0.3678 -0.8519
vn -0.0311 -0.5392 0.8416
vn 0.6726 0.5022 -0.5435
vn -0.0532 -0.0848 -0.995
vn 0.7262 0.6846 -0.0629
vn 0.9298 0.0682 0.3617
vn 0.0711 -0.4474 0.8915
vn 0.1751 -0.3301 0.9276
vn 0.0698 -0.4483 0.8912
vn 0.8667 0.1359 -0.48
vn 0.0578 0.5813 -0.8117
vn 0.1102 -0.3941 0.9124
vn 0.2186 -0.2564 0.9415
vn 0.0286 -0.2599 0.9652
vn 0.2128 -0.2939 0.9318
vn 0.1678 -0.3195 0.9326
vn 0.5757 0.582 -0.5743
vn 0.143 0.9634 -0.2267
vn -0.1054 0.2847 -0.9528
vn 0.9097 -0.3557 -0.2146
vn 0.127 -0.9529 -0.2755
vn 0.9524 0.2679 0.1456
vn 0.8322 0.2117 -0.5124
vn 0.9791 0.0847 0.1847
vn -0.753 -0.6493 0.1065
vn -0.9372 -0.339 -0.0822
vn -0.7722 -0.5103 0.3785
vn -0.7966 -0.3259 -0.5092
vn -0.8415 -0.4321 0.3243
vn 0.8468 0.4275 -0.3164
vn 0.8446 0.4366 -0.3099
vn 0.8347 0.4688 -0.2891
vn 0.9148 0.0903 0.3938
vn 0.8477 0.5255 0.0728
vn -0.3745 -0.2211 0.9005
vn -0.3714 -0.2059 0.9054
vn -0.3818 -0.2416 0.8921
vn 0.5623 0.2164 -0.7981
vn -0.8048 -0.0681 0.5896
vn -0.7747 -0.2376 0.5859
vn -0.7919 0.2518 0.5563
vn -0.9516 -0.125 -0.2808
vn 0.8888 -0.3012 0.3453
vn -0.9168 -0.353 -0.1865
vn -0.7549 0.409 0.5128
vn -0.6882 0.4758 -0.5477
vn -0.5709 -0.6504 -0.5011
vn 0.2172 -0.5362 0.8157
vn -0.1487 0.1048 0.9833
vn -0.6545 -0.0363 0.7552
vn -0.5621 0.0448 0.8258
vn 0.2851 0.852 0.4392
vn 0.8625 0.3917 0.3206
vn 0.5958 0.8029 0.0187
vn 0.7849 0.2335 0.5739
vn 0.7362 0.3952 -0.5494
vn 0.5712 0.6825 0.456
vn 0.8426 -0.4039 0.3562
vn 0.5328 -0.1835 0.8261
vn 0.7549 -0.628 -0.189
vn 0.2111 -0.9242 0.3181
vn -0.0072 -0.8941 0.4478
vn -0.1405 0.7797 -0.6102
vn 0.6346 0.5139 -0.5772
vn 0.6077 0.3883 -0.6928
vn 0.0911 0.7757 0.6245
vn -0.0218 -0.9989 0.0409
vn 0.8171 0.5198 -0.2492
vn 0.9511 -0.119 -0.2851
vn 0.2939 -0.6045 0.7404
vn 0.8227 -0.0672 -0.5645
vn 0.0634 0.2848 -0.9565
vn -0.6622 -0.0274 -0.7488
vn 0.7058 -0.3968 0.5868
vn 0.9826 0.0565 0.1769
vn 0.9525 -0.1482 -0.2662
vn 0.985 0.1684 0.0383
vn 0.9749 0.0838 0.2064
vn 0.9677 0.0324 0.2501
vn 0.8749 0.3909 0.2859
vn 0.9762 0.2166 0.007
vn 0.8912 0.2762 0.3598
vn 0.9378 -0.0329 0.3456
vn 0.6227 0.7219 0.302
vn 0.4911 -0.8455 -0.2097
vn 0.9827 0.1639 0.0861
vn 0.8276 0.1742 0.5337
vn 0.8252 0.2156 0.522
vn 0.828 0.1521 0.5397
vn 0.8254 0.1469 0.5452
vn 0.2107 0.1932 -0.9583
vn -0.8875 -0.422 0.1851
vn -0.9161 -0.3648 0.1666
vn -0.8411 -0.314 0.4404
vn -0.3631 -0.1851 0.9132
vn -0.3555 -0.235 0.9047
vn -0.3972 -0.1305 0.9084
vn -0.4657 -0.181 0.8662
vn 0.5662 0.2126 -0.7964
vn 0.3392 -0.4139 -0.8448
vn 0.339 -0.3408 -0.8769
vn 0.3354 -0.2414 -0.9106
vn -0.1173 0.1411 0.983
vn 0.6552 -0.15 -0.7404
vn 0.6012 0.1801 0.7785
vn 0.3332 -0.0416 0.942
vn 0.5858 0.1199 0.8015
vn 0.7347 0.0418 -0.6771
vn 0.6507 0.1739 -0.7391
vn 0.7386 -0.0061 -0.6742
vn -0.0658 0.4329 -0.899
vn 0.5889 0.1022 -0.8017
vn 0.6389 0.0877 0.7642
vn 0.7286 0.5603 -0.3939
vn 0.7653 -0.6204 0.1716
vn 0.9157 -0.3482 -0.2005
vn 0.9269 0.338 -0.1634
vn 0.1906 0.5416 0.8187
vn -0.3081 0.466 0.8294
vn -0.5323 0.8281 0.1758
vn 0.7581 -0.0164 -0.6519
vn -0.6679 0.0226 -0.7439
vn 0.3057 0.2166 -0.9272
vn -0.6087 0.0744 -0.7899
vn 0.8527 -0.1999 0.4827
vn 0.3777 -0.7294 0.5704
vn 0.896 -0.0275 -0.4431
vn 0.9442 -0.1868 -0.2713
vn 0.9319 -0.1259 -0.3402
vn 0.6688 0.3283 0.667
vn 0.8966 0.0342 0.4415
vn 0.808 0.1777 0.5617
vn 0.9953 0.0733 -0.0639
vn 0.9258 -0.0381 -0.376
vn 0.9258 0.0063 -0.378
vn 0.9008 0.1183 -0.4177
vn 0.9332 -0.0754 0.3514
vn 0.2667 0.4306 -0.8622
vn 0.358 -0.7031 0.6144
vn 0.9329 0.066 -0.3542
vn 0.2279 0.3244 -0.918
vn -0.4052 -0.1159 0.9068
vn 0.9462 -0.1765 0.2711
vn 0.9447 0.0269 -0.3268
vn 0.2915 -0.1441 0.9457
vn 0.2789 0.07 0.9578
vn 0.2781 -0.5361 0.7971
vn 0.3605 0.267 -0.8937
vn 0.2066 0.5213 0.828
vn 0.9684 -0.1126 0.2224
vn 0.9464 -0.0854 0.3114
vn 0.2467 -0.4971 0.8319
vn 0.3965 -0.3241 0.8589
vn 0.0033 -0.2777 0.9607
vn 0.1677 0.8433 -0.5106
vn 0.8515 0.5063 0.1364
vn 0.9091 -0.3954 -0.131
vn 0.8059 -0.5378 0.2473
vn 0.5794 0.0117 0.8149
vn -0.1574 -0.1845 0.9701
vn -0.8097 -0.2134 0.5466
vn -0.8606 -0.4858 0.153
vn 0.4769 0.27 -0.8365
vn 0.4859 0.2773 -0.8289
vn 0.4795 0.2716 -0.8344
vn 0.9019 0.2479 0.3536
vn 0.8914 0.2529 0.3762
vn 0.9018 0.2519 0.3512
vn -0.3532 -0.2922 0.8888
vn -0.9211 -0.0844 0.38
vn -0.9338 0.3271 0.1453
vn -0.8855 0.278 0.3724
vn -0.6413 -0.7656 -0.0509
vn -0.4784 -0.8125 -0.3333
vn -0.8242 -0.1734 0.5392
vn -0.0997 -0.4497 0.8876
vn 0.3083 -0.9513 0.0049
vn 0.4034 -0.6371 -0.6567
vn 0.6013 0.1798 0.7785
vn 0.5135 0.5193 -0.6831
vn 0.5779 0.6178 -0.5333
vn 0.5756 0.5641 -0.5919
vn 0.8476 0.4308 0.3098
vn 0.7937 0.6044 0.0684
vn 0.7895 0.1468 -0.5959
vn 0.5377 -0.6647 -0.5186
vn -0.4191 0.2413 0.8753
vn 0.4686 0.6243 0.625
vn -0.116 0.6407 0.759
vn 0.8852 0.3741 -0.2765
vn 0.6036 0.6775 -0.4202
vn 0.6485 0.4685 0.5999
vn 0.8603 0.1451 -0.4888
vn -0.9377 -0.1239 0.3246
vn 0.8655 0.0313 -0.4999
vn 0.931 -0.0514 0.3615
vn 0.4985 -0.2689 0.8241
vn 0.9325 -0.089 0.3501
vn -0.972 -0.2167 -0.0912
vn -0.748 -0.2284 -0.6232
vn 0.9501 -0.1549 0.2707
vn -0.6859 -0.116 -0.7184
vn 0.6175 0.5783 -0.5332
vn 0.9801 0.0695 0.1862
vn -0.2789 0.044 -0.9593
vn -0.7924 -0.1705 -0.5857
vn -0.7861 -0.2082 -0.582
vn 0.8219 0.2524 0.5106
vn 0.4 0.3766 -0.8356
vn -0.107 -0.1779 0.9782
vn -0.4621 -0.2056 0.8627
vn -0.4606 -0.2043 0.8638
vn -0.4614 -0.2095 0.8621
vn -0.8623 -0.481 0.1586
vn -0.8328 -0.4585 0.3101
vn -0.7695 -0.3955 0.5015
vn 0.8423 0.5252 -0.1211
vn -0.3805 -0.8314 -0.4051
vn -0.3776 -0.8315 -0.4075
vn -0.4616 -0.5609 -0.6872
vn -0.2498 -0.2568 0.9336
vn -0.7501 0.6528 -0.1056
vn 0.4896 0.2779 -0.8265
vn 0.4993 0.3856 -0.7759
vn -0.9782 -0.0326 0.2049
vn -0.9727 -0.0354 0.2294
vn 0.6237 -0.086 0.7769
vn -0.8265 -0.4434 -0.3468
vn -0.8065 -0.1781 0.5638
vn 0.094 -0.6344 -0.7672
vn 0.183 0.1438 -0.9726
vn 0.7005 -0.0774 0.7095
vn 0.0864 0.0937 -0.9918
vn 0.4382 -0.1055 -0.8927
vn 0.39 -0.1132 -0.9138
vn 0.9435 -0.0457 -0.3282
vn 0.997 0.0283 -0.0727
vn 0.3525 0.3516 0.8673
vn 0.8465 0.0997 0.5229
vn 0.6652 0.4128 -0.6222
vn -0.4958 0.7038 0.5088
vn -0.3122 0.7238 0.6153
vn 0.5487 0.6099 0.5718
vn 0.0923 -0.9791 0.1815
vn -0.3987 0.892 0.2128
vn -0.1258 0.7442 0.656
vn 0.2513 -0.3992 0.8818
vn 0.9385 0.049 -0.3417
vn 0.9857 0.0292 0.166
vn -0.6975 -0.3962 0.5971
vn -0.3672 -0.4292 0.8252
vn -0.3247 -0.3852 0.8638
vn -0.3799 -0.1208 0.9171
vn -0.4578 0.0032 0.889
vn -0.2152 -0.3412 0.915
vn -0.5664 -0.379 0.7318
vn -0.5658 -0.3471 0.7479
vn -0.5626 -0.3456 0.7511
vn -0.5562 -0.3227 0.7658
vn 0.1294 0.2657 -0.9553
vn 0.6488 0.3968 -0.6493
vn -0.1362 -0.3132 0.9399
vn -0.4615 -0.2064 0.8628
vn 0.6021 0.2379 -0.7621
vn 0.7871 0.2569 -0.5607
vn -0.934 -0.2958 0.2004
vn -0.932 -0.3466 -0.1057
vn 0.8749 0.4781 -0.0775
vn 0.8776 0.4733 -0.0762
vn 0.8764 0.4746 -0.0818
vn 0.853 0.4013 -0.3337
vn 0.8094 0.359 -0.4647
vn 0.795 0.4836 -0.3662
vn 0.9767 -0.1105 -0.1839
vn 0.6241 -0.1067 0.774
vn -0.6819 -0.6512 -0.3332
vn -0.6031 -0.4796 0.6374
vn -0.9403 -0.3309 -0.0795
vn -0.3137 -0.6995 -0.6421
vn -0.7128 -0.5928 -0.3749
vn -0.3083 0.6691 0.6762
vn -0.0253 0.2933 0.9557
vn -0.0424 0.3175 0.9473
vn 0.2741 -0.1143 -0.9549
vn 0.5924 0.3889 0.7056
vn 0.0544 -0.973 -0.2243
vn 0.2085 -0.9777 0.0241
vn 0.5862 -0.8017 -0.1166
vn 0.4588 -0.8863 -0.0633
vn 0.7249 -0.4998 0.4741
vn 0.4354 -0.1778 0.8825
vn 0.5558 -0.2211 -0.8014
vn 0.5855 0.2506 0.771
vn 0.5724 0.3161 -0.7566
vn 0.6185 0.656 -0.4326
vn 0.5653 0.773 -0.288
vn 0.6534 0.74 0.1596
vn 0.0852 -0.9552 0.2833
vn 0.7194 0.5556 0.4167
vn 0.7543 0.4366 -0.4903
vn 0.2359 -0.4025 0.8845
vn 0.1816 0.0546 -0.9819
vn -0.2237 -0.4297 0.8748
vn -0.2412 -0.1815 0.9534
vn -0.3244 0.049 0.9447
vn -0.245 -0.1468 0.9583
vn 0.3922 0.2752 -0.8778
vn -0.3368 -0.476 0.8124
vn -0.3438 -0.2971 0.8908
vn -0.3424 -0.2974 0.8913
vn -0.2988 -0.0083 0.9543
vn -0.36 -0.0923 0.9284
vn -0.4481 -0.2227 0.8658
vn -0.5034 -0.3121 0.8057
vn -0.4726 -0.4357 0.766
vn 0.4714 0.4079 -0.7819
vn 0.7782 -0.026 0.6275
vn 0.7808 -0.0291 0.6241
vn -0.4487 -0.4096 0.7943
vn -0.4419 -0.4483 0.777
vn -0.0812 -0.2939 0.9524
vn -0.9216 -0.3878 -0.0183
vn -0.9355 -0.3321 0.1211
vn 0.8555 0.2674 0.4435
vn 0.7063 0.6189 -0.3437
vn 0.8703 -0.1041 0.4813
vn -0.5916 -0.636 -0.4954
vn -0.462 -0.6928 -0.5536
vn -0.6577 -0.5941 -0.4631
vn -0.958 0.0723 -0.2774
vn -0.6637 0.408 0.6269
vn -0.8856 0.456 -0.0878
vn -0.876 0.4743 -0.087
vn -0.8391 0.329 0.4332
vn 0.0424 -0.5173 -0.8548
vn 0.2582 -0.1598 0.9528
vn 0.8291 0.1973 0.5232
vn 0.4338 0.8931 0.1191
vn -0.2091 0.1395 0.9679
vn 0.8949 -0.2073 -0.3952
vn 0.9269 -0.2369 -0.2909
vn 0.867 -0.1862 -0.4622
vn 0.3119 0.8864 0.342
vn 0.905 -0.0713 -0.4195
vn 0.3809 0.7118 0.5902
vn 0.9832 0.1711 -0.0635
vn 0.9827 0.1693 -0.0749
vn 0.9424 0.1467 -0.3006
vn -0.2212 -0.0767 0.9722
vn -0.2248 -0.0824 0.9709
vn -0.2146 -0.0741 0.9739
vn 0.1896 0.0589 -0.9801
vn -0.2158 -0.2389 0.9468
vn -0.3587 0.1148 0.9264
vn -0.2809 -0.7358 0.6162
vn -0.3558 -0.3087 0.8821
vn -0.9336 -0.315 0.1706
vn -0.3881 0.071 0.9189
vn -0.2835 -0.4158 0.8642
vn -0.2658 -0.4408 0.8573
vn -0.2009 -0.5125 0.8349
vn 0.3677 0.0239 0.9296
vn 0.6244 0.086 0.7764
vn -0.4017 -0.1123 0.9089
vn -0.6752 -0.1974 -0.7107
vn -0.6956 -0.1792 -0.6957
vn -0.6812 -0.2272 -0.6959
vn 0.7211 0.1733 0.6708
vn 0.4506 0.3409 -0.8251
vn 0.2378 0.408 -0.8815
vn 0.8845 0.3997 -0.2407
vn 0.6676 -0.7433 0.0418
vn -0.9229 -0.2574 0.2862
vn 0.5002 -0.7432 -0.4443
vn 0.2371 -0.2592 -0.9363
vn 0.2513 -0.8881 -0.3848
vn 0.1299 -0.99 0.0541
vn 0.763 -0.4555 0.4586
vn 0.7774 0.0573 -0.6264
vn -0.5879 0.7087 0.39
vn 0.8651 0.403 -0.2987
vn 0.7615 0.5738 -0.3014
vn 0.8743 0.3853 -0.2951
vn 0.9598 0.1792 0.2161
vn 0.9638 0.1835 0.1936
vn 0.0472 -0.9988 0.0153
vn -0.4222 -0.6224 0.6591
vn 0.2542 0.1666 -0.9527
vn 0.21 0.2242 -0.9516
vn -0.0834 0.56 -0.8243
vn -0.2634 0.7115 -0.6515
vn 0.5111 0.1056 0.853
vn 0.165 0.4355 -0.8849
vn 0.3237 -0.2302 0.9177
vn 0.0831 0.3201 -0.9437
vn 0.0488 0.4217 -0.9054
vn 0.0913 0.2947 -0.9512
vn 0.6398 0.074 0.765
vn 0.7041 0.1782 0.6873
vn -0.0815 -0.2655 0.9607
vn 0.3692 0.3265 -0.8701
vn 0.5054 0.3592 -0.7846
vn 0.324 0.3143 -0.8923
vn -0.8251 -0.259 -0.5021
vn 0.4504 0.3252 -0.8315
vn -0.9503 -0.2789 0.1387
vn -0.0647 -0.2913 0.9544
vn 0.9139 0.3982 -0.0781
vn 0.9106 0.3883 -0.1417
vn 0.9162 0.3176 -0.2443
vn 0.4299 -0.3391 0.8368
vn -0.8934 -0.2341 0.3835
vn -0.8569 -0.2395 0.4565
vn -0.6975 -0.2457 0.6731
vn -0.3912 -0.6631 -0.6382
vn -0.6599 0.2183 0.7189
vn 0.3302 -0.1643 -0.9295
vn 0.8785 0.3325 0.3429
vn 0.8869 0.3313 0.322
vn 0.6514 0.3239 0.6861
vn 0.571 -0.7824 0.2486
vn 0.7658 -0.4841 0.4233
vn 0.9743 0.1873 -0.1253
vn 0.3255 0.945 -0.0305
vn 0.8228 -0.1556 -0.5466
vn 0.7466 0.4474 -0.4924
vn -0.1839 0.8338 -0.5205
vn 0.2877 0.9547 -0.0767
vn 0.291 0.9536 -0.0779
vn 0.2892 0.9541 -0.0779
vn 0.5158 0.2162 0.829
vn -0.6667 0.7453 -0.0018
vn 0.1288 0.2138 -0.9683
vn -0.0959 -0.4738 0.8754
vn 0.4993 0.0615 0.8642
vn -0.3404 -0.346 0.8743
vn -0.1402 -0.2811 0.9494
vn -0.4573 -0.321 0.8294
vn 0.5633 0.0365 0.8255
vn -0.3203 -0.4297 0.8442
vn -0.1155 -0.3218 0.9397
vn 0.8233 0.3954 -0.4073
vn 0.5545 0.3345 -0.762
vn 0.406 0.3858 -0.8284
vn -0.8697 -0.463 0.171
vn -0.9252 -0.3794 -0.0089
vn -0.9153 -0.4028 0.0072
vn -0.9204 -0.3138 -0.2332
vn 0.9959 -0.0378 -0.0825
vn 0.8829 0.4495 0.1358
vn -0.9829 -0.1134 -0.1453
vn -0.8587 0.135 -0.4943
vn -0.5299 0.6889 0.4946
vn -0.7633 0.6458 -0.0173
vn -0.8001 -0.4179 -0.4303
vn -0.9507 0.0655 0.3031
vn -0.7663 -0.588 -0.2588
vn -0.9286 -0.2258 0.2945
vn -0.5584 -0.2431 0.7931
vn -0.0177 -0.1896 -0.9817
vn 0.7134 0.4449 0.5414
vn 0.4486 0.4152 0.7914
vn 0.3736 0.123 0.9194
vn 0.6929 0.3325 0.6398
vn 0.2651 -0.9624 0.0597
vn 0.5301 -0.8163 -0.2294
vn 0.0304 -0.9953 0.0921
vn 0.8523 -0.0101 -0.5229
vn 0.8838 0.1868 -0.4289
vn 0.8355 0.5048 -0.217
vn 0.7654 0.0731 -0.6394
vn 0.981 -0.0091 -0.1938
vn 0.9787 0.1129 -0.1716
vn 0.9791 0.1133 -0.169
vn 0.9487 -0.0594 -0.3106
vn 0.6991 0.2565 0.6674
vn -0.3771 -0.3073 0.8737
vn -0.4328 -0.2887 0.854
vn -0.5602 -0.0541 0.8266
vn -0.948 0.0038 -0.3182
vn 0.1176 0.3129 -0.9425
vn 0.1019 0.262 -0.9597
vn 0.1107 0.2913 -0.9502
vn -0.2203 -0.3444 0.9126
vn -0.182 -0.5592 0.8088
vn -0.1848 -0.316 0.9306
vn 0.8897 0.4415 -0.1165
vn 0.8935 0.4346 -0.1132
vn 0.8868 0.4457 -0.1224
vn -0.406 -0.6924 0.5965
vn -0.471 0.8522 -0.2277
vn -0.5318 0.4137 -0.739
vn -0.6673 0.1534 0.7289
vn -0.8332 0.1221 -0.5394
vn 0.0626 0.5955 0.8009
vn 0.098 0.5262 0.8447
vn -0.0261 0.7451 0.6665
vn -0.6902 -0.4459 -0.5699
vn 0.2002 0.7912 0.5779
vn -0.3385 0.2708 0.9012
vn 0.0682 -0.5225 -0.8499
vn 0.1975 -0.2939 0.9352
vn -0.1377 0.1655 0.9765
vn -0.1128 0.1311 0.9849
vn 0.6178 0.3091 -0.723
vn 0.9559 0.261 -0.1349
vn 0.9559 0.2934 -0.0085
vn 0.4216 -0.9008 0.1041
vn 0.9758 -0.2184 0.008
vn 0.6379 0.4746 0.6065
vn 0.9474 0.2083 0.2429
vn -0.5138 -0.0767 -0.8545
vn -0.4323 -0.0701 -0.899
vn 0.0231 -0.249 0.9682
vn 0.0168 0.5099 -0.8601
vn -0.1956 -0.3514 0.9155
vn -0.3213 -0.3443 0.8821
vn 0.8817 0.3938 -0.2597
vn 0.2887 -0.1451 0.9464
vn 0.7872 0.4263 0.4455
vn 0.7471 0.6594 0.0835
vn -0.835 -0.2482 -0.4911
vn 0.8944 0.4467 -0.0198
vn 0.4004 -0.84 0.3661
vn 0.5381 -0.6334 0.5561
vn 0.5131 -0.6828 0.5201
vn -0.2975 -0.4879 -0.8206
vn -0.5389 0.8389 0.0771
vn -0.9756 0.106 -0.1924
vn -0.4149 0.3127 0.8544
vn -0.341 0.4483 0.8263
vn -0.1108 0.1605 0.9808
vn 0.7673 0.5034 0.3972
vn 0.7094 0.3622 -0.6047
vn 0.817 -0.5758 0.0304
vn 0.9656 -0.2423 -0.0943
vn 0.7712 0.6275 -0.1075
vn 0.7151 0.4105 0.5658
vn 0.6095 0.7883 0.0843
vn -0.2315 -0.5664 0.791
vn -0.2399 -0.5403 0.8066
vn -0.2411 -0.5269 0.815
vn 0.0633 0.2905 -0.9548
vn -0.2496 -0.4915 0.8344
vn 0.0275 0.1694 -0.9852
vn -0.4727 -0.0769 -0.8779
vn -0.0611 -0.3693 0.9273
vn 0.0473 0.3962 -0.9169
vn -0.6157 -0.3714 0.6949
vn 0.1264 0.3404 -0.9318
vn 0.9719 0.2355 0.0005
vn 0.9856 0.0434 -0.1636
vn -0.7981 -0.497 0.3407
vn -0.7815 -0.5538 0.2872
vn -0.7876 -0.2754 -0.5513
vn -0.7744 -0.371 -0.5125
vn 0.8963 0.4303 -0.1071
vn -0.6434 0.1884 0.7419
vn -0.5599 -0.053 0.8269
vn -0.7122 0.0434 0.7006
vn -0.6168 -0.5092 -0.6002
vn -0.6344 -0.5152 -0.5763
vn -0.6357 -0.5196 -0.5708
vn 0.4159 0.8716 0.2593
vn 0.167 0.3734 0.9125
vn -0.3572 -0.3531 0.8647
vn 0.7769 0.295 -0.5562
vn 0.738 -0.673 0.0498
vn 0.9448 -0.0428 -0.3247
vn 0.9654 -0.2552 0.0534
vn 0.9771 -0.1416 -0.1585
vn 0.9227 -0.3276 0.2034
vn 0.9673 0.2526 0.0223
vn 0.278 -0.2425 0.9295
vn -0.0539 -0.4335 0.8996
vn 0.0906 -0.3059 0.9477
vn 0.0937 -0.3011 0.949
vn 0.5823 0.1407 0.8007
vn 0.1445 0.2019 -0.9687
vn 0.1726 0.2508 -0.9525
vn -0.8276 -0.4247 0.367
vn 0.8826 0.377 -0.2809
vn 0.8477 0.3954 -0.3537
vn 0.8881 0.3728 -0.2689
vn 0.9125 0.3085 0.2685
vn 0.7086 0.3789 -0.5953
vn 0.2238 0.181 0.9577
vn -0.7021 -0.6718 -0.2362
vn -0.7305 -0.5436 -0.4133
vn 0.2223 0.1898 0.9563
vn -0.7636 0.604 0.2283
vn -0.4223 0.5427 0.726
vn -0.5086 0.2043 0.8364
vn -0.6126 -0.0835 0.7859
vn 0.0211 -0.4825 -0.8756
vn 0.5951 -0.2253 -0.7714
vn 0.6448 -0.3536 -0.6776
vn 0.548 0.8039 0.2314
vn 0.4425 -0.6925 0.5698
vn 0.9076 0.4023 0.1202
vn 0.9332 0.2222 -0.2824
vn -0.4768 -0.079 -0.8755
vn -0.4774 -0.0809 -0.875
vn 0.1409 0.2362 -0.9614
vn 0.0698 -0.3289 0.9418
vn -0.083 -0.4596 0.8842
vn 0.5326 0.0993 0.8405
vn -0.2236 -0.2582 0.9399
vn -0.2477 -0.2501 0.936
vn -0.359 -0.398 0.8442
vn -0.3874 -0.4164 0.8225
vn 0.1644 -0.2907 0.9426
vn 0.4092 -0.8525 0.3253
vn -0.3721 0.5191 -0.7695
vn -0.0993 0.6228 0.7761
vn -0.8291 0.432 0.3549
vn -0.0026 -0.4707 -0.8823
vn 0.0156 -0.4816 -0.8762
vn 0.0114 -0.4815 -0.8763
vn 0.1455 0.9886 0.0393
vn -0.8633 0.2945 -0.4098
vn 0.3488 0.9273 0.1356
vn 0.5001 -0.2695 -0.823
vn 0.9065 0.4068 0.1132
vn 0.974 0.2266 -0.0066
vn 0.9344 0.3392 0.1083
vn 0.1777 0.2289 -0.9571
vn 0.1813 0.2288 -0.9564
vn 0.1814 0.2323 -0.9556
vn 0.1631 -0.1671 0.9724
vn 0.5251 0.1309 0.8409
vn 0.4803 0.0864 0.8728
vn 0.2246 0.3162 -0.9217
vn 0.2854 0.2281 -0.9309
vn 0.1358 -0.2759 0.9515
vn -0.927 -0.3023 -0.2221
vn -0.8064 -0.2669 -0.5276
vn 0.9095 0.4088 -0.0759
vn 0.6659 0.3878 -0.6374
vn 0.6473 -0.0638 0.7595
vn -0.2566 0.9604 -0.1089
vn -0.7509 0.5467 -0.3705
vn 0.6192 -0.7383 -0.2675
vn -0.5927 -0.4887 -0.6402
vn -0.5591 0.2437 0.7925
vn -0.5602 0.2434 0.7918
vn -0.5609 0.2421 0.7917
vn -0.9944 -0.035 0.0995
vn 0.6111 -0.3183 -0.7247
vn 0.5507 0.7963 0.2502
vn 0.8487 0.5224 0.0822
vn 0.0963 -0.2124 0.9724
vn 0.1633 0.5809 0.7975
vn -0.4374 -0.2213 0.8716
vn 0.5824 0.6279 -0.5163
vn 0.9372 -0.2349 0.2576
vn 0.8943 0.1362 0.4263
vn 0.7603 0.3465 0.5494
vn 0.9035 0.4193 -0.0889
vn -0.0205 -0.0313 0.9993
vn 0.9143 0.4036 -0.0349
vn 0.8402 0.2589 0.4764
vn 0.8404 0.2599 0.4756
vn 0.8384 0.2625 0.4776
vn 0.8386 0.2735 0.4711
vn 0.7866 0.4368 -0.4364
vn 0.2432 -0.9358 -0.2554
vn 0.2432 -0.8327 -0.4975
vn 0.1351 -0.7265 -0.6737
vn -0.5526 0.8081 -0.2041
vn 0.5553 -0.4082 0.7246
vn 0.6756 -0.4246 0.6027
vn 0.6982 -0.4264 0.5751
vn 0.9609 0.2651 0.0795
vn 0.941 0.3064 0.1434
vn 0.9524 0.2845 0.1093
vn 0.3995 0.4275 0.8109
vn -0.6575 -0.6371 0.4023
vn 0.1163 0.8138 -0.5694
vn 0.4379 -0.131 -0.8894
vn -0.8597 0.1048 0.4999
vn -0.7468 0.2186 0.6281
vn -0.8872 0.0684 0.4563
vn 0.3693 0.0259 -0.929
vn 0.1395 0.0813 0.9869
vn -0.8551 0.4474 -0.262
vn -0.2102 -0.2805 0.9366
vn -0.5084 -0.0933 -0.8561
vn 0.65 0.3841 -0.6557
vn 0.8194 -0.0734 0.5685
vn -0.7561 -0.3641 0.5439
vn 0.9052 0.4248 0.0106
vn 0.8393 0.4011 -0.367
vn 0.4844 0.0209 -0.8746
vn 0.0054 -0.5753 -0.8179
vn 0.3 0.6447 0.7031
vn 0.3508 0.3151 0.8818
vn -0.0553 0.0694 0.9961
vn 0.6018 0.2237 0.7667
vn -0.0079 -0.4703 -0.8825
vn 0.9077 0.2208 0.3569
vn -0.0813 -0.4993 -0.8626
vn 0.584 -0.309 -0.7507
vn -0.493 -0.4955 -0.7151
vn -0.9863 0.1485 0.0721
vn -0.8974 0.1319 -0.421
vn 0.425 -0.7016 -0.572
vn -0.2097 -0.2801 0.9368
vn 0.1742 0.2368 -0.9558
vn 0.168 0.1853 -0.9682
vn -0.8706 -0.4687 0.1497
vn 0.6439 0.2839 -0.7105
vn 0.3377 -0.8491 0.4063
vn 0.0026 -0.4584 -0.8888
vn 0.703 -0.3118 -0.6392
vn -0.003 -0.4023 -0.9155
vn 0.9323 0.321 0.1664
vn 0.0556 -0.3573 -0.9323
vn 0.0472 -0.589 -0.8067
vn -0.9701 -0.1041 0.2195
vn -0.6145 0.7875 0.0463
vn -0.594 0.217 -0.7746
vn -0.5923 -0.1579 -0.7901
vn -0.2087 -0.1626 0.9644
vn -0.725 -0.3658 0.5835
vn 0.2065 -0.2203 0.9533
vn 0.883 -0.4103 0.228
vn -0.1694 -0.5023 -0.8479
vn 0.3837 0.5851 -0.7144
vn 0.704 0.5174 0.4866
vn -0.6308 0.7738 -0.0572
vn -0.9032 0.3971 -0.1629
vn 0.4558 -0.2363 0.8582
vn 0.9298 0.2243 -0.2916
vn 0.7255 0.3361 -0.6006
vn -0.8073 -0.3669 0.4621
vn 0.8551 -0.3864 0.3455
vn 0.7462 0.0851 0.6603
vn -0.1144 -0.3213 -0.94
vn -0.0266 -0.5726 0.8194
vn 0.322 0.5748 0.7523
vn 0.7103 -0.2358 -0.6632
vn 0.1447 0.8089 -0.5699
vn 0.0347 -0.7233 -0.6897
vn 0.56 0.1491 0.815
vn 0.053 0.189 -0.9806
vn -0.7536 -0.2264 -0.617
vn -0.7833 -0.2418 -0.5727
vn -0.8757 -0.2445 -0.4164
vn -0.8735 -0.2458 -0.4203
vn -0.8745 -0.2458 -0.4181
vn 0.8305 0.4541 -0.3225
vn 0.279 -0.7563 0.5918
vn 0.8332 -0.4744 -0.2842
vn 0.965 -0.0758 -0.2509
vn 0.7099 0.2416 0.6616
vn 0.6888 -0.2946 -0.6623
vn 0.8104 -0.0486 -0.5838
vn 0.9426 0.3118 -0.1196
vn 0.415 -0.8782 0.2379
vn -0.6598 0.1188 -0.742
vn -0.5533 -0.1135 -0.8252
vn 0.3383 -0.2104 0.9172
vn 0.3334 0.1099 -0.9363
vn 0.8696 0.1827 0.4587
vn -0.8145 -0.3476 0.4646
vn -0.8136 -0.3471 0.4664
vn -0.8132 -0.3496 0.4654
vn 0.5767 0.3521 -0.7372
vn 0.2726 -0.4716 -0.8386
vn 0.4592 -0.5718 0.6798
vn 0.794 -0.2634 -0.5479
vn 0.8097 -0.2619 -0.5252
vn 0.6623 -0.2682 -0.6995
vn 0.3456 -0.716 0.6066
vn 0.3984 -0.2662 -0.8777
vn -0.9792 -0.1965 0.0505
vn -0.6743 -0.2734 0.686
vn -0.4625 -0.3519 0.8138
vn -0.571 -0.32 0.756
vn 0.8412 0.2539 0.4773
vn 0.8655 -0.4043 -0.2957
vn -0.3865 -0.9222 0.0134
vn 0.8722 -0.1151 0.4754
vn 0.8583 0.473 0.1991
vn 0.8472 -0.4789 -0.2299
vn 0.0669 -0.9975 0.0224
vn 0.7434 -0.2186 0.6321
vn 0.7557 -0.1654 0.6336
vn 0.9642 0.265 -0.0004
vn 0.8758 0.4825 0.0139
vn 0.5746 -0.4077 0.7097
vn -0.7134 -0.3305 -0.6179
vn -0.0026 -0.0275 0.9996
vn -0.0282 -0.0423 0.9987
vn -0.1537 -0.1147 0.9814
vn -0.2501 -0.1699 0.9532
vn 0.8123 0.4462 -0.3757
vn 0.843 0.2517 0.4753
vn 0.9699 0.1791 -0.165
vn 0.9634 0.1989 -0.1795
vn 0.9731 0.1688 -0.1568
vn 0.7412 -0.6695 -0.0496
vn -0.1297 -0.0193 -0.9914
vn -0.9324 -0.3162 0.1749
vn -0.5387 -0.12 0.8339
vn -0.5853 -0.2181 0.781
vn 0.7536 0.3381 0.5637
vn 0.8574 0.3707 0.3571
vn 0.4612 0.3658 0.8084
vn 0.9795 0.1456 -0.1389
vn 0.8616 0.1219 -0.4927
vn 0.4313 -0.8754 0.2183
vn 0.2573 -0.9649 0.0531
vn 0.8093 -0.3028 -0.5033
vn 0.9108 -0.2432 -0.3336
vn 0.9893 0.0134 0.1455
vn 0.9833 0.118 0.1382
vn 0.984 0.171 0.0495
vn -0.3086 -0.6604 -0.6845
vn 0.7668 0.2486 -0.5918
vn 0.7687 0.2526 -0.5877
vn 0.7708 0.2558 -0.5834
vn 0.9545 0.2002 0.2211
vn 0.86 -0.1695 -0.4814
vn 0.9567 0.2085 0.2032
vn -0.0289 -0.9533 0.3007
vn 0.8814 -0.3987 -0.2532
vn 0.7418 0.2324 -0.629
vn 0.7489 0.2484 -0.6144
vn 0.7439 0.237 -0.6249
vn 0.727 -0.0444 0.6852
vn -0.8135 -0.3498 0.4647
vn 0.7889 0.2441 -0.564
vn 0.772 0.2648 -0.5778
vn 0.7513 0.2859 -0.5948
vn 0.6493 0.5058 -0.5679
vn -0.8054 -0.2738 -0.5258
vn -0.8809 -0.4706 0.0514
vn 0.7173 -0.6371 -0.2819
vn 0.841 0.417 -0.3447
vn -0.8771 -0.3222 0.3563
vn -0.8676 -0.3214 0.3795
vn 0.7373 0.2225 -0.6379
vn 0.7346 0.3043 -0.6064
vn -0.8926 -0.4239 0.1536
vn -0.9066 -0.4219 0.0106
vn -0.9118 -0.409 0.0359
vn 0.9204 0.383 -0.0785
vn 0.8809 0.3424 0.3267
vn 0.3818 -0.1302 0.915
vn -0.7201 -0.3412 0.6043
vn -0.522 -0.3372 0.7834
vn 0.771 0.0806 0.6317
vn 0.7951 0.3533 -0.4929
vn 0.7871 0.365 -0.4972
vn 0.7822 0.3721 -0.4997
vn -0.6142 -0.6422 0.4586
vn 0.088 0.747 -0.6589
vn 0.468 -0.0906 0.8791
vn 0.4733 -0.0964 0.8756
vn 0.4717 -0.0924 0.8769
vn -0.8339 -0.1091 -0.541
vn -0.79 -0.3968 -0.4674
vn 0.8374 0.3287 0.4368
vn 0.8314 0.3037 0.4653
vn 0.7931 0.1736 0.5838
vn -0.3756 -0.5748 -0.727
vn -0.0303 -0.9739 -0.225
vn -0.3459 -0.6329 -0.6927
vn -0.6973 -0.0972 -0.7101
vn -0.4468 -0.3697 -0.8147
vn 0.7743 0.126 0.6202
vn 0.8829 0.1465 0.4461
vn 0.8462 0.4662 -0.258
vn 0.8473 0.0957 0.5225
vn 0.7393 0.5095 -0.4404
vn 0.0137 -0.9373 -0.3482
vn -0.889 -0.2341 -0.3936
vn -0.637 -0.4114 0.6519
vn 0.3993 0.0452 -0.9157
vn 0.7746 0.3827 -0.5034
vn 0.4747 0.2823 -0.8336
vn 0.9154 0.335 0.2231
vn -0.4583 -0.6111 0.6454
vn -0.4315 -0.8 -0.417
vn 0.9093 0.4058 -0.0923
vn -0.1109 0.0062 -0.9938
vn -0.9136 -0.4051 -0.0365
vn -0.9137 -0.4049 -0.0346
vn -0.9144 -0.4033 -0.0364
vn 0.8964 0.3977 0.1956
vn 0.9455 0.2828 -0.1612
vn 0.9173 0.1441 -0.3711
vn 0.9467 -0.0143 0.3219
vt 0.8515 0.2555
vt 0.8508 0.2636
vt 0.8556 0.265
vt 0.6595 0.4896
vt 0.6667 0.4944
vt 0.6609 0.478
vt 0.6685 0.4821
vt 0.1424 0.8443
vt 0.1583 0.8391
vt 0.1561 0.8558
vt 0.8563 0.2584
vt 0.9053 0.7129
vt 0.909 0.7241
vt 0.9119 0.707
vt 0.6716 0.4697
vt 0.9143 0.6481
vt 0.9128 0.6243
vt 0.9318 0.6208
vt 0.5848 0.9665
vt 0.5768 0.9801
vt 0.5708 0.9719
vt 0.1767 0.8371
vt 0.1764 0.8586
vt 0.1436 0.8307
vt 0.1399 0.8543
vt 0.6462 0.4783
vt 0.6524 0.4785
vt 0.6411 0.4874
vt 0.6246 0.4796
vt 0.6324 0.4851
vt 0.6412 0.4568
vt 0.4723 0.9648
vt 0.4932 0.963
vt 0.4894 0.9744
vt 0.5025 0.9748
vt 0.1625 0.8591
vt 0.153 0.863
vt 0.0042 0.606
vt 0.0071 0.5971
vt 0.0033 0.5896
vt 0.0113 0.6164
vt 0.0121 0.5646
vt 0.0181 0.5765
vt 0.0134 0.5695
vt 0.0155 0.5616
vt 0.0187 0.5686
vt 0.9451 0.7789
vt 0.9506 0.7845
vt 0.9487 0.7756
vt 0.6211 0.4723
vt 0.9378 0.6416
vt 0.1662 0.8299
vt 0.1613 0.8266
vt 0.0167 0.5386
vt 0.0191 0.549
vt 0.0108 0.5411
vt 0.0193 0.5567
vt 0.0305 0.5681
vt 0.0259 0.5721
vt 0.6797 0.4098
vt 0.9272 0.6645
vt 0.4812 0.9731
vt 0.5804 0.9426
vt 0.5924 0.9647
vt 0.1442 0.8246
vt 0.5899 0.9573
vt 0.1319 0.867
vt 0.0463 0.8522
vt 0.1371 0.8304
vt 0.1124 0.831
vt 0.082 0.8273
vt 0.035 0.5493
vt 0.0226 0.5303
vt 0.9417 0.797
vt 0.0413 0.5378
vt 0.6818 0.4466
vt 0.6834 0.4589
vt 0.88 0.3262
vt 0.8957 0.3354
vt 0.8752 0.3333
vt 0.4677 0.9862
vt 0.9152 0.6599
vt 0.5089 0.9855
vt 0.5586 0.9715
vt 0.7523 0.1839
vt 0.7405 0.2017
vt 0.7411 0.2075
vt 0.1064 0.8273
vt 0.5073 0.071
vt 0.505 0.0542
vt 0.5174 0.0692
vt 0.9386 0.7775
vt 0.9361 0.7846
vt 0.0548 0.2739
vt 0.06 0.2807
vt 0.061 0.2648
vt 0.0526 0.556
vt 0.6273 0.3818
vt 0.9401 0.664
vt 0.0629 0.9036
vt 0.0624 0.8918
vt 0.0516 0.8898
vt 0.0138 0.5792
vt 0.03 0.5933
vt 0.0162 0.5842
vt 0.5083 0.0483
vt 0.5181 0.0487
vt 0.0356 0.5153
vt 0.0485 0.5078
vt 0.0537 0.5196
vt 0.0538 0.5514
vt 0.074 0.533
vt 0.0603 0.5336
vt 0.065 0.5276
vt 0.8865 0.3526
vt 0.9466 0.6428
vt 0.0558 0.9058
vt 0.7556 0.2176
vt 0.7317 0.2261
vt 0.7379 0.2416
vt 0.0241 0.5092
vt 0.0272 0.4985
vt 0.9335 0.7924
vt 0.0462 0.5938
vt 0.0673 0.5576
vt 0.9584 0.6565
vt 0.9965 0.8781
vt 0.9788 0.8743
vt 0.9847 0.8805
vt 0.0622 0.925
vt 0.0622 0.9321
vt 0.767 0.1881
vt 0.0853 0.8647
vt 0.0427 0.8429
vt 0.9325 0.8006
vt 0.877 0.3406
vt 0.5266 0.9795
vt 0.5423 0.9659
vt 0.5492 0.9789
vt 0.0453 0.8942
vt 0.5466 0.7895
vt 0.5436 0.8059
vt 0.5294 0.7986
vt 0.0666 0.814
vt 0.5248 0.0471
vt 0.0339 0.5966
vt 0.0693 0.5429
vt 0.0839 0.5717
vt 0.0877 0.5628
vt 0.6427 0.3328
vt 0.9629 0.6429
vt 0.9939 0.8657
vt 0.9948 0.8402
vt 0.9892 0.8345
vt 0.5468 0.9516
vt 0.5325 0.805
vt 0.0473 0.8176
vt 0.7359 0.9787
vt 0.7281 0.9814
vt 0.7258 0.9664
vt 0.0437 0.4995
vt 0.7396 0.9916
vt 0.7234 0.9884
vt 0.0509 0.5036
vt 0.9497 0.8278
vt 0.0739 0.5511
vt 0.5982 0.3889
vt 0.0889 0.5223
vt 0.1035 0.5321
vt 0.0829 0.5777
vt 0.8734 0.3503
vt 0.953 0.6372
vt 0.8986 0.3601
vt 0.9008 0.3353
vt 0.9049 0.3499
vt 0.029 0.953
vt 0.0446 0.9483
vt 0.0277 0.9449
vt 0.0528 0.9409
vt 0.0565 0.9357
vt 0.5719 0.9407
vt 0.0403 0.5979
vt 0.0297 0.6041
vt 0.9266 0.8138
vt 0.1181 0.1154
vt 0.1286 0.128
vt 0.1118 0.1298
vt 0.5996 0.4499
vt 0.612 0.468
vt 0.097 0.5654
vt 0.5345 0.9683
vt 0.9761 0.8544
vt 0.9966 0.8284
vt 0.0258 0.9493
vt 0.0258 0.9399
vt 0.5599 0.9471
vt 0.7746 0.1862
vt 0.5309 0.8063
vt 0.4937 0.805
vt 0.5286 0.7994
vt 0.4861 0.7876
vt 0.746 0.2505
vt 0.0544 0.8658
vt 0.2638 0.4554
vt 0.2481 0.4589
vt 0.2525 0.4532
vt 0.9178 0.8035
vt 0.9282 0.8283
vt 0.6061 0.4654
vt 0.0834 0.5918
vt 0.1063 0.5251
vt 0.6822 0.3586
vt 0.9785 0.8385
vt 0.7739 0.2018
vt 0.7736 0.2077
vt 0.7558 0.2522
vt 0.461 0.7975
vt 0.7302 0.2574
vt 0.458 0.79
vt 0.7602 0.3547
vt 0.7638 0.349
vt 0.76 0.346
vt 0.9833 0.3775
vt 0.9782 0.4025
vt 0.9903 0.3801
vt 0.9876 0.4029
vt 0.9726 0.393
vt 0.9721 0.3833
vt 0.9853 0.3662
vt 0.0236 0.6207
vt 0.0176 0.6169
vt 0.0601 0.6177
vt 0.2996 0.7471
vt 0.2967 0.7544
vt 0.264 0.7452
vt 0.2557 0.7248
vt 0.2232 0.7339
vt 0.2394 0.7269
vt 0.0817 0.5161
vt 0.1315 0.5103
vt 0.0975 0.5661
vt 0.1112 0.565
vt 0.8729 0.3583
vt 0.8596 0.3538
vt 0.883 0.3594
vt 0.5224 0.973
vt 0.9743 0.8613
vt 0.3769 0.498
vt 0.3703 0.4808
vt 0.3653 0.4939
vt 0.3825 0.4825
vt 0.5597 0.8105
vt 0.557 0.8144
vt 0.5321 0.8173
vt 0.0446 0.8854
vt 0.0363 0.8804
vt 0.5141 0.8211
vt 0.762 0.3392
vt 0.7518 0.34
vt 0.7581 0.3455
vt 0.0183 0.3581
vt 0.0091 0.3427
vt 0.0061 0.3584
vt 0.0806 0.4975
vt 0.1084 0.5064
vt 0.1316 0.5159
vt 0.6828 0.3909
vt 0.6443 0.4963
vt 0.6481 0.513
vt 0.6514 0.4929
vt 0.3638 0.4784
vt 0.0169 0.9154
vt 0.0233 0.9078
vt 0.0247 0.8899
vt 0.5614 0.6944
vt 0.56 0.6849
vt 0.5687 0.6841
vt 0.2006 0.293
vt 0.2041 0.2841
vt 0.2136 0.2875
vt 0.56 0.2253
vt 0.5581 0.2311
vt 0.5619 0.2357
vt 0.0331 0.3594
vt 0.0157 0.3365
vt 0.1498 0.1398
vt 0.0493 0.4864
vt 0.0844 0.6
vt 0.5007 0.0712
vt 0.4953 0.0809
vt 0.4893 0.0754
vt 0.095 0.5957
vt 0.5334 0.953
vt 0.5582 0.9422
vt 0.746 0.3314
vt 0.5821 0.6929
vt 0.5714 0.6944
vt 0.4655 0.8066
vt 0.2167 0.294
vt 0.2606 0.0211
vt 0.2589 0.0298
vt 0.263 0.0333
vt 0.5597 0.2394
vt 0.0251 0.3369
vt 0.9085 0.0017
vt 0.91 0.0187
vt 0.9113 0.0071
vt 0.1839 0.7706
vt 0.0756 0.4892
vt 0.0832 0.6086
vt 0.124 0.5223
vt 0.013 0.947
vt 0.5577 0.8217
vt 0.7718 0.2224
vt 0.7461 0.3384
vt 0.589 0.9984
vt 0.5916 0.9801
vt 0.6031 0.9985
vt 0.8766 0.9275
vt 0.8666 0.9254
vt 0.8718 0.9148
vt 0.0316 0.322
vt 0.2974 0.7654
vt 0.2937 0.7872
vt 0.1002 0.503
vt 0.512 0.0765
vt 0.2749 0.7356
vt 0.2863 0.7423
vt 0.2685 0.7423
vt 0.1476 0.5709
vt 0.1414 0.5221
vt 0.124 0.5294
vt 0.0152 0.9531
vt 0.5691 0.8185
vt 0.4225 0.383
vt 0.4143 0.3863
vt 0.4155 0.3752
vt 0.047 0.8146
vt 0.0275 0.7843
vt 0.0309 0.8077
vt 0.0269 0.8029
vt 0.0189 0.8805
vt 0.0346 0.8713
vt 0.0224 0.3258
vt 0.0472 0.3337
vt 0.0503 0.356
vt 0.746 0.655
vt 0.7319 0.6302
vt 0.7258 0.6517
vt 0.6617 0.7573
vt 0.6611 0.7453
vt 0.675 0.7385
vt 0.7459 0.643
vt 0.0243 0.6301
vt 0.0316 0.65
vt 0.0926 0.138
vt 0.0915 0.1275
vt 0.0613 0.6364
vt 0.0431 0.484
vt 0.094 0.6073
vt 0.6692 0.1622
vt 0.679 0.1622
vt 0.6769 0.1519
vt 0.6069 0.3741
vt 0.4319 0.3742
vt 0.5498 0.826
vt 0.0198 0.8945
vt 0.0506 0.7966
vt 0.0297 0.8608
vt 0.5051 0.8224
vt 0.4935 0.8237
vt 0.0118 0.7196
vt 0.0102 0.7137
vt 0.0178 0.7197
vt 0.712 0.643
vt 0.7219 0.2278
vt 0.7183 0.2281
vt 0.726 0.2371
vt 0.3065 0.7832
vt 0.3056 0.775
vt 0.0304 0.4782
vt 0.2272 0.3999
vt 0.2148 0.4013
vt 0.199 0.3983
vt 0.1878 0.7415
vt 0.1065 0.4942
vt 0.1158 0.6055
vt 0.102 0.6069
vt 0.6172 0.36
vt 0.1479 0.5325
vt 0.1438 0.5162
vt 0.4612 0.3795
vt 0.4561 0.3871
vt 0.4505 0.3713
vt 0.4379 0.3806
vt 0.0103 0.928
vt 0.58 0.6829
vt 0.8554 0.9214
vt 0.6203 0.9532
vt 0.9968 0.0632
vt 0.9885 0.0472
vt 0.9849 0.0497
vt 0.2921 0.1344
vt 0.2875 0.1255
vt 0.2826 0.1262
vt 0.674 0.7579
vt 0.4235 0.7815
vt 0.4076 0.7889
vt 0.4047 0.8011
vt 0.7267 0.2226
vt 0.0182 0.6385
vt 0.0353 0.4725
vt 0.0939 0.6074
vt 0.0814 0.4903
vt 0.1017 0.4905
vt 0.5991 0.4262
vt 0.5954 0.4024
vt 0.1279 0.4943
vt 0.1228 0.6047
vt 0.1334 0.5158
vt 0.1499 0.5958
vt 0.1667 0.5302
vt 0.6714 0.3022
vt 0.0514 0.7842
vt 0.0489 0.7743
vt 0.0131 0.8731
vt 0.4858 0.8244
vt 0.8595 0.9118
vt 0.7514 0.2724
vt 0.7386 0.2694
vt 0.7372 0.2828
vt 0.6178 0.9987
vt 0.6386 0.9747
vt 0.632 0.9929
vt 0.0443 0.3628
vt 0.7396 0.9429
vt 0.7555 0.934
vt 0.7423 0.9259
vt 0.7467 0.9882
vt 0.9514 0.9657
vt 0.9673 0.977
vt 0.9778 0.9867
vt 0.9448 0.9772
vt 0.6249 0.8722
vt 0.628 0.8667
vt 0.6022 0.8607
vt 0.6268 0.8609
vt 0.2903 0.1428
vt 0.2819 0.1652
vt 0.3047 0.1313
vt 0.6887 0.7596
vt 0.1056 0.1629
vt 0.1049 0.619
vt 0.102 0.607
vt 0.5807 0.8707
vt 0.5926 0.8628
vt 0.5949 0.8722
vt 0.5814 0.8649
vt 0.1313 0.6074
vt 0.026 0.7755
vt 0.0154 0.8609
vt 0.7499 0.2583
vt 0.7568 0.2633
vt 0.8499 0.9136
vt 0.5955 0.963
vt 0.9862 0.0243
vt 0.7573 0.9158
vt 0.3103 0.2486
vt 0.3005 0.248
vt 0.3021 0.2634
vt 0.6351 0.8401
vt 0.3103 0.2683
vt 0.636 0.851
vt 0.3114 0.1348
vt 0.3137 0.1246
vt 0.4114 0.8164
vt 0.0147 0.6482
vt 0.1601 0.1303
vt 0.1527 0.1271
vt 0.1593 0.1242
vt 0.2862 0.7877
vt 0.1097 0.4894
vt 0.1573 0.5903
vt 0.0214 0.8549
vt 0.0495 0.3144
vt 0.7464 0.916
vt 0.7545 0.9721
vt 0.3058 0.1415
vt 0.3228 0.1276
vt 0.7102 0.6212
vt 0.4465 0.782
vt 0.4466 0.7732
vt 0.4458 0.7947
vt 0.0378 0.4491
vt 0.0236 0.4649
vt 0.1069 0.6539
vt 0.1688 0.1535
vt 0.1647 0.1736
vt 0.1098 0.6097
vt 0.1292 0.6142
vt 0.1288 0.4896
vt 0.1168 0.6109
vt 0.1166 0.6055
vt 0.1343 0.4925
vt 0.1445 0.5104
vt 0.1511 0.495
vt 0.2001 0.5075
vt 0.1965 0.5217
vt 0.6803 0.3214
vt 0.6062 0.2969
vt 0.181 0.5314
vt 0.1615 0.5745
vt 0.181 0.5847
vt 0.7799 0.2467
vt 0.4657 0.8236
vt 0.4616 0.8126
vt 0.593 0.9557
vt 0.3713 0.928
vt 0.3693 0.9251
vt 0.3834 0.923
vt 0.3153 0.1655
vt 0.6327 0.8157
vt 0.6402 0.835
vt 0.6925 0.7456
vt 0.0785 0.1412
vt 0.0574 0.4501
vt 0.183 0.1584
vt 0.5969 0.3793
vt 0.1593 0.5959
vt 0.1794 0.5678
vt 0.1742 0.5891
vt 0.0536 0.7674
vt 0.0279 0.7624
vt 0.7454 0.3032
vt 0.95 0.5379
vt 0.9705 0.5395
vt 0.9744 0.545
vt 0.9483 0.5432
vt 0.3674 0.9339
vt 0.9163 0.9812
vt 0.9257 0.9655
vt 0.3221 0.1552
vt 0.6914 0.7376
vt 0.0836 0.1582
vt 0.0956 0.1613
vt 0.1473 0.1296
vt 0.1406 0.127
vt 0.0247 0.4575
vt 0.2688 0.7886
vt 0.2571 0.7875
vt 0.3829 0.3727
vt 0.3726 0.382
vt 0.3486 0.374
vt 0.2212 0.7878
vt 0.081 0.6402
vt 0.1404 0.4922
vt 0.6007 0.3414
vt 0.184 0.5991
vt 0.19 0.5781
vt 0.6527 0.2623
vt 0.6392 0.2627
vt 0.6262 0.2637
vt 0.0574 0.7646
vt 0.0641 0.7574
vt 0.0274 0.7443
vt 0.0231 0.7606
vt 0.6361 0.9571
vt 0.7469 0.3092
vt 0.7316 0.3064
vt 0.7418 0.3225
vt 0.3382 0.1326
vt 0.3401 0.1209
vt 0.3334 0.141
vt 0.0757 0.1557
vt 0.0553 0.6536
vt 0.0424 0.6533
vt 0.1494 0.4778
vt 0.187 0.1691
vt 0.1399 0.6123
vt 0.5957 0.3634
vt 0.1778 0.6037
vt 0.1894 0.5834
vt 0.953 0.766
vt 0.944 0.7321
vt 0.9391 0.7379
vt 0.9661 0.0242
vt 0.9735 0.0498
vt 0.9397 0.0571
vt 0.7786 0.228
vt 0.4763 0.8302
vt 0.8338 0.9289
vt 0.2853 0.1657
vt 0.3008 0.1721
vt 0.6855 0.615
vt 0.7163 0.6047
vt 0.7162 0.6163
vt 0.4405 0.8116
vt 0.9021 0.6976
vt 0.8921 0.6946
vt 0.8898 0.705
vt 0.0272 0.4512
vt 0.0471 0.6546
vt 0.0827 0.9588
vt 0.0674 0.9569
vt 0.0786 0.952
vt 0.2388 0.7882
vt 0.0914 0.4672
vt 0.1511 0.4883
vt 0.8544 0.4454
vt 0.8582 0.4399
vt 0.87 0.452
vt 0.1663 0.4961
vt 0.1928 0.5987
vt 0.6144 0.2586
vt 0.1889 0.5843
vt 0.2032 0.5889
vt 0.2048 0.5824
vt 0.2036 0.5745
vt 0.9759 0.0569
vt 0.9711 0.0695
vt 0.048 0.737
vt 0.7822 0.2602
vt 0.4728 0.8348
vt 0.7567 0.9852
vt 0.2824 0.1727
vt 0.5878 0.8512
vt 0.6656 0.8214
vt 0.6565 0.8135
vt 0.6558 0.8227
vt 0.687 0.6351
vt 0.7038 0.5967
vt 0.7965 0.6709
vt 0.7975 0.6624
vt 0.7884 0.66
vt 0.7977 0.6501
vt 0.0883 0.4603
vt 0.0936 0.6544
vt 0.1795 0.1771
vt 0.1902 0.1616
vt 0.2052 0.1693
vt 0.1873 0.1702
vt 0.1516 0.6316
vt 0.166 0.4961
vt 0.161 0.4885
vt 0.1743 0.4884
vt 0.228 0.1743
vt 0.1325 0.7417
vt 0.1863 0.4942
vt 0.1549 0.7437
vt 0.1987 0.4992
vt 0.2062 0.5017
vt 0.2042 0.5697
vt 0.2245 0.5902
vt 0.9542 0.7378
vt 0.9536 0.732
vt 0.9599 0.7483
vt 0.0654 0.7399
vt 0.0321 0.7388
vt 0.4551 0.8298
vt 0.2689 0.4711
vt 0.2783 0.4618
vt 0.2687 0.4595
vt 0.2845 0.4523
vt 0.6656 0.8103
vt 0.3433 0.1476
vt 0.1209 0.8718
vt 0.1535 0.8785
vt 0.1577 0.9133
vt 0.1013 0.8741
vt 0.1178 0.9181
vt 0.0818 0.8938
vt 0.0953 0.9148
vt 0.0811 0.9036
vt 0.4746 0.1416
vt 0.4912 0.164
vt 0.4768 0.1583
vt 0.4344 0.8219
vt 0.1479 0.1781
vt 0.1134 0.1691
vt 0.1527 0.1725
vt 0.127 0.6437
vt 0.1307 0.6376
vt 0.2217 0.5174
vt 0.2218 0.5102
vt 0.2344 0.5761
vt 0.205 0.5825
vt 0.9404 0.0875
vt 0.7788 0.3005
vt 0.9961 0.0155
vt 0.9953 0.0054
vt 0.3977 0.931
vt 0.9424 0.611
vt 0.9277 0.6014
vt 0.9325 0.6113
vt 0.284 0.4706
vt 0.3606 0.1211
vt 0.3458 0.138
vt 0.3421 0.1571
vt 0.4699 0.154
vt 0.7103 0.5961
vt 0.8837 0.6858
vt 0.9012 0.674
vt 0.877 0.6875
vt 0.7863 0.6517
vt 0.7966 0.6406
vt 0.1342 0.4648
vt 0.1012 0.465
vt 0.1409 0.6374
vt 0.1869 0.4832
vt 0.1632 0.6306
vt 0.0191 0.0393
vt 0.0254 0.0464
vt 0.0061 0.0431
vt 0.2043 0.4941
vt 0.2221 0.5163
vt 0.2497 0.5078
vt 0.228 0.5136
vt 0.2225 0.584
vt 0.9545 0.7221
vt 0.9657 0.7619
vt 0.9379 0.7129
vt 0.9416 0.7005
vt 0.9711 0.087
vt 0.9348 0.0271
vt 0.9071 0.0281
vt 0.0633 0.7248
vt 0.0256 0.7253
vt 0.7729 0.2761
vt 0.7797 0.2851
vt 0.7533 0.9909
vt 0.4057 0.9266
vt 0.3363 0.1658
vt 0.342 0.1757
vt 0.5079 0.1439
vt 0.4475 0.8072
vt 0.0461 0.446
vt 0.7852 0.6376
vt 0.7972 0.632
vt 0.7914 0.6206
vt 0.0623 0.4483
vt 0.2011 0.2776
vt 0.1909 0.277
vt 0.1905 0.2719
vt 0.1842 0.7897
vt 0.3878 0.7952
vt 0.3765 0.795
vt 0.3878 0.8068
vt 0.7384 0.4485
vt 0.7288 0.4353
vt 0.7149 0.4359
vt 0.7737 0.1008
vt 0.7566 0.1162
vt 0.7739 0.1203
vt 0.7844 0.3671
vt 0.7727 0.3744
vt 0.7725 0.3665
vt 0.7367 0.429
vt 0.7171 0.4213
vt 0.7602 0.1039
vt 0.7669 0.0964
vt 0.1962 0.4871
vt 0.5992 0.3075
vt 0.239 0.4996
vt 0.2043 0.5697
vt 0.2299 0.5717
vt 0.2403 0.5923
vt 0.6724 0.2768
vt 0.9435 0.3474
vt 0.9473 0.3577
vt 0.9411 0.3559
vt 0.9317 0.3533
vt 0.4029 0.3666
vt 0.3721 0.3638
vt 0.4061 0.3545
vt 0.9066 0.0476
vt 0.909 0.0667
vt 0.6095 0.9509
vt 0.4139 0.8475
vt 0.4261 0.8496
vt 0.429 0.842
vt 0.4876 0.1241
vt 0.6808 0.5885
vt 0.8792 0.6548
vt 0.7075 0.5636
vt 0.6902 0.5437
vt 0.0761 0.4516
vt 0.7979 0.6053
vt 0.0909 0.4538
vt 0.7108 0.524
vt 0.7154 0.5165
vt 0.7111 0.5091
vt 0.0964 0.4579
vt 0.8678 0.6043
vt 0.8736 0.6097
vt 0.8767 0.6007
vt 0.7209 0.5058
vt 0.7236 0.4792
vt 0.5237 0.5188
vt 0.5394 0.5163
vt 0.5375 0.5235
vt 0.1279 0.647
vt 0.7288 0.4824
vt 0.7366 0.4624
vt 0.7889 0.1314
vt 0.7744 0.1298
vt 0.7759 0.1544
vt 0.1873 0.1849
vt 0.1644 0.1829
vt 0.1328 0.6475
vt 0.127 0.6437
vt 0.7808 0.1116
vt 0.7864 0.1216
vt 0.7836 0.1136
vt 0.1719 0.7886
vt 0.9149 0.3321
vt 0.9195 0.3409
vt 0.9069 0.3343
vt 0.2919 0.5328
vt 0.2887 0.5189
vt 0.3007 0.5195
vt 0.2814 0.5315
vt 0.0801 0.766
vt 0.0895 0.7458
vt 0.218 0.6075
vt 0.2111 0.499
vt 0.9023 0.5846
vt 0.9087 0.5711
vt 0.9012 0.5658
vt 0.6059 0.2762
vt 0.6661 0.2585
vt 0.6584 0.2563
vt 0.9563 0.69
vt 0.0767 0.7266
vt 0.0838 0.7386
vt 0.0803 0.7423
vt 0.5833 0.0645
vt 0.6027 0.0624
vt 0.5922 0.0694
vt 0.3941 0.3525
vt 0.4249 0.8271
vt 0.4447 0.8356
vt 0.4252 0.8342
vt 0.9078 0.9881
vt 0.906 0.9823
vt 0.9619 0.6204
vt 0.9759 0.6115
vt 0.9538 0.6229
vt 0.9727 0.5996
vt 0.3343 0.1791
vt 0.3526 0.1961
vt 0.6627 0.6285
vt 0.0215 0.4456
vt 0.013 0.4519
vt 0.0202 0.4554
vt 0.0719 0.1692
vt 0.0774 0.1712
vt 0.0812 0.178
vt 0.0214 0.4734
vt 0.0933 0.1788
vt 0.8943 0.587
vt 0.8715 0.6172
vt 0.8767 0.5752
vt 0.8721 0.5821
vt 0.182 0.273
vt 0.1773 0.2737
vt 0.1733 0.2682
vt 0.1315 0.1769
vt 0.1481 0.1781
vt 0.1028 0.4524
vt 0.8821 0.5771
vt 0.8895 0.584
vt 0.8881 0.5783
vt 0.7828 0.1495
vt 0.7812 0.1542
vt 0.7853 0.1599
vt 0.6928 0.47
vt 0.7966 0.1295
vt 0.5517 0.8049
vt 0.5555 0.7899
vt 0.5659 0.805
vt 0.7895 0.1107
vt 0.1603 0.6458
vt 0.7894 0.3744
vt 0.7826 0.0914
vt 0.7894 0.0979
vt 0.7972 0.0801
vt 0.7653 0.0837
vt 0.7681 0.0915
vt 0.7837 0.0892
vt 0.7701 0.0695
vt 0.2602 0.1886
vt 0.2411 0.1973
vt 0.2258 0.4922
vt 0.2112 0.4974
vt 0.2611 0.486
vt 0.2305 0.4986
vt 0.2805 0.1934
vt 0.2736 0.1968
vt 0.2339 0.604
vt 0.9258 0.3485
vt 0.9373 0.362
vt 0.1085 0.7394
vt 0.377 0.3488
vt 0.6145 0.0683
vt 0.3688 0.3671
vt 0.3463 0.3515
vt 0.7649 0.3273
vt 0.5759 0.8285
vt 0.5758 0.8456
vt 0.9034 0.9747
vt 0.9125 0.6901
vt 0.9733 0.0258
vt 0.974 0.0393
vt 0.979 0.0323
vt 0.0119 0.4652
vt 0.0053 0.4907
vt 0.0045 0.4644
vt 0.0089 0.4824
vt 0.0073 0.4874
vt 0.0111 0.5046
vt 0.0184 0.5097
vt 0.0841 0.4446
vt 0.7786 0.9946
vt 0.7604 0.9951
vt 0.7735 0.9861
vt 0.7909 0.1521
vt 0.7863 0.1487
vt 0.7992 0.142
vt 0.1129 0.6556
vt 0.1664 0.2704
vt 0.1538 0.2632
vt 0.1526 0.2655
vt 0.2916 0.6008
vt 0.2913 0.5921
vt 0.2785 0.5988
vt 0.0004 0.9147
vt 0.0082 0.9168
vt 0.0079 0.9226
vt 0.2097 0.2018
vt 0.7978 0.1023
vt 0.1664 0.6391
vt 0.936 0.3409
vt 0.1538 0.7889
vt 0.9153 0.3219
vt 0.3097 0.5322
vt 0.9082 0.308
vt 0.9177 0.2918
vt 0.209 0.6187
vt 0.2127 0.6135
vt 0.2048 0.4926
vt 0.7772 0.0254
vt 0.2509 0.5006
vt 0.6041 0.2589
vt 0.2375 0.567
vt 0.2436 0.5909
vt 0.2415 0.5932
vt 0.6546 0.2489
vt 0.6508 0.2551
vt 0.3989 0.3448
vt 0.6578 0.2455
vt 0.9249 0.362
vt 0.9187 0.3575
vt 0.0981 0.7427
vt 0.6131 0.0642
vt 0.3401 0.3654
vt 0.9176 0.0858
vt 0.9088 0.0884
vt 0.0035 0.7569
vt 0.0222 0.7446
vt 0.0108 0.7391
vt 0.0489 0.7122
vt 0.0216 0.7074
vt 0.0725 0.7123
vt 0.0701 0.6988
vt 0.4071 0.8355
vt 0.3963 0.8224
vt 0.4115 0.8542
vt 0.9041 0.9968
vt 0.8996 0.9908
vt 0.9158 0.9929
vt 0.4443 0.8174
vt 0.5208 0.1455
vt 0.5186 0.1383
vt 0.532 0.1459
vt 0.9007 0.6566
vt 0.3734 0.2634
vt 0.37 0.2572
vt 0.3782 0.2602
vt 0.6714 0.5671
vt 0.0754 0.1824
vt 0.1303 0.1835
vt 0.0783 0.1945
vt 0.0931 0.45
vt 0.6813 0.4939
vt 0.1026 0.4527
vt 0.1318 0.6504
vt 0.1327 0.4575
vt 0.1482 0.6535
vt 0.7967 0.1294
vt 0.8039 0.1028
vt 0.7021 0.4248
vt 0.1439 0.7888
vt 0.1881 0.4727
vt 0.942 0.3158
vt 0.3317 0.6513
vt 0.3243 0.6453
vt 0.3269 0.6592
vt 0.2362 0.4749
vt 0.7583 0.0551
vt 0.7534 0.0338
vt 0.0888 0.5414
vt 0.0958 0.5345
vt 0.118 0.5433
vt 0.3297 0.6344
vt 0.9382 0.6869
vt 0.2897 0.1929
vt 0.3035 0.2021
vt 0.2808 0.1953
vt 0.247 0.6033
vt 0.2439 0.5911
vt 0.2465 0.5717
vt 0.2483 0.5655
vt 0.6196 0.2386
vt 0.2501 0.5909
vt 0.6216 0.2531
vt 0.6493 0.2422
vt 0.9034 0.082
vt 0.0109 0.7882
vt 0.0024 0.7749
vt 0.5957 0.7698
vt 0.9429 0.5804
vt 0.1845 0.878
vt 0.6584 0.6103
vt 0.5248 0.1203
vt 0.553 0.1418
vt 0.5518 0.1265
vt 0.6729 0.5766
vt 0.3696 0.26
vt 0.3625 0.273
vt 0.3697 0.2692
vt 0.3691 0.2574
vt 0.0733 0.1913
vt 0.351 0.2628
vt 0.8916 0.3719
vt 0.873 0.3745
vt 0.8878 0.368
vt 0.3369 0.2567
vt 0.364 0.2534
vt 0.9021 0.6327
vt 0.3223 0.261
vt 0.3147 0.2701
vt 0.2801 0.8731
vt 0.2801 0.859
vt 0.274 0.8614
vt 0.9023 0.5877
vt 0.9114 0.593
vt 0.7934 0.1642
vt 0.6899 0.4501
vt 0.148 0.4603
vt 0.1696 0.4571
vt 0.818 0.1342
vt 0.7959 0.098
vt 0.8064 0.1011
vt 0.7991 0.0945
vt 0.7002 0.416
vt 0.9555 0.3304
vt 0.1843 0.4662
vt 0.1787 0.6481
vt 0.2313 0.1994
vt 0.2712 0.2077
vt 0.9186 0.2693
vt 0.7864 0.0112
vt 0.797 0.0223
vt 0.7494 0.0201
vt 0.96 0.7024
vt 0.2785 0.2015
vt 0.2416 0.6151
vt 0.2614 0.4895
vt 0.7675 0.0215
vt 0.2599 0.4967
vt 0.775 0.015
vt 0.7657 0.011
vt 0.2488 0.5938
vt 0.9278 0.0888
vt 0.4282 0.877
vt 0.7801 0.3243
vt 0.9749 0.6101
vt 0.6647 0.5953
vt 0.138 0.2
vt 0.8047 0.1699
vt 0.8066 0.1535
vt 0.2076 0.2103
vt 0.0174 0.6963
vt 0.0174 0.6814
vt 0.0103 0.6818
vt 0.8153 0.1044
vt 0.8111 0.0827
vt 0.9509 0.3379
vt 0.198 0.4665
vt 0.8048 0.0539
vt 0.2321 0.4677
vt 0.2238 0.6196
vt 0.0824 0.7586
vt 0.2215 0.6131
vt 0.948 0.678
vt 0.9182 0.2547
vt 0.9302 0.2524
vt 0.0739 0.7133
vt 0.1119 0.7214
vt 0.6044 0.2413
vt 0.018 0.7607
vt 0.0533 0.6925
vt 0.0191 0.7016
vt 0.4066 0.8474
vt 0.429 0.9958
vt 0.416 0.9851
vt 0.4315 0.9897
vt 0.4145 0.9977
vt 0.9332 0.9876
vt 0.9158 0.9918
vt 0.9264 0.9853
vt 0.921 0.9954
vt 0.3744 0.1624
vt 0.6691 0.5844
vt 0.1867 0.4208
vt 0.1688 0.4227
vt 0.1768 0.4208
vt 0.0294 0.4313
vt 0.0424 0.433
vt 0.0351 0.4359
vt 0.6726 0.5496
vt 0.5495 0.3475
vt 0.5422 0.3575
vt 0.5525 0.3567
vt 0.1501 0.2053
vt 0.5398 0.3759
vt 0.6827 0.4866
vt 0.6859 0.4668
vt 0.1709 0.2078
vt 0.0954 0.4453
vt 0.9539 0.3227
vt 0.0903 0.8033
vt 0.0811 0.7942
vt 0.0913 0.7927
vt 0.2411 0.2078
vt 0.2246 0.631
vt 0.9387 0.2519
vt 0.9821 0.2677
vt 0.9912 0.2614
vt 0.9834 0.2602
vt 0.9901 0.7114
vt 0.9851 0.7212
vt 0.9949 0.7124
vt 0.2543 0.6076
vt 0.6141 0.223
vt 0.1459 0.7326
vt 0.7683 0.1794
vt 0.7643 0.1383
vt 0.7585 0.1685
vt 0.7521 0.1429
vt 0.7524 0.1538
vt 0.3353 0.3521
vt 0.0227 0.7937
vt 0.0281 0.6891
vt 0.0709 0.6815
vt 0.4092 0.8611
vt 0.4092 0.8678
vt 0.7696 0.3429
vt 0.9323 0.9966
vt 0.5751 0.8141
vt 0.6541 0.625
vt 0.6797 0.5194
vt 0.6722 0.5396
vt 0.5278 0.5053
vt 0.5373 0.5124
vt 0.5056 0.5123
vt 0.6754 0.5052
vt 0.9093 0.5999
vt 0.1405 0.2073
vt 0.1012 0.4313
vt 0.0916 0.445
vt 0.0814 0.4352
vt 0.1781 0.2013
vt 0.6856 0.4343
vt 0.6866 0.4278
vt 0.1477 0.2647
vt 0.1085 0.2636
vt 0.1156 0.2599
vt 0.2299 0.2085
vt 0.0788 0.8033
vt 0.5336 0.4406
vt 0.5377 0.4444
vt 0.5445 0.4388
vt 0.1365 0.7887
vt 0.9504 0.3014
vt 0.9497 0.2765
vt 0.8155 0.0406
vt 0.3824 0.2265
vt 0.3762 0.2401
vt 0.3851 0.2452
vt 0.5854 0.5513
vt 0.5845 0.531
vt 0.5753 0.5453
vt 0.2397 0.6257
vt 0.2412 0.6214
vt 0.303 0.2194
vt 0.2843 0.2125
vt 0.2517 0.4769
vt 0.3044 0.2095
vt 0.9928 0.2847
vt 0.0769 0.7067
vt 0.3113 0.2042
vt 0.3141 0.2127
vt 0.3199 0.2077
vt 0.3437 0.203
vt 0.3563 0.2074
vt 0.3421 0.2078
vt 0.7224 0.2732
vt 0.7289 0.2775
vt 0.7327 0.2639
vt 0.8822 0.0275
vt 0.8851 0.0219
vt 0.8708 0.0068
vt 0.7809 0.3314
vt 0.4092 0.9872
vt 0.6283 0.7962
vt 0.6255 0.7803
vt 0.3772 0.1285
vt 0.6597 0.5945
vt 0.5613 0.2596
vt 0.567 0.2707
vt 0.5653 0.2533
vt 0.5719 0.1394
vt 0.5763 0.1142
vt 0.5944 0.1481
vt 0.039 0.4198
vt 0.5548 0.3451
vt 0.4423 0.8644
vt 0.4602 0.8744
vt 0.4359 0.8729
vt 0.6748 0.4924
vt 0.6705 0.4887
vt 0.1327 0.4403
vt 0.107 0.2601
vt 0.2228 0.6508
vt 0.1924 0.4595
vt 0.2529 0.4714
vt 0.9642 0.6799
vt 0.9818 0.2816
vt 0.9853 0.7427
vt 0.5973 0.2449
vt 0.6115 0.2165
vt 0.6006 0.2298
vt 0.3619 0.2114
vt 0.3403 0.2199
vt 0.3625 0.2355
vt 0.3431 0.2299
vt 0.3709 0.2179
vt 0.0102 0.7949
vt 0.738 0.2923
vt 0.6171 0.6228
vt 0.6259 0.6077
vt 0.6098 0.6152
vt 0.8944 0.0324
vt 0.8928 0.0246
vt 0.8921 0.0423
vt 0.9002 0.0331
vt 0.6434 0.5922
vt 0.6197 0.5782
vt 0.6365 0.5898
vt 0.8603 0.0584
vt 0.8903 0.0628
vt 0.644 0.5697
vt 0.8954 0.0741
vt 0.8947 0.0669
vt 0.9202 0.5277
vt 0.9224 0.5203
vt 0.9227 0.5135
vt 0.9147 0.5063
vt 0.7708 0.3545
vt 0.3773 0.1213
vt 0.5813 0.1923
vt 0.5733 0.2092
vt 0.5878 0.1952
vt 0.5779 0.2213
vt 0.5644 0.3042
vt 0.5514 0.3249
vt 0.4796 0.875
vt 0.4884 0.8481
vt 0.5052 0.8755
vt 0.1508 0.4435
vt 0.1739 0.4503
vt 0.5538 0.4157
vt 0.5394 0.4204
vt 0.5472 0.4311
vt 0.1727 0.6539
vt 0.0964 0.2615
vt 0.5417 0.4416
vt 0.9486 0.3182
vt 0.9502 0.3116
vt 0.129 0.7889
vt 0.2221 0.6406
vt 0.8059 0.021
vt 0.4893 0.1074
vt 0.4892 0.1145
vt 0.4762 0.1128
vt 0.9218 0.6854
vt 0.9268 0.673
vt 0.9222 0.6691
vt 0.1185 0.7068
vt 0.0774 0.7022
vt 0.7257 0.2922
vt 0.7324 0.3019
vt 0.7217 0.3019
vt 0.9942 0.7359
vt 0.9882 0.2947
vt 0.599 0.2167
vt 0.1179 0.7399
vt 0.8431 0.0309
vt 0.6316 0.5986
vt 0.6357 0.6069
vt 0.6388 0.5973
vt 0.4247 0.8877
vt 0.9724 0.5681
vt 0.74 0.0958
vt 0.7318 0.0955
vt 0.7471 0.1222
vt 0.7366 0.1195
vt 0.3834 0.1424
vt 0.3819 0.1291
vt 0.3815 0.154
vt 0.5118 0.0883
vt 0.5689 0.2357
vt 0.5439 0.1087
vt 0.0442 0.4164
vt 0.0591 0.4338
vt 0.4472 0.8498
vt 0.4622 0.8576
vt 0.5493 0.3967
vt 0.5595 0.3555
vt 0.5494 0.3803
vt 0.2137 0.2134
vt 0.2293 0.225
vt 0.1213 0.788
vt 0.2249 0.6386
vt 0.2332 0.6377
vt 0.2431 0.4653
vt 0.9512 0.6637
vt 0.9455 0.6713
vt 0.2609 0.4687
vt 0.3313 0.2164
vt 0.3134 0.2141
vt 0.336 0.2356
vt 0.7326 0.2926
vt 0.8874 0.0956
vt 0.9201 0.5063
vt 0.4128 0.8821
vt 0.9477 0.997
vt 0.3971 0.9873
vt 0.4011 0.9985
vt 0.3653 0.196
vt 0.3742 0.1781
vt 0.6402 0.7701
vt 0.6252 0.7667
vt 0.7396 0.0874
vt 0.7396 0.0678
vt 0.6315 0.7656
vt 0.197 0.8844
vt 0.1993 0.8986
vt 0.5912 0.2463
vt 0.079 0.2002
vt 0.0796 0.2088
vt 0.0868 0.2139
vt 0.1008 0.4264
vt 0.1994 0.2199
vt 0.1766 0.2065
vt 0.5202 0.8742
vt 0.5167 0.8471
vt 0.0821 0.267
vt 0.112 0.7884
vt 0.2424 0.629
vt 0.242 0.6379
vt 0.9817 0.7633
vt 0.9685 0.7676
vt 0.9829 0.7832
vt 0.0665 0.7755
vt 0.0556 0.7759
vt 0.9515 0.2518
vt 0.9127 0.6817
vt 0.1711 0.9673
vt 0.1708 0.9737
vt 0.1388 0.9677
vt 0.1337 0.7132
vt 0.7615 0.1305
vt 0.5992 0.604
vt 0.6055 0.5976
vt 0.611 0.5902
vt 0.617 0.5866
vt 0.643 0.5575
vt 0.6122 0.535
vt 0.6422 0.5438
vt 0.8952 0.0864
vt 0.9236 0.4879
vt 0.9133 0.4959
vt 0.9134 0.4875
vt 0.7809 0.3556
vt 0.7773 0.3612
vt 0.5697 0.7976
vt 0.3864 0.1663
vt 0.1914 0.9116
vt 0.1687 0.9147
vt 0.5882 0.2733
vt 0.565 0.2928
vt 0.5898 0.2999
vt 0.6076 0.1538
vt 0.6384 0.1548
vt 0.6274 0.1648
vt 0.5347 0.84
vt 0.5367 0.8335
vt 0.5563 0.8421
vt 0.161 0.2186
vt 0.1048 0.0165
vt 0.0942 0.0062
vt 0.0988 0.0239
vt 0.5372 0.8553
vt 0.5365 0.8738
vt 0.5622 0.8728
vt 0.5542 0.8554
vt 0.219 0.4527
vt 0.0741 0.2691
vt 0.5703 0.8628
vt 0.2247 0.458
vt 0.9086 0.8537
vt 0.9007 0.8369
vt 0.8985 0.8482
vt 0.5368 0.4784
vt 0.5393 0.4563
vt 0.5335 0.4779
vt 0.1383 0.707
vt 0.1338 0.7027
vt 0.1317 0.704
vt 0.9122 0.8642
vt 0.8091 0.8359
vt 0.8126 0.8267
vt 0.8332 0.8324
vt 0.2319 0.6418
vt 0.7907 0.8325
vt 0.0996 0.7908
vt 0.0681 0.7789
vt 0.8157 0.0335
vt 0.9542 0.2765
vt 0.9934 0.7018
vt 0.9963 0.6776
vt 0.9917 0.6907
vt 0.9731 0.7853
vt 0.9186 0.6902
vt 0.9256 0.6967
vt 0.9235 0.6859
vt 0.9873 0.7539
vt 0.9208 0.7053
vt 0.7678 0.1326
vt 0.8342 0.0363
vt 0.4196 0.8994
vt 0.3776 0.1966
vt 0.7441 0.0731
vt 0.3803 0.1835
vt 0.6851 0.6523
vt 0.6949 0.6767
vt 0.6609 0.6473
vt 0.5914 0.256
vt 0.6165 0.1297
vt 0.6529 0.1307
vt 0.5502 0.8327
vt 0.5655 0.8382
vt 0.5801 0.3863
vt 0.1066 0.0316
vt 0.2082 0.2222
vt 0.5424 0.4468
vt 0.0646 0.2789
vt 0.3176 0.5938
vt 0.3246 0.5943
vt 0.3195 0.5869
vt 0.1356 0.6985
vt 0.9657 0.6701
vt 0.9602 0.6648
vt 0.8164 0.0235
vt 0.9968 0.766
vt 0.2534 0.6307
vt 0.9831 0.7899
vt 0.3508 0.2459
vt 0.342 0.2395
vt 0.162 0.2879
vt 0.1581 0.2792
vt 0.1663 0.2826
vt 0.7932 0.8177
vt 0.7864 0.8231
vt 0.7903 0.8098
vt 0.6419 0.5304
vt 0.9004 0.1067
vt 0.9203 0.48
vt 0.3823 0.9996
vt 0.973 0.5819
vt 0.0008 0.8193
vt 0.0067 0.8344
vt 0.0061 0.8116
vt 0.3845 0.1781
vt 0.6629 0.6586
vt 0.6521 0.6486
vt 0.5957 0.2214
vt 0.0762 0.418
vt 0.5692 0.4207
vt 0.5681 0.8482
vt 0.9091 0.8398
vt 0.5618 0.4735
vt 0.2252 0.6443
vt 0.2334 0.644
vt 0.1703 0.7287
vt 0.1686 0.7234
vt 0.1941 0.7287
vt 0.1929 0.7159
vt 0.8175 0.0124
vt 0.3181 0.2473
vt 0.1533 0.7177
vt 0.9849 0.5958
vt 0.9857 0.5921
vt 0.9797 0.5892
vt 0.7763 0.8263
vt 0.7672 0.8301
vt 0.7741 0.8318
vt 0.3741 0.2102
vt 0.6633 0.6654
vt 0.6505 0.6664
vt 0.0135 0.8265
vt 0.6808 0.6657
vt 0.6686 0.6716
vt 0.6835 0.6729
vt 0.6871 0.672
vt 0.1787 0.916
vt 0.6005 0.1989
vt 0.5516 0.088
vt 0.0747 0.4127
vt 0.5886 0.3585
vt 0.1456 0.6698
vt 0.1528 0.6645
vt 0.1689 0.6687
vt 0.0852 0.4151
vt 0.1179 0.4216
vt 0.1154 0.431
vt 0.1561 0.2228
vt 0.5658 0.8334
vt 0.1941 0.2355
vt 0.1075 0.0009
vt 0.0599 0.8091
vt 0.0624 0.8006
vt 0.0666 0.805
vt 0.2097 0.2285
vt 0.2151 0.4478
vt 0.9411 0.4135
vt 0.9485 0.4269
vt 0.9604 0.4374
vt 0.1724 0.9832
vt 0.1388 0.9853
vt 0.9797 0.8023
vt 0.3299 0.2386
vt 0.1394 0.71
vt 0.1453 0.7135
vt 0.1066 0.9663
vt 0.1136 0.9633
vt 0.1255 0.9662
vt 0.1752 0.2884
vt 0.1835 0.2756
vt 0.8413 0.0724
vt 0.8607 0.0879
vt 0.6289 0.5091
vt 0.8926 0.1222
vt 0.38 0.9926
vt 0.9414 0.5681
vt 0.9545 0.5569
vt 0.9254 0.7894
vt 0.9231 0.7698
vt 0.9218 0.782
vt 0.6001 0.115
vt 0.0977 0.2182
vt 0.1166 0.2174
vt 0.1095 0.2207
vt 0.0878 0.4101
vt 0.6492 0.155
vt 0.0587 0.2141
vt 0.0579 0.2076
vt 0.053 0.2126
vt 0.1445 0.4343
vt 0.1239 0.4324
vt 0.1287 0.4307
vt 0.1386 0.4415
vt 0.1538 0.4308
vt 0.2013 0.2269
vt 0.493 0.8465
vt 0.5688 0.4141
vt 0.1856 0.9286
vt 0.1842 0.9196
vt 0.1783 0.9315
vt 0.9053 0.8278
vt 0.1618 0.7131
vt 0.9371 0.4105
vt 0.931 0.3954
vt 0.9333 0.4094
vt 0.0665 0.7889
vt 0.9839 0.8089
vt 0.9836 0.7866
vt 0.3368 0.2356
vt 0.3316 0.2427
vt 0.8273 0.0315
vt 0.8244 0.0416
vt 0.8725 0.1109
vt 0.8863 0.1212
vt 0.7485 0.0553
vt 0.6361 0.6703
vt 0.612 0.7662
vt 0.8718 0.5444
vt 0.8517 0.5485
vt 0.8695 0.5553
vt 0.0176 0.8384
vt 0.0163 0.8473
vt 0.6957 0.6874
vt 0.6875 0.6727
vt 0.8663 0.5429
vt 0.386 0.1868
vt 0.0176 0.8066
vt 0.0183 0.4063
vt 0.004 0.4048
vt 0.0093 0.3967
vt 0.7007 0.678
vt 0.7006 0.6728
vt 0.7048 0.6811
vt 0.5165 0.0821
vt 0.5213 0.0754
vt 0.5258 0.0642
vt 0.5336 0.0504
vt 0.5478 0.0569
vt 0.0442 0.4075
vt 0.0727 0.4084
vt 0.5891 0.3254
vt 0.1231 0.4312
vt 0.1633 0.222
vt 0.1386 0.4269
vt 0.5814 0.4034
vt 0.5267 0.847
vt 0.9114 0.8101
vt 0.907 0.8024
vt 0.9066 0.8173
vt 0.9668 0.4368
vt 0.9657 0.428
vt 0.9692 0.4178
vt 0.2575 0.6494
vt 0.0559 0.7769
vt 0.9989 0.797
vt 0.1675 0.9865
vt 0.8496 0.2997
vt 0.8626 0.3055
vt 0.8709 0.3014
vt 0.0957 0.9814
vt 0.0956 0.9693
vt 0.9827 0.5743
vt 0.7833 0.7929
vt 0.7465 0.8051
vt 0.604 0.5565
vt 0.645 0.5179
vt 0.3812 0.2036
vt 0.3842 0.1946
vt 0.86 0.5747
vt 0.6963 0.6821
vt 0.6179 0.666
vt 0.0145 0.3962
vt 0.9588 0.2065
vt 0.9616 0.2339
vt 0.978 0.216
vt 0.9522 0.2329
vt 0.9605 0.2475
vt 0.9492 0.2424
vt 0.3182 0.1754
vt 0.322 0.1701
vt 0.3284 0.1756
vt 0.6678 0.0148
vt 0.6541 0.0093
vt 0.67 0.0019
vt 0.2572 0.0088
vt 0.2541 0.0206
vt 0.2542 0.0097
vt 0.3409 0.9879
vt 0.3535 0.9768
vt 0.3516 0.9881
vt 0.563 0.0672
vt 0.5954 0.0822
vt 0.5706 0.0722
vt 0.5824 0.0766
vt 0.0361 0.3994
vt 0.0309 0.4037
vt 0.0209 0.3922
vt 0.0834 0.2168
vt 0.0602 0.2198
vt 0.0665 0.2148
vt 0.5941 0.3135
vt 0.0979 0.2198
vt 0.0654 0.2336
vt 0.6687 0.1547
vt 0.6585 0.1628
vt 0.4649 0.8431
vt 0.4707 0.8446
vt 0.1621 0.2304
vt 0.7538 0.12
vt 0.7461 0.1296
vt 0.7501 0.1371
vt 0.5048 0.8422
vt 0.2097 0.2285
vt 0.2279 0.2303
vt 0.2153 0.4339
vt 0.2446 0.2419
vt 0.0588 0.9959
vt 0.0228 0.9948
vt 0.0219 0.9978
vt 0.013 0.6616
vt 0.0251 0.6645
vt 0.0067 0.6738
vt 0.1816 0.7103
vt 0.5464 0.4835
vt 0.0287 0.6712
vt 0.0453 0.6664
vt 0.9844 0.8898
vt 0.9835 0.907
vt 0.9878 0.9243
vt 0.0462 0.673
vt 0.2538 0.6446
vt 0.0553 0.7825
vt 0.302 0.9266
vt 0.2787 0.9224
vt 0.2914 0.917
vt 0.5594 0.7822
vt 0.9823 0.5119
vt 0.9863 0.5058
vt 0.9725 0.5061
vt 0.98 0.2077
vt 0.9836 0.2347
vt 0.7327 0.9218
vt 0.7399 0.9188
vt 0.7387 0.9047
vt 0.7252 0.9062
vt 0.7262 0.8929
vt 0.9465 0.2392
vt 0.9638 0.7838
vt 0.9592 0.7871
vt 0.9589 0.7954
vt 0.7253 0.917
vt 0.8948 0.9556
vt 0.8855 0.9552
vt 0.88 0.9603
vt 0.2422 0.0147
vt 0.2473 0.0108
vt 0.2399 0.0181
vt 0.3498 0.9712
vt 0.6241 0.0999
vt 0.0554 0.4002
vt 0.6321 0.1213
vt 0.1008 0.4144
vt 0.1396 0.238
vt 0.1231 0.4221
vt 0.1536 0.2323
vt 0.5222 0.8203
vt 0.529 0.8258
vt 0.522 0.8298
vt 0.1739 0.4256
vt 0.2376 0.4454
vt 0.2697 0.2459
vt 0.2878 0.2408
vt 0.9894 0.8858
vt 0.0581 0.669
vt 0.274 0.9295
vt 0.9943 0.8135
vt 0.3285 0.2406
vt 0.3316 0.2478
vt 0.9786 0.5702
vt 0.1907 0.2856
vt 0.5852 0.5624
vt 0.7489 0.3621
vt 0.7445 0.3738
vt 0.7627 0.3651
vt 0.3727 0.9954
vt 0.9725 0.5597
vt 0.6302 0.6563
vt 0.9803 0.1951
vt 0.9617 0.1923
vt 0.8335 0.3756
vt 0.8364 0.3705
vt 0.827 0.3758
vt 0.9802 0.4325
vt 0.9903 0.4105
vt 0.9834 0.414
vt 0.9655 0.2446
vt 0.986 0.6867
vt 0.9862 0.6957
vt 0.9898 0.6856
vt 0.9558 0.2507
vt 0.3316 0.9873
vt 0.018 0.387
vt 0.0486 0.3999
vt 0.6036 0.0799
vt 0.6125 0.0834
vt 0.0941 0.4075
vt 0.0879 0.4101
vt 0.443 0.5204
vt 0.4288 0.5221
vt 0.4333 0.5159
vt 0.1191 0.4079
vt 0.1547 0.4224
vt 0.5834 0.4263
vt 0.3575 0.9374
vt 0.3516 0.9361
vt 0.3595 0.9247
vt 0.0782 0.9973
vt 0.0789 0.9919
vt 0.0595 0.9938
vt 0.9323 0.3743
vt 0.9244 0.381
vt 0.3058 0.9382
vt 0.363 0.2825
vt 0.3731 0.2899
vt 0.357 0.2884
vt 0.9876 0.8141
vt 0.8194 0.0634
vt 0.8343 0.0726
vt 0.7731 0.3861
vt 0.6381 0.5028
vt 0.9445 0.553
vt 0.6283 0.6736
vt 0.9742 0.4991
vt 0.9958 0.4339
vt 0.9987 0.4192
vt 0.9791 0.4401
vt 0.9916 0.4429
vt 0.3547 0.7409
vt 0.3491 0.7434
vt 0.3544 0.751
vt 0.2068 0.9899
vt 0.2109 0.9857
vt 0.2107 0.9955
vt 0.964 0.2503
vt 0.9878 0.6753
vt 0.7421 0.8957
vt 0.7335 0.891
vt 0.8901 0.9693
vt 0.3207 0.9879
vt 0.3171 0.9785
vt 0.2395 0.006
vt 0.2364 0.0214
vt 0.0391 0.227
vt 0.069 0.3954
vt 0.6224 0.0784
vt 0.906 0.7479
vt 0.9084 0.768
vt 0.9098 0.7464
vt 0.702 0.0786
vt 0.7098 0.0793
vt 0.6917 0.0896
vt 0.229 0.2429
vt 0.2953 0.1918
vt 0.286 0.1839
vt 0.2971 0.1821
vt 0.9462 0.0944
vt 0.9662 0.0982
vt 0.9608 0.1092
vt 0.545 0.4912
vt 0.5389 0.5031
vt 0.5468 0.5134
vt 0.1212 0.9886
vt 0.108 0.988
vt 0.8386 0.2856
vt 0.8573 0.2829
vt 0.7795 0.7828
vt 0.7688 0.3654
vt 0.6335 0.4969
vt 0.5797 0.7705
vt 0.5596 0.777
vt 0.9729 0.4733
vt 0.9868 0.4978
vt 0.9816 0.1839
vt 0.9779 0.4461
vt 0.9732 0.2522
vt 0.9843 0.2462
vt 0.8492 0.5288
vt 0.8419 0.5317
vt 0.844 0.5389
vt 0.2187 0.995
vt 0.3103 0.9644
vt 0.3594 0.9549
vt 0.3628 0.9701
vt 0.0323 0.3853
vt 0.0643 0.3979
vt 0.1569 0.2399
vt 0.496 0.8395
vt 0.9042 0.7802
vt 0.9074 0.793
vt 0.8935 0.8259
vt 0.8224 0.3904
vt 0.8309 0.3835
vt 0.8384 0.3904
vt 0.3658 0.9414
vt 0.9658 0.4018
vt 0.9554 0.3833
vt 0.5692 0.4881
vt 0.9415 0.3751
vt 0.28 0.9411
vt 0.9846 0.5596
vt 0.8092 0.0531
vt 0.5938 0.006
vt 0.5936 0.0122
vt 0.5846 0.0119
vt 0.6202 0.6777
vt 0.9722 0.491
vt 0.9706 0.1741
vt 0.5468 0.289
vt 0.5528 0.3043
vt 0.542 0.3046
vt 0.9816 0.4556
vt 0.5594 0.6617
vt 0.5816 0.666
vt 0.573 0.6582
vt 0.5622 0.6703
vt 0.576 0.6756
vt 0.5809 0.6779
vt 0.5663 0.6784
vt 0.8023 0.0122
vt 0.8126 0.0137
vt 0.8078 0.0078
vt 0.2094 0.9769
vt 0.2308 0.9832
vt 0.3087 0.9715
vt 0.8715 0.9557
vt 0.8574 0.9573
vt 0.3463 0.953
vt 0.0158 0.3741
vt 0.0098 0.3789
vt 0.0424 0.2314
vt 0.1141 0.2393
vt 0.6506 0.0821
vt 0.103 0.4035
vt 0.1122 0.4065
vt 0.6741 0.1504
vt 0.687 0.1444
vt 0.8908 0.7495
vt 0.9 0.7449
vt 0.4964 0.6229
vt 0.5007 0.6327
vt 0.477 0.6249
vt 0.5826 0.4577
vt 0.2397 0.2468
vt 0.259 0.2589
vt 0.2551 0.2738
vt 0.8748 0.8103
vt 0.9089 0.3509
vt 0.9038 0.3629
vt 0.9041 0.4027
vt 0.8971 0.3868
vt 0.9089 0.0955
vt 0.3092 0.2768
vt 0.3283 0.2758
vt 0.9016 0.4277
vt 0.9056 0.4437
vt 0.9094 0.4356
vt 0.8419 0.0974
vt 0.8501 0.1149
vt 0.9771 0.5484
vt 0.6072 0.6753
vt 0.9878 0.488
vt 0.9964 0.4589
vt 0.9929 0.4484
vt 0.5532 0.2942
vt 0.8406 0.5215
vt 0.8328 0.5244
vt 0.8872 0.1804
vt 0.8901 0.1614
vt 0.8827 0.1686
vt 0.8387 0.5165
vt 0.882 0.1527
vt 0.3179 0.9429
vt 0.0543 0.2389
vt 0.0923 0.2445
vt 0.0634 0.3922
vt 0.1484 0.2442
vt 0.6764 0.0841
vt 0.6899 0.1207
vt 0.8971 0.7725
vt 0.2767 0.2669
vt 0.4357 0.6335
vt 0.4517 0.6622
vt 0.9052 0.1199
vt 0.9081 0.1085
vt 0.9555 0.1161
vt 0.4103 0.6317
vt 0.3863 0.6507
vt 0.39 0.6359
vt 0.3542 0.3135
vt 0.9039 0.4523
vt 0.658 0.5156
vt 0.6531 0.5187
vt 0.6561 0.5373
vt 0.5952 0.5559
vt 0.8875 0.5439
vt 0.9098 0.5562
vt 0.9129 0.5459
vt 0.6085 0.523
vt 0.8646 0.1173
vt 0.5713 0.7701
vt 0.61 0.6802
vt 0.8226 0.5602
vt 0.8543 0.5829
vt 0.9841 0.1676
vt 0.484 0.5819
vt 0.4877 0.5766
vt 0.4791 0.5816
vt 0.5229 0.7022
vt 0.5195 0.7086
vt 0.5143 0.7064
vt 0.2101 0.9718
vt 0.2073 0.9664
vt 0.2208 0.955
vt 0.2402 0.9721
vt 0.2404 0.9785
vt 0.2448 0.9916
vt 0.8834 0.9771
vt 0.889 0.1507
vt 0.8755 0.9754
vt 0.3271 0.9445
vt 0.3445 0.9464
vt 0.9495 0.2195
vt 0.9533 0.2088
vt 0.9468 0.2062
vt 0.8616 0.2759
vt 0.8677 0.2823
vt 0.8657 0.2505
vt 0.0636 0.3921
vt 0.0591 0.3841
vt 0.1142 0.2458
vt 0.1415 0.2539
vt 0.1144 0.4004
vt 0.8858 0.7565
vt 0.7098 0.1302
vt 0.1808 0.2477
vt 0.141 0.4078
vt 0.1548 0.4117
vt 0.224 0.2555
vt 0.7124 0.1104
vt 0.712 0.0958
vt 0.3072 0.1877
vt 0.2738 0.2811
vt 0.1362 0.9592
vt 0.1335 0.9534
vt 0.1693 0.9611
vt 0.9813 0.5558
vt 0.7721 0.7672
vt 0.7341 0.8368
vt 0.7137 0.8329
vt 0.7481 0.8225
vt 0.8641 0.6498
vt 0.8709 0.6479
vt 0.8574 0.6348
vt 0.6136 0.516
vt 0.8644 0.6186
vt 0.8618 0.6077
vt 0.5969 0.6803
vt 0.784 0.3855
vt 0.7901 0.4023
vt 0.8013 0.378
vt 0.8007 0.3846
vt 0.544 0.2784
vt 0.5547 0.2798
vt 0.2041 0.9725
vt 0.2057 0.9637
vt 0.4893 0.5829
vt 0.2455 0.9809
vt 0.8901 0.9889
vt 0.0446 0.3725
vt 0.8255 0.7446
vt 0.8344 0.7382
vt 0.841 0.7461
vt 0.1144 0.4004
vt 0.1637 0.2545
vt 0.206 0.258
vt 0.2027 0.2427
vt 0.3166 0.1883
vt 0.9491 0.3748
vt 0.8497 0.2772
vt 0.8224 0.0798
vt 0.7326 0.3829
vt 0.7343 0.3879
vt 0.8527 0.5887
vt 0.8562 0.8415
vt 0.8632 0.854
vt 0.8561 0.8534
vt 0.8083 0.4006
vt 0.8181 0.3919
vt 0.8215 0.3827
vt 0.534 0.7084
vt 0.5341 0.7007
vt 0.2125 0.9624
vt 0.2252 0.95
vt 0.8194 0.5337
vt 0.2526 0.9826
vt 0.8959 0.9801
vt 0.2572 0.9928
vt 0.2551 0.9958
vt 0.7267 0.6105
vt 0.7448 0.6167
vt 0.7236 0.6175
vt 0.7286 0.6248
vt 0.8582 0.9839
vt 0.0665 0.2472
vt 0.1616 0.8647
vt 0.184 0.8646
vt 0.1661 0.8719
vt 0.0981 0.3838
vt 0.7113 0.1173
vt 0.8532 0.7646
vt 0.8656 0.1296
vt 0.8709 0.1418
vt 0.8588 0.1242
vt 0.5848 0.4776
vt 0.899 0.1379
vt 0.9683 0.3807
vt 0.3075 0.8959
vt 0.3154 0.893
vt 0.346 0.8906
vt 0.5557 0.5154
vt 0.8364 0.2547
vt 0.8981 0.8898
vt 0.9077 0.8922
vt 0.8994 0.9118
vt 0.8112 0.0686
vt 0.8405 0.1145
vt 0.8498 0.6438
vt 0.982 0.4655
vt 0.9737 0.4617
vt 0.5969 0.688
vt 0.8525 0.8447
vt 0.9041 0.0099
vt 0.895 0.0146
vt 0.8888 0.0099
vt 0.5444 0.7038
vt 0.2401 0.9721
vt 0.2542 0.9715
vt 0.2446 0.9804
vt 0.3085 0.9429
vt 0.9361 0.2399
vt 0.9533 0.2249
vt 0.1828 0.8722
vt 0.6416 0.7449
vt 0.6558 0.7555
vt 0.6354 0.7555
vt 0.1492 0.253
vt 0.8637 0.7674
vt 0.5905 0.4415
vt 0.5858 0.444
vt 0.1599 0.0057
vt 0.1379 0.0094
vt 0.1446 0.0004
vt 0.3507 0.8958
vt 0.3531 0.8918
vt 0.3638 0.8915
vt 0.8266 0.1265
vt 0.2708 0.313
vt 0.4434 0.2923
vt 0.4482 0.2964
vt 0.4499 0.2485
vt 0.2229 0.0163
vt 0.1719 0.0046
vt 0.2037 0.0084
vt 0.8336 0.2767
vt 0.7443 0.8149
vt 0.5186 0.9485
vt 0.5099 0.9512
vt 0.5082 0.9576
vt 0.0102 0.889
vt 0.0139 0.881
vt 0.0173 0.8913
vt 0.5369 0.7083
vt 0.2317 0.9523
vt 0.2438 0.9661
vt 0.8241 0.524
vt 0.0794 0.9839
vt 0.0806 0.9753
vt 0.077 0.9851
vt 0.0771 0.9761
vt 0.8709 0.9926
vt 0.8782 0.977
vt 0.735 0.6055
vt 0.3021 0.9489
vt 0.8534 0.7452
vt 0.8415 0.7453
vt 0.8566 0.7399
vt 0.0985 0.2497
vt 0.1132 0.2515
vt 0.1004 0.3867
vt 0.1258 0.3939
vt 0.5392 0.4363
vt 0.5232 0.4353
vt 0.5287 0.4266
vt 0.5377 0.4266
vt 0.5965 0.4343
vt 0.1476 0.0155
vt 0.8873 0.8392
vt 0.8713 0.8465
vt 0.1707 0.0347
vt 0.7525 0.0965
vt 0.7523 0.0646
vt 0.7535 0.0809
vt 0.8764 0.4443
vt 0.8913 0.9096
vt 0.879 0.907
vt 0.8481 0.6035
vt 0.8328 0.639
vt 0.5142 0.9627
vt 0.5161 0.9576
vt 0.8374 0.1197
vt 0.8298 0.1201
vt 0.8355 0.1152
vt 0.3317 0.0637
vt 0.3386 0.0604
vt 0.3334 0.0576
vt 0.2378 0.9622
vt 0.827 0.5469
vt 0.3325 0.49
vt 0.3485 0.499
vt 0.335 0.499
vt 0.7435 0.6219
vt 0.9166 0.2184
vt 0.0731 0.3768
vt 0.233 0.2735
vt 0.7173 0.1137
vt 0.835 0.7757
vt 0.8398 0.7713
vt 0.1331 0.0049
vt 0.8278 0.7911
vt 0.1476 0.0157
vt 0.8675 0.438
vt 0.8087 0.6102
vt 0.2266 0.9438
vt 0.2223 0.9452
vt 0.2482 0.9574
vt 0.3497 0.4893
vt 0.8928 0.9991
vt 0.8787 0.9994
vt 0.7512 0.6217
vt 0.9471 0.1892
vt 0.9179 0.1968
vt 0.0509 0.2498
vt 0.0613 0.2535
vt 0.0912 0.2547
vt 0.0836 0.2597
vt 0.1904 0.2647
vt 0.1951 0.2609
vt 0.252 0.278
vt 0.1452 0.0146
vt 0.8261 0.8258
vt 0.8251 0.1613
vt 0.5868 0.487
vt 0.0543 0.3184
vt 0.0577 0.3368
vt 0.062 0.3182
vt 0.8931 0.4526
vt 0.9865 0.5377
vt 0.8529 0.8499
vt 0.8526 0.8557
vt 0.8491 0.847
vt 0.2952 0.4923
vt 0.3148 0.4928
vt 0.3035 0.4958
vt 0.9461 0.1772
vt 0.9333 0.1744
vt 0.0421 0.3677
vt 0.0623 0.3697
vt 0.8908 0.1988
vt 0.8855 0.2054
vt 0.8802 0.2233
vt 0.882 0.2472
vt 0.1416 0.254
vt 0.5354 0.6375
vt 0.5153 0.6307
vt 0.2355 0.2933
vt 0.4556 0.3051
vt 0.4536 0.3076
vt 0.9715 0.3625
vt 0.5767 0.5051
vt 0.4568 0.2327
vt 0.3828 0.6677
vt 0.5635 0.5251
vt 0.4665 0.2189
vt 0.4638 0.2238
vt 0.7567 0.9074
vt 0.7669 0.9062
vt 0.7765 0.906
vt 0.9111 0.5108
vt 0.8459 0.8425
vt 0.8298 0.8445
vt 0.79 0.2764
vt 0.7823 0.2838
vt 0.7865 0.2948
vt 0.7437 0.6027
vt 0.9281 0.2395
vt 0.0645 0.2582
vt 0.6111 0.6343
vt 0.609 0.6445
vt 0.5986 0.631
vt 0.5694 0.6358
vt 0.849 0.8282
vt 0.8747 0.1503
vt 0.8632 0.84
vt 0.8631 0.3859
vt 0.7891 0.9079
vt 0.6315 0.0118
vt 0.7912 0.4105
vt 0.2899 0.4938
vt 0.2944 0.4791
vt 0.7912 0.3235
vt 0.7954 0.3067
vt 0.8031 0.3118
vt 0.3439 0.4766
vt 0.7996 0.2967
vt 0.8004 0.299
vt 0.6671 0.7626
vt 0.6694 0.7739
vt 0.6589 0.7648
vt 0.9434 0.1689
vt 0.6356 0.6299
vt 0.621 0.641
vt 0.2065 0.2655
vt 0.2206 0.2777
vt 0.257 0.2837
vt 0.2674 0.2843
vt 0.4581 0.3043
vt 0.6536 0.8519
vt 0.6601 0.8482
vt 0.6705 0.85
vt 0.9616 0.3642
vt 0.9564 0.131
vt 0.2619 0.0406
vt 0.2477 0.0318
vt 0.9008 0.8759
vt 0.7334 0.7715
vt 0.8789 0.8549
vt 0.9077 0.8728
vt 0.6312 0.0079
vt 0.5951 0.1716
vt 0.5967 0.1892
vt 0.5887 0.1902
vt 0.2819 0.4899
vt 0.2796 0.4766
vt 0.0813 0.9645
vt 0.7495 0.6025
vt 0.7515 0.6145
vt 0.799 0.2954
vt 0.7948 0.2744
vt 0.8024 0.2685
vt 0.8759 0.7137
vt 0.8816 0.6966
vt 0.8823 0.719
vt 0.3113 0.538
vt 0.3081 0.5433
vt 0.2952 0.5332
vt 0.2818 0.5417
vt 0.2773 0.538
vt 0.5422 0.6629
vt 0.5172 0.6674
vt 0.4582 0.3068
vt 0.4617 0.312
vt 0.6444 0.8458
vt 0.6512 0.8705
vt 0.4335 0.0761
vt 0.416 0.0539
vt 0.4093 0.0676
vt 0.7668 0.7475
vt 0.7769 0.4276
vt 0.7274 0.3944
vt 0.8305 0.8575
vt 0.8073 0.3215
vt 0.3164 0.4732
vt 0.3341 0.4767
vt 0.8031 0.2975
vt 0.8042 0.2959
vt 0.3509 0.4774
vt 0.653 0.7776
vt 0.6504 0.7699
vt 0.8953 0.1752
vt 0.9027 0.1972
vt 0.6304 0.6452
vt 0.902 0.2454
vt 0.8826 0.2843
vt 0.1348 0.0289
vt 0.144 0.0165
vt 0.4285 0.1262
vt 0.4516 0.108
vt 0.4571 0.081
vt 0.4638 0.0921
vt 0.47 0.0791
vt 0.9611 0.1434
vt 0.8153 0.2526
vt 0.697 0.8273
vt 0.6821 0.8114
vt 0.7409 0.4155
vt 0.805 0.5972
vt 0.7988 0.5755
vt 0.7832 0.2997
vt 0.6508 0.1793
vt 0.6524 0.1712
vt 0.6574 0.1748
vt 0.8055 0.2977
vt 0.793 0.3582
vt 0.8008 0.3507
vt 0.8011 0.355
vt 0.7853 0.3548
vt 0.9234 0.1796
vt 0.9145 0.2042
vt 0.9053 0.169
vt 0.9012 0.1655
vt 0.6588 0.6388
vt 0.6677 0.643
vt 0.8998 0.2127
vt 0.9028 0.2261
vt 0.5574 0.6584
vt 0.2269 0.2866
vt 0.4565 0.1007
vt 0.407 0.0903
vt 0.4047 0.0736
vt 0.6814 0.8455
vt 0.0544 0.3511
vt 0.0622 0.3529
vt 0.6526 0.5721
vt 0.6526 0.5419
vt 0.8579 0.9004
vt 0.7259 0.77
vt 0.5779 0.1725
vt 0.8909 0.9437
vt 0.888 0.9304
vt 0.8786 0.9362
vt 0.7879 0.3014
vt 0.72 0.3965
vt 0.7282 0.403
vt 0.72 0.4044
vt 0.633 0.1749
vt 0.7979 0.3397
vt 0.8113 0.3143
vt 0.8229 0.2996
vt 0.6035 0.1765
vt 0.6032 0.1709
vt 0.614 0.1706
vt 0.8114 0.2961
vt 0.7922 0.367
vt 0.9106 0.2254
vt 0.904 0.1889
vt 0.6014 0.652
vt 0.9032 0.2542
vt 0.9041 0.2787
vt 0.5258 0.6631
vt 0.5213 0.6667
vt 0.8884 0.3036
vt 0.9012 0.3119
vt 0.8947 0.3128
vt 0.4631 0.106
vt 0.4052 0.0803
vt 0.6917 0.8495
vt 0.9679 0.3542
vt 0.592 0.5018
vt 0.101 0.5505
vt 0.112 0.5532
vt 0.0832 0.5527
vt 0.6571 0.5654
vt 0.474 0.2083
vt 0.4693 0.2148
vt 0.8796 0.9314
vt 0.8102 0.5618
vt 0.8132 0.3391
vt 0.3458 0.4717
vt 0.8087 0.3581
vt 0.8085 0.3656
vt 0.8147 0.2761
vt 0.796 0.3709
vt 0.9172 0.1767
vt 0.9161 0.8597
vt 0.9162 0.854
vt 0.923 0.8598
vt 0.3505 0.2477
vt 0.3582 0.2492
vt 0.3409 0.2516
vt 0.9042 0.2166
vt 0.897 0.3242
vt 0.6977 0.8456
vt 0.6987 0.8354
vt 0.7064 0.8453
vt 0.0725 0.1263
vt 0.0797 0.132
vt 0.056 0.1312
vt 0.6913 0.8397
vt 0.8586 0.1697
vt 0.913 0.1558
vt 0.6795 0.8848
vt 0.3431 0.3294
vt 0.8484 0.393
vt 0.1475 0.7037
vt 0.165 0.703
vt 0.1467 0.6979
vt 0.9084 0.5025
vt 0.8734 0.4969
vt 0.8769 0.5376
vt 0.7962 0.4204
vt 0.7927 0.4309
vt 0.5783 0.1909
vt 0.8717 0.938
vt 0.9948 0.5251
vt 0.9836 0.5181
vt 0.9903 0.5173
vt 0.9815 0.5258
vt 0.7263 0.4101
vt 0.6508 0.1897
vt 0.822 0.3183
vt 0.8051 0.3198
vt 0.8198 0.2748
vt 0.8189 0.268
vt 0.4237 0.4919
vt 0.392 0.4896
vt 0.3948 0.4835
vt 0.466 0.1295
vt 0.4599 0.1158
vt 0.4058 0.1128
vt 0.4698 0.316
vt 0.5818 0.5208
vt 0.5975 0.5122
vt 0.4185 0.5789
vt 0.4222 0.5738
vt 0.4327 0.5783
vt 0.4436 0.5776
vt 0.8468 0.9105
vt 0.7605 0.7495
vt 0.8613 0.5198
vt 0.6841 0.7752
vt 0.8533 0.5092
vt 0.9388 0.54
vt 0.9313 0.5455
vt 0.9403 0.545
vt 0.9384 0.5582
vt 0.94 0.5479
vt 0.9333 0.555
vt 0.9869 0.1526
vt 0.9924 0.1594
vt 0.9914 0.1512
vt 0.9866 0.1603
vt 0.7111 0.4095
vt 0.9229 0.5448
vt 0.7894 0.3072
vt 0.79 0.5716
vt 0.7943 0.5614
vt 0.7892 0.5621
vt 0.7941 0.5709
vt 0.6498 0.1991
vt 0.6346 0.1978
vt 0.6245 0.1956
vt 0.7849 0.7745
vt 0.7888 0.7634
vt 0.7787 0.7536
vt 0.8226 0.3121
vt 0.6141 0.1898
vt 0.6071 0.1918
vt 0.8202 0.3701
vt 0.8224 0.2886
vt 0.9783 0.1639
vt 0.9767 0.1673
vt 0.964 0.1675
vt 0.3187 0.6208
vt 0.3029 0.6155
vt 0.3016 0.6459
vt 0.9043 0.29
vt 0.9061 0.2841
vt 0.4552 0.1425
vt 0.4323 0.1414
vt 0.4534 0.1544
vt 0.6576 0.9692
vt 0.6543 0.9701
vt 0.6541 0.9785
vt 0.3901 0.9127
vt 0.3961 0.9041
vt 0.4062 0.906
vt 0.8554 0.4287
vt 0.4819 0.196
vt 0.4879 0.1841
vt 0.4841 0.19
vt 0.8565 0.2418
vt 0.851 0.2467
vt 0.8709 0.2394
vt 0.7495 0.4274
vt 0.7169 0.404
vt 0.7929 0.5496
vt 0.6514 0.206
vt 0.8232 0.3111
vt 0.8142 0.3712
vt 0.8247 0.2845
vt 0.2978 0.6224
vt 0.3191 0.6508
vt 0.3024 0.6643
vt 0.3172 0.6602
vt 0.4473 0.4881
vt 0.465 0.4896
vt 0.4189 0.4763
vt 0.4367 0.1645
vt 0.7367 0.8495
vt 0.7346 0.8395
vt 0.7472 0.8381
vt 0.3989 0.1433
vt 0.3988 0.1503
vt 0.391 0.1363
vt 0.7205 0.8518
vt 0.1178 0.0377
vt 0.8266 0.1695
vt 0.9632 0.1579
vt 0.4141 0.6889
vt 0.8536 0.3889
vt 0.3942 0.6788
vt 0.5872 0.5222
vt 0.851 0.2467
vt 0.827 0.2406
vt 0.8593 0.8815
vt 0.8724 0.8571
vt 0.6638 0.8276
vt 0.8072 0.6184
vt 0.7968 0.5911
vt 0.8137 0.4309
vt 0.9358 0.5655
vt 0.6972 0.4072
vt 0.9194 0.555
vt 0.552 0.1719
vt 0.5632 0.1685
vt 0.7121 0.3988
vt 0.658 0.2069
vt 0.8226 0.3348
vt 0.6352 0.2156
vt 0.7848 0.7594
vt 0.6215 0.206
vt 0.6274 0.2025
vt 0.8249 0.3177
vt 0.8363 0.3155
vt 0.8337 0.3062
vt 0.8259 0.2942
vt 0.2968 0.662
vt 0.3184 0.6417
vt 0.4837 0.487
vt 0.4846 0.4811
vt 0.4681 0.4817
vt 0.1249 0.9337
vt 0.0806 0.9348
vt 0.1093 0.9303
vt 0.3999 0.4781
vt 0.3564 0.9108
vt 0.352 0.9021
vt 0.3782 0.9026
vt 0.7461 0.8482
vt 0.5093 0.692
vt 0.4021 0.0972
vt 0.3473 0.831
vt 0.3534 0.8418
vt 0.3415 0.8388
vt 0.8835 0.7376
vt 0.8926 0.7339
vt 0.887 0.7425
vt 0.4327 0.6945
vt 0.8824 0.7309
vt 0.6693 0.8863
vt 0.557 0.9403
vt 0.526 0.9356
vt 0.5382 0.9311
vt 0.5324 0.9403
vt 0.4021 0.6886
vt 0.8461 0.4234
vt 0.8468 0.238
vt 0.3052 0.5053
vt 0.305 0.4973
vt 0.3146 0.5027
vt 0.7133 0.5885
vt 0.7248 0.583
vt 0.7202 0.5697
vt 0.2687 0.0416
vt 0.2993 0.0548
vt 0.5598 0.1911
vt 0.9349 0.5821
vt 0.9402 0.5805
vt 0.6429 0.2149
vt 0.6714 0.9503
vt 0.6641 0.9562
vt 0.6605 0.9486
vt 0.287 0.662
vt 0.2899 0.6666
vt 0.1569 0.9337
vt 0.1542 0.9433
vt 0.4376 0.2123
vt 0.4452 0.1909
vt 0.4139 0.207
vt 0.5206 0.6763
vt 0.5206 0.672
vt 0.397 0.16
vt 0.4616 0.1622
vt 0.7262 0.8631
vt 0.4713 0.3382
vt 0.4705 0.3271
vt 0.1569 0.0599
vt 0.3984 0.0805
vt 0.9541 0.1593
vt 0.9316 0.16
vt 0.8205 0.1657
vt 0.6579 0.8887
vt 0.6397 0.8844
vt 0.8463 0.3632
vt 0.3308 0.3509
vt 0.6577 0.5898
vt 0.4024 0.5801
vt 0.4039 0.5702
vt 0.9354 0.4497
vt 0.9414 0.4428
vt 0.9413 0.4328
vt 0.9337 0.4418
vt 0.849 0.894
vt 0.5101 0.1853
vt 0.4988 0.1789
vt 0.8669 0.8676
vt 0.0031 0.8956
vt 0.0131 0.9051
vt 0.003 0.9044
vt 0.3139 0.0592
vt 0.3275 0.0657
vt 0.6767 0.8078
vt 0.6589 0.8338
vt 0.9186 0.5675
vt 0.9232 0.5855
vt 0.8313 0.3231
vt 0.9254 0.591
vt 0.7809 0.7483
vt 0.7882 0.7456
vt 0.841 0.3067
vt 0.623 0.2003
vt 0.6227 0.212
vt 0.2707 0.6522
vt 0.2685 0.6637
vt 0.2814 0.6655
vt 0.657 0.9553
vt 0.2793 0.6428
vt 0.1714 0.9446
vt 0.1702 0.9373
vt 0.5037 0.7842
vt 0.4985 0.7743
vt 0.5526 0.7843
vt 0.2651 0.8937
vt 0.2467 0.8976
vt 0.2632 0.8891
vt 0.3254 0.9008
vt 0.3238 0.9101
vt 0.299 0.9011
vt 0.1136 0.9439
vt 0.0859 0.9465
vt 0.454 0.1937
vt 0.0784 0.9442
vt 0.335 0.9131
vt 0.4615 0.1681
vt 0.4082 0.7785
vt 0.4152 0.7707
vt 0.4208 0.7779
vt 0.4733 0.3531
vt 0.4755 0.365
vt 0.0623 0.9747
vt 0.074 0.9853
vt 0.0686 0.9867
vt 0.723 0.8747
vt 0.4018 0.1216
vt 0.474 0.6856
vt 0.079 0.1208
vt 0.0865 0.1278
vt 0.5005 0.2894
vt 0.4598 0.6859
vt 0.571 0.9326
vt 0.8973 0.7249
vt 0.2124 0.6627
vt 0.2141 0.6571
vt 0.2213 0.6639
vt 0.6439 0.8894
vt 0.9689 0.1511
vt 0.6733 0.2458
vt 0.6805 0.2513
vt 0.6702 0.2531
vt 0.012 0.8939
vt 0.9911 0.0986
vt 0.9961 0.0749
vt 0.9905 0.1085
vt 0.9962 0.1214
vt 0.768 0.4357
vt 0.3924 0.8521
vt 0.3871 0.845
vt 0.3993 0.8525
vt 0.2888 0.8416
vt 0.2755 0.853
vt 0.2769 0.8439
vt 0.3771 0.8361
vt 0.3971 0.843
vt 0.5429 0.1906
vt 0.5431 0.1742
vt 0.3565 0.6303
vt 0.3819 0.6362
vt 0.372 0.6296
vt 0.8398 0.3345
vt 0.6442 0.2239
vt 0.617 0.2077
vt 0.6099 0.2043
vt 0.2909 0.6234
vt 0.4051 0.2487
vt 0.4278 0.2373
vt 0.4409 0.219
vt 0.4348 0.2248
vt 0.4716 0.4128
vt 0.4646 0.4006
vt 0.4611 0.4263
vt 0.4757 0.3893
vt 0.4714 0.395
vt 0.3928 0.206
vt 0.4607 0.1751
vt 0.5311 0.683
vt 0.1947 0.2959
vt 0.2101 0.2973
vt 0.1855 0.3308
vt 0.4024 0.7694
vt 0.3989 0.7773
vt 0.9154 0.1619
vt 0.8372 0.3404
vt 0.838 0.36
vt 0.4247 0.6926
vt 0.2449 0.6639
vt 0.2273 0.6558
vt 0.656 0.8921
vt 0.9704 0.1587
vt 0.8345 0.9009
vt 0.8221 0.907
vt 0.9324 0.4323
vt 0.6797 0.2387
vt 0.2691 0.5093
vt 0.2654 0.5213
vt 0.2545 0.5143
vt 0.7364 0.5891
vt 0.247 0.5266
vt 0.2453 0.5191
vt 0.8758 0.1468
vt 0.8782 0.1427
vt 0.882 0.1475
vt 0.9109 0.493
vt 0.9936 0.1451
vt 0.7834 0.4336
vt 0.2873 0.8337
vt 0.3935 0.8387
vt 0.3865 0.8264
vt 0.3825 0.628
vt 0.8244 0.437
vt 0.3559 0.6418
vt 0.8504 0.3408
vt 0.8423 0.3226
vt 0.8589 0.327
vt 0.665 0.5417
vt 0.6596 0.522
vt 0.6603 0.5425
vt 0.621 0.2158
vt 0.6327 0.2195
vt 0.4279 0.8942
vt 0.4358 0.8873
vt 0.4406 0.8935
vt 0.4914 0.7818
vt 0.3889 0.2236
vt 0.3069 0.9155
vt 0.7852 0.9263
vt 0.7572 0.9254
vt 0.7798 0.9213
vt 0.5258 0.6891
vt 0.0965 0.2901
vt 0.0823 0.2781
vt 0.0995 0.274
vt 0.2273 0.2986
vt 0.3915 0.7715
vt 0.0671 0.9674
vt 0.8533 0.9773
vt 0.8428 0.9853
vt 0.8245 0.9722
vt 0.8202 0.4041
vt 0.8336 0.4156
vt 0.8333 0.3971
vt 0.8211 0.9896
vt 0.7967 0.9722
vt 0.2382 0.6585
vt 0.2529 0.6613
vt 0.8275 0.414
vt 0.8284 0.4225
vt 0.7995 0.9874
vt 0.9591 0.1622
vt 0.7664 0.9802
vt 0.8227 0.2373
vt 0.289 0.5093
vt 0.2806 0.5038
vt 0.7377 0.5608
vt 0.7204 0.5592
vt 0.7345 0.5172
vt 0.7331 0.5165
vt 0.3822 0.0719
vt 0.367 0.0694
vt 0.3703 0.0662
vt 0.7786 0.4405
vt 0.3087 0.8268
vt 0.8098 0.4413
vt 0.3562 0.6594
vt 0.3581 0.6718
vt 0.3632 0.6711
vt 0.8372 0.2944
vt 0.8369 0.3018
vt 0.831 0.2931
vt 0.6289 0.223
vt 0.5251 0.4433
vt 0.5293 0.4423
vt 0.5279 0.4542
vt 0.4338 0.2356
vt 0.7587 0.9353
vt 0.3142 0.9151
vt 0.1655 0.8244
vt 0.1743 0.8139
vt 0.183 0.8232
vt 0.0523 0.0373
vt 0.0643 0.0381
vt 0.0491 0.0428
vt 0.1885 0.8174
vt 0.5447 0.6846
vt 0.1785 0.2934
vt 0.1722 0.3013
vt 0.1067 0.2778
vt 0.391 0.7796
vt 0.4984 0.3619
vt 0.3185 0.8405
vt 0.3266 0.8402
vt 0.3147 0.8518
vt 0.3404 0.8494
vt 0.4382 0.6943
vt 0.3485 0.8499
vt 0.8221 0.3938
vt 0.366 0.8418
vt 0.3581 0.8509
vt 0.8259 0.4329
vt 0.8974 0.7247
vt 0.8916 0.7202
vt 0.9004 0.7182
vt 0.89 0.7091
vt 0.7509 0.6507
vt 0.7623 0.6538
vt 0.7571 0.6173
vt 0.8253 0.901
vt 0.7908 0.2285
vt 0.7979 0.2664
vt 0.7961 0.2316
vt 0.8222 0.2251
vt 0.8699 0.2282
vt 0.2441 0.5292
vt 0.8875 0.474
vt 0.8483 0.5001
vt 0.8409 0.485
vt 0.8335 0.4928
vt 0.7895 0.4359
vt 0.3686 0.832
vt 0.3702 0.827
vt 0.3627 0.8073
vt 0.8243 0.4414
vt 0.4285 0.2594
vt 0.4322 0.2435
vt 0.2885 0.9147
vt 0.2814 0.9062
vt 0.4744 0.4356
vt 0.4571 0.1876
vt 0.0582 0.9675
vt 0.0578 0.9609
vt 0.086 0.0362
vt 0.0867 0.0614
vt 0.3417 0.8576
vt 0.4536 0.6934
vt 0.0038 0.2673
vt 0.0034 0.275
vt 0.0111 0.2747
vt 0.7515 0.6645
vt 0.8203 0.4206
vt 0.7636 0.6304
vt 0.3934 0.571
vt 0.8001 0.2355
vt 0.7888 0.2484
vt 0.7832 0.233
vt 0.5269 0.2036
vt 0.7902 0.2644
vt 0.8491 0.2124
vt 0.2534 0.0717
vt 0.6679 0.8075
vt 0.3716 0.0815
vt 0.7902 0.4451
vt 0.3648 0.8182
vt 0.3739 0.6552
vt 0.2649 0.9051
vt 0.2587 0.9123
vt 0.2764 0.9155
vt 0.4646 0.452
vt 0.8041 0.9241
vt 0.7923 0.9226
vt 0.1612 0.817
vt 0.3932 0.1685
vt 0.3878 0.1984
vt 0.3608 0.7886
vt 0.3494 0.7889
vt 0.3612 0.7781
vt 0.3499 0.7816
vt 0.4594 0.1938
vt 0.4794 0.3981
vt 0.4878 0.4018
vt 0.5457 0.6921
vt 0.1197 0.2818
vt 0.5267 0.6954
vt 0.7193 0.89
vt 0.8924 0.8342
vt 0.8875 0.8421
vt 0.894 0.8489
vt 0.761 0.6638
vt 0.0873 0.6834
vt 0.0829 0.6756
vt 0.0741 0.6808
vt 0.3908 0.5792
vt 0.4842 0.4176
vt 0.5183 0.4344
vt 0.5032 0.4205
vt 0.9921 0.3297
vt 0.9951 0.3147
vt 0.9865 0.3129
vt 0.29 0.0858
vt 0.5235 0.1639
vt 0.514 0.1574
vt 0.9031 0.148
vt 0.7447 0.5104
vt 0.7353 0.5066
vt 0.39 0.0785
vt 0.9932 0.9824
vt 0.994 0.9697
vt 0.9865 0.9695
vt 0.7966 0.4395
vt 0.8117 0.4557
vt 0.3059 0.8149
vt 0.3122 0.8176
vt 0.2836 0.8254
vt 0.2725 0.8222
vt 0.2797 0.8188
vt 0.4036 0.2825
vt 0.3897 0.2741
vt 0.3877 0.2366
vt 0.1461 0.8202
vt 0.039 0.2028
vt 0.0459 0.1868
vt 0.0406 0.1793
vt 0.3775 0.7847
vt 0.3713 0.7803
vt 0.8636 0.3357
vt 0.8713 0.3367
vt 0.8596 0.3468
vt 0.0551 0.0752
vt 0.0424 0.1381
vt 0.0459 0.1301
vt 0.0189 0.1294
vt 0.0443 0.1243
vt 0.0711 0.2829
vt 0.306 0.86
vt 0.2982 0.8624
vt 0.2957 0.8533
vt 0.0551 0.297
vt 0.06 0.2869
vt 0.0528 0.9639
vt 0.3901 0.1309
vt 0.279 0.394
vt 0.2857 0.3861
vt 0.3002 0.3856
vt 0.683 0.8915
vt 0.3489 0.8504
vt 0.3632 0.855
vt 0.7833 0.8405
vt 0.7725 0.8379
vt 0.781 0.8333
vt 0.6714 0.8909
vt 0.1036 0.6961
vt 0.1034 0.6876
vt 0.983 0.2926
vt 0.9792 0.2923
vt 0.9841 0.3044
vt 0.7778 0.4967
vt 0.7705 0.5008
vt 0.7686 0.4942
vt 0.8041 0.2271
vt 0.8185 0.2326
vt 0.8146 0.2291
vt 0.5205 0.4273
vt 0.9818 0.3198
vt 0.2727 0.5363
vt 0.2535 0.5493
vt 0.3545 0.0924
vt 0.0685 0.187
vt 0.0593 0.1896
vt 0.0723 0.2057
vt 0.7569 0.4472
vt 0.9338 0.7123
vt 0.9225 0.7233
vt 0.9332 0.7205
vt 0.3676 0.6825
vt 0.3603 0.6835
vt 0.3108 0.8236
vt 0.3628 0.8188
vt 0.3641 0.8253
vt 0.354 0.819
vt 0.341 0.8244
vt 0.3658 0.3278
vt 0.3811 0.333
vt 0.3894 0.3113
vt 0.3777 0.2967
vt 0.3776 0.2876
vt 0.4177 0.2975
vt 0.4681 0.4719
vt 0.4741 0.4645
vt 0.4768 0.4462
vt 0.3908 0.2436
vt 0.4769 0.4411
vt 0.3905 0.7896
vt 0.3647 0.7904
vt 0.0418 0.0436
vt 0.0396 0.0516
vt 0.864 0.342
vt 0.4911 0.404
vt 0.5246 0.8881
vt 0.5116 0.8827
vt 0.523 0.8803
vt 0.267 0.3954
vt 0.2628 0.4024
vt 0.7715 0.8474
vt 0.6352 0.6828
vt 0.6398 0.6922
vt 0.6273 0.6839
vt 0.6545 0.8004
vt 0.6514 0.8252
vt 0.6546 0.8181
vt 0.1002 0.6825
vt 0.8077 0.9089
vt 0.8133 0.9028
vt 0.8201 0.9069
vt 0.4703 0.5193
vt 0.4787 0.5133
vt 0.4839 0.517
vt 0.4686 0.5125
vt 0.7635 0.5049
vt 0.8554 0.3171
vt 0.8802 0.3203
vt 0.8653 0.3206
vt 0.9766 0.2984
vt 0.8624 0.2076
vt 0.8727 0.2214
vt 0.8717 0.1968
vt 0.7479 0.5659
vt 0.9101 0.4714
vt 0.7185 0.7643
vt 0.6918 0.7675
vt 0.8452 0.4714
vt 0.9148 0.744
vt 0.3744 0.6707
vt 0.3555 0.8116
vt 0.3138 0.8093
vt 0.35 0.802
vt 0.4116 0.3433
vt 0.3679 0.3147
vt 0.3717 0.3049
vt 0.3797 0.2815
vt 0.4282 0.2722
vt 0.8238 0.9308
vt 0.8205 0.9541
vt 0.0098 0.2037
vt 0.0417 0.2089
vt 0.3413 0.7528
vt 0.3296 0.7526
vt 0.3477 0.7599
vt 0.0902 0.3155
vt 0.04 0.1473
vt 0.2885 0.8692
vt 0.2651 0.3587
vt 0.0168 0.5144
vt 0.0098 0.5248
vt 0.017 0.5308
vt 0.5879 0.4499
vt 0.5906 0.4643
vt 0.5942 0.4508
vt 0.0114 0.5275
vt 0.6507 0.7827
vt 0.645 0.7762
vt 0.6521 0.788
vt 0.7416 0.4677
vt 0.7449 0.4692
vt 0.7424 0.4584
vt 0.5916 0.4746
vt 0.5947 0.4817
vt 0.3169 0.4249
vt 0.3249 0.4319
vt 0.3136 0.4311
vt 0.4812 0.4318
vt 0.5008 0.4376
vt 0.8678 0.208
vt 0.7037 0.7554
vt 0.7644 0.4657
vt 0.7862 0.4501
vt 0.9275 0.0092
vt 0.9359 0.0092
vt 0.9175 0.0211
vt 0.7992 0.455
vt 0.316 0.8232
vt 0.3366 0.817
vt 0.38 0.6438
vt 0.3371 0.8169
vt 0.3393 0.8122
vt 0.3325 0.8095
vt 0.321 0.8027
vt 0.4273 0.3133
vt 0.3824 0.2748
vt 0.0295 0.2479
vt 0.0379 0.2248
vt 0.0342 0.2189
vt 0.2413 0.1389
vt 0.2471 0.1648
vt 0.2351 0.1654
vt 0.2219 0.1644
vt 0.2066 0.1669
vt 0.0445 0.0519
vt 0.3677 0.3897
vt 0.3786 0.3852
vt 0.3854 0.3868
vt 0.1634 0.3019
vt 0.1578 0.3143
vt 0.0595 0.3113
vt 0.3078 0.8548
vt 0.3015 0.8653
vt 0.0382 0.9579
vt 0.3354 0.3904
vt 0.619 0.6839
vt 0.2331 0.406
vt 0.2458 0.4039
vt 0.3742 0.8563
vt 0.3743 0.8791
vt 0.1115 0.701
vt 0.1159 0.6948
vt 0.2403 0.4028
vt 0.6429 0.8049
vt 0.3949 0.8558
vt 0.3968 0.8795
vt 0.4055 0.8608
vt 0.4033 0.8677
vt 0.0911 0.668
vt 0.8421 0.2133
vt 0.2332 0.0921
vt 0.8683 0.1986
vt 0.7066 0.7443
vt 0.7542 0.5665
vt 0.7523 0.5341
vt 0.668 0.7846
vt 0.6601 0.7909
vt 0.4344 0.2743
vt 0.4305 0.285
vt 0.4358 0.2917
vt 0.7859 0.4699
vt 0.792 0.4644
vt 0.8033 0.4608
vt 0.033 0.2888
vt 0.0366 0.2804
vt 0.0299 0.2713
vt 0.8585 0.9265
vt 0.8355 0.9342
vt 0.3846 0.2651
vt 0.2584 0.1597
vt 0.2464 0.1491
vt 0.3121 0.7544
vt 0.3175 0.7671
vt 0.4046 0.3852
vt 0.403 0.3922
vt 0.7742 0.9625
vt 0.3794 0.4115
vt 0.3528 0.3861
vt 0.1206 0.3117
vt 0.1262 0.2849
vt 0.3537 0.3925
vt 0.333 0.4217
vt 0.0347 0.9662
vt 0.3578 0.8748
vt 0.6251 0.6918
vt 0.3257 0.5144
vt 0.3327 0.5108
vt 0.343 0.5151
vt 0.347 0.5114
vt 0.3275 0.3556
vt 0.2107 0.4064
vt 0.2181 0.4085
vt 0.2105 0.4183
vt 0.3769 0.5794
vt 0.3778 0.5741
vt 0.3204 0.3666
vt 0.3322 0.3626
vt 0.7643 0.4892
vt 0.7538 0.4997
vt 0.8121 0.2206
vt 0.8044 0.2267
vt 0.8112 0.2259
vt 0.9821 0.0765
vt 0.9786 0.0751
vt 0.9809 0.0567
vt 0.843 0.2068
vt 0.9765 0.3217
vt 0.2601 0.5693
vt 0.6943 0.7581
vt 0.0639 0.1761
vt 0.9282 0.7528
vt 0.9347 0.7293
vt 0.976 0.1408
vt 0.9843 0.1472
vt 0.9778 0.1201
vt 0.9684 0.1161
vt 0.8269 0.4645
vt 0.8233 0.4586
vt 0.9143 0.7525
vt 0.9177 0.7551
vt 0.4358 0.3235
vt 0.0094 0.169
vt 0.2074 0.1517
vt 0.15 0.3067
vt 0.1562 0.298
vt 0.0484 0.0683
vt 0.3006 0.8779
vt 0.8203 0.8413
vt 0.7735 0.852
vt 0.6152 0.6936
vt 0.111 0.6855
vt 0.3058 0.5141
vt 0.3059 0.5096
vt 0.3175 0.5154
vt 0.8081 0.2037
vt 0.994 0.354
vt 0.5293 0.165
vt 0.258 0.9152
vt 0.2709 0.9246
vt 0.2637 0.9239
vt 0.2672 0.9318
vt 0.2639 0.9404
vt 0.2129 0.9016
vt 0.2244 0.9263
vt 0.1964 0.9165
vt 0.2697 0.9492
vt 0.261 0.9521
vt 0.7567 0.5412
vt 0.681 0.7636
vt 0.2615 0.3921
vt 0.2519 0.3907
vt 0.2603 0.3851
vt 0.8725 0.4689
vt 0.673 0.7768
vt 0.4328 0.2997
vt 0.9957 0.9537
vt 0.9598 0.016
vt 0.981 0.9498
vt 0.9933 0.9466
vt 0.189 0.4034
vt 0.1975 0.41
vt 0.1805 0.4103
vt 0.9173 0.7626
vt 0.6177 0.9435
vt 0.6053 0.928
vt 0.6151 0.9098
vt 0.6543 0.9394
vt 0.6484 0.9058
vt 0.867 0.9401
vt 0.0331 0.2562
vt 0.0115 0.2447
vt 0.3068 0.7694
vt 0.2613 0.1526
vt 0.0147 0.1434
vt 0.3307 0.8793
vt 0.7913 0.8707
vt 0.3384 0.8793
vt 0.3044 0.4331
vt 0.2141 0.4251
vt 0.3157 0.5293
vt 0.4963 0.51
vt 0.8074 0.2123
vt 0.4817 0.4573
vt 0.4811 0.4414
vt 0.8577 0.1905
vt 0.2342 0.9073
vt 0.2327 0.912
vt 0.6762 0.7677
vt 0.0368 0.6849
vt 0.0551 0.6764
vt 0.0626 0.6821
vt 0.0551 0.6847
vt 0.3344 0.113
vt 0.0559 0.1644
vt 0.4988 0.4928
vt 0.5014 0.4873
vt 0.5125 0.4783
vt 0.9822 0.1169
vt 0.926 0.7592
vt 0.0082 0.4414
vt 0.0112 0.4175
vt 0.0041 0.4104
vt 0.4446 0.3323
vt 0.8737 0.7188
vt 0.8573 0.7338
vt 0.8727 0.7269
vt 0.8451 0.7162
vt 0.8566 0.9513
vt 0.4228 0.3974
vt 0.5143 0.3736
vt 0.2344 0.4329
vt 0.3101 0.3764
vt 0.0991 0.6618
vt 0.3221 0.5188
vt 0.5032 0.5178
vt 0.7947 0.2059
vt 0.2788 0.5558
vt 0.81 0.1958
vt 0.2829 0.5595
vt 0.7558 0.607
vt 0.7533 0.6027
vt 0.2423 0.9309
vt 0.2518 0.9472
vt 0.2152 0.9325
vt 0.8692 0.4623
vt 0.0441 0.6767
vt 0.7611 0.5321
vt 0.971 0.8137
vt 0.9682 0.8059
vt 0.9507 0.8133
vt 0.0633 0.1643
vt 0.9594 0.0194
vt 0.1825 0.3954
vt 0.5244 0.4794
vt 0.9847 0.9286
vt 0.8166 0.4708
vt 0.8236 0.469
vt 0.8089 0.4714
vt 0.8035 0.4611
vt 0.8248 0.4731
vt 0.9821 0.0925
vt 0.9835 0.1111
vt 0.9735 0.0948
vt 0.4476 0.3667
vt 0.414 0.3495
vt 0.0349 0.3005
vt 0.0151 0.2942
vt 0.0203 0.2885
vt 0.0169 0.2714
vt 0.8716 0.7098
vt 0.2602 0.1521
vt 0.2578 0.1481
vt 0.2676 0.1479
vt 0.0071 0.2144
vt 0.3289 0.7705
vt 0.1332 0.3027
vt 0.1344 0.3152
vt 0.7844 0.4901
vt 0.7876 0.5065
vt 0.7832 0.5073
vt 0.5076 0.3997
vt 0.3109 0.8769
vt 0.6115 0.6871
vt 0.1218 0.688
vt 0.1331 0.6875
vt 0.1308 0.6743
vt 0.7738 0.8686
vt 0.7616 0.8573
vt 0.7716 0.8574
vt 0.2542 0.441
vt 0.3659 0.5807
vt 0.7857 0.2192
vt 0.7354 0.5041
vt 0.7369 0.4954
vt 0.2791 0.6181
vt 0.2992 0.6126
vt 0.2895 0.615
vt 0.2844 0.6206
vt 0.7611 0.5723
vt 0.2698 0.6045
vt 0.2801 0.607
vt 0.6107 0.7549
vt 0.6041 0.7437
vt 0.6243 0.7556
vt 0.5852 0.9236
vt 0.5966 0.9161
vt 0.5969 0.9229
vt 0.2549 0.9593
vt 0.2592 0.9603
vt 0.1908 0.9321
vt 0.1948 0.9379
vt 0.7713 0.5256
vt 0.2018 0.9487
vt 0.1796 0.9608
vt 0.7633 0.5099
vt 0.9651 0.8251
vt 0.1771 0.9541
vt 0.05 0.1757
vt 0.7564 0.4603
vt 0.8083 0.4736
vt 0.7993 0.4668
vt 0.1802 0.4026
vt 0.166 0.4053
vt 0.9953 0.9341
vt 0.5244 0.4928
vt 0.9335 0.7761
vt 0.0368 0.3132
vt 0.6423 0.2409
vt 0.6438 0.2351
vt 0.6376 0.2298
vt 0.1966 0.1327
vt 0.1965 0.1463
vt 0.0085 0.1515
vt 0.2867 0.8829
vt 0.1174 0.8022
vt 0.1072 0.8013
vt 0.1099 0.7971
vt 0.8223 0.8484
vt 0.8236 0.8593
vt 0.559 0.7164
vt 0.5571 0.7224
vt 0.5259 0.7116
vt 0.3909 0.0553
vt 0.3762 0.0553
vt 0.3907 0.0475
vt 0.3687 0.887
vt 0.0891 0.019
vt 0.09 0.0269
vt 0.077 0.0287
vt 0.3834 0.8844
vt 0.7552 0.8614
vt 0.749 0.8763
vt 0.7432 0.8709
vt 0.7443 0.8782
vt 0.9362 0.7553
vt 0.9348 0.7431
vt 0.9303 0.7498
vt 0.7273 0.501
vt 0.5211 0.4741
vt 0.3003 0.5526
vt 0.3087 0.5683
vt 0.2671 0.5709
vt 0.2733 0.6012
vt 0.9565 0.272
vt 0.958 0.2853
vt 0.9633 0.2914
vt 0.6326 0.7398
vt 0.5773 0.904
vt 0.7678 0.5356
vt 0.0723 0.142
vt 0.0685 0.1425
vt 0.0668 0.1626
vt 0.0612 0.1547
vt 0.0586 0.1511
vt 0.2735 0.1382
vt 0.2797 0.1423
vt 0.2795 0.1249
vt 0.2667 0.8685
vt 0.2603 0.8782
vt 0.2699 0.8722
vt 0.4011 0.1023
vt 0.3816 0.1071
vt 0.9728 0.9374
vt 0.4518 0.0739
vt 0.44 0.0732
vt 0.4396 0.0633
vt 0.6778 0.9449
vt 0.0133 0.314
vt 0.4643 0.3458
vt 0.0154 0.2819
vt 0.8658 0.7042
vt 0.0077 0.261
vt 0.6441 0.2523
vt 0.3548 0.4159
vt 0.0134 0.1353
vt 0.3037 0.8834
vt 0.0273 0.9614
vt 0.5271 0.5001
vt 0.505 0.5054
vt 0.5131 0.499
vt 0.1474 0.6923
vt 0.1382 0.6715
vt 0.3572 0.8818
vt 0.9605 0.4674
vt 0.9684 0.4607
vt 0.955 0.4565
vt 0.9942 0.1985
vt 0.9837 0.1985
vt 0.984 0.1893
vt 0.5717 0.7294
vt 0.5738 0.7374
vt 0.7508 0.8862
vt 0.5365 0.2729
vt 0.3304 0.527
vt 0.3204 0.5385
vt 0.7413 0.4854
vt 0.3189 0.5447
vt 0.5358 0.2168
vt 0.5402 0.1868
vt 0.8077 0.9165
vt 0.8417 0.9161
vt 0.8274 0.9122
vt 0.2943 0.6023
vt 0.3201 0.6038
vt 0.7244 0.6934
vt 0.7119 0.6908
vt 0.7139 0.6774
vt 0.5367 0.1733
vt 0.8376 0.188
vt 0.8457 0.1857
vt 0.2871 0.5741
vt 0.2725 0.5805
vt 0.7655 0.5867
vt 0.7707 0.5714
vt 0.761 0.5723
vt 0.9704 0.2762
vt 0.9488 0.1773
vt 0.9541 0.1684
vt 0.9655 0.1773
vt 0.9729 0.2555
vt 0.5787 0.8985
vt 0.6054 0.7071
vt 0.6046 0.9025
vt 0.5769 0.7046
vt 0.6133 0.8848
vt 0.5669 0.7134
vt 0.6203 0.8885
vt 0.5544 0.7151
vt 0.0367 0.9896
vt 0.0425 0.9778
vt 0.0494 0.9827
vt 0.3685 0.9762
vt 0.381 0.9838
vt 0.3665 0.9838
vt 0.0474 0.99
vt 0.3311 0.5777
vt 0.3391 0.579
vt 0.3293 0.5842
vt 0.4527 0.0646
vt 0.4684 0.3733
vt 0.468 0.3611
vt 0.6693 0.1981
vt 0.6669 0.1874
vt 0.6636 0.1931
vt 0.8544 0.688
vt 0.8428 0.7206
vt 0.2618 0.1356
vt 0.6338 0.2495
vt 0.4205 0.408
vt 0.4332 0.4042
vt 0.049 0.0734
vt 0.379 0.4242
vt 0.0689 0.0747
vt 0.0678 0.0846
vt 0.9684 0.5308
vt 0.9619 0.524
vt 0.9575 0.5319
vt 0.3061 0.4228
vt 0.8267 0.8724
vt 0.9645 0.5037
vt 0.9383 0.4906
vt 0.9482 0.5057
vt 0.9503 0.4874
vt 0.9621 0.4528
vt 0.9561 0.4486
vt 0.9579 0.4557
vt 0.5027 0.0694
vt 0.5003 0.058
vt 0.4976 0.0596
vt 0.5272 0.0116
vt 0.5083 0.0201
vt 0.5055 0.0115
vt 0.3176 0.5402
vt 0.3189 0.617
vt 0.3361 0.6188
vt 0.3265 0.6225
vt 0.741 0.6949
vt 0.7573 0.687
vt 0.7547 0.695
vt 0.3175 0.6093
vt 0.3141 0.5988
vt 0.9837 0.3604
vt 0.9946 0.3608
vt 0.9761 0.3581
vt 0.7687 0.5576
vt 0.5856 0.6974
vt 0.2778 0.1113
vt 0.9677 0.838
vt 0.9639 0.8463
vt 0.5846 0.5898
vt 0.5835 0.5837
vt 0.6034 0.5874
vt 0.5974 0.5811
vt 0.269 0.8587
vt 0.7735 0.4756
vt 0.9795 0.9262
vt 0.8003 0.4836
vt 0.3392 0.5962
vt 0.3323 0.5943
vt 0.1506 0.4053
vt 0.1513 0.3949
vt 0.1639 0.4057
vt 0.3436 0.5794
vt 0.3624 0.5831
vt 0.3531 0.5893
vt 0.6827 0.1977
vt 0.8451 0.9632
vt 0.841 0.9589
vt 0.6088 0.4942
vt 0.6182 0.4914
vt 0.618 0.4792
vt 0.6132 0.5012
vt 0.91 0.3919
vt 0.9094 0.4059
vt 0.9236 0.4124
vt 0.6214 0.499
vt 0.9252 0.3996
vt 0.9183 0.3751
vt 0.6921 0.3291
vt 0.6883 0.3398
vt 0.7189 0.336
vt 0.6886 0.3529
vt 0.2733 0.0104
vt 0.3062 0.0008
vt 0.2997 0.0173
vt 0.3915 0.9466
vt 0.3903 0.9615
vt 0.3649 0.9528
vt 0.1296 0.7945
vt 0.1271 0.8009
vt 0.0241 0.9748
vt 0.3255 0.8879
vt 0.9566 0.5139
vt 0.4915 0.7399
vt 0.2712 0.3864
vt 0.3626 0.5149
vt 0.3697 0.5181
vt 0.3317 0.5231
vt 0.9437 0.4594
vt 0.9479 0.4449
vt 0.7621 0.8946
vt 0.58 0.745
vt 0.5734 0.7584
vt 0.7555 0.8977
vt 0.3488 0.6283
vt 0.366 0.6251
vt 0.7283 0.4956
vt 0.3323 0.6065
vt 0.4974 0.4649
vt 0.4813 0.4697
vt 0.7401 0.6714
vt 0.8137 0.1898
vt 0.7674 0.6131
vt 0.7734 0.5916
vt 0.6361 0.7033
vt 0.6412 0.7331
vt 0.9761 0.2642
vt 0.3806 0.114
vt 0.8799 0.1887
vt 0.8734 0.192
vt 0.8813 0.2002
vt 0.8664 0.188
vt 0.0348 0.9788
vt 0.8716 0.6687
vt 0.8511 0.6584
vt 0.8554 0.6661
vt 0.6625 0.1694
vt 0.6734 0.1654
vt 0.6713 0.2077
vt 0.1813 0.1345
vt 0.1769 0.1427
vt 0.1886 0.1528
vt 0.0052 0.2297
vt 0.3453 0.0084
vt 0.3627 0.0122
vt 0.3957 0.014
vt 0.2405 0.1278
vt 0.0057 0.18
vt 0.3956 0.4203
vt 0.9204 0.4227
vt 0.0363 0.0727
vt 0.3258 0.0261
vt 0.3285 0.0057
vt 0.7974 0.1999
vt 0.7909 0.2009
vt 0.7915 0.184
vt 0.6931 0.3545
vt 0.1926 0.3615
vt 0.0191 0.9674
vt 0.4602 0.4969
vt 0.4495 0.5023
vt 0.1545 0.1024
vt 0.1907 0.6999
vt 0.7971 0.8812
vt 0.7329 0.9306
vt 0.728 0.9427
vt 0.736 0.9472
vt 0.9373 0.4775
vt 0.9444 0.4789
vt 0.938 0.4773
vt 0.5182 0.0337
vt 0.5136 0.0306
vt 0.3526 0.5999
vt 0.3462 0.5692
vt 0.7253 0.4923
vt 0.3269 0.5756
vt 0.3147 0.5734
vt 0.541 0.2295
vt 0.7439 0.6645
vt 0.7574 0.6738
vt 0.4993 0.4718
vt 0.7825 0.5462
vt 0.6427 0.7054
vt 0.6515 0.7376
vt 0.6462 0.733
vt 0.6503 0.7222
vt 0.9538 0.8251
vt 0.2461 0.8791
vt 0.236 0.8706
vt 0.2389 0.8865
vt 0.9263 0.9239
vt 0.924 0.9177
vt 0.9436 0.9103
vt 0.9358 0.9126
vt 0.3547 0.0545
vt 0.3588 0.0637
vt 0.3419 0.0579
vt 0.2268 0.8819
vt 0.199 0.8754
vt 0.2193 0.8828
vt 0.8604 0.1772
vt 0.3981 0.113
vt 0.3716 0.9686
vt 0.3802 0.9731
vt 0.3574 0.5733
vt 0.0313 0.8128
vt 0.0394 0.8256
vt 0.0382 0.8163
vt 0.0273 0.8304
vt 0.4537 0.4016
vt 0.4386 0.3901
vt 0.4405 0.4049
vt 0.4516 0.3911
vt 0.8382 0.707
vt 0.8294 0.6845
vt 0.6813 0.2122
vt 0.8433 0.7359
vt 0.4184 0.0109
vt 0.4116 0.0358
vt 0.626 0.2382
vt 0.3421 0.9186
vt 0.353 0.9158
vt 0.3565 0.9211
vt 0.9205 0.4388
vt 0.6104 0.4792
vt 0.7968 0.1814
vt 0.7852 0.1765
vt 0.1472 0.3249
vt 0.5153 0.4069
vt 0.6854 0.3101
vt 0.7296 0.3582
vt 0.6896 0.3691
vt 0.7116 0.3718
vt 0.2829 0.0248
vt 0.1349 0.7995
vt 0.6924 0.3745
vt 0.7054 0.3774
vt 0.0091 0.9874
vt 0.0195 0.9814
vt 0.4099 0.7349
vt 0.4726 0.7046
vt 0.9278 0.5259
vt 0.9343 0.517
vt 0.9503 0.5139
vt 0.9407 0.5084
vt 0.8127 0.8928
vt 0.7884 0.8882
vt 0.7879 0.8879
vt 0.8165 0.8121
vt 0.8076 0.8096
vt 0.8164 0.806
vt 0.5489 0.7705
vt 0.9099 0.9159
vt 0.9021 0.9217
vt 0.9061 0.9183
vt 0.92 0.9196
vt 0.5395 0.2534
vt 0.7709 0.6301
vt 0.7743 0.6054
vt 0.766 0.6154
vt 0.9695 0.3103
vt 0.5722 0.9049
vt 0.5709 0.9138
vt 0.5672 0.88
vt 0.7731 0.5268
vt 0.951 0.8337
vt 0.057 0.1362
vt 0.7729 0.5154
vt 0.7821 0.5161
vt 0.0532 0.145
vt 0.0513 0.1557
vt 0.663 0.2379
vt 0.6696 0.2154
vt 0.6567 0.2182
vt 0.6704 0.234
vt 0.2074 0.8912
vt 0.9483 0.9087
vt 0.9595 0.9175
vt 0.9439 0.9122
vt 0.7142 0.5472
vt 0.7234 0.5388
vt 0.716 0.5347
vt 0.9634 0.9233
vt 0.9691 0.9192
vt 0.9716 0.927
vt 0.9664 0.0085
vt 0.9752 0.0105
vt 0.9671 0.0194
vt 0.9584 0.9063
vt 0.1855 0.9697
vt 0.1767 0.9747
vt 0.1754 0.9863
vt 0.6835 0.9004
vt 0.6988 0.942
vt 0.8544 0.6749
vt 0.4284 0.0117
vt 0.6829 0.2326
vt 0.7105 0.2385
vt 0.6871 0.2584
vt 0.6816 0.2594
vt 0.6819 0.2704
vt 0.5497 0.9858
vt 0.5504 0.9814
vt 0.566 0.9898
vt 0.2122 0.1248
vt 0.0298 0.084
vt 0.0271 0.0739
vt 0.9619 0.7225
vt 0.9696 0.7226
vt 0.9648 0.7116
vt 0.1395 0.3297
vt 0.523 0.395
vt 0.687 0.2955
vt 0.7821 0.1898
vt 0.5242 0.3855
vt 0.5224 0.3776
vt 0.3487 0.4345
vt 0.5372 0.317
vt 0.3656 0.9633
vt 0.9476 0.5363
vt 0.354 0.3243
vt 0.3606 0.3317
vt 0.362 0.3187
vt 0.9348 0.5029
vt 0.7997 0.8958
vt 0.5278 0.0365
vt 0.596 0.524
vt 0.6055 0.5282
vt 0.5981 0.5273
vt 0.5675 0.7682
vt 0.523 0.0395
vt 0.514 0.041
vt 0.5177 0.0351
vt 0.3741 0.6002
vt 0.3482 0.5604
vt 0.7819 0.6342
vt 0.2617 0.1147
vt 0.5585 0.9241
vt 0.5593 0.8992
vt 0.6615 0.7268
vt 0.6458 0.707
vt 0.9709 0.3065
vt 0.6308 0.695
vt 0.9809 0.2537
vt 0.5892 0.8786
vt 0.2642 0.8518
vt 0.2318 0.8318
vt 0.2386 0.8678
vt 0.3893 0.062
vt 0.3675 0.06
vt 0.3658 0.0568
vt 0.9506 0.9202
vt 0.2184 0.8616
vt 0.6499 0.2284
vt 0.8828 0.1754
vt 0.2016 0.8833
vt 0.1872 0.9862
vt 0.0229 0.8164
vt 0.47 0.7688
vt 0.4611 0.7848
vt 0.4726 0.7849
vt 0.4571 0.773
vt 0.6874 0.2003
vt 0.7111 0.2583
vt 0.4167 0.4193
vt 0.7849 0.1999
vt 0.7225 0.3385
vt 0.7362 0.3567
vt 0.7404 0.3652
vt 0.297 0.0406
vt 0.8324 0.8891
vt 0.8215 0.8975
vt 0.9379 0.5124
vt 0.3924 0.5155
vt 0.4003 0.527
vt 0.1785 0.1059
vt 0.5512 0.0144
vt 0.5219 0.0448
vt 0.7705 0.6528
vt 0.7712 0.6756
vt 0.7737 0.6708
vt 0.7812 0.6026
vt 0.2397 0.1149
vt 0.9706 0.8584
vt 0.9342 0.8533
vt 0.6061 0.8756
vt 0.5418 0.2613
vt 0.5493 0.2666
vt 0.5587 0.2632
vt 0.2652 0.8396
vt 0.6937 0.6553
vt 0.7315 0.6601
vt 0.694 0.6596
vt 0.9233 0.9577
vt 0.8965 0.944
vt 0.9349 0.9425
vt 0.2381 0.8626
vt 0.9579 0.9294
vt 0.8223 0.0911
vt 0.8239 0.1021
vt 0.8334 0.1041
vt 0.8341 0.095
vt 0.1827 0.9914
vt 0.9774 0.0198
vt 0.8386 0.6588
vt 0.8286 0.6748
vt 0.6922 0.1967
vt 0.9246 0.4568
vt 0.9215 0.4635
vt 0.0918 0.3256
vt 0.1212 0.3267
vt 0.3878 0.0431
vt 0.5615 0.9795
vt 0.7113 0.2782
vt 0.3707 0.0496
vt 0.2297 0.1242
vt 0.7154 0.3018
vt 0.3495 0.0514
vt 0.0465 0.0849
vt 0.5783 0.7589
vt 0.5908 0.7515
vt 0.6037 0.7576
vt 0.7215 0.3168
vt 0.7835 0.1771
vt 0.3765 0.4343
vt 0.3355 0.049
vt 0.094 0.9952
vt 0.0962 0.9979
vt 0.0851 0.9981
vt 0.101 0.3428
vt 0.1048 0.9967
vt 0.3194 0.0538
vt 0.5268 0.3885
vt 0.5345 0.3685
vt 0.4088 0.9556
vt 0.1493 0.7975
vt 0.1485 0.8024
vt 0.7278 0.3733
vt 0.8404 0.8968
vt 0.1607 0.6762
vt 0.2688 0.4456
vt 0.5327 0.0439
vt 0.1992 0.1107
vt 0.3663 0.5645
vt 0.78 0.6792
vt 0.0757 0.0084
vt 0.0831 0.011
vt 0.078 0.0205
vt 0.0638 0.0225
vt 0.0669 0.011
vt 0.6741 0.7254
vt 0.6675 0.7089
vt 0.5462 0.926
vt 0.5421 0.9182
vt 0.8456 0.4052
vt 0.8407 0.4056
vt 0.8373 0.4133
vt 0.8401 0.4231
vt 0.2375 0.8227
vt 0.1899 0.863
vt 0.196 0.8763
vt 0.9809 0.0117
vt 0.7221 0.2072
vt 0.7293 0.2025
vt 0.731 0.1907
vt 0.8036 0.5479
vt 0.8075 0.5601
vt 0.8133 0.553
vt 0.1894 0.1192
vt 0.4377 0.023
vt 0.4386 0.4263
vt 0.4035 0.4221
vt 0.4246 0.4239
vt 0.7942 0.7756
vt 0.7991 0.7596
vt 0.7946 0.7617
vt 0.977 0.8177
vt 0.9722 0.8125
vt 0.9741 0.7994
vt 0.4264 0.4974
vt 0.4477 0.5017
vt 0.4153 0.497
vt 0.4387 0.7005
vt 0.298 0.0498
vt 0.8402 0.881
vt 0.4041 0.5202
vt 0.241 0.3842
vt 0.5404 0.2872
vt 0.8069 0.6425
vt 0.813 0.6371
vt 0.8035 0.6253
vt 0.5408 0.0422
vt 0.3719 0.5917
vt 0.3538 0.5907
vt 0.7313 0.7439
vt 0.7314 0.7532
vt 0.7247 0.7533
vt 0.7185 0.7483
vt 0.7141 0.7409
vt 0.0556 0.0092
vt 0.2274 0.1153
vt 0.3503 0.6855
vt 0.3524 0.675
vt 0.35 0.6455
vt 0.5384 0.8993
vt 0.9809 0.3125
vt 0.47 0.5062
vt 0.4599 0.5113
vt 0.433 0.5054
vt 0.3526 0.6483
vt 0.962 0.8759
vt 0.3861 0.513
vt 0.0034 0.6927
vt 0.0021 0.7195
vt 0.0023 0.746
vt 0.5932 0.8731
vt 0.3757 0.5122
vt 0.5545 0.2493
vt 0.5437 0.2435
vt 0.0808 0.8692
vt 0.0744 0.8728
vt 0.0766 0.8846
vt 0.7124 0.9094
vt 0.8049 0.543
vt 0.8136 0.5439
vt 0.8132 0.5347
vt 0.1831 0.1231
vt 0.435 0.0325
vt 0.7074 0.2089
vt 0.4326 0.44
vt 0.3929 0.4242
vt 0.3984 0.4442
vt 0.8107 0.7649
vt 0.5284 0.4042
vt 0.532 0.3898
vt 0.0982 0.1155
vt 0.1498 0.1079
vt 0.1361 0.1121
vt 0.4183 0.5277
vt 0.8059 0.6703
vt 0.5542 0.9925
vt 0.55 0.9985
vt 0.5301 0.9981
vt 0.534 0.9917
vt 0.5828 0.0374
vt 0.541 0.7743
vt 0.5098 0.7707
vt 0.4181 0.5908
vt 0.3929 0.6191
vt 0.5248 0.9926
vt 0.5093 0.9966
vt 0.7267 0.0841
vt 0.7215 0.1007
vt 0.7268 0.1175
vt 0.5334 0.9217
vt 0.5356 0.9104
vt 0.6844 0.7265
vt 0.5803 0.876
vt 0.9415 0.8349
vt 0.7074 0.9915
vt 0.7198 0.9896
vt 0.7185 0.9776
vt 0.3897 0.9852
vt 0.3837 0.9897
vt 0.3855 0.9821
vt 0.3948 0.9819
vt 0.4633 0.9877
vt 0.4475 0.9808
vt 0.455 0.9796
vt 0.2701 0.8312
vt 0.2584 0.8246
vt 0.9021 0.9506
vt 0.9536 0.94
vt 0.1961 0.8512
vt 0.7141 0.9341
vt 0.7143 0.2038
vt 0.7853 0.7375
vt 0.7845 0.7331
vt 0.7926 0.7358
vt 0.073 0.3301
vt 0.0724 0.3239
vt 0.45 0.4281
vt 0.451 0.4385
vt 0.4362 0.9484
vt 0.4163 0.9621
vt 0.3357 0.4675
vt 0.3291 0.4357
vt 0.1917 0.3889
vt 0.1728 0.6726
vt 0.3029 0.4575
vt 0.8181 0.6714
vt 0.5679 0.0149
vt 0.3862 0.593
vt 0.4782 0.9935
vt 0.7116 0.7327
vt 0.4578 0.0583
vt 0.4477 0.0507
vt 0.4613 0.0478
vt 0.0473 0.0045
vt 0.0365 0.0036
vt 0.0046 0.0044
vt 0.0129 0.0157
vt 0.0039 0.0255
vt 0.6499 0.698
vt 0.9486 0.9001
vt 0.9746 0.8999
vt 0.9738 0.9078
vt 0.0692 0.8924
vt 0.8249 0.4865
vt 0.8107 0.4851
vt 0.8248 0.501
vt 0.6953 0.1581
vt 0.7098 0.1766
vt 0.8307 0.6983
vt 0.8133 0.5231
vt 0.4593 0.4311
vt 0.0795 0.3387
vt 0.4534 0.4522
vt 0.4329 0.4398
vt 0.4329 0.4402
vt 0.4322 0.4486
vt 0.4142 0.5027
vt 0.389 0.5006
vt 0.3948 0.4974
vt 0.539 0.3956
vt 0.2433 0.7165
vt 0.2237 0.7118
vt 0.4139 0.6969
vt 0.1696 0.6654
vt 0.1879 0.6664
vt 0.1639 0.1134
vt 0.1488 0.1134
vt 0.1697 0.1111
vt 0.4239 0.6204
vt 0.0033 0.0673
vt 0.0102 0.0596
vt 0.0226 0.0656
vt 0.6972 0.7282
vt 0.6883 0.7307
vt 0.6451 0.6906
vt 0.9541 0.8837
vt 0.9677 0.8798
vt 0.4021 0.9762
vt 0.4364 0.974
vt 0.8351 0.4283
vt 0.8241 0.5106
vt 0.8185 0.5126
vt 0.7368 0.1701
vt 0.7981 0.5298
vt 0.7922 0.7448
vt 0.0991 0.344
vt 0.1004 0.3424
vt 0.4597 0.9532
vt 0.4471 0.9568
vt 0.0268 0.0899
vt 0.0718 0.1139
vt 0.2667 0.6736
vt 0.8192 0.6906
vt 0.2194 0.3862
vt 0.5084 0.7638
vt 0.5721 0.0518
vt 0.8188 0.6499
vt 0.4471 0.5902
vt 0.2023 0.722
vt 0.1941 0.7329
vt 0.2158 0.7294
vt 0.0273 0.0059
vt 0.0168 0.0077
vt 0.6826 0.6999
vt 0.0149 0.0266
vt 0.2168 0.8559
vt 0.9396 0.8952
vt 0.9674 0.8952
vt 0.9514 0.9446
vt 0.0794 0.9152
vt 0.727 0.1456
vt 0.7377 0.1796
vt 0.796 0.524
vt 0.0042 0.0901
vt 0.0155 0.0892
vt 0.0032 0.1099
vt 0.8002 0.7828
vt 0.264 0.7211
vt 0.5383 0.4086
vt 0.8032 0.746
vt 0.8241 0.7511
vt 0.8046 0.7237
vt 0.3537 0.4423
vt 0.8207 0.7066
vt 0.1132 0.1149
vt 0.6033 0.0171
vt 0.4981 0.0051
vt 0.4951 0.0031
vt 0.4965 0.0206
vt 0.0913 0.813
vt 0.1296 0.806
vt 0.0985 0.8162
vt 0.2835 0.5809
vt 0.3009 0.5833
vt 0.2805 0.5871
vt 0.4847 0.079
vt 0.4921 0.0656
vt 0.4868 0.0635
vt 0.4778 0.0579
vt 0.0409 0.0282
vt 0.7054 0.7286
vt 0.7056 0.7125
vt 0.0262 0.0272
vt 0.6558 0.678
vt 0.7046 0.9652
vt 0.7167 0.9646
vt 0.695 0.9901
vt 0.9302 0.8335
vt 0.923 0.8372
vt 0.3986 0.9712
vt 0.4491 0.9733
vt 0.8383 0.4376
vt 0.9106 0.9624
vt 0.1836 0.8379
vt 0.1953 0.8247
vt 0.9166 0.9083
vt 0.9159 0.9029
vt 0.8026 0.5107
vt 0.8036 0.7994
vt 0.4456 0.9606
vt 0.0516 0.1132
vt 0.0622 0.0895
vt 0.8108 0.7517
vt 0.1353 0.8094
vt 0.297 0.9557
vt 0.2886 0.9536
vt 0.2798 0.9601
vt 0.5678 0.1635
vt 0.5708 0.1484
vt 0.5817 0.1531
vt 0.5827 0.1628
vt 0.4749 0.0697
vt 0.485 0.0366
vt 0.5527 0.8787
vt 0.5651 0.8768
vt 0.556 0.2305
vt 0.1963 0.8139
vt 0.9717 0.9593
vt 0.3756 0.6923
vt 0.3952 0.6939
vt 0.4934 0.9494
vt 0.8219 0.7201
vt 0.1999 0.6692
vt 0.2175 0.67
vt 0.0477 0.4435
vt 0.0479 0.4403
vt 0.0553 0.4446
vt 0.4943 0.7651
vt 0.446 0.6189
vt 0.2998 0.9771
vt 0.2764 0.5953
vt 0.2698 0.5866
vt 0.5553 0.1485
vt 0.4896 0.0916
vt 0.4846 0.1037
vt 0.5315 0.8837
vt 0.7131 0.951
vt 0.7187 0.9529
vt 0.4228 0.9673
vt 0.5484 0.1985
vt 0.8444 0.4642
vt 0.7973 0.4916
vt 0.2736 0.151
vt 0.2765 0.1664
vt 0.2658 0.1605
vt 0.0693 0.3382
vt 0.0746 0.3467
vt 0.2607 0.1648
vt 0.3545 0.689
vt 0.823 0.8005
vt 0.3842 0.4443
vt 0.3929 0.4518
vt 0.1025 0.1172
vt 0.0327 0.4398
vt 0.5882 0.0574
vt 0.4778 0.7638
vt 0.1478 0.8035
vt 0.4739 0.085
vt 0.4765 0.1
vt 0.7486 0.7126
vt 0.4604 0.0371
vt 0.4719 0.018
vt 0.5271 0.901
vt 0.6722 0.9901
vt 0.6704 0.96
vt 0.6603 0.9739
vt 0.4183 0.9728
vt 0.5566 0.2068
vt 0.4954 0.9545
vt 0.8228 0.7885
vt 0.3295 0.7042
vt 0.1278 0.3787
vt 0.6811 0.0387
vt 0.1732 0.8105
vt 0.4239 0.5645
vt 0.3849 0.5667
vt 0.4054 0.5663
vt 0.4413 0.0129
vt 0.4523 0.027
vt 0.7465 0.7443
vt 0.743 0.7219
vt 0.0264 0.035
vt 0.0367 0.0353
vt 0.5145 0.9014
vt 0.5165 0.8926
vt 0.9297 0.8721
vt 0.7001 0.9458
vt 0.6865 0.9527
vt 0.3463 0.6985
vt 0.3419 0.6893
vt 0.8237 0.7799
vt 0.2871 0.7267
vt 0.3962 0.4717
vt 0.8247 0.7317
vt 0.2688 0.9736
vt 0.5485 0.1485
vt 0.5444 0.1648
vt 0.4937 0.0551
vt 0.0219 0.0328
vt 0.6731 0.6862
vt 0.4463 0.8863
vt 0.4701 0.8944
vt 0.4439 0.8919
vt 0.923 0.8665
vt 0.7503 0.1396
vt 0.7508 0.1609
vt 0.085 0.3674
vt 0.3343 0.729
vt 0.3141 0.7327
vt 0.0399 0.1144
vt 0.977 0.6629
vt 0.9745 0.6807
vt 0.9775 0.6683
vt 0.2369 0.6738
vt 0.4331 0.7646
vt 0.4312 0.5255
vt 0.4492 0.5259
vt 0.2086 0.3908
vt 0.304 0.9628
vt 0.7469 0.7326
vt 0.4504 0.0127
vt 0.4948 0.0508
vt 0.0108 0.0344
vt 0.9268 0.8783
vt 0.3375 0.7363
vt 0.4406 0.4651
vt 0.4327 0.4541
vt 0.9777 0.712
vt 0.9782 0.7252
vt 0.9808 0.7197
vt 0.9797 0.7104
vt 0.9774 0.6959
vt 0.9747 0.7011
vt 0.9734 0.6997
vt 0.5284 0.5873
vt 0.4578 0.6146
vt 0.4786 0.5854
vt 0.4562 0.5656
vt 0.2827 0.9953
vt 0.2654 0.9797
vt 0.2619 0.9907
vt 0.7973 0.6856
vt 0.7907 0.6912
vt 0.781 0.686
vt 0.5657 0.1657
vt 0.4591 0.0024
vt 0.486 0.0346
vt 0.4301 0.9008
vt 0.4688 0.9039
vt 0.4466 0.9256
vt 0.1542 0.273
vt 0.1554 0.2823
vt 0.1458 0.2886
vt 0.9334 0.8921
vt 0.9409 0.891
vt 0.925 0.8864
vt 0.1408 0.2731
vt 0.4253 0.9055
vt 0.4582 0.8802
vt 0.4734 0.8797
vt 0.4535 0.4634
vt 0.4087 0.7456
vt 0.1743 0.3903
vt 0.3458 0.4679
vt 0.6386 0.0176
vt 0.1788 0.8006
vt 0.2755 0.9993
vt 0.6873 0.691
vt 0.4988 0.9031
vt 0.4963 0.9217
vt 0.4866 0.9042
vt 0.2377 0.5334
vt 0.2156 0.5339
vt 0.2335 0.5299
vt 0.4787 0.8916
vt 0.3845 0.3377
vt 0.385 0.3418
vt 0.3753 0.3398
vt 0.0739 0.361
vt 0.6482 0.0155
vt 0.4756 0.6171
vt 0.7224 0.7047
vt 0.4876 0.0199
vt 0.7101 0.697
vt 0.1354 0.2848
vt 0.7316 0.3293
vt 0.7267 0.3411
vt 0.731 0.3459
vt 0.2021 0.1171
vt 0.1978 0.1175
vt 0.1955 0.1137
vt 0.3504 0.7186
vt 0.3697 0.475
vt 0.258 0.6713
vt 0.4681 0.0058
vt 0.1987 0.533
vt 0.1824 0.5364
vt 0.2418 0.5476
vt 0.2398 0.5559
vt 0.4121 0.9203
vt 0.4947 0.888
vt 0.5023 0.8946
vt 0.417 0.4716
vt 0.1543 0.3913
vt 0.4943 0.6162
vt 0.6907 0.0562
vt 0.3045 0.9836
vt 0.4915 0.0264
vt 0.7205 0.7004
vt 0.2088 0.9995
vt 0.1996 0.9886
vt 0.1997 0.9948
vt 0.5146 0.9097
vt 0.1993 0.559
vt 0.243 0.5618
vt 0.3318 0.7199
vt 0.1036 0.3764
vt 0.3605 0.7394
vt 0.6431 0.066
vt 0.208 0.801
vt 0.2981 0.9945
vt 0.7812 0.7007
vt 0.7788 0.7063
vt 0.7387 0.7082
vt 0.518 0.9269
vt 0.409 0.9424
vt 0.3453 0.7136
vt 0.347 0.7055
vt 0.4429 0.4743
vt 0.0849 0.3768
vt 0.3213 0.6877
vt 0.6747 0.016
vt 0.2004 0.8087
vt 0.7753 0.6849
vt 0.4747 0.0049
vt 0.1555 0.5396
vt 0.8769 0.2659
vt 0.8749 0.2557
vt 0.8731 0.2609
vt 0.0782 0.3688
vt 0.717 0.0041
vt 0.7235 0.0058
vt 0.6983 0.0077
vt 0.4766 0.5238
vt 0.7621 0.6964
vt 0.3067 0.9906
vt 0.7556 0.707
vt 0.7449 0.7054
vt 0.4824 0.0112
vt 0.762 0.7252
vt 0.7559 0.7163
vt 0.79 0.7262
vt 0.2079 0.9536
vt 0.1972 0.9585
vt 0.1996 0.9647
vt 0.1997 0.9758
vt 0.1911 0.9729
vt 0.2079 0.5626
vt 0.4433 0.9436
vt 0.3352 0.7084
vt 0.353 0.7296
vt 0.2937 0.6721
vt 0.2763 0.6702
vt 0.5145 0.6164
vt 0.5003 0.5257
vt 0.5873 0.6263
vt 0.5689 0.6296
vt 0.589 0.6221
vt 0.7406 0.0059
vt 0.7421 0.0118
vt 0.7414 0.028
vt 0.5092 0.5288
vt 0.1374 0.5574
vt 0.1323 0.5622
vt 0.1407 0.5398
vt 0.169 0.561
vt 0.4805 0.9409
vt 0.466 0.9454
vt 0.0503 0.2841
vt 0.0482 0.2905
vt 0.0503 0.2983
vt 0.5415 0.6281
vt 0.5141 0.9408
vt 0.7468 0.0147
vt 0.3291 0.6939
vt 0.586 0.6072
vt 0.3269 0.681
vt 0.2403 0.8133
vt 0.3968 0.7645
vt 0.683 0.0743
vt 0.0373 0.4899
vt 0.0263 0.4881
vt 0.0326 0.4858
vt 0.261 0.804
vt 0.7295 0.0421
vt 0.5754 0.5882
vt 0.7054 0.0729
vt 0.4936 0.5693
vt 0.5709 0.5498
vt 0.3264 0.6748
vt 0.729 0.05
vt 0.5359 0.5853
vt 0.5559 0.5874
vt 0.2663 0.8161
vt 0.7422 0.0353
vt 0.5858 0.5986
vt 0.3296 0.67
vt 0.5494 0.5861
vt 0.3744 0.7694
vt 0.5287 0.5278
vt 0.3558 0.759
vt 0.3557 0.7529
vt 0.564 0.5348
vt 0.5712 0.5832
vt 0.3353 0.6552
vt 0.3332 0.6641
vt 0.3514 0.7668
vt 0.735 0.0626
vt 0.2864 0.8134
vt 0.2962 0.807
vt 0.532 0.5745
vt 0.5672 0.5787
vt 0.5445 0.5777
vt 0.7405 0.0549
vt 0.6492 0.6108
vt 0.6394 0.6129
vt 0.6305 0.6134
vt 0.5736 0.5588
vt 0.3483 0.7734
vt 0.7309 0.0734
vt 0.5773 0.5703
vt 0.5829 0.58
vt 0.5761 0.5552
s 1
f 3087/1/1 3089/2/1 3086/3/1
f 3925/4/2 3926/5/2 3944/6/2
f 3944/6/3 3926/5/3 3935/7/3
f 1428/8/4 1412/9/5 1427/10/6
f 3086/3/7 3091/11/7 3087/1/7
f 3249/12/8 3251/13/8 3250/14/8
f 3944/6/9 3935/7/9 3940/15/9
f 617/16/10 618/17/10 616/18/10
f 2556/19/11 2557/20/11 2555/21/11
f 1412/9/5 1414/22/12 1415/23/13
f 1427/10/6 1412/9/5 1415/23/13
f 1412/9/14 1428/8/14 1430/24/14
f 1428/8/15 1427/10/15 1426/25/15
f 3944/6/16 3927/26/16 3943/27/16
f 3945/28/17 3954/29/17 3947/30/17
f 3944/6/18 3923/31/18 3927/26/18
f 3923/31/19 3945/28/19 3927/26/19
f 1519/32/20 1521/33/20 1524/34/20
f 1521/33/21 1522/35/21 1524/34/21
f 1427/10/22 1415/23/22 1416/36/22
f 1426/25/23 1427/10/23 1429/37/23
f 932/38/24 933/39/24 931/40/24
f 934/41/25 933/39/25 932/38/25
f 4571/42/26 4530/43/26 4569/44/26
f 4548/45/27 4567/46/27 4571/42/27
f 4567/46/28 4530/43/28 4571/42/28
f 2668/47/29 2666/48/29 2667/49/29
f 3923/31/30 3954/29/30 3945/28/30
f 3923/31/31 3963/50/31 3954/29/31
f 617/16/32 616/18/32 615/51/32
f 1414/22/33 1412/9/33 1413/52/33
f 1430/24/34 1417/53/34 1412/9/34
f 4527/54/35 4524/55/35 4528/56/35
f 4548/45/36 4547/57/36 4567/46/36
f 4567/46/37 4547/57/37 4525/58/37
f 4530/43/38 4567/46/39 4514/59/40
f 4547/57/41 4524/55/42 4525/58/43
f 3928/60/44 3923/31/45 3944/6/46
f 617/16/47 615/51/48 621/61/49
f 1519/32/50 1524/34/50 1520/62/50
f 2555/21/51 2553/63/51 2556/19/51
f 1413/52/52 1412/9/52 1417/53/52
f 2558/64/53 2556/19/53 2553/63/53
f 1418/65/54 1417/53/54 1430/24/54
f 2558/64/55 2553/63/55 2559/66/55
f 1426/25/56 1429/37/57 1425/67/58
f 1426/25/59 1419/68/59 1433/69/59
f 1433/69/60 1419/68/61 1421/70/62
f 1419/68/61 1422/71/63 1421/70/62
f 4527/54/64 4537/72/64 4524/55/64
f 4566/73/65 4537/72/65 4527/54/65
f 2666/48/66 2668/47/66 2665/74/66
f 4537/72/67 4525/58/43 4524/55/42
f 4537/72/68 4566/73/68 4536/75/68
f 3940/15/69 3941/76/70 3944/6/46
f 3941/76/71 3940/15/71 3942/77/71
f 4525/58/72 4537/72/72 4514/59/72
f 3928/60/44 3944/6/46 3941/76/70
f 2391/78/73 2386/79/73 2392/80/73
f 1520/62/74 1518/81/74 1519/32/74
f 617/16/47 621/61/49 620/82/75
f 1524/34/76 1522/35/76 1523/83/76
f 2555/21/77 2546/84/78 2553/63/79
f 887/85/80 891/86/81 884/87/82
f 1421/70/83 1422/71/83 1432/88/83
f 3356/89/84 3360/90/84 3358/91/84
f 2668/47/85 2664/92/85 2662/93/85
f 2665/74/86 2668/47/86 2662/93/86
f 4632/94/87 4630/95/87 4631/96/87
f 4514/59/88 4537/72/88 4526/97/88
f 3923/31/89 3961/98/90 3963/50/91
f 621/61/92 615/51/92 619/99/92
f 3226/100/93 3232/101/93 3230/102/93
f 931/40/94 933/39/94 935/103/94
f 1426/25/56 1425/67/58 1419/68/95
f 4500/104/96 4568/105/96 4530/43/96
f 4514/59/40 4500/104/97 4530/43/38
f 3360/90/98 3359/106/98 3357/107/98
f 5452/108/99 5455/109/99 5443/110/99
f 4536/75/100 4553/111/100 4537/72/100
f 5401/112/101 5403/113/102 5402/114/103
f 2383/115/104 2392/80/104 2386/79/104
f 619/99/105 615/51/106 622/116/107
f 3226/100/108 3230/102/108 3221/117/108
f 887/85/80 884/87/82 886/118/109
f 884/87/110 883/119/110 885/120/110
f 886/118/109 884/87/82 885/120/111
f 5452/108/112 5456/121/112 5453/122/112
f 5453/122/113 5455/109/113 5452/108/113
f 2665/74/114 2662/93/115 2663/123/116
f 3358/91/117 3360/90/117 3357/107/117
f 4526/97/118 4511/124/118 4514/59/118
f 4511/124/119 4526/97/120 4535/125/121
f 622/116/122 624/126/122 619/99/122
f 1476/127/123 1475/128/123 1484/129/123
f 3222/130/124 3221/117/124 3220/131/124
f 888/132/125 887/85/126 886/118/127
f 1419/68/128 1425/67/128 1423/133/128
f 1419/68/61 1420/134/129 1422/71/63
f 2669/135/130 2665/74/114 2663/123/116
f 4511/124/131 4500/104/131 4514/59/131
f 2387/136/132 2392/80/132 2383/115/132
f 2548/137/133 2547/138/133 2549/139/133
f 2547/138/134 2546/84/134 2549/139/134
f 3210/140/135 3220/131/136 3221/117/137
f 1745/141/138 1743/142/138 1746/143/138
f 1422/71/63 1420/134/129 1431/144/139
f 3358/91/140 3357/107/140 3361/145/140
f 4500/104/141 4511/124/141 4497/146/141
f 4553/111/142 4536/75/142 4555/147/142
f 4535/125/121 4513/148/143 4511/124/119
f 4512/149/144 4513/148/144 4535/125/144
f 3923/31/45 3928/60/44 3922/150/145
f 626/151/146 624/126/146 622/116/146
f 1480/152/147 1478/153/147 1482/154/147
f 2547/138/148 2551/155/148 2546/84/148
f 3210/140/149 3221/117/150 3230/102/151
f 1743/142/152 1744/156/152 1746/143/152
f 1431/144/139 1420/134/129 1434/157/153
f 2114/158/154 2111/159/154 2115/160/154
f 5455/109/155 5453/122/155 5454/161/155
f 2113/162/156 2112/163/156 2111/159/156
f 5455/109/157 5368/164/158 5443/110/159
f 2665/74/160 2669/135/160 2670/165/160
f 4553/111/161 4555/147/161 4554/166/161
f 3961/98/162 3950/167/162 3963/50/162
f 5362/168/163 5400/169/164 5402/114/165
f 5402/114/103 5400/169/166 5401/112/101
f 4544/170/167 4511/124/167 4513/148/167
f 3961/98/90 3923/31/89 3922/150/168
f 2387/136/169 2383/115/169 2385/171/169
f 622/116/170 625/172/170 626/151/170
f 2383/115/171 2386/79/171 2384/173/171
f 2386/79/172 2389/174/172 2384/173/172
f 2388/175/173 2384/173/173 2389/174/173
f 3228/176/174 3205/177/175 3225/178/176
f 3220/131/177 3229/179/177 3204/180/178
f 2546/84/78 2554/181/179 2553/63/79
f 2111/159/180 2114/158/180 2113/162/180
f 4489/182/181 4519/183/181 4497/146/181
f 2671/184/182 2670/165/182 2669/135/182
f 5009/185/183 5007/186/183 5008/187/183
f 3952/188/184 3953/189/185 3963/50/186
f 4543/190/187 4513/148/187 4512/149/187
f 2548/137/188 2550/191/188 2547/138/188
f 1476/127/189 1477/192/189 1475/128/189
f 1480/152/190 1477/192/190 1476/127/190
f 1482/154/191 1478/153/191 1481/193/191
f 3228/176/192 3225/178/192 3227/194/192
f 3229/179/193 3206/195/194 3205/177/175
f 3225/178/176 3205/177/175 3206/195/194
f 3206/195/195 3229/179/195 3220/131/195
f 2546/84/196 2542/196/196 2554/181/196
f 888/132/125 886/118/127 897/197/197
f 1742/198/198 1750/199/199 1746/200/200
f 1746/200/200 1750/199/199 1747/201/201
f 889/202/202 886/118/202 885/120/202
f 1423/133/203 1424/203/203 1419/68/203
f 2951/204/204 2949/205/204 2950/206/204
f 2673/207/205 2672/208/205 2671/184/205
f 3953/189/206 3952/188/206 3955/209/206
f 4564/210/207 4511/124/208 4544/170/209
f 5362/168/163 5367/211/210 5400/169/164
f 3928/60/44 3934/212/211 3922/150/145
f 1480/152/212 1482/154/212 1479/213/212
f 1480/152/213 1479/213/213 1477/192/213
f 2551/155/214 2542/196/214 2546/84/214
f 1743/142/215 1742/198/215 1744/156/215
f 886/118/216 896/214/216 897/197/216
f 886/118/217 894/215/218 896/214/219
f 898/216/220 886/118/220 889/202/220
f 1749/217/221 1747/201/201 1750/199/199
f 885/120/222 890/218/222 889/202/222
f 1747/201/223 1749/217/224 1748/219/225
f 3649/220/226 3648/221/226 3647/222/226
f 4008/223/227 4009/224/227 4010/225/227
f 4011/226/228 4010/225/228 4009/224/228
f 4009/224/229 4008/223/229 4007/227/229
f 4006/228/230 4008/223/230 4005/229/230
f 4007/227/231 4008/223/231 4006/228/231
f 4488/230/232 4561/231/233 4519/183/234
f 4488/230/232 4519/183/234 4563/232/235
f 4563/232/236 4519/183/236 4489/182/236
f 2101/233/237 2102/234/237 2099/235/237
f 4511/124/238 4563/232/238 4489/182/238
f 2672/208/239 2670/165/239 2671/184/239
f 3950/167/240 3952/188/184 3963/50/186
f 2109/236/241 2110/237/241 2106/238/241
f 5361/239/242 5369/240/242 5362/168/242
f 5362/168/243 5369/240/243 5367/211/243
f 4543/241/244 4495/242/245 4544/170/246
f 2385/171/247 2382/243/247 2390/244/247
f 2385/171/248 2383/115/248 2382/243/248
f 2381/245/249 2382/243/249 2383/115/249
f 2548/137/250 2552/246/250 2550/191/250
f 1477/192/251 1483/247/251 1475/128/251
f 1390/248/252 1389/249/253 1392/250/254
f 1389/249/255 1390/248/255 1391/251/255
f 1743/142/256 1741/252/256 1736/253/256
f 1736/253/257 1737/254/257 1743/142/257
f 1743/142/258 1737/254/258 1742/198/258
f 3219/255/259 3214/256/260 3210/140/261
f 1742/198/262 1737/254/262 1750/199/262
f 1737/254/263 1756/257/263 1750/199/263
f 3643/258/264 3646/259/265 3647/260/266
f 737/261/267 736/262/267 733/263/267
f 5437/264/268 5443/110/159 5368/164/158
f 5361/239/269 5443/110/269 5379/265/269
f 5361/239/270 5379/265/271 5369/240/272
f 5367/211/273 5369/240/273 5416/266/273
f 3939/267/274 3934/212/211 3928/60/44
f 5553/268/275 5554/269/275 5555/270/275
f 2384/173/276 2381/245/276 2383/115/276
f 1393/271/277 1392/250/254 1389/249/253
f 3206/195/278 3220/131/279 3211/272/280
f 3210/140/135 3207/273/281 3220/131/136
f 3210/140/282 3213/274/282 3207/273/282
f 3213/274/283 3210/140/261 3214/256/260
f 4062/275/284 4063/276/285 4065/277/286
f 3237/278/287 3238/279/287 3236/280/287
f 3351/281/288 3350/282/288 3348/283/288
f 736/262/289 737/261/289 731/284/289
f 731/284/290 734/285/290 736/262/290
f 5008/187/291 5007/186/292 5032/286/293
f 5368/164/294 5440/287/294 5437/264/294
f 2110/237/295 2109/236/296 2099/235/297
f 4564/210/207 4502/288/298 4511/124/208
f 4583/289/299 4582/290/299 4585/291/299
f 4564/210/300 4544/170/246 4445/292/301
f 2544/293/302 2543/294/302 2551/155/302
f 2551/155/303 2543/294/303 2542/196/303
f 3207/273/304 3211/272/280 3220/131/279
f 3644/295/305 3646/259/305 3643/258/305
f 4062/275/306 4066/296/306 4064/297/306
f 1750/199/307 1751/298/308 1749/217/309
f 4065/277/286 4066/296/310 4062/275/284
f 3237/278/311 3236/280/311 3235/299/311
f 3392/300/312 3390/301/312 3391/302/312
f 3350/282/313 3349/303/313 3348/283/313
f 734/285/314 731/284/314 735/304/314
f 3124/305/315 3126/306/315 3125/307/315
f 2102/234/316 2093/308/317 2099/235/318
f 5440/287/319 5389/309/319 5437/264/319
f 4563/232/320 4511/124/320 4503/310/320
f 5379/265/321 5443/110/159 5437/264/268
f 5367/211/322 5416/266/322 5424/311/322
f 3206/195/323 3211/272/323 3209/312/323
f 1736/253/324 1738/313/324 1737/254/324
f 886/118/217 893/314/325 894/215/218
f 893/314/326 886/118/326 898/216/326
f 3644/295/327 3645/315/327 3646/259/327
f 927/316/328 930/317/328 922/318/328
f 2288/319/329 2292/320/330 2287/321/331
f 732/322/332 735/304/332 731/284/332
f 2100/323/333 2095/324/334 2102/234/335
f 4502/288/336 4503/310/336 4511/124/336
f 5366/325/337 5379/265/337 5437/264/337
f 4582/290/338 4583/289/338 4584/326/338
f 5556/327/339 5557/328/339 5558/329/339
f 4445/292/301 4544/170/246 4449/330/340
f 5424/311/341 5378/331/341 5376/332/341
f 4449/330/340 4544/170/246 4495/242/245
f 3224/333/342 3206/195/342 3209/312/342
f 1738/313/343 1736/253/343 1739/334/343
f 1049/335/344 1051/336/344 1050/337/344
f 458/338/345 455/339/345 459/340/345
f 459/340/346 455/339/346 461/341/346
f 3215/342/347 3214/256/347 3218/343/347
f 741/344/348 735/304/348 732/322/348
f 731/284/349 730/345/350 732/322/351
f 738/346/352 730/345/350 731/284/349
f 258/347/353 231/348/353 232/349/353
f 2659/350/354 2660/351/354 2661/352/354
f 259/353/355 231/348/355 258/347/355
f 4549/354/356 4488/230/357 4487/355/358
f 5008/187/359 5035/356/359 4969/357/359
f 2093/308/360 2102/234/335 2095/324/334
f 4486/358/361 4487/355/358 4488/230/357
f 4563/232/362 4486/358/362 4488/230/362
f 5449/359/363 5389/309/363 5440/287/363
f 4503/310/364 4502/288/364 4518/360/364
f 5533/361/365 5534/362/365 5535/363/365
f 3949/364/366 3950/167/367 3961/98/368
f 1049/335/369 1050/337/370 1046/365/371
f 1738/313/372 1740/366/372 1737/254/372
f 3213/274/373 3208/367/373 3207/273/373
f 457/368/374 455/339/374 458/338/374
f 3215/342/375 3213/274/375 3214/256/375
f 3217/369/376 3215/342/376 3218/343/376
f 1754/370/377 1750/199/377 1756/257/377
f 1757/371/378 1750/199/379 1754/370/379
f 2910/372/380 2911/373/380 2913/374/380
f 232/349/381 231/348/381 230/375/381
f 3663/376/382 3664/377/382 3662/378/382
f 2097/379/383 2095/324/383 2096/380/383
f 2096/380/384 2095/324/384 2100/323/384
f 5449/359/385 5388/381/385 5389/309/385
f 4592/382/386 4591/383/386 4593/384/386
f 2110/237/295 2099/235/297 2107/385/387
f 5366/325/388 5437/264/388 5380/386/388
f 4445/292/389 4533/387/389 4565/388/389
f 3964/389/390 3949/364/366 3961/98/368
f 5376/332/391 5378/331/392 5374/390/393
f 5378/331/392 5373/391/394 5374/390/393
f 1044/392/395 1048/393/395 1045/394/395
f 1046/365/396 1048/393/396 1047/395/396
f 1045/394/397 1048/393/397 1046/365/397
f 3211/272/398 3212/396/399 3209/312/400
f 1046/365/371 1047/395/401 1049/335/369
f 4066/296/402 4065/277/403 4067/397/404
f 2290/398/405 2287/321/331 2292/320/330
f 926/399/406 922/318/406 930/317/406
f 1724/400/407 1723/401/407 1722/402/407
f 4677/403/408 4679/404/408 4678/405/408
f 2658/406/409 2659/350/409 2661/352/409
f 745/407/410 748/408/410 747/409/410
f 3665/410/411 3664/377/411 3663/376/411
f 4499/411/412 4549/354/412 4487/355/412
f 5388/381/413 5393/412/413 5389/309/413
f 4518/413/414 4486/358/415 4563/232/416
f 5365/414/417 5363/415/418 5437/264/418
f 5437/264/419 5363/415/419 5380/386/419
f 3952/188/420 3950/167/420 3960/416/420
f 3960/416/421 3950/167/421 3959/417/421
f 5369/240/272 5379/265/271 5360/418/422
f 4446/419/423 4533/387/423 4445/292/423
f 5416/420/424 5373/391/424 5378/331/424
f 4445/292/301 4449/330/340 4448/421/425
f 5374/390/393 5373/391/394 5375/422/426
f 3922/150/145 3934/212/211 3929/423/427
f 457/368/428 456/424/428 454/425/428
f 455/339/429 457/368/429 454/425/429
f 3217/369/430 3216/426/430 3215/342/430
f 1750/199/307 1752/427/431 1751/298/308
f 2291/428/432 2287/321/331 2290/398/405
f 904/429/433 917/430/433 914/431/433
f 923/432/434 924/433/434 929/434/434
f 738/346/435 731/284/435 739/435/435
f 656/436/436 657/437/437 655/438/438
f 656/436/439 659/439/439 657/437/439
f 1319/440/440 1323/441/440 1326/442/440
f 1325/443/441 1319/440/441 1326/442/441
f 52/444/442 49/445/442 36/446/442
f 49/445/443 47/447/443 36/446/443
f 4677/403/444 4678/405/444 4674/448/444
f 4676/449/445 4674/448/445 4678/405/445
f 4677/403/446 4683/450/446 4679/404/446
f 2658/406/447 2661/352/447 2657/451/447
f 4968/452/448 5008/187/291 5032/286/293
f 4560/453/449 4518/413/414 4565/454/450
f 5379/265/451 5380/386/451 5360/418/451
f 4596/455/452 4595/456/452 4594/457/452
f 4595/456/453 4596/455/453 4597/458/453
f 4447/459/454 4446/419/454 4445/292/454
f 4445/292/455 4448/421/456 4447/459/457
f 460/460/458 455/339/458 454/425/458
f 3216/426/459 3217/369/460 3223/461/461
f 1750/199/307 1757/371/462 1752/427/431
f 898/216/463 902/462/464 899/463/465
f 2289/464/466 2291/428/466 2290/398/466
f 920/465/467 926/399/467 930/317/467
f 923/432/468 922/318/468 924/433/468
f 1722/402/469 1723/401/469 1720/466/469
f 657/437/437 662/467/470 655/438/438
f 4705/468/471 4703/469/471 4704/470/471
f 45/471/472 36/446/472 47/447/472
f 4704/470/473 4706/472/473 4705/468/473
f 47/447/474 51/473/474 45/471/474
f 4677/403/475 4691/474/475 4683/450/475
f 4693/475/476 4683/450/476 4691/474/476
f 745/407/477 747/409/477 744/476/477
f 4487/355/478 4498/477/478 4499/411/478
f 2765/478/479 2763/479/479 2764/480/479
f 2095/324/480 2094/481/481 2093/308/482
f 5035/356/483 5008/187/483 4968/452/483
f 5365/414/484 5389/309/485 5364/482/486
f 2107/385/487 2099/235/318 2093/308/317
f 5364/482/488 5363/415/488 5365/414/488
f 5360/418/489 5380/386/489 5364/482/489
f 4448/421/490 4449/330/490 4450/483/490
f 3223/461/461 3217/369/460 3231/484/491
f 732/322/492 730/345/492 740/485/492
f 662/467/493 663/486/493 655/438/493
f 659/439/494 658/487/494 657/437/494
f 4676/449/495 4673/488/495 4674/448/495
f 4691/474/496 4662/489/496 4693/475/496
f 4673/488/497 4662/489/497 4691/474/497
f 230/375/498 231/348/498 244/490/498
f 745/407/499 743/491/499 746/492/499
f 745/407/500 742/493/500 743/491/500
f 5445/494/501 5393/412/501 5464/495/501
f 4518/413/414 4484/496/502 4486/358/415
f 5032/286/503 4973/497/504 4975/498/505
f 4521/499/506 4494/500/506 4560/453/506
f 5360/418/507 5364/482/508 5359/501/509
f 4522/502/510 4533/503/510 4494/500/510
f 5460/504/511 5369/240/512 5360/418/513
f 4533/503/514 4447/459/514 4494/500/514
f 5369/240/512 5460/504/511 5370/505/515
f 5460/504/516 5381/506/517 5370/505/518
f 5373/391/519 5370/505/519 5434/507/519
f 5373/391/394 5434/507/520 5375/422/426
f 5434/507/521 5404/508/521 5375/422/521
f 3934/212/211 3932/509/522 3929/423/427
f 3962/510/523 3964/389/390 3961/98/368
f 5375/422/524 5404/508/525 5442/511/526
f 4449/330/527 4501/512/527 4491/513/527
f 4450/483/528 4449/330/528 4491/513/528
f 893/314/529 898/216/529 895/514/529
f 1751/298/530 1759/515/530 1753/516/530
f 1759/515/531 1751/298/531 1752/427/531
f 920/465/532 921/517/532 926/399/532
f 1543/518/533 1544/519/533 1540/520/533
f 4673/488/534 4676/449/535 4675/521/536
f 36/446/537 45/471/537 35/522/537
f 35/522/538 45/471/538 48/523/538
f 2661/352/539 2656/524/539 2657/451/539
f 4968/452/540 5038/525/540 5035/356/540
f 5393/412/541 5445/494/542 5426/526/543
f 4484/496/502 4518/413/414 4560/453/449
f 5006/527/544 4975/498/505 4973/497/504
f 4522/502/545 4494/500/545 4521/499/545
f 3949/364/546 3958/528/547 3950/167/548
f 4447/459/457 4448/421/456 4546/529/549
f 3962/510/550 3961/98/90 3922/150/168
f 4501/512/551 4492/530/551 4491/513/551
f 4491/513/552 4520/531/552 4450/483/552
f 453/532/553 460/460/553 454/425/553
f 453/532/554 452/533/554 460/460/554
f 904/429/555 914/431/555 913/534/555
f 1949/535/556 1947/536/556 1948/537/556
f 1948/537/557 1946/538/557 1949/535/557
f 1543/518/558 1540/520/559 1545/539/560
f 1319/440/561 1327/540/561 1320/541/561
f 4680/542/562 4673/488/562 4675/521/562
f 4673/488/563 4680/542/563 4662/489/563
f 2655/543/564 2656/524/564 2661/352/564
f 745/407/565 744/476/565 742/493/565
f 4970/544/566 5038/525/566 5031/545/566
f 2763/479/567 2766/546/567 2768/547/567
f 5038/525/568 4968/452/568 5031/545/568
f 5464/495/569 5444/548/570 5445/494/571
f 5393/412/541 5426/526/543 5389/309/572
f 2074/549/573 2092/550/573 2094/481/573
f 2093/308/482 2094/481/481 2092/550/574
f 4610/551/575 4612/552/575 4611/553/575
f 2090/554/576 2093/308/577 2092/550/578
f 4484/496/579 4516/555/580 4486/358/581
f 5032/286/582 4975/498/583 4968/452/584
f 5382/556/585 5381/506/585 5460/504/585
f 3964/389/390 3951/557/586 3949/364/366
f 4546/529/587 4450/483/587 4520/531/587
f 4520/531/588 4451/558/589 4546/529/590
f 4492/530/591 4493/559/592 4491/513/593
f 3929/423/427 3946/560/594 3922/150/145
f 3924/561/595 3965/562/596 3922/150/145
f 453/532/597 471/563/597 477/564/597
f 463/565/598 465/566/598 452/533/598
f 925/567/599 922/318/599 926/399/599
f 922/318/600 925/567/600 924/433/600
f 915/568/601 916/569/602 918/570/603
f 1325/443/604 1327/540/604 1319/440/604
f 4662/489/605 4661/571/605 4660/572/605
f 4661/571/606 4662/489/606 4663/573/606
f 4663/573/607 4662/489/607 4680/542/607
f 4970/544/608 5026/574/608 5038/525/608
f 4504/575/609 4529/576/610 4516/555/611
f 5384/577/612 5364/482/486 5389/309/485
f 5384/577/613 5359/501/509 5364/482/508
f 4975/498/505 5006/527/544 4962/578/614
f 5460/504/615 5359/501/615 5382/556/615
f 4560/453/616 4494/500/617 4496/579/618
f 3958/528/547 3949/364/546 3957/580/619
f 4454/581/620 4496/579/621 4447/459/622
f 4447/459/457 4546/529/549 4451/558/623
f 4491/513/624 4493/559/624 4461/582/624
f 700/583/625 687/584/625 702/585/625
f 210/586/626 208/587/626 199/588/626
f 893/314/627 895/514/627 892/589/627
f 1755/590/628 1759/515/628 1752/427/628
f 2293/591/629 2289/464/630 2290/398/631
f 4676/449/535 4681/592/632 4675/521/536
f 4681/592/632 4682/593/633 4675/521/536
f 228/594/634 230/375/634 244/490/634
f 263/595/635 244/490/635 262/596/635
f 750/597/636 742/493/636 744/476/636
f 1588/598/637 1585/599/637 1589/600/637
f 5446/601/638 5445/494/571 5444/548/570
f 4552/602/639 4529/576/639 4504/575/639
f 2593/603/640 2592/604/640 2594/605/640
f 2092/550/641 2091/606/641 2090/554/641
f 5389/309/485 5436/607/642 5384/577/612
f 5359/501/643 5383/608/643 5382/556/643
f 5479/609/644 5481/610/644 5480/611/644
f 5381/506/517 5414/612/645 5370/505/518
f 3957/580/646 3949/364/647 3951/557/648
f 4447/459/622 4451/558/649 4454/581/620
f 4455/613/650 4451/558/589 4520/531/588
f 3962/510/651 3922/150/651 3966/614/651
f 4520/531/652 4461/615/652 4452/616/652
f 3922/150/653 3965/562/653 3966/614/653
f 4490/617/654 4461/582/654 4473/618/654
f 3922/150/145 3946/560/594 3924/561/595
f 212/619/655 199/588/655 208/587/656
f 212/619/657 213/620/658 199/588/659
f 452/533/660 470/621/660 463/565/660
f 895/514/661 898/216/661 900/622/661
f 1759/515/662 1755/590/662 1758/623/662
f 898/216/463 899/463/465 900/622/663
f 904/429/664 913/534/664 915/568/664
f 659/439/665 661/624/665 658/487/665
f 4676/449/666 4692/625/666 4681/592/666
f 34/626/667 36/446/668 35/522/669
f 4694/627/670 4696/628/670 4697/629/670
f 229/630/671 230/375/671 228/594/671
f 244/490/672 263/595/672 227/631/672
f 1196/632/673 1194/633/673 1192/634/673
f 1187/635/674 1192/634/674 1194/633/674
f 5390/636/675 5389/309/485 5426/526/676
f 4504/575/609 4516/555/611 4505/637/677
f 5436/607/642 5389/309/485 5390/636/675
f 4965/638/678 4975/498/678 4962/578/678
f 5384/577/613 5383/608/679 5359/501/509
f 4972/639/680 4963/640/680 4962/641/680
f 4469/642/681 4560/453/616 4496/579/618
f 5414/643/682 5395/644/682 5394/645/682
f 5001/646/683 4962/641/683 4963/640/683
f 2093/308/317 2104/647/684 2107/385/487
f 5422/648/685 5370/505/685 5414/612/685
f 2107/385/686 2104/647/686 2105/649/686
f 5458/650/687 5370/505/687 5422/648/687
f 3951/557/586 3964/389/390 3962/510/523
f 5458/650/688 5435/651/689 5370/505/690
f 5434/507/691 5370/505/691 5435/651/691
f 4493/559/592 4492/530/591 4551/652/692
f 4455/613/693 4520/531/693 4452/616/693
f 4452/616/694 4545/653/694 4455/613/694
f 692/654/695 704/655/695 687/584/695
f 692/654/696 700/583/697 693/656/698
f 687/584/699 700/583/697 692/654/696
f 477/564/700 470/621/701 453/532/702
f 453/532/703 470/621/703 452/533/703
f 477/564/700 479/657/704 470/621/701
f 462/658/705 463/565/705 470/621/705
f 1758/623/706 1760/659/706 1759/515/706
f 4701/660/707 4700/661/707 4698/662/707
f 4698/662/708 4700/661/708 4699/663/708
f 4694/627/709 4695/664/709 4696/628/709
f 4680/542/710 4684/665/710 4663/573/710
f 7/666/711 10/667/712 16/668/713
f 17/669/714 7/666/715 12/670/716
f 8/671/717 17/669/717 13/672/717
f 8/671/718 13/672/718 11/673/718
f 1258/674/719 1266/675/720 1265/676/721
f 228/594/722 244/490/723 227/631/724
f 751/677/725 750/597/725 744/476/725
f 4968/452/726 4966/678/726 4967/679/726
f 4966/678/727 4968/452/727 4971/680/727
f 4516/555/728 4484/496/728 4505/637/728
f 4975/498/583 4971/680/729 4968/452/584
f 4484/496/502 4560/453/449 4517/681/730
f 4485/682/731 4517/681/731 4560/453/731
f 5404/508/732 5434/507/732 5371/683/732
f 5372/684/733 5371/683/733 5434/507/733
f 4475/685/734 4490/617/735 4473/618/736
f 4490/686/737 4545/653/738 4452/616/739
f 204/687/740 199/588/659 213/620/658
f 904/429/741 915/568/742 905/688/743
f 1721/689/744 1725/690/744 1720/466/744
f 1545/539/560 1540/520/559 1541/691/745
f 4113/692/746 4116/693/746 4120/694/746
f 4701/660/747 4702/695/747 4700/661/747
f 4653/696/748 4660/572/748 4661/571/748
f 4653/696/749 4661/571/749 4654/697/749
f 4684/665/750 4680/542/750 4656/698/750
f 12/670/751 13/672/751 17/669/751
f 1261/699/752 1258/674/719 1265/676/721
f 263/595/753 261/700/753 227/631/753
f 1584/701/754 1587/702/755 1583/703/756
f 1192/634/757 1187/635/757 1195/704/757
f 1195/704/758 1187/635/758 1190/705/758
f 5358/706/759 5436/607/760 5357/707/761
f 4485/682/762 4560/453/762 4509/708/762
f 4560/453/763 4469/642/763 4509/708/763
f 5394/645/764 5395/644/765 5397/709/766
f 4496/579/618 4463/710/767 4469/642/681
f 4454/581/768 4463/710/768 4496/579/768
f 5536/711/769 5537/712/769 5538/713/769
f 5458/650/688 5451/714/770 5435/651/689
f 5371/715/771 5413/716/771 5410/717/771
f 4490/617/772 4475/685/773 4472/718/774
f 687/584/775 704/655/775 688/719/775
f 693/656/776 700/583/776 701/720/776
f 705/721/777 687/584/777 691/722/777
f 211/723/778 204/687/778 213/620/778
f 210/586/779 199/588/779 207/724/779
f 207/724/780 199/588/780 209/725/780
f 479/657/781 475/726/781 470/621/781
f 470/621/782 464/727/782 462/658/782
f 901/728/783 904/429/783 903/729/783
f 659/439/784 660/730/784 661/624/784
f 1542/731/785 1541/691/785 1540/520/785
f 4656/698/786 4657/732/786 4658/733/786
f 7/666/715 16/668/787 12/670/716
f 1266/675/788 1258/674/789 1256/734/790
f 749/735/791 742/493/791 750/597/791
f 1588/598/792 1584/701/754 1585/599/793
f 5445/494/542 5425/736/794 5426/526/543
f 1190/705/795 1188/737/795 1195/704/795
f 1190/705/796 1193/738/797 1188/737/798
f 1188/737/799 1193/738/799 1191/739/799
f 5426/526/800 5428/740/800 5390/636/800
f 2839/741/801 2841/742/801 2842/743/801
f 2090/554/576 2089/744/802 2093/308/577
f 5045/745/803 5047/746/804 5046/747/805
f 215/748/806 251/749/806 214/750/806
f 5204/751/807 5203/752/807 5199/753/807
f 4602/754/808 4603/755/808 4604/756/808
f 252/757/809 249/758/809 251/749/809
f 5200/759/810 5203/752/810 5204/751/810
f 5210/760/811 5200/759/811 5204/751/811
f 5394/645/812 5397/709/812 5422/648/812
f 5310/761/813 5422/648/813 5397/709/813
f 5422/648/814 5310/761/814 5458/650/814
f 3951/557/815 3962/510/815 3956/762/815
f 5409/763/816 5413/716/816 5371/715/816
f 4551/764/817 4475/685/734 4473/618/736
f 4551/764/818 4474/765/818 4475/685/818
f 4470/766/819 4545/653/819 4472/718/819
f 3933/767/820 3946/560/594 3929/423/427
f 1702/768/821 1701/769/821 1699/770/821
f 1696/771/822 1702/768/823 1699/770/824
f 831/772/825 834/773/825 830/774/825
f 199/588/826 205/775/827 209/725/828
f 200/776/829 205/775/827 199/588/826
f 900/622/663 899/463/465 901/728/830
f 928/777/831 926/399/831 921/517/831
f 1361/778/832 1356/779/832 1357/780/832
f 4654/697/833 4684/665/833 4656/698/833
f 1257/781/834 1256/734/790 1258/674/789
f 228/594/722 227/631/724 225/782/835
f 1587/702/755 1584/701/754 1588/598/792
f 1581/783/836 1583/703/756 1587/702/755
f 224/784/837 223/785/838 227/631/724
f 5428/740/839 5429/786/839 5390/636/839
f 1193/738/840 1189/787/840 1191/739/840
f 5391/788/841 5390/636/841 5429/786/841
f 226/789/842 222/790/842 219/791/842
f 5463/792/843 5390/636/843 5391/788/843
f 1576/793/844 1574/794/844 1573/795/844
f 219/791/845 221/796/845 218/797/845
f 5055/798/846 5053/799/846 5054/800/846
f 4484/496/847 4517/681/847 4510/801/847
f 220/802/848 217/803/848 218/797/848
f 5189/804/849 5191/805/849 5195/806/849
f 5358/706/759 5384/577/850 5436/607/760
f 4961/807/851 4932/808/851 4975/498/851
f 4975/498/852 4965/638/852 4961/807/852
f 4515/809/853 4517/810/853 4509/708/853
f 5189/804/854 5194/811/854 5191/805/854
f 5189/804/855 5192/812/855 5194/811/855
f 5194/811/856 5199/753/856 5191/805/856
f 5194/811/857 5192/812/857 5193/813/857
f 2093/308/577 2089/744/802 2088/814/858
f 5199/753/859 5194/811/859 5204/751/859
f 5397/709/766 5395/644/765 5384/577/860
f 5001/646/861 4961/807/861 4962/641/861
f 4085/815/862 4090/816/862 4088/817/862
f 5219/818/863 5222/819/863 5218/820/863
f 5222/819/864 5219/818/864 5220/821/864
f 2104/647/865 2093/308/866 2083/822/867
f 2108/823/868 2104/647/865 2083/822/867
f 4454/581/869 4455/613/870 4453/824/871
f 5372/684/872 5434/507/872 5423/825/872
f 5561/826/873 5563/827/873 5562/828/873
f 3966/614/874 3968/829/875 3962/510/876
f 4470/766/877 4455/613/877 4545/653/877
f 4470/766/878 4472/718/774 4475/685/773
f 3933/767/820 3937/830/879 3946/560/594
f 3937/830/880 3931/831/880 3946/560/880
f 687/584/881 688/719/882 703/832/883
f 703/832/884 691/722/884 687/584/884
f 1288/833/885 1290/834/885 1293/835/885
f 3296/836/886 3299/837/887 3295/838/888
f 830/774/889 834/773/889 829/839/889
f 1763/840/890 1760/659/890 1761/841/890
f 1762/842/891 1763/840/891 1761/841/891
f 904/429/892 905/688/892 903/729/892
f 1324/843/893 1322/844/893 1327/540/893
f 4115/845/894 4111/846/894 4118/847/894
f 4118/847/895 4109/848/895 4113/692/895
f 4665/849/896 4666/850/896 4658/733/896
f 4654/697/897 4656/698/897 4653/696/897
f 233/851/898 229/630/899 228/594/900
f 223/785/838 225/782/835 227/631/724
f 2635/852/901 2633/853/901 2634/854/901
f 5040/855/902 4941/856/902 4934/857/902
f 2634/854/903 2633/853/903 2632/858/903
f 4935/859/904 4934/857/904 4941/856/904
f 224/784/837 226/789/905 223/785/838
f 1570/860/906 1574/794/906 1575/861/906
f 1570/860/907 1573/795/907 1574/794/907
f 1573/795/908 1572/862/908 1577/863/908
f 1570/860/909 1572/862/910 1573/795/911
f 2846/864/912 2856/865/912 2843/866/912
f 5004/867/913 4966/868/913 4932/808/913
f 5357/707/761 5385/869/914 5358/706/759
f 1578/870/915 1572/862/910 1571/871/916
f 1578/870/917 1571/871/917 1590/872/917
f 5198/873/918 5196/874/918 5197/875/918
f 219/791/919 218/797/920 216/876/921
f 5198/873/922 5195/806/922 5196/874/922
f 5189/804/923 5195/806/924 5198/873/925
f 217/803/926 216/876/926 218/797/926
f 5189/804/927 5183/877/927 5192/812/927
f 5232/878/928 5230/879/928 5231/880/928
f 217/803/929 215/748/929 214/750/929
f 5192/812/930 5205/881/930 5193/813/930
f 4509/708/931 4469/642/932 4508/882/933
f 5194/811/934 5205/881/934 5204/751/934
f 4603/755/935 4602/754/935 4605/883/935
f 5204/751/936 5205/881/936 5201/884/936
f 5201/884/937 5205/881/937 5202/885/937
f 5177/886/938 5168/887/938 5169/888/938
f 5176/889/939 5177/886/939 5169/888/939
f 5177/886/940 5170/890/940 5168/887/940
f 4977/891/941 4976/892/942 5001/646/943
f 5405/893/944 5423/894/945 5432/895/946
f 5372/684/947 5423/825/947 5420/896/947
f 5000/897/948 4978/898/948 4977/891/948
f 4470/766/949 4453/824/871 4455/613/870
f 4453/824/950 4470/766/950 4459/899/950
f 1700/900/951 1702/768/951 1696/771/951
f 1699/770/824 1703/901/952 1696/771/822
f 1289/902/953 1290/834/953 1288/833/953
f 829/839/954 834/773/954 828/903/954
f 3295/838/888 3299/837/887 3298/904/955
f 834/773/956 835/905/956 832/906/956
f 200/776/957 199/588/659 204/687/740
f 905/688/743 915/568/742 906/907/958
f 915/568/601 918/570/603 906/907/959
f 31/908/960 37/909/961 34/626/962
f 1321/910/963 1320/541/963 1327/540/963
f 4111/846/964 4109/848/965 4118/847/966
f 1592/911/967 1587/702/755 1588/598/792
f 1974/912/968 1975/913/968 1973/914/968
f 2632/858/969 2633/853/969 2630/915/969
f 2629/916/970 2630/915/970 2631/917/970
f 2630/915/971 2628/918/971 2632/858/971
f 2629/916/972 2628/918/972 2630/915/972
f 2628/918/973 2629/916/973 2627/919/973
f 2627/919/974 2629/916/974 2626/920/974
f 226/789/975 219/791/976 223/785/977
f 2628/918/978 2636/921/978 2632/858/978
f 1575/861/979 1581/783/980 1570/860/981
f 5429/786/982 5398/922/982 5391/788/982
f 2626/920/983 2636/921/983 2628/918/983
f 5465/923/984 5467/924/984 5466/925/984
f 1571/871/916 1572/862/910 1570/860/909
f 5198/873/985 5197/875/985 5188/926/985
f 5190/927/986 5188/926/986 5184/928/986
f 5189/804/923 5198/873/925 5190/927/987
f 5184/928/988 5189/804/988 5190/927/988
f 4510/801/989 4562/929/989 4484/496/989
f 2847/930/990 2844/931/990 2843/866/990
f 2847/930/991 2855/932/991 2844/931/991
f 5227/933/992 5229/934/992 5228/935/992
f 4615/936/993 4614/937/993 4613/938/993
f 4960/939/994 4932/808/995 4961/807/996
f 217/803/997 214/750/997 216/876/997
f 5192/812/998 5207/940/998 5205/881/998
f 5205/881/999 5207/940/999 5202/885/999
f 4469/642/932 4534/941/1000 4508/882/933
f 214/750/1001 251/749/1001 249/758/1001
f 4090/816/1002 4085/815/1002 4081/942/1002
f 2088/814/858 2087/943/1003 2093/308/577
f 4085/815/1004 4082/944/1004 4081/942/1004
f 5219/818/1005 5218/820/1005 5217/945/1005
f 4084/946/1006 4075/947/1006 4082/944/1006
f 4462/948/1007 4463/710/1007 4454/581/1007
f 4462/948/1008 4453/824/1008 4542/949/1008
f 4454/581/1009 4453/824/1009 4462/948/1009
f 5423/894/1010 5451/950/1010 5432/895/1010
f 5177/886/1011 5167/951/1011 5170/890/1011
f 5420/896/1012 5405/893/1012 5409/763/1012
f 5413/716/1013 5409/763/1014 5406/952/1015
f 3966/614/874 3969/953/1016 3968/829/875
f 4475/685/1017 4476/954/1018 4471/955/1019
f 4475/685/1020 4471/955/1020 4470/766/1020
f 4459/899/1021 4470/766/1021 4457/956/1021
f 3931/831/1022 3936/957/1022 3948/958/1022
f 830/774/1023 829/839/1023 836/959/1023
f 3936/957/1024 3931/831/1024 3930/960/1024
f 1696/771/1025 1697/961/1025 1698/962/1025
f 1290/834/1026 1289/902/1026 1292/963/1026
f 3299/837/1027 3297/964/1027 3298/904/1027
f 834/773/1028 832/906/1028 828/903/1028
f 835/905/1029 833/965/1029 832/906/1029
f 201/966/1030 200/776/1030 204/687/1030
f 203/967/1031 200/776/1031 201/966/1031
f 977/968/1032 973/969/1032 979/970/1032
f 470/621/1033 475/726/1034 469/971/1035
f 469/971/1036 464/727/1036 470/621/1036
f 464/727/1037 469/971/1037 466/972/1037
f 478/973/1038 469/971/1035 475/726/1034
f 469/971/1039 478/973/1040 476/974/1041
f 1763/840/1042 1762/842/1042 1764/975/1042
f 1764/975/1043 1765/976/1043 1763/840/1043
f 1361/778/1044 1358/977/1044 1356/779/1044
f 2927/978/1045 2926/979/1045 2923/980/1045
f 1321/910/1046 1327/540/1046 1322/844/1046
f 4109/848/1047 4116/693/1047 4113/692/1047
f 752/981/1048 750/597/1048 751/677/1048
f 1243/982/1049 1242/983/1049 1244/984/1049
f 1587/702/1050 1580/985/1050 1581/783/1050
f 2318/986/1051 2312/987/1051 2322/988/1051
f 223/785/1052 242/989/1052 225/782/1052
f 4934/857/1053 4935/859/1053 4946/990/1053
f 4935/859/1054 4931/991/1054 4930/992/1054
f 5398/922/1055 5392/993/1055 5391/788/1055
f 219/791/976 239/994/1056 223/785/977
f 5385/995/1057 5391/788/1057 5392/993/1057
f 239/994/1058 219/791/919 216/876/921
f 5004/867/1059 4932/808/1060 4931/991/1061
f 4562/929/1062 4510/801/1062 4515/996/1062
f 5312/997/1063 5358/706/1063 5385/869/1063
f 4515/809/1064 4509/708/1065 4507/998/1066
f 5207/940/1067 5183/999/1067 5180/1000/1067
f 4960/939/994 4961/807/996 5001/646/1068
f 248/1001/1069 214/750/1069 249/758/1069
f 2086/1002/1070 2093/308/577 2087/943/1003
f 2086/1002/1071 2083/822/867 2093/308/866
f 5384/577/1072 5430/1003/1072 5397/709/1072
f 4082/944/1073 4075/947/1073 4078/1004/1073
f 4580/1005/1074 4579/1006/1074 4581/1007/1074
f 5451/950/1075 5461/1008/1075 5432/895/1075
f 5170/890/1076 5167/951/1076 5171/1009/1076
f 5167/951/1077 5209/1010/1077 5171/1009/1077
f 5405/893/944 5432/895/946 5409/763/1078
f 5214/1011/1079 5215/1012/1079 5216/1013/1079
f 4578/1014/1080 4579/1006/1080 4580/1005/1080
f 691/722/1081 703/832/1081 690/1015/1081
f 4987/1016/1082 4988/1017/1083 5000/1018/1082
f 4457/956/1084 4456/1019/1084 4459/899/1084
f 4456/1019/1085 4457/956/1085 4471/1020/1085
f 4477/1021/1086 4476/954/1086 4478/1022/1086
f 3969/953/1087 3966/614/1087 3973/1023/1087
f 4476/954/1088 4477/1021/1088 4479/1024/1088
f 4471/955/1019 4476/954/1018 4479/1024/1089
f 3966/614/1090 3967/1025/1090 3973/1023/1090
f 3921/1026/1091 3936/957/1091 3930/960/1091
f 1696/771/1092 1698/962/1092 1700/900/1092
f 206/1027/1093 200/776/1093 203/967/1093
f 977/968/1094 975/1028/1094 973/969/1094
f 978/1029/1095 975/1028/1095 977/968/1095
f 35/522/669 41/1030/1096 34/626/667
f 4109/848/1097 4114/1031/1098 4116/693/1099
f 10/667/712 14/1032/1100 16/668/713
f 228/594/900 234/1033/1101 233/851/898
f 1244/984/1102 1242/983/1102 1255/1034/1102
f 1234/1035/1103 1244/984/1103 1241/1036/1103
f 225/782/1104 242/989/1104 255/1037/1104
f 2319/1038/1105 2318/986/1105 2320/1039/1105
f 2318/986/1106 2321/1040/1106 2320/1039/1106
f 2319/1038/1107 2320/1039/1107 2312/1041/1107
f 4927/1042/1108 4946/990/1108 4935/859/1108
f 2317/1043/1109 2312/1041/1109 2320/1039/1109
f 3678/1044/1110 3680/1045/1110 3679/1046/1110
f 2317/1043/1111 2315/1047/1111 2316/1048/1111
f 4927/1042/1112 4935/859/1112 4930/992/1112
f 1570/860/981 1581/783/980 1569/1049/1113
f 2315/1047/1114 2317/1043/1114 2313/1050/1114
f 2314/1051/1115 2313/1050/1116 2317/1043/1117
f 5500/1052/1118 5501/1053/1118 5502/1054/1118
f 1579/1055/1119 1570/860/1120 1591/1056/1121
f 5188/926/1122 5186/1057/1122 5184/928/1122
f 4960/939/1123 4931/991/1061 4932/808/1060
f 214/750/1124 236/1058/1124 216/876/1124
f 5386/1059/1125 5384/577/850 5358/706/759
f 5396/1060/1126 5384/577/1126 5386/1059/1126
f 5180/1000/1127 5183/999/1127 5206/1061/1127
f 4508/882/1128 4507/998/1066 4509/708/1065
f 5207/1062/1129 5211/1063/1129 5179/1064/1129
f 250/1065/1130 248/1001/1130 249/758/1130
f 4081/942/1131 4082/944/1131 4080/1066/1131
f 5387/1067/1132 5430/1003/1133 5384/577/1134
f 4534/941/1135 4463/710/1135 4466/1068/1135
f 4964/1069/1136 5001/646/1136 4976/892/1136
f 4080/1066/1137 4082/944/1137 4078/1004/1137
f 4976/892/942 4977/891/941 4999/1070/1138
f 4977/891/941 4978/898/1139 4999/1070/1138
f 4075/947/1140 4083/1071/1140 4078/1004/1140
f 5208/1072/1141 5177/886/1141 5165/1073/1141
f 5209/1010/1142 5167/951/1142 5175/1074/1142
f 5167/951/1143 5177/886/1143 5208/1072/1143
f 688/719/882 689/1075/1144 703/832/883
f 4988/1017/1145 4986/1076/1145 5000/1018/1145
f 4467/1077/1146 4459/899/1146 4456/1019/1146
f 5432/895/1147 5408/1078/1147 5409/763/1147
f 5406/952/1015 5409/763/1014 5408/1078/1148
f 5167/951/1149 5172/1079/1149 5175/1074/1149
f 5406/952/1150 5408/1078/1150 5407/1080/1150
f 5174/1081/1151 5173/1082/1151 5172/1079/1151
f 5172/1079/1152 5173/1082/1152 5175/1074/1152
f 4456/1019/1153 4471/1020/1153 4550/1083/1153
f 204/687/1154 202/1084/1155 201/966/1156
f 1356/779/1157 1358/977/1157 1351/1085/1157
f 905/688/1158 906/907/1158 907/1086/1158
f 4109/848/965 4111/846/964 4110/1087/1159
f 1256/734/1160 1255/1034/1161 1242/983/1162
f 225/782/1163 237/1088/1163 228/594/1163
f 1580/985/1164 1569/1049/1164 1581/783/1164
f 1570/860/1120 1569/1049/1165 1591/1056/1121
f 4930/992/1166 4931/991/1167 5003/1089/1168
f 5187/1090/1169 5184/928/1169 5186/1057/1169
f 5184/928/1170 5187/1090/1170 5185/1091/1170
f 5184/928/1171 5206/1061/1171 5183/999/1171
f 4958/1092/1172 4931/991/1061 4960/939/1123
f 5472/1093/1173 5470/1094/1173 5471/1095/1173
f 5206/1061/1174 5181/1096/1174 5180/1000/1174
f 5396/1060/1175 5387/1067/1132 5384/577/1134
f 5179/1064/1176 5211/1063/1176 5182/1097/1176
f 5182/1097/1177 5211/1063/1177 5181/1096/1177
f 4081/942/1178 4080/1066/1178 4089/1098/1178
f 5177/886/1179 5179/1064/1180 5182/1097/1181
f 5311/1099/1182 5310/761/1182 5430/1003/1182
f 5182/1097/1181 5178/1100/1183 5177/886/1179
f 5308/1101/1184 5451/950/1184 5310/761/1184
f 4532/1102/1185 4463/710/1185 4462/948/1185
f 5178/1100/1186 5165/1073/1186 5177/886/1186
f 2103/1103/1187 2108/823/1187 2083/822/1187
f 4467/1077/1188 4465/1104/1188 4459/899/1188
f 690/1015/1189 703/832/1189 694/1105/1189
f 4074/1106/1190 4076/1107/1190 4083/1071/1190
f 1288/833/1191 1301/1108/1192 1287/1109/1193
f 3969/953/1194 3973/1023/1194 3970/1110/1194
f 975/1028/1195 972/1111/1196 973/969/1197
f 466/972/1198 469/971/1198 473/1112/1198
f 476/974/1041 473/1112/1199 469/971/1039
f 466/972/1200 473/1112/1200 467/1113/1200
f 1358/977/1201 1361/778/1201 1360/1114/1201
f 2824/1115/1202 2818/1116/1202 2817/1117/1202
f 2824/1115/1203 2819/1118/1203 2818/1116/1203
f 2930/1119/1204 2923/1120/1205 2924/1121/1206
f 2925/1122/1207 2923/1120/1207 2930/1119/1207
f 4655/1123/1208 4656/698/1209 4658/733/1210
f 1255/1034/1161 1256/734/1160 1257/781/1211
f 237/1088/1212 234/1033/1212 228/594/1212
f 237/1088/1213 225/782/1213 264/1124/1213
f 3642/1125/1214 3640/1126/1214 3641/1127/1214
f 5438/1128/1215 5318/1129/1215 5320/1130/1215
f 242/989/1216 223/785/1217 241/1131/1218
f 2317/1043/1117 2320/1039/1219 2314/1051/1115
f 364/1132/1220 372/1133/1220 373/1134/1220
f 4944/1135/1221 5003/1089/1168 4931/991/1167
f 373/1134/1222 372/1133/1222 374/1136/1222
f 257/1137/1223 216/876/1224 238/1138/1225
f 4945/1139/1226 4944/1135/1227 4931/991/1228
f 5185/1091/1229 5206/1061/1229 5184/928/1229
f 5385/869/1230 5313/1140/1230 5312/997/1230
f 238/1138/1225 216/876/1224 236/1058/1231
f 5211/1063/1232 5180/1000/1232 5181/1096/1232
f 4960/939/994 5001/646/1068 4964/1069/1233
f 4078/1004/1234 4079/1141/1234 4080/1066/1234
f 5042/1142/1235 5041/1143/1235 5044/1144/1235
f 4999/1070/1236 4979/1145/1237 4976/892/1238
f 4464/1146/1239 4463/710/1239 4532/1102/1239
f 4083/1071/1240 4076/1107/1240 4077/1147/1240
f 939/1148/1241 937/1149/1241 942/1150/1241
f 882/1151/1242 879/1152/1242 877/1153/1242
f 4458/1154/1243 4467/1077/1243 4456/1019/1243
f 3973/1023/1244 3972/1155/1244 3970/1110/1244
f 1287/1109/1245 1296/1156/1245 1288/833/1245
f 3735/1157/1246 3736/1158/1246 3737/1159/1246
f 3737/1159/1247 3734/1160/1247 3738/1161/1247
f 833/965/1248 837/1162/1248 832/906/1248
f 975/1028/1195 974/1163/1249 972/1111/1196
f 467/1113/1250 473/1112/1250 472/1164/1250
f 474/1165/1251 473/1112/1251 476/974/1251
f 1359/1166/1252 1355/1167/1252 1358/977/1252
f 1351/1085/1253 1358/977/1253 1355/1167/1253
f 908/1168/1254 907/1086/1254 906/907/1254
f 2925/1122/1255 2930/1119/1255 2928/1169/1255
f 34/626/962 33/1170/1256 31/908/960
f 41/1030/1257 33/1170/1258 34/626/1259
f 234/1033/1101 243/1171/1260 233/851/898
f 225/782/1261 255/1037/1261 264/1124/1261
f 247/1172/1262 235/1173/1262 223/785/1262
f 5504/1174/1263 5503/1175/1263 5505/1176/1263
f 247/1172/1264 223/785/1264 245/1177/1264
f 1568/1178/1265 1591/1056/1265 1569/1049/1265
f 223/785/1266 239/994/1266 245/1177/1266
f 4933/1179/1267 4930/992/1268 5003/1089/1269
f 5314/1180/1270 5415/1181/1270 5316/1182/1270
f 5313/1140/1271 5415/1181/1272 5314/1180/1273
f 4947/1183/1274 4945/1139/1226 4931/991/1228
f 4947/1183/1274 4931/991/1228 4958/1092/1275
f 214/750/1276 256/1184/1276 236/1058/1276
f 248/1001/1277 260/1185/1277 214/750/1277
f 2855/1186/1278 2848/1187/1278 2849/1188/1278
f 5014/1189/1279 4960/939/1279 4964/1069/1279
f 5041/1143/1280 5042/1142/1280 5043/1190/1280
f 388/1191/1281 387/1192/1281 369/1193/1281
f 2083/822/867 2086/1002/1071 2085/1194/1282
f 5308/1101/1283 5310/761/1284 5311/1099/1285
f 4071/1195/1286 4078/1004/1287 4087/1196/1288
f 4078/1004/1289 4083/1071/1289 4087/1196/1289
f 5461/1008/1290 5451/950/1290 5308/1101/1290
f 5178/1100/1291 5166/1197/1292 5165/1073/1293
f 5051/1198/1294 5050/1199/1294 5052/1200/1294
f 4586/1201/1295 4587/1202/1295 4588/1203/1295
f 4532/1102/1296 4465/1104/1296 4480/1204/1296
f 4467/1077/1297 4480/1204/1297 4465/1104/1297
f 4467/1077/1298 4460/1205/1298 4480/1204/1298
f 4992/1206/1299 5020/1207/1299 4986/1076/1299
f 4986/1076/1300 4988/1017/1300 4992/1206/1300
f 5433/1208/1301 5432/895/1301 5461/1008/1301
f 4984/1209/1302 4992/1206/1302 4988/1017/1302
f 939/1148/1303 936/1210/1303 937/1149/1303
f 1294/1211/1304 1287/1109/1193 1301/1108/1192
f 4988/1017/1305 4985/1212/1305 4984/1209/1305
f 4989/1213/1306 4984/1209/1306 4985/1212/1306
f 5021/1214/1307 4989/1213/1307 4985/1212/1307
f 1288/833/1308 1296/1156/1308 1289/902/1308
f 5028/1215/1309 5029/1216/1309 4993/1217/1309
f 3737/1159/1310 3736/1158/1310 3734/1160/1310
f 2274/1218/1311 2273/1219/1311 2275/1220/1311
f 2236/1221/1312 2243/1222/1312 2242/1223/1312
f 907/1086/1313 908/1168/1313 909/1224/1313
f 2818/1116/1314 2819/1118/1314 2820/1225/1314
f 38/1226/1315 41/1030/1096 35/522/669
f 38/1226/1316 42/1227/1316 41/1030/1316
f 4656/698/1317 4652/1228/1318 4653/696/1319
f 234/1033/1320 237/1088/1321 240/1229/1322
f 368/1230/1323 350/1231/1323 378/1232/1323
f 1234/1035/1324 1241/1036/1324 1233/1233/1324
f 1233/1233/1325 1247/1234/1325 1235/1235/1325
f 5438/1128/1326 5319/1236/1326 5318/1129/1326
f 241/1131/1218 223/785/1217 235/1173/1327
f 364/1132/1328 373/1134/1328 355/1237/1328
f 2057/1238/1329 2055/1239/1329 2056/1240/1329
f 254/1241/1330 257/1137/1330 246/1242/1330
f 257/1137/1331 238/1138/1331 246/1242/1331
f 5356/1243/1332 5312/997/1332 5313/1140/1332
f 260/1185/1333 256/1184/1333 214/750/1333
f 4508/882/1334 4466/1068/1334 4507/998/1334
f 2848/1187/1335 2850/1244/1335 2849/1188/1335
f 4466/1068/1336 4463/710/1337 4481/1245/1338
f 5421/1246/1339 5308/1101/1283 5311/1099/1285
f 5020/1207/1340 4979/1145/1237 4999/1070/1236
f 5412/1247/1341 5461/1008/1341 5308/1101/1341
f 694/1105/1342 703/832/1342 696/1248/1342
f 939/1148/1343 941/1249/1344 936/1210/1345
f 877/1153/1346 879/1152/1346 880/1250/1346
f 3971/1251/1347 3970/1110/1347 3972/1155/1347
f 3972/1155/1348 3976/1252/1348 3974/1253/1348
f 4993/1217/1349 5034/1254/1349 4991/1255/1349
f 4993/1217/1350 5029/1216/1350 5034/1254/1350
f 4995/1256/1351 5022/1257/1352 5034/1254/1353
f 5034/1254/1354 5027/1258/1354 4995/1256/1354
f 976/1259/1355 974/1163/1249 975/1028/1195
f 2273/1219/1356 2274/1218/1356 2272/1260/1356
f 824/1261/1357 825/1262/1357 820/1263/1357
f 2236/1221/1358 2238/1264/1358 2244/1265/1358
f 2237/1266/1359 2239/1267/1359 2238/1264/1359
f 822/1268/1360 802/1269/1361 814/1270/1362
f 2237/1266/1363 2233/1271/1364 2234/1272/1364
f 822/1268/1360 807/1273/1365 802/1269/1361
f 2234/1272/1366 2241/1274/1366 2245/1275/1366
f 2699/1276/1367 2700/1277/1367 2698/1278/1367
f 2698/1278/1368 2696/1279/1368 2699/1276/1368
f 908/1168/1369 910/1280/1369 909/1224/1369
f 4652/1228/1318 4671/1281/1370 4653/696/1319
f 4652/1228/1371 4656/698/1371 4655/1123/1371
f 363/1282/1372 365/1283/1373 359/1284/1374
f 359/1284/1374 365/1283/1373 361/1285/1375
f 355/1237/1376 352/1286/1377 354/1287/1378
f 5313/1140/1271 5314/1180/1273 5356/1243/1379
f 2072/1288/1380 2052/1289/1380 2070/1290/1380
f 5450/1291/1381 5305/1292/1381 5312/997/1381
f 5386/1059/1382 5312/997/1382 5396/1060/1382
f 377/1293/1383 384/1294/1383 367/1295/1383
f 4506/1296/1384 4507/998/1384 4466/1068/1384
f 2848/1187/1385 2851/1297/1385 2850/1244/1385
f 5421/1246/1386 5387/1067/1386 5396/1060/1386
f 369/1193/1387 387/1192/1387 386/1298/1387
f 4086/1299/1388 4078/1004/1388 4072/1300/1388
f 2085/1194/1282 2084/1301/1389 2083/822/867
f 4071/1195/1286 4072/1300/1390 4078/1004/1287
f 4464/1146/1391 4468/1302/1391 4463/710/1391
f 4087/1196/1392 4083/1071/1392 4077/1147/1392
f 5164/1303/1393 5165/1073/1293 5166/1197/1292
f 5492/1304/1394 5493/1305/1394 5494/1306/1395
f 5433/1208/1396 5412/1247/1396 5432/895/1396
f 4142/1307/1397 4144/1308/1398 4145/1309/1397
f 1300/1310/1399 1294/1211/1304 1302/1311/1400
f 5062/1312/1401 5060/1313/1401 5061/1314/1401
f 877/1153/1402 880/1250/1402 878/1315/1402
f 938/1316/1403 936/1210/1345 941/1249/1344
f 3971/1251/1404 3972/1155/1404 3974/1253/1404
f 3974/1253/1405 3976/1252/1405 3975/1317/1405
f 1291/1318/1406 1289/902/1406 1296/1156/1406
f 2235/1319/1407 2236/1221/1407 2242/1223/1407
f 825/1262/1408 817/1320/1409 820/1263/1410
f 821/1321/1411 817/1320/1409 825/1262/1408
f 2238/1264/1412 2236/1221/1413 2233/1271/1414
f 802/1269/1415 823/1322/1415 814/1270/1415
f 2233/1271/1414 2237/1266/1416 2238/1264/1412
f 1352/1323/1417 1351/1085/1417 1355/1167/1417
f 4109/848/1097 4106/1324/1418 4114/1031/1098
f 754/1325/1419 755/1326/1420 758/1327/1421
f 755/1326/1420 753/1328/1422 758/1327/1421
f 4688/1329/1423 4690/1330/1424 4689/1331/1425
f 1257/781/1211 1259/1332/1426 1255/1034/1161
f 361/1285/1375 357/1333/1427 359/1284/1374
f 1241/1036/1428 1244/984/1429 1251/1334/1430
f 1233/1233/1431 1241/1036/1431 1247/1234/1431
f 5319/1236/1432 5439/1335/1432 5318/1129/1432
f 5318/1129/1433 5439/1335/1433 5317/1336/1433
f 2055/1239/1434 2058/1337/1435 2053/1338/1436
f 376/1339/1437 351/1340/1437 375/1341/1437
f 5356/1243/1438 5450/1291/1438 5312/997/1438
f 5312/997/1439 5305/1292/1439 5396/1060/1439
f 4960/939/1440 5014/1189/1440 5037/1342/1440
f 4983/1343/1441 5014/1189/1442 4979/1145/1443
f 2084/1301/1444 2082/1344/1445 2083/822/1446
f 4468/1302/1447 4481/1245/1338 4463/710/1337
f 4468/1302/1448 4464/1146/1448 4523/1345/1448
f 4538/1346/1449 4523/1345/1449 4464/1146/1449
f 5020/1207/1450 4983/1343/1441 4979/1145/1443
f 5308/1101/1451 5441/1347/1451 5412/1247/1451
f 696/1248/1452 695/1348/1452 694/1105/1452
f 694/1105/1453 695/1348/1453 697/1349/1453
f 5432/895/1454 5412/1247/1454 5411/1350/1454
f 1294/1211/1304 1300/1310/1399 1287/1109/1193
f 4990/1351/1455 4991/1255/1455 4989/1352/1455
f 5033/1353/1456 4989/1352/1456 4991/1255/1456
f 5034/1254/1457 5022/1257/1457 4991/1255/1457
f 2272/1260/1458 2274/1218/1458 2271/1354/1458
f 2233/1271/1414 2236/1221/1413 2235/1319/1459
f 2241/1274/1460 2234/1272/1460 2227/1355/1460
f 2696/1279/1461 2698/1278/1461 2697/1356/1461
f 1355/1167/1462 1354/1357/1462 1352/1323/1462
f 2928/1169/1463 2930/1119/1463 2929/1358/1463
f 2822/1359/1464 2819/1118/1464 2821/1360/1464
f 4658/733/1465 4666/850/1466 4659/1361/1467
f 4655/1123/1208 4658/733/1210 4664/1362/1468
f 44/1363/1469 39/1364/1470 42/1227/1471
f 756/1365/1472 755/1326/1472 754/1325/1472
f 755/1326/1473 756/1365/1473 759/1366/1473
f 39/1364/1474 44/1363/1474 40/1367/1474
f 19/1368/1475 18/1369/1476 14/1032/1477
f 1244/984/1478 1255/1034/1478 1251/1334/1478
f 358/1370/1479 357/1333/1479 378/1232/1479
f 4929/1371/1480 4930/992/1480 4928/1372/1480
f 4928/1372/1481 4930/992/1268 4926/1373/1482
f 5317/1336/1483 5439/1335/1484 5316/1182/1485
f 4926/1373/1482 4930/992/1268 4933/1179/1267
f 5316/1182/1486 5315/1374/1486 5314/1180/1486
f 2055/1239/1487 2057/1238/1487 2058/1337/1487
f 2072/1288/1488 2055/1239/1434 2053/1338/1436
f 5017/1375/1489 4948/1376/1489 4947/1183/1489
f 5017/1375/1490 4947/1183/1490 4958/1092/1490
f 2070/1290/1491 2052/1289/1491 2067/1377/1491
f 2052/1289/1492 2071/1378/1492 2067/1377/1492
f 4481/1245/1493 4506/1296/1493 4466/1068/1493
f 2851/1297/1494 2848/1187/1494 2852/1379/1494
f 2082/1344/1445 2079/1380/1495 2083/822/1446
f 4539/1381/1496 4541/1382/1496 4538/1346/1496
f 5411/1350/1497 5412/1247/1497 5441/1347/1497
f 512/1383/1498 515/1384/1498 513/1385/1498
f 4992/1206/1499 4983/1343/1441 5020/1207/1450
f 2083/822/1500 2081/1386/1500 2080/1387/1500
f 4087/1196/1501 4077/1147/1501 4070/1388/1501
f 4143/1389/1502 4142/1307/1502 4145/1309/1502
f 2516/1390/1503 2511/1391/1503 2515/1392/1503
f 1298/1393/1504 1287/1109/1504 1300/1310/1504
f 5033/1353/1505 4991/1255/1505 5022/1257/1505
f 3734/1160/1506 3736/1158/1506 3732/1394/1506
f 819/1395/1507 820/1263/1508 818/1396/1509
f 816/1397/1510 820/1263/1510 817/1320/1510
f 815/1398/1511 817/1320/1511 802/1269/1511
f 817/1320/1512 823/1322/1512 802/1269/1512
f 804/1399/1513 809/1400/1513 807/1273/1513
f 2234/1272/1514 2233/1271/1514 2227/1355/1514
f 811/1401/1515 809/1400/1515 804/1399/1515
f 2227/1355/1516 2240/1402/1516 2241/1274/1516
f 2696/1279/1517 2695/1403/1517 2701/1404/1517
f 2697/1356/1518 2695/1403/1518 2696/1279/1518
f 2694/1405/1519 2701/1404/1519 2695/1403/1519
f 909/1224/1520 910/1280/1520 912/1406/1520
f 910/1280/1521 911/1407/1521 912/1406/1521
f 2820/1225/1522 2819/1118/1522 2822/1359/1522
f 33/1170/1258 41/1030/1257 53/1408/1523
f 4687/1409/1524 4688/1329/1423 4689/1331/1425
f 14/1032/1477 18/1369/1476 20/1410/1525
f 16/668/1526 14/1032/1527 9/1411/1528
f 359/1284/1529 357/1333/1529 358/1370/1529
f 378/1232/1530 350/1231/1530 349/1412/1530
f 371/1413/1531 352/1286/1531 348/1414/1531
f 1235/1235/1532 1247/1234/1532 1236/1415/1532
f 1239/1416/1533 1238/1417/1534 1236/1415/1535
f 2048/1418/1536 2051/1419/1537 2046/1420/1538
f 4945/1139/1226 4949/1421/1539 4944/1135/1227
f 351/1340/1540 376/1339/1540 377/1293/1540
f 5017/1375/1541 4945/1139/1541 4948/1376/1541
f 5495/1422/1542 5497/1423/1542 5496/1424/1542
f 367/1295/1543 369/1193/1544 386/1298/1545
f 2067/1377/1546 2068/1425/1546 2066/1426/1546
f 2066/1426/1547 2068/1425/1547 2062/1427/1547
f 2068/1425/1548 2063/1428/1548 2062/1427/1548
f 5307/1429/1549 5421/1246/1550 5305/1292/1551
f 5421/1246/1552 5307/1429/1552 5308/1101/1552
f 2848/1187/1553 2854/1430/1553 2852/1379/1553
f 2063/1428/1554 2064/1431/1554 2062/1427/1554
f 5309/1432/1555 5308/1101/1555 5307/1429/1555
f 3730/1433/1556 3727/1434/1556 3729/1435/1556
f 343/1436/1557 379/1437/1557 370/1438/1557
f 5716/1439/1558 5714/1440/1558 5713/1441/1558
f 3731/1442/1559 3730/1433/1559 3729/1435/1559
f 3520/1443/1560 3521/1444/1560 3523/1445/1560
f 4538/1346/1561 4559/1446/1561 4523/1345/1561
f 3520/1443/1562 3522/1447/1562 3521/1444/1562
f 2078/1448/1563 2075/1449/1564 2083/822/1565
f 5164/1303/1566 5166/1197/1566 5212/1450/1566
f 4070/1388/1567 4073/1451/1567 4087/1196/1567
f 3274/1452/1568 3272/1453/1568 3273/1454/1568
f 515/1384/1569 514/1455/1570 513/1385/1571
f 4146/1456/1572 4141/1457/1572 4142/1458/1572
f 878/1315/1573 880/1250/1573 881/1459/1573
f 4141/1457/1574 4146/1456/1574 4140/1460/1574
f 3736/1158/1575 3733/1461/1575 3732/1394/1575
f 2235/1319/1576 2224/1462/1576 2233/1271/1576
f 818/1396/1577 820/1263/1577 816/1397/1577
f 807/1273/1365 809/1400/1578 802/1269/1361
f 1354/1357/1579 1353/1463/1579 1352/1323/1579
f 4659/1361/1467 4667/1464/1580 4658/733/1465
f 4664/1362/1581 4658/733/1581 4667/1464/1581
f 42/1227/1471 39/1364/1470 41/1030/1582
f 757/1465/1583 759/1366/1584 756/1365/1585
f 4687/1409/1586 4689/1331/1586 4686/1466/1586
f 4768/1467/1587 4759/1468/1587 4748/1469/1587
f 14/1032/1527 20/1410/1588 9/1411/1528
f 1259/1332/1589 1251/1334/1589 1255/1034/1589
f 358/1370/1590 378/1232/1590 356/1470/1590
f 350/1231/1591 371/1413/1592 348/1414/1593
f 1237/1471/1594 1236/1415/1595 1247/1234/1596
f 1236/1415/1595 1240/1472/1597 1239/1416/1598
f 2046/1420/1538 2051/1419/1537 2047/1473/1599
f 4933/1179/1600 4944/1135/1600 4949/1421/1600
f 2047/1473/1601 2050/1474/1601 2046/1420/1601
f 351/1340/1602 377/1293/1602 345/1475/1602
f 2052/1289/1603 2072/1288/1603 2053/1338/1603
f 5498/1476/1604 5495/1422/1604 5496/1424/1604
f 5017/1375/1605 4958/1092/1605 5015/1477/1605
f 4958/1092/1606 5037/1342/1606 5015/1477/1606
f 2071/1378/1607 2068/1425/1607 2067/1377/1607
f 5014/1189/1442 4983/1343/1441 5037/1342/1608
f 366/1478/1609 367/1295/1543 386/1298/1545
f 2848/1187/1610 2853/1479/1610 2854/1430/1610
f 2916/1480/1611 2918/1481/1611 2917/1482/1611
f 2079/1380/1612 2078/1448/1563 2083/822/1565
f 5714/1440/1613 5716/1439/1613 5715/1483/1613
f 695/1348/1614 696/1248/1614 699/1484/1614
f 698/1485/1615 695/1348/1615 699/1484/1615
f 5212/1450/1616 5162/1486/1616 5164/1303/1616
f 507/1487/1617 512/1383/1617 513/1385/1617
f 4541/1382/1618 4539/1381/1618 4540/1488/1618
f 2081/1386/1619 2083/822/1619 2075/1449/1619
f 513/1385/1571 514/1455/1570 516/1489/1620
f 1287/1109/1621 1298/1393/1621 1296/1156/1621
f 4994/1490/1622 4998/1491/1622 5022/1257/1622
f 2769/1492/1623 2771/1493/1623 2772/1494/1623
f 4994/1490/1624 5022/1257/1352 4995/1256/1351
f 1607/1495/1625 1605/1496/1625 1601/1497/1625
f 816/1397/1626 817/1320/1626 815/1398/1626
f 811/1401/1627 800/1498/1627 809/1400/1627
f 2227/1355/1628 2230/1499/1628 2240/1402/1628
f 2695/1403/1629 2693/1500/1629 2694/1405/1629
f 2822/1359/1630 2821/1360/1630 2823/1501/1630
f 4105/1502/1631 4106/1324/1631 4109/848/1631
f 729/1503/1632 725/1504/1632 728/1505/1632
f 4686/1466/1633 4685/1506/1633 4687/1409/1633
f 4748/1469/1634 4746/1507/1634 4747/1508/1634
f 4759/1468/1635 4746/1507/1635 4748/1469/1635
f 359/1284/1636 358/1370/1636 360/1509/1636
f 349/1412/1637 356/1470/1637 378/1232/1637
f 5439/1335/1484 5355/1510/1638 5316/1182/1485
f 5315/1374/1639 5316/1182/1485 5355/1510/1638
f 4945/1139/1226 5017/1375/1640 4949/1421/1539
f 367/1295/1641 327/1511/1642 377/1293/1643
f 5015/1477/1644 5037/1342/1645 4983/1343/1646
f 2063/1428/1647 2065/1512/1647 2064/1431/1647
f 3728/1513/1648 3727/1434/1648 3730/1433/1648
f 334/1514/1649 379/1437/1649 343/1436/1649
f 4468/1302/1650 4556/1515/1650 4481/1245/1650
f 4481/1245/1651 4556/1515/1651 4558/1516/1651
f 857/1517/1652 858/1518/1652 855/1519/1652
f 858/1518/1653 852/1520/1653 855/1519/1653
f 5164/1303/1654 5162/1486/1654 5163/1521/1654
f 4992/1206/1655 4989/1352/1655 5012/1522/1655
f 1298/1393/1656 1295/1523/1656 1296/1156/1656
f 3197/1524/1657 3196/1525/1657 3199/1526/1657
f 1604/1527/1658 1601/1497/1658 1605/1496/1658
f 1602/1528/1659 1604/1527/1659 1606/1529/1659
f 4659/1361/1467 4670/1530/1660 4667/1464/1580
f 4758/1531/1661 4757/1532/1662 4746/1507/1663
f 726/1533/1664 728/1505/1664 725/1504/1664
f 4746/1507/1665 4767/1534/1665 4761/1535/1665
f 4761/1535/1666 4767/1534/1666 4760/1536/1666
f 4759/1468/1667 4767/1534/1667 4746/1507/1667
f 4766/1537/1668 4767/1534/1668 4759/1468/1668
f 9/1411/1669 20/1410/1669 15/1538/1669
f 359/1284/1670 360/1509/1670 362/1539/1670
f 1259/1332/1671 1252/1540/1672 1251/1334/1673
f 350/1231/1591 348/1414/1593 349/1412/1674
f 5439/1335/1675 5353/1541/1675 5355/1510/1675
f 352/1286/1377 355/1237/1376 347/1542/1676
f 1240/1472/1597 1236/1415/1595 1237/1471/1594
f 5526/1543/1677 5525/1544/1677 5524/1545/1677
f 355/1237/1678 351/1340/1678 347/1542/1678
f 5346/1546/1679 5345/1547/1679 5315/1374/1679
f 5345/1547/1680 5344/1548/1680 5315/1374/1680
f 4933/1179/1681 4949/1421/1682 5036/1549/1683
f 2049/1550/1684 2050/1474/1684 2047/1473/1684
f 5017/1375/1685 5010/1551/1686 4949/1421/1687
f 5495/1422/1688 5499/1552/1688 5497/1423/1688
f 5081/1553/1689 5082/1554/1689 5080/1555/1689
f 5016/1556/1690 5015/1477/1644 4983/1343/1646
f 5307/1429/1691 5305/1292/1692 5303/1557/1693
f 1061/1558/1694 1069/1559/1694 1067/1560/1694
f 2510/1561/1695 2509/1562/1695 2511/1391/1695
f 514/1455/1696 510/1563/1696 516/1489/1696
f 2509/1562/1697 2515/1392/1697 2511/1391/1697
f 5025/1564/1698 4989/1352/1698 5033/1353/1698
f 1298/1393/1699 1299/1565/1700 1297/1566/1701
f 2519/1567/1702 2520/1568/1703 2517/1569/1704
f 1298/1393/1699 1297/1566/1701 1295/1523/1705
f 2772/1494/1706 2770/1570/1706 2769/1492/1706
f 2772/1494/1707 2773/1571/1707 2770/1570/1707
f 2224/1462/1708 2219/1572/1709 2233/1271/1710
f 2221/1573/1711 2233/1271/1710 2219/1572/1709
f 2233/1271/1710 2221/1573/1711 2227/1355/1712
f 809/1400/1713 800/1498/1714 813/1574/1715
f 2227/1355/1716 2228/1575/1716 2230/1499/1716
f 2823/1501/1717 2825/1576/1717 2822/1359/1717
f 4119/1577/1718 4114/1031/1718 4117/1578/1718
f 1251/1334/1430 1247/1234/1719 1241/1036/1428
f 2591/1579/1720 2590/1580/1720 2589/1581/1720
f 1246/1582/1721 1237/1471/1722 1247/1234/1723
f 4926/1373/1482 4933/1179/1267 4974/1583/1724
f 4974/1583/1725 4933/1179/1725 5019/1584/1725
f 5355/1510/1726 5353/1541/1726 5346/1546/1726
f 5019/1584/1727 4933/1179/1727 5030/1585/1727
f 5346/1546/1728 5431/1586/1728 5345/1547/1728
f 1240/1472/1729 1263/1587/1730 1239/1416/1731
f 2414/1588/1732 2412/1589/1732 2413/1590/1732
f 5349/1591/1733 5350/1592/1733 5343/1593/1733
f 5349/1591/1734 5351/1594/1735 5350/1592/1736
f 5419/1595/1737 5351/1594/1735 5349/1591/1734
f 5018/1596/1738 5010/1551/1738 5017/1375/1738
f 2052/1289/1739 2060/1597/1739 2071/1378/1739
f 5450/1291/1740 5419/1595/1741 5305/1292/1742
f 327/1511/1743 385/1598/1743 377/1293/1743
f 1805/1599/1744 1803/1600/1744 1804/1601/1744
f 366/1478/1745 379/1437/1745 334/1514/1745
f 3727/1434/1746 3728/1513/1746 3726/1602/1746
f 856/1603/1747 852/1520/1747 858/1518/1747
f 1059/1604/1748 1058/1605/1748 1060/1606/1748
f 2076/1607/1749 2075/1449/1749 2078/1448/1749
f 507/1487/1750 513/1385/1750 511/1608/1750
f 513/1385/1751 509/1609/1752 511/1608/1753
f 5012/1522/1754 4983/1343/1754 4992/1206/1754
f 516/1489/1755 510/1563/1755 509/1609/1755
f 4989/1352/1756 5025/1564/1756 5012/1522/1756
f 5033/1610/1757 4998/1491/1757 4997/1611/1757
f 2232/1612/1758 2218/1613/1758 2224/1462/1758
f 2226/1614/1759 2227/1355/1760 2221/1573/1761
f 2229/1615/1762 2227/1355/1760 2226/1614/1759
f 2229/1615/1763 2228/1575/1763 2227/1355/1763
f 4106/1324/1418 4117/1578/1764 4114/1031/1098
f 759/1366/1584 757/1465/1583 760/1616/1765
f 4757/1532/1766 4769/1617/1766 4746/1507/1766
f 39/1364/1767 43/1618/1767 41/1030/1767
f 3182/1619/1768 3183/1620/1768 3185/1621/1768
f 726/1533/1769 725/1504/1769 723/1622/1769
f 725/1504/1770 724/1623/1770 723/1622/1770
f 4763/1624/1771 4760/1536/1771 4766/1625/1771
f 3182/1619/1772 3184/1626/1772 3183/1620/1772
f 4672/1627/1773 4685/1506/1773 4686/1466/1773
f 728/1505/1774 726/1533/1774 727/1628/1774
f 4772/1629/1775 4771/1630/1775 4770/1631/1775
f 4762/1632/1776 4765/1633/1776 4764/1634/1776
f 1254/1635/1777 1253/1636/1777 1259/1332/1777
f 1253/1636/1778 1252/1540/1672 1259/1332/1671
f 1264/1637/1779 1280/1638/1779 1277/1639/1779
f 5354/1640/1780 5321/1641/1780 5439/1335/1780
f 5439/1335/1781 5321/1641/1781 5353/1541/1781
f 347/1542/1782 346/1642/1782 352/1286/1782
f 5353/1541/1783 5431/1586/1783 5346/1546/1783
f 5030/1585/1784 4933/1179/1681 5036/1549/1683
f 351/1340/1785 345/1475/1785 347/1542/1785
f 5344/1548/1786 5345/1547/1786 5350/1643/1786
f 5010/1551/1686 4956/1644/1787 4949/1421/1687
f 5349/1591/1788 5343/1593/1788 5427/1645/1788
f 344/1646/1789 377/1293/1789 385/1598/1789
f 2071/1378/1790 2069/1647/1790 2068/1425/1790
f 2341/1648/1791 2336/1649/1791 2339/1650/1791
f 1067/1560/1792 1070/1651/1792 1062/1652/1792
f 1067/1560/1793 1063/1653/1793 1061/1558/1793
f 4481/1245/1794 4558/1516/1794 4483/1654/1794
f 2075/1449/1795 2076/1607/1795 2080/1655/1795
f 511/1608/1796 505/1656/1796 507/1487/1796
f 2510/1561/1797 2514/1657/1797 2509/1562/1797
f 509/1609/1752 510/1563/1798 511/1608/1753
f 2515/1392/1799 2509/1562/1799 2517/1569/1799
f 5263/1658/1800 5264/1659/1800 5266/1660/1800
f 2517/1569/1801 2508/1661/1801 2519/1567/1801
f 2508/1661/1802 2518/1662/1802 2519/1567/1802
f 3199/1526/1803 3196/1525/1803 3198/1663/1803
f 1599/1664/1804 1601/1497/1805 1600/1665/1806
f 802/1269/1807 809/1400/1808 801/1666/1809
f 813/1574/1810 800/1498/1810 803/1667/1810
f 4668/1668/1811 4686/1466/1811 4667/1464/1811
f 4668/1668/1812 4669/1669/1812 4686/1466/1812
f 3183/1620/1813 3165/1670/1813 3185/1621/1813
f 4686/1466/1814 4669/1669/1814 4672/1627/1814
f 4762/1671/1815 4763/1624/1815 4766/1625/1815
f 4746/1507/1816 4752/1672/1816 4747/1508/1816
f 4773/1673/1817 4772/1629/1817 4770/1631/1817
f 671/1674/1818 665/1675/1818 679/1676/1818
f 676/1677/1819 678/1678/1819 665/1675/1819
f 677/1679/1820 678/1678/1821 676/1677/1822
f 2208/1680/1823 2206/1681/1823 2207/1682/1823
f 2355/1683/1824 2357/1684/1824 2356/1685/1824
f 5610/1686/1825 5611/1687/1825 5612/1688/1825
f 718/1689/1826 715/1690/1826 709/1691/1826
f 1264/1637/1827 1277/1639/1827 1278/1692/1827
f 1251/1334/1673 1252/1540/1672 1247/1234/1828
f 1273/1693/1829 1276/1694/1830 1279/1695/1831
f 5327/1696/1832 5329/1697/1832 5328/1698/1832
f 4923/1699/1833 4921/1700/1833 4922/1701/1833
f 348/1414/1834 352/1286/1834 353/1702/1834
f 4974/1703/1835 4918/1704/1835 4923/1699/1835
f 5030/1585/1836 4918/1704/1836 4974/1703/1836
f 1248/1705/1837 1262/1706/1838 1263/1587/1839
f 2054/1707/1840 2059/1708/1840 2053/1338/1840
f 5036/1549/1841 4956/1644/1841 5005/1709/1841
f 2059/1708/1842 2052/1289/1842 2053/1338/1842
f 5010/1551/1843 5005/1709/1843 4956/1644/1843
f 377/1293/1844 344/1646/1844 345/1475/1844
f 5484/1710/1845 5485/1711/1845 5486/1712/1845
f 2060/1597/1846 2073/1713/1846 2071/1378/1846
f 5010/1551/1847 5018/1596/1847 5016/1714/1847
f 5016/1714/1848 5024/1715/1848 5010/1551/1848
f 5419/1595/1741 5304/1716/1849 5305/1292/1742
f 5305/1292/1692 5304/1716/1850 5303/1557/1693
f 4980/1717/1851 5024/1715/1851 4983/1343/1851
f 3075/1718/1852 3077/1719/1852 3078/1720/1852
f 1367/1721/1853 1363/1722/1853 1362/1723/1853
f 852/1520/1854 856/1603/1854 854/1724/1854
f 343/1436/1855 336/1725/1855 334/1514/1855
f 1059/1604/1856 1063/1653/1856 1058/1605/1856
f 1365/1726/1857 1363/1722/1857 1364/1727/1857
f 1660/1728/1858 1663/1729/1858 1662/1730/1858
f 1368/1731/1859 1365/1726/1859 1364/1727/1859
f 4482/1732/1860 4483/1654/1860 4558/1516/1860
f 2076/1607/1861 2077/1733/1861 2080/1655/1861
f 1338/1734/1862 1336/1735/1862 1340/1736/1862
f 1601/1497/1805 1604/1527/1863 1600/1665/1806
f 1602/1528/1864 1600/1665/1864 1604/1527/1864
f 54/1737/1865 53/1408/1866 41/1030/1867
f 4670/1530/1868 4668/1668/1868 4667/1464/1868
f 4769/1617/1869 4752/1672/1869 4746/1507/1869
f 2257/1738/1870 2253/1739/1870 2256/1740/1870
f 672/1741/1871 671/1674/1871 679/1676/1871
f 679/1676/1872 665/1675/1872 664/1742/1872
f 3195/1743/1873 3194/1744/1873 3190/1745/1873
f 3192/1746/1874 3195/1743/1874 3190/1745/1874
f 3190/1745/1875 3188/1747/1875 3192/1746/1875
f 676/1677/1822 675/1748/1876 677/1679/1820
f 3430/1749/1877 3429/1750/1877 3431/1751/1877
f 3192/1746/1878 3193/1752/1878 3195/1743/1878
f 1161/1753/1879 1160/1754/1879 1153/1755/1879
f 5614/1756/1880 5615/1757/1880 5612/1688/1880
f 5611/1687/1881 5614/1756/1881 5612/1688/1881
f 5611/1687/1882 5613/1758/1882 5614/1756/1882
f 718/1689/1883 710/1759/1883 715/1690/1883
f 1253/1636/1884 1264/1637/1884 1252/1540/1884
f 1264/1637/1885 1278/1692/1885 1252/1540/1885
f 1252/1540/1886 1278/1692/1886 1276/1694/1886
f 1252/1540/1887 1276/1694/1830 1273/1693/1829
f 1247/1234/1888 1252/1540/1888 1273/1693/1888
f 1273/1693/1889 1267/1760/1889 1247/1234/1889
f 1246/1582/1721 1247/1234/1723 1267/1760/1890
f 5352/1761/1891 5321/1641/1891 5354/1640/1891
f 352/1286/1892 346/1642/1892 353/1702/1892
f 1245/1762/1893 1240/1472/1894 1237/1471/1895
f 5431/1586/1896 5338/1763/1896 5345/1547/1896
f 5030/1585/1897 5036/1549/1897 5002/1764/1897
f 5340/1765/1898 5345/1547/1898 5338/1763/1898
f 4950/1766/1899 5002/1764/1899 5036/1549/1899
f 5071/1767/1900 5072/1768/1900 5073/1769/1900
f 5427/1645/1901 5343/1593/1901 5340/1765/1901
f 5419/1595/1902 5448/1770/1903 5304/1716/1904
f 5304/1716/1850 5306/1771/1905 5303/1557/1693
f 1365/1726/1906 1362/1723/1906 1363/1722/1906
f 1063/1653/1907 1059/1604/1907 1061/1558/1907
f 4980/1717/1908 4983/1343/1908 4981/1772/1908
f 4982/1773/1909 4981/1772/1910 4983/1343/1911
f 1662/1730/1912 1661/1774/1912 1660/1728/1912
f 1364/1727/1913 1366/1775/1913 1368/1731/1913
f 1337/1776/1914 1336/1735/1914 1338/1734/1914
f 505/1656/1915 511/1608/1915 506/1777/1915
f 5025/1778/1916 4997/1611/1916 4996/1779/1916
f 4997/1611/1917 4998/1491/1917 4996/1779/1917
f 2509/1562/1918 2508/1661/1918 2517/1569/1918
f 3199/1526/1919 3198/1663/1919 3200/1780/1919
f 2773/1571/1920 2774/1781/1920 2770/1570/1920
f 802/1269/1807 801/1666/1809 806/1782/1921
f 3466/1783/1922 3463/1784/1922 3462/1785/1922
f 2826/1786/1923 2825/1576/1923 2823/1501/1923
f 4106/1324/1418 4107/1787/1924 4117/1578/1764
f 4747/1508/1925 4752/1672/1925 4751/1788/1925
f 673/1789/1926 674/1790/1927 672/1741/1928
f 674/1790/1929 671/1674/1929 672/1741/1929
f 3459/1791/1930 3456/1792/1930 3458/1793/1930
f 789/1794/1931 793/1795/1932 792/1796/1933
f 665/1675/1934 666/1797/1935 664/1742/1936
f 665/1675/1937 678/1678/1937 666/1797/1937
f 2307/1798/1938 2308/1799/1938 2306/1800/1938
f 678/1678/1939 677/1679/1939 667/1801/1939
f 710/1759/1940 718/1689/1940 711/1802/1940
f 5328/1698/1941 5326/1803/1941 5327/1696/1941
f 4921/1700/1942 4923/1699/1943 4918/1704/1944
f 5352/1761/1945 5354/1640/1945 5447/1804/1945
f 1275/1805/1946 1274/1806/1946 1267/1760/1946
f 1246/1582/1721 1245/1762/1947 1237/1471/1722
f 4918/1704/1948 5030/1585/1948 5002/1764/1948
f 5321/1641/1949 5322/1807/1949 5431/1808/1949
f 5488/1809/1950 5487/1810/1950 5489/1811/1950
f 5340/1765/1951 5337/1812/1951 5427/1645/1951
f 5419/1595/1902 5427/1645/1952 5418/1813/1953
f 328/1814/1954 327/1511/1642 367/1295/1641
f 1062/1652/1955 1063/1653/1955 1067/1560/1955
f 1344/1815/1956 1342/1816/1956 1335/1817/1956
f 3076/1818/1957 3074/1819/1957 3075/1820/1957
f 1058/1605/1958 1056/1821/1958 1057/1822/1958
f 1335/1817/1959 1339/1823/1960 1338/1734/1961
f 1339/1823/1962 1335/1817/1963 1342/1816/1964
f 4982/1773/1909 4983/1343/1911 5012/1522/1965
f 1337/1776/1966 1338/1734/1961 1339/1823/1960
f 3595/1824/1967 3593/1825/1967 3562/1826/1967
f 511/1608/1968 508/1827/1968 506/1777/1968
f 2215/1828/1969 2224/1462/1708 2218/1613/1970
f 2224/1462/1708 2215/1828/1969 2219/1572/1709
f 2215/1828/1971 2214/1829/1971 2219/1572/1971
f 3462/1785/1972 3463/1784/1973 3461/1830/1974
f 803/1667/1975 812/1831/1975 813/1574/1975
f 4117/1578/1976 4107/1787/1976 4112/1832/1976
f 4769/1617/1977 4749/1833/1977 4752/1672/1977
f 2253/1739/1978 2255/1834/1978 2256/1740/1978
f 798/1835/1979 790/1836/1979 793/1795/1979
f 791/1837/1980 788/1838/1981 798/1835/1982
f 798/1835/1983 793/1795/1983 789/1794/1983
f 791/1837/1980 798/1835/1982 789/1794/1984
f 2621/1839/1985 2623/1840/1985 2622/1841/1985
f 4716/1842/1986 4728/1843/1986 4715/1844/1986
f 666/1797/1987 678/1678/1987 668/1845/1987
f 2306/1800/1988 2309/1846/1988 2307/1798/1988
f 3191/1847/1989 3188/1747/1989 3190/1745/1989
f 3191/1847/1990 3189/1848/1990 3188/1747/1990
f 1153/1755/1991 1147/1849/1991 1161/1753/1991
f 719/1850/1992 721/1851/1992 711/1802/1992
f 5617/1852/1993 5615/1757/1993 5614/1756/1993
f 5617/1852/1994 5614/1756/1994 5616/1853/1994
f 4919/1854/1995 4921/1700/1942 4918/1704/1944
f 1273/1693/1996 1275/1805/1996 1267/1760/1996
f 5352/1761/1997 5462/1855/1997 5321/1641/1997
f 1274/1806/1998 1271/1856/1998 1267/1760/1998
f 5462/1855/1999 5322/1807/1999 5321/1641/1999
f 5337/1812/2000 5338/1763/2001 5322/1807/2000
f 5338/1763/2002 5337/1812/2002 5340/1765/2002
f 5010/1551/2003 4950/1766/2003 5005/1709/2003
f 2333/1857/2004 2332/1858/2004 2331/1859/2004
f 5427/1645/1952 5337/1812/2005 5418/1813/1953
f 1272/1860/2006 1285/1861/2006 1268/1862/2006
f 5419/1595/1902 5418/1813/1953 5448/1770/1903
f 5011/1863/2007 5010/1551/2007 5024/1715/2007
f 334/1514/2008 367/1295/1543 366/1478/1609
f 1664/1864/2009 1669/1865/2009 1668/1866/2009
f 80/1867/2010 69/1868/2010 71/1869/2010
f 335/1870/2011 342/1871/2012 340/1872/2013
f 2513/1873/2014 2512/1874/2014 2509/1562/2014
f 2508/1661/2015 2509/1562/2015 2512/1874/2015
f 5263/1658/2016 5266/1660/2016 5253/1875/2016
f 5253/1875/2017 5266/1660/2017 5265/1876/2017
f 1600/1665/2018 1598/1877/2018 1599/1664/2018
f 3462/1785/1972 3461/1830/1974 3465/1878/2019
f 826/1879/2020 813/1574/2020 812/1831/2020
f 41/1030/1867 46/1880/2021 32/1881/2022
f 2248/1882/2023 2255/1834/2023 2253/1739/2023
f 2252/1883/2024 2248/1882/2024 2253/1739/2024
f 673/1789/1926 680/1884/2025 674/1790/1927
f 795/1885/2026 788/1838/2026 791/1837/2026
f 669/1886/2027 670/1887/2027 664/1742/2027
f 666/1797/1935 669/1886/2028 664/1742/1936
f 3179/1888/2029 3180/1889/2029 3173/1890/2029
f 4707/1891/2030 4715/1844/2030 4728/1843/2030
f 721/1851/2031 714/1892/2031 711/1802/2031
f 714/1892/2032 710/1759/2032 711/1802/2032
f 710/1759/2033 707/1893/2033 708/1894/2033
f 5326/1803/2034 5333/1895/2035 5327/1696/2036
f 5327/1696/2036 5331/1896/2037 5447/1804/2038
f 5331/1896/2039 5462/1855/2039 5447/1804/2039
f 1248/1705/2040 1263/1587/1730 1240/1472/1729
f 4950/1766/2041 5010/1551/2042 4955/1897/2043
f 2060/1597/2044 2061/1898/2044 2073/1713/2044
f 2343/1899/2045 2336/1649/2046 2335/1900/2047
f 2339/1650/2048 2336/1649/2048 2337/1901/2048
f 5074/1902/2049 5076/1903/2049 5075/1904/2049
f 1339/1823/1962 1342/1816/1964 1343/1905/2050
f 1066/1906/2051 1064/1907/2052 1063/1653/2053
f 336/1725/2054 335/1870/2054 339/1908/2054
f 1063/1653/2055 1064/1907/2055 1058/1605/2055
f 1064/1907/2056 1055/1909/2056 1058/1605/2056
f 1058/1605/2057 1055/1909/2057 1056/1821/2057
f 335/1870/2011 340/1872/2013 339/1908/2058
f 1339/1823/2059 1341/1910/2059 1337/1776/2059
f 3198/1663/2060 3201/1911/2060 3200/1780/2060
f 2218/1613/2061 2231/1912/2061 2215/1828/2061
f 2283/1913/2062 2282/1914/2063 2286/1915/2064
f 4752/1672/2065 4749/1833/2065 4750/1916/2065
f 2255/1834/2066 2248/1882/2066 2249/1917/2066
f 680/1884/2067 681/1918/2067 674/1790/2067
f 3134/1919/2068 3138/1920/2068 3136/1921/2068
f 799/1922/2069 788/1838/2069 795/1885/2069
f 3755/1923/2070 3760/1924/2070 3754/1925/2070
f 3756/1926/2071 3760/1924/2071 3755/1923/2071
f 3760/1924/2072 3759/1927/2072 3758/1928/2072
f 3757/1929/2073 3759/1927/2073 3760/1924/2073
f 3414/1930/2074 3416/1931/2074 3415/1932/2074
f 4727/1933/2075 4708/1934/2076 4728/1843/2077
f 4707/1891/2078 4728/1843/2077 4708/1934/2076
f 721/1851/2079 717/1935/2079 714/1892/2079
f 1151/1936/2080 1158/1937/2080 1153/1755/2080
f 710/1759/2081 706/1938/2081 707/1893/2081
f 5459/1939/2082 5326/1803/2082 5330/1940/2082
f 5326/1803/2083 5459/1939/2083 5333/1895/2083
f 4919/1854/2084 4918/1704/2084 4920/1941/2084
f 5331/1896/2037 5327/1696/2036 5333/1895/2035
f 1246/1582/2085 1267/1760/2086 1245/1762/1893
f 4918/1704/2087 5002/1764/2087 5039/1942/2087
f 1267/1760/2088 1271/1856/2088 1269/1943/2088
f 5322/1807/2089 5336/1944/2089 5337/1812/2089
f 5337/1812/2090 5336/1944/2090 5339/1945/2090
f 1249/1946/2091 1248/1705/2091 1260/1947/2091
f 2352/1948/2092 2333/1857/2092 2353/1949/2092
f 2476/1950/2093 2478/1951/2094 2475/1952/2095
f 328/1814/2096 367/1295/2096 329/1953/2096
f 3574/1954/2097 3573/1955/2098 3571/1956/2099
f 2343/1899/2100 2342/1957/2100 2336/1649/2100
f 2337/1901/2101 2336/1649/2101 2342/1957/2101
f 186/1958/2102 187/1959/2103 188/1960/2104
f 187/1959/2105 189/1961/2105 188/1960/2105
f 80/1867/2106 71/1869/2107 70/1962/2108
f 3561/1963/2109 3563/1964/2109 3562/1826/2109
f 180/1965/2110 184/1966/2110 185/1967/2110
f 2219/1572/2111 2220/1968/2111 2221/1573/2111
f 2220/1968/2112 2223/1969/2112 2221/1573/2112
f 54/1737/1865 41/1030/1867 32/1881/2022
f 4108/1970/2113 4112/1832/2113 4107/1787/2113
f 4750/1916/2114 4756/1971/2114 4752/1672/2114
f 2254/1972/2115 2248/1882/2115 2252/1883/2115
f 796/1973/2116 794/1974/2116 799/1922/2116
f 788/1838/2117 799/1922/2117 794/1974/2117
f 3134/1919/2118 3135/1975/2118 3138/1920/2118
f 3757/1929/2119 3760/1924/2119 3756/1926/2119
f 3180/1889/2120 3155/1976/2121 3175/1977/2122
f 3531/1978/2123 3528/1979/2123 3527/1980/2123
f 3176/1981/2124 3175/1977/2124 3155/1976/2124
f 3527/1980/2125 3528/1979/2125 3529/1982/2125
f 714/1892/2126 713/1983/2127 710/1759/2128
f 5023/1984/2129 4918/1704/2130 5013/1985/2131
f 5333/1895/2132 5332/1986/2132 5331/1896/2132
f 5462/1855/2133 5336/1944/2133 5322/1807/2133
f 5002/1764/2134 4950/1766/2134 4952/1987/2134
f 1269/1943/2135 1270/1988/2135 1240/1472/2135
f 4950/1766/2136 4955/1897/2136 4952/1987/2136
f 1248/1705/2137 1250/1989/2137 1260/1947/2137
f 2333/1857/2138 2334/1990/2138 2332/1858/2138
f 3573/1955/2098 3572/1991/2139 3571/1956/2099
f 2473/1992/2140 2475/1952/2140 2472/1993/2140
f 334/1514/2141 329/1953/2141 367/1295/2141
f 72/1994/2142 68/1995/2142 65/1996/2142
f 339/1908/2143 334/1514/2143 336/1725/2143
f 2471/1997/2144 2461/1998/2145 2474/1999/2146
f 3562/1826/2147 3593/1825/2148 3594/2000/2149
f 180/1965/2150 183/2001/2151 184/1966/2152
f 1438/2002/2153 1441/2003/2153 1440/2004/2153
f 801/1666/2154 805/2005/2154 806/1782/2154
f 1691/2006/2155 1688/2007/2155 1689/2008/2155
f 813/1574/1715 810/2009/2156 809/1400/1713
f 2221/1573/1761 2225/2010/2157 2226/1614/1759
f 32/1881/2158 46/1880/2158 50/2011/2158
f 4756/1971/2159 4750/1916/2159 4753/2012/2159
f 3161/2013/2160 3162/2014/2160 3165/1670/2160
f 682/2015/2161 681/1918/2161 680/1884/2161
f 2757/2016/2162 2759/2017/2162 2758/2018/2162
f 3451/2019/2163 3450/2020/2163 3445/2021/2163
f 4713/2022/2164 4729/2023/2164 4708/1934/2164
f 4729/2023/2165 4718/2024/2165 4708/1934/2165
f 4727/1933/2166 4713/2022/2166 4708/1934/2166
f 4725/2025/2167 4708/1934/2167 4718/2024/2167
f 4709/2026/2168 4708/1934/2168 4725/2025/2168
f 4710/2027/2169 4708/1934/2169 4709/2026/2169
f 1147/1849/2170 1153/1755/2170 1148/2028/2170
f 3528/1979/2171 3530/2029/2171 3529/1982/2171
f 1150/2030/2172 1148/2028/2173 1153/1755/2174
f 710/1759/2175 713/1983/2176 720/2031/2177
f 712/2032/2178 710/1759/2178 720/2031/2178
f 710/1759/2179 712/2032/2180 706/1938/2181
f 1220/2033/2182 1223/2034/2182 1225/2035/2182
f 5519/2036/2183 5518/2037/2183 5520/2038/2183
f 5332/2039/2184 5324/2040/2184 5462/1855/2184
f 5039/1942/2185 5002/1764/2186 4939/2041/2187
f 4939/2041/2187 5002/1764/2186 4940/2042/2188
f 5336/1944/2189 5348/2043/2189 5339/1945/2189
f 1267/1760/2086 1269/1943/2190 1240/1472/1894
f 1248/1705/2191 1240/1472/2191 1250/1989/2191
f 1250/1989/2192 1240/1472/2193 1270/1988/2194
f 1250/1989/2192 1270/1988/2194 1268/1862/2195
f 2352/1948/2196 2351/2044/2196 2333/1857/2196
f 1250/1989/2197 1281/2045/2197 1260/1947/2197
f 4951/2046/2198 4955/1897/2043 5010/1551/2042
f 5341/2047/2199 5417/2048/2200 5337/1812/2201
f 5417/2048/2202 5418/1813/2202 5337/1812/2202
f 3574/1954/2203 3571/1956/2204 3575/2049/2205
f 1284/2050/2206 1285/1861/2206 1286/2051/2206
f 2478/1951/2094 2472/1993/2207 2475/1952/2095
f 1665/2052/2208 1664/1864/2209 1668/1866/2210
f 3560/2053/2211 3571/1956/2212 3572/1991/2213
f 68/1995/2214 70/1962/2214 65/1996/2214
f 683/2054/2215 686/2055/2215 685/2056/2215
f 70/1962/2108 71/1869/2107 65/1996/2216
f 180/1965/2217 188/1960/2217 189/1961/2217
f 3202/2057/2218 3200/1780/2218 3201/1911/2218
f 1598/1877/2219 1600/1665/2219 1597/2058/2219
f 1616/2059/2220 1619/2060/2221 1622/2061/2222
f 3170/2062/2223 3172/2063/2223 3171/2064/2223
f 813/1574/2224 808/2065/2224 810/2009/2224
f 3171/2064/2225 3167/2066/2225 3166/2067/2225
f 4754/2068/2226 4756/1971/2226 4753/2012/2226
f 3460/2069/2227 3472/2070/2227 3500/2071/2227
f 3499/2072/2228 3500/2071/2228 3472/2070/2228
f 3133/2073/2229 3137/2074/2229 3134/1919/2229
f 3135/1975/2230 3134/1919/2230 3137/2074/2230
f 4730/2075/2231 4731/2076/2231 4729/2023/2231
f 2760/2077/2232 2759/2017/2232 2757/2016/2232
f 4729/2023/2233 4713/2022/2233 4730/2075/2233
f 4710/2027/2234 4709/2026/2235 4733/2078/2236
f 1147/1849/2237 1148/2028/2237 1156/2079/2237
f 5459/1939/2238 5325/2080/2239 5333/1895/2240
f 1550/2081/2241 1548/2082/2241 1549/2083/2241
f 5333/1895/2240 5325/2080/2239 5324/2040/2242
f 5013/1985/2131 4918/1704/2130 5039/1942/2243
f 1245/1762/1893 1267/1760/2086 1240/1472/1894
f 5348/2084/2244 5341/2047/2199 5337/1812/2201
f 4953/2085/2245 4952/1987/2245 4955/1897/2245
f 3577/2086/2246 3576/2087/2246 3575/2049/2246
f 2334/1990/2247 2333/1857/2247 2351/2044/2247
f 1250/1989/2248 1268/1862/2248 1285/1861/2248
f 1668/1866/2210 1667/2088/2249 1665/2052/2208
f 3560/2053/2211 3572/1991/2213 3561/1963/2250
f 2473/1992/2251 2472/1993/2252 2471/1997/2253
f 1064/1907/2254 1068/2089/2255 1055/1909/2256
f 5253/1875/2257 5265/1876/2257 5254/2090/2257
f 2215/1828/2258 2217/2091/2258 2214/1829/2258
f 2221/1573/2259 2223/1969/2259 2225/2010/2259
f 3464/2092/2260 3470/2093/2261 3463/1784/2262
f 3181/2094/2263 3162/2014/2264 3161/2013/2265
f 4908/2095/2266 4909/2096/2266 4910/2097/2266
f 3508/2098/2267 3457/2099/2267 3509/2100/2267
f 3446/2101/2268 3450/2020/2268 3451/2019/2268
f 3446/2101/2269 3451/2019/2269 3447/2102/2269
f 4718/2024/2270 4729/2023/2270 4732/2103/2270
f 4718/2024/2271 4717/2104/2271 4725/2025/2271
f 3180/1889/2120 3175/1977/2122 3174/2105/2272
f 4733/2078/2236 4712/2106/2273 4710/2027/2234
f 1149/2107/2274 1147/1849/2274 1156/2079/2274
f 4712/2106/2275 4711/2108/2275 4714/2109/2275
f 4710/2027/2276 4712/2106/2276 4714/2109/2276
f 2537/2110/2277 2535/2111/2278 2541/2112/2279
f 2540/2113/2280 2541/2112/2280 2535/2111/2280
f 1152/2114/2281 1153/1755/2174 1158/1937/2282
f 5023/1984/2283 5013/1985/2284 4916/2115/2285
f 5090/2116/2286 5087/2117/2286 5089/2118/2286
f 5462/1855/2287 5324/2040/2288 5335/2119/2289
f 1285/1861/2290 1282/2120/2290 1250/1989/2290
f 1282/2120/2291 1285/1861/2291 1284/2050/2291
f 2343/1899/2292 2334/1990/2293 2348/2121/2294
f 59/2122/2295 63/2123/2296 58/2124/2297
f 334/1514/2298 332/2125/2298 329/1953/2298
f 72/1994/2299 65/1996/2300 64/2126/2301
f 1066/1906/2051 1065/2127/2302 1064/1907/2052
f 3839/2128/2303 3841/2129/2303 3840/2130/2303
f 340/1872/2013 338/2131/2304 339/1908/2058
f 5258/2132/2305 5253/1875/2305 5254/2090/2305
f 1112/2133/2306 1117/2134/2307 1116/2135/2308
f 2216/2136/2309 2217/2091/2309 2215/1828/2309
f 2220/1968/2310 2222/2137/2310 2223/1969/2310
f 3169/2138/2311 3170/2062/2312 3171/2064/2313
f 2250/2139/2314 2251/2140/2314 2254/1972/2314
f 4753/2012/2315 4755/2141/2315 4754/2068/2315
f 2254/1972/2316 2251/2140/2316 2248/1882/2316
f 4908/2095/2317 4910/2097/2317 4907/2142/2317
f 3499/2072/2318 3508/2098/2318 3509/2100/2318
f 3161/2013/2319 3165/1670/2319 3183/1620/2319
f 2458/2143/2320 2460/2144/2320 2459/2145/2320
f 3447/2102/2321 3448/2146/2321 3446/2101/2321
f 4725/2147/2322 4724/2148/2322 4733/2149/2322
f 713/1983/2127 714/1892/2126 716/2150/2323
f 1220/2033/2324 1217/2151/2325 1219/2152/2326
f 5087/2117/2327 5088/2153/2328 5089/2118/2329
f 5462/1855/2287 5335/2119/2289 5336/1944/2330
f 5521/2154/2331 5522/2155/2331 5523/2156/2331
f 4954/2157/2332 4952/1987/2332 4953/2085/2332
f 2351/2044/2333 2344/2158/2334 2334/1990/2335
f 329/1953/2336 333/2159/2336 328/1814/2336
f 331/2160/2337 333/2159/2337 329/1953/2337
f 4235/2161/2338 4227/2162/2338 4254/2163/2338
f 3837/2164/2339 3843/2165/2339 3838/2166/2339
f 63/2123/2340 57/2167/2340 58/2124/2340
f 3561/1963/2341 3558/2168/2342 3560/2053/2343
f 3034/2169/2344 3049/2170/2345 3031/2171/2346
f 2471/1997/2253 2472/1993/2252 2461/1998/2347
f 3561/1963/2341 3562/1826/2348 3558/2168/2342
f 4224/2172/2349 4231/2173/2349 4233/2174/2349
f 5253/1875/2350 5258/2132/2350 5252/2175/2350
f 1619/2060/2221 1615/2176/2351 1622/2061/2222
f 4030/2177/2352 4029/2178/2352 4026/2179/2352
f 4161/2180/2353 4163/2181/2353 4162/2182/2353
f 3446/2101/2354 3448/2146/2354 3449/2183/2354
f 3161/2013/2355 3183/1620/2355 3173/1890/2355
f 4725/2025/2356 4717/2104/2356 4719/2184/2356
f 4726/2185/2357 4724/2148/2357 4725/2147/2357
f 3175/1977/2358 3177/2186/2358 3174/2105/2358
f 2651/2187/2359 2650/2188/2359 2649/2189/2359
f 2649/2189/2360 2650/2188/2360 2652/2190/2360
f 1156/2079/2361 1148/2028/2361 1154/2191/2361
f 1148/2028/2362 1159/2192/2362 1154/2191/2362
f 2537/2110/2277 2531/2193/2363 2535/2111/2278
f 1152/2114/2364 1159/2192/2364 1150/2030/2364
f 1150/2030/2172 1153/1755/2174 1152/2114/2281
f 714/1892/2365 722/2194/2365 716/2150/2365
f 1547/2195/2366 1549/2196/2366 1546/2197/2366
f 4916/2115/2285 5013/1985/2284 4937/2198/2367
f 4937/2198/2368 4939/2041/2368 4938/2199/2368
f 4939/2041/2369 4940/2042/2369 4938/2199/2369
f 5335/2200/2370 5342/2201/2370 5348/2084/2370
f 5094/2202/2371 5091/2203/2371 5092/2204/2371
f 5092/2204/2372 5093/2205/2372 5094/2202/2372
f 1282/2120/2373 1281/2045/2373 1250/1989/2373
f 330/2206/2374 328/1814/2374 333/2159/2374
f 2342/1957/2375 2343/1899/2292 2348/2121/2294
f 4227/2162/2376 4235/2161/2376 4226/2207/2376
f 2337/1901/2377 2342/1957/2377 2338/2208/2377
f 2340/2209/2378 2338/2208/2378 2342/1957/2378
f 4235/2161/2379 4231/2173/2379 4222/2210/2379
f 2588/2211/2380 2586/2212/2380 2587/2213/2380
f 183/2001/2151 180/1965/2150 181/2214/2381
f 1115/2215/2382 1114/2216/2383 1116/2135/2384
f 1116/2135/2308 1114/2216/2385 1112/2133/2306
f 3171/2064/2313 3166/2067/2386 3169/2138/2311
f 3463/1784/2262 3470/2093/2261 3461/1830/2387
f 3178/2217/2388 3164/2218/2389 3166/2067/2390
f 4026/2179/2391 4025/2219/2391 4027/2220/2391
f 2687/2221/2392 2688/2222/2392 2686/2223/2392
f 3633/2224/2393 3635/2225/2393 3634/2226/2393
f 4719/2184/2394 4722/2227/2395 4725/2025/2396
f 3173/1890/2397 3168/2228/2397 3161/2013/2397
f 3174/2105/2272 3168/2228/2398 3180/1889/2120
f 3168/2228/2399 3173/1890/2399 3180/1889/2399
f 604/2229/2400 614/2230/2400 611/2231/2400
f 2538/2232/2401 2540/2113/2401 2535/2111/2401
f 1159/2192/2402 1152/2114/2402 1154/2191/2402
f 1217/2151/2325 1220/2033/2324 1218/2233/2403
f 1218/2233/2404 1220/2033/2405 1225/2035/2406
f 5323/2234/2407 5324/2040/2242 5325/2080/2239
f 5324/2040/2408 5323/2234/2408 5335/2119/2408
f 5342/2201/2409 5341/2047/2409 5348/2084/2409
f 3579/2235/2410 3577/2086/2411 3575/2049/2205
f 3579/2235/2410 3575/2049/2205 3571/1956/2204
f 1283/2236/2412 1282/2120/2412 1284/2050/2412
f 2334/1990/2335 2344/2158/2334 2348/2121/2413
f 2349/2237/2414 2348/2121/2414 2347/2238/2414
f 4227/2162/2415 4255/2239/2415 4254/2163/2415
f 2349/2237/2416 2354/2240/2416 2348/2121/2416
f 4225/2241/2417 4226/2207/2417 4235/2161/2417
f 4235/2161/2418 4222/2210/2418 4225/2241/2418
f 3558/2168/2419 3562/1826/2147 3594/2000/2149
f 189/1961/2420 182/2242/2421 180/1965/2422
f 3169/2138/2423 3166/2067/2423 3164/2218/2423
f 3178/2217/2424 3181/2094/2424 3159/2243/2424
f 3472/2070/2425 3508/2098/2425 3499/2072/2425
f 4721/2244/2426 4717/2104/2426 4720/2245/2426
f 4719/2184/2427 4717/2104/2427 4721/2244/2427
f 4726/2185/2428 4722/2227/2428 4723/2246/2428
f 4724/2148/2429 4726/2185/2429 4723/2246/2429
f 604/2229/2430 608/2247/2431 614/2230/2432
f 1157/2248/2433 1156/2079/2433 1155/2249/2433
f 1156/2079/2434 1154/2191/2434 1155/2249/2434
f 2538/2232/2435 2535/2111/2435 2539/2250/2435
f 1227/2251/2436 1226/2252/2436 1225/2035/2436
f 4915/2253/2437 4916/2115/2437 4924/2254/2437
f 4936/2255/2438 4925/2256/2439 4916/2115/2440
f 4916/2115/2441 4937/2198/2441 4936/2255/2441
f 4936/2255/2442 4937/2198/2442 4938/2199/2442
f 4954/2157/2443 4953/2085/2443 4957/2257/2443
f 4957/2257/2444 4953/2085/2444 4959/2258/2444
f 3579/2235/2410 3571/1956/2204 3578/2259/2445
f 4253/2260/2446 4227/2162/2446 4226/2207/2446
f 2348/2121/2447 2354/2240/2447 2350/2261/2447
f 63/2123/2448 56/2262/2449 57/2167/2450
f 334/1514/2451 339/1908/2452 341/2263/2453
f 1373/2264/2454 1370/2265/2454 1369/2266/2454
f 4222/2210/2455 4231/2173/2456 4224/2172/2457
f 181/2214/2458 190/2267/2458 183/2001/2458
f 3203/2268/2459 3202/2057/2459 3201/1911/2459
f 4902/2269/2460 4905/2270/2460 4903/2271/2460
f 602/2272/2461 600/2273/2461 612/2274/2461
f 4722/2227/2395 4719/2184/2394 4723/2246/2462
f 1228/2275/2463 1232/2276/2463 1227/2251/2463
f 1227/2251/2464 1232/2276/2464 1226/2252/2464
f 5325/2080/2465 5457/2277/2465 5334/2278/2465
f 5325/2080/2466 5334/2278/2466 5323/2234/2466
f 3106/2279/2467 3118/2280/2467 3117/2281/2467
f 3117/2281/2468 3111/2282/2468 3106/2279/2468
f 4954/2157/2469 4957/2257/2469 4940/2283/2469
f 2479/2284/2470 2478/1951/2470 2477/2285/2470
f 3559/2286/2471 3579/2235/2471 3578/2259/2471
f 3053/2287/2472 3049/2170/2472 3072/2288/2472
f 332/2125/2473 334/1514/2451 341/2263/2453
f 1064/1907/2254 1054/2289/2474 1068/2089/2255
f 337/2290/2475 341/2263/2453 339/1908/2452
f 3031/2171/2346 3049/2170/2345 3032/2291/2476
f 2472/1993/2477 2469/2292/2477 2461/1998/2477
f 389/2293/2478 337/2290/2478 339/1908/2478
f 339/1908/2479 338/2131/2479 389/2293/2479
f 3028/2294/2480 3033/2295/2480 3032/2291/2480
f 3151/2296/2481 3153/2297/2481 3152/2298/2481
f 180/1965/2150 182/2242/2482 181/2214/2381
f 1689/2008/2483 1692/2299/2483 1691/2006/2483
f 3161/2013/2265 3159/2243/2484 3181/2094/2263
f 4904/2300/2485 4903/2271/2485 4912/2301/2485
f 4912/2301/2486 4903/2271/2486 4905/2270/2486
f 2375/2302/2487 2377/2303/2487 2378/2304/2487
f 2531/2193/2488 2536/2305/2489 2535/2111/2490
f 1221/2306/2491 1217/2151/2492 1218/2233/2493
f 4916/2115/2494 4917/2307/2494 4924/2254/2494
f 4917/2307/2495 4916/2115/2440 4925/2256/2439
f 2483/2308/2496 2490/2309/2496 2481/2310/2496
f 2481/2310/2497 2490/2309/2497 2482/2311/2497
f 2342/1957/2375 2348/2121/2294 2346/2312/2498
f 2346/2312/2498 2348/2121/2294 2350/2261/2499
f 63/2123/2500 61/2313/2501 56/2262/2502
f 2342/1957/2503 2346/2312/2503 2345/2314/2503
f 2345/2314/2504 2340/2209/2504 2342/1957/2504
f 189/1961/2420 191/2315/2505 182/2242/2421
f 3154/2316/2506 3151/2296/2506 3152/2298/2506
f 2282/1914/2063 2283/1913/2062 2285/2317/2507
f 3476/2318/2508 3460/2069/2509 3461/1830/2510
f 605/2319/2511 601/2320/2511 602/2272/2511
f 4834/2321/2512 4829/2322/2512 4828/2323/2512
f 604/2229/2430 606/2324/2513 608/2247/2431
f 4829/2322/2514 4841/2325/2514 4833/2326/2514
f 2565/2327/2515 2563/2328/2515 2564/2329/2515
f 1229/2330/2516 1232/2276/2516 1228/2275/2516
f 1225/2035/2406 1226/2252/2517 1218/2233/2404
f 2494/2331/2518 2493/2332/2518 2483/2308/2518
f 2490/2309/2519 2483/2308/2519 2493/2332/2519
f 3586/2333/2520 3579/2235/2520 3584/2334/2520
f 3578/2259/2521 3580/2335/2521 3559/2286/2521
f 3592/2336/2522 3559/2286/2522 3580/2335/2522
f 3044/2337/2523 3049/2170/2524 3053/2287/2525
f 1454/2338/2526 1445/2339/2526 1444/2340/2526
f 1054/2289/2527 1053/2341/2527 1068/2089/2527
f 67/2342/2528 64/2126/2301 65/1996/2300
f 4228/2343/2529 4224/2172/2529 4223/2344/2529
f 1112/2133/2306 1114/2216/2385 1111/2345/2530
f 1597/2058/2531 1600/1665/2531 1608/2346/2531
f 1111/2345/2532 1123/2347/2532 1113/2348/2532
f 2283/1913/2533 2284/2349/2533 2285/2317/2533
f 1608/2346/2534 1600/1665/2534 1615/2176/2534
f 2861/2350/2535 2864/2351/2535 2862/2352/2535
f 613/2353/2536 603/2354/2536 605/2319/2536
f 601/2320/2537 605/2319/2537 603/2354/2537
f 602/2272/2538 601/2320/2538 600/2273/2538
f 2652/2190/2539 2650/2188/2539 2653/2355/2539
f 2536/2305/2489 2534/2356/2540 2535/2111/2490
f 2535/2111/2541 2534/2356/2541 2533/2357/2541
f 4841/2358/2542 4854/2359/2542 4842/2360/2542
f 1821/2361/2543 1823/2362/2543 1822/2363/2543
f 2209/2364/2544 2213/2365/2544 2210/2366/2544
f 2211/2367/2545 2210/2366/2545 2213/2365/2545
f 2210/2366/2546 2211/2367/2546 2212/2368/2546
f 2482/2311/2547 2486/2369/2547 2479/2284/2547
f 2479/2284/2548 2484/2370/2548 2478/1951/2548
f 3579/2235/2549 3559/2286/2549 3584/2334/2549
f 3592/2336/2550 3558/2168/2550 3559/2286/2550
f 3071/2371/2551 3070/2372/2551 3044/2337/2551
f 1442/2373/2552 1454/2338/2552 1443/2374/2552
f 1897/2375/2553 1896/2376/2553 1895/2377/2553
f 3049/2170/2524 3028/2294/2554 3032/2291/2555
f 1597/2058/2556 1608/2346/2556 1596/2378/2556
f 3467/2379/2557 3470/2093/2557 3473/2380/2557
f 3460/2069/2558 3476/2318/2558 3472/2070/2558
f 4911/2381/2559 4912/2301/2559 4905/2270/2559
f 4834/2321/2560 4828/2323/2560 4846/2382/2560
f 600/2273/2561 599/2383/2561 604/2229/2561
f 599/2383/2562 607/2384/2562 604/2229/2562
f 4829/2322/2563 4833/2326/2563 4828/2323/2563
f 4845/2385/2564 4841/2358/2565 4859/2386/2566
f 608/2247/2431 606/2324/2513 609/2387/2567
f 2566/2388/2568 2564/2329/2568 2563/2328/2568
f 2564/2329/2569 2566/2388/2569 2567/2389/2569
f 3115/2390/2570 3106/2279/2571 3100/2391/2572
f 2493/2332/2573 2492/2392/2573 2490/2309/2573
f 3106/2279/2574 3111/2282/2574 3103/2393/2574
f 3103/2393/2575 3111/2282/2575 3112/2394/2575
f 4225/2241/2576 4237/2395/2576 4253/2396/2576
f 1897/2375/2577 1879/2397/2577 1898/2398/2577
f 3592/2336/2578 3560/2053/2578 3558/2168/2578
f 1900/2399/2579 1897/2375/2579 1898/2398/2579
f 1909/2400/2580 1911/2401/2580 1900/2399/2580
f 66/2402/2581 64/2126/2581 67/2342/2581
f 4224/2172/2457 4228/2343/2582 4222/2210/2455
f 5251/2403/2583 5252/2175/2584 5258/2132/2585
f 1619/2060/2586 1614/2404/2586 1613/2405/2586
f 3468/2406/2587 3467/2379/2587 3473/2380/2587
f 3161/2013/2588 3157/2407/2588 3159/2243/2588
f 3157/2407/2589 3161/2013/2590 3158/2408/2591
f 2377/2303/2592 2376/2409/2592 2378/2304/2592
f 769/2410/2593 764/2411/2593 770/2412/2593
f 604/2229/2594 607/2384/2594 606/2324/2594
f 4845/2385/2595 4862/2413/2595 4833/2326/2595
f 3434/2414/2596 3433/2415/2596 3432/2416/2596
f 3433/2415/2597 3434/2414/2597 3441/2417/2597
f 1226/2252/2598 1232/2276/2598 1230/2418/2598
f 1226/2252/2599 1224/2419/2599 1218/2233/2599
f 3115/2390/2600 3098/2420/2600 3099/2421/2600
f 3098/2420/2601 3115/2390/2570 3100/2391/2572
f 2495/2422/2602 2501/2423/2602 2492/2392/2602
f 3100/2391/2603 3106/2279/2603 3107/2424/2603
f 3107/2424/2604 3106/2279/2605 3104/2425/2606
f 2488/2426/2607 2482/2311/2608 2490/2309/2609
f 3104/2425/2606 3106/2279/2605 3103/2393/2610
f 2488/2426/2611 2486/2369/2611 2482/2311/2611
f 3584/2334/2612 3559/2286/2612 3585/2427/2612
f 1910/2428/2613 1900/2399/2613 1898/2398/2613
f 1879/2397/2614 1897/2375/2615 1890/2429/2616
f 1909/2400/2617 1900/2399/2617 1910/2428/2617
f 1890/2429/2616 1897/2375/2615 1891/2430/2618
f 1444/2340/2619 1459/2431/2619 1454/2338/2619
f 1370/2265/2620 1371/2432/2621 1372/2433/2622
f 1369/2266/2623 1370/2265/2620 1372/2433/2622
f 3044/2337/2523 3028/2294/2554 3049/2170/2524
f 1436/2434/2624 1440/2004/2624 1437/2435/2624
f 1110/2436/2625 1111/2345/2625 1114/2216/2625
f 1608/2346/2626 1615/2176/2351 1612/2437/2627
f 2860/2438/2628 2861/2350/2628 2862/2352/2628
f 4057/2439/2629 4056/2440/2629 4053/2441/2629
f 2376/2409/2630 2380/2442/2630 2378/2304/2630
f 4890/2443/2631 4891/2444/2632 4893/2445/2633
f 763/2446/2634 764/2411/2634 769/2410/2634
f 599/2383/2635 600/2273/2635 601/2320/2635
f 4853/2447/2636 4834/2321/2636 4846/2382/2636
f 4827/2448/2637 4828/2323/2637 4830/2449/2637
f 4830/2449/2638 4828/2323/2638 4833/2326/2638
f 783/2450/2639 772/2451/2640 765/2452/2641
f 4859/2386/2566 4841/2358/2565 4826/2453/2642
f 3437/2454/2643 3434/2414/2643 3432/2416/2643
f 1218/2233/2493 1222/2455/2644 1221/2306/2491
f 3097/2456/2645 3098/2420/2601 3100/2391/2572
f 2489/2457/2646 2488/2426/2607 2490/2309/2609
f 3103/2393/2647 3112/2394/2647 3105/2458/2647
f 3112/2394/2648 3102/2459/2648 3105/2458/2648
f 2486/2369/2649 2502/2460/2650 2479/2284/2651
f 2479/2284/2652 2503/2461/2652 2484/2370/2652
f 3112/2394/2653 3113/2462/2653 3110/2463/2653
f 3110/2463/2654 3113/2462/2655 3116/2464/2656
f 1913/2465/2657 1909/2400/2657 1910/2428/2657
f 4237/2395/2658 4225/2241/2658 4222/2210/2658
f 1915/2466/2659 1890/2429/2659 1891/2430/2659
f 1459/2431/2660 1456/2467/2660 1454/2338/2660
f 1897/2375/2661 1895/2377/2661 1891/2430/2661
f 1054/2289/2662 1052/2468/2662 1053/2341/2662
f 380/2469/2663 337/2290/2663 389/2293/2663
f 3257/2470/2664 3256/2471/2664 3258/2472/2664
f 1440/2004/2665 1436/2434/2665 1435/2473/2665
f 3028/2294/2666 3026/2474/2667 3030/2475/2668
f 3178/2217/2669 3159/2243/2669 3164/2218/2669
f 4055/2476/2670 4053/2441/2670 4056/2440/2670
f 3160/2477/2671 3158/2408/2591 3161/2013/2590
f 4835/2478/2672 4853/2447/2672 4846/2382/2672
f 4830/2449/2673 4833/2326/2673 4862/2413/2673
f 610/2479/2674 609/2387/2674 606/2324/2674
f 3432/2416/2675 3436/2480/2675 3438/2481/2675
f 4841/2358/2676 4843/2482/2676 4826/2453/2676
f 3432/2416/2677 3435/2483/2677 3437/2454/2677
f 4842/2360/2678 4843/2482/2678 4841/2358/2678
f 1226/2252/2679 1230/2418/2679 1231/2484/2679
f 2815/2485/2680 2816/2486/2680 2814/2487/2680
f 2898/2488/2681 2896/2489/2681 2895/2490/2681
f 3107/2424/2682 3104/2425/2682 3108/2491/2682
f 2479/2284/2651 2502/2460/2650 2503/2461/2683
f 3102/2459/2684 3112/2394/2684 3110/2463/2684
f 3116/2464/2656 3114/2492/2685 3110/2463/2654
f 1465/2493/2686 1467/2494/2686 1457/2495/2686
f 1839/2496/2687 1843/2497/2688 1840/2498/2689
f 1467/2494/2690 1465/2493/2690 1466/2499/2690
f 61/2313/2501 55/2500/2691 56/2262/2502
f 66/2402/2692 74/2501/2692 64/2126/2692
f 1449/2502/2693 1443/2374/2693 1454/2338/2693
f 3558/2168/2694 3594/2000/2695 3565/2503/2696
f 191/2315/2505 194/2504/2697 182/2242/2421
f 1305/2505/2698 1303/2506/2698 1304/2507/2698
f 1110/2436/2699 1123/2347/2699 1111/2345/2699
f 1692/2299/2700 1695/2508/2700 1691/2006/2700
f 1691/2006/2701 1690/2509/2701 1687/2510/2701
f 1619/2060/2221 1612/2437/2627 1615/2176/2351
f 3475/2511/2702 3476/2318/2702 3474/2512/2702
f 2862/2352/2703 2863/2513/2703 2860/2438/2703
f 4053/2441/2704 4055/2476/2704 4054/2514/2704
f 2726/2515/2705 2727/2516/2705 2728/2517/2705
f 2725/2518/2706 2727/2516/2706 2726/2515/2706
f 4893/2445/2633 4891/2444/2632 4895/2519/2707
f 762/2520/2708 763/2446/2708 769/2410/2708
f 4827/2448/2709 4837/2521/2709 4846/2522/2709
f 765/2452/2641 763/2446/2710 783/2450/2639
f 4862/2413/2711 4826/2453/2711 4830/2449/2711
f 3438/2481/2712 3435/2483/2712 3432/2416/2712
f 4843/2482/2713 4842/2360/2713 4840/2523/2713
f 4842/2360/2714 4839/2524/2714 4840/2523/2714
f 3993/2525/2715 3992/2526/2715 3987/2527/2715
f 1912/2528/2716 1898/2398/2717 1879/2397/2718
f 1901/2529/2719 1898/2398/2719 1912/2528/2719
f 2484/2370/2720 2472/1993/2207 2478/1951/2094
f 1890/2429/2616 1880/2530/2721 1879/2397/2614
f 3070/2372/2722 3013/2531/2722 3044/2337/2722
f 1456/2467/2723 1449/2502/2723 1454/2338/2723
f 380/2469/2724 383/2532/2724 381/2533/2724
f 380/2469/2725 389/2293/2725 383/2532/2725
f 1955/2534/2726 1952/2535/2726 1957/2536/2726
f 1957/2536/2727 1952/2535/2727 1956/2537/2727
f 1114/2216/2728 1122/2538/2728 1110/2436/2728
f 1603/2539/2729 1596/2378/2729 1608/2346/2729
f 1691/2006/2730 1695/2508/2731 1690/2509/2732
f 1687/2510/2733 1690/2509/2733 1686/2540/2733
f 1610/2541/2734 1619/2060/2735 1613/2405/2736
f 1686/2540/2737 1690/2509/2738 1685/2542/2739
f 3467/2379/2740 3461/1830/2387 3470/2093/2261
f 3461/1830/2510 3474/2512/2741 3476/2318/2508
f 402/2543/2742 390/2544/2742 398/2545/2742
f 391/2546/2743 401/2547/2743 397/2548/2743
f 3884/2549/2744 3885/2550/2744 3883/2551/2744
f 3886/2552/2745 3885/2550/2745 3884/2549/2745
f 4895/2519/2746 4892/2553/2746 4893/2445/2746
f 400/2554/2747 390/2544/2747 402/2543/2747
f 2380/2442/2748 2376/2409/2748 2379/2555/2748
f 2366/2556/2749 2364/2557/2749 2367/2558/2749
f 2364/2557/2750 2366/2556/2751 2365/2559/2750
f 762/2520/2752 761/2560/2752 766/2561/2752
f 763/2446/2753 762/2520/2754 766/2561/2755
f 778/2562/2756 763/2446/2753 766/2561/2755
f 4868/2563/2757 4867/2564/2757 4869/2565/2757
f 4830/2449/2758 4863/2566/2758 4827/2448/2758
f 763/2446/2759 778/2562/2759 783/2450/2759
f 783/2450/2760 778/2562/2760 774/2567/2760
f 783/2450/2761 774/2567/2762 780/2568/2763
f 3436/2480/2764 3439/2569/2764 3438/2481/2764
f 4830/2449/2765 4826/2453/2765 4838/2570/2765
f 4838/2570/2766 4826/2453/2766 4843/2482/2766
f 3328/2571/2767 3330/2572/2767 3329/2573/2767
f 860/2574/2768 876/2575/2768 864/2576/2768
f 3102/2459/2769 3109/2577/2769 3119/2578/2769
f 3110/2463/2770 3109/2577/2770 3102/2459/2770
f 1899/2579/2771 1875/2580/2771 1916/2581/2771
f 1912/2528/2772 1875/2580/2772 1899/2579/2772
f 1879/2397/2718 1875/2580/2773 1912/2528/2716
f 3326/2582/2774 3327/2583/2774 3325/2584/2774
f 956/2585/2775 951/2586/2775 950/2587/2775
f 194/2504/2776 196/2588/2776 182/2242/2776
f 3029/2589/2777 3027/2590/2777 3035/2591/2777
f 5246/2592/2778 5270/2593/2778 5248/2594/2778
f 3468/2406/2779 3471/2595/2779 3467/2379/2779
f 3461/1830/2387 3467/2379/2740 3474/2512/2780
f 400/2554/2781 397/2548/2781 390/2544/2781
f 4892/2553/2782 4894/2596/2782 4893/2445/2782
f 2364/2557/2783 2368/2597/2783 2367/2558/2783
f 766/2561/2784 761/2560/2784 767/2598/2784
f 4863/2566/2785 4830/2449/2785 4855/2599/2785
f 3438/2481/2786 3439/2569/2786 3440/2600/2786
f 4844/2601/2787 4838/2570/2787 4843/2482/2787
f 876/2575/2788 861/2602/2788 864/2576/2788
f 872/2603/2789 870/2604/2789 871/2605/2789
f 3994/2606/2790 3993/2525/2791 3986/2607/2792
f 3993/2525/2793 3987/2527/2794 3991/2608/2795
f 1916/2581/2796 1875/2580/2797 1865/2609/2798
f 1460/2610/2799 1464/2611/2799 1462/2612/2799
f 1875/2580/2797 1881/2613/2800 1882/2614/2801
f 1875/2580/2802 1877/2615/2802 1881/2613/2802
f 1464/2611/2803 1460/2610/2803 1455/2616/2803
f 1456/2467/2804 1465/2493/2805 1457/2495/2806
f 4236/2617/2807 4237/2395/2807 4222/2210/2807
f 55/2500/2808 62/2618/2808 56/2262/2808
f 74/2501/2809 66/2402/2809 77/2619/2809
f 2491/2620/2810 2469/2292/2811 2472/1993/2812
f 194/2504/2813 191/2315/2814 197/2621/2815
f 2491/2620/2816 2485/2622/2817 2469/2292/2818
f 381/2533/2819 383/2532/2819 382/2623/2819
f 3044/2337/2820 3026/2474/2667 3028/2294/2666
f 5258/2132/2821 5270/2624/2822 5247/2625/2823
f 3026/2474/2824 3027/2590/2825 3029/2589/2826
f 1108/2626/2827 1121/2627/2827 1110/2436/2827
f 1110/2436/2828 1121/2627/2828 1123/2347/2828
f 1613/2405/2829 1614/2404/2830 1627/2628/2831
f 3159/2243/2832 3163/2629/2832 3164/2218/2832
f 3156/2630/2833 3157/2407/2833 3158/2408/2833
f 3475/2511/2834 3474/2512/2835 3503/2631/2836
f 397/2548/2837 392/2632/2837 391/2546/2837
f 4897/2633/2838 4894/2596/2838 4892/2553/2838
f 400/2554/2839 394/2634/2839 397/2548/2839
f 2866/2635/2840 2859/2636/2840 2860/2438/2840
f 4894/2596/2841 4897/2633/2841 4896/2637/2841
f 761/2560/2842 768/2638/2842 767/2598/2842
f 4835/2478/2843 4846/2382/2843 4847/2639/2843
f 767/2598/2844 776/2640/2844 766/2561/2844
f 4866/2641/2845 4869/2565/2845 4867/2564/2845
f 771/2642/2846 766/2561/2846 776/2640/2846
f 787/2643/2847 766/2561/2847 771/2642/2847
f 4837/2644/2848 4863/2566/2848 4832/2645/2848
f 4855/2599/2849 4830/2449/2849 4831/2646/2849
f 4860/2647/2850 4830/2449/2850 4838/2570/2850
f 864/2576/2851 869/2648/2851 870/2604/2851
f 864/2576/2852 872/2603/2853 859/2649/2854
f 860/2574/2855 864/2576/2855 859/2649/2855
f 3985/2650/2856 3986/2607/2856 3989/2651/2856
f 3986/2607/2857 3988/2652/2857 3989/2651/2857
f 3986/2607/2858 3993/2525/2858 3988/2652/2858
f 3988/2652/2859 3993/2525/2793 3991/2608/2795
f 2034/2653/2860 2033/2654/2861 2040/2655/2862
f 3991/2608/2795 3987/2527/2794 3990/2656/2863
f 953/2657/2864 957/2658/2865 952/2659/2866
f 1462/2612/2867 1461/2660/2867 1460/2610/2867
f 1875/2580/2773 1879/2397/2718 1877/2615/2868
f 1879/2397/2614 1880/2530/2721 1877/2615/2869
f 2463/2661/2870 2472/1993/2871 2484/2370/2872
f 1880/2530/2721 1890/2429/2616 1894/2662/2873
f 5692/2663/2874 5675/2664/2874 5674/2665/2874
f 2027/2666/2875 2025/2667/2875 2028/2668/2875
f 2487/2669/2876 2491/2620/2810 2472/1993/2812
f 2026/2670/2877 2025/2667/2877 2027/2666/2877
f 1449/2502/2878 1448/2671/2878 1443/2374/2878
f 1107/2672/2879 1104/2673/2879 1102/2674/2879
f 1104/2673/2880 1107/2672/2880 1103/2675/2880
f 2480/2676/2881 2485/2622/2881 2491/2620/2881
f 196/2588/2882 194/2504/2882 195/2677/2882
f 5247/2625/2883 5270/2624/2883 5268/2678/2883
f 5294/2679/2884 5295/2680/2884 5296/2681/2884
f 5145/2682/2885 5122/2683/2885 5121/2684/2885
f 4228/2343/2886 4243/2685/2886 4259/2686/2886
f 2863/2513/2887 2865/2687/2887 2860/2438/2887
f 2860/2438/2888 2865/2687/2889 2866/2635/2890
f 392/2632/2891 397/2548/2892 394/2634/2893
f 392/2632/2894 395/2688/2894 393/2689/2894
f 776/2640/2895 767/2598/2895 777/2690/2895
f 4832/2645/2896 4855/2599/2896 4831/2646/2896
f 4049/2691/2897 4052/2692/2898 4051/2693/2899
f 868/2694/2900 875/2695/2900 869/2648/2900
f 864/2576/2901 868/2694/2901 869/2648/2901
f 870/2604/2902 872/2603/2853 864/2576/2852
f 2036/2696/2903 2038/2697/2904 2034/2653/2905
f 1861/2698/2906 1866/2699/2907 1886/2700/2908
f 1866/2699/2907 1865/2609/2909 1886/2700/2908
f 2034/2653/2905 2038/2697/2904 2033/2654/2910
f 2500/2701/2911 2463/2661/2911 2496/2702/2911
f 1865/2609/2798 1875/2580/2797 1883/2703/2912
f 2463/2661/2870 2484/2370/2872 2496/2702/2913
f 1916/2581/2914 1865/2609/2914 1873/2704/2914
f 952/2659/2915 951/2586/2915 956/2585/2915
f 1455/2616/2916 1460/2610/2917 1458/2705/2918
f 3016/2706/2919 3013/2531/2919 3014/2707/2919
f 4236/2617/2920 4222/2210/2921 4221/2708/2922
f 1914/2709/2923 1890/2429/2923 1915/2466/2923
f 74/2501/2924 78/2710/2925 73/2711/2926
f 74/2501/2924 77/2619/2927 78/2710/2925
f 62/2618/2928 60/2712/2928 56/2262/2928
f 1448/2671/2929 1463/2713/2930 1443/2374/2931
f 1463/2713/2930 1446/2714/2932 1443/2374/2931
f 197/2621/2815 192/2715/2933 194/2504/2813
f 3558/2168/2934 3565/2503/2934 3557/2716/2934
f 1435/2473/2935 1436/2434/2935 1439/2717/2935
f 1955/2534/2936 1958/2718/2936 1952/2535/2936
f 1952/2535/2937 1958/2718/2937 1954/2719/2937
f 1347/2720/2938 1349/2721/2939 1345/2722/2940
f 1347/2720/2938 1345/2722/2940 1348/2723/2941
f 1108/2626/2942 1110/2436/2943 1109/2724/2944
f 3027/2590/2945 3038/2725/2945 3037/2726/2945
f 1108/2626/2946 1120/2727/2946 1121/2627/2946
f 3406/2728/2947 3405/2729/2947 3404/2730/2947
f 4258/2731/2948 4284/2732/2948 4259/2686/2948
f 1610/2541/2734 1613/2405/2736 1621/2733/2949
f 1614/2404/2830 1617/2734/2950 1627/2628/2831
f 395/2688/2951 392/2632/2951 403/2735/2951
f 394/2634/2893 403/2735/2952 392/2632/2891
f 399/2736/2953 395/2688/2953 403/2735/2953
f 4848/2737/2954 4847/2639/2954 4846/2382/2954
f 396/2738/2955 395/2688/2955 399/2736/2955
f 4870/2739/2956 4869/2565/2956 4866/2641/2956
f 4870/2739/2957 4866/2641/2957 4871/2740/2957
f 4836/2741/2958 4832/2645/2958 4831/2646/2958
f 778/2562/2959 787/2643/2959 779/2742/2959
f 784/2743/2960 771/2642/2961 776/2640/2962
f 774/2567/2762 779/2742/2963 780/2568/2763
f 865/2744/2964 874/2745/2964 873/2746/2964
f 873/2746/2965 868/2694/2965 865/2744/2965
f 4052/2692/2898 4050/2747/2966 4051/2693/2899
f 864/2576/2967 861/2602/2967 862/2748/2967
f 2039/2749/2968 2036/2696/2968 2037/2750/2968
f 2039/2749/2969 2038/2697/2969 2036/2696/2969
f 2733/2751/2970 2732/2752/2970 2734/2753/2970
f 2423/2754/2971 2420/2755/2971 2422/2756/2971
f 958/2757/2972 955/2758/2972 959/2759/2972
f 957/2658/2973 955/2758/2973 958/2757/2973
f 2035/2760/2974 2033/2654/2975 2038/2697/2976
f 2032/2761/2977 2033/2654/2977 2035/2760/2977
f 1868/2762/2978 1865/2609/2978 1866/2699/2978
f 1865/2609/2979 1883/2703/2979 1886/2700/2979
f 2033/2654/2980 2032/2761/2980 2031/2763/2980
f 957/2658/2981 953/2657/2982 954/2764/2983
f 1873/2704/2984 1865/2609/2984 1874/2765/2984
f 2677/2766/2985 2678/2767/2985 2675/2768/2985
f 953/2657/2986 952/2659/2986 956/2585/2986
f 3012/2769/2987 3061/2770/2987 3016/2706/2987
f 1502/2771/2988 1501/2772/2988 1507/2773/2988
f 1457/2495/2989 1455/2616/2989 1453/2774/2989
f 1877/2615/2990 1880/2530/2990 1878/2775/2990
f 2463/2661/2991 2464/2776/2991 2472/1993/2991
f 1839/2496/2992 1842/2777/2992 1841/2778/2992
f 1841/2778/2993 1843/2497/2688 1839/2496/2687
f 3013/2531/2994 3039/2779/2994 3044/2337/2994
f 2465/2780/2995 2487/2669/2995 2472/1993/2995
f 1456/2467/2804 1457/2495/2806 1449/2502/2996
f 1102/2674/2997 1105/2781/2997 1107/2672/2997
f 2023/2782/2998 2025/2667/2998 2026/2670/2998
f 3039/2779/2999 3026/2474/3000 3044/2337/3001
f 3745/2783/3002 3744/2784/3002 3741/2785/3002
f 1463/2713/3003 1447/2786/3003 1446/2714/3003
f 77/2619/3004 66/2402/3004 75/2787/3004
f 4128/2788/3005 4130/2789/3005 4127/2790/3005
f 3026/2474/2824 3038/2725/3006 3027/2590/2825
f 5268/2678/3007 5246/2592/3007 5248/2594/3007
f 3406/2728/3008 3407/2791/3008 3405/2729/3008
f 1496/2792/3009 1497/2793/3009 1495/2794/3009
f 1495/2794/3010 1497/2793/3010 1493/2795/3010
f 3471/2595/3011 3469/2796/3011 3467/2379/3011
f 4812/2797/3012 4810/2798/3012 4809/2799/3012
f 4802/2800/3013 4804/2801/3013 4803/2802/3013
f 4810/2798/3014 4808/2803/3015 4809/2799/3016
f 4809/2799/3016 4808/2803/3015 4811/2804/3017
f 2865/2687/3018 2867/2805/3018 2868/2806/3018
f 2866/2635/2890 2865/2687/2889 2868/2806/3019
f 4644/2807/3020 4637/2808/3020 4638/2809/3020
f 4850/2810/3021 4847/2639/3021 4848/2737/3021
f 777/2690/3022 775/2811/3022 776/2640/3022
f 779/2742/3023 771/2642/3023 780/2568/3023
f 771/2642/3024 781/2812/3025 780/2568/3026
f 780/2568/3026 781/2812/3025 782/2813/3027
f 862/2748/3028 861/2602/3028 863/2814/3028
f 864/2576/3029 862/2748/3029 868/2694/3029
f 1856/2815/3030 1859/2816/3031 1861/2698/3032
f 1856/2815/3033 1861/2698/3034 1886/2700/3035
f 1863/2817/3036 1861/2698/3036 1862/2818/3036
f 3017/2819/3037 3010/2820/3038 3021/2821/3039
f 955/2758/3040 957/2658/2981 954/2764/2983
f 3011/2822/3041 3010/2820/3041 3015/2823/3041
f 1883/2703/3042 1884/2824/3042 1886/2700/3042
f 3061/2770/3043 3010/2820/3043 3011/2822/3043
f 1874/2765/3044 1865/2609/3044 1867/2825/3044
f 2463/2661/3045 2500/2701/3045 2462/2826/3045
f 3596/2827/3046 3589/2828/3047 3544/2829/3048
f 1875/2580/2797 1882/2614/2801 1883/2703/2912
f 2677/2766/3049 2680/2830/3049 2678/2767/3049
f 2677/2766/3050 2674/2831/3050 2680/2830/3050
f 3013/2531/3051 3016/2706/3051 3061/2770/3051
f 2464/2776/3052 2465/2780/3052 2472/1993/3052
f 1457/2495/3053 1453/2774/3053 1449/2502/3053
f 79/2832/3054 74/2501/2924 73/2711/2926
f 198/2833/3055 193/2834/3055 192/2715/3055
f 2487/2669/3056 2468/2835/3056 2491/2620/3056
f 3743/2836/3057 3741/2785/3057 3740/2837/3057
f 3741/2785/3058 3744/2784/3058 3740/2837/3058
f 1463/2713/3059 1468/2838/3059 1447/2786/3059
f 77/2619/3060 75/2787/3060 81/2839/3060
f 1119/2840/3061 1122/2538/3061 1118/2841/3061
f 1348/2723/3062 1345/2722/3062 1346/2842/3062
f 4129/2843/3063 4130/2789/3063 4128/2788/3063
f 128/2844/3064 127/2845/3064 120/2846/3064
f 5122/2683/3065 5123/2847/3065 5121/2684/3065
f 119/2848/3066 132/2849/3066 120/2846/3066
f 2934/2850/3067 2933/2851/3067 2931/2852/3067
f 1695/2508/2731 1693/2853/3068 1690/2509/2732
f 1612/2437/2627 1619/2060/2221 1610/2541/3069
f 1495/2794/3070 1493/2795/3070 1494/2854/3070
f 3467/2379/3071 3469/2796/3071 3477/2855/3071
f 4803/2802/3072 4805/2856/3073 4802/2800/3074
f 4800/2857/3075 4808/2803/3075 4788/2858/3075
f 4641/2859/3076 4638/2809/3076 4637/2808/3076
f 3503/2631/2836 3474/2512/2835 3502/2860/3077
f 4644/2807/3078 4649/2861/3078 4637/2808/3078
f 4851/2862/3079 4850/2810/3079 4849/2863/3079
f 4852/2864/3080 4851/2862/3080 4849/2863/3080
f 4849/2863/3081 4850/2810/3081 4848/2737/3081
f 2957/2865/3082 2955/2866/3082 2954/2867/3082
f 785/2868/3083 776/2640/3083 773/2869/3083
f 785/2868/3084 784/2743/2960 776/2640/2962
f 1970/2870/3085 1971/2871/3085 1972/2872/3085
f 862/2748/3086 865/2744/3086 868/2694/3086
f 2731/2873/3087 2732/2752/3087 2733/2751/3087
f 1856/2815/3033 1886/2700/3035 1885/2874/3088
f 1862/2818/3089 1861/2698/3089 1859/2816/3089
f 1884/2824/3090 1885/2874/3090 1886/2700/3090
f 959/2759/3091 955/2758/3092 948/2875/3093
f 1831/2876/3094 1837/2877/3094 1835/2878/3094
f 3015/2823/3095 3010/2820/3038 3017/2819/3037
f 1865/2609/3096 1868/2762/3096 1867/2825/3096
f 2462/2826/3097 2497/2879/3098 2463/2661/3099
f 2126/2880/3100 2124/2881/3100 2122/2882/3100
f 3544/2829/3101 3589/2828/3101 3582/2883/3101
f 2674/2831/3102 2679/2884/3102 2680/2830/3102
f 1498/2885/3103 1501/2772/3103 1502/2771/3103
f 3582/2883/3104 3559/2286/3104 3544/2829/3104
f 3544/2829/3105 3559/2286/3105 3558/2168/3105
f 4133/2886/3106 4135/2887/3107 4134/2888/3108
f 1173/2889/3109 1175/2890/3109 1171/2891/3109
f 4135/2887/3107 4138/2892/3110 4136/2893/3111
f 4134/2888/3108 4135/2887/3107 4136/2893/3111
f 3743/2836/3112 3739/2894/3112 3742/2895/3112
f 1173/2889/3113 1170/2896/3113 1175/2890/3113
f 3743/2836/3114 3740/2837/3114 3739/2894/3114
f 1170/2896/3115 1174/2897/3115 1175/2890/3115
f 4138/2892/3116 4137/2898/3116 4136/2893/3116
f 78/2710/3117 77/2619/3117 76/2899/3117
f 4139/2900/3118 4136/2893/3118 4137/2898/3118
f 5251/2403/2583 5258/2132/2585 5255/2901/3119
f 5247/2625/2823 5255/2901/3120 5258/2132/2821
f 130/2902/3121 128/2844/3121 129/2903/3121
f 130/2902/3122 127/2845/3122 128/2844/3122
f 5121/2684/3123 5123/2847/3123 5117/2904/3123
f 127/2845/3124 119/2848/3124 120/2846/3124
f 4228/2343/3125 4259/2686/3125 4284/2732/3125
f 5120/2905/3126 5121/2684/3127 5115/2906/3128
f 5120/2905/3126 5115/2906/3128 5143/2907/3129
f 4287/2908/3130 4289/2909/3130 4290/2910/3130
f 3469/2796/3131 3488/2911/3131 3477/2855/3131
f 4805/2856/3073 4806/2912/3132 4802/2800/3074
f 3484/2913/3133 3502/2860/3133 3474/2512/3133
f 4643/2914/3134 4639/2915/3135 4640/2916/3136
f 4857/2917/3137 4856/2918/3137 4858/2919/3137
f 785/2868/3138 773/2869/3138 786/2920/3138
f 784/2743/3139 785/2868/3139 781/2812/3139
f 1595/2921/3140 1594/2922/3140 1593/2923/3140
f 781/2812/3025 785/2868/3141 782/2813/3027
f 1862/2818/3142 1859/2816/3142 1864/2924/3142
f 1831/2876/3143 1830/2925/3144 1837/2877/3145
f 949/2926/3146 948/2875/3146 955/2758/3146
f 1471/2927/3147 1472/2928/3148 1469/2929/3149
f 4252/2930/3150 4244/2931/3150 4241/2932/3150
f 1470/2933/3151 1469/2929/3151 1472/2928/3151
f 2498/2934/3152 2497/2879/3098 2462/2826/3097
f 3600/2935/3153 3596/2827/3154 3564/2936/3155
f 2122/2882/3156 2123/2937/3156 2126/2880/3156
f 2679/2884/3157 2674/2831/3157 2676/2938/3157
f 1453/2774/3158 1455/2616/3158 1458/2705/3158
f 3013/2531/3159 3059/2939/3159 3039/2779/3159
f 5684/2940/3160 5666/2941/3160 5679/2942/3160
f 5666/2941/3161 5674/2665/3161 5676/2943/3161
f 2466/2944/3162 2487/2669/3162 2465/2780/3162
f 5674/2665/3163 5675/2664/3163 5680/2945/3163
f 1171/2891/3164 1172/2946/3164 1173/2889/3164
f 5677/2947/3165 5678/2948/3165 5675/2664/3165
f 1170/2896/3166 1176/2949/3166 1174/2897/3166
f 2023/2950/3167 2024/2951/3167 2021/2952/3167
f 2024/2951/3168 2022/2953/3168 2021/2952/3168
f 4222/2210/2921 4228/2343/3169 4221/2708/2922
f 1516/2954/3170 1515/2955/3170 1513/2956/3170
f 1118/2841/3171 1124/2957/3171 1119/2840/3171
f 1200/2958/3172 1197/2959/3172 1198/2960/3172
f 5247/2625/3173 5268/2678/3174 5244/2961/3175
f 5268/2678/3176 5248/2594/3176 5245/2962/3176
f 119/2848/3177 127/2845/3177 113/2963/3177
f 5121/2684/3127 5117/2904/3178 5115/2906/3128
f 1693/2853/3068 1678/2964/3179 1690/2509/2732
f 1685/2542/2739 1690/2509/2738 1683/2965/3180
f 1683/2965/3181 1681/2966/3181 1684/2967/3181
f 3477/2855/3182 3488/2911/3182 3478/2968/3182
f 4808/2803/3183 4796/2969/3183 4797/2970/3183
f 4788/2858/3184 4808/2803/3184 4786/2971/3184
f 3484/2913/3185 3501/2972/3185 3502/2860/3185
f 4643/2914/3186 4640/2916/3187 4649/2861/3187
f 1855/2973/3188 1859/2816/3031 1856/2815/3030
f 1855/2973/3189 1860/2974/3189 1859/2816/3189
f 947/2975/3190 944/2976/3190 959/2759/3190
f 947/2975/3191 959/2759/3091 948/2875/3093
f 3017/2819/3192 3021/2821/3192 3023/2977/3192
f 1868/2762/3193 1869/2978/3194 1867/2825/3195
f 3061/2770/3196 3059/2939/3196 3013/2531/3196
f 1498/2885/3197 1502/2771/3197 1499/2979/3197
f 1498/2885/3198 1499/2979/3198 1503/2980/3198
f 4250/2981/3199 4236/2617/3200 4234/2982/3201
f 4236/2617/3202 4221/2708/3202 4234/2982/3202
f 5666/2941/3203 5676/2943/3203 5687/2983/3203
f 2465/2780/3204 2467/2984/3204 2466/2944/3204
f 2280/2985/3205 2279/2986/3205 2281/2987/3205
f 1515/2955/3206 1516/2954/3206 1517/2988/3206
f 1170/2896/3207 1177/2989/3207 1176/2949/3207
f 1515/2955/3208 1512/2990/3208 1513/2956/3208
f 1958/2718/3209 1950/2991/3209 1954/2719/3209
f 5251/2403/3210 5255/2901/3210 5256/2992/3210
f 1200/2958/3211 1199/2993/3212 1197/2959/3213
f 1199/2993/3212 1200/2958/3211 1202/2994/3214
f 3026/2474/3215 3036/2995/3216 3038/2725/3217
f 1197/2959/3218 1199/2993/3218 1201/2996/3218
f 5268/2678/3219 5245/2962/3219 5276/2997/3219
f 4284/2732/3220 4229/2998/3221 4228/2343/3222
f 1618/2999/3223 1610/2541/3223 1621/2733/3223
f 1683/2965/3224 1690/2509/3224 1681/2966/3224
f 4285/3000/3225 4289/2909/3226 4287/2908/3227
f 3488/2911/3228 3479/3001/3229 3478/2968/3230
f 4797/2970/3231 4787/3002/3231 4808/2803/3231
f 4786/2971/3232 4808/2803/3232 4787/3002/3232
f 4637/2808/3233 4649/2861/3233 4647/3003/3233
f 4647/3003/3234 4649/2861/3234 4640/2916/3234
f 943/3004/3235 944/2976/3235 945/3005/3235
f 945/3005/3236 944/2976/3236 946/3006/3236
f 3021/2821/3237 3018/3007/3237 3023/2977/3237
f 1834/3008/3238 1831/2876/3238 1836/3009/3238
f 947/2975/3239 946/3006/3239 944/2976/3239
f 1471/2927/3147 1473/3010/3240 1472/2928/3148
f 1888/3011/3241 1887/3012/3241 1884/2824/3241
f 1792/3013/3242 1796/3014/3242 1801/3015/3242
f 1801/3015/3243 1796/3014/3243 1800/3016/3243
f 1872/3017/3244 1869/2978/3194 1868/2762/3193
f 3068/3018/3245 3067/3019/3246 3011/2822/3247
f 1883/2703/3248 1888/3011/3248 1884/2824/3248
f 2498/2934/3249 2499/3020/3249 2497/2879/3249
f 2130/3021/3250 2126/2880/3250 2123/2937/3250
f 3011/2822/3247 3067/3019/3246 3061/2770/3251
f 2463/2661/3099 2497/2879/3098 2470/3022/3252
f 5676/2943/3253 5674/2665/3253 5680/2945/3253
f 1453/2774/3254 1452/3023/3254 1449/2502/3254
f 3379/3024/3255 3381/3025/3255 3380/3026/3255
f 1515/2955/3256 1517/2988/3256 1514/3027/3256
f 2992/3028/3257 2998/3029/3257 2999/3030/3257
f 4221/2708/3258 4228/2343/3222 4229/2998/3221
f 3036/2995/3259 3026/2474/3000 3039/2779/2999
f 1950/2991/3260 1958/2718/3260 1953/3031/3260
f 1558/3032/3261 1560/3033/3262 1559/3034/3263
f 5244/2961/3264 5268/2678/3264 5276/2997/3264
f 496/3035/3265 500/3036/3266 503/3037/3267
f 4229/2998/3268 4284/2732/3268 4278/3038/3268
f 3038/2725/3217 3041/3039/3269 3046/3040/3270
f 2931/2852/3271 2933/2851/3271 2932/3041/3271
f 4284/2732/3272 4289/2909/3272 4278/3038/3272
f 5115/2906/3273 5112/3042/3273 5113/3043/3273
f 4285/3000/3274 4287/2908/3274 4286/3044/3274
f 3908/3045/3275 3905/3046/3275 3903/3047/3276
f 3480/3048/3277 3478/2968/3277 3481/3049/3277
f 4805/2856/3073 4792/3050/3278 4806/2912/3132
f 4792/3050/3279 4791/3051/3279 4806/2912/3279
f 4822/3052/3280 4821/3053/3280 4823/3054/3280
f 1853/3055/3281 1856/2815/3282 1854/3056/3283
f 1889/3057/3284 1856/2815/3284 1885/2874/3284
f 1474/3058/3285 1473/3010/3285 1471/2927/3285
f 563/3059/3286 573/3060/3286 558/3061/3286
f 1794/3062/3287 1801/3015/3287 1793/3063/3287
f 1792/3013/3288 1801/3015/3288 1794/3062/3288
f 1712/3064/3289 1713/3065/3289 1714/3066/3289
f 4244/2931/3290 4250/2981/3291 4245/3067/3292
f 575/3068/3293 572/3069/3293 569/3070/3293
f 569/3070/3294 572/3069/3294 570/3071/3294
f 2124/2881/3295 2126/2880/3295 2125/3072/3295
f 5688/3073/3296 5696/3074/3296 5690/3075/3296
f 2125/3072/3297 2129/3076/3298 2127/3077/3299
f 1499/2979/3300 1500/3078/3300 1503/2980/3300
f 1877/2615/3301 1878/2775/3301 1876/3079/3301
f 2156/3080/3302 2159/3081/3303 2160/3082/3304
f 1452/3023/3305 1450/3083/3306 1449/2502/3307
f 5680/3084/3308 5678/2948/3308 5697/3085/3308
f 5584/3086/3309 5585/3087/3309 5586/3088/3309
f 1449/2502/3310 1451/3089/3310 1448/2671/3310
f 2992/3028/3311 2996/3090/3311 2994/3091/3311
f 2119/3092/3312 2118/3093/3312 2120/3094/3312
f 992/3095/3313 989/3096/3313 987/3097/3313
f 5257/3098/3314 5256/2992/3314 5255/2901/3314
f 5259/3099/3315 5247/2625/3315 5250/3100/3315
f 5250/3100/3316 5247/2625/3173 5244/2961/3175
f 1556/3101/3317 1559/3034/3317 1560/3033/3317
f 496/3035/3318 503/3037/3318 502/3102/3318
f 116/3103/3319 112/3104/3320 127/2845/3321
f 127/2845/3322 112/3104/3322 113/2963/3322
f 4278/3038/3323 4289/2909/3323 4277/3105/3323
f 1527/3106/3324 1526/3107/3324 1531/3108/3324
f 3491/3109/3325 3488/2911/3325 3469/2796/3325
f 3478/2968/3230 3479/3001/3229 3481/3049/3326
f 1811/3110/3327 1810/3111/3327 1809/3112/3327
f 4648/3113/3328 4640/2916/3328 4645/3114/3328
f 4791/3051/3329 4798/3115/3329 4806/2912/3329
f 4794/3116/3330 4795/3117/3330 4782/3118/3330
f 4795/3117/3331 4783/3119/3331 4782/3118/3331
f 1906/3120/3332 1870/3121/3332 1845/3122/3332
f 1845/3122/3333 1853/3055/3333 1905/3123/3333
f 1905/3123/3334 1853/3055/3334 1902/3124/3334
f 1851/3125/3335 1853/3055/3336 1845/3122/3337
f 1853/3055/3338 1854/3056/3338 1902/3124/3338
f 1853/3055/3339 1855/2973/3339 1856/2815/3339
f 3019/3126/3340 3020/3127/3341 3018/3007/3342
f 3020/3127/3341 3024/3128/3343 3018/3007/3342
f 1856/2815/3344 1889/3057/3344 1892/3129/3344
f 3022/3130/3345 3023/2977/3345 3018/3007/3345
f 1794/3062/3346 1798/3131/3346 1795/3132/3346
f 1794/3062/3347 1795/3132/3347 1792/3013/3347
f 4260/3133/3348 4241/2932/3348 4247/3134/3348
f 4247/3134/3349 4241/2932/3349 4244/2931/3349
f 1711/3135/3350 1714/3066/3350 1713/3065/3350
f 4245/3067/3351 4250/2981/3199 4234/2982/3201
f 3073/3136/3352 3059/2939/3352 3067/3019/3352
f 3067/3019/3353 3059/2939/3353 3061/2770/3353
f 5710/3137/3354 5711/3138/3354 5709/3139/3354
f 5666/2941/3355 5687/2983/3356 5679/2942/3357
f 2176/3140/3358 2156/3080/3358 2163/3141/3358
f 5590/3142/3359 5585/3087/3359 5584/3086/3359
f 1922/3143/3360 1920/3144/3360 1918/3145/3360
f 2712/3146/3361 2713/3147/3361 2711/3148/3361
f 2994/3091/3362 2993/3149/3362 2992/3028/3362
f 2993/3149/3363 2998/3029/3363 2992/3028/3363
f 1126/3150/3364 1125/3151/3364 1118/3152/3364
f 2456/3153/3365 2455/3154/3365 2452/3155/3365
f 2455/3154/3366 2456/3153/3366 2457/3156/3366
f 989/3096/3367 986/3157/3367 987/3097/3367
f 4352/3158/3368 4350/3159/3368 4351/3160/3368
f 2118/3093/3369 2121/3161/3369 2120/3094/3369
f 5281/3162/3370 5276/2997/3370 5245/2962/3370
f 5249/3163/3371 5261/3164/3371 5245/2962/3371
f 5117/2904/3178 5116/3165/3372 5115/2906/3128
f 1693/2853/3373 1694/3166/3373 1678/2964/3373
f 1620/3167/3374 1612/2437/3375 1609/3168/3376
f 1612/2437/3377 1610/2541/3377 1609/3168/3377
f 1679/3169/3378 1681/2966/3379 1690/2509/3380
f 4277/3105/3381 4289/2909/3226 4285/3000/3225
f 1810/3111/3382 1808/3170/3383 1809/3112/3384
f 4648/3113/3385 4642/3171/3385 4640/2916/3385
f 4793/3172/3386 4794/3116/3386 4782/3118/3386
f 4786/2971/3387 4787/3002/3387 4793/3172/3387
f 4792/3050/3388 4790/3173/3388 4791/3051/3388
f 4793/3172/3389 4784/3174/3389 4786/2971/3389
f 1848/3175/3390 1845/3122/3390 1870/3121/3390
f 1906/3120/3391 1845/3122/3391 1907/3176/3391
f 1907/3176/3392 1845/3122/3392 1908/3177/3392
f 1903/3178/3393 1902/3124/3393 1854/3056/3393
f 1858/3179/3394 1853/3055/3394 1851/3125/3394
f 1853/3055/3395 1858/3179/3395 1855/2973/3395
f 1854/3056/3283 1856/2815/3282 1892/3129/3396
f 1833/3180/3397 1826/3181/3398 1834/3008/3399
f 563/3059/3400 559/3182/3401 576/3183/3402
f 1710/3184/3403 1709/3185/3403 1707/3186/3403
f 2130/3021/3404 2128/3187/3404 2126/2880/3404
f 577/3188/3405 575/3068/3405 569/3070/3405
f 5670/3189/3406 5690/3075/3406 5696/3074/3406
f 3544/2829/3407 3558/2168/3408 3545/3190/3409
f 5687/2983/3410 5680/3084/3410 5697/3085/3410
f 4181/3191/3411 4180/3192/3411 4179/3193/3411
f 4169/3194/3412 4166/3195/3412 4168/3196/3412
f 4179/3193/3413 4180/3192/3413 4178/3197/3413
f 2714/3198/3414 2715/3199/3414 2716/3200/3414
f 2716/3200/3415 2715/3199/3415 2712/3146/3415
f 2618/3201/3416 2617/3202/3416 2616/3203/3416
f 4166/3195/3417 4165/3204/3417 4168/3196/3417
f 2713/3147/3418 2712/3146/3418 2715/3199/3418
f 4165/3204/3419 4164/3205/3419 4168/3196/3419
f 3558/2168/3408 3557/2716/3420 3545/3190/3409
f 5293/3206/3421 5292/3207/3421 5291/3208/3421
f 1558/3032/3261 1557/3209/3422 1560/3033/3262
f 1557/3209/3423 1561/3210/3424 1560/3033/3425
f 5281/3162/3426 5245/2962/3426 5262/3211/3426
f 1624/3212/3427 1620/3167/3374 1609/3168/3376
f 3491/3109/3428 3493/3213/3428 3488/2911/3428
f 3488/2911/3429 3493/3213/3429 3489/3214/3429
f 2370/3215/3430 2374/3216/3430 2369/3217/3430
f 3481/3049/3431 3479/3001/3431 3486/3218/3431
f 4799/3219/3432 4791/3051/3432 4807/3220/3432
f 4647/3003/3433 4642/3171/3433 4646/3221/3433
f 4640/2916/3434 4642/3171/3434 4647/3003/3434
f 4807/3222/3435 4793/3172/3435 4782/3118/3435
f 4785/3223/3436 4793/3172/3436 4807/3222/3436
f 4801/3224/3437 4807/3220/3437 4790/3173/3437
f 4791/3051/3438 4790/3173/3438 4807/3220/3438
f 4784/3174/3439 4793/3172/3439 4785/3223/3439
f 4789/3225/3440 4801/3224/3440 4790/3173/3440
f 4801/3224/3441 4784/3174/3441 4785/3223/3441
f 4789/3225/3442 4784/3174/3442 4801/3224/3442
f 1845/3122/3443 1905/3123/3443 1908/3177/3443
f 1851/3125/3335 1845/3122/3337 1852/3226/3444
f 1854/3056/3445 1904/3227/3445 1903/3178/3445
f 571/3228/3446 574/3229/3447 567/3230/3448
f 1834/3008/3399 1826/3181/3398 1831/2876/3449
f 1648/3231/3450 1651/3232/3450 1652/3233/3450
f 1652/3233/3451 1642/3234/3452 1648/3231/3453
f 563/3059/3400 558/3061/3454 559/3182/3401
f 1648/3231/3453 1642/3234/3452 1646/3235/3455
f 4247/3134/3456 4244/2931/3456 4239/3236/3456
f 2150/3237/3457 2152/3238/3457 2164/3239/3457
f 4239/3236/3458 4244/2931/3290 4245/3067/3292
f 3568/3240/3459 3564/2936/3459 3567/3241/3459
f 3564/2936/3155 3596/2827/3154 3567/3241/3460
f 2125/3072/3297 2136/3242/3461 2129/3076/3298
f 5672/3243/3462 5679/2942/3462 5694/3244/3462
f 1503/2980/3463 1500/3078/3463 1504/3245/3463
f 2161/3246/3464 2156/3080/3465 2160/3082/3466
f 1920/3144/3467 1923/3247/3467 1918/3145/3467
f 2163/3141/3468 2169/3248/3469 2171/3249/3470
f 5697/3085/3471 5681/3250/3472 5665/3251/3473
f 2996/3090/3474 2995/3252/3475 2997/3253/3476
f 2169/3248/3477 2172/3254/3477 2171/3249/3477
f 2994/3091/3478 2996/3090/3474 2997/3253/3476
f 2713/3147/3479 2715/3199/3479 2717/3255/3479
f 5681/3250/3480 5683/3256/3480 5663/3257/3480
f 5683/3256/3481 5691/3258/3481 5695/3259/3481
f 3002/3260/3482 2998/3029/3482 2993/3149/3482
f 5244/2961/3483 5276/2997/3483 5243/3261/3483
f 4229/2998/3484 4278/3038/3484 4272/3262/3484
f 5262/3211/3485 5261/3263/3485 5281/3162/3485
f 1630/3264/3486 1620/3167/3486 1624/3212/3486
f 5139/3265/3487 5115/2906/3487 5116/3165/3487
f 5115/2906/3488 5139/3265/3488 5118/3266/3488
f 1610/2541/3489 1618/2999/3489 1625/3267/3489
f 1625/3267/3490 1618/2999/3490 1611/3268/3490
f 2294/3269/3491 2295/3270/3491 2297/3271/3491
f 3489/3214/3492 3492/3272/3492 3490/3273/3492
f 3486/3218/3493 3479/3001/3493 3487/3274/3493
f 1852/3226/3494 1845/3122/3494 1848/3175/3494
f 589/3275/3495 591/3276/3495 587/3277/3495
f 1827/3278/3496 1826/3181/3497 1832/3279/3498
f 1832/3279/3498 1826/3181/3497 1833/3180/3499
f 1892/3129/3500 1893/3280/3500 1854/3056/3500
f 1643/3281/3501 1651/3232/3501 1649/3282/3501
f 1708/3283/3502 1704/3284/3502 1709/3185/3502
f 567/3230/3503 576/3183/3503 559/3182/3503
f 1704/3284/3504 1707/3186/3505 1709/3185/3506
f 2167/3285/3507 2154/3286/3508 2164/3239/3509
f 1831/2876/3143 1838/3287/3510 1830/2925/3144
f 2150/3237/3511 2164/3239/3511 2155/3288/3511
f 3567/3241/3512 3596/2827/3046 3544/2829/3048
f 2155/3288/3513 2151/3289/3513 2150/3237/3513
f 2131/3290/3514 2130/3021/3514 2132/3291/3514
f 558/3061/3515 577/3188/3515 569/3070/3515
f 2151/3289/3516 2155/3288/3517 2149/3292/3518
f 2158/3293/3519 2161/3246/3520 2149/3292/3518
f 1504/3245/3521 1500/3078/3521 1510/3294/3521
f 5687/2983/3522 5697/3085/3522 5682/3295/3522
f 1920/3144/3523 1921/3296/3523 1923/3247/3523
f 1929/3297/3524 1928/3298/3524 1927/3299/3524
f 1928/3298/3525 1926/3300/3525 1927/3299/3525
f 3545/3190/3526 3557/2716/3526 3566/3301/3526
f 2145/3302/3527 2170/3303/3527 2144/3304/3527
f 1953/3031/3528 1951/3305/3528 1959/3306/3528
f 3597/3307/3529 3566/3301/3529 3598/3308/3529
f 1950/2991/3530 1953/3031/3530 1959/3306/3530
f 987/3097/3531 986/3157/3531 984/3309/3531
f 986/3157/3532 988/3310/3532 984/3309/3532
f 5260/3311/3533 5273/3312/3533 5279/3313/3533
f 4297/3314/3534 4298/3315/3534 4296/3316/3534
f 5244/2961/3535 5243/3261/3535 5277/3317/3535
f 502/3102/3536 504/3318/3536 496/3035/3536
f 5277/3317/3537 5276/2997/3537 5281/3162/3537
f 115/3319/3538 112/3104/3320 116/3103/3319
f 1624/3212/3539 1609/3168/3539 1629/3320/3539
f 5115/2906/3540 5118/3266/3540 5112/3042/3540
f 1527/3106/3541 1525/3321/3541 1526/3107/3541
f 3493/3213/3542 3492/3272/3542 3489/3214/3542
f 1808/3170/3543 1815/3322/3543 1812/3323/3543
f 1809/3112/3384 1808/3170/3383 1812/3323/3544
f 849/3324/3545 850/3325/3545 847/3326/3545
f 849/3324/3546 847/3326/3547 846/3327/3548
f 3481/3049/3549 3483/3328/3549 3482/3329/3549
f 1808/3170/3550 1806/3330/3550 1807/3331/3550
f 1844/3332/3551 1852/3226/3551 1848/3175/3551
f 1651/3232/3552 1648/3231/3552 1649/3282/3552
f 559/3182/3553 558/3061/3553 560/3333/3553
f 1648/3231/3554 1646/3235/3555 1655/3334/3556
f 3583/3335/3557 3603/3336/3557 3568/3240/3557
f 2164/3239/3509 2154/3286/3508 2155/3288/3558
f 4239/3236/3458 4245/3067/3292 4240/3337/3559
f 2125/3072/3560 2126/2880/3560 2128/3187/3560
f 2136/3242/3561 2125/3072/3561 2128/3187/3561
f 5694/3244/3562 5669/3338/3562 5696/3074/3562
f 5591/3339/3563 5577/3340/3563 5584/3086/3563
f 5584/3086/3564 5577/3340/3565 5590/3142/3566
f 5682/3295/3567 5697/3085/3567 5665/3251/3567
f 1921/3296/3568 1917/3341/3568 1923/3247/3568
f 5663/3257/3569 5665/3251/3473 5681/3250/3472
f 3545/3190/3570 3566/3301/3570 3597/3307/3570
f 2990/3342/3571 3002/3260/3572 2993/3149/3573
f 5683/3256/3574 5695/3259/3574 5663/3257/3574
f 136/3343/3575 131/3344/3575 141/3345/3575
f 5269/3346/3576 5244/2961/3576 5277/3317/3576
f 3038/2725/3217 3036/2995/3216 3041/3039/3269
f 497/3347/3577 496/3035/3577 504/3318/3577
f 3036/2995/3216 3063/3348/3578 3041/3039/3269
f 3703/3349/3579 3711/3350/3579 3710/3351/3579
f 3709/3352/3580 3715/3353/3580 3710/3351/3580
f 3701/3354/3581 3697/3355/3581 3699/3356/3581
f 3715/3353/3582 3706/3357/3582 3708/3358/3582
f 5139/3265/3583 5119/3359/3583 5118/3266/3583
f 1628/3360/3584 1609/3168/3584 1610/2541/3584
f 5150/3361/3585 5152/3362/3585 5151/3363/3585
f 1690/2509/3586 1678/2964/3586 1680/3364/3586
f 1623/3365/3587 1610/2541/3587 1625/3267/3587
f 2295/3270/3588 2296/3366/3588 2297/3271/3588
f 3904/3367/3589 3903/3047/3589 3905/3046/3589
f 2374/3216/3590 2373/3368/3590 2369/3217/3590
f 3907/3369/3591 3903/3047/3591 3906/3370/3591
f 3283/3371/3592 3287/3372/3592 3284/3373/3592
f 1815/3322/3593 1808/3170/3593 1814/3374/3593
f 1814/3374/3594 1808/3170/3594 1807/3331/3594
f 23/3375/3595 30/3376/3596 29/3377/3597
f 24/3378/3598 23/3375/3599 27/3379/3600
f 1826/3181/3497 1827/3278/3496 1828/3380/3601
f 568/3381/3602 566/3382/3602 587/3277/3602
f 568/3381/3603 571/3228/3604 566/3382/3605
f 1704/3284/3606 1708/3283/3606 1706/3383/3606
f 1649/3282/3607 1644/3384/3607 1643/3281/3607
f 1826/3181/3608 1838/3287/3510 1831/2876/3143
f 3567/3241/3609 3583/3335/3609 3568/3240/3609
f 560/3333/3610 558/3061/3610 565/3385/3610
f 2131/3290/3611 2128/3187/3611 2130/3021/3611
f 569/3070/3612 565/3385/3612 558/3061/3612
f 2161/3246/3613 2158/3293/3614 2156/3080/3615
f 5667/3386/3616 5679/2942/3357 5687/2983/3356
f 5577/3340/3617 5591/3339/3618 5578/3387/3619
f 5682/3295/3620 5693/3388/3620 5687/2983/3620
f 2163/3141/3468 2165/3389/3621 2169/3248/3469
f 4221/2708/3258 4229/2998/3221 4272/3262/3622
f 2144/3304/3623 2170/3303/3623 2146/3390/3623
f 98/3391/3624 136/3343/3625 141/3345/3626
f 2455/3154/3627 2453/3392/3627 2452/3155/3627
f 5273/3312/3628 5260/3311/3628 5271/3393/3628
f 5260/3311/3629 5244/2961/3629 5271/3393/3629
f 5271/3393/3630 5244/2961/3630 5269/3346/3630
f 1563/3394/3631 1561/3210/3631 1562/3395/3631
f 1561/3210/3424 1563/3394/3632 1560/3033/3425
f 5277/3317/3633 5281/3162/3633 5280/3396/3633
f 3707/3397/3634 3703/3349/3635 3700/3398/3636
f 3710/3351/3637 3715/3353/3637 3703/3349/3637
f 1610/2541/3638 1623/3365/3638 1626/3399/3638
f 1787/3400/3639 1788/3401/3639 1791/3402/3639
f 1787/3400/3640 1791/3402/3640 1789/3403/3640
f 4278/3038/3641 4277/3105/3642 4271/3404/3643
f 1526/3107/3644 1525/3321/3644 1532/3405/3644
f 1384/3406/3645 1386/3407/3645 1387/3408/3645
f 848/3409/3646 846/3327/3548 847/3326/3547
f 1813/3410/3647 1815/3322/3647 1814/3374/3647
f 2329/3411/3648 2327/3412/3648 2328/3413/3648
f 1844/3332/3649 1848/3175/3649 1847/3414/3649
f 1086/3415/3650 1085/3416/3650 1084/3417/3650
f 1085/3416/3651 1086/3415/3652 1099/3418/3653
f 1828/3380/3654 1829/3419/3654 1826/3181/3654
f 2153/3420/3655 2155/3288/3655 2154/3286/3655
f 5670/3189/3656 5696/3074/3656 5669/3338/3656
f 3059/2939/3657 3050/3421/3658 3039/2779/2999
f 2169/3248/3659 2174/3422/3659 2170/3303/3659
f 3545/3190/3660 3597/3307/3661 3599/3423/3662
f 3002/3260/3663 2990/3342/3663 3003/3424/3663
f 98/3391/3624 141/3345/3626 135/3425/3664
f 2454/3426/3665 2452/3155/3665 2453/3392/3665
f 5273/3312/3666 5271/3393/3666 5272/3427/3666
f 115/3319/3667 116/3103/3667 114/3428/3667
f 5280/3396/3668 5275/3429/3668 5277/3317/3668
f 115/3319/3669 114/3428/3669 106/3430/3669
f 5141/3431/3670 5139/3265/3670 5140/3432/3670
f 3700/3398/3636 3703/3349/3635 3704/3433/3671
f 3697/3355/3672 3700/3398/3672 3704/3433/3672
f 3715/3353/3673 3704/3433/3673 3703/3349/3673
f 3701/3354/3674 3700/3398/3674 3697/3355/3674
f 3704/3433/3675 3715/3353/3675 3712/3434/3675
f 3697/3355/3676 3696/3435/3676 3699/3356/3676
f 3715/3353/3677 3708/3358/3677 3712/3434/3677
f 1680/3364/3678 1682/3436/3678 1690/2509/3678
f 1790/3437/3679 1788/3401/3679 1787/3400/3679
f 5112/3042/3680 5118/3266/3680 5146/3438/3680
f 1682/3436/3681 1679/3169/3378 1690/2509/3380
f 1040/3439/3682 1039/3440/3682 1029/3441/3682
f 1532/3405/3683 1525/3321/3683 1529/3442/3683
f 3903/3047/3684 3904/3367/3684 3906/3370/3684
f 2371/3443/3685 2369/3217/3685 2373/3368/3685
f 3284/3373/3686 3286/3444/3686 3283/3371/3686
f 1384/3406/3687 1387/3408/3687 1388/3445/3687
f 3906/3370/3688 3910/3446/3689 3907/3369/3690
f 3505/3447/3691 3506/3448/3691 3504/3449/3691
f 3487/3450/3692 3504/3449/3692 3506/3448/3692
f 3505/3447/3693 3507/3451/3693 3506/3448/3693
f 844/3452/3694 848/3409/3694 851/3453/3694
f 846/3327/3695 844/3452/3695 845/3454/3695
f 848/3409/3696 844/3452/3696 846/3327/3696
f 1849/3455/3697 1848/3175/3697 1871/3456/3697
f 590/3457/3698 589/3275/3698 583/3458/3698
f 583/3458/3699 589/3275/3700 581/3459/3701
f 589/3275/3700 587/3277/3702 581/3459/3701
f 581/3459/3703 587/3277/3703 586/3460/3703
f 1099/3418/3704 1086/3415/3704 1087/3461/3704
f 1644/3462/3705 1645/3463/3705 1647/3464/3705
f 571/3228/3446 567/3230/3448 562/3465/3706
f 571/3228/3604 562/3465/3707 566/3382/3605
f 567/3230/3708 559/3182/3709 562/3465/3710
f 1704/3284/3504 1705/3466/3711 1707/3186/3505
f 2134/3467/3712 2133/3468/3712 2132/3291/3712
f 3268/3469/3713 3266/3470/3713 3267/3471/3713
f 3073/3136/3714 3060/3472/3715 3059/2939/3716
f 2158/3293/3519 2149/3292/3518 2155/3288/3517
f 5669/3338/3717 5694/3244/3717 5673/3473/3717
f 5673/3473/3718 5694/3244/3718 5679/2942/3718
f 5679/2942/3719 5667/3386/3719 5673/3473/3719
f 2158/3293/3614 2165/3389/3720 2156/3080/3615
f 2156/3080/3721 2165/3389/3721 2163/3141/3721
f 1919/3474/3722 1923/3247/3722 1917/3341/3722
f 2970/3475/3723 2971/3476/3724 2977/3477/3725
f 5574/3478/3726 5570/3479/3727 5587/3480/3728
f 2977/3477/3729 2990/3342/3729 2970/3475/3729
f 2169/3248/3730 2173/3481/3730 2174/3422/3730
f 1951/3305/3731 1960/3482/3731 1959/3306/3731
f 5273/3312/3732 5272/3427/3732 5278/3483/3732
f 991/3484/3733 985/3485/3733 988/3310/3733
f 988/3310/3734 985/3485/3734 984/3309/3734
f 2017/3486/3735 2004/3487/3735 2007/3488/3735
f 2020/3489/3736 2017/3486/3736 2007/3488/3736
f 5139/3265/3737 5141/3431/3738 5138/3490/3739
f 2017/3486/3740 2008/3491/3740 2015/3492/3740
f 447/3493/3741 448/3494/3742 445/3495/3743
f 647/3496/3744 648/3497/3744 649/3498/3744
f 5138/3490/3739 5119/3359/3745 5139/3265/3737
f 3714/3499/3746 3712/3434/3746 3708/3358/3746
f 3713/3500/3747 3714/3499/3747 3708/3358/3747
f 3699/3356/3748 3696/3435/3748 3695/3501/3748
f 3696/3435/3749 3698/3502/3749 3695/3501/3749
f 5146/3438/3750 5114/3503/3750 5112/3042/3750
f 3698/3502/3751 3694/3504/3752 3705/3505/3753
f 5114/3503/3754 5111/3506/3754 5112/3042/3754
f 1029/3441/3755 1031/3507/3755 1040/3439/3755
f 3702/3508/3756 3698/3502/3751 3705/3505/3753
f 1526/3107/3757 1532/3405/3757 1528/3509/3757
f 3491/3109/3758 3494/3510/3758 3493/3213/3758
f 3490/3273/3759 3496/3511/3759 3495/3512/3759
f 3285/3513/3760 3286/3444/3760 3284/3373/3760
f 3288/3514/3761 3285/3513/3761 3284/3373/3761
f 3910/3446/3689 3906/3370/3688 3911/3515/3762
f 1384/3406/3763 1388/3445/3763 1385/3516/3763
f 1815/3322/3764 1813/3410/3764 1816/3517/3764
f 23/3375/3599 29/3377/3765 27/3379/3600
f 584/3518/3766 590/3457/3766 583/3458/3766
f 1847/3414/3767 1848/3175/3768 1849/3455/3769
f 2604/3519/3770 2608/3520/3770 2606/3521/3770
f 1655/3334/3556 1657/3522/3771 1648/3231/3554
f 1657/3522/3772 1655/3334/3772 1654/3523/3772
f 560/3333/3773 565/3385/3773 564/3524/3773
f 3050/3421/3658 3059/2939/3657 3060/3472/3774
f 5671/3525/3775 5670/3189/3775 5669/3338/3775
f 2305/3526/3776 2298/3527/3776 2299/3528/3776
f 5598/3529/3777 5581/3530/3777 5591/3339/3777
f 5667/3386/3778 5687/2983/3778 5693/3388/3778
f 5581/3530/3779 5578/3387/3619 5591/3339/3618
f 3786/3531/3780 3815/3532/3781 3781/3533/3782
f 5700/3534/3783 5702/3535/3783 5701/3536/3783
f 5665/3251/3784 5685/3537/3784 5682/3295/3784
f 5602/3538/3785 5603/3539/3785 5604/3540/3785
f 5663/3257/3569 5664/3541/3786 5665/3251/3473
f 2990/3342/3787 2977/3477/3787 3003/3424/3787
f 5573/3542/3788 5572/3543/3789 5596/3544/3790
f 5572/3543/3789 5595/3545/3791 5596/3544/3790
f 3443/3546/3792 3442/3547/3792 3444/3548/3792
f 993/3549/3793 985/3485/3793 991/3484/3793
f 5277/3317/3794 5275/3429/3794 5269/3346/3794
f 1563/3394/3795 1566/3550/3795 1560/3033/3795
f 106/3430/3796 111/3551/3797 102/3552/3798
f 2017/3486/3799 2015/3492/3799 2004/3487/3799
f 106/3430/3800 108/3553/3801 115/3319/3802
f 2008/3491/3803 2018/3554/3803 2015/3492/3803
f 1374/3555/3804 1378/3556/3804 1375/3557/3804
f 445/3495/3743 448/3494/3742 437/3558/3805
f 648/3497/3806 647/3496/3806 645/3559/3806
f 5146/3438/3807 5119/3359/3807 5124/3560/3807
f 3698/3502/3751 3696/3435/3808 3694/3504/3752
f 1537/3561/3809 1539/3562/3809 1536/3563/3809
f 1539/3562/3810 1535/3564/3810 1536/3563/3810
f 1530/3565/3811 1532/3405/3811 1529/3442/3811
f 2921/3566/3812 2919/3567/3812 2920/3568/3812
f 551/3569/3813 540/3570/3813 553/3571/3813
f 4285/3000/3814 4288/3572/3814 4276/3573/3814
f 3910/3446/3815 3909/3574/3815 3907/3369/3815
f 968/3575/3816 970/3576/3816 971/3577/3816
f 24/3378/3817 27/3379/3817 21/3578/3817
f 583/3458/3818 585/3579/3818 584/3518/3818
f 1847/3414/3767 1849/3455/3769 1846/3580/3819
f 581/3459/3820 586/3460/3820 582/3581/3820
f 1087/3461/3821 1088/3582/3821 1099/3418/3821
f 566/3382/3822 579/3583/3822 587/3277/3822
f 1647/3464/3823 1645/3463/3823 1649/3282/3823
f 2606/3521/3824 2603/3584/3824 2604/3519/3824
f 2133/3468/3825 2131/3290/3825 2132/3291/3825
f 2155/3288/3826 2162/3585/3826 2158/3293/3826
f 569/3070/3827 561/3586/3827 565/3385/3827
f 5669/3338/3828 5673/3473/3828 5689/3587/3828
f 1504/3245/3829 1510/3294/3829 1505/3588/3829
f 1939/3589/3830 1938/3590/3830 1936/3591/3830
f 2971/3476/3831 2984/3592/3832 2987/3593/3833
f 5578/3387/3619 5574/3478/3726 5577/3340/3617
f 5682/3295/3834 5685/3537/3834 5686/3594/3834
f 5629/3595/3835 5643/3596/3835 5642/3597/3835
f 5657/3598/3836 5655/3599/3836 5656/3600/3836
f 3815/3532/3837 3792/3601/3837 3793/3602/3837
f 5570/3479/3838 5575/3603/3838 5573/3542/3838
f 3039/2779/2999 3042/3604/3839 3036/2995/3259
f 5573/3542/3840 5575/3603/3841 5572/3543/3842
f 2146/3390/3843 2170/3303/3843 2174/3422/3843
f 83/3605/3844 125/3606/3845 98/3391/3846
f 135/3425/3847 83/3605/3847 98/3391/3847
f 984/3309/3848 985/3485/3848 994/3607/3848
f 102/3552/3798 111/3551/3797 100/3608/3849
f 3036/2995/3850 3048/3609/3851 3052/3610/3852
f 4219/3611/3853 4218/3612/3853 4220/3613/3853
f 2004/3487/3854 2006/3614/3855 2003/3615/3856
f 3342/3616/3857 3345/3617/3857 3344/3618/3857
f 3052/3610/3852 3054/3619/3858 3036/2995/3850
f 5274/3620/3859 5275/3429/3859 5282/3621/3859
f 5282/3621/3860 5275/3429/3860 5280/3396/3860
f 108/3553/3801 106/3430/3800 107/3622/3861
f 2006/3614/3855 2004/3487/3854 2015/3492/3862
f 108/3553/3863 107/3622/3863 118/3623/3863
f 5129/3624/3864 5125/3625/3864 5138/3626/3864
f 1374/3555/3865 1375/3557/3865 1376/3627/3865
f 5153/3628/3866 5154/3629/3866 5155/3630/3866
f 1374/3555/3867 1376/3627/3867 1381/3631/3867
f 644/3632/3868 648/3497/3868 645/3559/3868
f 437/3558/3869 448/3494/3869 440/3633/3869
f 643/3634/3870 648/3497/3870 644/3632/3870
f 5138/3490/3871 5124/3560/3871 5119/3359/3871
f 440/3633/3872 448/3494/3872 441/3635/3872
f 643/3634/3873 644/3632/3873 640/3636/3873
f 448/3494/3874 442/3637/3874 441/3635/3874
f 641/3638/3875 643/3634/3875 640/3636/3875
f 442/3637/3876 443/3639/3876 441/3635/3876
f 4276/3573/3877 4277/3105/3878 4285/3000/3879
f 1716/3640/3880 1715/3641/3880 1717/3642/3880
f 1551/3643/3881 1552/3644/3881 1553/3645/3881
f 1717/3642/3882 1718/3646/3882 1716/3640/3882
f 2800/3647/3883 2801/3648/3883 2804/3649/3883
f 969/3650/3884 968/3575/3884 971/3577/3884
f 1850/3651/3885 1857/3652/3885 1849/3455/3885
f 1846/3580/3819 1849/3455/3769 1857/3652/3886
f 295/3653/3887 294/3654/3888 296/3655/3889
f 1098/3656/3890 1099/3418/3890 1088/3582/3890
f 1099/3418/3653 1090/3657/3891 1085/3416/3651
f 587/3277/3892 579/3583/3892 586/3460/3892
f 1647/3464/3893 1649/3282/3893 1656/3658/3893
f 2607/3659/3894 2603/3584/3894 2606/3521/3894
f 2143/3660/3895 2153/3420/3895 2142/3661/3895
f 4265/3662/3896 4240/3337/3896 4245/3067/3896
f 2158/3293/3897 2162/3585/3898 2192/3663/3899
f 4245/3067/3900 4234/2982/3900 4238/3664/3900
f 4238/3664/3901 4234/2982/3901 4232/3665/3901
f 5646/3666/3902 5644/3667/3903 5638/3668/3904
f 2157/3669/3905 2165/3389/3905 2158/3293/3905
f 5578/3387/3906 5581/3530/3907 5582/3670/3908
f 5635/3671/3909 5632/3672/3910 5645/3673/3911
f 5635/3671/3912 5629/3595/3912 5634/3674/3912
f 2987/3593/3913 2977/3477/3725 2971/3476/3724
f 5625/3675/3914 5624/3676/3914 5648/3677/3914
f 5649/3678/3915 5651/3679/3915 5650/3680/3915
f 155/3681/3916 146/3682/3917 158/3683/3918
f 101/3684/3919 125/3606/3919 100/3608/3919
f 1993/3685/3920 1991/3686/3920 1992/3687/3920
f 3340/3688/3921 3341/3689/3921 3339/3690/3921
f 3042/3604/3922 3048/3609/3923 3036/2995/3924
f 3342/3616/3925 3341/3689/3925 3340/3688/3925
f 2003/3615/3926 2012/3691/3927 2004/3487/3928
f 2005/3692/3929 2003/3615/3929 2006/3614/3929
f 102/3552/3930 107/3622/3930 106/3430/3930
f 497/3347/3931 498/3693/3931 499/3694/3931
f 504/3318/3932 501/3695/3932 497/3347/3932
f 5124/3560/3933 5138/3490/3933 5131/3696/3933
f 440/3633/3934 441/3635/3934 439/3697/3934
f 4278/3038/3641 4271/3404/3643 4270/3698/3935
f 1043/3699/3936 1031/3507/3936 1030/3700/3936
f 1539/3562/3937 1530/3565/3937 1535/3564/3937
f 3333/3701/3938 3332/3702/3938 3334/3703/3938
f 3332/3702/3939 3331/3704/3939 3334/3703/3939
f 540/3570/3940 551/3569/3940 543/3705/3940
f 3493/3213/3941 3497/3706/3941 3492/3272/3941
f 3912/3707/3942 3909/3574/3942 3910/3446/3942
f 3490/3273/3943 3498/3708/3943 3496/3511/3943
f 2801/3648/3944 2802/3709/3944 2803/3710/3944
f 3290/3711/3945 3289/3712/3945 3288/3713/3945
f 1183/3714/3946 1186/3715/3946 1184/3716/3946
f 2804/3649/3947 2801/3648/3947 2803/3710/3947
f 295/3653/3887 291/3717/3948 294/3654/3888
f 1829/3419/3949 1824/3718/3949 1826/3181/3949
f 1824/3718/3950 1825/3719/3950 1826/3181/3950
f 1656/3658/3951 1649/3282/3951 1648/3231/3951
f 2155/3288/3952 2153/3420/3952 2143/3660/3952
f 839/3720/3953 840/3721/3953 838/3722/3953
f 839/3720/3954 842/3723/3954 840/3721/3954
f 2703/3724/3955 2702/3725/3955 2709/3726/3955
f 841/3727/3956 840/3721/3956 842/3723/3956
f 2703/3724/3957 2705/3728/3957 2704/3729/3957
f 280/3730/3958 285/3731/3958 281/3732/3958
f 281/3732/3959 285/3731/3959 284/3733/3959
f 1004/3734/3960 1003/3735/3960 1002/3736/3960
f 4207/3737/3961 4206/3738/3961 4210/3739/3961
f 2305/3526/3962 2300/3740/3962 2304/3741/3962
f 2305/3526/3963 2299/3528/3963 2300/3740/3963
f 1510/3294/3964 1511/3742/3964 1505/3588/3964
f 5667/3386/3965 5668/3743/3965 5673/3473/3965
f 5635/3671/3966 5645/3673/3966 5637/3744/3966
f 5635/3671/3909 5634/3674/3967 5632/3672/3910
f 3803/3745/3968 3815/3532/3969 3793/3602/3970
f 5574/3478/3726 5578/3387/3619 5570/3479/3727
f 3581/3746/3971 3545/3190/3660 3599/3423/3662
f 92/3747/3972 91/3748/3973 93/3749/3972
f 5624/3676/3974 5642/3597/3974 5648/3677/3974
f 5627/3750/3975 5642/3597/3975 5624/3676/3975
f 5626/3751/3976 5627/3750/3976 5624/3676/3976
f 5570/3479/3977 5576/3752/3977 5575/3603/3977
f 3793/3602/3978 3794/3753/3978 3813/3754/3978
f 5575/3603/3979 5576/3752/3979 5571/3755/3979
f 1990/3756/3980 1991/3686/3981 1989/3757/3982
f 985/3485/3983 990/3758/3983 994/3607/3983
f 1994/3759/3984 1991/3686/3984 1993/3685/3984
f 1994/3759/3985 1993/3685/3985 2012/3691/3985
f 2012/3691/3927 2003/3615/3926 1994/3759/3986
f 1565/3760/3987 1563/3394/3987 1564/3761/3987
f 3341/3689/3988 3342/3616/3989 3343/3762/3990
f 1566/3550/3991 1563/3394/3991 1565/3760/3991
f 5275/3429/3992 5274/3620/3992 5267/3763/3992
f 3344/3618/3993 3343/3762/3990 3342/3616/3989
f 5144/3764/3994 5130/3765/3994 5129/3624/3994
f 497/3347/3995 501/3695/3995 498/3693/3995
f 437/3558/3996 444/3766/3996 436/3767/3996
f 4278/3038/3997 4270/3698/3998 4272/3262/3999
f 1377/3768/4000 1381/3631/4000 1376/3627/4000
f 5131/3696/4001 5125/3625/4001 5124/3560/4001
f 1031/3507/4002 1029/3441/4002 1030/3700/4002
f 4277/3105/3878 4276/3573/3877 4269/3769/4003
f 1408/3770/4004 1407/3771/4004 1410/3772/4004
f 1409/3773/4005 1407/3771/4005 1408/3770/4005
f 3498/3708/4006 3490/3273/4006 3492/3272/4006
f 1715/3641/4007 1716/3640/4008 1719/3774/4009
f 1091/3775/4010 1092/3776/4010 1093/3777/4010
f 292/3778/4011 294/3654/3888 288/3779/4012
f 293/3780/4013 291/3717/4013 295/3653/4013
f 2615/3781/4014 2611/3782/4014 2614/3783/4014
f 566/3382/4015 562/3465/4015 578/3784/4015
f 1006/3785/4016 1005/3786/4017 1007/3787/4018
f 1657/3522/4019 1653/3788/4019 1648/3231/4019
f 559/3182/4020 560/3333/4020 580/3789/4020
f 2143/3660/4021 2147/3790/4021 2155/3288/4021
f 2706/3791/4022 2709/3726/4022 2702/3725/4022
f 2703/3724/4023 2709/3726/4023 2705/3728/4023
f 4240/3337/4024 4265/3662/4024 4262/3792/4024
f 1013/3793/4025 1001/3794/4026 1006/3785/4027
f 2404/3795/4028 2406/3796/4028 2403/3797/4028
f 1001/3794/4029 1013/3793/4029 1003/3735/4029
f 281/3732/4030 284/3733/4030 283/3798/4030
f 3544/2829/3407 3545/3190/3409 3550/3799/4031
f 1505/3588/4032 1511/3742/4032 1506/3800/4032
f 1935/3801/4033 1938/3590/4034 1942/3802/4035
f 1935/3801/4036 1936/3591/4036 1938/3590/4036
f 4221/2708/4037 4230/3803/4038 4234/2982/4039
f 2976/3804/4040 2987/3593/3833 2984/3592/3832
f 4230/3803/4041 4221/2708/3258 4272/3262/3622
f 5578/3387/3906 5582/3670/3908 5579/3805/4042
f 3050/3421/3658 3042/3604/3839 3039/2779/2999
f 5599/3806/4043 5600/3807/4043 5601/3808/4043
f 5633/3809/4044 5632/3672/4044 5634/3674/4044
f 2173/3481/4045 2169/3248/4046 2165/3389/4047
f 5634/3674/4048 5629/3595/4048 5628/3810/4048
f 5633/3811/4049 5628/3810/4049 5629/3595/4049
f 5633/3811/4050 5629/3595/4050 5627/3750/4050
f 5578/3387/4051 5576/3752/4051 5570/3479/4051
f 91/3748/4052 83/3605/4053 93/3749/4054
f 5629/3595/4055 5642/3597/4055 5627/3750/4055
f 147/3812/4056 161/3813/4057 146/3682/4058
f 1994/3759/4059 1999/3814/4059 1991/3686/4059
f 125/3606/4060 99/3815/4061 100/3608/4062
f 100/3608/4063 99/3815/4064 102/3552/4065
f 994/3607/4066 990/3758/4066 995/3816/4066
f 99/3815/4067 122/3817/4068 104/3818/4069
f 3042/3604/3922 3047/3819/4070 3048/3609/3923
f 102/3552/4065 99/3815/4064 104/3818/4071
f 3341/3689/4072 3347/3820/4072 3346/3821/4072
f 3343/3762/4073 3347/3820/4073 3341/3689/4073
f 1566/3550/4074 1565/3760/4074 1567/3822/4074
f 5130/3765/4075 5128/3823/4075 5129/3624/4075
f 5125/3625/4076 5129/3624/4076 5128/3823/4076
f 436/3767/4077 444/3766/4078 435/3824/4079
f 428/3825/4080 433/3826/4080 434/3827/4080
f 1030/3700/4081 1029/3441/4081 1028/3828/4081
f 543/3705/4082 539/3829/4083 540/3570/4084
f 539/3829/4085 542/3830/4086 541/3831/4087
f 2433/3832/4088 2432/3833/4088 2444/3834/4088
f 2441/3835/4089 2444/3834/4090 2432/3833/4091
f 3424/3836/4092 3425/3837/4092 3426/3838/4092
f 544/3839/4093 552/3840/4093 546/3841/4093
f 1409/3773/4094 1408/3770/4094 1406/3842/4094
f 4276/3573/4095 4288/3572/4095 4294/3843/4095
f 1554/3844/4096 1555/3845/4096 1551/3643/4096
f 1183/3714/4097 1185/3846/4097 1186/3715/4097
f 1331/3847/4098 1329/3848/4098 1328/3849/4098
f 1552/3644/4099 1551/3643/4099 1555/3845/4099
f 1331/3847/4100 1332/3850/4100 1329/3848/4100
f 981/3851/4101 980/3852/4101 983/3853/4101
f 982/3854/4102 980/3852/4102 981/3851/4102
f 1100/3855/4103 1098/3656/4104 1097/3856/4105
f 291/3717/4106 293/3780/4107 270/3857/4108
f 1085/3416/3651 1090/3657/3891 1089/3858/4109
f 1019/3859/4110 1009/3860/4110 1007/3787/4110
f 2605/3861/4111 2607/3659/4111 2606/3521/4111
f 2427/3862/4112 2428/3863/4112 2426/3864/4112
f 2702/3725/4113 2707/3865/4113 2706/3791/4113
f 838/3722/4114 843/3866/4114 839/3720/4114
f 2408/3867/4115 2403/3797/4115 2407/3868/4115
f 3544/2829/3048 3605/3869/4116 3567/3241/3512
f 3060/3472/3774 3066/3870/4117 3050/3421/3658
f 280/3730/4118 281/3732/4118 275/3871/4118
f 283/3798/4119 304/3872/4120 281/3732/4121
f 307/3873/4122 299/3874/4122 283/3798/4122
f 1004/3734/4123 1002/3736/4123 1016/3875/4123
f 2301/3876/4124 2304/3741/4124 2300/3740/4124
f 302/3877/4125 301/3878/4125 299/3874/4125
f 1509/3879/4126 1511/3742/4126 1508/3880/4126
f 3783/3881/4127 3789/3882/4128 3781/3533/4129
f 1511/3742/4130 1509/3879/4130 1506/3800/4130
f 5644/3667/3903 5639/3883/4131 5638/3668/3904
f 5644/3667/4132 5641/3884/4132 5639/3883/4132
f 3781/3533/3782 3815/3532/3781 3783/3881/4133
f 5637/3744/4134 5645/3673/4134 5636/3885/4134
f 5632/3672/4135 5630/3886/4136 5645/3673/4137
f 5579/3805/4138 5580/3887/4139 5588/3888/4140
f 5582/3670/4141 5580/3887/4141 5579/3805/4141
f 5588/3889/4142 5576/3752/4142 5578/3387/4142
f 3631/3890/4143 3630/3891/4143 3632/3892/4143
f 3793/3602/3970 3813/3754/4144 3809/3893/4145
f 2266/3894/4146 2265/3895/4146 2267/3896/4146
f 2266/3894/4147 2268/3897/4147 2265/3895/4147
f 1999/3814/4148 1989/3757/3982 1991/3686/3981
f 3042/3604/4149 3064/3898/4149 3047/3819/4149
f 5137/3899/4150 5133/3900/4150 5144/3901/4150
f 1375/3557/4151 1379/3902/4151 1376/3627/4151
f 636/3903/4152 654/3904/4152 635/3905/4152
f 5124/3560/4153 5125/3625/4153 5114/3906/4153
f 1030/3700/4154 1028/3828/4154 1027/3907/4154
f 1539/3562/4155 1538/3908/4155 1530/3565/4155
f 5127/3909/4156 5114/3906/4156 5126/3910/4156
f 1530/3565/4157 1538/3908/4157 1534/3911/4157
f 1530/3565/4158 1534/3911/4158 1532/3405/4158
f 1532/3405/4159 1534/3911/4159 1533/3912/4159
f 4277/3105/3642 4269/3769/4160 4271/3404/3643
f 544/3839/4161 541/3831/4087 542/3830/4086
f 3515/3913/4162 3516/3914/4162 3517/3915/4162
f 3519/3916/4163 3516/3914/4163 3515/3913/4163
f 555/3917/4164 546/3841/4164 552/3840/4164
f 2439/3918/4165 2442/3919/4165 2444/3920/4165
f 1638/3921/4166 1636/3922/4166 1637/3923/4166
f 2447/3924/4167 2450/3925/4167 2451/3926/4167
f 2260/3927/4168 2264/3928/4168 2261/3929/4168
f 2439/3918/4169 2443/3930/4169 2442/3919/4169
f 2140/3931/4170 2137/3932/4170 2138/3933/4170
f 21/3578/4171 26/3934/4172 22/3935/4173
f 1093/3777/4174 1092/3776/4174 1094/3936/4174
f 1094/3936/4175 1097/3856/4105 1098/3656/4104
f 1098/3656/4176 1100/3855/4176 1099/3418/4176
f 1021/3937/4177 1009/3860/4177 1019/3859/4177
f 270/3857/4178 279/3938/4178 269/3939/4178
f 274/3940/4179 269/3939/4179 279/3938/4179
f 274/3940/4180 277/3941/4180 278/3942/4180
f 1402/3943/4181 1403/3944/4181 1405/3945/4181
f 1653/3788/4182 1657/3522/4182 1658/3946/4182
f 4246/3947/4183 4263/3948/4183 4262/3792/4183
f 3690/3949/4184 3689/3950/4184 3691/3951/4184
f 3544/2829/3048 3606/3952/4185 3605/3869/4116
f 3065/3953/4186 3050/3421/4187 3066/3870/4188
f 276/3954/4189 275/3871/4189 281/3732/4189
f 2402/3955/4190 2403/3797/4190 2406/3796/4190
f 3050/3421/4187 3051/3956/4191 3045/3957/4192
f 2192/3663/3899 2168/3958/4193 2158/3293/3897
f 3045/3957/4192 3040/3959/4194 3050/3421/4187
f 4210/3739/4195 4206/3738/4195 4209/3960/4195
f 307/3873/4196 302/3877/4196 299/3874/4196
f 5638/3668/4197 5639/3883/4197 5640/3961/4197
f 4234/2982/4039 4230/3803/4038 4232/3665/4198
f 5637/3744/4199 5641/3884/4199 5644/3667/4199
f 5641/3884/4200 5637/3744/4200 5636/3885/4200
f 5662/3962/4201 5660/3963/4201 5661/3964/4201
f 5631/3965/4202 5630/3886/4136 5632/3672/4135
f 5580/3887/4139 5589/3966/4203 5588/3888/4140
f 154/3967/4204 146/3682/3917 155/3681/3916
f 2718/3968/4205 2719/3969/4205 2720/3970/4205
f 154/3967/4206 147/3812/4056 146/3682/4058
f 3813/3754/4207 3812/3971/4207 3809/3893/4207
f 179/3972/4208 166/3973/4208 147/3974/4208
f 1995/3975/4209 1989/3757/4210 1999/3814/4211
f 125/3606/3845 83/3605/3844 97/3976/4212
f 97/3976/4213 99/3815/4061 125/3606/4060
f 5137/3899/4214 5134/3977/4215 5133/3900/4216
f 4272/3262/3999 4270/3698/3998 4273/3978/4217
f 654/3904/4218 637/3979/4219 627/3980/4220
f 418/3981/4221 428/3825/4221 422/3982/4221
f 428/3825/4222 434/3827/4222 422/3982/4222
f 1380/3983/4223 1376/3627/4223 1379/3902/4223
f 635/3905/4224 654/3904/4218 627/3980/4220
f 438/3984/4225 444/3766/4225 437/3558/4225
f 440/3633/4226 438/3984/4226 437/3558/4226
f 1377/3768/4227 1383/3985/4227 1381/3631/4227
f 644/3632/4228 639/3986/4228 640/3636/4228
f 5125/3625/4229 5128/3823/4229 5114/3906/4229
f 5114/3906/4230 5128/3823/4230 5126/3910/4230
f 543/3705/4231 549/3987/4231 535/3988/4231
f 543/3705/4082 538/3989/4232 539/3829/4083
f 539/3829/4083 538/3989/4232 542/3830/4233
f 3422/3990/4234 3423/3991/4234 3421/3992/4234
f 2444/3834/4235 2438/3993/4235 2433/3832/4235
f 552/3840/4236 544/3839/4236 545/3994/4236
f 3518/3995/4237 3515/3913/4237 3517/3915/4237
f 1406/3842/4238 1408/3770/4238 1411/3996/4238
f 552/3840/4239 554/3997/4240 555/3917/4241
f 2140/3931/4242 2138/3933/4242 2139/3998/4242
f 1332/3850/4243 1331/3847/4243 1330/3999/4243
f 2323/4000/4244 2324/4001/4244 2326/4002/4244
f 2325/4003/4245 2324/4001/4245 2323/4000/4245
f 21/3578/4171 27/3379/4246 26/3934/4172
f 288/3779/4012 294/3654/3888 291/3717/3948
f 291/3717/4106 270/3857/4108 273/4004/4247
f 268/4005/4248 269/3939/4248 274/3940/4248
f 2147/3790/4249 2143/3660/4249 2148/4006/4249
f 276/3954/4250 274/3940/4250 278/3942/4250
f 4246/3947/4251 4262/3792/4251 4265/3662/4251
f 3051/3956/4191 3050/3421/4187 3065/3953/4186
f 2402/3955/4252 2406/3796/4252 2409/4007/4252
f 1013/3793/4253 1002/3736/4253 1003/3735/4253
f 282/4008/4254 281/3732/4121 304/3872/4120
f 283/3798/4255 299/3874/4255 304/3872/4255
f 306/4009/4256 304/3872/4256 303/4010/4256
f 1002/3736/4257 1018/4011/4258 1016/3875/4259
f 303/4010/4260 304/3872/4260 299/3874/4260
f 5582/3670/4261 5594/4012/4262 5583/4013/4263
f 5647/4014/4264 5641/3884/4264 5636/3885/4264
f 5582/3670/4265 5583/4013/4265 5580/3887/4265
f 90/4015/4266 88/4016/4267 91/3748/4268
f 83/3605/4269 91/3748/4269 88/4016/4269
f 4230/3803/4270 4272/3262/4270 4280/4017/4270
f 160/4018/4271 154/3967/4271 155/3681/4271
f 166/3973/4272 179/3972/4272 165/4019/4272
f 5147/4020/4273 5142/4021/4273 5136/4022/4273
f 5147/4020/4274 5134/3977/4215 5137/3899/4214
f 5134/3977/4275 5132/4023/4275 5133/3900/4275
f 5133/3900/4276 5132/4023/4276 5130/3765/4276
f 5132/4023/4277 5128/3823/4277 5130/3765/4277
f 4272/3262/4278 4273/3978/4278 4274/4024/4278
f 1026/4025/4279 1030/3700/4280 1023/4026/4281
f 639/3986/4282 642/4027/4282 640/3636/4282
f 1162/4028/4283 1169/4029/4283 1163/4030/4283
f 549/3987/4284 550/4031/4284 535/3988/4284
f 1639/4032/4285 1640/4033/4285 1641/4034/4285
f 535/3988/4286 538/3989/4286 543/3705/4286
f 2434/4035/4287 2436/4036/4288 2437/4037/4289
f 534/4038/4290 538/3989/4290 535/3988/4290
f 2436/4036/4291 2433/3832/4291 2437/4037/4291
f 544/3839/4161 542/3830/4086 545/3994/4292
f 2446/4039/4293 2438/3993/4293 2447/3924/4293
f 1819/4040/4294 1818/4041/4294 1820/4042/4294
f 1817/4043/4295 1819/4040/4295 1820/4042/4295
f 2138/3933/4296 2141/4044/4296 2139/3998/4296
f 2262/4045/4297 2261/3929/4297 2264/3928/4297
f 1094/3936/4298 1092/3776/4298 1096/4046/4298
f 1094/3936/4299 1095/4047/4299 1097/3856/4299
f 288/3779/4012 291/3717/3948 272/4048/4300
f 2708/4049/4301 2707/3865/4301 2710/4050/4301
f 3607/4051/4302 3542/4052/4303 3606/3952/4185
f 1007/3787/4304 1009/3860/4304 1010/4053/4304
f 1404/4054/4305 1405/3945/4305 1403/3944/4305
f 266/4055/4306 268/4005/4307 274/3940/4308
f 1010/4053/4309 1012/4056/4310 1007/3787/4311
f 1653/3788/4312 1658/3946/4312 1659/4057/4312
f 274/3940/4313 276/3954/4314 267/4058/4315
f 1006/3785/4016 1007/3787/4018 1008/4059/4316
f 4246/3947/4317 4265/3662/4317 4261/4060/4317
f 2795/4061/4318 2796/4062/4318 2797/4063/4318
f 276/3954/4314 265/4064/4319 267/4058/4315
f 2405/4065/4320 2403/3797/4320 2402/3955/4320
f 2199/4066/4321 2168/3958/4321 2192/3663/4321
f 1006/3785/4027 1011/4067/4322 1013/3793/4025
f 265/4064/4319 276/3954/4314 281/3732/4323
f 3673/4068/4324 3675/4069/4325 3672/4070/4326
f 3550/3799/4031 3551/4071/4327 3544/2829/3407
f 3675/4069/4325 3673/4068/4324 3674/4072/4328
f 1018/4011/4258 1013/3793/4329 1014/4073/4330
f 3056/4074/4331 3043/4075/4331 3045/3957/4331
f 1013/3793/4329 1018/4011/4258 1002/3736/4257
f 4207/3737/4332 4208/4076/4332 4206/3738/4332
f 3045/3957/4333 3043/4075/4333 3040/3959/4333
f 2302/4077/4334 2303/4078/4334 2301/3876/4334
f 2300/3740/4335 2302/4077/4335 2301/3876/4335
f 300/4079/4336 303/4010/4336 299/3874/4336
f 5582/3670/4261 5593/4080/4337 5594/4012/4262
f 2975/4081/4338 2987/3593/3833 2976/3804/4040
f 3040/3959/4339 3042/3604/3839 3050/3421/3658
f 2165/3389/4047 2179/4082/4340 2173/3481/4045
f 153/4083/4341 165/4019/4341 154/3967/4341
f 4280/4017/4342 4272/3262/4343 4279/4084/4344
f 83/3605/4345 82/4085/4346 97/3976/4347
f 5136/4022/4348 5135/4086/4348 5147/4020/4348
f 1129/4087/4349 1134/4088/4349 1137/4089/4349
f 1127/4090/4350 1129/4087/4350 1137/4089/4350
f 1131/4091/4351 1129/4087/4351 1127/4090/4351
f 431/4092/4352 418/3981/4352 408/4093/4352
f 650/4094/4353 651/4095/4353 637/3979/4353
f 627/3980/4354 637/3979/4354 651/4095/4354
f 636/3903/4355 635/3905/4355 644/3632/4355
f 2393/4096/4356 2398/4097/4356 2394/4098/4356
f 2393/4096/4357 2394/4098/4357 2396/4099/4357
f 535/3988/4358 550/4031/4358 536/4100/4358
f 2433/3832/4359 2438/3993/4360 2437/4037/4361
f 2447/3924/4362 2451/3926/4362 2446/4039/4362
f 548/4101/4363 552/3840/4363 545/3994/4363
f 554/3997/4240 552/3840/4239 556/4102/4364
f 2264/3928/4365 2263/4103/4365 2262/4045/4365
f 1094/3936/4366 1096/4046/4366 1095/4047/4366
f 311/4104/4367 310/4105/4367 298/4106/4367
f 4321/4107/4368 4336/4108/4368 4335/4109/4368
f 272/4048/4369 273/4004/4247 270/3857/4108
f 2611/3782/4370 2615/3781/4370 2612/4110/4370
f 1020/4111/4371 1009/3860/4371 1021/3937/4371
f 269/3939/4372 272/4048/4369 270/3857/4108
f 2186/4112/4373 2182/4113/4373 2187/4114/4373
f 274/3940/4308 267/4058/4374 266/4055/4306
f 1007/3787/4311 1012/4056/4310 1008/4059/4375
f 2893/4115/4376 2872/4116/4376 2892/4117/4376
f 1006/3785/4016 1008/4059/4316 1011/4067/4377
f 3083/4118/4378 3081/4119/4378 3082/4120/4378
f 1930/4121/4379 1942/4122/4379 1931/4123/4379
f 1013/3793/4025 1011/4067/4322 1014/4073/4380
f 3783/3881/4127 3790/4124/4381 3789/3882/4128
f 1018/4011/4382 1014/4073/4382 1015/4125/4382
f 5592/4126/4383 5593/4080/4383 5582/3670/4383
f 3783/3881/4384 3815/3532/4385 3803/3745/4386
f 90/4015/4266 94/4127/4387 88/4016/4267
f 3549/4128/4388 3545/3190/3660 3581/3746/3971
f 3040/3959/4389 3069/4129/4389 3042/3604/4389
f 2890/4130/4390 2885/4131/4391 2891/4132/4392
f 153/4083/4393 154/3967/4394 150/4133/4395
f 1997/4134/4396 1999/3814/4396 1998/4135/4396
f 419/4136/4397 423/4137/4398 449/4138/4397
f 449/4138/4399 426/4139/4399 425/4140/4399
f 5147/4020/4400 5135/4086/4400 5134/3977/4400
f 1131/4091/4401 1127/4090/4401 1132/4141/4401
f 4275/4142/4402 4279/4084/4344 4272/3262/4343
f 4275/4142/4403 4272/3262/4403 4274/4024/4403
f 2901/4143/4404 2903/4144/4405 2904/4145/4406
f 408/4093/4407 418/3981/4407 422/3982/4407
f 627/3980/4408 651/4095/4408 631/4146/4408
f 1380/3983/4409 1379/3902/4409 1382/4147/4409
f 1181/4148/4410 1179/4149/4410 1180/4150/4410
f 2903/4144/4405 2902/4151/4411 2904/4145/4406
f 1026/4025/4412 1023/4026/4413 1025/4152/4414
f 1179/4149/4415 1178/4153/4415 1180/4150/4415
f 2571/4154/4416 2572/4155/4416 2573/4156/4416
f 639/3986/4417 646/4157/4417 642/4027/4417
f 1180/4150/4418 1178/4153/4418 1182/4158/4418
f 1165/4159/4419 1164/4160/4419 1163/4030/4419
f 1397/4161/4420 1398/4162/4421 1395/4163/4422
f 22/3935/4423 26/3934/4423 25/4164/4423
f 4332/4165/4424 4322/4166/4424 4333/4167/4424
f 4322/4166/4425 4321/4107/4425 4335/4109/4425
f 2612/4110/4426 2613/4168/4426 2611/3782/4426
f 1020/4111/4427 1017/4169/4427 1009/3860/4427
f 269/3939/4428 271/4170/4428 272/4048/4428
f 2182/4113/4429 2185/4171/4429 2190/4172/4429
f 2192/3663/4430 2190/4172/4430 2184/4173/4430
f 2184/4173/4431 2199/4066/4431 2192/3663/4431
f 2873/4174/4432 2872/4116/4433 2893/4115/4434
f 3062/4175/4435 3055/4176/4436 3056/4074/4437
f 3056/4074/4437 3055/4176/4436 3043/4075/4438
f 4232/3665/4439 4230/3803/4439 4248/4177/4439
f 4282/4178/4440 4281/4179/4440 4230/3803/4440
f 3803/3745/3968 3793/3602/3970 3809/3893/4145
f 85/4180/4441 83/3605/4441 88/4016/4441
f 2882/4181/4442 2885/4131/4391 2890/4130/4390
f 965/4182/4443 967/4183/4443 964/4184/4443
f 964/4184/4444 963/4185/4444 965/4182/4444
f 154/3967/4394 148/4186/4445 150/4133/4395
f 3809/3893/4446 3810/4187/4446 3811/4188/4446
f 2002/4189/4447 1985/4190/4448 1989/3757/4449
f 1995/3975/4209 2002/4189/4450 1989/3757/4210
f 963/4185/4451 964/4184/4451 961/4191/4451
f 1999/3814/4452 1997/4134/4452 1995/3975/4452
f 961/4191/4453 964/4184/4453 962/4192/4453
f 3384/4193/4454 3386/4194/4454 3385/4195/4454
f 650/4094/4455 652/4196/4455 651/4095/4455
f 652/4196/4456 653/4197/4456 651/4095/4456
f 431/4092/4457 408/4093/4458 421/4198/4459
f 635/3905/4460 638/4199/4461 644/3632/4462
f 1030/3700/4463 1027/3907/4463 1024/4200/4463
f 521/4201/4464 526/4202/4464 523/4203/4464
f 1080/4204/4465 1082/4205/4465 1083/4206/4465
f 1078/4207/4466 1080/4204/4467 1083/4206/4468
f 1077/4208/4469 1081/4209/4469 1076/4210/4469
f 557/4211/4470 537/4212/4470 550/4031/4470
f 1163/4030/4471 1164/4160/4471 1162/4028/4471
f 536/4100/4472 550/4031/4472 537/4212/4472
f 2435/4213/4473 2436/4036/4288 2434/4035/4287
f 2437/4037/4361 2438/3993/4360 2445/4214/4474
f 2446/4039/4475 2445/4214/4474 2438/3993/4360
f 547/4215/4476 548/4101/4476 545/3994/4476
f 22/3935/4477 25/4164/4477 28/4216/4477
f 298/4106/4478 286/4217/4478 311/4104/4478
f 272/4048/4479 271/4170/4479 286/4217/4479
f 2805/4218/4480 2808/4219/4480 2807/4220/4480
f 3543/4221/4481 3541/4222/4481 3607/4051/4481
f 2191/4223/4482 2193/4224/4482 2186/4112/4482
f 2186/4112/4483 2185/4171/4484 2182/4113/4485
f 3607/4051/4302 3606/3952/4185 3544/2829/3048
f 3607/4051/4486 3544/2829/3407 3551/4071/4327
f 2185/4171/4487 2184/4173/4488 2190/4172/4489
f 4212/4225/4490 4211/4226/4491 4208/4076/4492
f 4208/4076/4492 4211/4226/4491 4206/3738/4493
f 2196/4227/4494 2165/3389/4494 2166/4228/4494
f 3547/4229/4495 3550/3799/4031 3545/3190/3409
f 2974/4230/4496 2975/4081/4497 2976/3804/4496
f 2195/4231/4498 2165/3389/4498 2196/4227/4498
f 2195/4231/4499 2179/4082/4340 2165/3389/4047
f 2882/4181/4500 2886/4232/4500 2885/4131/4500
f 148/4186/4501 160/4018/4501 145/4233/4501
f 154/3967/4502 160/4018/4502 148/4186/4502
f 85/4180/4503 82/4085/4346 83/3605/4345
f 1997/4134/4504 1996/4234/4504 1995/3975/4504
f 960/4235/4505 961/4191/4505 962/4192/4505
f 419/4136/4506 449/4138/4507 429/4236/4508
f 449/4138/4509 425/4140/4509 429/4236/4509
f 1768/4237/4510 1767/4238/4510 1770/4239/4510
f 1132/4141/4511 1127/4090/4511 1130/4240/4511
f 1135/4241/4512 1130/4240/4512 1127/4090/4512
f 1145/4242/4513 1146/4243/4513 1143/4244/4513
f 422/3982/4514 409/4245/4514 408/4093/4514
f 644/3632/4462 638/4199/4461 639/3986/4515
f 595/4246/4516 593/4247/4516 594/4248/4516
f 1396/4249/4517 1395/4163/4422 1398/4162/4421
f 4323/4250/4518 4325/4251/4518 4324/4252/4518
f 290/4253/4519 288/3779/4520 289/4254/4521
f 1100/3855/4522 1097/3856/4522 1101/4255/4522
f 289/4254/4523 288/3779/4523 272/4048/4523
f 4332/4165/4524 4333/4167/4524 4334/4256/4524
f 286/4217/4525 289/4254/4526 272/4048/4527
f 2193/4224/4528 2191/4223/4529 2194/4257/4530
f 3543/4221/4531 3607/4051/4531 3569/4258/4531
f 2189/4259/4532 2183/4260/4533 2186/4112/4483
f 2185/4171/4484 2186/4112/4483 2183/4260/4533
f 2188/4261/4534 2201/4262/4535 2185/4171/4487
f 2201/4262/4535 2184/4173/4488 2185/4171/4487
f 1937/4263/4536 1933/4264/4536 1932/4265/4536
f 1937/4263/4537 1932/4265/4537 1931/4123/4537
f 3062/4175/4538 3057/4266/4539 3055/4176/4540
f 2981/4267/4541 2976/3804/4542 2978/4268/4543
f 3780/4269/4544 3790/4124/4545 3783/3881/4546
f 2989/4270/4547 2974/4230/4547 2973/4271/4547
f 4293/4272/4548 4291/4273/4548 4282/4178/4548
f 4282/4178/4549 4292/4274/4549 4293/4272/4549
f 1986/4275/4550 1985/4190/4550 2002/4189/4550
f 2600/4276/4551 2601/4277/4551 2602/4278/4551
f 427/4279/4552 446/4280/4552 421/4198/4552
f 435/3824/4079 444/3766/4078 413/4281/4553
f 413/4281/4554 409/4245/4554 435/3824/4554
f 1032/4282/4555 1041/4283/4555 1025/4152/4555
f 1078/4207/4466 1083/4206/4468 1073/4284/4556
f 1081/4209/4557 1074/4285/4557 1076/4210/4557
f 2396/4099/4558 2394/4098/4558 2395/4286/4558
f 4329/4287/4559 4324/4252/4559 4326/4288/4559
f 289/4254/4560 298/4106/4561 305/4289/4562
f 4331/4290/4563 4332/4165/4563 4334/4256/4563
f 298/4106/4564 289/4254/4526 286/4217/4525
f 2806/4291/4565 2805/4218/4565 2807/4220/4565
f 2193/4224/4566 2189/4259/4566 2186/4112/4566
f 3569/4258/4567 3607/4051/4568 3552/4292/4569
f 3552/4292/4569 3607/4051/4568 3555/4293/4570
f 4214/4294/4571 4213/4295/4571 4212/4225/4571
f 4256/4296/4572 4246/3947/4572 4261/4060/4572
f 4212/4225/4573 4213/4295/4573 4211/4226/4573
f 4249/4297/4574 4232/3665/4575 4248/4177/4576
f 2974/4230/4577 2976/3804/4542 2964/4298/4578
f 2883/4299/4579 2886/4232/4579 2882/4181/4579
f 3546/4300/4580 3547/4229/4581 3545/3190/4582
f 3806/4301/4583 3803/3745/4583 3809/3893/4583
f 4281/4179/4584 4282/4178/4584 4291/4273/4584
f 150/4133/4395 148/4186/4445 162/4302/4585
f 2886/4232/4586 2884/4303/4586 2885/4131/4586
f 2009/4304/4587 1986/4275/4588 2002/4189/4589
f 1400/4305/4590 1401/4306/4590 1399/4307/4590
f 1133/4308/4591 1146/4243/4592 1142/4309/4593
f 405/4310/4594 421/4198/4459 408/4093/4458
f 1146/4243/4595 1144/4311/4595 1143/4244/4595
f 1024/4200/4596 1023/4026/4281 1030/3700/4280
f 535/3988/4597 531/4312/4598 534/4038/4599
f 593/4247/4600 595/4246/4600 596/4313/4600
f 592/4314/4601 593/4247/4601 596/4313/4601
f 2445/4214/4602 2448/4315/4602 2437/4037/4602
f 1394/4316/4603 1395/4163/4422 1396/4249/4517
f 290/4253/4519 289/4254/4521 287/4317/4604
f 298/4106/4605 309/4318/4605 305/4289/4605
f 4334/4256/4606 4330/4319/4606 4331/4290/4606
f 4334/4256/4607 4326/4288/4608 4330/4319/4609
f 2189/4259/4610 2188/4261/4610 2183/4260/4610
f 3551/4071/4611 3555/4293/4611 3607/4051/4611
f 4267/4320/4612 4268/4321/4612 4257/4322/4612
f 2873/4174/4432 2893/4115/4434 2871/4323/4613
f 2976/3804/4542 2981/4267/4541 2980/4324/4614
f 3062/4175/4538 3058/4325/4615 3057/4266/4539
f 2879/4326/4616 2876/4327/4616 2880/4328/4616
f 2177/4329/4617 2196/4227/4617 2166/4228/4617
f 2888/4330/4618 2883/4299/4619 2882/4181/4620
f 4248/4177/4621 4230/3803/4621 4283/4331/4621
f 4283/4331/4622 4230/3803/4622 4281/4179/4622
f 3546/4300/4623 3545/3190/4623 3549/4128/4623
f 148/4186/4624 145/4233/4625 172/4332/4626
f 3806/4301/4627 3809/3893/4627 3811/4188/4627
f 3265/4333/4628 3263/4334/4628 3264/4335/4628
f 1216/4336/4629 1214/4337/4629 1215/4338/4629
f 1964/4339/4630 1968/4340/4630 1966/4341/4630
f 1733/4342/4631 1734/4343/4631 1727/4344/4631
f 1769/4345/4632 1768/4237/4632 1770/4239/4632
f 1128/4346/4633 1135/4241/4633 1127/4090/4633
f 430/4347/4634 427/4279/4634 404/4348/4634
f 1133/4308/4635 1135/4241/4635 1128/4346/4635
f 427/4279/4636 421/4198/4636 404/4348/4636
f 1146/4243/4592 1133/4308/4591 1128/4346/4637
f 1146/4243/4638 1139/4349/4638 1144/4311/4638
f 409/4245/4639 413/4281/4639 416/4350/4639
f 520/4351/4640 523/4203/4641 527/4352/4642
f 523/4203/4643 524/4353/4643 521/4201/4643
f 1024/4200/4644 1034/4354/4644 1038/4355/4644
f 1083/4206/4645 1079/4356/4645 1073/4284/4645
f 1076/4210/4646 1074/4285/4646 1075/4357/4646
f 2396/4099/4647 2395/4286/4648 2397/4358/4649
f 2440/4359/4650 2435/4213/4473 2434/4035/4287
f 532/4360/4651 535/3988/4652 530/4361/4653
f 597/4362/4654 598/4363/4654 596/4313/4654
f 4324/4252/4655 4328/4364/4655 4326/4288/4655
f 2201/4262/4656 2188/4261/4656 2189/4259/4656
f 2873/4174/4657 2871/4323/4657 2878/4365/4657
f 4214/4294/4658 4217/4366/4658 4213/4295/4658
f 3550/3799/4659 3552/4292/4659 3551/4071/4659
f 4264/4367/4660 4261/4060/4661 4242/4368/4662
f 2876/4327/4663 2874/4369/4663 2873/4174/4663
f 2879/4326/4664 2874/4369/4664 2876/4327/4664
f 2880/4328/4665 2876/4327/4665 2882/4181/4665
f 1214/4337/4666 1213/4370/4667 1215/4338/4668
f 1307/4371/4669 1315/4372/4669 1306/4373/4669
f 1487/4374/4670 1485/4375/4670 1489/4376/4670
f 1489/4376/4671 1490/4377/4671 1487/4374/4671
f 1733/4342/4672 1727/4344/4672 1730/4378/4672
f 429/4236/4673 430/4347/4673 404/4348/4673
f 1770/4239/4674 1783/4379/4675 1769/4345/4676
f 404/4348/4677 421/4198/4459 405/4310/4594
f 1128/4346/4678 1139/4349/4678 1146/4243/4678
f 629/4380/4679 627/3980/4679 631/4146/4679
f 409/4245/4680 416/4350/4680 408/4093/4680
f 635/3905/4681 627/3980/4682 630/4381/4683
f 1165/4159/4684 1166/4382/4684 1164/4160/4684
f 535/3988/4652 533/4383/4685 530/4361/4653
f 535/3988/4597 532/4360/4686 531/4312/4598
f 597/4362/4687 596/4313/4687 595/4246/4687
f 2449/4384/4688 2437/4037/4688 2448/4315/4688
f 4325/4251/4689 4328/4364/4689 4324/4252/4689
f 3799/4385/4690 3787/4386/4691 3780/4269/4692
f 4214/4294/4693 4215/4387/4693 4217/4366/4693
f 4242/4368/4694 4232/3665/4575 4249/4297/4574
f 2876/4327/4695 2875/4388/4696 2882/4181/4620
f 2875/4388/4696 2888/4330/4618 2882/4181/4620
f 2972/4389/4697 2964/4298/4697 2986/4390/4697
f 2964/4298/4698 2972/4389/4698 2974/4230/4698
f 2974/4230/4699 2972/4389/4699 2973/4271/4699
f 3763/4391/4700 3762/4392/4700 3764/4393/4700
f 3803/3745/4701 3806/4301/4701 3798/4394/4701
f 2001/4395/4702 1986/4275/4588 2009/4304/4587
f 1306/4373/4703 1309/4396/4704 1307/4371/4705
f 1966/4341/4706 1967/4397/4706 1969/4398/4706
f 1485/4375/4707 1487/4374/4707 1486/4399/4707
f 1732/4400/4708 1733/4342/4708 1728/4401/4708
f 631/4146/4709 628/4402/4709 629/4380/4709
f 627/3980/4682 629/4380/4710 630/4381/4683
f 522/4403/4711 527/4352/4711 525/4404/4711
f 523/4203/4641 520/4351/4640 524/4353/4712
f 1038/4355/4713 1023/4026/4713 1024/4200/4713
f 1072/4405/4714 1075/4357/4714 1074/4285/4714
f 1168/4406/4715 1164/4160/4715 1166/4382/4715
f 2399/4407/4716 2397/4358/4649 2395/4286/4648
f 4325/4251/4717 4327/4408/4717 4328/4364/4717
f 4330/4319/4718 4326/4288/4718 4328/4364/4718
f 2935/4409/4719 2938/4410/4720 2937/4411/4721
f 3587/4412/4722 3569/4258/4722 3556/4413/4722
f 2938/4410/4720 2936/4414/4723 2937/4411/4721
f 3556/4413/4724 3569/4258/4724 3552/4292/4724
f 3780/4269/4692 3797/4415/4725 3799/4385/4690
f 2881/4416/4726 2873/4174/4726 2878/4365/4726
f 4264/4367/4727 4256/4296/4727 4261/4060/4727
f 2205/4417/4728 2180/4418/4728 2177/4329/4728
f 4264/4367/4660 4242/4368/4662 4249/4297/4729
f 4283/4331/4730 4295/4419/4730 4248/4177/4730
f 3761/4420/4731 3762/4392/4731 3763/4391/4731
f 157/4421/4732 162/4302/4733 148/4186/4624
f 3802/4422/4734 3803/3745/4386 3798/4394/4735
f 1214/4337/4666 1212/4423/4736 1213/4370/4667
f 1733/4342/4737 1730/4378/4737 1729/4424/4737
f 1726/4425/4738 1733/4342/4738 1729/4424/4738
f 1733/4342/4739 1726/4425/4739 1728/4401/4739
f 415/4426/4740 429/4236/4741 404/4348/4742
f 1771/4427/4743 1773/4428/4743 1770/4239/4743
f 1770/4239/4674 1773/4428/4744 1783/4379/4675
f 631/4146/4745 632/4429/4745 628/4402/4745
f 528/4430/4746 517/4431/4746 529/4432/4746
f 1079/4356/4747 1072/4405/4747 1073/4284/4747
f 1073/4284/4748 1072/4405/4749 1071/4433/4750
f 1074/4285/4751 1071/4433/4750 1072/4405/4749
f 1167/4434/4752 1168/4406/4752 1166/4382/4752
f 4216/4435/4753 4217/4366/4753 4215/4387/4753
f 2873/4174/4754 2881/4416/4755 2894/4436/4756
f 2976/3804/4542 2980/4324/4614 2979/4437/4757
f 3552/4292/4758 3550/3799/4031 3570/4438/4759
f 148/4186/4624 172/4332/4626 144/4439/4760
f 1212/4423/4761 1210/4440/4762 1213/4370/4763
f 82/4085/4764 134/4441/4764 124/4442/4764
f 134/4441/4765 138/4443/4765 124/4442/4765
f 1775/4444/4766 1773/4428/4766 1772/4445/4766
f 432/4446/4767 419/4136/4767 420/4447/4767
f 419/4136/4506 429/4236/4508 420/4447/4768
f 1771/4427/4769 1772/4445/4769 1773/4428/4769
f 1128/4346/4770 1138/4448/4770 1139/4349/4770
f 1136/4449/4771 1138/4448/4771 1128/4346/4771
f 634/4450/4772 633/4451/4772 632/4429/4772
f 633/4451/4773 628/4402/4773 632/4429/4773
f 405/4310/4594 408/4093/4458 416/4350/4774
f 1022/4452/4775 1032/4282/4776 1025/4152/4414
f 522/4403/4777 519/4453/4777 527/4352/4777
f 527/4352/4778 518/4454/4778 520/4351/4778
f 1025/4152/4414 1023/4026/4413 1022/4452/4775
f 524/4353/4779 517/4431/4779 528/4430/4779
f 289/4254/4560 305/4289/4562 287/4317/4780
f 3807/4455/4781 3788/4456/4781 3797/4415/4781
f 3797/4415/4725 3780/4269/4692 3807/4455/4782
f 4257/4322/4783 4268/4321/4783 4256/4296/4783
f 2873/4174/4754 2877/4457/4784 2876/4327/4785
f 2982/4458/4786 2979/4437/4757 2980/4324/4614
f 2180/4418/4787 2203/4459/4788 2177/4329/4789
f 2177/4329/4789 2203/4459/4788 2196/4227/4790
f 3570/4438/4759 3550/3799/4031 3547/4229/4495
f 2964/4298/4578 2976/3804/4542 2979/4437/4757
f 2876/4327/4695 2887/4460/4791 2875/4388/4696
f 1306/4373/4792 1310/4461/4792 1309/4396/4792
f 1492/4462/4793 1486/4399/4793 1488/4463/4793
f 1777/4464/4794 1769/4345/4794 1783/4379/4794
f 1138/4448/4795 1140/4465/4795 1139/4349/4795
f 405/4310/4796 416/4350/4797 407/4466/4798
f 3621/4467/4799 3623/4468/4800 3622/4469/4801
f 1023/4026/4802 1035/4470/4802 1022/4452/4802
f 517/4431/4803 524/4353/4712 520/4351/4640
f 297/4471/4804 287/4317/4804 305/4289/4804
f 297/4471/4805 305/4289/4805 308/4472/4805
f 3556/4413/4806 3552/4292/4807 3554/4473/4808
f 2988/4474/4809 2982/4458/4810 2983/4475/4811
f 2894/4436/4756 2877/4457/4784 2873/4174/4754
f 4256/4296/4812 4266/4476/4812 4257/4322/4812
f 4264/4367/4813 4266/4476/4813 4256/4296/4813
f 2754/4477/4814 2753/4478/4814 2751/4479/4814
f 2964/4298/4815 2965/4480/4815 2986/4390/4815
f 3804/4481/4816 3803/3745/4386 3802/4422/4734
f 95/4482/4817 89/4483/4817 85/4180/4817
f 3547/4229/4581 3546/4300/4580 3601/4484/4818
f 1313/4485/4819 1307/4371/4705 1309/4396/4704
f 1488/4463/4820 1486/4399/4820 1487/4374/4820
f 424/4486/4821 432/4446/4821 420/4447/4821
f 1774/4487/4822 1773/4428/4822 1775/4444/4822
f 420/4447/4823 429/4236/4741 415/4426/4740
f 1776/4488/4824 1777/4464/4825 1783/4379/4826
f 1141/4489/4827 1140/4465/4827 1138/4448/4827
f 1032/4282/4828 1022/4452/4828 1042/4490/4828
f 527/4352/4829 519/4453/4829 518/4454/4829
f 520/4351/4830 518/4454/4830 517/4431/4830
f 2988/4474/4809 2983/4475/4811 3001/4491/4831
f 2201/4262/4832 2200/4492/4832 2181/4493/4832
f 2200/4492/4833 2180/4418/4833 2181/4493/4833
f 2750/4494/4834 2752/4495/4834 2756/4496/4834
f 2750/4497/4835 2749/4498/4835 2755/4499/4835
f 2753/4478/4836 2748/4500/4836 2749/4498/4836
f 2001/4395/4837 1988/4501/4838 1984/4502/4839
f 2010/4503/4840 2001/4395/4702 2009/4304/4587
f 89/4483/4841 87/4504/4842 85/4180/4843
f 85/4180/4503 87/4504/4844 82/4085/4346
f 82/4085/4845 87/4504/4845 134/4441/4845
f 1311/4505/4846 1310/4461/4846 1316/4506/4846
f 1316/4506/4847 1314/4507/4847 1311/4505/4847
f 2585/4508/4848 2584/4509/4848 2583/4510/4848
f 1488/4463/4849 1487/4374/4849 1491/4511/4849
f 1774/4487/4850 1779/4512/4851 1773/4428/4852
f 1783/4379/4853 1773/4428/4854 1786/4513/4855
f 322/4514/4856 325/4515/4856 313/4516/4856
f 998/4517/4857 999/4518/4857 997/4519/4857
f 1032/4282/4858 1037/4520/4858 1036/4521/4858
f 1033/4522/4859 1037/4520/4859 1032/4282/4859
f 996/4523/4860 998/4517/4861 997/4519/4862
f 1033/4522/4863 1032/4282/4863 1042/4490/4863
f 313/4516/4864 323/4524/4864 322/4514/4864
f 3620/4525/4865 3619/4526/4865 3621/4467/4865
f 2202/4527/4866 2201/4262/4866 2189/4259/4866
f 3783/3881/4384 3803/3745/4386 3779/4528/4867
f 3548/4529/4868 3570/4438/4868 3547/4229/4868
f 2203/4459/4869 2178/4530/4869 2196/4227/4869
f 3803/3745/4386 3804/4481/4816 3779/4528/4867
f 144/4439/4870 172/4332/4870 173/4531/4870
f 1988/4501/4838 2001/4395/4837 2010/4503/4871
f 1212/4423/4761 1211/4532/4872 1210/4440/4762
f 1314/4507/4873 1312/4533/4873 1311/4505/4873
f 405/4310/4874 406/4534/4874 404/4348/4874
f 324/4535/4875 312/4536/4875 326/4537/4875
f 325/4515/4876 326/4537/4877 312/4536/4878
f 405/4310/4796 407/4466/4798 406/4534/4879
f 312/4536/4878 313/4516/4880 325/4515/4876
f 486/4538/4881 482/4539/4882 492/4540/4883
f 3623/4468/4884 3619/4526/4884 3616/4541/4884
f 3623/4468/4800 3621/4467/4799 3619/4526/4885
f 2907/4542/4886 2908/4543/4886 2909/4544/4886
f 2202/4527/4887 2200/4492/4887 2201/4262/4887
f 3602/4545/4888 3556/4413/4806 3554/4473/4808
f 3552/4292/4758 3570/4438/4759 3554/4473/4889
f 144/4439/4890 173/4531/4890 142/4546/4890
f 157/4421/4732 148/4186/4624 144/4439/4760
f 1984/4502/4839 1988/4501/4838 1983/4547/4891
f 1310/4461/4892 1311/4505/4892 1309/4396/4892
f 411/4548/4893 415/4426/4894 404/4348/4895
f 1773/4428/4854 1782/4549/4896 1786/4513/4855
f 404/4348/4895 410/4550/4897 411/4548/4893
f 404/4348/4898 406/4534/4898 410/4550/4898
f 997/4519/4862 1000/4551/4899 996/4523/4860
f 3398/4552/4900 3397/4553/4900 3399/4554/4900
f 3367/4555/4901 3368/4556/4901 3370/4557/4901
f 3782/4558/4902 3780/4269/4544 3783/3881/4546
f 2200/4492/4903 2203/4459/4788 2180/4418/4787
f 2204/4559/4904 2178/4530/4904 2203/4459/4904
f 2964/4298/4905 2967/4560/4905 2965/4480/4905
f 1779/4512/4851 1780/4561/4906 1773/4428/4852
f 484/4562/4907 482/4539/4907 483/4563/4907
f 494/4564/4908 490/4565/4908 486/4538/4908
f 323/4524/4909 313/4516/4909 316/4566/4909
f 3616/4541/4910 3617/4567/4910 3618/4568/4910
f 3616/4541/4911 3619/4526/4911 3617/4567/4911
f 2200/4492/4912 2197/4569/4912 2203/4459/4912
f 3570/4438/4913 3548/4529/4913 3588/4570/4913
f 1988/4501/4914 1982/4571/4914 1983/4547/4914
f 157/4421/4732 144/4439/4760 149/4572/4915
f 1309/4396/4916 1311/4505/4916 1317/4573/4916
f 1782/4549/4917 1785/4574/4917 1786/4513/4917
f 410/4550/4918 412/4575/4918 411/4548/4918
f 1677/4576/4919 1674/4577/4919 1673/4578/4919
f 312/4536/4920 324/4535/4920 321/4579/4920
f 481/4580/4921 482/4539/4882 486/4538/4881
f 494/4564/4922 495/4581/4922 490/4565/4922
f 2985/4582/4923 2979/4437/4923 2988/4474/4923
f 2988/4474/4924 2979/4437/4757 2982/4458/4786
f 3554/4473/4925 3570/4438/4925 3590/4583/4925
f 3808/4584/4926 3782/4558/4927 3783/3881/4384
f 156/4585/4928 157/4421/4929 149/4572/4930
f 1211/4532/4931 1209/4586/4931 1210/4440/4931
f 1317/4573/4932 1311/4505/4932 1308/4587/4932
f 2582/4588/4933 2577/4589/4933 2583/4510/4933
f 415/4426/4894 411/4548/4893 414/4590/4934
f 321/4579/4935 320/4591/4935 312/4536/4935
f 481/4580/4936 483/4563/4936 482/4539/4936
f 481/4580/4937 486/4538/4937 490/4565/4937
f 314/4592/4938 316/4566/4938 313/4516/4938
f 3807/4455/4939 3785/4593/4939 3778/4594/4939
f 3785/4593/4940 3807/4455/4940 3782/4558/4940
f 3780/4269/4544 3782/4558/4902 3807/4455/4941
f 2200/4492/4942 2198/4595/4942 2197/4569/4942
f 3554/4473/4943 3590/4583/4943 3553/4596/4943
f 2979/4437/4944 2991/4597/4944 2964/4298/4944
f 144/4439/4945 142/4546/4946 143/4598/4947
f 1210/4440/4948 1209/4586/4948 1208/4599/4948
f 2583/4510/4949 2577/4589/4949 2576/4600/4949
f 1773/4428/4950 1780/4561/4950 1781/4601/4950
f 481/4580/4951 480/4602/4952 483/4563/4953
f 3246/4603/4954 3244/4604/4954 3245/4605/4954
f 3591/4606/4955 3554/4473/4955 3553/4596/4955
f 168/4607/4956 167/4608/4957 169/4609/4958
f 143/4598/4959 169/4609/4958 167/4608/4957
f 87/4504/4842 89/4483/4841 110/4610/4960
f 2574/4611/4961 2576/4600/4961 2577/4589/4961
f 1317/4573/4962 1308/4587/4962 1318/4612/4962
f 2575/4613/4963 2579/4614/4963 2574/4611/4963
f 1773/4428/4964 1784/4615/4964 1782/4549/4964
f 2580/4616/4965 2578/4617/4965 2581/4618/4965
f 1676/4619/4966 1675/4620/4966 1672/4621/4966
f 1674/4577/4967 1670/4622/4967 1671/4623/4967
f 1674/4577/4968 1671/4623/4968 1673/4578/4968
f 481/4580/4969 490/4565/4969 491/4624/4969
f 313/4516/4970 317/4625/4970 314/4592/4970
f 3004/4626/4971 2979/4437/4971 2985/4582/4971
f 3782/4558/4972 3808/4584/4972 3784/4627/4972
f 2991/4597/4973 2961/4628/4974 2964/4298/4975
f 2961/4628/4974 2966/4629/4976 2964/4298/4975
f 1988/4501/4977 1980/4630/4977 1982/4571/4977
f 110/4610/4978 84/4631/4978 87/4504/4978
f 2577/4589/4979 2581/4618/4980 2578/4617/4981
f 1670/4622/4982 1672/4621/4982 1671/4623/4982
f 1987/4632/4983 1981/4633/4983 1976/4634/4983
f 170/4635/4984 175/4636/4984 167/4608/4984
f 175/4636/4985 177/4637/4986 167/4608/4957
f 86/4638/4987 87/4504/4988 84/4631/4989
f 2574/4611/4990 2577/4589/4979 2578/4617/4981
f 2574/4611/4991 2578/4617/4991 2575/4613/4991
f 1675/4620/4992 1671/4623/4992 1672/4621/4992
f 488/4639/4993 493/4640/4993 487/4641/4993
f 488/4639/4994 487/4641/4994 480/4602/4994
f 489/4642/4995 480/4602/4952 481/4580/4951
f 312/4536/4996 315/4643/4996 319/4644/4996
f 312/4536/4878 319/4644/4997 313/4516/4880
f 313/4516/4880 319/4644/4997 317/4625/4998
f 3092/4645/4999 3093/4646/4999 3094/4647/4999
f 177/4637/4986 143/4598/4959 167/4608/4957
f 1979/4648/5000 1980/4630/5001 1981/4633/5002
f 320/4591/5003 318/4649/5003 312/4536/5003
f 488/4639/5004 480/4602/5004 489/4642/5004
f 318/4649/5005 315/4643/5005 312/4536/5005
f 176/4650/5006 177/4637/5006 175/4636/5006
f 3000/4651/5007 2991/4597/5007 2979/4437/5007
f 1978/4652/5008 1976/4634/5009 1981/4633/5010
f 2991/4597/5011 2968/4653/5011 2961/4628/5011
f 144/4439/4945 143/4598/4947 177/4637/5012
f 1980/4630/5013 1988/4501/5014 1981/4633/5015
f 1204/4654/5016 1208/4599/5016 1209/4586/5016
f 3800/4655/5017 3779/4528/4867 3804/4481/4816
f 164/4656/5018 156/4585/5018 149/4572/5018
f 3854/4657/5019 3855/4658/5019 3856/4659/5019
f 3808/4584/4926 3783/3881/4384 3779/4528/4867
f 1204/4654/5020 1209/4586/5020 1207/4660/5020
f 144/4439/4760 177/4637/5021 159/4661/5022
f 1978/4652/5008 1981/4633/5010 2016/4662/5023
f 1981/4633/5015 1988/4501/5014 2016/4662/5024
f 159/4661/5022 149/4572/4915 144/4439/4760
f 149/4572/5025 151/4663/5026 164/4656/5027
f 121/4664/5028 87/4504/4988 96/4665/5029
f 2963/4666/5030 2961/4628/5030 2968/4653/5030
f 159/4661/5031 163/4667/5032 149/4572/5025
f 1988/4501/5033 2011/4668/5033 2014/4669/5033
f 1204/4654/5034 1207/4660/5035 1206/4670/5036
f 159/4661/5037 177/4637/5037 178/4671/5037
f 1977/4672/5038 1978/4652/5038 2016/4662/5038
f 2959/4673/5039 2961/4628/5040 2963/4666/5041
f 2011/4668/5042 2013/4674/5042 2014/4669/5042
f 3801/4675/5043 3779/4528/5043 3800/4655/5043
f 86/4638/5044 117/4676/5045 96/4665/5046
f 3791/4677/5047 3814/4678/5048 3808/4584/5049
f 3808/4584/5050 3779/4528/5050 3801/4675/5050
f 3808/4584/5049 3801/4675/5051 3791/4677/5047
f 117/4676/5045 109/4679/5052 96/4665/5046
f 2014/4669/5053 2016/4662/5054 1988/4501/5055
f 96/4665/5029 87/4504/4988 86/4638/4987
f 2000/4680/5056 2016/4662/5054 2014/4669/5053
f 2962/4681/5057 2959/4673/5057 2960/4682/5057
f 3791/4677/5058 3801/4675/5058 3795/4683/5058
f 174/4684/5059 149/4572/5025 163/4667/5032
f 1203/4685/5060 1206/4670/5060 1205/4686/5060
f 1205/4686/5061 1206/4670/5036 1207/4660/5035
f 103/4687/5062 133/4688/5062 123/4689/5062
f 121/4664/5063 133/4688/5063 103/4687/5063
f 171/4690/5064 174/4684/5064 163/4667/5064
f 3513/4691/5065 3512/4692/5065 3514/4693/5065
f 149/4572/5025 174/4684/5059 151/4663/5026
f 133/4688/5066 121/4664/5066 139/4694/5066
f 3795/4683/5067 3801/4675/5067 3796/4695/5067
f 151/4663/5068 174/4684/5069 152/4696/5070
f 96/4665/5071 139/4694/5071 121/4664/5071
f 139/4694/5072 126/4697/5072 133/4688/5072
f 126/4697/5073 137/4698/5073 133/4688/5073
f 105/4699/5074 139/4694/5074 96/4665/5074
l 3086 3090
l 4571 4570
l 3122 3123
l 3661 3660
l 2831 2832
l 623 616
l 3087 3088
l 3149 3150
l 3877 3878
l 2947 2948
l 4601 4600
l 3891 3892
l 2643 2644
l 3849 3848
l 4423 4424
l 4412 4411
l 3982 3981
l 3656 3657
l 2951 2952
l 2799 2798
l 3252 3253
l 5531 5532
l 3870 3869
l 2830 2829
l 4302 4301
l 4016 4017
l 2042 2041
l 2041 2043
l 4607 4606
l 4622 4623
l 4418 4417
l 3650 3643
l 3280 3279
l 3868 3867
l 4037 4038
l 3362 3363
l 3916 3915
l 1766 1748
l 3882 3881
l 5376 5377
l 4314 4313
l 3525 3524
l 3390 3389
l 3411 3410
l 3832 3833
l 3646 3651
l 2639 2637
l 3084 3085
l 2545 2544
l 2940 2939
l 2638 2639
l 5507 5506
l 2912 2913
l 2942 2941
l 2730 2729
l 4403 4404
l 2784 2783
l 5559 5560
l 2765 2767
l 2098 2097
l 2738 2739
l 5527 5528
l 919 916
l 4531 4498
l 3716 3717
l 5049 5048
l 4576 4577
l 4572 4573
l 4312 4311
l 4487 4529
l 5548 5547
l 4599 4598
l 4621 4620
l 3312 3313
l 5546 5545
l 5381 5383
l 4628 4629
l 4575 4574
l 4633 4634
l 1586 1585
l 3394 3393
l 2839 2840
l 4303 4304
l 5564 5565
l 252 253
l 4627 4626
l 4609 4608
l 5540 5539
l 5543 5544
l 5515 5514
l 3239 3240
l 5085 5086
l 5468 5469
l 2842 2846
l 5567 5566
l 3537 3538
l 3658 3659
l 3006 3007
l 4337 4338
l 4317 4318
l 4092 4091
l 3140 3139
l 5100 5099
l 5463 5357
l 5234 5233
l 5220 5221
l 5482 5483
l 5068 5067
l 2692 2691
l 4635 4636
l 3419 3420
l 5724 5723
l 2775 2776
l 5226 5225
l 5223 5224
l 5202 5179
l 3937 3938
l 3893 3894
l 3626 3627
l 3538 3536
l 3875 3876
l 3455 3454
l 5722 5721
l 5720 5719
l 4319 4320
l 4343 4344
l 4395 4396
l 5551 5552
l 5399 5398
l 1570 1582
l 5237 5238
l 5056 5057
l 4625 4624
l 4479 4550
l 3977 3978
l 4342 4341
l 3612 3613
l 5392 5415
l 4589 4590
l 4542 4465
l 5236 5235
l 4986 4978
l 5059 5058
l 3668 3669
l 4425 4426
l 3853 3852
l 2845 2855
l 4617 4616
l 5475 5476
l 472 468
l 4182 4183
l 3408 3409
l 5107 5108
l 2276 2275
l 3314 3315
l 5064 5063
l 3412 3413
l 3625 3624
l 4001 4002
l 5066 5065
l 4020 4021
l 3920 3919
l 3609 3608
l 5070 5069
l 5473 5474
l 5478 5477
l 4158 4157
l 4100 4099
l 3828 3829
l 1 2
l 3899 3900
l 2743 2742
l 4094 4093
l 3858 3857
l 4205 4204
l 5712 5713
l 4444 4443
l 5240 5239
l 3983 3984
l 938 940
l 4778 4779
l 5717 5718
l 4194 4195
l 4556 4557
l 4201 4200
l 5212 5213
l 4159 4160
l 5242 5241
l 2690 2689
l 2595 2596
l 3897 3898
l 4409 4410
l 5730 5729
l 5106 5105
l 4047 4048
l 2741 2740
l 3676 3677
l 3364 3365
l 4619 4618
l 3725 3724
l 3684 3683
l 4040 4039
l 2595 2597
l 5731 5732
l 5726 5725
l 5727 5728
l 3639 3638
l 4434 4433
l 3655 3654
l 4155 4156
l 4415 4416
l 4781 4780
l 4774 4775
l 3510 3511
l 5569 5568
l 5541 5542
l 3147 3148
l 3291 3292
l 5077 5078
l 4170 4171
l 4407 4408
l 5103 5104
l 5329 5354
l 5096 5095
l 5097 5098
l 4131 4132
l 5109 5110
l 5549 5550
l 3301 3300
l 5080 5079
l 5490 5491
l 3382 3383
l 4364 4363
l 4436 4435
l 3775 3773
l 5530 5529
l 5345 5347
l 2410 2411
l 3427 3428
l 3652 3653
l 5101 5102
l 4776 4777
l 2562 2560
l 4124 4123
l 3752 3753
l 3773 3774
l 852 853
l 4374 4373
l 2562 2561
l 5619 5618
l 2620 2619
l 3304 3305
l 2833 2834
l 2645 2646
l 5517 5516
l 3526 3527
l 2794 2793
l 5510 5511
l 2247 2246
l 3859 3860
l 4175 4174
l 4175 4176
l 3509 3458
l 3354 3355
l 4366 4365
l 3629 3628
l 3316 3317
l 826 827
l 4031 4032
l 3670 3671
l 2811 2810
l 2777 2778
l 5084 5083
l 5512 5513
l 5508 5509
l 683 684
l 3241 3242
l 3826 3827
l 3889 3890
l 4012 4013
l 4022 4023
l 4045 4046
l 4735 4734
l 4362 4361
l 4310 4309
l 796 797
l 3241 3243
l 4737 4736
l 4739 4738
l 2537 2532
l 2945 2946
l 1634 1635
l 3843 3840
l 1635 1631
l 1631 1632
l 3841 3842
l 1632 1633
l 4367 4368
l 4913 4914
l 4740 4741
l 2654 2649
l 2654 2651
l 4153 4154
l 4192 4193
l 4149 4150
l 4202 4203
l 2835 2836
l 2625 2624
l 4121 4122
l 4742 4743
l 2532 2531
l 3374 3373
l 4437 4438
l 4027 4028
l 4190 4191
l 4902 4906
l 4744 4745
l 3079 3080
l 4025 4024
l 4095 4096
l 4125 4126
l 4907 4903
l 2418 2417
l 4173 4172
l 2762 2761
l 2525 2526
l 3874 3873
l 3666 3667
l 1963 1961
l 1961 1962
l 1666 1667
l 2504 2505
l 3053 3071
l 3872 3871
l 4060 4061
l 3821 3820
l 4147 4148
l 4033 4034
l 3146 3145
l 4877 4876
l 4942 4917
l 3129 3130
l 2737 2735
l 4942 4943
l 3776 3777
l 4872 4873
l 4882 4883
l 4862 4859
l 3768 3767
l 3101 3099
l 2735 2736
l 1925 1924
l 2870 2869
l 2044 2045
l 4878 4879
l 3310 3311
l 3325 3324
l 2779 2780
l 2896 2897
l 4429 4430
l 4383 4384
l 4899 4898
l 4372 4371
l 4348 4349
l 3534 3535
l 4441 4442
l 5301 5302
l 2259 2258
l 2837 2838
l 3765 3766
l 4880 4881
l 4355 4356
l 3722 3723
l 3453 3452
l 4901 4900
l 4865 4864
l 4427 4428
l 2528 2527
l 5735 5736
l 5734 5733
l 5736 5737
l 3008 3009
l 4353 4354
l 4875 4874
l 2788 2787
l 3255 3254
l 4887 4886
l 5738 5739
l 2785 2786
l 3862 3861
l 4307 4308
l 4861 4860
l 1105 1106
l 4300 4299
l 2958 2956
l 4339 4340
l 3322 3323
l 2415 2416
l 2420 2419
l 3747 3746
l 2030 2031
l 2723 2722
l 3025 3012
l 2722 2724
l 3387 3388
l 3863 3864
l 2955 2956
l 2957 2953
l 4389 4390
l 4888 4889
l 451 450
l 4399 4400
l 4831 4856
l 4885 4884
l 4406 4405
l 2421 2423
l 5745 5744
l 5741 5740
l 4825 4824
l 2117 2116
l 5 6
l 3320 3321
l 862 867
l 2424 2421
l 1797 1799
l 2023 2029
l 1333 1334
l 3187 3186
l 5742 5743
l 5746 5747
l 5300 5299
l 5148 5149
l 3824 3825
l 3318 3319
l 1797 1796
l 4151 4152
l 3817 3816
l 3261 3262
l 1346 1350
l 3749 3748
l 2424 2425
l 2360 2362
l 2362 2363
l 5707 5708
l 2176 2175
l 4058 4059
l 3338 3337
l 2744 2745
l 3844 3845
l 3771 3772
l 866 867
l 2359 2360
l 2127 2135
l 5703 5704
l 2524 2523
l 1945 1944
l 4651 4650
l 3395 3396
l 2359 2358
l 1792 1802
l 5705 5706
l 3 4
l 4794 4787
l 2358 2361
l 4380 4379
l 2431 2430
l 4097 4098
l 4068 4069
l 4178 4177
l 4166 4167
l 4357 4358
l 4814 4813
l 4799 4798
l 4815 4816
l 4820 4819
l 3096 3095
l 1650 1651
l 3880 3879
l 3120 3121
l 3303 3302
l 4359 4360
l 4817 4818
l 2568 2569
l 4385 4386
l 4189 4188
l 3598 3604
l 5283 5284
l 2569 2570
l 4239 4251
l 5698 5699
l 5290 5289
l 2330 2329
l 3483 3485
l 587 588
l 2915 2914
l 5603 5605
l 4044 4043
l 2906 2905
l 3887 3888
l 2919 2922
l 3850 3851
l 2373 2372
l 3418 3417
l 3835 3834
l 3917 3918
l 2812 2813
l 4393 4394
l 4378 4377
l 3835 3836
l 4375 4376
l 5652 5651
l 3794 3805
l 4419 4420
l 5607 5606
l 3998 3997
l 3005 3003
l 3307 3306
l 3818 3819
l 5297 5298
l 5287 5288
l 5595 5597
l 4103 4104
l 3128 3127
l 4000 3999
l 4101 4102
l 5620 5621
l 4018 4019
l 5156 5157
l 3309 3308
l 3142 3141
l 3720 3721
l 4370 4369
l 5622 5623
l 3979 3980
l 3539 3540
l 993 990
l 2311 2310
l 5658 5659
l 4431 4432
l 3895 3896
l 3995 3996
l 3636 3637
l 5285 5286
l 5159 5158
l 2641 2640
l 4014 4015
l 3611 3610
l 5654 5653
l 2521 2522
l 4041 4042
l 5160 5161
l 4345 4347
l 3614 3615
l 3424 3421
l 2640 2642
l 2426 2429
l 4413 4414
l 2277 2278
l 3402 3403
l 5609 5608
l 3335 3336
l 4387 4388
l 4346 4347
l 3372 3371
l 3401 3402
l 5630 5647
l 3719 3718
l 2270 2269
l 2720 2721
l 4391 4392
l 3693 3692
l 3692 3691
l 3293 3294
l 3830 3831
l 3400 3401
l 2684 2685
l 2805 2809
l 4402 4401
l 4305 4306
l 4003 4004
l 1767 1778
l 3260 3259
l 963 966
l 3866 3865
l 3681 3682
l 2529 2530
l 3278 3275
l 3532 3533
l 2900 2899
l 3375 3376
l 2878 2889
l 1968 1965
l 1731 1727
l 4185 4184
l 4198 4199
l 4187 4186
l 4196 4197
l 3277 3276
l 3278 3277
l 2681 2682
l 1934 1933
l 3352 3353
l 1735 1732
l 2681 2683
l 1943 1934
l 1940 1943
l 2827 2828
l 4315 4316
l 3233 3234
l 2401 2400
l 2747 2746
l 1941 1940
l 2746 2754
l 3366 3367
l 3902 3901
l 492 485
l 2748 2755
l 4439 4440
l 4381 4382
l 3247 3248
l 3132 3131
l 3368 3369
l 2944 2943
l 3913 3914
l 2647 2648
l 2792 2791
l 2781 2782
l 2791 2789
l 2789 2790
l 3377 3378
l 2598 2599
l 417 414
l 3751 3750
l 3822 3823
l 2019 1987
l 4398 4397
l 2507 2506
l 3281 3282
l 3144 3143
l 2969 2963
l 4035 4036
l 3846 3847
l 3688 3687
l 3270 3269
l 3269 3271
l 2609 2610
l 2858 2857
l 3686 3685
l 3770 3769
l 140 105
l 4421 4422
